Hour,Type,Value
0.0,A1_Negative_Control,23
0.25,A1_Negative_Control,23
0.5,A1_Negative_Control,21
0.75,A1_Negative_Control,25
1.0,A1_Negative_Control,25
1.25,A1_Negative_Control,24
1.5,A1_Negative_Control,29
1.75,A1_Negative_Control,26
2.0,A1_Negative_Control,28
2.25,A1_Negative_Control,25
2.5,A1_Negative_Control,26
2.75,A1_Negative_Control,24
3.0,A1_Negative_Control,23
3.25,A1_Negative_Control,27
3.5,A1_Negative_Control,27
3.75,A1_Negative_Control,28
4.0,A1_Negative_Control,27
4.25,A1_Negative_Control,29
4.5,A1_Negative_Control,30
4.75,A1_Negative_Control,30
5.0,A1_Negative_Control,29
5.25,A1_Negative_Control,34
5.5,A1_Negative_Control,37
5.75,A1_Negative_Control,34
6.0,A1_Negative_Control,28
6.25,A1_Negative_Control,42
6.5,A1_Negative_Control,34
6.75,A1_Negative_Control,40
7.0,A1_Negative_Control,35
7.25,A1_Negative_Control,38
7.5,A1_Negative_Control,37
7.75,A1_Negative_Control,42
8.0,A1_Negative_Control,36
8.25,A1_Negative_Control,37
8.5,A1_Negative_Control,35
8.75,A1_Negative_Control,34
9.0,A1_Negative_Control,41
9.25,A1_Negative_Control,42
9.5,A1_Negative_Control,39
9.75,A1_Negative_Control,40
10.0,A1_Negative_Control,43
10.25,A1_Negative_Control,41
10.5,A1_Negative_Control,42
10.75,A1_Negative_Control,42
11.0,A1_Negative_Control,40
11.25,A1_Negative_Control,45
11.5,A1_Negative_Control,36
11.75,A1_Negative_Control,39
12.0,A1_Negative_Control,43
12.25,A1_Negative_Control,42
12.5,A1_Negative_Control,43
12.75,A1_Negative_Control,45
13.0,A1_Negative_Control,43
13.25,A1_Negative_Control,47
13.5,A1_Negative_Control,46
13.75,A1_Negative_Control,48
14.0,A1_Negative_Control,41
14.25,A1_Negative_Control,43
14.5,A1_Negative_Control,43
14.75,A1_Negative_Control,41
15.0,A1_Negative_Control,46
15.25,A1_Negative_Control,47
15.5,A1_Negative_Control,46
15.75,A1_Negative_Control,50
16.0,A1_Negative_Control,40
16.25,A1_Negative_Control,40
16.5,A1_Negative_Control,49
16.75,A1_Negative_Control,51
17.0,A1_Negative_Control,47
17.25,A1_Negative_Control,53
17.5,A1_Negative_Control,47
17.75,A1_Negative_Control,46
18.0,A1_Negative_Control,43
18.25,A1_Negative_Control,49
18.5,A1_Negative_Control,53
18.75,A1_Negative_Control,49
19.0,A1_Negative_Control,52
19.25,A1_Negative_Control,49
19.5,A1_Negative_Control,50
19.75,A1_Negative_Control,52
20.0,A1_Negative_Control,50
20.25,A1_Negative_Control,51
20.5,A1_Negative_Control,51
20.75,A1_Negative_Control,57
21.0,A1_Negative_Control,43
21.25,A1_Negative_Control,46
21.5,A1_Negative_Control,49
21.75,A1_Negative_Control,51
22.0,A1_Negative_Control,52
22.25,A1_Negative_Control,57
22.5,A1_Negative_Control,50
22.75,A1_Negative_Control,55
23.0,A1_Negative_Control,53
23.25,A1_Negative_Control,51
23.5,A1_Negative_Control,48
23.75,A1_Negative_Control,50
24.0,A1_Negative_Control,52
24.25,A1_Negative_Control,52
24.5,A1_Negative_Control,58
24.75,A1_Negative_Control,55
25.0,A1_Negative_Control,53
25.25,A1_Negative_Control,54
25.5,A1_Negative_Control,52
25.75,A1_Negative_Control,56
26.0,A1_Negative_Control,51
26.25,A1_Negative_Control,52
26.5,A1_Negative_Control,55
26.75,A1_Negative_Control,56
27.0,A1_Negative_Control,56
27.25,A1_Negative_Control,55
27.5,A1_Negative_Control,54
27.75,A1_Negative_Control,52
28.0,A1_Negative_Control,56
28.25,A1_Negative_Control,56
28.5,A1_Negative_Control,52
28.75,A1_Negative_Control,52
29.0,A1_Negative_Control,55
29.25,A1_Negative_Control,54
29.5,A1_Negative_Control,52
29.75,A1_Negative_Control,55
30.0,A1_Negative_Control,54
30.25,A1_Negative_Control,56
30.5,A1_Negative_Control,52
30.75,A1_Negative_Control,54
31.0,A1_Negative_Control,60
31.25,A1_Negative_Control,54
31.5,A1_Negative_Control,55
31.75,A1_Negative_Control,56
32.0,A1_Negative_Control,52
32.25,A1_Negative_Control,54
32.5,A1_Negative_Control,60
32.75,A1_Negative_Control,61
33.0,A1_Negative_Control,58
33.25,A1_Negative_Control,53
33.5,A1_Negative_Control,55
33.75,A1_Negative_Control,59
34.0,A1_Negative_Control,57
34.25,A1_Negative_Control,50
34.5,A1_Negative_Control,54
34.75,A1_Negative_Control,55
35.0,A1_Negative_Control,57
35.25,A1_Negative_Control,54
35.5,A1_Negative_Control,57
35.75,A1_Negative_Control,57
36.0,A1_Negative_Control,56
36.25,A1_Negative_Control,59
36.5,A1_Negative_Control,56
36.75,A1_Negative_Control,61
37.0,A1_Negative_Control,53
37.25,A1_Negative_Control,58
37.5,A1_Negative_Control,57
37.75,A1_Negative_Control,59
38.0,A1_Negative_Control,59
38.25,A1_Negative_Control,58
38.5,A1_Negative_Control,61
38.75,A1_Negative_Control,61
39.0,A1_Negative_Control,62
39.25,A1_Negative_Control,61
39.5,A1_Negative_Control,62
39.75,A1_Negative_Control,54
40.0,A1_Negative_Control,56
40.25,A1_Negative_Control,57
40.5,A1_Negative_Control,60
40.75,A1_Negative_Control,57
41.0,A1_Negative_Control,57
41.25,A1_Negative_Control,59
41.5,A1_Negative_Control,58
41.75,A1_Negative_Control,58
42.0,A1_Negative_Control,59
42.25,A1_Negative_Control,60
42.5,A1_Negative_Control,56
42.75,A1_Negative_Control,57
43.0,A1_Negative_Control,59
43.25,A1_Negative_Control,57
43.5,A1_Negative_Control,59
43.75,A1_Negative_Control,61
44.0,A1_Negative_Control,62
44.25,A1_Negative_Control,54
44.5,A1_Negative_Control,55
44.75,A1_Negative_Control,59
45.0,A1_Negative_Control,57
45.25,A1_Negative_Control,62
45.5,A1_Negative_Control,61
45.75,A1_Negative_Control,58
46.0,A1_Negative_Control,60
46.25,A1_Negative_Control,63
46.5,A1_Negative_Control,64
46.75,A1_Negative_Control,59
47.0,A1_Negative_Control,65
47.25,A1_Negative_Control,59
47.5,A1_Negative_Control,0
0.0,A2_L-Arabinose,45
0.25,A2_L-Arabinose,47
0.5,A2_L-Arabinose,48
0.75,A2_L-Arabinose,54
1.0,A2_L-Arabinose,53
1.25,A2_L-Arabinose,51
1.5,A2_L-Arabinose,60
1.75,A2_L-Arabinose,52
2.0,A2_L-Arabinose,56
2.25,A2_L-Arabinose,56
2.5,A2_L-Arabinose,56
2.75,A2_L-Arabinose,55
3.0,A2_L-Arabinose,57
3.25,A2_L-Arabinose,54
3.5,A2_L-Arabinose,55
3.75,A2_L-Arabinose,59
4.0,A2_L-Arabinose,56
4.25,A2_L-Arabinose,60
4.5,A2_L-Arabinose,62
4.75,A2_L-Arabinose,56
5.0,A2_L-Arabinose,61
5.25,A2_L-Arabinose,62
5.5,A2_L-Arabinose,57
5.75,A2_L-Arabinose,63
6.0,A2_L-Arabinose,60
6.25,A2_L-Arabinose,60
6.5,A2_L-Arabinose,60
6.75,A2_L-Arabinose,63
7.0,A2_L-Arabinose,58
7.25,A2_L-Arabinose,59
7.5,A2_L-Arabinose,60
7.75,A2_L-Arabinose,63
8.0,A2_L-Arabinose,60
8.25,A2_L-Arabinose,63
8.5,A2_L-Arabinose,62
8.75,A2_L-Arabinose,60
9.0,A2_L-Arabinose,66
9.25,A2_L-Arabinose,62
9.5,A2_L-Arabinose,64
9.75,A2_L-Arabinose,64
10.0,A2_L-Arabinose,67
10.25,A2_L-Arabinose,67
10.5,A2_L-Arabinose,67
10.75,A2_L-Arabinose,66
11.0,A2_L-Arabinose,67
11.25,A2_L-Arabinose,70
11.5,A2_L-Arabinose,69
11.75,A2_L-Arabinose,69
12.0,A2_L-Arabinose,70
12.25,A2_L-Arabinose,72
12.5,A2_L-Arabinose,73
12.75,A2_L-Arabinose,76
13.0,A2_L-Arabinose,72
13.25,A2_L-Arabinose,76
13.5,A2_L-Arabinose,79
13.75,A2_L-Arabinose,85
14.0,A2_L-Arabinose,83
14.25,A2_L-Arabinose,82
14.5,A2_L-Arabinose,84
14.75,A2_L-Arabinose,85
15.0,A2_L-Arabinose,89
15.25,A2_L-Arabinose,94
15.5,A2_L-Arabinose,90
15.75,A2_L-Arabinose,99
16.0,A2_L-Arabinose,100
16.25,A2_L-Arabinose,97
16.5,A2_L-Arabinose,102
16.75,A2_L-Arabinose,108
17.0,A2_L-Arabinose,110
17.25,A2_L-Arabinose,116
17.5,A2_L-Arabinose,117
17.75,A2_L-Arabinose,122
18.0,A2_L-Arabinose,127
18.25,A2_L-Arabinose,127
18.5,A2_L-Arabinose,132
18.75,A2_L-Arabinose,137
19.0,A2_L-Arabinose,137
19.25,A2_L-Arabinose,138
19.5,A2_L-Arabinose,143
19.75,A2_L-Arabinose,150
20.0,A2_L-Arabinose,152
20.25,A2_L-Arabinose,155
20.5,A2_L-Arabinose,157
20.75,A2_L-Arabinose,166
21.0,A2_L-Arabinose,160
21.25,A2_L-Arabinose,165
21.5,A2_L-Arabinose,167
21.75,A2_L-Arabinose,172
22.0,A2_L-Arabinose,174
22.25,A2_L-Arabinose,180
22.5,A2_L-Arabinose,181
22.75,A2_L-Arabinose,184
23.0,A2_L-Arabinose,191
23.25,A2_L-Arabinose,192
23.5,A2_L-Arabinose,189
23.75,A2_L-Arabinose,192
24.0,A2_L-Arabinose,196
24.25,A2_L-Arabinose,201
24.5,A2_L-Arabinose,204
24.75,A2_L-Arabinose,208
25.0,A2_L-Arabinose,211
25.25,A2_L-Arabinose,210
25.5,A2_L-Arabinose,214
25.75,A2_L-Arabinose,221
26.0,A2_L-Arabinose,214
26.25,A2_L-Arabinose,220
26.5,A2_L-Arabinose,222
26.75,A2_L-Arabinose,228
27.0,A2_L-Arabinose,228
27.25,A2_L-Arabinose,233
27.5,A2_L-Arabinose,229
27.75,A2_L-Arabinose,228
28.0,A2_L-Arabinose,235
28.25,A2_L-Arabinose,235
28.5,A2_L-Arabinose,239
28.75,A2_L-Arabinose,241
29.0,A2_L-Arabinose,246
29.25,A2_L-Arabinose,244
29.5,A2_L-Arabinose,245
29.75,A2_L-Arabinose,249
30.0,A2_L-Arabinose,248
30.25,A2_L-Arabinose,253
30.5,A2_L-Arabinose,249
30.75,A2_L-Arabinose,251
31.0,A2_L-Arabinose,255
31.25,A2_L-Arabinose,257
31.5,A2_L-Arabinose,257
31.75,A2_L-Arabinose,255
32.0,A2_L-Arabinose,258
32.25,A2_L-Arabinose,262
32.5,A2_L-Arabinose,261
32.75,A2_L-Arabinose,263
33.0,A2_L-Arabinose,262
33.25,A2_L-Arabinose,263
33.5,A2_L-Arabinose,267
33.75,A2_L-Arabinose,269
34.0,A2_L-Arabinose,266
34.25,A2_L-Arabinose,260
34.5,A2_L-Arabinose,267
34.75,A2_L-Arabinose,271
35.0,A2_L-Arabinose,271
35.25,A2_L-Arabinose,268
35.5,A2_L-Arabinose,272
35.75,A2_L-Arabinose,268
36.0,A2_L-Arabinose,270
36.25,A2_L-Arabinose,271
36.5,A2_L-Arabinose,271
36.75,A2_L-Arabinose,272
37.0,A2_L-Arabinose,273
37.25,A2_L-Arabinose,272
37.5,A2_L-Arabinose,274
37.75,A2_L-Arabinose,274
38.0,A2_L-Arabinose,275
38.25,A2_L-Arabinose,273
38.5,A2_L-Arabinose,275
38.75,A2_L-Arabinose,273
39.0,A2_L-Arabinose,274
39.25,A2_L-Arabinose,277
39.5,A2_L-Arabinose,276
39.75,A2_L-Arabinose,277
40.0,A2_L-Arabinose,276
40.25,A2_L-Arabinose,278
40.5,A2_L-Arabinose,277
40.75,A2_L-Arabinose,277
41.0,A2_L-Arabinose,277
41.25,A2_L-Arabinose,277
41.5,A2_L-Arabinose,279
41.75,A2_L-Arabinose,277
42.0,A2_L-Arabinose,278
42.25,A2_L-Arabinose,278
42.5,A2_L-Arabinose,277
42.75,A2_L-Arabinose,276
43.0,A2_L-Arabinose,280
43.25,A2_L-Arabinose,277
43.5,A2_L-Arabinose,276
43.75,A2_L-Arabinose,281
44.0,A2_L-Arabinose,282
44.25,A2_L-Arabinose,281
44.5,A2_L-Arabinose,283
44.75,A2_L-Arabinose,281
45.0,A2_L-Arabinose,284
45.25,A2_L-Arabinose,280
45.5,A2_L-Arabinose,280
45.75,A2_L-Arabinose,280
46.0,A2_L-Arabinose,279
46.25,A2_L-Arabinose,279
46.5,A2_L-Arabinose,280
46.75,A2_L-Arabinose,276
47.0,A2_L-Arabinose,276
47.25,A2_L-Arabinose,277
47.5,A2_L-Arabinose,0
0.0,A3_N-Acetyl-D_Glucosamine,15
0.25,A3_N-Acetyl-D_Glucosamine,11
0.5,A3_N-Acetyl-D_Glucosamine,11
0.75,A3_N-Acetyl-D_Glucosamine,11
1.0,A3_N-Acetyl-D_Glucosamine,11
1.25,A3_N-Acetyl-D_Glucosamine,11
1.5,A3_N-Acetyl-D_Glucosamine,11
1.75,A3_N-Acetyl-D_Glucosamine,11
2.0,A3_N-Acetyl-D_Glucosamine,11
2.25,A3_N-Acetyl-D_Glucosamine,11
2.5,A3_N-Acetyl-D_Glucosamine,11
2.75,A3_N-Acetyl-D_Glucosamine,11
3.0,A3_N-Acetyl-D_Glucosamine,11
3.25,A3_N-Acetyl-D_Glucosamine,11
3.5,A3_N-Acetyl-D_Glucosamine,11
3.75,A3_N-Acetyl-D_Glucosamine,11
4.0,A3_N-Acetyl-D_Glucosamine,11
4.25,A3_N-Acetyl-D_Glucosamine,12
4.5,A3_N-Acetyl-D_Glucosamine,11
4.75,A3_N-Acetyl-D_Glucosamine,15
5.0,A3_N-Acetyl-D_Glucosamine,13
5.25,A3_N-Acetyl-D_Glucosamine,17
5.5,A3_N-Acetyl-D_Glucosamine,19
5.75,A3_N-Acetyl-D_Glucosamine,21
6.0,A3_N-Acetyl-D_Glucosamine,20
6.25,A3_N-Acetyl-D_Glucosamine,23
6.5,A3_N-Acetyl-D_Glucosamine,23
6.75,A3_N-Acetyl-D_Glucosamine,29
7.0,A3_N-Acetyl-D_Glucosamine,33
7.25,A3_N-Acetyl-D_Glucosamine,31
7.5,A3_N-Acetyl-D_Glucosamine,36
7.75,A3_N-Acetyl-D_Glucosamine,45
8.0,A3_N-Acetyl-D_Glucosamine,45
8.25,A3_N-Acetyl-D_Glucosamine,47
8.5,A3_N-Acetyl-D_Glucosamine,52
8.75,A3_N-Acetyl-D_Glucosamine,53
9.0,A3_N-Acetyl-D_Glucosamine,58
9.25,A3_N-Acetyl-D_Glucosamine,59
9.5,A3_N-Acetyl-D_Glucosamine,62
9.75,A3_N-Acetyl-D_Glucosamine,67
10.0,A3_N-Acetyl-D_Glucosamine,67
10.25,A3_N-Acetyl-D_Glucosamine,70
10.5,A3_N-Acetyl-D_Glucosamine,72
10.75,A3_N-Acetyl-D_Glucosamine,75
11.0,A3_N-Acetyl-D_Glucosamine,76
11.25,A3_N-Acetyl-D_Glucosamine,86
11.5,A3_N-Acetyl-D_Glucosamine,91
11.75,A3_N-Acetyl-D_Glucosamine,90
12.0,A3_N-Acetyl-D_Glucosamine,96
12.25,A3_N-Acetyl-D_Glucosamine,101
12.5,A3_N-Acetyl-D_Glucosamine,106
12.75,A3_N-Acetyl-D_Glucosamine,108
13.0,A3_N-Acetyl-D_Glucosamine,111
13.25,A3_N-Acetyl-D_Glucosamine,112
13.5,A3_N-Acetyl-D_Glucosamine,122
13.75,A3_N-Acetyl-D_Glucosamine,121
14.0,A3_N-Acetyl-D_Glucosamine,126
14.25,A3_N-Acetyl-D_Glucosamine,129
14.5,A3_N-Acetyl-D_Glucosamine,133
14.75,A3_N-Acetyl-D_Glucosamine,140
15.0,A3_N-Acetyl-D_Glucosamine,144
15.25,A3_N-Acetyl-D_Glucosamine,151
15.5,A3_N-Acetyl-D_Glucosamine,151
15.75,A3_N-Acetyl-D_Glucosamine,155
16.0,A3_N-Acetyl-D_Glucosamine,158
16.25,A3_N-Acetyl-D_Glucosamine,160
16.5,A3_N-Acetyl-D_Glucosamine,165
16.75,A3_N-Acetyl-D_Glucosamine,174
17.0,A3_N-Acetyl-D_Glucosamine,179
17.25,A3_N-Acetyl-D_Glucosamine,181
17.5,A3_N-Acetyl-D_Glucosamine,181
17.75,A3_N-Acetyl-D_Glucosamine,187
18.0,A3_N-Acetyl-D_Glucosamine,191
18.25,A3_N-Acetyl-D_Glucosamine,192
18.5,A3_N-Acetyl-D_Glucosamine,200
18.75,A3_N-Acetyl-D_Glucosamine,201
19.0,A3_N-Acetyl-D_Glucosamine,204
19.25,A3_N-Acetyl-D_Glucosamine,211
19.5,A3_N-Acetyl-D_Glucosamine,210
19.75,A3_N-Acetyl-D_Glucosamine,210
20.0,A3_N-Acetyl-D_Glucosamine,218
20.25,A3_N-Acetyl-D_Glucosamine,221
20.5,A3_N-Acetyl-D_Glucosamine,220
20.75,A3_N-Acetyl-D_Glucosamine,225
21.0,A3_N-Acetyl-D_Glucosamine,227
21.25,A3_N-Acetyl-D_Glucosamine,227
21.5,A3_N-Acetyl-D_Glucosamine,231
21.75,A3_N-Acetyl-D_Glucosamine,235
22.0,A3_N-Acetyl-D_Glucosamine,237
22.25,A3_N-Acetyl-D_Glucosamine,236
22.5,A3_N-Acetyl-D_Glucosamine,239
22.75,A3_N-Acetyl-D_Glucosamine,240
23.0,A3_N-Acetyl-D_Glucosamine,244
23.25,A3_N-Acetyl-D_Glucosamine,249
23.5,A3_N-Acetyl-D_Glucosamine,248
23.75,A3_N-Acetyl-D_Glucosamine,248
24.0,A3_N-Acetyl-D_Glucosamine,249
24.25,A3_N-Acetyl-D_Glucosamine,254
24.5,A3_N-Acetyl-D_Glucosamine,254
24.75,A3_N-Acetyl-D_Glucosamine,260
25.0,A3_N-Acetyl-D_Glucosamine,260
25.25,A3_N-Acetyl-D_Glucosamine,262
25.5,A3_N-Acetyl-D_Glucosamine,265
25.75,A3_N-Acetyl-D_Glucosamine,263
26.0,A3_N-Acetyl-D_Glucosamine,263
26.25,A3_N-Acetyl-D_Glucosamine,260
26.5,A3_N-Acetyl-D_Glucosamine,265
26.75,A3_N-Acetyl-D_Glucosamine,265
27.0,A3_N-Acetyl-D_Glucosamine,267
27.25,A3_N-Acetyl-D_Glucosamine,269
27.5,A3_N-Acetyl-D_Glucosamine,269
27.75,A3_N-Acetyl-D_Glucosamine,267
28.0,A3_N-Acetyl-D_Glucosamine,269
28.25,A3_N-Acetyl-D_Glucosamine,275
28.5,A3_N-Acetyl-D_Glucosamine,273
28.75,A3_N-Acetyl-D_Glucosamine,272
29.0,A3_N-Acetyl-D_Glucosamine,274
29.25,A3_N-Acetyl-D_Glucosamine,273
29.5,A3_N-Acetyl-D_Glucosamine,276
29.75,A3_N-Acetyl-D_Glucosamine,274
30.0,A3_N-Acetyl-D_Glucosamine,275
30.25,A3_N-Acetyl-D_Glucosamine,278
30.5,A3_N-Acetyl-D_Glucosamine,276
30.75,A3_N-Acetyl-D_Glucosamine,274
31.0,A3_N-Acetyl-D_Glucosamine,280
31.25,A3_N-Acetyl-D_Glucosamine,278
31.5,A3_N-Acetyl-D_Glucosamine,279
31.75,A3_N-Acetyl-D_Glucosamine,280
32.0,A3_N-Acetyl-D_Glucosamine,277
32.25,A3_N-Acetyl-D_Glucosamine,279
32.5,A3_N-Acetyl-D_Glucosamine,283
32.75,A3_N-Acetyl-D_Glucosamine,284
33.0,A3_N-Acetyl-D_Glucosamine,281
33.25,A3_N-Acetyl-D_Glucosamine,281
33.5,A3_N-Acetyl-D_Glucosamine,281
33.75,A3_N-Acetyl-D_Glucosamine,282
34.0,A3_N-Acetyl-D_Glucosamine,282
34.25,A3_N-Acetyl-D_Glucosamine,281
34.5,A3_N-Acetyl-D_Glucosamine,284
34.75,A3_N-Acetyl-D_Glucosamine,285
35.0,A3_N-Acetyl-D_Glucosamine,285
35.25,A3_N-Acetyl-D_Glucosamine,281
35.5,A3_N-Acetyl-D_Glucosamine,287
35.75,A3_N-Acetyl-D_Glucosamine,286
36.0,A3_N-Acetyl-D_Glucosamine,283
36.25,A3_N-Acetyl-D_Glucosamine,288
36.5,A3_N-Acetyl-D_Glucosamine,286
36.75,A3_N-Acetyl-D_Glucosamine,284
37.0,A3_N-Acetyl-D_Glucosamine,284
37.25,A3_N-Acetyl-D_Glucosamine,287
37.5,A3_N-Acetyl-D_Glucosamine,286
37.75,A3_N-Acetyl-D_Glucosamine,289
38.0,A3_N-Acetyl-D_Glucosamine,289
38.25,A3_N-Acetyl-D_Glucosamine,287
38.5,A3_N-Acetyl-D_Glucosamine,289
38.75,A3_N-Acetyl-D_Glucosamine,288
39.0,A3_N-Acetyl-D_Glucosamine,291
39.25,A3_N-Acetyl-D_Glucosamine,291
39.5,A3_N-Acetyl-D_Glucosamine,292
39.75,A3_N-Acetyl-D_Glucosamine,289
40.0,A3_N-Acetyl-D_Glucosamine,291
40.25,A3_N-Acetyl-D_Glucosamine,291
40.5,A3_N-Acetyl-D_Glucosamine,294
40.75,A3_N-Acetyl-D_Glucosamine,293
41.0,A3_N-Acetyl-D_Glucosamine,292
41.25,A3_N-Acetyl-D_Glucosamine,294
41.5,A3_N-Acetyl-D_Glucosamine,294
41.75,A3_N-Acetyl-D_Glucosamine,294
42.0,A3_N-Acetyl-D_Glucosamine,293
42.25,A3_N-Acetyl-D_Glucosamine,293
42.5,A3_N-Acetyl-D_Glucosamine,294
42.75,A3_N-Acetyl-D_Glucosamine,295
43.0,A3_N-Acetyl-D_Glucosamine,297
43.25,A3_N-Acetyl-D_Glucosamine,297
43.5,A3_N-Acetyl-D_Glucosamine,293
43.75,A3_N-Acetyl-D_Glucosamine,297
44.0,A3_N-Acetyl-D_Glucosamine,299
44.25,A3_N-Acetyl-D_Glucosamine,296
44.5,A3_N-Acetyl-D_Glucosamine,299
44.75,A3_N-Acetyl-D_Glucosamine,299
45.0,A3_N-Acetyl-D_Glucosamine,300
45.25,A3_N-Acetyl-D_Glucosamine,299
45.5,A3_N-Acetyl-D_Glucosamine,300
45.75,A3_N-Acetyl-D_Glucosamine,299
46.0,A3_N-Acetyl-D_Glucosamine,299
46.25,A3_N-Acetyl-D_Glucosamine,302
46.5,A3_N-Acetyl-D_Glucosamine,301
46.75,A3_N-Acetyl-D_Glucosamine,301
47.0,A3_N-Acetyl-D_Glucosamine,301
47.25,A3_N-Acetyl-D_Glucosamine,301
47.5,A3_N-Acetyl-D_Glucosamine,0
0.0,A4_D-Saccharic_Acid,18
0.25,A4_D-Saccharic_Acid,12
0.5,A4_D-Saccharic_Acid,14
0.75,A4_D-Saccharic_Acid,15
1.0,A4_D-Saccharic_Acid,16
1.25,A4_D-Saccharic_Acid,17
1.5,A4_D-Saccharic_Acid,19
1.75,A4_D-Saccharic_Acid,13
2.0,A4_D-Saccharic_Acid,17
2.25,A4_D-Saccharic_Acid,18
2.5,A4_D-Saccharic_Acid,15
2.75,A4_D-Saccharic_Acid,14
3.0,A4_D-Saccharic_Acid,11
3.25,A4_D-Saccharic_Acid,15
3.5,A4_D-Saccharic_Acid,18
3.75,A4_D-Saccharic_Acid,15
4.0,A4_D-Saccharic_Acid,19
4.25,A4_D-Saccharic_Acid,20
4.5,A4_D-Saccharic_Acid,15
4.75,A4_D-Saccharic_Acid,17
5.0,A4_D-Saccharic_Acid,21
5.25,A4_D-Saccharic_Acid,23
5.5,A4_D-Saccharic_Acid,27
5.75,A4_D-Saccharic_Acid,24
6.0,A4_D-Saccharic_Acid,24
6.25,A4_D-Saccharic_Acid,29
6.5,A4_D-Saccharic_Acid,35
6.75,A4_D-Saccharic_Acid,27
7.0,A4_D-Saccharic_Acid,33
7.25,A4_D-Saccharic_Acid,30
7.5,A4_D-Saccharic_Acid,31
7.75,A4_D-Saccharic_Acid,34
8.0,A4_D-Saccharic_Acid,28
8.25,A4_D-Saccharic_Acid,32
8.5,A4_D-Saccharic_Acid,30
8.75,A4_D-Saccharic_Acid,34
9.0,A4_D-Saccharic_Acid,32
9.25,A4_D-Saccharic_Acid,38
9.5,A4_D-Saccharic_Acid,36
9.75,A4_D-Saccharic_Acid,31
10.0,A4_D-Saccharic_Acid,39
10.25,A4_D-Saccharic_Acid,33
10.5,A4_D-Saccharic_Acid,36
10.75,A4_D-Saccharic_Acid,34
11.0,A4_D-Saccharic_Acid,30
11.25,A4_D-Saccharic_Acid,36
11.5,A4_D-Saccharic_Acid,30
11.75,A4_D-Saccharic_Acid,38
12.0,A4_D-Saccharic_Acid,39
12.25,A4_D-Saccharic_Acid,42
12.5,A4_D-Saccharic_Acid,42
12.75,A4_D-Saccharic_Acid,40
13.0,A4_D-Saccharic_Acid,40
13.25,A4_D-Saccharic_Acid,41
13.5,A4_D-Saccharic_Acid,44
13.75,A4_D-Saccharic_Acid,46
14.0,A4_D-Saccharic_Acid,35
14.25,A4_D-Saccharic_Acid,39
14.5,A4_D-Saccharic_Acid,40
14.75,A4_D-Saccharic_Acid,39
15.0,A4_D-Saccharic_Acid,42
15.25,A4_D-Saccharic_Acid,46
15.5,A4_D-Saccharic_Acid,40
15.75,A4_D-Saccharic_Acid,43
16.0,A4_D-Saccharic_Acid,44
16.25,A4_D-Saccharic_Acid,42
16.5,A4_D-Saccharic_Acid,43
16.75,A4_D-Saccharic_Acid,43
17.0,A4_D-Saccharic_Acid,45
17.25,A4_D-Saccharic_Acid,45
17.5,A4_D-Saccharic_Acid,49
17.75,A4_D-Saccharic_Acid,48
18.0,A4_D-Saccharic_Acid,47
18.25,A4_D-Saccharic_Acid,46
18.5,A4_D-Saccharic_Acid,48
18.75,A4_D-Saccharic_Acid,45
19.0,A4_D-Saccharic_Acid,48
19.25,A4_D-Saccharic_Acid,46
19.5,A4_D-Saccharic_Acid,47
19.75,A4_D-Saccharic_Acid,49
20.0,A4_D-Saccharic_Acid,48
20.25,A4_D-Saccharic_Acid,45
20.5,A4_D-Saccharic_Acid,46
20.75,A4_D-Saccharic_Acid,54
21.0,A4_D-Saccharic_Acid,45
21.25,A4_D-Saccharic_Acid,45
21.5,A4_D-Saccharic_Acid,46
21.75,A4_D-Saccharic_Acid,48
22.0,A4_D-Saccharic_Acid,49
22.25,A4_D-Saccharic_Acid,48
22.5,A4_D-Saccharic_Acid,48
22.75,A4_D-Saccharic_Acid,48
23.0,A4_D-Saccharic_Acid,51
23.25,A4_D-Saccharic_Acid,50
23.5,A4_D-Saccharic_Acid,48
23.75,A4_D-Saccharic_Acid,46
24.0,A4_D-Saccharic_Acid,48
24.25,A4_D-Saccharic_Acid,52
24.5,A4_D-Saccharic_Acid,52
24.75,A4_D-Saccharic_Acid,52
25.0,A4_D-Saccharic_Acid,53
25.25,A4_D-Saccharic_Acid,54
25.5,A4_D-Saccharic_Acid,55
25.75,A4_D-Saccharic_Acid,53
26.0,A4_D-Saccharic_Acid,49
26.25,A4_D-Saccharic_Acid,51
26.5,A4_D-Saccharic_Acid,51
26.75,A4_D-Saccharic_Acid,51
27.0,A4_D-Saccharic_Acid,53
27.25,A4_D-Saccharic_Acid,50
27.5,A4_D-Saccharic_Acid,49
27.75,A4_D-Saccharic_Acid,54
28.0,A4_D-Saccharic_Acid,54
28.25,A4_D-Saccharic_Acid,53
28.5,A4_D-Saccharic_Acid,52
28.75,A4_D-Saccharic_Acid,50
29.0,A4_D-Saccharic_Acid,57
29.25,A4_D-Saccharic_Acid,48
29.5,A4_D-Saccharic_Acid,49
29.75,A4_D-Saccharic_Acid,54
30.0,A4_D-Saccharic_Acid,50
30.25,A4_D-Saccharic_Acid,50
30.5,A4_D-Saccharic_Acid,48
30.75,A4_D-Saccharic_Acid,38
31.0,A4_D-Saccharic_Acid,48
31.25,A4_D-Saccharic_Acid,57
31.5,A4_D-Saccharic_Acid,58
31.75,A4_D-Saccharic_Acid,56
32.0,A4_D-Saccharic_Acid,49
32.25,A4_D-Saccharic_Acid,50
32.5,A4_D-Saccharic_Acid,54
32.75,A4_D-Saccharic_Acid,54
33.0,A4_D-Saccharic_Acid,53
33.25,A4_D-Saccharic_Acid,52
33.5,A4_D-Saccharic_Acid,53
33.75,A4_D-Saccharic_Acid,55
34.0,A4_D-Saccharic_Acid,55
34.25,A4_D-Saccharic_Acid,41
34.5,A4_D-Saccharic_Acid,54
34.75,A4_D-Saccharic_Acid,58
35.0,A4_D-Saccharic_Acid,52
35.25,A4_D-Saccharic_Acid,50
35.5,A4_D-Saccharic_Acid,59
35.75,A4_D-Saccharic_Acid,53
36.0,A4_D-Saccharic_Acid,57
36.25,A4_D-Saccharic_Acid,57
36.5,A4_D-Saccharic_Acid,54
36.75,A4_D-Saccharic_Acid,55
37.0,A4_D-Saccharic_Acid,49
37.25,A4_D-Saccharic_Acid,53
37.5,A4_D-Saccharic_Acid,56
37.75,A4_D-Saccharic_Acid,58
38.0,A4_D-Saccharic_Acid,60
38.25,A4_D-Saccharic_Acid,50
38.5,A4_D-Saccharic_Acid,58
38.75,A4_D-Saccharic_Acid,50
39.0,A4_D-Saccharic_Acid,52
39.25,A4_D-Saccharic_Acid,60
39.5,A4_D-Saccharic_Acid,55
39.75,A4_D-Saccharic_Acid,55
40.0,A4_D-Saccharic_Acid,55
40.25,A4_D-Saccharic_Acid,54
40.5,A4_D-Saccharic_Acid,54
40.75,A4_D-Saccharic_Acid,54
41.0,A4_D-Saccharic_Acid,56
41.25,A4_D-Saccharic_Acid,54
41.5,A4_D-Saccharic_Acid,56
41.75,A4_D-Saccharic_Acid,53
42.0,A4_D-Saccharic_Acid,55
42.25,A4_D-Saccharic_Acid,54
42.5,A4_D-Saccharic_Acid,51
42.75,A4_D-Saccharic_Acid,52
43.0,A4_D-Saccharic_Acid,56
43.25,A4_D-Saccharic_Acid,55
43.5,A4_D-Saccharic_Acid,56
43.75,A4_D-Saccharic_Acid,54
44.0,A4_D-Saccharic_Acid,61
44.25,A4_D-Saccharic_Acid,55
44.5,A4_D-Saccharic_Acid,52
44.75,A4_D-Saccharic_Acid,58
45.0,A4_D-Saccharic_Acid,57
45.25,A4_D-Saccharic_Acid,59
45.5,A4_D-Saccharic_Acid,51
45.75,A4_D-Saccharic_Acid,52
46.0,A4_D-Saccharic_Acid,55
46.25,A4_D-Saccharic_Acid,57
46.5,A4_D-Saccharic_Acid,57
46.75,A4_D-Saccharic_Acid,52
47.0,A4_D-Saccharic_Acid,59
47.25,A4_D-Saccharic_Acid,54
47.5,A4_D-Saccharic_Acid,0
0.0,A5_Succinic_Acid,11
0.25,A5_Succinic_Acid,17
0.5,A5_Succinic_Acid,17
0.75,A5_Succinic_Acid,19
1.0,A5_Succinic_Acid,14
1.25,A5_Succinic_Acid,15
1.5,A5_Succinic_Acid,19
1.75,A5_Succinic_Acid,13
2.0,A5_Succinic_Acid,17
2.25,A5_Succinic_Acid,14
2.5,A5_Succinic_Acid,12
2.75,A5_Succinic_Acid,13
3.0,A5_Succinic_Acid,12
3.25,A5_Succinic_Acid,11
3.5,A5_Succinic_Acid,12
3.75,A5_Succinic_Acid,13
4.0,A5_Succinic_Acid,18
4.25,A5_Succinic_Acid,16
4.5,A5_Succinic_Acid,11
4.75,A5_Succinic_Acid,12
5.0,A5_Succinic_Acid,11
5.25,A5_Succinic_Acid,15
5.5,A5_Succinic_Acid,19
5.75,A5_Succinic_Acid,20
6.0,A5_Succinic_Acid,18
6.25,A5_Succinic_Acid,28
6.5,A5_Succinic_Acid,26
6.75,A5_Succinic_Acid,30
7.0,A5_Succinic_Acid,27
7.25,A5_Succinic_Acid,35
7.5,A5_Succinic_Acid,38
7.75,A5_Succinic_Acid,43
8.0,A5_Succinic_Acid,40
8.25,A5_Succinic_Acid,52
8.5,A5_Succinic_Acid,51
8.75,A5_Succinic_Acid,55
9.0,A5_Succinic_Acid,56
9.25,A5_Succinic_Acid,67
9.5,A5_Succinic_Acid,66
9.75,A5_Succinic_Acid,69
10.0,A5_Succinic_Acid,78
10.25,A5_Succinic_Acid,78
10.5,A5_Succinic_Acid,84
10.75,A5_Succinic_Acid,88
11.0,A5_Succinic_Acid,93
11.25,A5_Succinic_Acid,99
11.5,A5_Succinic_Acid,102
11.75,A5_Succinic_Acid,105
12.0,A5_Succinic_Acid,108
12.25,A5_Succinic_Acid,114
12.5,A5_Succinic_Acid,119
12.75,A5_Succinic_Acid,122
13.0,A5_Succinic_Acid,121
13.25,A5_Succinic_Acid,127
13.5,A5_Succinic_Acid,132
13.75,A5_Succinic_Acid,135
14.0,A5_Succinic_Acid,131
14.25,A5_Succinic_Acid,138
14.5,A5_Succinic_Acid,136
14.75,A5_Succinic_Acid,136
15.0,A5_Succinic_Acid,142
15.25,A5_Succinic_Acid,139
15.5,A5_Succinic_Acid,138
15.75,A5_Succinic_Acid,141
16.0,A5_Succinic_Acid,140
16.25,A5_Succinic_Acid,141
16.5,A5_Succinic_Acid,138
16.75,A5_Succinic_Acid,141
17.0,A5_Succinic_Acid,137
17.25,A5_Succinic_Acid,140
17.5,A5_Succinic_Acid,137
17.75,A5_Succinic_Acid,137
18.0,A5_Succinic_Acid,138
18.25,A5_Succinic_Acid,139
18.5,A5_Succinic_Acid,137
18.75,A5_Succinic_Acid,135
19.0,A5_Succinic_Acid,133
19.25,A5_Succinic_Acid,134
19.5,A5_Succinic_Acid,138
19.75,A5_Succinic_Acid,140
20.0,A5_Succinic_Acid,138
20.25,A5_Succinic_Acid,136
20.5,A5_Succinic_Acid,134
20.75,A5_Succinic_Acid,138
21.0,A5_Succinic_Acid,135
21.25,A5_Succinic_Acid,136
21.5,A5_Succinic_Acid,137
21.75,A5_Succinic_Acid,136
22.0,A5_Succinic_Acid,137
22.25,A5_Succinic_Acid,138
22.5,A5_Succinic_Acid,136
22.75,A5_Succinic_Acid,134
23.0,A5_Succinic_Acid,141
23.25,A5_Succinic_Acid,134
23.5,A5_Succinic_Acid,133
23.75,A5_Succinic_Acid,131
24.0,A5_Succinic_Acid,136
24.25,A5_Succinic_Acid,136
24.5,A5_Succinic_Acid,135
24.75,A5_Succinic_Acid,141
25.0,A5_Succinic_Acid,138
25.25,A5_Succinic_Acid,136
25.5,A5_Succinic_Acid,134
25.75,A5_Succinic_Acid,137
26.0,A5_Succinic_Acid,135
26.25,A5_Succinic_Acid,134
26.5,A5_Succinic_Acid,136
26.75,A5_Succinic_Acid,137
27.0,A5_Succinic_Acid,138
27.25,A5_Succinic_Acid,136
27.5,A5_Succinic_Acid,136
27.75,A5_Succinic_Acid,131
28.0,A5_Succinic_Acid,130
28.25,A5_Succinic_Acid,138
28.5,A5_Succinic_Acid,136
28.75,A5_Succinic_Acid,139
29.0,A5_Succinic_Acid,137
29.25,A5_Succinic_Acid,132
29.5,A5_Succinic_Acid,136
29.75,A5_Succinic_Acid,135
30.0,A5_Succinic_Acid,133
30.25,A5_Succinic_Acid,133
30.5,A5_Succinic_Acid,136
30.75,A5_Succinic_Acid,131
31.0,A5_Succinic_Acid,136
31.25,A5_Succinic_Acid,136
31.5,A5_Succinic_Acid,135
31.75,A5_Succinic_Acid,134
32.0,A5_Succinic_Acid,130
32.25,A5_Succinic_Acid,135
32.5,A5_Succinic_Acid,137
32.75,A5_Succinic_Acid,137
33.0,A5_Succinic_Acid,136
33.25,A5_Succinic_Acid,136
33.5,A5_Succinic_Acid,137
33.75,A5_Succinic_Acid,140
34.0,A5_Succinic_Acid,138
34.25,A5_Succinic_Acid,127
34.5,A5_Succinic_Acid,135
34.75,A5_Succinic_Acid,135
35.0,A5_Succinic_Acid,136
35.25,A5_Succinic_Acid,137
35.5,A5_Succinic_Acid,139
35.75,A5_Succinic_Acid,131
36.0,A5_Succinic_Acid,134
36.25,A5_Succinic_Acid,136
36.5,A5_Succinic_Acid,135
36.75,A5_Succinic_Acid,135
37.0,A5_Succinic_Acid,137
37.25,A5_Succinic_Acid,137
37.5,A5_Succinic_Acid,137
37.75,A5_Succinic_Acid,135
38.0,A5_Succinic_Acid,140
38.25,A5_Succinic_Acid,135
38.5,A5_Succinic_Acid,135
38.75,A5_Succinic_Acid,133
39.0,A5_Succinic_Acid,138
39.25,A5_Succinic_Acid,142
39.5,A5_Succinic_Acid,138
39.75,A5_Succinic_Acid,135
40.0,A5_Succinic_Acid,139
40.25,A5_Succinic_Acid,132
40.5,A5_Succinic_Acid,138
40.75,A5_Succinic_Acid,136
41.0,A5_Succinic_Acid,136
41.25,A5_Succinic_Acid,141
41.5,A5_Succinic_Acid,135
41.75,A5_Succinic_Acid,134
42.0,A5_Succinic_Acid,139
42.25,A5_Succinic_Acid,138
42.5,A5_Succinic_Acid,133
42.75,A5_Succinic_Acid,134
43.0,A5_Succinic_Acid,137
43.25,A5_Succinic_Acid,135
43.5,A5_Succinic_Acid,134
43.75,A5_Succinic_Acid,137
44.0,A5_Succinic_Acid,134
44.25,A5_Succinic_Acid,137
44.5,A5_Succinic_Acid,132
44.75,A5_Succinic_Acid,133
45.0,A5_Succinic_Acid,135
45.25,A5_Succinic_Acid,139
45.5,A5_Succinic_Acid,134
45.75,A5_Succinic_Acid,131
46.0,A5_Succinic_Acid,136
46.25,A5_Succinic_Acid,138
46.5,A5_Succinic_Acid,140
46.75,A5_Succinic_Acid,138
47.0,A5_Succinic_Acid,137
47.25,A5_Succinic_Acid,136
47.5,A5_Succinic_Acid,0
0.0,A6_D-Galactose,11
0.25,A6_D-Galactose,11
0.5,A6_D-Galactose,11
0.75,A6_D-Galactose,11
1.0,A6_D-Galactose,11
1.25,A6_D-Galactose,11
1.5,A6_D-Galactose,11
1.75,A6_D-Galactose,11
2.0,A6_D-Galactose,11
2.25,A6_D-Galactose,11
2.5,A6_D-Galactose,11
2.75,A6_D-Galactose,11
3.0,A6_D-Galactose,11
3.25,A6_D-Galactose,11
3.5,A6_D-Galactose,11
3.75,A6_D-Galactose,11
4.0,A6_D-Galactose,11
4.25,A6_D-Galactose,11
4.5,A6_D-Galactose,11
4.75,A6_D-Galactose,11
5.0,A6_D-Galactose,11
5.25,A6_D-Galactose,11
5.5,A6_D-Galactose,14
5.75,A6_D-Galactose,16
6.0,A6_D-Galactose,19
6.25,A6_D-Galactose,17
6.5,A6_D-Galactose,22
6.75,A6_D-Galactose,23
7.0,A6_D-Galactose,23
7.25,A6_D-Galactose,28
7.5,A6_D-Galactose,25
7.75,A6_D-Galactose,34
8.0,A6_D-Galactose,31
8.25,A6_D-Galactose,33
8.5,A6_D-Galactose,33
8.75,A6_D-Galactose,37
9.0,A6_D-Galactose,34
9.25,A6_D-Galactose,40
9.5,A6_D-Galactose,42
9.75,A6_D-Galactose,40
10.0,A6_D-Galactose,45
10.25,A6_D-Galactose,41
10.5,A6_D-Galactose,44
10.75,A6_D-Galactose,43
11.0,A6_D-Galactose,46
11.25,A6_D-Galactose,56
11.5,A6_D-Galactose,50
11.75,A6_D-Galactose,52
12.0,A6_D-Galactose,55
12.25,A6_D-Galactose,61
12.5,A6_D-Galactose,62
12.75,A6_D-Galactose,56
13.0,A6_D-Galactose,63
13.25,A6_D-Galactose,65
13.5,A6_D-Galactose,72
13.75,A6_D-Galactose,70
14.0,A6_D-Galactose,70
14.25,A6_D-Galactose,74
14.5,A6_D-Galactose,74
14.75,A6_D-Galactose,74
15.0,A6_D-Galactose,83
15.25,A6_D-Galactose,83
15.5,A6_D-Galactose,83
15.75,A6_D-Galactose,88
16.0,A6_D-Galactose,88
16.25,A6_D-Galactose,90
16.5,A6_D-Galactose,91
16.75,A6_D-Galactose,97
17.0,A6_D-Galactose,99
17.25,A6_D-Galactose,97
17.5,A6_D-Galactose,102
17.75,A6_D-Galactose,106
18.0,A6_D-Galactose,106
18.25,A6_D-Galactose,109
18.5,A6_D-Galactose,110
18.75,A6_D-Galactose,115
19.0,A6_D-Galactose,120
19.25,A6_D-Galactose,117
19.5,A6_D-Galactose,123
19.75,A6_D-Galactose,119
20.0,A6_D-Galactose,127
20.25,A6_D-Galactose,131
20.5,A6_D-Galactose,128
20.75,A6_D-Galactose,133
21.0,A6_D-Galactose,133
21.25,A6_D-Galactose,134
21.5,A6_D-Galactose,139
21.75,A6_D-Galactose,139
22.0,A6_D-Galactose,145
22.25,A6_D-Galactose,142
22.5,A6_D-Galactose,146
22.75,A6_D-Galactose,155
23.0,A6_D-Galactose,156
23.25,A6_D-Galactose,156
23.5,A6_D-Galactose,159
23.75,A6_D-Galactose,160
24.0,A6_D-Galactose,169
24.25,A6_D-Galactose,172
24.5,A6_D-Galactose,172
24.75,A6_D-Galactose,179
25.0,A6_D-Galactose,181
25.25,A6_D-Galactose,185
25.5,A6_D-Galactose,187
25.75,A6_D-Galactose,188
26.0,A6_D-Galactose,187
26.25,A6_D-Galactose,195
26.5,A6_D-Galactose,200
26.75,A6_D-Galactose,200
27.0,A6_D-Galactose,204
27.25,A6_D-Galactose,209
27.5,A6_D-Galactose,205
27.75,A6_D-Galactose,210
28.0,A6_D-Galactose,216
28.25,A6_D-Galactose,219
28.5,A6_D-Galactose,221
28.75,A6_D-Galactose,227
29.0,A6_D-Galactose,232
29.25,A6_D-Galactose,229
29.5,A6_D-Galactose,233
29.75,A6_D-Galactose,238
30.0,A6_D-Galactose,238
30.25,A6_D-Galactose,243
30.5,A6_D-Galactose,239
30.75,A6_D-Galactose,245
31.0,A6_D-Galactose,251
31.25,A6_D-Galactose,252
31.5,A6_D-Galactose,250
31.75,A6_D-Galactose,255
32.0,A6_D-Galactose,256
32.25,A6_D-Galactose,259
32.5,A6_D-Galactose,265
32.75,A6_D-Galactose,264
33.0,A6_D-Galactose,265
33.25,A6_D-Galactose,267
33.5,A6_D-Galactose,270
33.75,A6_D-Galactose,274
34.0,A6_D-Galactose,275
34.25,A6_D-Galactose,268
34.5,A6_D-Galactose,278
34.75,A6_D-Galactose,279
35.0,A6_D-Galactose,280
35.25,A6_D-Galactose,279
35.5,A6_D-Galactose,287
35.75,A6_D-Galactose,282
36.0,A6_D-Galactose,284
36.25,A6_D-Galactose,288
36.5,A6_D-Galactose,284
36.75,A6_D-Galactose,290
37.0,A6_D-Galactose,288
37.25,A6_D-Galactose,289
37.5,A6_D-Galactose,290
37.75,A6_D-Galactose,291
38.0,A6_D-Galactose,293
38.25,A6_D-Galactose,294
38.5,A6_D-Galactose,292
38.75,A6_D-Galactose,293
39.0,A6_D-Galactose,295
39.25,A6_D-Galactose,297
39.5,A6_D-Galactose,296
39.75,A6_D-Galactose,295
40.0,A6_D-Galactose,301
40.25,A6_D-Galactose,298
40.5,A6_D-Galactose,299
40.75,A6_D-Galactose,299
41.0,A6_D-Galactose,301
41.25,A6_D-Galactose,300
41.5,A6_D-Galactose,300
41.75,A6_D-Galactose,300
42.0,A6_D-Galactose,301
42.25,A6_D-Galactose,302
42.5,A6_D-Galactose,301
42.75,A6_D-Galactose,301
43.0,A6_D-Galactose,301
43.25,A6_D-Galactose,304
43.5,A6_D-Galactose,303
43.75,A6_D-Galactose,301
44.0,A6_D-Galactose,305
44.25,A6_D-Galactose,307
44.5,A6_D-Galactose,303
44.75,A6_D-Galactose,305
45.0,A6_D-Galactose,304
45.25,A6_D-Galactose,306
45.5,A6_D-Galactose,305
45.75,A6_D-Galactose,307
46.0,A6_D-Galactose,309
46.25,A6_D-Galactose,311
46.5,A6_D-Galactose,309
46.75,A6_D-Galactose,309
47.0,A6_D-Galactose,309
47.25,A6_D-Galactose,310
47.5,A6_D-Galactose,0
0.0,A7_L-Aspartic_Acid,34
0.25,A7_L-Aspartic_Acid,20
0.5,A7_L-Aspartic_Acid,11
0.75,A7_L-Aspartic_Acid,11
1.0,A7_L-Aspartic_Acid,12
1.25,A7_L-Aspartic_Acid,12
1.5,A7_L-Aspartic_Acid,13
1.75,A7_L-Aspartic_Acid,13
2.0,A7_L-Aspartic_Acid,12
2.25,A7_L-Aspartic_Acid,11
2.5,A7_L-Aspartic_Acid,11
2.75,A7_L-Aspartic_Acid,11
3.0,A7_L-Aspartic_Acid,12
3.25,A7_L-Aspartic_Acid,12
3.5,A7_L-Aspartic_Acid,11
3.75,A7_L-Aspartic_Acid,14
4.0,A7_L-Aspartic_Acid,12
4.25,A7_L-Aspartic_Acid,14
4.5,A7_L-Aspartic_Acid,15
4.75,A7_L-Aspartic_Acid,17
5.0,A7_L-Aspartic_Acid,18
5.25,A7_L-Aspartic_Acid,21
5.5,A7_L-Aspartic_Acid,20
5.75,A7_L-Aspartic_Acid,25
6.0,A7_L-Aspartic_Acid,26
6.25,A7_L-Aspartic_Acid,25
6.5,A7_L-Aspartic_Acid,27
6.75,A7_L-Aspartic_Acid,26
7.0,A7_L-Aspartic_Acid,31
7.25,A7_L-Aspartic_Acid,27
7.5,A7_L-Aspartic_Acid,28
7.75,A7_L-Aspartic_Acid,34
8.0,A7_L-Aspartic_Acid,33
8.25,A7_L-Aspartic_Acid,36
8.5,A7_L-Aspartic_Acid,37
8.75,A7_L-Aspartic_Acid,31
9.0,A7_L-Aspartic_Acid,35
9.25,A7_L-Aspartic_Acid,31
9.5,A7_L-Aspartic_Acid,34
9.75,A7_L-Aspartic_Acid,37
10.0,A7_L-Aspartic_Acid,37
10.25,A7_L-Aspartic_Acid,37
10.5,A7_L-Aspartic_Acid,42
10.75,A7_L-Aspartic_Acid,38
11.0,A7_L-Aspartic_Acid,38
11.25,A7_L-Aspartic_Acid,41
11.5,A7_L-Aspartic_Acid,40
11.75,A7_L-Aspartic_Acid,39
12.0,A7_L-Aspartic_Acid,47
12.25,A7_L-Aspartic_Acid,46
12.5,A7_L-Aspartic_Acid,48
12.75,A7_L-Aspartic_Acid,44
13.0,A7_L-Aspartic_Acid,44
13.25,A7_L-Aspartic_Acid,49
13.5,A7_L-Aspartic_Acid,48
13.75,A7_L-Aspartic_Acid,44
14.0,A7_L-Aspartic_Acid,50
14.25,A7_L-Aspartic_Acid,49
14.5,A7_L-Aspartic_Acid,52
14.75,A7_L-Aspartic_Acid,50
15.0,A7_L-Aspartic_Acid,56
15.25,A7_L-Aspartic_Acid,56
15.5,A7_L-Aspartic_Acid,52
15.75,A7_L-Aspartic_Acid,57
16.0,A7_L-Aspartic_Acid,59
16.25,A7_L-Aspartic_Acid,54
16.5,A7_L-Aspartic_Acid,59
16.75,A7_L-Aspartic_Acid,61
17.0,A7_L-Aspartic_Acid,62
17.25,A7_L-Aspartic_Acid,66
17.5,A7_L-Aspartic_Acid,63
17.75,A7_L-Aspartic_Acid,68
18.0,A7_L-Aspartic_Acid,65
18.25,A7_L-Aspartic_Acid,68
18.5,A7_L-Aspartic_Acid,72
18.75,A7_L-Aspartic_Acid,73
19.0,A7_L-Aspartic_Acid,74
19.25,A7_L-Aspartic_Acid,73
19.5,A7_L-Aspartic_Acid,76
19.75,A7_L-Aspartic_Acid,78
20.0,A7_L-Aspartic_Acid,79
20.25,A7_L-Aspartic_Acid,81
20.5,A7_L-Aspartic_Acid,78
20.75,A7_L-Aspartic_Acid,86
21.0,A7_L-Aspartic_Acid,84
21.25,A7_L-Aspartic_Acid,84
21.5,A7_L-Aspartic_Acid,82
21.75,A7_L-Aspartic_Acid,92
22.0,A7_L-Aspartic_Acid,90
22.25,A7_L-Aspartic_Acid,88
22.5,A7_L-Aspartic_Acid,93
22.75,A7_L-Aspartic_Acid,88
23.0,A7_L-Aspartic_Acid,98
23.25,A7_L-Aspartic_Acid,97
23.5,A7_L-Aspartic_Acid,96
23.75,A7_L-Aspartic_Acid,101
24.0,A7_L-Aspartic_Acid,101
24.25,A7_L-Aspartic_Acid,105
24.5,A7_L-Aspartic_Acid,104
24.75,A7_L-Aspartic_Acid,110
25.0,A7_L-Aspartic_Acid,109
25.25,A7_L-Aspartic_Acid,113
25.5,A7_L-Aspartic_Acid,114
25.75,A7_L-Aspartic_Acid,116
26.0,A7_L-Aspartic_Acid,116
26.25,A7_L-Aspartic_Acid,115
26.5,A7_L-Aspartic_Acid,118
26.75,A7_L-Aspartic_Acid,120
27.0,A7_L-Aspartic_Acid,124
27.25,A7_L-Aspartic_Acid,125
27.5,A7_L-Aspartic_Acid,126
27.75,A7_L-Aspartic_Acid,128
28.0,A7_L-Aspartic_Acid,124
28.25,A7_L-Aspartic_Acid,132
28.5,A7_L-Aspartic_Acid,135
28.75,A7_L-Aspartic_Acid,132
29.0,A7_L-Aspartic_Acid,133
29.25,A7_L-Aspartic_Acid,132
29.5,A7_L-Aspartic_Acid,134
29.75,A7_L-Aspartic_Acid,138
30.0,A7_L-Aspartic_Acid,139
30.25,A7_L-Aspartic_Acid,140
30.5,A7_L-Aspartic_Acid,140
30.75,A7_L-Aspartic_Acid,141
31.0,A7_L-Aspartic_Acid,149
31.25,A7_L-Aspartic_Acid,151
31.5,A7_L-Aspartic_Acid,151
31.75,A7_L-Aspartic_Acid,152
32.0,A7_L-Aspartic_Acid,153
32.25,A7_L-Aspartic_Acid,154
32.5,A7_L-Aspartic_Acid,160
32.75,A7_L-Aspartic_Acid,165
33.0,A7_L-Aspartic_Acid,161
33.25,A7_L-Aspartic_Acid,166
33.5,A7_L-Aspartic_Acid,162
33.75,A7_L-Aspartic_Acid,166
34.0,A7_L-Aspartic_Acid,171
34.25,A7_L-Aspartic_Acid,160
34.5,A7_L-Aspartic_Acid,174
34.75,A7_L-Aspartic_Acid,171
35.0,A7_L-Aspartic_Acid,176
35.25,A7_L-Aspartic_Acid,174
35.5,A7_L-Aspartic_Acid,180
35.75,A7_L-Aspartic_Acid,179
36.0,A7_L-Aspartic_Acid,179
36.25,A7_L-Aspartic_Acid,189
36.5,A7_L-Aspartic_Acid,185
36.75,A7_L-Aspartic_Acid,187
37.0,A7_L-Aspartic_Acid,190
37.25,A7_L-Aspartic_Acid,190
37.5,A7_L-Aspartic_Acid,192
37.75,A7_L-Aspartic_Acid,194
38.0,A7_L-Aspartic_Acid,195
38.25,A7_L-Aspartic_Acid,191
38.5,A7_L-Aspartic_Acid,191
38.75,A7_L-Aspartic_Acid,186
39.0,A7_L-Aspartic_Acid,188
39.25,A7_L-Aspartic_Acid,190
39.5,A7_L-Aspartic_Acid,187
39.75,A7_L-Aspartic_Acid,189
40.0,A7_L-Aspartic_Acid,191
40.25,A7_L-Aspartic_Acid,189
40.5,A7_L-Aspartic_Acid,189
40.75,A7_L-Aspartic_Acid,187
41.0,A7_L-Aspartic_Acid,183
41.25,A7_L-Aspartic_Acid,186
41.5,A7_L-Aspartic_Acid,183
41.75,A7_L-Aspartic_Acid,180
42.0,A7_L-Aspartic_Acid,182
42.25,A7_L-Aspartic_Acid,185
42.5,A7_L-Aspartic_Acid,183
42.75,A7_L-Aspartic_Acid,182
43.0,A7_L-Aspartic_Acid,180
43.25,A7_L-Aspartic_Acid,182
43.5,A7_L-Aspartic_Acid,187
43.75,A7_L-Aspartic_Acid,181
44.0,A7_L-Aspartic_Acid,183
44.25,A7_L-Aspartic_Acid,180
44.5,A7_L-Aspartic_Acid,176
44.75,A7_L-Aspartic_Acid,182
45.0,A7_L-Aspartic_Acid,180
45.25,A7_L-Aspartic_Acid,183
45.5,A7_L-Aspartic_Acid,180
45.75,A7_L-Aspartic_Acid,180
46.0,A7_L-Aspartic_Acid,181
46.25,A7_L-Aspartic_Acid,182
46.5,A7_L-Aspartic_Acid,180
46.75,A7_L-Aspartic_Acid,177
47.0,A7_L-Aspartic_Acid,175
47.25,A7_L-Aspartic_Acid,179
47.5,A7_L-Aspartic_Acid,0
0.0,A8_L-Proline,11
0.25,A8_L-Proline,11
0.5,A8_L-Proline,15
0.75,A8_L-Proline,19
1.0,A8_L-Proline,19
1.25,A8_L-Proline,23
1.5,A8_L-Proline,22
1.75,A8_L-Proline,20
2.0,A8_L-Proline,25
2.25,A8_L-Proline,22
2.5,A8_L-Proline,16
2.75,A8_L-Proline,19
3.0,A8_L-Proline,21
3.25,A8_L-Proline,19
3.5,A8_L-Proline,12
3.75,A8_L-Proline,20
4.0,A8_L-Proline,13
4.25,A8_L-Proline,18
4.5,A8_L-Proline,21
4.75,A8_L-Proline,19
5.0,A8_L-Proline,17
5.25,A8_L-Proline,20
5.5,A8_L-Proline,23
5.75,A8_L-Proline,25
6.0,A8_L-Proline,27
6.25,A8_L-Proline,26
6.5,A8_L-Proline,28
6.75,A8_L-Proline,28
7.0,A8_L-Proline,31
7.25,A8_L-Proline,33
7.5,A8_L-Proline,34
7.75,A8_L-Proline,40
8.0,A8_L-Proline,39
8.25,A8_L-Proline,36
8.5,A8_L-Proline,38
8.75,A8_L-Proline,37
9.0,A8_L-Proline,43
9.25,A8_L-Proline,43
9.5,A8_L-Proline,45
9.75,A8_L-Proline,49
10.0,A8_L-Proline,44
10.25,A8_L-Proline,43
10.5,A8_L-Proline,49
10.75,A8_L-Proline,53
11.0,A8_L-Proline,50
11.25,A8_L-Proline,53
11.5,A8_L-Proline,55
11.75,A8_L-Proline,53
12.0,A8_L-Proline,57
12.25,A8_L-Proline,60
12.5,A8_L-Proline,60
12.75,A8_L-Proline,64
13.0,A8_L-Proline,65
13.25,A8_L-Proline,61
13.5,A8_L-Proline,66
13.75,A8_L-Proline,66
14.0,A8_L-Proline,71
14.25,A8_L-Proline,70
14.5,A8_L-Proline,70
14.75,A8_L-Proline,77
15.0,A8_L-Proline,78
15.25,A8_L-Proline,81
15.5,A8_L-Proline,81
15.75,A8_L-Proline,83
16.0,A8_L-Proline,85
16.25,A8_L-Proline,88
16.5,A8_L-Proline,90
16.75,A8_L-Proline,96
17.0,A8_L-Proline,97
17.25,A8_L-Proline,99
17.5,A8_L-Proline,101
17.75,A8_L-Proline,103
18.0,A8_L-Proline,105
18.25,A8_L-Proline,106
18.5,A8_L-Proline,114
18.75,A8_L-Proline,115
19.0,A8_L-Proline,119
19.25,A8_L-Proline,125
19.5,A8_L-Proline,123
19.75,A8_L-Proline,127
20.0,A8_L-Proline,133
20.25,A8_L-Proline,134
20.5,A8_L-Proline,137
20.75,A8_L-Proline,142
21.0,A8_L-Proline,145
21.25,A8_L-Proline,143
21.5,A8_L-Proline,152
21.75,A8_L-Proline,155
22.0,A8_L-Proline,162
22.25,A8_L-Proline,159
22.5,A8_L-Proline,165
22.75,A8_L-Proline,170
23.0,A8_L-Proline,173
23.25,A8_L-Proline,177
23.5,A8_L-Proline,178
23.75,A8_L-Proline,185
24.0,A8_L-Proline,183
24.25,A8_L-Proline,193
24.5,A8_L-Proline,193
24.75,A8_L-Proline,199
25.0,A8_L-Proline,203
25.25,A8_L-Proline,207
25.5,A8_L-Proline,208
25.75,A8_L-Proline,213
26.0,A8_L-Proline,213
26.25,A8_L-Proline,217
26.5,A8_L-Proline,217
26.75,A8_L-Proline,223
27.0,A8_L-Proline,229
27.25,A8_L-Proline,229
27.5,A8_L-Proline,230
27.75,A8_L-Proline,233
28.0,A8_L-Proline,233
28.25,A8_L-Proline,238
28.5,A8_L-Proline,237
28.75,A8_L-Proline,241
29.0,A8_L-Proline,247
29.25,A8_L-Proline,246
29.5,A8_L-Proline,248
29.75,A8_L-Proline,248
30.0,A8_L-Proline,253
30.25,A8_L-Proline,250
30.5,A8_L-Proline,254
30.75,A8_L-Proline,255
31.0,A8_L-Proline,257
31.25,A8_L-Proline,259
31.5,A8_L-Proline,258
31.75,A8_L-Proline,260
32.0,A8_L-Proline,258
32.25,A8_L-Proline,264
32.5,A8_L-Proline,264
32.75,A8_L-Proline,264
33.0,A8_L-Proline,267
33.25,A8_L-Proline,267
33.5,A8_L-Proline,271
33.75,A8_L-Proline,271
34.0,A8_L-Proline,271
34.25,A8_L-Proline,266
34.5,A8_L-Proline,271
34.75,A8_L-Proline,269
35.0,A8_L-Proline,273
35.25,A8_L-Proline,271
35.5,A8_L-Proline,272
35.75,A8_L-Proline,271
36.0,A8_L-Proline,271
36.25,A8_L-Proline,272
36.5,A8_L-Proline,275
36.75,A8_L-Proline,276
37.0,A8_L-Proline,274
37.25,A8_L-Proline,274
37.5,A8_L-Proline,279
37.75,A8_L-Proline,275
38.0,A8_L-Proline,276
38.25,A8_L-Proline,277
38.5,A8_L-Proline,279
38.75,A8_L-Proline,275
39.0,A8_L-Proline,279
39.25,A8_L-Proline,276
39.5,A8_L-Proline,279
39.75,A8_L-Proline,279
40.0,A8_L-Proline,276
40.25,A8_L-Proline,280
40.5,A8_L-Proline,279
40.75,A8_L-Proline,278
41.0,A8_L-Proline,279
41.25,A8_L-Proline,278
41.5,A8_L-Proline,279
41.75,A8_L-Proline,279
42.0,A8_L-Proline,278
42.25,A8_L-Proline,281
42.5,A8_L-Proline,278
42.75,A8_L-Proline,276
43.0,A8_L-Proline,284
43.25,A8_L-Proline,278
43.5,A8_L-Proline,279
43.75,A8_L-Proline,283
44.0,A8_L-Proline,282
44.25,A8_L-Proline,278
44.5,A8_L-Proline,281
44.75,A8_L-Proline,282
45.0,A8_L-Proline,281
45.25,A8_L-Proline,283
45.5,A8_L-Proline,282
45.75,A8_L-Proline,284
46.0,A8_L-Proline,283
46.25,A8_L-Proline,282
46.5,A8_L-Proline,284
46.75,A8_L-Proline,282
47.0,A8_L-Proline,285
47.25,A8_L-Proline,283
47.5,A8_L-Proline,0
0.0,A9_D-Alanine,11
0.25,A9_D-Alanine,11
0.5,A9_D-Alanine,13
0.75,A9_D-Alanine,14
1.0,A9_D-Alanine,15
1.25,A9_D-Alanine,13
1.5,A9_D-Alanine,17
1.75,A9_D-Alanine,14
2.0,A9_D-Alanine,14
2.25,A9_D-Alanine,14
2.5,A9_D-Alanine,13
2.75,A9_D-Alanine,16
3.0,A9_D-Alanine,19
3.25,A9_D-Alanine,16
3.5,A9_D-Alanine,15
3.75,A9_D-Alanine,19
4.0,A9_D-Alanine,15
4.25,A9_D-Alanine,20
4.5,A9_D-Alanine,18
4.75,A9_D-Alanine,16
5.0,A9_D-Alanine,17
5.25,A9_D-Alanine,20
5.5,A9_D-Alanine,21
5.75,A9_D-Alanine,23
6.0,A9_D-Alanine,18
6.25,A9_D-Alanine,16
6.5,A9_D-Alanine,21
6.75,A9_D-Alanine,18
7.0,A9_D-Alanine,21
7.25,A9_D-Alanine,19
7.5,A9_D-Alanine,22
7.75,A9_D-Alanine,22
8.0,A9_D-Alanine,25
8.25,A9_D-Alanine,23
8.5,A9_D-Alanine,21
8.75,A9_D-Alanine,24
9.0,A9_D-Alanine,25
9.25,A9_D-Alanine,26
9.5,A9_D-Alanine,24
9.75,A9_D-Alanine,22
10.0,A9_D-Alanine,23
10.25,A9_D-Alanine,19
10.5,A9_D-Alanine,23
10.75,A9_D-Alanine,25
11.0,A9_D-Alanine,23
11.25,A9_D-Alanine,27
11.5,A9_D-Alanine,24
11.75,A9_D-Alanine,26
12.0,A9_D-Alanine,25
12.25,A9_D-Alanine,23
12.5,A9_D-Alanine,28
12.75,A9_D-Alanine,24
13.0,A9_D-Alanine,29
13.25,A9_D-Alanine,25
13.5,A9_D-Alanine,27
13.75,A9_D-Alanine,24
14.0,A9_D-Alanine,29
14.25,A9_D-Alanine,29
14.5,A9_D-Alanine,26
14.75,A9_D-Alanine,32
15.0,A9_D-Alanine,27
15.25,A9_D-Alanine,31
15.5,A9_D-Alanine,27
15.75,A9_D-Alanine,29
16.0,A9_D-Alanine,27
16.25,A9_D-Alanine,29
16.5,A9_D-Alanine,25
16.75,A9_D-Alanine,32
17.0,A9_D-Alanine,32
17.25,A9_D-Alanine,31
17.5,A9_D-Alanine,27
17.75,A9_D-Alanine,28
18.0,A9_D-Alanine,30
18.25,A9_D-Alanine,28
18.5,A9_D-Alanine,32
18.75,A9_D-Alanine,31
19.0,A9_D-Alanine,32
19.25,A9_D-Alanine,35
19.5,A9_D-Alanine,30
19.75,A9_D-Alanine,29
20.0,A9_D-Alanine,31
20.25,A9_D-Alanine,35
20.5,A9_D-Alanine,36
20.75,A9_D-Alanine,35
21.0,A9_D-Alanine,29
21.25,A9_D-Alanine,28
21.5,A9_D-Alanine,36
21.75,A9_D-Alanine,31
22.0,A9_D-Alanine,31
22.25,A9_D-Alanine,35
22.5,A9_D-Alanine,32
22.75,A9_D-Alanine,29
23.0,A9_D-Alanine,32
23.25,A9_D-Alanine,29
23.5,A9_D-Alanine,32
23.75,A9_D-Alanine,32
24.0,A9_D-Alanine,30
24.25,A9_D-Alanine,29
24.5,A9_D-Alanine,35
24.75,A9_D-Alanine,33
25.0,A9_D-Alanine,36
25.25,A9_D-Alanine,38
25.5,A9_D-Alanine,33
25.75,A9_D-Alanine,35
26.0,A9_D-Alanine,33
26.25,A9_D-Alanine,33
26.5,A9_D-Alanine,32
26.75,A9_D-Alanine,35
27.0,A9_D-Alanine,36
27.25,A9_D-Alanine,36
27.5,A9_D-Alanine,38
27.75,A9_D-Alanine,35
28.0,A9_D-Alanine,31
28.25,A9_D-Alanine,31
28.5,A9_D-Alanine,36
28.75,A9_D-Alanine,32
29.0,A9_D-Alanine,37
29.25,A9_D-Alanine,32
29.5,A9_D-Alanine,33
29.75,A9_D-Alanine,32
30.0,A9_D-Alanine,31
30.25,A9_D-Alanine,34
30.5,A9_D-Alanine,35
30.75,A9_D-Alanine,35
31.0,A9_D-Alanine,31
31.25,A9_D-Alanine,32
31.5,A9_D-Alanine,29
31.75,A9_D-Alanine,32
32.0,A9_D-Alanine,30
32.25,A9_D-Alanine,32
32.5,A9_D-Alanine,30
32.75,A9_D-Alanine,33
33.0,A9_D-Alanine,35
33.25,A9_D-Alanine,32
33.5,A9_D-Alanine,37
33.75,A9_D-Alanine,36
34.0,A9_D-Alanine,34
34.25,A9_D-Alanine,35
34.5,A9_D-Alanine,37
34.75,A9_D-Alanine,33
35.0,A9_D-Alanine,36
35.25,A9_D-Alanine,33
35.5,A9_D-Alanine,40
35.75,A9_D-Alanine,33
36.0,A9_D-Alanine,33
36.25,A9_D-Alanine,35
36.5,A9_D-Alanine,33
36.75,A9_D-Alanine,34
37.0,A9_D-Alanine,37
37.25,A9_D-Alanine,31
37.5,A9_D-Alanine,30
37.75,A9_D-Alanine,37
38.0,A9_D-Alanine,36
38.25,A9_D-Alanine,35
38.5,A9_D-Alanine,36
38.75,A9_D-Alanine,34
39.0,A9_D-Alanine,35
39.25,A9_D-Alanine,33
39.5,A9_D-Alanine,32
39.75,A9_D-Alanine,38
40.0,A9_D-Alanine,30
40.25,A9_D-Alanine,31
40.5,A9_D-Alanine,30
40.75,A9_D-Alanine,33
41.0,A9_D-Alanine,36
41.25,A9_D-Alanine,33
41.5,A9_D-Alanine,39
41.75,A9_D-Alanine,37
42.0,A9_D-Alanine,33
42.25,A9_D-Alanine,33
42.5,A9_D-Alanine,32
42.75,A9_D-Alanine,37
43.0,A9_D-Alanine,36
43.25,A9_D-Alanine,35
43.5,A9_D-Alanine,35
43.75,A9_D-Alanine,30
44.0,A9_D-Alanine,35
44.25,A9_D-Alanine,35
44.5,A9_D-Alanine,38
44.75,A9_D-Alanine,35
45.0,A9_D-Alanine,33
45.25,A9_D-Alanine,34
45.5,A9_D-Alanine,29
45.75,A9_D-Alanine,32
46.0,A9_D-Alanine,37
46.25,A9_D-Alanine,30
46.5,A9_D-Alanine,35
46.75,A9_D-Alanine,34
47.0,A9_D-Alanine,36
47.25,A9_D-Alanine,32
47.5,A9_D-Alanine,0
0.0,A10_D-Trehalose,11
0.25,A10_D-Trehalose,11
0.5,A10_D-Trehalose,19
0.75,A10_D-Trehalose,11
1.0,A10_D-Trehalose,13
1.25,A10_D-Trehalose,11
1.5,A10_D-Trehalose,11
1.75,A10_D-Trehalose,11
2.0,A10_D-Trehalose,11
2.25,A10_D-Trehalose,11
2.5,A10_D-Trehalose,11
2.75,A10_D-Trehalose,11
3.0,A10_D-Trehalose,11
3.25,A10_D-Trehalose,11
3.5,A10_D-Trehalose,11
3.75,A10_D-Trehalose,11
4.0,A10_D-Trehalose,11
4.25,A10_D-Trehalose,13
4.5,A10_D-Trehalose,14
4.75,A10_D-Trehalose,11
5.0,A10_D-Trehalose,14
5.25,A10_D-Trehalose,16
5.5,A10_D-Trehalose,18
5.75,A10_D-Trehalose,19
6.0,A10_D-Trehalose,18
6.25,A10_D-Trehalose,21
6.5,A10_D-Trehalose,25
6.75,A10_D-Trehalose,21
7.0,A10_D-Trehalose,23
7.25,A10_D-Trehalose,24
7.5,A10_D-Trehalose,23
7.75,A10_D-Trehalose,25
8.0,A10_D-Trehalose,23
8.25,A10_D-Trehalose,23
8.5,A10_D-Trehalose,27
8.75,A10_D-Trehalose,24
9.0,A10_D-Trehalose,25
9.25,A10_D-Trehalose,26
9.5,A10_D-Trehalose,24
9.75,A10_D-Trehalose,22
10.0,A10_D-Trehalose,27
10.25,A10_D-Trehalose,26
10.5,A10_D-Trehalose,25
10.75,A10_D-Trehalose,28
11.0,A10_D-Trehalose,25
11.25,A10_D-Trehalose,26
11.5,A10_D-Trehalose,31
11.75,A10_D-Trehalose,28
12.0,A10_D-Trehalose,32
12.25,A10_D-Trehalose,28
12.5,A10_D-Trehalose,26
12.75,A10_D-Trehalose,31
13.0,A10_D-Trehalose,31
13.25,A10_D-Trehalose,30
13.5,A10_D-Trehalose,33
13.75,A10_D-Trehalose,35
14.0,A10_D-Trehalose,31
14.25,A10_D-Trehalose,32
14.5,A10_D-Trehalose,32
14.75,A10_D-Trehalose,36
15.0,A10_D-Trehalose,32
15.25,A10_D-Trehalose,28
15.5,A10_D-Trehalose,35
15.75,A10_D-Trehalose,38
16.0,A10_D-Trehalose,33
16.25,A10_D-Trehalose,39
16.5,A10_D-Trehalose,39
16.75,A10_D-Trehalose,36
17.0,A10_D-Trehalose,37
17.25,A10_D-Trehalose,41
17.5,A10_D-Trehalose,39
17.75,A10_D-Trehalose,41
18.0,A10_D-Trehalose,45
18.25,A10_D-Trehalose,43
18.5,A10_D-Trehalose,45
18.75,A10_D-Trehalose,39
19.0,A10_D-Trehalose,39
19.25,A10_D-Trehalose,41
19.5,A10_D-Trehalose,45
19.75,A10_D-Trehalose,41
20.0,A10_D-Trehalose,44
20.25,A10_D-Trehalose,45
20.5,A10_D-Trehalose,46
20.75,A10_D-Trehalose,45
21.0,A10_D-Trehalose,48
21.25,A10_D-Trehalose,44
21.5,A10_D-Trehalose,45
21.75,A10_D-Trehalose,47
22.0,A10_D-Trehalose,49
22.25,A10_D-Trehalose,51
22.5,A10_D-Trehalose,53
22.75,A10_D-Trehalose,47
23.0,A10_D-Trehalose,51
23.25,A10_D-Trehalose,53
23.5,A10_D-Trehalose,49
23.75,A10_D-Trehalose,53
24.0,A10_D-Trehalose,56
24.25,A10_D-Trehalose,57
24.5,A10_D-Trehalose,56
24.75,A10_D-Trehalose,58
25.0,A10_D-Trehalose,55
25.25,A10_D-Trehalose,65
25.5,A10_D-Trehalose,57
25.75,A10_D-Trehalose,61
26.0,A10_D-Trehalose,61
26.25,A10_D-Trehalose,64
26.5,A10_D-Trehalose,65
26.75,A10_D-Trehalose,64
27.0,A10_D-Trehalose,68
27.25,A10_D-Trehalose,64
27.5,A10_D-Trehalose,66
27.75,A10_D-Trehalose,66
28.0,A10_D-Trehalose,66
28.25,A10_D-Trehalose,65
28.5,A10_D-Trehalose,70
28.75,A10_D-Trehalose,66
29.0,A10_D-Trehalose,71
29.25,A10_D-Trehalose,66
29.5,A10_D-Trehalose,72
29.75,A10_D-Trehalose,69
30.0,A10_D-Trehalose,67
30.25,A10_D-Trehalose,70
30.5,A10_D-Trehalose,71
30.75,A10_D-Trehalose,72
31.0,A10_D-Trehalose,75
31.25,A10_D-Trehalose,74
31.5,A10_D-Trehalose,76
31.75,A10_D-Trehalose,74
32.0,A10_D-Trehalose,77
32.25,A10_D-Trehalose,76
32.5,A10_D-Trehalose,74
32.75,A10_D-Trehalose,79
33.0,A10_D-Trehalose,80
33.25,A10_D-Trehalose,81
33.5,A10_D-Trehalose,79
33.75,A10_D-Trehalose,82
34.0,A10_D-Trehalose,82
34.25,A10_D-Trehalose,84
34.5,A10_D-Trehalose,89
34.75,A10_D-Trehalose,86
35.0,A10_D-Trehalose,85
35.25,A10_D-Trehalose,83
35.5,A10_D-Trehalose,88
35.75,A10_D-Trehalose,88
36.0,A10_D-Trehalose,90
36.25,A10_D-Trehalose,88
36.5,A10_D-Trehalose,94
36.75,A10_D-Trehalose,88
37.0,A10_D-Trehalose,90
37.25,A10_D-Trehalose,91
37.5,A10_D-Trehalose,92
37.75,A10_D-Trehalose,98
38.0,A10_D-Trehalose,96
38.25,A10_D-Trehalose,92
38.5,A10_D-Trehalose,100
38.75,A10_D-Trehalose,98
39.0,A10_D-Trehalose,97
39.25,A10_D-Trehalose,95
39.5,A10_D-Trehalose,100
39.75,A10_D-Trehalose,101
40.0,A10_D-Trehalose,99
40.25,A10_D-Trehalose,102
40.5,A10_D-Trehalose,104
40.75,A10_D-Trehalose,102
41.0,A10_D-Trehalose,103
41.25,A10_D-Trehalose,108
41.5,A10_D-Trehalose,109
41.75,A10_D-Trehalose,110
42.0,A10_D-Trehalose,106
42.25,A10_D-Trehalose,109
42.5,A10_D-Trehalose,111
42.75,A10_D-Trehalose,112
43.0,A10_D-Trehalose,118
43.25,A10_D-Trehalose,118
43.5,A10_D-Trehalose,117
43.75,A10_D-Trehalose,121
44.0,A10_D-Trehalose,121
44.25,A10_D-Trehalose,124
44.5,A10_D-Trehalose,121
44.75,A10_D-Trehalose,129
45.0,A10_D-Trehalose,129
45.25,A10_D-Trehalose,132
45.5,A10_D-Trehalose,127
45.75,A10_D-Trehalose,132
46.0,A10_D-Trehalose,135
46.25,A10_D-Trehalose,135
46.5,A10_D-Trehalose,135
46.75,A10_D-Trehalose,137
47.0,A10_D-Trehalose,137
47.25,A10_D-Trehalose,140
47.5,A10_D-Trehalose,0
0.0,A11_D-Mannose,19
0.25,A11_D-Mannose,14
0.5,A11_D-Mannose,19
0.75,A11_D-Mannose,16
1.0,A11_D-Mannose,18
1.25,A11_D-Mannose,22
1.5,A11_D-Mannose,27
1.75,A11_D-Mannose,25
2.0,A11_D-Mannose,21
2.25,A11_D-Mannose,20
2.5,A11_D-Mannose,20
2.75,A11_D-Mannose,26
3.0,A11_D-Mannose,23
3.25,A11_D-Mannose,23
3.5,A11_D-Mannose,24
3.75,A11_D-Mannose,26
4.0,A11_D-Mannose,23
4.25,A11_D-Mannose,23
4.5,A11_D-Mannose,28
4.75,A11_D-Mannose,31
5.0,A11_D-Mannose,28
5.25,A11_D-Mannose,31
5.5,A11_D-Mannose,35
5.75,A11_D-Mannose,32
6.0,A11_D-Mannose,34
6.25,A11_D-Mannose,39
6.5,A11_D-Mannose,35
6.75,A11_D-Mannose,40
7.0,A11_D-Mannose,41
7.25,A11_D-Mannose,43
7.5,A11_D-Mannose,45
7.75,A11_D-Mannose,49
8.0,A11_D-Mannose,50
8.25,A11_D-Mannose,51
8.5,A11_D-Mannose,58
8.75,A11_D-Mannose,53
9.0,A11_D-Mannose,59
9.25,A11_D-Mannose,64
9.5,A11_D-Mannose,66
9.75,A11_D-Mannose,67
10.0,A11_D-Mannose,67
10.25,A11_D-Mannose,64
10.5,A11_D-Mannose,70
10.75,A11_D-Mannose,72
11.0,A11_D-Mannose,77
11.25,A11_D-Mannose,78
11.5,A11_D-Mannose,80
11.75,A11_D-Mannose,82
12.0,A11_D-Mannose,84
12.25,A11_D-Mannose,87
12.5,A11_D-Mannose,91
12.75,A11_D-Mannose,92
13.0,A11_D-Mannose,98
13.25,A11_D-Mannose,98
13.5,A11_D-Mannose,101
13.75,A11_D-Mannose,103
14.0,A11_D-Mannose,106
14.25,A11_D-Mannose,111
14.5,A11_D-Mannose,114
14.75,A11_D-Mannose,120
15.0,A11_D-Mannose,121
15.25,A11_D-Mannose,124
15.5,A11_D-Mannose,123
15.75,A11_D-Mannose,132
16.0,A11_D-Mannose,132
16.25,A11_D-Mannose,136
16.5,A11_D-Mannose,139
16.75,A11_D-Mannose,140
17.0,A11_D-Mannose,148
17.25,A11_D-Mannose,154
17.5,A11_D-Mannose,152
17.75,A11_D-Mannose,158
18.0,A11_D-Mannose,161
18.25,A11_D-Mannose,167
18.5,A11_D-Mannose,174
18.75,A11_D-Mannose,176
19.0,A11_D-Mannose,183
19.25,A11_D-Mannose,185
19.5,A11_D-Mannose,189
19.75,A11_D-Mannose,195
20.0,A11_D-Mannose,201
20.25,A11_D-Mannose,202
20.5,A11_D-Mannose,205
20.75,A11_D-Mannose,210
21.0,A11_D-Mannose,215
21.25,A11_D-Mannose,217
21.5,A11_D-Mannose,223
21.75,A11_D-Mannose,225
22.0,A11_D-Mannose,229
22.25,A11_D-Mannose,230
22.5,A11_D-Mannose,236
22.75,A11_D-Mannose,237
23.0,A11_D-Mannose,243
23.25,A11_D-Mannose,245
23.5,A11_D-Mannose,246
23.75,A11_D-Mannose,247
24.0,A11_D-Mannose,250
24.25,A11_D-Mannose,254
24.5,A11_D-Mannose,253
24.75,A11_D-Mannose,258
25.0,A11_D-Mannose,258
25.25,A11_D-Mannose,259
25.5,A11_D-Mannose,263
25.75,A11_D-Mannose,264
26.0,A11_D-Mannose,261
26.25,A11_D-Mannose,265
26.5,A11_D-Mannose,261
26.75,A11_D-Mannose,264
27.0,A11_D-Mannose,269
27.25,A11_D-Mannose,267
27.5,A11_D-Mannose,266
27.75,A11_D-Mannose,268
28.0,A11_D-Mannose,270
28.25,A11_D-Mannose,271
28.5,A11_D-Mannose,273
28.75,A11_D-Mannose,271
29.0,A11_D-Mannose,272
29.25,A11_D-Mannose,271
29.5,A11_D-Mannose,271
29.75,A11_D-Mannose,273
30.0,A11_D-Mannose,271
30.25,A11_D-Mannose,273
30.5,A11_D-Mannose,276
30.75,A11_D-Mannose,275
31.0,A11_D-Mannose,272
31.25,A11_D-Mannose,273
31.5,A11_D-Mannose,276
31.75,A11_D-Mannose,277
32.0,A11_D-Mannose,277
32.25,A11_D-Mannose,275
32.5,A11_D-Mannose,279
32.75,A11_D-Mannose,278
33.0,A11_D-Mannose,278
33.25,A11_D-Mannose,280
33.5,A11_D-Mannose,280
33.75,A11_D-Mannose,282
34.0,A11_D-Mannose,279
34.25,A11_D-Mannose,279
34.5,A11_D-Mannose,282
34.75,A11_D-Mannose,281
35.0,A11_D-Mannose,278
35.25,A11_D-Mannose,280
35.5,A11_D-Mannose,283
35.75,A11_D-Mannose,277
36.0,A11_D-Mannose,281
36.25,A11_D-Mannose,281
36.5,A11_D-Mannose,280
36.75,A11_D-Mannose,281
37.0,A11_D-Mannose,278
37.25,A11_D-Mannose,280
37.5,A11_D-Mannose,281
37.75,A11_D-Mannose,282
38.0,A11_D-Mannose,282
38.25,A11_D-Mannose,280
38.5,A11_D-Mannose,283
38.75,A11_D-Mannose,281
39.0,A11_D-Mannose,282
39.25,A11_D-Mannose,284
39.5,A11_D-Mannose,283
39.75,A11_D-Mannose,284
40.0,A11_D-Mannose,283
40.25,A11_D-Mannose,281
40.5,A11_D-Mannose,282
40.75,A11_D-Mannose,284
41.0,A11_D-Mannose,280
41.25,A11_D-Mannose,279
41.5,A11_D-Mannose,281
41.75,A11_D-Mannose,277
42.0,A11_D-Mannose,276
42.25,A11_D-Mannose,275
42.5,A11_D-Mannose,271
42.75,A11_D-Mannose,271
43.0,A11_D-Mannose,274
43.25,A11_D-Mannose,272
43.5,A11_D-Mannose,273
43.75,A11_D-Mannose,273
44.0,A11_D-Mannose,270
44.25,A11_D-Mannose,270
44.5,A11_D-Mannose,269
44.75,A11_D-Mannose,271
45.0,A11_D-Mannose,269
45.25,A11_D-Mannose,271
45.5,A11_D-Mannose,270
45.75,A11_D-Mannose,269
46.0,A11_D-Mannose,272
46.25,A11_D-Mannose,272
46.5,A11_D-Mannose,271
46.75,A11_D-Mannose,268
47.0,A11_D-Mannose,270
47.25,A11_D-Mannose,268
47.5,A11_D-Mannose,0
0.0,A12_Dulcitol,25
0.25,A12_Dulcitol,23
0.5,A12_Dulcitol,27
0.75,A12_Dulcitol,27
1.0,A12_Dulcitol,30
1.25,A12_Dulcitol,21
1.5,A12_Dulcitol,28
1.75,A12_Dulcitol,27
2.0,A12_Dulcitol,27
2.25,A12_Dulcitol,22
2.5,A12_Dulcitol,21
2.75,A12_Dulcitol,26
3.0,A12_Dulcitol,27
3.25,A12_Dulcitol,24
3.5,A12_Dulcitol,21
3.75,A12_Dulcitol,27
4.0,A12_Dulcitol,24
4.25,A12_Dulcitol,27
4.5,A12_Dulcitol,26
4.75,A12_Dulcitol,28
5.0,A12_Dulcitol,29
5.25,A12_Dulcitol,30
5.5,A12_Dulcitol,34
5.75,A12_Dulcitol,31
6.0,A12_Dulcitol,32
6.25,A12_Dulcitol,31
6.5,A12_Dulcitol,35
6.75,A12_Dulcitol,37
7.0,A12_Dulcitol,35
7.25,A12_Dulcitol,38
7.5,A12_Dulcitol,41
7.75,A12_Dulcitol,40
8.0,A12_Dulcitol,39
8.25,A12_Dulcitol,37
8.5,A12_Dulcitol,40
8.75,A12_Dulcitol,35
9.0,A12_Dulcitol,39
9.25,A12_Dulcitol,38
9.5,A12_Dulcitol,37
9.75,A12_Dulcitol,40
10.0,A12_Dulcitol,40
10.25,A12_Dulcitol,40
10.5,A12_Dulcitol,42
10.75,A12_Dulcitol,42
11.0,A12_Dulcitol,39
11.25,A12_Dulcitol,39
11.5,A12_Dulcitol,39
11.75,A12_Dulcitol,39
12.0,A12_Dulcitol,42
12.25,A12_Dulcitol,40
12.5,A12_Dulcitol,42
12.75,A12_Dulcitol,43
13.0,A12_Dulcitol,42
13.25,A12_Dulcitol,39
13.5,A12_Dulcitol,38
13.75,A12_Dulcitol,42
14.0,A12_Dulcitol,43
14.25,A12_Dulcitol,42
14.5,A12_Dulcitol,43
14.75,A12_Dulcitol,41
15.0,A12_Dulcitol,45
15.25,A12_Dulcitol,43
15.5,A12_Dulcitol,42
15.75,A12_Dulcitol,42
16.0,A12_Dulcitol,43
16.25,A12_Dulcitol,48
16.5,A12_Dulcitol,42
16.75,A12_Dulcitol,43
17.0,A12_Dulcitol,48
17.25,A12_Dulcitol,46
17.5,A12_Dulcitol,42
17.75,A12_Dulcitol,45
18.0,A12_Dulcitol,46
18.25,A12_Dulcitol,45
18.5,A12_Dulcitol,44
18.75,A12_Dulcitol,45
19.0,A12_Dulcitol,47
19.25,A12_Dulcitol,45
19.5,A12_Dulcitol,47
19.75,A12_Dulcitol,45
20.0,A12_Dulcitol,45
20.25,A12_Dulcitol,44
20.5,A12_Dulcitol,44
20.75,A12_Dulcitol,46
21.0,A12_Dulcitol,44
21.25,A12_Dulcitol,44
21.5,A12_Dulcitol,46
21.75,A12_Dulcitol,47
22.0,A12_Dulcitol,47
22.25,A12_Dulcitol,46
22.5,A12_Dulcitol,47
22.75,A12_Dulcitol,41
23.0,A12_Dulcitol,46
23.25,A12_Dulcitol,42
23.5,A12_Dulcitol,41
23.75,A12_Dulcitol,47
24.0,A12_Dulcitol,46
24.25,A12_Dulcitol,48
24.5,A12_Dulcitol,46
24.75,A12_Dulcitol,50
25.0,A12_Dulcitol,45
25.25,A12_Dulcitol,48
25.5,A12_Dulcitol,48
25.75,A12_Dulcitol,46
26.0,A12_Dulcitol,47
26.25,A12_Dulcitol,47
26.5,A12_Dulcitol,48
26.75,A12_Dulcitol,45
27.0,A12_Dulcitol,51
27.25,A12_Dulcitol,46
27.5,A12_Dulcitol,44
27.75,A12_Dulcitol,49
28.0,A12_Dulcitol,45
28.25,A12_Dulcitol,46
28.5,A12_Dulcitol,46
28.75,A12_Dulcitol,46
29.0,A12_Dulcitol,49
29.25,A12_Dulcitol,45
29.5,A12_Dulcitol,47
29.75,A12_Dulcitol,47
30.0,A12_Dulcitol,48
30.25,A12_Dulcitol,48
30.5,A12_Dulcitol,47
30.75,A12_Dulcitol,44
31.0,A12_Dulcitol,48
31.25,A12_Dulcitol,46
31.5,A12_Dulcitol,44
31.75,A12_Dulcitol,47
32.0,A12_Dulcitol,47
32.25,A12_Dulcitol,45
32.5,A12_Dulcitol,46
32.75,A12_Dulcitol,50
33.0,A12_Dulcitol,51
33.25,A12_Dulcitol,47
33.5,A12_Dulcitol,48
33.75,A12_Dulcitol,47
34.0,A12_Dulcitol,48
34.25,A12_Dulcitol,48
34.5,A12_Dulcitol,47
34.75,A12_Dulcitol,49
35.0,A12_Dulcitol,46
35.25,A12_Dulcitol,46
35.5,A12_Dulcitol,49
35.75,A12_Dulcitol,44
36.0,A12_Dulcitol,44
36.25,A12_Dulcitol,47
36.5,A12_Dulcitol,51
36.75,A12_Dulcitol,50
37.0,A12_Dulcitol,44
37.25,A12_Dulcitol,46
37.5,A12_Dulcitol,50
37.75,A12_Dulcitol,51
38.0,A12_Dulcitol,49
38.25,A12_Dulcitol,47
38.5,A12_Dulcitol,43
38.75,A12_Dulcitol,43
39.0,A12_Dulcitol,45
39.25,A12_Dulcitol,51
39.5,A12_Dulcitol,53
39.75,A12_Dulcitol,48
40.0,A12_Dulcitol,44
40.25,A12_Dulcitol,44
40.5,A12_Dulcitol,50
40.75,A12_Dulcitol,47
41.0,A12_Dulcitol,49
41.25,A12_Dulcitol,52
41.5,A12_Dulcitol,49
41.75,A12_Dulcitol,49
42.0,A12_Dulcitol,51
42.25,A12_Dulcitol,52
42.5,A12_Dulcitol,46
42.75,A12_Dulcitol,43
43.0,A12_Dulcitol,47
43.25,A12_Dulcitol,49
43.5,A12_Dulcitol,45
43.75,A12_Dulcitol,47
44.0,A12_Dulcitol,49
44.25,A12_Dulcitol,50
44.5,A12_Dulcitol,50
44.75,A12_Dulcitol,46
45.0,A12_Dulcitol,47
45.25,A12_Dulcitol,51
45.5,A12_Dulcitol,47
45.75,A12_Dulcitol,49
46.0,A12_Dulcitol,49
46.25,A12_Dulcitol,45
46.5,A12_Dulcitol,46
46.75,A12_Dulcitol,46
47.0,A12_Dulcitol,46
47.25,A12_Dulcitol,43
47.5,A12_Dulcitol,0
0.0,B1_D-Serine,24
0.25,B1_D-Serine,18
0.5,B1_D-Serine,18
0.75,B1_D-Serine,22
1.0,B1_D-Serine,18
1.25,B1_D-Serine,19
1.5,B1_D-Serine,21
1.75,B1_D-Serine,20
2.0,B1_D-Serine,23
2.25,B1_D-Serine,21
2.5,B1_D-Serine,22
2.75,B1_D-Serine,21
3.0,B1_D-Serine,25
3.25,B1_D-Serine,17
3.5,B1_D-Serine,19
3.75,B1_D-Serine,25
4.0,B1_D-Serine,20
4.25,B1_D-Serine,20
4.5,B1_D-Serine,23
4.75,B1_D-Serine,21
5.0,B1_D-Serine,18
5.25,B1_D-Serine,20
5.5,B1_D-Serine,21
5.75,B1_D-Serine,25
6.0,B1_D-Serine,23
6.25,B1_D-Serine,21
6.5,B1_D-Serine,26
6.75,B1_D-Serine,21
7.0,B1_D-Serine,23
7.25,B1_D-Serine,22
7.5,B1_D-Serine,21
7.75,B1_D-Serine,19
8.0,B1_D-Serine,18
8.25,B1_D-Serine,24
8.5,B1_D-Serine,23
8.75,B1_D-Serine,20
9.0,B1_D-Serine,24
9.25,B1_D-Serine,22
9.5,B1_D-Serine,22
9.75,B1_D-Serine,23
10.0,B1_D-Serine,27
10.25,B1_D-Serine,24
10.5,B1_D-Serine,26
10.75,B1_D-Serine,24
11.0,B1_D-Serine,21
11.25,B1_D-Serine,24
11.5,B1_D-Serine,25
11.75,B1_D-Serine,23
12.0,B1_D-Serine,26
12.25,B1_D-Serine,27
12.5,B1_D-Serine,23
12.75,B1_D-Serine,26
13.0,B1_D-Serine,26
13.25,B1_D-Serine,23
13.5,B1_D-Serine,26
13.75,B1_D-Serine,30
14.0,B1_D-Serine,22
14.25,B1_D-Serine,21
14.5,B1_D-Serine,26
14.75,B1_D-Serine,30
15.0,B1_D-Serine,26
15.25,B1_D-Serine,27
15.5,B1_D-Serine,29
15.75,B1_D-Serine,29
16.0,B1_D-Serine,28
16.25,B1_D-Serine,26
16.5,B1_D-Serine,24
16.75,B1_D-Serine,29
17.0,B1_D-Serine,33
17.25,B1_D-Serine,32
17.5,B1_D-Serine,29
17.75,B1_D-Serine,27
18.0,B1_D-Serine,29
18.25,B1_D-Serine,29
18.5,B1_D-Serine,29
18.75,B1_D-Serine,33
19.0,B1_D-Serine,33
19.25,B1_D-Serine,36
19.5,B1_D-Serine,29
19.75,B1_D-Serine,28
20.0,B1_D-Serine,32
20.25,B1_D-Serine,31
20.5,B1_D-Serine,28
20.75,B1_D-Serine,33
21.0,B1_D-Serine,31
21.25,B1_D-Serine,26
21.5,B1_D-Serine,30
21.75,B1_D-Serine,33
22.0,B1_D-Serine,33
22.25,B1_D-Serine,32
22.5,B1_D-Serine,31
22.75,B1_D-Serine,32
23.0,B1_D-Serine,32
23.25,B1_D-Serine,29
23.5,B1_D-Serine,29
23.75,B1_D-Serine,29
24.0,B1_D-Serine,30
24.25,B1_D-Serine,33
24.5,B1_D-Serine,34
24.75,B1_D-Serine,34
25.0,B1_D-Serine,32
25.25,B1_D-Serine,37
25.5,B1_D-Serine,32
25.75,B1_D-Serine,31
26.0,B1_D-Serine,30
26.25,B1_D-Serine,32
26.5,B1_D-Serine,38
26.75,B1_D-Serine,31
27.0,B1_D-Serine,38
27.25,B1_D-Serine,35
27.5,B1_D-Serine,34
27.75,B1_D-Serine,31
28.0,B1_D-Serine,30
28.25,B1_D-Serine,39
28.5,B1_D-Serine,31
28.75,B1_D-Serine,33
29.0,B1_D-Serine,31
29.25,B1_D-Serine,31
29.5,B1_D-Serine,31
29.75,B1_D-Serine,31
30.0,B1_D-Serine,33
30.25,B1_D-Serine,35
30.5,B1_D-Serine,32
30.75,B1_D-Serine,34
31.0,B1_D-Serine,36
31.25,B1_D-Serine,35
31.5,B1_D-Serine,33
31.75,B1_D-Serine,31
32.0,B1_D-Serine,30
32.25,B1_D-Serine,30
32.5,B1_D-Serine,33
32.75,B1_D-Serine,36
33.0,B1_D-Serine,33
33.25,B1_D-Serine,34
33.5,B1_D-Serine,36
33.75,B1_D-Serine,37
34.0,B1_D-Serine,30
34.25,B1_D-Serine,33
34.5,B1_D-Serine,33
34.75,B1_D-Serine,35
35.0,B1_D-Serine,33
35.25,B1_D-Serine,32
35.5,B1_D-Serine,36
35.75,B1_D-Serine,36
36.0,B1_D-Serine,35
36.25,B1_D-Serine,33
36.5,B1_D-Serine,34
36.75,B1_D-Serine,35
37.0,B1_D-Serine,30
37.25,B1_D-Serine,35
37.5,B1_D-Serine,34
37.75,B1_D-Serine,35
38.0,B1_D-Serine,37
38.25,B1_D-Serine,35
38.5,B1_D-Serine,36
38.75,B1_D-Serine,41
39.0,B1_D-Serine,36
39.25,B1_D-Serine,36
39.5,B1_D-Serine,37
39.75,B1_D-Serine,32
40.0,B1_D-Serine,36
40.25,B1_D-Serine,34
40.5,B1_D-Serine,36
40.75,B1_D-Serine,36
41.0,B1_D-Serine,35
41.25,B1_D-Serine,35
41.5,B1_D-Serine,34
41.75,B1_D-Serine,32
42.0,B1_D-Serine,35
42.25,B1_D-Serine,37
42.5,B1_D-Serine,38
42.75,B1_D-Serine,35
43.0,B1_D-Serine,36
43.25,B1_D-Serine,33
43.5,B1_D-Serine,36
43.75,B1_D-Serine,37
44.0,B1_D-Serine,35
44.25,B1_D-Serine,33
44.5,B1_D-Serine,31
44.75,B1_D-Serine,38
45.0,B1_D-Serine,35
45.25,B1_D-Serine,36
45.5,B1_D-Serine,37
45.75,B1_D-Serine,32
46.0,B1_D-Serine,36
46.25,B1_D-Serine,34
46.5,B1_D-Serine,37
46.75,B1_D-Serine,38
47.0,B1_D-Serine,37
47.25,B1_D-Serine,35
47.5,B1_D-Serine,0
0.0,B2_D-Sorbitol,11
0.25,B2_D-Sorbitol,11
0.5,B2_D-Sorbitol,11
0.75,B2_D-Sorbitol,11
1.0,B2_D-Sorbitol,11
1.25,B2_D-Sorbitol,11
1.5,B2_D-Sorbitol,11
1.75,B2_D-Sorbitol,11
2.0,B2_D-Sorbitol,11
2.25,B2_D-Sorbitol,11
2.5,B2_D-Sorbitol,11
2.75,B2_D-Sorbitol,11
3.0,B2_D-Sorbitol,12
3.25,B2_D-Sorbitol,11
3.5,B2_D-Sorbitol,11
3.75,B2_D-Sorbitol,12
4.0,B2_D-Sorbitol,11
4.25,B2_D-Sorbitol,13
4.5,B2_D-Sorbitol,13
4.75,B2_D-Sorbitol,15
5.0,B2_D-Sorbitol,16
5.25,B2_D-Sorbitol,20
5.5,B2_D-Sorbitol,15
5.75,B2_D-Sorbitol,18
6.0,B2_D-Sorbitol,19
6.25,B2_D-Sorbitol,24
6.5,B2_D-Sorbitol,18
6.75,B2_D-Sorbitol,20
7.0,B2_D-Sorbitol,17
7.25,B2_D-Sorbitol,23
7.5,B2_D-Sorbitol,18
7.75,B2_D-Sorbitol,22
8.0,B2_D-Sorbitol,23
8.25,B2_D-Sorbitol,23
8.5,B2_D-Sorbitol,20
8.75,B2_D-Sorbitol,19
9.0,B2_D-Sorbitol,26
9.25,B2_D-Sorbitol,25
9.5,B2_D-Sorbitol,23
9.75,B2_D-Sorbitol,22
10.0,B2_D-Sorbitol,26
10.25,B2_D-Sorbitol,27
10.5,B2_D-Sorbitol,27
10.75,B2_D-Sorbitol,22
11.0,B2_D-Sorbitol,24
11.25,B2_D-Sorbitol,24
11.5,B2_D-Sorbitol,25
11.75,B2_D-Sorbitol,25
12.0,B2_D-Sorbitol,23
12.25,B2_D-Sorbitol,25
12.5,B2_D-Sorbitol,25
12.75,B2_D-Sorbitol,29
13.0,B2_D-Sorbitol,27
13.25,B2_D-Sorbitol,26
13.5,B2_D-Sorbitol,27
13.75,B2_D-Sorbitol,29
14.0,B2_D-Sorbitol,25
14.25,B2_D-Sorbitol,28
14.5,B2_D-Sorbitol,28
14.75,B2_D-Sorbitol,26
15.0,B2_D-Sorbitol,27
15.25,B2_D-Sorbitol,32
15.5,B2_D-Sorbitol,28
15.75,B2_D-Sorbitol,28
16.0,B2_D-Sorbitol,27
16.25,B2_D-Sorbitol,27
16.5,B2_D-Sorbitol,32
16.75,B2_D-Sorbitol,33
17.0,B2_D-Sorbitol,31
17.25,B2_D-Sorbitol,29
17.5,B2_D-Sorbitol,28
17.75,B2_D-Sorbitol,31
18.0,B2_D-Sorbitol,35
18.25,B2_D-Sorbitol,30
18.5,B2_D-Sorbitol,33
18.75,B2_D-Sorbitol,32
19.0,B2_D-Sorbitol,29
19.25,B2_D-Sorbitol,31
19.5,B2_D-Sorbitol,30
19.75,B2_D-Sorbitol,27
20.0,B2_D-Sorbitol,30
20.25,B2_D-Sorbitol,31
20.5,B2_D-Sorbitol,30
20.75,B2_D-Sorbitol,33
21.0,B2_D-Sorbitol,28
21.25,B2_D-Sorbitol,31
21.5,B2_D-Sorbitol,31
21.75,B2_D-Sorbitol,32
22.0,B2_D-Sorbitol,32
22.25,B2_D-Sorbitol,38
22.5,B2_D-Sorbitol,32
22.75,B2_D-Sorbitol,30
23.0,B2_D-Sorbitol,35
23.25,B2_D-Sorbitol,29
23.5,B2_D-Sorbitol,29
23.75,B2_D-Sorbitol,31
24.0,B2_D-Sorbitol,30
24.25,B2_D-Sorbitol,31
24.5,B2_D-Sorbitol,35
24.75,B2_D-Sorbitol,35
25.0,B2_D-Sorbitol,37
25.25,B2_D-Sorbitol,33
25.5,B2_D-Sorbitol,34
25.75,B2_D-Sorbitol,34
26.0,B2_D-Sorbitol,33
26.25,B2_D-Sorbitol,32
26.5,B2_D-Sorbitol,33
26.75,B2_D-Sorbitol,30
27.0,B2_D-Sorbitol,37
27.25,B2_D-Sorbitol,32
27.5,B2_D-Sorbitol,36
27.75,B2_D-Sorbitol,35
28.0,B2_D-Sorbitol,31
28.25,B2_D-Sorbitol,35
28.5,B2_D-Sorbitol,35
28.75,B2_D-Sorbitol,33
29.0,B2_D-Sorbitol,34
29.25,B2_D-Sorbitol,30
29.5,B2_D-Sorbitol,33
29.75,B2_D-Sorbitol,32
30.0,B2_D-Sorbitol,31
30.25,B2_D-Sorbitol,32
30.5,B2_D-Sorbitol,29
30.75,B2_D-Sorbitol,36
31.0,B2_D-Sorbitol,34
31.25,B2_D-Sorbitol,37
31.5,B2_D-Sorbitol,34
31.75,B2_D-Sorbitol,35
32.0,B2_D-Sorbitol,31
32.25,B2_D-Sorbitol,30
32.5,B2_D-Sorbitol,34
32.75,B2_D-Sorbitol,34
33.0,B2_D-Sorbitol,31
33.25,B2_D-Sorbitol,32
33.5,B2_D-Sorbitol,31
33.75,B2_D-Sorbitol,35
34.0,B2_D-Sorbitol,36
34.25,B2_D-Sorbitol,34
34.5,B2_D-Sorbitol,33
34.75,B2_D-Sorbitol,30
35.0,B2_D-Sorbitol,32
35.25,B2_D-Sorbitol,31
35.5,B2_D-Sorbitol,32
35.75,B2_D-Sorbitol,33
36.0,B2_D-Sorbitol,32
36.25,B2_D-Sorbitol,32
36.5,B2_D-Sorbitol,36
36.75,B2_D-Sorbitol,30
37.0,B2_D-Sorbitol,32
37.25,B2_D-Sorbitol,32
37.5,B2_D-Sorbitol,33
37.75,B2_D-Sorbitol,32
38.0,B2_D-Sorbitol,34
38.25,B2_D-Sorbitol,31
38.5,B2_D-Sorbitol,35
38.75,B2_D-Sorbitol,31
39.0,B2_D-Sorbitol,34
39.25,B2_D-Sorbitol,36
39.5,B2_D-Sorbitol,34
39.75,B2_D-Sorbitol,30
40.0,B2_D-Sorbitol,35
40.25,B2_D-Sorbitol,31
40.5,B2_D-Sorbitol,34
40.75,B2_D-Sorbitol,33
41.0,B2_D-Sorbitol,27
41.25,B2_D-Sorbitol,30
41.5,B2_D-Sorbitol,31
41.75,B2_D-Sorbitol,30
42.0,B2_D-Sorbitol,29
42.25,B2_D-Sorbitol,29
42.5,B2_D-Sorbitol,32
42.75,B2_D-Sorbitol,28
43.0,B2_D-Sorbitol,32
43.25,B2_D-Sorbitol,30
43.5,B2_D-Sorbitol,31
43.75,B2_D-Sorbitol,26
44.0,B2_D-Sorbitol,30
44.25,B2_D-Sorbitol,28
44.5,B2_D-Sorbitol,32
44.75,B2_D-Sorbitol,30
45.0,B2_D-Sorbitol,32
45.25,B2_D-Sorbitol,29
45.5,B2_D-Sorbitol,36
45.75,B2_D-Sorbitol,30
46.0,B2_D-Sorbitol,31
46.25,B2_D-Sorbitol,33
46.5,B2_D-Sorbitol,32
46.75,B2_D-Sorbitol,32
47.0,B2_D-Sorbitol,32
47.25,B2_D-Sorbitol,31
47.5,B2_D-Sorbitol,0
0.0,B3_Glycerol,18
0.25,B3_Glycerol,17
0.5,B3_Glycerol,15
0.75,B3_Glycerol,18
1.0,B3_Glycerol,16
1.25,B3_Glycerol,16
1.5,B3_Glycerol,13
1.75,B3_Glycerol,14
2.0,B3_Glycerol,15
2.25,B3_Glycerol,12
2.5,B3_Glycerol,11
2.75,B3_Glycerol,11
3.0,B3_Glycerol,15
3.25,B3_Glycerol,11
3.5,B3_Glycerol,11
3.75,B3_Glycerol,16
4.0,B3_Glycerol,11
4.25,B3_Glycerol,17
4.5,B3_Glycerol,16
4.75,B3_Glycerol,14
5.0,B3_Glycerol,17
5.25,B3_Glycerol,20
5.5,B3_Glycerol,19
5.75,B3_Glycerol,24
6.0,B3_Glycerol,25
6.25,B3_Glycerol,24
6.5,B3_Glycerol,26
6.75,B3_Glycerol,31
7.0,B3_Glycerol,31
7.25,B3_Glycerol,34
7.5,B3_Glycerol,35
7.75,B3_Glycerol,38
8.0,B3_Glycerol,37
8.25,B3_Glycerol,36
8.5,B3_Glycerol,44
8.75,B3_Glycerol,47
9.0,B3_Glycerol,51
9.25,B3_Glycerol,52
9.5,B3_Glycerol,52
9.75,B3_Glycerol,58
10.0,B3_Glycerol,64
10.25,B3_Glycerol,62
10.5,B3_Glycerol,64
10.75,B3_Glycerol,64
11.0,B3_Glycerol,67
11.25,B3_Glycerol,73
11.5,B3_Glycerol,82
11.75,B3_Glycerol,81
12.0,B3_Glycerol,85
12.25,B3_Glycerol,94
12.5,B3_Glycerol,94
12.75,B3_Glycerol,94
13.0,B3_Glycerol,97
13.25,B3_Glycerol,106
13.5,B3_Glycerol,108
13.75,B3_Glycerol,107
14.0,B3_Glycerol,112
14.25,B3_Glycerol,124
14.5,B3_Glycerol,123
14.75,B3_Glycerol,124
15.0,B3_Glycerol,134
15.25,B3_Glycerol,138
15.5,B3_Glycerol,142
15.75,B3_Glycerol,145
16.0,B3_Glycerol,151
16.25,B3_Glycerol,151
16.5,B3_Glycerol,153
16.75,B3_Glycerol,163
17.0,B3_Glycerol,168
17.25,B3_Glycerol,174
17.5,B3_Glycerol,179
17.75,B3_Glycerol,183
18.0,B3_Glycerol,188
18.25,B3_Glycerol,188
18.5,B3_Glycerol,194
18.75,B3_Glycerol,191
19.0,B3_Glycerol,201
19.25,B3_Glycerol,204
19.5,B3_Glycerol,208
19.75,B3_Glycerol,210
20.0,B3_Glycerol,215
20.25,B3_Glycerol,218
20.5,B3_Glycerol,222
20.75,B3_Glycerol,224
21.0,B3_Glycerol,224
21.25,B3_Glycerol,228
21.5,B3_Glycerol,231
21.75,B3_Glycerol,233
22.0,B3_Glycerol,238
22.25,B3_Glycerol,237
22.5,B3_Glycerol,241
22.75,B3_Glycerol,244
23.0,B3_Glycerol,246
23.25,B3_Glycerol,246
23.5,B3_Glycerol,249
23.75,B3_Glycerol,247
24.0,B3_Glycerol,252
24.25,B3_Glycerol,253
24.5,B3_Glycerol,256
24.75,B3_Glycerol,258
25.0,B3_Glycerol,261
25.25,B3_Glycerol,263
25.5,B3_Glycerol,262
25.75,B3_Glycerol,262
26.0,B3_Glycerol,264
26.25,B3_Glycerol,266
26.5,B3_Glycerol,269
26.75,B3_Glycerol,267
27.0,B3_Glycerol,268
27.25,B3_Glycerol,271
27.5,B3_Glycerol,268
27.75,B3_Glycerol,273
28.0,B3_Glycerol,270
28.25,B3_Glycerol,272
28.5,B3_Glycerol,273
28.75,B3_Glycerol,274
29.0,B3_Glycerol,273
29.25,B3_Glycerol,273
29.5,B3_Glycerol,275
29.75,B3_Glycerol,272
30.0,B3_Glycerol,274
30.25,B3_Glycerol,275
30.5,B3_Glycerol,277
30.75,B3_Glycerol,278
31.0,B3_Glycerol,279
31.25,B3_Glycerol,277
31.5,B3_Glycerol,272
31.75,B3_Glycerol,271
32.0,B3_Glycerol,276
32.25,B3_Glycerol,275
32.5,B3_Glycerol,275
32.75,B3_Glycerol,279
33.0,B3_Glycerol,276
33.25,B3_Glycerol,276
33.5,B3_Glycerol,278
33.75,B3_Glycerol,281
34.0,B3_Glycerol,280
34.25,B3_Glycerol,279
34.5,B3_Glycerol,281
34.75,B3_Glycerol,281
35.0,B3_Glycerol,278
35.25,B3_Glycerol,278
35.5,B3_Glycerol,281
35.75,B3_Glycerol,279
36.0,B3_Glycerol,277
36.25,B3_Glycerol,283
36.5,B3_Glycerol,284
36.75,B3_Glycerol,282
37.0,B3_Glycerol,284
37.25,B3_Glycerol,280
37.5,B3_Glycerol,281
37.75,B3_Glycerol,280
38.0,B3_Glycerol,281
38.25,B3_Glycerol,283
38.5,B3_Glycerol,282
38.75,B3_Glycerol,282
39.0,B3_Glycerol,283
39.25,B3_Glycerol,285
39.5,B3_Glycerol,284
39.75,B3_Glycerol,281
40.0,B3_Glycerol,284
40.25,B3_Glycerol,284
40.5,B3_Glycerol,285
40.75,B3_Glycerol,283
41.0,B3_Glycerol,285
41.25,B3_Glycerol,289
41.5,B3_Glycerol,286
41.75,B3_Glycerol,288
42.0,B3_Glycerol,286
42.25,B3_Glycerol,288
42.5,B3_Glycerol,285
42.75,B3_Glycerol,284
43.0,B3_Glycerol,287
43.25,B3_Glycerol,282
43.5,B3_Glycerol,286
43.75,B3_Glycerol,286
44.0,B3_Glycerol,284
44.25,B3_Glycerol,282
44.5,B3_Glycerol,285
44.75,B3_Glycerol,285
45.0,B3_Glycerol,286
45.25,B3_Glycerol,286
45.5,B3_Glycerol,287
45.75,B3_Glycerol,286
46.0,B3_Glycerol,289
46.25,B3_Glycerol,290
46.5,B3_Glycerol,287
46.75,B3_Glycerol,282
47.0,B3_Glycerol,290
47.25,B3_Glycerol,288
47.5,B3_Glycerol,0
0.0,B4_L-Fucose,11
0.25,B4_L-Fucose,11
0.5,B4_L-Fucose,11
0.75,B4_L-Fucose,11
1.0,B4_L-Fucose,11
1.25,B4_L-Fucose,11
1.5,B4_L-Fucose,11
1.75,B4_L-Fucose,12
2.0,B4_L-Fucose,11
2.25,B4_L-Fucose,11
2.5,B4_L-Fucose,14
2.75,B4_L-Fucose,11
3.0,B4_L-Fucose,11
3.25,B4_L-Fucose,12
3.5,B4_L-Fucose,11
3.75,B4_L-Fucose,11
4.0,B4_L-Fucose,15
4.25,B4_L-Fucose,16
4.5,B4_L-Fucose,16
4.75,B4_L-Fucose,16
5.0,B4_L-Fucose,16
5.25,B4_L-Fucose,19
5.5,B4_L-Fucose,22
5.75,B4_L-Fucose,19
6.0,B4_L-Fucose,22
6.25,B4_L-Fucose,16
6.5,B4_L-Fucose,26
6.75,B4_L-Fucose,23
7.0,B4_L-Fucose,24
7.25,B4_L-Fucose,28
7.5,B4_L-Fucose,23
7.75,B4_L-Fucose,26
8.0,B4_L-Fucose,23
8.25,B4_L-Fucose,27
8.5,B4_L-Fucose,28
8.75,B4_L-Fucose,24
9.0,B4_L-Fucose,27
9.25,B4_L-Fucose,26
9.5,B4_L-Fucose,27
9.75,B4_L-Fucose,31
10.0,B4_L-Fucose,30
10.25,B4_L-Fucose,27
10.5,B4_L-Fucose,28
10.75,B4_L-Fucose,29
11.0,B4_L-Fucose,28
11.25,B4_L-Fucose,26
11.5,B4_L-Fucose,25
11.75,B4_L-Fucose,30
12.0,B4_L-Fucose,25
12.25,B4_L-Fucose,30
12.5,B4_L-Fucose,29
12.75,B4_L-Fucose,26
13.0,B4_L-Fucose,29
13.25,B4_L-Fucose,27
13.5,B4_L-Fucose,27
13.75,B4_L-Fucose,30
14.0,B4_L-Fucose,30
14.25,B4_L-Fucose,28
14.5,B4_L-Fucose,30
14.75,B4_L-Fucose,34
15.0,B4_L-Fucose,25
15.25,B4_L-Fucose,33
15.5,B4_L-Fucose,28
15.75,B4_L-Fucose,28
16.0,B4_L-Fucose,33
16.25,B4_L-Fucose,27
16.5,B4_L-Fucose,33
16.75,B4_L-Fucose,33
17.0,B4_L-Fucose,30
17.25,B4_L-Fucose,33
17.5,B4_L-Fucose,28
17.75,B4_L-Fucose,28
18.0,B4_L-Fucose,33
18.25,B4_L-Fucose,36
18.5,B4_L-Fucose,31
18.75,B4_L-Fucose,31
19.0,B4_L-Fucose,33
19.25,B4_L-Fucose,34
19.5,B4_L-Fucose,31
19.75,B4_L-Fucose,33
20.0,B4_L-Fucose,33
20.25,B4_L-Fucose,33
20.5,B4_L-Fucose,34
20.75,B4_L-Fucose,33
21.0,B4_L-Fucose,36
21.25,B4_L-Fucose,29
21.5,B4_L-Fucose,32
21.75,B4_L-Fucose,29
22.0,B4_L-Fucose,35
22.25,B4_L-Fucose,31
22.5,B4_L-Fucose,34
22.75,B4_L-Fucose,34
23.0,B4_L-Fucose,35
23.25,B4_L-Fucose,33
23.5,B4_L-Fucose,34
23.75,B4_L-Fucose,34
24.0,B4_L-Fucose,29
24.25,B4_L-Fucose,30
24.5,B4_L-Fucose,35
24.75,B4_L-Fucose,34
25.0,B4_L-Fucose,34
25.25,B4_L-Fucose,37
25.5,B4_L-Fucose,35
25.75,B4_L-Fucose,35
26.0,B4_L-Fucose,36
26.25,B4_L-Fucose,33
26.5,B4_L-Fucose,35
26.75,B4_L-Fucose,32
27.0,B4_L-Fucose,36
27.25,B4_L-Fucose,34
27.5,B4_L-Fucose,33
27.75,B4_L-Fucose,30
28.0,B4_L-Fucose,33
28.25,B4_L-Fucose,34
28.5,B4_L-Fucose,34
28.75,B4_L-Fucose,37
29.0,B4_L-Fucose,36
29.25,B4_L-Fucose,34
29.5,B4_L-Fucose,37
29.75,B4_L-Fucose,37
30.0,B4_L-Fucose,32
30.25,B4_L-Fucose,38
30.5,B4_L-Fucose,39
30.75,B4_L-Fucose,37
31.0,B4_L-Fucose,33
31.25,B4_L-Fucose,33
31.5,B4_L-Fucose,30
31.75,B4_L-Fucose,36
32.0,B4_L-Fucose,35
32.25,B4_L-Fucose,31
32.5,B4_L-Fucose,36
32.75,B4_L-Fucose,36
33.0,B4_L-Fucose,34
33.25,B4_L-Fucose,33
33.5,B4_L-Fucose,35
33.75,B4_L-Fucose,34
34.0,B4_L-Fucose,38
34.25,B4_L-Fucose,42
34.5,B4_L-Fucose,37
34.75,B4_L-Fucose,36
35.0,B4_L-Fucose,39
35.25,B4_L-Fucose,38
35.5,B4_L-Fucose,37
35.75,B4_L-Fucose,32
36.0,B4_L-Fucose,31
36.25,B4_L-Fucose,30
36.5,B4_L-Fucose,38
36.75,B4_L-Fucose,40
37.0,B4_L-Fucose,39
37.25,B4_L-Fucose,34
37.5,B4_L-Fucose,34
37.75,B4_L-Fucose,36
38.0,B4_L-Fucose,37
38.25,B4_L-Fucose,36
38.5,B4_L-Fucose,35
38.75,B4_L-Fucose,34
39.0,B4_L-Fucose,35
39.25,B4_L-Fucose,31
39.5,B4_L-Fucose,38
39.75,B4_L-Fucose,37
40.0,B4_L-Fucose,36
40.25,B4_L-Fucose,35
40.5,B4_L-Fucose,37
40.75,B4_L-Fucose,34
41.0,B4_L-Fucose,35
41.25,B4_L-Fucose,38
41.5,B4_L-Fucose,31
41.75,B4_L-Fucose,34
42.0,B4_L-Fucose,34
42.25,B4_L-Fucose,33
42.5,B4_L-Fucose,33
42.75,B4_L-Fucose,38
43.0,B4_L-Fucose,39
43.25,B4_L-Fucose,33
43.5,B4_L-Fucose,37
43.75,B4_L-Fucose,40
44.0,B4_L-Fucose,38
44.25,B4_L-Fucose,35
44.5,B4_L-Fucose,39
44.75,B4_L-Fucose,34
45.0,B4_L-Fucose,36
45.25,B4_L-Fucose,36
45.5,B4_L-Fucose,36
45.75,B4_L-Fucose,33
46.0,B4_L-Fucose,34
46.25,B4_L-Fucose,36
46.5,B4_L-Fucose,36
46.75,B4_L-Fucose,34
47.0,B4_L-Fucose,33
47.25,B4_L-Fucose,34
47.5,B4_L-Fucose,0
0.0,B5_D-Glucuronic_Acid,20
0.25,B5_D-Glucuronic_Acid,35
0.5,B5_D-Glucuronic_Acid,51
0.75,B5_D-Glucuronic_Acid,19
1.0,B5_D-Glucuronic_Acid,11
1.25,B5_D-Glucuronic_Acid,11
1.5,B5_D-Glucuronic_Acid,11
1.75,B5_D-Glucuronic_Acid,11
2.0,B5_D-Glucuronic_Acid,11
2.25,B5_D-Glucuronic_Acid,11
2.5,B5_D-Glucuronic_Acid,11
2.75,B5_D-Glucuronic_Acid,11
3.0,B5_D-Glucuronic_Acid,11
3.25,B5_D-Glucuronic_Acid,11
3.5,B5_D-Glucuronic_Acid,11
3.75,B5_D-Glucuronic_Acid,12
4.0,B5_D-Glucuronic_Acid,11
4.25,B5_D-Glucuronic_Acid,12
4.5,B5_D-Glucuronic_Acid,15
4.75,B5_D-Glucuronic_Acid,11
5.0,B5_D-Glucuronic_Acid,17
5.25,B5_D-Glucuronic_Acid,13
5.5,B5_D-Glucuronic_Acid,17
5.75,B5_D-Glucuronic_Acid,20
6.0,B5_D-Glucuronic_Acid,20
6.25,B5_D-Glucuronic_Acid,21
6.5,B5_D-Glucuronic_Acid,19
6.75,B5_D-Glucuronic_Acid,25
7.0,B5_D-Glucuronic_Acid,24
7.25,B5_D-Glucuronic_Acid,20
7.5,B5_D-Glucuronic_Acid,23
7.75,B5_D-Glucuronic_Acid,30
8.0,B5_D-Glucuronic_Acid,31
8.25,B5_D-Glucuronic_Acid,27
8.5,B5_D-Glucuronic_Acid,28
8.75,B5_D-Glucuronic_Acid,24
9.0,B5_D-Glucuronic_Acid,27
9.25,B5_D-Glucuronic_Acid,28
9.5,B5_D-Glucuronic_Acid,26
9.75,B5_D-Glucuronic_Acid,28
10.0,B5_D-Glucuronic_Acid,32
10.25,B5_D-Glucuronic_Acid,28
10.5,B5_D-Glucuronic_Acid,28
10.75,B5_D-Glucuronic_Acid,27
11.0,B5_D-Glucuronic_Acid,30
11.25,B5_D-Glucuronic_Acid,29
11.5,B5_D-Glucuronic_Acid,35
11.75,B5_D-Glucuronic_Acid,33
12.0,B5_D-Glucuronic_Acid,35
12.25,B5_D-Glucuronic_Acid,33
12.5,B5_D-Glucuronic_Acid,36
12.75,B5_D-Glucuronic_Acid,35
13.0,B5_D-Glucuronic_Acid,31
13.25,B5_D-Glucuronic_Acid,38
13.5,B5_D-Glucuronic_Acid,42
13.75,B5_D-Glucuronic_Acid,36
14.0,B5_D-Glucuronic_Acid,37
14.25,B5_D-Glucuronic_Acid,37
14.5,B5_D-Glucuronic_Acid,39
14.75,B5_D-Glucuronic_Acid,43
15.0,B5_D-Glucuronic_Acid,43
15.25,B5_D-Glucuronic_Acid,40
15.5,B5_D-Glucuronic_Acid,47
15.75,B5_D-Glucuronic_Acid,45
16.0,B5_D-Glucuronic_Acid,48
16.25,B5_D-Glucuronic_Acid,42
16.5,B5_D-Glucuronic_Acid,45
16.75,B5_D-Glucuronic_Acid,49
17.0,B5_D-Glucuronic_Acid,51
17.25,B5_D-Glucuronic_Acid,49
17.5,B5_D-Glucuronic_Acid,48
17.75,B5_D-Glucuronic_Acid,53
18.0,B5_D-Glucuronic_Acid,55
18.25,B5_D-Glucuronic_Acid,55
18.5,B5_D-Glucuronic_Acid,55
18.75,B5_D-Glucuronic_Acid,54
19.0,B5_D-Glucuronic_Acid,58
19.25,B5_D-Glucuronic_Acid,54
19.5,B5_D-Glucuronic_Acid,52
19.75,B5_D-Glucuronic_Acid,57
20.0,B5_D-Glucuronic_Acid,61
20.25,B5_D-Glucuronic_Acid,64
20.5,B5_D-Glucuronic_Acid,61
20.75,B5_D-Glucuronic_Acid,68
21.0,B5_D-Glucuronic_Acid,60
21.25,B5_D-Glucuronic_Acid,61
21.5,B5_D-Glucuronic_Acid,71
21.75,B5_D-Glucuronic_Acid,63
22.0,B5_D-Glucuronic_Acid,67
22.25,B5_D-Glucuronic_Acid,67
22.5,B5_D-Glucuronic_Acid,69
22.75,B5_D-Glucuronic_Acid,69
23.0,B5_D-Glucuronic_Acid,74
23.25,B5_D-Glucuronic_Acid,74
23.5,B5_D-Glucuronic_Acid,74
23.75,B5_D-Glucuronic_Acid,71
24.0,B5_D-Glucuronic_Acid,70
24.25,B5_D-Glucuronic_Acid,76
24.5,B5_D-Glucuronic_Acid,76
24.75,B5_D-Glucuronic_Acid,81
25.0,B5_D-Glucuronic_Acid,80
25.25,B5_D-Glucuronic_Acid,85
25.5,B5_D-Glucuronic_Acid,84
25.75,B5_D-Glucuronic_Acid,85
26.0,B5_D-Glucuronic_Acid,83
26.25,B5_D-Glucuronic_Acid,85
26.5,B5_D-Glucuronic_Acid,84
26.75,B5_D-Glucuronic_Acid,91
27.0,B5_D-Glucuronic_Acid,88
27.25,B5_D-Glucuronic_Acid,90
27.5,B5_D-Glucuronic_Acid,92
27.75,B5_D-Glucuronic_Acid,94
28.0,B5_D-Glucuronic_Acid,94
28.25,B5_D-Glucuronic_Acid,97
28.5,B5_D-Glucuronic_Acid,103
28.75,B5_D-Glucuronic_Acid,107
29.0,B5_D-Glucuronic_Acid,110
29.25,B5_D-Glucuronic_Acid,107
29.5,B5_D-Glucuronic_Acid,112
29.75,B5_D-Glucuronic_Acid,120
30.0,B5_D-Glucuronic_Acid,116
30.25,B5_D-Glucuronic_Acid,118
30.5,B5_D-Glucuronic_Acid,125
30.75,B5_D-Glucuronic_Acid,124
31.0,B5_D-Glucuronic_Acid,128
31.25,B5_D-Glucuronic_Acid,130
31.5,B5_D-Glucuronic_Acid,137
31.75,B5_D-Glucuronic_Acid,141
32.0,B5_D-Glucuronic_Acid,144
32.25,B5_D-Glucuronic_Acid,145
32.5,B5_D-Glucuronic_Acid,151
32.75,B5_D-Glucuronic_Acid,153
33.0,B5_D-Glucuronic_Acid,153
33.25,B5_D-Glucuronic_Acid,158
33.5,B5_D-Glucuronic_Acid,163
33.75,B5_D-Glucuronic_Acid,163
34.0,B5_D-Glucuronic_Acid,166
34.25,B5_D-Glucuronic_Acid,160
34.5,B5_D-Glucuronic_Acid,170
34.75,B5_D-Glucuronic_Acid,175
35.0,B5_D-Glucuronic_Acid,179
35.25,B5_D-Glucuronic_Acid,179
35.5,B5_D-Glucuronic_Acid,184
35.75,B5_D-Glucuronic_Acid,183
36.0,B5_D-Glucuronic_Acid,184
36.25,B5_D-Glucuronic_Acid,187
36.5,B5_D-Glucuronic_Acid,189
36.75,B5_D-Glucuronic_Acid,195
37.0,B5_D-Glucuronic_Acid,196
37.25,B5_D-Glucuronic_Acid,199
37.5,B5_D-Glucuronic_Acid,200
37.75,B5_D-Glucuronic_Acid,204
38.0,B5_D-Glucuronic_Acid,208
38.25,B5_D-Glucuronic_Acid,204
38.5,B5_D-Glucuronic_Acid,209
38.75,B5_D-Glucuronic_Acid,212
39.0,B5_D-Glucuronic_Acid,217
39.25,B5_D-Glucuronic_Acid,217
39.5,B5_D-Glucuronic_Acid,220
39.75,B5_D-Glucuronic_Acid,217
40.0,B5_D-Glucuronic_Acid,222
40.25,B5_D-Glucuronic_Acid,223
40.5,B5_D-Glucuronic_Acid,231
40.75,B5_D-Glucuronic_Acid,228
41.0,B5_D-Glucuronic_Acid,228
41.25,B5_D-Glucuronic_Acid,232
41.5,B5_D-Glucuronic_Acid,234
41.75,B5_D-Glucuronic_Acid,234
42.0,B5_D-Glucuronic_Acid,240
42.25,B5_D-Glucuronic_Acid,239
42.5,B5_D-Glucuronic_Acid,237
42.75,B5_D-Glucuronic_Acid,237
43.0,B5_D-Glucuronic_Acid,242
43.25,B5_D-Glucuronic_Acid,248
43.5,B5_D-Glucuronic_Acid,247
43.75,B5_D-Glucuronic_Acid,245
44.0,B5_D-Glucuronic_Acid,248
44.25,B5_D-Glucuronic_Acid,252
44.5,B5_D-Glucuronic_Acid,251
44.75,B5_D-Glucuronic_Acid,253
45.0,B5_D-Glucuronic_Acid,250
45.25,B5_D-Glucuronic_Acid,252
45.5,B5_D-Glucuronic_Acid,257
45.75,B5_D-Glucuronic_Acid,253
46.0,B5_D-Glucuronic_Acid,257
46.25,B5_D-Glucuronic_Acid,261
46.5,B5_D-Glucuronic_Acid,262
46.75,B5_D-Glucuronic_Acid,260
47.0,B5_D-Glucuronic_Acid,260
47.25,B5_D-Glucuronic_Acid,263
47.5,B5_D-Glucuronic_Acid,0
0.0,B6_D-Gluconic_Acid,11
0.25,B6_D-Gluconic_Acid,11
0.5,B6_D-Gluconic_Acid,11
0.75,B6_D-Gluconic_Acid,11
1.0,B6_D-Gluconic_Acid,11
1.25,B6_D-Gluconic_Acid,11
1.5,B6_D-Gluconic_Acid,11
1.75,B6_D-Gluconic_Acid,11
2.0,B6_D-Gluconic_Acid,11
2.25,B6_D-Gluconic_Acid,11
2.5,B6_D-Gluconic_Acid,11
2.75,B6_D-Gluconic_Acid,11
3.0,B6_D-Gluconic_Acid,11
3.25,B6_D-Gluconic_Acid,11
3.5,B6_D-Gluconic_Acid,11
3.75,B6_D-Gluconic_Acid,11
4.0,B6_D-Gluconic_Acid,11
4.25,B6_D-Gluconic_Acid,11
4.5,B6_D-Gluconic_Acid,13
4.75,B6_D-Gluconic_Acid,11
5.0,B6_D-Gluconic_Acid,15
5.25,B6_D-Gluconic_Acid,14
5.5,B6_D-Gluconic_Acid,18
5.75,B6_D-Gluconic_Acid,16
6.0,B6_D-Gluconic_Acid,17
6.25,B6_D-Gluconic_Acid,20
6.5,B6_D-Gluconic_Acid,21
6.75,B6_D-Gluconic_Acid,24
7.0,B6_D-Gluconic_Acid,24
7.25,B6_D-Gluconic_Acid,27
7.5,B6_D-Gluconic_Acid,30
7.75,B6_D-Gluconic_Acid,34
8.0,B6_D-Gluconic_Acid,36
8.25,B6_D-Gluconic_Acid,40
8.5,B6_D-Gluconic_Acid,36
8.75,B6_D-Gluconic_Acid,39
9.0,B6_D-Gluconic_Acid,43
9.25,B6_D-Gluconic_Acid,51
9.5,B6_D-Gluconic_Acid,53
9.75,B6_D-Gluconic_Acid,56
10.0,B6_D-Gluconic_Acid,58
10.25,B6_D-Gluconic_Acid,59
10.5,B6_D-Gluconic_Acid,63
10.75,B6_D-Gluconic_Acid,63
11.0,B6_D-Gluconic_Acid,67
11.25,B6_D-Gluconic_Acid,75
11.5,B6_D-Gluconic_Acid,78
11.75,B6_D-Gluconic_Acid,79
12.0,B6_D-Gluconic_Acid,85
12.25,B6_D-Gluconic_Acid,88
12.5,B6_D-Gluconic_Acid,94
12.75,B6_D-Gluconic_Acid,92
13.0,B6_D-Gluconic_Acid,98
13.25,B6_D-Gluconic_Acid,105
13.5,B6_D-Gluconic_Acid,110
13.75,B6_D-Gluconic_Acid,111
14.0,B6_D-Gluconic_Acid,118
14.25,B6_D-Gluconic_Acid,125
14.5,B6_D-Gluconic_Acid,125
14.75,B6_D-Gluconic_Acid,127
15.0,B6_D-Gluconic_Acid,136
15.25,B6_D-Gluconic_Acid,142
15.5,B6_D-Gluconic_Acid,150
15.75,B6_D-Gluconic_Acid,156
16.0,B6_D-Gluconic_Acid,158
16.25,B6_D-Gluconic_Acid,161
16.5,B6_D-Gluconic_Acid,166
16.75,B6_D-Gluconic_Acid,170
17.0,B6_D-Gluconic_Acid,174
17.25,B6_D-Gluconic_Acid,181
17.5,B6_D-Gluconic_Acid,185
17.75,B6_D-Gluconic_Acid,191
18.0,B6_D-Gluconic_Acid,197
18.25,B6_D-Gluconic_Acid,204
18.5,B6_D-Gluconic_Acid,205
18.75,B6_D-Gluconic_Acid,207
19.0,B6_D-Gluconic_Acid,211
19.25,B6_D-Gluconic_Acid,216
19.5,B6_D-Gluconic_Acid,224
19.75,B6_D-Gluconic_Acid,227
20.0,B6_D-Gluconic_Acid,227
20.25,B6_D-Gluconic_Acid,228
20.5,B6_D-Gluconic_Acid,229
20.75,B6_D-Gluconic_Acid,236
21.0,B6_D-Gluconic_Acid,237
21.25,B6_D-Gluconic_Acid,239
21.5,B6_D-Gluconic_Acid,241
21.75,B6_D-Gluconic_Acid,241
22.0,B6_D-Gluconic_Acid,245
22.25,B6_D-Gluconic_Acid,244
22.5,B6_D-Gluconic_Acid,247
22.75,B6_D-Gluconic_Acid,246
23.0,B6_D-Gluconic_Acid,250
23.25,B6_D-Gluconic_Acid,247
23.5,B6_D-Gluconic_Acid,249
23.75,B6_D-Gluconic_Acid,246
24.0,B6_D-Gluconic_Acid,245
24.25,B6_D-Gluconic_Acid,246
24.5,B6_D-Gluconic_Acid,247
24.75,B6_D-Gluconic_Acid,251
25.0,B6_D-Gluconic_Acid,246
25.25,B6_D-Gluconic_Acid,247
25.5,B6_D-Gluconic_Acid,245
25.75,B6_D-Gluconic_Acid,245
26.0,B6_D-Gluconic_Acid,242
26.25,B6_D-Gluconic_Acid,245
26.5,B6_D-Gluconic_Acid,239
26.75,B6_D-Gluconic_Acid,242
27.0,B6_D-Gluconic_Acid,242
27.25,B6_D-Gluconic_Acid,237
27.5,B6_D-Gluconic_Acid,238
27.75,B6_D-Gluconic_Acid,240
28.0,B6_D-Gluconic_Acid,237
28.25,B6_D-Gluconic_Acid,241
28.5,B6_D-Gluconic_Acid,242
28.75,B6_D-Gluconic_Acid,240
29.0,B6_D-Gluconic_Acid,241
29.25,B6_D-Gluconic_Acid,240
29.5,B6_D-Gluconic_Acid,239
29.75,B6_D-Gluconic_Acid,237
30.0,B6_D-Gluconic_Acid,239
30.25,B6_D-Gluconic_Acid,240
30.5,B6_D-Gluconic_Acid,241
30.75,B6_D-Gluconic_Acid,238
31.0,B6_D-Gluconic_Acid,239
31.25,B6_D-Gluconic_Acid,238
31.5,B6_D-Gluconic_Acid,236
31.75,B6_D-Gluconic_Acid,236
32.0,B6_D-Gluconic_Acid,236
32.25,B6_D-Gluconic_Acid,238
32.5,B6_D-Gluconic_Acid,234
32.75,B6_D-Gluconic_Acid,236
33.0,B6_D-Gluconic_Acid,237
33.25,B6_D-Gluconic_Acid,237
33.5,B6_D-Gluconic_Acid,240
33.75,B6_D-Gluconic_Acid,237
34.0,B6_D-Gluconic_Acid,238
34.25,B6_D-Gluconic_Acid,230
34.5,B6_D-Gluconic_Acid,237
34.75,B6_D-Gluconic_Acid,238
35.0,B6_D-Gluconic_Acid,234
35.25,B6_D-Gluconic_Acid,232
35.5,B6_D-Gluconic_Acid,236
35.75,B6_D-Gluconic_Acid,236
36.0,B6_D-Gluconic_Acid,236
36.25,B6_D-Gluconic_Acid,234
36.5,B6_D-Gluconic_Acid,233
36.75,B6_D-Gluconic_Acid,237
37.0,B6_D-Gluconic_Acid,231
37.25,B6_D-Gluconic_Acid,232
37.5,B6_D-Gluconic_Acid,229
37.75,B6_D-Gluconic_Acid,234
38.0,B6_D-Gluconic_Acid,236
38.25,B6_D-Gluconic_Acid,234
38.5,B6_D-Gluconic_Acid,234
38.75,B6_D-Gluconic_Acid,227
39.0,B6_D-Gluconic_Acid,233
39.25,B6_D-Gluconic_Acid,233
39.5,B6_D-Gluconic_Acid,231
39.75,B6_D-Gluconic_Acid,233
40.0,B6_D-Gluconic_Acid,232
40.25,B6_D-Gluconic_Acid,229
40.5,B6_D-Gluconic_Acid,231
40.75,B6_D-Gluconic_Acid,231
41.0,B6_D-Gluconic_Acid,231
41.25,B6_D-Gluconic_Acid,231
41.5,B6_D-Gluconic_Acid,232
41.75,B6_D-Gluconic_Acid,230
42.0,B6_D-Gluconic_Acid,231
42.25,B6_D-Gluconic_Acid,231
42.5,B6_D-Gluconic_Acid,227
42.75,B6_D-Gluconic_Acid,229
43.0,B6_D-Gluconic_Acid,230
43.25,B6_D-Gluconic_Acid,228
43.5,B6_D-Gluconic_Acid,229
43.75,B6_D-Gluconic_Acid,227
44.0,B6_D-Gluconic_Acid,228
44.25,B6_D-Gluconic_Acid,229
44.5,B6_D-Gluconic_Acid,228
44.75,B6_D-Gluconic_Acid,224
45.0,B6_D-Gluconic_Acid,230
45.25,B6_D-Gluconic_Acid,232
45.5,B6_D-Gluconic_Acid,226
45.75,B6_D-Gluconic_Acid,225
46.0,B6_D-Gluconic_Acid,227
46.25,B6_D-Gluconic_Acid,231
46.5,B6_D-Gluconic_Acid,227
46.75,B6_D-Gluconic_Acid,229
47.0,B6_D-Gluconic_Acid,226
47.25,B6_D-Gluconic_Acid,229
47.5,B6_D-Gluconic_Acid,0
0.0,B7_D-L-a-Glycerol_Phosphate,11
0.25,B7_D-L-a-Glycerol_Phosphate,11
0.5,B7_D-L-a-Glycerol_Phosphate,11
0.75,B7_D-L-a-Glycerol_Phosphate,11
1.0,B7_D-L-a-Glycerol_Phosphate,11
1.25,B7_D-L-a-Glycerol_Phosphate,11
1.5,B7_D-L-a-Glycerol_Phosphate,11
1.75,B7_D-L-a-Glycerol_Phosphate,11
2.0,B7_D-L-a-Glycerol_Phosphate,11
2.25,B7_D-L-a-Glycerol_Phosphate,11
2.5,B7_D-L-a-Glycerol_Phosphate,11
2.75,B7_D-L-a-Glycerol_Phosphate,11
3.0,B7_D-L-a-Glycerol_Phosphate,11
3.25,B7_D-L-a-Glycerol_Phosphate,11
3.5,B7_D-L-a-Glycerol_Phosphate,11
3.75,B7_D-L-a-Glycerol_Phosphate,11
4.0,B7_D-L-a-Glycerol_Phosphate,11
4.25,B7_D-L-a-Glycerol_Phosphate,11
4.5,B7_D-L-a-Glycerol_Phosphate,11
4.75,B7_D-L-a-Glycerol_Phosphate,11
5.0,B7_D-L-a-Glycerol_Phosphate,11
5.25,B7_D-L-a-Glycerol_Phosphate,11
5.5,B7_D-L-a-Glycerol_Phosphate,11
5.75,B7_D-L-a-Glycerol_Phosphate,19
6.0,B7_D-L-a-Glycerol_Phosphate,12
6.25,B7_D-L-a-Glycerol_Phosphate,13
6.5,B7_D-L-a-Glycerol_Phosphate,11
6.75,B7_D-L-a-Glycerol_Phosphate,20
7.0,B7_D-L-a-Glycerol_Phosphate,19
7.25,B7_D-L-a-Glycerol_Phosphate,16
7.5,B7_D-L-a-Glycerol_Phosphate,15
7.75,B7_D-L-a-Glycerol_Phosphate,21
8.0,B7_D-L-a-Glycerol_Phosphate,17
8.25,B7_D-L-a-Glycerol_Phosphate,14
8.5,B7_D-L-a-Glycerol_Phosphate,21
8.75,B7_D-L-a-Glycerol_Phosphate,16
9.0,B7_D-L-a-Glycerol_Phosphate,21
9.25,B7_D-L-a-Glycerol_Phosphate,19
9.5,B7_D-L-a-Glycerol_Phosphate,13
9.75,B7_D-L-a-Glycerol_Phosphate,18
10.0,B7_D-L-a-Glycerol_Phosphate,21
10.25,B7_D-L-a-Glycerol_Phosphate,17
10.5,B7_D-L-a-Glycerol_Phosphate,21
10.75,B7_D-L-a-Glycerol_Phosphate,15
11.0,B7_D-L-a-Glycerol_Phosphate,15
11.25,B7_D-L-a-Glycerol_Phosphate,18
11.5,B7_D-L-a-Glycerol_Phosphate,21
11.75,B7_D-L-a-Glycerol_Phosphate,19
12.0,B7_D-L-a-Glycerol_Phosphate,21
12.25,B7_D-L-a-Glycerol_Phosphate,23
12.5,B7_D-L-a-Glycerol_Phosphate,21
12.75,B7_D-L-a-Glycerol_Phosphate,23
13.0,B7_D-L-a-Glycerol_Phosphate,22
13.25,B7_D-L-a-Glycerol_Phosphate,21
13.5,B7_D-L-a-Glycerol_Phosphate,20
13.75,B7_D-L-a-Glycerol_Phosphate,21
14.0,B7_D-L-a-Glycerol_Phosphate,23
14.25,B7_D-L-a-Glycerol_Phosphate,19
14.5,B7_D-L-a-Glycerol_Phosphate,19
14.75,B7_D-L-a-Glycerol_Phosphate,22
15.0,B7_D-L-a-Glycerol_Phosphate,23
15.25,B7_D-L-a-Glycerol_Phosphate,24
15.5,B7_D-L-a-Glycerol_Phosphate,26
15.75,B7_D-L-a-Glycerol_Phosphate,29
16.0,B7_D-L-a-Glycerol_Phosphate,20
16.25,B7_D-L-a-Glycerol_Phosphate,25
16.5,B7_D-L-a-Glycerol_Phosphate,22
16.75,B7_D-L-a-Glycerol_Phosphate,24
17.0,B7_D-L-a-Glycerol_Phosphate,24
17.25,B7_D-L-a-Glycerol_Phosphate,27
17.5,B7_D-L-a-Glycerol_Phosphate,22
17.75,B7_D-L-a-Glycerol_Phosphate,24
18.0,B7_D-L-a-Glycerol_Phosphate,26
18.25,B7_D-L-a-Glycerol_Phosphate,29
18.5,B7_D-L-a-Glycerol_Phosphate,25
18.75,B7_D-L-a-Glycerol_Phosphate,23
19.0,B7_D-L-a-Glycerol_Phosphate,22
19.25,B7_D-L-a-Glycerol_Phosphate,24
19.5,B7_D-L-a-Glycerol_Phosphate,24
19.75,B7_D-L-a-Glycerol_Phosphate,19
20.0,B7_D-L-a-Glycerol_Phosphate,25
20.25,B7_D-L-a-Glycerol_Phosphate,25
20.5,B7_D-L-a-Glycerol_Phosphate,29
20.75,B7_D-L-a-Glycerol_Phosphate,26
21.0,B7_D-L-a-Glycerol_Phosphate,27
21.25,B7_D-L-a-Glycerol_Phosphate,23
21.5,B7_D-L-a-Glycerol_Phosphate,29
21.75,B7_D-L-a-Glycerol_Phosphate,23
22.0,B7_D-L-a-Glycerol_Phosphate,33
22.25,B7_D-L-a-Glycerol_Phosphate,27
22.5,B7_D-L-a-Glycerol_Phosphate,26
22.75,B7_D-L-a-Glycerol_Phosphate,23
23.0,B7_D-L-a-Glycerol_Phosphate,27
23.25,B7_D-L-a-Glycerol_Phosphate,27
23.5,B7_D-L-a-Glycerol_Phosphate,29
23.75,B7_D-L-a-Glycerol_Phosphate,30
24.0,B7_D-L-a-Glycerol_Phosphate,25
24.25,B7_D-L-a-Glycerol_Phosphate,32
24.5,B7_D-L-a-Glycerol_Phosphate,30
24.75,B7_D-L-a-Glycerol_Phosphate,32
25.0,B7_D-L-a-Glycerol_Phosphate,26
25.25,B7_D-L-a-Glycerol_Phosphate,31
25.5,B7_D-L-a-Glycerol_Phosphate,30
25.75,B7_D-L-a-Glycerol_Phosphate,30
26.0,B7_D-L-a-Glycerol_Phosphate,28
26.25,B7_D-L-a-Glycerol_Phosphate,30
26.5,B7_D-L-a-Glycerol_Phosphate,29
26.75,B7_D-L-a-Glycerol_Phosphate,28
27.0,B7_D-L-a-Glycerol_Phosphate,33
27.25,B7_D-L-a-Glycerol_Phosphate,32
27.5,B7_D-L-a-Glycerol_Phosphate,32
27.75,B7_D-L-a-Glycerol_Phosphate,33
28.0,B7_D-L-a-Glycerol_Phosphate,30
28.25,B7_D-L-a-Glycerol_Phosphate,30
28.5,B7_D-L-a-Glycerol_Phosphate,31
28.75,B7_D-L-a-Glycerol_Phosphate,32
29.0,B7_D-L-a-Glycerol_Phosphate,28
29.25,B7_D-L-a-Glycerol_Phosphate,29
29.5,B7_D-L-a-Glycerol_Phosphate,34
29.75,B7_D-L-a-Glycerol_Phosphate,31
30.0,B7_D-L-a-Glycerol_Phosphate,24
30.25,B7_D-L-a-Glycerol_Phosphate,31
30.5,B7_D-L-a-Glycerol_Phosphate,31
30.75,B7_D-L-a-Glycerol_Phosphate,33
31.0,B7_D-L-a-Glycerol_Phosphate,29
31.25,B7_D-L-a-Glycerol_Phosphate,31
31.5,B7_D-L-a-Glycerol_Phosphate,31
31.75,B7_D-L-a-Glycerol_Phosphate,32
32.0,B7_D-L-a-Glycerol_Phosphate,31
32.25,B7_D-L-a-Glycerol_Phosphate,30
32.5,B7_D-L-a-Glycerol_Phosphate,29
32.75,B7_D-L-a-Glycerol_Phosphate,29
33.0,B7_D-L-a-Glycerol_Phosphate,28
33.25,B7_D-L-a-Glycerol_Phosphate,30
33.5,B7_D-L-a-Glycerol_Phosphate,32
33.75,B7_D-L-a-Glycerol_Phosphate,34
34.0,B7_D-L-a-Glycerol_Phosphate,34
34.25,B7_D-L-a-Glycerol_Phosphate,34
34.5,B7_D-L-a-Glycerol_Phosphate,31
34.75,B7_D-L-a-Glycerol_Phosphate,32
35.0,B7_D-L-a-Glycerol_Phosphate,33
35.25,B7_D-L-a-Glycerol_Phosphate,30
35.5,B7_D-L-a-Glycerol_Phosphate,32
35.75,B7_D-L-a-Glycerol_Phosphate,32
36.0,B7_D-L-a-Glycerol_Phosphate,35
36.25,B7_D-L-a-Glycerol_Phosphate,34
36.5,B7_D-L-a-Glycerol_Phosphate,33
36.75,B7_D-L-a-Glycerol_Phosphate,33
37.0,B7_D-L-a-Glycerol_Phosphate,33
37.25,B7_D-L-a-Glycerol_Phosphate,29
37.5,B7_D-L-a-Glycerol_Phosphate,28
37.75,B7_D-L-a-Glycerol_Phosphate,34
38.0,B7_D-L-a-Glycerol_Phosphate,28
38.25,B7_D-L-a-Glycerol_Phosphate,35
38.5,B7_D-L-a-Glycerol_Phosphate,32
38.75,B7_D-L-a-Glycerol_Phosphate,36
39.0,B7_D-L-a-Glycerol_Phosphate,35
39.25,B7_D-L-a-Glycerol_Phosphate,33
39.5,B7_D-L-a-Glycerol_Phosphate,31
39.75,B7_D-L-a-Glycerol_Phosphate,34
40.0,B7_D-L-a-Glycerol_Phosphate,31
40.25,B7_D-L-a-Glycerol_Phosphate,34
40.5,B7_D-L-a-Glycerol_Phosphate,35
40.75,B7_D-L-a-Glycerol_Phosphate,31
41.0,B7_D-L-a-Glycerol_Phosphate,35
41.25,B7_D-L-a-Glycerol_Phosphate,32
41.5,B7_D-L-a-Glycerol_Phosphate,32
41.75,B7_D-L-a-Glycerol_Phosphate,34
42.0,B7_D-L-a-Glycerol_Phosphate,35
42.25,B7_D-L-a-Glycerol_Phosphate,34
42.5,B7_D-L-a-Glycerol_Phosphate,33
42.75,B7_D-L-a-Glycerol_Phosphate,33
43.0,B7_D-L-a-Glycerol_Phosphate,37
43.25,B7_D-L-a-Glycerol_Phosphate,30
43.5,B7_D-L-a-Glycerol_Phosphate,31
43.75,B7_D-L-a-Glycerol_Phosphate,34
44.0,B7_D-L-a-Glycerol_Phosphate,36
44.25,B7_D-L-a-Glycerol_Phosphate,32
44.5,B7_D-L-a-Glycerol_Phosphate,38
44.75,B7_D-L-a-Glycerol_Phosphate,35
45.0,B7_D-L-a-Glycerol_Phosphate,30
45.25,B7_D-L-a-Glycerol_Phosphate,31
45.5,B7_D-L-a-Glycerol_Phosphate,35
45.75,B7_D-L-a-Glycerol_Phosphate,28
46.0,B7_D-L-a-Glycerol_Phosphate,31
46.25,B7_D-L-a-Glycerol_Phosphate,30
46.5,B7_D-L-a-Glycerol_Phosphate,32
46.75,B7_D-L-a-Glycerol_Phosphate,35
47.0,B7_D-L-a-Glycerol_Phosphate,32
47.25,B7_D-L-a-Glycerol_Phosphate,35
47.5,B7_D-L-a-Glycerol_Phosphate,0
0.0,B8_D-Xylose,66
0.25,B8_D-Xylose,67
0.5,B8_D-Xylose,72
0.75,B8_D-Xylose,75
1.0,B8_D-Xylose,74
1.25,B8_D-Xylose,76
1.5,B8_D-Xylose,75
1.75,B8_D-Xylose,75
2.0,B8_D-Xylose,78
2.25,B8_D-Xylose,78
2.5,B8_D-Xylose,79
2.75,B8_D-Xylose,80
3.0,B8_D-Xylose,73
3.25,B8_D-Xylose,82
3.5,B8_D-Xylose,82
3.75,B8_D-Xylose,82
4.0,B8_D-Xylose,79
4.25,B8_D-Xylose,82
4.5,B8_D-Xylose,84
4.75,B8_D-Xylose,84
5.0,B8_D-Xylose,82
5.25,B8_D-Xylose,82
5.5,B8_D-Xylose,85
5.75,B8_D-Xylose,82
6.0,B8_D-Xylose,83
6.25,B8_D-Xylose,84
6.5,B8_D-Xylose,84
6.75,B8_D-Xylose,83
7.0,B8_D-Xylose,83
7.25,B8_D-Xylose,86
7.5,B8_D-Xylose,86
7.75,B8_D-Xylose,85
8.0,B8_D-Xylose,86
8.25,B8_D-Xylose,84
8.5,B8_D-Xylose,86
8.75,B8_D-Xylose,88
9.0,B8_D-Xylose,90
9.25,B8_D-Xylose,84
9.5,B8_D-Xylose,84
9.75,B8_D-Xylose,86
10.0,B8_D-Xylose,89
10.25,B8_D-Xylose,90
10.5,B8_D-Xylose,90
10.75,B8_D-Xylose,89
11.0,B8_D-Xylose,91
11.25,B8_D-Xylose,90
11.5,B8_D-Xylose,91
11.75,B8_D-Xylose,91
12.0,B8_D-Xylose,90
12.25,B8_D-Xylose,91
12.5,B8_D-Xylose,92
12.75,B8_D-Xylose,90
13.0,B8_D-Xylose,92
13.25,B8_D-Xylose,93
13.5,B8_D-Xylose,93
13.75,B8_D-Xylose,93
14.0,B8_D-Xylose,91
14.25,B8_D-Xylose,91
14.5,B8_D-Xylose,89
14.75,B8_D-Xylose,97
15.0,B8_D-Xylose,94
15.25,B8_D-Xylose,96
15.5,B8_D-Xylose,95
15.75,B8_D-Xylose,97
16.0,B8_D-Xylose,94
16.25,B8_D-Xylose,93
16.5,B8_D-Xylose,94
16.75,B8_D-Xylose,98
17.0,B8_D-Xylose,98
17.25,B8_D-Xylose,99
17.5,B8_D-Xylose,97
17.75,B8_D-Xylose,102
18.0,B8_D-Xylose,98
18.25,B8_D-Xylose,94
18.5,B8_D-Xylose,97
18.75,B8_D-Xylose,98
19.0,B8_D-Xylose,100
19.25,B8_D-Xylose,101
19.5,B8_D-Xylose,100
19.75,B8_D-Xylose,96
20.0,B8_D-Xylose,100
20.25,B8_D-Xylose,101
20.5,B8_D-Xylose,96
20.75,B8_D-Xylose,101
21.0,B8_D-Xylose,99
21.25,B8_D-Xylose,98
21.5,B8_D-Xylose,98
21.75,B8_D-Xylose,106
22.0,B8_D-Xylose,99
22.25,B8_D-Xylose,101
22.5,B8_D-Xylose,101
22.75,B8_D-Xylose,101
23.0,B8_D-Xylose,102
23.25,B8_D-Xylose,99
23.5,B8_D-Xylose,104
23.75,B8_D-Xylose,107
24.0,B8_D-Xylose,102
24.25,B8_D-Xylose,107
24.5,B8_D-Xylose,105
24.75,B8_D-Xylose,104
25.0,B8_D-Xylose,102
25.25,B8_D-Xylose,109
25.5,B8_D-Xylose,103
25.75,B8_D-Xylose,108
26.0,B8_D-Xylose,101
26.25,B8_D-Xylose,103
26.5,B8_D-Xylose,104
26.75,B8_D-Xylose,102
27.0,B8_D-Xylose,103
27.25,B8_D-Xylose,105
27.5,B8_D-Xylose,105
27.75,B8_D-Xylose,105
28.0,B8_D-Xylose,107
28.25,B8_D-Xylose,104
28.5,B8_D-Xylose,105
28.75,B8_D-Xylose,100
29.0,B8_D-Xylose,106
29.25,B8_D-Xylose,103
29.5,B8_D-Xylose,104
29.75,B8_D-Xylose,103
30.0,B8_D-Xylose,100
30.25,B8_D-Xylose,104
30.5,B8_D-Xylose,106
30.75,B8_D-Xylose,106
31.0,B8_D-Xylose,105
31.25,B8_D-Xylose,105
31.5,B8_D-Xylose,104
31.75,B8_D-Xylose,105
32.0,B8_D-Xylose,106
32.25,B8_D-Xylose,100
32.5,B8_D-Xylose,106
32.75,B8_D-Xylose,110
33.0,B8_D-Xylose,112
33.25,B8_D-Xylose,107
33.5,B8_D-Xylose,108
33.75,B8_D-Xylose,107
34.0,B8_D-Xylose,106
34.25,B8_D-Xylose,110
34.5,B8_D-Xylose,106
34.75,B8_D-Xylose,105
35.0,B8_D-Xylose,106
35.25,B8_D-Xylose,103
35.5,B8_D-Xylose,112
35.75,B8_D-Xylose,106
36.0,B8_D-Xylose,107
36.25,B8_D-Xylose,107
36.5,B8_D-Xylose,109
36.75,B8_D-Xylose,109
37.0,B8_D-Xylose,106
37.25,B8_D-Xylose,105
37.5,B8_D-Xylose,103
37.75,B8_D-Xylose,107
38.0,B8_D-Xylose,105
38.25,B8_D-Xylose,107
38.5,B8_D-Xylose,107
38.75,B8_D-Xylose,106
39.0,B8_D-Xylose,110
39.25,B8_D-Xylose,109
39.5,B8_D-Xylose,105
39.75,B8_D-Xylose,108
40.0,B8_D-Xylose,105
40.25,B8_D-Xylose,106
40.5,B8_D-Xylose,104
40.75,B8_D-Xylose,111
41.0,B8_D-Xylose,107
41.25,B8_D-Xylose,108
41.5,B8_D-Xylose,107
41.75,B8_D-Xylose,108
42.0,B8_D-Xylose,104
42.25,B8_D-Xylose,111
42.5,B8_D-Xylose,106
42.75,B8_D-Xylose,106
43.0,B8_D-Xylose,113
43.25,B8_D-Xylose,109
43.5,B8_D-Xylose,107
43.75,B8_D-Xylose,106
44.0,B8_D-Xylose,112
44.25,B8_D-Xylose,109
44.5,B8_D-Xylose,111
44.75,B8_D-Xylose,106
45.0,B8_D-Xylose,110
45.25,B8_D-Xylose,108
45.5,B8_D-Xylose,106
45.75,B8_D-Xylose,106
46.0,B8_D-Xylose,106
46.25,B8_D-Xylose,109
46.5,B8_D-Xylose,109
46.75,B8_D-Xylose,106
47.0,B8_D-Xylose,111
47.25,B8_D-Xylose,111
47.5,B8_D-Xylose,0
0.0,B9_L-Lactic_Acid,11
0.25,B9_L-Lactic_Acid,11
0.5,B9_L-Lactic_Acid,11
0.75,B9_L-Lactic_Acid,11
1.0,B9_L-Lactic_Acid,11
1.25,B9_L-Lactic_Acid,11
1.5,B9_L-Lactic_Acid,12
1.75,B9_L-Lactic_Acid,12
2.0,B9_L-Lactic_Acid,11
2.25,B9_L-Lactic_Acid,11
2.5,B9_L-Lactic_Acid,11
2.75,B9_L-Lactic_Acid,11
3.0,B9_L-Lactic_Acid,11
3.25,B9_L-Lactic_Acid,11
3.5,B9_L-Lactic_Acid,11
3.75,B9_L-Lactic_Acid,12
4.0,B9_L-Lactic_Acid,11
4.25,B9_L-Lactic_Acid,14
4.5,B9_L-Lactic_Acid,15
4.75,B9_L-Lactic_Acid,19
5.0,B9_L-Lactic_Acid,18
5.25,B9_L-Lactic_Acid,20
5.5,B9_L-Lactic_Acid,20
5.75,B9_L-Lactic_Acid,19
6.0,B9_L-Lactic_Acid,23
6.25,B9_L-Lactic_Acid,22
6.5,B9_L-Lactic_Acid,20
6.75,B9_L-Lactic_Acid,21
7.0,B9_L-Lactic_Acid,22
7.25,B9_L-Lactic_Acid,26
7.5,B9_L-Lactic_Acid,23
7.75,B9_L-Lactic_Acid,27
8.0,B9_L-Lactic_Acid,24
8.25,B9_L-Lactic_Acid,25
8.5,B9_L-Lactic_Acid,22
8.75,B9_L-Lactic_Acid,27
9.0,B9_L-Lactic_Acid,27
9.25,B9_L-Lactic_Acid,27
9.5,B9_L-Lactic_Acid,26
9.75,B9_L-Lactic_Acid,28
10.0,B9_L-Lactic_Acid,26
10.25,B9_L-Lactic_Acid,27
10.5,B9_L-Lactic_Acid,25
10.75,B9_L-Lactic_Acid,29
11.0,B9_L-Lactic_Acid,26
11.25,B9_L-Lactic_Acid,29
11.5,B9_L-Lactic_Acid,25
11.75,B9_L-Lactic_Acid,29
12.0,B9_L-Lactic_Acid,30
12.25,B9_L-Lactic_Acid,32
12.5,B9_L-Lactic_Acid,30
12.75,B9_L-Lactic_Acid,29
13.0,B9_L-Lactic_Acid,30
13.25,B9_L-Lactic_Acid,27
13.5,B9_L-Lactic_Acid,26
13.75,B9_L-Lactic_Acid,29
14.0,B9_L-Lactic_Acid,29
14.25,B9_L-Lactic_Acid,31
14.5,B9_L-Lactic_Acid,32
14.75,B9_L-Lactic_Acid,32
15.0,B9_L-Lactic_Acid,34
15.25,B9_L-Lactic_Acid,33
15.5,B9_L-Lactic_Acid,31
15.75,B9_L-Lactic_Acid,31
16.0,B9_L-Lactic_Acid,38
16.25,B9_L-Lactic_Acid,30
16.5,B9_L-Lactic_Acid,32
16.75,B9_L-Lactic_Acid,34
17.0,B9_L-Lactic_Acid,39
17.25,B9_L-Lactic_Acid,35
17.5,B9_L-Lactic_Acid,35
17.75,B9_L-Lactic_Acid,34
18.0,B9_L-Lactic_Acid,36
18.25,B9_L-Lactic_Acid,34
18.5,B9_L-Lactic_Acid,35
18.75,B9_L-Lactic_Acid,32
19.0,B9_L-Lactic_Acid,35
19.25,B9_L-Lactic_Acid,35
19.5,B9_L-Lactic_Acid,37
19.75,B9_L-Lactic_Acid,35
20.0,B9_L-Lactic_Acid,36
20.25,B9_L-Lactic_Acid,34
20.5,B9_L-Lactic_Acid,36
20.75,B9_L-Lactic_Acid,35
21.0,B9_L-Lactic_Acid,34
21.25,B9_L-Lactic_Acid,35
21.5,B9_L-Lactic_Acid,37
21.75,B9_L-Lactic_Acid,33
22.0,B9_L-Lactic_Acid,37
22.25,B9_L-Lactic_Acid,37
22.5,B9_L-Lactic_Acid,36
22.75,B9_L-Lactic_Acid,33
23.0,B9_L-Lactic_Acid,41
23.25,B9_L-Lactic_Acid,35
23.5,B9_L-Lactic_Acid,37
23.75,B9_L-Lactic_Acid,38
24.0,B9_L-Lactic_Acid,34
24.25,B9_L-Lactic_Acid,37
24.5,B9_L-Lactic_Acid,40
24.75,B9_L-Lactic_Acid,44
25.0,B9_L-Lactic_Acid,37
25.25,B9_L-Lactic_Acid,42
25.5,B9_L-Lactic_Acid,38
25.75,B9_L-Lactic_Acid,41
26.0,B9_L-Lactic_Acid,41
26.25,B9_L-Lactic_Acid,41
26.5,B9_L-Lactic_Acid,38
26.75,B9_L-Lactic_Acid,39
27.0,B9_L-Lactic_Acid,42
27.25,B9_L-Lactic_Acid,40
27.5,B9_L-Lactic_Acid,38
27.75,B9_L-Lactic_Acid,38
28.0,B9_L-Lactic_Acid,42
28.25,B9_L-Lactic_Acid,46
28.5,B9_L-Lactic_Acid,39
28.75,B9_L-Lactic_Acid,40
29.0,B9_L-Lactic_Acid,40
29.25,B9_L-Lactic_Acid,41
29.5,B9_L-Lactic_Acid,38
29.75,B9_L-Lactic_Acid,40
30.0,B9_L-Lactic_Acid,35
30.25,B9_L-Lactic_Acid,39
30.5,B9_L-Lactic_Acid,39
30.75,B9_L-Lactic_Acid,43
31.0,B9_L-Lactic_Acid,42
31.25,B9_L-Lactic_Acid,38
31.5,B9_L-Lactic_Acid,37
31.75,B9_L-Lactic_Acid,37
32.0,B9_L-Lactic_Acid,39
32.25,B9_L-Lactic_Acid,38
32.5,B9_L-Lactic_Acid,42
32.75,B9_L-Lactic_Acid,42
33.0,B9_L-Lactic_Acid,42
33.25,B9_L-Lactic_Acid,46
33.5,B9_L-Lactic_Acid,44
33.75,B9_L-Lactic_Acid,44
34.0,B9_L-Lactic_Acid,43
34.25,B9_L-Lactic_Acid,41
34.5,B9_L-Lactic_Acid,41
34.75,B9_L-Lactic_Acid,43
35.0,B9_L-Lactic_Acid,44
35.25,B9_L-Lactic_Acid,44
35.5,B9_L-Lactic_Acid,45
35.75,B9_L-Lactic_Acid,40
36.0,B9_L-Lactic_Acid,43
36.25,B9_L-Lactic_Acid,41
36.5,B9_L-Lactic_Acid,43
36.75,B9_L-Lactic_Acid,40
37.0,B9_L-Lactic_Acid,41
37.25,B9_L-Lactic_Acid,39
37.5,B9_L-Lactic_Acid,42
37.75,B9_L-Lactic_Acid,43
38.0,B9_L-Lactic_Acid,45
38.25,B9_L-Lactic_Acid,42
38.5,B9_L-Lactic_Acid,42
38.75,B9_L-Lactic_Acid,45
39.0,B9_L-Lactic_Acid,43
39.25,B9_L-Lactic_Acid,36
39.5,B9_L-Lactic_Acid,42
39.75,B9_L-Lactic_Acid,45
40.0,B9_L-Lactic_Acid,45
40.25,B9_L-Lactic_Acid,43
40.5,B9_L-Lactic_Acid,41
40.75,B9_L-Lactic_Acid,42
41.0,B9_L-Lactic_Acid,43
41.25,B9_L-Lactic_Acid,42
41.5,B9_L-Lactic_Acid,48
41.75,B9_L-Lactic_Acid,45
42.0,B9_L-Lactic_Acid,44
42.25,B9_L-Lactic_Acid,42
42.5,B9_L-Lactic_Acid,43
42.75,B9_L-Lactic_Acid,43
43.0,B9_L-Lactic_Acid,43
43.25,B9_L-Lactic_Acid,41
43.5,B9_L-Lactic_Acid,42
43.75,B9_L-Lactic_Acid,44
44.0,B9_L-Lactic_Acid,44
44.25,B9_L-Lactic_Acid,41
44.5,B9_L-Lactic_Acid,44
44.75,B9_L-Lactic_Acid,47
45.0,B9_L-Lactic_Acid,43
45.25,B9_L-Lactic_Acid,43
45.5,B9_L-Lactic_Acid,43
45.75,B9_L-Lactic_Acid,43
46.0,B9_L-Lactic_Acid,44
46.25,B9_L-Lactic_Acid,44
46.5,B9_L-Lactic_Acid,43
46.75,B9_L-Lactic_Acid,44
47.0,B9_L-Lactic_Acid,42
47.25,B9_L-Lactic_Acid,40
47.5,B9_L-Lactic_Acid,0
0.0,B10_Formic_Acid,11
0.25,B10_Formic_Acid,11
0.5,B10_Formic_Acid,11
0.75,B10_Formic_Acid,11
1.0,B10_Formic_Acid,11
1.25,B10_Formic_Acid,11
1.5,B10_Formic_Acid,11
1.75,B10_Formic_Acid,11
2.0,B10_Formic_Acid,11
2.25,B10_Formic_Acid,11
2.5,B10_Formic_Acid,11
2.75,B10_Formic_Acid,11
3.0,B10_Formic_Acid,11
3.25,B10_Formic_Acid,11
3.5,B10_Formic_Acid,11
3.75,B10_Formic_Acid,11
4.0,B10_Formic_Acid,11
4.25,B10_Formic_Acid,11
4.5,B10_Formic_Acid,11
4.75,B10_Formic_Acid,11
5.0,B10_Formic_Acid,11
5.25,B10_Formic_Acid,11
5.5,B10_Formic_Acid,11
5.75,B10_Formic_Acid,11
6.0,B10_Formic_Acid,11
6.25,B10_Formic_Acid,11
6.5,B10_Formic_Acid,13
6.75,B10_Formic_Acid,11
7.0,B10_Formic_Acid,11
7.25,B10_Formic_Acid,12
7.5,B10_Formic_Acid,12
7.75,B10_Formic_Acid,13
8.0,B10_Formic_Acid,13
8.25,B10_Formic_Acid,13
8.5,B10_Formic_Acid,12
8.75,B10_Formic_Acid,13
9.0,B10_Formic_Acid,15
9.25,B10_Formic_Acid,12
9.5,B10_Formic_Acid,15
9.75,B10_Formic_Acid,18
10.0,B10_Formic_Acid,17
10.25,B10_Formic_Acid,16
10.5,B10_Formic_Acid,14
10.75,B10_Formic_Acid,20
11.0,B10_Formic_Acid,11
11.25,B10_Formic_Acid,12
11.5,B10_Formic_Acid,17
11.75,B10_Formic_Acid,15
12.0,B10_Formic_Acid,17
12.25,B10_Formic_Acid,16
12.5,B10_Formic_Acid,16
12.75,B10_Formic_Acid,19
13.0,B10_Formic_Acid,16
13.25,B10_Formic_Acid,18
13.5,B10_Formic_Acid,18
13.75,B10_Formic_Acid,14
14.0,B10_Formic_Acid,20
14.25,B10_Formic_Acid,21
14.5,B10_Formic_Acid,20
14.75,B10_Formic_Acid,18
15.0,B10_Formic_Acid,19
15.25,B10_Formic_Acid,20
15.5,B10_Formic_Acid,19
15.75,B10_Formic_Acid,23
16.0,B10_Formic_Acid,21
16.25,B10_Formic_Acid,24
16.5,B10_Formic_Acid,22
16.75,B10_Formic_Acid,28
17.0,B10_Formic_Acid,24
17.25,B10_Formic_Acid,23
17.5,B10_Formic_Acid,30
17.75,B10_Formic_Acid,27
18.0,B10_Formic_Acid,25
18.25,B10_Formic_Acid,27
18.5,B10_Formic_Acid,30
18.75,B10_Formic_Acid,25
19.0,B10_Formic_Acid,24
19.25,B10_Formic_Acid,29
19.5,B10_Formic_Acid,30
19.75,B10_Formic_Acid,26
20.0,B10_Formic_Acid,33
20.25,B10_Formic_Acid,30
20.5,B10_Formic_Acid,28
20.75,B10_Formic_Acid,34
21.0,B10_Formic_Acid,30
21.25,B10_Formic_Acid,31
21.5,B10_Formic_Acid,33
21.75,B10_Formic_Acid,30
22.0,B10_Formic_Acid,32
22.25,B10_Formic_Acid,30
22.5,B10_Formic_Acid,34
22.75,B10_Formic_Acid,31
23.0,B10_Formic_Acid,36
23.25,B10_Formic_Acid,34
23.5,B10_Formic_Acid,34
23.75,B10_Formic_Acid,35
24.0,B10_Formic_Acid,30
24.25,B10_Formic_Acid,34
24.5,B10_Formic_Acid,33
24.75,B10_Formic_Acid,34
25.0,B10_Formic_Acid,33
25.25,B10_Formic_Acid,37
25.5,B10_Formic_Acid,35
25.75,B10_Formic_Acid,36
26.0,B10_Formic_Acid,34
26.25,B10_Formic_Acid,33
26.5,B10_Formic_Acid,32
26.75,B10_Formic_Acid,33
27.0,B10_Formic_Acid,34
27.25,B10_Formic_Acid,33
27.5,B10_Formic_Acid,34
27.75,B10_Formic_Acid,33
28.0,B10_Formic_Acid,33
28.25,B10_Formic_Acid,32
28.5,B10_Formic_Acid,28
28.75,B10_Formic_Acid,31
29.0,B10_Formic_Acid,29
29.25,B10_Formic_Acid,31
29.5,B10_Formic_Acid,29
29.75,B10_Formic_Acid,29
30.0,B10_Formic_Acid,31
30.25,B10_Formic_Acid,29
30.5,B10_Formic_Acid,31
30.75,B10_Formic_Acid,34
31.0,B10_Formic_Acid,29
31.25,B10_Formic_Acid,31
31.5,B10_Formic_Acid,32
31.75,B10_Formic_Acid,29
32.0,B10_Formic_Acid,25
32.25,B10_Formic_Acid,26
32.5,B10_Formic_Acid,30
32.75,B10_Formic_Acid,28
33.0,B10_Formic_Acid,30
33.25,B10_Formic_Acid,31
33.5,B10_Formic_Acid,31
33.75,B10_Formic_Acid,31
34.0,B10_Formic_Acid,26
34.25,B10_Formic_Acid,27
34.5,B10_Formic_Acid,30
34.75,B10_Formic_Acid,28
35.0,B10_Formic_Acid,27
35.25,B10_Formic_Acid,29
35.5,B10_Formic_Acid,31
35.75,B10_Formic_Acid,26
36.0,B10_Formic_Acid,28
36.25,B10_Formic_Acid,32
36.5,B10_Formic_Acid,27
36.75,B10_Formic_Acid,29
37.0,B10_Formic_Acid,25
37.25,B10_Formic_Acid,25
37.5,B10_Formic_Acid,23
37.75,B10_Formic_Acid,32
38.0,B10_Formic_Acid,30
38.25,B10_Formic_Acid,27
38.5,B10_Formic_Acid,27
38.75,B10_Formic_Acid,26
39.0,B10_Formic_Acid,27
39.25,B10_Formic_Acid,29
39.5,B10_Formic_Acid,30
39.75,B10_Formic_Acid,32
40.0,B10_Formic_Acid,29
40.25,B10_Formic_Acid,26
40.5,B10_Formic_Acid,26
40.75,B10_Formic_Acid,25
41.0,B10_Formic_Acid,30
41.25,B10_Formic_Acid,29
41.5,B10_Formic_Acid,30
41.75,B10_Formic_Acid,25
42.0,B10_Formic_Acid,27
42.25,B10_Formic_Acid,27
42.5,B10_Formic_Acid,29
42.75,B10_Formic_Acid,33
43.0,B10_Formic_Acid,36
43.25,B10_Formic_Acid,31
43.5,B10_Formic_Acid,28
43.75,B10_Formic_Acid,34
44.0,B10_Formic_Acid,35
44.25,B10_Formic_Acid,35
44.5,B10_Formic_Acid,33
44.75,B10_Formic_Acid,33
45.0,B10_Formic_Acid,34
45.25,B10_Formic_Acid,36
45.5,B10_Formic_Acid,35
45.75,B10_Formic_Acid,38
46.0,B10_Formic_Acid,39
46.25,B10_Formic_Acid,43
46.5,B10_Formic_Acid,37
46.75,B10_Formic_Acid,38
47.0,B10_Formic_Acid,41
47.25,B10_Formic_Acid,40
47.5,B10_Formic_Acid,0
0.0,B11_D-Mannitol,18
0.25,B11_D-Mannitol,13
0.5,B11_D-Mannitol,13
0.75,B11_D-Mannitol,11
1.0,B11_D-Mannitol,15
1.25,B11_D-Mannitol,15
1.5,B11_D-Mannitol,16
1.75,B11_D-Mannitol,15
2.0,B11_D-Mannitol,14
2.25,B11_D-Mannitol,14
2.5,B11_D-Mannitol,13
2.75,B11_D-Mannitol,15
3.0,B11_D-Mannitol,15
3.25,B11_D-Mannitol,13
3.5,B11_D-Mannitol,11
3.75,B11_D-Mannitol,14
4.0,B11_D-Mannitol,11
4.25,B11_D-Mannitol,17
4.5,B11_D-Mannitol,15
4.75,B11_D-Mannitol,20
5.0,B11_D-Mannitol,16
5.25,B11_D-Mannitol,24
5.5,B11_D-Mannitol,20
5.75,B11_D-Mannitol,22
6.0,B11_D-Mannitol,24
6.25,B11_D-Mannitol,23
6.5,B11_D-Mannitol,22
6.75,B11_D-Mannitol,24
7.0,B11_D-Mannitol,33
7.25,B11_D-Mannitol,29
7.5,B11_D-Mannitol,29
7.75,B11_D-Mannitol,35
8.0,B11_D-Mannitol,33
8.25,B11_D-Mannitol,34
8.5,B11_D-Mannitol,37
8.75,B11_D-Mannitol,36
9.0,B11_D-Mannitol,40
9.25,B11_D-Mannitol,43
9.5,B11_D-Mannitol,38
9.75,B11_D-Mannitol,46
10.0,B11_D-Mannitol,47
10.25,B11_D-Mannitol,47
10.5,B11_D-Mannitol,49
10.75,B11_D-Mannitol,52
11.0,B11_D-Mannitol,51
11.25,B11_D-Mannitol,57
11.5,B11_D-Mannitol,56
11.75,B11_D-Mannitol,61
12.0,B11_D-Mannitol,60
12.25,B11_D-Mannitol,66
12.5,B11_D-Mannitol,70
12.75,B11_D-Mannitol,73
13.0,B11_D-Mannitol,74
13.25,B11_D-Mannitol,78
13.5,B11_D-Mannitol,80
13.75,B11_D-Mannitol,82
14.0,B11_D-Mannitol,86
14.25,B11_D-Mannitol,89
14.5,B11_D-Mannitol,93
14.75,B11_D-Mannitol,97
15.0,B11_D-Mannitol,99
15.25,B11_D-Mannitol,104
15.5,B11_D-Mannitol,106
15.75,B11_D-Mannitol,114
16.0,B11_D-Mannitol,113
16.25,B11_D-Mannitol,114
16.5,B11_D-Mannitol,120
16.75,B11_D-Mannitol,124
17.0,B11_D-Mannitol,132
17.25,B11_D-Mannitol,132
17.5,B11_D-Mannitol,132
17.75,B11_D-Mannitol,137
18.0,B11_D-Mannitol,143
18.25,B11_D-Mannitol,147
18.5,B11_D-Mannitol,155
18.75,B11_D-Mannitol,157
19.0,B11_D-Mannitol,160
19.25,B11_D-Mannitol,157
19.5,B11_D-Mannitol,163
19.75,B11_D-Mannitol,166
20.0,B11_D-Mannitol,171
20.25,B11_D-Mannitol,176
20.5,B11_D-Mannitol,173
20.75,B11_D-Mannitol,185
21.0,B11_D-Mannitol,185
21.25,B11_D-Mannitol,185
21.5,B11_D-Mannitol,185
21.75,B11_D-Mannitol,192
22.0,B11_D-Mannitol,195
22.25,B11_D-Mannitol,198
22.5,B11_D-Mannitol,201
22.75,B11_D-Mannitol,205
23.0,B11_D-Mannitol,206
23.25,B11_D-Mannitol,206
23.5,B11_D-Mannitol,213
23.75,B11_D-Mannitol,213
24.0,B11_D-Mannitol,214
24.25,B11_D-Mannitol,220
24.5,B11_D-Mannitol,220
24.75,B11_D-Mannitol,224
25.0,B11_D-Mannitol,224
25.25,B11_D-Mannitol,229
25.5,B11_D-Mannitol,226
25.75,B11_D-Mannitol,233
26.0,B11_D-Mannitol,232
26.25,B11_D-Mannitol,234
26.5,B11_D-Mannitol,234
26.75,B11_D-Mannitol,239
27.0,B11_D-Mannitol,240
27.25,B11_D-Mannitol,242
27.5,B11_D-Mannitol,239
27.75,B11_D-Mannitol,243
28.0,B11_D-Mannitol,242
28.25,B11_D-Mannitol,243
28.5,B11_D-Mannitol,243
28.75,B11_D-Mannitol,245
29.0,B11_D-Mannitol,249
29.25,B11_D-Mannitol,247
29.5,B11_D-Mannitol,250
29.75,B11_D-Mannitol,251
30.0,B11_D-Mannitol,251
30.25,B11_D-Mannitol,251
30.5,B11_D-Mannitol,252
30.75,B11_D-Mannitol,257
31.0,B11_D-Mannitol,253
31.25,B11_D-Mannitol,255
31.5,B11_D-Mannitol,256
31.75,B11_D-Mannitol,256
32.0,B11_D-Mannitol,256
32.25,B11_D-Mannitol,254
32.5,B11_D-Mannitol,254
32.75,B11_D-Mannitol,258
33.0,B11_D-Mannitol,259
33.25,B11_D-Mannitol,261
33.5,B11_D-Mannitol,261
33.75,B11_D-Mannitol,261
34.0,B11_D-Mannitol,259
34.25,B11_D-Mannitol,257
34.5,B11_D-Mannitol,263
34.75,B11_D-Mannitol,262
35.0,B11_D-Mannitol,260
35.25,B11_D-Mannitol,262
35.5,B11_D-Mannitol,266
35.75,B11_D-Mannitol,263
36.0,B11_D-Mannitol,261
36.25,B11_D-Mannitol,265
36.5,B11_D-Mannitol,267
36.75,B11_D-Mannitol,263
37.0,B11_D-Mannitol,263
37.25,B11_D-Mannitol,262
37.5,B11_D-Mannitol,268
37.75,B11_D-Mannitol,264
38.0,B11_D-Mannitol,266
38.25,B11_D-Mannitol,263
38.5,B11_D-Mannitol,267
38.75,B11_D-Mannitol,267
39.0,B11_D-Mannitol,271
39.25,B11_D-Mannitol,268
39.5,B11_D-Mannitol,269
39.75,B11_D-Mannitol,269
40.0,B11_D-Mannitol,268
40.25,B11_D-Mannitol,267
40.5,B11_D-Mannitol,268
40.75,B11_D-Mannitol,271
41.0,B11_D-Mannitol,273
41.25,B11_D-Mannitol,267
41.5,B11_D-Mannitol,270
41.75,B11_D-Mannitol,270
42.0,B11_D-Mannitol,270
42.25,B11_D-Mannitol,270
42.5,B11_D-Mannitol,267
42.75,B11_D-Mannitol,273
43.0,B11_D-Mannitol,274
43.25,B11_D-Mannitol,269
43.5,B11_D-Mannitol,271
43.75,B11_D-Mannitol,271
44.0,B11_D-Mannitol,275
44.25,B11_D-Mannitol,275
44.5,B11_D-Mannitol,274
44.75,B11_D-Mannitol,273
45.0,B11_D-Mannitol,274
45.25,B11_D-Mannitol,274
45.5,B11_D-Mannitol,276
45.75,B11_D-Mannitol,273
46.0,B11_D-Mannitol,278
46.25,B11_D-Mannitol,274
46.5,B11_D-Mannitol,276
46.75,B11_D-Mannitol,275
47.0,B11_D-Mannitol,280
47.25,B11_D-Mannitol,278
47.5,B11_D-Mannitol,0
0.0,B12_L-Glutamic_Acid,35
0.25,B12_L-Glutamic_Acid,20
0.5,B12_L-Glutamic_Acid,23
0.75,B12_L-Glutamic_Acid,23
1.0,B12_L-Glutamic_Acid,19
1.25,B12_L-Glutamic_Acid,21
1.5,B12_L-Glutamic_Acid,22
1.75,B12_L-Glutamic_Acid,27
2.0,B12_L-Glutamic_Acid,24
2.25,B12_L-Glutamic_Acid,21
2.5,B12_L-Glutamic_Acid,19
2.75,B12_L-Glutamic_Acid,22
3.0,B12_L-Glutamic_Acid,22
3.25,B12_L-Glutamic_Acid,20
3.5,B12_L-Glutamic_Acid,19
3.75,B12_L-Glutamic_Acid,19
4.0,B12_L-Glutamic_Acid,20
4.25,B12_L-Glutamic_Acid,28
4.5,B12_L-Glutamic_Acid,25
4.75,B12_L-Glutamic_Acid,23
5.0,B12_L-Glutamic_Acid,24
5.25,B12_L-Glutamic_Acid,29
5.5,B12_L-Glutamic_Acid,31
5.75,B12_L-Glutamic_Acid,28
6.0,B12_L-Glutamic_Acid,32
6.25,B12_L-Glutamic_Acid,27
6.5,B12_L-Glutamic_Acid,27
6.75,B12_L-Glutamic_Acid,31
7.0,B12_L-Glutamic_Acid,33
7.25,B12_L-Glutamic_Acid,35
7.5,B12_L-Glutamic_Acid,34
7.75,B12_L-Glutamic_Acid,36
8.0,B12_L-Glutamic_Acid,37
8.25,B12_L-Glutamic_Acid,39
8.5,B12_L-Glutamic_Acid,40
8.75,B12_L-Glutamic_Acid,38
9.0,B12_L-Glutamic_Acid,44
9.25,B12_L-Glutamic_Acid,49
9.5,B12_L-Glutamic_Acid,50
9.75,B12_L-Glutamic_Acid,51
10.0,B12_L-Glutamic_Acid,50
10.25,B12_L-Glutamic_Acid,55
10.5,B12_L-Glutamic_Acid,59
10.75,B12_L-Glutamic_Acid,58
11.0,B12_L-Glutamic_Acid,60
11.25,B12_L-Glutamic_Acid,65
11.5,B12_L-Glutamic_Acid,65
11.75,B12_L-Glutamic_Acid,68
12.0,B12_L-Glutamic_Acid,71
12.25,B12_L-Glutamic_Acid,81
12.5,B12_L-Glutamic_Acid,81
12.75,B12_L-Glutamic_Acid,83
13.0,B12_L-Glutamic_Acid,85
13.25,B12_L-Glutamic_Acid,88
13.5,B12_L-Glutamic_Acid,95
13.75,B12_L-Glutamic_Acid,92
14.0,B12_L-Glutamic_Acid,98
14.25,B12_L-Glutamic_Acid,104
14.5,B12_L-Glutamic_Acid,104
14.75,B12_L-Glutamic_Acid,110
15.0,B12_L-Glutamic_Acid,113
15.25,B12_L-Glutamic_Acid,123
15.5,B12_L-Glutamic_Acid,130
15.75,B12_L-Glutamic_Acid,134
16.0,B12_L-Glutamic_Acid,137
16.25,B12_L-Glutamic_Acid,134
16.5,B12_L-Glutamic_Acid,138
16.75,B12_L-Glutamic_Acid,143
17.0,B12_L-Glutamic_Acid,143
17.25,B12_L-Glutamic_Acid,147
17.5,B12_L-Glutamic_Acid,148
17.75,B12_L-Glutamic_Acid,148
18.0,B12_L-Glutamic_Acid,150
18.25,B12_L-Glutamic_Acid,149
18.5,B12_L-Glutamic_Acid,154
18.75,B12_L-Glutamic_Acid,158
19.0,B12_L-Glutamic_Acid,159
19.25,B12_L-Glutamic_Acid,165
19.5,B12_L-Glutamic_Acid,166
19.75,B12_L-Glutamic_Acid,167
20.0,B12_L-Glutamic_Acid,172
20.25,B12_L-Glutamic_Acid,173
20.5,B12_L-Glutamic_Acid,179
20.75,B12_L-Glutamic_Acid,183
21.0,B12_L-Glutamic_Acid,183
21.25,B12_L-Glutamic_Acid,185
21.5,B12_L-Glutamic_Acid,189
21.75,B12_L-Glutamic_Acid,190
22.0,B12_L-Glutamic_Acid,195
22.25,B12_L-Glutamic_Acid,199
22.5,B12_L-Glutamic_Acid,198
22.75,B12_L-Glutamic_Acid,198
23.0,B12_L-Glutamic_Acid,201
23.25,B12_L-Glutamic_Acid,207
23.5,B12_L-Glutamic_Acid,208
23.75,B12_L-Glutamic_Acid,212
24.0,B12_L-Glutamic_Acid,212
24.25,B12_L-Glutamic_Acid,212
24.5,B12_L-Glutamic_Acid,213
24.75,B12_L-Glutamic_Acid,214
25.0,B12_L-Glutamic_Acid,214
25.25,B12_L-Glutamic_Acid,218
25.5,B12_L-Glutamic_Acid,215
25.75,B12_L-Glutamic_Acid,213
26.0,B12_L-Glutamic_Acid,213
26.25,B12_L-Glutamic_Acid,209
26.5,B12_L-Glutamic_Acid,210
26.75,B12_L-Glutamic_Acid,216
27.0,B12_L-Glutamic_Acid,212
27.25,B12_L-Glutamic_Acid,211
27.5,B12_L-Glutamic_Acid,209
27.75,B12_L-Glutamic_Acid,212
28.0,B12_L-Glutamic_Acid,212
28.25,B12_L-Glutamic_Acid,210
28.5,B12_L-Glutamic_Acid,211
28.75,B12_L-Glutamic_Acid,212
29.0,B12_L-Glutamic_Acid,209
29.25,B12_L-Glutamic_Acid,209
29.5,B12_L-Glutamic_Acid,210
29.75,B12_L-Glutamic_Acid,210
30.0,B12_L-Glutamic_Acid,210
30.25,B12_L-Glutamic_Acid,207
30.5,B12_L-Glutamic_Acid,209
30.75,B12_L-Glutamic_Acid,207
31.0,B12_L-Glutamic_Acid,207
31.25,B12_L-Glutamic_Acid,208
31.5,B12_L-Glutamic_Acid,209
31.75,B12_L-Glutamic_Acid,204
32.0,B12_L-Glutamic_Acid,205
32.25,B12_L-Glutamic_Acid,208
32.5,B12_L-Glutamic_Acid,208
32.75,B12_L-Glutamic_Acid,207
33.0,B12_L-Glutamic_Acid,207
33.25,B12_L-Glutamic_Acid,209
33.5,B12_L-Glutamic_Acid,208
33.75,B12_L-Glutamic_Acid,207
34.0,B12_L-Glutamic_Acid,210
34.25,B12_L-Glutamic_Acid,198
34.5,B12_L-Glutamic_Acid,205
34.75,B12_L-Glutamic_Acid,207
35.0,B12_L-Glutamic_Acid,211
35.25,B12_L-Glutamic_Acid,208
35.5,B12_L-Glutamic_Acid,210
35.75,B12_L-Glutamic_Acid,209
36.0,B12_L-Glutamic_Acid,213
36.25,B12_L-Glutamic_Acid,211
36.5,B12_L-Glutamic_Acid,210
36.75,B12_L-Glutamic_Acid,207
37.0,B12_L-Glutamic_Acid,213
37.25,B12_L-Glutamic_Acid,208
37.5,B12_L-Glutamic_Acid,207
37.75,B12_L-Glutamic_Acid,208
38.0,B12_L-Glutamic_Acid,213
38.25,B12_L-Glutamic_Acid,207
38.5,B12_L-Glutamic_Acid,211
38.75,B12_L-Glutamic_Acid,206
39.0,B12_L-Glutamic_Acid,208
39.25,B12_L-Glutamic_Acid,211
39.5,B12_L-Glutamic_Acid,207
39.75,B12_L-Glutamic_Acid,209
40.0,B12_L-Glutamic_Acid,210
40.25,B12_L-Glutamic_Acid,211
40.5,B12_L-Glutamic_Acid,210
40.75,B12_L-Glutamic_Acid,212
41.0,B12_L-Glutamic_Acid,209
41.25,B12_L-Glutamic_Acid,214
41.5,B12_L-Glutamic_Acid,207
41.75,B12_L-Glutamic_Acid,209
42.0,B12_L-Glutamic_Acid,210
42.25,B12_L-Glutamic_Acid,211
42.5,B12_L-Glutamic_Acid,208
42.75,B12_L-Glutamic_Acid,207
43.0,B12_L-Glutamic_Acid,213
43.25,B12_L-Glutamic_Acid,210
43.5,B12_L-Glutamic_Acid,210
43.75,B12_L-Glutamic_Acid,207
44.0,B12_L-Glutamic_Acid,210
44.25,B12_L-Glutamic_Acid,210
44.5,B12_L-Glutamic_Acid,205
44.75,B12_L-Glutamic_Acid,212
45.0,B12_L-Glutamic_Acid,208
45.25,B12_L-Glutamic_Acid,213
45.5,B12_L-Glutamic_Acid,210
45.75,B12_L-Glutamic_Acid,209
46.0,B12_L-Glutamic_Acid,212
46.25,B12_L-Glutamic_Acid,211
46.5,B12_L-Glutamic_Acid,210
46.75,B12_L-Glutamic_Acid,213
47.0,B12_L-Glutamic_Acid,209
47.25,B12_L-Glutamic_Acid,212
47.5,B12_L-Glutamic_Acid,0
0.0,C1_D-Glucose-6-Phosphate,54
0.25,C1_D-Glucose-6-Phosphate,52
0.5,C1_D-Glucose-6-Phosphate,53
0.75,C1_D-Glucose-6-Phosphate,32
1.0,C1_D-Glucose-6-Phosphate,25
1.25,C1_D-Glucose-6-Phosphate,23
1.5,C1_D-Glucose-6-Phosphate,25
1.75,C1_D-Glucose-6-Phosphate,19
2.0,C1_D-Glucose-6-Phosphate,17
2.25,C1_D-Glucose-6-Phosphate,17
2.5,C1_D-Glucose-6-Phosphate,15
2.75,C1_D-Glucose-6-Phosphate,17
3.0,C1_D-Glucose-6-Phosphate,18
3.25,C1_D-Glucose-6-Phosphate,22
3.5,C1_D-Glucose-6-Phosphate,22
3.75,C1_D-Glucose-6-Phosphate,21
4.0,C1_D-Glucose-6-Phosphate,17
4.25,C1_D-Glucose-6-Phosphate,24
4.5,C1_D-Glucose-6-Phosphate,25
4.75,C1_D-Glucose-6-Phosphate,23
5.0,C1_D-Glucose-6-Phosphate,23
5.25,C1_D-Glucose-6-Phosphate,28
5.5,C1_D-Glucose-6-Phosphate,25
5.75,C1_D-Glucose-6-Phosphate,27
6.0,C1_D-Glucose-6-Phosphate,31
6.25,C1_D-Glucose-6-Phosphate,32
6.5,C1_D-Glucose-6-Phosphate,26
6.75,C1_D-Glucose-6-Phosphate,27
7.0,C1_D-Glucose-6-Phosphate,30
7.25,C1_D-Glucose-6-Phosphate,31
7.5,C1_D-Glucose-6-Phosphate,32
7.75,C1_D-Glucose-6-Phosphate,31
8.0,C1_D-Glucose-6-Phosphate,28
8.25,C1_D-Glucose-6-Phosphate,29
8.5,C1_D-Glucose-6-Phosphate,32
8.75,C1_D-Glucose-6-Phosphate,28
9.0,C1_D-Glucose-6-Phosphate,32
9.25,C1_D-Glucose-6-Phosphate,29
9.5,C1_D-Glucose-6-Phosphate,34
9.75,C1_D-Glucose-6-Phosphate,30
10.0,C1_D-Glucose-6-Phosphate,29
10.25,C1_D-Glucose-6-Phosphate,32
10.5,C1_D-Glucose-6-Phosphate,29
10.75,C1_D-Glucose-6-Phosphate,29
11.0,C1_D-Glucose-6-Phosphate,31
11.25,C1_D-Glucose-6-Phosphate,31
11.5,C1_D-Glucose-6-Phosphate,35
11.75,C1_D-Glucose-6-Phosphate,29
12.0,C1_D-Glucose-6-Phosphate,30
12.25,C1_D-Glucose-6-Phosphate,35
12.5,C1_D-Glucose-6-Phosphate,37
12.75,C1_D-Glucose-6-Phosphate,31
13.0,C1_D-Glucose-6-Phosphate,31
13.25,C1_D-Glucose-6-Phosphate,33
13.5,C1_D-Glucose-6-Phosphate,30
13.75,C1_D-Glucose-6-Phosphate,33
14.0,C1_D-Glucose-6-Phosphate,31
14.25,C1_D-Glucose-6-Phosphate,30
14.5,C1_D-Glucose-6-Phosphate,31
14.75,C1_D-Glucose-6-Phosphate,29
15.0,C1_D-Glucose-6-Phosphate,35
15.25,C1_D-Glucose-6-Phosphate,35
15.5,C1_D-Glucose-6-Phosphate,33
15.75,C1_D-Glucose-6-Phosphate,35
16.0,C1_D-Glucose-6-Phosphate,33
16.25,C1_D-Glucose-6-Phosphate,36
16.5,C1_D-Glucose-6-Phosphate,33
16.75,C1_D-Glucose-6-Phosphate,37
17.0,C1_D-Glucose-6-Phosphate,37
17.25,C1_D-Glucose-6-Phosphate,34
17.5,C1_D-Glucose-6-Phosphate,32
17.75,C1_D-Glucose-6-Phosphate,36
18.0,C1_D-Glucose-6-Phosphate,35
18.25,C1_D-Glucose-6-Phosphate,33
18.5,C1_D-Glucose-6-Phosphate,37
18.75,C1_D-Glucose-6-Phosphate,36
19.0,C1_D-Glucose-6-Phosphate,34
19.25,C1_D-Glucose-6-Phosphate,36
19.5,C1_D-Glucose-6-Phosphate,37
19.75,C1_D-Glucose-6-Phosphate,40
20.0,C1_D-Glucose-6-Phosphate,44
20.25,C1_D-Glucose-6-Phosphate,39
20.5,C1_D-Glucose-6-Phosphate,41
20.75,C1_D-Glucose-6-Phosphate,43
21.0,C1_D-Glucose-6-Phosphate,40
21.25,C1_D-Glucose-6-Phosphate,36
21.5,C1_D-Glucose-6-Phosphate,42
21.75,C1_D-Glucose-6-Phosphate,37
22.0,C1_D-Glucose-6-Phosphate,46
22.25,C1_D-Glucose-6-Phosphate,41
22.5,C1_D-Glucose-6-Phosphate,42
22.75,C1_D-Glucose-6-Phosphate,41
23.0,C1_D-Glucose-6-Phosphate,42
23.25,C1_D-Glucose-6-Phosphate,41
23.5,C1_D-Glucose-6-Phosphate,37
23.75,C1_D-Glucose-6-Phosphate,43
24.0,C1_D-Glucose-6-Phosphate,38
24.25,C1_D-Glucose-6-Phosphate,43
24.5,C1_D-Glucose-6-Phosphate,44
24.75,C1_D-Glucose-6-Phosphate,44
25.0,C1_D-Glucose-6-Phosphate,43
25.25,C1_D-Glucose-6-Phosphate,47
25.5,C1_D-Glucose-6-Phosphate,49
25.75,C1_D-Glucose-6-Phosphate,45
26.0,C1_D-Glucose-6-Phosphate,45
26.25,C1_D-Glucose-6-Phosphate,48
26.5,C1_D-Glucose-6-Phosphate,47
26.75,C1_D-Glucose-6-Phosphate,47
27.0,C1_D-Glucose-6-Phosphate,48
27.25,C1_D-Glucose-6-Phosphate,47
27.5,C1_D-Glucose-6-Phosphate,46
27.75,C1_D-Glucose-6-Phosphate,50
28.0,C1_D-Glucose-6-Phosphate,49
28.25,C1_D-Glucose-6-Phosphate,49
28.5,C1_D-Glucose-6-Phosphate,49
28.75,C1_D-Glucose-6-Phosphate,51
29.0,C1_D-Glucose-6-Phosphate,50
29.25,C1_D-Glucose-6-Phosphate,48
29.5,C1_D-Glucose-6-Phosphate,48
29.75,C1_D-Glucose-6-Phosphate,53
30.0,C1_D-Glucose-6-Phosphate,48
30.25,C1_D-Glucose-6-Phosphate,51
30.5,C1_D-Glucose-6-Phosphate,49
30.75,C1_D-Glucose-6-Phosphate,50
31.0,C1_D-Glucose-6-Phosphate,49
31.25,C1_D-Glucose-6-Phosphate,49
31.5,C1_D-Glucose-6-Phosphate,48
31.75,C1_D-Glucose-6-Phosphate,51
32.0,C1_D-Glucose-6-Phosphate,48
32.25,C1_D-Glucose-6-Phosphate,51
32.5,C1_D-Glucose-6-Phosphate,52
32.75,C1_D-Glucose-6-Phosphate,55
33.0,C1_D-Glucose-6-Phosphate,52
33.25,C1_D-Glucose-6-Phosphate,54
33.5,C1_D-Glucose-6-Phosphate,58
33.75,C1_D-Glucose-6-Phosphate,58
34.0,C1_D-Glucose-6-Phosphate,54
34.25,C1_D-Glucose-6-Phosphate,47
34.5,C1_D-Glucose-6-Phosphate,55
34.75,C1_D-Glucose-6-Phosphate,54
35.0,C1_D-Glucose-6-Phosphate,59
35.25,C1_D-Glucose-6-Phosphate,52
35.5,C1_D-Glucose-6-Phosphate,57
35.75,C1_D-Glucose-6-Phosphate,51
36.0,C1_D-Glucose-6-Phosphate,53
36.25,C1_D-Glucose-6-Phosphate,53
36.5,C1_D-Glucose-6-Phosphate,55
36.75,C1_D-Glucose-6-Phosphate,56
37.0,C1_D-Glucose-6-Phosphate,54
37.25,C1_D-Glucose-6-Phosphate,52
37.5,C1_D-Glucose-6-Phosphate,52
37.75,C1_D-Glucose-6-Phosphate,56
38.0,C1_D-Glucose-6-Phosphate,56
38.25,C1_D-Glucose-6-Phosphate,47
38.5,C1_D-Glucose-6-Phosphate,52
38.75,C1_D-Glucose-6-Phosphate,50
39.0,C1_D-Glucose-6-Phosphate,57
39.25,C1_D-Glucose-6-Phosphate,53
39.5,C1_D-Glucose-6-Phosphate,52
39.75,C1_D-Glucose-6-Phosphate,54
40.0,C1_D-Glucose-6-Phosphate,49
40.25,C1_D-Glucose-6-Phosphate,52
40.5,C1_D-Glucose-6-Phosphate,54
40.75,C1_D-Glucose-6-Phosphate,52
41.0,C1_D-Glucose-6-Phosphate,56
41.25,C1_D-Glucose-6-Phosphate,53
41.5,C1_D-Glucose-6-Phosphate,51
41.75,C1_D-Glucose-6-Phosphate,52
42.0,C1_D-Glucose-6-Phosphate,47
42.25,C1_D-Glucose-6-Phosphate,50
42.5,C1_D-Glucose-6-Phosphate,51
42.75,C1_D-Glucose-6-Phosphate,53
43.0,C1_D-Glucose-6-Phosphate,55
43.25,C1_D-Glucose-6-Phosphate,53
43.5,C1_D-Glucose-6-Phosphate,51
43.75,C1_D-Glucose-6-Phosphate,51
44.0,C1_D-Glucose-6-Phosphate,52
44.25,C1_D-Glucose-6-Phosphate,50
44.5,C1_D-Glucose-6-Phosphate,51
44.75,C1_D-Glucose-6-Phosphate,50
45.0,C1_D-Glucose-6-Phosphate,55
45.25,C1_D-Glucose-6-Phosphate,53
45.5,C1_D-Glucose-6-Phosphate,54
45.75,C1_D-Glucose-6-Phosphate,50
46.0,C1_D-Glucose-6-Phosphate,50
46.25,C1_D-Glucose-6-Phosphate,55
46.5,C1_D-Glucose-6-Phosphate,51
46.75,C1_D-Glucose-6-Phosphate,52
47.0,C1_D-Glucose-6-Phosphate,52
47.25,C1_D-Glucose-6-Phosphate,55
47.5,C1_D-Glucose-6-Phosphate,0
0.0,C2_D-GalactonicAcid-g-Lactone,11
0.25,C2_D-GalactonicAcid-g-Lactone,11
0.5,C2_D-GalactonicAcid-g-Lactone,14
0.75,C2_D-GalactonicAcid-g-Lactone,11
1.0,C2_D-GalactonicAcid-g-Lactone,11
1.25,C2_D-GalactonicAcid-g-Lactone,11
1.5,C2_D-GalactonicAcid-g-Lactone,11
1.75,C2_D-GalactonicAcid-g-Lactone,12
2.0,C2_D-GalactonicAcid-g-Lactone,11
2.25,C2_D-GalactonicAcid-g-Lactone,11
2.5,C2_D-GalactonicAcid-g-Lactone,11
2.75,C2_D-GalactonicAcid-g-Lactone,13
3.0,C2_D-GalactonicAcid-g-Lactone,11
3.25,C2_D-GalactonicAcid-g-Lactone,12
3.5,C2_D-GalactonicAcid-g-Lactone,12
3.75,C2_D-GalactonicAcid-g-Lactone,14
4.0,C2_D-GalactonicAcid-g-Lactone,11
4.25,C2_D-GalactonicAcid-g-Lactone,18
4.5,C2_D-GalactonicAcid-g-Lactone,14
4.75,C2_D-GalactonicAcid-g-Lactone,19
5.0,C2_D-GalactonicAcid-g-Lactone,15
5.25,C2_D-GalactonicAcid-g-Lactone,20
5.5,C2_D-GalactonicAcid-g-Lactone,21
5.75,C2_D-GalactonicAcid-g-Lactone,19
6.0,C2_D-GalactonicAcid-g-Lactone,20
6.25,C2_D-GalactonicAcid-g-Lactone,20
6.5,C2_D-GalactonicAcid-g-Lactone,17
6.75,C2_D-GalactonicAcid-g-Lactone,18
7.0,C2_D-GalactonicAcid-g-Lactone,22
7.25,C2_D-GalactonicAcid-g-Lactone,21
7.5,C2_D-GalactonicAcid-g-Lactone,21
7.75,C2_D-GalactonicAcid-g-Lactone,25
8.0,C2_D-GalactonicAcid-g-Lactone,24
8.25,C2_D-GalactonicAcid-g-Lactone,21
8.5,C2_D-GalactonicAcid-g-Lactone,20
8.75,C2_D-GalactonicAcid-g-Lactone,22
9.0,C2_D-GalactonicAcid-g-Lactone,26
9.25,C2_D-GalactonicAcid-g-Lactone,21
9.5,C2_D-GalactonicAcid-g-Lactone,24
9.75,C2_D-GalactonicAcid-g-Lactone,27
10.0,C2_D-GalactonicAcid-g-Lactone,25
10.25,C2_D-GalactonicAcid-g-Lactone,24
10.5,C2_D-GalactonicAcid-g-Lactone,23
10.75,C2_D-GalactonicAcid-g-Lactone,27
11.0,C2_D-GalactonicAcid-g-Lactone,23
11.25,C2_D-GalactonicAcid-g-Lactone,22
11.5,C2_D-GalactonicAcid-g-Lactone,26
11.75,C2_D-GalactonicAcid-g-Lactone,25
12.0,C2_D-GalactonicAcid-g-Lactone,24
12.25,C2_D-GalactonicAcid-g-Lactone,21
12.5,C2_D-GalactonicAcid-g-Lactone,23
12.75,C2_D-GalactonicAcid-g-Lactone,25
13.0,C2_D-GalactonicAcid-g-Lactone,24
13.25,C2_D-GalactonicAcid-g-Lactone,20
13.5,C2_D-GalactonicAcid-g-Lactone,23
13.75,C2_D-GalactonicAcid-g-Lactone,24
14.0,C2_D-GalactonicAcid-g-Lactone,24
14.25,C2_D-GalactonicAcid-g-Lactone,28
14.5,C2_D-GalactonicAcid-g-Lactone,25
14.75,C2_D-GalactonicAcid-g-Lactone,29
15.0,C2_D-GalactonicAcid-g-Lactone,26
15.25,C2_D-GalactonicAcid-g-Lactone,30
15.5,C2_D-GalactonicAcid-g-Lactone,27
15.75,C2_D-GalactonicAcid-g-Lactone,26
16.0,C2_D-GalactonicAcid-g-Lactone,25
16.25,C2_D-GalactonicAcid-g-Lactone,26
16.5,C2_D-GalactonicAcid-g-Lactone,26
16.75,C2_D-GalactonicAcid-g-Lactone,31
17.0,C2_D-GalactonicAcid-g-Lactone,28
17.25,C2_D-GalactonicAcid-g-Lactone,28
17.5,C2_D-GalactonicAcid-g-Lactone,26
17.75,C2_D-GalactonicAcid-g-Lactone,31
18.0,C2_D-GalactonicAcid-g-Lactone,29
18.25,C2_D-GalactonicAcid-g-Lactone,29
18.5,C2_D-GalactonicAcid-g-Lactone,26
18.75,C2_D-GalactonicAcid-g-Lactone,27
19.0,C2_D-GalactonicAcid-g-Lactone,29
19.25,C2_D-GalactonicAcid-g-Lactone,27
19.5,C2_D-GalactonicAcid-g-Lactone,28
19.75,C2_D-GalactonicAcid-g-Lactone,27
20.0,C2_D-GalactonicAcid-g-Lactone,26
20.25,C2_D-GalactonicAcid-g-Lactone,25
20.5,C2_D-GalactonicAcid-g-Lactone,27
20.75,C2_D-GalactonicAcid-g-Lactone,30
21.0,C2_D-GalactonicAcid-g-Lactone,25
21.25,C2_D-GalactonicAcid-g-Lactone,25
21.5,C2_D-GalactonicAcid-g-Lactone,29
21.75,C2_D-GalactonicAcid-g-Lactone,27
22.0,C2_D-GalactonicAcid-g-Lactone,25
22.25,C2_D-GalactonicAcid-g-Lactone,30
22.5,C2_D-GalactonicAcid-g-Lactone,25
22.75,C2_D-GalactonicAcid-g-Lactone,23
23.0,C2_D-GalactonicAcid-g-Lactone,25
23.25,C2_D-GalactonicAcid-g-Lactone,27
23.5,C2_D-GalactonicAcid-g-Lactone,25
23.75,C2_D-GalactonicAcid-g-Lactone,25
24.0,C2_D-GalactonicAcid-g-Lactone,23
24.25,C2_D-GalactonicAcid-g-Lactone,28
24.5,C2_D-GalactonicAcid-g-Lactone,28
24.75,C2_D-GalactonicAcid-g-Lactone,28
25.0,C2_D-GalactonicAcid-g-Lactone,29
25.25,C2_D-GalactonicAcid-g-Lactone,31
25.5,C2_D-GalactonicAcid-g-Lactone,30
25.75,C2_D-GalactonicAcid-g-Lactone,28
26.0,C2_D-GalactonicAcid-g-Lactone,26
26.25,C2_D-GalactonicAcid-g-Lactone,31
26.5,C2_D-GalactonicAcid-g-Lactone,27
26.75,C2_D-GalactonicAcid-g-Lactone,31
27.0,C2_D-GalactonicAcid-g-Lactone,29
27.25,C2_D-GalactonicAcid-g-Lactone,27
27.5,C2_D-GalactonicAcid-g-Lactone,29
27.75,C2_D-GalactonicAcid-g-Lactone,28
28.0,C2_D-GalactonicAcid-g-Lactone,26
28.25,C2_D-GalactonicAcid-g-Lactone,29
28.5,C2_D-GalactonicAcid-g-Lactone,26
28.75,C2_D-GalactonicAcid-g-Lactone,28
29.0,C2_D-GalactonicAcid-g-Lactone,28
29.25,C2_D-GalactonicAcid-g-Lactone,27
29.5,C2_D-GalactonicAcid-g-Lactone,29
29.75,C2_D-GalactonicAcid-g-Lactone,29
30.0,C2_D-GalactonicAcid-g-Lactone,27
30.25,C2_D-GalactonicAcid-g-Lactone,27
30.5,C2_D-GalactonicAcid-g-Lactone,27
30.75,C2_D-GalactonicAcid-g-Lactone,29
31.0,C2_D-GalactonicAcid-g-Lactone,25
31.25,C2_D-GalactonicAcid-g-Lactone,25
31.5,C2_D-GalactonicAcid-g-Lactone,26
31.75,C2_D-GalactonicAcid-g-Lactone,27
32.0,C2_D-GalactonicAcid-g-Lactone,26
32.25,C2_D-GalactonicAcid-g-Lactone,26
32.5,C2_D-GalactonicAcid-g-Lactone,26
32.75,C2_D-GalactonicAcid-g-Lactone,26
33.0,C2_D-GalactonicAcid-g-Lactone,26
33.25,C2_D-GalactonicAcid-g-Lactone,29
33.5,C2_D-GalactonicAcid-g-Lactone,28
33.75,C2_D-GalactonicAcid-g-Lactone,32
34.0,C2_D-GalactonicAcid-g-Lactone,30
34.25,C2_D-GalactonicAcid-g-Lactone,30
34.5,C2_D-GalactonicAcid-g-Lactone,31
34.75,C2_D-GalactonicAcid-g-Lactone,27
35.0,C2_D-GalactonicAcid-g-Lactone,27
35.25,C2_D-GalactonicAcid-g-Lactone,23
35.5,C2_D-GalactonicAcid-g-Lactone,32
35.75,C2_D-GalactonicAcid-g-Lactone,25
36.0,C2_D-GalactonicAcid-g-Lactone,24
36.25,C2_D-GalactonicAcid-g-Lactone,27
36.5,C2_D-GalactonicAcid-g-Lactone,27
36.75,C2_D-GalactonicAcid-g-Lactone,28
37.0,C2_D-GalactonicAcid-g-Lactone,23
37.25,C2_D-GalactonicAcid-g-Lactone,25
37.5,C2_D-GalactonicAcid-g-Lactone,26
37.75,C2_D-GalactonicAcid-g-Lactone,29
38.0,C2_D-GalactonicAcid-g-Lactone,26
38.25,C2_D-GalactonicAcid-g-Lactone,24
38.5,C2_D-GalactonicAcid-g-Lactone,30
38.75,C2_D-GalactonicAcid-g-Lactone,26
39.0,C2_D-GalactonicAcid-g-Lactone,29
39.25,C2_D-GalactonicAcid-g-Lactone,31
39.5,C2_D-GalactonicAcid-g-Lactone,28
39.75,C2_D-GalactonicAcid-g-Lactone,31
40.0,C2_D-GalactonicAcid-g-Lactone,29
40.25,C2_D-GalactonicAcid-g-Lactone,32
40.5,C2_D-GalactonicAcid-g-Lactone,32
40.75,C2_D-GalactonicAcid-g-Lactone,29
41.0,C2_D-GalactonicAcid-g-Lactone,31
41.25,C2_D-GalactonicAcid-g-Lactone,29
41.5,C2_D-GalactonicAcid-g-Lactone,30
41.75,C2_D-GalactonicAcid-g-Lactone,30
42.0,C2_D-GalactonicAcid-g-Lactone,31
42.25,C2_D-GalactonicAcid-g-Lactone,32
42.5,C2_D-GalactonicAcid-g-Lactone,26
42.75,C2_D-GalactonicAcid-g-Lactone,28
43.0,C2_D-GalactonicAcid-g-Lactone,31
43.25,C2_D-GalactonicAcid-g-Lactone,28
43.5,C2_D-GalactonicAcid-g-Lactone,28
43.75,C2_D-GalactonicAcid-g-Lactone,27
44.0,C2_D-GalactonicAcid-g-Lactone,29
44.25,C2_D-GalactonicAcid-g-Lactone,24
44.5,C2_D-GalactonicAcid-g-Lactone,28
44.75,C2_D-GalactonicAcid-g-Lactone,28
45.0,C2_D-GalactonicAcid-g-Lactone,27
45.25,C2_D-GalactonicAcid-g-Lactone,31
45.5,C2_D-GalactonicAcid-g-Lactone,31
45.75,C2_D-GalactonicAcid-g-Lactone,30
46.0,C2_D-GalactonicAcid-g-Lactone,30
46.25,C2_D-GalactonicAcid-g-Lactone,29
46.5,C2_D-GalactonicAcid-g-Lactone,30
46.75,C2_D-GalactonicAcid-g-Lactone,29
47.0,C2_D-GalactonicAcid-g-Lactone,25
47.25,C2_D-GalactonicAcid-g-Lactone,30
47.5,C2_D-GalactonicAcid-g-Lactone,0
0.0,C3_D-L-Malic_Acid,11
0.25,C3_D-L-Malic_Acid,11
0.5,C3_D-L-Malic_Acid,11
0.75,C3_D-L-Malic_Acid,11
1.0,C3_D-L-Malic_Acid,11
1.25,C3_D-L-Malic_Acid,11
1.5,C3_D-L-Malic_Acid,11
1.75,C3_D-L-Malic_Acid,11
2.0,C3_D-L-Malic_Acid,13
2.25,C3_D-L-Malic_Acid,11
2.5,C3_D-L-Malic_Acid,11
2.75,C3_D-L-Malic_Acid,11
3.0,C3_D-L-Malic_Acid,11
3.25,C3_D-L-Malic_Acid,11
3.5,C3_D-L-Malic_Acid,11
3.75,C3_D-L-Malic_Acid,11
4.0,C3_D-L-Malic_Acid,11
4.25,C3_D-L-Malic_Acid,17
4.5,C3_D-L-Malic_Acid,22
4.75,C3_D-L-Malic_Acid,16
5.0,C3_D-L-Malic_Acid,19
5.25,C3_D-L-Malic_Acid,24
5.5,C3_D-L-Malic_Acid,21
5.75,C3_D-L-Malic_Acid,24
6.0,C3_D-L-Malic_Acid,26
6.25,C3_D-L-Malic_Acid,30
6.5,C3_D-L-Malic_Acid,25
6.75,C3_D-L-Malic_Acid,25
7.0,C3_D-L-Malic_Acid,27
7.25,C3_D-L-Malic_Acid,28
7.5,C3_D-L-Malic_Acid,33
7.75,C3_D-L-Malic_Acid,34
8.0,C3_D-L-Malic_Acid,37
8.25,C3_D-L-Malic_Acid,42
8.5,C3_D-L-Malic_Acid,45
8.75,C3_D-L-Malic_Acid,47
9.0,C3_D-L-Malic_Acid,52
9.25,C3_D-L-Malic_Acid,55
9.5,C3_D-L-Malic_Acid,55
9.75,C3_D-L-Malic_Acid,65
10.0,C3_D-L-Malic_Acid,71
10.25,C3_D-L-Malic_Acid,75
10.5,C3_D-L-Malic_Acid,79
10.75,C3_D-L-Malic_Acid,89
11.0,C3_D-L-Malic_Acid,94
11.25,C3_D-L-Malic_Acid,99
11.5,C3_D-L-Malic_Acid,105
11.75,C3_D-L-Malic_Acid,109
12.0,C3_D-L-Malic_Acid,115
12.25,C3_D-L-Malic_Acid,123
12.5,C3_D-L-Malic_Acid,124
12.75,C3_D-L-Malic_Acid,124
13.0,C3_D-L-Malic_Acid,122
13.25,C3_D-L-Malic_Acid,125
13.5,C3_D-L-Malic_Acid,124
13.75,C3_D-L-Malic_Acid,123
14.0,C3_D-L-Malic_Acid,127
14.25,C3_D-L-Malic_Acid,128
14.5,C3_D-L-Malic_Acid,128
14.75,C3_D-L-Malic_Acid,133
15.0,C3_D-L-Malic_Acid,134
15.25,C3_D-L-Malic_Acid,136
15.5,C3_D-L-Malic_Acid,137
15.75,C3_D-L-Malic_Acid,137
16.0,C3_D-L-Malic_Acid,141
16.25,C3_D-L-Malic_Acid,136
16.5,C3_D-L-Malic_Acid,137
16.75,C3_D-L-Malic_Acid,137
17.0,C3_D-L-Malic_Acid,140
17.25,C3_D-L-Malic_Acid,141
17.5,C3_D-L-Malic_Acid,138
17.75,C3_D-L-Malic_Acid,138
18.0,C3_D-L-Malic_Acid,145
18.25,C3_D-L-Malic_Acid,139
18.5,C3_D-L-Malic_Acid,140
18.75,C3_D-L-Malic_Acid,145
19.0,C3_D-L-Malic_Acid,146
19.25,C3_D-L-Malic_Acid,147
19.5,C3_D-L-Malic_Acid,142
19.75,C3_D-L-Malic_Acid,147
20.0,C3_D-L-Malic_Acid,147
20.25,C3_D-L-Malic_Acid,146
20.5,C3_D-L-Malic_Acid,145
20.75,C3_D-L-Malic_Acid,150
21.0,C3_D-L-Malic_Acid,146
21.25,C3_D-L-Malic_Acid,149
21.5,C3_D-L-Malic_Acid,153
21.75,C3_D-L-Malic_Acid,149
22.0,C3_D-L-Malic_Acid,152
22.25,C3_D-L-Malic_Acid,153
22.5,C3_D-L-Malic_Acid,150
22.75,C3_D-L-Malic_Acid,150
23.0,C3_D-L-Malic_Acid,153
23.25,C3_D-L-Malic_Acid,153
23.5,C3_D-L-Malic_Acid,153
23.75,C3_D-L-Malic_Acid,155
24.0,C3_D-L-Malic_Acid,154
24.25,C3_D-L-Malic_Acid,156
24.5,C3_D-L-Malic_Acid,157
24.75,C3_D-L-Malic_Acid,158
25.0,C3_D-L-Malic_Acid,158
25.25,C3_D-L-Malic_Acid,162
25.5,C3_D-L-Malic_Acid,161
25.75,C3_D-L-Malic_Acid,156
26.0,C3_D-L-Malic_Acid,156
26.25,C3_D-L-Malic_Acid,157
26.5,C3_D-L-Malic_Acid,160
26.75,C3_D-L-Malic_Acid,162
27.0,C3_D-L-Malic_Acid,160
27.25,C3_D-L-Malic_Acid,160
27.5,C3_D-L-Malic_Acid,161
27.75,C3_D-L-Malic_Acid,159
28.0,C3_D-L-Malic_Acid,161
28.25,C3_D-L-Malic_Acid,161
28.5,C3_D-L-Malic_Acid,161
28.75,C3_D-L-Malic_Acid,160
29.0,C3_D-L-Malic_Acid,160
29.25,C3_D-L-Malic_Acid,157
29.5,C3_D-L-Malic_Acid,160
29.75,C3_D-L-Malic_Acid,163
30.0,C3_D-L-Malic_Acid,162
30.25,C3_D-L-Malic_Acid,163
30.5,C3_D-L-Malic_Acid,163
30.75,C3_D-L-Malic_Acid,163
31.0,C3_D-L-Malic_Acid,165
31.25,C3_D-L-Malic_Acid,161
31.5,C3_D-L-Malic_Acid,162
31.75,C3_D-L-Malic_Acid,164
32.0,C3_D-L-Malic_Acid,161
32.25,C3_D-L-Malic_Acid,163
32.5,C3_D-L-Malic_Acid,166
32.75,C3_D-L-Malic_Acid,163
33.0,C3_D-L-Malic_Acid,163
33.25,C3_D-L-Malic_Acid,162
33.5,C3_D-L-Malic_Acid,164
33.75,C3_D-L-Malic_Acid,167
34.0,C3_D-L-Malic_Acid,167
34.25,C3_D-L-Malic_Acid,161
34.5,C3_D-L-Malic_Acid,163
34.75,C3_D-L-Malic_Acid,162
35.0,C3_D-L-Malic_Acid,165
35.25,C3_D-L-Malic_Acid,167
35.5,C3_D-L-Malic_Acid,164
35.75,C3_D-L-Malic_Acid,165
36.0,C3_D-L-Malic_Acid,164
36.25,C3_D-L-Malic_Acid,164
36.5,C3_D-L-Malic_Acid,166
36.75,C3_D-L-Malic_Acid,167
37.0,C3_D-L-Malic_Acid,163
37.25,C3_D-L-Malic_Acid,163
37.5,C3_D-L-Malic_Acid,162
37.75,C3_D-L-Malic_Acid,168
38.0,C3_D-L-Malic_Acid,165
38.25,C3_D-L-Malic_Acid,166
38.5,C3_D-L-Malic_Acid,162
38.75,C3_D-L-Malic_Acid,164
39.0,C3_D-L-Malic_Acid,163
39.25,C3_D-L-Malic_Acid,170
39.5,C3_D-L-Malic_Acid,164
39.75,C3_D-L-Malic_Acid,161
40.0,C3_D-L-Malic_Acid,163
40.25,C3_D-L-Malic_Acid,164
40.5,C3_D-L-Malic_Acid,160
40.75,C3_D-L-Malic_Acid,164
41.0,C3_D-L-Malic_Acid,164
41.25,C3_D-L-Malic_Acid,165
41.5,C3_D-L-Malic_Acid,165
41.75,C3_D-L-Malic_Acid,162
42.0,C3_D-L-Malic_Acid,163
42.25,C3_D-L-Malic_Acid,164
42.5,C3_D-L-Malic_Acid,163
42.75,C3_D-L-Malic_Acid,163
43.0,C3_D-L-Malic_Acid,168
43.25,C3_D-L-Malic_Acid,163
43.5,C3_D-L-Malic_Acid,161
43.75,C3_D-L-Malic_Acid,163
44.0,C3_D-L-Malic_Acid,163
44.25,C3_D-L-Malic_Acid,162
44.5,C3_D-L-Malic_Acid,160
44.75,C3_D-L-Malic_Acid,161
45.0,C3_D-L-Malic_Acid,163
45.25,C3_D-L-Malic_Acid,161
45.5,C3_D-L-Malic_Acid,165
45.75,C3_D-L-Malic_Acid,162
46.0,C3_D-L-Malic_Acid,165
46.25,C3_D-L-Malic_Acid,165
46.5,C3_D-L-Malic_Acid,159
46.75,C3_D-L-Malic_Acid,162
47.0,C3_D-L-Malic_Acid,163
47.25,C3_D-L-Malic_Acid,162
47.5,C3_D-L-Malic_Acid,0
0.0,C4_D-Ribose,63
0.25,C4_D-Ribose,67
0.5,C4_D-Ribose,73
0.75,C4_D-Ribose,76
1.0,C4_D-Ribose,76
1.25,C4_D-Ribose,78
1.5,C4_D-Ribose,78
1.75,C4_D-Ribose,79
2.0,C4_D-Ribose,80
2.25,C4_D-Ribose,81
2.5,C4_D-Ribose,81
2.75,C4_D-Ribose,79
3.0,C4_D-Ribose,82
3.25,C4_D-Ribose,82
3.5,C4_D-Ribose,82
3.75,C4_D-Ribose,86
4.0,C4_D-Ribose,83
4.25,C4_D-Ribose,83
4.5,C4_D-Ribose,86
4.75,C4_D-Ribose,87
5.0,C4_D-Ribose,84
5.25,C4_D-Ribose,88
5.5,C4_D-Ribose,87
5.75,C4_D-Ribose,94
6.0,C4_D-Ribose,93
6.25,C4_D-Ribose,90
6.5,C4_D-Ribose,89
6.75,C4_D-Ribose,92
7.0,C4_D-Ribose,90
7.25,C4_D-Ribose,93
7.5,C4_D-Ribose,91
7.75,C4_D-Ribose,93
8.0,C4_D-Ribose,92
8.25,C4_D-Ribose,88
8.5,C4_D-Ribose,95
8.75,C4_D-Ribose,93
9.0,C4_D-Ribose,93
9.25,C4_D-Ribose,94
9.5,C4_D-Ribose,93
9.75,C4_D-Ribose,97
10.0,C4_D-Ribose,92
10.25,C4_D-Ribose,92
10.5,C4_D-Ribose,93
10.75,C4_D-Ribose,98
11.0,C4_D-Ribose,97
11.25,C4_D-Ribose,97
11.5,C4_D-Ribose,98
11.75,C4_D-Ribose,101
12.0,C4_D-Ribose,102
12.25,C4_D-Ribose,97
12.5,C4_D-Ribose,100
12.75,C4_D-Ribose,101
13.0,C4_D-Ribose,97
13.25,C4_D-Ribose,99
13.5,C4_D-Ribose,104
13.75,C4_D-Ribose,103
14.0,C4_D-Ribose,100
14.25,C4_D-Ribose,104
14.5,C4_D-Ribose,100
14.75,C4_D-Ribose,104
15.0,C4_D-Ribose,106
15.25,C4_D-Ribose,103
15.5,C4_D-Ribose,105
15.75,C4_D-Ribose,101
16.0,C4_D-Ribose,100
16.25,C4_D-Ribose,103
16.5,C4_D-Ribose,100
16.75,C4_D-Ribose,103
17.0,C4_D-Ribose,105
17.25,C4_D-Ribose,110
17.5,C4_D-Ribose,104
17.75,C4_D-Ribose,105
18.0,C4_D-Ribose,105
18.25,C4_D-Ribose,107
18.5,C4_D-Ribose,105
18.75,C4_D-Ribose,103
19.0,C4_D-Ribose,107
19.25,C4_D-Ribose,107
19.5,C4_D-Ribose,106
19.75,C4_D-Ribose,109
20.0,C4_D-Ribose,106
20.25,C4_D-Ribose,107
20.5,C4_D-Ribose,110
20.75,C4_D-Ribose,112
21.0,C4_D-Ribose,111
21.25,C4_D-Ribose,108
21.5,C4_D-Ribose,106
21.75,C4_D-Ribose,111
22.0,C4_D-Ribose,112
22.25,C4_D-Ribose,111
22.5,C4_D-Ribose,108
22.75,C4_D-Ribose,111
23.0,C4_D-Ribose,109
23.25,C4_D-Ribose,110
23.5,C4_D-Ribose,106
23.75,C4_D-Ribose,111
24.0,C4_D-Ribose,109
24.25,C4_D-Ribose,111
24.5,C4_D-Ribose,114
24.75,C4_D-Ribose,113
25.0,C4_D-Ribose,111
25.25,C4_D-Ribose,112
25.5,C4_D-Ribose,111
25.75,C4_D-Ribose,112
26.0,C4_D-Ribose,109
26.25,C4_D-Ribose,111
26.5,C4_D-Ribose,115
26.75,C4_D-Ribose,109
27.0,C4_D-Ribose,113
27.25,C4_D-Ribose,114
27.5,C4_D-Ribose,112
27.75,C4_D-Ribose,110
28.0,C4_D-Ribose,112
28.25,C4_D-Ribose,107
28.5,C4_D-Ribose,112
28.75,C4_D-Ribose,109
29.0,C4_D-Ribose,115
29.25,C4_D-Ribose,109
29.5,C4_D-Ribose,111
29.75,C4_D-Ribose,114
30.0,C4_D-Ribose,113
30.25,C4_D-Ribose,113
30.5,C4_D-Ribose,116
30.75,C4_D-Ribose,115
31.0,C4_D-Ribose,112
31.25,C4_D-Ribose,111
31.5,C4_D-Ribose,113
31.75,C4_D-Ribose,115
32.0,C4_D-Ribose,113
32.25,C4_D-Ribose,112
32.5,C4_D-Ribose,112
32.75,C4_D-Ribose,118
33.0,C4_D-Ribose,113
33.25,C4_D-Ribose,117
33.5,C4_D-Ribose,116
33.75,C4_D-Ribose,116
34.0,C4_D-Ribose,114
34.25,C4_D-Ribose,115
34.5,C4_D-Ribose,118
34.75,C4_D-Ribose,116
35.0,C4_D-Ribose,117
35.25,C4_D-Ribose,111
35.5,C4_D-Ribose,119
35.75,C4_D-Ribose,113
36.0,C4_D-Ribose,116
36.25,C4_D-Ribose,110
36.5,C4_D-Ribose,116
36.75,C4_D-Ribose,118
37.0,C4_D-Ribose,116
37.25,C4_D-Ribose,114
37.5,C4_D-Ribose,116
37.75,C4_D-Ribose,118
38.0,C4_D-Ribose,118
38.25,C4_D-Ribose,115
38.5,C4_D-Ribose,117
38.75,C4_D-Ribose,115
39.0,C4_D-Ribose,118
39.25,C4_D-Ribose,117
39.5,C4_D-Ribose,119
39.75,C4_D-Ribose,120
40.0,C4_D-Ribose,115
40.25,C4_D-Ribose,116
40.5,C4_D-Ribose,118
40.75,C4_D-Ribose,117
41.0,C4_D-Ribose,117
41.25,C4_D-Ribose,116
41.5,C4_D-Ribose,118
41.75,C4_D-Ribose,116
42.0,C4_D-Ribose,117
42.25,C4_D-Ribose,117
42.5,C4_D-Ribose,114
42.75,C4_D-Ribose,116
43.0,C4_D-Ribose,118
43.25,C4_D-Ribose,114
43.5,C4_D-Ribose,116
43.75,C4_D-Ribose,118
44.0,C4_D-Ribose,118
44.25,C4_D-Ribose,120
44.5,C4_D-Ribose,119
44.75,C4_D-Ribose,114
45.0,C4_D-Ribose,118
45.25,C4_D-Ribose,118
45.5,C4_D-Ribose,115
45.75,C4_D-Ribose,118
46.0,C4_D-Ribose,115
46.25,C4_D-Ribose,119
46.5,C4_D-Ribose,120
46.75,C4_D-Ribose,118
47.0,C4_D-Ribose,118
47.25,C4_D-Ribose,120
47.5,C4_D-Ribose,0
0.0,C5_Tween_20,11
0.25,C5_Tween_20,11
0.5,C5_Tween_20,11
0.75,C5_Tween_20,11
1.0,C5_Tween_20,11
1.25,C5_Tween_20,11
1.5,C5_Tween_20,11
1.75,C5_Tween_20,11
2.0,C5_Tween_20,11
2.25,C5_Tween_20,11
2.5,C5_Tween_20,11
2.75,C5_Tween_20,11
3.0,C5_Tween_20,11
3.25,C5_Tween_20,11
3.5,C5_Tween_20,11
3.75,C5_Tween_20,11
4.0,C5_Tween_20,11
4.25,C5_Tween_20,12
4.5,C5_Tween_20,11
4.75,C5_Tween_20,11
5.0,C5_Tween_20,11
5.25,C5_Tween_20,11
5.5,C5_Tween_20,12
5.75,C5_Tween_20,11
6.0,C5_Tween_20,11
6.25,C5_Tween_20,11
6.5,C5_Tween_20,11
6.75,C5_Tween_20,14
7.0,C5_Tween_20,12
7.25,C5_Tween_20,13
7.5,C5_Tween_20,12
7.75,C5_Tween_20,15
8.0,C5_Tween_20,17
8.25,C5_Tween_20,15
8.5,C5_Tween_20,23
8.75,C5_Tween_20,18
9.0,C5_Tween_20,21
9.25,C5_Tween_20,23
9.5,C5_Tween_20,24
9.75,C5_Tween_20,29
10.0,C5_Tween_20,28
10.25,C5_Tween_20,28
10.5,C5_Tween_20,29
10.75,C5_Tween_20,35
11.0,C5_Tween_20,36
11.25,C5_Tween_20,38
11.5,C5_Tween_20,38
11.75,C5_Tween_20,40
12.0,C5_Tween_20,42
12.25,C5_Tween_20,43
12.5,C5_Tween_20,51
12.75,C5_Tween_20,54
13.0,C5_Tween_20,50
13.25,C5_Tween_20,56
13.5,C5_Tween_20,58
13.75,C5_Tween_20,61
14.0,C5_Tween_20,63
14.25,C5_Tween_20,66
14.5,C5_Tween_20,66
14.75,C5_Tween_20,71
15.0,C5_Tween_20,77
15.25,C5_Tween_20,78
15.5,C5_Tween_20,79
15.75,C5_Tween_20,82
16.0,C5_Tween_20,85
16.25,C5_Tween_20,86
16.5,C5_Tween_20,90
16.75,C5_Tween_20,95
17.0,C5_Tween_20,95
17.25,C5_Tween_20,96
17.5,C5_Tween_20,101
17.75,C5_Tween_20,104
18.0,C5_Tween_20,104
18.25,C5_Tween_20,106
18.5,C5_Tween_20,109
18.75,C5_Tween_20,108
19.0,C5_Tween_20,109
19.25,C5_Tween_20,116
19.5,C5_Tween_20,116
19.75,C5_Tween_20,115
20.0,C5_Tween_20,118
20.25,C5_Tween_20,125
20.5,C5_Tween_20,123
20.75,C5_Tween_20,125
21.0,C5_Tween_20,126
21.25,C5_Tween_20,124
21.5,C5_Tween_20,129
21.75,C5_Tween_20,129
22.0,C5_Tween_20,131
22.25,C5_Tween_20,128
22.5,C5_Tween_20,134
22.75,C5_Tween_20,136
23.0,C5_Tween_20,137
23.25,C5_Tween_20,134
23.5,C5_Tween_20,137
23.75,C5_Tween_20,143
24.0,C5_Tween_20,140
24.25,C5_Tween_20,138
24.5,C5_Tween_20,139
24.75,C5_Tween_20,143
25.0,C5_Tween_20,145
25.25,C5_Tween_20,146
25.5,C5_Tween_20,146
25.75,C5_Tween_20,146
26.0,C5_Tween_20,142
26.25,C5_Tween_20,148
26.5,C5_Tween_20,143
26.75,C5_Tween_20,143
27.0,C5_Tween_20,148
27.25,C5_Tween_20,145
27.5,C5_Tween_20,146
27.75,C5_Tween_20,148
28.0,C5_Tween_20,147
28.25,C5_Tween_20,148
28.5,C5_Tween_20,147
28.75,C5_Tween_20,147
29.0,C5_Tween_20,149
29.25,C5_Tween_20,143
29.5,C5_Tween_20,149
29.75,C5_Tween_20,144
30.0,C5_Tween_20,148
30.25,C5_Tween_20,144
30.5,C5_Tween_20,149
30.75,C5_Tween_20,144
31.0,C5_Tween_20,148
31.25,C5_Tween_20,146
31.5,C5_Tween_20,145
31.75,C5_Tween_20,148
32.0,C5_Tween_20,146
32.25,C5_Tween_20,149
32.5,C5_Tween_20,148
32.75,C5_Tween_20,148
33.0,C5_Tween_20,148
33.25,C5_Tween_20,148
33.5,C5_Tween_20,146
33.75,C5_Tween_20,146
34.0,C5_Tween_20,147
34.25,C5_Tween_20,143
34.5,C5_Tween_20,150
34.75,C5_Tween_20,145
35.0,C5_Tween_20,144
35.25,C5_Tween_20,145
35.5,C5_Tween_20,146
35.75,C5_Tween_20,145
36.0,C5_Tween_20,143
36.25,C5_Tween_20,145
36.5,C5_Tween_20,148
36.75,C5_Tween_20,144
37.0,C5_Tween_20,146
37.25,C5_Tween_20,148
37.5,C5_Tween_20,143
37.75,C5_Tween_20,148
38.0,C5_Tween_20,145
38.25,C5_Tween_20,146
38.5,C5_Tween_20,146
38.75,C5_Tween_20,144
39.0,C5_Tween_20,145
39.25,C5_Tween_20,145
39.5,C5_Tween_20,145
39.75,C5_Tween_20,147
40.0,C5_Tween_20,144
40.25,C5_Tween_20,145
40.5,C5_Tween_20,144
40.75,C5_Tween_20,143
41.0,C5_Tween_20,143
41.25,C5_Tween_20,146
41.5,C5_Tween_20,144
41.75,C5_Tween_20,142
42.0,C5_Tween_20,140
42.25,C5_Tween_20,143
42.5,C5_Tween_20,142
42.75,C5_Tween_20,145
43.0,C5_Tween_20,148
43.25,C5_Tween_20,142
43.5,C5_Tween_20,144
43.75,C5_Tween_20,142
44.0,C5_Tween_20,143
44.25,C5_Tween_20,142
44.5,C5_Tween_20,143
44.75,C5_Tween_20,144
45.0,C5_Tween_20,147
45.25,C5_Tween_20,142
45.5,C5_Tween_20,140
45.75,C5_Tween_20,146
46.0,C5_Tween_20,145
46.25,C5_Tween_20,146
46.5,C5_Tween_20,146
46.75,C5_Tween_20,138
47.0,C5_Tween_20,144
47.25,C5_Tween_20,141
47.5,C5_Tween_20,0
0.0,C6_L-Rhamnose,11
0.25,C6_L-Rhamnose,11
0.5,C6_L-Rhamnose,11
0.75,C6_L-Rhamnose,11
1.0,C6_L-Rhamnose,11
1.25,C6_L-Rhamnose,11
1.5,C6_L-Rhamnose,11
1.75,C6_L-Rhamnose,11
2.0,C6_L-Rhamnose,11
2.25,C6_L-Rhamnose,11
2.5,C6_L-Rhamnose,11
2.75,C6_L-Rhamnose,11
3.0,C6_L-Rhamnose,11
3.25,C6_L-Rhamnose,11
3.5,C6_L-Rhamnose,11
3.75,C6_L-Rhamnose,11
4.0,C6_L-Rhamnose,11
4.25,C6_L-Rhamnose,16
4.5,C6_L-Rhamnose,11
4.75,C6_L-Rhamnose,20
5.0,C6_L-Rhamnose,13
5.25,C6_L-Rhamnose,16
5.5,C6_L-Rhamnose,16
5.75,C6_L-Rhamnose,18
6.0,C6_L-Rhamnose,21
6.25,C6_L-Rhamnose,26
6.5,C6_L-Rhamnose,23
6.75,C6_L-Rhamnose,22
7.0,C6_L-Rhamnose,29
7.25,C6_L-Rhamnose,30
7.5,C6_L-Rhamnose,31
7.75,C6_L-Rhamnose,36
8.0,C6_L-Rhamnose,37
8.25,C6_L-Rhamnose,36
8.5,C6_L-Rhamnose,44
8.75,C6_L-Rhamnose,45
9.0,C6_L-Rhamnose,48
9.25,C6_L-Rhamnose,49
9.5,C6_L-Rhamnose,54
9.75,C6_L-Rhamnose,55
10.0,C6_L-Rhamnose,62
10.25,C6_L-Rhamnose,63
10.5,C6_L-Rhamnose,67
10.75,C6_L-Rhamnose,68
11.0,C6_L-Rhamnose,70
11.25,C6_L-Rhamnose,75
11.5,C6_L-Rhamnose,78
11.75,C6_L-Rhamnose,81
12.0,C6_L-Rhamnose,85
12.25,C6_L-Rhamnose,92
12.5,C6_L-Rhamnose,98
12.75,C6_L-Rhamnose,98
13.0,C6_L-Rhamnose,97
13.25,C6_L-Rhamnose,102
13.5,C6_L-Rhamnose,108
13.75,C6_L-Rhamnose,111
14.0,C6_L-Rhamnose,113
14.25,C6_L-Rhamnose,121
14.5,C6_L-Rhamnose,124
14.75,C6_L-Rhamnose,123
15.0,C6_L-Rhamnose,136
15.25,C6_L-Rhamnose,143
15.5,C6_L-Rhamnose,143
15.75,C6_L-Rhamnose,151
16.0,C6_L-Rhamnose,156
16.25,C6_L-Rhamnose,156
16.5,C6_L-Rhamnose,163
16.75,C6_L-Rhamnose,171
17.0,C6_L-Rhamnose,176
17.25,C6_L-Rhamnose,180
17.5,C6_L-Rhamnose,183
17.75,C6_L-Rhamnose,190
18.0,C6_L-Rhamnose,194
18.25,C6_L-Rhamnose,201
18.5,C6_L-Rhamnose,203
18.75,C6_L-Rhamnose,207
19.0,C6_L-Rhamnose,210
19.25,C6_L-Rhamnose,214
19.5,C6_L-Rhamnose,216
19.75,C6_L-Rhamnose,222
20.0,C6_L-Rhamnose,227
20.25,C6_L-Rhamnose,230
20.5,C6_L-Rhamnose,228
20.75,C6_L-Rhamnose,236
21.0,C6_L-Rhamnose,235
21.25,C6_L-Rhamnose,240
21.5,C6_L-Rhamnose,241
21.75,C6_L-Rhamnose,243
22.0,C6_L-Rhamnose,244
22.25,C6_L-Rhamnose,247
22.5,C6_L-Rhamnose,248
22.75,C6_L-Rhamnose,252
23.0,C6_L-Rhamnose,254
23.25,C6_L-Rhamnose,254
23.5,C6_L-Rhamnose,258
23.75,C6_L-Rhamnose,258
24.0,C6_L-Rhamnose,262
24.25,C6_L-Rhamnose,264
24.5,C6_L-Rhamnose,265
24.75,C6_L-Rhamnose,267
25.0,C6_L-Rhamnose,266
25.25,C6_L-Rhamnose,268
25.5,C6_L-Rhamnose,272
25.75,C6_L-Rhamnose,269
26.0,C6_L-Rhamnose,268
26.25,C6_L-Rhamnose,272
26.5,C6_L-Rhamnose,272
26.75,C6_L-Rhamnose,273
27.0,C6_L-Rhamnose,277
27.25,C6_L-Rhamnose,276
27.5,C6_L-Rhamnose,277
27.75,C6_L-Rhamnose,278
28.0,C6_L-Rhamnose,277
28.25,C6_L-Rhamnose,279
28.5,C6_L-Rhamnose,279
28.75,C6_L-Rhamnose,279
29.0,C6_L-Rhamnose,281
29.25,C6_L-Rhamnose,276
29.5,C6_L-Rhamnose,280
29.75,C6_L-Rhamnose,281
30.0,C6_L-Rhamnose,278
30.25,C6_L-Rhamnose,281
30.5,C6_L-Rhamnose,282
30.75,C6_L-Rhamnose,283
31.0,C6_L-Rhamnose,284
31.25,C6_L-Rhamnose,283
31.5,C6_L-Rhamnose,280
31.75,C6_L-Rhamnose,282
32.0,C6_L-Rhamnose,282
32.25,C6_L-Rhamnose,283
32.5,C6_L-Rhamnose,283
32.75,C6_L-Rhamnose,286
33.0,C6_L-Rhamnose,289
33.25,C6_L-Rhamnose,286
33.5,C6_L-Rhamnose,286
33.75,C6_L-Rhamnose,287
34.0,C6_L-Rhamnose,288
34.25,C6_L-Rhamnose,282
34.5,C6_L-Rhamnose,285
34.75,C6_L-Rhamnose,289
35.0,C6_L-Rhamnose,290
35.25,C6_L-Rhamnose,285
35.5,C6_L-Rhamnose,291
35.75,C6_L-Rhamnose,286
36.0,C6_L-Rhamnose,290
36.25,C6_L-Rhamnose,295
36.5,C6_L-Rhamnose,286
36.75,C6_L-Rhamnose,289
37.0,C6_L-Rhamnose,291
37.25,C6_L-Rhamnose,291
37.5,C6_L-Rhamnose,291
37.75,C6_L-Rhamnose,292
38.0,C6_L-Rhamnose,291
38.25,C6_L-Rhamnose,295
38.5,C6_L-Rhamnose,293
38.75,C6_L-Rhamnose,295
39.0,C6_L-Rhamnose,293
39.25,C6_L-Rhamnose,296
39.5,C6_L-Rhamnose,296
39.75,C6_L-Rhamnose,293
40.0,C6_L-Rhamnose,297
40.25,C6_L-Rhamnose,293
40.5,C6_L-Rhamnose,293
40.75,C6_L-Rhamnose,294
41.0,C6_L-Rhamnose,296
41.25,C6_L-Rhamnose,298
41.5,C6_L-Rhamnose,291
41.75,C6_L-Rhamnose,298
42.0,C6_L-Rhamnose,295
42.25,C6_L-Rhamnose,299
42.5,C6_L-Rhamnose,296
42.75,C6_L-Rhamnose,298
43.0,C6_L-Rhamnose,300
43.25,C6_L-Rhamnose,299
43.5,C6_L-Rhamnose,296
43.75,C6_L-Rhamnose,299
44.0,C6_L-Rhamnose,299
44.25,C6_L-Rhamnose,300
44.5,C6_L-Rhamnose,295
44.75,C6_L-Rhamnose,299
45.0,C6_L-Rhamnose,302
45.25,C6_L-Rhamnose,301
45.5,C6_L-Rhamnose,299
45.75,C6_L-Rhamnose,300
46.0,C6_L-Rhamnose,302
46.25,C6_L-Rhamnose,300
46.5,C6_L-Rhamnose,301
46.75,C6_L-Rhamnose,301
47.0,C6_L-Rhamnose,302
47.25,C6_L-Rhamnose,298
47.5,C6_L-Rhamnose,0
0.0,C7_D-Fructose,11
0.25,C7_D-Fructose,11
0.5,C7_D-Fructose,11
0.75,C7_D-Fructose,11
1.0,C7_D-Fructose,11
1.25,C7_D-Fructose,11
1.5,C7_D-Fructose,11
1.75,C7_D-Fructose,11
2.0,C7_D-Fructose,11
2.25,C7_D-Fructose,11
2.5,C7_D-Fructose,11
2.75,C7_D-Fructose,11
3.0,C7_D-Fructose,11
3.25,C7_D-Fructose,11
3.5,C7_D-Fructose,11
3.75,C7_D-Fructose,11
4.0,C7_D-Fructose,11
4.25,C7_D-Fructose,11
4.5,C7_D-Fructose,14
4.75,C7_D-Fructose,12
5.0,C7_D-Fructose,12
5.25,C7_D-Fructose,14
5.5,C7_D-Fructose,11
5.75,C7_D-Fructose,16
6.0,C7_D-Fructose,16
6.25,C7_D-Fructose,17
6.5,C7_D-Fructose,16
6.75,C7_D-Fructose,23
7.0,C7_D-Fructose,21
7.25,C7_D-Fructose,24
7.5,C7_D-Fructose,20
7.75,C7_D-Fructose,26
8.0,C7_D-Fructose,27
8.25,C7_D-Fructose,24
8.5,C7_D-Fructose,28
8.75,C7_D-Fructose,30
9.0,C7_D-Fructose,34
9.25,C7_D-Fructose,30
9.5,C7_D-Fructose,27
9.75,C7_D-Fructose,31
10.0,C7_D-Fructose,28
10.25,C7_D-Fructose,28
10.5,C7_D-Fructose,29
10.75,C7_D-Fructose,30
11.0,C7_D-Fructose,33
11.25,C7_D-Fructose,32
11.5,C7_D-Fructose,31
11.75,C7_D-Fructose,33
12.0,C7_D-Fructose,34
12.25,C7_D-Fructose,35
12.5,C7_D-Fructose,35
12.75,C7_D-Fructose,36
13.0,C7_D-Fructose,39
13.25,C7_D-Fructose,42
13.5,C7_D-Fructose,40
13.75,C7_D-Fructose,40
14.0,C7_D-Fructose,43
14.25,C7_D-Fructose,43
14.5,C7_D-Fructose,48
14.75,C7_D-Fructose,49
15.0,C7_D-Fructose,49
15.25,C7_D-Fructose,54
15.5,C7_D-Fructose,56
15.75,C7_D-Fructose,59
16.0,C7_D-Fructose,52
16.25,C7_D-Fructose,63
16.5,C7_D-Fructose,64
16.75,C7_D-Fructose,70
17.0,C7_D-Fructose,72
17.25,C7_D-Fructose,72
17.5,C7_D-Fructose,73
17.75,C7_D-Fructose,78
18.0,C7_D-Fructose,82
18.25,C7_D-Fructose,90
18.5,C7_D-Fructose,91
18.75,C7_D-Fructose,96
19.0,C7_D-Fructose,101
19.25,C7_D-Fructose,105
19.5,C7_D-Fructose,101
19.75,C7_D-Fructose,108
20.0,C7_D-Fructose,111
20.25,C7_D-Fructose,117
20.5,C7_D-Fructose,122
20.75,C7_D-Fructose,123
21.0,C7_D-Fructose,127
21.25,C7_D-Fructose,130
21.5,C7_D-Fructose,135
21.75,C7_D-Fructose,142
22.0,C7_D-Fructose,146
22.25,C7_D-Fructose,146
22.5,C7_D-Fructose,150
22.75,C7_D-Fructose,152
23.0,C7_D-Fructose,160
23.25,C7_D-Fructose,163
23.5,C7_D-Fructose,169
23.75,C7_D-Fructose,173
24.0,C7_D-Fructose,175
24.25,C7_D-Fructose,180
24.5,C7_D-Fructose,184
24.75,C7_D-Fructose,187
25.0,C7_D-Fructose,185
25.25,C7_D-Fructose,198
25.5,C7_D-Fructose,198
25.75,C7_D-Fructose,202
26.0,C7_D-Fructose,205
26.25,C7_D-Fructose,206
26.5,C7_D-Fructose,206
26.75,C7_D-Fructose,216
27.0,C7_D-Fructose,212
27.25,C7_D-Fructose,217
27.5,C7_D-Fructose,220
27.75,C7_D-Fructose,222
28.0,C7_D-Fructose,225
28.25,C7_D-Fructose,227
28.5,C7_D-Fructose,228
28.75,C7_D-Fructose,229
29.0,C7_D-Fructose,234
29.25,C7_D-Fructose,235
29.5,C7_D-Fructose,236
29.75,C7_D-Fructose,238
30.0,C7_D-Fructose,240
30.25,C7_D-Fructose,240
30.5,C7_D-Fructose,243
30.75,C7_D-Fructose,246
31.0,C7_D-Fructose,245
31.25,C7_D-Fructose,247
31.5,C7_D-Fructose,247
31.75,C7_D-Fructose,247
32.0,C7_D-Fructose,248
32.25,C7_D-Fructose,249
32.5,C7_D-Fructose,251
32.75,C7_D-Fructose,254
33.0,C7_D-Fructose,257
33.25,C7_D-Fructose,254
33.5,C7_D-Fructose,254
33.75,C7_D-Fructose,257
34.0,C7_D-Fructose,254
34.25,C7_D-Fructose,255
34.5,C7_D-Fructose,257
34.75,C7_D-Fructose,257
35.0,C7_D-Fructose,257
35.25,C7_D-Fructose,258
35.5,C7_D-Fructose,259
35.75,C7_D-Fructose,260
36.0,C7_D-Fructose,257
36.25,C7_D-Fructose,259
36.5,C7_D-Fructose,259
36.75,C7_D-Fructose,261
37.0,C7_D-Fructose,259
37.25,C7_D-Fructose,256
37.5,C7_D-Fructose,262
37.75,C7_D-Fructose,263
38.0,C7_D-Fructose,260
38.25,C7_D-Fructose,261
38.5,C7_D-Fructose,262
38.75,C7_D-Fructose,261
39.0,C7_D-Fructose,262
39.25,C7_D-Fructose,260
39.5,C7_D-Fructose,262
39.75,C7_D-Fructose,263
40.0,C7_D-Fructose,262
40.25,C7_D-Fructose,261
40.5,C7_D-Fructose,263
40.75,C7_D-Fructose,263
41.0,C7_D-Fructose,265
41.25,C7_D-Fructose,263
41.5,C7_D-Fructose,265
41.75,C7_D-Fructose,263
42.0,C7_D-Fructose,264
42.25,C7_D-Fructose,265
42.5,C7_D-Fructose,262
42.75,C7_D-Fructose,263
43.0,C7_D-Fructose,266
43.25,C7_D-Fructose,264
43.5,C7_D-Fructose,264
43.75,C7_D-Fructose,266
44.0,C7_D-Fructose,267
44.25,C7_D-Fructose,263
44.5,C7_D-Fructose,264
44.75,C7_D-Fructose,266
45.0,C7_D-Fructose,264
45.25,C7_D-Fructose,266
45.5,C7_D-Fructose,265
45.75,C7_D-Fructose,265
46.0,C7_D-Fructose,268
46.25,C7_D-Fructose,268
46.5,C7_D-Fructose,267
46.75,C7_D-Fructose,267
47.0,C7_D-Fructose,267
47.25,C7_D-Fructose,270
47.5,C7_D-Fructose,0
0.0,C8_Acetic_Acid,11
0.25,C8_Acetic_Acid,17
0.5,C8_Acetic_Acid,11
0.75,C8_Acetic_Acid,11
1.0,C8_Acetic_Acid,11
1.25,C8_Acetic_Acid,11
1.5,C8_Acetic_Acid,11
1.75,C8_Acetic_Acid,11
2.0,C8_Acetic_Acid,11
2.25,C8_Acetic_Acid,11
2.5,C8_Acetic_Acid,11
2.75,C8_Acetic_Acid,11
3.0,C8_Acetic_Acid,11
3.25,C8_Acetic_Acid,14
3.5,C8_Acetic_Acid,11
3.75,C8_Acetic_Acid,11
4.0,C8_Acetic_Acid,11
4.25,C8_Acetic_Acid,14
4.5,C8_Acetic_Acid,13
4.75,C8_Acetic_Acid,14
5.0,C8_Acetic_Acid,13
5.25,C8_Acetic_Acid,17
5.5,C8_Acetic_Acid,16
5.75,C8_Acetic_Acid,20
6.0,C8_Acetic_Acid,20
6.25,C8_Acetic_Acid,18
6.5,C8_Acetic_Acid,20
6.75,C8_Acetic_Acid,21
7.0,C8_Acetic_Acid,23
7.25,C8_Acetic_Acid,22
7.5,C8_Acetic_Acid,27
7.75,C8_Acetic_Acid,27
8.0,C8_Acetic_Acid,27
8.25,C8_Acetic_Acid,27
8.5,C8_Acetic_Acid,33
8.75,C8_Acetic_Acid,32
9.0,C8_Acetic_Acid,35
9.25,C8_Acetic_Acid,36
9.5,C8_Acetic_Acid,39
9.75,C8_Acetic_Acid,39
10.0,C8_Acetic_Acid,41
10.25,C8_Acetic_Acid,41
10.5,C8_Acetic_Acid,44
10.75,C8_Acetic_Acid,46
11.0,C8_Acetic_Acid,49
11.25,C8_Acetic_Acid,46
11.5,C8_Acetic_Acid,49
11.75,C8_Acetic_Acid,52
12.0,C8_Acetic_Acid,55
12.25,C8_Acetic_Acid,56
12.5,C8_Acetic_Acid,62
12.75,C8_Acetic_Acid,60
13.0,C8_Acetic_Acid,65
13.25,C8_Acetic_Acid,68
13.5,C8_Acetic_Acid,68
13.75,C8_Acetic_Acid,69
14.0,C8_Acetic_Acid,74
14.25,C8_Acetic_Acid,76
14.5,C8_Acetic_Acid,79
14.75,C8_Acetic_Acid,86
15.0,C8_Acetic_Acid,85
15.25,C8_Acetic_Acid,87
15.5,C8_Acetic_Acid,93
15.75,C8_Acetic_Acid,95
16.0,C8_Acetic_Acid,100
16.25,C8_Acetic_Acid,101
16.5,C8_Acetic_Acid,107
16.75,C8_Acetic_Acid,111
17.0,C8_Acetic_Acid,117
17.25,C8_Acetic_Acid,116
17.5,C8_Acetic_Acid,116
17.75,C8_Acetic_Acid,123
18.0,C8_Acetic_Acid,129
18.25,C8_Acetic_Acid,134
18.5,C8_Acetic_Acid,136
18.75,C8_Acetic_Acid,138
19.0,C8_Acetic_Acid,142
19.25,C8_Acetic_Acid,145
19.5,C8_Acetic_Acid,147
19.75,C8_Acetic_Acid,152
20.0,C8_Acetic_Acid,156
20.25,C8_Acetic_Acid,161
20.5,C8_Acetic_Acid,164
20.75,C8_Acetic_Acid,167
21.0,C8_Acetic_Acid,170
21.25,C8_Acetic_Acid,172
21.5,C8_Acetic_Acid,178
21.75,C8_Acetic_Acid,181
22.0,C8_Acetic_Acid,186
22.25,C8_Acetic_Acid,190
22.5,C8_Acetic_Acid,191
22.75,C8_Acetic_Acid,191
23.0,C8_Acetic_Acid,197
23.25,C8_Acetic_Acid,202
23.5,C8_Acetic_Acid,204
23.75,C8_Acetic_Acid,204
24.0,C8_Acetic_Acid,207
24.25,C8_Acetic_Acid,212
24.5,C8_Acetic_Acid,212
24.75,C8_Acetic_Acid,215
25.0,C8_Acetic_Acid,218
25.25,C8_Acetic_Acid,221
25.5,C8_Acetic_Acid,223
25.75,C8_Acetic_Acid,225
26.0,C8_Acetic_Acid,223
26.25,C8_Acetic_Acid,230
26.5,C8_Acetic_Acid,230
26.75,C8_Acetic_Acid,230
27.0,C8_Acetic_Acid,237
27.25,C8_Acetic_Acid,236
27.5,C8_Acetic_Acid,238
27.75,C8_Acetic_Acid,237
28.0,C8_Acetic_Acid,240
28.25,C8_Acetic_Acid,241
28.5,C8_Acetic_Acid,245
28.75,C8_Acetic_Acid,240
29.0,C8_Acetic_Acid,244
29.25,C8_Acetic_Acid,245
29.5,C8_Acetic_Acid,246
29.75,C8_Acetic_Acid,247
30.0,C8_Acetic_Acid,250
30.25,C8_Acetic_Acid,250
30.5,C8_Acetic_Acid,250
30.75,C8_Acetic_Acid,251
31.0,C8_Acetic_Acid,254
31.25,C8_Acetic_Acid,251
31.5,C8_Acetic_Acid,248
31.75,C8_Acetic_Acid,253
32.0,C8_Acetic_Acid,252
32.25,C8_Acetic_Acid,253
32.5,C8_Acetic_Acid,251
32.75,C8_Acetic_Acid,256
33.0,C8_Acetic_Acid,255
33.25,C8_Acetic_Acid,253
33.5,C8_Acetic_Acid,249
33.75,C8_Acetic_Acid,248
34.0,C8_Acetic_Acid,248
34.25,C8_Acetic_Acid,249
34.5,C8_Acetic_Acid,251
34.75,C8_Acetic_Acid,246
35.0,C8_Acetic_Acid,245
35.25,C8_Acetic_Acid,245
35.5,C8_Acetic_Acid,247
35.75,C8_Acetic_Acid,245
36.0,C8_Acetic_Acid,246
36.25,C8_Acetic_Acid,244
36.5,C8_Acetic_Acid,250
36.75,C8_Acetic_Acid,246
37.0,C8_Acetic_Acid,246
37.25,C8_Acetic_Acid,247
37.5,C8_Acetic_Acid,246
37.75,C8_Acetic_Acid,243
38.0,C8_Acetic_Acid,247
38.25,C8_Acetic_Acid,244
38.5,C8_Acetic_Acid,245
38.75,C8_Acetic_Acid,244
39.0,C8_Acetic_Acid,243
39.25,C8_Acetic_Acid,243
39.5,C8_Acetic_Acid,246
39.75,C8_Acetic_Acid,246
40.0,C8_Acetic_Acid,243
40.25,C8_Acetic_Acid,243
40.5,C8_Acetic_Acid,244
40.75,C8_Acetic_Acid,243
41.0,C8_Acetic_Acid,245
41.25,C8_Acetic_Acid,241
41.5,C8_Acetic_Acid,243
41.75,C8_Acetic_Acid,242
42.0,C8_Acetic_Acid,242
42.25,C8_Acetic_Acid,241
42.5,C8_Acetic_Acid,241
42.75,C8_Acetic_Acid,243
43.0,C8_Acetic_Acid,244
43.25,C8_Acetic_Acid,241
43.5,C8_Acetic_Acid,240
43.75,C8_Acetic_Acid,241
44.0,C8_Acetic_Acid,241
44.25,C8_Acetic_Acid,243
44.5,C8_Acetic_Acid,241
44.75,C8_Acetic_Acid,241
45.0,C8_Acetic_Acid,238
45.25,C8_Acetic_Acid,236
45.5,C8_Acetic_Acid,242
45.75,C8_Acetic_Acid,240
46.0,C8_Acetic_Acid,237
46.25,C8_Acetic_Acid,239
46.5,C8_Acetic_Acid,244
46.75,C8_Acetic_Acid,239
47.0,C8_Acetic_Acid,241
47.25,C8_Acetic_Acid,240
47.5,C8_Acetic_Acid,0
0.0,C9_a-D-Glucose,11
0.25,C9_a-D-Glucose,11
0.5,C9_a-D-Glucose,11
0.75,C9_a-D-Glucose,11
1.0,C9_a-D-Glucose,11
1.25,C9_a-D-Glucose,11
1.5,C9_a-D-Glucose,13
1.75,C9_a-D-Glucose,11
2.0,C9_a-D-Glucose,13
2.25,C9_a-D-Glucose,11
2.5,C9_a-D-Glucose,11
2.75,C9_a-D-Glucose,11
3.0,C9_a-D-Glucose,11
3.25,C9_a-D-Glucose,11
3.5,C9_a-D-Glucose,11
3.75,C9_a-D-Glucose,12
4.0,C9_a-D-Glucose,11
4.25,C9_a-D-Glucose,12
4.5,C9_a-D-Glucose,17
4.75,C9_a-D-Glucose,16
5.0,C9_a-D-Glucose,17
5.25,C9_a-D-Glucose,16
5.5,C9_a-D-Glucose,16
5.75,C9_a-D-Glucose,23
6.0,C9_a-D-Glucose,24
6.25,C9_a-D-Glucose,22
6.5,C9_a-D-Glucose,29
6.75,C9_a-D-Glucose,27
7.0,C9_a-D-Glucose,31
7.25,C9_a-D-Glucose,31
7.5,C9_a-D-Glucose,35
7.75,C9_a-D-Glucose,40
8.0,C9_a-D-Glucose,41
8.25,C9_a-D-Glucose,43
8.5,C9_a-D-Glucose,45
8.75,C9_a-D-Glucose,46
9.0,C9_a-D-Glucose,54
9.25,C9_a-D-Glucose,56
9.5,C9_a-D-Glucose,60
9.75,C9_a-D-Glucose,65
10.0,C9_a-D-Glucose,64
10.25,C9_a-D-Glucose,65
10.5,C9_a-D-Glucose,73
10.75,C9_a-D-Glucose,83
11.0,C9_a-D-Glucose,92
11.25,C9_a-D-Glucose,97
11.5,C9_a-D-Glucose,99
11.75,C9_a-D-Glucose,106
12.0,C9_a-D-Glucose,110
12.25,C9_a-D-Glucose,114
12.5,C9_a-D-Glucose,124
12.75,C9_a-D-Glucose,126
13.0,C9_a-D-Glucose,131
13.25,C9_a-D-Glucose,134
13.5,C9_a-D-Glucose,141
13.75,C9_a-D-Glucose,150
14.0,C9_a-D-Glucose,155
14.25,C9_a-D-Glucose,157
14.5,C9_a-D-Glucose,161
14.75,C9_a-D-Glucose,170
15.0,C9_a-D-Glucose,177
15.25,C9_a-D-Glucose,179
15.5,C9_a-D-Glucose,182
15.75,C9_a-D-Glucose,185
16.0,C9_a-D-Glucose,193
16.25,C9_a-D-Glucose,194
16.5,C9_a-D-Glucose,197
16.75,C9_a-D-Glucose,202
17.0,C9_a-D-Glucose,206
17.25,C9_a-D-Glucose,213
17.5,C9_a-D-Glucose,210
17.75,C9_a-D-Glucose,215
18.0,C9_a-D-Glucose,221
18.25,C9_a-D-Glucose,226
18.5,C9_a-D-Glucose,227
18.75,C9_a-D-Glucose,226
19.0,C9_a-D-Glucose,232
19.25,C9_a-D-Glucose,234
19.5,C9_a-D-Glucose,236
19.75,C9_a-D-Glucose,241
20.0,C9_a-D-Glucose,243
20.25,C9_a-D-Glucose,245
20.5,C9_a-D-Glucose,246
20.75,C9_a-D-Glucose,249
21.0,C9_a-D-Glucose,252
21.25,C9_a-D-Glucose,247
21.5,C9_a-D-Glucose,254
21.75,C9_a-D-Glucose,254
22.0,C9_a-D-Glucose,255
22.25,C9_a-D-Glucose,256
22.5,C9_a-D-Glucose,256
22.75,C9_a-D-Glucose,259
23.0,C9_a-D-Glucose,256
23.25,C9_a-D-Glucose,260
23.5,C9_a-D-Glucose,261
23.75,C9_a-D-Glucose,263
24.0,C9_a-D-Glucose,262
24.25,C9_a-D-Glucose,265
24.5,C9_a-D-Glucose,265
24.75,C9_a-D-Glucose,269
25.0,C9_a-D-Glucose,268
25.25,C9_a-D-Glucose,270
25.5,C9_a-D-Glucose,270
25.75,C9_a-D-Glucose,271
26.0,C9_a-D-Glucose,271
26.25,C9_a-D-Glucose,270
26.5,C9_a-D-Glucose,269
26.75,C9_a-D-Glucose,268
27.0,C9_a-D-Glucose,274
27.25,C9_a-D-Glucose,273
27.5,C9_a-D-Glucose,274
27.75,C9_a-D-Glucose,274
28.0,C9_a-D-Glucose,273
28.25,C9_a-D-Glucose,274
28.5,C9_a-D-Glucose,276
28.75,C9_a-D-Glucose,275
29.0,C9_a-D-Glucose,277
29.25,C9_a-D-Glucose,274
29.5,C9_a-D-Glucose,274
29.75,C9_a-D-Glucose,271
30.0,C9_a-D-Glucose,273
30.25,C9_a-D-Glucose,274
30.5,C9_a-D-Glucose,276
30.75,C9_a-D-Glucose,278
31.0,C9_a-D-Glucose,275
31.25,C9_a-D-Glucose,274
31.5,C9_a-D-Glucose,275
31.75,C9_a-D-Glucose,276
32.0,C9_a-D-Glucose,275
32.25,C9_a-D-Glucose,277
32.5,C9_a-D-Glucose,276
32.75,C9_a-D-Glucose,276
33.0,C9_a-D-Glucose,278
33.25,C9_a-D-Glucose,278
33.5,C9_a-D-Glucose,276
33.75,C9_a-D-Glucose,278
34.0,C9_a-D-Glucose,278
34.25,C9_a-D-Glucose,276
34.5,C9_a-D-Glucose,280
34.75,C9_a-D-Glucose,279
35.0,C9_a-D-Glucose,277
35.25,C9_a-D-Glucose,275
35.5,C9_a-D-Glucose,279
35.75,C9_a-D-Glucose,273
36.0,C9_a-D-Glucose,278
36.25,C9_a-D-Glucose,275
36.5,C9_a-D-Glucose,277
36.75,C9_a-D-Glucose,273
37.0,C9_a-D-Glucose,273
37.25,C9_a-D-Glucose,271
37.5,C9_a-D-Glucose,270
37.75,C9_a-D-Glucose,271
38.0,C9_a-D-Glucose,269
38.25,C9_a-D-Glucose,268
38.5,C9_a-D-Glucose,264
38.75,C9_a-D-Glucose,264
39.0,C9_a-D-Glucose,264
39.25,C9_a-D-Glucose,265
39.5,C9_a-D-Glucose,261
39.75,C9_a-D-Glucose,262
40.0,C9_a-D-Glucose,262
40.25,C9_a-D-Glucose,259
40.5,C9_a-D-Glucose,262
40.75,C9_a-D-Glucose,259
41.0,C9_a-D-Glucose,261
41.25,C9_a-D-Glucose,258
41.5,C9_a-D-Glucose,257
41.75,C9_a-D-Glucose,255
42.0,C9_a-D-Glucose,256
42.25,C9_a-D-Glucose,255
42.5,C9_a-D-Glucose,253
42.75,C9_a-D-Glucose,255
43.0,C9_a-D-Glucose,255
43.25,C9_a-D-Glucose,251
43.5,C9_a-D-Glucose,254
43.75,C9_a-D-Glucose,253
44.0,C9_a-D-Glucose,250
44.25,C9_a-D-Glucose,249
44.5,C9_a-D-Glucose,251
44.75,C9_a-D-Glucose,249
45.0,C9_a-D-Glucose,250
45.25,C9_a-D-Glucose,250
45.5,C9_a-D-Glucose,246
45.75,C9_a-D-Glucose,244
46.0,C9_a-D-Glucose,246
46.25,C9_a-D-Glucose,246
46.5,C9_a-D-Glucose,243
46.75,C9_a-D-Glucose,243
47.0,C9_a-D-Glucose,244
47.25,C9_a-D-Glucose,244
47.5,C9_a-D-Glucose,0
0.0,C10_Maltose,11
0.25,C10_Maltose,11
0.5,C10_Maltose,11
0.75,C10_Maltose,11
1.0,C10_Maltose,16
1.25,C10_Maltose,11
1.5,C10_Maltose,11
1.75,C10_Maltose,11
2.0,C10_Maltose,16
2.25,C10_Maltose,12
2.5,C10_Maltose,11
2.75,C10_Maltose,11
3.0,C10_Maltose,11
3.25,C10_Maltose,12
3.5,C10_Maltose,13
3.75,C10_Maltose,13
4.0,C10_Maltose,11
4.25,C10_Maltose,11
4.5,C10_Maltose,13
4.75,C10_Maltose,11
5.0,C10_Maltose,12
5.25,C10_Maltose,14
5.5,C10_Maltose,17
5.75,C10_Maltose,19
6.0,C10_Maltose,17
6.25,C10_Maltose,16
6.5,C10_Maltose,20
6.75,C10_Maltose,20
7.0,C10_Maltose,21
7.25,C10_Maltose,26
7.5,C10_Maltose,20
7.75,C10_Maltose,26
8.0,C10_Maltose,25
8.25,C10_Maltose,22
8.5,C10_Maltose,27
8.75,C10_Maltose,23
9.0,C10_Maltose,25
9.25,C10_Maltose,26
9.5,C10_Maltose,27
9.75,C10_Maltose,26
10.0,C10_Maltose,27
10.25,C10_Maltose,22
10.5,C10_Maltose,26
10.75,C10_Maltose,26
11.0,C10_Maltose,27
11.25,C10_Maltose,28
11.5,C10_Maltose,26
11.75,C10_Maltose,30
12.0,C10_Maltose,30
12.25,C10_Maltose,31
12.5,C10_Maltose,31
12.75,C10_Maltose,25
13.0,C10_Maltose,35
13.25,C10_Maltose,29
13.5,C10_Maltose,34
13.75,C10_Maltose,28
14.0,C10_Maltose,33
14.25,C10_Maltose,34
14.5,C10_Maltose,32
14.75,C10_Maltose,36
15.0,C10_Maltose,37
15.25,C10_Maltose,37
15.5,C10_Maltose,37
15.75,C10_Maltose,36
16.0,C10_Maltose,36
16.25,C10_Maltose,34
16.5,C10_Maltose,41
16.75,C10_Maltose,39
17.0,C10_Maltose,42
17.25,C10_Maltose,45
17.5,C10_Maltose,44
17.75,C10_Maltose,44
18.0,C10_Maltose,43
18.25,C10_Maltose,44
18.5,C10_Maltose,44
18.75,C10_Maltose,47
19.0,C10_Maltose,50
19.25,C10_Maltose,48
19.5,C10_Maltose,50
19.75,C10_Maltose,53
20.0,C10_Maltose,50
20.25,C10_Maltose,53
20.5,C10_Maltose,56
20.75,C10_Maltose,56
21.0,C10_Maltose,56
21.25,C10_Maltose,53
21.5,C10_Maltose,61
21.75,C10_Maltose,58
22.0,C10_Maltose,61
22.25,C10_Maltose,66
22.5,C10_Maltose,74
22.75,C10_Maltose,71
23.0,C10_Maltose,84
23.25,C10_Maltose,84
23.5,C10_Maltose,86
23.75,C10_Maltose,93
24.0,C10_Maltose,95
24.25,C10_Maltose,98
24.5,C10_Maltose,106
24.75,C10_Maltose,105
25.0,C10_Maltose,110
25.25,C10_Maltose,116
25.5,C10_Maltose,121
25.75,C10_Maltose,119
26.0,C10_Maltose,117
26.25,C10_Maltose,122
26.5,C10_Maltose,128
26.75,C10_Maltose,128
27.0,C10_Maltose,130
27.25,C10_Maltose,132
27.5,C10_Maltose,139
27.75,C10_Maltose,140
28.0,C10_Maltose,138
28.25,C10_Maltose,146
28.5,C10_Maltose,150
28.75,C10_Maltose,149
29.0,C10_Maltose,152
29.25,C10_Maltose,155
29.5,C10_Maltose,159
29.75,C10_Maltose,162
30.0,C10_Maltose,162
30.25,C10_Maltose,168
30.5,C10_Maltose,172
30.75,C10_Maltose,172
31.0,C10_Maltose,177
31.25,C10_Maltose,178
31.5,C10_Maltose,178
31.75,C10_Maltose,181
32.0,C10_Maltose,183
32.25,C10_Maltose,187
32.5,C10_Maltose,188
32.75,C10_Maltose,188
33.0,C10_Maltose,194
33.25,C10_Maltose,194
33.5,C10_Maltose,198
33.75,C10_Maltose,200
34.0,C10_Maltose,200
34.25,C10_Maltose,196
34.5,C10_Maltose,202
34.75,C10_Maltose,206
35.0,C10_Maltose,206
35.25,C10_Maltose,206
35.5,C10_Maltose,211
35.75,C10_Maltose,210
36.0,C10_Maltose,212
36.25,C10_Maltose,216
36.5,C10_Maltose,214
36.75,C10_Maltose,217
37.0,C10_Maltose,218
37.25,C10_Maltose,218
37.5,C10_Maltose,222
37.75,C10_Maltose,222
38.0,C10_Maltose,222
38.25,C10_Maltose,224
38.5,C10_Maltose,229
38.75,C10_Maltose,226
39.0,C10_Maltose,229
39.25,C10_Maltose,231
39.5,C10_Maltose,231
39.75,C10_Maltose,232
40.0,C10_Maltose,233
40.25,C10_Maltose,231
40.5,C10_Maltose,233
40.75,C10_Maltose,233
41.0,C10_Maltose,236
41.25,C10_Maltose,237
41.5,C10_Maltose,239
41.75,C10_Maltose,240
42.0,C10_Maltose,237
42.25,C10_Maltose,241
42.5,C10_Maltose,237
42.75,C10_Maltose,239
43.0,C10_Maltose,244
43.25,C10_Maltose,239
43.5,C10_Maltose,244
43.75,C10_Maltose,245
44.0,C10_Maltose,243
44.25,C10_Maltose,243
44.5,C10_Maltose,245
44.75,C10_Maltose,243
45.0,C10_Maltose,242
45.25,C10_Maltose,246
45.5,C10_Maltose,241
45.75,C10_Maltose,241
46.0,C10_Maltose,246
46.25,C10_Maltose,243
46.5,C10_Maltose,246
46.75,C10_Maltose,245
47.0,C10_Maltose,249
47.25,C10_Maltose,247
47.5,C10_Maltose,0
0.0,C11_D-Melibiose,23
0.25,C11_D-Melibiose,25
0.5,C11_D-Melibiose,11
0.75,C11_D-Melibiose,12
1.0,C11_D-Melibiose,15
1.25,C11_D-Melibiose,15
1.5,C11_D-Melibiose,15
1.75,C11_D-Melibiose,15
2.0,C11_D-Melibiose,16
2.25,C11_D-Melibiose,12
2.5,C11_D-Melibiose,12
2.75,C11_D-Melibiose,13
3.0,C11_D-Melibiose,11
3.25,C11_D-Melibiose,11
3.5,C11_D-Melibiose,16
3.75,C11_D-Melibiose,17
4.0,C11_D-Melibiose,11
4.25,C11_D-Melibiose,12
4.5,C11_D-Melibiose,14
4.75,C11_D-Melibiose,15
5.0,C11_D-Melibiose,12
5.25,C11_D-Melibiose,17
5.5,C11_D-Melibiose,20
5.75,C11_D-Melibiose,19
6.0,C11_D-Melibiose,20
6.25,C11_D-Melibiose,23
6.5,C11_D-Melibiose,20
6.75,C11_D-Melibiose,20
7.0,C11_D-Melibiose,23
7.25,C11_D-Melibiose,22
7.5,C11_D-Melibiose,22
7.75,C11_D-Melibiose,29
8.0,C11_D-Melibiose,29
8.25,C11_D-Melibiose,22
8.5,C11_D-Melibiose,23
8.75,C11_D-Melibiose,21
9.0,C11_D-Melibiose,30
9.25,C11_D-Melibiose,25
9.5,C11_D-Melibiose,26
9.75,C11_D-Melibiose,26
10.0,C11_D-Melibiose,25
10.25,C11_D-Melibiose,27
10.5,C11_D-Melibiose,28
10.75,C11_D-Melibiose,25
11.0,C11_D-Melibiose,24
11.25,C11_D-Melibiose,23
11.5,C11_D-Melibiose,25
11.75,C11_D-Melibiose,27
12.0,C11_D-Melibiose,31
12.25,C11_D-Melibiose,27
12.5,C11_D-Melibiose,32
12.75,C11_D-Melibiose,31
13.0,C11_D-Melibiose,29
13.25,C11_D-Melibiose,28
13.5,C11_D-Melibiose,32
13.75,C11_D-Melibiose,29
14.0,C11_D-Melibiose,28
14.25,C11_D-Melibiose,29
14.5,C11_D-Melibiose,31
14.75,C11_D-Melibiose,31
15.0,C11_D-Melibiose,32
15.25,C11_D-Melibiose,33
15.5,C11_D-Melibiose,32
15.75,C11_D-Melibiose,34
16.0,C11_D-Melibiose,32
16.25,C11_D-Melibiose,37
16.5,C11_D-Melibiose,32
16.75,C11_D-Melibiose,32
17.0,C11_D-Melibiose,34
17.25,C11_D-Melibiose,34
17.5,C11_D-Melibiose,34
17.75,C11_D-Melibiose,34
18.0,C11_D-Melibiose,37
18.25,C11_D-Melibiose,33
18.5,C11_D-Melibiose,35
18.75,C11_D-Melibiose,36
19.0,C11_D-Melibiose,33
19.25,C11_D-Melibiose,37
19.5,C11_D-Melibiose,38
19.75,C11_D-Melibiose,35
20.0,C11_D-Melibiose,38
20.25,C11_D-Melibiose,32
20.5,C11_D-Melibiose,38
20.75,C11_D-Melibiose,41
21.0,C11_D-Melibiose,37
21.25,C11_D-Melibiose,31
21.5,C11_D-Melibiose,37
21.75,C11_D-Melibiose,36
22.0,C11_D-Melibiose,37
22.25,C11_D-Melibiose,38
22.5,C11_D-Melibiose,39
22.75,C11_D-Melibiose,35
23.0,C11_D-Melibiose,37
23.25,C11_D-Melibiose,33
23.5,C11_D-Melibiose,40
23.75,C11_D-Melibiose,38
24.0,C11_D-Melibiose,36
24.25,C11_D-Melibiose,41
24.5,C11_D-Melibiose,38
24.75,C11_D-Melibiose,41
25.0,C11_D-Melibiose,37
25.25,C11_D-Melibiose,40
25.5,C11_D-Melibiose,42
25.75,C11_D-Melibiose,41
26.0,C11_D-Melibiose,39
26.25,C11_D-Melibiose,40
26.5,C11_D-Melibiose,41
26.75,C11_D-Melibiose,41
27.0,C11_D-Melibiose,43
27.25,C11_D-Melibiose,39
27.5,C11_D-Melibiose,38
27.75,C11_D-Melibiose,37
28.0,C11_D-Melibiose,38
28.25,C11_D-Melibiose,38
28.5,C11_D-Melibiose,37
28.75,C11_D-Melibiose,38
29.0,C11_D-Melibiose,41
29.25,C11_D-Melibiose,37
29.5,C11_D-Melibiose,38
29.75,C11_D-Melibiose,38
30.0,C11_D-Melibiose,35
30.25,C11_D-Melibiose,40
30.5,C11_D-Melibiose,41
30.75,C11_D-Melibiose,39
31.0,C11_D-Melibiose,38
31.25,C11_D-Melibiose,37
31.5,C11_D-Melibiose,39
31.75,C11_D-Melibiose,39
32.0,C11_D-Melibiose,41
32.25,C11_D-Melibiose,39
32.5,C11_D-Melibiose,42
32.75,C11_D-Melibiose,45
33.0,C11_D-Melibiose,43
33.25,C11_D-Melibiose,41
33.5,C11_D-Melibiose,42
33.75,C11_D-Melibiose,43
34.0,C11_D-Melibiose,43
34.25,C11_D-Melibiose,41
34.5,C11_D-Melibiose,46
34.75,C11_D-Melibiose,41
35.0,C11_D-Melibiose,43
35.25,C11_D-Melibiose,40
35.5,C11_D-Melibiose,39
35.75,C11_D-Melibiose,44
36.0,C11_D-Melibiose,42
36.25,C11_D-Melibiose,47
36.5,C11_D-Melibiose,42
36.75,C11_D-Melibiose,43
37.0,C11_D-Melibiose,46
37.25,C11_D-Melibiose,41
37.5,C11_D-Melibiose,43
37.75,C11_D-Melibiose,44
38.0,C11_D-Melibiose,46
38.25,C11_D-Melibiose,42
38.5,C11_D-Melibiose,42
38.75,C11_D-Melibiose,42
39.0,C11_D-Melibiose,46
39.25,C11_D-Melibiose,45
39.5,C11_D-Melibiose,44
39.75,C11_D-Melibiose,47
40.0,C11_D-Melibiose,44
40.25,C11_D-Melibiose,45
40.5,C11_D-Melibiose,42
40.75,C11_D-Melibiose,45
41.0,C11_D-Melibiose,42
41.25,C11_D-Melibiose,46
41.5,C11_D-Melibiose,45
41.75,C11_D-Melibiose,45
42.0,C11_D-Melibiose,44
42.25,C11_D-Melibiose,44
42.5,C11_D-Melibiose,44
42.75,C11_D-Melibiose,42
43.0,C11_D-Melibiose,49
43.25,C11_D-Melibiose,43
43.5,C11_D-Melibiose,46
43.75,C11_D-Melibiose,42
44.0,C11_D-Melibiose,44
44.25,C11_D-Melibiose,45
44.5,C11_D-Melibiose,46
44.75,C11_D-Melibiose,46
45.0,C11_D-Melibiose,43
45.25,C11_D-Melibiose,48
45.5,C11_D-Melibiose,52
45.75,C11_D-Melibiose,42
46.0,C11_D-Melibiose,45
46.25,C11_D-Melibiose,43
46.5,C11_D-Melibiose,47
46.75,C11_D-Melibiose,45
47.0,C11_D-Melibiose,48
47.25,C11_D-Melibiose,49
47.5,C11_D-Melibiose,0
0.0,C12_Thymidine,37
0.25,C12_Thymidine,37
0.5,C12_Thymidine,42
0.75,C12_Thymidine,44
1.0,C12_Thymidine,36
1.25,C12_Thymidine,35
1.5,C12_Thymidine,39
1.75,C12_Thymidine,30
2.0,C12_Thymidine,31
2.25,C12_Thymidine,29
2.5,C12_Thymidine,20
2.75,C12_Thymidine,24
3.0,C12_Thymidine,22
3.25,C12_Thymidine,26
3.5,C12_Thymidine,26
3.75,C12_Thymidine,21
4.0,C12_Thymidine,26
4.25,C12_Thymidine,27
4.5,C12_Thymidine,29
4.75,C12_Thymidine,28
5.0,C12_Thymidine,28
5.25,C12_Thymidine,29
5.5,C12_Thymidine,34
5.75,C12_Thymidine,32
6.0,C12_Thymidine,32
6.25,C12_Thymidine,36
6.5,C12_Thymidine,35
6.75,C12_Thymidine,37
7.0,C12_Thymidine,37
7.25,C12_Thymidine,36
7.5,C12_Thymidine,37
7.75,C12_Thymidine,38
8.0,C12_Thymidine,37
8.25,C12_Thymidine,39
8.5,C12_Thymidine,35
8.75,C12_Thymidine,39
9.0,C12_Thymidine,38
9.25,C12_Thymidine,36
9.5,C12_Thymidine,40
9.75,C12_Thymidine,41
10.0,C12_Thymidine,41
10.25,C12_Thymidine,40
10.5,C12_Thymidine,43
10.75,C12_Thymidine,40
11.0,C12_Thymidine,44
11.25,C12_Thymidine,42
11.5,C12_Thymidine,41
11.75,C12_Thymidine,40
12.0,C12_Thymidine,40
12.25,C12_Thymidine,45
12.5,C12_Thymidine,41
12.75,C12_Thymidine,40
13.0,C12_Thymidine,41
13.25,C12_Thymidine,42
13.5,C12_Thymidine,40
13.75,C12_Thymidine,43
14.0,C12_Thymidine,46
14.25,C12_Thymidine,45
14.5,C12_Thymidine,42
14.75,C12_Thymidine,47
15.0,C12_Thymidine,46
15.25,C12_Thymidine,48
15.5,C12_Thymidine,46
15.75,C12_Thymidine,47
16.0,C12_Thymidine,49
16.25,C12_Thymidine,52
16.5,C12_Thymidine,43
16.75,C12_Thymidine,46
17.0,C12_Thymidine,52
17.25,C12_Thymidine,53
17.5,C12_Thymidine,51
17.75,C12_Thymidine,51
18.0,C12_Thymidine,54
18.25,C12_Thymidine,56
18.5,C12_Thymidine,56
18.75,C12_Thymidine,51
19.0,C12_Thymidine,51
19.25,C12_Thymidine,57
19.5,C12_Thymidine,56
19.75,C12_Thymidine,56
20.0,C12_Thymidine,59
20.25,C12_Thymidine,55
20.5,C12_Thymidine,55
20.75,C12_Thymidine,57
21.0,C12_Thymidine,56
21.25,C12_Thymidine,57
21.5,C12_Thymidine,60
21.75,C12_Thymidine,59
22.0,C12_Thymidine,60
22.25,C12_Thymidine,61
22.5,C12_Thymidine,61
22.75,C12_Thymidine,61
23.0,C12_Thymidine,58
23.25,C12_Thymidine,64
23.5,C12_Thymidine,64
23.75,C12_Thymidine,62
24.0,C12_Thymidine,63
24.25,C12_Thymidine,63
24.5,C12_Thymidine,63
24.75,C12_Thymidine,66
25.0,C12_Thymidine,67
25.25,C12_Thymidine,64
25.5,C12_Thymidine,64
25.75,C12_Thymidine,67
26.0,C12_Thymidine,67
26.25,C12_Thymidine,68
26.5,C12_Thymidine,70
26.75,C12_Thymidine,65
27.0,C12_Thymidine,71
27.25,C12_Thymidine,68
27.5,C12_Thymidine,69
27.75,C12_Thymidine,72
28.0,C12_Thymidine,71
28.25,C12_Thymidine,71
28.5,C12_Thymidine,70
28.75,C12_Thymidine,66
29.0,C12_Thymidine,69
29.25,C12_Thymidine,67
29.5,C12_Thymidine,69
29.75,C12_Thymidine,67
30.0,C12_Thymidine,71
30.25,C12_Thymidine,71
30.5,C12_Thymidine,71
30.75,C12_Thymidine,74
31.0,C12_Thymidine,73
31.25,C12_Thymidine,71
31.5,C12_Thymidine,74
31.75,C12_Thymidine,71
32.0,C12_Thymidine,76
32.25,C12_Thymidine,73
32.5,C12_Thymidine,75
32.75,C12_Thymidine,77
33.0,C12_Thymidine,78
33.25,C12_Thymidine,77
33.5,C12_Thymidine,80
33.75,C12_Thymidine,79
34.0,C12_Thymidine,78
34.25,C12_Thymidine,82
34.5,C12_Thymidine,78
34.75,C12_Thymidine,81
35.0,C12_Thymidine,78
35.25,C12_Thymidine,78
35.5,C12_Thymidine,82
35.75,C12_Thymidine,78
36.0,C12_Thymidine,75
36.25,C12_Thymidine,80
36.5,C12_Thymidine,84
36.75,C12_Thymidine,80
37.0,C12_Thymidine,79
37.25,C12_Thymidine,79
37.5,C12_Thymidine,83
37.75,C12_Thymidine,85
38.0,C12_Thymidine,81
38.25,C12_Thymidine,78
38.5,C12_Thymidine,83
38.75,C12_Thymidine,85
39.0,C12_Thymidine,83
39.25,C12_Thymidine,81
39.5,C12_Thymidine,82
39.75,C12_Thymidine,82
40.0,C12_Thymidine,87
40.25,C12_Thymidine,85
40.5,C12_Thymidine,87
40.75,C12_Thymidine,84
41.0,C12_Thymidine,79
41.25,C12_Thymidine,82
41.5,C12_Thymidine,84
41.75,C12_Thymidine,84
42.0,C12_Thymidine,83
42.25,C12_Thymidine,82
42.5,C12_Thymidine,84
42.75,C12_Thymidine,83
43.0,C12_Thymidine,85
43.25,C12_Thymidine,81
43.5,C12_Thymidine,81
43.75,C12_Thymidine,84
44.0,C12_Thymidine,86
44.25,C12_Thymidine,87
44.5,C12_Thymidine,84
44.75,C12_Thymidine,89
45.0,C12_Thymidine,85
45.25,C12_Thymidine,84
45.5,C12_Thymidine,84
45.75,C12_Thymidine,85
46.0,C12_Thymidine,83
46.25,C12_Thymidine,83
46.5,C12_Thymidine,84
46.75,C12_Thymidine,85
47.0,C12_Thymidine,83
47.25,C12_Thymidine,89
47.5,C12_Thymidine,0
0.0,D-1_L-Asparagine,45
0.25,D-1_L-Asparagine,15
0.5,D-1_L-Asparagine,18
0.75,D-1_L-Asparagine,18
1.0,D-1_L-Asparagine,18
1.25,D-1_L-Asparagine,22
1.5,D-1_L-Asparagine,24
1.75,D-1_L-Asparagine,20
2.0,D-1_L-Asparagine,18
2.25,D-1_L-Asparagine,20
2.5,D-1_L-Asparagine,21
2.75,D-1_L-Asparagine,21
3.0,D-1_L-Asparagine,22
3.25,D-1_L-Asparagine,20
3.5,D-1_L-Asparagine,18
3.75,D-1_L-Asparagine,25
4.0,D-1_L-Asparagine,22
4.25,D-1_L-Asparagine,27
4.5,D-1_L-Asparagine,30
4.75,D-1_L-Asparagine,28
5.0,D-1_L-Asparagine,29
5.25,D-1_L-Asparagine,32
5.5,D-1_L-Asparagine,38
5.75,D-1_L-Asparagine,37
6.0,D-1_L-Asparagine,38
6.25,D-1_L-Asparagine,36
6.5,D-1_L-Asparagine,36
6.75,D-1_L-Asparagine,41
7.0,D-1_L-Asparagine,41
7.25,D-1_L-Asparagine,41
7.5,D-1_L-Asparagine,40
7.75,D-1_L-Asparagine,47
8.0,D-1_L-Asparagine,41
8.25,D-1_L-Asparagine,45
8.5,D-1_L-Asparagine,44
8.75,D-1_L-Asparagine,47
9.0,D-1_L-Asparagine,49
9.25,D-1_L-Asparagine,47
9.5,D-1_L-Asparagine,48
9.75,D-1_L-Asparagine,47
10.0,D-1_L-Asparagine,52
10.25,D-1_L-Asparagine,51
10.5,D-1_L-Asparagine,55
10.75,D-1_L-Asparagine,53
11.0,D-1_L-Asparagine,59
11.25,D-1_L-Asparagine,58
11.5,D-1_L-Asparagine,59
11.75,D-1_L-Asparagine,58
12.0,D-1_L-Asparagine,59
12.25,D-1_L-Asparagine,64
12.5,D-1_L-Asparagine,67
12.75,D-1_L-Asparagine,68
13.0,D-1_L-Asparagine,71
13.25,D-1_L-Asparagine,72
13.5,D-1_L-Asparagine,70
13.75,D-1_L-Asparagine,73
14.0,D-1_L-Asparagine,78
14.25,D-1_L-Asparagine,73
14.5,D-1_L-Asparagine,75
14.75,D-1_L-Asparagine,80
15.0,D-1_L-Asparagine,80
15.25,D-1_L-Asparagine,77
15.5,D-1_L-Asparagine,78
15.75,D-1_L-Asparagine,77
16.0,D-1_L-Asparagine,83
16.25,D-1_L-Asparagine,81
16.5,D-1_L-Asparagine,83
16.75,D-1_L-Asparagine,85
17.0,D-1_L-Asparagine,86
17.25,D-1_L-Asparagine,82
17.5,D-1_L-Asparagine,88
17.75,D-1_L-Asparagine,90
18.0,D-1_L-Asparagine,92
18.25,D-1_L-Asparagine,88
18.5,D-1_L-Asparagine,89
18.75,D-1_L-Asparagine,92
19.0,D-1_L-Asparagine,95
19.25,D-1_L-Asparagine,95
19.5,D-1_L-Asparagine,92
19.75,D-1_L-Asparagine,91
20.0,D-1_L-Asparagine,95
20.25,D-1_L-Asparagine,103
20.5,D-1_L-Asparagine,98
20.75,D-1_L-Asparagine,103
21.0,D-1_L-Asparagine,97
21.25,D-1_L-Asparagine,97
21.5,D-1_L-Asparagine,99
21.75,D-1_L-Asparagine,103
22.0,D-1_L-Asparagine,105
22.25,D-1_L-Asparagine,104
22.5,D-1_L-Asparagine,106
22.75,D-1_L-Asparagine,108
23.0,D-1_L-Asparagine,113
23.25,D-1_L-Asparagine,113
23.5,D-1_L-Asparagine,110
23.75,D-1_L-Asparagine,111
24.0,D-1_L-Asparagine,114
24.25,D-1_L-Asparagine,112
24.5,D-1_L-Asparagine,114
24.75,D-1_L-Asparagine,117
25.0,D-1_L-Asparagine,117
25.25,D-1_L-Asparagine,116
25.5,D-1_L-Asparagine,116
25.75,D-1_L-Asparagine,119
26.0,D-1_L-Asparagine,119
26.25,D-1_L-Asparagine,121
26.5,D-1_L-Asparagine,125
26.75,D-1_L-Asparagine,125
27.0,D-1_L-Asparagine,129
27.25,D-1_L-Asparagine,131
27.5,D-1_L-Asparagine,128
27.75,D-1_L-Asparagine,124
28.0,D-1_L-Asparagine,123
28.25,D-1_L-Asparagine,134
28.5,D-1_L-Asparagine,128
28.75,D-1_L-Asparagine,130
29.0,D-1_L-Asparagine,130
29.25,D-1_L-Asparagine,126
29.5,D-1_L-Asparagine,126
29.75,D-1_L-Asparagine,133
30.0,D-1_L-Asparagine,129
30.25,D-1_L-Asparagine,134
30.5,D-1_L-Asparagine,134
30.75,D-1_L-Asparagine,133
31.0,D-1_L-Asparagine,135
31.25,D-1_L-Asparagine,137
31.5,D-1_L-Asparagine,136
31.75,D-1_L-Asparagine,134
32.0,D-1_L-Asparagine,132
32.25,D-1_L-Asparagine,134
32.5,D-1_L-Asparagine,142
32.75,D-1_L-Asparagine,143
33.0,D-1_L-Asparagine,136
33.25,D-1_L-Asparagine,139
33.5,D-1_L-Asparagine,142
33.75,D-1_L-Asparagine,142
34.0,D-1_L-Asparagine,142
34.25,D-1_L-Asparagine,139
34.5,D-1_L-Asparagine,142
34.75,D-1_L-Asparagine,144
35.0,D-1_L-Asparagine,147
35.25,D-1_L-Asparagine,143
35.5,D-1_L-Asparagine,147
35.75,D-1_L-Asparagine,146
36.0,D-1_L-Asparagine,151
36.25,D-1_L-Asparagine,150
36.5,D-1_L-Asparagine,149
36.75,D-1_L-Asparagine,157
37.0,D-1_L-Asparagine,153
37.25,D-1_L-Asparagine,156
37.5,D-1_L-Asparagine,158
37.75,D-1_L-Asparagine,161
38.0,D-1_L-Asparagine,162
38.25,D-1_L-Asparagine,167
38.5,D-1_L-Asparagine,167
38.75,D-1_L-Asparagine,165
39.0,D-1_L-Asparagine,163
39.25,D-1_L-Asparagine,168
39.5,D-1_L-Asparagine,168
39.75,D-1_L-Asparagine,166
40.0,D-1_L-Asparagine,168
40.25,D-1_L-Asparagine,173
40.5,D-1_L-Asparagine,173
40.75,D-1_L-Asparagine,170
41.0,D-1_L-Asparagine,171
41.25,D-1_L-Asparagine,176
41.5,D-1_L-Asparagine,172
41.75,D-1_L-Asparagine,171
42.0,D-1_L-Asparagine,175
42.25,D-1_L-Asparagine,178
42.5,D-1_L-Asparagine,178
42.75,D-1_L-Asparagine,177
43.0,D-1_L-Asparagine,179
43.25,D-1_L-Asparagine,178
43.5,D-1_L-Asparagine,177
43.75,D-1_L-Asparagine,183
44.0,D-1_L-Asparagine,182
44.25,D-1_L-Asparagine,182
44.5,D-1_L-Asparagine,181
44.75,D-1_L-Asparagine,184
45.0,D-1_L-Asparagine,184
45.25,D-1_L-Asparagine,185
45.5,D-1_L-Asparagine,185
45.75,D-1_L-Asparagine,185
46.0,D-1_L-Asparagine,186
46.25,D-1_L-Asparagine,187
46.5,D-1_L-Asparagine,191
46.75,D-1_L-Asparagine,188
47.0,D-1_L-Asparagine,196
47.25,D-1_L-Asparagine,196
47.5,D-1_L-Asparagine,0
0.0,D2_D-Aspartic_Acid,29
0.25,D2_D-Aspartic_Acid,39
0.5,D2_D-Aspartic_Acid,24
0.75,D2_D-Aspartic_Acid,11
1.0,D2_D-Aspartic_Acid,11
1.25,D2_D-Aspartic_Acid,11
1.5,D2_D-Aspartic_Acid,11
1.75,D2_D-Aspartic_Acid,11
2.0,D2_D-Aspartic_Acid,12
2.25,D2_D-Aspartic_Acid,11
2.5,D2_D-Aspartic_Acid,11
2.75,D2_D-Aspartic_Acid,11
3.0,D2_D-Aspartic_Acid,11
3.25,D2_D-Aspartic_Acid,11
3.5,D2_D-Aspartic_Acid,11
3.75,D2_D-Aspartic_Acid,11
4.0,D2_D-Aspartic_Acid,11
4.25,D2_D-Aspartic_Acid,15
4.5,D2_D-Aspartic_Acid,15
4.75,D2_D-Aspartic_Acid,14
5.0,D2_D-Aspartic_Acid,14
5.25,D2_D-Aspartic_Acid,20
5.5,D2_D-Aspartic_Acid,20
5.75,D2_D-Aspartic_Acid,21
6.0,D2_D-Aspartic_Acid,19
6.25,D2_D-Aspartic_Acid,21
6.5,D2_D-Aspartic_Acid,21
6.75,D2_D-Aspartic_Acid,23
7.0,D2_D-Aspartic_Acid,22
7.25,D2_D-Aspartic_Acid,21
7.5,D2_D-Aspartic_Acid,21
7.75,D2_D-Aspartic_Acid,23
8.0,D2_D-Aspartic_Acid,19
8.25,D2_D-Aspartic_Acid,21
8.5,D2_D-Aspartic_Acid,21
8.75,D2_D-Aspartic_Acid,17
9.0,D2_D-Aspartic_Acid,23
9.25,D2_D-Aspartic_Acid,25
9.5,D2_D-Aspartic_Acid,20
9.75,D2_D-Aspartic_Acid,18
10.0,D2_D-Aspartic_Acid,20
10.25,D2_D-Aspartic_Acid,19
10.5,D2_D-Aspartic_Acid,20
10.75,D2_D-Aspartic_Acid,24
11.0,D2_D-Aspartic_Acid,21
11.25,D2_D-Aspartic_Acid,21
11.5,D2_D-Aspartic_Acid,24
11.75,D2_D-Aspartic_Acid,20
12.0,D2_D-Aspartic_Acid,20
12.25,D2_D-Aspartic_Acid,17
12.5,D2_D-Aspartic_Acid,22
12.75,D2_D-Aspartic_Acid,22
13.0,D2_D-Aspartic_Acid,21
13.25,D2_D-Aspartic_Acid,23
13.5,D2_D-Aspartic_Acid,19
13.75,D2_D-Aspartic_Acid,18
14.0,D2_D-Aspartic_Acid,20
14.25,D2_D-Aspartic_Acid,23
14.5,D2_D-Aspartic_Acid,23
14.75,D2_D-Aspartic_Acid,21
15.0,D2_D-Aspartic_Acid,26
15.25,D2_D-Aspartic_Acid,20
15.5,D2_D-Aspartic_Acid,23
15.75,D2_D-Aspartic_Acid,25
16.0,D2_D-Aspartic_Acid,22
16.25,D2_D-Aspartic_Acid,23
16.5,D2_D-Aspartic_Acid,22
16.75,D2_D-Aspartic_Acid,21
17.0,D2_D-Aspartic_Acid,21
17.25,D2_D-Aspartic_Acid,22
17.5,D2_D-Aspartic_Acid,21
17.75,D2_D-Aspartic_Acid,22
18.0,D2_D-Aspartic_Acid,25
18.25,D2_D-Aspartic_Acid,25
18.5,D2_D-Aspartic_Acid,26
18.75,D2_D-Aspartic_Acid,21
19.0,D2_D-Aspartic_Acid,23
19.25,D2_D-Aspartic_Acid,23
19.5,D2_D-Aspartic_Acid,26
19.75,D2_D-Aspartic_Acid,24
20.0,D2_D-Aspartic_Acid,24
20.25,D2_D-Aspartic_Acid,28
20.5,D2_D-Aspartic_Acid,28
20.75,D2_D-Aspartic_Acid,24
21.0,D2_D-Aspartic_Acid,25
21.25,D2_D-Aspartic_Acid,19
21.5,D2_D-Aspartic_Acid,26
21.75,D2_D-Aspartic_Acid,27
22.0,D2_D-Aspartic_Acid,23
22.25,D2_D-Aspartic_Acid,28
22.5,D2_D-Aspartic_Acid,25
22.75,D2_D-Aspartic_Acid,25
23.0,D2_D-Aspartic_Acid,29
23.25,D2_D-Aspartic_Acid,27
23.5,D2_D-Aspartic_Acid,26
23.75,D2_D-Aspartic_Acid,25
24.0,D2_D-Aspartic_Acid,23
24.25,D2_D-Aspartic_Acid,23
24.5,D2_D-Aspartic_Acid,28
24.75,D2_D-Aspartic_Acid,27
25.0,D2_D-Aspartic_Acid,27
25.25,D2_D-Aspartic_Acid,28
25.5,D2_D-Aspartic_Acid,26
25.75,D2_D-Aspartic_Acid,27
26.0,D2_D-Aspartic_Acid,26
26.25,D2_D-Aspartic_Acid,21
26.5,D2_D-Aspartic_Acid,24
26.75,D2_D-Aspartic_Acid,27
27.0,D2_D-Aspartic_Acid,29
27.25,D2_D-Aspartic_Acid,25
27.5,D2_D-Aspartic_Acid,27
27.75,D2_D-Aspartic_Acid,28
28.0,D2_D-Aspartic_Acid,26
28.25,D2_D-Aspartic_Acid,26
28.5,D2_D-Aspartic_Acid,27
28.75,D2_D-Aspartic_Acid,22
29.0,D2_D-Aspartic_Acid,28
29.25,D2_D-Aspartic_Acid,25
29.5,D2_D-Aspartic_Acid,25
29.75,D2_D-Aspartic_Acid,26
30.0,D2_D-Aspartic_Acid,25
30.25,D2_D-Aspartic_Acid,24
30.5,D2_D-Aspartic_Acid,24
30.75,D2_D-Aspartic_Acid,31
31.0,D2_D-Aspartic_Acid,25
31.25,D2_D-Aspartic_Acid,28
31.5,D2_D-Aspartic_Acid,28
31.75,D2_D-Aspartic_Acid,29
32.0,D2_D-Aspartic_Acid,27
32.25,D2_D-Aspartic_Acid,25
32.5,D2_D-Aspartic_Acid,28
32.75,D2_D-Aspartic_Acid,30
33.0,D2_D-Aspartic_Acid,28
33.25,D2_D-Aspartic_Acid,30
33.5,D2_D-Aspartic_Acid,29
33.75,D2_D-Aspartic_Acid,27
34.0,D2_D-Aspartic_Acid,26
34.25,D2_D-Aspartic_Acid,32
34.5,D2_D-Aspartic_Acid,29
34.75,D2_D-Aspartic_Acid,27
35.0,D2_D-Aspartic_Acid,28
35.25,D2_D-Aspartic_Acid,22
35.5,D2_D-Aspartic_Acid,27
35.75,D2_D-Aspartic_Acid,27
36.0,D2_D-Aspartic_Acid,26
36.25,D2_D-Aspartic_Acid,28
36.5,D2_D-Aspartic_Acid,28
36.75,D2_D-Aspartic_Acid,27
37.0,D2_D-Aspartic_Acid,30
37.25,D2_D-Aspartic_Acid,26
37.5,D2_D-Aspartic_Acid,26
37.75,D2_D-Aspartic_Acid,29
38.0,D2_D-Aspartic_Acid,26
38.25,D2_D-Aspartic_Acid,29
38.5,D2_D-Aspartic_Acid,28
38.75,D2_D-Aspartic_Acid,25
39.0,D2_D-Aspartic_Acid,27
39.25,D2_D-Aspartic_Acid,30
39.5,D2_D-Aspartic_Acid,26
39.75,D2_D-Aspartic_Acid,27
40.0,D2_D-Aspartic_Acid,27
40.25,D2_D-Aspartic_Acid,22
40.5,D2_D-Aspartic_Acid,27
40.75,D2_D-Aspartic_Acid,26
41.0,D2_D-Aspartic_Acid,27
41.25,D2_D-Aspartic_Acid,27
41.5,D2_D-Aspartic_Acid,27
41.75,D2_D-Aspartic_Acid,32
42.0,D2_D-Aspartic_Acid,28
42.25,D2_D-Aspartic_Acid,32
42.5,D2_D-Aspartic_Acid,29
42.75,D2_D-Aspartic_Acid,26
43.0,D2_D-Aspartic_Acid,28
43.25,D2_D-Aspartic_Acid,24
43.5,D2_D-Aspartic_Acid,24
43.75,D2_D-Aspartic_Acid,24
44.0,D2_D-Aspartic_Acid,27
44.25,D2_D-Aspartic_Acid,20
44.5,D2_D-Aspartic_Acid,27
44.75,D2_D-Aspartic_Acid,25
45.0,D2_D-Aspartic_Acid,25
45.25,D2_D-Aspartic_Acid,27
45.5,D2_D-Aspartic_Acid,25
45.75,D2_D-Aspartic_Acid,26
46.0,D2_D-Aspartic_Acid,28
46.25,D2_D-Aspartic_Acid,23
46.5,D2_D-Aspartic_Acid,26
46.75,D2_D-Aspartic_Acid,28
47.0,D2_D-Aspartic_Acid,27
47.25,D2_D-Aspartic_Acid,29
47.5,D2_D-Aspartic_Acid,0
0.0,D3_D-Glucosaminic_Acid,29
0.25,D3_D-Glucosaminic_Acid,22
0.5,D3_D-Glucosaminic_Acid,24
0.75,D3_D-Glucosaminic_Acid,20
1.0,D3_D-Glucosaminic_Acid,20
1.25,D3_D-Glucosaminic_Acid,20
1.5,D3_D-Glucosaminic_Acid,27
1.75,D3_D-Glucosaminic_Acid,23
2.0,D3_D-Glucosaminic_Acid,21
2.25,D3_D-Glucosaminic_Acid,20
2.5,D3_D-Glucosaminic_Acid,20
2.75,D3_D-Glucosaminic_Acid,24
3.0,D3_D-Glucosaminic_Acid,24
3.25,D3_D-Glucosaminic_Acid,26
3.5,D3_D-Glucosaminic_Acid,28
3.75,D3_D-Glucosaminic_Acid,23
4.0,D3_D-Glucosaminic_Acid,26
4.25,D3_D-Glucosaminic_Acid,32
4.5,D3_D-Glucosaminic_Acid,32
4.75,D3_D-Glucosaminic_Acid,33
5.0,D3_D-Glucosaminic_Acid,29
5.25,D3_D-Glucosaminic_Acid,34
5.5,D3_D-Glucosaminic_Acid,38
5.75,D3_D-Glucosaminic_Acid,40
6.0,D3_D-Glucosaminic_Acid,44
6.25,D3_D-Glucosaminic_Acid,44
6.5,D3_D-Glucosaminic_Acid,47
6.75,D3_D-Glucosaminic_Acid,50
7.0,D3_D-Glucosaminic_Acid,49
7.25,D3_D-Glucosaminic_Acid,48
7.5,D3_D-Glucosaminic_Acid,53
7.75,D3_D-Glucosaminic_Acid,56
8.0,D3_D-Glucosaminic_Acid,54
8.25,D3_D-Glucosaminic_Acid,59
8.5,D3_D-Glucosaminic_Acid,64
8.75,D3_D-Glucosaminic_Acid,65
9.0,D3_D-Glucosaminic_Acid,63
9.25,D3_D-Glucosaminic_Acid,72
9.5,D3_D-Glucosaminic_Acid,81
9.75,D3_D-Glucosaminic_Acid,83
10.0,D3_D-Glucosaminic_Acid,87
10.25,D3_D-Glucosaminic_Acid,85
10.5,D3_D-Glucosaminic_Acid,92
10.75,D3_D-Glucosaminic_Acid,96
11.0,D3_D-Glucosaminic_Acid,106
11.25,D3_D-Glucosaminic_Acid,110
11.5,D3_D-Glucosaminic_Acid,118
11.75,D3_D-Glucosaminic_Acid,118
12.0,D3_D-Glucosaminic_Acid,119
12.25,D3_D-Glucosaminic_Acid,124
12.5,D3_D-Glucosaminic_Acid,134
12.75,D3_D-Glucosaminic_Acid,134
13.0,D3_D-Glucosaminic_Acid,142
13.25,D3_D-Glucosaminic_Acid,144
13.5,D3_D-Glucosaminic_Acid,151
13.75,D3_D-Glucosaminic_Acid,152
14.0,D3_D-Glucosaminic_Acid,155
14.25,D3_D-Glucosaminic_Acid,157
14.5,D3_D-Glucosaminic_Acid,160
14.75,D3_D-Glucosaminic_Acid,173
15.0,D3_D-Glucosaminic_Acid,173
15.25,D3_D-Glucosaminic_Acid,179
15.5,D3_D-Glucosaminic_Acid,182
15.75,D3_D-Glucosaminic_Acid,186
16.0,D3_D-Glucosaminic_Acid,188
16.25,D3_D-Glucosaminic_Acid,195
16.5,D3_D-Glucosaminic_Acid,199
16.75,D3_D-Glucosaminic_Acid,200
17.0,D3_D-Glucosaminic_Acid,200
17.25,D3_D-Glucosaminic_Acid,207
17.5,D3_D-Glucosaminic_Acid,211
17.75,D3_D-Glucosaminic_Acid,213
18.0,D3_D-Glucosaminic_Acid,216
18.25,D3_D-Glucosaminic_Acid,217
18.5,D3_D-Glucosaminic_Acid,218
18.75,D3_D-Glucosaminic_Acid,221
19.0,D3_D-Glucosaminic_Acid,219
19.25,D3_D-Glucosaminic_Acid,223
19.5,D3_D-Glucosaminic_Acid,225
19.75,D3_D-Glucosaminic_Acid,227
20.0,D3_D-Glucosaminic_Acid,230
20.25,D3_D-Glucosaminic_Acid,232
20.5,D3_D-Glucosaminic_Acid,235
20.75,D3_D-Glucosaminic_Acid,235
21.0,D3_D-Glucosaminic_Acid,236
21.25,D3_D-Glucosaminic_Acid,235
21.5,D3_D-Glucosaminic_Acid,238
21.75,D3_D-Glucosaminic_Acid,240
22.0,D3_D-Glucosaminic_Acid,243
22.25,D3_D-Glucosaminic_Acid,244
22.5,D3_D-Glucosaminic_Acid,244
22.75,D3_D-Glucosaminic_Acid,242
23.0,D3_D-Glucosaminic_Acid,245
23.25,D3_D-Glucosaminic_Acid,246
23.5,D3_D-Glucosaminic_Acid,246
23.75,D3_D-Glucosaminic_Acid,248
24.0,D3_D-Glucosaminic_Acid,247
24.25,D3_D-Glucosaminic_Acid,244
24.5,D3_D-Glucosaminic_Acid,249
24.75,D3_D-Glucosaminic_Acid,249
25.0,D3_D-Glucosaminic_Acid,246
25.25,D3_D-Glucosaminic_Acid,246
25.5,D3_D-Glucosaminic_Acid,246
25.75,D3_D-Glucosaminic_Acid,244
26.0,D3_D-Glucosaminic_Acid,245
26.25,D3_D-Glucosaminic_Acid,240
26.5,D3_D-Glucosaminic_Acid,241
26.75,D3_D-Glucosaminic_Acid,239
27.0,D3_D-Glucosaminic_Acid,245
27.25,D3_D-Glucosaminic_Acid,240
27.5,D3_D-Glucosaminic_Acid,240
27.75,D3_D-Glucosaminic_Acid,242
28.0,D3_D-Glucosaminic_Acid,243
28.25,D3_D-Glucosaminic_Acid,241
28.5,D3_D-Glucosaminic_Acid,241
28.75,D3_D-Glucosaminic_Acid,238
29.0,D3_D-Glucosaminic_Acid,241
29.25,D3_D-Glucosaminic_Acid,239
29.5,D3_D-Glucosaminic_Acid,243
29.75,D3_D-Glucosaminic_Acid,240
30.0,D3_D-Glucosaminic_Acid,240
30.25,D3_D-Glucosaminic_Acid,237
30.5,D3_D-Glucosaminic_Acid,238
30.75,D3_D-Glucosaminic_Acid,239
31.0,D3_D-Glucosaminic_Acid,237
31.25,D3_D-Glucosaminic_Acid,239
31.5,D3_D-Glucosaminic_Acid,239
31.75,D3_D-Glucosaminic_Acid,240
32.0,D3_D-Glucosaminic_Acid,237
32.25,D3_D-Glucosaminic_Acid,233
32.5,D3_D-Glucosaminic_Acid,234
32.75,D3_D-Glucosaminic_Acid,233
33.0,D3_D-Glucosaminic_Acid,233
33.25,D3_D-Glucosaminic_Acid,235
33.5,D3_D-Glucosaminic_Acid,233
33.75,D3_D-Glucosaminic_Acid,237
34.0,D3_D-Glucosaminic_Acid,237
34.25,D3_D-Glucosaminic_Acid,235
34.5,D3_D-Glucosaminic_Acid,232
34.75,D3_D-Glucosaminic_Acid,235
35.0,D3_D-Glucosaminic_Acid,234
35.25,D3_D-Glucosaminic_Acid,232
35.5,D3_D-Glucosaminic_Acid,236
35.75,D3_D-Glucosaminic_Acid,231
36.0,D3_D-Glucosaminic_Acid,234
36.25,D3_D-Glucosaminic_Acid,230
36.5,D3_D-Glucosaminic_Acid,232
36.75,D3_D-Glucosaminic_Acid,233
37.0,D3_D-Glucosaminic_Acid,230
37.25,D3_D-Glucosaminic_Acid,231
37.5,D3_D-Glucosaminic_Acid,229
37.75,D3_D-Glucosaminic_Acid,231
38.0,D3_D-Glucosaminic_Acid,233
38.25,D3_D-Glucosaminic_Acid,227
38.5,D3_D-Glucosaminic_Acid,233
38.75,D3_D-Glucosaminic_Acid,228
39.0,D3_D-Glucosaminic_Acid,232
39.25,D3_D-Glucosaminic_Acid,226
39.5,D3_D-Glucosaminic_Acid,230
39.75,D3_D-Glucosaminic_Acid,229
40.0,D3_D-Glucosaminic_Acid,230
40.25,D3_D-Glucosaminic_Acid,226
40.5,D3_D-Glucosaminic_Acid,230
40.75,D3_D-Glucosaminic_Acid,229
41.0,D3_D-Glucosaminic_Acid,227
41.25,D3_D-Glucosaminic_Acid,230
41.5,D3_D-Glucosaminic_Acid,226
41.75,D3_D-Glucosaminic_Acid,228
42.0,D3_D-Glucosaminic_Acid,229
42.25,D3_D-Glucosaminic_Acid,224
42.5,D3_D-Glucosaminic_Acid,227
42.75,D3_D-Glucosaminic_Acid,226
43.0,D3_D-Glucosaminic_Acid,225
43.25,D3_D-Glucosaminic_Acid,225
43.5,D3_D-Glucosaminic_Acid,222
43.75,D3_D-Glucosaminic_Acid,228
44.0,D3_D-Glucosaminic_Acid,231
44.25,D3_D-Glucosaminic_Acid,227
44.5,D3_D-Glucosaminic_Acid,227
44.75,D3_D-Glucosaminic_Acid,223
45.0,D3_D-Glucosaminic_Acid,225
45.25,D3_D-Glucosaminic_Acid,225
45.5,D3_D-Glucosaminic_Acid,227
45.75,D3_D-Glucosaminic_Acid,223
46.0,D3_D-Glucosaminic_Acid,225
46.25,D3_D-Glucosaminic_Acid,222
46.5,D3_D-Glucosaminic_Acid,227
46.75,D3_D-Glucosaminic_Acid,223
47.0,D3_D-Glucosaminic_Acid,221
47.25,D3_D-Glucosaminic_Acid,223
47.5,D3_D-Glucosaminic_Acid,0
0.0,D4_1-2-Propanediol,19
0.25,D4_1-2-Propanediol,16
0.5,D4_1-2-Propanediol,11
0.75,D4_1-2-Propanediol,11
1.0,D4_1-2-Propanediol,11
1.25,D4_1-2-Propanediol,11
1.5,D4_1-2-Propanediol,11
1.75,D4_1-2-Propanediol,11
2.0,D4_1-2-Propanediol,11
2.25,D4_1-2-Propanediol,11
2.5,D4_1-2-Propanediol,11
2.75,D4_1-2-Propanediol,15
3.0,D4_1-2-Propanediol,11
3.25,D4_1-2-Propanediol,11
3.5,D4_1-2-Propanediol,12
3.75,D4_1-2-Propanediol,11
4.0,D4_1-2-Propanediol,11
4.25,D4_1-2-Propanediol,11
4.5,D4_1-2-Propanediol,14
4.75,D4_1-2-Propanediol,13
5.0,D4_1-2-Propanediol,14
5.25,D4_1-2-Propanediol,18
5.5,D4_1-2-Propanediol,19
5.75,D4_1-2-Propanediol,18
6.0,D4_1-2-Propanediol,17
6.25,D4_1-2-Propanediol,22
6.5,D4_1-2-Propanediol,22
6.75,D4_1-2-Propanediol,24
7.0,D4_1-2-Propanediol,21
7.25,D4_1-2-Propanediol,23
7.5,D4_1-2-Propanediol,29
7.75,D4_1-2-Propanediol,27
8.0,D4_1-2-Propanediol,26
8.25,D4_1-2-Propanediol,24
8.5,D4_1-2-Propanediol,26
8.75,D4_1-2-Propanediol,26
9.0,D4_1-2-Propanediol,26
9.25,D4_1-2-Propanediol,26
9.5,D4_1-2-Propanediol,25
9.75,D4_1-2-Propanediol,27
10.0,D4_1-2-Propanediol,33
10.25,D4_1-2-Propanediol,33
10.5,D4_1-2-Propanediol,33
10.75,D4_1-2-Propanediol,28
11.0,D4_1-2-Propanediol,26
11.25,D4_1-2-Propanediol,29
11.5,D4_1-2-Propanediol,33
11.75,D4_1-2-Propanediol,30
12.0,D4_1-2-Propanediol,27
12.25,D4_1-2-Propanediol,29
12.5,D4_1-2-Propanediol,31
12.75,D4_1-2-Propanediol,27
13.0,D4_1-2-Propanediol,32
13.25,D4_1-2-Propanediol,33
13.5,D4_1-2-Propanediol,33
13.75,D4_1-2-Propanediol,28
14.0,D4_1-2-Propanediol,29
14.25,D4_1-2-Propanediol,31
14.5,D4_1-2-Propanediol,34
14.75,D4_1-2-Propanediol,34
15.0,D4_1-2-Propanediol,34
15.25,D4_1-2-Propanediol,35
15.5,D4_1-2-Propanediol,32
15.75,D4_1-2-Propanediol,34
16.0,D4_1-2-Propanediol,34
16.25,D4_1-2-Propanediol,33
16.5,D4_1-2-Propanediol,32
16.75,D4_1-2-Propanediol,34
17.0,D4_1-2-Propanediol,36
17.25,D4_1-2-Propanediol,39
17.5,D4_1-2-Propanediol,33
17.75,D4_1-2-Propanediol,35
18.0,D4_1-2-Propanediol,34
18.25,D4_1-2-Propanediol,35
18.5,D4_1-2-Propanediol,38
18.75,D4_1-2-Propanediol,37
19.0,D4_1-2-Propanediol,37
19.25,D4_1-2-Propanediol,41
19.5,D4_1-2-Propanediol,38
19.75,D4_1-2-Propanediol,35
20.0,D4_1-2-Propanediol,39
20.25,D4_1-2-Propanediol,38
20.5,D4_1-2-Propanediol,43
20.75,D4_1-2-Propanediol,40
21.0,D4_1-2-Propanediol,38
21.25,D4_1-2-Propanediol,35
21.5,D4_1-2-Propanediol,35
21.75,D4_1-2-Propanediol,36
22.0,D4_1-2-Propanediol,37
22.25,D4_1-2-Propanediol,38
22.5,D4_1-2-Propanediol,36
22.75,D4_1-2-Propanediol,37
23.0,D4_1-2-Propanediol,40
23.25,D4_1-2-Propanediol,38
23.5,D4_1-2-Propanediol,37
23.75,D4_1-2-Propanediol,36
24.0,D4_1-2-Propanediol,35
24.25,D4_1-2-Propanediol,37
24.5,D4_1-2-Propanediol,37
24.75,D4_1-2-Propanediol,39
25.0,D4_1-2-Propanediol,38
25.25,D4_1-2-Propanediol,42
25.5,D4_1-2-Propanediol,42
25.75,D4_1-2-Propanediol,40
26.0,D4_1-2-Propanediol,37
26.25,D4_1-2-Propanediol,40
26.5,D4_1-2-Propanediol,38
26.75,D4_1-2-Propanediol,41
27.0,D4_1-2-Propanediol,39
27.25,D4_1-2-Propanediol,41
27.5,D4_1-2-Propanediol,37
27.75,D4_1-2-Propanediol,37
28.0,D4_1-2-Propanediol,38
28.25,D4_1-2-Propanediol,41
28.5,D4_1-2-Propanediol,43
28.75,D4_1-2-Propanediol,43
29.0,D4_1-2-Propanediol,42
29.25,D4_1-2-Propanediol,41
29.5,D4_1-2-Propanediol,40
29.75,D4_1-2-Propanediol,39
30.0,D4_1-2-Propanediol,38
30.25,D4_1-2-Propanediol,36
30.5,D4_1-2-Propanediol,37
30.75,D4_1-2-Propanediol,44
31.0,D4_1-2-Propanediol,40
31.25,D4_1-2-Propanediol,37
31.5,D4_1-2-Propanediol,38
31.75,D4_1-2-Propanediol,39
32.0,D4_1-2-Propanediol,37
32.25,D4_1-2-Propanediol,36
32.5,D4_1-2-Propanediol,43
32.75,D4_1-2-Propanediol,40
33.0,D4_1-2-Propanediol,37
33.25,D4_1-2-Propanediol,41
33.5,D4_1-2-Propanediol,38
33.75,D4_1-2-Propanediol,45
34.0,D4_1-2-Propanediol,44
34.25,D4_1-2-Propanediol,44
34.5,D4_1-2-Propanediol,41
34.75,D4_1-2-Propanediol,39
35.0,D4_1-2-Propanediol,43
35.25,D4_1-2-Propanediol,37
35.5,D4_1-2-Propanediol,38
35.75,D4_1-2-Propanediol,40
36.0,D4_1-2-Propanediol,38
36.25,D4_1-2-Propanediol,36
36.5,D4_1-2-Propanediol,39
36.75,D4_1-2-Propanediol,41
37.0,D4_1-2-Propanediol,43
37.25,D4_1-2-Propanediol,36
37.5,D4_1-2-Propanediol,34
37.75,D4_1-2-Propanediol,42
38.0,D4_1-2-Propanediol,41
38.25,D4_1-2-Propanediol,41
38.5,D4_1-2-Propanediol,43
38.75,D4_1-2-Propanediol,39
39.0,D4_1-2-Propanediol,42
39.25,D4_1-2-Propanediol,40
39.5,D4_1-2-Propanediol,40
39.75,D4_1-2-Propanediol,39
40.0,D4_1-2-Propanediol,40
40.25,D4_1-2-Propanediol,38
40.5,D4_1-2-Propanediol,40
40.75,D4_1-2-Propanediol,41
41.0,D4_1-2-Propanediol,37
41.25,D4_1-2-Propanediol,40
41.5,D4_1-2-Propanediol,45
41.75,D4_1-2-Propanediol,43
42.0,D4_1-2-Propanediol,41
42.25,D4_1-2-Propanediol,42
42.5,D4_1-2-Propanediol,43
42.75,D4_1-2-Propanediol,41
43.0,D4_1-2-Propanediol,38
43.25,D4_1-2-Propanediol,37
43.5,D4_1-2-Propanediol,36
43.75,D4_1-2-Propanediol,43
44.0,D4_1-2-Propanediol,39
44.25,D4_1-2-Propanediol,37
44.5,D4_1-2-Propanediol,37
44.75,D4_1-2-Propanediol,41
45.0,D4_1-2-Propanediol,41
45.25,D4_1-2-Propanediol,39
45.5,D4_1-2-Propanediol,38
45.75,D4_1-2-Propanediol,40
46.0,D4_1-2-Propanediol,41
46.25,D4_1-2-Propanediol,40
46.5,D4_1-2-Propanediol,37
46.75,D4_1-2-Propanediol,38
47.0,D4_1-2-Propanediol,40
47.25,D4_1-2-Propanediol,37
47.5,D4_1-2-Propanediol,0
0.0,D5_Tween_40,11
0.25,D5_Tween_40,11
0.5,D5_Tween_40,13
0.75,D5_Tween_40,13
1.0,D5_Tween_40,11
1.25,D5_Tween_40,11
1.5,D5_Tween_40,11
1.75,D5_Tween_40,11
2.0,D5_Tween_40,11
2.25,D5_Tween_40,11
2.5,D5_Tween_40,11
2.75,D5_Tween_40,11
3.0,D5_Tween_40,11
3.25,D5_Tween_40,11
3.5,D5_Tween_40,11
3.75,D5_Tween_40,11
4.0,D5_Tween_40,11
4.25,D5_Tween_40,11
4.5,D5_Tween_40,11
4.75,D5_Tween_40,11
5.0,D5_Tween_40,11
5.25,D5_Tween_40,12
5.5,D5_Tween_40,17
5.75,D5_Tween_40,16
6.0,D5_Tween_40,14
6.25,D5_Tween_40,12
6.5,D5_Tween_40,18
6.75,D5_Tween_40,18
7.0,D5_Tween_40,22
7.25,D5_Tween_40,24
7.5,D5_Tween_40,30
7.75,D5_Tween_40,28
8.0,D5_Tween_40,33
8.25,D5_Tween_40,37
8.5,D5_Tween_40,47
8.75,D5_Tween_40,60
9.0,D5_Tween_40,64
9.25,D5_Tween_40,70
9.5,D5_Tween_40,74
9.75,D5_Tween_40,82
10.0,D5_Tween_40,86
10.25,D5_Tween_40,89
10.5,D5_Tween_40,96
10.75,D5_Tween_40,104
11.0,D5_Tween_40,104
11.25,D5_Tween_40,112
11.5,D5_Tween_40,108
11.75,D5_Tween_40,119
12.0,D5_Tween_40,122
12.25,D5_Tween_40,125
12.5,D5_Tween_40,131
12.75,D5_Tween_40,132
13.0,D5_Tween_40,138
13.25,D5_Tween_40,137
13.5,D5_Tween_40,144
13.75,D5_Tween_40,150
14.0,D5_Tween_40,151
14.25,D5_Tween_40,155
14.5,D5_Tween_40,160
14.75,D5_Tween_40,161
15.0,D5_Tween_40,164
15.25,D5_Tween_40,171
15.5,D5_Tween_40,171
15.75,D5_Tween_40,171
16.0,D5_Tween_40,174
16.25,D5_Tween_40,173
16.5,D5_Tween_40,176
16.75,D5_Tween_40,183
17.0,D5_Tween_40,183
17.25,D5_Tween_40,186
17.5,D5_Tween_40,185
17.75,D5_Tween_40,190
18.0,D5_Tween_40,189
18.25,D5_Tween_40,195
18.5,D5_Tween_40,191
18.75,D5_Tween_40,197
19.0,D5_Tween_40,200
19.25,D5_Tween_40,200
19.5,D5_Tween_40,200
19.75,D5_Tween_40,202
20.0,D5_Tween_40,203
20.25,D5_Tween_40,209
20.5,D5_Tween_40,206
20.75,D5_Tween_40,209
21.0,D5_Tween_40,207
21.25,D5_Tween_40,209
21.5,D5_Tween_40,208
21.75,D5_Tween_40,212
22.0,D5_Tween_40,213
22.25,D5_Tween_40,216
22.5,D5_Tween_40,215
22.75,D5_Tween_40,218
23.0,D5_Tween_40,219
23.25,D5_Tween_40,219
23.5,D5_Tween_40,220
23.75,D5_Tween_40,220
24.0,D5_Tween_40,221
24.25,D5_Tween_40,221
24.5,D5_Tween_40,223
24.75,D5_Tween_40,223
25.0,D5_Tween_40,221
25.25,D5_Tween_40,226
25.5,D5_Tween_40,227
25.75,D5_Tween_40,225
26.0,D5_Tween_40,225
26.25,D5_Tween_40,223
26.5,D5_Tween_40,226
26.75,D5_Tween_40,230
27.0,D5_Tween_40,229
27.25,D5_Tween_40,227
27.5,D5_Tween_40,231
27.75,D5_Tween_40,229
28.0,D5_Tween_40,231
28.25,D5_Tween_40,232
28.5,D5_Tween_40,232
28.75,D5_Tween_40,230
29.0,D5_Tween_40,236
29.25,D5_Tween_40,231
29.5,D5_Tween_40,233
29.75,D5_Tween_40,236
30.0,D5_Tween_40,229
30.25,D5_Tween_40,234
30.5,D5_Tween_40,236
30.75,D5_Tween_40,236
31.0,D5_Tween_40,237
31.25,D5_Tween_40,237
31.5,D5_Tween_40,234
31.75,D5_Tween_40,235
32.0,D5_Tween_40,237
32.25,D5_Tween_40,237
32.5,D5_Tween_40,238
32.75,D5_Tween_40,240
33.0,D5_Tween_40,240
33.25,D5_Tween_40,238
33.5,D5_Tween_40,239
33.75,D5_Tween_40,243
34.0,D5_Tween_40,241
34.25,D5_Tween_40,240
34.5,D5_Tween_40,243
34.75,D5_Tween_40,240
35.0,D5_Tween_40,244
35.25,D5_Tween_40,240
35.5,D5_Tween_40,242
35.75,D5_Tween_40,243
36.0,D5_Tween_40,243
36.25,D5_Tween_40,244
36.5,D5_Tween_40,243
36.75,D5_Tween_40,244
37.0,D5_Tween_40,241
37.25,D5_Tween_40,242
37.5,D5_Tween_40,245
37.75,D5_Tween_40,246
38.0,D5_Tween_40,246
38.25,D5_Tween_40,246
38.5,D5_Tween_40,243
38.75,D5_Tween_40,248
39.0,D5_Tween_40,246
39.25,D5_Tween_40,247
39.5,D5_Tween_40,245
39.75,D5_Tween_40,240
40.0,D5_Tween_40,244
40.25,D5_Tween_40,243
40.5,D5_Tween_40,245
40.75,D5_Tween_40,246
41.0,D5_Tween_40,243
41.25,D5_Tween_40,244
41.5,D5_Tween_40,244
41.75,D5_Tween_40,241
42.0,D5_Tween_40,244
42.25,D5_Tween_40,244
42.5,D5_Tween_40,241
42.75,D5_Tween_40,242
43.0,D5_Tween_40,247
43.25,D5_Tween_40,243
43.5,D5_Tween_40,244
43.75,D5_Tween_40,245
44.0,D5_Tween_40,244
44.25,D5_Tween_40,245
44.5,D5_Tween_40,241
44.75,D5_Tween_40,244
45.0,D5_Tween_40,244
45.25,D5_Tween_40,242
45.5,D5_Tween_40,241
45.75,D5_Tween_40,243
46.0,D5_Tween_40,245
46.25,D5_Tween_40,246
46.5,D5_Tween_40,246
46.75,D5_Tween_40,244
47.0,D5_Tween_40,244
47.25,D5_Tween_40,241
47.5,D5_Tween_40,0
0.0,D6_a-Keto-Glutaric_Acid,23
0.25,D6_a-Keto-Glutaric_Acid,22
0.5,D6_a-Keto-Glutaric_Acid,11
0.75,D6_a-Keto-Glutaric_Acid,11
1.0,D6_a-Keto-Glutaric_Acid,11
1.25,D6_a-Keto-Glutaric_Acid,11
1.5,D6_a-Keto-Glutaric_Acid,11
1.75,D6_a-Keto-Glutaric_Acid,11
2.0,D6_a-Keto-Glutaric_Acid,11
2.25,D6_a-Keto-Glutaric_Acid,11
2.5,D6_a-Keto-Glutaric_Acid,11
2.75,D6_a-Keto-Glutaric_Acid,11
3.0,D6_a-Keto-Glutaric_Acid,11
3.25,D6_a-Keto-Glutaric_Acid,11
3.5,D6_a-Keto-Glutaric_Acid,11
3.75,D6_a-Keto-Glutaric_Acid,11
4.0,D6_a-Keto-Glutaric_Acid,13
4.25,D6_a-Keto-Glutaric_Acid,11
4.5,D6_a-Keto-Glutaric_Acid,11
4.75,D6_a-Keto-Glutaric_Acid,16
5.0,D6_a-Keto-Glutaric_Acid,14
5.25,D6_a-Keto-Glutaric_Acid,18
5.5,D6_a-Keto-Glutaric_Acid,18
5.75,D6_a-Keto-Glutaric_Acid,19
6.0,D6_a-Keto-Glutaric_Acid,18
6.25,D6_a-Keto-Glutaric_Acid,24
6.5,D6_a-Keto-Glutaric_Acid,25
6.75,D6_a-Keto-Glutaric_Acid,22
7.0,D6_a-Keto-Glutaric_Acid,24
7.25,D6_a-Keto-Glutaric_Acid,27
7.5,D6_a-Keto-Glutaric_Acid,28
7.75,D6_a-Keto-Glutaric_Acid,31
8.0,D6_a-Keto-Glutaric_Acid,30
8.25,D6_a-Keto-Glutaric_Acid,30
8.5,D6_a-Keto-Glutaric_Acid,27
8.75,D6_a-Keto-Glutaric_Acid,26
9.0,D6_a-Keto-Glutaric_Acid,28
9.25,D6_a-Keto-Glutaric_Acid,30
9.5,D6_a-Keto-Glutaric_Acid,31
9.75,D6_a-Keto-Glutaric_Acid,30
10.0,D6_a-Keto-Glutaric_Acid,34
10.25,D6_a-Keto-Glutaric_Acid,33
10.5,D6_a-Keto-Glutaric_Acid,32
10.75,D6_a-Keto-Glutaric_Acid,32
11.0,D6_a-Keto-Glutaric_Acid,33
11.25,D6_a-Keto-Glutaric_Acid,37
11.5,D6_a-Keto-Glutaric_Acid,33
11.75,D6_a-Keto-Glutaric_Acid,33
12.0,D6_a-Keto-Glutaric_Acid,37
12.25,D6_a-Keto-Glutaric_Acid,34
12.5,D6_a-Keto-Glutaric_Acid,38
12.75,D6_a-Keto-Glutaric_Acid,35
13.0,D6_a-Keto-Glutaric_Acid,37
13.25,D6_a-Keto-Glutaric_Acid,37
13.5,D6_a-Keto-Glutaric_Acid,39
13.75,D6_a-Keto-Glutaric_Acid,40
14.0,D6_a-Keto-Glutaric_Acid,37
14.25,D6_a-Keto-Glutaric_Acid,42
14.5,D6_a-Keto-Glutaric_Acid,42
14.75,D6_a-Keto-Glutaric_Acid,44
15.0,D6_a-Keto-Glutaric_Acid,41
15.25,D6_a-Keto-Glutaric_Acid,42
15.5,D6_a-Keto-Glutaric_Acid,43
15.75,D6_a-Keto-Glutaric_Acid,46
16.0,D6_a-Keto-Glutaric_Acid,47
16.25,D6_a-Keto-Glutaric_Acid,48
16.5,D6_a-Keto-Glutaric_Acid,48
16.75,D6_a-Keto-Glutaric_Acid,48
17.0,D6_a-Keto-Glutaric_Acid,52
17.25,D6_a-Keto-Glutaric_Acid,52
17.5,D6_a-Keto-Glutaric_Acid,50
17.75,D6_a-Keto-Glutaric_Acid,52
18.0,D6_a-Keto-Glutaric_Acid,54
18.25,D6_a-Keto-Glutaric_Acid,50
18.5,D6_a-Keto-Glutaric_Acid,57
18.75,D6_a-Keto-Glutaric_Acid,52
19.0,D6_a-Keto-Glutaric_Acid,52
19.25,D6_a-Keto-Glutaric_Acid,53
19.5,D6_a-Keto-Glutaric_Acid,54
19.75,D6_a-Keto-Glutaric_Acid,59
20.0,D6_a-Keto-Glutaric_Acid,58
20.25,D6_a-Keto-Glutaric_Acid,60
20.5,D6_a-Keto-Glutaric_Acid,59
20.75,D6_a-Keto-Glutaric_Acid,60
21.0,D6_a-Keto-Glutaric_Acid,61
21.25,D6_a-Keto-Glutaric_Acid,61
21.5,D6_a-Keto-Glutaric_Acid,64
21.75,D6_a-Keto-Glutaric_Acid,61
22.0,D6_a-Keto-Glutaric_Acid,64
22.25,D6_a-Keto-Glutaric_Acid,63
22.5,D6_a-Keto-Glutaric_Acid,64
22.75,D6_a-Keto-Glutaric_Acid,64
23.0,D6_a-Keto-Glutaric_Acid,69
23.25,D6_a-Keto-Glutaric_Acid,66
23.5,D6_a-Keto-Glutaric_Acid,69
23.75,D6_a-Keto-Glutaric_Acid,69
24.0,D6_a-Keto-Glutaric_Acid,68
24.25,D6_a-Keto-Glutaric_Acid,68
24.5,D6_a-Keto-Glutaric_Acid,70
24.75,D6_a-Keto-Glutaric_Acid,72
25.0,D6_a-Keto-Glutaric_Acid,73
25.25,D6_a-Keto-Glutaric_Acid,74
25.5,D6_a-Keto-Glutaric_Acid,71
25.75,D6_a-Keto-Glutaric_Acid,71
26.0,D6_a-Keto-Glutaric_Acid,75
26.25,D6_a-Keto-Glutaric_Acid,73
26.5,D6_a-Keto-Glutaric_Acid,76
26.75,D6_a-Keto-Glutaric_Acid,80
27.0,D6_a-Keto-Glutaric_Acid,71
27.25,D6_a-Keto-Glutaric_Acid,76
27.5,D6_a-Keto-Glutaric_Acid,75
27.75,D6_a-Keto-Glutaric_Acid,75
28.0,D6_a-Keto-Glutaric_Acid,76
28.25,D6_a-Keto-Glutaric_Acid,77
28.5,D6_a-Keto-Glutaric_Acid,79
28.75,D6_a-Keto-Glutaric_Acid,79
29.0,D6_a-Keto-Glutaric_Acid,82
29.25,D6_a-Keto-Glutaric_Acid,75
29.5,D6_a-Keto-Glutaric_Acid,83
29.75,D6_a-Keto-Glutaric_Acid,82
30.0,D6_a-Keto-Glutaric_Acid,81
30.25,D6_a-Keto-Glutaric_Acid,83
30.5,D6_a-Keto-Glutaric_Acid,85
30.75,D6_a-Keto-Glutaric_Acid,80
31.0,D6_a-Keto-Glutaric_Acid,84
31.25,D6_a-Keto-Glutaric_Acid,78
31.5,D6_a-Keto-Glutaric_Acid,80
31.75,D6_a-Keto-Glutaric_Acid,82
32.0,D6_a-Keto-Glutaric_Acid,81
32.25,D6_a-Keto-Glutaric_Acid,81
32.5,D6_a-Keto-Glutaric_Acid,84
32.75,D6_a-Keto-Glutaric_Acid,85
33.0,D6_a-Keto-Glutaric_Acid,85
33.25,D6_a-Keto-Glutaric_Acid,87
33.5,D6_a-Keto-Glutaric_Acid,87
33.75,D6_a-Keto-Glutaric_Acid,91
34.0,D6_a-Keto-Glutaric_Acid,86
34.25,D6_a-Keto-Glutaric_Acid,82
34.5,D6_a-Keto-Glutaric_Acid,82
34.75,D6_a-Keto-Glutaric_Acid,84
35.0,D6_a-Keto-Glutaric_Acid,90
35.25,D6_a-Keto-Glutaric_Acid,84
35.5,D6_a-Keto-Glutaric_Acid,89
35.75,D6_a-Keto-Glutaric_Acid,88
36.0,D6_a-Keto-Glutaric_Acid,87
36.25,D6_a-Keto-Glutaric_Acid,91
36.5,D6_a-Keto-Glutaric_Acid,90
36.75,D6_a-Keto-Glutaric_Acid,92
37.0,D6_a-Keto-Glutaric_Acid,91
37.25,D6_a-Keto-Glutaric_Acid,95
37.5,D6_a-Keto-Glutaric_Acid,91
37.75,D6_a-Keto-Glutaric_Acid,88
38.0,D6_a-Keto-Glutaric_Acid,98
38.25,D6_a-Keto-Glutaric_Acid,94
38.5,D6_a-Keto-Glutaric_Acid,94
38.75,D6_a-Keto-Glutaric_Acid,92
39.0,D6_a-Keto-Glutaric_Acid,96
39.25,D6_a-Keto-Glutaric_Acid,96
39.5,D6_a-Keto-Glutaric_Acid,95
39.75,D6_a-Keto-Glutaric_Acid,95
40.0,D6_a-Keto-Glutaric_Acid,93
40.25,D6_a-Keto-Glutaric_Acid,97
40.5,D6_a-Keto-Glutaric_Acid,98
40.75,D6_a-Keto-Glutaric_Acid,99
41.0,D6_a-Keto-Glutaric_Acid,98
41.25,D6_a-Keto-Glutaric_Acid,95
41.5,D6_a-Keto-Glutaric_Acid,100
41.75,D6_a-Keto-Glutaric_Acid,95
42.0,D6_a-Keto-Glutaric_Acid,95
42.25,D6_a-Keto-Glutaric_Acid,94
42.5,D6_a-Keto-Glutaric_Acid,96
42.75,D6_a-Keto-Glutaric_Acid,95
43.0,D6_a-Keto-Glutaric_Acid,98
43.25,D6_a-Keto-Glutaric_Acid,98
43.5,D6_a-Keto-Glutaric_Acid,94
43.75,D6_a-Keto-Glutaric_Acid,98
44.0,D6_a-Keto-Glutaric_Acid,97
44.25,D6_a-Keto-Glutaric_Acid,95
44.5,D6_a-Keto-Glutaric_Acid,96
44.75,D6_a-Keto-Glutaric_Acid,100
45.0,D6_a-Keto-Glutaric_Acid,101
45.25,D6_a-Keto-Glutaric_Acid,102
45.5,D6_a-Keto-Glutaric_Acid,100
45.75,D6_a-Keto-Glutaric_Acid,95
46.0,D6_a-Keto-Glutaric_Acid,101
46.25,D6_a-Keto-Glutaric_Acid,102
46.5,D6_a-Keto-Glutaric_Acid,103
46.75,D6_a-Keto-Glutaric_Acid,104
47.0,D6_a-Keto-Glutaric_Acid,102
47.25,D6_a-Keto-Glutaric_Acid,101
47.5,D6_a-Keto-Glutaric_Acid,0
0.0,D7_a-Keto-Butyric_Acid,22
0.25,D7_a-Keto-Butyric_Acid,25
0.5,D7_a-Keto-Butyric_Acid,22
0.75,D7_a-Keto-Butyric_Acid,24
1.0,D7_a-Keto-Butyric_Acid,18
1.25,D7_a-Keto-Butyric_Acid,17
1.5,D7_a-Keto-Butyric_Acid,15
1.75,D7_a-Keto-Butyric_Acid,15
2.0,D7_a-Keto-Butyric_Acid,12
2.25,D7_a-Keto-Butyric_Acid,11
2.5,D7_a-Keto-Butyric_Acid,11
2.75,D7_a-Keto-Butyric_Acid,11
3.0,D7_a-Keto-Butyric_Acid,11
3.25,D7_a-Keto-Butyric_Acid,11
3.5,D7_a-Keto-Butyric_Acid,13
3.75,D7_a-Keto-Butyric_Acid,11
4.0,D7_a-Keto-Butyric_Acid,11
4.25,D7_a-Keto-Butyric_Acid,11
4.5,D7_a-Keto-Butyric_Acid,13
4.75,D7_a-Keto-Butyric_Acid,11
5.0,D7_a-Keto-Butyric_Acid,15
5.25,D7_a-Keto-Butyric_Acid,14
5.5,D7_a-Keto-Butyric_Acid,19
5.75,D7_a-Keto-Butyric_Acid,16
6.0,D7_a-Keto-Butyric_Acid,14
6.25,D7_a-Keto-Butyric_Acid,18
6.5,D7_a-Keto-Butyric_Acid,20
6.75,D7_a-Keto-Butyric_Acid,21
7.0,D7_a-Keto-Butyric_Acid,24
7.25,D7_a-Keto-Butyric_Acid,25
7.5,D7_a-Keto-Butyric_Acid,22
7.75,D7_a-Keto-Butyric_Acid,27
8.0,D7_a-Keto-Butyric_Acid,27
8.25,D7_a-Keto-Butyric_Acid,28
8.5,D7_a-Keto-Butyric_Acid,29
8.75,D7_a-Keto-Butyric_Acid,34
9.0,D7_a-Keto-Butyric_Acid,33
9.25,D7_a-Keto-Butyric_Acid,36
9.5,D7_a-Keto-Butyric_Acid,33
9.75,D7_a-Keto-Butyric_Acid,38
10.0,D7_a-Keto-Butyric_Acid,35
10.25,D7_a-Keto-Butyric_Acid,35
10.5,D7_a-Keto-Butyric_Acid,34
10.75,D7_a-Keto-Butyric_Acid,40
11.0,D7_a-Keto-Butyric_Acid,40
11.25,D7_a-Keto-Butyric_Acid,40
11.5,D7_a-Keto-Butyric_Acid,43
11.75,D7_a-Keto-Butyric_Acid,42
12.0,D7_a-Keto-Butyric_Acid,45
12.25,D7_a-Keto-Butyric_Acid,45
12.5,D7_a-Keto-Butyric_Acid,48
12.75,D7_a-Keto-Butyric_Acid,48
13.0,D7_a-Keto-Butyric_Acid,46
13.25,D7_a-Keto-Butyric_Acid,50
13.5,D7_a-Keto-Butyric_Acid,54
13.75,D7_a-Keto-Butyric_Acid,51
14.0,D7_a-Keto-Butyric_Acid,54
14.25,D7_a-Keto-Butyric_Acid,50
14.5,D7_a-Keto-Butyric_Acid,50
14.75,D7_a-Keto-Butyric_Acid,56
15.0,D7_a-Keto-Butyric_Acid,51
15.25,D7_a-Keto-Butyric_Acid,57
15.5,D7_a-Keto-Butyric_Acid,56
15.75,D7_a-Keto-Butyric_Acid,58
16.0,D7_a-Keto-Butyric_Acid,61
16.25,D7_a-Keto-Butyric_Acid,59
16.5,D7_a-Keto-Butyric_Acid,63
16.75,D7_a-Keto-Butyric_Acid,68
17.0,D7_a-Keto-Butyric_Acid,66
17.25,D7_a-Keto-Butyric_Acid,63
17.5,D7_a-Keto-Butyric_Acid,60
17.75,D7_a-Keto-Butyric_Acid,65
18.0,D7_a-Keto-Butyric_Acid,68
18.25,D7_a-Keto-Butyric_Acid,66
18.5,D7_a-Keto-Butyric_Acid,69
18.75,D7_a-Keto-Butyric_Acid,69
19.0,D7_a-Keto-Butyric_Acid,69
19.25,D7_a-Keto-Butyric_Acid,68
19.5,D7_a-Keto-Butyric_Acid,69
19.75,D7_a-Keto-Butyric_Acid,70
20.0,D7_a-Keto-Butyric_Acid,75
20.25,D7_a-Keto-Butyric_Acid,74
20.5,D7_a-Keto-Butyric_Acid,74
20.75,D7_a-Keto-Butyric_Acid,82
21.0,D7_a-Keto-Butyric_Acid,76
21.25,D7_a-Keto-Butyric_Acid,76
21.5,D7_a-Keto-Butyric_Acid,77
21.75,D7_a-Keto-Butyric_Acid,75
22.0,D7_a-Keto-Butyric_Acid,79
22.25,D7_a-Keto-Butyric_Acid,79
22.5,D7_a-Keto-Butyric_Acid,84
22.75,D7_a-Keto-Butyric_Acid,80
23.0,D7_a-Keto-Butyric_Acid,74
23.25,D7_a-Keto-Butyric_Acid,83
23.5,D7_a-Keto-Butyric_Acid,80
23.75,D7_a-Keto-Butyric_Acid,80
24.0,D7_a-Keto-Butyric_Acid,80
24.25,D7_a-Keto-Butyric_Acid,84
24.5,D7_a-Keto-Butyric_Acid,83
24.75,D7_a-Keto-Butyric_Acid,84
25.0,D7_a-Keto-Butyric_Acid,82
25.25,D7_a-Keto-Butyric_Acid,83
25.5,D7_a-Keto-Butyric_Acid,83
25.75,D7_a-Keto-Butyric_Acid,88
26.0,D7_a-Keto-Butyric_Acid,83
26.25,D7_a-Keto-Butyric_Acid,83
26.5,D7_a-Keto-Butyric_Acid,83
26.75,D7_a-Keto-Butyric_Acid,84
27.0,D7_a-Keto-Butyric_Acid,85
27.25,D7_a-Keto-Butyric_Acid,87
27.5,D7_a-Keto-Butyric_Acid,82
27.75,D7_a-Keto-Butyric_Acid,87
28.0,D7_a-Keto-Butyric_Acid,82
28.25,D7_a-Keto-Butyric_Acid,86
28.5,D7_a-Keto-Butyric_Acid,86
28.75,D7_a-Keto-Butyric_Acid,82
29.0,D7_a-Keto-Butyric_Acid,87
29.25,D7_a-Keto-Butyric_Acid,83
29.5,D7_a-Keto-Butyric_Acid,88
29.75,D7_a-Keto-Butyric_Acid,87
30.0,D7_a-Keto-Butyric_Acid,85
30.25,D7_a-Keto-Butyric_Acid,86
30.5,D7_a-Keto-Butyric_Acid,85
30.75,D7_a-Keto-Butyric_Acid,85
31.0,D7_a-Keto-Butyric_Acid,83
31.25,D7_a-Keto-Butyric_Acid,88
31.5,D7_a-Keto-Butyric_Acid,87
31.75,D7_a-Keto-Butyric_Acid,89
32.0,D7_a-Keto-Butyric_Acid,86
32.25,D7_a-Keto-Butyric_Acid,89
32.5,D7_a-Keto-Butyric_Acid,92
32.75,D7_a-Keto-Butyric_Acid,92
33.0,D7_a-Keto-Butyric_Acid,92
33.25,D7_a-Keto-Butyric_Acid,94
33.5,D7_a-Keto-Butyric_Acid,94
33.75,D7_a-Keto-Butyric_Acid,97
34.0,D7_a-Keto-Butyric_Acid,89
34.25,D7_a-Keto-Butyric_Acid,89
34.5,D7_a-Keto-Butyric_Acid,92
34.75,D7_a-Keto-Butyric_Acid,92
35.0,D7_a-Keto-Butyric_Acid,95
35.25,D7_a-Keto-Butyric_Acid,90
35.5,D7_a-Keto-Butyric_Acid,96
35.75,D7_a-Keto-Butyric_Acid,99
36.0,D7_a-Keto-Butyric_Acid,90
36.25,D7_a-Keto-Butyric_Acid,94
36.5,D7_a-Keto-Butyric_Acid,93
36.75,D7_a-Keto-Butyric_Acid,96
37.0,D7_a-Keto-Butyric_Acid,96
37.25,D7_a-Keto-Butyric_Acid,95
37.5,D7_a-Keto-Butyric_Acid,93
37.75,D7_a-Keto-Butyric_Acid,96
38.0,D7_a-Keto-Butyric_Acid,94
38.25,D7_a-Keto-Butyric_Acid,95
38.5,D7_a-Keto-Butyric_Acid,99
38.75,D7_a-Keto-Butyric_Acid,94
39.0,D7_a-Keto-Butyric_Acid,94
39.25,D7_a-Keto-Butyric_Acid,98
39.5,D7_a-Keto-Butyric_Acid,95
39.75,D7_a-Keto-Butyric_Acid,96
40.0,D7_a-Keto-Butyric_Acid,97
40.25,D7_a-Keto-Butyric_Acid,96
40.5,D7_a-Keto-Butyric_Acid,98
40.75,D7_a-Keto-Butyric_Acid,96
41.0,D7_a-Keto-Butyric_Acid,96
41.25,D7_a-Keto-Butyric_Acid,99
41.5,D7_a-Keto-Butyric_Acid,98
41.75,D7_a-Keto-Butyric_Acid,101
42.0,D7_a-Keto-Butyric_Acid,97
42.25,D7_a-Keto-Butyric_Acid,98
42.5,D7_a-Keto-Butyric_Acid,94
42.75,D7_a-Keto-Butyric_Acid,96
43.0,D7_a-Keto-Butyric_Acid,99
43.25,D7_a-Keto-Butyric_Acid,98
43.5,D7_a-Keto-Butyric_Acid,100
43.75,D7_a-Keto-Butyric_Acid,98
44.0,D7_a-Keto-Butyric_Acid,100
44.25,D7_a-Keto-Butyric_Acid,103
44.5,D7_a-Keto-Butyric_Acid,100
44.75,D7_a-Keto-Butyric_Acid,101
45.0,D7_a-Keto-Butyric_Acid,98
45.25,D7_a-Keto-Butyric_Acid,104
45.5,D7_a-Keto-Butyric_Acid,98
45.75,D7_a-Keto-Butyric_Acid,100
46.0,D7_a-Keto-Butyric_Acid,102
46.25,D7_a-Keto-Butyric_Acid,102
46.5,D7_a-Keto-Butyric_Acid,103
46.75,D7_a-Keto-Butyric_Acid,106
47.0,D7_a-Keto-Butyric_Acid,100
47.25,D7_a-Keto-Butyric_Acid,103
47.5,D7_a-Keto-Butyric_Acid,0
0.0,D8_a-Methyl-D_Galactoside,11
0.25,D8_a-Methyl-D_Galactoside,11
0.5,D8_a-Methyl-D_Galactoside,11
0.75,D8_a-Methyl-D_Galactoside,11
1.0,D8_a-Methyl-D_Galactoside,11
1.25,D8_a-Methyl-D_Galactoside,11
1.5,D8_a-Methyl-D_Galactoside,13
1.75,D8_a-Methyl-D_Galactoside,11
2.0,D8_a-Methyl-D_Galactoside,11
2.25,D8_a-Methyl-D_Galactoside,11
2.5,D8_a-Methyl-D_Galactoside,11
2.75,D8_a-Methyl-D_Galactoside,11
3.0,D8_a-Methyl-D_Galactoside,11
3.25,D8_a-Methyl-D_Galactoside,11
3.5,D8_a-Methyl-D_Galactoside,11
3.75,D8_a-Methyl-D_Galactoside,13
4.0,D8_a-Methyl-D_Galactoside,11
4.25,D8_a-Methyl-D_Galactoside,11
4.5,D8_a-Methyl-D_Galactoside,11
4.75,D8_a-Methyl-D_Galactoside,11
5.0,D8_a-Methyl-D_Galactoside,12
5.25,D8_a-Methyl-D_Galactoside,12
5.5,D8_a-Methyl-D_Galactoside,14
5.75,D8_a-Methyl-D_Galactoside,15
6.0,D8_a-Methyl-D_Galactoside,15
6.25,D8_a-Methyl-D_Galactoside,16
6.5,D8_a-Methyl-D_Galactoside,15
6.75,D8_a-Methyl-D_Galactoside,18
7.0,D8_a-Methyl-D_Galactoside,18
7.25,D8_a-Methyl-D_Galactoside,20
7.5,D8_a-Methyl-D_Galactoside,18
7.75,D8_a-Methyl-D_Galactoside,21
8.0,D8_a-Methyl-D_Galactoside,19
8.25,D8_a-Methyl-D_Galactoside,21
8.5,D8_a-Methyl-D_Galactoside,20
8.75,D8_a-Methyl-D_Galactoside,20
9.0,D8_a-Methyl-D_Galactoside,21
9.25,D8_a-Methyl-D_Galactoside,16
9.5,D8_a-Methyl-D_Galactoside,21
9.75,D8_a-Methyl-D_Galactoside,20
10.0,D8_a-Methyl-D_Galactoside,23
10.25,D8_a-Methyl-D_Galactoside,20
10.5,D8_a-Methyl-D_Galactoside,23
10.75,D8_a-Methyl-D_Galactoside,24
11.0,D8_a-Methyl-D_Galactoside,22
11.25,D8_a-Methyl-D_Galactoside,19
11.5,D8_a-Methyl-D_Galactoside,22
11.75,D8_a-Methyl-D_Galactoside,20
12.0,D8_a-Methyl-D_Galactoside,21
12.25,D8_a-Methyl-D_Galactoside,21
12.5,D8_a-Methyl-D_Galactoside,20
12.75,D8_a-Methyl-D_Galactoside,24
13.0,D8_a-Methyl-D_Galactoside,21
13.25,D8_a-Methyl-D_Galactoside,18
13.5,D8_a-Methyl-D_Galactoside,21
13.75,D8_a-Methyl-D_Galactoside,22
14.0,D8_a-Methyl-D_Galactoside,20
14.25,D8_a-Methyl-D_Galactoside,22
14.5,D8_a-Methyl-D_Galactoside,22
14.75,D8_a-Methyl-D_Galactoside,25
15.0,D8_a-Methyl-D_Galactoside,24
15.25,D8_a-Methyl-D_Galactoside,22
15.5,D8_a-Methyl-D_Galactoside,22
15.75,D8_a-Methyl-D_Galactoside,23
16.0,D8_a-Methyl-D_Galactoside,26
16.25,D8_a-Methyl-D_Galactoside,22
16.5,D8_a-Methyl-D_Galactoside,23
16.75,D8_a-Methyl-D_Galactoside,30
17.0,D8_a-Methyl-D_Galactoside,29
17.25,D8_a-Methyl-D_Galactoside,25
17.5,D8_a-Methyl-D_Galactoside,23
17.75,D8_a-Methyl-D_Galactoside,24
18.0,D8_a-Methyl-D_Galactoside,26
18.25,D8_a-Methyl-D_Galactoside,28
18.5,D8_a-Methyl-D_Galactoside,30
18.75,D8_a-Methyl-D_Galactoside,28
19.0,D8_a-Methyl-D_Galactoside,29
19.25,D8_a-Methyl-D_Galactoside,28
19.5,D8_a-Methyl-D_Galactoside,26
19.75,D8_a-Methyl-D_Galactoside,26
20.0,D8_a-Methyl-D_Galactoside,25
20.25,D8_a-Methyl-D_Galactoside,31
20.5,D8_a-Methyl-D_Galactoside,33
20.75,D8_a-Methyl-D_Galactoside,33
21.0,D8_a-Methyl-D_Galactoside,30
21.25,D8_a-Methyl-D_Galactoside,29
21.5,D8_a-Methyl-D_Galactoside,29
21.75,D8_a-Methyl-D_Galactoside,27
22.0,D8_a-Methyl-D_Galactoside,29
22.25,D8_a-Methyl-D_Galactoside,31
22.5,D8_a-Methyl-D_Galactoside,31
22.75,D8_a-Methyl-D_Galactoside,29
23.0,D8_a-Methyl-D_Galactoside,31
23.25,D8_a-Methyl-D_Galactoside,30
23.5,D8_a-Methyl-D_Galactoside,29
23.75,D8_a-Methyl-D_Galactoside,28
24.0,D8_a-Methyl-D_Galactoside,33
24.25,D8_a-Methyl-D_Galactoside,30
24.5,D8_a-Methyl-D_Galactoside,29
24.75,D8_a-Methyl-D_Galactoside,35
25.0,D8_a-Methyl-D_Galactoside,33
25.25,D8_a-Methyl-D_Galactoside,32
25.5,D8_a-Methyl-D_Galactoside,34
25.75,D8_a-Methyl-D_Galactoside,32
26.0,D8_a-Methyl-D_Galactoside,33
26.25,D8_a-Methyl-D_Galactoside,32
26.5,D8_a-Methyl-D_Galactoside,33
26.75,D8_a-Methyl-D_Galactoside,28
27.0,D8_a-Methyl-D_Galactoside,36
27.25,D8_a-Methyl-D_Galactoside,30
27.5,D8_a-Methyl-D_Galactoside,30
27.75,D8_a-Methyl-D_Galactoside,32
28.0,D8_a-Methyl-D_Galactoside,31
28.25,D8_a-Methyl-D_Galactoside,32
28.5,D8_a-Methyl-D_Galactoside,29
28.75,D8_a-Methyl-D_Galactoside,28
29.0,D8_a-Methyl-D_Galactoside,32
29.25,D8_a-Methyl-D_Galactoside,31
29.5,D8_a-Methyl-D_Galactoside,34
29.75,D8_a-Methyl-D_Galactoside,33
30.0,D8_a-Methyl-D_Galactoside,28
30.25,D8_a-Methyl-D_Galactoside,34
30.5,D8_a-Methyl-D_Galactoside,30
30.75,D8_a-Methyl-D_Galactoside,35
31.0,D8_a-Methyl-D_Galactoside,29
31.25,D8_a-Methyl-D_Galactoside,33
31.5,D8_a-Methyl-D_Galactoside,29
31.75,D8_a-Methyl-D_Galactoside,33
32.0,D8_a-Methyl-D_Galactoside,34
32.25,D8_a-Methyl-D_Galactoside,26
32.5,D8_a-Methyl-D_Galactoside,34
32.75,D8_a-Methyl-D_Galactoside,35
33.0,D8_a-Methyl-D_Galactoside,33
33.25,D8_a-Methyl-D_Galactoside,30
33.5,D8_a-Methyl-D_Galactoside,31
33.75,D8_a-Methyl-D_Galactoside,30
34.0,D8_a-Methyl-D_Galactoside,34
34.25,D8_a-Methyl-D_Galactoside,36
34.5,D8_a-Methyl-D_Galactoside,36
34.75,D8_a-Methyl-D_Galactoside,32
35.0,D8_a-Methyl-D_Galactoside,34
35.25,D8_a-Methyl-D_Galactoside,29
35.5,D8_a-Methyl-D_Galactoside,34
35.75,D8_a-Methyl-D_Galactoside,31
36.0,D8_a-Methyl-D_Galactoside,29
36.25,D8_a-Methyl-D_Galactoside,34
36.5,D8_a-Methyl-D_Galactoside,31
36.75,D8_a-Methyl-D_Galactoside,36
37.0,D8_a-Methyl-D_Galactoside,31
37.25,D8_a-Methyl-D_Galactoside,35
37.5,D8_a-Methyl-D_Galactoside,34
37.75,D8_a-Methyl-D_Galactoside,33
38.0,D8_a-Methyl-D_Galactoside,35
38.25,D8_a-Methyl-D_Galactoside,36
38.5,D8_a-Methyl-D_Galactoside,33
38.75,D8_a-Methyl-D_Galactoside,34
39.0,D8_a-Methyl-D_Galactoside,34
39.25,D8_a-Methyl-D_Galactoside,38
39.5,D8_a-Methyl-D_Galactoside,35
39.75,D8_a-Methyl-D_Galactoside,32
40.0,D8_a-Methyl-D_Galactoside,32
40.25,D8_a-Methyl-D_Galactoside,32
40.5,D8_a-Methyl-D_Galactoside,35
40.75,D8_a-Methyl-D_Galactoside,33
41.0,D8_a-Methyl-D_Galactoside,33
41.25,D8_a-Methyl-D_Galactoside,34
41.5,D8_a-Methyl-D_Galactoside,32
41.75,D8_a-Methyl-D_Galactoside,38
42.0,D8_a-Methyl-D_Galactoside,33
42.25,D8_a-Methyl-D_Galactoside,33
42.5,D8_a-Methyl-D_Galactoside,35
42.75,D8_a-Methyl-D_Galactoside,35
43.0,D8_a-Methyl-D_Galactoside,35
43.25,D8_a-Methyl-D_Galactoside,33
43.5,D8_a-Methyl-D_Galactoside,34
43.75,D8_a-Methyl-D_Galactoside,33
44.0,D8_a-Methyl-D_Galactoside,36
44.25,D8_a-Methyl-D_Galactoside,32
44.5,D8_a-Methyl-D_Galactoside,33
44.75,D8_a-Methyl-D_Galactoside,31
45.0,D8_a-Methyl-D_Galactoside,30
45.25,D8_a-Methyl-D_Galactoside,36
45.5,D8_a-Methyl-D_Galactoside,35
45.75,D8_a-Methyl-D_Galactoside,33
46.0,D8_a-Methyl-D_Galactoside,35
46.25,D8_a-Methyl-D_Galactoside,35
46.5,D8_a-Methyl-D_Galactoside,32
46.75,D8_a-Methyl-D_Galactoside,35
47.0,D8_a-Methyl-D_Galactoside,36
47.25,D8_a-Methyl-D_Galactoside,33
47.5,D8_a-Methyl-D_Galactoside,0
0.0,D9_a-D-Lactose,26
0.25,D9_a-D-Lactose,11
0.5,D9_a-D-Lactose,11
0.75,D9_a-D-Lactose,12
1.0,D9_a-D-Lactose,11
1.25,D9_a-D-Lactose,12
1.5,D9_a-D-Lactose,11
1.75,D9_a-D-Lactose,16
2.0,D9_a-D-Lactose,14
2.25,D9_a-D-Lactose,11
2.5,D9_a-D-Lactose,11
2.75,D9_a-D-Lactose,11
3.0,D9_a-D-Lactose,11
3.25,D9_a-D-Lactose,12
3.5,D9_a-D-Lactose,12
3.75,D9_a-D-Lactose,12
4.0,D9_a-D-Lactose,12
4.25,D9_a-D-Lactose,13
4.5,D9_a-D-Lactose,14
4.75,D9_a-D-Lactose,13
5.0,D9_a-D-Lactose,11
5.25,D9_a-D-Lactose,15
5.5,D9_a-D-Lactose,18
5.75,D9_a-D-Lactose,22
6.0,D9_a-D-Lactose,19
6.25,D9_a-D-Lactose,19
6.5,D9_a-D-Lactose,20
6.75,D9_a-D-Lactose,25
7.0,D9_a-D-Lactose,22
7.25,D9_a-D-Lactose,24
7.5,D9_a-D-Lactose,24
7.75,D9_a-D-Lactose,27
8.0,D9_a-D-Lactose,27
8.25,D9_a-D-Lactose,26
8.5,D9_a-D-Lactose,29
8.75,D9_a-D-Lactose,30
9.0,D9_a-D-Lactose,38
9.25,D9_a-D-Lactose,34
9.5,D9_a-D-Lactose,41
9.75,D9_a-D-Lactose,38
10.0,D9_a-D-Lactose,47
10.25,D9_a-D-Lactose,45
10.5,D9_a-D-Lactose,47
10.75,D9_a-D-Lactose,48
11.0,D9_a-D-Lactose,57
11.25,D9_a-D-Lactose,55
11.5,D9_a-D-Lactose,61
11.75,D9_a-D-Lactose,62
12.0,D9_a-D-Lactose,63
12.25,D9_a-D-Lactose,71
12.5,D9_a-D-Lactose,74
12.75,D9_a-D-Lactose,82
13.0,D9_a-D-Lactose,79
13.25,D9_a-D-Lactose,81
13.5,D9_a-D-Lactose,86
13.75,D9_a-D-Lactose,92
14.0,D9_a-D-Lactose,91
14.25,D9_a-D-Lactose,99
14.5,D9_a-D-Lactose,106
14.75,D9_a-D-Lactose,110
15.0,D9_a-D-Lactose,116
15.25,D9_a-D-Lactose,120
15.5,D9_a-D-Lactose,126
15.75,D9_a-D-Lactose,128
16.0,D9_a-D-Lactose,135
16.25,D9_a-D-Lactose,136
16.5,D9_a-D-Lactose,140
16.75,D9_a-D-Lactose,146
17.0,D9_a-D-Lactose,152
17.25,D9_a-D-Lactose,158
17.5,D9_a-D-Lactose,157
17.75,D9_a-D-Lactose,165
18.0,D9_a-D-Lactose,173
18.25,D9_a-D-Lactose,175
18.5,D9_a-D-Lactose,180
18.75,D9_a-D-Lactose,184
19.0,D9_a-D-Lactose,188
19.25,D9_a-D-Lactose,192
19.5,D9_a-D-Lactose,192
19.75,D9_a-D-Lactose,197
20.0,D9_a-D-Lactose,204
20.25,D9_a-D-Lactose,205
20.5,D9_a-D-Lactose,208
20.75,D9_a-D-Lactose,214
21.0,D9_a-D-Lactose,216
21.25,D9_a-D-Lactose,217
21.5,D9_a-D-Lactose,222
21.75,D9_a-D-Lactose,225
22.0,D9_a-D-Lactose,230
22.25,D9_a-D-Lactose,232
22.5,D9_a-D-Lactose,232
22.75,D9_a-D-Lactose,234
23.0,D9_a-D-Lactose,237
23.25,D9_a-D-Lactose,238
23.5,D9_a-D-Lactose,239
23.75,D9_a-D-Lactose,244
24.0,D9_a-D-Lactose,243
24.25,D9_a-D-Lactose,245
24.5,D9_a-D-Lactose,251
24.75,D9_a-D-Lactose,250
25.0,D9_a-D-Lactose,253
25.25,D9_a-D-Lactose,256
25.5,D9_a-D-Lactose,254
25.75,D9_a-D-Lactose,255
26.0,D9_a-D-Lactose,254
26.25,D9_a-D-Lactose,253
26.5,D9_a-D-Lactose,255
26.75,D9_a-D-Lactose,261
27.0,D9_a-D-Lactose,261
27.25,D9_a-D-Lactose,263
27.5,D9_a-D-Lactose,262
27.75,D9_a-D-Lactose,261
28.0,D9_a-D-Lactose,262
28.25,D9_a-D-Lactose,265
28.5,D9_a-D-Lactose,264
28.75,D9_a-D-Lactose,265
29.0,D9_a-D-Lactose,267
29.25,D9_a-D-Lactose,265
29.5,D9_a-D-Lactose,267
29.75,D9_a-D-Lactose,263
30.0,D9_a-D-Lactose,267
30.25,D9_a-D-Lactose,267
30.5,D9_a-D-Lactose,270
30.75,D9_a-D-Lactose,270
31.0,D9_a-D-Lactose,268
31.25,D9_a-D-Lactose,267
31.5,D9_a-D-Lactose,270
31.75,D9_a-D-Lactose,268
32.0,D9_a-D-Lactose,271
32.25,D9_a-D-Lactose,270
32.5,D9_a-D-Lactose,269
32.75,D9_a-D-Lactose,273
33.0,D9_a-D-Lactose,273
33.25,D9_a-D-Lactose,274
33.5,D9_a-D-Lactose,275
33.75,D9_a-D-Lactose,271
34.0,D9_a-D-Lactose,272
34.25,D9_a-D-Lactose,275
34.5,D9_a-D-Lactose,275
34.75,D9_a-D-Lactose,274
35.0,D9_a-D-Lactose,276
35.25,D9_a-D-Lactose,277
35.5,D9_a-D-Lactose,282
35.75,D9_a-D-Lactose,282
36.0,D9_a-D-Lactose,282
36.25,D9_a-D-Lactose,282
36.5,D9_a-D-Lactose,281
36.75,D9_a-D-Lactose,279
37.0,D9_a-D-Lactose,274
37.25,D9_a-D-Lactose,277
37.5,D9_a-D-Lactose,275
37.75,D9_a-D-Lactose,279
38.0,D9_a-D-Lactose,280
38.25,D9_a-D-Lactose,276
38.5,D9_a-D-Lactose,275
38.75,D9_a-D-Lactose,278
39.0,D9_a-D-Lactose,282
39.25,D9_a-D-Lactose,279
39.5,D9_a-D-Lactose,281
39.75,D9_a-D-Lactose,284
40.0,D9_a-D-Lactose,285
40.25,D9_a-D-Lactose,283
40.5,D9_a-D-Lactose,283
40.75,D9_a-D-Lactose,282
41.0,D9_a-D-Lactose,285
41.25,D9_a-D-Lactose,285
41.5,D9_a-D-Lactose,285
41.75,D9_a-D-Lactose,286
42.0,D9_a-D-Lactose,287
42.25,D9_a-D-Lactose,285
42.5,D9_a-D-Lactose,284
42.75,D9_a-D-Lactose,281
43.0,D9_a-D-Lactose,286
43.25,D9_a-D-Lactose,280
43.5,D9_a-D-Lactose,284
43.75,D9_a-D-Lactose,285
44.0,D9_a-D-Lactose,286
44.25,D9_a-D-Lactose,286
44.5,D9_a-D-Lactose,284
44.75,D9_a-D-Lactose,284
45.0,D9_a-D-Lactose,284
45.25,D9_a-D-Lactose,284
45.5,D9_a-D-Lactose,282
45.75,D9_a-D-Lactose,280
46.0,D9_a-D-Lactose,285
46.25,D9_a-D-Lactose,283
46.5,D9_a-D-Lactose,284
46.75,D9_a-D-Lactose,282
47.0,D9_a-D-Lactose,285
47.25,D9_a-D-Lactose,282
47.5,D9_a-D-Lactose,0
0.0,D10_Lactulose,47
0.25,D10_Lactulose,32
0.5,D10_Lactulose,11
0.75,D10_Lactulose,11
1.0,D10_Lactulose,11
1.25,D10_Lactulose,11
1.5,D10_Lactulose,14
1.75,D10_Lactulose,11
2.0,D10_Lactulose,11
2.25,D10_Lactulose,11
2.5,D10_Lactulose,11
2.75,D10_Lactulose,11
3.0,D10_Lactulose,11
3.25,D10_Lactulose,11
3.5,D10_Lactulose,11
3.75,D10_Lactulose,11
4.0,D10_Lactulose,11
4.25,D10_Lactulose,11
4.5,D10_Lactulose,11
4.75,D10_Lactulose,11
5.0,D10_Lactulose,11
5.25,D10_Lactulose,15
5.5,D10_Lactulose,15
5.75,D10_Lactulose,15
6.0,D10_Lactulose,14
6.25,D10_Lactulose,15
6.5,D10_Lactulose,20
6.75,D10_Lactulose,18
7.0,D10_Lactulose,20
7.25,D10_Lactulose,20
7.5,D10_Lactulose,18
7.75,D10_Lactulose,21
8.0,D10_Lactulose,23
8.25,D10_Lactulose,19
8.5,D10_Lactulose,18
8.75,D10_Lactulose,15
9.0,D10_Lactulose,23
9.25,D10_Lactulose,21
9.5,D10_Lactulose,17
9.75,D10_Lactulose,21
10.0,D10_Lactulose,20
10.25,D10_Lactulose,21
10.5,D10_Lactulose,22
10.75,D10_Lactulose,24
11.0,D10_Lactulose,19
11.25,D10_Lactulose,30
11.5,D10_Lactulose,26
11.75,D10_Lactulose,28
12.0,D10_Lactulose,28
12.25,D10_Lactulose,24
12.5,D10_Lactulose,29
12.75,D10_Lactulose,29
13.0,D10_Lactulose,30
13.25,D10_Lactulose,23
13.5,D10_Lactulose,31
13.75,D10_Lactulose,28
14.0,D10_Lactulose,33
14.25,D10_Lactulose,34
14.5,D10_Lactulose,30
14.75,D10_Lactulose,34
15.0,D10_Lactulose,38
15.25,D10_Lactulose,37
15.5,D10_Lactulose,37
15.75,D10_Lactulose,41
16.0,D10_Lactulose,41
16.25,D10_Lactulose,47
16.5,D10_Lactulose,49
16.75,D10_Lactulose,53
17.0,D10_Lactulose,57
17.25,D10_Lactulose,60
17.5,D10_Lactulose,59
17.75,D10_Lactulose,67
18.0,D10_Lactulose,75
18.25,D10_Lactulose,77
18.5,D10_Lactulose,85
18.75,D10_Lactulose,89
19.0,D10_Lactulose,93
19.25,D10_Lactulose,102
19.5,D10_Lactulose,101
19.75,D10_Lactulose,111
20.0,D10_Lactulose,115
20.25,D10_Lactulose,114
20.5,D10_Lactulose,125
20.75,D10_Lactulose,125
21.0,D10_Lactulose,128
21.25,D10_Lactulose,136
21.5,D10_Lactulose,146
21.75,D10_Lactulose,150
22.0,D10_Lactulose,154
22.25,D10_Lactulose,163
22.5,D10_Lactulose,161
22.75,D10_Lactulose,167
23.0,D10_Lactulose,175
23.25,D10_Lactulose,182
23.5,D10_Lactulose,181
23.75,D10_Lactulose,187
24.0,D10_Lactulose,190
24.25,D10_Lactulose,196
24.5,D10_Lactulose,199
24.75,D10_Lactulose,204
25.0,D10_Lactulose,206
25.25,D10_Lactulose,212
25.5,D10_Lactulose,214
25.75,D10_Lactulose,218
26.0,D10_Lactulose,220
26.25,D10_Lactulose,223
26.5,D10_Lactulose,227
26.75,D10_Lactulose,225
27.0,D10_Lactulose,234
27.25,D10_Lactulose,236
27.5,D10_Lactulose,232
27.75,D10_Lactulose,238
28.0,D10_Lactulose,238
28.25,D10_Lactulose,242
28.5,D10_Lactulose,243
28.75,D10_Lactulose,244
29.0,D10_Lactulose,247
29.25,D10_Lactulose,243
29.5,D10_Lactulose,249
29.75,D10_Lactulose,249
30.0,D10_Lactulose,250
30.25,D10_Lactulose,252
30.5,D10_Lactulose,253
30.75,D10_Lactulose,252
31.0,D10_Lactulose,254
31.25,D10_Lactulose,255
31.5,D10_Lactulose,259
31.75,D10_Lactulose,258
32.0,D10_Lactulose,259
32.25,D10_Lactulose,259
32.5,D10_Lactulose,260
32.75,D10_Lactulose,261
33.0,D10_Lactulose,260
33.25,D10_Lactulose,261
33.5,D10_Lactulose,259
33.75,D10_Lactulose,263
34.0,D10_Lactulose,264
34.25,D10_Lactulose,260
34.5,D10_Lactulose,259
34.75,D10_Lactulose,263
35.0,D10_Lactulose,262
35.25,D10_Lactulose,264
35.5,D10_Lactulose,268
35.75,D10_Lactulose,263
36.0,D10_Lactulose,267
36.25,D10_Lactulose,265
36.5,D10_Lactulose,266
36.75,D10_Lactulose,266
37.0,D10_Lactulose,265
37.25,D10_Lactulose,268
37.5,D10_Lactulose,266
37.75,D10_Lactulose,268
38.0,D10_Lactulose,267
38.25,D10_Lactulose,269
38.5,D10_Lactulose,271
38.75,D10_Lactulose,267
39.0,D10_Lactulose,268
39.25,D10_Lactulose,269
39.5,D10_Lactulose,270
39.75,D10_Lactulose,272
40.0,D10_Lactulose,269
40.25,D10_Lactulose,268
40.5,D10_Lactulose,273
40.75,D10_Lactulose,270
41.0,D10_Lactulose,272
41.25,D10_Lactulose,273
41.5,D10_Lactulose,271
41.75,D10_Lactulose,271
42.0,D10_Lactulose,273
42.25,D10_Lactulose,274
42.5,D10_Lactulose,276
42.75,D10_Lactulose,274
43.0,D10_Lactulose,277
43.25,D10_Lactulose,273
43.5,D10_Lactulose,275
43.75,D10_Lactulose,275
44.0,D10_Lactulose,278
44.25,D10_Lactulose,276
44.5,D10_Lactulose,276
44.75,D10_Lactulose,276
45.0,D10_Lactulose,276
45.25,D10_Lactulose,277
45.5,D10_Lactulose,279
45.75,D10_Lactulose,281
46.0,D10_Lactulose,279
46.25,D10_Lactulose,281
46.5,D10_Lactulose,279
46.75,D10_Lactulose,280
47.0,D10_Lactulose,282
47.25,D10_Lactulose,280
47.5,D10_Lactulose,0
0.0,D11_Sucrose,16
0.25,D11_Sucrose,15
0.5,D11_Sucrose,13
0.75,D11_Sucrose,13
1.0,D11_Sucrose,12
1.25,D11_Sucrose,15
1.5,D11_Sucrose,15
1.75,D11_Sucrose,13
2.0,D11_Sucrose,18
2.25,D11_Sucrose,14
2.5,D11_Sucrose,11
2.75,D11_Sucrose,14
3.0,D11_Sucrose,13
3.25,D11_Sucrose,13
3.5,D11_Sucrose,12
3.75,D11_Sucrose,17
4.0,D11_Sucrose,18
4.25,D11_Sucrose,22
4.5,D11_Sucrose,20
4.75,D11_Sucrose,20
5.0,D11_Sucrose,24
5.25,D11_Sucrose,25
5.5,D11_Sucrose,28
5.75,D11_Sucrose,28
6.0,D11_Sucrose,23
6.25,D11_Sucrose,32
6.5,D11_Sucrose,31
6.75,D11_Sucrose,29
7.0,D11_Sucrose,31
7.25,D11_Sucrose,31
7.5,D11_Sucrose,37
7.75,D11_Sucrose,36
8.0,D11_Sucrose,37
8.25,D11_Sucrose,31
8.5,D11_Sucrose,39
8.75,D11_Sucrose,33
9.0,D11_Sucrose,35
9.25,D11_Sucrose,35
9.5,D11_Sucrose,37
9.75,D11_Sucrose,38
10.0,D11_Sucrose,35
10.25,D11_Sucrose,34
10.5,D11_Sucrose,37
10.75,D11_Sucrose,38
11.0,D11_Sucrose,34
11.25,D11_Sucrose,38
11.5,D11_Sucrose,36
11.75,D11_Sucrose,37
12.0,D11_Sucrose,39
12.25,D11_Sucrose,37
12.5,D11_Sucrose,43
12.75,D11_Sucrose,44
13.0,D11_Sucrose,41
13.25,D11_Sucrose,36
13.5,D11_Sucrose,37
13.75,D11_Sucrose,39
14.0,D11_Sucrose,40
14.25,D11_Sucrose,37
14.5,D11_Sucrose,39
14.75,D11_Sucrose,41
15.0,D11_Sucrose,39
15.25,D11_Sucrose,44
15.5,D11_Sucrose,39
15.75,D11_Sucrose,42
16.0,D11_Sucrose,41
16.25,D11_Sucrose,43
16.5,D11_Sucrose,42
16.75,D11_Sucrose,44
17.0,D11_Sucrose,40
17.25,D11_Sucrose,43
17.5,D11_Sucrose,39
17.75,D11_Sucrose,42
18.0,D11_Sucrose,46
18.25,D11_Sucrose,43
18.5,D11_Sucrose,47
18.75,D11_Sucrose,38
19.0,D11_Sucrose,41
19.25,D11_Sucrose,43
19.5,D11_Sucrose,43
19.75,D11_Sucrose,45
20.0,D11_Sucrose,45
20.25,D11_Sucrose,49
20.5,D11_Sucrose,47
20.75,D11_Sucrose,48
21.0,D11_Sucrose,44
21.25,D11_Sucrose,42
21.5,D11_Sucrose,43
21.75,D11_Sucrose,45
22.0,D11_Sucrose,44
22.25,D11_Sucrose,45
22.5,D11_Sucrose,49
22.75,D11_Sucrose,44
23.0,D11_Sucrose,47
23.25,D11_Sucrose,48
23.5,D11_Sucrose,46
23.75,D11_Sucrose,43
24.0,D11_Sucrose,46
24.25,D11_Sucrose,41
24.5,D11_Sucrose,50
24.75,D11_Sucrose,47
25.0,D11_Sucrose,47
25.25,D11_Sucrose,49
25.5,D11_Sucrose,50
25.75,D11_Sucrose,47
26.0,D11_Sucrose,46
26.25,D11_Sucrose,48
26.5,D11_Sucrose,46
26.75,D11_Sucrose,48
27.0,D11_Sucrose,52
27.25,D11_Sucrose,45
27.5,D11_Sucrose,47
27.75,D11_Sucrose,47
28.0,D11_Sucrose,53
28.25,D11_Sucrose,46
28.5,D11_Sucrose,48
28.75,D11_Sucrose,45
29.0,D11_Sucrose,50
29.25,D11_Sucrose,48
29.5,D11_Sucrose,48
29.75,D11_Sucrose,43
30.0,D11_Sucrose,47
30.25,D11_Sucrose,48
30.5,D11_Sucrose,51
30.75,D11_Sucrose,48
31.0,D11_Sucrose,47
31.25,D11_Sucrose,47
31.5,D11_Sucrose,43
31.75,D11_Sucrose,47
32.0,D11_Sucrose,47
32.25,D11_Sucrose,47
32.5,D11_Sucrose,46
32.75,D11_Sucrose,48
33.0,D11_Sucrose,48
33.25,D11_Sucrose,48
33.5,D11_Sucrose,50
33.75,D11_Sucrose,51
34.0,D11_Sucrose,48
34.25,D11_Sucrose,49
34.5,D11_Sucrose,49
34.75,D11_Sucrose,47
35.0,D11_Sucrose,49
35.25,D11_Sucrose,45
35.5,D11_Sucrose,51
35.75,D11_Sucrose,49
36.0,D11_Sucrose,44
36.25,D11_Sucrose,44
36.5,D11_Sucrose,52
36.75,D11_Sucrose,53
37.0,D11_Sucrose,49
37.25,D11_Sucrose,50
37.5,D11_Sucrose,48
37.75,D11_Sucrose,49
38.0,D11_Sucrose,50
38.25,D11_Sucrose,51
38.5,D11_Sucrose,53
38.75,D11_Sucrose,51
39.0,D11_Sucrose,50
39.25,D11_Sucrose,50
39.5,D11_Sucrose,46
39.75,D11_Sucrose,48
40.0,D11_Sucrose,47
40.25,D11_Sucrose,45
40.5,D11_Sucrose,49
40.75,D11_Sucrose,52
41.0,D11_Sucrose,49
41.25,D11_Sucrose,49
41.5,D11_Sucrose,53
41.75,D11_Sucrose,47
42.0,D11_Sucrose,49
42.25,D11_Sucrose,48
42.5,D11_Sucrose,47
42.75,D11_Sucrose,49
43.0,D11_Sucrose,45
43.25,D11_Sucrose,49
43.5,D11_Sucrose,47
43.75,D11_Sucrose,49
44.0,D11_Sucrose,51
44.25,D11_Sucrose,45
44.5,D11_Sucrose,50
44.75,D11_Sucrose,51
45.0,D11_Sucrose,49
45.25,D11_Sucrose,47
45.5,D11_Sucrose,45
45.75,D11_Sucrose,48
46.0,D11_Sucrose,48
46.25,D11_Sucrose,51
46.5,D11_Sucrose,48
46.75,D11_Sucrose,50
47.0,D11_Sucrose,47
47.25,D11_Sucrose,50
47.5,D11_Sucrose,0
0.0,D12_Uridine,21
0.25,D12_Uridine,27
0.5,D12_Uridine,33
0.75,D12_Uridine,35
1.0,D12_Uridine,30
1.25,D12_Uridine,30
1.5,D12_Uridine,30
1.75,D12_Uridine,27
2.0,D12_Uridine,33
2.25,D12_Uridine,25
2.5,D12_Uridine,27
2.75,D12_Uridine,24
3.0,D12_Uridine,26
3.25,D12_Uridine,24
3.5,D12_Uridine,25
3.75,D12_Uridine,21
4.0,D12_Uridine,21
4.25,D12_Uridine,28
4.5,D12_Uridine,28
4.75,D12_Uridine,25
5.0,D12_Uridine,26
5.25,D12_Uridine,28
5.5,D12_Uridine,27
5.75,D12_Uridine,34
6.0,D12_Uridine,30
6.25,D12_Uridine,30
6.5,D12_Uridine,36
6.75,D12_Uridine,36
7.0,D12_Uridine,34
7.25,D12_Uridine,32
7.5,D12_Uridine,35
7.75,D12_Uridine,36
8.0,D12_Uridine,36
8.25,D12_Uridine,33
8.5,D12_Uridine,36
8.75,D12_Uridine,33
9.0,D12_Uridine,37
9.25,D12_Uridine,37
9.5,D12_Uridine,36
9.75,D12_Uridine,36
10.0,D12_Uridine,37
10.25,D12_Uridine,37
10.5,D12_Uridine,41
10.75,D12_Uridine,38
11.0,D12_Uridine,34
11.25,D12_Uridine,35
11.5,D12_Uridine,35
11.75,D12_Uridine,36
12.0,D12_Uridine,36
12.25,D12_Uridine,39
12.5,D12_Uridine,38
12.75,D12_Uridine,41
13.0,D12_Uridine,36
13.25,D12_Uridine,37
13.5,D12_Uridine,36
13.75,D12_Uridine,40
14.0,D12_Uridine,39
14.25,D12_Uridine,41
14.5,D12_Uridine,40
14.75,D12_Uridine,42
15.0,D12_Uridine,43
15.25,D12_Uridine,37
15.5,D12_Uridine,45
15.75,D12_Uridine,43
16.0,D12_Uridine,43
16.25,D12_Uridine,45
16.5,D12_Uridine,43
16.75,D12_Uridine,43
17.0,D12_Uridine,47
17.25,D12_Uridine,44
17.5,D12_Uridine,45
17.75,D12_Uridine,44
18.0,D12_Uridine,45
18.25,D12_Uridine,46
18.5,D12_Uridine,48
18.75,D12_Uridine,48
19.0,D12_Uridine,47
19.25,D12_Uridine,47
19.5,D12_Uridine,44
19.75,D12_Uridine,45
20.0,D12_Uridine,47
20.25,D12_Uridine,43
20.5,D12_Uridine,45
20.75,D12_Uridine,49
21.0,D12_Uridine,47
21.25,D12_Uridine,43
21.5,D12_Uridine,48
21.75,D12_Uridine,50
22.0,D12_Uridine,50
22.25,D12_Uridine,48
22.5,D12_Uridine,48
22.75,D12_Uridine,46
23.0,D12_Uridine,50
23.25,D12_Uridine,46
23.5,D12_Uridine,46
23.75,D12_Uridine,49
24.0,D12_Uridine,46
24.25,D12_Uridine,46
24.5,D12_Uridine,48
24.75,D12_Uridine,51
25.0,D12_Uridine,46
25.25,D12_Uridine,50
25.5,D12_Uridine,51
25.75,D12_Uridine,47
26.0,D12_Uridine,49
26.25,D12_Uridine,47
26.5,D12_Uridine,51
26.75,D12_Uridine,51
27.0,D12_Uridine,56
27.25,D12_Uridine,48
27.5,D12_Uridine,52
27.75,D12_Uridine,53
28.0,D12_Uridine,53
28.25,D12_Uridine,49
28.5,D12_Uridine,53
28.75,D12_Uridine,50
29.0,D12_Uridine,53
29.25,D12_Uridine,52
29.5,D12_Uridine,53
29.75,D12_Uridine,54
30.0,D12_Uridine,48
30.25,D12_Uridine,50
30.5,D12_Uridine,54
30.75,D12_Uridine,52
31.0,D12_Uridine,55
31.25,D12_Uridine,54
31.5,D12_Uridine,58
31.75,D12_Uridine,55
32.0,D12_Uridine,58
32.25,D12_Uridine,54
32.5,D12_Uridine,57
32.75,D12_Uridine,55
33.0,D12_Uridine,51
33.25,D12_Uridine,53
33.5,D12_Uridine,53
33.75,D12_Uridine,55
34.0,D12_Uridine,55
34.25,D12_Uridine,59
34.5,D12_Uridine,63
34.75,D12_Uridine,54
35.0,D12_Uridine,58
35.25,D12_Uridine,55
35.5,D12_Uridine,60
35.75,D12_Uridine,59
36.0,D12_Uridine,59
36.25,D12_Uridine,58
36.5,D12_Uridine,59
36.75,D12_Uridine,61
37.0,D12_Uridine,60
37.25,D12_Uridine,58
37.5,D12_Uridine,58
37.75,D12_Uridine,63
38.0,D12_Uridine,59
38.25,D12_Uridine,62
38.5,D12_Uridine,65
38.75,D12_Uridine,58
39.0,D12_Uridine,60
39.25,D12_Uridine,64
39.5,D12_Uridine,65
39.75,D12_Uridine,61
40.0,D12_Uridine,59
40.25,D12_Uridine,63
40.5,D12_Uridine,60
40.75,D12_Uridine,61
41.0,D12_Uridine,63
41.25,D12_Uridine,56
41.5,D12_Uridine,62
41.75,D12_Uridine,61
42.0,D12_Uridine,61
42.25,D12_Uridine,58
42.5,D12_Uridine,60
42.75,D12_Uridine,62
43.0,D12_Uridine,65
43.25,D12_Uridine,63
43.5,D12_Uridine,67
43.75,D12_Uridine,64
44.0,D12_Uridine,64
44.25,D12_Uridine,60
44.5,D12_Uridine,65
44.75,D12_Uridine,65
45.0,D12_Uridine,61
45.25,D12_Uridine,63
45.5,D12_Uridine,64
45.75,D12_Uridine,63
46.0,D12_Uridine,62
46.25,D12_Uridine,65
46.5,D12_Uridine,67
46.75,D12_Uridine,66
47.0,D12_Uridine,68
47.25,D12_Uridine,64
47.5,D12_Uridine,0
0.0,E1_L-Glutamine,15
0.25,E1_L-Glutamine,11
0.5,E1_L-Glutamine,24
0.75,E1_L-Glutamine,17
1.0,E1_L-Glutamine,14
1.25,E1_L-Glutamine,17
1.5,E1_L-Glutamine,16
1.75,E1_L-Glutamine,14
2.0,E1_L-Glutamine,20
2.25,E1_L-Glutamine,17
2.5,E1_L-Glutamine,14
2.75,E1_L-Glutamine,17
3.0,E1_L-Glutamine,20
3.25,E1_L-Glutamine,19
3.5,E1_L-Glutamine,18
3.75,E1_L-Glutamine,19
4.0,E1_L-Glutamine,17
4.25,E1_L-Glutamine,20
4.5,E1_L-Glutamine,18
4.75,E1_L-Glutamine,23
5.0,E1_L-Glutamine,23
5.25,E1_L-Glutamine,31
5.5,E1_L-Glutamine,24
5.75,E1_L-Glutamine,30
6.0,E1_L-Glutamine,33
6.25,E1_L-Glutamine,35
6.5,E1_L-Glutamine,29
6.75,E1_L-Glutamine,32
7.0,E1_L-Glutamine,33
7.25,E1_L-Glutamine,37
7.5,E1_L-Glutamine,37
7.75,E1_L-Glutamine,41
8.0,E1_L-Glutamine,40
8.25,E1_L-Glutamine,39
8.5,E1_L-Glutamine,41
8.75,E1_L-Glutamine,40
9.0,E1_L-Glutamine,44
9.25,E1_L-Glutamine,44
9.5,E1_L-Glutamine,42
9.75,E1_L-Glutamine,45
10.0,E1_L-Glutamine,47
10.25,E1_L-Glutamine,46
10.5,E1_L-Glutamine,48
10.75,E1_L-Glutamine,50
11.0,E1_L-Glutamine,49
11.25,E1_L-Glutamine,50
11.5,E1_L-Glutamine,50
11.75,E1_L-Glutamine,54
12.0,E1_L-Glutamine,54
12.25,E1_L-Glutamine,60
12.5,E1_L-Glutamine,61
12.75,E1_L-Glutamine,62
13.0,E1_L-Glutamine,64
13.25,E1_L-Glutamine,62
13.5,E1_L-Glutamine,68
13.75,E1_L-Glutamine,66
14.0,E1_L-Glutamine,71
14.25,E1_L-Glutamine,72
14.5,E1_L-Glutamine,73
14.75,E1_L-Glutamine,76
15.0,E1_L-Glutamine,80
15.25,E1_L-Glutamine,80
15.5,E1_L-Glutamine,85
15.75,E1_L-Glutamine,86
16.0,E1_L-Glutamine,88
16.25,E1_L-Glutamine,89
16.5,E1_L-Glutamine,94
16.75,E1_L-Glutamine,99
17.0,E1_L-Glutamine,100
17.25,E1_L-Glutamine,102
17.5,E1_L-Glutamine,105
17.75,E1_L-Glutamine,107
18.0,E1_L-Glutamine,113
18.25,E1_L-Glutamine,114
18.5,E1_L-Glutamine,116
18.75,E1_L-Glutamine,123
19.0,E1_L-Glutamine,124
19.25,E1_L-Glutamine,126
19.5,E1_L-Glutamine,130
19.75,E1_L-Glutamine,136
20.0,E1_L-Glutamine,141
20.25,E1_L-Glutamine,145
20.5,E1_L-Glutamine,147
20.75,E1_L-Glutamine,155
21.0,E1_L-Glutamine,152
21.25,E1_L-Glutamine,153
21.5,E1_L-Glutamine,160
21.75,E1_L-Glutamine,163
22.0,E1_L-Glutamine,169
22.25,E1_L-Glutamine,179
22.5,E1_L-Glutamine,179
22.75,E1_L-Glutamine,185
23.0,E1_L-Glutamine,190
23.25,E1_L-Glutamine,193
23.5,E1_L-Glutamine,194
23.75,E1_L-Glutamine,195
24.0,E1_L-Glutamine,206
24.25,E1_L-Glutamine,211
24.5,E1_L-Glutamine,212
24.75,E1_L-Glutamine,216
25.0,E1_L-Glutamine,216
25.25,E1_L-Glutamine,221
25.5,E1_L-Glutamine,222
25.75,E1_L-Glutamine,222
26.0,E1_L-Glutamine,224
26.25,E1_L-Glutamine,229
26.5,E1_L-Glutamine,228
26.75,E1_L-Glutamine,232
27.0,E1_L-Glutamine,232
27.25,E1_L-Glutamine,235
27.5,E1_L-Glutamine,235
27.75,E1_L-Glutamine,236
28.0,E1_L-Glutamine,239
28.25,E1_L-Glutamine,241
28.5,E1_L-Glutamine,241
28.75,E1_L-Glutamine,244
29.0,E1_L-Glutamine,244
29.25,E1_L-Glutamine,243
29.5,E1_L-Glutamine,246
29.75,E1_L-Glutamine,246
30.0,E1_L-Glutamine,246
30.25,E1_L-Glutamine,246
30.5,E1_L-Glutamine,249
30.75,E1_L-Glutamine,248
31.0,E1_L-Glutamine,247
31.25,E1_L-Glutamine,250
31.5,E1_L-Glutamine,251
31.75,E1_L-Glutamine,248
32.0,E1_L-Glutamine,251
32.25,E1_L-Glutamine,253
32.5,E1_L-Glutamine,250
32.75,E1_L-Glutamine,251
33.0,E1_L-Glutamine,252
33.25,E1_L-Glutamine,252
33.5,E1_L-Glutamine,253
33.75,E1_L-Glutamine,251
34.0,E1_L-Glutamine,251
34.25,E1_L-Glutamine,251
34.5,E1_L-Glutamine,252
34.75,E1_L-Glutamine,250
35.0,E1_L-Glutamine,246
35.25,E1_L-Glutamine,248
35.5,E1_L-Glutamine,250
35.75,E1_L-Glutamine,247
36.0,E1_L-Glutamine,248
36.25,E1_L-Glutamine,250
36.5,E1_L-Glutamine,251
36.75,E1_L-Glutamine,249
37.0,E1_L-Glutamine,249
37.25,E1_L-Glutamine,249
37.5,E1_L-Glutamine,253
37.75,E1_L-Glutamine,252
38.0,E1_L-Glutamine,250
38.25,E1_L-Glutamine,252
38.5,E1_L-Glutamine,252
38.75,E1_L-Glutamine,249
39.0,E1_L-Glutamine,252
39.25,E1_L-Glutamine,253
39.5,E1_L-Glutamine,256
39.75,E1_L-Glutamine,252
40.0,E1_L-Glutamine,253
40.25,E1_L-Glutamine,258
40.5,E1_L-Glutamine,259
40.75,E1_L-Glutamine,254
41.0,E1_L-Glutamine,260
41.25,E1_L-Glutamine,257
41.5,E1_L-Glutamine,256
41.75,E1_L-Glutamine,261
42.0,E1_L-Glutamine,260
42.25,E1_L-Glutamine,262
42.5,E1_L-Glutamine,258
42.75,E1_L-Glutamine,260
43.0,E1_L-Glutamine,261
43.25,E1_L-Glutamine,256
43.5,E1_L-Glutamine,262
43.75,E1_L-Glutamine,261
44.0,E1_L-Glutamine,263
44.25,E1_L-Glutamine,262
44.5,E1_L-Glutamine,265
44.75,E1_L-Glutamine,259
45.0,E1_L-Glutamine,259
45.25,E1_L-Glutamine,260
45.5,E1_L-Glutamine,259
45.75,E1_L-Glutamine,258
46.0,E1_L-Glutamine,260
46.25,E1_L-Glutamine,259
46.5,E1_L-Glutamine,257
46.75,E1_L-Glutamine,259
47.0,E1_L-Glutamine,258
47.25,E1_L-Glutamine,259
47.5,E1_L-Glutamine,0
0.0,E2_m-Tartaric_Acid,38
0.25,E2_m-Tartaric_Acid,36
0.5,E2_m-Tartaric_Acid,21
0.75,E2_m-Tartaric_Acid,11
1.0,E2_m-Tartaric_Acid,11
1.25,E2_m-Tartaric_Acid,11
1.5,E2_m-Tartaric_Acid,11
1.75,E2_m-Tartaric_Acid,11
2.0,E2_m-Tartaric_Acid,11
2.25,E2_m-Tartaric_Acid,11
2.5,E2_m-Tartaric_Acid,11
2.75,E2_m-Tartaric_Acid,11
3.0,E2_m-Tartaric_Acid,11
3.25,E2_m-Tartaric_Acid,11
3.5,E2_m-Tartaric_Acid,11
3.75,E2_m-Tartaric_Acid,11
4.0,E2_m-Tartaric_Acid,11
4.25,E2_m-Tartaric_Acid,11
4.5,E2_m-Tartaric_Acid,11
4.75,E2_m-Tartaric_Acid,11
5.0,E2_m-Tartaric_Acid,11
5.25,E2_m-Tartaric_Acid,11
5.5,E2_m-Tartaric_Acid,11
5.75,E2_m-Tartaric_Acid,12
6.0,E2_m-Tartaric_Acid,11
6.25,E2_m-Tartaric_Acid,11
6.5,E2_m-Tartaric_Acid,12
6.75,E2_m-Tartaric_Acid,11
7.0,E2_m-Tartaric_Acid,12
7.25,E2_m-Tartaric_Acid,11
7.5,E2_m-Tartaric_Acid,11
7.75,E2_m-Tartaric_Acid,16
8.0,E2_m-Tartaric_Acid,14
8.25,E2_m-Tartaric_Acid,11
8.5,E2_m-Tartaric_Acid,12
8.75,E2_m-Tartaric_Acid,11
9.0,E2_m-Tartaric_Acid,16
9.25,E2_m-Tartaric_Acid,11
9.5,E2_m-Tartaric_Acid,14
9.75,E2_m-Tartaric_Acid,14
10.0,E2_m-Tartaric_Acid,16
10.25,E2_m-Tartaric_Acid,11
10.5,E2_m-Tartaric_Acid,11
10.75,E2_m-Tartaric_Acid,14
11.0,E2_m-Tartaric_Acid,14
11.25,E2_m-Tartaric_Acid,19
11.5,E2_m-Tartaric_Acid,14
11.75,E2_m-Tartaric_Acid,16
12.0,E2_m-Tartaric_Acid,11
12.25,E2_m-Tartaric_Acid,17
12.5,E2_m-Tartaric_Acid,18
12.75,E2_m-Tartaric_Acid,12
13.0,E2_m-Tartaric_Acid,17
13.25,E2_m-Tartaric_Acid,14
13.5,E2_m-Tartaric_Acid,18
13.75,E2_m-Tartaric_Acid,13
14.0,E2_m-Tartaric_Acid,13
14.25,E2_m-Tartaric_Acid,15
14.5,E2_m-Tartaric_Acid,16
14.75,E2_m-Tartaric_Acid,17
15.0,E2_m-Tartaric_Acid,14
15.25,E2_m-Tartaric_Acid,17
15.5,E2_m-Tartaric_Acid,19
15.75,E2_m-Tartaric_Acid,18
16.0,E2_m-Tartaric_Acid,19
16.25,E2_m-Tartaric_Acid,16
16.5,E2_m-Tartaric_Acid,15
16.75,E2_m-Tartaric_Acid,20
17.0,E2_m-Tartaric_Acid,19
17.25,E2_m-Tartaric_Acid,19
17.5,E2_m-Tartaric_Acid,19
17.75,E2_m-Tartaric_Acid,21
18.0,E2_m-Tartaric_Acid,21
18.25,E2_m-Tartaric_Acid,18
18.5,E2_m-Tartaric_Acid,17
18.75,E2_m-Tartaric_Acid,19
19.0,E2_m-Tartaric_Acid,21
19.25,E2_m-Tartaric_Acid,18
19.5,E2_m-Tartaric_Acid,15
19.75,E2_m-Tartaric_Acid,17
20.0,E2_m-Tartaric_Acid,18
20.25,E2_m-Tartaric_Acid,20
20.5,E2_m-Tartaric_Acid,17
20.75,E2_m-Tartaric_Acid,19
21.0,E2_m-Tartaric_Acid,16
21.25,E2_m-Tartaric_Acid,18
21.5,E2_m-Tartaric_Acid,16
21.75,E2_m-Tartaric_Acid,17
22.0,E2_m-Tartaric_Acid,19
22.25,E2_m-Tartaric_Acid,18
22.5,E2_m-Tartaric_Acid,20
22.75,E2_m-Tartaric_Acid,19
23.0,E2_m-Tartaric_Acid,22
23.25,E2_m-Tartaric_Acid,23
23.5,E2_m-Tartaric_Acid,22
23.75,E2_m-Tartaric_Acid,21
24.0,E2_m-Tartaric_Acid,20
24.25,E2_m-Tartaric_Acid,18
24.5,E2_m-Tartaric_Acid,23
24.75,E2_m-Tartaric_Acid,27
25.0,E2_m-Tartaric_Acid,19
25.25,E2_m-Tartaric_Acid,21
25.5,E2_m-Tartaric_Acid,21
25.75,E2_m-Tartaric_Acid,24
26.0,E2_m-Tartaric_Acid,18
26.25,E2_m-Tartaric_Acid,21
26.5,E2_m-Tartaric_Acid,22
26.75,E2_m-Tartaric_Acid,21
27.0,E2_m-Tartaric_Acid,25
27.25,E2_m-Tartaric_Acid,21
27.5,E2_m-Tartaric_Acid,23
27.75,E2_m-Tartaric_Acid,22
28.0,E2_m-Tartaric_Acid,24
28.25,E2_m-Tartaric_Acid,23
28.5,E2_m-Tartaric_Acid,22
28.75,E2_m-Tartaric_Acid,19
29.0,E2_m-Tartaric_Acid,25
29.25,E2_m-Tartaric_Acid,21
29.5,E2_m-Tartaric_Acid,21
29.75,E2_m-Tartaric_Acid,19
30.0,E2_m-Tartaric_Acid,17
30.25,E2_m-Tartaric_Acid,22
30.5,E2_m-Tartaric_Acid,23
30.75,E2_m-Tartaric_Acid,20
31.0,E2_m-Tartaric_Acid,22
31.25,E2_m-Tartaric_Acid,21
31.5,E2_m-Tartaric_Acid,19
31.75,E2_m-Tartaric_Acid,24
32.0,E2_m-Tartaric_Acid,19
32.25,E2_m-Tartaric_Acid,23
32.5,E2_m-Tartaric_Acid,22
32.75,E2_m-Tartaric_Acid,25
33.0,E2_m-Tartaric_Acid,19
33.25,E2_m-Tartaric_Acid,21
33.5,E2_m-Tartaric_Acid,19
33.75,E2_m-Tartaric_Acid,21
34.0,E2_m-Tartaric_Acid,22
34.25,E2_m-Tartaric_Acid,28
34.5,E2_m-Tartaric_Acid,26
34.75,E2_m-Tartaric_Acid,24
35.0,E2_m-Tartaric_Acid,21
35.25,E2_m-Tartaric_Acid,19
35.5,E2_m-Tartaric_Acid,23
35.75,E2_m-Tartaric_Acid,21
36.0,E2_m-Tartaric_Acid,24
36.25,E2_m-Tartaric_Acid,20
36.5,E2_m-Tartaric_Acid,22
36.75,E2_m-Tartaric_Acid,21
37.0,E2_m-Tartaric_Acid,21
37.25,E2_m-Tartaric_Acid,23
37.5,E2_m-Tartaric_Acid,22
37.75,E2_m-Tartaric_Acid,26
38.0,E2_m-Tartaric_Acid,27
38.25,E2_m-Tartaric_Acid,26
38.5,E2_m-Tartaric_Acid,24
38.75,E2_m-Tartaric_Acid,26
39.0,E2_m-Tartaric_Acid,29
39.25,E2_m-Tartaric_Acid,27
39.5,E2_m-Tartaric_Acid,28
39.75,E2_m-Tartaric_Acid,22
40.0,E2_m-Tartaric_Acid,27
40.25,E2_m-Tartaric_Acid,28
40.5,E2_m-Tartaric_Acid,27
40.75,E2_m-Tartaric_Acid,27
41.0,E2_m-Tartaric_Acid,27
41.25,E2_m-Tartaric_Acid,26
41.5,E2_m-Tartaric_Acid,27
41.75,E2_m-Tartaric_Acid,27
42.0,E2_m-Tartaric_Acid,27
42.25,E2_m-Tartaric_Acid,30
42.5,E2_m-Tartaric_Acid,26
42.75,E2_m-Tartaric_Acid,26
43.0,E2_m-Tartaric_Acid,27
43.25,E2_m-Tartaric_Acid,25
43.5,E2_m-Tartaric_Acid,24
43.75,E2_m-Tartaric_Acid,27
44.0,E2_m-Tartaric_Acid,27
44.25,E2_m-Tartaric_Acid,27
44.5,E2_m-Tartaric_Acid,24
44.75,E2_m-Tartaric_Acid,26
45.0,E2_m-Tartaric_Acid,26
45.25,E2_m-Tartaric_Acid,25
45.5,E2_m-Tartaric_Acid,29
45.75,E2_m-Tartaric_Acid,21
46.0,E2_m-Tartaric_Acid,27
46.25,E2_m-Tartaric_Acid,32
46.5,E2_m-Tartaric_Acid,25
46.75,E2_m-Tartaric_Acid,25
47.0,E2_m-Tartaric_Acid,28
47.25,E2_m-Tartaric_Acid,27
47.5,E2_m-Tartaric_Acid,0
0.0,E3_D-Glucose-1-Phosphate,34
0.25,E3_D-Glucose-1-Phosphate,13
0.5,E3_D-Glucose-1-Phosphate,18
0.75,E3_D-Glucose-1-Phosphate,19
1.0,E3_D-Glucose-1-Phosphate,16
1.25,E3_D-Glucose-1-Phosphate,11
1.5,E3_D-Glucose-1-Phosphate,12
1.75,E3_D-Glucose-1-Phosphate,13
2.0,E3_D-Glucose-1-Phosphate,14
2.25,E3_D-Glucose-1-Phosphate,11
2.5,E3_D-Glucose-1-Phosphate,11
2.75,E3_D-Glucose-1-Phosphate,13
3.0,E3_D-Glucose-1-Phosphate,13
3.25,E3_D-Glucose-1-Phosphate,16
3.5,E3_D-Glucose-1-Phosphate,14
3.75,E3_D-Glucose-1-Phosphate,18
4.0,E3_D-Glucose-1-Phosphate,14
4.25,E3_D-Glucose-1-Phosphate,20
4.5,E3_D-Glucose-1-Phosphate,22
4.75,E3_D-Glucose-1-Phosphate,20
5.0,E3_D-Glucose-1-Phosphate,22
5.25,E3_D-Glucose-1-Phosphate,22
5.5,E3_D-Glucose-1-Phosphate,20
5.75,E3_D-Glucose-1-Phosphate,24
6.0,E3_D-Glucose-1-Phosphate,22
6.25,E3_D-Glucose-1-Phosphate,26
6.5,E3_D-Glucose-1-Phosphate,23
6.75,E3_D-Glucose-1-Phosphate,27
7.0,E3_D-Glucose-1-Phosphate,30
7.25,E3_D-Glucose-1-Phosphate,25
7.5,E3_D-Glucose-1-Phosphate,29
7.75,E3_D-Glucose-1-Phosphate,32
8.0,E3_D-Glucose-1-Phosphate,29
8.25,E3_D-Glucose-1-Phosphate,32
8.5,E3_D-Glucose-1-Phosphate,32
8.75,E3_D-Glucose-1-Phosphate,27
9.0,E3_D-Glucose-1-Phosphate,33
9.25,E3_D-Glucose-1-Phosphate,31
9.5,E3_D-Glucose-1-Phosphate,29
9.75,E3_D-Glucose-1-Phosphate,34
10.0,E3_D-Glucose-1-Phosphate,37
10.25,E3_D-Glucose-1-Phosphate,34
10.5,E3_D-Glucose-1-Phosphate,31
10.75,E3_D-Glucose-1-Phosphate,31
11.0,E3_D-Glucose-1-Phosphate,31
11.25,E3_D-Glucose-1-Phosphate,31
11.5,E3_D-Glucose-1-Phosphate,31
11.75,E3_D-Glucose-1-Phosphate,26
12.0,E3_D-Glucose-1-Phosphate,32
12.25,E3_D-Glucose-1-Phosphate,32
12.5,E3_D-Glucose-1-Phosphate,39
12.75,E3_D-Glucose-1-Phosphate,34
13.0,E3_D-Glucose-1-Phosphate,33
13.25,E3_D-Glucose-1-Phosphate,30
13.5,E3_D-Glucose-1-Phosphate,31
13.75,E3_D-Glucose-1-Phosphate,32
14.0,E3_D-Glucose-1-Phosphate,29
14.25,E3_D-Glucose-1-Phosphate,31
14.5,E3_D-Glucose-1-Phosphate,31
14.75,E3_D-Glucose-1-Phosphate,38
15.0,E3_D-Glucose-1-Phosphate,39
15.25,E3_D-Glucose-1-Phosphate,40
15.5,E3_D-Glucose-1-Phosphate,37
15.75,E3_D-Glucose-1-Phosphate,35
16.0,E3_D-Glucose-1-Phosphate,36
16.25,E3_D-Glucose-1-Phosphate,41
16.5,E3_D-Glucose-1-Phosphate,37
16.75,E3_D-Glucose-1-Phosphate,38
17.0,E3_D-Glucose-1-Phosphate,37
17.25,E3_D-Glucose-1-Phosphate,37
17.5,E3_D-Glucose-1-Phosphate,35
17.75,E3_D-Glucose-1-Phosphate,39
18.0,E3_D-Glucose-1-Phosphate,42
18.25,E3_D-Glucose-1-Phosphate,39
18.5,E3_D-Glucose-1-Phosphate,42
18.75,E3_D-Glucose-1-Phosphate,36
19.0,E3_D-Glucose-1-Phosphate,39
19.25,E3_D-Glucose-1-Phosphate,40
19.5,E3_D-Glucose-1-Phosphate,37
19.75,E3_D-Glucose-1-Phosphate,40
20.0,E3_D-Glucose-1-Phosphate,43
20.25,E3_D-Glucose-1-Phosphate,40
20.5,E3_D-Glucose-1-Phosphate,41
20.75,E3_D-Glucose-1-Phosphate,37
21.0,E3_D-Glucose-1-Phosphate,41
21.25,E3_D-Glucose-1-Phosphate,36
21.5,E3_D-Glucose-1-Phosphate,41
21.75,E3_D-Glucose-1-Phosphate,38
22.0,E3_D-Glucose-1-Phosphate,42
22.25,E3_D-Glucose-1-Phosphate,43
22.5,E3_D-Glucose-1-Phosphate,40
22.75,E3_D-Glucose-1-Phosphate,45
23.0,E3_D-Glucose-1-Phosphate,40
23.25,E3_D-Glucose-1-Phosphate,39
23.5,E3_D-Glucose-1-Phosphate,41
23.75,E3_D-Glucose-1-Phosphate,44
24.0,E3_D-Glucose-1-Phosphate,43
24.25,E3_D-Glucose-1-Phosphate,43
24.5,E3_D-Glucose-1-Phosphate,43
24.75,E3_D-Glucose-1-Phosphate,44
25.0,E3_D-Glucose-1-Phosphate,42
25.25,E3_D-Glucose-1-Phosphate,45
25.5,E3_D-Glucose-1-Phosphate,39
25.75,E3_D-Glucose-1-Phosphate,47
26.0,E3_D-Glucose-1-Phosphate,43
26.25,E3_D-Glucose-1-Phosphate,45
26.5,E3_D-Glucose-1-Phosphate,39
26.75,E3_D-Glucose-1-Phosphate,49
27.0,E3_D-Glucose-1-Phosphate,51
27.25,E3_D-Glucose-1-Phosphate,42
27.5,E3_D-Glucose-1-Phosphate,45
27.75,E3_D-Glucose-1-Phosphate,45
28.0,E3_D-Glucose-1-Phosphate,45
28.25,E3_D-Glucose-1-Phosphate,44
28.5,E3_D-Glucose-1-Phosphate,42
28.75,E3_D-Glucose-1-Phosphate,40
29.0,E3_D-Glucose-1-Phosphate,46
29.25,E3_D-Glucose-1-Phosphate,42
29.5,E3_D-Glucose-1-Phosphate,43
29.75,E3_D-Glucose-1-Phosphate,41
30.0,E3_D-Glucose-1-Phosphate,45
30.25,E3_D-Glucose-1-Phosphate,40
30.5,E3_D-Glucose-1-Phosphate,45
30.75,E3_D-Glucose-1-Phosphate,45
31.0,E3_D-Glucose-1-Phosphate,46
31.25,E3_D-Glucose-1-Phosphate,42
31.5,E3_D-Glucose-1-Phosphate,46
31.75,E3_D-Glucose-1-Phosphate,46
32.0,E3_D-Glucose-1-Phosphate,48
32.25,E3_D-Glucose-1-Phosphate,46
32.5,E3_D-Glucose-1-Phosphate,46
32.75,E3_D-Glucose-1-Phosphate,46
33.0,E3_D-Glucose-1-Phosphate,48
33.25,E3_D-Glucose-1-Phosphate,46
33.5,E3_D-Glucose-1-Phosphate,50
33.75,E3_D-Glucose-1-Phosphate,46
34.0,E3_D-Glucose-1-Phosphate,48
34.25,E3_D-Glucose-1-Phosphate,47
34.5,E3_D-Glucose-1-Phosphate,48
34.75,E3_D-Glucose-1-Phosphate,46
35.0,E3_D-Glucose-1-Phosphate,49
35.25,E3_D-Glucose-1-Phosphate,45
35.5,E3_D-Glucose-1-Phosphate,45
35.75,E3_D-Glucose-1-Phosphate,41
36.0,E3_D-Glucose-1-Phosphate,43
36.25,E3_D-Glucose-1-Phosphate,47
36.5,E3_D-Glucose-1-Phosphate,50
36.75,E3_D-Glucose-1-Phosphate,48
37.0,E3_D-Glucose-1-Phosphate,46
37.25,E3_D-Glucose-1-Phosphate,49
37.5,E3_D-Glucose-1-Phosphate,49
37.75,E3_D-Glucose-1-Phosphate,50
38.0,E3_D-Glucose-1-Phosphate,47
38.25,E3_D-Glucose-1-Phosphate,46
38.5,E3_D-Glucose-1-Phosphate,51
38.75,E3_D-Glucose-1-Phosphate,45
39.0,E3_D-Glucose-1-Phosphate,46
39.25,E3_D-Glucose-1-Phosphate,45
39.5,E3_D-Glucose-1-Phosphate,46
39.75,E3_D-Glucose-1-Phosphate,49
40.0,E3_D-Glucose-1-Phosphate,46
40.25,E3_D-Glucose-1-Phosphate,47
40.5,E3_D-Glucose-1-Phosphate,49
40.75,E3_D-Glucose-1-Phosphate,49
41.0,E3_D-Glucose-1-Phosphate,52
41.25,E3_D-Glucose-1-Phosphate,49
41.5,E3_D-Glucose-1-Phosphate,50
41.75,E3_D-Glucose-1-Phosphate,46
42.0,E3_D-Glucose-1-Phosphate,44
42.25,E3_D-Glucose-1-Phosphate,45
42.5,E3_D-Glucose-1-Phosphate,48
42.75,E3_D-Glucose-1-Phosphate,47
43.0,E3_D-Glucose-1-Phosphate,51
43.25,E3_D-Glucose-1-Phosphate,41
43.5,E3_D-Glucose-1-Phosphate,47
43.75,E3_D-Glucose-1-Phosphate,51
44.0,E3_D-Glucose-1-Phosphate,54
44.25,E3_D-Glucose-1-Phosphate,47
44.5,E3_D-Glucose-1-Phosphate,49
44.75,E3_D-Glucose-1-Phosphate,51
45.0,E3_D-Glucose-1-Phosphate,49
45.25,E3_D-Glucose-1-Phosphate,48
45.5,E3_D-Glucose-1-Phosphate,53
45.75,E3_D-Glucose-1-Phosphate,47
46.0,E3_D-Glucose-1-Phosphate,49
46.25,E3_D-Glucose-1-Phosphate,50
46.5,E3_D-Glucose-1-Phosphate,45
46.75,E3_D-Glucose-1-Phosphate,47
47.0,E3_D-Glucose-1-Phosphate,49
47.25,E3_D-Glucose-1-Phosphate,52
47.5,E3_D-Glucose-1-Phosphate,0
0.0,E4_D-Fructose-6-Phosphate,33
0.25,E4_D-Fructose-6-Phosphate,36
0.5,E4_D-Fructose-6-Phosphate,12
0.75,E4_D-Fructose-6-Phosphate,12
1.0,E4_D-Fructose-6-Phosphate,11
1.25,E4_D-Fructose-6-Phosphate,12
1.5,E4_D-Fructose-6-Phosphate,11
1.75,E4_D-Fructose-6-Phosphate,16
2.0,E4_D-Fructose-6-Phosphate,12
2.25,E4_D-Fructose-6-Phosphate,12
2.5,E4_D-Fructose-6-Phosphate,11
2.75,E4_D-Fructose-6-Phosphate,11
3.0,E4_D-Fructose-6-Phosphate,13
3.25,E4_D-Fructose-6-Phosphate,14
3.5,E4_D-Fructose-6-Phosphate,11
3.75,E4_D-Fructose-6-Phosphate,12
4.0,E4_D-Fructose-6-Phosphate,11
4.25,E4_D-Fructose-6-Phosphate,14
4.5,E4_D-Fructose-6-Phosphate,15
4.75,E4_D-Fructose-6-Phosphate,13
5.0,E4_D-Fructose-6-Phosphate,12
5.25,E4_D-Fructose-6-Phosphate,16
5.5,E4_D-Fructose-6-Phosphate,13
5.75,E4_D-Fructose-6-Phosphate,15
6.0,E4_D-Fructose-6-Phosphate,14
6.25,E4_D-Fructose-6-Phosphate,14
6.5,E4_D-Fructose-6-Phosphate,17
6.75,E4_D-Fructose-6-Phosphate,16
7.0,E4_D-Fructose-6-Phosphate,17
7.25,E4_D-Fructose-6-Phosphate,21
7.5,E4_D-Fructose-6-Phosphate,17
7.75,E4_D-Fructose-6-Phosphate,22
8.0,E4_D-Fructose-6-Phosphate,24
8.25,E4_D-Fructose-6-Phosphate,18
8.5,E4_D-Fructose-6-Phosphate,23
8.75,E4_D-Fructose-6-Phosphate,22
9.0,E4_D-Fructose-6-Phosphate,26
9.25,E4_D-Fructose-6-Phosphate,25
9.5,E4_D-Fructose-6-Phosphate,27
9.75,E4_D-Fructose-6-Phosphate,30
10.0,E4_D-Fructose-6-Phosphate,33
10.25,E4_D-Fructose-6-Phosphate,34
10.5,E4_D-Fructose-6-Phosphate,30
10.75,E4_D-Fructose-6-Phosphate,32
11.0,E4_D-Fructose-6-Phosphate,26
11.25,E4_D-Fructose-6-Phosphate,29
11.5,E4_D-Fructose-6-Phosphate,30
11.75,E4_D-Fructose-6-Phosphate,30
12.0,E4_D-Fructose-6-Phosphate,26
12.25,E4_D-Fructose-6-Phosphate,34
12.5,E4_D-Fructose-6-Phosphate,29
12.75,E4_D-Fructose-6-Phosphate,30
13.0,E4_D-Fructose-6-Phosphate,32
13.25,E4_D-Fructose-6-Phosphate,32
13.5,E4_D-Fructose-6-Phosphate,32
13.75,E4_D-Fructose-6-Phosphate,30
14.0,E4_D-Fructose-6-Phosphate,34
14.25,E4_D-Fructose-6-Phosphate,32
14.5,E4_D-Fructose-6-Phosphate,34
14.75,E4_D-Fructose-6-Phosphate,31
15.0,E4_D-Fructose-6-Phosphate,34
15.25,E4_D-Fructose-6-Phosphate,33
15.5,E4_D-Fructose-6-Phosphate,30
15.75,E4_D-Fructose-6-Phosphate,33
16.0,E4_D-Fructose-6-Phosphate,36
16.25,E4_D-Fructose-6-Phosphate,37
16.5,E4_D-Fructose-6-Phosphate,32
16.75,E4_D-Fructose-6-Phosphate,40
17.0,E4_D-Fructose-6-Phosphate,35
17.25,E4_D-Fructose-6-Phosphate,37
17.5,E4_D-Fructose-6-Phosphate,33
17.75,E4_D-Fructose-6-Phosphate,32
18.0,E4_D-Fructose-6-Phosphate,36
18.25,E4_D-Fructose-6-Phosphate,37
18.5,E4_D-Fructose-6-Phosphate,37
18.75,E4_D-Fructose-6-Phosphate,41
19.0,E4_D-Fructose-6-Phosphate,39
19.25,E4_D-Fructose-6-Phosphate,37
19.5,E4_D-Fructose-6-Phosphate,38
19.75,E4_D-Fructose-6-Phosphate,40
20.0,E4_D-Fructose-6-Phosphate,38
20.25,E4_D-Fructose-6-Phosphate,35
20.5,E4_D-Fructose-6-Phosphate,40
20.75,E4_D-Fructose-6-Phosphate,39
21.0,E4_D-Fructose-6-Phosphate,40
21.25,E4_D-Fructose-6-Phosphate,36
21.5,E4_D-Fructose-6-Phosphate,36
21.75,E4_D-Fructose-6-Phosphate,41
22.0,E4_D-Fructose-6-Phosphate,38
22.25,E4_D-Fructose-6-Phosphate,41
22.5,E4_D-Fructose-6-Phosphate,41
22.75,E4_D-Fructose-6-Phosphate,38
23.0,E4_D-Fructose-6-Phosphate,43
23.25,E4_D-Fructose-6-Phosphate,44
23.5,E4_D-Fructose-6-Phosphate,39
23.75,E4_D-Fructose-6-Phosphate,41
24.0,E4_D-Fructose-6-Phosphate,37
24.25,E4_D-Fructose-6-Phosphate,38
24.5,E4_D-Fructose-6-Phosphate,42
24.75,E4_D-Fructose-6-Phosphate,40
25.0,E4_D-Fructose-6-Phosphate,41
25.25,E4_D-Fructose-6-Phosphate,46
25.5,E4_D-Fructose-6-Phosphate,39
25.75,E4_D-Fructose-6-Phosphate,44
26.0,E4_D-Fructose-6-Phosphate,41
26.25,E4_D-Fructose-6-Phosphate,44
26.5,E4_D-Fructose-6-Phosphate,43
26.75,E4_D-Fructose-6-Phosphate,43
27.0,E4_D-Fructose-6-Phosphate,47
27.25,E4_D-Fructose-6-Phosphate,42
27.5,E4_D-Fructose-6-Phosphate,41
27.75,E4_D-Fructose-6-Phosphate,38
28.0,E4_D-Fructose-6-Phosphate,41
28.25,E4_D-Fructose-6-Phosphate,45
28.5,E4_D-Fructose-6-Phosphate,41
28.75,E4_D-Fructose-6-Phosphate,40
29.0,E4_D-Fructose-6-Phosphate,41
29.25,E4_D-Fructose-6-Phosphate,42
29.5,E4_D-Fructose-6-Phosphate,38
29.75,E4_D-Fructose-6-Phosphate,47
30.0,E4_D-Fructose-6-Phosphate,38
30.25,E4_D-Fructose-6-Phosphate,43
30.5,E4_D-Fructose-6-Phosphate,45
30.75,E4_D-Fructose-6-Phosphate,45
31.0,E4_D-Fructose-6-Phosphate,45
31.25,E4_D-Fructose-6-Phosphate,41
31.5,E4_D-Fructose-6-Phosphate,43
31.75,E4_D-Fructose-6-Phosphate,40
32.0,E4_D-Fructose-6-Phosphate,45
32.25,E4_D-Fructose-6-Phosphate,43
32.5,E4_D-Fructose-6-Phosphate,42
32.75,E4_D-Fructose-6-Phosphate,43
33.0,E4_D-Fructose-6-Phosphate,51
33.25,E4_D-Fructose-6-Phosphate,41
33.5,E4_D-Fructose-6-Phosphate,52
33.75,E4_D-Fructose-6-Phosphate,42
34.0,E4_D-Fructose-6-Phosphate,48
34.25,E4_D-Fructose-6-Phosphate,53
34.5,E4_D-Fructose-6-Phosphate,52
34.75,E4_D-Fructose-6-Phosphate,46
35.0,E4_D-Fructose-6-Phosphate,47
35.25,E4_D-Fructose-6-Phosphate,44
35.5,E4_D-Fructose-6-Phosphate,45
35.75,E4_D-Fructose-6-Phosphate,48
36.0,E4_D-Fructose-6-Phosphate,47
36.25,E4_D-Fructose-6-Phosphate,45
36.5,E4_D-Fructose-6-Phosphate,46
36.75,E4_D-Fructose-6-Phosphate,46
37.0,E4_D-Fructose-6-Phosphate,45
37.25,E4_D-Fructose-6-Phosphate,48
37.5,E4_D-Fructose-6-Phosphate,46
37.75,E4_D-Fructose-6-Phosphate,50
38.0,E4_D-Fructose-6-Phosphate,46
38.25,E4_D-Fructose-6-Phosphate,47
38.5,E4_D-Fructose-6-Phosphate,48
38.75,E4_D-Fructose-6-Phosphate,46
39.0,E4_D-Fructose-6-Phosphate,45
39.25,E4_D-Fructose-6-Phosphate,46
39.5,E4_D-Fructose-6-Phosphate,49
39.75,E4_D-Fructose-6-Phosphate,50
40.0,E4_D-Fructose-6-Phosphate,50
40.25,E4_D-Fructose-6-Phosphate,46
40.5,E4_D-Fructose-6-Phosphate,46
40.75,E4_D-Fructose-6-Phosphate,48
41.0,E4_D-Fructose-6-Phosphate,46
41.25,E4_D-Fructose-6-Phosphate,48
41.5,E4_D-Fructose-6-Phosphate,50
41.75,E4_D-Fructose-6-Phosphate,48
42.0,E4_D-Fructose-6-Phosphate,45
42.25,E4_D-Fructose-6-Phosphate,44
42.5,E4_D-Fructose-6-Phosphate,49
42.75,E4_D-Fructose-6-Phosphate,46
43.0,E4_D-Fructose-6-Phosphate,52
43.25,E4_D-Fructose-6-Phosphate,47
43.5,E4_D-Fructose-6-Phosphate,50
43.75,E4_D-Fructose-6-Phosphate,44
44.0,E4_D-Fructose-6-Phosphate,48
44.25,E4_D-Fructose-6-Phosphate,47
44.5,E4_D-Fructose-6-Phosphate,49
44.75,E4_D-Fructose-6-Phosphate,52
45.0,E4_D-Fructose-6-Phosphate,45
45.25,E4_D-Fructose-6-Phosphate,49
45.5,E4_D-Fructose-6-Phosphate,49
45.75,E4_D-Fructose-6-Phosphate,49
46.0,E4_D-Fructose-6-Phosphate,47
46.25,E4_D-Fructose-6-Phosphate,51
46.5,E4_D-Fructose-6-Phosphate,51
46.75,E4_D-Fructose-6-Phosphate,50
47.0,E4_D-Fructose-6-Phosphate,47
47.25,E4_D-Fructose-6-Phosphate,51
47.5,E4_D-Fructose-6-Phosphate,0
0.0,E5_Tween_80,11
0.25,E5_Tween_80,11
0.5,E5_Tween_80,11
0.75,E5_Tween_80,11
1.0,E5_Tween_80,11
1.25,E5_Tween_80,12
1.5,E5_Tween_80,12
1.75,E5_Tween_80,17
2.0,E5_Tween_80,11
2.25,E5_Tween_80,11
2.5,E5_Tween_80,11
2.75,E5_Tween_80,11
3.0,E5_Tween_80,11
3.25,E5_Tween_80,13
3.5,E5_Tween_80,12
3.75,E5_Tween_80,11
4.0,E5_Tween_80,12
4.25,E5_Tween_80,17
4.5,E5_Tween_80,15
4.75,E5_Tween_80,11
5.0,E5_Tween_80,16
5.25,E5_Tween_80,17
5.5,E5_Tween_80,21
5.75,E5_Tween_80,18
6.0,E5_Tween_80,22
6.25,E5_Tween_80,20
6.5,E5_Tween_80,20
6.75,E5_Tween_80,21
7.0,E5_Tween_80,23
7.25,E5_Tween_80,27
7.5,E5_Tween_80,31
7.75,E5_Tween_80,30
8.0,E5_Tween_80,30
8.25,E5_Tween_80,30
8.5,E5_Tween_80,29
8.75,E5_Tween_80,29
9.0,E5_Tween_80,33
9.25,E5_Tween_80,36
9.5,E5_Tween_80,35
9.75,E5_Tween_80,34
10.0,E5_Tween_80,39
10.25,E5_Tween_80,39
10.5,E5_Tween_80,42
10.75,E5_Tween_80,44
11.0,E5_Tween_80,45
11.25,E5_Tween_80,46
11.5,E5_Tween_80,47
11.75,E5_Tween_80,51
12.0,E5_Tween_80,58
12.25,E5_Tween_80,56
12.5,E5_Tween_80,60
12.75,E5_Tween_80,58
13.0,E5_Tween_80,62
13.25,E5_Tween_80,63
13.5,E5_Tween_80,65
13.75,E5_Tween_80,67
14.0,E5_Tween_80,69
14.25,E5_Tween_80,69
14.5,E5_Tween_80,73
14.75,E5_Tween_80,77
15.0,E5_Tween_80,79
15.25,E5_Tween_80,81
15.5,E5_Tween_80,85
15.75,E5_Tween_80,84
16.0,E5_Tween_80,90
16.25,E5_Tween_80,88
16.5,E5_Tween_80,91
16.75,E5_Tween_80,93
17.0,E5_Tween_80,91
17.25,E5_Tween_80,97
17.5,E5_Tween_80,101
17.75,E5_Tween_80,100
18.0,E5_Tween_80,103
18.25,E5_Tween_80,102
18.5,E5_Tween_80,105
18.75,E5_Tween_80,104
19.0,E5_Tween_80,111
19.25,E5_Tween_80,111
19.5,E5_Tween_80,108
19.75,E5_Tween_80,109
20.0,E5_Tween_80,111
20.25,E5_Tween_80,112
20.5,E5_Tween_80,113
20.75,E5_Tween_80,116
21.0,E5_Tween_80,116
21.25,E5_Tween_80,114
21.5,E5_Tween_80,117
21.75,E5_Tween_80,117
22.0,E5_Tween_80,119
22.25,E5_Tween_80,117
22.5,E5_Tween_80,120
22.75,E5_Tween_80,118
23.0,E5_Tween_80,119
23.25,E5_Tween_80,119
23.5,E5_Tween_80,119
23.75,E5_Tween_80,120
24.0,E5_Tween_80,119
24.25,E5_Tween_80,123
24.5,E5_Tween_80,118
24.75,E5_Tween_80,126
25.0,E5_Tween_80,124
25.25,E5_Tween_80,128
25.5,E5_Tween_80,120
25.75,E5_Tween_80,126
26.0,E5_Tween_80,123
26.25,E5_Tween_80,121
26.5,E5_Tween_80,123
26.75,E5_Tween_80,123
27.0,E5_Tween_80,128
27.25,E5_Tween_80,129
27.5,E5_Tween_80,125
27.75,E5_Tween_80,122
28.0,E5_Tween_80,126
28.25,E5_Tween_80,124
28.5,E5_Tween_80,126
28.75,E5_Tween_80,125
29.0,E5_Tween_80,126
29.25,E5_Tween_80,126
29.5,E5_Tween_80,126
29.75,E5_Tween_80,127
30.0,E5_Tween_80,125
30.25,E5_Tween_80,128
30.5,E5_Tween_80,129
30.75,E5_Tween_80,128
31.0,E5_Tween_80,128
31.25,E5_Tween_80,127
31.5,E5_Tween_80,128
31.75,E5_Tween_80,126
32.0,E5_Tween_80,128
32.25,E5_Tween_80,127
32.5,E5_Tween_80,130
32.75,E5_Tween_80,128
33.0,E5_Tween_80,130
33.25,E5_Tween_80,131
33.5,E5_Tween_80,132
33.75,E5_Tween_80,132
34.0,E5_Tween_80,129
34.25,E5_Tween_80,131
34.5,E5_Tween_80,134
34.75,E5_Tween_80,129
35.0,E5_Tween_80,132
35.25,E5_Tween_80,128
35.5,E5_Tween_80,133
35.75,E5_Tween_80,129
36.0,E5_Tween_80,130
36.25,E5_Tween_80,129
36.5,E5_Tween_80,132
36.75,E5_Tween_80,129
37.0,E5_Tween_80,130
37.25,E5_Tween_80,133
37.5,E5_Tween_80,128
37.75,E5_Tween_80,135
38.0,E5_Tween_80,127
38.25,E5_Tween_80,130
38.5,E5_Tween_80,129
38.75,E5_Tween_80,129
39.0,E5_Tween_80,130
39.25,E5_Tween_80,134
39.5,E5_Tween_80,132
39.75,E5_Tween_80,128
40.0,E5_Tween_80,130
40.25,E5_Tween_80,126
40.5,E5_Tween_80,130
40.75,E5_Tween_80,129
41.0,E5_Tween_80,130
41.25,E5_Tween_80,132
41.5,E5_Tween_80,129
41.75,E5_Tween_80,132
42.0,E5_Tween_80,129
42.25,E5_Tween_80,131
42.5,E5_Tween_80,131
42.75,E5_Tween_80,134
43.0,E5_Tween_80,138
43.25,E5_Tween_80,134
43.5,E5_Tween_80,132
43.75,E5_Tween_80,133
44.0,E5_Tween_80,133
44.25,E5_Tween_80,131
44.5,E5_Tween_80,130
44.75,E5_Tween_80,128
45.0,E5_Tween_80,132
45.25,E5_Tween_80,130
45.5,E5_Tween_80,129
45.75,E5_Tween_80,131
46.0,E5_Tween_80,132
46.25,E5_Tween_80,129
46.5,E5_Tween_80,132
46.75,E5_Tween_80,132
47.0,E5_Tween_80,132
47.25,E5_Tween_80,131
47.5,E5_Tween_80,0
0.0,E6_a-Hydroxy_Glutaric_Acid-g_Lactone,33
0.25,E6_a-Hydroxy_Glutaric_Acid-g_Lactone,18
0.5,E6_a-Hydroxy_Glutaric_Acid-g_Lactone,15
0.75,E6_a-Hydroxy_Glutaric_Acid-g_Lactone,16
1.0,E6_a-Hydroxy_Glutaric_Acid-g_Lactone,18
1.25,E6_a-Hydroxy_Glutaric_Acid-g_Lactone,19
1.5,E6_a-Hydroxy_Glutaric_Acid-g_Lactone,16
1.75,E6_a-Hydroxy_Glutaric_Acid-g_Lactone,15
2.0,E6_a-Hydroxy_Glutaric_Acid-g_Lactone,18
2.25,E6_a-Hydroxy_Glutaric_Acid-g_Lactone,12
2.5,E6_a-Hydroxy_Glutaric_Acid-g_Lactone,11
2.75,E6_a-Hydroxy_Glutaric_Acid-g_Lactone,11
3.0,E6_a-Hydroxy_Glutaric_Acid-g_Lactone,11
3.25,E6_a-Hydroxy_Glutaric_Acid-g_Lactone,11
3.5,E6_a-Hydroxy_Glutaric_Acid-g_Lactone,12
3.75,E6_a-Hydroxy_Glutaric_Acid-g_Lactone,11
4.0,E6_a-Hydroxy_Glutaric_Acid-g_Lactone,11
4.25,E6_a-Hydroxy_Glutaric_Acid-g_Lactone,13
4.5,E6_a-Hydroxy_Glutaric_Acid-g_Lactone,13
4.75,E6_a-Hydroxy_Glutaric_Acid-g_Lactone,16
5.0,E6_a-Hydroxy_Glutaric_Acid-g_Lactone,15
5.25,E6_a-Hydroxy_Glutaric_Acid-g_Lactone,19
5.5,E6_a-Hydroxy_Glutaric_Acid-g_Lactone,20
5.75,E6_a-Hydroxy_Glutaric_Acid-g_Lactone,24
6.0,E6_a-Hydroxy_Glutaric_Acid-g_Lactone,18
6.25,E6_a-Hydroxy_Glutaric_Acid-g_Lactone,26
6.5,E6_a-Hydroxy_Glutaric_Acid-g_Lactone,24
6.75,E6_a-Hydroxy_Glutaric_Acid-g_Lactone,29
7.0,E6_a-Hydroxy_Glutaric_Acid-g_Lactone,27
7.25,E6_a-Hydroxy_Glutaric_Acid-g_Lactone,24
7.5,E6_a-Hydroxy_Glutaric_Acid-g_Lactone,23
7.75,E6_a-Hydroxy_Glutaric_Acid-g_Lactone,28
8.0,E6_a-Hydroxy_Glutaric_Acid-g_Lactone,30
8.25,E6_a-Hydroxy_Glutaric_Acid-g_Lactone,24
8.5,E6_a-Hydroxy_Glutaric_Acid-g_Lactone,28
8.75,E6_a-Hydroxy_Glutaric_Acid-g_Lactone,25
9.0,E6_a-Hydroxy_Glutaric_Acid-g_Lactone,31
9.25,E6_a-Hydroxy_Glutaric_Acid-g_Lactone,28
9.5,E6_a-Hydroxy_Glutaric_Acid-g_Lactone,28
9.75,E6_a-Hydroxy_Glutaric_Acid-g_Lactone,27
10.0,E6_a-Hydroxy_Glutaric_Acid-g_Lactone,31
10.25,E6_a-Hydroxy_Glutaric_Acid-g_Lactone,32
10.5,E6_a-Hydroxy_Glutaric_Acid-g_Lactone,30
10.75,E6_a-Hydroxy_Glutaric_Acid-g_Lactone,30
11.0,E6_a-Hydroxy_Glutaric_Acid-g_Lactone,23
11.25,E6_a-Hydroxy_Glutaric_Acid-g_Lactone,30
11.5,E6_a-Hydroxy_Glutaric_Acid-g_Lactone,26
11.75,E6_a-Hydroxy_Glutaric_Acid-g_Lactone,27
12.0,E6_a-Hydroxy_Glutaric_Acid-g_Lactone,29
12.25,E6_a-Hydroxy_Glutaric_Acid-g_Lactone,27
12.5,E6_a-Hydroxy_Glutaric_Acid-g_Lactone,31
12.75,E6_a-Hydroxy_Glutaric_Acid-g_Lactone,31
13.0,E6_a-Hydroxy_Glutaric_Acid-g_Lactone,32
13.25,E6_a-Hydroxy_Glutaric_Acid-g_Lactone,28
13.5,E6_a-Hydroxy_Glutaric_Acid-g_Lactone,29
13.75,E6_a-Hydroxy_Glutaric_Acid-g_Lactone,28
14.0,E6_a-Hydroxy_Glutaric_Acid-g_Lactone,30
14.25,E6_a-Hydroxy_Glutaric_Acid-g_Lactone,28
14.5,E6_a-Hydroxy_Glutaric_Acid-g_Lactone,29
14.75,E6_a-Hydroxy_Glutaric_Acid-g_Lactone,30
15.0,E6_a-Hydroxy_Glutaric_Acid-g_Lactone,33
15.25,E6_a-Hydroxy_Glutaric_Acid-g_Lactone,32
15.5,E6_a-Hydroxy_Glutaric_Acid-g_Lactone,29
15.75,E6_a-Hydroxy_Glutaric_Acid-g_Lactone,33
16.0,E6_a-Hydroxy_Glutaric_Acid-g_Lactone,33
16.25,E6_a-Hydroxy_Glutaric_Acid-g_Lactone,32
16.5,E6_a-Hydroxy_Glutaric_Acid-g_Lactone,30
16.75,E6_a-Hydroxy_Glutaric_Acid-g_Lactone,32
17.0,E6_a-Hydroxy_Glutaric_Acid-g_Lactone,33
17.25,E6_a-Hydroxy_Glutaric_Acid-g_Lactone,33
17.5,E6_a-Hydroxy_Glutaric_Acid-g_Lactone,33
17.75,E6_a-Hydroxy_Glutaric_Acid-g_Lactone,33
18.0,E6_a-Hydroxy_Glutaric_Acid-g_Lactone,37
18.25,E6_a-Hydroxy_Glutaric_Acid-g_Lactone,35
18.5,E6_a-Hydroxy_Glutaric_Acid-g_Lactone,34
18.75,E6_a-Hydroxy_Glutaric_Acid-g_Lactone,33
19.0,E6_a-Hydroxy_Glutaric_Acid-g_Lactone,37
19.25,E6_a-Hydroxy_Glutaric_Acid-g_Lactone,37
19.5,E6_a-Hydroxy_Glutaric_Acid-g_Lactone,33
19.75,E6_a-Hydroxy_Glutaric_Acid-g_Lactone,33
20.0,E6_a-Hydroxy_Glutaric_Acid-g_Lactone,33
20.25,E6_a-Hydroxy_Glutaric_Acid-g_Lactone,35
20.5,E6_a-Hydroxy_Glutaric_Acid-g_Lactone,35
20.75,E6_a-Hydroxy_Glutaric_Acid-g_Lactone,34
21.0,E6_a-Hydroxy_Glutaric_Acid-g_Lactone,30
21.25,E6_a-Hydroxy_Glutaric_Acid-g_Lactone,30
21.5,E6_a-Hydroxy_Glutaric_Acid-g_Lactone,35
21.75,E6_a-Hydroxy_Glutaric_Acid-g_Lactone,34
22.0,E6_a-Hydroxy_Glutaric_Acid-g_Lactone,34
22.25,E6_a-Hydroxy_Glutaric_Acid-g_Lactone,36
22.5,E6_a-Hydroxy_Glutaric_Acid-g_Lactone,36
22.75,E6_a-Hydroxy_Glutaric_Acid-g_Lactone,37
23.0,E6_a-Hydroxy_Glutaric_Acid-g_Lactone,37
23.25,E6_a-Hydroxy_Glutaric_Acid-g_Lactone,33
23.5,E6_a-Hydroxy_Glutaric_Acid-g_Lactone,33
23.75,E6_a-Hydroxy_Glutaric_Acid-g_Lactone,31
24.0,E6_a-Hydroxy_Glutaric_Acid-g_Lactone,34
24.25,E6_a-Hydroxy_Glutaric_Acid-g_Lactone,33
24.5,E6_a-Hydroxy_Glutaric_Acid-g_Lactone,33
24.75,E6_a-Hydroxy_Glutaric_Acid-g_Lactone,36
25.0,E6_a-Hydroxy_Glutaric_Acid-g_Lactone,33
25.25,E6_a-Hydroxy_Glutaric_Acid-g_Lactone,39
25.5,E6_a-Hydroxy_Glutaric_Acid-g_Lactone,36
25.75,E6_a-Hydroxy_Glutaric_Acid-g_Lactone,34
26.0,E6_a-Hydroxy_Glutaric_Acid-g_Lactone,34
26.25,E6_a-Hydroxy_Glutaric_Acid-g_Lactone,34
26.5,E6_a-Hydroxy_Glutaric_Acid-g_Lactone,37
26.75,E6_a-Hydroxy_Glutaric_Acid-g_Lactone,34
27.0,E6_a-Hydroxy_Glutaric_Acid-g_Lactone,40
27.25,E6_a-Hydroxy_Glutaric_Acid-g_Lactone,37
27.5,E6_a-Hydroxy_Glutaric_Acid-g_Lactone,36
27.75,E6_a-Hydroxy_Glutaric_Acid-g_Lactone,33
28.0,E6_a-Hydroxy_Glutaric_Acid-g_Lactone,38
28.25,E6_a-Hydroxy_Glutaric_Acid-g_Lactone,38
28.5,E6_a-Hydroxy_Glutaric_Acid-g_Lactone,37
28.75,E6_a-Hydroxy_Glutaric_Acid-g_Lactone,35
29.0,E6_a-Hydroxy_Glutaric_Acid-g_Lactone,34
29.25,E6_a-Hydroxy_Glutaric_Acid-g_Lactone,38
29.5,E6_a-Hydroxy_Glutaric_Acid-g_Lactone,38
29.75,E6_a-Hydroxy_Glutaric_Acid-g_Lactone,32
30.0,E6_a-Hydroxy_Glutaric_Acid-g_Lactone,36
30.25,E6_a-Hydroxy_Glutaric_Acid-g_Lactone,33
30.5,E6_a-Hydroxy_Glutaric_Acid-g_Lactone,32
30.75,E6_a-Hydroxy_Glutaric_Acid-g_Lactone,38
31.0,E6_a-Hydroxy_Glutaric_Acid-g_Lactone,33
31.25,E6_a-Hydroxy_Glutaric_Acid-g_Lactone,36
31.5,E6_a-Hydroxy_Glutaric_Acid-g_Lactone,32
31.75,E6_a-Hydroxy_Glutaric_Acid-g_Lactone,35
32.0,E6_a-Hydroxy_Glutaric_Acid-g_Lactone,36
32.25,E6_a-Hydroxy_Glutaric_Acid-g_Lactone,36
32.5,E6_a-Hydroxy_Glutaric_Acid-g_Lactone,35
32.75,E6_a-Hydroxy_Glutaric_Acid-g_Lactone,38
33.0,E6_a-Hydroxy_Glutaric_Acid-g_Lactone,35
33.25,E6_a-Hydroxy_Glutaric_Acid-g_Lactone,36
33.5,E6_a-Hydroxy_Glutaric_Acid-g_Lactone,41
33.75,E6_a-Hydroxy_Glutaric_Acid-g_Lactone,37
34.0,E6_a-Hydroxy_Glutaric_Acid-g_Lactone,41
34.25,E6_a-Hydroxy_Glutaric_Acid-g_Lactone,41
34.5,E6_a-Hydroxy_Glutaric_Acid-g_Lactone,39
34.75,E6_a-Hydroxy_Glutaric_Acid-g_Lactone,41
35.0,E6_a-Hydroxy_Glutaric_Acid-g_Lactone,36
35.25,E6_a-Hydroxy_Glutaric_Acid-g_Lactone,36
35.5,E6_a-Hydroxy_Glutaric_Acid-g_Lactone,39
35.75,E6_a-Hydroxy_Glutaric_Acid-g_Lactone,36
36.0,E6_a-Hydroxy_Glutaric_Acid-g_Lactone,35
36.25,E6_a-Hydroxy_Glutaric_Acid-g_Lactone,39
36.5,E6_a-Hydroxy_Glutaric_Acid-g_Lactone,38
36.75,E6_a-Hydroxy_Glutaric_Acid-g_Lactone,32
37.0,E6_a-Hydroxy_Glutaric_Acid-g_Lactone,37
37.25,E6_a-Hydroxy_Glutaric_Acid-g_Lactone,39
37.5,E6_a-Hydroxy_Glutaric_Acid-g_Lactone,38
37.75,E6_a-Hydroxy_Glutaric_Acid-g_Lactone,43
38.0,E6_a-Hydroxy_Glutaric_Acid-g_Lactone,33
38.25,E6_a-Hydroxy_Glutaric_Acid-g_Lactone,39
38.5,E6_a-Hydroxy_Glutaric_Acid-g_Lactone,37
38.75,E6_a-Hydroxy_Glutaric_Acid-g_Lactone,39
39.0,E6_a-Hydroxy_Glutaric_Acid-g_Lactone,34
39.25,E6_a-Hydroxy_Glutaric_Acid-g_Lactone,34
39.5,E6_a-Hydroxy_Glutaric_Acid-g_Lactone,36
39.75,E6_a-Hydroxy_Glutaric_Acid-g_Lactone,37
40.0,E6_a-Hydroxy_Glutaric_Acid-g_Lactone,35
40.25,E6_a-Hydroxy_Glutaric_Acid-g_Lactone,36
40.5,E6_a-Hydroxy_Glutaric_Acid-g_Lactone,39
40.75,E6_a-Hydroxy_Glutaric_Acid-g_Lactone,36
41.0,E6_a-Hydroxy_Glutaric_Acid-g_Lactone,36
41.25,E6_a-Hydroxy_Glutaric_Acid-g_Lactone,37
41.5,E6_a-Hydroxy_Glutaric_Acid-g_Lactone,38
41.75,E6_a-Hydroxy_Glutaric_Acid-g_Lactone,35
42.0,E6_a-Hydroxy_Glutaric_Acid-g_Lactone,37
42.25,E6_a-Hydroxy_Glutaric_Acid-g_Lactone,38
42.5,E6_a-Hydroxy_Glutaric_Acid-g_Lactone,36
42.75,E6_a-Hydroxy_Glutaric_Acid-g_Lactone,35
43.0,E6_a-Hydroxy_Glutaric_Acid-g_Lactone,39
43.25,E6_a-Hydroxy_Glutaric_Acid-g_Lactone,35
43.5,E6_a-Hydroxy_Glutaric_Acid-g_Lactone,37
43.75,E6_a-Hydroxy_Glutaric_Acid-g_Lactone,40
44.0,E6_a-Hydroxy_Glutaric_Acid-g_Lactone,38
44.25,E6_a-Hydroxy_Glutaric_Acid-g_Lactone,36
44.5,E6_a-Hydroxy_Glutaric_Acid-g_Lactone,37
44.75,E6_a-Hydroxy_Glutaric_Acid-g_Lactone,36
45.0,E6_a-Hydroxy_Glutaric_Acid-g_Lactone,38
45.25,E6_a-Hydroxy_Glutaric_Acid-g_Lactone,35
45.5,E6_a-Hydroxy_Glutaric_Acid-g_Lactone,40
45.75,E6_a-Hydroxy_Glutaric_Acid-g_Lactone,41
46.0,E6_a-Hydroxy_Glutaric_Acid-g_Lactone,32
46.25,E6_a-Hydroxy_Glutaric_Acid-g_Lactone,36
46.5,E6_a-Hydroxy_Glutaric_Acid-g_Lactone,35
46.75,E6_a-Hydroxy_Glutaric_Acid-g_Lactone,37
47.0,E6_a-Hydroxy_Glutaric_Acid-g_Lactone,39
47.25,E6_a-Hydroxy_Glutaric_Acid-g_Lactone,39
47.5,E6_a-Hydroxy_Glutaric_Acid-g_Lactone,0
0.0,E7_a-Hydroxy_Butyric_Acid,11
0.25,E7_a-Hydroxy_Butyric_Acid,11
0.5,E7_a-Hydroxy_Butyric_Acid,11
0.75,E7_a-Hydroxy_Butyric_Acid,11
1.0,E7_a-Hydroxy_Butyric_Acid,11
1.25,E7_a-Hydroxy_Butyric_Acid,11
1.5,E7_a-Hydroxy_Butyric_Acid,11
1.75,E7_a-Hydroxy_Butyric_Acid,11
2.0,E7_a-Hydroxy_Butyric_Acid,13
2.25,E7_a-Hydroxy_Butyric_Acid,11
2.5,E7_a-Hydroxy_Butyric_Acid,11
2.75,E7_a-Hydroxy_Butyric_Acid,11
3.0,E7_a-Hydroxy_Butyric_Acid,11
3.25,E7_a-Hydroxy_Butyric_Acid,11
3.5,E7_a-Hydroxy_Butyric_Acid,11
3.75,E7_a-Hydroxy_Butyric_Acid,12
4.0,E7_a-Hydroxy_Butyric_Acid,11
4.25,E7_a-Hydroxy_Butyric_Acid,15
4.5,E7_a-Hydroxy_Butyric_Acid,14
4.75,E7_a-Hydroxy_Butyric_Acid,12
5.0,E7_a-Hydroxy_Butyric_Acid,14
5.25,E7_a-Hydroxy_Butyric_Acid,20
5.5,E7_a-Hydroxy_Butyric_Acid,14
5.75,E7_a-Hydroxy_Butyric_Acid,15
6.0,E7_a-Hydroxy_Butyric_Acid,18
6.25,E7_a-Hydroxy_Butyric_Acid,14
6.5,E7_a-Hydroxy_Butyric_Acid,20
6.75,E7_a-Hydroxy_Butyric_Acid,18
7.0,E7_a-Hydroxy_Butyric_Acid,23
7.25,E7_a-Hydroxy_Butyric_Acid,20
7.5,E7_a-Hydroxy_Butyric_Acid,21
7.75,E7_a-Hydroxy_Butyric_Acid,24
8.0,E7_a-Hydroxy_Butyric_Acid,27
8.25,E7_a-Hydroxy_Butyric_Acid,24
8.5,E7_a-Hydroxy_Butyric_Acid,26
8.75,E7_a-Hydroxy_Butyric_Acid,25
9.0,E7_a-Hydroxy_Butyric_Acid,24
9.25,E7_a-Hydroxy_Butyric_Acid,22
9.5,E7_a-Hydroxy_Butyric_Acid,25
9.75,E7_a-Hydroxy_Butyric_Acid,25
10.0,E7_a-Hydroxy_Butyric_Acid,25
10.25,E7_a-Hydroxy_Butyric_Acid,23
10.5,E7_a-Hydroxy_Butyric_Acid,22
10.75,E7_a-Hydroxy_Butyric_Acid,28
11.0,E7_a-Hydroxy_Butyric_Acid,26
11.25,E7_a-Hydroxy_Butyric_Acid,25
11.5,E7_a-Hydroxy_Butyric_Acid,27
11.75,E7_a-Hydroxy_Butyric_Acid,31
12.0,E7_a-Hydroxy_Butyric_Acid,26
12.25,E7_a-Hydroxy_Butyric_Acid,28
12.5,E7_a-Hydroxy_Butyric_Acid,31
12.75,E7_a-Hydroxy_Butyric_Acid,29
13.0,E7_a-Hydroxy_Butyric_Acid,31
13.25,E7_a-Hydroxy_Butyric_Acid,29
13.5,E7_a-Hydroxy_Butyric_Acid,30
13.75,E7_a-Hydroxy_Butyric_Acid,30
14.0,E7_a-Hydroxy_Butyric_Acid,30
14.25,E7_a-Hydroxy_Butyric_Acid,27
14.5,E7_a-Hydroxy_Butyric_Acid,29
14.75,E7_a-Hydroxy_Butyric_Acid,36
15.0,E7_a-Hydroxy_Butyric_Acid,29
15.25,E7_a-Hydroxy_Butyric_Acid,31
15.5,E7_a-Hydroxy_Butyric_Acid,35
15.75,E7_a-Hydroxy_Butyric_Acid,30
16.0,E7_a-Hydroxy_Butyric_Acid,31
16.25,E7_a-Hydroxy_Butyric_Acid,32
16.5,E7_a-Hydroxy_Butyric_Acid,29
16.75,E7_a-Hydroxy_Butyric_Acid,36
17.0,E7_a-Hydroxy_Butyric_Acid,37
17.25,E7_a-Hydroxy_Butyric_Acid,35
17.5,E7_a-Hydroxy_Butyric_Acid,34
17.75,E7_a-Hydroxy_Butyric_Acid,37
18.0,E7_a-Hydroxy_Butyric_Acid,36
18.25,E7_a-Hydroxy_Butyric_Acid,40
18.5,E7_a-Hydroxy_Butyric_Acid,35
18.75,E7_a-Hydroxy_Butyric_Acid,34
19.0,E7_a-Hydroxy_Butyric_Acid,35
19.25,E7_a-Hydroxy_Butyric_Acid,37
19.5,E7_a-Hydroxy_Butyric_Acid,37
19.75,E7_a-Hydroxy_Butyric_Acid,39
20.0,E7_a-Hydroxy_Butyric_Acid,35
20.25,E7_a-Hydroxy_Butyric_Acid,35
20.5,E7_a-Hydroxy_Butyric_Acid,34
20.75,E7_a-Hydroxy_Butyric_Acid,38
21.0,E7_a-Hydroxy_Butyric_Acid,33
21.25,E7_a-Hydroxy_Butyric_Acid,38
21.5,E7_a-Hydroxy_Butyric_Acid,39
21.75,E7_a-Hydroxy_Butyric_Acid,38
22.0,E7_a-Hydroxy_Butyric_Acid,38
22.25,E7_a-Hydroxy_Butyric_Acid,41
22.5,E7_a-Hydroxy_Butyric_Acid,40
22.75,E7_a-Hydroxy_Butyric_Acid,42
23.0,E7_a-Hydroxy_Butyric_Acid,39
23.25,E7_a-Hydroxy_Butyric_Acid,38
23.5,E7_a-Hydroxy_Butyric_Acid,39
23.75,E7_a-Hydroxy_Butyric_Acid,41
24.0,E7_a-Hydroxy_Butyric_Acid,40
24.25,E7_a-Hydroxy_Butyric_Acid,38
24.5,E7_a-Hydroxy_Butyric_Acid,43
24.75,E7_a-Hydroxy_Butyric_Acid,44
25.0,E7_a-Hydroxy_Butyric_Acid,41
25.25,E7_a-Hydroxy_Butyric_Acid,44
25.5,E7_a-Hydroxy_Butyric_Acid,42
25.75,E7_a-Hydroxy_Butyric_Acid,39
26.0,E7_a-Hydroxy_Butyric_Acid,43
26.25,E7_a-Hydroxy_Butyric_Acid,42
26.5,E7_a-Hydroxy_Butyric_Acid,40
26.75,E7_a-Hydroxy_Butyric_Acid,42
27.0,E7_a-Hydroxy_Butyric_Acid,43
27.25,E7_a-Hydroxy_Butyric_Acid,42
27.5,E7_a-Hydroxy_Butyric_Acid,42
27.75,E7_a-Hydroxy_Butyric_Acid,42
28.0,E7_a-Hydroxy_Butyric_Acid,40
28.25,E7_a-Hydroxy_Butyric_Acid,43
28.5,E7_a-Hydroxy_Butyric_Acid,43
28.75,E7_a-Hydroxy_Butyric_Acid,39
29.0,E7_a-Hydroxy_Butyric_Acid,39
29.25,E7_a-Hydroxy_Butyric_Acid,42
29.5,E7_a-Hydroxy_Butyric_Acid,43
29.75,E7_a-Hydroxy_Butyric_Acid,43
30.0,E7_a-Hydroxy_Butyric_Acid,42
30.25,E7_a-Hydroxy_Butyric_Acid,41
30.5,E7_a-Hydroxy_Butyric_Acid,40
30.75,E7_a-Hydroxy_Butyric_Acid,43
31.0,E7_a-Hydroxy_Butyric_Acid,39
31.25,E7_a-Hydroxy_Butyric_Acid,44
31.5,E7_a-Hydroxy_Butyric_Acid,42
31.75,E7_a-Hydroxy_Butyric_Acid,45
32.0,E7_a-Hydroxy_Butyric_Acid,43
32.25,E7_a-Hydroxy_Butyric_Acid,43
32.5,E7_a-Hydroxy_Butyric_Acid,42
32.75,E7_a-Hydroxy_Butyric_Acid,43
33.0,E7_a-Hydroxy_Butyric_Acid,47
33.25,E7_a-Hydroxy_Butyric_Acid,43
33.5,E7_a-Hydroxy_Butyric_Acid,50
33.75,E7_a-Hydroxy_Butyric_Acid,49
34.0,E7_a-Hydroxy_Butyric_Acid,43
34.25,E7_a-Hydroxy_Butyric_Acid,47
34.5,E7_a-Hydroxy_Butyric_Acid,46
34.75,E7_a-Hydroxy_Butyric_Acid,42
35.0,E7_a-Hydroxy_Butyric_Acid,46
35.25,E7_a-Hydroxy_Butyric_Acid,39
35.5,E7_a-Hydroxy_Butyric_Acid,46
35.75,E7_a-Hydroxy_Butyric_Acid,43
36.0,E7_a-Hydroxy_Butyric_Acid,44
36.25,E7_a-Hydroxy_Butyric_Acid,42
36.5,E7_a-Hydroxy_Butyric_Acid,44
36.75,E7_a-Hydroxy_Butyric_Acid,42
37.0,E7_a-Hydroxy_Butyric_Acid,42
37.25,E7_a-Hydroxy_Butyric_Acid,44
37.5,E7_a-Hydroxy_Butyric_Acid,45
37.75,E7_a-Hydroxy_Butyric_Acid,47
38.0,E7_a-Hydroxy_Butyric_Acid,45
38.25,E7_a-Hydroxy_Butyric_Acid,44
38.5,E7_a-Hydroxy_Butyric_Acid,43
38.75,E7_a-Hydroxy_Butyric_Acid,46
39.0,E7_a-Hydroxy_Butyric_Acid,43
39.25,E7_a-Hydroxy_Butyric_Acid,40
39.5,E7_a-Hydroxy_Butyric_Acid,44
39.75,E7_a-Hydroxy_Butyric_Acid,46
40.0,E7_a-Hydroxy_Butyric_Acid,42
40.25,E7_a-Hydroxy_Butyric_Acid,43
40.5,E7_a-Hydroxy_Butyric_Acid,46
40.75,E7_a-Hydroxy_Butyric_Acid,47
41.0,E7_a-Hydroxy_Butyric_Acid,46
41.25,E7_a-Hydroxy_Butyric_Acid,48
41.5,E7_a-Hydroxy_Butyric_Acid,47
41.75,E7_a-Hydroxy_Butyric_Acid,46
42.0,E7_a-Hydroxy_Butyric_Acid,45
42.25,E7_a-Hydroxy_Butyric_Acid,44
42.5,E7_a-Hydroxy_Butyric_Acid,46
42.75,E7_a-Hydroxy_Butyric_Acid,42
43.0,E7_a-Hydroxy_Butyric_Acid,45
43.25,E7_a-Hydroxy_Butyric_Acid,45
43.5,E7_a-Hydroxy_Butyric_Acid,44
43.75,E7_a-Hydroxy_Butyric_Acid,46
44.0,E7_a-Hydroxy_Butyric_Acid,46
44.25,E7_a-Hydroxy_Butyric_Acid,46
44.5,E7_a-Hydroxy_Butyric_Acid,48
44.75,E7_a-Hydroxy_Butyric_Acid,41
45.0,E7_a-Hydroxy_Butyric_Acid,44
45.25,E7_a-Hydroxy_Butyric_Acid,44
45.5,E7_a-Hydroxy_Butyric_Acid,50
45.75,E7_a-Hydroxy_Butyric_Acid,49
46.0,E7_a-Hydroxy_Butyric_Acid,46
46.25,E7_a-Hydroxy_Butyric_Acid,48
46.5,E7_a-Hydroxy_Butyric_Acid,42
46.75,E7_a-Hydroxy_Butyric_Acid,47
47.0,E7_a-Hydroxy_Butyric_Acid,46
47.25,E7_a-Hydroxy_Butyric_Acid,47
47.5,E7_a-Hydroxy_Butyric_Acid,0
0.0,E8_B-Methyl-D_Glucoside,29
0.25,E8_B-Methyl-D_Glucoside,13
0.5,E8_B-Methyl-D_Glucoside,11
0.75,E8_B-Methyl-D_Glucoside,13
1.0,E8_B-Methyl-D_Glucoside,11
1.25,E8_B-Methyl-D_Glucoside,11
1.5,E8_B-Methyl-D_Glucoside,13
1.75,E8_B-Methyl-D_Glucoside,11
2.0,E8_B-Methyl-D_Glucoside,15
2.25,E8_B-Methyl-D_Glucoside,11
2.5,E8_B-Methyl-D_Glucoside,15
2.75,E8_B-Methyl-D_Glucoside,11
3.0,E8_B-Methyl-D_Glucoside,11
3.25,E8_B-Methyl-D_Glucoside,17
3.5,E8_B-Methyl-D_Glucoside,13
3.75,E8_B-Methyl-D_Glucoside,14
4.0,E8_B-Methyl-D_Glucoside,13
4.25,E8_B-Methyl-D_Glucoside,14
4.5,E8_B-Methyl-D_Glucoside,17
4.75,E8_B-Methyl-D_Glucoside,14
5.0,E8_B-Methyl-D_Glucoside,19
5.25,E8_B-Methyl-D_Glucoside,20
5.5,E8_B-Methyl-D_Glucoside,21
5.75,E8_B-Methyl-D_Glucoside,25
6.0,E8_B-Methyl-D_Glucoside,24
6.25,E8_B-Methyl-D_Glucoside,23
6.5,E8_B-Methyl-D_Glucoside,24
6.75,E8_B-Methyl-D_Glucoside,27
7.0,E8_B-Methyl-D_Glucoside,26
7.25,E8_B-Methyl-D_Glucoside,28
7.5,E8_B-Methyl-D_Glucoside,25
7.75,E8_B-Methyl-D_Glucoside,28
8.0,E8_B-Methyl-D_Glucoside,32
8.25,E8_B-Methyl-D_Glucoside,23
8.5,E8_B-Methyl-D_Glucoside,30
8.75,E8_B-Methyl-D_Glucoside,30
9.0,E8_B-Methyl-D_Glucoside,37
9.25,E8_B-Methyl-D_Glucoside,30
9.5,E8_B-Methyl-D_Glucoside,27
9.75,E8_B-Methyl-D_Glucoside,34
10.0,E8_B-Methyl-D_Glucoside,27
10.25,E8_B-Methyl-D_Glucoside,32
10.5,E8_B-Methyl-D_Glucoside,31
10.75,E8_B-Methyl-D_Glucoside,29
11.0,E8_B-Methyl-D_Glucoside,31
11.25,E8_B-Methyl-D_Glucoside,28
11.5,E8_B-Methyl-D_Glucoside,32
11.75,E8_B-Methyl-D_Glucoside,31
12.0,E8_B-Methyl-D_Glucoside,27
12.25,E8_B-Methyl-D_Glucoside,30
12.5,E8_B-Methyl-D_Glucoside,35
12.75,E8_B-Methyl-D_Glucoside,36
13.0,E8_B-Methyl-D_Glucoside,30
13.25,E8_B-Methyl-D_Glucoside,31
13.5,E8_B-Methyl-D_Glucoside,32
13.75,E8_B-Methyl-D_Glucoside,31
14.0,E8_B-Methyl-D_Glucoside,32
14.25,E8_B-Methyl-D_Glucoside,32
14.5,E8_B-Methyl-D_Glucoside,33
14.75,E8_B-Methyl-D_Glucoside,35
15.0,E8_B-Methyl-D_Glucoside,32
15.25,E8_B-Methyl-D_Glucoside,34
15.5,E8_B-Methyl-D_Glucoside,35
15.75,E8_B-Methyl-D_Glucoside,34
16.0,E8_B-Methyl-D_Glucoside,37
16.25,E8_B-Methyl-D_Glucoside,38
16.5,E8_B-Methyl-D_Glucoside,31
16.75,E8_B-Methyl-D_Glucoside,37
17.0,E8_B-Methyl-D_Glucoside,34
17.25,E8_B-Methyl-D_Glucoside,38
17.5,E8_B-Methyl-D_Glucoside,35
17.75,E8_B-Methyl-D_Glucoside,35
18.0,E8_B-Methyl-D_Glucoside,32
18.25,E8_B-Methyl-D_Glucoside,35
18.5,E8_B-Methyl-D_Glucoside,37
18.75,E8_B-Methyl-D_Glucoside,32
19.0,E8_B-Methyl-D_Glucoside,35
19.25,E8_B-Methyl-D_Glucoside,35
19.5,E8_B-Methyl-D_Glucoside,35
19.75,E8_B-Methyl-D_Glucoside,35
20.0,E8_B-Methyl-D_Glucoside,37
20.25,E8_B-Methyl-D_Glucoside,37
20.5,E8_B-Methyl-D_Glucoside,38
20.75,E8_B-Methyl-D_Glucoside,36
21.0,E8_B-Methyl-D_Glucoside,38
21.25,E8_B-Methyl-D_Glucoside,35
21.5,E8_B-Methyl-D_Glucoside,40
21.75,E8_B-Methyl-D_Glucoside,36
22.0,E8_B-Methyl-D_Glucoside,41
22.25,E8_B-Methyl-D_Glucoside,44
22.5,E8_B-Methyl-D_Glucoside,41
22.75,E8_B-Methyl-D_Glucoside,35
23.0,E8_B-Methyl-D_Glucoside,38
23.25,E8_B-Methyl-D_Glucoside,37
23.5,E8_B-Methyl-D_Glucoside,37
23.75,E8_B-Methyl-D_Glucoside,37
24.0,E8_B-Methyl-D_Glucoside,36
24.25,E8_B-Methyl-D_Glucoside,37
24.5,E8_B-Methyl-D_Glucoside,40
24.75,E8_B-Methyl-D_Glucoside,40
25.0,E8_B-Methyl-D_Glucoside,34
25.25,E8_B-Methyl-D_Glucoside,38
25.5,E8_B-Methyl-D_Glucoside,39
25.75,E8_B-Methyl-D_Glucoside,35
26.0,E8_B-Methyl-D_Glucoside,33
26.25,E8_B-Methyl-D_Glucoside,38
26.5,E8_B-Methyl-D_Glucoside,41
26.75,E8_B-Methyl-D_Glucoside,40
27.0,E8_B-Methyl-D_Glucoside,41
27.25,E8_B-Methyl-D_Glucoside,39
27.5,E8_B-Methyl-D_Glucoside,36
27.75,E8_B-Methyl-D_Glucoside,42
28.0,E8_B-Methyl-D_Glucoside,41
28.25,E8_B-Methyl-D_Glucoside,37
28.5,E8_B-Methyl-D_Glucoside,41
28.75,E8_B-Methyl-D_Glucoside,40
29.0,E8_B-Methyl-D_Glucoside,40
29.25,E8_B-Methyl-D_Glucoside,42
29.5,E8_B-Methyl-D_Glucoside,41
29.75,E8_B-Methyl-D_Glucoside,37
30.0,E8_B-Methyl-D_Glucoside,40
30.25,E8_B-Methyl-D_Glucoside,37
30.5,E8_B-Methyl-D_Glucoside,37
30.75,E8_B-Methyl-D_Glucoside,51
31.0,E8_B-Methyl-D_Glucoside,40
31.25,E8_B-Methyl-D_Glucoside,37
31.5,E8_B-Methyl-D_Glucoside,38
31.75,E8_B-Methyl-D_Glucoside,37
32.0,E8_B-Methyl-D_Glucoside,45
32.25,E8_B-Methyl-D_Glucoside,40
32.5,E8_B-Methyl-D_Glucoside,41
32.75,E8_B-Methyl-D_Glucoside,43
33.0,E8_B-Methyl-D_Glucoside,46
33.25,E8_B-Methyl-D_Glucoside,43
33.5,E8_B-Methyl-D_Glucoside,44
33.75,E8_B-Methyl-D_Glucoside,42
34.0,E8_B-Methyl-D_Glucoside,43
34.25,E8_B-Methyl-D_Glucoside,55
34.5,E8_B-Methyl-D_Glucoside,50
34.75,E8_B-Methyl-D_Glucoside,45
35.0,E8_B-Methyl-D_Glucoside,44
35.25,E8_B-Methyl-D_Glucoside,39
35.5,E8_B-Methyl-D_Glucoside,44
35.75,E8_B-Methyl-D_Glucoside,44
36.0,E8_B-Methyl-D_Glucoside,45
36.25,E8_B-Methyl-D_Glucoside,40
36.5,E8_B-Methyl-D_Glucoside,48
36.75,E8_B-Methyl-D_Glucoside,48
37.0,E8_B-Methyl-D_Glucoside,48
37.25,E8_B-Methyl-D_Glucoside,46
37.5,E8_B-Methyl-D_Glucoside,47
37.75,E8_B-Methyl-D_Glucoside,47
38.0,E8_B-Methyl-D_Glucoside,48
38.25,E8_B-Methyl-D_Glucoside,49
38.5,E8_B-Methyl-D_Glucoside,48
38.75,E8_B-Methyl-D_Glucoside,50
39.0,E8_B-Methyl-D_Glucoside,48
39.25,E8_B-Methyl-D_Glucoside,48
39.5,E8_B-Methyl-D_Glucoside,52
39.75,E8_B-Methyl-D_Glucoside,51
40.0,E8_B-Methyl-D_Glucoside,49
40.25,E8_B-Methyl-D_Glucoside,48
40.5,E8_B-Methyl-D_Glucoside,54
40.75,E8_B-Methyl-D_Glucoside,50
41.0,E8_B-Methyl-D_Glucoside,50
41.25,E8_B-Methyl-D_Glucoside,48
41.5,E8_B-Methyl-D_Glucoside,53
41.75,E8_B-Methyl-D_Glucoside,55
42.0,E8_B-Methyl-D_Glucoside,55
42.25,E8_B-Methyl-D_Glucoside,54
42.5,E8_B-Methyl-D_Glucoside,56
42.75,E8_B-Methyl-D_Glucoside,52
43.0,E8_B-Methyl-D_Glucoside,56
43.25,E8_B-Methyl-D_Glucoside,52
43.5,E8_B-Methyl-D_Glucoside,53
43.75,E8_B-Methyl-D_Glucoside,59
44.0,E8_B-Methyl-D_Glucoside,58
44.25,E8_B-Methyl-D_Glucoside,58
44.5,E8_B-Methyl-D_Glucoside,58
44.75,E8_B-Methyl-D_Glucoside,62
45.0,E8_B-Methyl-D_Glucoside,54
45.25,E8_B-Methyl-D_Glucoside,57
45.5,E8_B-Methyl-D_Glucoside,64
45.75,E8_B-Methyl-D_Glucoside,64
46.0,E8_B-Methyl-D_Glucoside,60
46.25,E8_B-Methyl-D_Glucoside,60
46.5,E8_B-Methyl-D_Glucoside,58
46.75,E8_B-Methyl-D_Glucoside,59
47.0,E8_B-Methyl-D_Glucoside,60
47.25,E8_B-Methyl-D_Glucoside,66
47.5,E8_B-Methyl-D_Glucoside,0
0.0,E9_Adonitol,11
0.25,E9_Adonitol,11
0.5,E9_Adonitol,11
0.75,E9_Adonitol,15
1.0,E9_Adonitol,12
1.25,E9_Adonitol,11
1.5,E9_Adonitol,15
1.75,E9_Adonitol,14
2.0,E9_Adonitol,11
2.25,E9_Adonitol,14
2.5,E9_Adonitol,13
2.75,E9_Adonitol,12
3.0,E9_Adonitol,13
3.25,E9_Adonitol,15
3.5,E9_Adonitol,15
3.75,E9_Adonitol,15
4.0,E9_Adonitol,13
4.25,E9_Adonitol,13
4.5,E9_Adonitol,15
4.75,E9_Adonitol,19
5.0,E9_Adonitol,19
5.25,E9_Adonitol,23
5.5,E9_Adonitol,21
5.75,E9_Adonitol,18
6.0,E9_Adonitol,17
6.25,E9_Adonitol,17
6.5,E9_Adonitol,23
6.75,E9_Adonitol,25
7.0,E9_Adonitol,24
7.25,E9_Adonitol,22
7.5,E9_Adonitol,23
7.75,E9_Adonitol,26
8.0,E9_Adonitol,26
8.25,E9_Adonitol,24
8.5,E9_Adonitol,30
8.75,E9_Adonitol,23
9.0,E9_Adonitol,30
9.25,E9_Adonitol,21
9.5,E9_Adonitol,24
9.75,E9_Adonitol,30
10.0,E9_Adonitol,29
10.25,E9_Adonitol,25
10.5,E9_Adonitol,29
10.75,E9_Adonitol,28
11.0,E9_Adonitol,29
11.25,E9_Adonitol,27
11.5,E9_Adonitol,27
11.75,E9_Adonitol,28
12.0,E9_Adonitol,27
12.25,E9_Adonitol,26
12.5,E9_Adonitol,32
12.75,E9_Adonitol,31
13.0,E9_Adonitol,29
13.25,E9_Adonitol,30
13.5,E9_Adonitol,31
13.75,E9_Adonitol,31
14.0,E9_Adonitol,30
14.25,E9_Adonitol,31
14.5,E9_Adonitol,31
14.75,E9_Adonitol,31
15.0,E9_Adonitol,29
15.25,E9_Adonitol,28
15.5,E9_Adonitol,36
15.75,E9_Adonitol,30
16.0,E9_Adonitol,33
16.25,E9_Adonitol,33
16.5,E9_Adonitol,34
16.75,E9_Adonitol,33
17.0,E9_Adonitol,38
17.25,E9_Adonitol,36
17.5,E9_Adonitol,36
17.75,E9_Adonitol,36
18.0,E9_Adonitol,36
18.25,E9_Adonitol,34
18.5,E9_Adonitol,37
18.75,E9_Adonitol,34
19.0,E9_Adonitol,37
19.25,E9_Adonitol,36
19.5,E9_Adonitol,35
19.75,E9_Adonitol,29
20.0,E9_Adonitol,36
20.25,E9_Adonitol,43
20.5,E9_Adonitol,40
20.75,E9_Adonitol,36
21.0,E9_Adonitol,35
21.25,E9_Adonitol,37
21.5,E9_Adonitol,35
21.75,E9_Adonitol,35
22.0,E9_Adonitol,38
22.25,E9_Adonitol,40
22.5,E9_Adonitol,38
22.75,E9_Adonitol,38
23.0,E9_Adonitol,37
23.25,E9_Adonitol,37
23.5,E9_Adonitol,36
23.75,E9_Adonitol,40
24.0,E9_Adonitol,38
24.25,E9_Adonitol,40
24.5,E9_Adonitol,40
24.75,E9_Adonitol,41
25.0,E9_Adonitol,40
25.25,E9_Adonitol,42
25.5,E9_Adonitol,40
25.75,E9_Adonitol,37
26.0,E9_Adonitol,38
26.25,E9_Adonitol,42
26.5,E9_Adonitol,37
26.75,E9_Adonitol,41
27.0,E9_Adonitol,43
27.25,E9_Adonitol,44
27.5,E9_Adonitol,38
27.75,E9_Adonitol,40
28.0,E9_Adonitol,40
28.25,E9_Adonitol,42
28.5,E9_Adonitol,36
28.75,E9_Adonitol,36
29.0,E9_Adonitol,43
29.25,E9_Adonitol,37
29.5,E9_Adonitol,39
29.75,E9_Adonitol,38
30.0,E9_Adonitol,39
30.25,E9_Adonitol,39
30.5,E9_Adonitol,43
30.75,E9_Adonitol,44
31.0,E9_Adonitol,42
31.25,E9_Adonitol,40
31.5,E9_Adonitol,40
31.75,E9_Adonitol,42
32.0,E9_Adonitol,40
32.25,E9_Adonitol,35
32.5,E9_Adonitol,41
32.75,E9_Adonitol,42
33.0,E9_Adonitol,44
33.25,E9_Adonitol,41
33.5,E9_Adonitol,42
33.75,E9_Adonitol,40
34.0,E9_Adonitol,44
34.25,E9_Adonitol,43
34.5,E9_Adonitol,44
34.75,E9_Adonitol,43
35.0,E9_Adonitol,42
35.25,E9_Adonitol,40
35.5,E9_Adonitol,39
35.75,E9_Adonitol,41
36.0,E9_Adonitol,43
36.25,E9_Adonitol,41
36.5,E9_Adonitol,42
36.75,E9_Adonitol,40
37.0,E9_Adonitol,41
37.25,E9_Adonitol,39
37.5,E9_Adonitol,37
37.75,E9_Adonitol,48
38.0,E9_Adonitol,41
38.25,E9_Adonitol,42
38.5,E9_Adonitol,40
38.75,E9_Adonitol,43
39.0,E9_Adonitol,42
39.25,E9_Adonitol,40
39.5,E9_Adonitol,39
39.75,E9_Adonitol,42
40.0,E9_Adonitol,39
40.25,E9_Adonitol,43
40.5,E9_Adonitol,41
40.75,E9_Adonitol,41
41.0,E9_Adonitol,40
41.25,E9_Adonitol,39
41.5,E9_Adonitol,40
41.75,E9_Adonitol,36
42.0,E9_Adonitol,38
42.25,E9_Adonitol,35
42.5,E9_Adonitol,40
42.75,E9_Adonitol,39
43.0,E9_Adonitol,42
43.25,E9_Adonitol,39
43.5,E9_Adonitol,43
43.75,E9_Adonitol,40
44.0,E9_Adonitol,38
44.25,E9_Adonitol,40
44.5,E9_Adonitol,38
44.75,E9_Adonitol,42
45.0,E9_Adonitol,39
45.25,E9_Adonitol,39
45.5,E9_Adonitol,45
45.75,E9_Adonitol,40
46.0,E9_Adonitol,40
46.25,E9_Adonitol,39
46.5,E9_Adonitol,42
46.75,E9_Adonitol,44
47.0,E9_Adonitol,40
47.25,E9_Adonitol,42
47.5,E9_Adonitol,0
0.0,E10_Maltotriose,18
0.25,E10_Maltotriose,15
0.5,E10_Maltotriose,11
0.75,E10_Maltotriose,11
1.0,E10_Maltotriose,11
1.25,E10_Maltotriose,11
1.5,E10_Maltotriose,16
1.75,E10_Maltotriose,14
2.0,E10_Maltotriose,12
2.25,E10_Maltotriose,11
2.5,E10_Maltotriose,12
2.75,E10_Maltotriose,15
3.0,E10_Maltotriose,11
3.25,E10_Maltotriose,11
3.5,E10_Maltotriose,11
3.75,E10_Maltotriose,11
4.0,E10_Maltotriose,11
4.25,E10_Maltotriose,13
4.5,E10_Maltotriose,16
4.75,E10_Maltotriose,17
5.0,E10_Maltotriose,18
5.25,E10_Maltotriose,21
5.5,E10_Maltotriose,20
5.75,E10_Maltotriose,22
6.0,E10_Maltotriose,22
6.25,E10_Maltotriose,27
6.5,E10_Maltotriose,30
6.75,E10_Maltotriose,34
7.0,E10_Maltotriose,38
7.25,E10_Maltotriose,38
7.5,E10_Maltotriose,45
7.75,E10_Maltotriose,44
8.0,E10_Maltotriose,48
8.25,E10_Maltotriose,55
8.5,E10_Maltotriose,60
8.75,E10_Maltotriose,60
9.0,E10_Maltotriose,69
9.25,E10_Maltotriose,75
9.5,E10_Maltotriose,78
9.75,E10_Maltotriose,79
10.0,E10_Maltotriose,88
10.25,E10_Maltotriose,93
10.5,E10_Maltotriose,99
10.75,E10_Maltotriose,105
11.0,E10_Maltotriose,113
11.25,E10_Maltotriose,113
11.5,E10_Maltotriose,122
11.75,E10_Maltotriose,124
12.0,E10_Maltotriose,136
12.25,E10_Maltotriose,140
12.5,E10_Maltotriose,148
12.75,E10_Maltotriose,153
13.0,E10_Maltotriose,157
13.25,E10_Maltotriose,160
13.5,E10_Maltotriose,166
13.75,E10_Maltotriose,169
14.0,E10_Maltotriose,171
14.25,E10_Maltotriose,178
14.5,E10_Maltotriose,180
14.75,E10_Maltotriose,187
15.0,E10_Maltotriose,191
15.25,E10_Maltotriose,198
15.5,E10_Maltotriose,202
15.75,E10_Maltotriose,210
16.0,E10_Maltotriose,211
16.25,E10_Maltotriose,215
16.5,E10_Maltotriose,213
16.75,E10_Maltotriose,217
17.0,E10_Maltotriose,223
17.25,E10_Maltotriose,226
17.5,E10_Maltotriose,230
17.75,E10_Maltotriose,232
18.0,E10_Maltotriose,236
18.25,E10_Maltotriose,237
18.5,E10_Maltotriose,239
18.75,E10_Maltotriose,242
19.0,E10_Maltotriose,242
19.25,E10_Maltotriose,244
19.5,E10_Maltotriose,246
19.75,E10_Maltotriose,247
20.0,E10_Maltotriose,251
20.25,E10_Maltotriose,254
20.5,E10_Maltotriose,254
20.75,E10_Maltotriose,257
21.0,E10_Maltotriose,259
21.25,E10_Maltotriose,261
21.5,E10_Maltotriose,256
21.75,E10_Maltotriose,260
22.0,E10_Maltotriose,261
22.25,E10_Maltotriose,262
22.5,E10_Maltotriose,261
22.75,E10_Maltotriose,262
23.0,E10_Maltotriose,264
23.25,E10_Maltotriose,266
23.5,E10_Maltotriose,267
23.75,E10_Maltotriose,267
24.0,E10_Maltotriose,269
24.25,E10_Maltotriose,265
24.5,E10_Maltotriose,268
24.75,E10_Maltotriose,268
25.0,E10_Maltotriose,269
25.25,E10_Maltotriose,269
25.5,E10_Maltotriose,272
25.75,E10_Maltotriose,269
26.0,E10_Maltotriose,268
26.25,E10_Maltotriose,274
26.5,E10_Maltotriose,273
26.75,E10_Maltotriose,272
27.0,E10_Maltotriose,271
27.25,E10_Maltotriose,272
27.5,E10_Maltotriose,271
27.75,E10_Maltotriose,268
28.0,E10_Maltotriose,271
28.25,E10_Maltotriose,273
28.5,E10_Maltotriose,275
28.75,E10_Maltotriose,274
29.0,E10_Maltotriose,275
29.25,E10_Maltotriose,272
29.5,E10_Maltotriose,275
29.75,E10_Maltotriose,274
30.0,E10_Maltotriose,273
30.25,E10_Maltotriose,274
30.5,E10_Maltotriose,278
30.75,E10_Maltotriose,274
31.0,E10_Maltotriose,274
31.25,E10_Maltotriose,273
31.5,E10_Maltotriose,274
31.75,E10_Maltotriose,273
32.0,E10_Maltotriose,276
32.25,E10_Maltotriose,272
32.5,E10_Maltotriose,273
32.75,E10_Maltotriose,278
33.0,E10_Maltotriose,280
33.25,E10_Maltotriose,281
33.5,E10_Maltotriose,279
33.75,E10_Maltotriose,279
34.0,E10_Maltotriose,276
34.25,E10_Maltotriose,279
34.5,E10_Maltotriose,280
34.75,E10_Maltotriose,280
35.0,E10_Maltotriose,278
35.25,E10_Maltotriose,274
35.5,E10_Maltotriose,279
35.75,E10_Maltotriose,278
36.0,E10_Maltotriose,278
36.25,E10_Maltotriose,284
36.5,E10_Maltotriose,284
36.75,E10_Maltotriose,281
37.0,E10_Maltotriose,282
37.25,E10_Maltotriose,278
37.5,E10_Maltotriose,279
37.75,E10_Maltotriose,282
38.0,E10_Maltotriose,280
38.25,E10_Maltotriose,281
38.5,E10_Maltotriose,278
38.75,E10_Maltotriose,280
39.0,E10_Maltotriose,282
39.25,E10_Maltotriose,283
39.5,E10_Maltotriose,281
39.75,E10_Maltotriose,281
40.0,E10_Maltotriose,282
40.25,E10_Maltotriose,287
40.5,E10_Maltotriose,283
40.75,E10_Maltotriose,284
41.0,E10_Maltotriose,285
41.25,E10_Maltotriose,281
41.5,E10_Maltotriose,284
41.75,E10_Maltotriose,282
42.0,E10_Maltotriose,281
42.25,E10_Maltotriose,282
42.5,E10_Maltotriose,282
42.75,E10_Maltotriose,285
43.0,E10_Maltotriose,287
43.25,E10_Maltotriose,282
43.5,E10_Maltotriose,284
43.75,E10_Maltotriose,283
44.0,E10_Maltotriose,285
44.25,E10_Maltotriose,283
44.5,E10_Maltotriose,285
44.75,E10_Maltotriose,285
45.0,E10_Maltotriose,288
45.25,E10_Maltotriose,286
45.5,E10_Maltotriose,289
45.75,E10_Maltotriose,286
46.0,E10_Maltotriose,287
46.25,E10_Maltotriose,288
46.5,E10_Maltotriose,289
46.75,E10_Maltotriose,287
47.0,E10_Maltotriose,287
47.25,E10_Maltotriose,285
47.5,E10_Maltotriose,0
0.0,E11_2-DeoxyAdenosine,27
0.25,E11_2-DeoxyAdenosine,13
0.5,E11_2-DeoxyAdenosine,23
0.75,E11_2-DeoxyAdenosine,21
1.0,E11_2-DeoxyAdenosine,22
1.25,E11_2-DeoxyAdenosine,17
1.5,E11_2-DeoxyAdenosine,22
1.75,E11_2-DeoxyAdenosine,24
2.0,E11_2-DeoxyAdenosine,20
2.25,E11_2-DeoxyAdenosine,20
2.5,E11_2-DeoxyAdenosine,21
2.75,E11_2-DeoxyAdenosine,17
3.0,E11_2-DeoxyAdenosine,18
3.25,E11_2-DeoxyAdenosine,18
3.5,E11_2-DeoxyAdenosine,14
3.75,E11_2-DeoxyAdenosine,18
4.0,E11_2-DeoxyAdenosine,20
4.25,E11_2-DeoxyAdenosine,20
4.5,E11_2-DeoxyAdenosine,20
4.75,E11_2-DeoxyAdenosine,20
5.0,E11_2-DeoxyAdenosine,19
5.25,E11_2-DeoxyAdenosine,20
5.5,E11_2-DeoxyAdenosine,27
5.75,E11_2-DeoxyAdenosine,24
6.0,E11_2-DeoxyAdenosine,23
6.25,E11_2-DeoxyAdenosine,26
6.5,E11_2-DeoxyAdenosine,28
6.75,E11_2-DeoxyAdenosine,30
7.0,E11_2-DeoxyAdenosine,27
7.25,E11_2-DeoxyAdenosine,31
7.5,E11_2-DeoxyAdenosine,35
7.75,E11_2-DeoxyAdenosine,32
8.0,E11_2-DeoxyAdenosine,30
8.25,E11_2-DeoxyAdenosine,30
8.5,E11_2-DeoxyAdenosine,32
8.75,E11_2-DeoxyAdenosine,32
9.0,E11_2-DeoxyAdenosine,32
9.25,E11_2-DeoxyAdenosine,32
9.5,E11_2-DeoxyAdenosine,37
9.75,E11_2-DeoxyAdenosine,33
10.0,E11_2-DeoxyAdenosine,35
10.25,E11_2-DeoxyAdenosine,36
10.5,E11_2-DeoxyAdenosine,41
10.75,E11_2-DeoxyAdenosine,40
11.0,E11_2-DeoxyAdenosine,39
11.25,E11_2-DeoxyAdenosine,42
11.5,E11_2-DeoxyAdenosine,39
11.75,E11_2-DeoxyAdenosine,41
12.0,E11_2-DeoxyAdenosine,40
12.25,E11_2-DeoxyAdenosine,49
12.5,E11_2-DeoxyAdenosine,47
12.75,E11_2-DeoxyAdenosine,49
13.0,E11_2-DeoxyAdenosine,52
13.25,E11_2-DeoxyAdenosine,55
13.5,E11_2-DeoxyAdenosine,62
13.75,E11_2-DeoxyAdenosine,60
14.0,E11_2-DeoxyAdenosine,69
14.25,E11_2-DeoxyAdenosine,68
14.5,E11_2-DeoxyAdenosine,68
14.75,E11_2-DeoxyAdenosine,76
15.0,E11_2-DeoxyAdenosine,80
15.25,E11_2-DeoxyAdenosine,80
15.5,E11_2-DeoxyAdenosine,88
15.75,E11_2-DeoxyAdenosine,90
16.0,E11_2-DeoxyAdenosine,98
16.25,E11_2-DeoxyAdenosine,100
16.5,E11_2-DeoxyAdenosine,104
16.75,E11_2-DeoxyAdenosine,109
17.0,E11_2-DeoxyAdenosine,117
17.25,E11_2-DeoxyAdenosine,118
17.5,E11_2-DeoxyAdenosine,122
17.75,E11_2-DeoxyAdenosine,130
18.0,E11_2-DeoxyAdenosine,134
18.25,E11_2-DeoxyAdenosine,135
18.5,E11_2-DeoxyAdenosine,142
18.75,E11_2-DeoxyAdenosine,146
19.0,E11_2-DeoxyAdenosine,152
19.25,E11_2-DeoxyAdenosine,154
19.5,E11_2-DeoxyAdenosine,158
19.75,E11_2-DeoxyAdenosine,167
20.0,E11_2-DeoxyAdenosine,173
20.25,E11_2-DeoxyAdenosine,172
20.5,E11_2-DeoxyAdenosine,175
20.75,E11_2-DeoxyAdenosine,184
21.0,E11_2-DeoxyAdenosine,184
21.25,E11_2-DeoxyAdenosine,187
21.5,E11_2-DeoxyAdenosine,188
21.75,E11_2-DeoxyAdenosine,196
22.0,E11_2-DeoxyAdenosine,195
22.25,E11_2-DeoxyAdenosine,196
22.5,E11_2-DeoxyAdenosine,201
22.75,E11_2-DeoxyAdenosine,203
23.0,E11_2-DeoxyAdenosine,210
23.25,E11_2-DeoxyAdenosine,213
23.5,E11_2-DeoxyAdenosine,214
23.75,E11_2-DeoxyAdenosine,219
24.0,E11_2-DeoxyAdenosine,221
24.25,E11_2-DeoxyAdenosine,220
24.5,E11_2-DeoxyAdenosine,224
24.75,E11_2-DeoxyAdenosine,227
25.0,E11_2-DeoxyAdenosine,224
25.25,E11_2-DeoxyAdenosine,227
25.5,E11_2-DeoxyAdenosine,230
25.75,E11_2-DeoxyAdenosine,230
26.0,E11_2-DeoxyAdenosine,230
26.25,E11_2-DeoxyAdenosine,234
26.5,E11_2-DeoxyAdenosine,232
26.75,E11_2-DeoxyAdenosine,234
27.0,E11_2-DeoxyAdenosine,233
27.25,E11_2-DeoxyAdenosine,237
27.5,E11_2-DeoxyAdenosine,237
27.75,E11_2-DeoxyAdenosine,237
28.0,E11_2-DeoxyAdenosine,236
28.25,E11_2-DeoxyAdenosine,243
28.5,E11_2-DeoxyAdenosine,243
28.75,E11_2-DeoxyAdenosine,241
29.0,E11_2-DeoxyAdenosine,243
29.25,E11_2-DeoxyAdenosine,246
29.5,E11_2-DeoxyAdenosine,244
29.75,E11_2-DeoxyAdenosine,246
30.0,E11_2-DeoxyAdenosine,249
30.25,E11_2-DeoxyAdenosine,246
30.5,E11_2-DeoxyAdenosine,248
30.75,E11_2-DeoxyAdenosine,249
31.0,E11_2-DeoxyAdenosine,247
31.25,E11_2-DeoxyAdenosine,251
31.5,E11_2-DeoxyAdenosine,251
31.75,E11_2-DeoxyAdenosine,252
32.0,E11_2-DeoxyAdenosine,251
32.25,E11_2-DeoxyAdenosine,250
32.5,E11_2-DeoxyAdenosine,251
32.75,E11_2-DeoxyAdenosine,256
33.0,E11_2-DeoxyAdenosine,253
33.25,E11_2-DeoxyAdenosine,254
33.5,E11_2-DeoxyAdenosine,253
33.75,E11_2-DeoxyAdenosine,257
34.0,E11_2-DeoxyAdenosine,256
34.25,E11_2-DeoxyAdenosine,255
34.5,E11_2-DeoxyAdenosine,256
34.75,E11_2-DeoxyAdenosine,256
35.0,E11_2-DeoxyAdenosine,254
35.25,E11_2-DeoxyAdenosine,253
35.5,E11_2-DeoxyAdenosine,256
35.75,E11_2-DeoxyAdenosine,256
36.0,E11_2-DeoxyAdenosine,255
36.25,E11_2-DeoxyAdenosine,257
36.5,E11_2-DeoxyAdenosine,255
36.75,E11_2-DeoxyAdenosine,257
37.0,E11_2-DeoxyAdenosine,255
37.25,E11_2-DeoxyAdenosine,257
37.5,E11_2-DeoxyAdenosine,256
37.75,E11_2-DeoxyAdenosine,260
38.0,E11_2-DeoxyAdenosine,258
38.25,E11_2-DeoxyAdenosine,258
38.5,E11_2-DeoxyAdenosine,260
38.75,E11_2-DeoxyAdenosine,257
39.0,E11_2-DeoxyAdenosine,257
39.25,E11_2-DeoxyAdenosine,259
39.5,E11_2-DeoxyAdenosine,259
39.75,E11_2-DeoxyAdenosine,257
40.0,E11_2-DeoxyAdenosine,258
40.25,E11_2-DeoxyAdenosine,256
40.5,E11_2-DeoxyAdenosine,261
40.75,E11_2-DeoxyAdenosine,257
41.0,E11_2-DeoxyAdenosine,259
41.25,E11_2-DeoxyAdenosine,258
41.5,E11_2-DeoxyAdenosine,257
41.75,E11_2-DeoxyAdenosine,258
42.0,E11_2-DeoxyAdenosine,259
42.25,E11_2-DeoxyAdenosine,261
42.5,E11_2-DeoxyAdenosine,257
42.75,E11_2-DeoxyAdenosine,258
43.0,E11_2-DeoxyAdenosine,260
43.25,E11_2-DeoxyAdenosine,256
43.5,E11_2-DeoxyAdenosine,257
43.75,E11_2-DeoxyAdenosine,262
44.0,E11_2-DeoxyAdenosine,258
44.25,E11_2-DeoxyAdenosine,258
44.5,E11_2-DeoxyAdenosine,262
44.75,E11_2-DeoxyAdenosine,262
45.0,E11_2-DeoxyAdenosine,260
45.25,E11_2-DeoxyAdenosine,262
45.5,E11_2-DeoxyAdenosine,261
45.75,E11_2-DeoxyAdenosine,259
46.0,E11_2-DeoxyAdenosine,260
46.25,E11_2-DeoxyAdenosine,259
46.5,E11_2-DeoxyAdenosine,260
46.75,E11_2-DeoxyAdenosine,258
47.0,E11_2-DeoxyAdenosine,261
47.25,E11_2-DeoxyAdenosine,262
47.5,E11_2-DeoxyAdenosine,0
0.0,E12_Adenosine,19
0.25,E12_Adenosine,26
0.5,E12_Adenosine,23
0.75,E12_Adenosine,22
1.0,E12_Adenosine,23
1.25,E12_Adenosine,21
1.5,E12_Adenosine,26
1.75,E12_Adenosine,21
2.0,E12_Adenosine,25
2.25,E12_Adenosine,26
2.5,E12_Adenosine,21
2.75,E12_Adenosine,24
3.0,E12_Adenosine,24
3.25,E12_Adenosine,25
3.5,E12_Adenosine,21
3.75,E12_Adenosine,25
4.0,E12_Adenosine,27
4.25,E12_Adenosine,25
4.5,E12_Adenosine,26
4.75,E12_Adenosine,26
5.0,E12_Adenosine,32
5.25,E12_Adenosine,34
5.5,E12_Adenosine,36
5.75,E12_Adenosine,42
6.0,E12_Adenosine,40
6.25,E12_Adenosine,40
6.5,E12_Adenosine,41
6.75,E12_Adenosine,43
7.0,E12_Adenosine,47
7.25,E12_Adenosine,51
7.5,E12_Adenosine,43
7.75,E12_Adenosine,55
8.0,E12_Adenosine,54
8.25,E12_Adenosine,52
8.5,E12_Adenosine,53
8.75,E12_Adenosine,54
9.0,E12_Adenosine,57
9.25,E12_Adenosine,59
9.5,E12_Adenosine,61
9.75,E12_Adenosine,63
10.0,E12_Adenosine,66
10.25,E12_Adenosine,66
10.5,E12_Adenosine,70
10.75,E12_Adenosine,68
11.0,E12_Adenosine,70
11.25,E12_Adenosine,71
11.5,E12_Adenosine,74
11.75,E12_Adenosine,80
12.0,E12_Adenosine,81
12.25,E12_Adenosine,84
12.5,E12_Adenosine,88
12.75,E12_Adenosine,90
13.0,E12_Adenosine,91
13.25,E12_Adenosine,92
13.5,E12_Adenosine,100
13.75,E12_Adenosine,97
14.0,E12_Adenosine,102
14.25,E12_Adenosine,103
14.5,E12_Adenosine,104
14.75,E12_Adenosine,110
15.0,E12_Adenosine,112
15.25,E12_Adenosine,117
15.5,E12_Adenosine,113
15.75,E12_Adenosine,119
16.0,E12_Adenosine,125
16.25,E12_Adenosine,121
16.5,E12_Adenosine,122
16.75,E12_Adenosine,128
17.0,E12_Adenosine,126
17.25,E12_Adenosine,132
17.5,E12_Adenosine,135
17.75,E12_Adenosine,136
18.0,E12_Adenosine,137
18.25,E12_Adenosine,139
18.5,E12_Adenosine,142
18.75,E12_Adenosine,140
19.0,E12_Adenosine,147
19.25,E12_Adenosine,148
19.5,E12_Adenosine,150
19.75,E12_Adenosine,155
20.0,E12_Adenosine,158
20.25,E12_Adenosine,154
20.5,E12_Adenosine,157
20.75,E12_Adenosine,162
21.0,E12_Adenosine,164
21.25,E12_Adenosine,168
21.5,E12_Adenosine,170
21.75,E12_Adenosine,173
22.0,E12_Adenosine,176
22.25,E12_Adenosine,174
22.5,E12_Adenosine,182
22.75,E12_Adenosine,181
23.0,E12_Adenosine,187
23.25,E12_Adenosine,189
23.5,E12_Adenosine,196
23.75,E12_Adenosine,198
24.0,E12_Adenosine,199
24.25,E12_Adenosine,200
24.5,E12_Adenosine,203
24.75,E12_Adenosine,208
25.0,E12_Adenosine,209
25.25,E12_Adenosine,217
25.5,E12_Adenosine,219
25.75,E12_Adenosine,221
26.0,E12_Adenosine,219
26.25,E12_Adenosine,226
26.5,E12_Adenosine,224
26.75,E12_Adenosine,228
27.0,E12_Adenosine,230
27.25,E12_Adenosine,233
27.5,E12_Adenosine,231
27.75,E12_Adenosine,238
28.0,E12_Adenosine,243
28.25,E12_Adenosine,242
28.5,E12_Adenosine,245
28.75,E12_Adenosine,244
29.0,E12_Adenosine,249
29.25,E12_Adenosine,246
29.5,E12_Adenosine,250
29.75,E12_Adenosine,251
30.0,E12_Adenosine,252
30.25,E12_Adenosine,254
30.5,E12_Adenosine,256
30.75,E12_Adenosine,251
31.0,E12_Adenosine,256
31.25,E12_Adenosine,257
31.5,E12_Adenosine,257
31.75,E12_Adenosine,255
32.0,E12_Adenosine,252
32.25,E12_Adenosine,256
32.5,E12_Adenosine,250
32.75,E12_Adenosine,248
33.0,E12_Adenosine,247
33.25,E12_Adenosine,247
33.5,E12_Adenosine,247
33.75,E12_Adenosine,246
34.0,E12_Adenosine,245
34.25,E12_Adenosine,238
34.5,E12_Adenosine,240
34.75,E12_Adenosine,244
35.0,E12_Adenosine,243
35.25,E12_Adenosine,239
35.5,E12_Adenosine,247
35.75,E12_Adenosine,241
36.0,E12_Adenosine,238
36.25,E12_Adenosine,242
36.5,E12_Adenosine,240
36.75,E12_Adenosine,240
37.0,E12_Adenosine,239
37.25,E12_Adenosine,239
37.5,E12_Adenosine,238
37.75,E12_Adenosine,239
38.0,E12_Adenosine,240
38.25,E12_Adenosine,236
38.5,E12_Adenosine,239
38.75,E12_Adenosine,238
39.0,E12_Adenosine,239
39.25,E12_Adenosine,238
39.5,E12_Adenosine,237
39.75,E12_Adenosine,236
40.0,E12_Adenosine,239
40.25,E12_Adenosine,236
40.5,E12_Adenosine,235
40.75,E12_Adenosine,236
41.0,E12_Adenosine,234
41.25,E12_Adenosine,234
41.5,E12_Adenosine,233
41.75,E12_Adenosine,234
42.0,E12_Adenosine,237
42.25,E12_Adenosine,237
42.5,E12_Adenosine,232
42.75,E12_Adenosine,229
43.0,E12_Adenosine,230
43.25,E12_Adenosine,235
43.5,E12_Adenosine,232
43.75,E12_Adenosine,232
44.0,E12_Adenosine,232
44.25,E12_Adenosine,230
44.5,E12_Adenosine,232
44.75,E12_Adenosine,230
45.0,E12_Adenosine,227
45.25,E12_Adenosine,233
45.5,E12_Adenosine,227
45.75,E12_Adenosine,228
46.0,E12_Adenosine,229
46.25,E12_Adenosine,226
46.5,E12_Adenosine,227
46.75,E12_Adenosine,229
47.0,E12_Adenosine,229
47.25,E12_Adenosine,227
47.5,E12_Adenosine,0
0.0,F1_Glycyl-L-Aspartic_Acid,23
0.25,F1_Glycyl-L-Aspartic_Acid,18
0.5,F1_Glycyl-L-Aspartic_Acid,19
0.75,F1_Glycyl-L-Aspartic_Acid,17
1.0,F1_Glycyl-L-Aspartic_Acid,21
1.25,F1_Glycyl-L-Aspartic_Acid,16
1.5,F1_Glycyl-L-Aspartic_Acid,20
1.75,F1_Glycyl-L-Aspartic_Acid,19
2.0,F1_Glycyl-L-Aspartic_Acid,18
2.25,F1_Glycyl-L-Aspartic_Acid,18
2.5,F1_Glycyl-L-Aspartic_Acid,16
2.75,F1_Glycyl-L-Aspartic_Acid,19
3.0,F1_Glycyl-L-Aspartic_Acid,16
3.25,F1_Glycyl-L-Aspartic_Acid,16
3.5,F1_Glycyl-L-Aspartic_Acid,18
3.75,F1_Glycyl-L-Aspartic_Acid,21
4.0,F1_Glycyl-L-Aspartic_Acid,21
4.25,F1_Glycyl-L-Aspartic_Acid,18
4.5,F1_Glycyl-L-Aspartic_Acid,25
4.75,F1_Glycyl-L-Aspartic_Acid,24
5.0,F1_Glycyl-L-Aspartic_Acid,24
5.25,F1_Glycyl-L-Aspartic_Acid,26
5.5,F1_Glycyl-L-Aspartic_Acid,27
5.75,F1_Glycyl-L-Aspartic_Acid,27
6.0,F1_Glycyl-L-Aspartic_Acid,30
6.25,F1_Glycyl-L-Aspartic_Acid,32
6.5,F1_Glycyl-L-Aspartic_Acid,30
6.75,F1_Glycyl-L-Aspartic_Acid,37
7.0,F1_Glycyl-L-Aspartic_Acid,32
7.25,F1_Glycyl-L-Aspartic_Acid,37
7.5,F1_Glycyl-L-Aspartic_Acid,31
7.75,F1_Glycyl-L-Aspartic_Acid,32
8.0,F1_Glycyl-L-Aspartic_Acid,36
8.25,F1_Glycyl-L-Aspartic_Acid,31
8.5,F1_Glycyl-L-Aspartic_Acid,36
8.75,F1_Glycyl-L-Aspartic_Acid,32
9.0,F1_Glycyl-L-Aspartic_Acid,33
9.25,F1_Glycyl-L-Aspartic_Acid,38
9.5,F1_Glycyl-L-Aspartic_Acid,36
9.75,F1_Glycyl-L-Aspartic_Acid,38
10.0,F1_Glycyl-L-Aspartic_Acid,39
10.25,F1_Glycyl-L-Aspartic_Acid,37
10.5,F1_Glycyl-L-Aspartic_Acid,39
10.75,F1_Glycyl-L-Aspartic_Acid,35
11.0,F1_Glycyl-L-Aspartic_Acid,39
11.25,F1_Glycyl-L-Aspartic_Acid,36
11.5,F1_Glycyl-L-Aspartic_Acid,38
11.75,F1_Glycyl-L-Aspartic_Acid,40
12.0,F1_Glycyl-L-Aspartic_Acid,40
12.25,F1_Glycyl-L-Aspartic_Acid,41
12.5,F1_Glycyl-L-Aspartic_Acid,43
12.75,F1_Glycyl-L-Aspartic_Acid,40
13.0,F1_Glycyl-L-Aspartic_Acid,37
13.25,F1_Glycyl-L-Aspartic_Acid,37
13.5,F1_Glycyl-L-Aspartic_Acid,42
13.75,F1_Glycyl-L-Aspartic_Acid,41
14.0,F1_Glycyl-L-Aspartic_Acid,45
14.25,F1_Glycyl-L-Aspartic_Acid,42
14.5,F1_Glycyl-L-Aspartic_Acid,41
14.75,F1_Glycyl-L-Aspartic_Acid,51
15.0,F1_Glycyl-L-Aspartic_Acid,43
15.25,F1_Glycyl-L-Aspartic_Acid,46
15.5,F1_Glycyl-L-Aspartic_Acid,48
15.75,F1_Glycyl-L-Aspartic_Acid,43
16.0,F1_Glycyl-L-Aspartic_Acid,46
16.25,F1_Glycyl-L-Aspartic_Acid,46
16.5,F1_Glycyl-L-Aspartic_Acid,46
16.75,F1_Glycyl-L-Aspartic_Acid,50
17.0,F1_Glycyl-L-Aspartic_Acid,53
17.25,F1_Glycyl-L-Aspartic_Acid,48
17.5,F1_Glycyl-L-Aspartic_Acid,48
17.75,F1_Glycyl-L-Aspartic_Acid,55
18.0,F1_Glycyl-L-Aspartic_Acid,55
18.25,F1_Glycyl-L-Aspartic_Acid,54
18.5,F1_Glycyl-L-Aspartic_Acid,53
18.75,F1_Glycyl-L-Aspartic_Acid,51
19.0,F1_Glycyl-L-Aspartic_Acid,53
19.25,F1_Glycyl-L-Aspartic_Acid,51
19.5,F1_Glycyl-L-Aspartic_Acid,52
19.75,F1_Glycyl-L-Aspartic_Acid,51
20.0,F1_Glycyl-L-Aspartic_Acid,53
20.25,F1_Glycyl-L-Aspartic_Acid,52
20.5,F1_Glycyl-L-Aspartic_Acid,54
20.75,F1_Glycyl-L-Aspartic_Acid,56
21.0,F1_Glycyl-L-Aspartic_Acid,54
21.25,F1_Glycyl-L-Aspartic_Acid,53
21.5,F1_Glycyl-L-Aspartic_Acid,54
21.75,F1_Glycyl-L-Aspartic_Acid,54
22.0,F1_Glycyl-L-Aspartic_Acid,57
22.25,F1_Glycyl-L-Aspartic_Acid,55
22.5,F1_Glycyl-L-Aspartic_Acid,57
22.75,F1_Glycyl-L-Aspartic_Acid,56
23.0,F1_Glycyl-L-Aspartic_Acid,60
23.25,F1_Glycyl-L-Aspartic_Acid,56
23.5,F1_Glycyl-L-Aspartic_Acid,55
23.75,F1_Glycyl-L-Aspartic_Acid,54
24.0,F1_Glycyl-L-Aspartic_Acid,56
24.25,F1_Glycyl-L-Aspartic_Acid,55
24.5,F1_Glycyl-L-Aspartic_Acid,60
24.75,F1_Glycyl-L-Aspartic_Acid,59
25.0,F1_Glycyl-L-Aspartic_Acid,58
25.25,F1_Glycyl-L-Aspartic_Acid,56
25.5,F1_Glycyl-L-Aspartic_Acid,60
25.75,F1_Glycyl-L-Aspartic_Acid,63
26.0,F1_Glycyl-L-Aspartic_Acid,57
26.25,F1_Glycyl-L-Aspartic_Acid,60
26.5,F1_Glycyl-L-Aspartic_Acid,62
26.75,F1_Glycyl-L-Aspartic_Acid,63
27.0,F1_Glycyl-L-Aspartic_Acid,59
27.25,F1_Glycyl-L-Aspartic_Acid,61
27.5,F1_Glycyl-L-Aspartic_Acid,60
27.75,F1_Glycyl-L-Aspartic_Acid,62
28.0,F1_Glycyl-L-Aspartic_Acid,62
28.25,F1_Glycyl-L-Aspartic_Acid,59
28.5,F1_Glycyl-L-Aspartic_Acid,60
28.75,F1_Glycyl-L-Aspartic_Acid,58
29.0,F1_Glycyl-L-Aspartic_Acid,64
29.25,F1_Glycyl-L-Aspartic_Acid,60
29.5,F1_Glycyl-L-Aspartic_Acid,60
29.75,F1_Glycyl-L-Aspartic_Acid,60
30.0,F1_Glycyl-L-Aspartic_Acid,61
30.25,F1_Glycyl-L-Aspartic_Acid,62
30.5,F1_Glycyl-L-Aspartic_Acid,65
30.75,F1_Glycyl-L-Aspartic_Acid,64
31.0,F1_Glycyl-L-Aspartic_Acid,63
31.25,F1_Glycyl-L-Aspartic_Acid,61
31.5,F1_Glycyl-L-Aspartic_Acid,63
31.75,F1_Glycyl-L-Aspartic_Acid,61
32.0,F1_Glycyl-L-Aspartic_Acid,60
32.25,F1_Glycyl-L-Aspartic_Acid,64
32.5,F1_Glycyl-L-Aspartic_Acid,63
32.75,F1_Glycyl-L-Aspartic_Acid,66
33.0,F1_Glycyl-L-Aspartic_Acid,63
33.25,F1_Glycyl-L-Aspartic_Acid,66
33.5,F1_Glycyl-L-Aspartic_Acid,66
33.75,F1_Glycyl-L-Aspartic_Acid,64
34.0,F1_Glycyl-L-Aspartic_Acid,63
34.25,F1_Glycyl-L-Aspartic_Acid,68
34.5,F1_Glycyl-L-Aspartic_Acid,68
34.75,F1_Glycyl-L-Aspartic_Acid,64
35.0,F1_Glycyl-L-Aspartic_Acid,67
35.25,F1_Glycyl-L-Aspartic_Acid,61
35.5,F1_Glycyl-L-Aspartic_Acid,67
35.75,F1_Glycyl-L-Aspartic_Acid,66
36.0,F1_Glycyl-L-Aspartic_Acid,63
36.25,F1_Glycyl-L-Aspartic_Acid,67
36.5,F1_Glycyl-L-Aspartic_Acid,69
36.75,F1_Glycyl-L-Aspartic_Acid,62
37.0,F1_Glycyl-L-Aspartic_Acid,65
37.25,F1_Glycyl-L-Aspartic_Acid,65
37.5,F1_Glycyl-L-Aspartic_Acid,66
37.75,F1_Glycyl-L-Aspartic_Acid,71
38.0,F1_Glycyl-L-Aspartic_Acid,68
38.25,F1_Glycyl-L-Aspartic_Acid,71
38.5,F1_Glycyl-L-Aspartic_Acid,68
38.75,F1_Glycyl-L-Aspartic_Acid,66
39.0,F1_Glycyl-L-Aspartic_Acid,67
39.25,F1_Glycyl-L-Aspartic_Acid,71
39.5,F1_Glycyl-L-Aspartic_Acid,65
39.75,F1_Glycyl-L-Aspartic_Acid,65
40.0,F1_Glycyl-L-Aspartic_Acid,64
40.25,F1_Glycyl-L-Aspartic_Acid,66
40.5,F1_Glycyl-L-Aspartic_Acid,69
40.75,F1_Glycyl-L-Aspartic_Acid,69
41.0,F1_Glycyl-L-Aspartic_Acid,67
41.25,F1_Glycyl-L-Aspartic_Acid,70
41.5,F1_Glycyl-L-Aspartic_Acid,68
41.75,F1_Glycyl-L-Aspartic_Acid,68
42.0,F1_Glycyl-L-Aspartic_Acid,67
42.25,F1_Glycyl-L-Aspartic_Acid,66
42.5,F1_Glycyl-L-Aspartic_Acid,67
42.75,F1_Glycyl-L-Aspartic_Acid,67
43.0,F1_Glycyl-L-Aspartic_Acid,64
43.25,F1_Glycyl-L-Aspartic_Acid,67
43.5,F1_Glycyl-L-Aspartic_Acid,69
43.75,F1_Glycyl-L-Aspartic_Acid,70
44.0,F1_Glycyl-L-Aspartic_Acid,72
44.25,F1_Glycyl-L-Aspartic_Acid,68
44.5,F1_Glycyl-L-Aspartic_Acid,65
44.75,F1_Glycyl-L-Aspartic_Acid,65
45.0,F1_Glycyl-L-Aspartic_Acid,68
45.25,F1_Glycyl-L-Aspartic_Acid,69
45.5,F1_Glycyl-L-Aspartic_Acid,64
45.75,F1_Glycyl-L-Aspartic_Acid,70
46.0,F1_Glycyl-L-Aspartic_Acid,70
46.25,F1_Glycyl-L-Aspartic_Acid,69
46.5,F1_Glycyl-L-Aspartic_Acid,68
46.75,F1_Glycyl-L-Aspartic_Acid,66
47.0,F1_Glycyl-L-Aspartic_Acid,69
47.25,F1_Glycyl-L-Aspartic_Acid,66
47.5,F1_Glycyl-L-Aspartic_Acid,0
0.0,F2_Citric_Acid,32
0.25,F2_Citric_Acid,12
0.5,F2_Citric_Acid,17
0.75,F2_Citric_Acid,16
1.0,F2_Citric_Acid,11
1.25,F2_Citric_Acid,12
1.5,F2_Citric_Acid,17
1.75,F2_Citric_Acid,18
2.0,F2_Citric_Acid,16
2.25,F2_Citric_Acid,12
2.5,F2_Citric_Acid,13
2.75,F2_Citric_Acid,16
3.0,F2_Citric_Acid,14
3.25,F2_Citric_Acid,19
3.5,F2_Citric_Acid,13
3.75,F2_Citric_Acid,18
4.0,F2_Citric_Acid,18
4.25,F2_Citric_Acid,23
4.5,F2_Citric_Acid,21
4.75,F2_Citric_Acid,24
5.0,F2_Citric_Acid,25
5.25,F2_Citric_Acid,26
5.5,F2_Citric_Acid,34
5.75,F2_Citric_Acid,30
6.0,F2_Citric_Acid,34
6.25,F2_Citric_Acid,33
6.5,F2_Citric_Acid,38
6.75,F2_Citric_Acid,37
7.0,F2_Citric_Acid,34
7.25,F2_Citric_Acid,42
7.5,F2_Citric_Acid,46
7.75,F2_Citric_Acid,46
8.0,F2_Citric_Acid,42
8.25,F2_Citric_Acid,49
8.5,F2_Citric_Acid,48
8.75,F2_Citric_Acid,49
9.0,F2_Citric_Acid,54
9.25,F2_Citric_Acid,59
9.5,F2_Citric_Acid,62
9.75,F2_Citric_Acid,61
10.0,F2_Citric_Acid,64
10.25,F2_Citric_Acid,66
10.5,F2_Citric_Acid,69
10.75,F2_Citric_Acid,70
11.0,F2_Citric_Acid,72
11.25,F2_Citric_Acid,72
11.5,F2_Citric_Acid,76
11.75,F2_Citric_Acid,81
12.0,F2_Citric_Acid,77
12.25,F2_Citric_Acid,82
12.5,F2_Citric_Acid,81
12.75,F2_Citric_Acid,86
13.0,F2_Citric_Acid,83
13.25,F2_Citric_Acid,86
13.5,F2_Citric_Acid,91
13.75,F2_Citric_Acid,91
14.0,F2_Citric_Acid,93
14.25,F2_Citric_Acid,95
14.5,F2_Citric_Acid,99
14.75,F2_Citric_Acid,96
15.0,F2_Citric_Acid,105
15.25,F2_Citric_Acid,109
15.5,F2_Citric_Acid,108
15.75,F2_Citric_Acid,109
16.0,F2_Citric_Acid,111
16.25,F2_Citric_Acid,108
16.5,F2_Citric_Acid,109
16.75,F2_Citric_Acid,117
17.0,F2_Citric_Acid,118
17.25,F2_Citric_Acid,119
17.5,F2_Citric_Acid,122
17.75,F2_Citric_Acid,125
18.0,F2_Citric_Acid,128
18.25,F2_Citric_Acid,129
18.5,F2_Citric_Acid,129
18.75,F2_Citric_Acid,134
19.0,F2_Citric_Acid,136
19.25,F2_Citric_Acid,138
19.5,F2_Citric_Acid,135
19.75,F2_Citric_Acid,137
20.0,F2_Citric_Acid,140
20.25,F2_Citric_Acid,146
20.5,F2_Citric_Acid,148
20.75,F2_Citric_Acid,152
21.0,F2_Citric_Acid,148
21.25,F2_Citric_Acid,151
21.5,F2_Citric_Acid,157
21.75,F2_Citric_Acid,157
22.0,F2_Citric_Acid,163
22.25,F2_Citric_Acid,163
22.5,F2_Citric_Acid,167
22.75,F2_Citric_Acid,170
23.0,F2_Citric_Acid,177
23.25,F2_Citric_Acid,174
23.5,F2_Citric_Acid,175
23.75,F2_Citric_Acid,181
24.0,F2_Citric_Acid,181
24.25,F2_Citric_Acid,183
24.5,F2_Citric_Acid,185
24.75,F2_Citric_Acid,180
25.0,F2_Citric_Acid,186
25.25,F2_Citric_Acid,188
25.5,F2_Citric_Acid,190
25.75,F2_Citric_Acid,189
26.0,F2_Citric_Acid,185
26.25,F2_Citric_Acid,187
26.5,F2_Citric_Acid,190
26.75,F2_Citric_Acid,190
27.0,F2_Citric_Acid,189
27.25,F2_Citric_Acid,188
27.5,F2_Citric_Acid,186
27.75,F2_Citric_Acid,190
28.0,F2_Citric_Acid,191
28.25,F2_Citric_Acid,192
28.5,F2_Citric_Acid,192
28.75,F2_Citric_Acid,191
29.0,F2_Citric_Acid,190
29.25,F2_Citric_Acid,191
29.5,F2_Citric_Acid,191
29.75,F2_Citric_Acid,191
30.0,F2_Citric_Acid,187
30.25,F2_Citric_Acid,192
30.5,F2_Citric_Acid,190
30.75,F2_Citric_Acid,190
31.0,F2_Citric_Acid,190
31.25,F2_Citric_Acid,192
31.5,F2_Citric_Acid,188
31.75,F2_Citric_Acid,191
32.0,F2_Citric_Acid,186
32.25,F2_Citric_Acid,188
32.5,F2_Citric_Acid,192
32.75,F2_Citric_Acid,188
33.0,F2_Citric_Acid,190
33.25,F2_Citric_Acid,192
33.5,F2_Citric_Acid,187
33.75,F2_Citric_Acid,193
34.0,F2_Citric_Acid,191
34.25,F2_Citric_Acid,190
34.5,F2_Citric_Acid,191
34.75,F2_Citric_Acid,189
35.0,F2_Citric_Acid,189
35.25,F2_Citric_Acid,187
35.5,F2_Citric_Acid,198
35.75,F2_Citric_Acid,191
36.0,F2_Citric_Acid,192
36.25,F2_Citric_Acid,195
36.5,F2_Citric_Acid,194
36.75,F2_Citric_Acid,197
37.0,F2_Citric_Acid,195
37.25,F2_Citric_Acid,193
37.5,F2_Citric_Acid,193
37.75,F2_Citric_Acid,194
38.0,F2_Citric_Acid,199
38.25,F2_Citric_Acid,193
38.5,F2_Citric_Acid,193
38.75,F2_Citric_Acid,195
39.0,F2_Citric_Acid,193
39.25,F2_Citric_Acid,191
39.5,F2_Citric_Acid,196
39.75,F2_Citric_Acid,194
40.0,F2_Citric_Acid,193
40.25,F2_Citric_Acid,194
40.5,F2_Citric_Acid,196
40.75,F2_Citric_Acid,194
41.0,F2_Citric_Acid,193
41.25,F2_Citric_Acid,194
41.5,F2_Citric_Acid,191
41.75,F2_Citric_Acid,190
42.0,F2_Citric_Acid,190
42.25,F2_Citric_Acid,191
42.5,F2_Citric_Acid,190
42.75,F2_Citric_Acid,193
43.0,F2_Citric_Acid,194
43.25,F2_Citric_Acid,192
43.5,F2_Citric_Acid,193
43.75,F2_Citric_Acid,192
44.0,F2_Citric_Acid,189
44.25,F2_Citric_Acid,195
44.5,F2_Citric_Acid,192
44.75,F2_Citric_Acid,191
45.0,F2_Citric_Acid,190
45.25,F2_Citric_Acid,191
45.5,F2_Citric_Acid,193
45.75,F2_Citric_Acid,192
46.0,F2_Citric_Acid,193
46.25,F2_Citric_Acid,191
46.5,F2_Citric_Acid,193
46.75,F2_Citric_Acid,192
47.0,F2_Citric_Acid,192
47.25,F2_Citric_Acid,189
47.5,F2_Citric_Acid,0
0.0,F3_myo-Inositol,11
0.25,F3_myo-Inositol,11
0.5,F3_myo-Inositol,14
0.75,F3_myo-Inositol,13
1.0,F3_myo-Inositol,15
1.25,F3_myo-Inositol,13
1.5,F3_myo-Inositol,12
1.75,F3_myo-Inositol,15
2.0,F3_myo-Inositol,16
2.25,F3_myo-Inositol,14
2.5,F3_myo-Inositol,13
2.75,F3_myo-Inositol,15
3.0,F3_myo-Inositol,16
3.25,F3_myo-Inositol,15
3.5,F3_myo-Inositol,13
3.75,F3_myo-Inositol,17
4.0,F3_myo-Inositol,15
4.25,F3_myo-Inositol,21
4.5,F3_myo-Inositol,21
4.75,F3_myo-Inositol,21
5.0,F3_myo-Inositol,21
5.25,F3_myo-Inositol,18
5.5,F3_myo-Inositol,23
5.75,F3_myo-Inositol,24
6.0,F3_myo-Inositol,21
6.25,F3_myo-Inositol,30
6.5,F3_myo-Inositol,26
6.75,F3_myo-Inositol,27
7.0,F3_myo-Inositol,29
7.25,F3_myo-Inositol,28
7.5,F3_myo-Inositol,30
7.75,F3_myo-Inositol,31
8.0,F3_myo-Inositol,31
8.25,F3_myo-Inositol,29
8.5,F3_myo-Inositol,32
8.75,F3_myo-Inositol,34
9.0,F3_myo-Inositol,32
9.25,F3_myo-Inositol,33
9.5,F3_myo-Inositol,35
9.75,F3_myo-Inositol,35
10.0,F3_myo-Inositol,32
10.25,F3_myo-Inositol,31
10.5,F3_myo-Inositol,32
10.75,F3_myo-Inositol,35
11.0,F3_myo-Inositol,33
11.25,F3_myo-Inositol,35
11.5,F3_myo-Inositol,34
11.75,F3_myo-Inositol,38
12.0,F3_myo-Inositol,35
12.25,F3_myo-Inositol,35
12.5,F3_myo-Inositol,38
12.75,F3_myo-Inositol,37
13.0,F3_myo-Inositol,40
13.25,F3_myo-Inositol,41
13.5,F3_myo-Inositol,43
13.75,F3_myo-Inositol,38
14.0,F3_myo-Inositol,44
14.25,F3_myo-Inositol,45
14.5,F3_myo-Inositol,48
14.75,F3_myo-Inositol,50
15.0,F3_myo-Inositol,51
15.25,F3_myo-Inositol,53
15.5,F3_myo-Inositol,60
15.75,F3_myo-Inositol,63
16.0,F3_myo-Inositol,65
16.25,F3_myo-Inositol,68
16.5,F3_myo-Inositol,66
16.75,F3_myo-Inositol,75
17.0,F3_myo-Inositol,84
17.25,F3_myo-Inositol,84
17.5,F3_myo-Inositol,87
17.75,F3_myo-Inositol,94
18.0,F3_myo-Inositol,95
18.25,F3_myo-Inositol,101
18.5,F3_myo-Inositol,99
18.75,F3_myo-Inositol,106
19.0,F3_myo-Inositol,108
19.25,F3_myo-Inositol,110
19.5,F3_myo-Inositol,116
19.75,F3_myo-Inositol,119
20.0,F3_myo-Inositol,125
20.25,F3_myo-Inositol,128
20.5,F3_myo-Inositol,132
20.75,F3_myo-Inositol,135
21.0,F3_myo-Inositol,137
21.25,F3_myo-Inositol,142
21.5,F3_myo-Inositol,148
21.75,F3_myo-Inositol,148
22.0,F3_myo-Inositol,156
22.25,F3_myo-Inositol,160
22.5,F3_myo-Inositol,163
22.75,F3_myo-Inositol,165
23.0,F3_myo-Inositol,169
23.25,F3_myo-Inositol,173
23.5,F3_myo-Inositol,175
23.75,F3_myo-Inositol,178
24.0,F3_myo-Inositol,180
24.25,F3_myo-Inositol,186
24.5,F3_myo-Inositol,190
24.75,F3_myo-Inositol,194
25.0,F3_myo-Inositol,198
25.25,F3_myo-Inositol,202
25.5,F3_myo-Inositol,205
25.75,F3_myo-Inositol,203
26.0,F3_myo-Inositol,207
26.25,F3_myo-Inositol,210
26.5,F3_myo-Inositol,214
26.75,F3_myo-Inositol,215
27.0,F3_myo-Inositol,216
27.25,F3_myo-Inositol,220
27.5,F3_myo-Inositol,222
27.75,F3_myo-Inositol,226
28.0,F3_myo-Inositol,228
28.25,F3_myo-Inositol,230
28.5,F3_myo-Inositol,230
28.75,F3_myo-Inositol,231
29.0,F3_myo-Inositol,234
29.25,F3_myo-Inositol,231
29.5,F3_myo-Inositol,238
29.75,F3_myo-Inositol,239
30.0,F3_myo-Inositol,238
30.25,F3_myo-Inositol,238
30.5,F3_myo-Inositol,237
30.75,F3_myo-Inositol,240
31.0,F3_myo-Inositol,242
31.25,F3_myo-Inositol,241
31.5,F3_myo-Inositol,247
31.75,F3_myo-Inositol,243
32.0,F3_myo-Inositol,244
32.25,F3_myo-Inositol,244
32.5,F3_myo-Inositol,246
32.75,F3_myo-Inositol,250
33.0,F3_myo-Inositol,250
33.25,F3_myo-Inositol,250
33.5,F3_myo-Inositol,252
33.75,F3_myo-Inositol,251
34.0,F3_myo-Inositol,251
34.25,F3_myo-Inositol,252
34.5,F3_myo-Inositol,253
34.75,F3_myo-Inositol,251
35.0,F3_myo-Inositol,250
35.25,F3_myo-Inositol,253
35.5,F3_myo-Inositol,252
35.75,F3_myo-Inositol,253
36.0,F3_myo-Inositol,254
36.25,F3_myo-Inositol,252
36.5,F3_myo-Inositol,255
36.75,F3_myo-Inositol,254
37.0,F3_myo-Inositol,253
37.25,F3_myo-Inositol,257
37.5,F3_myo-Inositol,256
37.75,F3_myo-Inositol,256
38.0,F3_myo-Inositol,255
38.25,F3_myo-Inositol,256
38.5,F3_myo-Inositol,253
38.75,F3_myo-Inositol,256
39.0,F3_myo-Inositol,257
39.25,F3_myo-Inositol,256
39.5,F3_myo-Inositol,253
39.75,F3_myo-Inositol,258
40.0,F3_myo-Inositol,256
40.25,F3_myo-Inositol,259
40.5,F3_myo-Inositol,255
40.75,F3_myo-Inositol,256
41.0,F3_myo-Inositol,259
41.25,F3_myo-Inositol,258
41.5,F3_myo-Inositol,255
41.75,F3_myo-Inositol,257
42.0,F3_myo-Inositol,258
42.25,F3_myo-Inositol,259
42.5,F3_myo-Inositol,255
42.75,F3_myo-Inositol,255
43.0,F3_myo-Inositol,259
43.25,F3_myo-Inositol,256
43.5,F3_myo-Inositol,261
43.75,F3_myo-Inositol,261
44.0,F3_myo-Inositol,257
44.25,F3_myo-Inositol,259
44.5,F3_myo-Inositol,260
44.75,F3_myo-Inositol,259
45.0,F3_myo-Inositol,258
45.25,F3_myo-Inositol,260
45.5,F3_myo-Inositol,260
45.75,F3_myo-Inositol,260
46.0,F3_myo-Inositol,262
46.25,F3_myo-Inositol,261
46.5,F3_myo-Inositol,262
46.75,F3_myo-Inositol,260
47.0,F3_myo-Inositol,263
47.25,F3_myo-Inositol,261
47.5,F3_myo-Inositol,0
0.0,F4_D-Threonine,22
0.25,F4_D-Threonine,18
0.5,F4_D-Threonine,12
0.75,F4_D-Threonine,11
1.0,F4_D-Threonine,11
1.25,F4_D-Threonine,11
1.5,F4_D-Threonine,11
1.75,F4_D-Threonine,13
2.0,F4_D-Threonine,17
2.25,F4_D-Threonine,12
2.5,F4_D-Threonine,15
2.75,F4_D-Threonine,11
3.0,F4_D-Threonine,11
3.25,F4_D-Threonine,12
3.5,F4_D-Threonine,12
3.75,F4_D-Threonine,13
4.0,F4_D-Threonine,12
4.25,F4_D-Threonine,15
4.5,F4_D-Threonine,13
4.75,F4_D-Threonine,13
5.0,F4_D-Threonine,14
5.25,F4_D-Threonine,17
5.5,F4_D-Threonine,17
5.75,F4_D-Threonine,18
6.0,F4_D-Threonine,16
6.25,F4_D-Threonine,17
6.5,F4_D-Threonine,14
6.75,F4_D-Threonine,21
7.0,F4_D-Threonine,21
7.25,F4_D-Threonine,19
7.5,F4_D-Threonine,19
7.75,F4_D-Threonine,22
8.0,F4_D-Threonine,19
8.25,F4_D-Threonine,20
8.5,F4_D-Threonine,25
8.75,F4_D-Threonine,19
9.0,F4_D-Threonine,26
9.25,F4_D-Threonine,24
9.5,F4_D-Threonine,26
9.75,F4_D-Threonine,27
10.0,F4_D-Threonine,26
10.25,F4_D-Threonine,24
10.5,F4_D-Threonine,26
10.75,F4_D-Threonine,27
11.0,F4_D-Threonine,28
11.25,F4_D-Threonine,29
11.5,F4_D-Threonine,28
11.75,F4_D-Threonine,29
12.0,F4_D-Threonine,30
12.25,F4_D-Threonine,28
12.5,F4_D-Threonine,33
12.75,F4_D-Threonine,35
13.0,F4_D-Threonine,31
13.25,F4_D-Threonine,30
13.5,F4_D-Threonine,37
13.75,F4_D-Threonine,32
14.0,F4_D-Threonine,35
14.25,F4_D-Threonine,42
14.5,F4_D-Threonine,37
14.75,F4_D-Threonine,37
15.0,F4_D-Threonine,38
15.25,F4_D-Threonine,37
15.5,F4_D-Threonine,41
15.75,F4_D-Threonine,41
16.0,F4_D-Threonine,38
16.25,F4_D-Threonine,45
16.5,F4_D-Threonine,42
16.75,F4_D-Threonine,43
17.0,F4_D-Threonine,44
17.25,F4_D-Threonine,48
17.5,F4_D-Threonine,47
17.75,F4_D-Threonine,47
18.0,F4_D-Threonine,54
18.25,F4_D-Threonine,49
18.5,F4_D-Threonine,49
18.75,F4_D-Threonine,50
19.0,F4_D-Threonine,51
19.25,F4_D-Threonine,49
19.5,F4_D-Threonine,52
19.75,F4_D-Threonine,51
20.0,F4_D-Threonine,52
20.25,F4_D-Threonine,55
20.5,F4_D-Threonine,53
20.75,F4_D-Threonine,57
21.0,F4_D-Threonine,53
21.25,F4_D-Threonine,53
21.5,F4_D-Threonine,57
21.75,F4_D-Threonine,53
22.0,F4_D-Threonine,58
22.25,F4_D-Threonine,55
22.5,F4_D-Threonine,59
22.75,F4_D-Threonine,55
23.0,F4_D-Threonine,56
23.25,F4_D-Threonine,56
23.5,F4_D-Threonine,60
23.75,F4_D-Threonine,59
24.0,F4_D-Threonine,58
24.25,F4_D-Threonine,57
24.5,F4_D-Threonine,56
24.75,F4_D-Threonine,63
25.0,F4_D-Threonine,63
25.25,F4_D-Threonine,63
25.5,F4_D-Threonine,60
25.75,F4_D-Threonine,65
26.0,F4_D-Threonine,59
26.25,F4_D-Threonine,62
26.5,F4_D-Threonine,62
26.75,F4_D-Threonine,59
27.0,F4_D-Threonine,68
27.25,F4_D-Threonine,60
27.5,F4_D-Threonine,62
27.75,F4_D-Threonine,64
28.0,F4_D-Threonine,63
28.25,F4_D-Threonine,63
28.5,F4_D-Threonine,64
28.75,F4_D-Threonine,68
29.0,F4_D-Threonine,70
29.25,F4_D-Threonine,61
29.5,F4_D-Threonine,62
29.75,F4_D-Threonine,68
30.0,F4_D-Threonine,62
30.25,F4_D-Threonine,65
30.5,F4_D-Threonine,68
30.75,F4_D-Threonine,69
31.0,F4_D-Threonine,64
31.25,F4_D-Threonine,66
31.5,F4_D-Threonine,67
31.75,F4_D-Threonine,67
32.0,F4_D-Threonine,67
32.25,F4_D-Threonine,67
32.5,F4_D-Threonine,69
32.75,F4_D-Threonine,70
33.0,F4_D-Threonine,72
33.25,F4_D-Threonine,75
33.5,F4_D-Threonine,75
33.75,F4_D-Threonine,73
34.0,F4_D-Threonine,69
34.25,F4_D-Threonine,70
34.5,F4_D-Threonine,75
34.75,F4_D-Threonine,70
35.0,F4_D-Threonine,72
35.25,F4_D-Threonine,70
35.5,F4_D-Threonine,71
35.75,F4_D-Threonine,67
36.0,F4_D-Threonine,72
36.25,F4_D-Threonine,75
36.5,F4_D-Threonine,78
36.75,F4_D-Threonine,71
37.0,F4_D-Threonine,75
37.25,F4_D-Threonine,78
37.5,F4_D-Threonine,75
37.75,F4_D-Threonine,79
38.0,F4_D-Threonine,76
38.25,F4_D-Threonine,75
38.5,F4_D-Threonine,78
38.75,F4_D-Threonine,77
39.0,F4_D-Threonine,76
39.25,F4_D-Threonine,78
39.5,F4_D-Threonine,80
39.75,F4_D-Threonine,78
40.0,F4_D-Threonine,77
40.25,F4_D-Threonine,79
40.5,F4_D-Threonine,79
40.75,F4_D-Threonine,79
41.0,F4_D-Threonine,82
41.25,F4_D-Threonine,77
41.5,F4_D-Threonine,80
41.75,F4_D-Threonine,82
42.0,F4_D-Threonine,81
42.25,F4_D-Threonine,77
42.5,F4_D-Threonine,81
42.75,F4_D-Threonine,79
43.0,F4_D-Threonine,81
43.25,F4_D-Threonine,82
43.5,F4_D-Threonine,82
43.75,F4_D-Threonine,83
44.0,F4_D-Threonine,83
44.25,F4_D-Threonine,83
44.5,F4_D-Threonine,85
44.75,F4_D-Threonine,81
45.0,F4_D-Threonine,84
45.25,F4_D-Threonine,85
45.5,F4_D-Threonine,85
45.75,F4_D-Threonine,83
46.0,F4_D-Threonine,85
46.25,F4_D-Threonine,83
46.5,F4_D-Threonine,86
46.75,F4_D-Threonine,83
47.0,F4_D-Threonine,85
47.25,F4_D-Threonine,86
47.5,F4_D-Threonine,0
0.0,F5_Fumaric_Acid,14
0.25,F5_Fumaric_Acid,11
0.5,F5_Fumaric_Acid,29
0.75,F5_Fumaric_Acid,21
1.0,F5_Fumaric_Acid,19
1.25,F5_Fumaric_Acid,17
1.5,F5_Fumaric_Acid,16
1.75,F5_Fumaric_Acid,14
2.0,F5_Fumaric_Acid,22
2.25,F5_Fumaric_Acid,17
2.5,F5_Fumaric_Acid,13
2.75,F5_Fumaric_Acid,14
3.0,F5_Fumaric_Acid,16
3.25,F5_Fumaric_Acid,12
3.5,F5_Fumaric_Acid,15
3.75,F5_Fumaric_Acid,16
4.0,F5_Fumaric_Acid,15
4.25,F5_Fumaric_Acid,16
4.5,F5_Fumaric_Acid,18
4.75,F5_Fumaric_Acid,20
5.0,F5_Fumaric_Acid,22
5.25,F5_Fumaric_Acid,26
5.5,F5_Fumaric_Acid,26
5.75,F5_Fumaric_Acid,31
6.0,F5_Fumaric_Acid,31
6.25,F5_Fumaric_Acid,33
6.5,F5_Fumaric_Acid,37
6.75,F5_Fumaric_Acid,37
7.0,F5_Fumaric_Acid,45
7.25,F5_Fumaric_Acid,48
7.5,F5_Fumaric_Acid,48
7.75,F5_Fumaric_Acid,56
8.0,F5_Fumaric_Acid,60
8.25,F5_Fumaric_Acid,64
8.5,F5_Fumaric_Acid,69
8.75,F5_Fumaric_Acid,72
9.0,F5_Fumaric_Acid,87
9.25,F5_Fumaric_Acid,83
9.5,F5_Fumaric_Acid,87
9.75,F5_Fumaric_Acid,98
10.0,F5_Fumaric_Acid,97
10.25,F5_Fumaric_Acid,101
10.5,F5_Fumaric_Acid,102
10.75,F5_Fumaric_Acid,111
11.0,F5_Fumaric_Acid,116
11.25,F5_Fumaric_Acid,118
11.5,F5_Fumaric_Acid,123
11.75,F5_Fumaric_Acid,124
12.0,F5_Fumaric_Acid,128
12.25,F5_Fumaric_Acid,130
12.5,F5_Fumaric_Acid,137
12.75,F5_Fumaric_Acid,139
13.0,F5_Fumaric_Acid,141
13.25,F5_Fumaric_Acid,145
13.5,F5_Fumaric_Acid,152
13.75,F5_Fumaric_Acid,152
14.0,F5_Fumaric_Acid,153
14.25,F5_Fumaric_Acid,159
14.5,F5_Fumaric_Acid,161
14.75,F5_Fumaric_Acid,167
15.0,F5_Fumaric_Acid,166
15.25,F5_Fumaric_Acid,174
15.5,F5_Fumaric_Acid,171
15.75,F5_Fumaric_Acid,178
16.0,F5_Fumaric_Acid,180
16.25,F5_Fumaric_Acid,188
16.5,F5_Fumaric_Acid,186
16.75,F5_Fumaric_Acid,186
17.0,F5_Fumaric_Acid,187
17.25,F5_Fumaric_Acid,191
17.5,F5_Fumaric_Acid,191
17.75,F5_Fumaric_Acid,194
18.0,F5_Fumaric_Acid,198
18.25,F5_Fumaric_Acid,197
18.5,F5_Fumaric_Acid,201
18.75,F5_Fumaric_Acid,204
19.0,F5_Fumaric_Acid,201
19.25,F5_Fumaric_Acid,204
19.5,F5_Fumaric_Acid,205
19.75,F5_Fumaric_Acid,207
20.0,F5_Fumaric_Acid,210
20.25,F5_Fumaric_Acid,208
20.5,F5_Fumaric_Acid,210
20.75,F5_Fumaric_Acid,211
21.0,F5_Fumaric_Acid,213
21.25,F5_Fumaric_Acid,214
21.5,F5_Fumaric_Acid,215
21.75,F5_Fumaric_Acid,216
22.0,F5_Fumaric_Acid,217
22.25,F5_Fumaric_Acid,219
22.5,F5_Fumaric_Acid,221
22.75,F5_Fumaric_Acid,223
23.0,F5_Fumaric_Acid,226
23.25,F5_Fumaric_Acid,226
23.5,F5_Fumaric_Acid,227
23.75,F5_Fumaric_Acid,224
24.0,F5_Fumaric_Acid,227
24.25,F5_Fumaric_Acid,229
24.5,F5_Fumaric_Acid,233
24.75,F5_Fumaric_Acid,232
25.0,F5_Fumaric_Acid,230
25.25,F5_Fumaric_Acid,232
25.5,F5_Fumaric_Acid,233
25.75,F5_Fumaric_Acid,237
26.0,F5_Fumaric_Acid,235
26.25,F5_Fumaric_Acid,239
26.5,F5_Fumaric_Acid,233
26.75,F5_Fumaric_Acid,235
27.0,F5_Fumaric_Acid,235
27.25,F5_Fumaric_Acid,234
27.5,F5_Fumaric_Acid,237
27.75,F5_Fumaric_Acid,231
28.0,F5_Fumaric_Acid,233
28.25,F5_Fumaric_Acid,233
28.5,F5_Fumaric_Acid,234
28.75,F5_Fumaric_Acid,232
29.0,F5_Fumaric_Acid,237
29.25,F5_Fumaric_Acid,234
29.5,F5_Fumaric_Acid,234
29.75,F5_Fumaric_Acid,233
30.0,F5_Fumaric_Acid,233
30.25,F5_Fumaric_Acid,234
30.5,F5_Fumaric_Acid,231
30.75,F5_Fumaric_Acid,231
31.0,F5_Fumaric_Acid,229
31.25,F5_Fumaric_Acid,233
31.5,F5_Fumaric_Acid,235
31.75,F5_Fumaric_Acid,232
32.0,F5_Fumaric_Acid,230
32.25,F5_Fumaric_Acid,230
32.5,F5_Fumaric_Acid,230
32.75,F5_Fumaric_Acid,234
33.0,F5_Fumaric_Acid,232
33.25,F5_Fumaric_Acid,229
33.5,F5_Fumaric_Acid,231
33.75,F5_Fumaric_Acid,232
34.0,F5_Fumaric_Acid,232
34.25,F5_Fumaric_Acid,227
34.5,F5_Fumaric_Acid,233
34.75,F5_Fumaric_Acid,229
35.0,F5_Fumaric_Acid,231
35.25,F5_Fumaric_Acid,229
35.5,F5_Fumaric_Acid,233
35.75,F5_Fumaric_Acid,229
36.0,F5_Fumaric_Acid,229
36.25,F5_Fumaric_Acid,230
36.5,F5_Fumaric_Acid,232
36.75,F5_Fumaric_Acid,230
37.0,F5_Fumaric_Acid,228
37.25,F5_Fumaric_Acid,230
37.5,F5_Fumaric_Acid,227
37.75,F5_Fumaric_Acid,228
38.0,F5_Fumaric_Acid,231
38.25,F5_Fumaric_Acid,229
38.5,F5_Fumaric_Acid,229
38.75,F5_Fumaric_Acid,228
39.0,F5_Fumaric_Acid,231
39.25,F5_Fumaric_Acid,225
39.5,F5_Fumaric_Acid,225
39.75,F5_Fumaric_Acid,227
40.0,F5_Fumaric_Acid,226
40.25,F5_Fumaric_Acid,229
40.5,F5_Fumaric_Acid,228
40.75,F5_Fumaric_Acid,228
41.0,F5_Fumaric_Acid,226
41.25,F5_Fumaric_Acid,229
41.5,F5_Fumaric_Acid,230
41.75,F5_Fumaric_Acid,226
42.0,F5_Fumaric_Acid,225
42.25,F5_Fumaric_Acid,226
42.5,F5_Fumaric_Acid,225
42.75,F5_Fumaric_Acid,224
43.0,F5_Fumaric_Acid,230
43.25,F5_Fumaric_Acid,227
43.5,F5_Fumaric_Acid,229
43.75,F5_Fumaric_Acid,226
44.0,F5_Fumaric_Acid,225
44.25,F5_Fumaric_Acid,228
44.5,F5_Fumaric_Acid,225
44.75,F5_Fumaric_Acid,230
45.0,F5_Fumaric_Acid,226
45.25,F5_Fumaric_Acid,228
45.5,F5_Fumaric_Acid,224
45.75,F5_Fumaric_Acid,226
46.0,F5_Fumaric_Acid,225
46.25,F5_Fumaric_Acid,228
46.5,F5_Fumaric_Acid,227
46.75,F5_Fumaric_Acid,224
47.0,F5_Fumaric_Acid,227
47.25,F5_Fumaric_Acid,226
47.5,F5_Fumaric_Acid,0
0.0,F6_Bromo_Succinic_Acid,11
0.25,F6_Bromo_Succinic_Acid,11
0.5,F6_Bromo_Succinic_Acid,11
0.75,F6_Bromo_Succinic_Acid,11
1.0,F6_Bromo_Succinic_Acid,11
1.25,F6_Bromo_Succinic_Acid,11
1.5,F6_Bromo_Succinic_Acid,12
1.75,F6_Bromo_Succinic_Acid,13
2.0,F6_Bromo_Succinic_Acid,14
2.25,F6_Bromo_Succinic_Acid,11
2.5,F6_Bromo_Succinic_Acid,11
2.75,F6_Bromo_Succinic_Acid,11
3.0,F6_Bromo_Succinic_Acid,11
3.25,F6_Bromo_Succinic_Acid,12
3.5,F6_Bromo_Succinic_Acid,11
3.75,F6_Bromo_Succinic_Acid,11
4.0,F6_Bromo_Succinic_Acid,11
4.25,F6_Bromo_Succinic_Acid,11
4.5,F6_Bromo_Succinic_Acid,16
4.75,F6_Bromo_Succinic_Acid,14
5.0,F6_Bromo_Succinic_Acid,16
5.25,F6_Bromo_Succinic_Acid,22
5.5,F6_Bromo_Succinic_Acid,20
5.75,F6_Bromo_Succinic_Acid,25
6.0,F6_Bromo_Succinic_Acid,22
6.25,F6_Bromo_Succinic_Acid,26
6.5,F6_Bromo_Succinic_Acid,23
6.75,F6_Bromo_Succinic_Acid,31
7.0,F6_Bromo_Succinic_Acid,36
7.25,F6_Bromo_Succinic_Acid,38
7.5,F6_Bromo_Succinic_Acid,40
7.75,F6_Bromo_Succinic_Acid,44
8.0,F6_Bromo_Succinic_Acid,45
8.25,F6_Bromo_Succinic_Acid,53
8.5,F6_Bromo_Succinic_Acid,55
8.75,F6_Bromo_Succinic_Acid,61
9.0,F6_Bromo_Succinic_Acid,65
9.25,F6_Bromo_Succinic_Acid,71
9.5,F6_Bromo_Succinic_Acid,77
9.75,F6_Bromo_Succinic_Acid,83
10.0,F6_Bromo_Succinic_Acid,84
10.25,F6_Bromo_Succinic_Acid,87
10.5,F6_Bromo_Succinic_Acid,89
10.75,F6_Bromo_Succinic_Acid,93
11.0,F6_Bromo_Succinic_Acid,95
11.25,F6_Bromo_Succinic_Acid,95
11.5,F6_Bromo_Succinic_Acid,100
11.75,F6_Bromo_Succinic_Acid,97
12.0,F6_Bromo_Succinic_Acid,102
12.25,F6_Bromo_Succinic_Acid,100
12.5,F6_Bromo_Succinic_Acid,106
12.75,F6_Bromo_Succinic_Acid,105
13.0,F6_Bromo_Succinic_Acid,107
13.25,F6_Bromo_Succinic_Acid,105
13.5,F6_Bromo_Succinic_Acid,107
13.75,F6_Bromo_Succinic_Acid,109
14.0,F6_Bromo_Succinic_Acid,107
14.25,F6_Bromo_Succinic_Acid,112
14.5,F6_Bromo_Succinic_Acid,114
14.75,F6_Bromo_Succinic_Acid,113
15.0,F6_Bromo_Succinic_Acid,116
15.25,F6_Bromo_Succinic_Acid,115
15.5,F6_Bromo_Succinic_Acid,110
15.75,F6_Bromo_Succinic_Acid,115
16.0,F6_Bromo_Succinic_Acid,115
16.25,F6_Bromo_Succinic_Acid,116
16.5,F6_Bromo_Succinic_Acid,118
16.75,F6_Bromo_Succinic_Acid,120
17.0,F6_Bromo_Succinic_Acid,119
17.25,F6_Bromo_Succinic_Acid,118
17.5,F6_Bromo_Succinic_Acid,120
17.75,F6_Bromo_Succinic_Acid,120
18.0,F6_Bromo_Succinic_Acid,122
18.25,F6_Bromo_Succinic_Acid,122
18.5,F6_Bromo_Succinic_Acid,122
18.75,F6_Bromo_Succinic_Acid,122
19.0,F6_Bromo_Succinic_Acid,123
19.25,F6_Bromo_Succinic_Acid,123
19.5,F6_Bromo_Succinic_Acid,123
19.75,F6_Bromo_Succinic_Acid,124
20.0,F6_Bromo_Succinic_Acid,122
20.25,F6_Bromo_Succinic_Acid,126
20.5,F6_Bromo_Succinic_Acid,124
20.75,F6_Bromo_Succinic_Acid,124
21.0,F6_Bromo_Succinic_Acid,121
21.25,F6_Bromo_Succinic_Acid,128
21.5,F6_Bromo_Succinic_Acid,126
21.75,F6_Bromo_Succinic_Acid,124
22.0,F6_Bromo_Succinic_Acid,127
22.25,F6_Bromo_Succinic_Acid,128
22.5,F6_Bromo_Succinic_Acid,127
22.75,F6_Bromo_Succinic_Acid,125
23.0,F6_Bromo_Succinic_Acid,129
23.25,F6_Bromo_Succinic_Acid,128
23.5,F6_Bromo_Succinic_Acid,127
23.75,F6_Bromo_Succinic_Acid,125
24.0,F6_Bromo_Succinic_Acid,127
24.25,F6_Bromo_Succinic_Acid,126
24.5,F6_Bromo_Succinic_Acid,131
24.75,F6_Bromo_Succinic_Acid,130
25.0,F6_Bromo_Succinic_Acid,125
25.25,F6_Bromo_Succinic_Acid,130
25.5,F6_Bromo_Succinic_Acid,130
25.75,F6_Bromo_Succinic_Acid,130
26.0,F6_Bromo_Succinic_Acid,129
26.25,F6_Bromo_Succinic_Acid,125
26.5,F6_Bromo_Succinic_Acid,130
26.75,F6_Bromo_Succinic_Acid,127
27.0,F6_Bromo_Succinic_Acid,134
27.25,F6_Bromo_Succinic_Acid,130
27.5,F6_Bromo_Succinic_Acid,129
27.75,F6_Bromo_Succinic_Acid,126
28.0,F6_Bromo_Succinic_Acid,125
28.25,F6_Bromo_Succinic_Acid,129
28.5,F6_Bromo_Succinic_Acid,130
28.75,F6_Bromo_Succinic_Acid,127
29.0,F6_Bromo_Succinic_Acid,130
29.25,F6_Bromo_Succinic_Acid,124
29.5,F6_Bromo_Succinic_Acid,127
29.75,F6_Bromo_Succinic_Acid,124
30.0,F6_Bromo_Succinic_Acid,123
30.25,F6_Bromo_Succinic_Acid,130
30.5,F6_Bromo_Succinic_Acid,129
30.75,F6_Bromo_Succinic_Acid,130
31.0,F6_Bromo_Succinic_Acid,128
31.25,F6_Bromo_Succinic_Acid,128
31.5,F6_Bromo_Succinic_Acid,127
31.75,F6_Bromo_Succinic_Acid,130
32.0,F6_Bromo_Succinic_Acid,128
32.25,F6_Bromo_Succinic_Acid,124
32.5,F6_Bromo_Succinic_Acid,126
32.75,F6_Bromo_Succinic_Acid,131
33.0,F6_Bromo_Succinic_Acid,124
33.25,F6_Bromo_Succinic_Acid,128
33.5,F6_Bromo_Succinic_Acid,128
33.75,F6_Bromo_Succinic_Acid,127
34.0,F6_Bromo_Succinic_Acid,126
34.25,F6_Bromo_Succinic_Acid,132
34.5,F6_Bromo_Succinic_Acid,133
34.75,F6_Bromo_Succinic_Acid,127
35.0,F6_Bromo_Succinic_Acid,126
35.25,F6_Bromo_Succinic_Acid,125
35.5,F6_Bromo_Succinic_Acid,127
35.75,F6_Bromo_Succinic_Acid,123
36.0,F6_Bromo_Succinic_Acid,121
36.25,F6_Bromo_Succinic_Acid,123
36.5,F6_Bromo_Succinic_Acid,128
36.75,F6_Bromo_Succinic_Acid,124
37.0,F6_Bromo_Succinic_Acid,128
37.25,F6_Bromo_Succinic_Acid,125
37.5,F6_Bromo_Succinic_Acid,122
37.75,F6_Bromo_Succinic_Acid,128
38.0,F6_Bromo_Succinic_Acid,128
38.25,F6_Bromo_Succinic_Acid,126
38.5,F6_Bromo_Succinic_Acid,124
38.75,F6_Bromo_Succinic_Acid,127
39.0,F6_Bromo_Succinic_Acid,128
39.25,F6_Bromo_Succinic_Acid,125
39.5,F6_Bromo_Succinic_Acid,128
39.75,F6_Bromo_Succinic_Acid,123
40.0,F6_Bromo_Succinic_Acid,124
40.25,F6_Bromo_Succinic_Acid,127
40.5,F6_Bromo_Succinic_Acid,126
40.75,F6_Bromo_Succinic_Acid,121
41.0,F6_Bromo_Succinic_Acid,126
41.25,F6_Bromo_Succinic_Acid,125
41.5,F6_Bromo_Succinic_Acid,129
41.75,F6_Bromo_Succinic_Acid,124
42.0,F6_Bromo_Succinic_Acid,122
42.25,F6_Bromo_Succinic_Acid,122
42.5,F6_Bromo_Succinic_Acid,125
42.75,F6_Bromo_Succinic_Acid,124
43.0,F6_Bromo_Succinic_Acid,126
43.25,F6_Bromo_Succinic_Acid,121
43.5,F6_Bromo_Succinic_Acid,125
43.75,F6_Bromo_Succinic_Acid,122
44.0,F6_Bromo_Succinic_Acid,124
44.25,F6_Bromo_Succinic_Acid,124
44.5,F6_Bromo_Succinic_Acid,123
44.75,F6_Bromo_Succinic_Acid,123
45.0,F6_Bromo_Succinic_Acid,125
45.25,F6_Bromo_Succinic_Acid,123
45.5,F6_Bromo_Succinic_Acid,124
45.75,F6_Bromo_Succinic_Acid,124
46.0,F6_Bromo_Succinic_Acid,121
46.25,F6_Bromo_Succinic_Acid,122
46.5,F6_Bromo_Succinic_Acid,123
46.75,F6_Bromo_Succinic_Acid,123
47.0,F6_Bromo_Succinic_Acid,124
47.25,F6_Bromo_Succinic_Acid,124
47.5,F6_Bromo_Succinic_Acid,0
0.0,F7_Propionic_Acid,14
0.25,F7_Propionic_Acid,18
0.5,F7_Propionic_Acid,15
0.75,F7_Propionic_Acid,14
1.0,F7_Propionic_Acid,13
1.25,F7_Propionic_Acid,12
1.5,F7_Propionic_Acid,12
1.75,F7_Propionic_Acid,12
2.0,F7_Propionic_Acid,15
2.25,F7_Propionic_Acid,11
2.5,F7_Propionic_Acid,14
2.75,F7_Propionic_Acid,13
3.0,F7_Propionic_Acid,11
3.25,F7_Propionic_Acid,11
3.5,F7_Propionic_Acid,13
3.75,F7_Propionic_Acid,12
4.0,F7_Propionic_Acid,11
4.25,F7_Propionic_Acid,11
4.5,F7_Propionic_Acid,16
4.75,F7_Propionic_Acid,16
5.0,F7_Propionic_Acid,17
5.25,F7_Propionic_Acid,18
5.5,F7_Propionic_Acid,19
5.75,F7_Propionic_Acid,18
6.0,F7_Propionic_Acid,23
6.25,F7_Propionic_Acid,21
6.5,F7_Propionic_Acid,23
6.75,F7_Propionic_Acid,27
7.0,F7_Propionic_Acid,25
7.25,F7_Propionic_Acid,28
7.5,F7_Propionic_Acid,30
7.75,F7_Propionic_Acid,32
8.0,F7_Propionic_Acid,35
8.25,F7_Propionic_Acid,32
8.5,F7_Propionic_Acid,37
8.75,F7_Propionic_Acid,36
9.0,F7_Propionic_Acid,43
9.25,F7_Propionic_Acid,41
9.5,F7_Propionic_Acid,49
9.75,F7_Propionic_Acid,52
10.0,F7_Propionic_Acid,51
10.25,F7_Propionic_Acid,54
10.5,F7_Propionic_Acid,60
10.75,F7_Propionic_Acid,61
11.0,F7_Propionic_Acid,60
11.25,F7_Propionic_Acid,69
11.5,F7_Propionic_Acid,69
11.75,F7_Propionic_Acid,74
12.0,F7_Propionic_Acid,78
12.25,F7_Propionic_Acid,79
12.5,F7_Propionic_Acid,83
12.75,F7_Propionic_Acid,89
13.0,F7_Propionic_Acid,87
13.25,F7_Propionic_Acid,91
13.5,F7_Propionic_Acid,93
13.75,F7_Propionic_Acid,99
14.0,F7_Propionic_Acid,101
14.25,F7_Propionic_Acid,105
14.5,F7_Propionic_Acid,109
14.75,F7_Propionic_Acid,114
15.0,F7_Propionic_Acid,118
15.25,F7_Propionic_Acid,123
15.5,F7_Propionic_Acid,127
15.75,F7_Propionic_Acid,130
16.0,F7_Propionic_Acid,126
16.25,F7_Propionic_Acid,136
16.5,F7_Propionic_Acid,134
16.75,F7_Propionic_Acid,143
17.0,F7_Propionic_Acid,143
17.25,F7_Propionic_Acid,149
17.5,F7_Propionic_Acid,152
17.75,F7_Propionic_Acid,156
18.0,F7_Propionic_Acid,160
18.25,F7_Propionic_Acid,158
18.5,F7_Propionic_Acid,169
18.75,F7_Propionic_Acid,168
19.0,F7_Propionic_Acid,174
19.25,F7_Propionic_Acid,175
19.5,F7_Propionic_Acid,177
19.75,F7_Propionic_Acid,177
20.0,F7_Propionic_Acid,181
20.25,F7_Propionic_Acid,185
20.5,F7_Propionic_Acid,188
20.75,F7_Propionic_Acid,194
21.0,F7_Propionic_Acid,196
21.25,F7_Propionic_Acid,195
21.5,F7_Propionic_Acid,199
21.75,F7_Propionic_Acid,199
22.0,F7_Propionic_Acid,206
22.25,F7_Propionic_Acid,207
22.5,F7_Propionic_Acid,206
22.75,F7_Propionic_Acid,211
23.0,F7_Propionic_Acid,217
23.25,F7_Propionic_Acid,216
23.5,F7_Propionic_Acid,215
23.75,F7_Propionic_Acid,216
24.0,F7_Propionic_Acid,218
24.25,F7_Propionic_Acid,221
24.5,F7_Propionic_Acid,222
24.75,F7_Propionic_Acid,223
25.0,F7_Propionic_Acid,228
25.25,F7_Propionic_Acid,234
25.5,F7_Propionic_Acid,226
25.75,F7_Propionic_Acid,233
26.0,F7_Propionic_Acid,231
26.25,F7_Propionic_Acid,232
26.5,F7_Propionic_Acid,231
26.75,F7_Propionic_Acid,231
27.0,F7_Propionic_Acid,238
27.25,F7_Propionic_Acid,234
27.5,F7_Propionic_Acid,236
27.75,F7_Propionic_Acid,235
28.0,F7_Propionic_Acid,238
28.25,F7_Propionic_Acid,238
28.5,F7_Propionic_Acid,239
28.75,F7_Propionic_Acid,241
29.0,F7_Propionic_Acid,242
29.25,F7_Propionic_Acid,240
29.5,F7_Propionic_Acid,243
29.75,F7_Propionic_Acid,244
30.0,F7_Propionic_Acid,243
30.25,F7_Propionic_Acid,245
30.5,F7_Propionic_Acid,242
30.75,F7_Propionic_Acid,246
31.0,F7_Propionic_Acid,245
31.25,F7_Propionic_Acid,244
31.5,F7_Propionic_Acid,246
31.75,F7_Propionic_Acid,244
32.0,F7_Propionic_Acid,248
32.25,F7_Propionic_Acid,246
32.5,F7_Propionic_Acid,246
32.75,F7_Propionic_Acid,249
33.0,F7_Propionic_Acid,249
33.25,F7_Propionic_Acid,249
33.5,F7_Propionic_Acid,249
33.75,F7_Propionic_Acid,253
34.0,F7_Propionic_Acid,253
34.25,F7_Propionic_Acid,252
34.5,F7_Propionic_Acid,253
34.75,F7_Propionic_Acid,250
35.0,F7_Propionic_Acid,250
35.25,F7_Propionic_Acid,251
35.5,F7_Propionic_Acid,256
35.75,F7_Propionic_Acid,252
36.0,F7_Propionic_Acid,250
36.25,F7_Propionic_Acid,252
36.5,F7_Propionic_Acid,251
36.75,F7_Propionic_Acid,255
37.0,F7_Propionic_Acid,253
37.25,F7_Propionic_Acid,251
37.5,F7_Propionic_Acid,256
37.75,F7_Propionic_Acid,257
38.0,F7_Propionic_Acid,256
38.25,F7_Propionic_Acid,251
38.5,F7_Propionic_Acid,253
38.75,F7_Propionic_Acid,253
39.0,F7_Propionic_Acid,254
39.25,F7_Propionic_Acid,252
39.5,F7_Propionic_Acid,254
39.75,F7_Propionic_Acid,254
40.0,F7_Propionic_Acid,252
40.25,F7_Propionic_Acid,254
40.5,F7_Propionic_Acid,252
40.75,F7_Propionic_Acid,252
41.0,F7_Propionic_Acid,254
41.25,F7_Propionic_Acid,252
41.5,F7_Propionic_Acid,254
41.75,F7_Propionic_Acid,255
42.0,F7_Propionic_Acid,254
42.25,F7_Propionic_Acid,255
42.5,F7_Propionic_Acid,257
42.75,F7_Propionic_Acid,255
43.0,F7_Propionic_Acid,260
43.25,F7_Propionic_Acid,256
43.5,F7_Propionic_Acid,255
43.75,F7_Propionic_Acid,257
44.0,F7_Propionic_Acid,258
44.25,F7_Propionic_Acid,256
44.5,F7_Propionic_Acid,254
44.75,F7_Propionic_Acid,258
45.0,F7_Propionic_Acid,255
45.25,F7_Propionic_Acid,256
45.5,F7_Propionic_Acid,257
45.75,F7_Propionic_Acid,258
46.0,F7_Propionic_Acid,261
46.25,F7_Propionic_Acid,254
46.5,F7_Propionic_Acid,256
46.75,F7_Propionic_Acid,258
47.0,F7_Propionic_Acid,255
47.25,F7_Propionic_Acid,260
47.5,F7_Propionic_Acid,0
0.0,F8_Mucic_Acid,18
0.25,F8_Mucic_Acid,11
0.5,F8_Mucic_Acid,12
0.75,F8_Mucic_Acid,13
1.0,F8_Mucic_Acid,11
1.25,F8_Mucic_Acid,11
1.5,F8_Mucic_Acid,13
1.75,F8_Mucic_Acid,11
2.0,F8_Mucic_Acid,12
2.25,F8_Mucic_Acid,11
2.5,F8_Mucic_Acid,11
2.75,F8_Mucic_Acid,11
3.0,F8_Mucic_Acid,11
3.25,F8_Mucic_Acid,12
3.5,F8_Mucic_Acid,11
3.75,F8_Mucic_Acid,11
4.0,F8_Mucic_Acid,11
4.25,F8_Mucic_Acid,13
4.5,F8_Mucic_Acid,15
4.75,F8_Mucic_Acid,13
5.0,F8_Mucic_Acid,14
5.25,F8_Mucic_Acid,18
5.5,F8_Mucic_Acid,14
5.75,F8_Mucic_Acid,18
6.0,F8_Mucic_Acid,18
6.25,F8_Mucic_Acid,17
6.5,F8_Mucic_Acid,16
6.75,F8_Mucic_Acid,19
7.0,F8_Mucic_Acid,21
7.25,F8_Mucic_Acid,21
7.5,F8_Mucic_Acid,26
7.75,F8_Mucic_Acid,23
8.0,F8_Mucic_Acid,22
8.25,F8_Mucic_Acid,23
8.5,F8_Mucic_Acid,23
8.75,F8_Mucic_Acid,24
9.0,F8_Mucic_Acid,27
9.25,F8_Mucic_Acid,25
9.5,F8_Mucic_Acid,23
9.75,F8_Mucic_Acid,20
10.0,F8_Mucic_Acid,25
10.25,F8_Mucic_Acid,25
10.5,F8_Mucic_Acid,24
10.75,F8_Mucic_Acid,26
11.0,F8_Mucic_Acid,26
11.25,F8_Mucic_Acid,24
11.5,F8_Mucic_Acid,19
11.75,F8_Mucic_Acid,22
12.0,F8_Mucic_Acid,27
12.25,F8_Mucic_Acid,28
12.5,F8_Mucic_Acid,25
12.75,F8_Mucic_Acid,26
13.0,F8_Mucic_Acid,26
13.25,F8_Mucic_Acid,29
13.5,F8_Mucic_Acid,27
13.75,F8_Mucic_Acid,26
14.0,F8_Mucic_Acid,27
14.25,F8_Mucic_Acid,22
14.5,F8_Mucic_Acid,25
14.75,F8_Mucic_Acid,30
15.0,F8_Mucic_Acid,24
15.25,F8_Mucic_Acid,24
15.5,F8_Mucic_Acid,32
15.75,F8_Mucic_Acid,29
16.0,F8_Mucic_Acid,24
16.25,F8_Mucic_Acid,27
16.5,F8_Mucic_Acid,29
16.75,F8_Mucic_Acid,35
17.0,F8_Mucic_Acid,32
17.25,F8_Mucic_Acid,32
17.5,F8_Mucic_Acid,24
17.75,F8_Mucic_Acid,28
18.0,F8_Mucic_Acid,30
18.25,F8_Mucic_Acid,27
18.5,F8_Mucic_Acid,31
18.75,F8_Mucic_Acid,29
19.0,F8_Mucic_Acid,32
19.25,F8_Mucic_Acid,31
19.5,F8_Mucic_Acid,28
19.75,F8_Mucic_Acid,31
20.0,F8_Mucic_Acid,29
20.25,F8_Mucic_Acid,30
20.5,F8_Mucic_Acid,32
20.75,F8_Mucic_Acid,31
21.0,F8_Mucic_Acid,32
21.25,F8_Mucic_Acid,32
21.5,F8_Mucic_Acid,29
21.75,F8_Mucic_Acid,26
22.0,F8_Mucic_Acid,33
22.25,F8_Mucic_Acid,34
22.5,F8_Mucic_Acid,35
22.75,F8_Mucic_Acid,32
23.0,F8_Mucic_Acid,34
23.25,F8_Mucic_Acid,31
23.5,F8_Mucic_Acid,32
23.75,F8_Mucic_Acid,33
24.0,F8_Mucic_Acid,30
24.25,F8_Mucic_Acid,31
24.5,F8_Mucic_Acid,30
24.75,F8_Mucic_Acid,30
25.0,F8_Mucic_Acid,34
25.25,F8_Mucic_Acid,33
25.5,F8_Mucic_Acid,33
25.75,F8_Mucic_Acid,30
26.0,F8_Mucic_Acid,30
26.25,F8_Mucic_Acid,36
26.5,F8_Mucic_Acid,32
26.75,F8_Mucic_Acid,33
27.0,F8_Mucic_Acid,35
27.25,F8_Mucic_Acid,36
27.5,F8_Mucic_Acid,32
27.75,F8_Mucic_Acid,31
28.0,F8_Mucic_Acid,26
28.25,F8_Mucic_Acid,37
28.5,F8_Mucic_Acid,33
28.75,F8_Mucic_Acid,32
29.0,F8_Mucic_Acid,35
29.25,F8_Mucic_Acid,35
29.5,F8_Mucic_Acid,31
29.75,F8_Mucic_Acid,33
30.0,F8_Mucic_Acid,31
30.25,F8_Mucic_Acid,32
30.5,F8_Mucic_Acid,32
30.75,F8_Mucic_Acid,33
31.0,F8_Mucic_Acid,29
31.25,F8_Mucic_Acid,31
31.5,F8_Mucic_Acid,30
31.75,F8_Mucic_Acid,29
32.0,F8_Mucic_Acid,34
32.25,F8_Mucic_Acid,34
32.5,F8_Mucic_Acid,34
32.75,F8_Mucic_Acid,38
33.0,F8_Mucic_Acid,35
33.25,F8_Mucic_Acid,34
33.5,F8_Mucic_Acid,34
33.75,F8_Mucic_Acid,34
34.0,F8_Mucic_Acid,37
34.25,F8_Mucic_Acid,36
34.5,F8_Mucic_Acid,36
34.75,F8_Mucic_Acid,33
35.0,F8_Mucic_Acid,34
35.25,F8_Mucic_Acid,30
35.5,F8_Mucic_Acid,36
35.75,F8_Mucic_Acid,34
36.0,F8_Mucic_Acid,31
36.25,F8_Mucic_Acid,31
36.5,F8_Mucic_Acid,34
36.75,F8_Mucic_Acid,38
37.0,F8_Mucic_Acid,30
37.25,F8_Mucic_Acid,37
37.5,F8_Mucic_Acid,31
37.75,F8_Mucic_Acid,36
38.0,F8_Mucic_Acid,35
38.25,F8_Mucic_Acid,33
38.5,F8_Mucic_Acid,40
38.75,F8_Mucic_Acid,33
39.0,F8_Mucic_Acid,36
39.25,F8_Mucic_Acid,38
39.5,F8_Mucic_Acid,35
39.75,F8_Mucic_Acid,32
40.0,F8_Mucic_Acid,30
40.25,F8_Mucic_Acid,32
40.5,F8_Mucic_Acid,36
40.75,F8_Mucic_Acid,36
41.0,F8_Mucic_Acid,34
41.25,F8_Mucic_Acid,36
41.5,F8_Mucic_Acid,37
41.75,F8_Mucic_Acid,34
42.0,F8_Mucic_Acid,35
42.25,F8_Mucic_Acid,34
42.5,F8_Mucic_Acid,35
42.75,F8_Mucic_Acid,31
43.0,F8_Mucic_Acid,33
43.25,F8_Mucic_Acid,29
43.5,F8_Mucic_Acid,29
43.75,F8_Mucic_Acid,32
44.0,F8_Mucic_Acid,34
44.25,F8_Mucic_Acid,35
44.5,F8_Mucic_Acid,29
44.75,F8_Mucic_Acid,34
45.0,F8_Mucic_Acid,31
45.25,F8_Mucic_Acid,30
45.5,F8_Mucic_Acid,33
45.75,F8_Mucic_Acid,30
46.0,F8_Mucic_Acid,34
46.25,F8_Mucic_Acid,31
46.5,F8_Mucic_Acid,34
46.75,F8_Mucic_Acid,31
47.0,F8_Mucic_Acid,37
47.25,F8_Mucic_Acid,35
47.5,F8_Mucic_Acid,0
0.0,F9_Glycolic_Acid,13
0.25,F9_Glycolic_Acid,20
0.5,F9_Glycolic_Acid,20
0.75,F9_Glycolic_Acid,16
1.0,F9_Glycolic_Acid,13
1.25,F9_Glycolic_Acid,12
1.5,F9_Glycolic_Acid,16
1.75,F9_Glycolic_Acid,18
2.0,F9_Glycolic_Acid,15
2.25,F9_Glycolic_Acid,15
2.5,F9_Glycolic_Acid,16
2.75,F9_Glycolic_Acid,13
3.0,F9_Glycolic_Acid,18
3.25,F9_Glycolic_Acid,15
3.5,F9_Glycolic_Acid,14
3.75,F9_Glycolic_Acid,16
4.0,F9_Glycolic_Acid,17
4.25,F9_Glycolic_Acid,14
4.5,F9_Glycolic_Acid,20
4.75,F9_Glycolic_Acid,19
5.0,F9_Glycolic_Acid,19
5.25,F9_Glycolic_Acid,19
5.5,F9_Glycolic_Acid,22
5.75,F9_Glycolic_Acid,25
6.0,F9_Glycolic_Acid,22
6.25,F9_Glycolic_Acid,26
6.5,F9_Glycolic_Acid,24
6.75,F9_Glycolic_Acid,24
7.0,F9_Glycolic_Acid,29
7.25,F9_Glycolic_Acid,30
7.5,F9_Glycolic_Acid,28
7.75,F9_Glycolic_Acid,31
8.0,F9_Glycolic_Acid,29
8.25,F9_Glycolic_Acid,31
8.5,F9_Glycolic_Acid,29
8.75,F9_Glycolic_Acid,29
9.0,F9_Glycolic_Acid,34
9.25,F9_Glycolic_Acid,31
9.5,F9_Glycolic_Acid,30
9.75,F9_Glycolic_Acid,31
10.0,F9_Glycolic_Acid,28
10.25,F9_Glycolic_Acid,28
10.5,F9_Glycolic_Acid,32
10.75,F9_Glycolic_Acid,32
11.0,F9_Glycolic_Acid,29
11.25,F9_Glycolic_Acid,30
11.5,F9_Glycolic_Acid,32
11.75,F9_Glycolic_Acid,32
12.0,F9_Glycolic_Acid,27
12.25,F9_Glycolic_Acid,29
12.5,F9_Glycolic_Acid,31
12.75,F9_Glycolic_Acid,31
13.0,F9_Glycolic_Acid,29
13.25,F9_Glycolic_Acid,32
13.5,F9_Glycolic_Acid,31
13.75,F9_Glycolic_Acid,30
14.0,F9_Glycolic_Acid,31
14.25,F9_Glycolic_Acid,32
14.5,F9_Glycolic_Acid,29
14.75,F9_Glycolic_Acid,33
15.0,F9_Glycolic_Acid,30
15.25,F9_Glycolic_Acid,31
15.5,F9_Glycolic_Acid,30
15.75,F9_Glycolic_Acid,28
16.0,F9_Glycolic_Acid,31
16.25,F9_Glycolic_Acid,31
16.5,F9_Glycolic_Acid,28
16.75,F9_Glycolic_Acid,33
17.0,F9_Glycolic_Acid,32
17.25,F9_Glycolic_Acid,34
17.5,F9_Glycolic_Acid,26
17.75,F9_Glycolic_Acid,31
18.0,F9_Glycolic_Acid,35
18.25,F9_Glycolic_Acid,30
18.5,F9_Glycolic_Acid,33
18.75,F9_Glycolic_Acid,32
19.0,F9_Glycolic_Acid,34
19.25,F9_Glycolic_Acid,33
19.5,F9_Glycolic_Acid,33
19.75,F9_Glycolic_Acid,34
20.0,F9_Glycolic_Acid,34
20.25,F9_Glycolic_Acid,30
20.5,F9_Glycolic_Acid,34
20.75,F9_Glycolic_Acid,39
21.0,F9_Glycolic_Acid,28
21.25,F9_Glycolic_Acid,27
21.5,F9_Glycolic_Acid,29
21.75,F9_Glycolic_Acid,28
22.0,F9_Glycolic_Acid,32
22.25,F9_Glycolic_Acid,30
22.5,F9_Glycolic_Acid,34
22.75,F9_Glycolic_Acid,33
23.0,F9_Glycolic_Acid,32
23.25,F9_Glycolic_Acid,29
23.5,F9_Glycolic_Acid,30
23.75,F9_Glycolic_Acid,35
24.0,F9_Glycolic_Acid,29
24.25,F9_Glycolic_Acid,31
24.5,F9_Glycolic_Acid,31
24.75,F9_Glycolic_Acid,36
25.0,F9_Glycolic_Acid,28
25.25,F9_Glycolic_Acid,36
25.5,F9_Glycolic_Acid,32
25.75,F9_Glycolic_Acid,32
26.0,F9_Glycolic_Acid,29
26.25,F9_Glycolic_Acid,31
26.5,F9_Glycolic_Acid,30
26.75,F9_Glycolic_Acid,34
27.0,F9_Glycolic_Acid,33
27.25,F9_Glycolic_Acid,31
27.5,F9_Glycolic_Acid,35
27.75,F9_Glycolic_Acid,33
28.0,F9_Glycolic_Acid,31
28.25,F9_Glycolic_Acid,36
28.5,F9_Glycolic_Acid,32
28.75,F9_Glycolic_Acid,26
29.0,F9_Glycolic_Acid,32
29.25,F9_Glycolic_Acid,28
29.5,F9_Glycolic_Acid,26
29.75,F9_Glycolic_Acid,29
30.0,F9_Glycolic_Acid,30
30.25,F9_Glycolic_Acid,30
30.5,F9_Glycolic_Acid,32
30.75,F9_Glycolic_Acid,30
31.0,F9_Glycolic_Acid,26
31.25,F9_Glycolic_Acid,29
31.5,F9_Glycolic_Acid,27
31.75,F9_Glycolic_Acid,28
32.0,F9_Glycolic_Acid,29
32.25,F9_Glycolic_Acid,29
32.5,F9_Glycolic_Acid,29
32.75,F9_Glycolic_Acid,32
33.0,F9_Glycolic_Acid,28
33.25,F9_Glycolic_Acid,29
33.5,F9_Glycolic_Acid,31
33.75,F9_Glycolic_Acid,31
34.0,F9_Glycolic_Acid,32
34.25,F9_Glycolic_Acid,29
34.5,F9_Glycolic_Acid,31
34.75,F9_Glycolic_Acid,29
35.0,F9_Glycolic_Acid,31
35.25,F9_Glycolic_Acid,31
35.5,F9_Glycolic_Acid,31
35.75,F9_Glycolic_Acid,33
36.0,F9_Glycolic_Acid,26
36.25,F9_Glycolic_Acid,30
36.5,F9_Glycolic_Acid,28
36.75,F9_Glycolic_Acid,28
37.0,F9_Glycolic_Acid,32
37.25,F9_Glycolic_Acid,28
37.5,F9_Glycolic_Acid,29
37.75,F9_Glycolic_Acid,32
38.0,F9_Glycolic_Acid,33
38.25,F9_Glycolic_Acid,32
38.5,F9_Glycolic_Acid,31
38.75,F9_Glycolic_Acid,31
39.0,F9_Glycolic_Acid,32
39.25,F9_Glycolic_Acid,27
39.5,F9_Glycolic_Acid,29
39.75,F9_Glycolic_Acid,28
40.0,F9_Glycolic_Acid,27
40.25,F9_Glycolic_Acid,31
40.5,F9_Glycolic_Acid,29
40.75,F9_Glycolic_Acid,26
41.0,F9_Glycolic_Acid,28
41.25,F9_Glycolic_Acid,27
41.5,F9_Glycolic_Acid,30
41.75,F9_Glycolic_Acid,30
42.0,F9_Glycolic_Acid,27
42.25,F9_Glycolic_Acid,30
42.5,F9_Glycolic_Acid,27
42.75,F9_Glycolic_Acid,31
43.0,F9_Glycolic_Acid,32
43.25,F9_Glycolic_Acid,30
43.5,F9_Glycolic_Acid,28
43.75,F9_Glycolic_Acid,34
44.0,F9_Glycolic_Acid,33
44.25,F9_Glycolic_Acid,30
44.5,F9_Glycolic_Acid,35
44.75,F9_Glycolic_Acid,28
45.0,F9_Glycolic_Acid,31
45.25,F9_Glycolic_Acid,31
45.5,F9_Glycolic_Acid,32
45.75,F9_Glycolic_Acid,28
46.0,F9_Glycolic_Acid,30
46.25,F9_Glycolic_Acid,33
46.5,F9_Glycolic_Acid,31
46.75,F9_Glycolic_Acid,30
47.0,F9_Glycolic_Acid,32
47.25,F9_Glycolic_Acid,32
47.5,F9_Glycolic_Acid,0
0.0,F10_Glyoxylic_Acid,13
0.25,F10_Glyoxylic_Acid,11
0.5,F10_Glyoxylic_Acid,13
0.75,F10_Glyoxylic_Acid,18
1.0,F10_Glyoxylic_Acid,20
1.25,F10_Glyoxylic_Acid,20
1.5,F10_Glyoxylic_Acid,19
1.75,F10_Glyoxylic_Acid,21
2.0,F10_Glyoxylic_Acid,18
2.25,F10_Glyoxylic_Acid,18
2.5,F10_Glyoxylic_Acid,14
2.75,F10_Glyoxylic_Acid,17
3.0,F10_Glyoxylic_Acid,14
3.25,F10_Glyoxylic_Acid,17
3.5,F10_Glyoxylic_Acid,16
3.75,F10_Glyoxylic_Acid,17
4.0,F10_Glyoxylic_Acid,14
4.25,F10_Glyoxylic_Acid,19
4.5,F10_Glyoxylic_Acid,15
4.75,F10_Glyoxylic_Acid,18
5.0,F10_Glyoxylic_Acid,18
5.25,F10_Glyoxylic_Acid,20
5.5,F10_Glyoxylic_Acid,17
5.75,F10_Glyoxylic_Acid,20
6.0,F10_Glyoxylic_Acid,17
6.25,F10_Glyoxylic_Acid,22
6.5,F10_Glyoxylic_Acid,23
6.75,F10_Glyoxylic_Acid,19
7.0,F10_Glyoxylic_Acid,21
7.25,F10_Glyoxylic_Acid,23
7.5,F10_Glyoxylic_Acid,24
7.75,F10_Glyoxylic_Acid,27
8.0,F10_Glyoxylic_Acid,23
8.25,F10_Glyoxylic_Acid,21
8.5,F10_Glyoxylic_Acid,22
8.75,F10_Glyoxylic_Acid,23
9.0,F10_Glyoxylic_Acid,26
9.25,F10_Glyoxylic_Acid,26
9.5,F10_Glyoxylic_Acid,25
9.75,F10_Glyoxylic_Acid,25
10.0,F10_Glyoxylic_Acid,27
10.25,F10_Glyoxylic_Acid,27
10.5,F10_Glyoxylic_Acid,23
10.75,F10_Glyoxylic_Acid,28
11.0,F10_Glyoxylic_Acid,30
11.25,F10_Glyoxylic_Acid,32
11.5,F10_Glyoxylic_Acid,29
11.75,F10_Glyoxylic_Acid,29
12.0,F10_Glyoxylic_Acid,28
12.25,F10_Glyoxylic_Acid,31
12.5,F10_Glyoxylic_Acid,34
12.75,F10_Glyoxylic_Acid,32
13.0,F10_Glyoxylic_Acid,34
13.25,F10_Glyoxylic_Acid,31
13.5,F10_Glyoxylic_Acid,38
13.75,F10_Glyoxylic_Acid,32
14.0,F10_Glyoxylic_Acid,34
14.25,F10_Glyoxylic_Acid,34
14.5,F10_Glyoxylic_Acid,32
14.75,F10_Glyoxylic_Acid,33
15.0,F10_Glyoxylic_Acid,39
15.25,F10_Glyoxylic_Acid,38
15.5,F10_Glyoxylic_Acid,35
15.75,F10_Glyoxylic_Acid,37
16.0,F10_Glyoxylic_Acid,34
16.25,F10_Glyoxylic_Acid,37
16.5,F10_Glyoxylic_Acid,36
16.75,F10_Glyoxylic_Acid,36
17.0,F10_Glyoxylic_Acid,38
17.25,F10_Glyoxylic_Acid,34
17.5,F10_Glyoxylic_Acid,35
17.75,F10_Glyoxylic_Acid,36
18.0,F10_Glyoxylic_Acid,37
18.25,F10_Glyoxylic_Acid,41
18.5,F10_Glyoxylic_Acid,42
18.75,F10_Glyoxylic_Acid,39
19.0,F10_Glyoxylic_Acid,40
19.25,F10_Glyoxylic_Acid,40
19.5,F10_Glyoxylic_Acid,39
19.75,F10_Glyoxylic_Acid,45
20.0,F10_Glyoxylic_Acid,43
20.25,F10_Glyoxylic_Acid,39
20.5,F10_Glyoxylic_Acid,45
20.75,F10_Glyoxylic_Acid,44
21.0,F10_Glyoxylic_Acid,46
21.25,F10_Glyoxylic_Acid,45
21.5,F10_Glyoxylic_Acid,46
21.75,F10_Glyoxylic_Acid,41
22.0,F10_Glyoxylic_Acid,44
22.25,F10_Glyoxylic_Acid,42
22.5,F10_Glyoxylic_Acid,47
22.75,F10_Glyoxylic_Acid,44
23.0,F10_Glyoxylic_Acid,44
23.25,F10_Glyoxylic_Acid,51
23.5,F10_Glyoxylic_Acid,49
23.75,F10_Glyoxylic_Acid,46
24.0,F10_Glyoxylic_Acid,49
24.25,F10_Glyoxylic_Acid,46
24.5,F10_Glyoxylic_Acid,50
24.75,F10_Glyoxylic_Acid,50
25.0,F10_Glyoxylic_Acid,53
25.25,F10_Glyoxylic_Acid,52
25.5,F10_Glyoxylic_Acid,45
25.75,F10_Glyoxylic_Acid,48
26.0,F10_Glyoxylic_Acid,52
26.25,F10_Glyoxylic_Acid,50
26.5,F10_Glyoxylic_Acid,54
26.75,F10_Glyoxylic_Acid,54
27.0,F10_Glyoxylic_Acid,48
27.25,F10_Glyoxylic_Acid,52
27.5,F10_Glyoxylic_Acid,52
27.75,F10_Glyoxylic_Acid,53
28.0,F10_Glyoxylic_Acid,54
28.25,F10_Glyoxylic_Acid,52
28.5,F10_Glyoxylic_Acid,56
28.75,F10_Glyoxylic_Acid,54
29.0,F10_Glyoxylic_Acid,54
29.25,F10_Glyoxylic_Acid,56
29.5,F10_Glyoxylic_Acid,57
29.75,F10_Glyoxylic_Acid,57
30.0,F10_Glyoxylic_Acid,55
30.25,F10_Glyoxylic_Acid,60
30.5,F10_Glyoxylic_Acid,60
30.75,F10_Glyoxylic_Acid,54
31.0,F10_Glyoxylic_Acid,54
31.25,F10_Glyoxylic_Acid,56
31.5,F10_Glyoxylic_Acid,54
31.75,F10_Glyoxylic_Acid,57
32.0,F10_Glyoxylic_Acid,61
32.25,F10_Glyoxylic_Acid,56
32.5,F10_Glyoxylic_Acid,57
32.75,F10_Glyoxylic_Acid,58
33.0,F10_Glyoxylic_Acid,63
33.25,F10_Glyoxylic_Acid,64
33.5,F10_Glyoxylic_Acid,63
33.75,F10_Glyoxylic_Acid,65
34.0,F10_Glyoxylic_Acid,63
34.25,F10_Glyoxylic_Acid,63
34.5,F10_Glyoxylic_Acid,63
34.75,F10_Glyoxylic_Acid,61
35.0,F10_Glyoxylic_Acid,67
35.25,F10_Glyoxylic_Acid,63
35.5,F10_Glyoxylic_Acid,67
35.75,F10_Glyoxylic_Acid,66
36.0,F10_Glyoxylic_Acid,64
36.25,F10_Glyoxylic_Acid,68
36.5,F10_Glyoxylic_Acid,66
36.75,F10_Glyoxylic_Acid,68
37.0,F10_Glyoxylic_Acid,67
37.25,F10_Glyoxylic_Acid,67
37.5,F10_Glyoxylic_Acid,65
37.75,F10_Glyoxylic_Acid,69
38.0,F10_Glyoxylic_Acid,69
38.25,F10_Glyoxylic_Acid,73
38.5,F10_Glyoxylic_Acid,71
38.75,F10_Glyoxylic_Acid,69
39.0,F10_Glyoxylic_Acid,76
39.25,F10_Glyoxylic_Acid,70
39.5,F10_Glyoxylic_Acid,71
39.75,F10_Glyoxylic_Acid,71
40.0,F10_Glyoxylic_Acid,72
40.25,F10_Glyoxylic_Acid,73
40.5,F10_Glyoxylic_Acid,76
40.75,F10_Glyoxylic_Acid,75
41.0,F10_Glyoxylic_Acid,72
41.25,F10_Glyoxylic_Acid,74
41.5,F10_Glyoxylic_Acid,75
41.75,F10_Glyoxylic_Acid,73
42.0,F10_Glyoxylic_Acid,79
42.25,F10_Glyoxylic_Acid,75
42.5,F10_Glyoxylic_Acid,76
42.75,F10_Glyoxylic_Acid,70
43.0,F10_Glyoxylic_Acid,79
43.25,F10_Glyoxylic_Acid,74
43.5,F10_Glyoxylic_Acid,76
43.75,F10_Glyoxylic_Acid,81
44.0,F10_Glyoxylic_Acid,79
44.25,F10_Glyoxylic_Acid,78
44.5,F10_Glyoxylic_Acid,87
44.75,F10_Glyoxylic_Acid,78
45.0,F10_Glyoxylic_Acid,81
45.25,F10_Glyoxylic_Acid,78
45.5,F10_Glyoxylic_Acid,86
45.75,F10_Glyoxylic_Acid,79
46.0,F10_Glyoxylic_Acid,81
46.25,F10_Glyoxylic_Acid,84
46.5,F10_Glyoxylic_Acid,79
46.75,F10_Glyoxylic_Acid,83
47.0,F10_Glyoxylic_Acid,83
47.25,F10_Glyoxylic_Acid,81
47.5,F10_Glyoxylic_Acid,0
0.0,F11_D-Cellobiose,18
0.25,F11_D-Cellobiose,26
0.5,F11_D-Cellobiose,15
0.75,F11_D-Cellobiose,19
1.0,F11_D-Cellobiose,19
1.25,F11_D-Cellobiose,19
1.5,F11_D-Cellobiose,25
1.75,F11_D-Cellobiose,24
2.0,F11_D-Cellobiose,23
2.25,F11_D-Cellobiose,19
2.5,F11_D-Cellobiose,21
2.75,F11_D-Cellobiose,22
3.0,F11_D-Cellobiose,18
3.25,F11_D-Cellobiose,19
3.5,F11_D-Cellobiose,18
3.75,F11_D-Cellobiose,21
4.0,F11_D-Cellobiose,20
4.25,F11_D-Cellobiose,21
4.5,F11_D-Cellobiose,22
4.75,F11_D-Cellobiose,24
5.0,F11_D-Cellobiose,25
5.25,F11_D-Cellobiose,28
5.5,F11_D-Cellobiose,28
5.75,F11_D-Cellobiose,37
6.0,F11_D-Cellobiose,35
6.25,F11_D-Cellobiose,36
6.5,F11_D-Cellobiose,38
6.75,F11_D-Cellobiose,37
7.0,F11_D-Cellobiose,41
7.25,F11_D-Cellobiose,44
7.5,F11_D-Cellobiose,49
7.75,F11_D-Cellobiose,52
8.0,F11_D-Cellobiose,53
8.25,F11_D-Cellobiose,57
8.5,F11_D-Cellobiose,63
8.75,F11_D-Cellobiose,64
9.0,F11_D-Cellobiose,68
9.25,F11_D-Cellobiose,75
9.5,F11_D-Cellobiose,75
9.75,F11_D-Cellobiose,86
10.0,F11_D-Cellobiose,87
10.25,F11_D-Cellobiose,91
10.5,F11_D-Cellobiose,96
10.75,F11_D-Cellobiose,102
11.0,F11_D-Cellobiose,104
11.25,F11_D-Cellobiose,112
11.5,F11_D-Cellobiose,114
11.75,F11_D-Cellobiose,119
12.0,F11_D-Cellobiose,128
12.25,F11_D-Cellobiose,128
12.5,F11_D-Cellobiose,138
12.75,F11_D-Cellobiose,138
13.0,F11_D-Cellobiose,143
13.25,F11_D-Cellobiose,147
13.5,F11_D-Cellobiose,150
13.75,F11_D-Cellobiose,152
14.0,F11_D-Cellobiose,158
14.25,F11_D-Cellobiose,160
14.5,F11_D-Cellobiose,166
14.75,F11_D-Cellobiose,169
15.0,F11_D-Cellobiose,173
15.25,F11_D-Cellobiose,171
15.5,F11_D-Cellobiose,180
15.75,F11_D-Cellobiose,185
16.0,F11_D-Cellobiose,193
16.25,F11_D-Cellobiose,194
16.5,F11_D-Cellobiose,193
16.75,F11_D-Cellobiose,201
17.0,F11_D-Cellobiose,202
17.25,F11_D-Cellobiose,206
17.5,F11_D-Cellobiose,211
17.75,F11_D-Cellobiose,211
18.0,F11_D-Cellobiose,213
18.25,F11_D-Cellobiose,213
18.5,F11_D-Cellobiose,214
18.75,F11_D-Cellobiose,214
19.0,F11_D-Cellobiose,218
19.25,F11_D-Cellobiose,221
19.5,F11_D-Cellobiose,228
19.75,F11_D-Cellobiose,225
20.0,F11_D-Cellobiose,228
20.25,F11_D-Cellobiose,229
20.5,F11_D-Cellobiose,226
20.75,F11_D-Cellobiose,226
21.0,F11_D-Cellobiose,228
21.25,F11_D-Cellobiose,230
21.5,F11_D-Cellobiose,229
21.75,F11_D-Cellobiose,230
22.0,F11_D-Cellobiose,236
22.25,F11_D-Cellobiose,235
22.5,F11_D-Cellobiose,239
22.75,F11_D-Cellobiose,238
23.0,F11_D-Cellobiose,243
23.25,F11_D-Cellobiose,245
23.5,F11_D-Cellobiose,246
23.75,F11_D-Cellobiose,244
24.0,F11_D-Cellobiose,245
24.25,F11_D-Cellobiose,247
24.5,F11_D-Cellobiose,247
24.75,F11_D-Cellobiose,245
25.0,F11_D-Cellobiose,250
25.25,F11_D-Cellobiose,253
25.5,F11_D-Cellobiose,250
25.75,F11_D-Cellobiose,254
26.0,F11_D-Cellobiose,250
26.25,F11_D-Cellobiose,254
26.5,F11_D-Cellobiose,254
26.75,F11_D-Cellobiose,256
27.0,F11_D-Cellobiose,259
27.25,F11_D-Cellobiose,253
27.5,F11_D-Cellobiose,254
27.75,F11_D-Cellobiose,258
28.0,F11_D-Cellobiose,254
28.25,F11_D-Cellobiose,256
28.5,F11_D-Cellobiose,258
28.75,F11_D-Cellobiose,257
29.0,F11_D-Cellobiose,263
29.25,F11_D-Cellobiose,255
29.5,F11_D-Cellobiose,257
29.75,F11_D-Cellobiose,256
30.0,F11_D-Cellobiose,258
30.25,F11_D-Cellobiose,260
30.5,F11_D-Cellobiose,262
30.75,F11_D-Cellobiose,260
31.0,F11_D-Cellobiose,257
31.25,F11_D-Cellobiose,261
31.5,F11_D-Cellobiose,260
31.75,F11_D-Cellobiose,258
32.0,F11_D-Cellobiose,260
32.25,F11_D-Cellobiose,264
32.5,F11_D-Cellobiose,257
32.75,F11_D-Cellobiose,258
33.0,F11_D-Cellobiose,260
33.25,F11_D-Cellobiose,257
33.5,F11_D-Cellobiose,261
33.75,F11_D-Cellobiose,264
34.0,F11_D-Cellobiose,264
34.25,F11_D-Cellobiose,263
34.5,F11_D-Cellobiose,266
34.75,F11_D-Cellobiose,264
35.0,F11_D-Cellobiose,264
35.25,F11_D-Cellobiose,263
35.5,F11_D-Cellobiose,267
35.75,F11_D-Cellobiose,266
36.0,F11_D-Cellobiose,264
36.25,F11_D-Cellobiose,264
36.5,F11_D-Cellobiose,264
36.75,F11_D-Cellobiose,266
37.0,F11_D-Cellobiose,264
37.25,F11_D-Cellobiose,264
37.5,F11_D-Cellobiose,265
37.75,F11_D-Cellobiose,267
38.0,F11_D-Cellobiose,266
38.25,F11_D-Cellobiose,263
38.5,F11_D-Cellobiose,266
38.75,F11_D-Cellobiose,264
39.0,F11_D-Cellobiose,268
39.25,F11_D-Cellobiose,270
39.5,F11_D-Cellobiose,267
39.75,F11_D-Cellobiose,266
40.0,F11_D-Cellobiose,269
40.25,F11_D-Cellobiose,269
40.5,F11_D-Cellobiose,269
40.75,F11_D-Cellobiose,268
41.0,F11_D-Cellobiose,272
41.25,F11_D-Cellobiose,270
41.5,F11_D-Cellobiose,270
41.75,F11_D-Cellobiose,271
42.0,F11_D-Cellobiose,275
42.25,F11_D-Cellobiose,274
42.5,F11_D-Cellobiose,270
42.75,F11_D-Cellobiose,276
43.0,F11_D-Cellobiose,274
43.25,F11_D-Cellobiose,271
43.5,F11_D-Cellobiose,274
43.75,F11_D-Cellobiose,273
44.0,F11_D-Cellobiose,277
44.25,F11_D-Cellobiose,273
44.5,F11_D-Cellobiose,274
44.75,F11_D-Cellobiose,278
45.0,F11_D-Cellobiose,278
45.25,F11_D-Cellobiose,271
45.5,F11_D-Cellobiose,278
45.75,F11_D-Cellobiose,278
46.0,F11_D-Cellobiose,277
46.25,F11_D-Cellobiose,276
46.5,F11_D-Cellobiose,279
46.75,F11_D-Cellobiose,277
47.0,F11_D-Cellobiose,279
47.25,F11_D-Cellobiose,281
47.5,F11_D-Cellobiose,0
0.0,F12_Inosine,35
0.25,F12_Inosine,44
0.5,F12_Inosine,43
0.75,F12_Inosine,46
1.0,F12_Inosine,42
1.25,F12_Inosine,39
1.5,F12_Inosine,44
1.75,F12_Inosine,42
2.0,F12_Inosine,41
2.25,F12_Inosine,40
2.5,F12_Inosine,45
2.75,F12_Inosine,41
3.0,F12_Inosine,40
3.25,F12_Inosine,45
3.5,F12_Inosine,40
3.75,F12_Inosine,42
4.0,F12_Inosine,40
4.25,F12_Inosine,47
4.5,F12_Inosine,43
4.75,F12_Inosine,48
5.0,F12_Inosine,47
5.25,F12_Inosine,48
5.5,F12_Inosine,49
5.75,F12_Inosine,50
6.0,F12_Inosine,50
6.25,F12_Inosine,53
6.5,F12_Inosine,50
6.75,F12_Inosine,57
7.0,F12_Inosine,55
7.25,F12_Inosine,57
7.5,F12_Inosine,52
7.75,F12_Inosine,58
8.0,F12_Inosine,58
8.25,F12_Inosine,50
8.5,F12_Inosine,56
8.75,F12_Inosine,59
9.0,F12_Inosine,63
9.25,F12_Inosine,61
9.5,F12_Inosine,60
9.75,F12_Inosine,59
10.0,F12_Inosine,63
10.25,F12_Inosine,64
10.5,F12_Inosine,64
10.75,F12_Inosine,64
11.0,F12_Inosine,60
11.25,F12_Inosine,62
11.5,F12_Inosine,65
11.75,F12_Inosine,63
12.0,F12_Inosine,62
12.25,F12_Inosine,70
12.5,F12_Inosine,69
12.75,F12_Inosine,66
13.0,F12_Inosine,66
13.25,F12_Inosine,67
13.5,F12_Inosine,66
13.75,F12_Inosine,70
14.0,F12_Inosine,70
14.25,F12_Inosine,71
14.5,F12_Inosine,67
14.75,F12_Inosine,71
15.0,F12_Inosine,73
15.25,F12_Inosine,72
15.5,F12_Inosine,78
15.75,F12_Inosine,77
16.0,F12_Inosine,70
16.25,F12_Inosine,77
16.5,F12_Inosine,77
16.75,F12_Inosine,73
17.0,F12_Inosine,80
17.25,F12_Inosine,82
17.5,F12_Inosine,79
17.75,F12_Inosine,84
18.0,F12_Inosine,89
18.25,F12_Inosine,89
18.5,F12_Inosine,87
18.75,F12_Inosine,87
19.0,F12_Inosine,92
19.25,F12_Inosine,93
19.5,F12_Inosine,93
19.75,F12_Inosine,95
20.0,F12_Inosine,100
20.25,F12_Inosine,103
20.5,F12_Inosine,102
20.75,F12_Inosine,112
21.0,F12_Inosine,108
21.25,F12_Inosine,109
21.5,F12_Inosine,116
21.75,F12_Inosine,114
22.0,F12_Inosine,122
22.25,F12_Inosine,123
22.5,F12_Inosine,128
22.75,F12_Inosine,132
23.0,F12_Inosine,140
23.25,F12_Inosine,141
23.5,F12_Inosine,141
23.75,F12_Inosine,152
24.0,F12_Inosine,151
24.25,F12_Inosine,162
24.5,F12_Inosine,166
24.75,F12_Inosine,170
25.0,F12_Inosine,170
25.25,F12_Inosine,182
25.5,F12_Inosine,186
25.75,F12_Inosine,186
26.0,F12_Inosine,190
26.25,F12_Inosine,194
26.5,F12_Inosine,197
26.75,F12_Inosine,202
27.0,F12_Inosine,208
27.25,F12_Inosine,210
27.5,F12_Inosine,217
27.75,F12_Inosine,214
28.0,F12_Inosine,221
28.25,F12_Inosine,226
28.5,F12_Inosine,228
28.75,F12_Inosine,229
29.0,F12_Inosine,233
29.25,F12_Inosine,237
29.5,F12_Inosine,239
29.75,F12_Inosine,239
30.0,F12_Inosine,243
30.25,F12_Inosine,245
30.5,F12_Inosine,244
30.75,F12_Inosine,249
31.0,F12_Inosine,247
31.25,F12_Inosine,252
31.5,F12_Inosine,251
31.75,F12_Inosine,254
32.0,F12_Inosine,255
32.25,F12_Inosine,255
32.5,F12_Inosine,255
32.75,F12_Inosine,263
33.0,F12_Inosine,261
33.25,F12_Inosine,262
33.5,F12_Inosine,264
33.75,F12_Inosine,263
34.0,F12_Inosine,262
34.25,F12_Inosine,266
34.5,F12_Inosine,266
34.75,F12_Inosine,266
35.0,F12_Inosine,264
35.25,F12_Inosine,262
35.5,F12_Inosine,264
35.75,F12_Inosine,266
36.0,F12_Inosine,263
36.25,F12_Inosine,265
36.5,F12_Inosine,268
36.75,F12_Inosine,267
37.0,F12_Inosine,269
37.25,F12_Inosine,266
37.5,F12_Inosine,264
37.75,F12_Inosine,268
38.0,F12_Inosine,269
38.25,F12_Inosine,270
38.5,F12_Inosine,269
38.75,F12_Inosine,265
39.0,F12_Inosine,270
39.25,F12_Inosine,270
39.5,F12_Inosine,271
39.75,F12_Inosine,269
40.0,F12_Inosine,270
40.25,F12_Inosine,267
40.5,F12_Inosine,273
40.75,F12_Inosine,270
41.0,F12_Inosine,273
41.25,F12_Inosine,270
41.5,F12_Inosine,271
41.75,F12_Inosine,271
42.0,F12_Inosine,272
42.25,F12_Inosine,273
42.5,F12_Inosine,270
42.75,F12_Inosine,273
43.0,F12_Inosine,274
43.25,F12_Inosine,271
43.5,F12_Inosine,274
43.75,F12_Inosine,276
44.0,F12_Inosine,275
44.25,F12_Inosine,273
44.5,F12_Inosine,273
44.75,F12_Inosine,275
45.0,F12_Inosine,274
45.25,F12_Inosine,274
45.5,F12_Inosine,276
45.75,F12_Inosine,275
46.0,F12_Inosine,275
46.25,F12_Inosine,277
46.5,F12_Inosine,278
46.75,F12_Inosine,272
47.0,F12_Inosine,277
47.25,F12_Inosine,276
47.5,F12_Inosine,0
0.0,G1_Glycyl-L-Glutamic_Acid,55
0.25,G1_Glycyl-L-Glutamic_Acid,34
0.5,G1_Glycyl-L-Glutamic_Acid,32
0.75,G1_Glycyl-L-Glutamic_Acid,31
1.0,G1_Glycyl-L-Glutamic_Acid,26
1.25,G1_Glycyl-L-Glutamic_Acid,28
1.5,G1_Glycyl-L-Glutamic_Acid,22
1.75,G1_Glycyl-L-Glutamic_Acid,28
2.0,G1_Glycyl-L-Glutamic_Acid,28
2.25,G1_Glycyl-L-Glutamic_Acid,26
2.5,G1_Glycyl-L-Glutamic_Acid,21
2.75,G1_Glycyl-L-Glutamic_Acid,28
3.0,G1_Glycyl-L-Glutamic_Acid,27
3.25,G1_Glycyl-L-Glutamic_Acid,29
3.5,G1_Glycyl-L-Glutamic_Acid,28
3.75,G1_Glycyl-L-Glutamic_Acid,29
4.0,G1_Glycyl-L-Glutamic_Acid,29
4.25,G1_Glycyl-L-Glutamic_Acid,28
4.5,G1_Glycyl-L-Glutamic_Acid,31
4.75,G1_Glycyl-L-Glutamic_Acid,33
5.0,G1_Glycyl-L-Glutamic_Acid,33
5.25,G1_Glycyl-L-Glutamic_Acid,36
5.5,G1_Glycyl-L-Glutamic_Acid,35
5.75,G1_Glycyl-L-Glutamic_Acid,40
6.0,G1_Glycyl-L-Glutamic_Acid,37
6.25,G1_Glycyl-L-Glutamic_Acid,46
6.5,G1_Glycyl-L-Glutamic_Acid,46
6.75,G1_Glycyl-L-Glutamic_Acid,44
7.0,G1_Glycyl-L-Glutamic_Acid,49
7.25,G1_Glycyl-L-Glutamic_Acid,45
7.5,G1_Glycyl-L-Glutamic_Acid,48
7.75,G1_Glycyl-L-Glutamic_Acid,47
8.0,G1_Glycyl-L-Glutamic_Acid,52
8.25,G1_Glycyl-L-Glutamic_Acid,53
8.5,G1_Glycyl-L-Glutamic_Acid,54
8.75,G1_Glycyl-L-Glutamic_Acid,56
9.0,G1_Glycyl-L-Glutamic_Acid,59
9.25,G1_Glycyl-L-Glutamic_Acid,60
9.5,G1_Glycyl-L-Glutamic_Acid,61
9.75,G1_Glycyl-L-Glutamic_Acid,60
10.0,G1_Glycyl-L-Glutamic_Acid,55
10.25,G1_Glycyl-L-Glutamic_Acid,58
10.5,G1_Glycyl-L-Glutamic_Acid,56
10.75,G1_Glycyl-L-Glutamic_Acid,57
11.0,G1_Glycyl-L-Glutamic_Acid,54
11.25,G1_Glycyl-L-Glutamic_Acid,57
11.5,G1_Glycyl-L-Glutamic_Acid,56
11.75,G1_Glycyl-L-Glutamic_Acid,62
12.0,G1_Glycyl-L-Glutamic_Acid,57
12.25,G1_Glycyl-L-Glutamic_Acid,60
12.5,G1_Glycyl-L-Glutamic_Acid,62
12.75,G1_Glycyl-L-Glutamic_Acid,59
13.0,G1_Glycyl-L-Glutamic_Acid,59
13.25,G1_Glycyl-L-Glutamic_Acid,60
13.5,G1_Glycyl-L-Glutamic_Acid,60
13.75,G1_Glycyl-L-Glutamic_Acid,63
14.0,G1_Glycyl-L-Glutamic_Acid,63
14.25,G1_Glycyl-L-Glutamic_Acid,59
14.5,G1_Glycyl-L-Glutamic_Acid,65
14.75,G1_Glycyl-L-Glutamic_Acid,68
15.0,G1_Glycyl-L-Glutamic_Acid,68
15.25,G1_Glycyl-L-Glutamic_Acid,71
15.5,G1_Glycyl-L-Glutamic_Acid,71
15.75,G1_Glycyl-L-Glutamic_Acid,73
16.0,G1_Glycyl-L-Glutamic_Acid,76
16.25,G1_Glycyl-L-Glutamic_Acid,78
16.5,G1_Glycyl-L-Glutamic_Acid,79
16.75,G1_Glycyl-L-Glutamic_Acid,79
17.0,G1_Glycyl-L-Glutamic_Acid,82
17.25,G1_Glycyl-L-Glutamic_Acid,78
17.5,G1_Glycyl-L-Glutamic_Acid,80
17.75,G1_Glycyl-L-Glutamic_Acid,90
18.0,G1_Glycyl-L-Glutamic_Acid,87
18.25,G1_Glycyl-L-Glutamic_Acid,85
18.5,G1_Glycyl-L-Glutamic_Acid,88
18.75,G1_Glycyl-L-Glutamic_Acid,89
19.0,G1_Glycyl-L-Glutamic_Acid,92
19.25,G1_Glycyl-L-Glutamic_Acid,92
19.5,G1_Glycyl-L-Glutamic_Acid,89
19.75,G1_Glycyl-L-Glutamic_Acid,93
20.0,G1_Glycyl-L-Glutamic_Acid,97
20.25,G1_Glycyl-L-Glutamic_Acid,97
20.5,G1_Glycyl-L-Glutamic_Acid,96
20.75,G1_Glycyl-L-Glutamic_Acid,98
21.0,G1_Glycyl-L-Glutamic_Acid,99
21.25,G1_Glycyl-L-Glutamic_Acid,99
21.5,G1_Glycyl-L-Glutamic_Acid,105
21.75,G1_Glycyl-L-Glutamic_Acid,100
22.0,G1_Glycyl-L-Glutamic_Acid,102
22.25,G1_Glycyl-L-Glutamic_Acid,102
22.5,G1_Glycyl-L-Glutamic_Acid,104
22.75,G1_Glycyl-L-Glutamic_Acid,104
23.0,G1_Glycyl-L-Glutamic_Acid,108
23.25,G1_Glycyl-L-Glutamic_Acid,103
23.5,G1_Glycyl-L-Glutamic_Acid,110
23.75,G1_Glycyl-L-Glutamic_Acid,112
24.0,G1_Glycyl-L-Glutamic_Acid,110
24.25,G1_Glycyl-L-Glutamic_Acid,111
24.5,G1_Glycyl-L-Glutamic_Acid,112
24.75,G1_Glycyl-L-Glutamic_Acid,117
25.0,G1_Glycyl-L-Glutamic_Acid,116
25.25,G1_Glycyl-L-Glutamic_Acid,117
25.5,G1_Glycyl-L-Glutamic_Acid,116
25.75,G1_Glycyl-L-Glutamic_Acid,120
26.0,G1_Glycyl-L-Glutamic_Acid,116
26.25,G1_Glycyl-L-Glutamic_Acid,118
26.5,G1_Glycyl-L-Glutamic_Acid,118
26.75,G1_Glycyl-L-Glutamic_Acid,121
27.0,G1_Glycyl-L-Glutamic_Acid,126
27.25,G1_Glycyl-L-Glutamic_Acid,123
27.5,G1_Glycyl-L-Glutamic_Acid,123
27.75,G1_Glycyl-L-Glutamic_Acid,124
28.0,G1_Glycyl-L-Glutamic_Acid,124
28.25,G1_Glycyl-L-Glutamic_Acid,127
28.5,G1_Glycyl-L-Glutamic_Acid,126
28.75,G1_Glycyl-L-Glutamic_Acid,126
29.0,G1_Glycyl-L-Glutamic_Acid,131
29.25,G1_Glycyl-L-Glutamic_Acid,125
29.5,G1_Glycyl-L-Glutamic_Acid,127
29.75,G1_Glycyl-L-Glutamic_Acid,127
30.0,G1_Glycyl-L-Glutamic_Acid,132
30.25,G1_Glycyl-L-Glutamic_Acid,128
30.5,G1_Glycyl-L-Glutamic_Acid,132
30.75,G1_Glycyl-L-Glutamic_Acid,133
31.0,G1_Glycyl-L-Glutamic_Acid,130
31.25,G1_Glycyl-L-Glutamic_Acid,128
31.5,G1_Glycyl-L-Glutamic_Acid,135
31.75,G1_Glycyl-L-Glutamic_Acid,133
32.0,G1_Glycyl-L-Glutamic_Acid,134
32.25,G1_Glycyl-L-Glutamic_Acid,133
32.5,G1_Glycyl-L-Glutamic_Acid,137
32.75,G1_Glycyl-L-Glutamic_Acid,137
33.0,G1_Glycyl-L-Glutamic_Acid,138
33.25,G1_Glycyl-L-Glutamic_Acid,140
33.5,G1_Glycyl-L-Glutamic_Acid,142
33.75,G1_Glycyl-L-Glutamic_Acid,144
34.0,G1_Glycyl-L-Glutamic_Acid,141
34.25,G1_Glycyl-L-Glutamic_Acid,142
34.5,G1_Glycyl-L-Glutamic_Acid,147
34.75,G1_Glycyl-L-Glutamic_Acid,141
35.0,G1_Glycyl-L-Glutamic_Acid,143
35.25,G1_Glycyl-L-Glutamic_Acid,141
35.5,G1_Glycyl-L-Glutamic_Acid,149
35.75,G1_Glycyl-L-Glutamic_Acid,145
36.0,G1_Glycyl-L-Glutamic_Acid,148
36.25,G1_Glycyl-L-Glutamic_Acid,147
36.5,G1_Glycyl-L-Glutamic_Acid,150
36.75,G1_Glycyl-L-Glutamic_Acid,152
37.0,G1_Glycyl-L-Glutamic_Acid,153
37.25,G1_Glycyl-L-Glutamic_Acid,155
37.5,G1_Glycyl-L-Glutamic_Acid,154
37.75,G1_Glycyl-L-Glutamic_Acid,160
38.0,G1_Glycyl-L-Glutamic_Acid,159
38.25,G1_Glycyl-L-Glutamic_Acid,162
38.5,G1_Glycyl-L-Glutamic_Acid,160
38.75,G1_Glycyl-L-Glutamic_Acid,164
39.0,G1_Glycyl-L-Glutamic_Acid,165
39.25,G1_Glycyl-L-Glutamic_Acid,168
39.5,G1_Glycyl-L-Glutamic_Acid,166
39.75,G1_Glycyl-L-Glutamic_Acid,172
40.0,G1_Glycyl-L-Glutamic_Acid,172
40.25,G1_Glycyl-L-Glutamic_Acid,174
40.5,G1_Glycyl-L-Glutamic_Acid,170
40.75,G1_Glycyl-L-Glutamic_Acid,177
41.0,G1_Glycyl-L-Glutamic_Acid,177
41.25,G1_Glycyl-L-Glutamic_Acid,175
41.5,G1_Glycyl-L-Glutamic_Acid,177
41.75,G1_Glycyl-L-Glutamic_Acid,181
42.0,G1_Glycyl-L-Glutamic_Acid,182
42.25,G1_Glycyl-L-Glutamic_Acid,180
42.5,G1_Glycyl-L-Glutamic_Acid,180
42.75,G1_Glycyl-L-Glutamic_Acid,187
43.0,G1_Glycyl-L-Glutamic_Acid,185
43.25,G1_Glycyl-L-Glutamic_Acid,181
43.5,G1_Glycyl-L-Glutamic_Acid,187
43.75,G1_Glycyl-L-Glutamic_Acid,191
44.0,G1_Glycyl-L-Glutamic_Acid,186
44.25,G1_Glycyl-L-Glutamic_Acid,191
44.5,G1_Glycyl-L-Glutamic_Acid,192
44.75,G1_Glycyl-L-Glutamic_Acid,190
45.0,G1_Glycyl-L-Glutamic_Acid,193
45.25,G1_Glycyl-L-Glutamic_Acid,194
45.5,G1_Glycyl-L-Glutamic_Acid,199
45.75,G1_Glycyl-L-Glutamic_Acid,195
46.0,G1_Glycyl-L-Glutamic_Acid,197
46.25,G1_Glycyl-L-Glutamic_Acid,196
46.5,G1_Glycyl-L-Glutamic_Acid,196
46.75,G1_Glycyl-L-Glutamic_Acid,200
47.0,G1_Glycyl-L-Glutamic_Acid,200
47.25,G1_Glycyl-L-Glutamic_Acid,204
47.5,G1_Glycyl-L-Glutamic_Acid,0
0.0,G2_Tricarballylic_Acid,39
0.25,G2_Tricarballylic_Acid,17
0.5,G2_Tricarballylic_Acid,19
0.75,G2_Tricarballylic_Acid,20
1.0,G2_Tricarballylic_Acid,20
1.25,G2_Tricarballylic_Acid,18
1.5,G2_Tricarballylic_Acid,16
1.75,G2_Tricarballylic_Acid,21
2.0,G2_Tricarballylic_Acid,22
2.25,G2_Tricarballylic_Acid,24
2.5,G2_Tricarballylic_Acid,22
2.75,G2_Tricarballylic_Acid,22
3.0,G2_Tricarballylic_Acid,18
3.25,G2_Tricarballylic_Acid,23
3.5,G2_Tricarballylic_Acid,17
3.75,G2_Tricarballylic_Acid,21
4.0,G2_Tricarballylic_Acid,23
4.25,G2_Tricarballylic_Acid,29
4.5,G2_Tricarballylic_Acid,30
4.75,G2_Tricarballylic_Acid,31
5.0,G2_Tricarballylic_Acid,31
5.25,G2_Tricarballylic_Acid,31
5.5,G2_Tricarballylic_Acid,31
5.75,G2_Tricarballylic_Acid,36
6.0,G2_Tricarballylic_Acid,35
6.25,G2_Tricarballylic_Acid,37
6.5,G2_Tricarballylic_Acid,38
6.75,G2_Tricarballylic_Acid,42
7.0,G2_Tricarballylic_Acid,38
7.25,G2_Tricarballylic_Acid,41
7.5,G2_Tricarballylic_Acid,40
7.75,G2_Tricarballylic_Acid,46
8.0,G2_Tricarballylic_Acid,37
8.25,G2_Tricarballylic_Acid,41
8.5,G2_Tricarballylic_Acid,44
8.75,G2_Tricarballylic_Acid,42
9.0,G2_Tricarballylic_Acid,42
9.25,G2_Tricarballylic_Acid,43
9.5,G2_Tricarballylic_Acid,40
9.75,G2_Tricarballylic_Acid,40
10.0,G2_Tricarballylic_Acid,40
10.25,G2_Tricarballylic_Acid,40
10.5,G2_Tricarballylic_Acid,40
10.75,G2_Tricarballylic_Acid,42
11.0,G2_Tricarballylic_Acid,43
11.25,G2_Tricarballylic_Acid,40
11.5,G2_Tricarballylic_Acid,42
11.75,G2_Tricarballylic_Acid,42
12.0,G2_Tricarballylic_Acid,44
12.25,G2_Tricarballylic_Acid,44
12.5,G2_Tricarballylic_Acid,43
12.75,G2_Tricarballylic_Acid,47
13.0,G2_Tricarballylic_Acid,46
13.25,G2_Tricarballylic_Acid,41
13.5,G2_Tricarballylic_Acid,44
13.75,G2_Tricarballylic_Acid,47
14.0,G2_Tricarballylic_Acid,41
14.25,G2_Tricarballylic_Acid,44
14.5,G2_Tricarballylic_Acid,42
14.75,G2_Tricarballylic_Acid,49
15.0,G2_Tricarballylic_Acid,47
15.25,G2_Tricarballylic_Acid,46
15.5,G2_Tricarballylic_Acid,49
15.75,G2_Tricarballylic_Acid,45
16.0,G2_Tricarballylic_Acid,43
16.25,G2_Tricarballylic_Acid,48
16.5,G2_Tricarballylic_Acid,47
16.75,G2_Tricarballylic_Acid,44
17.0,G2_Tricarballylic_Acid,46
17.25,G2_Tricarballylic_Acid,49
17.5,G2_Tricarballylic_Acid,46
17.75,G2_Tricarballylic_Acid,48
18.0,G2_Tricarballylic_Acid,47
18.25,G2_Tricarballylic_Acid,49
18.5,G2_Tricarballylic_Acid,51
18.75,G2_Tricarballylic_Acid,47
19.0,G2_Tricarballylic_Acid,47
19.25,G2_Tricarballylic_Acid,48
19.5,G2_Tricarballylic_Acid,48
19.75,G2_Tricarballylic_Acid,46
20.0,G2_Tricarballylic_Acid,49
20.25,G2_Tricarballylic_Acid,52
20.5,G2_Tricarballylic_Acid,53
20.75,G2_Tricarballylic_Acid,52
21.0,G2_Tricarballylic_Acid,51
21.25,G2_Tricarballylic_Acid,50
21.5,G2_Tricarballylic_Acid,46
21.75,G2_Tricarballylic_Acid,49
22.0,G2_Tricarballylic_Acid,50
22.25,G2_Tricarballylic_Acid,51
22.5,G2_Tricarballylic_Acid,55
22.75,G2_Tricarballylic_Acid,49
23.0,G2_Tricarballylic_Acid,51
23.25,G2_Tricarballylic_Acid,53
23.5,G2_Tricarballylic_Acid,50
23.75,G2_Tricarballylic_Acid,51
24.0,G2_Tricarballylic_Acid,51
24.25,G2_Tricarballylic_Acid,52
24.5,G2_Tricarballylic_Acid,51
24.75,G2_Tricarballylic_Acid,52
25.0,G2_Tricarballylic_Acid,53
25.25,G2_Tricarballylic_Acid,51
25.5,G2_Tricarballylic_Acid,49
25.75,G2_Tricarballylic_Acid,56
26.0,G2_Tricarballylic_Acid,53
26.25,G2_Tricarballylic_Acid,58
26.5,G2_Tricarballylic_Acid,56
26.75,G2_Tricarballylic_Acid,56
27.0,G2_Tricarballylic_Acid,57
27.25,G2_Tricarballylic_Acid,53
27.5,G2_Tricarballylic_Acid,52
27.75,G2_Tricarballylic_Acid,54
28.0,G2_Tricarballylic_Acid,53
28.25,G2_Tricarballylic_Acid,54
28.5,G2_Tricarballylic_Acid,50
28.75,G2_Tricarballylic_Acid,54
29.0,G2_Tricarballylic_Acid,49
29.25,G2_Tricarballylic_Acid,51
29.5,G2_Tricarballylic_Acid,53
29.75,G2_Tricarballylic_Acid,54
30.0,G2_Tricarballylic_Acid,50
30.25,G2_Tricarballylic_Acid,51
30.5,G2_Tricarballylic_Acid,51
30.75,G2_Tricarballylic_Acid,55
31.0,G2_Tricarballylic_Acid,53
31.25,G2_Tricarballylic_Acid,53
31.5,G2_Tricarballylic_Acid,52
31.75,G2_Tricarballylic_Acid,54
32.0,G2_Tricarballylic_Acid,53
32.25,G2_Tricarballylic_Acid,51
32.5,G2_Tricarballylic_Acid,49
32.75,G2_Tricarballylic_Acid,56
33.0,G2_Tricarballylic_Acid,54
33.25,G2_Tricarballylic_Acid,57
33.5,G2_Tricarballylic_Acid,55
33.75,G2_Tricarballylic_Acid,55
34.0,G2_Tricarballylic_Acid,53
34.25,G2_Tricarballylic_Acid,56
34.5,G2_Tricarballylic_Acid,58
34.75,G2_Tricarballylic_Acid,57
35.0,G2_Tricarballylic_Acid,51
35.25,G2_Tricarballylic_Acid,48
35.5,G2_Tricarballylic_Acid,56
35.75,G2_Tricarballylic_Acid,57
36.0,G2_Tricarballylic_Acid,54
36.25,G2_Tricarballylic_Acid,54
36.5,G2_Tricarballylic_Acid,52
36.75,G2_Tricarballylic_Acid,51
37.0,G2_Tricarballylic_Acid,49
37.25,G2_Tricarballylic_Acid,52
37.5,G2_Tricarballylic_Acid,55
37.75,G2_Tricarballylic_Acid,58
38.0,G2_Tricarballylic_Acid,50
38.25,G2_Tricarballylic_Acid,56
38.5,G2_Tricarballylic_Acid,54
38.75,G2_Tricarballylic_Acid,52
39.0,G2_Tricarballylic_Acid,51
39.25,G2_Tricarballylic_Acid,56
39.5,G2_Tricarballylic_Acid,53
39.75,G2_Tricarballylic_Acid,50
40.0,G2_Tricarballylic_Acid,50
40.25,G2_Tricarballylic_Acid,55
40.5,G2_Tricarballylic_Acid,52
40.75,G2_Tricarballylic_Acid,53
41.0,G2_Tricarballylic_Acid,50
41.25,G2_Tricarballylic_Acid,55
41.5,G2_Tricarballylic_Acid,55
41.75,G2_Tricarballylic_Acid,52
42.0,G2_Tricarballylic_Acid,53
42.25,G2_Tricarballylic_Acid,54
42.5,G2_Tricarballylic_Acid,50
42.75,G2_Tricarballylic_Acid,52
43.0,G2_Tricarballylic_Acid,55
43.25,G2_Tricarballylic_Acid,48
43.5,G2_Tricarballylic_Acid,53
43.75,G2_Tricarballylic_Acid,54
44.0,G2_Tricarballylic_Acid,52
44.25,G2_Tricarballylic_Acid,58
44.5,G2_Tricarballylic_Acid,56
44.75,G2_Tricarballylic_Acid,58
45.0,G2_Tricarballylic_Acid,56
45.25,G2_Tricarballylic_Acid,50
45.5,G2_Tricarballylic_Acid,50
45.75,G2_Tricarballylic_Acid,57
46.0,G2_Tricarballylic_Acid,52
46.25,G2_Tricarballylic_Acid,55
46.5,G2_Tricarballylic_Acid,52
46.75,G2_Tricarballylic_Acid,51
47.0,G2_Tricarballylic_Acid,56
47.25,G2_Tricarballylic_Acid,51
47.5,G2_Tricarballylic_Acid,0
0.0,G3_L-Serine,27
0.25,G3_L-Serine,34
0.5,G3_L-Serine,26
0.75,G3_L-Serine,19
1.0,G3_L-Serine,16
1.25,G3_L-Serine,17
1.5,G3_L-Serine,14
1.75,G3_L-Serine,19
2.0,G3_L-Serine,21
2.25,G3_L-Serine,22
2.5,G3_L-Serine,19
2.75,G3_L-Serine,14
3.0,G3_L-Serine,15
3.25,G3_L-Serine,15
3.5,G3_L-Serine,13
3.75,G3_L-Serine,19
4.0,G3_L-Serine,22
4.25,G3_L-Serine,23
4.5,G3_L-Serine,26
4.75,G3_L-Serine,25
5.0,G3_L-Serine,28
5.25,G3_L-Serine,32
5.5,G3_L-Serine,29
5.75,G3_L-Serine,30
6.0,G3_L-Serine,28
6.25,G3_L-Serine,29
6.5,G3_L-Serine,27
6.75,G3_L-Serine,32
7.0,G3_L-Serine,30
7.25,G3_L-Serine,36
7.5,G3_L-Serine,35
7.75,G3_L-Serine,34
8.0,G3_L-Serine,37
8.25,G3_L-Serine,33
8.5,G3_L-Serine,37
8.75,G3_L-Serine,35
9.0,G3_L-Serine,38
9.25,G3_L-Serine,40
9.5,G3_L-Serine,40
9.75,G3_L-Serine,41
10.0,G3_L-Serine,41
10.25,G3_L-Serine,40
10.5,G3_L-Serine,41
10.75,G3_L-Serine,42
11.0,G3_L-Serine,44
11.25,G3_L-Serine,39
11.5,G3_L-Serine,46
11.75,G3_L-Serine,44
12.0,G3_L-Serine,50
12.25,G3_L-Serine,48
12.5,G3_L-Serine,53
12.75,G3_L-Serine,52
13.0,G3_L-Serine,52
13.25,G3_L-Serine,53
13.5,G3_L-Serine,56
13.75,G3_L-Serine,53
14.0,G3_L-Serine,56
14.25,G3_L-Serine,68
14.5,G3_L-Serine,63
14.75,G3_L-Serine,63
15.0,G3_L-Serine,66
15.25,G3_L-Serine,69
15.5,G3_L-Serine,71
15.75,G3_L-Serine,76
16.0,G3_L-Serine,77
16.25,G3_L-Serine,78
16.5,G3_L-Serine,75
16.75,G3_L-Serine,75
17.0,G3_L-Serine,76
17.25,G3_L-Serine,80
17.5,G3_L-Serine,85
17.75,G3_L-Serine,89
18.0,G3_L-Serine,92
18.25,G3_L-Serine,92
18.5,G3_L-Serine,89
18.75,G3_L-Serine,90
19.0,G3_L-Serine,98
19.25,G3_L-Serine,97
19.5,G3_L-Serine,96
19.75,G3_L-Serine,101
20.0,G3_L-Serine,102
20.25,G3_L-Serine,103
20.5,G3_L-Serine,108
20.75,G3_L-Serine,111
21.0,G3_L-Serine,113
21.25,G3_L-Serine,112
21.5,G3_L-Serine,120
21.75,G3_L-Serine,121
22.0,G3_L-Serine,122
22.25,G3_L-Serine,124
22.5,G3_L-Serine,124
22.75,G3_L-Serine,125
23.0,G3_L-Serine,135
23.25,G3_L-Serine,135
23.5,G3_L-Serine,141
23.75,G3_L-Serine,142
24.0,G3_L-Serine,144
24.25,G3_L-Serine,144
24.5,G3_L-Serine,148
24.75,G3_L-Serine,151
25.0,G3_L-Serine,156
25.25,G3_L-Serine,159
25.5,G3_L-Serine,163
25.75,G3_L-Serine,164
26.0,G3_L-Serine,162
26.25,G3_L-Serine,169
26.5,G3_L-Serine,163
26.75,G3_L-Serine,177
27.0,G3_L-Serine,177
27.25,G3_L-Serine,177
27.5,G3_L-Serine,183
27.75,G3_L-Serine,188
28.0,G3_L-Serine,187
28.25,G3_L-Serine,189
28.5,G3_L-Serine,194
28.75,G3_L-Serine,193
29.0,G3_L-Serine,198
29.25,G3_L-Serine,195
29.5,G3_L-Serine,202
29.75,G3_L-Serine,201
30.0,G3_L-Serine,206
30.25,G3_L-Serine,206
30.5,G3_L-Serine,210
30.75,G3_L-Serine,211
31.0,G3_L-Serine,213
31.25,G3_L-Serine,217
31.5,G3_L-Serine,221
31.75,G3_L-Serine,219
32.0,G3_L-Serine,224
32.25,G3_L-Serine,225
32.5,G3_L-Serine,226
32.75,G3_L-Serine,227
33.0,G3_L-Serine,228
33.25,G3_L-Serine,232
33.5,G3_L-Serine,234
33.75,G3_L-Serine,234
34.0,G3_L-Serine,238
34.25,G3_L-Serine,232
34.5,G3_L-Serine,238
34.75,G3_L-Serine,238
35.0,G3_L-Serine,237
35.25,G3_L-Serine,241
35.5,G3_L-Serine,243
35.75,G3_L-Serine,240
36.0,G3_L-Serine,245
36.25,G3_L-Serine,243
36.5,G3_L-Serine,250
36.75,G3_L-Serine,249
37.0,G3_L-Serine,252
37.25,G3_L-Serine,247
37.5,G3_L-Serine,251
37.75,G3_L-Serine,251
38.0,G3_L-Serine,253
38.25,G3_L-Serine,251
38.5,G3_L-Serine,253
38.75,G3_L-Serine,252
39.0,G3_L-Serine,252
39.25,G3_L-Serine,254
39.5,G3_L-Serine,255
39.75,G3_L-Serine,259
40.0,G3_L-Serine,256
40.25,G3_L-Serine,261
40.5,G3_L-Serine,257
40.75,G3_L-Serine,258
41.0,G3_L-Serine,260
41.25,G3_L-Serine,259
41.5,G3_L-Serine,260
41.75,G3_L-Serine,263
42.0,G3_L-Serine,262
42.25,G3_L-Serine,263
42.5,G3_L-Serine,256
42.75,G3_L-Serine,257
43.0,G3_L-Serine,264
43.25,G3_L-Serine,257
43.5,G3_L-Serine,260
43.75,G3_L-Serine,260
44.0,G3_L-Serine,260
44.25,G3_L-Serine,263
44.5,G3_L-Serine,264
44.75,G3_L-Serine,259
45.0,G3_L-Serine,260
45.25,G3_L-Serine,261
45.5,G3_L-Serine,265
45.75,G3_L-Serine,261
46.0,G3_L-Serine,263
46.25,G3_L-Serine,263
46.5,G3_L-Serine,262
46.75,G3_L-Serine,264
47.0,G3_L-Serine,262
47.25,G3_L-Serine,267
47.5,G3_L-Serine,0
0.0,G4_L-Threonine,25
0.25,G4_L-Threonine,11
0.5,G4_L-Threonine,11
0.75,G4_L-Threonine,14
1.0,G4_L-Threonine,11
1.25,G4_L-Threonine,11
1.5,G4_L-Threonine,12
1.75,G4_L-Threonine,12
2.0,G4_L-Threonine,11
2.25,G4_L-Threonine,11
2.5,G4_L-Threonine,11
2.75,G4_L-Threonine,11
3.0,G4_L-Threonine,11
3.25,G4_L-Threonine,11
3.5,G4_L-Threonine,13
3.75,G4_L-Threonine,12
4.0,G4_L-Threonine,14
4.25,G4_L-Threonine,11
4.5,G4_L-Threonine,15
4.75,G4_L-Threonine,18
5.0,G4_L-Threonine,13
5.25,G4_L-Threonine,17
5.5,G4_L-Threonine,19
5.75,G4_L-Threonine,20
6.0,G4_L-Threonine,18
6.25,G4_L-Threonine,25
6.5,G4_L-Threonine,23
6.75,G4_L-Threonine,20
7.0,G4_L-Threonine,23
7.25,G4_L-Threonine,29
7.5,G4_L-Threonine,26
7.75,G4_L-Threonine,29
8.0,G4_L-Threonine,30
8.25,G4_L-Threonine,27
8.5,G4_L-Threonine,23
8.75,G4_L-Threonine,23
9.0,G4_L-Threonine,29
9.25,G4_L-Threonine,31
9.5,G4_L-Threonine,30
9.75,G4_L-Threonine,30
10.0,G4_L-Threonine,34
10.25,G4_L-Threonine,30
10.5,G4_L-Threonine,33
10.75,G4_L-Threonine,31
11.0,G4_L-Threonine,37
11.25,G4_L-Threonine,35
11.5,G4_L-Threonine,37
11.75,G4_L-Threonine,34
12.0,G4_L-Threonine,40
12.25,G4_L-Threonine,41
12.5,G4_L-Threonine,38
12.75,G4_L-Threonine,42
13.0,G4_L-Threonine,43
13.25,G4_L-Threonine,44
13.5,G4_L-Threonine,50
13.75,G4_L-Threonine,45
14.0,G4_L-Threonine,48
14.25,G4_L-Threonine,52
14.5,G4_L-Threonine,51
14.75,G4_L-Threonine,52
15.0,G4_L-Threonine,54
15.25,G4_L-Threonine,59
15.5,G4_L-Threonine,66
15.75,G4_L-Threonine,61
16.0,G4_L-Threonine,62
16.25,G4_L-Threonine,62
16.5,G4_L-Threonine,68
16.75,G4_L-Threonine,74
17.0,G4_L-Threonine,74
17.25,G4_L-Threonine,78
17.5,G4_L-Threonine,80
17.75,G4_L-Threonine,80
18.0,G4_L-Threonine,87
18.25,G4_L-Threonine,86
18.5,G4_L-Threonine,90
18.75,G4_L-Threonine,96
19.0,G4_L-Threonine,98
19.25,G4_L-Threonine,99
19.5,G4_L-Threonine,98
19.75,G4_L-Threonine,109
20.0,G4_L-Threonine,110
20.25,G4_L-Threonine,108
20.5,G4_L-Threonine,118
20.75,G4_L-Threonine,116
21.0,G4_L-Threonine,121
21.25,G4_L-Threonine,121
21.5,G4_L-Threonine,123
21.75,G4_L-Threonine,132
22.0,G4_L-Threonine,134
22.25,G4_L-Threonine,135
22.5,G4_L-Threonine,139
22.75,G4_L-Threonine,143
23.0,G4_L-Threonine,152
23.25,G4_L-Threonine,150
23.5,G4_L-Threonine,149
23.75,G4_L-Threonine,158
24.0,G4_L-Threonine,162
24.25,G4_L-Threonine,168
24.5,G4_L-Threonine,173
24.75,G4_L-Threonine,177
25.0,G4_L-Threonine,178
25.25,G4_L-Threonine,183
25.5,G4_L-Threonine,186
25.75,G4_L-Threonine,182
26.0,G4_L-Threonine,187
26.25,G4_L-Threonine,190
26.5,G4_L-Threonine,196
26.75,G4_L-Threonine,200
27.0,G4_L-Threonine,201
27.25,G4_L-Threonine,206
27.5,G4_L-Threonine,209
27.75,G4_L-Threonine,211
28.0,G4_L-Threonine,208
28.25,G4_L-Threonine,217
28.5,G4_L-Threonine,217
28.75,G4_L-Threonine,220
29.0,G4_L-Threonine,223
29.25,G4_L-Threonine,220
29.5,G4_L-Threonine,224
29.75,G4_L-Threonine,228
30.0,G4_L-Threonine,226
30.25,G4_L-Threonine,233
30.5,G4_L-Threonine,236
30.75,G4_L-Threonine,233
31.0,G4_L-Threonine,240
31.25,G4_L-Threonine,242
31.5,G4_L-Threonine,241
31.75,G4_L-Threonine,241
32.0,G4_L-Threonine,241
32.25,G4_L-Threonine,245
32.5,G4_L-Threonine,247
32.75,G4_L-Threonine,249
33.0,G4_L-Threonine,249
33.25,G4_L-Threonine,250
33.5,G4_L-Threonine,248
33.75,G4_L-Threonine,254
34.0,G4_L-Threonine,254
34.25,G4_L-Threonine,248
34.5,G4_L-Threonine,252
34.75,G4_L-Threonine,253
35.0,G4_L-Threonine,256
35.25,G4_L-Threonine,255
35.5,G4_L-Threonine,257
35.75,G4_L-Threonine,254
36.0,G4_L-Threonine,254
36.25,G4_L-Threonine,259
36.5,G4_L-Threonine,255
36.75,G4_L-Threonine,258
37.0,G4_L-Threonine,257
37.25,G4_L-Threonine,260
37.5,G4_L-Threonine,262
37.75,G4_L-Threonine,260
38.0,G4_L-Threonine,260
38.25,G4_L-Threonine,262
38.5,G4_L-Threonine,259
38.75,G4_L-Threonine,259
39.0,G4_L-Threonine,263
39.25,G4_L-Threonine,261
39.5,G4_L-Threonine,264
39.75,G4_L-Threonine,262
40.0,G4_L-Threonine,263
40.25,G4_L-Threonine,264
40.5,G4_L-Threonine,265
40.75,G4_L-Threonine,266
41.0,G4_L-Threonine,268
41.25,G4_L-Threonine,267
41.5,G4_L-Threonine,262
41.75,G4_L-Threonine,261
42.0,G4_L-Threonine,263
42.25,G4_L-Threonine,268
42.5,G4_L-Threonine,264
42.75,G4_L-Threonine,263
43.0,G4_L-Threonine,266
43.25,G4_L-Threonine,265
43.5,G4_L-Threonine,267
43.75,G4_L-Threonine,270
44.0,G4_L-Threonine,268
44.25,G4_L-Threonine,267
44.5,G4_L-Threonine,266
44.75,G4_L-Threonine,270
45.0,G4_L-Threonine,268
45.25,G4_L-Threonine,271
45.5,G4_L-Threonine,266
45.75,G4_L-Threonine,261
46.0,G4_L-Threonine,271
46.25,G4_L-Threonine,269
46.5,G4_L-Threonine,272
46.75,G4_L-Threonine,269
47.0,G4_L-Threonine,268
47.25,G4_L-Threonine,267
47.5,G4_L-Threonine,0
0.0,G5_L-Alanine,13
0.25,G5_L-Alanine,13
0.5,G5_L-Alanine,14
0.75,G5_L-Alanine,15
1.0,G5_L-Alanine,11
1.25,G5_L-Alanine,17
1.5,G5_L-Alanine,18
1.75,G5_L-Alanine,16
2.0,G5_L-Alanine,16
2.25,G5_L-Alanine,13
2.5,G5_L-Alanine,17
2.75,G5_L-Alanine,11
3.0,G5_L-Alanine,11
3.25,G5_L-Alanine,15
3.5,G5_L-Alanine,13
3.75,G5_L-Alanine,14
4.0,G5_L-Alanine,14
4.25,G5_L-Alanine,20
4.5,G5_L-Alanine,19
4.75,G5_L-Alanine,17
5.0,G5_L-Alanine,23
5.25,G5_L-Alanine,27
5.5,G5_L-Alanine,25
5.75,G5_L-Alanine,25
6.0,G5_L-Alanine,24
6.25,G5_L-Alanine,27
6.5,G5_L-Alanine,26
6.75,G5_L-Alanine,25
7.0,G5_L-Alanine,33
7.25,G5_L-Alanine,30
7.5,G5_L-Alanine,29
7.75,G5_L-Alanine,33
8.0,G5_L-Alanine,34
8.25,G5_L-Alanine,32
8.5,G5_L-Alanine,39
8.75,G5_L-Alanine,41
9.0,G5_L-Alanine,37
9.25,G5_L-Alanine,41
9.5,G5_L-Alanine,42
9.75,G5_L-Alanine,42
10.0,G5_L-Alanine,45
10.25,G5_L-Alanine,46
10.5,G5_L-Alanine,46
10.75,G5_L-Alanine,47
11.0,G5_L-Alanine,50
11.25,G5_L-Alanine,50
11.5,G5_L-Alanine,46
11.75,G5_L-Alanine,51
12.0,G5_L-Alanine,55
12.25,G5_L-Alanine,51
12.5,G5_L-Alanine,53
12.75,G5_L-Alanine,55
13.0,G5_L-Alanine,59
13.25,G5_L-Alanine,60
13.5,G5_L-Alanine,60
13.75,G5_L-Alanine,62
14.0,G5_L-Alanine,64
14.25,G5_L-Alanine,66
14.5,G5_L-Alanine,68
14.75,G5_L-Alanine,71
15.0,G5_L-Alanine,73
15.25,G5_L-Alanine,76
15.5,G5_L-Alanine,77
15.75,G5_L-Alanine,74
16.0,G5_L-Alanine,79
16.25,G5_L-Alanine,80
16.5,G5_L-Alanine,82
16.75,G5_L-Alanine,88
17.0,G5_L-Alanine,91
17.25,G5_L-Alanine,92
17.5,G5_L-Alanine,92
17.75,G5_L-Alanine,97
18.0,G5_L-Alanine,102
18.25,G5_L-Alanine,101
18.5,G5_L-Alanine,105
18.75,G5_L-Alanine,113
19.0,G5_L-Alanine,110
19.25,G5_L-Alanine,113
19.5,G5_L-Alanine,119
19.75,G5_L-Alanine,125
20.0,G5_L-Alanine,124
20.25,G5_L-Alanine,126
20.5,G5_L-Alanine,132
20.75,G5_L-Alanine,136
21.0,G5_L-Alanine,135
21.25,G5_L-Alanine,143
21.5,G5_L-Alanine,146
21.75,G5_L-Alanine,151
22.0,G5_L-Alanine,152
22.25,G5_L-Alanine,158
22.5,G5_L-Alanine,161
22.75,G5_L-Alanine,167
23.0,G5_L-Alanine,168
23.25,G5_L-Alanine,173
23.5,G5_L-Alanine,172
23.75,G5_L-Alanine,176
24.0,G5_L-Alanine,180
24.25,G5_L-Alanine,186
24.5,G5_L-Alanine,185
24.75,G5_L-Alanine,194
25.0,G5_L-Alanine,193
25.25,G5_L-Alanine,199
25.5,G5_L-Alanine,199
25.75,G5_L-Alanine,200
26.0,G5_L-Alanine,203
26.25,G5_L-Alanine,211
26.5,G5_L-Alanine,214
26.75,G5_L-Alanine,215
27.0,G5_L-Alanine,218
27.25,G5_L-Alanine,217
27.5,G5_L-Alanine,221
27.75,G5_L-Alanine,221
28.0,G5_L-Alanine,221
28.25,G5_L-Alanine,228
28.5,G5_L-Alanine,227
28.75,G5_L-Alanine,230
29.0,G5_L-Alanine,232
29.25,G5_L-Alanine,233
29.5,G5_L-Alanine,235
29.75,G5_L-Alanine,237
30.0,G5_L-Alanine,241
30.25,G5_L-Alanine,239
30.5,G5_L-Alanine,240
30.75,G5_L-Alanine,244
31.0,G5_L-Alanine,245
31.25,G5_L-Alanine,246
31.5,G5_L-Alanine,247
31.75,G5_L-Alanine,244
32.0,G5_L-Alanine,247
32.25,G5_L-Alanine,250
32.5,G5_L-Alanine,249
32.75,G5_L-Alanine,252
33.0,G5_L-Alanine,253
33.25,G5_L-Alanine,254
33.5,G5_L-Alanine,256
33.75,G5_L-Alanine,253
34.0,G5_L-Alanine,256
34.25,G5_L-Alanine,255
34.5,G5_L-Alanine,256
34.75,G5_L-Alanine,257
35.0,G5_L-Alanine,256
35.25,G5_L-Alanine,255
35.5,G5_L-Alanine,258
35.75,G5_L-Alanine,257
36.0,G5_L-Alanine,260
36.25,G5_L-Alanine,260
36.5,G5_L-Alanine,258
36.75,G5_L-Alanine,257
37.0,G5_L-Alanine,259
37.25,G5_L-Alanine,258
37.5,G5_L-Alanine,260
37.75,G5_L-Alanine,262
38.0,G5_L-Alanine,263
38.25,G5_L-Alanine,259
38.5,G5_L-Alanine,261
38.75,G5_L-Alanine,262
39.0,G5_L-Alanine,265
39.25,G5_L-Alanine,261
39.5,G5_L-Alanine,265
39.75,G5_L-Alanine,264
40.0,G5_L-Alanine,263
40.25,G5_L-Alanine,264
40.5,G5_L-Alanine,263
40.75,G5_L-Alanine,264
41.0,G5_L-Alanine,263
41.25,G5_L-Alanine,265
41.5,G5_L-Alanine,266
41.75,G5_L-Alanine,267
42.0,G5_L-Alanine,265
42.25,G5_L-Alanine,267
42.5,G5_L-Alanine,266
42.75,G5_L-Alanine,264
43.0,G5_L-Alanine,267
43.25,G5_L-Alanine,266
43.5,G5_L-Alanine,266
43.75,G5_L-Alanine,269
44.0,G5_L-Alanine,266
44.25,G5_L-Alanine,268
44.5,G5_L-Alanine,267
44.75,G5_L-Alanine,266
45.0,G5_L-Alanine,271
45.25,G5_L-Alanine,271
45.5,G5_L-Alanine,268
45.75,G5_L-Alanine,268
46.0,G5_L-Alanine,270
46.25,G5_L-Alanine,271
46.5,G5_L-Alanine,269
46.75,G5_L-Alanine,269
47.0,G5_L-Alanine,270
47.25,G5_L-Alanine,269
47.5,G5_L-Alanine,0
0.0,G6_L-Alanyl-Glycine,44
0.25,G6_L-Alanyl-Glycine,13
0.5,G6_L-Alanyl-Glycine,14
0.75,G6_L-Alanyl-Glycine,19
1.0,G6_L-Alanyl-Glycine,15
1.25,G6_L-Alanyl-Glycine,18
1.5,G6_L-Alanyl-Glycine,18
1.75,G6_L-Alanyl-Glycine,18
2.0,G6_L-Alanyl-Glycine,19
2.25,G6_L-Alanyl-Glycine,14
2.5,G6_L-Alanyl-Glycine,16
2.75,G6_L-Alanyl-Glycine,17
3.0,G6_L-Alanyl-Glycine,16
3.25,G6_L-Alanyl-Glycine,15
3.5,G6_L-Alanyl-Glycine,16
3.75,G6_L-Alanyl-Glycine,18
4.0,G6_L-Alanyl-Glycine,17
4.25,G6_L-Alanyl-Glycine,19
4.5,G6_L-Alanyl-Glycine,17
4.75,G6_L-Alanyl-Glycine,19
5.0,G6_L-Alanyl-Glycine,17
5.25,G6_L-Alanyl-Glycine,19
5.5,G6_L-Alanyl-Glycine,23
5.75,G6_L-Alanyl-Glycine,20
6.0,G6_L-Alanyl-Glycine,27
6.25,G6_L-Alanyl-Glycine,23
6.5,G6_L-Alanyl-Glycine,23
6.75,G6_L-Alanyl-Glycine,30
7.0,G6_L-Alanyl-Glycine,33
7.25,G6_L-Alanyl-Glycine,31
7.5,G6_L-Alanyl-Glycine,34
7.75,G6_L-Alanyl-Glycine,36
8.0,G6_L-Alanyl-Glycine,40
8.25,G6_L-Alanyl-Glycine,39
8.5,G6_L-Alanyl-Glycine,42
8.75,G6_L-Alanyl-Glycine,39
9.0,G6_L-Alanyl-Glycine,45
9.25,G6_L-Alanyl-Glycine,42
9.5,G6_L-Alanyl-Glycine,48
9.75,G6_L-Alanyl-Glycine,50
10.0,G6_L-Alanyl-Glycine,49
10.25,G6_L-Alanyl-Glycine,51
10.5,G6_L-Alanyl-Glycine,57
10.75,G6_L-Alanyl-Glycine,57
11.0,G6_L-Alanyl-Glycine,59
11.25,G6_L-Alanyl-Glycine,60
11.5,G6_L-Alanyl-Glycine,59
11.75,G6_L-Alanyl-Glycine,62
12.0,G6_L-Alanyl-Glycine,65
12.25,G6_L-Alanyl-Glycine,72
12.5,G6_L-Alanyl-Glycine,74
12.75,G6_L-Alanyl-Glycine,83
13.0,G6_L-Alanyl-Glycine,79
13.25,G6_L-Alanyl-Glycine,82
13.5,G6_L-Alanyl-Glycine,88
13.75,G6_L-Alanyl-Glycine,88
14.0,G6_L-Alanyl-Glycine,90
14.25,G6_L-Alanyl-Glycine,97
14.5,G6_L-Alanyl-Glycine,99
14.75,G6_L-Alanyl-Glycine,105
15.0,G6_L-Alanyl-Glycine,109
15.25,G6_L-Alanyl-Glycine,110
15.5,G6_L-Alanyl-Glycine,115
15.75,G6_L-Alanyl-Glycine,120
16.0,G6_L-Alanyl-Glycine,121
16.25,G6_L-Alanyl-Glycine,124
16.5,G6_L-Alanyl-Glycine,129
16.75,G6_L-Alanyl-Glycine,136
17.0,G6_L-Alanyl-Glycine,138
17.25,G6_L-Alanyl-Glycine,143
17.5,G6_L-Alanyl-Glycine,147
17.75,G6_L-Alanyl-Glycine,152
18.0,G6_L-Alanyl-Glycine,156
18.25,G6_L-Alanyl-Glycine,158
18.5,G6_L-Alanyl-Glycine,164
18.75,G6_L-Alanyl-Glycine,165
19.0,G6_L-Alanyl-Glycine,171
19.25,G6_L-Alanyl-Glycine,172
19.5,G6_L-Alanyl-Glycine,174
19.75,G6_L-Alanyl-Glycine,179
20.0,G6_L-Alanyl-Glycine,182
20.25,G6_L-Alanyl-Glycine,191
20.5,G6_L-Alanyl-Glycine,195
20.75,G6_L-Alanyl-Glycine,195
21.0,G6_L-Alanyl-Glycine,200
21.25,G6_L-Alanyl-Glycine,203
21.5,G6_L-Alanyl-Glycine,209
21.75,G6_L-Alanyl-Glycine,204
22.0,G6_L-Alanyl-Glycine,212
22.25,G6_L-Alanyl-Glycine,219
22.5,G6_L-Alanyl-Glycine,224
22.75,G6_L-Alanyl-Glycine,222
23.0,G6_L-Alanyl-Glycine,225
23.25,G6_L-Alanyl-Glycine,227
23.5,G6_L-Alanyl-Glycine,232
23.75,G6_L-Alanyl-Glycine,236
24.0,G6_L-Alanyl-Glycine,234
24.25,G6_L-Alanyl-Glycine,238
24.5,G6_L-Alanyl-Glycine,245
24.75,G6_L-Alanyl-Glycine,247
25.0,G6_L-Alanyl-Glycine,246
25.25,G6_L-Alanyl-Glycine,250
25.5,G6_L-Alanyl-Glycine,250
25.75,G6_L-Alanyl-Glycine,256
26.0,G6_L-Alanyl-Glycine,256
26.25,G6_L-Alanyl-Glycine,257
26.5,G6_L-Alanyl-Glycine,257
26.75,G6_L-Alanyl-Glycine,260
27.0,G6_L-Alanyl-Glycine,262
27.25,G6_L-Alanyl-Glycine,262
27.5,G6_L-Alanyl-Glycine,265
27.75,G6_L-Alanyl-Glycine,265
28.0,G6_L-Alanyl-Glycine,267
28.25,G6_L-Alanyl-Glycine,271
28.5,G6_L-Alanyl-Glycine,267
28.75,G6_L-Alanyl-Glycine,267
29.0,G6_L-Alanyl-Glycine,272
29.25,G6_L-Alanyl-Glycine,269
29.5,G6_L-Alanyl-Glycine,274
29.75,G6_L-Alanyl-Glycine,271
30.0,G6_L-Alanyl-Glycine,270
30.25,G6_L-Alanyl-Glycine,272
30.5,G6_L-Alanyl-Glycine,274
30.75,G6_L-Alanyl-Glycine,277
31.0,G6_L-Alanyl-Glycine,275
31.25,G6_L-Alanyl-Glycine,276
31.5,G6_L-Alanyl-Glycine,274
31.75,G6_L-Alanyl-Glycine,277
32.0,G6_L-Alanyl-Glycine,278
32.25,G6_L-Alanyl-Glycine,277
32.5,G6_L-Alanyl-Glycine,280
32.75,G6_L-Alanyl-Glycine,282
33.0,G6_L-Alanyl-Glycine,282
33.25,G6_L-Alanyl-Glycine,283
33.5,G6_L-Alanyl-Glycine,283
33.75,G6_L-Alanyl-Glycine,281
34.0,G6_L-Alanyl-Glycine,282
34.25,G6_L-Alanyl-Glycine,285
34.5,G6_L-Alanyl-Glycine,285
34.75,G6_L-Alanyl-Glycine,282
35.0,G6_L-Alanyl-Glycine,283
35.25,G6_L-Alanyl-Glycine,281
35.5,G6_L-Alanyl-Glycine,283
35.75,G6_L-Alanyl-Glycine,280
36.0,G6_L-Alanyl-Glycine,280
36.25,G6_L-Alanyl-Glycine,281
36.5,G6_L-Alanyl-Glycine,285
36.75,G6_L-Alanyl-Glycine,284
37.0,G6_L-Alanyl-Glycine,285
37.25,G6_L-Alanyl-Glycine,282
37.5,G6_L-Alanyl-Glycine,281
37.75,G6_L-Alanyl-Glycine,284
38.0,G6_L-Alanyl-Glycine,285
38.25,G6_L-Alanyl-Glycine,284
38.5,G6_L-Alanyl-Glycine,284
38.75,G6_L-Alanyl-Glycine,284
39.0,G6_L-Alanyl-Glycine,283
39.25,G6_L-Alanyl-Glycine,281
39.5,G6_L-Alanyl-Glycine,283
39.75,G6_L-Alanyl-Glycine,283
40.0,G6_L-Alanyl-Glycine,281
40.25,G6_L-Alanyl-Glycine,280
40.5,G6_L-Alanyl-Glycine,280
40.75,G6_L-Alanyl-Glycine,281
41.0,G6_L-Alanyl-Glycine,280
41.25,G6_L-Alanyl-Glycine,279
41.5,G6_L-Alanyl-Glycine,280
41.75,G6_L-Alanyl-Glycine,279
42.0,G6_L-Alanyl-Glycine,277
42.25,G6_L-Alanyl-Glycine,275
42.5,G6_L-Alanyl-Glycine,272
42.75,G6_L-Alanyl-Glycine,276
43.0,G6_L-Alanyl-Glycine,276
43.25,G6_L-Alanyl-Glycine,272
43.5,G6_L-Alanyl-Glycine,274
43.75,G6_L-Alanyl-Glycine,276
44.0,G6_L-Alanyl-Glycine,274
44.25,G6_L-Alanyl-Glycine,276
44.5,G6_L-Alanyl-Glycine,278
44.75,G6_L-Alanyl-Glycine,275
45.0,G6_L-Alanyl-Glycine,273
45.25,G6_L-Alanyl-Glycine,273
45.5,G6_L-Alanyl-Glycine,274
45.75,G6_L-Alanyl-Glycine,274
46.0,G6_L-Alanyl-Glycine,274
46.25,G6_L-Alanyl-Glycine,272
46.5,G6_L-Alanyl-Glycine,274
46.75,G6_L-Alanyl-Glycine,271
47.0,G6_L-Alanyl-Glycine,273
47.25,G6_L-Alanyl-Glycine,275
47.5,G6_L-Alanyl-Glycine,0
0.0,G7_Acetoacetic_Acid,15
0.25,G7_Acetoacetic_Acid,11
0.5,G7_Acetoacetic_Acid,11
0.75,G7_Acetoacetic_Acid,14
1.0,G7_Acetoacetic_Acid,11
1.25,G7_Acetoacetic_Acid,11
1.5,G7_Acetoacetic_Acid,11
1.75,G7_Acetoacetic_Acid,14
2.0,G7_Acetoacetic_Acid,13
2.25,G7_Acetoacetic_Acid,11
2.5,G7_Acetoacetic_Acid,11
2.75,G7_Acetoacetic_Acid,14
3.0,G7_Acetoacetic_Acid,11
3.25,G7_Acetoacetic_Acid,15
3.5,G7_Acetoacetic_Acid,11
3.75,G7_Acetoacetic_Acid,16
4.0,G7_Acetoacetic_Acid,13
4.25,G7_Acetoacetic_Acid,17
4.5,G7_Acetoacetic_Acid,18
4.75,G7_Acetoacetic_Acid,17
5.0,G7_Acetoacetic_Acid,13
5.25,G7_Acetoacetic_Acid,19
5.5,G7_Acetoacetic_Acid,18
5.75,G7_Acetoacetic_Acid,20
6.0,G7_Acetoacetic_Acid,23
6.25,G7_Acetoacetic_Acid,28
6.5,G7_Acetoacetic_Acid,25
6.75,G7_Acetoacetic_Acid,29
7.0,G7_Acetoacetic_Acid,34
7.25,G7_Acetoacetic_Acid,32
7.5,G7_Acetoacetic_Acid,38
7.75,G7_Acetoacetic_Acid,44
8.0,G7_Acetoacetic_Acid,48
8.25,G7_Acetoacetic_Acid,53
8.5,G7_Acetoacetic_Acid,51
8.75,G7_Acetoacetic_Acid,53
9.0,G7_Acetoacetic_Acid,57
9.25,G7_Acetoacetic_Acid,54
9.5,G7_Acetoacetic_Acid,50
9.75,G7_Acetoacetic_Acid,54
10.0,G7_Acetoacetic_Acid,52
10.25,G7_Acetoacetic_Acid,51
10.5,G7_Acetoacetic_Acid,53
10.75,G7_Acetoacetic_Acid,49
11.0,G7_Acetoacetic_Acid,54
11.25,G7_Acetoacetic_Acid,50
11.5,G7_Acetoacetic_Acid,53
11.75,G7_Acetoacetic_Acid,54
12.0,G7_Acetoacetic_Acid,53
12.25,G7_Acetoacetic_Acid,52
12.5,G7_Acetoacetic_Acid,53
12.75,G7_Acetoacetic_Acid,59
13.0,G7_Acetoacetic_Acid,54
13.25,G7_Acetoacetic_Acid,55
13.5,G7_Acetoacetic_Acid,54
13.75,G7_Acetoacetic_Acid,57
14.0,G7_Acetoacetic_Acid,53
14.25,G7_Acetoacetic_Acid,51
14.5,G7_Acetoacetic_Acid,55
14.75,G7_Acetoacetic_Acid,59
15.0,G7_Acetoacetic_Acid,53
15.25,G7_Acetoacetic_Acid,57
15.5,G7_Acetoacetic_Acid,58
15.75,G7_Acetoacetic_Acid,56
16.0,G7_Acetoacetic_Acid,55
16.25,G7_Acetoacetic_Acid,51
16.5,G7_Acetoacetic_Acid,54
16.75,G7_Acetoacetic_Acid,59
17.0,G7_Acetoacetic_Acid,58
17.25,G7_Acetoacetic_Acid,55
17.5,G7_Acetoacetic_Acid,58
17.75,G7_Acetoacetic_Acid,59
18.0,G7_Acetoacetic_Acid,60
18.25,G7_Acetoacetic_Acid,59
18.5,G7_Acetoacetic_Acid,58
18.75,G7_Acetoacetic_Acid,59
19.0,G7_Acetoacetic_Acid,60
19.25,G7_Acetoacetic_Acid,58
19.5,G7_Acetoacetic_Acid,59
19.75,G7_Acetoacetic_Acid,56
20.0,G7_Acetoacetic_Acid,59
20.25,G7_Acetoacetic_Acid,57
20.5,G7_Acetoacetic_Acid,60
20.75,G7_Acetoacetic_Acid,62
21.0,G7_Acetoacetic_Acid,57
21.25,G7_Acetoacetic_Acid,53
21.5,G7_Acetoacetic_Acid,58
21.75,G7_Acetoacetic_Acid,55
22.0,G7_Acetoacetic_Acid,61
22.25,G7_Acetoacetic_Acid,59
22.5,G7_Acetoacetic_Acid,58
22.75,G7_Acetoacetic_Acid,58
23.0,G7_Acetoacetic_Acid,62
23.25,G7_Acetoacetic_Acid,59
23.5,G7_Acetoacetic_Acid,54
23.75,G7_Acetoacetic_Acid,58
24.0,G7_Acetoacetic_Acid,56
24.25,G7_Acetoacetic_Acid,56
24.5,G7_Acetoacetic_Acid,58
24.75,G7_Acetoacetic_Acid,61
25.0,G7_Acetoacetic_Acid,61
25.25,G7_Acetoacetic_Acid,60
25.5,G7_Acetoacetic_Acid,59
25.75,G7_Acetoacetic_Acid,64
26.0,G7_Acetoacetic_Acid,59
26.25,G7_Acetoacetic_Acid,57
26.5,G7_Acetoacetic_Acid,59
26.75,G7_Acetoacetic_Acid,58
27.0,G7_Acetoacetic_Acid,65
27.25,G7_Acetoacetic_Acid,59
27.5,G7_Acetoacetic_Acid,61
27.75,G7_Acetoacetic_Acid,59
28.0,G7_Acetoacetic_Acid,61
28.25,G7_Acetoacetic_Acid,63
28.5,G7_Acetoacetic_Acid,59
28.75,G7_Acetoacetic_Acid,63
29.0,G7_Acetoacetic_Acid,56
29.25,G7_Acetoacetic_Acid,60
29.5,G7_Acetoacetic_Acid,60
29.75,G7_Acetoacetic_Acid,64
30.0,G7_Acetoacetic_Acid,54
30.25,G7_Acetoacetic_Acid,61
30.5,G7_Acetoacetic_Acid,62
30.75,G7_Acetoacetic_Acid,62
31.0,G7_Acetoacetic_Acid,57
31.25,G7_Acetoacetic_Acid,59
31.5,G7_Acetoacetic_Acid,59
31.75,G7_Acetoacetic_Acid,62
32.0,G7_Acetoacetic_Acid,58
32.25,G7_Acetoacetic_Acid,60
32.5,G7_Acetoacetic_Acid,58
32.75,G7_Acetoacetic_Acid,62
33.0,G7_Acetoacetic_Acid,65
33.25,G7_Acetoacetic_Acid,58
33.5,G7_Acetoacetic_Acid,65
33.75,G7_Acetoacetic_Acid,64
34.0,G7_Acetoacetic_Acid,60
34.25,G7_Acetoacetic_Acid,59
34.5,G7_Acetoacetic_Acid,63
34.75,G7_Acetoacetic_Acid,63
35.0,G7_Acetoacetic_Acid,63
35.25,G7_Acetoacetic_Acid,58
35.5,G7_Acetoacetic_Acid,60
35.75,G7_Acetoacetic_Acid,60
36.0,G7_Acetoacetic_Acid,61
36.25,G7_Acetoacetic_Acid,58
36.5,G7_Acetoacetic_Acid,58
36.75,G7_Acetoacetic_Acid,62
37.0,G7_Acetoacetic_Acid,60
37.25,G7_Acetoacetic_Acid,62
37.5,G7_Acetoacetic_Acid,61
37.75,G7_Acetoacetic_Acid,62
38.0,G7_Acetoacetic_Acid,60
38.25,G7_Acetoacetic_Acid,62
38.5,G7_Acetoacetic_Acid,63
38.75,G7_Acetoacetic_Acid,61
39.0,G7_Acetoacetic_Acid,61
39.25,G7_Acetoacetic_Acid,65
39.5,G7_Acetoacetic_Acid,60
39.75,G7_Acetoacetic_Acid,60
40.0,G7_Acetoacetic_Acid,58
40.25,G7_Acetoacetic_Acid,60
40.5,G7_Acetoacetic_Acid,62
40.75,G7_Acetoacetic_Acid,60
41.0,G7_Acetoacetic_Acid,59
41.25,G7_Acetoacetic_Acid,58
41.5,G7_Acetoacetic_Acid,60
41.75,G7_Acetoacetic_Acid,61
42.0,G7_Acetoacetic_Acid,61
42.25,G7_Acetoacetic_Acid,59
42.5,G7_Acetoacetic_Acid,60
42.75,G7_Acetoacetic_Acid,63
43.0,G7_Acetoacetic_Acid,61
43.25,G7_Acetoacetic_Acid,57
43.5,G7_Acetoacetic_Acid,57
43.75,G7_Acetoacetic_Acid,62
44.0,G7_Acetoacetic_Acid,63
44.25,G7_Acetoacetic_Acid,57
44.5,G7_Acetoacetic_Acid,62
44.75,G7_Acetoacetic_Acid,62
45.0,G7_Acetoacetic_Acid,59
45.25,G7_Acetoacetic_Acid,62
45.5,G7_Acetoacetic_Acid,61
45.75,G7_Acetoacetic_Acid,58
46.0,G7_Acetoacetic_Acid,62
46.25,G7_Acetoacetic_Acid,62
46.5,G7_Acetoacetic_Acid,65
46.75,G7_Acetoacetic_Acid,60
47.0,G7_Acetoacetic_Acid,56
47.25,G7_Acetoacetic_Acid,60
47.5,G7_Acetoacetic_Acid,0
0.0,G8_N-Acetyl-B-D_Mannosamine,42
0.25,G8_N-Acetyl-B-D_Mannosamine,11
0.5,G8_N-Acetyl-B-D_Mannosamine,12
0.75,G8_N-Acetyl-B-D_Mannosamine,14
1.0,G8_N-Acetyl-B-D_Mannosamine,14
1.25,G8_N-Acetyl-B-D_Mannosamine,11
1.5,G8_N-Acetyl-B-D_Mannosamine,16
1.75,G8_N-Acetyl-B-D_Mannosamine,12
2.0,G8_N-Acetyl-B-D_Mannosamine,15
2.25,G8_N-Acetyl-B-D_Mannosamine,15
2.5,G8_N-Acetyl-B-D_Mannosamine,11
2.75,G8_N-Acetyl-B-D_Mannosamine,17
3.0,G8_N-Acetyl-B-D_Mannosamine,14
3.25,G8_N-Acetyl-B-D_Mannosamine,12
3.5,G8_N-Acetyl-B-D_Mannosamine,13
3.75,G8_N-Acetyl-B-D_Mannosamine,13
4.0,G8_N-Acetyl-B-D_Mannosamine,14
4.25,G8_N-Acetyl-B-D_Mannosamine,20
4.5,G8_N-Acetyl-B-D_Mannosamine,19
4.75,G8_N-Acetyl-B-D_Mannosamine,19
5.0,G8_N-Acetyl-B-D_Mannosamine,23
5.25,G8_N-Acetyl-B-D_Mannosamine,26
5.5,G8_N-Acetyl-B-D_Mannosamine,28
5.75,G8_N-Acetyl-B-D_Mannosamine,30
6.0,G8_N-Acetyl-B-D_Mannosamine,25
6.25,G8_N-Acetyl-B-D_Mannosamine,27
6.5,G8_N-Acetyl-B-D_Mannosamine,28
6.75,G8_N-Acetyl-B-D_Mannosamine,26
7.0,G8_N-Acetyl-B-D_Mannosamine,31
7.25,G8_N-Acetyl-B-D_Mannosamine,34
7.5,G8_N-Acetyl-B-D_Mannosamine,29
7.75,G8_N-Acetyl-B-D_Mannosamine,33
8.0,G8_N-Acetyl-B-D_Mannosamine,32
8.25,G8_N-Acetyl-B-D_Mannosamine,30
8.5,G8_N-Acetyl-B-D_Mannosamine,32
8.75,G8_N-Acetyl-B-D_Mannosamine,30
9.0,G8_N-Acetyl-B-D_Mannosamine,30
9.25,G8_N-Acetyl-B-D_Mannosamine,35
9.5,G8_N-Acetyl-B-D_Mannosamine,34
9.75,G8_N-Acetyl-B-D_Mannosamine,31
10.0,G8_N-Acetyl-B-D_Mannosamine,34
10.25,G8_N-Acetyl-B-D_Mannosamine,32
10.5,G8_N-Acetyl-B-D_Mannosamine,36
10.75,G8_N-Acetyl-B-D_Mannosamine,35
11.0,G8_N-Acetyl-B-D_Mannosamine,31
11.25,G8_N-Acetyl-B-D_Mannosamine,37
11.5,G8_N-Acetyl-B-D_Mannosamine,33
11.75,G8_N-Acetyl-B-D_Mannosamine,34
12.0,G8_N-Acetyl-B-D_Mannosamine,36
12.25,G8_N-Acetyl-B-D_Mannosamine,38
12.5,G8_N-Acetyl-B-D_Mannosamine,37
12.75,G8_N-Acetyl-B-D_Mannosamine,37
13.0,G8_N-Acetyl-B-D_Mannosamine,35
13.25,G8_N-Acetyl-B-D_Mannosamine,32
13.5,G8_N-Acetyl-B-D_Mannosamine,36
13.75,G8_N-Acetyl-B-D_Mannosamine,34
14.0,G8_N-Acetyl-B-D_Mannosamine,35
14.25,G8_N-Acetyl-B-D_Mannosamine,39
14.5,G8_N-Acetyl-B-D_Mannosamine,40
14.75,G8_N-Acetyl-B-D_Mannosamine,36
15.0,G8_N-Acetyl-B-D_Mannosamine,38
15.25,G8_N-Acetyl-B-D_Mannosamine,37
15.5,G8_N-Acetyl-B-D_Mannosamine,36
15.75,G8_N-Acetyl-B-D_Mannosamine,36
16.0,G8_N-Acetyl-B-D_Mannosamine,36
16.25,G8_N-Acetyl-B-D_Mannosamine,37
16.5,G8_N-Acetyl-B-D_Mannosamine,36
16.75,G8_N-Acetyl-B-D_Mannosamine,40
17.0,G8_N-Acetyl-B-D_Mannosamine,43
17.25,G8_N-Acetyl-B-D_Mannosamine,43
17.5,G8_N-Acetyl-B-D_Mannosamine,38
17.75,G8_N-Acetyl-B-D_Mannosamine,41
18.0,G8_N-Acetyl-B-D_Mannosamine,47
18.25,G8_N-Acetyl-B-D_Mannosamine,45
18.5,G8_N-Acetyl-B-D_Mannosamine,39
18.75,G8_N-Acetyl-B-D_Mannosamine,40
19.0,G8_N-Acetyl-B-D_Mannosamine,42
19.25,G8_N-Acetyl-B-D_Mannosamine,43
19.5,G8_N-Acetyl-B-D_Mannosamine,41
19.75,G8_N-Acetyl-B-D_Mannosamine,41
20.0,G8_N-Acetyl-B-D_Mannosamine,47
20.25,G8_N-Acetyl-B-D_Mannosamine,44
20.5,G8_N-Acetyl-B-D_Mannosamine,43
20.75,G8_N-Acetyl-B-D_Mannosamine,43
21.0,G8_N-Acetyl-B-D_Mannosamine,40
21.25,G8_N-Acetyl-B-D_Mannosamine,41
21.5,G8_N-Acetyl-B-D_Mannosamine,39
21.75,G8_N-Acetyl-B-D_Mannosamine,41
22.0,G8_N-Acetyl-B-D_Mannosamine,42
22.25,G8_N-Acetyl-B-D_Mannosamine,44
22.5,G8_N-Acetyl-B-D_Mannosamine,39
22.75,G8_N-Acetyl-B-D_Mannosamine,39
23.0,G8_N-Acetyl-B-D_Mannosamine,41
23.25,G8_N-Acetyl-B-D_Mannosamine,41
23.5,G8_N-Acetyl-B-D_Mannosamine,37
23.75,G8_N-Acetyl-B-D_Mannosamine,39
24.0,G8_N-Acetyl-B-D_Mannosamine,41
24.25,G8_N-Acetyl-B-D_Mannosamine,41
24.5,G8_N-Acetyl-B-D_Mannosamine,45
24.75,G8_N-Acetyl-B-D_Mannosamine,41
25.0,G8_N-Acetyl-B-D_Mannosamine,43
25.25,G8_N-Acetyl-B-D_Mannosamine,45
25.5,G8_N-Acetyl-B-D_Mannosamine,47
25.75,G8_N-Acetyl-B-D_Mannosamine,41
26.0,G8_N-Acetyl-B-D_Mannosamine,41
26.25,G8_N-Acetyl-B-D_Mannosamine,40
26.5,G8_N-Acetyl-B-D_Mannosamine,42
26.75,G8_N-Acetyl-B-D_Mannosamine,45
27.0,G8_N-Acetyl-B-D_Mannosamine,46
27.25,G8_N-Acetyl-B-D_Mannosamine,42
27.5,G8_N-Acetyl-B-D_Mannosamine,44
27.75,G8_N-Acetyl-B-D_Mannosamine,44
28.0,G8_N-Acetyl-B-D_Mannosamine,46
28.25,G8_N-Acetyl-B-D_Mannosamine,44
28.5,G8_N-Acetyl-B-D_Mannosamine,47
28.75,G8_N-Acetyl-B-D_Mannosamine,43
29.0,G8_N-Acetyl-B-D_Mannosamine,45
29.25,G8_N-Acetyl-B-D_Mannosamine,42
29.5,G8_N-Acetyl-B-D_Mannosamine,41
29.75,G8_N-Acetyl-B-D_Mannosamine,43
30.0,G8_N-Acetyl-B-D_Mannosamine,41
30.25,G8_N-Acetyl-B-D_Mannosamine,43
30.5,G8_N-Acetyl-B-D_Mannosamine,42
30.75,G8_N-Acetyl-B-D_Mannosamine,48
31.0,G8_N-Acetyl-B-D_Mannosamine,45
31.25,G8_N-Acetyl-B-D_Mannosamine,43
31.5,G8_N-Acetyl-B-D_Mannosamine,39
31.75,G8_N-Acetyl-B-D_Mannosamine,42
32.0,G8_N-Acetyl-B-D_Mannosamine,42
32.25,G8_N-Acetyl-B-D_Mannosamine,43
32.5,G8_N-Acetyl-B-D_Mannosamine,42
32.75,G8_N-Acetyl-B-D_Mannosamine,43
33.0,G8_N-Acetyl-B-D_Mannosamine,42
33.25,G8_N-Acetyl-B-D_Mannosamine,43
33.5,G8_N-Acetyl-B-D_Mannosamine,42
33.75,G8_N-Acetyl-B-D_Mannosamine,46
34.0,G8_N-Acetyl-B-D_Mannosamine,43
34.25,G8_N-Acetyl-B-D_Mannosamine,41
34.5,G8_N-Acetyl-B-D_Mannosamine,41
34.75,G8_N-Acetyl-B-D_Mannosamine,49
35.0,G8_N-Acetyl-B-D_Mannosamine,45
35.25,G8_N-Acetyl-B-D_Mannosamine,39
35.5,G8_N-Acetyl-B-D_Mannosamine,46
35.75,G8_N-Acetyl-B-D_Mannosamine,45
36.0,G8_N-Acetyl-B-D_Mannosamine,44
36.25,G8_N-Acetyl-B-D_Mannosamine,46
36.5,G8_N-Acetyl-B-D_Mannosamine,43
36.75,G8_N-Acetyl-B-D_Mannosamine,46
37.0,G8_N-Acetyl-B-D_Mannosamine,44
37.25,G8_N-Acetyl-B-D_Mannosamine,46
37.5,G8_N-Acetyl-B-D_Mannosamine,42
37.75,G8_N-Acetyl-B-D_Mannosamine,51
38.0,G8_N-Acetyl-B-D_Mannosamine,46
38.25,G8_N-Acetyl-B-D_Mannosamine,46
38.5,G8_N-Acetyl-B-D_Mannosamine,47
38.75,G8_N-Acetyl-B-D_Mannosamine,43
39.0,G8_N-Acetyl-B-D_Mannosamine,48
39.25,G8_N-Acetyl-B-D_Mannosamine,47
39.5,G8_N-Acetyl-B-D_Mannosamine,45
39.75,G8_N-Acetyl-B-D_Mannosamine,46
40.0,G8_N-Acetyl-B-D_Mannosamine,41
40.25,G8_N-Acetyl-B-D_Mannosamine,44
40.5,G8_N-Acetyl-B-D_Mannosamine,47
40.75,G8_N-Acetyl-B-D_Mannosamine,46
41.0,G8_N-Acetyl-B-D_Mannosamine,43
41.25,G8_N-Acetyl-B-D_Mannosamine,43
41.5,G8_N-Acetyl-B-D_Mannosamine,41
41.75,G8_N-Acetyl-B-D_Mannosamine,41
42.0,G8_N-Acetyl-B-D_Mannosamine,41
42.25,G8_N-Acetyl-B-D_Mannosamine,42
42.5,G8_N-Acetyl-B-D_Mannosamine,46
42.75,G8_N-Acetyl-B-D_Mannosamine,42
43.0,G8_N-Acetyl-B-D_Mannosamine,45
43.25,G8_N-Acetyl-B-D_Mannosamine,46
43.5,G8_N-Acetyl-B-D_Mannosamine,43
43.75,G8_N-Acetyl-B-D_Mannosamine,43
44.0,G8_N-Acetyl-B-D_Mannosamine,46
44.25,G8_N-Acetyl-B-D_Mannosamine,46
44.5,G8_N-Acetyl-B-D_Mannosamine,44
44.75,G8_N-Acetyl-B-D_Mannosamine,46
45.0,G8_N-Acetyl-B-D_Mannosamine,45
45.25,G8_N-Acetyl-B-D_Mannosamine,42
45.5,G8_N-Acetyl-B-D_Mannosamine,42
45.75,G8_N-Acetyl-B-D_Mannosamine,44
46.0,G8_N-Acetyl-B-D_Mannosamine,44
46.25,G8_N-Acetyl-B-D_Mannosamine,47
46.5,G8_N-Acetyl-B-D_Mannosamine,41
46.75,G8_N-Acetyl-B-D_Mannosamine,47
47.0,G8_N-Acetyl-B-D_Mannosamine,44
47.25,G8_N-Acetyl-B-D_Mannosamine,42
47.5,G8_N-Acetyl-B-D_Mannosamine,0
0.0,G9_Mono_Methyl_Succinate,31
0.25,G9_Mono_Methyl_Succinate,13
0.5,G9_Mono_Methyl_Succinate,18
0.75,G9_Mono_Methyl_Succinate,20
1.0,G9_Mono_Methyl_Succinate,19
1.25,G9_Mono_Methyl_Succinate,14
1.5,G9_Mono_Methyl_Succinate,22
1.75,G9_Mono_Methyl_Succinate,20
2.0,G9_Mono_Methyl_Succinate,15
2.25,G9_Mono_Methyl_Succinate,15
2.5,G9_Mono_Methyl_Succinate,18
2.75,G9_Mono_Methyl_Succinate,17
3.0,G9_Mono_Methyl_Succinate,19
3.25,G9_Mono_Methyl_Succinate,19
3.5,G9_Mono_Methyl_Succinate,18
3.75,G9_Mono_Methyl_Succinate,18
4.0,G9_Mono_Methyl_Succinate,16
4.25,G9_Mono_Methyl_Succinate,25
4.5,G9_Mono_Methyl_Succinate,21
4.75,G9_Mono_Methyl_Succinate,22
5.0,G9_Mono_Methyl_Succinate,24
5.25,G9_Mono_Methyl_Succinate,25
5.5,G9_Mono_Methyl_Succinate,30
5.75,G9_Mono_Methyl_Succinate,30
6.0,G9_Mono_Methyl_Succinate,33
6.25,G9_Mono_Methyl_Succinate,37
6.5,G9_Mono_Methyl_Succinate,36
6.75,G9_Mono_Methyl_Succinate,37
7.0,G9_Mono_Methyl_Succinate,37
7.25,G9_Mono_Methyl_Succinate,42
7.5,G9_Mono_Methyl_Succinate,42
7.75,G9_Mono_Methyl_Succinate,53
8.0,G9_Mono_Methyl_Succinate,56
8.25,G9_Mono_Methyl_Succinate,54
8.5,G9_Mono_Methyl_Succinate,56
8.75,G9_Mono_Methyl_Succinate,59
9.0,G9_Mono_Methyl_Succinate,64
9.25,G9_Mono_Methyl_Succinate,61
9.5,G9_Mono_Methyl_Succinate,60
9.75,G9_Mono_Methyl_Succinate,61
10.0,G9_Mono_Methyl_Succinate,62
10.25,G9_Mono_Methyl_Succinate,66
10.5,G9_Mono_Methyl_Succinate,65
10.75,G9_Mono_Methyl_Succinate,67
11.0,G9_Mono_Methyl_Succinate,70
11.25,G9_Mono_Methyl_Succinate,67
11.5,G9_Mono_Methyl_Succinate,68
11.75,G9_Mono_Methyl_Succinate,70
12.0,G9_Mono_Methyl_Succinate,69
12.25,G9_Mono_Methyl_Succinate,71
12.5,G9_Mono_Methyl_Succinate,72
12.75,G9_Mono_Methyl_Succinate,67
13.0,G9_Mono_Methyl_Succinate,73
13.25,G9_Mono_Methyl_Succinate,69
13.5,G9_Mono_Methyl_Succinate,70
13.75,G9_Mono_Methyl_Succinate,76
14.0,G9_Mono_Methyl_Succinate,73
14.25,G9_Mono_Methyl_Succinate,74
14.5,G9_Mono_Methyl_Succinate,76
14.75,G9_Mono_Methyl_Succinate,79
15.0,G9_Mono_Methyl_Succinate,74
15.25,G9_Mono_Methyl_Succinate,77
15.5,G9_Mono_Methyl_Succinate,76
15.75,G9_Mono_Methyl_Succinate,77
16.0,G9_Mono_Methyl_Succinate,80
16.25,G9_Mono_Methyl_Succinate,76
16.5,G9_Mono_Methyl_Succinate,78
16.75,G9_Mono_Methyl_Succinate,80
17.0,G9_Mono_Methyl_Succinate,80
17.25,G9_Mono_Methyl_Succinate,79
17.5,G9_Mono_Methyl_Succinate,79
17.75,G9_Mono_Methyl_Succinate,86
18.0,G9_Mono_Methyl_Succinate,83
18.25,G9_Mono_Methyl_Succinate,83
18.5,G9_Mono_Methyl_Succinate,81
18.75,G9_Mono_Methyl_Succinate,79
19.0,G9_Mono_Methyl_Succinate,83
19.25,G9_Mono_Methyl_Succinate,84
19.5,G9_Mono_Methyl_Succinate,83
19.75,G9_Mono_Methyl_Succinate,83
20.0,G9_Mono_Methyl_Succinate,84
20.25,G9_Mono_Methyl_Succinate,85
20.5,G9_Mono_Methyl_Succinate,87
20.75,G9_Mono_Methyl_Succinate,85
21.0,G9_Mono_Methyl_Succinate,89
21.25,G9_Mono_Methyl_Succinate,86
21.5,G9_Mono_Methyl_Succinate,89
21.75,G9_Mono_Methyl_Succinate,86
22.0,G9_Mono_Methyl_Succinate,86
22.25,G9_Mono_Methyl_Succinate,90
22.5,G9_Mono_Methyl_Succinate,89
22.75,G9_Mono_Methyl_Succinate,87
23.0,G9_Mono_Methyl_Succinate,87
23.25,G9_Mono_Methyl_Succinate,86
23.5,G9_Mono_Methyl_Succinate,94
23.75,G9_Mono_Methyl_Succinate,94
24.0,G9_Mono_Methyl_Succinate,87
24.25,G9_Mono_Methyl_Succinate,94
24.5,G9_Mono_Methyl_Succinate,92
24.75,G9_Mono_Methyl_Succinate,95
25.0,G9_Mono_Methyl_Succinate,95
25.25,G9_Mono_Methyl_Succinate,96
25.5,G9_Mono_Methyl_Succinate,94
25.75,G9_Mono_Methyl_Succinate,95
26.0,G9_Mono_Methyl_Succinate,95
26.25,G9_Mono_Methyl_Succinate,95
26.5,G9_Mono_Methyl_Succinate,96
26.75,G9_Mono_Methyl_Succinate,95
27.0,G9_Mono_Methyl_Succinate,100
27.25,G9_Mono_Methyl_Succinate,98
27.5,G9_Mono_Methyl_Succinate,97
27.75,G9_Mono_Methyl_Succinate,98
28.0,G9_Mono_Methyl_Succinate,98
28.25,G9_Mono_Methyl_Succinate,102
28.5,G9_Mono_Methyl_Succinate,100
28.75,G9_Mono_Methyl_Succinate,100
29.0,G9_Mono_Methyl_Succinate,101
29.25,G9_Mono_Methyl_Succinate,101
29.5,G9_Mono_Methyl_Succinate,101
29.75,G9_Mono_Methyl_Succinate,100
30.0,G9_Mono_Methyl_Succinate,104
30.25,G9_Mono_Methyl_Succinate,101
30.5,G9_Mono_Methyl_Succinate,106
30.75,G9_Mono_Methyl_Succinate,102
31.0,G9_Mono_Methyl_Succinate,104
31.25,G9_Mono_Methyl_Succinate,97
31.5,G9_Mono_Methyl_Succinate,99
31.75,G9_Mono_Methyl_Succinate,100
32.0,G9_Mono_Methyl_Succinate,105
32.25,G9_Mono_Methyl_Succinate,105
32.5,G9_Mono_Methyl_Succinate,103
32.75,G9_Mono_Methyl_Succinate,106
33.0,G9_Mono_Methyl_Succinate,106
33.25,G9_Mono_Methyl_Succinate,110
33.5,G9_Mono_Methyl_Succinate,107
33.75,G9_Mono_Methyl_Succinate,109
34.0,G9_Mono_Methyl_Succinate,107
34.25,G9_Mono_Methyl_Succinate,109
34.5,G9_Mono_Methyl_Succinate,109
34.75,G9_Mono_Methyl_Succinate,109
35.0,G9_Mono_Methyl_Succinate,108
35.25,G9_Mono_Methyl_Succinate,111
35.5,G9_Mono_Methyl_Succinate,109
35.75,G9_Mono_Methyl_Succinate,107
36.0,G9_Mono_Methyl_Succinate,108
36.25,G9_Mono_Methyl_Succinate,108
36.5,G9_Mono_Methyl_Succinate,114
36.75,G9_Mono_Methyl_Succinate,110
37.0,G9_Mono_Methyl_Succinate,113
37.25,G9_Mono_Methyl_Succinate,110
37.5,G9_Mono_Methyl_Succinate,112
37.75,G9_Mono_Methyl_Succinate,115
38.0,G9_Mono_Methyl_Succinate,115
38.25,G9_Mono_Methyl_Succinate,114
38.5,G9_Mono_Methyl_Succinate,114
38.75,G9_Mono_Methyl_Succinate,113
39.0,G9_Mono_Methyl_Succinate,116
39.25,G9_Mono_Methyl_Succinate,116
39.5,G9_Mono_Methyl_Succinate,120
39.75,G9_Mono_Methyl_Succinate,116
40.0,G9_Mono_Methyl_Succinate,111
40.25,G9_Mono_Methyl_Succinate,113
40.5,G9_Mono_Methyl_Succinate,118
40.75,G9_Mono_Methyl_Succinate,117
41.0,G9_Mono_Methyl_Succinate,122
41.25,G9_Mono_Methyl_Succinate,118
41.5,G9_Mono_Methyl_Succinate,117
41.75,G9_Mono_Methyl_Succinate,120
42.0,G9_Mono_Methyl_Succinate,120
42.25,G9_Mono_Methyl_Succinate,119
42.5,G9_Mono_Methyl_Succinate,118
42.75,G9_Mono_Methyl_Succinate,122
43.0,G9_Mono_Methyl_Succinate,121
43.25,G9_Mono_Methyl_Succinate,120
43.5,G9_Mono_Methyl_Succinate,124
43.75,G9_Mono_Methyl_Succinate,122
44.0,G9_Mono_Methyl_Succinate,123
44.25,G9_Mono_Methyl_Succinate,123
44.5,G9_Mono_Methyl_Succinate,125
44.75,G9_Mono_Methyl_Succinate,124
45.0,G9_Mono_Methyl_Succinate,125
45.25,G9_Mono_Methyl_Succinate,124
45.5,G9_Mono_Methyl_Succinate,127
45.75,G9_Mono_Methyl_Succinate,127
46.0,G9_Mono_Methyl_Succinate,128
46.25,G9_Mono_Methyl_Succinate,125
46.5,G9_Mono_Methyl_Succinate,130
46.75,G9_Mono_Methyl_Succinate,128
47.0,G9_Mono_Methyl_Succinate,128
47.25,G9_Mono_Methyl_Succinate,132
47.5,G9_Mono_Methyl_Succinate,0
0.0,G10_Methyl_Pyruvate,28
0.25,G10_Methyl_Pyruvate,19
0.5,G10_Methyl_Pyruvate,23
0.75,G10_Methyl_Pyruvate,30
1.0,G10_Methyl_Pyruvate,34
1.25,G10_Methyl_Pyruvate,25
1.5,G10_Methyl_Pyruvate,30
1.75,G10_Methyl_Pyruvate,30
2.0,G10_Methyl_Pyruvate,25
2.25,G10_Methyl_Pyruvate,28
2.5,G10_Methyl_Pyruvate,26
2.75,G10_Methyl_Pyruvate,28
3.0,G10_Methyl_Pyruvate,27
3.25,G10_Methyl_Pyruvate,23
3.5,G10_Methyl_Pyruvate,26
3.75,G10_Methyl_Pyruvate,27
4.0,G10_Methyl_Pyruvate,24
4.25,G10_Methyl_Pyruvate,24
4.5,G10_Methyl_Pyruvate,28
4.75,G10_Methyl_Pyruvate,26
5.0,G10_Methyl_Pyruvate,26
5.25,G10_Methyl_Pyruvate,31
5.5,G10_Methyl_Pyruvate,32
5.75,G10_Methyl_Pyruvate,29
6.0,G10_Methyl_Pyruvate,31
6.25,G10_Methyl_Pyruvate,31
6.5,G10_Methyl_Pyruvate,35
6.75,G10_Methyl_Pyruvate,40
7.0,G10_Methyl_Pyruvate,39
7.25,G10_Methyl_Pyruvate,38
7.5,G10_Methyl_Pyruvate,39
7.75,G10_Methyl_Pyruvate,42
8.0,G10_Methyl_Pyruvate,42
8.25,G10_Methyl_Pyruvate,42
8.5,G10_Methyl_Pyruvate,43
8.75,G10_Methyl_Pyruvate,39
9.0,G10_Methyl_Pyruvate,42
9.25,G10_Methyl_Pyruvate,41
9.5,G10_Methyl_Pyruvate,41
9.75,G10_Methyl_Pyruvate,43
10.0,G10_Methyl_Pyruvate,43
10.25,G10_Methyl_Pyruvate,44
10.5,G10_Methyl_Pyruvate,43
10.75,G10_Methyl_Pyruvate,46
11.0,G10_Methyl_Pyruvate,44
11.25,G10_Methyl_Pyruvate,47
11.5,G10_Methyl_Pyruvate,48
11.75,G10_Methyl_Pyruvate,49
12.0,G10_Methyl_Pyruvate,53
12.25,G10_Methyl_Pyruvate,46
12.5,G10_Methyl_Pyruvate,51
12.75,G10_Methyl_Pyruvate,52
13.0,G10_Methyl_Pyruvate,52
13.25,G10_Methyl_Pyruvate,55
13.5,G10_Methyl_Pyruvate,55
13.75,G10_Methyl_Pyruvate,57
14.0,G10_Methyl_Pyruvate,55
14.25,G10_Methyl_Pyruvate,57
14.5,G10_Methyl_Pyruvate,63
14.75,G10_Methyl_Pyruvate,65
15.0,G10_Methyl_Pyruvate,70
15.25,G10_Methyl_Pyruvate,71
15.5,G10_Methyl_Pyruvate,68
15.75,G10_Methyl_Pyruvate,72
16.0,G10_Methyl_Pyruvate,74
16.25,G10_Methyl_Pyruvate,72
16.5,G10_Methyl_Pyruvate,80
16.75,G10_Methyl_Pyruvate,81
17.0,G10_Methyl_Pyruvate,83
17.25,G10_Methyl_Pyruvate,82
17.5,G10_Methyl_Pyruvate,84
17.75,G10_Methyl_Pyruvate,90
18.0,G10_Methyl_Pyruvate,92
18.25,G10_Methyl_Pyruvate,91
18.5,G10_Methyl_Pyruvate,92
18.75,G10_Methyl_Pyruvate,92
19.0,G10_Methyl_Pyruvate,96
19.25,G10_Methyl_Pyruvate,100
19.5,G10_Methyl_Pyruvate,98
19.75,G10_Methyl_Pyruvate,101
20.0,G10_Methyl_Pyruvate,105
20.25,G10_Methyl_Pyruvate,106
20.5,G10_Methyl_Pyruvate,110
20.75,G10_Methyl_Pyruvate,112
21.0,G10_Methyl_Pyruvate,111
21.25,G10_Methyl_Pyruvate,113
21.5,G10_Methyl_Pyruvate,113
21.75,G10_Methyl_Pyruvate,115
22.0,G10_Methyl_Pyruvate,119
22.25,G10_Methyl_Pyruvate,123
22.5,G10_Methyl_Pyruvate,122
22.75,G10_Methyl_Pyruvate,123
23.0,G10_Methyl_Pyruvate,125
23.25,G10_Methyl_Pyruvate,127
23.5,G10_Methyl_Pyruvate,132
23.75,G10_Methyl_Pyruvate,132
24.0,G10_Methyl_Pyruvate,135
24.25,G10_Methyl_Pyruvate,134
24.5,G10_Methyl_Pyruvate,138
24.75,G10_Methyl_Pyruvate,141
25.0,G10_Methyl_Pyruvate,143
25.25,G10_Methyl_Pyruvate,145
25.5,G10_Methyl_Pyruvate,148
25.75,G10_Methyl_Pyruvate,149
26.0,G10_Methyl_Pyruvate,146
26.25,G10_Methyl_Pyruvate,155
26.5,G10_Methyl_Pyruvate,152
26.75,G10_Methyl_Pyruvate,156
27.0,G10_Methyl_Pyruvate,156
27.25,G10_Methyl_Pyruvate,164
27.5,G10_Methyl_Pyruvate,158
27.75,G10_Methyl_Pyruvate,163
28.0,G10_Methyl_Pyruvate,162
28.25,G10_Methyl_Pyruvate,167
28.5,G10_Methyl_Pyruvate,165
28.75,G10_Methyl_Pyruvate,166
29.0,G10_Methyl_Pyruvate,169
29.25,G10_Methyl_Pyruvate,168
29.5,G10_Methyl_Pyruvate,171
29.75,G10_Methyl_Pyruvate,171
30.0,G10_Methyl_Pyruvate,176
30.25,G10_Methyl_Pyruvate,173
30.5,G10_Methyl_Pyruvate,179
30.75,G10_Methyl_Pyruvate,180
31.0,G10_Methyl_Pyruvate,176
31.25,G10_Methyl_Pyruvate,178
31.5,G10_Methyl_Pyruvate,176
31.75,G10_Methyl_Pyruvate,182
32.0,G10_Methyl_Pyruvate,181
32.25,G10_Methyl_Pyruvate,179
32.5,G10_Methyl_Pyruvate,181
32.75,G10_Methyl_Pyruvate,184
33.0,G10_Methyl_Pyruvate,181
33.25,G10_Methyl_Pyruvate,183
33.5,G10_Methyl_Pyruvate,183
33.75,G10_Methyl_Pyruvate,183
34.0,G10_Methyl_Pyruvate,178
34.25,G10_Methyl_Pyruvate,177
34.5,G10_Methyl_Pyruvate,177
34.75,G10_Methyl_Pyruvate,178
35.0,G10_Methyl_Pyruvate,179
35.25,G10_Methyl_Pyruvate,178
35.5,G10_Methyl_Pyruvate,176
35.75,G10_Methyl_Pyruvate,175
36.0,G10_Methyl_Pyruvate,174
36.25,G10_Methyl_Pyruvate,177
36.5,G10_Methyl_Pyruvate,175
36.75,G10_Methyl_Pyruvate,177
37.0,G10_Methyl_Pyruvate,176
37.25,G10_Methyl_Pyruvate,177
37.5,G10_Methyl_Pyruvate,173
37.75,G10_Methyl_Pyruvate,181
38.0,G10_Methyl_Pyruvate,178
38.25,G10_Methyl_Pyruvate,178
38.5,G10_Methyl_Pyruvate,175
38.75,G10_Methyl_Pyruvate,175
39.0,G10_Methyl_Pyruvate,178
39.25,G10_Methyl_Pyruvate,175
39.5,G10_Methyl_Pyruvate,177
39.75,G10_Methyl_Pyruvate,173
40.0,G10_Methyl_Pyruvate,178
40.25,G10_Methyl_Pyruvate,179
40.5,G10_Methyl_Pyruvate,180
40.75,G10_Methyl_Pyruvate,176
41.0,G10_Methyl_Pyruvate,172
41.25,G10_Methyl_Pyruvate,173
41.5,G10_Methyl_Pyruvate,180
41.75,G10_Methyl_Pyruvate,179
42.0,G10_Methyl_Pyruvate,178
42.25,G10_Methyl_Pyruvate,178
42.5,G10_Methyl_Pyruvate,175
42.75,G10_Methyl_Pyruvate,176
43.0,G10_Methyl_Pyruvate,178
43.25,G10_Methyl_Pyruvate,175
43.5,G10_Methyl_Pyruvate,173
43.75,G10_Methyl_Pyruvate,176
44.0,G10_Methyl_Pyruvate,177
44.25,G10_Methyl_Pyruvate,176
44.5,G10_Methyl_Pyruvate,176
44.75,G10_Methyl_Pyruvate,179
45.0,G10_Methyl_Pyruvate,172
45.25,G10_Methyl_Pyruvate,179
45.5,G10_Methyl_Pyruvate,174
45.75,G10_Methyl_Pyruvate,176
46.0,G10_Methyl_Pyruvate,173
46.25,G10_Methyl_Pyruvate,172
46.5,G10_Methyl_Pyruvate,177
46.75,G10_Methyl_Pyruvate,175
47.0,G10_Methyl_Pyruvate,177
47.25,G10_Methyl_Pyruvate,175
47.5,G10_Methyl_Pyruvate,0
0.0,G11_D-Malic_Acid,25
0.25,G11_D-Malic_Acid,20
0.5,G11_D-Malic_Acid,20
0.75,G11_D-Malic_Acid,24
1.0,G11_D-Malic_Acid,23
1.25,G11_D-Malic_Acid,18
1.5,G11_D-Malic_Acid,20
1.75,G11_D-Malic_Acid,26
2.0,G11_D-Malic_Acid,25
2.25,G11_D-Malic_Acid,23
2.5,G11_D-Malic_Acid,25
2.75,G11_D-Malic_Acid,23
3.0,G11_D-Malic_Acid,22
3.25,G11_D-Malic_Acid,23
3.5,G11_D-Malic_Acid,21
3.75,G11_D-Malic_Acid,25
4.0,G11_D-Malic_Acid,23
4.25,G11_D-Malic_Acid,28
4.5,G11_D-Malic_Acid,25
4.75,G11_D-Malic_Acid,26
5.0,G11_D-Malic_Acid,24
5.25,G11_D-Malic_Acid,29
5.5,G11_D-Malic_Acid,31
5.75,G11_D-Malic_Acid,30
6.0,G11_D-Malic_Acid,28
6.25,G11_D-Malic_Acid,28
6.5,G11_D-Malic_Acid,30
6.75,G11_D-Malic_Acid,31
7.0,G11_D-Malic_Acid,34
7.25,G11_D-Malic_Acid,31
7.5,G11_D-Malic_Acid,30
7.75,G11_D-Malic_Acid,33
8.0,G11_D-Malic_Acid,32
8.25,G11_D-Malic_Acid,29
8.5,G11_D-Malic_Acid,30
8.75,G11_D-Malic_Acid,30
9.0,G11_D-Malic_Acid,33
9.25,G11_D-Malic_Acid,32
9.5,G11_D-Malic_Acid,33
9.75,G11_D-Malic_Acid,35
10.0,G11_D-Malic_Acid,34
10.25,G11_D-Malic_Acid,36
10.5,G11_D-Malic_Acid,37
10.75,G11_D-Malic_Acid,35
11.0,G11_D-Malic_Acid,39
11.25,G11_D-Malic_Acid,46
11.5,G11_D-Malic_Acid,36
11.75,G11_D-Malic_Acid,40
12.0,G11_D-Malic_Acid,39
12.25,G11_D-Malic_Acid,44
12.5,G11_D-Malic_Acid,42
12.75,G11_D-Malic_Acid,45
13.0,G11_D-Malic_Acid,43
13.25,G11_D-Malic_Acid,42
13.5,G11_D-Malic_Acid,43
13.75,G11_D-Malic_Acid,44
14.0,G11_D-Malic_Acid,40
14.25,G11_D-Malic_Acid,44
14.5,G11_D-Malic_Acid,41
14.75,G11_D-Malic_Acid,50
15.0,G11_D-Malic_Acid,48
15.25,G11_D-Malic_Acid,44
15.5,G11_D-Malic_Acid,50
15.75,G11_D-Malic_Acid,47
16.0,G11_D-Malic_Acid,46
16.25,G11_D-Malic_Acid,48
16.5,G11_D-Malic_Acid,47
16.75,G11_D-Malic_Acid,51
17.0,G11_D-Malic_Acid,50
17.25,G11_D-Malic_Acid,50
17.5,G11_D-Malic_Acid,49
17.75,G11_D-Malic_Acid,46
18.0,G11_D-Malic_Acid,56
18.25,G11_D-Malic_Acid,48
18.5,G11_D-Malic_Acid,55
18.75,G11_D-Malic_Acid,50
19.0,G11_D-Malic_Acid,56
19.25,G11_D-Malic_Acid,57
19.5,G11_D-Malic_Acid,56
19.75,G11_D-Malic_Acid,56
20.0,G11_D-Malic_Acid,55
20.25,G11_D-Malic_Acid,56
20.5,G11_D-Malic_Acid,58
20.75,G11_D-Malic_Acid,59
21.0,G11_D-Malic_Acid,55
21.25,G11_D-Malic_Acid,54
21.5,G11_D-Malic_Acid,57
21.75,G11_D-Malic_Acid,51
22.0,G11_D-Malic_Acid,63
22.25,G11_D-Malic_Acid,59
22.5,G11_D-Malic_Acid,63
22.75,G11_D-Malic_Acid,62
23.0,G11_D-Malic_Acid,61
23.25,G11_D-Malic_Acid,62
23.5,G11_D-Malic_Acid,65
23.75,G11_D-Malic_Acid,66
24.0,G11_D-Malic_Acid,67
24.25,G11_D-Malic_Acid,68
24.5,G11_D-Malic_Acid,67
24.75,G11_D-Malic_Acid,69
25.0,G11_D-Malic_Acid,69
25.25,G11_D-Malic_Acid,72
25.5,G11_D-Malic_Acid,72
25.75,G11_D-Malic_Acid,77
26.0,G11_D-Malic_Acid,73
26.25,G11_D-Malic_Acid,73
26.5,G11_D-Malic_Acid,80
26.75,G11_D-Malic_Acid,77
27.0,G11_D-Malic_Acid,84
27.25,G11_D-Malic_Acid,79
27.5,G11_D-Malic_Acid,86
27.75,G11_D-Malic_Acid,84
28.0,G11_D-Malic_Acid,84
28.25,G11_D-Malic_Acid,85
28.5,G11_D-Malic_Acid,89
28.75,G11_D-Malic_Acid,89
29.0,G11_D-Malic_Acid,90
29.25,G11_D-Malic_Acid,94
29.5,G11_D-Malic_Acid,94
29.75,G11_D-Malic_Acid,95
30.0,G11_D-Malic_Acid,97
30.25,G11_D-Malic_Acid,97
30.5,G11_D-Malic_Acid,97
30.75,G11_D-Malic_Acid,102
31.0,G11_D-Malic_Acid,98
31.25,G11_D-Malic_Acid,98
31.5,G11_D-Malic_Acid,97
31.75,G11_D-Malic_Acid,103
32.0,G11_D-Malic_Acid,101
32.25,G11_D-Malic_Acid,103
32.5,G11_D-Malic_Acid,104
32.75,G11_D-Malic_Acid,111
33.0,G11_D-Malic_Acid,106
33.25,G11_D-Malic_Acid,108
33.5,G11_D-Malic_Acid,106
33.75,G11_D-Malic_Acid,107
34.0,G11_D-Malic_Acid,109
34.25,G11_D-Malic_Acid,120
34.5,G11_D-Malic_Acid,112
34.75,G11_D-Malic_Acid,106
35.0,G11_D-Malic_Acid,114
35.25,G11_D-Malic_Acid,112
35.5,G11_D-Malic_Acid,117
35.75,G11_D-Malic_Acid,116
36.0,G11_D-Malic_Acid,115
36.25,G11_D-Malic_Acid,118
36.5,G11_D-Malic_Acid,117
36.75,G11_D-Malic_Acid,113
37.0,G11_D-Malic_Acid,115
37.25,G11_D-Malic_Acid,119
37.5,G11_D-Malic_Acid,117
37.75,G11_D-Malic_Acid,123
38.0,G11_D-Malic_Acid,124
38.25,G11_D-Malic_Acid,127
38.5,G11_D-Malic_Acid,124
38.75,G11_D-Malic_Acid,125
39.0,G11_D-Malic_Acid,125
39.25,G11_D-Malic_Acid,129
39.5,G11_D-Malic_Acid,132
39.75,G11_D-Malic_Acid,127
40.0,G11_D-Malic_Acid,127
40.25,G11_D-Malic_Acid,127
40.5,G11_D-Malic_Acid,132
40.75,G11_D-Malic_Acid,133
41.0,G11_D-Malic_Acid,131
41.25,G11_D-Malic_Acid,133
41.5,G11_D-Malic_Acid,137
41.75,G11_D-Malic_Acid,134
42.0,G11_D-Malic_Acid,131
42.25,G11_D-Malic_Acid,137
42.5,G11_D-Malic_Acid,136
42.75,G11_D-Malic_Acid,138
43.0,G11_D-Malic_Acid,138
43.25,G11_D-Malic_Acid,134
43.5,G11_D-Malic_Acid,138
43.75,G11_D-Malic_Acid,139
44.0,G11_D-Malic_Acid,142
44.25,G11_D-Malic_Acid,139
44.5,G11_D-Malic_Acid,143
44.75,G11_D-Malic_Acid,143
45.0,G11_D-Malic_Acid,140
45.25,G11_D-Malic_Acid,144
45.5,G11_D-Malic_Acid,143
45.75,G11_D-Malic_Acid,147
46.0,G11_D-Malic_Acid,146
46.25,G11_D-Malic_Acid,146
46.5,G11_D-Malic_Acid,150
46.75,G11_D-Malic_Acid,146
47.0,G11_D-Malic_Acid,150
47.25,G11_D-Malic_Acid,149
47.5,G11_D-Malic_Acid,0
0.0,G12_L-Malic_Acid,29
0.25,G12_L-Malic_Acid,28
0.5,G12_L-Malic_Acid,28
0.75,G12_L-Malic_Acid,33
1.0,G12_L-Malic_Acid,38
1.25,G12_L-Malic_Acid,32
1.5,G12_L-Malic_Acid,36
1.75,G12_L-Malic_Acid,34
2.0,G12_L-Malic_Acid,32
2.25,G12_L-Malic_Acid,32
2.5,G12_L-Malic_Acid,31
2.75,G12_L-Malic_Acid,34
3.0,G12_L-Malic_Acid,32
3.25,G12_L-Malic_Acid,31
3.5,G12_L-Malic_Acid,33
3.75,G12_L-Malic_Acid,37
4.0,G12_L-Malic_Acid,34
4.25,G12_L-Malic_Acid,36
4.5,G12_L-Malic_Acid,37
4.75,G12_L-Malic_Acid,35
5.0,G12_L-Malic_Acid,37
5.25,G12_L-Malic_Acid,42
5.5,G12_L-Malic_Acid,46
5.75,G12_L-Malic_Acid,44
6.0,G12_L-Malic_Acid,50
6.25,G12_L-Malic_Acid,50
6.5,G12_L-Malic_Acid,50
6.75,G12_L-Malic_Acid,52
7.0,G12_L-Malic_Acid,57
7.25,G12_L-Malic_Acid,60
7.5,G12_L-Malic_Acid,65
7.75,G12_L-Malic_Acid,73
8.0,G12_L-Malic_Acid,77
8.25,G12_L-Malic_Acid,81
8.5,G12_L-Malic_Acid,91
8.75,G12_L-Malic_Acid,96
9.0,G12_L-Malic_Acid,107
9.25,G12_L-Malic_Acid,113
9.5,G12_L-Malic_Acid,124
9.75,G12_L-Malic_Acid,140
10.0,G12_L-Malic_Acid,146
10.25,G12_L-Malic_Acid,154
10.5,G12_L-Malic_Acid,165
10.75,G12_L-Malic_Acid,173
11.0,G12_L-Malic_Acid,181
11.25,G12_L-Malic_Acid,188
11.5,G12_L-Malic_Acid,194
11.75,G12_L-Malic_Acid,201
12.0,G12_L-Malic_Acid,209
12.25,G12_L-Malic_Acid,213
12.5,G12_L-Malic_Acid,219
12.75,G12_L-Malic_Acid,222
13.0,G12_L-Malic_Acid,223
13.25,G12_L-Malic_Acid,230
13.5,G12_L-Malic_Acid,232
13.75,G12_L-Malic_Acid,234
14.0,G12_L-Malic_Acid,237
14.25,G12_L-Malic_Acid,245
14.5,G12_L-Malic_Acid,246
14.75,G12_L-Malic_Acid,247
15.0,G12_L-Malic_Acid,254
15.25,G12_L-Malic_Acid,254
15.5,G12_L-Malic_Acid,258
15.75,G12_L-Malic_Acid,257
16.0,G12_L-Malic_Acid,259
16.25,G12_L-Malic_Acid,262
16.5,G12_L-Malic_Acid,262
16.75,G12_L-Malic_Acid,263
17.0,G12_L-Malic_Acid,267
17.25,G12_L-Malic_Acid,268
17.5,G12_L-Malic_Acid,270
17.75,G12_L-Malic_Acid,271
18.0,G12_L-Malic_Acid,271
18.25,G12_L-Malic_Acid,269
18.5,G12_L-Malic_Acid,270
18.75,G12_L-Malic_Acid,271
19.0,G12_L-Malic_Acid,271
19.25,G12_L-Malic_Acid,271
19.5,G12_L-Malic_Acid,270
19.75,G12_L-Malic_Acid,272
20.0,G12_L-Malic_Acid,273
20.25,G12_L-Malic_Acid,272
20.5,G12_L-Malic_Acid,266
20.75,G12_L-Malic_Acid,271
21.0,G12_L-Malic_Acid,271
21.25,G12_L-Malic_Acid,267
21.5,G12_L-Malic_Acid,267
21.75,G12_L-Malic_Acid,264
22.0,G12_L-Malic_Acid,265
22.25,G12_L-Malic_Acid,267
22.5,G12_L-Malic_Acid,266
22.75,G12_L-Malic_Acid,265
23.0,G12_L-Malic_Acid,266
23.25,G12_L-Malic_Acid,267
23.5,G12_L-Malic_Acid,267
23.75,G12_L-Malic_Acid,269
24.0,G12_L-Malic_Acid,265
24.25,G12_L-Malic_Acid,265
24.5,G12_L-Malic_Acid,264
24.75,G12_L-Malic_Acid,263
25.0,G12_L-Malic_Acid,261
25.25,G12_L-Malic_Acid,264
25.5,G12_L-Malic_Acid,267
25.75,G12_L-Malic_Acid,267
26.0,G12_L-Malic_Acid,261
26.25,G12_L-Malic_Acid,264
26.5,G12_L-Malic_Acid,262
26.75,G12_L-Malic_Acid,262
27.0,G12_L-Malic_Acid,262
27.25,G12_L-Malic_Acid,259
27.5,G12_L-Malic_Acid,259
27.75,G12_L-Malic_Acid,263
28.0,G12_L-Malic_Acid,264
28.25,G12_L-Malic_Acid,259
28.5,G12_L-Malic_Acid,261
28.75,G12_L-Malic_Acid,257
29.0,G12_L-Malic_Acid,260
29.25,G12_L-Malic_Acid,257
29.5,G12_L-Malic_Acid,259
29.75,G12_L-Malic_Acid,261
30.0,G12_L-Malic_Acid,261
30.25,G12_L-Malic_Acid,255
30.5,G12_L-Malic_Acid,258
30.75,G12_L-Malic_Acid,258
31.0,G12_L-Malic_Acid,258
31.25,G12_L-Malic_Acid,258
31.5,G12_L-Malic_Acid,256
31.75,G12_L-Malic_Acid,258
32.0,G12_L-Malic_Acid,259
32.25,G12_L-Malic_Acid,257
32.5,G12_L-Malic_Acid,259
32.75,G12_L-Malic_Acid,256
33.0,G12_L-Malic_Acid,257
33.25,G12_L-Malic_Acid,258
33.5,G12_L-Malic_Acid,261
33.75,G12_L-Malic_Acid,258
34.0,G12_L-Malic_Acid,259
34.25,G12_L-Malic_Acid,253
34.5,G12_L-Malic_Acid,256
34.75,G12_L-Malic_Acid,256
35.0,G12_L-Malic_Acid,258
35.25,G12_L-Malic_Acid,257
35.5,G12_L-Malic_Acid,255
35.75,G12_L-Malic_Acid,253
36.0,G12_L-Malic_Acid,252
36.25,G12_L-Malic_Acid,251
36.5,G12_L-Malic_Acid,253
36.75,G12_L-Malic_Acid,253
37.0,G12_L-Malic_Acid,254
37.25,G12_L-Malic_Acid,256
37.5,G12_L-Malic_Acid,254
37.75,G12_L-Malic_Acid,252
38.0,G12_L-Malic_Acid,256
38.25,G12_L-Malic_Acid,254
38.5,G12_L-Malic_Acid,250
38.75,G12_L-Malic_Acid,252
39.0,G12_L-Malic_Acid,251
39.25,G12_L-Malic_Acid,255
39.5,G12_L-Malic_Acid,254
39.75,G12_L-Malic_Acid,255
40.0,G12_L-Malic_Acid,254
40.25,G12_L-Malic_Acid,253
40.5,G12_L-Malic_Acid,251
40.75,G12_L-Malic_Acid,251
41.0,G12_L-Malic_Acid,255
41.25,G12_L-Malic_Acid,255
41.5,G12_L-Malic_Acid,254
41.75,G12_L-Malic_Acid,255
42.0,G12_L-Malic_Acid,252
42.25,G12_L-Malic_Acid,254
42.5,G12_L-Malic_Acid,248
42.75,G12_L-Malic_Acid,252
43.0,G12_L-Malic_Acid,254
43.25,G12_L-Malic_Acid,253
43.5,G12_L-Malic_Acid,248
43.75,G12_L-Malic_Acid,253
44.0,G12_L-Malic_Acid,251
44.25,G12_L-Malic_Acid,254
44.5,G12_L-Malic_Acid,251
44.75,G12_L-Malic_Acid,250
45.0,G12_L-Malic_Acid,249
45.25,G12_L-Malic_Acid,250
45.5,G12_L-Malic_Acid,247
45.75,G12_L-Malic_Acid,249
46.0,G12_L-Malic_Acid,254
46.25,G12_L-Malic_Acid,248
46.5,G12_L-Malic_Acid,250
46.75,G12_L-Malic_Acid,250
47.0,G12_L-Malic_Acid,247
47.25,G12_L-Malic_Acid,252
47.5,G12_L-Malic_Acid,0
0.0,H1_Glycyl-L-Proline,38
0.25,H1_Glycyl-L-Proline,21
0.5,H1_Glycyl-L-Proline,27
0.75,H1_Glycyl-L-Proline,27
1.0,H1_Glycyl-L-Proline,25
1.25,H1_Glycyl-L-Proline,21
1.5,H1_Glycyl-L-Proline,30
1.75,H1_Glycyl-L-Proline,28
2.0,H1_Glycyl-L-Proline,29
2.25,H1_Glycyl-L-Proline,28
2.5,H1_Glycyl-L-Proline,31
2.75,H1_Glycyl-L-Proline,29
3.0,H1_Glycyl-L-Proline,28
3.25,H1_Glycyl-L-Proline,28
3.5,H1_Glycyl-L-Proline,29
3.75,H1_Glycyl-L-Proline,30
4.0,H1_Glycyl-L-Proline,30
4.25,H1_Glycyl-L-Proline,30
4.5,H1_Glycyl-L-Proline,36
4.75,H1_Glycyl-L-Proline,33
5.0,H1_Glycyl-L-Proline,35
5.25,H1_Glycyl-L-Proline,40
5.5,H1_Glycyl-L-Proline,42
5.75,H1_Glycyl-L-Proline,46
6.0,H1_Glycyl-L-Proline,42
6.25,H1_Glycyl-L-Proline,48
6.5,H1_Glycyl-L-Proline,54
6.75,H1_Glycyl-L-Proline,58
7.0,H1_Glycyl-L-Proline,55
7.25,H1_Glycyl-L-Proline,62
7.5,H1_Glycyl-L-Proline,66
7.75,H1_Glycyl-L-Proline,77
8.0,H1_Glycyl-L-Proline,79
8.25,H1_Glycyl-L-Proline,81
8.5,H1_Glycyl-L-Proline,86
8.75,H1_Glycyl-L-Proline,87
9.0,H1_Glycyl-L-Proline,94
9.25,H1_Glycyl-L-Proline,99
9.5,H1_Glycyl-L-Proline,99
9.75,H1_Glycyl-L-Proline,107
10.0,H1_Glycyl-L-Proline,109
10.25,H1_Glycyl-L-Proline,113
10.5,H1_Glycyl-L-Proline,117
10.75,H1_Glycyl-L-Proline,121
11.0,H1_Glycyl-L-Proline,125
11.25,H1_Glycyl-L-Proline,130
11.5,H1_Glycyl-L-Proline,134
11.75,H1_Glycyl-L-Proline,137
12.0,H1_Glycyl-L-Proline,144
12.25,H1_Glycyl-L-Proline,146
12.5,H1_Glycyl-L-Proline,153
12.75,H1_Glycyl-L-Proline,152
13.0,H1_Glycyl-L-Proline,156
13.25,H1_Glycyl-L-Proline,162
13.5,H1_Glycyl-L-Proline,168
13.75,H1_Glycyl-L-Proline,168
14.0,H1_Glycyl-L-Proline,171
14.25,H1_Glycyl-L-Proline,181
14.5,H1_Glycyl-L-Proline,179
14.75,H1_Glycyl-L-Proline,182
15.0,H1_Glycyl-L-Proline,191
15.25,H1_Glycyl-L-Proline,193
15.5,H1_Glycyl-L-Proline,196
15.75,H1_Glycyl-L-Proline,198
16.0,H1_Glycyl-L-Proline,200
16.25,H1_Glycyl-L-Proline,205
16.5,H1_Glycyl-L-Proline,205
16.75,H1_Glycyl-L-Proline,212
17.0,H1_Glycyl-L-Proline,212
17.25,H1_Glycyl-L-Proline,218
17.5,H1_Glycyl-L-Proline,219
17.75,H1_Glycyl-L-Proline,223
18.0,H1_Glycyl-L-Proline,225
18.25,H1_Glycyl-L-Proline,230
18.5,H1_Glycyl-L-Proline,230
18.75,H1_Glycyl-L-Proline,233
19.0,H1_Glycyl-L-Proline,237
19.25,H1_Glycyl-L-Proline,239
19.5,H1_Glycyl-L-Proline,240
19.75,H1_Glycyl-L-Proline,241
20.0,H1_Glycyl-L-Proline,245
20.25,H1_Glycyl-L-Proline,250
20.5,H1_Glycyl-L-Proline,247
20.75,H1_Glycyl-L-Proline,251
21.0,H1_Glycyl-L-Proline,252
21.25,H1_Glycyl-L-Proline,257
21.5,H1_Glycyl-L-Proline,259
21.75,H1_Glycyl-L-Proline,256
22.0,H1_Glycyl-L-Proline,261
22.25,H1_Glycyl-L-Proline,262
22.5,H1_Glycyl-L-Proline,265
22.75,H1_Glycyl-L-Proline,266
23.0,H1_Glycyl-L-Proline,269
23.25,H1_Glycyl-L-Proline,270
23.5,H1_Glycyl-L-Proline,270
23.75,H1_Glycyl-L-Proline,273
24.0,H1_Glycyl-L-Proline,272
24.25,H1_Glycyl-L-Proline,272
24.5,H1_Glycyl-L-Proline,275
24.75,H1_Glycyl-L-Proline,277
25.0,H1_Glycyl-L-Proline,280
25.25,H1_Glycyl-L-Proline,280
25.5,H1_Glycyl-L-Proline,280
25.75,H1_Glycyl-L-Proline,282
26.0,H1_Glycyl-L-Proline,279
26.25,H1_Glycyl-L-Proline,285
26.5,H1_Glycyl-L-Proline,283
26.75,H1_Glycyl-L-Proline,280
27.0,H1_Glycyl-L-Proline,283
27.25,H1_Glycyl-L-Proline,283
27.5,H1_Glycyl-L-Proline,282
27.75,H1_Glycyl-L-Proline,285
28.0,H1_Glycyl-L-Proline,285
28.25,H1_Glycyl-L-Proline,287
28.5,H1_Glycyl-L-Proline,287
28.75,H1_Glycyl-L-Proline,282
29.0,H1_Glycyl-L-Proline,287
29.25,H1_Glycyl-L-Proline,285
29.5,H1_Glycyl-L-Proline,287
29.75,H1_Glycyl-L-Proline,286
30.0,H1_Glycyl-L-Proline,288
30.25,H1_Glycyl-L-Proline,286
30.5,H1_Glycyl-L-Proline,287
30.75,H1_Glycyl-L-Proline,288
31.0,H1_Glycyl-L-Proline,289
31.25,H1_Glycyl-L-Proline,287
31.5,H1_Glycyl-L-Proline,286
31.75,H1_Glycyl-L-Proline,286
32.0,H1_Glycyl-L-Proline,289
32.25,H1_Glycyl-L-Proline,289
32.5,H1_Glycyl-L-Proline,290
32.75,H1_Glycyl-L-Proline,291
33.0,H1_Glycyl-L-Proline,286
33.25,H1_Glycyl-L-Proline,292
33.5,H1_Glycyl-L-Proline,292
33.75,H1_Glycyl-L-Proline,293
34.0,H1_Glycyl-L-Proline,294
34.25,H1_Glycyl-L-Proline,293
34.5,H1_Glycyl-L-Proline,295
34.75,H1_Glycyl-L-Proline,294
35.0,H1_Glycyl-L-Proline,297
35.25,H1_Glycyl-L-Proline,291
35.5,H1_Glycyl-L-Proline,298
35.75,H1_Glycyl-L-Proline,294
36.0,H1_Glycyl-L-Proline,291
36.25,H1_Glycyl-L-Proline,298
36.5,H1_Glycyl-L-Proline,297
36.75,H1_Glycyl-L-Proline,294
37.0,H1_Glycyl-L-Proline,298
37.25,H1_Glycyl-L-Proline,299
37.5,H1_Glycyl-L-Proline,302
37.75,H1_Glycyl-L-Proline,303
38.0,H1_Glycyl-L-Proline,300
38.25,H1_Glycyl-L-Proline,300
38.5,H1_Glycyl-L-Proline,300
38.75,H1_Glycyl-L-Proline,300
39.0,H1_Glycyl-L-Proline,301
39.25,H1_Glycyl-L-Proline,301
39.5,H1_Glycyl-L-Proline,300
39.75,H1_Glycyl-L-Proline,298
40.0,H1_Glycyl-L-Proline,302
40.25,H1_Glycyl-L-Proline,295
40.5,H1_Glycyl-L-Proline,296
40.75,H1_Glycyl-L-Proline,294
41.0,H1_Glycyl-L-Proline,292
41.25,H1_Glycyl-L-Proline,292
41.5,H1_Glycyl-L-Proline,292
41.75,H1_Glycyl-L-Proline,291
42.0,H1_Glycyl-L-Proline,288
42.25,H1_Glycyl-L-Proline,288
42.5,H1_Glycyl-L-Proline,287
42.75,H1_Glycyl-L-Proline,287
43.0,H1_Glycyl-L-Proline,288
43.25,H1_Glycyl-L-Proline,287
43.5,H1_Glycyl-L-Proline,287
43.75,H1_Glycyl-L-Proline,285
44.0,H1_Glycyl-L-Proline,287
44.25,H1_Glycyl-L-Proline,287
44.5,H1_Glycyl-L-Proline,284
44.75,H1_Glycyl-L-Proline,289
45.0,H1_Glycyl-L-Proline,287
45.25,H1_Glycyl-L-Proline,283
45.5,H1_Glycyl-L-Proline,285
45.75,H1_Glycyl-L-Proline,286
46.0,H1_Glycyl-L-Proline,285
46.25,H1_Glycyl-L-Proline,283
46.5,H1_Glycyl-L-Proline,284
46.75,H1_Glycyl-L-Proline,287
47.0,H1_Glycyl-L-Proline,282
47.25,H1_Glycyl-L-Proline,285
47.5,H1_Glycyl-L-Proline,0
0.0,H2_p-Hydroxy_Phenyl_AceticAcid,50
0.25,H2_p-Hydroxy_Phenyl_AceticAcid,18
0.5,H2_p-Hydroxy_Phenyl_AceticAcid,23
0.75,H2_p-Hydroxy_Phenyl_AceticAcid,26
1.0,H2_p-Hydroxy_Phenyl_AceticAcid,20
1.25,H2_p-Hydroxy_Phenyl_AceticAcid,23
1.5,H2_p-Hydroxy_Phenyl_AceticAcid,25
1.75,H2_p-Hydroxy_Phenyl_AceticAcid,24
2.0,H2_p-Hydroxy_Phenyl_AceticAcid,23
2.25,H2_p-Hydroxy_Phenyl_AceticAcid,17
2.5,H2_p-Hydroxy_Phenyl_AceticAcid,25
2.75,H2_p-Hydroxy_Phenyl_AceticAcid,22
3.0,H2_p-Hydroxy_Phenyl_AceticAcid,23
3.25,H2_p-Hydroxy_Phenyl_AceticAcid,26
3.5,H2_p-Hydroxy_Phenyl_AceticAcid,22
3.75,H2_p-Hydroxy_Phenyl_AceticAcid,27
4.0,H2_p-Hydroxy_Phenyl_AceticAcid,28
4.25,H2_p-Hydroxy_Phenyl_AceticAcid,29
4.5,H2_p-Hydroxy_Phenyl_AceticAcid,37
4.75,H2_p-Hydroxy_Phenyl_AceticAcid,32
5.0,H2_p-Hydroxy_Phenyl_AceticAcid,35
5.25,H2_p-Hydroxy_Phenyl_AceticAcid,38
5.5,H2_p-Hydroxy_Phenyl_AceticAcid,35
5.75,H2_p-Hydroxy_Phenyl_AceticAcid,38
6.0,H2_p-Hydroxy_Phenyl_AceticAcid,36
6.25,H2_p-Hydroxy_Phenyl_AceticAcid,43
6.5,H2_p-Hydroxy_Phenyl_AceticAcid,33
6.75,H2_p-Hydroxy_Phenyl_AceticAcid,43
7.0,H2_p-Hydroxy_Phenyl_AceticAcid,38
7.25,H2_p-Hydroxy_Phenyl_AceticAcid,41
7.5,H2_p-Hydroxy_Phenyl_AceticAcid,45
7.75,H2_p-Hydroxy_Phenyl_AceticAcid,40
8.0,H2_p-Hydroxy_Phenyl_AceticAcid,43
8.25,H2_p-Hydroxy_Phenyl_AceticAcid,44
8.5,H2_p-Hydroxy_Phenyl_AceticAcid,46
8.75,H2_p-Hydroxy_Phenyl_AceticAcid,43
9.0,H2_p-Hydroxy_Phenyl_AceticAcid,51
9.25,H2_p-Hydroxy_Phenyl_AceticAcid,45
9.5,H2_p-Hydroxy_Phenyl_AceticAcid,43
9.75,H2_p-Hydroxy_Phenyl_AceticAcid,45
10.0,H2_p-Hydroxy_Phenyl_AceticAcid,45
10.25,H2_p-Hydroxy_Phenyl_AceticAcid,47
10.5,H2_p-Hydroxy_Phenyl_AceticAcid,46
10.75,H2_p-Hydroxy_Phenyl_AceticAcid,47
11.0,H2_p-Hydroxy_Phenyl_AceticAcid,44
11.25,H2_p-Hydroxy_Phenyl_AceticAcid,43
11.5,H2_p-Hydroxy_Phenyl_AceticAcid,47
11.75,H2_p-Hydroxy_Phenyl_AceticAcid,44
12.0,H2_p-Hydroxy_Phenyl_AceticAcid,42
12.25,H2_p-Hydroxy_Phenyl_AceticAcid,44
12.5,H2_p-Hydroxy_Phenyl_AceticAcid,49
12.75,H2_p-Hydroxy_Phenyl_AceticAcid,46
13.0,H2_p-Hydroxy_Phenyl_AceticAcid,47
13.25,H2_p-Hydroxy_Phenyl_AceticAcid,47
13.5,H2_p-Hydroxy_Phenyl_AceticAcid,48
13.75,H2_p-Hydroxy_Phenyl_AceticAcid,46
14.0,H2_p-Hydroxy_Phenyl_AceticAcid,44
14.25,H2_p-Hydroxy_Phenyl_AceticAcid,46
14.5,H2_p-Hydroxy_Phenyl_AceticAcid,46
14.75,H2_p-Hydroxy_Phenyl_AceticAcid,46
15.0,H2_p-Hydroxy_Phenyl_AceticAcid,47
15.25,H2_p-Hydroxy_Phenyl_AceticAcid,50
15.5,H2_p-Hydroxy_Phenyl_AceticAcid,48
15.75,H2_p-Hydroxy_Phenyl_AceticAcid,49
16.0,H2_p-Hydroxy_Phenyl_AceticAcid,44
16.25,H2_p-Hydroxy_Phenyl_AceticAcid,49
16.5,H2_p-Hydroxy_Phenyl_AceticAcid,48
16.75,H2_p-Hydroxy_Phenyl_AceticAcid,44
17.0,H2_p-Hydroxy_Phenyl_AceticAcid,48
17.25,H2_p-Hydroxy_Phenyl_AceticAcid,48
17.5,H2_p-Hydroxy_Phenyl_AceticAcid,47
17.75,H2_p-Hydroxy_Phenyl_AceticAcid,48
18.0,H2_p-Hydroxy_Phenyl_AceticAcid,47
18.25,H2_p-Hydroxy_Phenyl_AceticAcid,46
18.5,H2_p-Hydroxy_Phenyl_AceticAcid,49
18.75,H2_p-Hydroxy_Phenyl_AceticAcid,48
19.0,H2_p-Hydroxy_Phenyl_AceticAcid,47
19.25,H2_p-Hydroxy_Phenyl_AceticAcid,47
19.5,H2_p-Hydroxy_Phenyl_AceticAcid,49
19.75,H2_p-Hydroxy_Phenyl_AceticAcid,48
20.0,H2_p-Hydroxy_Phenyl_AceticAcid,46
20.25,H2_p-Hydroxy_Phenyl_AceticAcid,51
20.5,H2_p-Hydroxy_Phenyl_AceticAcid,46
20.75,H2_p-Hydroxy_Phenyl_AceticAcid,50
21.0,H2_p-Hydroxy_Phenyl_AceticAcid,46
21.25,H2_p-Hydroxy_Phenyl_AceticAcid,45
21.5,H2_p-Hydroxy_Phenyl_AceticAcid,51
21.75,H2_p-Hydroxy_Phenyl_AceticAcid,48
22.0,H2_p-Hydroxy_Phenyl_AceticAcid,47
22.25,H2_p-Hydroxy_Phenyl_AceticAcid,47
22.5,H2_p-Hydroxy_Phenyl_AceticAcid,47
22.75,H2_p-Hydroxy_Phenyl_AceticAcid,48
23.0,H2_p-Hydroxy_Phenyl_AceticAcid,44
23.25,H2_p-Hydroxy_Phenyl_AceticAcid,48
23.5,H2_p-Hydroxy_Phenyl_AceticAcid,45
23.75,H2_p-Hydroxy_Phenyl_AceticAcid,46
24.0,H2_p-Hydroxy_Phenyl_AceticAcid,49
24.25,H2_p-Hydroxy_Phenyl_AceticAcid,49
24.5,H2_p-Hydroxy_Phenyl_AceticAcid,47
24.75,H2_p-Hydroxy_Phenyl_AceticAcid,47
25.0,H2_p-Hydroxy_Phenyl_AceticAcid,51
25.25,H2_p-Hydroxy_Phenyl_AceticAcid,50
25.5,H2_p-Hydroxy_Phenyl_AceticAcid,48
25.75,H2_p-Hydroxy_Phenyl_AceticAcid,49
26.0,H2_p-Hydroxy_Phenyl_AceticAcid,45
26.25,H2_p-Hydroxy_Phenyl_AceticAcid,51
26.5,H2_p-Hydroxy_Phenyl_AceticAcid,48
26.75,H2_p-Hydroxy_Phenyl_AceticAcid,46
27.0,H2_p-Hydroxy_Phenyl_AceticAcid,48
27.25,H2_p-Hydroxy_Phenyl_AceticAcid,53
27.5,H2_p-Hydroxy_Phenyl_AceticAcid,50
27.75,H2_p-Hydroxy_Phenyl_AceticAcid,51
28.0,H2_p-Hydroxy_Phenyl_AceticAcid,51
28.25,H2_p-Hydroxy_Phenyl_AceticAcid,47
28.5,H2_p-Hydroxy_Phenyl_AceticAcid,47
28.75,H2_p-Hydroxy_Phenyl_AceticAcid,46
29.0,H2_p-Hydroxy_Phenyl_AceticAcid,51
29.25,H2_p-Hydroxy_Phenyl_AceticAcid,43
29.5,H2_p-Hydroxy_Phenyl_AceticAcid,45
29.75,H2_p-Hydroxy_Phenyl_AceticAcid,48
30.0,H2_p-Hydroxy_Phenyl_AceticAcid,47
30.25,H2_p-Hydroxy_Phenyl_AceticAcid,46
30.5,H2_p-Hydroxy_Phenyl_AceticAcid,52
30.75,H2_p-Hydroxy_Phenyl_AceticAcid,50
31.0,H2_p-Hydroxy_Phenyl_AceticAcid,47
31.25,H2_p-Hydroxy_Phenyl_AceticAcid,47
31.5,H2_p-Hydroxy_Phenyl_AceticAcid,44
31.75,H2_p-Hydroxy_Phenyl_AceticAcid,48
32.0,H2_p-Hydroxy_Phenyl_AceticAcid,44
32.25,H2_p-Hydroxy_Phenyl_AceticAcid,47
32.5,H2_p-Hydroxy_Phenyl_AceticAcid,46
32.75,H2_p-Hydroxy_Phenyl_AceticAcid,52
33.0,H2_p-Hydroxy_Phenyl_AceticAcid,49
33.25,H2_p-Hydroxy_Phenyl_AceticAcid,51
33.5,H2_p-Hydroxy_Phenyl_AceticAcid,54
33.75,H2_p-Hydroxy_Phenyl_AceticAcid,50
34.0,H2_p-Hydroxy_Phenyl_AceticAcid,50
34.25,H2_p-Hydroxy_Phenyl_AceticAcid,53
34.5,H2_p-Hydroxy_Phenyl_AceticAcid,54
34.75,H2_p-Hydroxy_Phenyl_AceticAcid,47
35.0,H2_p-Hydroxy_Phenyl_AceticAcid,48
35.25,H2_p-Hydroxy_Phenyl_AceticAcid,48
35.5,H2_p-Hydroxy_Phenyl_AceticAcid,51
35.75,H2_p-Hydroxy_Phenyl_AceticAcid,49
36.0,H2_p-Hydroxy_Phenyl_AceticAcid,48
36.25,H2_p-Hydroxy_Phenyl_AceticAcid,51
36.5,H2_p-Hydroxy_Phenyl_AceticAcid,51
36.75,H2_p-Hydroxy_Phenyl_AceticAcid,50
37.0,H2_p-Hydroxy_Phenyl_AceticAcid,52
37.25,H2_p-Hydroxy_Phenyl_AceticAcid,51
37.5,H2_p-Hydroxy_Phenyl_AceticAcid,50
37.75,H2_p-Hydroxy_Phenyl_AceticAcid,51
38.0,H2_p-Hydroxy_Phenyl_AceticAcid,50
38.25,H2_p-Hydroxy_Phenyl_AceticAcid,51
38.5,H2_p-Hydroxy_Phenyl_AceticAcid,51
38.75,H2_p-Hydroxy_Phenyl_AceticAcid,49
39.0,H2_p-Hydroxy_Phenyl_AceticAcid,52
39.25,H2_p-Hydroxy_Phenyl_AceticAcid,51
39.5,H2_p-Hydroxy_Phenyl_AceticAcid,50
39.75,H2_p-Hydroxy_Phenyl_AceticAcid,51
40.0,H2_p-Hydroxy_Phenyl_AceticAcid,49
40.25,H2_p-Hydroxy_Phenyl_AceticAcid,52
40.5,H2_p-Hydroxy_Phenyl_AceticAcid,48
40.75,H2_p-Hydroxy_Phenyl_AceticAcid,50
41.0,H2_p-Hydroxy_Phenyl_AceticAcid,45
41.25,H2_p-Hydroxy_Phenyl_AceticAcid,48
41.5,H2_p-Hydroxy_Phenyl_AceticAcid,52
41.75,H2_p-Hydroxy_Phenyl_AceticAcid,50
42.0,H2_p-Hydroxy_Phenyl_AceticAcid,49
42.25,H2_p-Hydroxy_Phenyl_AceticAcid,49
42.5,H2_p-Hydroxy_Phenyl_AceticAcid,49
42.75,H2_p-Hydroxy_Phenyl_AceticAcid,49
43.0,H2_p-Hydroxy_Phenyl_AceticAcid,52
43.25,H2_p-Hydroxy_Phenyl_AceticAcid,45
43.5,H2_p-Hydroxy_Phenyl_AceticAcid,47
43.75,H2_p-Hydroxy_Phenyl_AceticAcid,51
44.0,H2_p-Hydroxy_Phenyl_AceticAcid,52
44.25,H2_p-Hydroxy_Phenyl_AceticAcid,46
44.5,H2_p-Hydroxy_Phenyl_AceticAcid,47
44.75,H2_p-Hydroxy_Phenyl_AceticAcid,48
45.0,H2_p-Hydroxy_Phenyl_AceticAcid,49
45.25,H2_p-Hydroxy_Phenyl_AceticAcid,54
45.5,H2_p-Hydroxy_Phenyl_AceticAcid,51
45.75,H2_p-Hydroxy_Phenyl_AceticAcid,48
46.0,H2_p-Hydroxy_Phenyl_AceticAcid,51
46.25,H2_p-Hydroxy_Phenyl_AceticAcid,50
46.5,H2_p-Hydroxy_Phenyl_AceticAcid,55
46.75,H2_p-Hydroxy_Phenyl_AceticAcid,50
47.0,H2_p-Hydroxy_Phenyl_AceticAcid,49
47.25,H2_p-Hydroxy_Phenyl_AceticAcid,49
47.5,H2_p-Hydroxy_Phenyl_AceticAcid,0
0.0,H3_m-Hydroxy_Phenyl_AceticAcid,65
0.25,H3_m-Hydroxy_Phenyl_AceticAcid,28
0.5,H3_m-Hydroxy_Phenyl_AceticAcid,29
0.75,H3_m-Hydroxy_Phenyl_AceticAcid,30
1.0,H3_m-Hydroxy_Phenyl_AceticAcid,29
1.25,H3_m-Hydroxy_Phenyl_AceticAcid,26
1.5,H3_m-Hydroxy_Phenyl_AceticAcid,32
1.75,H3_m-Hydroxy_Phenyl_AceticAcid,27
2.0,H3_m-Hydroxy_Phenyl_AceticAcid,30
2.25,H3_m-Hydroxy_Phenyl_AceticAcid,29
2.5,H3_m-Hydroxy_Phenyl_AceticAcid,26
2.75,H3_m-Hydroxy_Phenyl_AceticAcid,30
3.0,H3_m-Hydroxy_Phenyl_AceticAcid,23
3.25,H3_m-Hydroxy_Phenyl_AceticAcid,25
3.5,H3_m-Hydroxy_Phenyl_AceticAcid,21
3.75,H3_m-Hydroxy_Phenyl_AceticAcid,25
4.0,H3_m-Hydroxy_Phenyl_AceticAcid,25
4.25,H3_m-Hydroxy_Phenyl_AceticAcid,24
4.5,H3_m-Hydroxy_Phenyl_AceticAcid,24
4.75,H3_m-Hydroxy_Phenyl_AceticAcid,29
5.0,H3_m-Hydroxy_Phenyl_AceticAcid,31
5.25,H3_m-Hydroxy_Phenyl_AceticAcid,31
5.5,H3_m-Hydroxy_Phenyl_AceticAcid,33
5.75,H3_m-Hydroxy_Phenyl_AceticAcid,35
6.0,H3_m-Hydroxy_Phenyl_AceticAcid,34
6.25,H3_m-Hydroxy_Phenyl_AceticAcid,36
6.5,H3_m-Hydroxy_Phenyl_AceticAcid,38
6.75,H3_m-Hydroxy_Phenyl_AceticAcid,39
7.0,H3_m-Hydroxy_Phenyl_AceticAcid,40
7.25,H3_m-Hydroxy_Phenyl_AceticAcid,38
7.5,H3_m-Hydroxy_Phenyl_AceticAcid,45
7.75,H3_m-Hydroxy_Phenyl_AceticAcid,48
8.0,H3_m-Hydroxy_Phenyl_AceticAcid,44
8.25,H3_m-Hydroxy_Phenyl_AceticAcid,47
8.5,H3_m-Hydroxy_Phenyl_AceticAcid,48
8.75,H3_m-Hydroxy_Phenyl_AceticAcid,43
9.0,H3_m-Hydroxy_Phenyl_AceticAcid,48
9.25,H3_m-Hydroxy_Phenyl_AceticAcid,44
9.5,H3_m-Hydroxy_Phenyl_AceticAcid,52
9.75,H3_m-Hydroxy_Phenyl_AceticAcid,51
10.0,H3_m-Hydroxy_Phenyl_AceticAcid,55
10.25,H3_m-Hydroxy_Phenyl_AceticAcid,50
10.5,H3_m-Hydroxy_Phenyl_AceticAcid,54
10.75,H3_m-Hydroxy_Phenyl_AceticAcid,56
11.0,H3_m-Hydroxy_Phenyl_AceticAcid,55
11.25,H3_m-Hydroxy_Phenyl_AceticAcid,57
11.5,H3_m-Hydroxy_Phenyl_AceticAcid,60
11.75,H3_m-Hydroxy_Phenyl_AceticAcid,66
12.0,H3_m-Hydroxy_Phenyl_AceticAcid,62
12.25,H3_m-Hydroxy_Phenyl_AceticAcid,68
12.5,H3_m-Hydroxy_Phenyl_AceticAcid,71
12.75,H3_m-Hydroxy_Phenyl_AceticAcid,72
13.0,H3_m-Hydroxy_Phenyl_AceticAcid,73
13.25,H3_m-Hydroxy_Phenyl_AceticAcid,76
13.5,H3_m-Hydroxy_Phenyl_AceticAcid,81
13.75,H3_m-Hydroxy_Phenyl_AceticAcid,78
14.0,H3_m-Hydroxy_Phenyl_AceticAcid,76
14.25,H3_m-Hydroxy_Phenyl_AceticAcid,83
14.5,H3_m-Hydroxy_Phenyl_AceticAcid,85
14.75,H3_m-Hydroxy_Phenyl_AceticAcid,86
15.0,H3_m-Hydroxy_Phenyl_AceticAcid,85
15.25,H3_m-Hydroxy_Phenyl_AceticAcid,93
15.5,H3_m-Hydroxy_Phenyl_AceticAcid,92
15.75,H3_m-Hydroxy_Phenyl_AceticAcid,90
16.0,H3_m-Hydroxy_Phenyl_AceticAcid,93
16.25,H3_m-Hydroxy_Phenyl_AceticAcid,99
16.5,H3_m-Hydroxy_Phenyl_AceticAcid,95
16.75,H3_m-Hydroxy_Phenyl_AceticAcid,94
17.0,H3_m-Hydroxy_Phenyl_AceticAcid,98
17.25,H3_m-Hydroxy_Phenyl_AceticAcid,97
17.5,H3_m-Hydroxy_Phenyl_AceticAcid,95
17.75,H3_m-Hydroxy_Phenyl_AceticAcid,98
18.0,H3_m-Hydroxy_Phenyl_AceticAcid,101
18.25,H3_m-Hydroxy_Phenyl_AceticAcid,106
18.5,H3_m-Hydroxy_Phenyl_AceticAcid,108
18.75,H3_m-Hydroxy_Phenyl_AceticAcid,104
19.0,H3_m-Hydroxy_Phenyl_AceticAcid,107
19.25,H3_m-Hydroxy_Phenyl_AceticAcid,110
19.5,H3_m-Hydroxy_Phenyl_AceticAcid,107
19.75,H3_m-Hydroxy_Phenyl_AceticAcid,111
20.0,H3_m-Hydroxy_Phenyl_AceticAcid,109
20.25,H3_m-Hydroxy_Phenyl_AceticAcid,111
20.5,H3_m-Hydroxy_Phenyl_AceticAcid,115
20.75,H3_m-Hydroxy_Phenyl_AceticAcid,116
21.0,H3_m-Hydroxy_Phenyl_AceticAcid,113
21.25,H3_m-Hydroxy_Phenyl_AceticAcid,117
21.5,H3_m-Hydroxy_Phenyl_AceticAcid,117
21.75,H3_m-Hydroxy_Phenyl_AceticAcid,117
22.0,H3_m-Hydroxy_Phenyl_AceticAcid,117
22.25,H3_m-Hydroxy_Phenyl_AceticAcid,117
22.5,H3_m-Hydroxy_Phenyl_AceticAcid,119
22.75,H3_m-Hydroxy_Phenyl_AceticAcid,116
23.0,H3_m-Hydroxy_Phenyl_AceticAcid,117
23.25,H3_m-Hydroxy_Phenyl_AceticAcid,119
23.5,H3_m-Hydroxy_Phenyl_AceticAcid,125
23.75,H3_m-Hydroxy_Phenyl_AceticAcid,122
24.0,H3_m-Hydroxy_Phenyl_AceticAcid,120
24.25,H3_m-Hydroxy_Phenyl_AceticAcid,123
24.5,H3_m-Hydroxy_Phenyl_AceticAcid,127
24.75,H3_m-Hydroxy_Phenyl_AceticAcid,125
25.0,H3_m-Hydroxy_Phenyl_AceticAcid,128
25.25,H3_m-Hydroxy_Phenyl_AceticAcid,131
25.5,H3_m-Hydroxy_Phenyl_AceticAcid,131
25.75,H3_m-Hydroxy_Phenyl_AceticAcid,132
26.0,H3_m-Hydroxy_Phenyl_AceticAcid,125
26.25,H3_m-Hydroxy_Phenyl_AceticAcid,132
26.5,H3_m-Hydroxy_Phenyl_AceticAcid,129
26.75,H3_m-Hydroxy_Phenyl_AceticAcid,133
27.0,H3_m-Hydroxy_Phenyl_AceticAcid,133
27.25,H3_m-Hydroxy_Phenyl_AceticAcid,135
27.5,H3_m-Hydroxy_Phenyl_AceticAcid,133
27.75,H3_m-Hydroxy_Phenyl_AceticAcid,137
28.0,H3_m-Hydroxy_Phenyl_AceticAcid,138
28.25,H3_m-Hydroxy_Phenyl_AceticAcid,137
28.5,H3_m-Hydroxy_Phenyl_AceticAcid,141
28.75,H3_m-Hydroxy_Phenyl_AceticAcid,139
29.0,H3_m-Hydroxy_Phenyl_AceticAcid,139
29.25,H3_m-Hydroxy_Phenyl_AceticAcid,138
29.5,H3_m-Hydroxy_Phenyl_AceticAcid,143
29.75,H3_m-Hydroxy_Phenyl_AceticAcid,138
30.0,H3_m-Hydroxy_Phenyl_AceticAcid,141
30.25,H3_m-Hydroxy_Phenyl_AceticAcid,140
30.5,H3_m-Hydroxy_Phenyl_AceticAcid,141
30.75,H3_m-Hydroxy_Phenyl_AceticAcid,139
31.0,H3_m-Hydroxy_Phenyl_AceticAcid,141
31.25,H3_m-Hydroxy_Phenyl_AceticAcid,145
31.5,H3_m-Hydroxy_Phenyl_AceticAcid,144
31.75,H3_m-Hydroxy_Phenyl_AceticAcid,147
32.0,H3_m-Hydroxy_Phenyl_AceticAcid,142
32.25,H3_m-Hydroxy_Phenyl_AceticAcid,146
32.5,H3_m-Hydroxy_Phenyl_AceticAcid,147
32.75,H3_m-Hydroxy_Phenyl_AceticAcid,144
33.0,H3_m-Hydroxy_Phenyl_AceticAcid,147
33.25,H3_m-Hydroxy_Phenyl_AceticAcid,149
33.5,H3_m-Hydroxy_Phenyl_AceticAcid,150
33.75,H3_m-Hydroxy_Phenyl_AceticAcid,149
34.0,H3_m-Hydroxy_Phenyl_AceticAcid,151
34.25,H3_m-Hydroxy_Phenyl_AceticAcid,145
34.5,H3_m-Hydroxy_Phenyl_AceticAcid,151
34.75,H3_m-Hydroxy_Phenyl_AceticAcid,150
35.0,H3_m-Hydroxy_Phenyl_AceticAcid,150
35.25,H3_m-Hydroxy_Phenyl_AceticAcid,148
35.5,H3_m-Hydroxy_Phenyl_AceticAcid,152
35.75,H3_m-Hydroxy_Phenyl_AceticAcid,152
36.0,H3_m-Hydroxy_Phenyl_AceticAcid,153
36.25,H3_m-Hydroxy_Phenyl_AceticAcid,151
36.5,H3_m-Hydroxy_Phenyl_AceticAcid,151
36.75,H3_m-Hydroxy_Phenyl_AceticAcid,156
37.0,H3_m-Hydroxy_Phenyl_AceticAcid,155
37.25,H3_m-Hydroxy_Phenyl_AceticAcid,159
37.5,H3_m-Hydroxy_Phenyl_AceticAcid,156
37.75,H3_m-Hydroxy_Phenyl_AceticAcid,155
38.0,H3_m-Hydroxy_Phenyl_AceticAcid,161
38.25,H3_m-Hydroxy_Phenyl_AceticAcid,153
38.5,H3_m-Hydroxy_Phenyl_AceticAcid,155
38.75,H3_m-Hydroxy_Phenyl_AceticAcid,155
39.0,H3_m-Hydroxy_Phenyl_AceticAcid,159
39.25,H3_m-Hydroxy_Phenyl_AceticAcid,154
39.5,H3_m-Hydroxy_Phenyl_AceticAcid,155
39.75,H3_m-Hydroxy_Phenyl_AceticAcid,155
40.0,H3_m-Hydroxy_Phenyl_AceticAcid,156
40.25,H3_m-Hydroxy_Phenyl_AceticAcid,157
40.5,H3_m-Hydroxy_Phenyl_AceticAcid,156
40.75,H3_m-Hydroxy_Phenyl_AceticAcid,156
41.0,H3_m-Hydroxy_Phenyl_AceticAcid,160
41.25,H3_m-Hydroxy_Phenyl_AceticAcid,155
41.5,H3_m-Hydroxy_Phenyl_AceticAcid,159
41.75,H3_m-Hydroxy_Phenyl_AceticAcid,161
42.0,H3_m-Hydroxy_Phenyl_AceticAcid,164
42.25,H3_m-Hydroxy_Phenyl_AceticAcid,163
42.5,H3_m-Hydroxy_Phenyl_AceticAcid,161
42.75,H3_m-Hydroxy_Phenyl_AceticAcid,161
43.0,H3_m-Hydroxy_Phenyl_AceticAcid,165
43.25,H3_m-Hydroxy_Phenyl_AceticAcid,163
43.5,H3_m-Hydroxy_Phenyl_AceticAcid,164
43.75,H3_m-Hydroxy_Phenyl_AceticAcid,160
44.0,H3_m-Hydroxy_Phenyl_AceticAcid,161
44.25,H3_m-Hydroxy_Phenyl_AceticAcid,161
44.5,H3_m-Hydroxy_Phenyl_AceticAcid,163
44.75,H3_m-Hydroxy_Phenyl_AceticAcid,163
45.0,H3_m-Hydroxy_Phenyl_AceticAcid,165
45.25,H3_m-Hydroxy_Phenyl_AceticAcid,164
45.5,H3_m-Hydroxy_Phenyl_AceticAcid,168
45.75,H3_m-Hydroxy_Phenyl_AceticAcid,164
46.0,H3_m-Hydroxy_Phenyl_AceticAcid,169
46.25,H3_m-Hydroxy_Phenyl_AceticAcid,169
46.5,H3_m-Hydroxy_Phenyl_AceticAcid,166
46.75,H3_m-Hydroxy_Phenyl_AceticAcid,169
47.0,H3_m-Hydroxy_Phenyl_AceticAcid,168
47.25,H3_m-Hydroxy_Phenyl_AceticAcid,169
47.5,H3_m-Hydroxy_Phenyl_AceticAcid,0
0.0,H4_Tyramine,14
0.25,H4_Tyramine,12
0.5,H4_Tyramine,27
0.75,H4_Tyramine,22
1.0,H4_Tyramine,17
1.25,H4_Tyramine,19
1.5,H4_Tyramine,19
1.75,H4_Tyramine,18
2.0,H4_Tyramine,20
2.25,H4_Tyramine,17
2.5,H4_Tyramine,15
2.75,H4_Tyramine,16
3.0,H4_Tyramine,18
3.25,H4_Tyramine,14
3.5,H4_Tyramine,16
3.75,H4_Tyramine,23
4.0,H4_Tyramine,22
4.25,H4_Tyramine,24
4.5,H4_Tyramine,24
4.75,H4_Tyramine,21
5.0,H4_Tyramine,24
5.25,H4_Tyramine,27
5.5,H4_Tyramine,31
5.75,H4_Tyramine,31
6.0,H4_Tyramine,30
6.25,H4_Tyramine,36
6.5,H4_Tyramine,34
6.75,H4_Tyramine,30
7.0,H4_Tyramine,33
7.25,H4_Tyramine,36
7.5,H4_Tyramine,35
7.75,H4_Tyramine,35
8.0,H4_Tyramine,37
8.25,H4_Tyramine,40
8.5,H4_Tyramine,42
8.75,H4_Tyramine,36
9.0,H4_Tyramine,40
9.25,H4_Tyramine,40
9.5,H4_Tyramine,36
9.75,H4_Tyramine,41
10.0,H4_Tyramine,40
10.25,H4_Tyramine,39
10.5,H4_Tyramine,41
10.75,H4_Tyramine,42
11.0,H4_Tyramine,37
11.25,H4_Tyramine,39
11.5,H4_Tyramine,35
11.75,H4_Tyramine,42
12.0,H4_Tyramine,41
12.25,H4_Tyramine,40
12.5,H4_Tyramine,45
12.75,H4_Tyramine,45
13.0,H4_Tyramine,43
13.25,H4_Tyramine,44
13.5,H4_Tyramine,40
13.75,H4_Tyramine,41
14.0,H4_Tyramine,38
14.25,H4_Tyramine,40
14.5,H4_Tyramine,40
14.75,H4_Tyramine,43
15.0,H4_Tyramine,42
15.25,H4_Tyramine,41
15.5,H4_Tyramine,41
15.75,H4_Tyramine,45
16.0,H4_Tyramine,43
16.25,H4_Tyramine,41
16.5,H4_Tyramine,44
16.75,H4_Tyramine,44
17.0,H4_Tyramine,47
17.25,H4_Tyramine,46
17.5,H4_Tyramine,45
17.75,H4_Tyramine,45
18.0,H4_Tyramine,47
18.25,H4_Tyramine,48
18.5,H4_Tyramine,49
18.75,H4_Tyramine,44
19.0,H4_Tyramine,46
19.25,H4_Tyramine,44
19.5,H4_Tyramine,49
19.75,H4_Tyramine,44
20.0,H4_Tyramine,51
20.25,H4_Tyramine,47
20.5,H4_Tyramine,46
20.75,H4_Tyramine,50
21.0,H4_Tyramine,45
21.25,H4_Tyramine,46
21.5,H4_Tyramine,43
21.75,H4_Tyramine,46
22.0,H4_Tyramine,49
22.25,H4_Tyramine,46
22.5,H4_Tyramine,48
22.75,H4_Tyramine,45
23.0,H4_Tyramine,51
23.25,H4_Tyramine,48
23.5,H4_Tyramine,48
23.75,H4_Tyramine,48
24.0,H4_Tyramine,50
24.25,H4_Tyramine,48
24.5,H4_Tyramine,48
24.75,H4_Tyramine,50
25.0,H4_Tyramine,50
25.25,H4_Tyramine,46
25.5,H4_Tyramine,49
25.75,H4_Tyramine,51
26.0,H4_Tyramine,42
26.25,H4_Tyramine,51
26.5,H4_Tyramine,48
26.75,H4_Tyramine,50
27.0,H4_Tyramine,45
27.25,H4_Tyramine,53
27.5,H4_Tyramine,50
27.75,H4_Tyramine,50
28.0,H4_Tyramine,49
28.25,H4_Tyramine,49
28.5,H4_Tyramine,47
28.75,H4_Tyramine,52
29.0,H4_Tyramine,51
29.25,H4_Tyramine,50
29.5,H4_Tyramine,48
29.75,H4_Tyramine,54
30.0,H4_Tyramine,47
30.25,H4_Tyramine,49
30.5,H4_Tyramine,52
30.75,H4_Tyramine,51
31.0,H4_Tyramine,51
31.25,H4_Tyramine,58
31.5,H4_Tyramine,52
31.75,H4_Tyramine,61
32.0,H4_Tyramine,59
32.25,H4_Tyramine,50
32.5,H4_Tyramine,52
32.75,H4_Tyramine,52
33.0,H4_Tyramine,47
33.25,H4_Tyramine,51
33.5,H4_Tyramine,49
33.75,H4_Tyramine,52
34.0,H4_Tyramine,52
34.25,H4_Tyramine,54
34.5,H4_Tyramine,45
34.75,H4_Tyramine,50
35.0,H4_Tyramine,52
35.25,H4_Tyramine,45
35.5,H4_Tyramine,53
35.75,H4_Tyramine,47
36.0,H4_Tyramine,50
36.25,H4_Tyramine,50
36.5,H4_Tyramine,48
36.75,H4_Tyramine,50
37.0,H4_Tyramine,49
37.25,H4_Tyramine,51
37.5,H4_Tyramine,48
37.75,H4_Tyramine,56
38.0,H4_Tyramine,54
38.25,H4_Tyramine,54
38.5,H4_Tyramine,53
38.75,H4_Tyramine,47
39.0,H4_Tyramine,48
39.25,H4_Tyramine,54
39.5,H4_Tyramine,54
39.75,H4_Tyramine,46
40.0,H4_Tyramine,50
40.25,H4_Tyramine,55
40.5,H4_Tyramine,54
40.75,H4_Tyramine,51
41.0,H4_Tyramine,53
41.25,H4_Tyramine,52
41.5,H4_Tyramine,52
41.75,H4_Tyramine,58
42.0,H4_Tyramine,53
42.25,H4_Tyramine,55
42.5,H4_Tyramine,51
42.75,H4_Tyramine,54
43.0,H4_Tyramine,55
43.25,H4_Tyramine,46
43.5,H4_Tyramine,52
43.75,H4_Tyramine,51
44.0,H4_Tyramine,51
44.25,H4_Tyramine,52
44.5,H4_Tyramine,53
44.75,H4_Tyramine,57
45.0,H4_Tyramine,53
45.25,H4_Tyramine,53
45.5,H4_Tyramine,49
45.75,H4_Tyramine,54
46.0,H4_Tyramine,51
46.25,H4_Tyramine,55
46.5,H4_Tyramine,52
46.75,H4_Tyramine,54
47.0,H4_Tyramine,54
47.25,H4_Tyramine,53
47.5,H4_Tyramine,0
0.0,H5_D-Psicose,38
0.25,H5_D-Psicose,20
0.5,H5_D-Psicose,28
0.75,H5_D-Psicose,22
1.0,H5_D-Psicose,32
1.25,H5_D-Psicose,33
1.5,H5_D-Psicose,28
1.75,H5_D-Psicose,21
2.0,H5_D-Psicose,27
2.25,H5_D-Psicose,28
2.5,H5_D-Psicose,20
2.75,H5_D-Psicose,30
3.0,H5_D-Psicose,30
3.25,H5_D-Psicose,25
3.5,H5_D-Psicose,31
3.75,H5_D-Psicose,27
4.0,H5_D-Psicose,29
4.25,H5_D-Psicose,33
4.5,H5_D-Psicose,37
4.75,H5_D-Psicose,40
5.0,H5_D-Psicose,27
5.25,H5_D-Psicose,35
5.5,H5_D-Psicose,35
5.75,H5_D-Psicose,40
6.0,H5_D-Psicose,39
6.25,H5_D-Psicose,36
6.5,H5_D-Psicose,39
6.75,H5_D-Psicose,47
7.0,H5_D-Psicose,48
7.25,H5_D-Psicose,46
7.5,H5_D-Psicose,48
7.75,H5_D-Psicose,50
8.0,H5_D-Psicose,54
8.25,H5_D-Psicose,55
8.5,H5_D-Psicose,63
8.75,H5_D-Psicose,57
9.0,H5_D-Psicose,60
9.25,H5_D-Psicose,60
9.5,H5_D-Psicose,65
9.75,H5_D-Psicose,64
10.0,H5_D-Psicose,63
10.25,H5_D-Psicose,58
10.5,H5_D-Psicose,60
10.75,H5_D-Psicose,61
11.0,H5_D-Psicose,59
11.25,H5_D-Psicose,62
11.5,H5_D-Psicose,70
11.75,H5_D-Psicose,67
12.0,H5_D-Psicose,67
12.25,H5_D-Psicose,63
12.5,H5_D-Psicose,66
12.75,H5_D-Psicose,62
13.0,H5_D-Psicose,63
13.25,H5_D-Psicose,66
13.5,H5_D-Psicose,66
13.75,H5_D-Psicose,69
14.0,H5_D-Psicose,67
14.25,H5_D-Psicose,69
14.5,H5_D-Psicose,67
14.75,H5_D-Psicose,66
15.0,H5_D-Psicose,75
15.25,H5_D-Psicose,74
15.5,H5_D-Psicose,66
15.75,H5_D-Psicose,75
16.0,H5_D-Psicose,75
16.25,H5_D-Psicose,75
16.5,H5_D-Psicose,74
16.75,H5_D-Psicose,72
17.0,H5_D-Psicose,77
17.25,H5_D-Psicose,80
17.5,H5_D-Psicose,76
17.75,H5_D-Psicose,84
18.0,H5_D-Psicose,82
18.25,H5_D-Psicose,77
18.5,H5_D-Psicose,75
18.75,H5_D-Psicose,72
19.0,H5_D-Psicose,74
19.25,H5_D-Psicose,69
19.5,H5_D-Psicose,75
19.75,H5_D-Psicose,78
20.0,H5_D-Psicose,84
20.25,H5_D-Psicose,81
20.5,H5_D-Psicose,73
20.75,H5_D-Psicose,80
21.0,H5_D-Psicose,77
21.25,H5_D-Psicose,80
21.5,H5_D-Psicose,79
21.75,H5_D-Psicose,78
22.0,H5_D-Psicose,79
22.25,H5_D-Psicose,73
22.5,H5_D-Psicose,78
22.75,H5_D-Psicose,77
23.0,H5_D-Psicose,82
23.25,H5_D-Psicose,76
23.5,H5_D-Psicose,85
23.75,H5_D-Psicose,78
24.0,H5_D-Psicose,77
24.25,H5_D-Psicose,83
24.5,H5_D-Psicose,80
24.75,H5_D-Psicose,81
25.0,H5_D-Psicose,80
25.25,H5_D-Psicose,90
25.5,H5_D-Psicose,85
25.75,H5_D-Psicose,84
26.0,H5_D-Psicose,79
26.25,H5_D-Psicose,82
26.5,H5_D-Psicose,75
26.75,H5_D-Psicose,75
27.0,H5_D-Psicose,76
27.25,H5_D-Psicose,82
27.5,H5_D-Psicose,81
27.75,H5_D-Psicose,83
28.0,H5_D-Psicose,85
28.25,H5_D-Psicose,81
28.5,H5_D-Psicose,83
28.75,H5_D-Psicose,80
29.0,H5_D-Psicose,88
29.25,H5_D-Psicose,74
29.5,H5_D-Psicose,83
29.75,H5_D-Psicose,81
30.0,H5_D-Psicose,84
30.25,H5_D-Psicose,81
30.5,H5_D-Psicose,85
30.75,H5_D-Psicose,77
31.0,H5_D-Psicose,84
31.25,H5_D-Psicose,80
31.5,H5_D-Psicose,86
31.75,H5_D-Psicose,79
32.0,H5_D-Psicose,84
32.25,H5_D-Psicose,83
32.5,H5_D-Psicose,81
32.75,H5_D-Psicose,78
33.0,H5_D-Psicose,86
33.25,H5_D-Psicose,85
33.5,H5_D-Psicose,90
33.75,H5_D-Psicose,86
34.0,H5_D-Psicose,84
34.25,H5_D-Psicose,69
34.5,H5_D-Psicose,87
34.75,H5_D-Psicose,87
35.0,H5_D-Psicose,85
35.25,H5_D-Psicose,86
35.5,H5_D-Psicose,87
35.75,H5_D-Psicose,80
36.0,H5_D-Psicose,80
36.25,H5_D-Psicose,87
36.5,H5_D-Psicose,87
36.75,H5_D-Psicose,84
37.0,H5_D-Psicose,87
37.25,H5_D-Psicose,85
37.5,H5_D-Psicose,86
37.75,H5_D-Psicose,86
38.0,H5_D-Psicose,89
38.25,H5_D-Psicose,80
38.5,H5_D-Psicose,83
38.75,H5_D-Psicose,81
39.0,H5_D-Psicose,84
39.25,H5_D-Psicose,86
39.5,H5_D-Psicose,84
39.75,H5_D-Psicose,88
40.0,H5_D-Psicose,86
40.25,H5_D-Psicose,88
40.5,H5_D-Psicose,86
40.75,H5_D-Psicose,83
41.0,H5_D-Psicose,85
41.25,H5_D-Psicose,84
41.5,H5_D-Psicose,82
41.75,H5_D-Psicose,85
42.0,H5_D-Psicose,85
42.25,H5_D-Psicose,86
42.5,H5_D-Psicose,81
42.75,H5_D-Psicose,81
43.0,H5_D-Psicose,90
43.25,H5_D-Psicose,87
43.5,H5_D-Psicose,84
43.75,H5_D-Psicose,81
44.0,H5_D-Psicose,85
44.25,H5_D-Psicose,87
44.5,H5_D-Psicose,88
44.75,H5_D-Psicose,82
45.0,H5_D-Psicose,86
45.25,H5_D-Psicose,86
45.5,H5_D-Psicose,88
45.75,H5_D-Psicose,81
46.0,H5_D-Psicose,84
46.25,H5_D-Psicose,84
46.5,H5_D-Psicose,87
46.75,H5_D-Psicose,91
47.0,H5_D-Psicose,79
47.25,H5_D-Psicose,89
47.5,H5_D-Psicose,0
0.0,H6_L-Lyxose,115
0.25,H6_L-Lyxose,113
0.5,H6_L-Lyxose,122
0.75,H6_L-Lyxose,121
1.0,H6_L-Lyxose,122
1.25,H6_L-Lyxose,129
1.5,H6_L-Lyxose,129
1.75,H6_L-Lyxose,128
2.0,H6_L-Lyxose,129
2.25,H6_L-Lyxose,125
2.5,H6_L-Lyxose,128
2.75,H6_L-Lyxose,131
3.0,H6_L-Lyxose,130
3.25,H6_L-Lyxose,131
3.5,H6_L-Lyxose,132
3.75,H6_L-Lyxose,134
4.0,H6_L-Lyxose,129
4.25,H6_L-Lyxose,136
4.5,H6_L-Lyxose,137
4.75,H6_L-Lyxose,137
5.0,H6_L-Lyxose,139
5.25,H6_L-Lyxose,138
5.5,H6_L-Lyxose,139
5.75,H6_L-Lyxose,141
6.0,H6_L-Lyxose,139
6.25,H6_L-Lyxose,142
6.5,H6_L-Lyxose,143
6.75,H6_L-Lyxose,143
7.0,H6_L-Lyxose,138
7.25,H6_L-Lyxose,142
7.5,H6_L-Lyxose,141
7.75,H6_L-Lyxose,143
8.0,H6_L-Lyxose,144
8.25,H6_L-Lyxose,144
8.5,H6_L-Lyxose,145
8.75,H6_L-Lyxose,145
9.0,H6_L-Lyxose,142
9.25,H6_L-Lyxose,142
9.5,H6_L-Lyxose,143
9.75,H6_L-Lyxose,150
10.0,H6_L-Lyxose,148
10.25,H6_L-Lyxose,148
10.5,H6_L-Lyxose,147
10.75,H6_L-Lyxose,148
11.0,H6_L-Lyxose,149
11.25,H6_L-Lyxose,147
11.5,H6_L-Lyxose,149
11.75,H6_L-Lyxose,149
12.0,H6_L-Lyxose,152
12.25,H6_L-Lyxose,150
12.5,H6_L-Lyxose,152
12.75,H6_L-Lyxose,147
13.0,H6_L-Lyxose,152
13.25,H6_L-Lyxose,150
13.5,H6_L-Lyxose,151
13.75,H6_L-Lyxose,152
14.0,H6_L-Lyxose,153
14.25,H6_L-Lyxose,153
14.5,H6_L-Lyxose,151
14.75,H6_L-Lyxose,152
15.0,H6_L-Lyxose,154
15.25,H6_L-Lyxose,156
15.5,H6_L-Lyxose,156
15.75,H6_L-Lyxose,157
16.0,H6_L-Lyxose,155
16.25,H6_L-Lyxose,155
16.5,H6_L-Lyxose,155
16.75,H6_L-Lyxose,154
17.0,H6_L-Lyxose,157
17.25,H6_L-Lyxose,153
17.5,H6_L-Lyxose,155
17.75,H6_L-Lyxose,156
18.0,H6_L-Lyxose,161
18.25,H6_L-Lyxose,158
18.5,H6_L-Lyxose,160
18.75,H6_L-Lyxose,157
19.0,H6_L-Lyxose,162
19.25,H6_L-Lyxose,159
19.5,H6_L-Lyxose,162
19.75,H6_L-Lyxose,161
20.0,H6_L-Lyxose,157
20.25,H6_L-Lyxose,162
20.5,H6_L-Lyxose,160
20.75,H6_L-Lyxose,166
21.0,H6_L-Lyxose,158
21.25,H6_L-Lyxose,161
21.5,H6_L-Lyxose,165
21.75,H6_L-Lyxose,164
22.0,H6_L-Lyxose,162
22.25,H6_L-Lyxose,166
22.5,H6_L-Lyxose,157
22.75,H6_L-Lyxose,163
23.0,H6_L-Lyxose,165
23.25,H6_L-Lyxose,162
23.5,H6_L-Lyxose,161
23.75,H6_L-Lyxose,165
24.0,H6_L-Lyxose,163
24.25,H6_L-Lyxose,159
24.5,H6_L-Lyxose,162
24.75,H6_L-Lyxose,164
25.0,H6_L-Lyxose,167
25.25,H6_L-Lyxose,168
25.5,H6_L-Lyxose,164
25.75,H6_L-Lyxose,165
26.0,H6_L-Lyxose,167
26.25,H6_L-Lyxose,167
26.5,H6_L-Lyxose,165
26.75,H6_L-Lyxose,168
27.0,H6_L-Lyxose,168
27.25,H6_L-Lyxose,169
27.5,H6_L-Lyxose,166
27.75,H6_L-Lyxose,168
28.0,H6_L-Lyxose,165
28.25,H6_L-Lyxose,168
28.5,H6_L-Lyxose,168
28.75,H6_L-Lyxose,165
29.0,H6_L-Lyxose,167
29.25,H6_L-Lyxose,166
29.5,H6_L-Lyxose,167
29.75,H6_L-Lyxose,168
30.0,H6_L-Lyxose,166
30.25,H6_L-Lyxose,167
30.5,H6_L-Lyxose,167
30.75,H6_L-Lyxose,166
31.0,H6_L-Lyxose,168
31.25,H6_L-Lyxose,166
31.5,H6_L-Lyxose,168
31.75,H6_L-Lyxose,169
32.0,H6_L-Lyxose,168
32.25,H6_L-Lyxose,168
32.5,H6_L-Lyxose,168
32.75,H6_L-Lyxose,169
33.0,H6_L-Lyxose,169
33.25,H6_L-Lyxose,170
33.5,H6_L-Lyxose,171
33.75,H6_L-Lyxose,169
34.0,H6_L-Lyxose,170
34.25,H6_L-Lyxose,169
34.5,H6_L-Lyxose,172
34.75,H6_L-Lyxose,172
35.0,H6_L-Lyxose,172
35.25,H6_L-Lyxose,169
35.5,H6_L-Lyxose,172
35.75,H6_L-Lyxose,166
36.0,H6_L-Lyxose,171
36.25,H6_L-Lyxose,174
36.5,H6_L-Lyxose,169
36.75,H6_L-Lyxose,170
37.0,H6_L-Lyxose,170
37.25,H6_L-Lyxose,171
37.5,H6_L-Lyxose,169
37.75,H6_L-Lyxose,173
38.0,H6_L-Lyxose,173
38.25,H6_L-Lyxose,173
38.5,H6_L-Lyxose,174
38.75,H6_L-Lyxose,175
39.0,H6_L-Lyxose,176
39.25,H6_L-Lyxose,175
39.5,H6_L-Lyxose,175
39.75,H6_L-Lyxose,171
40.0,H6_L-Lyxose,172
40.25,H6_L-Lyxose,173
40.5,H6_L-Lyxose,173
40.75,H6_L-Lyxose,174
41.0,H6_L-Lyxose,173
41.25,H6_L-Lyxose,174
41.5,H6_L-Lyxose,174
41.75,H6_L-Lyxose,172
42.0,H6_L-Lyxose,172
42.25,H6_L-Lyxose,174
42.5,H6_L-Lyxose,170
42.75,H6_L-Lyxose,175
43.0,H6_L-Lyxose,173
43.25,H6_L-Lyxose,171
43.5,H6_L-Lyxose,175
43.75,H6_L-Lyxose,173
44.0,H6_L-Lyxose,174
44.25,H6_L-Lyxose,173
44.5,H6_L-Lyxose,178
44.75,H6_L-Lyxose,174
45.0,H6_L-Lyxose,179
45.25,H6_L-Lyxose,172
45.5,H6_L-Lyxose,174
45.75,H6_L-Lyxose,177
46.0,H6_L-Lyxose,177
46.25,H6_L-Lyxose,173
46.5,H6_L-Lyxose,176
46.75,H6_L-Lyxose,175
47.0,H6_L-Lyxose,173
47.25,H6_L-Lyxose,177
47.5,H6_L-Lyxose,0
0.0,H7_Glucuronamide,19
0.25,H7_Glucuronamide,15
0.5,H7_Glucuronamide,16
0.75,H7_Glucuronamide,23
1.0,H7_Glucuronamide,17
1.25,H7_Glucuronamide,14
1.5,H7_Glucuronamide,17
1.75,H7_Glucuronamide,25
2.0,H7_Glucuronamide,21
2.25,H7_Glucuronamide,17
2.5,H7_Glucuronamide,21
2.75,H7_Glucuronamide,17
3.0,H7_Glucuronamide,20
3.25,H7_Glucuronamide,22
3.5,H7_Glucuronamide,23
3.75,H7_Glucuronamide,22
4.0,H7_Glucuronamide,18
4.25,H7_Glucuronamide,21
4.5,H7_Glucuronamide,20
4.75,H7_Glucuronamide,21
5.0,H7_Glucuronamide,28
5.25,H7_Glucuronamide,30
5.5,H7_Glucuronamide,30
5.75,H7_Glucuronamide,28
6.0,H7_Glucuronamide,27
6.25,H7_Glucuronamide,35
6.5,H7_Glucuronamide,34
6.75,H7_Glucuronamide,35
7.0,H7_Glucuronamide,34
7.25,H7_Glucuronamide,38
7.5,H7_Glucuronamide,35
7.75,H7_Glucuronamide,38
8.0,H7_Glucuronamide,37
8.25,H7_Glucuronamide,37
8.5,H7_Glucuronamide,36
8.75,H7_Glucuronamide,39
9.0,H7_Glucuronamide,43
9.25,H7_Glucuronamide,39
9.5,H7_Glucuronamide,37
9.75,H7_Glucuronamide,38
10.0,H7_Glucuronamide,42
10.25,H7_Glucuronamide,35
10.5,H7_Glucuronamide,42
10.75,H7_Glucuronamide,40
11.0,H7_Glucuronamide,38
11.25,H7_Glucuronamide,39
11.5,H7_Glucuronamide,40
11.75,H7_Glucuronamide,43
12.0,H7_Glucuronamide,41
12.25,H7_Glucuronamide,42
12.5,H7_Glucuronamide,43
12.75,H7_Glucuronamide,41
13.0,H7_Glucuronamide,40
13.25,H7_Glucuronamide,41
13.5,H7_Glucuronamide,43
13.75,H7_Glucuronamide,42
14.0,H7_Glucuronamide,42
14.25,H7_Glucuronamide,41
14.5,H7_Glucuronamide,39
14.75,H7_Glucuronamide,45
15.0,H7_Glucuronamide,44
15.25,H7_Glucuronamide,48
15.5,H7_Glucuronamide,48
15.75,H7_Glucuronamide,51
16.0,H7_Glucuronamide,47
16.25,H7_Glucuronamide,45
16.5,H7_Glucuronamide,49
16.75,H7_Glucuronamide,49
17.0,H7_Glucuronamide,52
17.25,H7_Glucuronamide,47
17.5,H7_Glucuronamide,49
17.75,H7_Glucuronamide,49
18.0,H7_Glucuronamide,51
18.25,H7_Glucuronamide,49
18.5,H7_Glucuronamide,56
18.75,H7_Glucuronamide,51
19.0,H7_Glucuronamide,50
19.25,H7_Glucuronamide,52
19.5,H7_Glucuronamide,48
19.75,H7_Glucuronamide,49
20.0,H7_Glucuronamide,50
20.25,H7_Glucuronamide,53
20.5,H7_Glucuronamide,51
20.75,H7_Glucuronamide,56
21.0,H7_Glucuronamide,49
21.25,H7_Glucuronamide,51
21.5,H7_Glucuronamide,51
21.75,H7_Glucuronamide,48
22.0,H7_Glucuronamide,57
22.25,H7_Glucuronamide,55
22.5,H7_Glucuronamide,51
22.75,H7_Glucuronamide,49
23.0,H7_Glucuronamide,55
23.25,H7_Glucuronamide,55
23.5,H7_Glucuronamide,50
23.75,H7_Glucuronamide,52
24.0,H7_Glucuronamide,50
24.25,H7_Glucuronamide,56
24.5,H7_Glucuronamide,57
24.75,H7_Glucuronamide,58
25.0,H7_Glucuronamide,56
25.25,H7_Glucuronamide,60
25.5,H7_Glucuronamide,59
25.75,H7_Glucuronamide,54
26.0,H7_Glucuronamide,54
26.25,H7_Glucuronamide,59
26.5,H7_Glucuronamide,58
26.75,H7_Glucuronamide,55
27.0,H7_Glucuronamide,60
27.25,H7_Glucuronamide,55
27.5,H7_Glucuronamide,60
27.75,H7_Glucuronamide,59
28.0,H7_Glucuronamide,55
28.25,H7_Glucuronamide,61
28.5,H7_Glucuronamide,58
28.75,H7_Glucuronamide,61
29.0,H7_Glucuronamide,61
29.25,H7_Glucuronamide,59
29.5,H7_Glucuronamide,62
29.75,H7_Glucuronamide,59
30.0,H7_Glucuronamide,57
30.25,H7_Glucuronamide,59
30.5,H7_Glucuronamide,60
30.75,H7_Glucuronamide,61
31.0,H7_Glucuronamide,62
31.25,H7_Glucuronamide,57
31.5,H7_Glucuronamide,59
31.75,H7_Glucuronamide,58
32.0,H7_Glucuronamide,63
32.25,H7_Glucuronamide,63
32.5,H7_Glucuronamide,60
32.75,H7_Glucuronamide,63
33.0,H7_Glucuronamide,62
33.25,H7_Glucuronamide,65
33.5,H7_Glucuronamide,64
33.75,H7_Glucuronamide,66
34.0,H7_Glucuronamide,65
34.25,H7_Glucuronamide,69
34.5,H7_Glucuronamide,65
34.75,H7_Glucuronamide,63
35.0,H7_Glucuronamide,65
35.25,H7_Glucuronamide,61
35.5,H7_Glucuronamide,63
35.75,H7_Glucuronamide,62
36.0,H7_Glucuronamide,65
36.25,H7_Glucuronamide,64
36.5,H7_Glucuronamide,70
36.75,H7_Glucuronamide,65
37.0,H7_Glucuronamide,65
37.25,H7_Glucuronamide,67
37.5,H7_Glucuronamide,67
37.75,H7_Glucuronamide,69
38.0,H7_Glucuronamide,67
38.25,H7_Glucuronamide,68
38.5,H7_Glucuronamide,69
38.75,H7_Glucuronamide,66
39.0,H7_Glucuronamide,67
39.25,H7_Glucuronamide,68
39.5,H7_Glucuronamide,68
39.75,H7_Glucuronamide,68
40.0,H7_Glucuronamide,65
40.25,H7_Glucuronamide,71
40.5,H7_Glucuronamide,64
40.75,H7_Glucuronamide,70
41.0,H7_Glucuronamide,70
41.25,H7_Glucuronamide,65
41.5,H7_Glucuronamide,66
41.75,H7_Glucuronamide,64
42.0,H7_Glucuronamide,70
42.25,H7_Glucuronamide,69
42.5,H7_Glucuronamide,66
42.75,H7_Glucuronamide,68
43.0,H7_Glucuronamide,71
43.25,H7_Glucuronamide,64
43.5,H7_Glucuronamide,68
43.75,H7_Glucuronamide,70
44.0,H7_Glucuronamide,68
44.25,H7_Glucuronamide,70
44.5,H7_Glucuronamide,70
44.75,H7_Glucuronamide,67
45.0,H7_Glucuronamide,65
45.25,H7_Glucuronamide,67
45.5,H7_Glucuronamide,74
45.75,H7_Glucuronamide,65
46.0,H7_Glucuronamide,68
46.25,H7_Glucuronamide,75
46.5,H7_Glucuronamide,72
46.75,H7_Glucuronamide,70
47.0,H7_Glucuronamide,69
47.25,H7_Glucuronamide,74
47.5,H7_Glucuronamide,0
0.0,H8_Pyruvic_Acid,40
0.25,H8_Pyruvic_Acid,18
0.5,H8_Pyruvic_Acid,22
0.75,H8_Pyruvic_Acid,21
1.0,H8_Pyruvic_Acid,21
1.25,H8_Pyruvic_Acid,20
1.5,H8_Pyruvic_Acid,22
1.75,H8_Pyruvic_Acid,24
2.0,H8_Pyruvic_Acid,22
2.25,H8_Pyruvic_Acid,19
2.5,H8_Pyruvic_Acid,24
2.75,H8_Pyruvic_Acid,23
3.0,H8_Pyruvic_Acid,24
3.25,H8_Pyruvic_Acid,26
3.5,H8_Pyruvic_Acid,24
3.75,H8_Pyruvic_Acid,26
4.0,H8_Pyruvic_Acid,27
4.25,H8_Pyruvic_Acid,28
4.5,H8_Pyruvic_Acid,33
4.75,H8_Pyruvic_Acid,33
5.0,H8_Pyruvic_Acid,32
5.25,H8_Pyruvic_Acid,35
5.5,H8_Pyruvic_Acid,37
5.75,H8_Pyruvic_Acid,40
6.0,H8_Pyruvic_Acid,43
6.25,H8_Pyruvic_Acid,48
6.5,H8_Pyruvic_Acid,42
6.75,H8_Pyruvic_Acid,48
7.0,H8_Pyruvic_Acid,52
7.25,H8_Pyruvic_Acid,47
7.5,H8_Pyruvic_Acid,46
7.75,H8_Pyruvic_Acid,49
8.0,H8_Pyruvic_Acid,50
8.25,H8_Pyruvic_Acid,51
8.5,H8_Pyruvic_Acid,45
8.75,H8_Pyruvic_Acid,49
9.0,H8_Pyruvic_Acid,48
9.25,H8_Pyruvic_Acid,52
9.5,H8_Pyruvic_Acid,51
9.75,H8_Pyruvic_Acid,45
10.0,H8_Pyruvic_Acid,47
10.25,H8_Pyruvic_Acid,46
10.5,H8_Pyruvic_Acid,49
10.75,H8_Pyruvic_Acid,53
11.0,H8_Pyruvic_Acid,50
11.25,H8_Pyruvic_Acid,53
11.5,H8_Pyruvic_Acid,52
11.75,H8_Pyruvic_Acid,55
12.0,H8_Pyruvic_Acid,57
12.25,H8_Pyruvic_Acid,60
12.5,H8_Pyruvic_Acid,64
12.75,H8_Pyruvic_Acid,61
13.0,H8_Pyruvic_Acid,64
13.25,H8_Pyruvic_Acid,68
13.5,H8_Pyruvic_Acid,74
13.75,H8_Pyruvic_Acid,74
14.0,H8_Pyruvic_Acid,81
14.25,H8_Pyruvic_Acid,82
14.5,H8_Pyruvic_Acid,84
14.75,H8_Pyruvic_Acid,89
15.0,H8_Pyruvic_Acid,93
15.25,H8_Pyruvic_Acid,92
15.5,H8_Pyruvic_Acid,99
15.75,H8_Pyruvic_Acid,100
16.0,H8_Pyruvic_Acid,105
16.25,H8_Pyruvic_Acid,104
16.5,H8_Pyruvic_Acid,111
16.75,H8_Pyruvic_Acid,112
17.0,H8_Pyruvic_Acid,115
17.25,H8_Pyruvic_Acid,124
17.5,H8_Pyruvic_Acid,117
17.75,H8_Pyruvic_Acid,126
18.0,H8_Pyruvic_Acid,139
18.25,H8_Pyruvic_Acid,136
18.5,H8_Pyruvic_Acid,139
18.75,H8_Pyruvic_Acid,139
19.0,H8_Pyruvic_Acid,145
19.25,H8_Pyruvic_Acid,146
19.5,H8_Pyruvic_Acid,151
19.75,H8_Pyruvic_Acid,150
20.0,H8_Pyruvic_Acid,156
20.25,H8_Pyruvic_Acid,161
20.5,H8_Pyruvic_Acid,162
20.75,H8_Pyruvic_Acid,171
21.0,H8_Pyruvic_Acid,169
21.25,H8_Pyruvic_Acid,168
21.5,H8_Pyruvic_Acid,171
21.75,H8_Pyruvic_Acid,182
22.0,H8_Pyruvic_Acid,185
22.25,H8_Pyruvic_Acid,183
22.5,H8_Pyruvic_Acid,192
22.75,H8_Pyruvic_Acid,191
23.0,H8_Pyruvic_Acid,198
23.25,H8_Pyruvic_Acid,199
23.5,H8_Pyruvic_Acid,199
23.75,H8_Pyruvic_Acid,208
24.0,H8_Pyruvic_Acid,203
24.25,H8_Pyruvic_Acid,213
24.5,H8_Pyruvic_Acid,216
24.75,H8_Pyruvic_Acid,216
25.0,H8_Pyruvic_Acid,219
25.25,H8_Pyruvic_Acid,225
25.5,H8_Pyruvic_Acid,224
25.75,H8_Pyruvic_Acid,229
26.0,H8_Pyruvic_Acid,226
26.25,H8_Pyruvic_Acid,230
26.5,H8_Pyruvic_Acid,234
26.75,H8_Pyruvic_Acid,236
27.0,H8_Pyruvic_Acid,234
27.25,H8_Pyruvic_Acid,238
27.5,H8_Pyruvic_Acid,239
27.75,H8_Pyruvic_Acid,243
28.0,H8_Pyruvic_Acid,242
28.25,H8_Pyruvic_Acid,244
28.5,H8_Pyruvic_Acid,248
28.75,H8_Pyruvic_Acid,248
29.0,H8_Pyruvic_Acid,251
29.25,H8_Pyruvic_Acid,248
29.5,H8_Pyruvic_Acid,252
29.75,H8_Pyruvic_Acid,253
30.0,H8_Pyruvic_Acid,253
30.25,H8_Pyruvic_Acid,251
30.5,H8_Pyruvic_Acid,253
30.75,H8_Pyruvic_Acid,254
31.0,H8_Pyruvic_Acid,259
31.25,H8_Pyruvic_Acid,258
31.5,H8_Pyruvic_Acid,257
31.75,H8_Pyruvic_Acid,258
32.0,H8_Pyruvic_Acid,257
32.25,H8_Pyruvic_Acid,258
32.5,H8_Pyruvic_Acid,260
32.75,H8_Pyruvic_Acid,258
33.0,H8_Pyruvic_Acid,261
33.25,H8_Pyruvic_Acid,259
33.5,H8_Pyruvic_Acid,263
33.75,H8_Pyruvic_Acid,262
34.0,H8_Pyruvic_Acid,259
34.25,H8_Pyruvic_Acid,261
34.5,H8_Pyruvic_Acid,261
34.75,H8_Pyruvic_Acid,261
35.0,H8_Pyruvic_Acid,263
35.25,H8_Pyruvic_Acid,261
35.5,H8_Pyruvic_Acid,263
35.75,H8_Pyruvic_Acid,260
36.0,H8_Pyruvic_Acid,263
36.25,H8_Pyruvic_Acid,265
36.5,H8_Pyruvic_Acid,260
36.75,H8_Pyruvic_Acid,260
37.0,H8_Pyruvic_Acid,262
37.25,H8_Pyruvic_Acid,260
37.5,H8_Pyruvic_Acid,263
37.75,H8_Pyruvic_Acid,265
38.0,H8_Pyruvic_Acid,266
38.25,H8_Pyruvic_Acid,262
38.5,H8_Pyruvic_Acid,263
38.75,H8_Pyruvic_Acid,261
39.0,H8_Pyruvic_Acid,265
39.25,H8_Pyruvic_Acid,266
39.5,H8_Pyruvic_Acid,265
39.75,H8_Pyruvic_Acid,261
40.0,H8_Pyruvic_Acid,266
40.25,H8_Pyruvic_Acid,264
40.5,H8_Pyruvic_Acid,261
40.75,H8_Pyruvic_Acid,263
41.0,H8_Pyruvic_Acid,264
41.25,H8_Pyruvic_Acid,264
41.5,H8_Pyruvic_Acid,260
41.75,H8_Pyruvic_Acid,259
42.0,H8_Pyruvic_Acid,261
42.25,H8_Pyruvic_Acid,265
42.5,H8_Pyruvic_Acid,255
42.75,H8_Pyruvic_Acid,255
43.0,H8_Pyruvic_Acid,256
43.25,H8_Pyruvic_Acid,253
43.5,H8_Pyruvic_Acid,255
43.75,H8_Pyruvic_Acid,249
44.0,H8_Pyruvic_Acid,252
44.25,H8_Pyruvic_Acid,251
44.5,H8_Pyruvic_Acid,247
44.75,H8_Pyruvic_Acid,247
45.0,H8_Pyruvic_Acid,247
45.25,H8_Pyruvic_Acid,252
45.5,H8_Pyruvic_Acid,244
45.75,H8_Pyruvic_Acid,245
46.0,H8_Pyruvic_Acid,249
46.25,H8_Pyruvic_Acid,248
46.5,H8_Pyruvic_Acid,251
46.75,H8_Pyruvic_Acid,245
47.0,H8_Pyruvic_Acid,246
47.25,H8_Pyruvic_Acid,245
47.5,H8_Pyruvic_Acid,0
0.0,H9_L-Galactonic_Acid-g-Lactone,24
0.25,H9_L-Galactonic_Acid-g-Lactone,22
0.5,H9_L-Galactonic_Acid-g-Lactone,25
0.75,H9_L-Galactonic_Acid-g-Lactone,29
1.0,H9_L-Galactonic_Acid-g-Lactone,25
1.25,H9_L-Galactonic_Acid-g-Lactone,25
1.5,H9_L-Galactonic_Acid-g-Lactone,25
1.75,H9_L-Galactonic_Acid-g-Lactone,29
2.0,H9_L-Galactonic_Acid-g-Lactone,26
2.25,H9_L-Galactonic_Acid-g-Lactone,26
2.5,H9_L-Galactonic_Acid-g-Lactone,27
2.75,H9_L-Galactonic_Acid-g-Lactone,25
3.0,H9_L-Galactonic_Acid-g-Lactone,28
3.25,H9_L-Galactonic_Acid-g-Lactone,31
3.5,H9_L-Galactonic_Acid-g-Lactone,25
3.75,H9_L-Galactonic_Acid-g-Lactone,28
4.0,H9_L-Galactonic_Acid-g-Lactone,28
4.25,H9_L-Galactonic_Acid-g-Lactone,35
4.5,H9_L-Galactonic_Acid-g-Lactone,34
4.75,H9_L-Galactonic_Acid-g-Lactone,33
5.0,H9_L-Galactonic_Acid-g-Lactone,38
5.25,H9_L-Galactonic_Acid-g-Lactone,41
5.5,H9_L-Galactonic_Acid-g-Lactone,43
5.75,H9_L-Galactonic_Acid-g-Lactone,46
6.0,H9_L-Galactonic_Acid-g-Lactone,42
6.25,H9_L-Galactonic_Acid-g-Lactone,47
6.5,H9_L-Galactonic_Acid-g-Lactone,45
6.75,H9_L-Galactonic_Acid-g-Lactone,48
7.0,H9_L-Galactonic_Acid-g-Lactone,53
7.25,H9_L-Galactonic_Acid-g-Lactone,48
7.5,H9_L-Galactonic_Acid-g-Lactone,53
7.75,H9_L-Galactonic_Acid-g-Lactone,56
8.0,H9_L-Galactonic_Acid-g-Lactone,51
8.25,H9_L-Galactonic_Acid-g-Lactone,50
8.5,H9_L-Galactonic_Acid-g-Lactone,55
8.75,H9_L-Galactonic_Acid-g-Lactone,53
9.0,H9_L-Galactonic_Acid-g-Lactone,54
9.25,H9_L-Galactonic_Acid-g-Lactone,52
9.5,H9_L-Galactonic_Acid-g-Lactone,53
9.75,H9_L-Galactonic_Acid-g-Lactone,54
10.0,H9_L-Galactonic_Acid-g-Lactone,55
10.25,H9_L-Galactonic_Acid-g-Lactone,53
10.5,H9_L-Galactonic_Acid-g-Lactone,52
10.75,H9_L-Galactonic_Acid-g-Lactone,58
11.0,H9_L-Galactonic_Acid-g-Lactone,52
11.25,H9_L-Galactonic_Acid-g-Lactone,53
11.5,H9_L-Galactonic_Acid-g-Lactone,56
11.75,H9_L-Galactonic_Acid-g-Lactone,54
12.0,H9_L-Galactonic_Acid-g-Lactone,56
12.25,H9_L-Galactonic_Acid-g-Lactone,54
12.5,H9_L-Galactonic_Acid-g-Lactone,58
12.75,H9_L-Galactonic_Acid-g-Lactone,57
13.0,H9_L-Galactonic_Acid-g-Lactone,60
13.25,H9_L-Galactonic_Acid-g-Lactone,55
13.5,H9_L-Galactonic_Acid-g-Lactone,58
13.75,H9_L-Galactonic_Acid-g-Lactone,56
14.0,H9_L-Galactonic_Acid-g-Lactone,53
14.25,H9_L-Galactonic_Acid-g-Lactone,53
14.5,H9_L-Galactonic_Acid-g-Lactone,57
14.75,H9_L-Galactonic_Acid-g-Lactone,59
15.0,H9_L-Galactonic_Acid-g-Lactone,61
15.25,H9_L-Galactonic_Acid-g-Lactone,59
15.5,H9_L-Galactonic_Acid-g-Lactone,59
15.75,H9_L-Galactonic_Acid-g-Lactone,53
16.0,H9_L-Galactonic_Acid-g-Lactone,58
16.25,H9_L-Galactonic_Acid-g-Lactone,54
16.5,H9_L-Galactonic_Acid-g-Lactone,55
16.75,H9_L-Galactonic_Acid-g-Lactone,60
17.0,H9_L-Galactonic_Acid-g-Lactone,61
17.25,H9_L-Galactonic_Acid-g-Lactone,60
17.5,H9_L-Galactonic_Acid-g-Lactone,60
17.75,H9_L-Galactonic_Acid-g-Lactone,62
18.0,H9_L-Galactonic_Acid-g-Lactone,60
18.25,H9_L-Galactonic_Acid-g-Lactone,66
18.5,H9_L-Galactonic_Acid-g-Lactone,64
18.75,H9_L-Galactonic_Acid-g-Lactone,59
19.0,H9_L-Galactonic_Acid-g-Lactone,63
19.25,H9_L-Galactonic_Acid-g-Lactone,60
19.5,H9_L-Galactonic_Acid-g-Lactone,58
19.75,H9_L-Galactonic_Acid-g-Lactone,61
20.0,H9_L-Galactonic_Acid-g-Lactone,63
20.25,H9_L-Galactonic_Acid-g-Lactone,64
20.5,H9_L-Galactonic_Acid-g-Lactone,62
20.75,H9_L-Galactonic_Acid-g-Lactone,63
21.0,H9_L-Galactonic_Acid-g-Lactone,62
21.25,H9_L-Galactonic_Acid-g-Lactone,61
21.5,H9_L-Galactonic_Acid-g-Lactone,62
21.75,H9_L-Galactonic_Acid-g-Lactone,68
22.0,H9_L-Galactonic_Acid-g-Lactone,64
22.25,H9_L-Galactonic_Acid-g-Lactone,65
22.5,H9_L-Galactonic_Acid-g-Lactone,67
22.75,H9_L-Galactonic_Acid-g-Lactone,63
23.0,H9_L-Galactonic_Acid-g-Lactone,70
23.25,H9_L-Galactonic_Acid-g-Lactone,67
23.5,H9_L-Galactonic_Acid-g-Lactone,63
23.75,H9_L-Galactonic_Acid-g-Lactone,66
24.0,H9_L-Galactonic_Acid-g-Lactone,66
24.25,H9_L-Galactonic_Acid-g-Lactone,67
24.5,H9_L-Galactonic_Acid-g-Lactone,66
24.75,H9_L-Galactonic_Acid-g-Lactone,66
25.0,H9_L-Galactonic_Acid-g-Lactone,69
25.25,H9_L-Galactonic_Acid-g-Lactone,73
25.5,H9_L-Galactonic_Acid-g-Lactone,69
25.75,H9_L-Galactonic_Acid-g-Lactone,72
26.0,H9_L-Galactonic_Acid-g-Lactone,65
26.25,H9_L-Galactonic_Acid-g-Lactone,72
26.5,H9_L-Galactonic_Acid-g-Lactone,70
26.75,H9_L-Galactonic_Acid-g-Lactone,71
27.0,H9_L-Galactonic_Acid-g-Lactone,68
27.25,H9_L-Galactonic_Acid-g-Lactone,67
27.5,H9_L-Galactonic_Acid-g-Lactone,67
27.75,H9_L-Galactonic_Acid-g-Lactone,69
28.0,H9_L-Galactonic_Acid-g-Lactone,71
28.25,H9_L-Galactonic_Acid-g-Lactone,69
28.5,H9_L-Galactonic_Acid-g-Lactone,70
28.75,H9_L-Galactonic_Acid-g-Lactone,71
29.0,H9_L-Galactonic_Acid-g-Lactone,72
29.25,H9_L-Galactonic_Acid-g-Lactone,66
29.5,H9_L-Galactonic_Acid-g-Lactone,70
29.75,H9_L-Galactonic_Acid-g-Lactone,70
30.0,H9_L-Galactonic_Acid-g-Lactone,72
30.25,H9_L-Galactonic_Acid-g-Lactone,75
30.5,H9_L-Galactonic_Acid-g-Lactone,75
30.75,H9_L-Galactonic_Acid-g-Lactone,73
31.0,H9_L-Galactonic_Acid-g-Lactone,70
31.25,H9_L-Galactonic_Acid-g-Lactone,73
31.5,H9_L-Galactonic_Acid-g-Lactone,72
31.75,H9_L-Galactonic_Acid-g-Lactone,71
32.0,H9_L-Galactonic_Acid-g-Lactone,69
32.25,H9_L-Galactonic_Acid-g-Lactone,73
32.5,H9_L-Galactonic_Acid-g-Lactone,69
32.75,H9_L-Galactonic_Acid-g-Lactone,73
33.0,H9_L-Galactonic_Acid-g-Lactone,74
33.25,H9_L-Galactonic_Acid-g-Lactone,69
33.5,H9_L-Galactonic_Acid-g-Lactone,74
33.75,H9_L-Galactonic_Acid-g-Lactone,74
34.0,H9_L-Galactonic_Acid-g-Lactone,70
34.25,H9_L-Galactonic_Acid-g-Lactone,69
34.5,H9_L-Galactonic_Acid-g-Lactone,71
34.75,H9_L-Galactonic_Acid-g-Lactone,78
35.0,H9_L-Galactonic_Acid-g-Lactone,74
35.25,H9_L-Galactonic_Acid-g-Lactone,72
35.5,H9_L-Galactonic_Acid-g-Lactone,73
35.75,H9_L-Galactonic_Acid-g-Lactone,69
36.0,H9_L-Galactonic_Acid-g-Lactone,71
36.25,H9_L-Galactonic_Acid-g-Lactone,74
36.5,H9_L-Galactonic_Acid-g-Lactone,75
36.75,H9_L-Galactonic_Acid-g-Lactone,71
37.0,H9_L-Galactonic_Acid-g-Lactone,73
37.25,H9_L-Galactonic_Acid-g-Lactone,74
37.5,H9_L-Galactonic_Acid-g-Lactone,75
37.75,H9_L-Galactonic_Acid-g-Lactone,74
38.0,H9_L-Galactonic_Acid-g-Lactone,77
38.25,H9_L-Galactonic_Acid-g-Lactone,74
38.5,H9_L-Galactonic_Acid-g-Lactone,74
38.75,H9_L-Galactonic_Acid-g-Lactone,74
39.0,H9_L-Galactonic_Acid-g-Lactone,72
39.25,H9_L-Galactonic_Acid-g-Lactone,76
39.5,H9_L-Galactonic_Acid-g-Lactone,72
39.75,H9_L-Galactonic_Acid-g-Lactone,76
40.0,H9_L-Galactonic_Acid-g-Lactone,76
40.25,H9_L-Galactonic_Acid-g-Lactone,76
40.5,H9_L-Galactonic_Acid-g-Lactone,75
40.75,H9_L-Galactonic_Acid-g-Lactone,75
41.0,H9_L-Galactonic_Acid-g-Lactone,79
41.25,H9_L-Galactonic_Acid-g-Lactone,73
41.5,H9_L-Galactonic_Acid-g-Lactone,73
41.75,H9_L-Galactonic_Acid-g-Lactone,73
42.0,H9_L-Galactonic_Acid-g-Lactone,78
42.25,H9_L-Galactonic_Acid-g-Lactone,75
42.5,H9_L-Galactonic_Acid-g-Lactone,75
42.75,H9_L-Galactonic_Acid-g-Lactone,76
43.0,H9_L-Galactonic_Acid-g-Lactone,75
43.25,H9_L-Galactonic_Acid-g-Lactone,73
43.5,H9_L-Galactonic_Acid-g-Lactone,74
43.75,H9_L-Galactonic_Acid-g-Lactone,73
44.0,H9_L-Galactonic_Acid-g-Lactone,75
44.25,H9_L-Galactonic_Acid-g-Lactone,78
44.5,H9_L-Galactonic_Acid-g-Lactone,73
44.75,H9_L-Galactonic_Acid-g-Lactone,75
45.0,H9_L-Galactonic_Acid-g-Lactone,75
45.25,H9_L-Galactonic_Acid-g-Lactone,76
45.5,H9_L-Galactonic_Acid-g-Lactone,76
45.75,H9_L-Galactonic_Acid-g-Lactone,76
46.0,H9_L-Galactonic_Acid-g-Lactone,80
46.25,H9_L-Galactonic_Acid-g-Lactone,78
46.5,H9_L-Galactonic_Acid-g-Lactone,75
46.75,H9_L-Galactonic_Acid-g-Lactone,78
47.0,H9_L-Galactonic_Acid-g-Lactone,73
47.25,H9_L-Galactonic_Acid-g-Lactone,78
47.5,H9_L-Galactonic_Acid-g-Lactone,0
0.0,H10_D-GalacturonicAcid,29
0.25,H10_D-GalacturonicAcid,23
0.5,H10_D-GalacturonicAcid,25
0.75,H10_D-GalacturonicAcid,30
1.0,H10_D-GalacturonicAcid,25
1.25,H10_D-GalacturonicAcid,23
1.5,H10_D-GalacturonicAcid,27
1.75,H10_D-GalacturonicAcid,26
2.0,H10_D-GalacturonicAcid,30
2.25,H10_D-GalacturonicAcid,31
2.5,H10_D-GalacturonicAcid,28
2.75,H10_D-GalacturonicAcid,32
3.0,H10_D-GalacturonicAcid,30
3.25,H10_D-GalacturonicAcid,25
3.5,H10_D-GalacturonicAcid,31
3.75,H10_D-GalacturonicAcid,29
4.0,H10_D-GalacturonicAcid,29
4.25,H10_D-GalacturonicAcid,39
4.5,H10_D-GalacturonicAcid,36
4.75,H10_D-GalacturonicAcid,37
5.0,H10_D-GalacturonicAcid,39
5.25,H10_D-GalacturonicAcid,44
5.5,H10_D-GalacturonicAcid,36
5.75,H10_D-GalacturonicAcid,45
6.0,H10_D-GalacturonicAcid,43
6.25,H10_D-GalacturonicAcid,47
6.5,H10_D-GalacturonicAcid,50
6.75,H10_D-GalacturonicAcid,45
7.0,H10_D-GalacturonicAcid,46
7.25,H10_D-GalacturonicAcid,55
7.5,H10_D-GalacturonicAcid,50
7.75,H10_D-GalacturonicAcid,53
8.0,H10_D-GalacturonicAcid,47
8.25,H10_D-GalacturonicAcid,52
8.5,H10_D-GalacturonicAcid,52
8.75,H10_D-GalacturonicAcid,52
9.0,H10_D-GalacturonicAcid,54
9.25,H10_D-GalacturonicAcid,50
9.5,H10_D-GalacturonicAcid,53
9.75,H10_D-GalacturonicAcid,58
10.0,H10_D-GalacturonicAcid,52
10.25,H10_D-GalacturonicAcid,56
10.5,H10_D-GalacturonicAcid,56
10.75,H10_D-GalacturonicAcid,52
11.0,H10_D-GalacturonicAcid,53
11.25,H10_D-GalacturonicAcid,57
11.5,H10_D-GalacturonicAcid,55
11.75,H10_D-GalacturonicAcid,49
12.0,H10_D-GalacturonicAcid,54
12.25,H10_D-GalacturonicAcid,58
12.5,H10_D-GalacturonicAcid,54
12.75,H10_D-GalacturonicAcid,54
13.0,H10_D-GalacturonicAcid,55
13.25,H10_D-GalacturonicAcid,60
13.5,H10_D-GalacturonicAcid,59
13.75,H10_D-GalacturonicAcid,56
14.0,H10_D-GalacturonicAcid,56
14.25,H10_D-GalacturonicAcid,56
14.5,H10_D-GalacturonicAcid,56
14.75,H10_D-GalacturonicAcid,60
15.0,H10_D-GalacturonicAcid,59
15.25,H10_D-GalacturonicAcid,59
15.5,H10_D-GalacturonicAcid,56
15.75,H10_D-GalacturonicAcid,56
16.0,H10_D-GalacturonicAcid,58
16.25,H10_D-GalacturonicAcid,61
16.5,H10_D-GalacturonicAcid,63
16.75,H10_D-GalacturonicAcid,60
17.0,H10_D-GalacturonicAcid,62
17.25,H10_D-GalacturonicAcid,57
17.5,H10_D-GalacturonicAcid,60
17.75,H10_D-GalacturonicAcid,62
18.0,H10_D-GalacturonicAcid,64
18.25,H10_D-GalacturonicAcid,67
18.5,H10_D-GalacturonicAcid,59
18.75,H10_D-GalacturonicAcid,59
19.0,H10_D-GalacturonicAcid,61
19.25,H10_D-GalacturonicAcid,61
19.5,H10_D-GalacturonicAcid,63
19.75,H10_D-GalacturonicAcid,58
20.0,H10_D-GalacturonicAcid,64
20.25,H10_D-GalacturonicAcid,65
20.5,H10_D-GalacturonicAcid,65
20.75,H10_D-GalacturonicAcid,66
21.0,H10_D-GalacturonicAcid,63
21.25,H10_D-GalacturonicAcid,64
21.5,H10_D-GalacturonicAcid,61
21.75,H10_D-GalacturonicAcid,62
22.0,H10_D-GalacturonicAcid,59
22.25,H10_D-GalacturonicAcid,59
22.5,H10_D-GalacturonicAcid,63
22.75,H10_D-GalacturonicAcid,62
23.0,H10_D-GalacturonicAcid,64
23.25,H10_D-GalacturonicAcid,65
23.5,H10_D-GalacturonicAcid,65
23.75,H10_D-GalacturonicAcid,64
24.0,H10_D-GalacturonicAcid,62
24.25,H10_D-GalacturonicAcid,69
24.5,H10_D-GalacturonicAcid,64
24.75,H10_D-GalacturonicAcid,62
25.0,H10_D-GalacturonicAcid,68
25.25,H10_D-GalacturonicAcid,73
25.5,H10_D-GalacturonicAcid,69
25.75,H10_D-GalacturonicAcid,66
26.0,H10_D-GalacturonicAcid,63
26.25,H10_D-GalacturonicAcid,65
26.5,H10_D-GalacturonicAcid,64
26.75,H10_D-GalacturonicAcid,66
27.0,H10_D-GalacturonicAcid,62
27.25,H10_D-GalacturonicAcid,64
27.5,H10_D-GalacturonicAcid,67
27.75,H10_D-GalacturonicAcid,64
28.0,H10_D-GalacturonicAcid,67
28.25,H10_D-GalacturonicAcid,63
28.5,H10_D-GalacturonicAcid,69
28.75,H10_D-GalacturonicAcid,70
29.0,H10_D-GalacturonicAcid,68
29.25,H10_D-GalacturonicAcid,64
29.5,H10_D-GalacturonicAcid,68
29.75,H10_D-GalacturonicAcid,67
30.0,H10_D-GalacturonicAcid,70
30.25,H10_D-GalacturonicAcid,71
30.5,H10_D-GalacturonicAcid,69
30.75,H10_D-GalacturonicAcid,67
31.0,H10_D-GalacturonicAcid,65
31.25,H10_D-GalacturonicAcid,66
31.5,H10_D-GalacturonicAcid,65
31.75,H10_D-GalacturonicAcid,67
32.0,H10_D-GalacturonicAcid,65
32.25,H10_D-GalacturonicAcid,62
32.5,H10_D-GalacturonicAcid,68
32.75,H10_D-GalacturonicAcid,71
33.0,H10_D-GalacturonicAcid,75
33.25,H10_D-GalacturonicAcid,68
33.5,H10_D-GalacturonicAcid,70
33.75,H10_D-GalacturonicAcid,68
34.0,H10_D-GalacturonicAcid,69
34.25,H10_D-GalacturonicAcid,73
34.5,H10_D-GalacturonicAcid,73
34.75,H10_D-GalacturonicAcid,68
35.0,H10_D-GalacturonicAcid,70
35.25,H10_D-GalacturonicAcid,70
35.5,H10_D-GalacturonicAcid,71
35.75,H10_D-GalacturonicAcid,67
36.0,H10_D-GalacturonicAcid,65
36.25,H10_D-GalacturonicAcid,70
36.5,H10_D-GalacturonicAcid,76
36.75,H10_D-GalacturonicAcid,69
37.0,H10_D-GalacturonicAcid,70
37.25,H10_D-GalacturonicAcid,72
37.5,H10_D-GalacturonicAcid,70
37.75,H10_D-GalacturonicAcid,72
38.0,H10_D-GalacturonicAcid,71
38.25,H10_D-GalacturonicAcid,74
38.5,H10_D-GalacturonicAcid,71
38.75,H10_D-GalacturonicAcid,72
39.0,H10_D-GalacturonicAcid,70
39.25,H10_D-GalacturonicAcid,71
39.5,H10_D-GalacturonicAcid,70
39.75,H10_D-GalacturonicAcid,69
40.0,H10_D-GalacturonicAcid,73
40.25,H10_D-GalacturonicAcid,69
40.5,H10_D-GalacturonicAcid,73
40.75,H10_D-GalacturonicAcid,69
41.0,H10_D-GalacturonicAcid,72
41.25,H10_D-GalacturonicAcid,65
41.5,H10_D-GalacturonicAcid,70
41.75,H10_D-GalacturonicAcid,71
42.0,H10_D-GalacturonicAcid,74
42.25,H10_D-GalacturonicAcid,71
42.5,H10_D-GalacturonicAcid,72
42.75,H10_D-GalacturonicAcid,68
43.0,H10_D-GalacturonicAcid,71
43.25,H10_D-GalacturonicAcid,68
43.5,H10_D-GalacturonicAcid,70
43.75,H10_D-GalacturonicAcid,72
44.0,H10_D-GalacturonicAcid,77
44.25,H10_D-GalacturonicAcid,70
44.5,H10_D-GalacturonicAcid,73
44.75,H10_D-GalacturonicAcid,74
45.0,H10_D-GalacturonicAcid,70
45.25,H10_D-GalacturonicAcid,75
45.5,H10_D-GalacturonicAcid,72
45.75,H10_D-GalacturonicAcid,73
46.0,H10_D-GalacturonicAcid,72
46.25,H10_D-GalacturonicAcid,74
46.5,H10_D-GalacturonicAcid,73
46.75,H10_D-GalacturonicAcid,70
47.0,H10_D-GalacturonicAcid,76
47.25,H10_D-GalacturonicAcid,76
47.5,H10_D-GalacturonicAcid,0
0.0,H11_Phenylethylamine,34
0.25,H11_Phenylethylamine,23
0.5,H11_Phenylethylamine,28
0.75,H11_Phenylethylamine,34
1.0,H11_Phenylethylamine,27
1.25,H11_Phenylethylamine,32
1.5,H11_Phenylethylamine,28
1.75,H11_Phenylethylamine,28
2.0,H11_Phenylethylamine,33
2.25,H11_Phenylethylamine,31
2.5,H11_Phenylethylamine,27
2.75,H11_Phenylethylamine,28
3.0,H11_Phenylethylamine,31
3.25,H11_Phenylethylamine,30
3.5,H11_Phenylethylamine,25
3.75,H11_Phenylethylamine,31
4.0,H11_Phenylethylamine,26
4.25,H11_Phenylethylamine,30
4.5,H11_Phenylethylamine,27
4.75,H11_Phenylethylamine,28
5.0,H11_Phenylethylamine,32
5.25,H11_Phenylethylamine,32
5.5,H11_Phenylethylamine,37
5.75,H11_Phenylethylamine,32
6.0,H11_Phenylethylamine,31
6.25,H11_Phenylethylamine,35
6.5,H11_Phenylethylamine,36
6.75,H11_Phenylethylamine,34
7.0,H11_Phenylethylamine,34
7.25,H11_Phenylethylamine,38
7.5,H11_Phenylethylamine,36
7.75,H11_Phenylethylamine,37
8.0,H11_Phenylethylamine,39
8.25,H11_Phenylethylamine,39
8.5,H11_Phenylethylamine,36
8.75,H11_Phenylethylamine,31
9.0,H11_Phenylethylamine,41
9.25,H11_Phenylethylamine,36
9.5,H11_Phenylethylamine,42
9.75,H11_Phenylethylamine,38
10.0,H11_Phenylethylamine,38
10.25,H11_Phenylethylamine,39
10.5,H11_Phenylethylamine,42
10.75,H11_Phenylethylamine,43
11.0,H11_Phenylethylamine,45
11.25,H11_Phenylethylamine,47
11.5,H11_Phenylethylamine,47
11.75,H11_Phenylethylamine,48
12.0,H11_Phenylethylamine,50
12.25,H11_Phenylethylamine,49
12.5,H11_Phenylethylamine,51
12.75,H11_Phenylethylamine,52
13.0,H11_Phenylethylamine,51
13.25,H11_Phenylethylamine,51
13.5,H11_Phenylethylamine,45
13.75,H11_Phenylethylamine,48
14.0,H11_Phenylethylamine,48
14.25,H11_Phenylethylamine,46
14.5,H11_Phenylethylamine,48
14.75,H11_Phenylethylamine,54
15.0,H11_Phenylethylamine,48
15.25,H11_Phenylethylamine,52
15.5,H11_Phenylethylamine,54
15.75,H11_Phenylethylamine,54
16.0,H11_Phenylethylamine,52
16.25,H11_Phenylethylamine,56
16.5,H11_Phenylethylamine,55
16.75,H11_Phenylethylamine,55
17.0,H11_Phenylethylamine,55
17.25,H11_Phenylethylamine,49
17.5,H11_Phenylethylamine,53
17.75,H11_Phenylethylamine,53
18.0,H11_Phenylethylamine,54
18.25,H11_Phenylethylamine,52
18.5,H11_Phenylethylamine,51
18.75,H11_Phenylethylamine,52
19.0,H11_Phenylethylamine,55
19.25,H11_Phenylethylamine,54
19.5,H11_Phenylethylamine,49
19.75,H11_Phenylethylamine,49
20.0,H11_Phenylethylamine,50
20.25,H11_Phenylethylamine,52
20.5,H11_Phenylethylamine,56
20.75,H11_Phenylethylamine,55
21.0,H11_Phenylethylamine,53
21.25,H11_Phenylethylamine,52
21.5,H11_Phenylethylamine,56
21.75,H11_Phenylethylamine,50
22.0,H11_Phenylethylamine,55
22.25,H11_Phenylethylamine,54
22.5,H11_Phenylethylamine,51
22.75,H11_Phenylethylamine,49
23.0,H11_Phenylethylamine,51
23.25,H11_Phenylethylamine,55
23.5,H11_Phenylethylamine,55
23.75,H11_Phenylethylamine,52
24.0,H11_Phenylethylamine,53
24.25,H11_Phenylethylamine,50
24.5,H11_Phenylethylamine,53
24.75,H11_Phenylethylamine,51
25.0,H11_Phenylethylamine,56
25.25,H11_Phenylethylamine,56
25.5,H11_Phenylethylamine,52
25.75,H11_Phenylethylamine,54
26.0,H11_Phenylethylamine,53
26.25,H11_Phenylethylamine,54
26.5,H11_Phenylethylamine,49
26.75,H11_Phenylethylamine,48
27.0,H11_Phenylethylamine,59
27.25,H11_Phenylethylamine,51
27.5,H11_Phenylethylamine,52
27.75,H11_Phenylethylamine,52
28.0,H11_Phenylethylamine,51
28.25,H11_Phenylethylamine,56
28.5,H11_Phenylethylamine,48
28.75,H11_Phenylethylamine,45
29.0,H11_Phenylethylamine,54
29.25,H11_Phenylethylamine,53
29.5,H11_Phenylethylamine,56
29.75,H11_Phenylethylamine,53
30.0,H11_Phenylethylamine,55
30.25,H11_Phenylethylamine,51
30.5,H11_Phenylethylamine,57
30.75,H11_Phenylethylamine,51
31.0,H11_Phenylethylamine,52
31.25,H11_Phenylethylamine,51
31.5,H11_Phenylethylamine,52
31.75,H11_Phenylethylamine,51
32.0,H11_Phenylethylamine,50
32.25,H11_Phenylethylamine,50
32.5,H11_Phenylethylamine,49
32.75,H11_Phenylethylamine,58
33.0,H11_Phenylethylamine,53
33.25,H11_Phenylethylamine,53
33.5,H11_Phenylethylamine,58
33.75,H11_Phenylethylamine,58
34.0,H11_Phenylethylamine,55
34.25,H11_Phenylethylamine,55
34.5,H11_Phenylethylamine,58
34.75,H11_Phenylethylamine,55
35.0,H11_Phenylethylamine,54
35.25,H11_Phenylethylamine,52
35.5,H11_Phenylethylamine,57
35.75,H11_Phenylethylamine,55
36.0,H11_Phenylethylamine,56
36.25,H11_Phenylethylamine,51
36.5,H11_Phenylethylamine,54
36.75,H11_Phenylethylamine,53
37.0,H11_Phenylethylamine,52
37.25,H11_Phenylethylamine,55
37.5,H11_Phenylethylamine,53
37.75,H11_Phenylethylamine,56
38.0,H11_Phenylethylamine,52
38.25,H11_Phenylethylamine,53
38.5,H11_Phenylethylamine,54
38.75,H11_Phenylethylamine,50
39.0,H11_Phenylethylamine,52
39.25,H11_Phenylethylamine,55
39.5,H11_Phenylethylamine,49
39.75,H11_Phenylethylamine,56
40.0,H11_Phenylethylamine,58
40.25,H11_Phenylethylamine,57
40.5,H11_Phenylethylamine,51
40.75,H11_Phenylethylamine,55
41.0,H11_Phenylethylamine,55
41.25,H11_Phenylethylamine,53
41.5,H11_Phenylethylamine,55
41.75,H11_Phenylethylamine,49
42.0,H11_Phenylethylamine,51
42.25,H11_Phenylethylamine,50
42.5,H11_Phenylethylamine,52
42.75,H11_Phenylethylamine,52
43.0,H11_Phenylethylamine,55
43.25,H11_Phenylethylamine,49
43.5,H11_Phenylethylamine,52
43.75,H11_Phenylethylamine,55
44.0,H11_Phenylethylamine,52
44.25,H11_Phenylethylamine,58
44.5,H11_Phenylethylamine,57
44.75,H11_Phenylethylamine,57
45.0,H11_Phenylethylamine,56
45.25,H11_Phenylethylamine,57
45.5,H11_Phenylethylamine,57
45.75,H11_Phenylethylamine,53
46.0,H11_Phenylethylamine,59
46.25,H11_Phenylethylamine,55
46.5,H11_Phenylethylamine,58
46.75,H11_Phenylethylamine,58
47.0,H11_Phenylethylamine,53
47.25,H11_Phenylethylamine,56
47.5,H11_Phenylethylamine,0
0.0,H12_2-Aminoethanol,33
0.25,H12_2-Aminoethanol,62
0.5,H12_2-Aminoethanol,61
0.75,H12_2-Aminoethanol,59
1.0,H12_2-Aminoethanol,57
1.25,H12_2-Aminoethanol,56
1.5,H12_2-Aminoethanol,48
1.75,H12_2-Aminoethanol,51
2.0,H12_2-Aminoethanol,52
2.25,H12_2-Aminoethanol,48
2.5,H12_2-Aminoethanol,49
2.75,H12_2-Aminoethanol,48
3.0,H12_2-Aminoethanol,53
3.25,H12_2-Aminoethanol,47
3.5,H12_2-Aminoethanol,51
3.75,H12_2-Aminoethanol,50
4.0,H12_2-Aminoethanol,52
4.25,H12_2-Aminoethanol,50
4.5,H12_2-Aminoethanol,50
4.75,H12_2-Aminoethanol,52
5.0,H12_2-Aminoethanol,53
5.25,H12_2-Aminoethanol,54
5.5,H12_2-Aminoethanol,53
5.75,H12_2-Aminoethanol,56
6.0,H12_2-Aminoethanol,56
6.25,H12_2-Aminoethanol,57
6.5,H12_2-Aminoethanol,59
6.75,H12_2-Aminoethanol,58
7.0,H12_2-Aminoethanol,61
7.25,H12_2-Aminoethanol,57
7.5,H12_2-Aminoethanol,63
7.75,H12_2-Aminoethanol,63
8.0,H12_2-Aminoethanol,62
8.25,H12_2-Aminoethanol,59
8.5,H12_2-Aminoethanol,63
8.75,H12_2-Aminoethanol,58
9.0,H12_2-Aminoethanol,60
9.25,H12_2-Aminoethanol,64
9.5,H12_2-Aminoethanol,63
9.75,H12_2-Aminoethanol,60
10.0,H12_2-Aminoethanol,60
10.25,H12_2-Aminoethanol,59
10.5,H12_2-Aminoethanol,61
10.75,H12_2-Aminoethanol,61
11.0,H12_2-Aminoethanol,63
11.25,H12_2-Aminoethanol,58
11.5,H12_2-Aminoethanol,61
11.75,H12_2-Aminoethanol,55
12.0,H12_2-Aminoethanol,58
12.25,H12_2-Aminoethanol,58
12.5,H12_2-Aminoethanol,60
12.75,H12_2-Aminoethanol,55
13.0,H12_2-Aminoethanol,61
13.25,H12_2-Aminoethanol,57
13.5,H12_2-Aminoethanol,62
13.75,H12_2-Aminoethanol,59
14.0,H12_2-Aminoethanol,56
14.25,H12_2-Aminoethanol,61
14.5,H12_2-Aminoethanol,57
14.75,H12_2-Aminoethanol,61
15.0,H12_2-Aminoethanol,60
15.25,H12_2-Aminoethanol,64
15.5,H12_2-Aminoethanol,59
15.75,H12_2-Aminoethanol,61
16.0,H12_2-Aminoethanol,63
16.25,H12_2-Aminoethanol,58
16.5,H12_2-Aminoethanol,59
16.75,H12_2-Aminoethanol,65
17.0,H12_2-Aminoethanol,61
17.25,H12_2-Aminoethanol,62
17.5,H12_2-Aminoethanol,58
17.75,H12_2-Aminoethanol,62
18.0,H12_2-Aminoethanol,67
18.25,H12_2-Aminoethanol,63
18.5,H12_2-Aminoethanol,61
18.75,H12_2-Aminoethanol,60
19.0,H12_2-Aminoethanol,59
19.25,H12_2-Aminoethanol,65
19.5,H12_2-Aminoethanol,66
19.75,H12_2-Aminoethanol,62
20.0,H12_2-Aminoethanol,68
20.25,H12_2-Aminoethanol,68
20.5,H12_2-Aminoethanol,68
20.75,H12_2-Aminoethanol,66
21.0,H12_2-Aminoethanol,63
21.25,H12_2-Aminoethanol,63
21.5,H12_2-Aminoethanol,63
21.75,H12_2-Aminoethanol,66
22.0,H12_2-Aminoethanol,67
22.25,H12_2-Aminoethanol,66
22.5,H12_2-Aminoethanol,62
22.75,H12_2-Aminoethanol,65
23.0,H12_2-Aminoethanol,66
23.25,H12_2-Aminoethanol,63
23.5,H12_2-Aminoethanol,65
23.75,H12_2-Aminoethanol,65
24.0,H12_2-Aminoethanol,64
24.25,H12_2-Aminoethanol,66
24.5,H12_2-Aminoethanol,68
24.75,H12_2-Aminoethanol,71
25.0,H12_2-Aminoethanol,73
25.25,H12_2-Aminoethanol,69
25.5,H12_2-Aminoethanol,69
25.75,H12_2-Aminoethanol,69
26.0,H12_2-Aminoethanol,71
26.25,H12_2-Aminoethanol,71
26.5,H12_2-Aminoethanol,71
26.75,H12_2-Aminoethanol,73
27.0,H12_2-Aminoethanol,71
27.25,H12_2-Aminoethanol,68
27.5,H12_2-Aminoethanol,69
27.75,H12_2-Aminoethanol,69
28.0,H12_2-Aminoethanol,67
28.25,H12_2-Aminoethanol,70
28.5,H12_2-Aminoethanol,69
28.75,H12_2-Aminoethanol,70
29.0,H12_2-Aminoethanol,75
29.25,H12_2-Aminoethanol,68
29.5,H12_2-Aminoethanol,73
29.75,H12_2-Aminoethanol,70
30.0,H12_2-Aminoethanol,69
30.25,H12_2-Aminoethanol,67
30.5,H12_2-Aminoethanol,69
30.75,H12_2-Aminoethanol,75
31.0,H12_2-Aminoethanol,71
31.25,H12_2-Aminoethanol,71
31.5,H12_2-Aminoethanol,73
31.75,H12_2-Aminoethanol,72
32.0,H12_2-Aminoethanol,72
32.25,H12_2-Aminoethanol,72
32.5,H12_2-Aminoethanol,73
32.75,H12_2-Aminoethanol,72
33.0,H12_2-Aminoethanol,74
33.25,H12_2-Aminoethanol,74
33.5,H12_2-Aminoethanol,72
33.75,H12_2-Aminoethanol,75
34.0,H12_2-Aminoethanol,75
34.25,H12_2-Aminoethanol,76
34.5,H12_2-Aminoethanol,76
34.75,H12_2-Aminoethanol,78
35.0,H12_2-Aminoethanol,76
35.25,H12_2-Aminoethanol,75
35.5,H12_2-Aminoethanol,76
35.75,H12_2-Aminoethanol,71
36.0,H12_2-Aminoethanol,75
36.25,H12_2-Aminoethanol,72
36.5,H12_2-Aminoethanol,76
36.75,H12_2-Aminoethanol,76
37.0,H12_2-Aminoethanol,73
37.25,H12_2-Aminoethanol,76
37.5,H12_2-Aminoethanol,76
37.75,H12_2-Aminoethanol,78
38.0,H12_2-Aminoethanol,76
38.25,H12_2-Aminoethanol,76
38.5,H12_2-Aminoethanol,78
38.75,H12_2-Aminoethanol,75
39.0,H12_2-Aminoethanol,78
39.25,H12_2-Aminoethanol,78
39.5,H12_2-Aminoethanol,78
39.75,H12_2-Aminoethanol,77
40.0,H12_2-Aminoethanol,79
40.25,H12_2-Aminoethanol,77
40.5,H12_2-Aminoethanol,79
40.75,H12_2-Aminoethanol,78
41.0,H12_2-Aminoethanol,79
41.25,H12_2-Aminoethanol,78
41.5,H12_2-Aminoethanol,79
41.75,H12_2-Aminoethanol,78
42.0,H12_2-Aminoethanol,81
42.25,H12_2-Aminoethanol,80
42.5,H12_2-Aminoethanol,73
42.75,H12_2-Aminoethanol,81
43.0,H12_2-Aminoethanol,80
43.25,H12_2-Aminoethanol,79
43.5,H12_2-Aminoethanol,77
43.75,H12_2-Aminoethanol,79
44.0,H12_2-Aminoethanol,79
44.25,H12_2-Aminoethanol,79
44.5,H12_2-Aminoethanol,78
44.75,H12_2-Aminoethanol,77
45.0,H12_2-Aminoethanol,79
45.25,H12_2-Aminoethanol,81
45.5,H12_2-Aminoethanol,80
45.75,H12_2-Aminoethanol,80
46.0,H12_2-Aminoethanol,81
46.25,H12_2-Aminoethanol,82
46.5,H12_2-Aminoethanol,81
46.75,H12_2-Aminoethanol,82
47.0,H12_2-Aminoethanol,80
47.25,H12_2-Aminoethanol,83
47.5,H12_2-Aminoethanol,0
