Hour,Type,Value
0.0,A1_Negative_Control,18
0.25,A1_Negative_Control,19
0.5,A1_Negative_Control,14
0.75,A1_Negative_Control,19
1.0,A1_Negative_Control,20
1.25,A1_Negative_Control,17
1.5,A1_Negative_Control,21
1.75,A1_Negative_Control,17
2.0,A1_Negative_Control,16
2.25,A1_Negative_Control,15
2.5,A1_Negative_Control,21
2.75,A1_Negative_Control,18
3.0,A1_Negative_Control,17
3.25,A1_Negative_Control,18
3.5,A1_Negative_Control,23
3.75,A1_Negative_Control,24
4.0,A1_Negative_Control,21
4.25,A1_Negative_Control,19
4.5,A1_Negative_Control,20
4.75,A1_Negative_Control,25
5.0,A1_Negative_Control,23
5.25,A1_Negative_Control,23
5.5,A1_Negative_Control,28
5.75,A1_Negative_Control,29
6.0,A1_Negative_Control,20
6.25,A1_Negative_Control,34
6.5,A1_Negative_Control,22
6.75,A1_Negative_Control,34
7.0,A1_Negative_Control,32
7.25,A1_Negative_Control,29
7.5,A1_Negative_Control,29
7.75,A1_Negative_Control,30
8.0,A1_Negative_Control,31
8.25,A1_Negative_Control,30
8.5,A1_Negative_Control,34
8.75,A1_Negative_Control,33
9.0,A1_Negative_Control,34
9.25,A1_Negative_Control,33
9.5,A1_Negative_Control,35
9.75,A1_Negative_Control,33
10.0,A1_Negative_Control,30
10.25,A1_Negative_Control,33
10.5,A1_Negative_Control,35
10.75,A1_Negative_Control,36
11.0,A1_Negative_Control,29
11.25,A1_Negative_Control,39
11.5,A1_Negative_Control,39
11.75,A1_Negative_Control,32
12.0,A1_Negative_Control,33
12.25,A1_Negative_Control,36
12.5,A1_Negative_Control,33
12.75,A1_Negative_Control,36
13.0,A1_Negative_Control,33
13.25,A1_Negative_Control,34
13.5,A1_Negative_Control,35
13.75,A1_Negative_Control,36
14.0,A1_Negative_Control,34
14.25,A1_Negative_Control,34
14.5,A1_Negative_Control,37
14.75,A1_Negative_Control,34
15.0,A1_Negative_Control,33
15.25,A1_Negative_Control,39
15.5,A1_Negative_Control,37
15.75,A1_Negative_Control,34
16.0,A1_Negative_Control,38
16.25,A1_Negative_Control,36
16.5,A1_Negative_Control,38
16.75,A1_Negative_Control,37
17.0,A1_Negative_Control,36
17.25,A1_Negative_Control,40
17.5,A1_Negative_Control,33
17.75,A1_Negative_Control,40
18.0,A1_Negative_Control,38
18.25,A1_Negative_Control,44
18.5,A1_Negative_Control,45
18.75,A1_Negative_Control,42
19.0,A1_Negative_Control,41
19.25,A1_Negative_Control,45
19.5,A1_Negative_Control,37
19.75,A1_Negative_Control,45
20.0,A1_Negative_Control,38
20.25,A1_Negative_Control,38
20.5,A1_Negative_Control,44
20.75,A1_Negative_Control,43
21.0,A1_Negative_Control,40
21.25,A1_Negative_Control,42
21.5,A1_Negative_Control,39
21.75,A1_Negative_Control,40
22.0,A1_Negative_Control,45
22.25,A1_Negative_Control,40
22.5,A1_Negative_Control,43
22.75,A1_Negative_Control,42
23.0,A1_Negative_Control,42
23.25,A1_Negative_Control,43
23.5,A1_Negative_Control,41
23.75,A1_Negative_Control,40
24.0,A1_Negative_Control,45
24.25,A1_Negative_Control,43
24.5,A1_Negative_Control,36
24.75,A1_Negative_Control,42
25.0,A1_Negative_Control,41
25.25,A1_Negative_Control,39
25.5,A1_Negative_Control,40
25.75,A1_Negative_Control,48
26.0,A1_Negative_Control,40
26.25,A1_Negative_Control,42
26.5,A1_Negative_Control,39
26.75,A1_Negative_Control,40
27.0,A1_Negative_Control,40
27.25,A1_Negative_Control,38
27.5,A1_Negative_Control,44
27.75,A1_Negative_Control,38
28.0,A1_Negative_Control,42
28.25,A1_Negative_Control,40
28.5,A1_Negative_Control,40
28.75,A1_Negative_Control,39
29.0,A1_Negative_Control,36
29.25,A1_Negative_Control,40
29.5,A1_Negative_Control,37
29.75,A1_Negative_Control,39
30.0,A1_Negative_Control,39
30.25,A1_Negative_Control,36
30.5,A1_Negative_Control,37
30.75,A1_Negative_Control,38
31.0,A1_Negative_Control,39
31.25,A1_Negative_Control,35
31.5,A1_Negative_Control,39
31.75,A1_Negative_Control,34
32.0,A1_Negative_Control,39
32.25,A1_Negative_Control,35
32.5,A1_Negative_Control,39
32.75,A1_Negative_Control,34
33.0,A1_Negative_Control,33
33.25,A1_Negative_Control,35
33.5,A1_Negative_Control,29
33.75,A1_Negative_Control,32
34.0,A1_Negative_Control,30
34.25,A1_Negative_Control,31
34.5,A1_Negative_Control,29
34.75,A1_Negative_Control,32
35.0,A1_Negative_Control,26
35.25,A1_Negative_Control,26
35.5,A1_Negative_Control,28
35.75,A1_Negative_Control,29
36.0,A1_Negative_Control,29
36.25,A1_Negative_Control,25
36.5,A1_Negative_Control,23
36.75,A1_Negative_Control,28
37.0,A1_Negative_Control,27
37.25,A1_Negative_Control,35
37.5,A1_Negative_Control,40
37.75,A1_Negative_Control,39
38.0,A1_Negative_Control,40
38.25,A1_Negative_Control,47
38.5,A1_Negative_Control,47
38.75,A1_Negative_Control,51
39.0,A1_Negative_Control,50
39.25,A1_Negative_Control,53
39.5,A1_Negative_Control,53
39.75,A1_Negative_Control,52
40.0,A1_Negative_Control,48
40.25,A1_Negative_Control,51
40.5,A1_Negative_Control,45
40.75,A1_Negative_Control,50
41.0,A1_Negative_Control,58
41.25,A1_Negative_Control,52
41.5,A1_Negative_Control,55
41.75,A1_Negative_Control,60
42.0,A1_Negative_Control,65
42.25,A1_Negative_Control,75
42.5,A1_Negative_Control,74
42.75,A1_Negative_Control,79
43.0,A1_Negative_Control,85
43.25,A1_Negative_Control,86
43.5,A1_Negative_Control,87
43.75,A1_Negative_Control,86
44.0,A1_Negative_Control,93
44.25,A1_Negative_Control,89
44.5,A1_Negative_Control,99
44.75,A1_Negative_Control,90
45.0,A1_Negative_Control,87
45.25,A1_Negative_Control,93
45.5,A1_Negative_Control,91
45.75,A1_Negative_Control,90
46.0,A1_Negative_Control,90
46.25,A1_Negative_Control,88
46.5,A1_Negative_Control,90
46.75,A1_Negative_Control,95
47.0,A1_Negative_Control,88
47.25,A1_Negative_Control,92
47.5,A1_Negative_Control,0
0.0,A2_L-Arabinose,83
0.25,A2_L-Arabinose,81
0.5,A2_L-Arabinose,80
0.75,A2_L-Arabinose,87
1.0,A2_L-Arabinose,89
1.25,A2_L-Arabinose,85
1.5,A2_L-Arabinose,93
1.75,A2_L-Arabinose,88
2.0,A2_L-Arabinose,90
2.25,A2_L-Arabinose,92
2.5,A2_L-Arabinose,93
2.75,A2_L-Arabinose,90
3.0,A2_L-Arabinose,94
3.25,A2_L-Arabinose,89
3.5,A2_L-Arabinose,88
3.75,A2_L-Arabinose,89
4.0,A2_L-Arabinose,91
4.25,A2_L-Arabinose,94
4.5,A2_L-Arabinose,92
4.75,A2_L-Arabinose,93
5.0,A2_L-Arabinose,94
5.25,A2_L-Arabinose,89
5.5,A2_L-Arabinose,90
5.75,A2_L-Arabinose,90
6.0,A2_L-Arabinose,94
6.25,A2_L-Arabinose,96
6.5,A2_L-Arabinose,92
6.75,A2_L-Arabinose,96
7.0,A2_L-Arabinose,96
7.25,A2_L-Arabinose,95
7.5,A2_L-Arabinose,96
7.75,A2_L-Arabinose,93
8.0,A2_L-Arabinose,97
8.25,A2_L-Arabinose,96
8.5,A2_L-Arabinose,96
8.75,A2_L-Arabinose,96
9.0,A2_L-Arabinose,97
9.25,A2_L-Arabinose,94
9.5,A2_L-Arabinose,101
9.75,A2_L-Arabinose,96
10.0,A2_L-Arabinose,97
10.25,A2_L-Arabinose,103
10.5,A2_L-Arabinose,105
10.75,A2_L-Arabinose,97
11.0,A2_L-Arabinose,103
11.25,A2_L-Arabinose,104
11.5,A2_L-Arabinose,103
11.75,A2_L-Arabinose,100
12.0,A2_L-Arabinose,100
12.25,A2_L-Arabinose,105
12.5,A2_L-Arabinose,101
12.75,A2_L-Arabinose,102
13.0,A2_L-Arabinose,99
13.25,A2_L-Arabinose,103
13.5,A2_L-Arabinose,100
13.75,A2_L-Arabinose,104
14.0,A2_L-Arabinose,104
14.25,A2_L-Arabinose,98
14.5,A2_L-Arabinose,103
14.75,A2_L-Arabinose,103
15.0,A2_L-Arabinose,104
15.25,A2_L-Arabinose,107
15.5,A2_L-Arabinose,103
15.75,A2_L-Arabinose,106
16.0,A2_L-Arabinose,111
16.25,A2_L-Arabinose,104
16.5,A2_L-Arabinose,103
16.75,A2_L-Arabinose,103
17.0,A2_L-Arabinose,110
17.25,A2_L-Arabinose,109
17.5,A2_L-Arabinose,103
17.75,A2_L-Arabinose,105
18.0,A2_L-Arabinose,110
18.25,A2_L-Arabinose,108
18.5,A2_L-Arabinose,108
18.75,A2_L-Arabinose,107
19.0,A2_L-Arabinose,109
19.25,A2_L-Arabinose,109
19.5,A2_L-Arabinose,108
19.75,A2_L-Arabinose,110
20.0,A2_L-Arabinose,108
20.25,A2_L-Arabinose,110
20.5,A2_L-Arabinose,107
20.75,A2_L-Arabinose,110
21.0,A2_L-Arabinose,110
21.25,A2_L-Arabinose,109
21.5,A2_L-Arabinose,109
21.75,A2_L-Arabinose,108
22.0,A2_L-Arabinose,112
22.25,A2_L-Arabinose,113
22.5,A2_L-Arabinose,115
22.75,A2_L-Arabinose,108
23.0,A2_L-Arabinose,113
23.25,A2_L-Arabinose,113
23.5,A2_L-Arabinose,110
23.75,A2_L-Arabinose,110
24.0,A2_L-Arabinose,114
24.25,A2_L-Arabinose,113
24.5,A2_L-Arabinose,109
24.75,A2_L-Arabinose,113
25.0,A2_L-Arabinose,110
25.25,A2_L-Arabinose,111
25.5,A2_L-Arabinose,111
25.75,A2_L-Arabinose,111
26.0,A2_L-Arabinose,113
26.25,A2_L-Arabinose,111
26.5,A2_L-Arabinose,111
26.75,A2_L-Arabinose,115
27.0,A2_L-Arabinose,112
27.25,A2_L-Arabinose,116
27.5,A2_L-Arabinose,113
27.75,A2_L-Arabinose,114
28.0,A2_L-Arabinose,113
28.25,A2_L-Arabinose,113
28.5,A2_L-Arabinose,114
28.75,A2_L-Arabinose,112
29.0,A2_L-Arabinose,113
29.25,A2_L-Arabinose,113
29.5,A2_L-Arabinose,114
29.75,A2_L-Arabinose,113
30.0,A2_L-Arabinose,108
30.25,A2_L-Arabinose,116
30.5,A2_L-Arabinose,115
30.75,A2_L-Arabinose,113
31.0,A2_L-Arabinose,114
31.25,A2_L-Arabinose,111
31.5,A2_L-Arabinose,110
31.75,A2_L-Arabinose,112
32.0,A2_L-Arabinose,114
32.25,A2_L-Arabinose,114
32.5,A2_L-Arabinose,118
32.75,A2_L-Arabinose,115
33.0,A2_L-Arabinose,112
33.25,A2_L-Arabinose,113
33.5,A2_L-Arabinose,113
33.75,A2_L-Arabinose,118
34.0,A2_L-Arabinose,112
34.25,A2_L-Arabinose,115
34.5,A2_L-Arabinose,116
34.75,A2_L-Arabinose,112
35.0,A2_L-Arabinose,116
35.25,A2_L-Arabinose,117
35.5,A2_L-Arabinose,112
35.75,A2_L-Arabinose,115
36.0,A2_L-Arabinose,112
36.25,A2_L-Arabinose,110
36.5,A2_L-Arabinose,111
36.75,A2_L-Arabinose,113
37.0,A2_L-Arabinose,112
37.25,A2_L-Arabinose,111
37.5,A2_L-Arabinose,113
37.75,A2_L-Arabinose,118
38.0,A2_L-Arabinose,109
38.25,A2_L-Arabinose,107
38.5,A2_L-Arabinose,113
38.75,A2_L-Arabinose,111
39.0,A2_L-Arabinose,110
39.25,A2_L-Arabinose,112
39.5,A2_L-Arabinose,110
39.75,A2_L-Arabinose,117
40.0,A2_L-Arabinose,114
40.25,A2_L-Arabinose,111
40.5,A2_L-Arabinose,112
40.75,A2_L-Arabinose,115
41.0,A2_L-Arabinose,106
41.25,A2_L-Arabinose,109
41.5,A2_L-Arabinose,110
41.75,A2_L-Arabinose,109
42.0,A2_L-Arabinose,111
42.25,A2_L-Arabinose,111
42.5,A2_L-Arabinose,113
42.75,A2_L-Arabinose,108
43.0,A2_L-Arabinose,110
43.25,A2_L-Arabinose,113
43.5,A2_L-Arabinose,106
43.75,A2_L-Arabinose,112
44.0,A2_L-Arabinose,110
44.25,A2_L-Arabinose,108
44.5,A2_L-Arabinose,101
44.75,A2_L-Arabinose,107
45.0,A2_L-Arabinose,108
45.25,A2_L-Arabinose,107
45.5,A2_L-Arabinose,107
45.75,A2_L-Arabinose,107
46.0,A2_L-Arabinose,104
46.25,A2_L-Arabinose,108
46.5,A2_L-Arabinose,106
46.75,A2_L-Arabinose,105
47.0,A2_L-Arabinose,110
47.25,A2_L-Arabinose,105
47.5,A2_L-Arabinose,0
0.0,A3_N-Acetyl-D_Glucosamine,22
0.25,A3_N-Acetyl-D_Glucosamine,11
0.5,A3_N-Acetyl-D_Glucosamine,11
0.75,A3_N-Acetyl-D_Glucosamine,14
1.0,A3_N-Acetyl-D_Glucosamine,11
1.25,A3_N-Acetyl-D_Glucosamine,11
1.5,A3_N-Acetyl-D_Glucosamine,11
1.75,A3_N-Acetyl-D_Glucosamine,11
2.0,A3_N-Acetyl-D_Glucosamine,11
2.25,A3_N-Acetyl-D_Glucosamine,11
2.5,A3_N-Acetyl-D_Glucosamine,12
2.75,A3_N-Acetyl-D_Glucosamine,11
3.0,A3_N-Acetyl-D_Glucosamine,11
3.25,A3_N-Acetyl-D_Glucosamine,11
3.5,A3_N-Acetyl-D_Glucosamine,11
3.75,A3_N-Acetyl-D_Glucosamine,11
4.0,A3_N-Acetyl-D_Glucosamine,11
4.25,A3_N-Acetyl-D_Glucosamine,13
4.5,A3_N-Acetyl-D_Glucosamine,11
4.75,A3_N-Acetyl-D_Glucosamine,11
5.0,A3_N-Acetyl-D_Glucosamine,11
5.25,A3_N-Acetyl-D_Glucosamine,11
5.5,A3_N-Acetyl-D_Glucosamine,11
5.75,A3_N-Acetyl-D_Glucosamine,14
6.0,A3_N-Acetyl-D_Glucosamine,16
6.25,A3_N-Acetyl-D_Glucosamine,15
6.5,A3_N-Acetyl-D_Glucosamine,21
6.75,A3_N-Acetyl-D_Glucosamine,24
7.0,A3_N-Acetyl-D_Glucosamine,32
7.25,A3_N-Acetyl-D_Glucosamine,28
7.5,A3_N-Acetyl-D_Glucosamine,29
7.75,A3_N-Acetyl-D_Glucosamine,39
8.0,A3_N-Acetyl-D_Glucosamine,41
8.25,A3_N-Acetyl-D_Glucosamine,44
8.5,A3_N-Acetyl-D_Glucosamine,47
8.75,A3_N-Acetyl-D_Glucosamine,49
9.0,A3_N-Acetyl-D_Glucosamine,51
9.25,A3_N-Acetyl-D_Glucosamine,53
9.5,A3_N-Acetyl-D_Glucosamine,61
9.75,A3_N-Acetyl-D_Glucosamine,64
10.0,A3_N-Acetyl-D_Glucosamine,65
10.25,A3_N-Acetyl-D_Glucosamine,69
10.5,A3_N-Acetyl-D_Glucosamine,74
10.75,A3_N-Acetyl-D_Glucosamine,82
11.0,A3_N-Acetyl-D_Glucosamine,86
11.25,A3_N-Acetyl-D_Glucosamine,98
11.5,A3_N-Acetyl-D_Glucosamine,101
11.75,A3_N-Acetyl-D_Glucosamine,107
12.0,A3_N-Acetyl-D_Glucosamine,114
12.25,A3_N-Acetyl-D_Glucosamine,123
12.5,A3_N-Acetyl-D_Glucosamine,125
12.75,A3_N-Acetyl-D_Glucosamine,127
13.0,A3_N-Acetyl-D_Glucosamine,134
13.25,A3_N-Acetyl-D_Glucosamine,140
13.5,A3_N-Acetyl-D_Glucosamine,144
13.75,A3_N-Acetyl-D_Glucosamine,154
14.0,A3_N-Acetyl-D_Glucosamine,155
14.25,A3_N-Acetyl-D_Glucosamine,158
14.5,A3_N-Acetyl-D_Glucosamine,165
14.75,A3_N-Acetyl-D_Glucosamine,170
15.0,A3_N-Acetyl-D_Glucosamine,171
15.25,A3_N-Acetyl-D_Glucosamine,176
15.5,A3_N-Acetyl-D_Glucosamine,182
15.75,A3_N-Acetyl-D_Glucosamine,185
16.0,A3_N-Acetyl-D_Glucosamine,192
16.25,A3_N-Acetyl-D_Glucosamine,191
16.5,A3_N-Acetyl-D_Glucosamine,196
16.75,A3_N-Acetyl-D_Glucosamine,199
17.0,A3_N-Acetyl-D_Glucosamine,205
17.25,A3_N-Acetyl-D_Glucosamine,206
17.5,A3_N-Acetyl-D_Glucosamine,213
17.75,A3_N-Acetyl-D_Glucosamine,213
18.0,A3_N-Acetyl-D_Glucosamine,220
18.25,A3_N-Acetyl-D_Glucosamine,222
18.5,A3_N-Acetyl-D_Glucosamine,227
18.75,A3_N-Acetyl-D_Glucosamine,227
19.0,A3_N-Acetyl-D_Glucosamine,232
19.25,A3_N-Acetyl-D_Glucosamine,231
19.5,A3_N-Acetyl-D_Glucosamine,235
19.75,A3_N-Acetyl-D_Glucosamine,240
20.0,A3_N-Acetyl-D_Glucosamine,237
20.25,A3_N-Acetyl-D_Glucosamine,238
20.5,A3_N-Acetyl-D_Glucosamine,242
20.75,A3_N-Acetyl-D_Glucosamine,247
21.0,A3_N-Acetyl-D_Glucosamine,249
21.25,A3_N-Acetyl-D_Glucosamine,250
21.5,A3_N-Acetyl-D_Glucosamine,249
21.75,A3_N-Acetyl-D_Glucosamine,254
22.0,A3_N-Acetyl-D_Glucosamine,257
22.25,A3_N-Acetyl-D_Glucosamine,255
22.5,A3_N-Acetyl-D_Glucosamine,257
22.75,A3_N-Acetyl-D_Glucosamine,260
23.0,A3_N-Acetyl-D_Glucosamine,263
23.25,A3_N-Acetyl-D_Glucosamine,265
23.5,A3_N-Acetyl-D_Glucosamine,266
23.75,A3_N-Acetyl-D_Glucosamine,265
24.0,A3_N-Acetyl-D_Glucosamine,266
24.25,A3_N-Acetyl-D_Glucosamine,271
24.5,A3_N-Acetyl-D_Glucosamine,269
24.75,A3_N-Acetyl-D_Glucosamine,269
25.0,A3_N-Acetyl-D_Glucosamine,273
25.25,A3_N-Acetyl-D_Glucosamine,273
25.5,A3_N-Acetyl-D_Glucosamine,276
25.75,A3_N-Acetyl-D_Glucosamine,274
26.0,A3_N-Acetyl-D_Glucosamine,272
26.25,A3_N-Acetyl-D_Glucosamine,274
26.5,A3_N-Acetyl-D_Glucosamine,275
26.75,A3_N-Acetyl-D_Glucosamine,278
27.0,A3_N-Acetyl-D_Glucosamine,275
27.25,A3_N-Acetyl-D_Glucosamine,277
27.5,A3_N-Acetyl-D_Glucosamine,278
27.75,A3_N-Acetyl-D_Glucosamine,276
28.0,A3_N-Acetyl-D_Glucosamine,280
28.25,A3_N-Acetyl-D_Glucosamine,281
28.5,A3_N-Acetyl-D_Glucosamine,280
28.75,A3_N-Acetyl-D_Glucosamine,283
29.0,A3_N-Acetyl-D_Glucosamine,282
29.25,A3_N-Acetyl-D_Glucosamine,283
29.5,A3_N-Acetyl-D_Glucosamine,286
29.75,A3_N-Acetyl-D_Glucosamine,282
30.0,A3_N-Acetyl-D_Glucosamine,284
30.25,A3_N-Acetyl-D_Glucosamine,285
30.5,A3_N-Acetyl-D_Glucosamine,284
30.75,A3_N-Acetyl-D_Glucosamine,285
31.0,A3_N-Acetyl-D_Glucosamine,285
31.25,A3_N-Acetyl-D_Glucosamine,282
31.5,A3_N-Acetyl-D_Glucosamine,286
31.75,A3_N-Acetyl-D_Glucosamine,283
32.0,A3_N-Acetyl-D_Glucosamine,290
32.25,A3_N-Acetyl-D_Glucosamine,289
32.5,A3_N-Acetyl-D_Glucosamine,291
32.75,A3_N-Acetyl-D_Glucosamine,290
33.0,A3_N-Acetyl-D_Glucosamine,289
33.25,A3_N-Acetyl-D_Glucosamine,291
33.5,A3_N-Acetyl-D_Glucosamine,291
33.75,A3_N-Acetyl-D_Glucosamine,289
34.0,A3_N-Acetyl-D_Glucosamine,290
34.25,A3_N-Acetyl-D_Glucosamine,294
34.5,A3_N-Acetyl-D_Glucosamine,294
34.75,A3_N-Acetyl-D_Glucosamine,289
35.0,A3_N-Acetyl-D_Glucosamine,294
35.25,A3_N-Acetyl-D_Glucosamine,293
35.5,A3_N-Acetyl-D_Glucosamine,293
35.75,A3_N-Acetyl-D_Glucosamine,297
36.0,A3_N-Acetyl-D_Glucosamine,294
36.25,A3_N-Acetyl-D_Glucosamine,292
36.5,A3_N-Acetyl-D_Glucosamine,292
36.75,A3_N-Acetyl-D_Glucosamine,295
37.0,A3_N-Acetyl-D_Glucosamine,293
37.25,A3_N-Acetyl-D_Glucosamine,291
37.5,A3_N-Acetyl-D_Glucosamine,291
37.75,A3_N-Acetyl-D_Glucosamine,291
38.0,A3_N-Acetyl-D_Glucosamine,291
38.25,A3_N-Acetyl-D_Glucosamine,282
38.5,A3_N-Acetyl-D_Glucosamine,284
38.75,A3_N-Acetyl-D_Glucosamine,283
39.0,A3_N-Acetyl-D_Glucosamine,283
39.25,A3_N-Acetyl-D_Glucosamine,282
39.5,A3_N-Acetyl-D_Glucosamine,282
39.75,A3_N-Acetyl-D_Glucosamine,283
40.0,A3_N-Acetyl-D_Glucosamine,281
40.25,A3_N-Acetyl-D_Glucosamine,281
40.5,A3_N-Acetyl-D_Glucosamine,279
40.75,A3_N-Acetyl-D_Glucosamine,281
41.0,A3_N-Acetyl-D_Glucosamine,277
41.25,A3_N-Acetyl-D_Glucosamine,278
41.5,A3_N-Acetyl-D_Glucosamine,278
41.75,A3_N-Acetyl-D_Glucosamine,274
42.0,A3_N-Acetyl-D_Glucosamine,276
42.25,A3_N-Acetyl-D_Glucosamine,277
42.5,A3_N-Acetyl-D_Glucosamine,274
42.75,A3_N-Acetyl-D_Glucosamine,276
43.0,A3_N-Acetyl-D_Glucosamine,277
43.25,A3_N-Acetyl-D_Glucosamine,274
43.5,A3_N-Acetyl-D_Glucosamine,273
43.75,A3_N-Acetyl-D_Glucosamine,273
44.0,A3_N-Acetyl-D_Glucosamine,274
44.25,A3_N-Acetyl-D_Glucosamine,272
44.5,A3_N-Acetyl-D_Glucosamine,268
44.75,A3_N-Acetyl-D_Glucosamine,272
45.0,A3_N-Acetyl-D_Glucosamine,271
45.25,A3_N-Acetyl-D_Glucosamine,273
45.5,A3_N-Acetyl-D_Glucosamine,270
45.75,A3_N-Acetyl-D_Glucosamine,269
46.0,A3_N-Acetyl-D_Glucosamine,271
46.25,A3_N-Acetyl-D_Glucosamine,270
46.5,A3_N-Acetyl-D_Glucosamine,271
46.75,A3_N-Acetyl-D_Glucosamine,268
47.0,A3_N-Acetyl-D_Glucosamine,269
47.25,A3_N-Acetyl-D_Glucosamine,272
47.5,A3_N-Acetyl-D_Glucosamine,0
0.0,A4_D-Saccharic_Acid,23
0.25,A4_D-Saccharic_Acid,26
0.5,A4_D-Saccharic_Acid,44
0.75,A4_D-Saccharic_Acid,17
1.0,A4_D-Saccharic_Acid,14
1.25,A4_D-Saccharic_Acid,20
1.5,A4_D-Saccharic_Acid,11
1.75,A4_D-Saccharic_Acid,11
2.0,A4_D-Saccharic_Acid,11
2.25,A4_D-Saccharic_Acid,11
2.5,A4_D-Saccharic_Acid,11
2.75,A4_D-Saccharic_Acid,11
3.0,A4_D-Saccharic_Acid,11
3.25,A4_D-Saccharic_Acid,12
3.5,A4_D-Saccharic_Acid,29
3.75,A4_D-Saccharic_Acid,18
4.0,A4_D-Saccharic_Acid,27
4.25,A4_D-Saccharic_Acid,16
4.5,A4_D-Saccharic_Acid,19
4.75,A4_D-Saccharic_Acid,31
5.0,A4_D-Saccharic_Acid,22
5.25,A4_D-Saccharic_Acid,24
5.5,A4_D-Saccharic_Acid,22
5.75,A4_D-Saccharic_Acid,22
6.0,A4_D-Saccharic_Acid,30
6.25,A4_D-Saccharic_Acid,39
6.5,A4_D-Saccharic_Acid,28
6.75,A4_D-Saccharic_Acid,27
7.0,A4_D-Saccharic_Acid,36
7.25,A4_D-Saccharic_Acid,29
7.5,A4_D-Saccharic_Acid,30
7.75,A4_D-Saccharic_Acid,35
8.0,A4_D-Saccharic_Acid,27
8.25,A4_D-Saccharic_Acid,31
8.5,A4_D-Saccharic_Acid,34
8.75,A4_D-Saccharic_Acid,40
9.0,A4_D-Saccharic_Acid,38
9.25,A4_D-Saccharic_Acid,40
9.5,A4_D-Saccharic_Acid,39
9.75,A4_D-Saccharic_Acid,34
10.0,A4_D-Saccharic_Acid,34
10.25,A4_D-Saccharic_Acid,34
10.5,A4_D-Saccharic_Acid,36
10.75,A4_D-Saccharic_Acid,38
11.0,A4_D-Saccharic_Acid,27
11.25,A4_D-Saccharic_Acid,38
11.5,A4_D-Saccharic_Acid,40
11.75,A4_D-Saccharic_Acid,33
12.0,A4_D-Saccharic_Acid,36
12.25,A4_D-Saccharic_Acid,35
12.5,A4_D-Saccharic_Acid,40
12.75,A4_D-Saccharic_Acid,39
13.0,A4_D-Saccharic_Acid,30
13.25,A4_D-Saccharic_Acid,32
13.5,A4_D-Saccharic_Acid,39
13.75,A4_D-Saccharic_Acid,38
14.0,A4_D-Saccharic_Acid,36
14.25,A4_D-Saccharic_Acid,32
14.5,A4_D-Saccharic_Acid,39
14.75,A4_D-Saccharic_Acid,38
15.0,A4_D-Saccharic_Acid,31
15.25,A4_D-Saccharic_Acid,38
15.5,A4_D-Saccharic_Acid,40
15.75,A4_D-Saccharic_Acid,31
16.0,A4_D-Saccharic_Acid,42
16.25,A4_D-Saccharic_Acid,38
16.5,A4_D-Saccharic_Acid,43
16.75,A4_D-Saccharic_Acid,36
17.0,A4_D-Saccharic_Acid,44
17.25,A4_D-Saccharic_Acid,40
17.5,A4_D-Saccharic_Acid,40
17.75,A4_D-Saccharic_Acid,45
18.0,A4_D-Saccharic_Acid,45
18.25,A4_D-Saccharic_Acid,47
18.5,A4_D-Saccharic_Acid,45
18.75,A4_D-Saccharic_Acid,43
19.0,A4_D-Saccharic_Acid,44
19.25,A4_D-Saccharic_Acid,46
19.5,A4_D-Saccharic_Acid,40
19.75,A4_D-Saccharic_Acid,47
20.0,A4_D-Saccharic_Acid,42
20.25,A4_D-Saccharic_Acid,44
20.5,A4_D-Saccharic_Acid,42
20.75,A4_D-Saccharic_Acid,48
21.0,A4_D-Saccharic_Acid,44
21.25,A4_D-Saccharic_Acid,46
21.5,A4_D-Saccharic_Acid,38
21.75,A4_D-Saccharic_Acid,45
22.0,A4_D-Saccharic_Acid,43
22.25,A4_D-Saccharic_Acid,45
22.5,A4_D-Saccharic_Acid,47
22.75,A4_D-Saccharic_Acid,42
23.0,A4_D-Saccharic_Acid,48
23.25,A4_D-Saccharic_Acid,45
23.5,A4_D-Saccharic_Acid,46
23.75,A4_D-Saccharic_Acid,43
24.0,A4_D-Saccharic_Acid,44
24.25,A4_D-Saccharic_Acid,46
24.5,A4_D-Saccharic_Acid,34
24.75,A4_D-Saccharic_Acid,45
25.0,A4_D-Saccharic_Acid,48
25.25,A4_D-Saccharic_Acid,44
25.5,A4_D-Saccharic_Acid,48
25.75,A4_D-Saccharic_Acid,46
26.0,A4_D-Saccharic_Acid,47
26.25,A4_D-Saccharic_Acid,42
26.5,A4_D-Saccharic_Acid,45
26.75,A4_D-Saccharic_Acid,44
27.0,A4_D-Saccharic_Acid,46
27.25,A4_D-Saccharic_Acid,44
27.5,A4_D-Saccharic_Acid,48
27.75,A4_D-Saccharic_Acid,50
28.0,A4_D-Saccharic_Acid,49
28.25,A4_D-Saccharic_Acid,47
28.5,A4_D-Saccharic_Acid,47
28.75,A4_D-Saccharic_Acid,47
29.0,A4_D-Saccharic_Acid,49
29.25,A4_D-Saccharic_Acid,44
29.5,A4_D-Saccharic_Acid,45
29.75,A4_D-Saccharic_Acid,48
30.0,A4_D-Saccharic_Acid,47
30.25,A4_D-Saccharic_Acid,41
30.5,A4_D-Saccharic_Acid,43
30.75,A4_D-Saccharic_Acid,43
31.0,A4_D-Saccharic_Acid,43
31.25,A4_D-Saccharic_Acid,46
31.5,A4_D-Saccharic_Acid,52
31.75,A4_D-Saccharic_Acid,47
32.0,A4_D-Saccharic_Acid,49
32.25,A4_D-Saccharic_Acid,49
32.5,A4_D-Saccharic_Acid,53
32.75,A4_D-Saccharic_Acid,49
33.0,A4_D-Saccharic_Acid,48
33.25,A4_D-Saccharic_Acid,47
33.5,A4_D-Saccharic_Acid,47
33.75,A4_D-Saccharic_Acid,49
34.0,A4_D-Saccharic_Acid,49
34.25,A4_D-Saccharic_Acid,48
34.5,A4_D-Saccharic_Acid,47
34.75,A4_D-Saccharic_Acid,38
35.0,A4_D-Saccharic_Acid,47
35.25,A4_D-Saccharic_Acid,48
35.5,A4_D-Saccharic_Acid,47
35.75,A4_D-Saccharic_Acid,54
36.0,A4_D-Saccharic_Acid,39
36.25,A4_D-Saccharic_Acid,46
36.5,A4_D-Saccharic_Acid,49
36.75,A4_D-Saccharic_Acid,48
37.0,A4_D-Saccharic_Acid,46
37.25,A4_D-Saccharic_Acid,45
37.5,A4_D-Saccharic_Acid,48
37.75,A4_D-Saccharic_Acid,48
38.0,A4_D-Saccharic_Acid,46
38.25,A4_D-Saccharic_Acid,33
38.5,A4_D-Saccharic_Acid,50
38.75,A4_D-Saccharic_Acid,42
39.0,A4_D-Saccharic_Acid,49
39.25,A4_D-Saccharic_Acid,48
39.5,A4_D-Saccharic_Acid,49
39.75,A4_D-Saccharic_Acid,51
40.0,A4_D-Saccharic_Acid,51
40.25,A4_D-Saccharic_Acid,46
40.5,A4_D-Saccharic_Acid,48
40.75,A4_D-Saccharic_Acid,46
41.0,A4_D-Saccharic_Acid,37
41.25,A4_D-Saccharic_Acid,45
41.5,A4_D-Saccharic_Acid,50
41.75,A4_D-Saccharic_Acid,47
42.0,A4_D-Saccharic_Acid,47
42.25,A4_D-Saccharic_Acid,48
42.5,A4_D-Saccharic_Acid,46
42.75,A4_D-Saccharic_Acid,51
43.0,A4_D-Saccharic_Acid,47
43.25,A4_D-Saccharic_Acid,47
43.5,A4_D-Saccharic_Acid,51
43.75,A4_D-Saccharic_Acid,52
44.0,A4_D-Saccharic_Acid,51
44.25,A4_D-Saccharic_Acid,50
44.5,A4_D-Saccharic_Acid,35
44.75,A4_D-Saccharic_Acid,49
45.0,A4_D-Saccharic_Acid,49
45.25,A4_D-Saccharic_Acid,50
45.5,A4_D-Saccharic_Acid,48
45.75,A4_D-Saccharic_Acid,49
46.0,A4_D-Saccharic_Acid,47
46.25,A4_D-Saccharic_Acid,50
46.5,A4_D-Saccharic_Acid,47
46.75,A4_D-Saccharic_Acid,44
47.0,A4_D-Saccharic_Acid,49
47.25,A4_D-Saccharic_Acid,49
47.5,A4_D-Saccharic_Acid,0
0.0,A5_Succinic_Acid,11
0.25,A5_Succinic_Acid,18
0.5,A5_Succinic_Acid,11
0.75,A5_Succinic_Acid,11
1.0,A5_Succinic_Acid,11
1.25,A5_Succinic_Acid,11
1.5,A5_Succinic_Acid,11
1.75,A5_Succinic_Acid,11
2.0,A5_Succinic_Acid,11
2.25,A5_Succinic_Acid,11
2.5,A5_Succinic_Acid,11
2.75,A5_Succinic_Acid,11
3.0,A5_Succinic_Acid,11
3.25,A5_Succinic_Acid,11
3.5,A5_Succinic_Acid,14
3.75,A5_Succinic_Acid,11
4.0,A5_Succinic_Acid,19
4.25,A5_Succinic_Acid,11
4.5,A5_Succinic_Acid,11
4.75,A5_Succinic_Acid,19
5.0,A5_Succinic_Acid,11
5.25,A5_Succinic_Acid,11
5.5,A5_Succinic_Acid,14
5.75,A5_Succinic_Acid,17
6.0,A5_Succinic_Acid,18
6.25,A5_Succinic_Acid,32
6.5,A5_Succinic_Acid,20
6.75,A5_Succinic_Acid,25
7.0,A5_Succinic_Acid,29
7.25,A5_Succinic_Acid,29
7.5,A5_Succinic_Acid,29
7.75,A5_Succinic_Acid,40
8.0,A5_Succinic_Acid,36
8.25,A5_Succinic_Acid,38
8.5,A5_Succinic_Acid,44
8.75,A5_Succinic_Acid,49
9.0,A5_Succinic_Acid,47
9.25,A5_Succinic_Acid,51
9.5,A5_Succinic_Acid,53
9.75,A5_Succinic_Acid,56
10.0,A5_Succinic_Acid,60
10.25,A5_Succinic_Acid,65
10.5,A5_Succinic_Acid,66
10.75,A5_Succinic_Acid,72
11.0,A5_Succinic_Acid,68
11.25,A5_Succinic_Acid,80
11.5,A5_Succinic_Acid,85
11.75,A5_Succinic_Acid,77
12.0,A5_Succinic_Acid,89
12.25,A5_Succinic_Acid,90
12.5,A5_Succinic_Acid,90
12.75,A5_Succinic_Acid,97
13.0,A5_Succinic_Acid,90
13.25,A5_Succinic_Acid,100
13.5,A5_Succinic_Acid,105
13.75,A5_Succinic_Acid,107
14.0,A5_Succinic_Acid,111
14.25,A5_Succinic_Acid,109
14.5,A5_Succinic_Acid,116
14.75,A5_Succinic_Acid,120
15.0,A5_Succinic_Acid,117
15.25,A5_Succinic_Acid,121
15.5,A5_Succinic_Acid,129
15.75,A5_Succinic_Acid,124
16.0,A5_Succinic_Acid,135
16.25,A5_Succinic_Acid,136
16.5,A5_Succinic_Acid,142
16.75,A5_Succinic_Acid,141
17.0,A5_Succinic_Acid,143
17.25,A5_Succinic_Acid,146
17.5,A5_Succinic_Acid,145
17.75,A5_Succinic_Acid,153
18.0,A5_Succinic_Acid,156
18.25,A5_Succinic_Acid,157
18.5,A5_Succinic_Acid,161
18.75,A5_Succinic_Acid,157
19.0,A5_Succinic_Acid,156
19.25,A5_Succinic_Acid,159
19.5,A5_Succinic_Acid,156
19.75,A5_Succinic_Acid,157
20.0,A5_Succinic_Acid,155
20.25,A5_Succinic_Acid,156
20.5,A5_Succinic_Acid,157
20.75,A5_Succinic_Acid,157
21.0,A5_Succinic_Acid,157
21.25,A5_Succinic_Acid,158
21.5,A5_Succinic_Acid,151
21.75,A5_Succinic_Acid,154
22.0,A5_Succinic_Acid,154
22.25,A5_Succinic_Acid,160
22.5,A5_Succinic_Acid,154
22.75,A5_Succinic_Acid,155
23.0,A5_Succinic_Acid,153
23.25,A5_Succinic_Acid,155
23.5,A5_Succinic_Acid,155
23.75,A5_Succinic_Acid,151
24.0,A5_Succinic_Acid,155
24.25,A5_Succinic_Acid,155
24.5,A5_Succinic_Acid,144
24.75,A5_Succinic_Acid,155
25.0,A5_Succinic_Acid,154
25.25,A5_Succinic_Acid,152
25.5,A5_Succinic_Acid,154
25.75,A5_Succinic_Acid,150
26.0,A5_Succinic_Acid,150
26.25,A5_Succinic_Acid,153
26.5,A5_Succinic_Acid,151
26.75,A5_Succinic_Acid,153
27.0,A5_Succinic_Acid,147
27.25,A5_Succinic_Acid,149
27.5,A5_Succinic_Acid,151
27.75,A5_Succinic_Acid,153
28.0,A5_Succinic_Acid,153
28.25,A5_Succinic_Acid,151
28.5,A5_Succinic_Acid,153
28.75,A5_Succinic_Acid,150
29.0,A5_Succinic_Acid,148
29.25,A5_Succinic_Acid,153
29.5,A5_Succinic_Acid,155
29.75,A5_Succinic_Acid,154
30.0,A5_Succinic_Acid,151
30.25,A5_Succinic_Acid,147
30.5,A5_Succinic_Acid,152
30.75,A5_Succinic_Acid,152
31.0,A5_Succinic_Acid,148
31.25,A5_Succinic_Acid,144
31.5,A5_Succinic_Acid,150
31.75,A5_Succinic_Acid,143
32.0,A5_Succinic_Acid,153
32.25,A5_Succinic_Acid,153
32.5,A5_Succinic_Acid,158
32.75,A5_Succinic_Acid,153
33.0,A5_Succinic_Acid,150
33.25,A5_Succinic_Acid,150
33.5,A5_Succinic_Acid,153
33.75,A5_Succinic_Acid,150
34.0,A5_Succinic_Acid,152
34.25,A5_Succinic_Acid,151
34.5,A5_Succinic_Acid,149
34.75,A5_Succinic_Acid,142
35.0,A5_Succinic_Acid,154
35.25,A5_Succinic_Acid,149
35.5,A5_Succinic_Acid,148
35.75,A5_Succinic_Acid,151
36.0,A5_Succinic_Acid,144
36.25,A5_Succinic_Acid,151
36.5,A5_Succinic_Acid,150
36.75,A5_Succinic_Acid,151
37.0,A5_Succinic_Acid,154
37.25,A5_Succinic_Acid,150
37.5,A5_Succinic_Acid,149
37.75,A5_Succinic_Acid,152
38.0,A5_Succinic_Acid,153
38.25,A5_Succinic_Acid,138
38.5,A5_Succinic_Acid,150
38.75,A5_Succinic_Acid,146
39.0,A5_Succinic_Acid,151
39.25,A5_Succinic_Acid,149
39.5,A5_Succinic_Acid,152
39.75,A5_Succinic_Acid,150
40.0,A5_Succinic_Acid,151
40.25,A5_Succinic_Acid,149
40.5,A5_Succinic_Acid,149
40.75,A5_Succinic_Acid,149
41.0,A5_Succinic_Acid,139
41.25,A5_Succinic_Acid,151
41.5,A5_Succinic_Acid,153
41.75,A5_Succinic_Acid,149
42.0,A5_Succinic_Acid,148
42.25,A5_Succinic_Acid,152
42.5,A5_Succinic_Acid,152
42.75,A5_Succinic_Acid,148
43.0,A5_Succinic_Acid,147
43.25,A5_Succinic_Acid,149
43.5,A5_Succinic_Acid,151
43.75,A5_Succinic_Acid,151
44.0,A5_Succinic_Acid,145
44.25,A5_Succinic_Acid,151
44.5,A5_Succinic_Acid,137
44.75,A5_Succinic_Acid,149
45.0,A5_Succinic_Acid,149
45.25,A5_Succinic_Acid,148
45.5,A5_Succinic_Acid,149
45.75,A5_Succinic_Acid,149
46.0,A5_Succinic_Acid,146
46.25,A5_Succinic_Acid,149
46.5,A5_Succinic_Acid,150
46.75,A5_Succinic_Acid,149
47.0,A5_Succinic_Acid,148
47.25,A5_Succinic_Acid,147
47.5,A5_Succinic_Acid,0
0.0,A6_D-Galactose,11
0.25,A6_D-Galactose,11
0.5,A6_D-Galactose,11
0.75,A6_D-Galactose,11
1.0,A6_D-Galactose,11
1.25,A6_D-Galactose,11
1.5,A6_D-Galactose,11
1.75,A6_D-Galactose,11
2.0,A6_D-Galactose,11
2.25,A6_D-Galactose,11
2.5,A6_D-Galactose,11
2.75,A6_D-Galactose,11
3.0,A6_D-Galactose,11
3.25,A6_D-Galactose,11
3.5,A6_D-Galactose,11
3.75,A6_D-Galactose,11
4.0,A6_D-Galactose,11
4.25,A6_D-Galactose,11
4.5,A6_D-Galactose,11
4.75,A6_D-Galactose,11
5.0,A6_D-Galactose,11
5.25,A6_D-Galactose,11
5.5,A6_D-Galactose,11
5.75,A6_D-Galactose,11
6.0,A6_D-Galactose,15
6.25,A6_D-Galactose,23
6.5,A6_D-Galactose,15
6.75,A6_D-Galactose,21
7.0,A6_D-Galactose,26
7.25,A6_D-Galactose,24
7.5,A6_D-Galactose,23
7.75,A6_D-Galactose,32
8.0,A6_D-Galactose,30
8.25,A6_D-Galactose,32
8.5,A6_D-Galactose,44
8.75,A6_D-Galactose,51
9.0,A6_D-Galactose,46
9.25,A6_D-Galactose,52
9.5,A6_D-Galactose,57
9.75,A6_D-Galactose,53
10.0,A6_D-Galactose,67
10.25,A6_D-Galactose,67
10.5,A6_D-Galactose,71
10.75,A6_D-Galactose,75
11.0,A6_D-Galactose,70
11.25,A6_D-Galactose,84
11.5,A6_D-Galactose,89
11.75,A6_D-Galactose,86
12.0,A6_D-Galactose,95
12.25,A6_D-Galactose,101
12.5,A6_D-Galactose,101
12.75,A6_D-Galactose,102
13.0,A6_D-Galactose,105
13.25,A6_D-Galactose,109
13.5,A6_D-Galactose,119
13.75,A6_D-Galactose,124
14.0,A6_D-Galactose,126
14.25,A6_D-Galactose,129
14.5,A6_D-Galactose,138
14.75,A6_D-Galactose,142
15.0,A6_D-Galactose,143
15.25,A6_D-Galactose,152
15.5,A6_D-Galactose,151
15.75,A6_D-Galactose,159
16.0,A6_D-Galactose,173
16.25,A6_D-Galactose,171
16.5,A6_D-Galactose,179
16.75,A6_D-Galactose,178
17.0,A6_D-Galactose,189
17.25,A6_D-Galactose,190
17.5,A6_D-Galactose,190
17.75,A6_D-Galactose,198
18.0,A6_D-Galactose,202
18.25,A6_D-Galactose,206
18.5,A6_D-Galactose,211
18.75,A6_D-Galactose,215
19.0,A6_D-Galactose,218
19.25,A6_D-Galactose,224
19.5,A6_D-Galactose,224
19.75,A6_D-Galactose,223
20.0,A6_D-Galactose,229
20.25,A6_D-Galactose,234
20.5,A6_D-Galactose,236
20.75,A6_D-Galactose,239
21.0,A6_D-Galactose,241
21.25,A6_D-Galactose,240
21.5,A6_D-Galactose,239
21.75,A6_D-Galactose,245
22.0,A6_D-Galactose,246
22.25,A6_D-Galactose,247
22.5,A6_D-Galactose,252
22.75,A6_D-Galactose,253
23.0,A6_D-Galactose,254
23.25,A6_D-Galactose,258
23.5,A6_D-Galactose,262
23.75,A6_D-Galactose,255
24.0,A6_D-Galactose,264
24.25,A6_D-Galactose,264
24.5,A6_D-Galactose,262
24.75,A6_D-Galactose,268
25.0,A6_D-Galactose,267
25.25,A6_D-Galactose,272
25.5,A6_D-Galactose,270
25.75,A6_D-Galactose,273
26.0,A6_D-Galactose,277
26.25,A6_D-Galactose,279
26.5,A6_D-Galactose,277
26.75,A6_D-Galactose,279
27.0,A6_D-Galactose,279
27.25,A6_D-Galactose,283
27.5,A6_D-Galactose,284
27.75,A6_D-Galactose,283
28.0,A6_D-Galactose,285
28.25,A6_D-Galactose,284
28.5,A6_D-Galactose,288
28.75,A6_D-Galactose,287
29.0,A6_D-Galactose,290
29.25,A6_D-Galactose,288
29.5,A6_D-Galactose,292
29.75,A6_D-Galactose,293
30.0,A6_D-Galactose,295
30.25,A6_D-Galactose,296
30.5,A6_D-Galactose,297
30.75,A6_D-Galactose,299
31.0,A6_D-Galactose,296
31.25,A6_D-Galactose,294
31.5,A6_D-Galactose,299
31.75,A6_D-Galactose,297
32.0,A6_D-Galactose,303
32.25,A6_D-Galactose,303
32.5,A6_D-Galactose,304
32.75,A6_D-Galactose,303
33.0,A6_D-Galactose,306
33.25,A6_D-Galactose,305
33.5,A6_D-Galactose,304
33.75,A6_D-Galactose,305
34.0,A6_D-Galactose,305
34.25,A6_D-Galactose,305
34.5,A6_D-Galactose,308
34.75,A6_D-Galactose,303
35.0,A6_D-Galactose,308
35.25,A6_D-Galactose,306
35.5,A6_D-Galactose,308
35.75,A6_D-Galactose,313
36.0,A6_D-Galactose,305
36.25,A6_D-Galactose,311
36.5,A6_D-Galactose,312
36.75,A6_D-Galactose,311
37.0,A6_D-Galactose,313
37.25,A6_D-Galactose,313
37.5,A6_D-Galactose,310
37.75,A6_D-Galactose,311
38.0,A6_D-Galactose,311
38.25,A6_D-Galactose,310
38.5,A6_D-Galactose,312
38.75,A6_D-Galactose,312
39.0,A6_D-Galactose,313
39.25,A6_D-Galactose,313
39.5,A6_D-Galactose,313
39.75,A6_D-Galactose,313
40.0,A6_D-Galactose,316
40.25,A6_D-Galactose,314
40.5,A6_D-Galactose,317
40.75,A6_D-Galactose,317
41.0,A6_D-Galactose,313
41.25,A6_D-Galactose,315
41.5,A6_D-Galactose,316
41.75,A6_D-Galactose,313
42.0,A6_D-Galactose,314
42.25,A6_D-Galactose,314
42.5,A6_D-Galactose,317
42.75,A6_D-Galactose,318
43.0,A6_D-Galactose,317
43.25,A6_D-Galactose,318
43.5,A6_D-Galactose,315
43.75,A6_D-Galactose,318
44.0,A6_D-Galactose,314
44.25,A6_D-Galactose,317
44.5,A6_D-Galactose,311
44.75,A6_D-Galactose,318
45.0,A6_D-Galactose,314
45.25,A6_D-Galactose,317
45.5,A6_D-Galactose,315
45.75,A6_D-Galactose,316
46.0,A6_D-Galactose,313
46.25,A6_D-Galactose,315
46.5,A6_D-Galactose,314
46.75,A6_D-Galactose,313
47.0,A6_D-Galactose,312
47.25,A6_D-Galactose,314
47.5,A6_D-Galactose,0
0.0,A7_L-Aspartic_Acid,11
0.25,A7_L-Aspartic_Acid,11
0.5,A7_L-Aspartic_Acid,11
0.75,A7_L-Aspartic_Acid,11
1.0,A7_L-Aspartic_Acid,11
1.25,A7_L-Aspartic_Acid,11
1.5,A7_L-Aspartic_Acid,11
1.75,A7_L-Aspartic_Acid,11
2.0,A7_L-Aspartic_Acid,11
2.25,A7_L-Aspartic_Acid,11
2.5,A7_L-Aspartic_Acid,11
2.75,A7_L-Aspartic_Acid,11
3.0,A7_L-Aspartic_Acid,11
3.25,A7_L-Aspartic_Acid,11
3.5,A7_L-Aspartic_Acid,11
3.75,A7_L-Aspartic_Acid,11
4.0,A7_L-Aspartic_Acid,11
4.25,A7_L-Aspartic_Acid,11
4.5,A7_L-Aspartic_Acid,11
4.75,A7_L-Aspartic_Acid,11
5.0,A7_L-Aspartic_Acid,11
5.25,A7_L-Aspartic_Acid,11
5.5,A7_L-Aspartic_Acid,11
5.75,A7_L-Aspartic_Acid,16
6.0,A7_L-Aspartic_Acid,13
6.25,A7_L-Aspartic_Acid,13
6.5,A7_L-Aspartic_Acid,17
6.75,A7_L-Aspartic_Acid,12
7.0,A7_L-Aspartic_Acid,18
7.25,A7_L-Aspartic_Acid,17
7.5,A7_L-Aspartic_Acid,18
7.75,A7_L-Aspartic_Acid,22
8.0,A7_L-Aspartic_Acid,25
8.25,A7_L-Aspartic_Acid,22
8.5,A7_L-Aspartic_Acid,26
8.75,A7_L-Aspartic_Acid,27
9.0,A7_L-Aspartic_Acid,30
9.25,A7_L-Aspartic_Acid,28
9.5,A7_L-Aspartic_Acid,29
9.75,A7_L-Aspartic_Acid,32
10.0,A7_L-Aspartic_Acid,32
10.25,A7_L-Aspartic_Acid,33
10.5,A7_L-Aspartic_Acid,35
10.75,A7_L-Aspartic_Acid,34
11.0,A7_L-Aspartic_Acid,37
11.25,A7_L-Aspartic_Acid,41
11.5,A7_L-Aspartic_Acid,44
11.75,A7_L-Aspartic_Acid,41
12.0,A7_L-Aspartic_Acid,47
12.25,A7_L-Aspartic_Acid,50
12.5,A7_L-Aspartic_Acid,47
12.75,A7_L-Aspartic_Acid,44
13.0,A7_L-Aspartic_Acid,47
13.25,A7_L-Aspartic_Acid,50
13.5,A7_L-Aspartic_Acid,56
13.75,A7_L-Aspartic_Acid,51
14.0,A7_L-Aspartic_Acid,56
14.25,A7_L-Aspartic_Acid,51
14.5,A7_L-Aspartic_Acid,57
14.75,A7_L-Aspartic_Acid,60
15.0,A7_L-Aspartic_Acid,58
15.25,A7_L-Aspartic_Acid,63
15.5,A7_L-Aspartic_Acid,57
15.75,A7_L-Aspartic_Acid,63
16.0,A7_L-Aspartic_Acid,65
16.25,A7_L-Aspartic_Acid,66
16.5,A7_L-Aspartic_Acid,69
16.75,A7_L-Aspartic_Acid,60
17.0,A7_L-Aspartic_Acid,65
17.25,A7_L-Aspartic_Acid,71
17.5,A7_L-Aspartic_Acid,68
17.75,A7_L-Aspartic_Acid,73
18.0,A7_L-Aspartic_Acid,71
18.25,A7_L-Aspartic_Acid,73
18.5,A7_L-Aspartic_Acid,79
18.75,A7_L-Aspartic_Acid,78
19.0,A7_L-Aspartic_Acid,81
19.25,A7_L-Aspartic_Acid,80
19.5,A7_L-Aspartic_Acid,79
19.75,A7_L-Aspartic_Acid,79
20.0,A7_L-Aspartic_Acid,83
20.25,A7_L-Aspartic_Acid,80
20.5,A7_L-Aspartic_Acid,80
20.75,A7_L-Aspartic_Acid,88
21.0,A7_L-Aspartic_Acid,83
21.25,A7_L-Aspartic_Acid,85
21.5,A7_L-Aspartic_Acid,85
21.75,A7_L-Aspartic_Acid,89
22.0,A7_L-Aspartic_Acid,88
22.25,A7_L-Aspartic_Acid,86
22.5,A7_L-Aspartic_Acid,87
22.75,A7_L-Aspartic_Acid,86
23.0,A7_L-Aspartic_Acid,92
23.25,A7_L-Aspartic_Acid,92
23.5,A7_L-Aspartic_Acid,88
23.75,A7_L-Aspartic_Acid,94
24.0,A7_L-Aspartic_Acid,93
24.25,A7_L-Aspartic_Acid,92
24.5,A7_L-Aspartic_Acid,91
24.75,A7_L-Aspartic_Acid,96
25.0,A7_L-Aspartic_Acid,94
25.25,A7_L-Aspartic_Acid,93
25.5,A7_L-Aspartic_Acid,92
25.75,A7_L-Aspartic_Acid,98
26.0,A7_L-Aspartic_Acid,93
26.25,A7_L-Aspartic_Acid,101
26.5,A7_L-Aspartic_Acid,96
26.75,A7_L-Aspartic_Acid,92
27.0,A7_L-Aspartic_Acid,96
27.25,A7_L-Aspartic_Acid,96
27.5,A7_L-Aspartic_Acid,96
27.75,A7_L-Aspartic_Acid,105
28.0,A7_L-Aspartic_Acid,104
28.25,A7_L-Aspartic_Acid,99
28.5,A7_L-Aspartic_Acid,101
28.75,A7_L-Aspartic_Acid,104
29.0,A7_L-Aspartic_Acid,98
29.25,A7_L-Aspartic_Acid,99
29.5,A7_L-Aspartic_Acid,99
29.75,A7_L-Aspartic_Acid,104
30.0,A7_L-Aspartic_Acid,100
30.25,A7_L-Aspartic_Acid,104
30.5,A7_L-Aspartic_Acid,104
30.75,A7_L-Aspartic_Acid,104
31.0,A7_L-Aspartic_Acid,106
31.25,A7_L-Aspartic_Acid,104
31.5,A7_L-Aspartic_Acid,107
31.75,A7_L-Aspartic_Acid,104
32.0,A7_L-Aspartic_Acid,111
32.25,A7_L-Aspartic_Acid,110
32.5,A7_L-Aspartic_Acid,113
32.75,A7_L-Aspartic_Acid,115
33.0,A7_L-Aspartic_Acid,108
33.25,A7_L-Aspartic_Acid,112
33.5,A7_L-Aspartic_Acid,113
33.75,A7_L-Aspartic_Acid,117
34.0,A7_L-Aspartic_Acid,115
34.25,A7_L-Aspartic_Acid,111
34.5,A7_L-Aspartic_Acid,117
34.75,A7_L-Aspartic_Acid,112
35.0,A7_L-Aspartic_Acid,119
35.25,A7_L-Aspartic_Acid,117
35.5,A7_L-Aspartic_Acid,112
35.75,A7_L-Aspartic_Acid,121
36.0,A7_L-Aspartic_Acid,116
36.25,A7_L-Aspartic_Acid,119
36.5,A7_L-Aspartic_Acid,118
36.75,A7_L-Aspartic_Acid,123
37.0,A7_L-Aspartic_Acid,118
37.25,A7_L-Aspartic_Acid,121
37.5,A7_L-Aspartic_Acid,122
37.75,A7_L-Aspartic_Acid,125
38.0,A7_L-Aspartic_Acid,122
38.25,A7_L-Aspartic_Acid,120
38.5,A7_L-Aspartic_Acid,127
38.75,A7_L-Aspartic_Acid,124
39.0,A7_L-Aspartic_Acid,128
39.25,A7_L-Aspartic_Acid,124
39.5,A7_L-Aspartic_Acid,128
39.75,A7_L-Aspartic_Acid,124
40.0,A7_L-Aspartic_Acid,129
40.25,A7_L-Aspartic_Acid,125
40.5,A7_L-Aspartic_Acid,123
40.75,A7_L-Aspartic_Acid,124
41.0,A7_L-Aspartic_Acid,122
41.25,A7_L-Aspartic_Acid,123
41.5,A7_L-Aspartic_Acid,122
41.75,A7_L-Aspartic_Acid,122
42.0,A7_L-Aspartic_Acid,124
42.25,A7_L-Aspartic_Acid,122
42.5,A7_L-Aspartic_Acid,123
42.75,A7_L-Aspartic_Acid,124
43.0,A7_L-Aspartic_Acid,122
43.25,A7_L-Aspartic_Acid,120
43.5,A7_L-Aspartic_Acid,122
43.75,A7_L-Aspartic_Acid,124
44.0,A7_L-Aspartic_Acid,122
44.25,A7_L-Aspartic_Acid,121
44.5,A7_L-Aspartic_Acid,114
44.75,A7_L-Aspartic_Acid,124
45.0,A7_L-Aspartic_Acid,122
45.25,A7_L-Aspartic_Acid,122
45.5,A7_L-Aspartic_Acid,127
45.75,A7_L-Aspartic_Acid,120
46.0,A7_L-Aspartic_Acid,120
46.25,A7_L-Aspartic_Acid,120
46.5,A7_L-Aspartic_Acid,120
46.75,A7_L-Aspartic_Acid,122
47.0,A7_L-Aspartic_Acid,117
47.25,A7_L-Aspartic_Acid,121
47.5,A7_L-Aspartic_Acid,0
0.0,A8_L-Proline,27
0.25,A8_L-Proline,11
0.5,A8_L-Proline,15
0.75,A8_L-Proline,15
1.0,A8_L-Proline,17
1.25,A8_L-Proline,13
1.5,A8_L-Proline,16
1.75,A8_L-Proline,12
2.0,A8_L-Proline,12
2.25,A8_L-Proline,12
2.5,A8_L-Proline,11
2.75,A8_L-Proline,12
3.0,A8_L-Proline,11
3.25,A8_L-Proline,11
3.5,A8_L-Proline,11
3.75,A8_L-Proline,11
4.0,A8_L-Proline,11
4.25,A8_L-Proline,12
4.5,A8_L-Proline,11
4.75,A8_L-Proline,11
5.0,A8_L-Proline,11
5.25,A8_L-Proline,11
5.5,A8_L-Proline,14
5.75,A8_L-Proline,13
6.0,A8_L-Proline,15
6.25,A8_L-Proline,17
6.5,A8_L-Proline,20
6.75,A8_L-Proline,19
7.0,A8_L-Proline,24
7.25,A8_L-Proline,22
7.5,A8_L-Proline,25
7.75,A8_L-Proline,30
8.0,A8_L-Proline,31
8.25,A8_L-Proline,27
8.5,A8_L-Proline,30
8.75,A8_L-Proline,33
9.0,A8_L-Proline,36
9.25,A8_L-Proline,34
9.5,A8_L-Proline,37
9.75,A8_L-Proline,37
10.0,A8_L-Proline,39
10.25,A8_L-Proline,39
10.5,A8_L-Proline,39
10.75,A8_L-Proline,44
11.0,A8_L-Proline,45
11.25,A8_L-Proline,52
11.5,A8_L-Proline,56
11.75,A8_L-Proline,54
12.0,A8_L-Proline,59
12.25,A8_L-Proline,59
12.5,A8_L-Proline,57
12.75,A8_L-Proline,60
13.0,A8_L-Proline,59
13.25,A8_L-Proline,62
13.5,A8_L-Proline,62
13.75,A8_L-Proline,67
14.0,A8_L-Proline,68
14.25,A8_L-Proline,67
14.5,A8_L-Proline,67
14.75,A8_L-Proline,73
15.0,A8_L-Proline,75
15.25,A8_L-Proline,77
15.5,A8_L-Proline,73
15.75,A8_L-Proline,78
16.0,A8_L-Proline,82
16.25,A8_L-Proline,79
16.5,A8_L-Proline,84
16.75,A8_L-Proline,85
17.0,A8_L-Proline,85
17.25,A8_L-Proline,91
17.5,A8_L-Proline,90
17.75,A8_L-Proline,93
18.0,A8_L-Proline,94
18.25,A8_L-Proline,97
18.5,A8_L-Proline,98
18.75,A8_L-Proline,103
19.0,A8_L-Proline,104
19.25,A8_L-Proline,100
19.5,A8_L-Proline,102
19.75,A8_L-Proline,103
20.0,A8_L-Proline,108
20.25,A8_L-Proline,111
20.5,A8_L-Proline,111
20.75,A8_L-Proline,112
21.0,A8_L-Proline,114
21.25,A8_L-Proline,118
21.5,A8_L-Proline,114
21.75,A8_L-Proline,116
22.0,A8_L-Proline,121
22.25,A8_L-Proline,119
22.5,A8_L-Proline,119
22.75,A8_L-Proline,122
23.0,A8_L-Proline,125
23.25,A8_L-Proline,127
23.5,A8_L-Proline,129
23.75,A8_L-Proline,129
24.0,A8_L-Proline,127
24.25,A8_L-Proline,132
24.5,A8_L-Proline,130
24.75,A8_L-Proline,135
25.0,A8_L-Proline,136
25.25,A8_L-Proline,139
25.5,A8_L-Proline,136
25.75,A8_L-Proline,139
26.0,A8_L-Proline,142
26.25,A8_L-Proline,144
26.5,A8_L-Proline,143
26.75,A8_L-Proline,148
27.0,A8_L-Proline,145
27.25,A8_L-Proline,146
27.5,A8_L-Proline,149
27.75,A8_L-Proline,152
28.0,A8_L-Proline,150
28.25,A8_L-Proline,153
28.5,A8_L-Proline,149
28.75,A8_L-Proline,154
29.0,A8_L-Proline,153
29.25,A8_L-Proline,155
29.5,A8_L-Proline,159
29.75,A8_L-Proline,159
30.0,A8_L-Proline,162
30.25,A8_L-Proline,161
30.5,A8_L-Proline,166
30.75,A8_L-Proline,162
31.0,A8_L-Proline,164
31.25,A8_L-Proline,170
31.5,A8_L-Proline,172
31.75,A8_L-Proline,170
32.0,A8_L-Proline,173
32.25,A8_L-Proline,176
32.5,A8_L-Proline,176
32.75,A8_L-Proline,175
33.0,A8_L-Proline,176
33.25,A8_L-Proline,178
33.5,A8_L-Proline,180
33.75,A8_L-Proline,186
34.0,A8_L-Proline,181
34.25,A8_L-Proline,185
34.5,A8_L-Proline,188
34.75,A8_L-Proline,188
35.0,A8_L-Proline,192
35.25,A8_L-Proline,191
35.5,A8_L-Proline,191
35.75,A8_L-Proline,193
36.0,A8_L-Proline,194
36.25,A8_L-Proline,197
36.5,A8_L-Proline,196
36.75,A8_L-Proline,200
37.0,A8_L-Proline,203
37.25,A8_L-Proline,202
37.5,A8_L-Proline,202
37.75,A8_L-Proline,202
38.0,A8_L-Proline,206
38.25,A8_L-Proline,208
38.5,A8_L-Proline,212
38.75,A8_L-Proline,207
39.0,A8_L-Proline,207
39.25,A8_L-Proline,215
39.5,A8_L-Proline,215
39.75,A8_L-Proline,215
40.0,A8_L-Proline,216
40.25,A8_L-Proline,218
40.5,A8_L-Proline,220
40.75,A8_L-Proline,222
41.0,A8_L-Proline,223
41.25,A8_L-Proline,227
41.5,A8_L-Proline,228
41.75,A8_L-Proline,229
42.0,A8_L-Proline,229
42.25,A8_L-Proline,231
42.5,A8_L-Proline,234
42.75,A8_L-Proline,235
43.0,A8_L-Proline,232
43.25,A8_L-Proline,237
43.5,A8_L-Proline,237
43.75,A8_L-Proline,239
44.0,A8_L-Proline,242
44.25,A8_L-Proline,239
44.5,A8_L-Proline,244
44.75,A8_L-Proline,246
45.0,A8_L-Proline,246
45.25,A8_L-Proline,248
45.5,A8_L-Proline,248
45.75,A8_L-Proline,249
46.0,A8_L-Proline,251
46.25,A8_L-Proline,251
46.5,A8_L-Proline,252
46.75,A8_L-Proline,252
47.0,A8_L-Proline,253
47.25,A8_L-Proline,256
47.5,A8_L-Proline,0
0.0,A9_D-Alanine,11
0.25,A9_D-Alanine,11
0.5,A9_D-Alanine,16
0.75,A9_D-Alanine,20
1.0,A9_D-Alanine,25
1.25,A9_D-Alanine,15
1.5,A9_D-Alanine,22
1.75,A9_D-Alanine,12
2.0,A9_D-Alanine,13
2.25,A9_D-Alanine,11
2.5,A9_D-Alanine,11
2.75,A9_D-Alanine,14
3.0,A9_D-Alanine,14
3.25,A9_D-Alanine,11
3.5,A9_D-Alanine,11
3.75,A9_D-Alanine,11
4.0,A9_D-Alanine,14
4.25,A9_D-Alanine,14
4.5,A9_D-Alanine,13
4.75,A9_D-Alanine,11
5.0,A9_D-Alanine,15
5.25,A9_D-Alanine,14
5.5,A9_D-Alanine,14
5.75,A9_D-Alanine,17
6.0,A9_D-Alanine,14
6.25,A9_D-Alanine,14
6.5,A9_D-Alanine,12
6.75,A9_D-Alanine,11
7.0,A9_D-Alanine,18
7.25,A9_D-Alanine,16
7.5,A9_D-Alanine,19
7.75,A9_D-Alanine,20
8.0,A9_D-Alanine,22
8.25,A9_D-Alanine,18
8.5,A9_D-Alanine,22
8.75,A9_D-Alanine,19
9.0,A9_D-Alanine,18
9.25,A9_D-Alanine,20
9.5,A9_D-Alanine,15
9.75,A9_D-Alanine,21
10.0,A9_D-Alanine,14
10.25,A9_D-Alanine,14
10.5,A9_D-Alanine,17
10.75,A9_D-Alanine,20
11.0,A9_D-Alanine,21
11.25,A9_D-Alanine,23
11.5,A9_D-Alanine,21
11.75,A9_D-Alanine,21
12.0,A9_D-Alanine,22
12.25,A9_D-Alanine,18
12.5,A9_D-Alanine,18
12.75,A9_D-Alanine,19
13.0,A9_D-Alanine,20
13.25,A9_D-Alanine,21
13.5,A9_D-Alanine,19
13.75,A9_D-Alanine,19
14.0,A9_D-Alanine,18
14.25,A9_D-Alanine,19
14.5,A9_D-Alanine,19
14.75,A9_D-Alanine,18
15.0,A9_D-Alanine,18
15.25,A9_D-Alanine,19
15.5,A9_D-Alanine,15
15.75,A9_D-Alanine,16
16.0,A9_D-Alanine,19
16.25,A9_D-Alanine,18
16.5,A9_D-Alanine,19
16.75,A9_D-Alanine,18
17.0,A9_D-Alanine,18
17.25,A9_D-Alanine,19
17.5,A9_D-Alanine,16
17.75,A9_D-Alanine,20
18.0,A9_D-Alanine,20
18.25,A9_D-Alanine,19
18.5,A9_D-Alanine,22
18.75,A9_D-Alanine,21
19.0,A9_D-Alanine,20
19.25,A9_D-Alanine,21
19.5,A9_D-Alanine,20
19.75,A9_D-Alanine,18
20.0,A9_D-Alanine,21
20.25,A9_D-Alanine,21
20.5,A9_D-Alanine,24
20.75,A9_D-Alanine,22
21.0,A9_D-Alanine,21
21.25,A9_D-Alanine,19
21.5,A9_D-Alanine,22
21.75,A9_D-Alanine,20
22.0,A9_D-Alanine,20
22.25,A9_D-Alanine,25
22.5,A9_D-Alanine,23
22.75,A9_D-Alanine,20
23.0,A9_D-Alanine,23
23.25,A9_D-Alanine,24
23.5,A9_D-Alanine,24
23.75,A9_D-Alanine,23
24.0,A9_D-Alanine,23
24.25,A9_D-Alanine,23
24.5,A9_D-Alanine,24
24.75,A9_D-Alanine,23
25.0,A9_D-Alanine,22
25.25,A9_D-Alanine,25
25.5,A9_D-Alanine,23
25.75,A9_D-Alanine,26
26.0,A9_D-Alanine,24
26.25,A9_D-Alanine,21
26.5,A9_D-Alanine,24
26.75,A9_D-Alanine,22
27.0,A9_D-Alanine,25
27.25,A9_D-Alanine,22
27.5,A9_D-Alanine,23
27.75,A9_D-Alanine,23
28.0,A9_D-Alanine,23
28.25,A9_D-Alanine,20
28.5,A9_D-Alanine,26
28.75,A9_D-Alanine,23
29.0,A9_D-Alanine,22
29.25,A9_D-Alanine,21
29.5,A9_D-Alanine,23
29.75,A9_D-Alanine,24
30.0,A9_D-Alanine,20
30.25,A9_D-Alanine,22
30.5,A9_D-Alanine,24
30.75,A9_D-Alanine,19
31.0,A9_D-Alanine,20
31.25,A9_D-Alanine,24
31.5,A9_D-Alanine,24
31.75,A9_D-Alanine,24
32.0,A9_D-Alanine,24
32.25,A9_D-Alanine,25
32.5,A9_D-Alanine,24
32.75,A9_D-Alanine,22
33.0,A9_D-Alanine,28
33.25,A9_D-Alanine,24
33.5,A9_D-Alanine,25
33.75,A9_D-Alanine,25
34.0,A9_D-Alanine,23
34.25,A9_D-Alanine,22
34.5,A9_D-Alanine,29
34.75,A9_D-Alanine,24
35.0,A9_D-Alanine,27
35.25,A9_D-Alanine,27
35.5,A9_D-Alanine,29
35.75,A9_D-Alanine,27
36.0,A9_D-Alanine,25
36.25,A9_D-Alanine,24
36.5,A9_D-Alanine,27
36.75,A9_D-Alanine,27
37.0,A9_D-Alanine,31
37.25,A9_D-Alanine,24
37.5,A9_D-Alanine,20
37.75,A9_D-Alanine,28
38.0,A9_D-Alanine,26
38.25,A9_D-Alanine,27
38.5,A9_D-Alanine,29
38.75,A9_D-Alanine,22
39.0,A9_D-Alanine,25
39.25,A9_D-Alanine,24
39.5,A9_D-Alanine,23
39.75,A9_D-Alanine,29
40.0,A9_D-Alanine,17
40.25,A9_D-Alanine,26
40.5,A9_D-Alanine,24
40.75,A9_D-Alanine,26
41.0,A9_D-Alanine,26
41.25,A9_D-Alanine,28
41.5,A9_D-Alanine,29
41.75,A9_D-Alanine,24
42.0,A9_D-Alanine,23
42.25,A9_D-Alanine,26
42.5,A9_D-Alanine,25
42.75,A9_D-Alanine,27
43.0,A9_D-Alanine,27
43.25,A9_D-Alanine,25
43.5,A9_D-Alanine,24
43.75,A9_D-Alanine,24
44.0,A9_D-Alanine,27
44.25,A9_D-Alanine,24
44.5,A9_D-Alanine,27
44.75,A9_D-Alanine,32
45.0,A9_D-Alanine,24
45.25,A9_D-Alanine,23
45.5,A9_D-Alanine,26
45.75,A9_D-Alanine,28
46.0,A9_D-Alanine,26
46.25,A9_D-Alanine,27
46.5,A9_D-Alanine,25
46.75,A9_D-Alanine,26
47.0,A9_D-Alanine,24
47.25,A9_D-Alanine,23
47.5,A9_D-Alanine,0
0.0,A10_D-Trehalose,39
0.25,A10_D-Trehalose,11
0.5,A10_D-Trehalose,11
0.75,A10_D-Trehalose,11
1.0,A10_D-Trehalose,11
1.25,A10_D-Trehalose,11
1.5,A10_D-Trehalose,11
1.75,A10_D-Trehalose,11
2.0,A10_D-Trehalose,11
2.25,A10_D-Trehalose,11
2.5,A10_D-Trehalose,11
2.75,A10_D-Trehalose,11
3.0,A10_D-Trehalose,11
3.25,A10_D-Trehalose,11
3.5,A10_D-Trehalose,11
3.75,A10_D-Trehalose,11
4.0,A10_D-Trehalose,11
4.25,A10_D-Trehalose,11
4.5,A10_D-Trehalose,11
4.75,A10_D-Trehalose,11
5.0,A10_D-Trehalose,11
5.25,A10_D-Trehalose,11
5.5,A10_D-Trehalose,11
5.75,A10_D-Trehalose,11
6.0,A10_D-Trehalose,11
6.25,A10_D-Trehalose,11
6.5,A10_D-Trehalose,11
6.75,A10_D-Trehalose,11
7.0,A10_D-Trehalose,13
7.25,A10_D-Trehalose,11
7.5,A10_D-Trehalose,11
7.75,A10_D-Trehalose,11
8.0,A10_D-Trehalose,12
8.25,A10_D-Trehalose,14
8.5,A10_D-Trehalose,15
8.75,A10_D-Trehalose,13
9.0,A10_D-Trehalose,11
9.25,A10_D-Trehalose,12
9.5,A10_D-Trehalose,12
9.75,A10_D-Trehalose,11
10.0,A10_D-Trehalose,11
10.25,A10_D-Trehalose,13
10.5,A10_D-Trehalose,12
10.75,A10_D-Trehalose,12
11.0,A10_D-Trehalose,12
11.25,A10_D-Trehalose,15
11.5,A10_D-Trehalose,18
11.75,A10_D-Trehalose,15
12.0,A10_D-Trehalose,18
12.25,A10_D-Trehalose,18
12.5,A10_D-Trehalose,15
12.75,A10_D-Trehalose,13
13.0,A10_D-Trehalose,14
13.25,A10_D-Trehalose,15
13.5,A10_D-Trehalose,14
13.75,A10_D-Trehalose,18
14.0,A10_D-Trehalose,22
14.25,A10_D-Trehalose,16
14.5,A10_D-Trehalose,12
14.75,A10_D-Trehalose,17
15.0,A10_D-Trehalose,13
15.25,A10_D-Trehalose,11
15.5,A10_D-Trehalose,20
15.75,A10_D-Trehalose,13
16.0,A10_D-Trehalose,17
16.25,A10_D-Trehalose,18
16.5,A10_D-Trehalose,19
16.75,A10_D-Trehalose,18
17.0,A10_D-Trehalose,18
17.25,A10_D-Trehalose,12
17.5,A10_D-Trehalose,15
17.75,A10_D-Trehalose,18
18.0,A10_D-Trehalose,21
18.25,A10_D-Trehalose,25
18.5,A10_D-Trehalose,27
18.75,A10_D-Trehalose,17
19.0,A10_D-Trehalose,16
19.25,A10_D-Trehalose,18
19.5,A10_D-Trehalose,19
19.75,A10_D-Trehalose,22
20.0,A10_D-Trehalose,21
20.25,A10_D-Trehalose,20
20.5,A10_D-Trehalose,27
20.75,A10_D-Trehalose,23
21.0,A10_D-Trehalose,26
21.25,A10_D-Trehalose,20
21.5,A10_D-Trehalose,23
21.75,A10_D-Trehalose,25
22.0,A10_D-Trehalose,25
22.25,A10_D-Trehalose,26
22.5,A10_D-Trehalose,28
22.75,A10_D-Trehalose,22
23.0,A10_D-Trehalose,25
23.25,A10_D-Trehalose,24
23.5,A10_D-Trehalose,25
23.75,A10_D-Trehalose,23
24.0,A10_D-Trehalose,25
24.25,A10_D-Trehalose,28
24.5,A10_D-Trehalose,19
24.75,A10_D-Trehalose,26
25.0,A10_D-Trehalose,26
25.25,A10_D-Trehalose,30
25.5,A10_D-Trehalose,26
25.75,A10_D-Trehalose,27
26.0,A10_D-Trehalose,26
26.25,A10_D-Trehalose,27
26.5,A10_D-Trehalose,31
26.75,A10_D-Trehalose,26
27.0,A10_D-Trehalose,30
27.25,A10_D-Trehalose,25
27.5,A10_D-Trehalose,30
27.75,A10_D-Trehalose,29
28.0,A10_D-Trehalose,28
28.25,A10_D-Trehalose,29
28.5,A10_D-Trehalose,33
28.75,A10_D-Trehalose,32
29.0,A10_D-Trehalose,35
29.25,A10_D-Trehalose,31
29.5,A10_D-Trehalose,29
29.75,A10_D-Trehalose,36
30.0,A10_D-Trehalose,30
30.25,A10_D-Trehalose,29
30.5,A10_D-Trehalose,34
30.75,A10_D-Trehalose,37
31.0,A10_D-Trehalose,36
31.25,A10_D-Trehalose,27
31.5,A10_D-Trehalose,33
31.75,A10_D-Trehalose,28
32.0,A10_D-Trehalose,35
32.25,A10_D-Trehalose,40
32.5,A10_D-Trehalose,38
32.75,A10_D-Trehalose,36
33.0,A10_D-Trehalose,35
33.25,A10_D-Trehalose,35
33.5,A10_D-Trehalose,34
33.75,A10_D-Trehalose,40
34.0,A10_D-Trehalose,32
34.25,A10_D-Trehalose,30
34.5,A10_D-Trehalose,37
34.75,A10_D-Trehalose,29
35.0,A10_D-Trehalose,31
35.25,A10_D-Trehalose,34
35.5,A10_D-Trehalose,29
35.75,A10_D-Trehalose,30
36.0,A10_D-Trehalose,27
36.25,A10_D-Trehalose,31
36.5,A10_D-Trehalose,32
36.75,A10_D-Trehalose,30
37.0,A10_D-Trehalose,30
37.25,A10_D-Trehalose,25
37.5,A10_D-Trehalose,26
37.75,A10_D-Trehalose,30
38.0,A10_D-Trehalose,24
38.25,A10_D-Trehalose,22
38.5,A10_D-Trehalose,31
38.75,A10_D-Trehalose,26
39.0,A10_D-Trehalose,23
39.25,A10_D-Trehalose,25
39.5,A10_D-Trehalose,29
39.75,A10_D-Trehalose,34
40.0,A10_D-Trehalose,33
40.25,A10_D-Trehalose,28
40.5,A10_D-Trehalose,31
40.75,A10_D-Trehalose,29
41.0,A10_D-Trehalose,24
41.25,A10_D-Trehalose,29
41.5,A10_D-Trehalose,33
41.75,A10_D-Trehalose,25
42.0,A10_D-Trehalose,26
42.25,A10_D-Trehalose,24
42.5,A10_D-Trehalose,32
42.75,A10_D-Trehalose,32
43.0,A10_D-Trehalose,32
43.25,A10_D-Trehalose,34
43.5,A10_D-Trehalose,30
43.75,A10_D-Trehalose,35
44.0,A10_D-Trehalose,39
44.25,A10_D-Trehalose,36
44.5,A10_D-Trehalose,28
44.75,A10_D-Trehalose,38
45.0,A10_D-Trehalose,43
45.25,A10_D-Trehalose,41
45.5,A10_D-Trehalose,39
45.75,A10_D-Trehalose,41
46.0,A10_D-Trehalose,38
46.25,A10_D-Trehalose,38
46.5,A10_D-Trehalose,38
46.75,A10_D-Trehalose,38
47.0,A10_D-Trehalose,40
47.25,A10_D-Trehalose,41
47.5,A10_D-Trehalose,0
0.0,A11_D-Mannose,16
0.25,A11_D-Mannose,18
0.5,A11_D-Mannose,18
0.75,A11_D-Mannose,20
1.0,A11_D-Mannose,22
1.25,A11_D-Mannose,15
1.5,A11_D-Mannose,23
1.75,A11_D-Mannose,19
2.0,A11_D-Mannose,19
2.25,A11_D-Mannose,17
2.5,A11_D-Mannose,17
2.75,A11_D-Mannose,22
3.0,A11_D-Mannose,22
3.25,A11_D-Mannose,14
3.5,A11_D-Mannose,15
3.75,A11_D-Mannose,17
4.0,A11_D-Mannose,17
4.25,A11_D-Mannose,21
4.5,A11_D-Mannose,21
4.75,A11_D-Mannose,24
5.0,A11_D-Mannose,20
5.25,A11_D-Mannose,22
5.5,A11_D-Mannose,19
5.75,A11_D-Mannose,25
6.0,A11_D-Mannose,23
6.25,A11_D-Mannose,31
6.5,A11_D-Mannose,28
6.75,A11_D-Mannose,34
7.0,A11_D-Mannose,34
7.25,A11_D-Mannose,29
7.5,A11_D-Mannose,36
7.75,A11_D-Mannose,35
8.0,A11_D-Mannose,40
8.25,A11_D-Mannose,40
8.5,A11_D-Mannose,51
8.75,A11_D-Mannose,50
9.0,A11_D-Mannose,48
9.25,A11_D-Mannose,49
9.5,A11_D-Mannose,57
9.75,A11_D-Mannose,60
10.0,A11_D-Mannose,62
10.25,A11_D-Mannose,62
10.5,A11_D-Mannose,63
10.75,A11_D-Mannose,69
11.0,A11_D-Mannose,68
11.25,A11_D-Mannose,72
11.5,A11_D-Mannose,78
11.75,A11_D-Mannose,78
12.0,A11_D-Mannose,83
12.25,A11_D-Mannose,85
12.5,A11_D-Mannose,86
12.75,A11_D-Mannose,89
13.0,A11_D-Mannose,88
13.25,A11_D-Mannose,94
13.5,A11_D-Mannose,99
13.75,A11_D-Mannose,100
14.0,A11_D-Mannose,105
14.25,A11_D-Mannose,107
14.5,A11_D-Mannose,108
14.75,A11_D-Mannose,118
15.0,A11_D-Mannose,118
15.25,A11_D-Mannose,122
15.5,A11_D-Mannose,126
15.75,A11_D-Mannose,128
16.0,A11_D-Mannose,135
16.25,A11_D-Mannose,137
16.5,A11_D-Mannose,138
16.75,A11_D-Mannose,141
17.0,A11_D-Mannose,148
17.25,A11_D-Mannose,149
17.5,A11_D-Mannose,155
17.75,A11_D-Mannose,158
18.0,A11_D-Mannose,164
18.25,A11_D-Mannose,167
18.5,A11_D-Mannose,172
18.75,A11_D-Mannose,173
19.0,A11_D-Mannose,177
19.25,A11_D-Mannose,181
19.5,A11_D-Mannose,181
19.75,A11_D-Mannose,190
20.0,A11_D-Mannose,191
20.25,A11_D-Mannose,194
20.5,A11_D-Mannose,195
20.75,A11_D-Mannose,200
21.0,A11_D-Mannose,205
21.25,A11_D-Mannose,203
21.5,A11_D-Mannose,207
21.75,A11_D-Mannose,209
22.0,A11_D-Mannose,212
22.25,A11_D-Mannose,220
22.5,A11_D-Mannose,219
22.75,A11_D-Mannose,223
23.0,A11_D-Mannose,228
23.25,A11_D-Mannose,227
23.5,A11_D-Mannose,232
23.75,A11_D-Mannose,233
24.0,A11_D-Mannose,238
24.25,A11_D-Mannose,238
24.5,A11_D-Mannose,238
24.75,A11_D-Mannose,244
25.0,A11_D-Mannose,242
25.25,A11_D-Mannose,246
25.5,A11_D-Mannose,247
25.75,A11_D-Mannose,252
26.0,A11_D-Mannose,253
26.25,A11_D-Mannose,255
26.5,A11_D-Mannose,255
26.75,A11_D-Mannose,256
27.0,A11_D-Mannose,257
27.25,A11_D-Mannose,258
27.5,A11_D-Mannose,263
27.75,A11_D-Mannose,263
28.0,A11_D-Mannose,266
28.25,A11_D-Mannose,267
28.5,A11_D-Mannose,266
28.75,A11_D-Mannose,268
29.0,A11_D-Mannose,268
29.25,A11_D-Mannose,267
29.5,A11_D-Mannose,269
29.75,A11_D-Mannose,271
30.0,A11_D-Mannose,271
30.25,A11_D-Mannose,272
30.5,A11_D-Mannose,273
30.75,A11_D-Mannose,274
31.0,A11_D-Mannose,276
31.25,A11_D-Mannose,276
31.5,A11_D-Mannose,281
31.75,A11_D-Mannose,278
32.0,A11_D-Mannose,281
32.25,A11_D-Mannose,279
32.5,A11_D-Mannose,282
32.75,A11_D-Mannose,280
33.0,A11_D-Mannose,280
33.25,A11_D-Mannose,281
33.5,A11_D-Mannose,282
33.75,A11_D-Mannose,283
34.0,A11_D-Mannose,282
34.25,A11_D-Mannose,282
34.5,A11_D-Mannose,285
34.75,A11_D-Mannose,285
35.0,A11_D-Mannose,283
35.25,A11_D-Mannose,286
35.5,A11_D-Mannose,286
35.75,A11_D-Mannose,287
36.0,A11_D-Mannose,288
36.25,A11_D-Mannose,285
36.5,A11_D-Mannose,286
36.75,A11_D-Mannose,287
37.0,A11_D-Mannose,287
37.25,A11_D-Mannose,288
37.5,A11_D-Mannose,287
37.75,A11_D-Mannose,291
38.0,A11_D-Mannose,289
38.25,A11_D-Mannose,284
38.5,A11_D-Mannose,287
38.75,A11_D-Mannose,286
39.0,A11_D-Mannose,287
39.25,A11_D-Mannose,290
39.5,A11_D-Mannose,288
39.75,A11_D-Mannose,287
40.0,A11_D-Mannose,287
40.25,A11_D-Mannose,289
40.5,A11_D-Mannose,292
40.75,A11_D-Mannose,291
41.0,A11_D-Mannose,286
41.25,A11_D-Mannose,289
41.5,A11_D-Mannose,290
41.75,A11_D-Mannose,285
42.0,A11_D-Mannose,290
42.25,A11_D-Mannose,288
42.5,A11_D-Mannose,286
42.75,A11_D-Mannose,287
43.0,A11_D-Mannose,288
43.25,A11_D-Mannose,282
43.5,A11_D-Mannose,283
43.75,A11_D-Mannose,284
44.0,A11_D-Mannose,284
44.25,A11_D-Mannose,283
44.5,A11_D-Mannose,280
44.75,A11_D-Mannose,284
45.0,A11_D-Mannose,284
45.25,A11_D-Mannose,284
45.5,A11_D-Mannose,283
45.75,A11_D-Mannose,280
46.0,A11_D-Mannose,283
46.25,A11_D-Mannose,282
46.5,A11_D-Mannose,281
46.75,A11_D-Mannose,283
47.0,A11_D-Mannose,281
47.25,A11_D-Mannose,280
47.5,A11_D-Mannose,0
0.0,A12_Dulcitol,27
0.25,A12_Dulcitol,33
0.5,A12_Dulcitol,41
0.75,A12_Dulcitol,46
1.0,A12_Dulcitol,45
1.25,A12_Dulcitol,46
1.5,A12_Dulcitol,46
1.75,A12_Dulcitol,44
2.0,A12_Dulcitol,39
2.25,A12_Dulcitol,40
2.5,A12_Dulcitol,38
2.75,A12_Dulcitol,40
3.0,A12_Dulcitol,41
3.25,A12_Dulcitol,35
3.5,A12_Dulcitol,31
3.75,A12_Dulcitol,35
4.0,A12_Dulcitol,30
4.25,A12_Dulcitol,38
4.5,A12_Dulcitol,35
4.75,A12_Dulcitol,30
5.0,A12_Dulcitol,39
5.25,A12_Dulcitol,35
5.5,A12_Dulcitol,37
5.75,A12_Dulcitol,31
6.0,A12_Dulcitol,34
6.25,A12_Dulcitol,34
6.5,A12_Dulcitol,39
6.75,A12_Dulcitol,38
7.0,A12_Dulcitol,36
7.25,A12_Dulcitol,37
7.5,A12_Dulcitol,38
7.75,A12_Dulcitol,38
8.0,A12_Dulcitol,39
8.25,A12_Dulcitol,34
8.5,A12_Dulcitol,36
8.75,A12_Dulcitol,40
9.0,A12_Dulcitol,36
9.25,A12_Dulcitol,35
9.5,A12_Dulcitol,35
9.75,A12_Dulcitol,37
10.0,A12_Dulcitol,38
10.25,A12_Dulcitol,39
10.5,A12_Dulcitol,35
10.75,A12_Dulcitol,35
11.0,A12_Dulcitol,36
11.25,A12_Dulcitol,32
11.5,A12_Dulcitol,34
11.75,A12_Dulcitol,35
12.0,A12_Dulcitol,35
12.25,A12_Dulcitol,37
12.5,A12_Dulcitol,36
12.75,A12_Dulcitol,32
13.0,A12_Dulcitol,33
13.25,A12_Dulcitol,29
13.5,A12_Dulcitol,33
13.75,A12_Dulcitol,33
14.0,A12_Dulcitol,36
14.25,A12_Dulcitol,32
14.5,A12_Dulcitol,30
14.75,A12_Dulcitol,36
15.0,A12_Dulcitol,37
15.25,A12_Dulcitol,35
15.5,A12_Dulcitol,35
15.75,A12_Dulcitol,31
16.0,A12_Dulcitol,33
16.25,A12_Dulcitol,34
16.5,A12_Dulcitol,35
16.75,A12_Dulcitol,32
17.0,A12_Dulcitol,33
17.25,A12_Dulcitol,33
17.5,A12_Dulcitol,34
17.75,A12_Dulcitol,34
18.0,A12_Dulcitol,31
18.25,A12_Dulcitol,35
18.5,A12_Dulcitol,38
18.75,A12_Dulcitol,32
19.0,A12_Dulcitol,34
19.25,A12_Dulcitol,34
19.5,A12_Dulcitol,36
19.75,A12_Dulcitol,34
20.0,A12_Dulcitol,34
20.25,A12_Dulcitol,30
20.5,A12_Dulcitol,33
20.75,A12_Dulcitol,33
21.0,A12_Dulcitol,33
21.25,A12_Dulcitol,35
21.5,A12_Dulcitol,36
21.75,A12_Dulcitol,30
22.0,A12_Dulcitol,34
22.25,A12_Dulcitol,34
22.5,A12_Dulcitol,35
22.75,A12_Dulcitol,30
23.0,A12_Dulcitol,31
23.25,A12_Dulcitol,34
23.5,A12_Dulcitol,31
23.75,A12_Dulcitol,36
24.0,A12_Dulcitol,35
24.25,A12_Dulcitol,33
24.5,A12_Dulcitol,34
24.75,A12_Dulcitol,34
25.0,A12_Dulcitol,31
25.25,A12_Dulcitol,32
25.5,A12_Dulcitol,36
25.75,A12_Dulcitol,35
26.0,A12_Dulcitol,35
26.25,A12_Dulcitol,37
26.5,A12_Dulcitol,37
26.75,A12_Dulcitol,39
27.0,A12_Dulcitol,42
27.25,A12_Dulcitol,36
27.5,A12_Dulcitol,37
27.75,A12_Dulcitol,37
28.0,A12_Dulcitol,39
28.25,A12_Dulcitol,40
28.5,A12_Dulcitol,40
28.75,A12_Dulcitol,38
29.0,A12_Dulcitol,42
29.25,A12_Dulcitol,39
29.5,A12_Dulcitol,39
29.75,A12_Dulcitol,39
30.0,A12_Dulcitol,38
30.25,A12_Dulcitol,38
30.5,A12_Dulcitol,41
30.75,A12_Dulcitol,38
31.0,A12_Dulcitol,36
31.25,A12_Dulcitol,42
31.5,A12_Dulcitol,41
31.75,A12_Dulcitol,34
32.0,A12_Dulcitol,44
32.25,A12_Dulcitol,39
32.5,A12_Dulcitol,41
32.75,A12_Dulcitol,41
33.0,A12_Dulcitol,40
33.25,A12_Dulcitol,40
33.5,A12_Dulcitol,40
33.75,A12_Dulcitol,39
34.0,A12_Dulcitol,41
34.25,A12_Dulcitol,39
34.5,A12_Dulcitol,36
34.75,A12_Dulcitol,36
35.0,A12_Dulcitol,39
35.25,A12_Dulcitol,37
35.5,A12_Dulcitol,41
35.75,A12_Dulcitol,38
36.0,A12_Dulcitol,35
36.25,A12_Dulcitol,37
36.5,A12_Dulcitol,35
36.75,A12_Dulcitol,37
37.0,A12_Dulcitol,35
37.25,A12_Dulcitol,33
37.5,A12_Dulcitol,42
37.75,A12_Dulcitol,41
38.0,A12_Dulcitol,39
38.25,A12_Dulcitol,38
38.5,A12_Dulcitol,39
38.75,A12_Dulcitol,37
39.0,A12_Dulcitol,37
39.25,A12_Dulcitol,36
39.5,A12_Dulcitol,42
39.75,A12_Dulcitol,34
40.0,A12_Dulcitol,38
40.25,A12_Dulcitol,38
40.5,A12_Dulcitol,41
40.75,A12_Dulcitol,40
41.0,A12_Dulcitol,37
41.25,A12_Dulcitol,41
41.5,A12_Dulcitol,44
41.75,A12_Dulcitol,39
42.0,A12_Dulcitol,41
42.25,A12_Dulcitol,40
42.5,A12_Dulcitol,40
42.75,A12_Dulcitol,41
43.0,A12_Dulcitol,37
43.25,A12_Dulcitol,38
43.5,A12_Dulcitol,38
43.75,A12_Dulcitol,42
44.0,A12_Dulcitol,40
44.25,A12_Dulcitol,42
44.5,A12_Dulcitol,40
44.75,A12_Dulcitol,42
45.0,A12_Dulcitol,41
45.25,A12_Dulcitol,40
45.5,A12_Dulcitol,44
45.75,A12_Dulcitol,40
46.0,A12_Dulcitol,40
46.25,A12_Dulcitol,42
46.5,A12_Dulcitol,41
46.75,A12_Dulcitol,42
47.0,A12_Dulcitol,39
47.25,A12_Dulcitol,41
47.5,A12_Dulcitol,0
0.0,B1_D-Serine,18
0.25,B1_D-Serine,20
0.5,B1_D-Serine,21
0.75,B1_D-Serine,20
1.0,B1_D-Serine,21
1.25,B1_D-Serine,19
1.5,B1_D-Serine,16
1.75,B1_D-Serine,16
2.0,B1_D-Serine,17
2.25,B1_D-Serine,21
2.5,B1_D-Serine,22
2.75,B1_D-Serine,19
3.0,B1_D-Serine,22
3.25,B1_D-Serine,18
3.5,B1_D-Serine,18
3.75,B1_D-Serine,20
4.0,B1_D-Serine,18
4.25,B1_D-Serine,21
4.5,B1_D-Serine,22
4.75,B1_D-Serine,22
5.0,B1_D-Serine,21
5.25,B1_D-Serine,16
5.5,B1_D-Serine,19
5.75,B1_D-Serine,19
6.0,B1_D-Serine,20
6.25,B1_D-Serine,19
6.5,B1_D-Serine,22
6.75,B1_D-Serine,17
7.0,B1_D-Serine,21
7.25,B1_D-Serine,21
7.5,B1_D-Serine,21
7.75,B1_D-Serine,20
8.0,B1_D-Serine,18
8.25,B1_D-Serine,21
8.5,B1_D-Serine,20
8.75,B1_D-Serine,20
9.0,B1_D-Serine,21
9.25,B1_D-Serine,21
9.5,B1_D-Serine,21
9.75,B1_D-Serine,19
10.0,B1_D-Serine,22
10.25,B1_D-Serine,21
10.5,B1_D-Serine,20
10.75,B1_D-Serine,18
11.0,B1_D-Serine,18
11.25,B1_D-Serine,22
11.5,B1_D-Serine,20
11.75,B1_D-Serine,18
12.0,B1_D-Serine,23
12.25,B1_D-Serine,21
12.5,B1_D-Serine,18
12.75,B1_D-Serine,22
13.0,B1_D-Serine,19
13.25,B1_D-Serine,17
13.5,B1_D-Serine,20
13.75,B1_D-Serine,22
14.0,B1_D-Serine,20
14.25,B1_D-Serine,18
14.5,B1_D-Serine,23
14.75,B1_D-Serine,23
15.0,B1_D-Serine,21
15.25,B1_D-Serine,24
15.5,B1_D-Serine,25
15.75,B1_D-Serine,22
16.0,B1_D-Serine,25
16.25,B1_D-Serine,19
16.5,B1_D-Serine,22
16.75,B1_D-Serine,22
17.0,B1_D-Serine,22
17.25,B1_D-Serine,23
17.5,B1_D-Serine,25
17.75,B1_D-Serine,25
18.0,B1_D-Serine,21
18.25,B1_D-Serine,23
18.5,B1_D-Serine,26
18.75,B1_D-Serine,28
19.0,B1_D-Serine,25
19.25,B1_D-Serine,29
19.5,B1_D-Serine,24
19.75,B1_D-Serine,27
20.0,B1_D-Serine,25
20.25,B1_D-Serine,23
20.5,B1_D-Serine,22
20.75,B1_D-Serine,25
21.0,B1_D-Serine,26
21.25,B1_D-Serine,26
21.5,B1_D-Serine,26
21.75,B1_D-Serine,25
22.0,B1_D-Serine,27
22.25,B1_D-Serine,25
22.5,B1_D-Serine,28
22.75,B1_D-Serine,28
23.0,B1_D-Serine,27
23.25,B1_D-Serine,28
23.5,B1_D-Serine,29
23.75,B1_D-Serine,29
24.0,B1_D-Serine,27
24.25,B1_D-Serine,32
24.5,B1_D-Serine,29
24.75,B1_D-Serine,28
25.0,B1_D-Serine,30
25.25,B1_D-Serine,29
25.5,B1_D-Serine,33
25.75,B1_D-Serine,29
26.0,B1_D-Serine,29
26.25,B1_D-Serine,28
26.5,B1_D-Serine,30
26.75,B1_D-Serine,26
27.0,B1_D-Serine,31
27.25,B1_D-Serine,28
27.5,B1_D-Serine,31
27.75,B1_D-Serine,27
28.0,B1_D-Serine,29
28.25,B1_D-Serine,31
28.5,B1_D-Serine,30
28.75,B1_D-Serine,29
29.0,B1_D-Serine,26
29.25,B1_D-Serine,31
29.5,B1_D-Serine,30
29.75,B1_D-Serine,30
30.0,B1_D-Serine,32
30.25,B1_D-Serine,30
30.5,B1_D-Serine,31
30.75,B1_D-Serine,34
31.0,B1_D-Serine,34
31.25,B1_D-Serine,30
31.5,B1_D-Serine,33
31.75,B1_D-Serine,33
32.0,B1_D-Serine,28
32.25,B1_D-Serine,32
32.5,B1_D-Serine,34
32.75,B1_D-Serine,31
33.0,B1_D-Serine,32
33.25,B1_D-Serine,31
33.5,B1_D-Serine,33
33.75,B1_D-Serine,36
34.0,B1_D-Serine,32
34.25,B1_D-Serine,33
34.5,B1_D-Serine,31
34.75,B1_D-Serine,31
35.0,B1_D-Serine,34
35.25,B1_D-Serine,32
35.5,B1_D-Serine,31
35.75,B1_D-Serine,36
36.0,B1_D-Serine,34
36.25,B1_D-Serine,30
36.5,B1_D-Serine,30
36.75,B1_D-Serine,36
37.0,B1_D-Serine,31
37.25,B1_D-Serine,34
37.5,B1_D-Serine,32
37.75,B1_D-Serine,34
38.0,B1_D-Serine,37
38.25,B1_D-Serine,35
38.5,B1_D-Serine,35
38.75,B1_D-Serine,35
39.0,B1_D-Serine,37
39.25,B1_D-Serine,33
39.5,B1_D-Serine,29
39.75,B1_D-Serine,32
40.0,B1_D-Serine,31
40.25,B1_D-Serine,32
40.5,B1_D-Serine,32
40.75,B1_D-Serine,34
41.0,B1_D-Serine,31
41.25,B1_D-Serine,30
41.5,B1_D-Serine,32
41.75,B1_D-Serine,30
42.0,B1_D-Serine,29
42.25,B1_D-Serine,32
42.5,B1_D-Serine,37
42.75,B1_D-Serine,34
43.0,B1_D-Serine,32
43.25,B1_D-Serine,30
43.5,B1_D-Serine,32
43.75,B1_D-Serine,36
44.0,B1_D-Serine,30
44.25,B1_D-Serine,33
44.5,B1_D-Serine,29
44.75,B1_D-Serine,30
45.0,B1_D-Serine,26
45.25,B1_D-Serine,29
45.5,B1_D-Serine,29
45.75,B1_D-Serine,29
46.0,B1_D-Serine,29
46.25,B1_D-Serine,29
46.5,B1_D-Serine,32
46.75,B1_D-Serine,30
47.0,B1_D-Serine,31
47.25,B1_D-Serine,30
47.5,B1_D-Serine,0
0.0,B2_D-Sorbitol,20
0.25,B2_D-Sorbitol,13
0.5,B2_D-Sorbitol,23
0.75,B2_D-Sorbitol,14
1.0,B2_D-Sorbitol,13
1.25,B2_D-Sorbitol,11
1.5,B2_D-Sorbitol,11
1.75,B2_D-Sorbitol,15
2.0,B2_D-Sorbitol,15
2.25,B2_D-Sorbitol,12
2.5,B2_D-Sorbitol,12
2.75,B2_D-Sorbitol,12
3.0,B2_D-Sorbitol,17
3.25,B2_D-Sorbitol,11
3.5,B2_D-Sorbitol,11
3.75,B2_D-Sorbitol,15
4.0,B2_D-Sorbitol,13
4.25,B2_D-Sorbitol,16
4.5,B2_D-Sorbitol,16
4.75,B2_D-Sorbitol,20
5.0,B2_D-Sorbitol,17
5.25,B2_D-Sorbitol,21
5.5,B2_D-Sorbitol,21
5.75,B2_D-Sorbitol,22
6.0,B2_D-Sorbitol,25
6.25,B2_D-Sorbitol,30
6.5,B2_D-Sorbitol,27
6.75,B2_D-Sorbitol,24
7.0,B2_D-Sorbitol,29
7.25,B2_D-Sorbitol,30
7.5,B2_D-Sorbitol,25
7.75,B2_D-Sorbitol,30
8.0,B2_D-Sorbitol,31
8.25,B2_D-Sorbitol,29
8.5,B2_D-Sorbitol,30
8.75,B2_D-Sorbitol,27
9.0,B2_D-Sorbitol,25
9.25,B2_D-Sorbitol,33
9.5,B2_D-Sorbitol,31
9.75,B2_D-Sorbitol,30
10.0,B2_D-Sorbitol,31
10.25,B2_D-Sorbitol,31
10.5,B2_D-Sorbitol,31
10.75,B2_D-Sorbitol,26
11.0,B2_D-Sorbitol,29
11.25,B2_D-Sorbitol,29
11.5,B2_D-Sorbitol,32
11.75,B2_D-Sorbitol,30
12.0,B2_D-Sorbitol,30
12.25,B2_D-Sorbitol,29
12.5,B2_D-Sorbitol,30
12.75,B2_D-Sorbitol,27
13.0,B2_D-Sorbitol,27
13.25,B2_D-Sorbitol,28
13.5,B2_D-Sorbitol,28
13.75,B2_D-Sorbitol,28
14.0,B2_D-Sorbitol,29
14.25,B2_D-Sorbitol,30
14.5,B2_D-Sorbitol,29
14.75,B2_D-Sorbitol,29
15.0,B2_D-Sorbitol,26
15.25,B2_D-Sorbitol,29
15.5,B2_D-Sorbitol,26
15.75,B2_D-Sorbitol,25
16.0,B2_D-Sorbitol,24
16.25,B2_D-Sorbitol,27
16.5,B2_D-Sorbitol,28
16.75,B2_D-Sorbitol,26
17.0,B2_D-Sorbitol,24
17.25,B2_D-Sorbitol,26
17.5,B2_D-Sorbitol,23
17.75,B2_D-Sorbitol,26
18.0,B2_D-Sorbitol,30
18.25,B2_D-Sorbitol,28
18.5,B2_D-Sorbitol,28
18.75,B2_D-Sorbitol,26
19.0,B2_D-Sorbitol,29
19.25,B2_D-Sorbitol,27
19.5,B2_D-Sorbitol,25
19.75,B2_D-Sorbitol,26
20.0,B2_D-Sorbitol,28
20.25,B2_D-Sorbitol,29
20.5,B2_D-Sorbitol,28
20.75,B2_D-Sorbitol,29
21.0,B2_D-Sorbitol,27
21.25,B2_D-Sorbitol,26
21.5,B2_D-Sorbitol,27
21.75,B2_D-Sorbitol,27
22.0,B2_D-Sorbitol,26
22.25,B2_D-Sorbitol,30
22.5,B2_D-Sorbitol,29
22.75,B2_D-Sorbitol,23
23.0,B2_D-Sorbitol,31
23.25,B2_D-Sorbitol,29
23.5,B2_D-Sorbitol,27
23.75,B2_D-Sorbitol,27
24.0,B2_D-Sorbitol,31
24.25,B2_D-Sorbitol,29
24.5,B2_D-Sorbitol,28
24.75,B2_D-Sorbitol,34
25.0,B2_D-Sorbitol,33
25.25,B2_D-Sorbitol,27
25.5,B2_D-Sorbitol,26
25.75,B2_D-Sorbitol,33
26.0,B2_D-Sorbitol,32
26.25,B2_D-Sorbitol,28
26.5,B2_D-Sorbitol,29
26.75,B2_D-Sorbitol,24
27.0,B2_D-Sorbitol,27
27.25,B2_D-Sorbitol,28
27.5,B2_D-Sorbitol,32
27.75,B2_D-Sorbitol,31
28.0,B2_D-Sorbitol,28
28.25,B2_D-Sorbitol,31
28.5,B2_D-Sorbitol,31
28.75,B2_D-Sorbitol,28
29.0,B2_D-Sorbitol,27
29.25,B2_D-Sorbitol,29
29.5,B2_D-Sorbitol,28
29.75,B2_D-Sorbitol,30
30.0,B2_D-Sorbitol,28
30.25,B2_D-Sorbitol,23
30.5,B2_D-Sorbitol,29
30.75,B2_D-Sorbitol,29
31.0,B2_D-Sorbitol,31
31.25,B2_D-Sorbitol,30
31.5,B2_D-Sorbitol,31
31.75,B2_D-Sorbitol,28
32.0,B2_D-Sorbitol,29
32.25,B2_D-Sorbitol,32
32.5,B2_D-Sorbitol,34
32.75,B2_D-Sorbitol,30
33.0,B2_D-Sorbitol,31
33.25,B2_D-Sorbitol,29
33.5,B2_D-Sorbitol,29
33.75,B2_D-Sorbitol,31
34.0,B2_D-Sorbitol,30
34.25,B2_D-Sorbitol,30
34.5,B2_D-Sorbitol,29
34.75,B2_D-Sorbitol,28
35.0,B2_D-Sorbitol,30
35.25,B2_D-Sorbitol,30
35.5,B2_D-Sorbitol,28
35.75,B2_D-Sorbitol,36
36.0,B2_D-Sorbitol,36
36.25,B2_D-Sorbitol,26
36.5,B2_D-Sorbitol,29
36.75,B2_D-Sorbitol,34
37.0,B2_D-Sorbitol,31
37.25,B2_D-Sorbitol,28
37.5,B2_D-Sorbitol,33
37.75,B2_D-Sorbitol,33
38.0,B2_D-Sorbitol,29
38.25,B2_D-Sorbitol,31
38.5,B2_D-Sorbitol,31
38.75,B2_D-Sorbitol,31
39.0,B2_D-Sorbitol,31
39.25,B2_D-Sorbitol,34
39.5,B2_D-Sorbitol,29
39.75,B2_D-Sorbitol,31
40.0,B2_D-Sorbitol,26
40.25,B2_D-Sorbitol,27
40.5,B2_D-Sorbitol,33
40.75,B2_D-Sorbitol,32
41.0,B2_D-Sorbitol,27
41.25,B2_D-Sorbitol,30
41.5,B2_D-Sorbitol,28
41.75,B2_D-Sorbitol,29
42.0,B2_D-Sorbitol,26
42.25,B2_D-Sorbitol,25
42.5,B2_D-Sorbitol,27
42.75,B2_D-Sorbitol,31
43.0,B2_D-Sorbitol,32
43.25,B2_D-Sorbitol,25
43.5,B2_D-Sorbitol,29
43.75,B2_D-Sorbitol,29
44.0,B2_D-Sorbitol,28
44.25,B2_D-Sorbitol,25
44.5,B2_D-Sorbitol,30
44.75,B2_D-Sorbitol,28
45.0,B2_D-Sorbitol,23
45.25,B2_D-Sorbitol,29
45.5,B2_D-Sorbitol,32
45.75,B2_D-Sorbitol,29
46.0,B2_D-Sorbitol,28
46.25,B2_D-Sorbitol,28
46.5,B2_D-Sorbitol,31
46.75,B2_D-Sorbitol,31
47.0,B2_D-Sorbitol,31
47.25,B2_D-Sorbitol,27
47.5,B2_D-Sorbitol,0
0.0,B3_Glycerol,28
0.25,B3_Glycerol,12
0.5,B3_Glycerol,11
0.75,B3_Glycerol,11
1.0,B3_Glycerol,11
1.25,B3_Glycerol,11
1.5,B3_Glycerol,11
1.75,B3_Glycerol,12
2.0,B3_Glycerol,11
2.25,B3_Glycerol,11
2.5,B3_Glycerol,11
2.75,B3_Glycerol,11
3.0,B3_Glycerol,11
3.25,B3_Glycerol,11
3.5,B3_Glycerol,11
3.75,B3_Glycerol,11
4.0,B3_Glycerol,11
4.25,B3_Glycerol,14
4.5,B3_Glycerol,11
4.75,B3_Glycerol,11
5.0,B3_Glycerol,11
5.25,B3_Glycerol,11
5.5,B3_Glycerol,15
5.75,B3_Glycerol,17
6.0,B3_Glycerol,17
6.25,B3_Glycerol,18
6.5,B3_Glycerol,19
6.75,B3_Glycerol,23
7.0,B3_Glycerol,27
7.25,B3_Glycerol,27
7.5,B3_Glycerol,27
7.75,B3_Glycerol,31
8.0,B3_Glycerol,32
8.25,B3_Glycerol,34
8.5,B3_Glycerol,38
8.75,B3_Glycerol,44
9.0,B3_Glycerol,44
9.25,B3_Glycerol,41
9.5,B3_Glycerol,47
9.75,B3_Glycerol,49
10.0,B3_Glycerol,52
10.25,B3_Glycerol,58
10.5,B3_Glycerol,54
10.75,B3_Glycerol,57
11.0,B3_Glycerol,55
11.25,B3_Glycerol,66
11.5,B3_Glycerol,63
11.75,B3_Glycerol,69
12.0,B3_Glycerol,71
12.25,B3_Glycerol,74
12.5,B3_Glycerol,77
12.75,B3_Glycerol,82
13.0,B3_Glycerol,80
13.25,B3_Glycerol,82
13.5,B3_Glycerol,90
13.75,B3_Glycerol,95
14.0,B3_Glycerol,97
14.25,B3_Glycerol,97
14.5,B3_Glycerol,105
14.75,B3_Glycerol,109
15.0,B3_Glycerol,111
15.25,B3_Glycerol,119
15.5,B3_Glycerol,122
15.75,B3_Glycerol,124
16.0,B3_Glycerol,128
16.25,B3_Glycerol,135
16.5,B3_Glycerol,136
16.75,B3_Glycerol,139
17.0,B3_Glycerol,144
17.25,B3_Glycerol,146
17.5,B3_Glycerol,152
17.75,B3_Glycerol,153
18.0,B3_Glycerol,160
18.25,B3_Glycerol,162
18.5,B3_Glycerol,163
18.75,B3_Glycerol,166
19.0,B3_Glycerol,167
19.25,B3_Glycerol,168
19.5,B3_Glycerol,172
19.75,B3_Glycerol,173
20.0,B3_Glycerol,176
20.25,B3_Glycerol,178
20.5,B3_Glycerol,183
20.75,B3_Glycerol,184
21.0,B3_Glycerol,189
21.25,B3_Glycerol,191
21.5,B3_Glycerol,181
21.75,B3_Glycerol,189
22.0,B3_Glycerol,194
22.25,B3_Glycerol,195
22.5,B3_Glycerol,195
22.75,B3_Glycerol,197
23.0,B3_Glycerol,202
23.25,B3_Glycerol,201
23.5,B3_Glycerol,205
23.75,B3_Glycerol,203
24.0,B3_Glycerol,207
24.25,B3_Glycerol,210
24.5,B3_Glycerol,204
24.75,B3_Glycerol,214
25.0,B3_Glycerol,214
25.25,B3_Glycerol,215
25.5,B3_Glycerol,216
25.75,B3_Glycerol,220
26.0,B3_Glycerol,222
26.25,B3_Glycerol,222
26.5,B3_Glycerol,226
26.75,B3_Glycerol,226
27.0,B3_Glycerol,227
27.25,B3_Glycerol,230
27.5,B3_Glycerol,226
27.75,B3_Glycerol,231
28.0,B3_Glycerol,234
28.25,B3_Glycerol,234
28.5,B3_Glycerol,238
28.75,B3_Glycerol,240
29.0,B3_Glycerol,239
29.25,B3_Glycerol,239
29.5,B3_Glycerol,242
29.75,B3_Glycerol,240
30.0,B3_Glycerol,241
30.25,B3_Glycerol,246
30.5,B3_Glycerol,246
30.75,B3_Glycerol,252
31.0,B3_Glycerol,249
31.25,B3_Glycerol,247
31.5,B3_Glycerol,249
31.75,B3_Glycerol,249
32.0,B3_Glycerol,253
32.25,B3_Glycerol,255
32.5,B3_Glycerol,258
32.75,B3_Glycerol,259
33.0,B3_Glycerol,258
33.25,B3_Glycerol,258
33.5,B3_Glycerol,259
33.75,B3_Glycerol,262
34.0,B3_Glycerol,262
34.25,B3_Glycerol,264
34.5,B3_Glycerol,266
34.75,B3_Glycerol,259
35.0,B3_Glycerol,266
35.25,B3_Glycerol,267
35.5,B3_Glycerol,267
35.75,B3_Glycerol,270
36.0,B3_Glycerol,265
36.25,B3_Glycerol,265
36.5,B3_Glycerol,274
36.75,B3_Glycerol,273
37.0,B3_Glycerol,277
37.25,B3_Glycerol,273
37.5,B3_Glycerol,276
37.75,B3_Glycerol,277
38.0,B3_Glycerol,276
38.25,B3_Glycerol,270
38.5,B3_Glycerol,279
38.75,B3_Glycerol,277
39.0,B3_Glycerol,277
39.25,B3_Glycerol,279
39.5,B3_Glycerol,279
39.75,B3_Glycerol,281
40.0,B3_Glycerol,279
40.25,B3_Glycerol,281
40.5,B3_Glycerol,284
40.75,B3_Glycerol,284
41.0,B3_Glycerol,279
41.25,B3_Glycerol,285
41.5,B3_Glycerol,285
41.75,B3_Glycerol,284
42.0,B3_Glycerol,284
42.25,B3_Glycerol,284
42.5,B3_Glycerol,286
42.75,B3_Glycerol,289
43.0,B3_Glycerol,287
43.25,B3_Glycerol,289
43.5,B3_Glycerol,286
43.75,B3_Glycerol,290
44.0,B3_Glycerol,288
44.25,B3_Glycerol,287
44.5,B3_Glycerol,285
44.75,B3_Glycerol,292
45.0,B3_Glycerol,291
45.25,B3_Glycerol,291
45.5,B3_Glycerol,294
45.75,B3_Glycerol,294
46.0,B3_Glycerol,291
46.25,B3_Glycerol,294
46.5,B3_Glycerol,297
46.75,B3_Glycerol,292
47.0,B3_Glycerol,295
47.25,B3_Glycerol,293
47.5,B3_Glycerol,0
0.0,B4_L-Fucose,37
0.25,B4_L-Fucose,44
0.5,B4_L-Fucose,13
0.75,B4_L-Fucose,16
1.0,B4_L-Fucose,15
1.25,B4_L-Fucose,13
1.5,B4_L-Fucose,15
1.75,B4_L-Fucose,15
2.0,B4_L-Fucose,13
2.25,B4_L-Fucose,13
2.5,B4_L-Fucose,18
2.75,B4_L-Fucose,18
3.0,B4_L-Fucose,15
3.25,B4_L-Fucose,11
3.5,B4_L-Fucose,11
3.75,B4_L-Fucose,11
4.0,B4_L-Fucose,13
4.25,B4_L-Fucose,17
4.5,B4_L-Fucose,15
4.75,B4_L-Fucose,11
5.0,B4_L-Fucose,16
5.25,B4_L-Fucose,18
5.5,B4_L-Fucose,15
5.75,B4_L-Fucose,19
6.0,B4_L-Fucose,21
6.25,B4_L-Fucose,15
6.5,B4_L-Fucose,27
6.75,B4_L-Fucose,20
7.0,B4_L-Fucose,24
7.25,B4_L-Fucose,28
7.5,B4_L-Fucose,26
7.75,B4_L-Fucose,27
8.0,B4_L-Fucose,30
8.25,B4_L-Fucose,30
8.5,B4_L-Fucose,32
8.75,B4_L-Fucose,32
9.0,B4_L-Fucose,29
9.25,B4_L-Fucose,28
9.5,B4_L-Fucose,29
9.75,B4_L-Fucose,29
10.0,B4_L-Fucose,29
10.25,B4_L-Fucose,25
10.5,B4_L-Fucose,29
10.75,B4_L-Fucose,30
11.0,B4_L-Fucose,28
11.25,B4_L-Fucose,27
11.5,B4_L-Fucose,26
11.75,B4_L-Fucose,33
12.0,B4_L-Fucose,24
12.25,B4_L-Fucose,30
12.5,B4_L-Fucose,27
12.75,B4_L-Fucose,27
13.0,B4_L-Fucose,29
13.25,B4_L-Fucose,26
13.5,B4_L-Fucose,28
13.75,B4_L-Fucose,29
14.0,B4_L-Fucose,24
14.25,B4_L-Fucose,27
14.5,B4_L-Fucose,25
14.75,B4_L-Fucose,32
15.0,B4_L-Fucose,29
15.25,B4_L-Fucose,31
15.5,B4_L-Fucose,28
15.75,B4_L-Fucose,28
16.0,B4_L-Fucose,29
16.25,B4_L-Fucose,23
16.5,B4_L-Fucose,27
16.75,B4_L-Fucose,28
17.0,B4_L-Fucose,25
17.25,B4_L-Fucose,27
17.5,B4_L-Fucose,24
17.75,B4_L-Fucose,25
18.0,B4_L-Fucose,28
18.25,B4_L-Fucose,33
18.5,B4_L-Fucose,27
18.75,B4_L-Fucose,28
19.0,B4_L-Fucose,30
19.25,B4_L-Fucose,24
19.5,B4_L-Fucose,24
19.75,B4_L-Fucose,29
20.0,B4_L-Fucose,28
20.25,B4_L-Fucose,27
20.5,B4_L-Fucose,27
20.75,B4_L-Fucose,25
21.0,B4_L-Fucose,29
21.25,B4_L-Fucose,30
21.5,B4_L-Fucose,25
21.75,B4_L-Fucose,23
22.0,B4_L-Fucose,29
22.25,B4_L-Fucose,26
22.5,B4_L-Fucose,27
22.75,B4_L-Fucose,23
23.0,B4_L-Fucose,26
23.25,B4_L-Fucose,30
23.5,B4_L-Fucose,29
23.75,B4_L-Fucose,28
24.0,B4_L-Fucose,26
24.25,B4_L-Fucose,29
24.5,B4_L-Fucose,31
24.75,B4_L-Fucose,27
25.0,B4_L-Fucose,27
25.25,B4_L-Fucose,31
25.5,B4_L-Fucose,24
25.75,B4_L-Fucose,32
26.0,B4_L-Fucose,32
26.25,B4_L-Fucose,31
26.5,B4_L-Fucose,31
26.75,B4_L-Fucose,26
27.0,B4_L-Fucose,28
27.25,B4_L-Fucose,27
27.5,B4_L-Fucose,28
27.75,B4_L-Fucose,28
28.0,B4_L-Fucose,25
28.25,B4_L-Fucose,29
28.5,B4_L-Fucose,25
28.75,B4_L-Fucose,30
29.0,B4_L-Fucose,27
29.25,B4_L-Fucose,29
29.5,B4_L-Fucose,31
29.75,B4_L-Fucose,28
30.0,B4_L-Fucose,29
30.25,B4_L-Fucose,32
30.5,B4_L-Fucose,28
30.75,B4_L-Fucose,27
31.0,B4_L-Fucose,30
31.25,B4_L-Fucose,28
31.5,B4_L-Fucose,31
31.75,B4_L-Fucose,29
32.0,B4_L-Fucose,31
32.25,B4_L-Fucose,28
32.5,B4_L-Fucose,28
32.75,B4_L-Fucose,28
33.0,B4_L-Fucose,30
33.25,B4_L-Fucose,26
33.5,B4_L-Fucose,28
33.75,B4_L-Fucose,32
34.0,B4_L-Fucose,28
34.25,B4_L-Fucose,32
34.5,B4_L-Fucose,29
34.75,B4_L-Fucose,31
35.0,B4_L-Fucose,32
35.25,B4_L-Fucose,32
35.5,B4_L-Fucose,29
35.75,B4_L-Fucose,33
36.0,B4_L-Fucose,32
36.25,B4_L-Fucose,28
36.5,B4_L-Fucose,29
36.75,B4_L-Fucose,33
37.0,B4_L-Fucose,33
37.25,B4_L-Fucose,32
37.5,B4_L-Fucose,28
37.75,B4_L-Fucose,31
38.0,B4_L-Fucose,31
38.25,B4_L-Fucose,32
38.5,B4_L-Fucose,31
38.75,B4_L-Fucose,29
39.0,B4_L-Fucose,27
39.25,B4_L-Fucose,27
39.5,B4_L-Fucose,33
39.75,B4_L-Fucose,29
40.0,B4_L-Fucose,32
40.25,B4_L-Fucose,31
40.5,B4_L-Fucose,29
40.75,B4_L-Fucose,29
41.0,B4_L-Fucose,34
41.25,B4_L-Fucose,32
41.5,B4_L-Fucose,29
41.75,B4_L-Fucose,27
42.0,B4_L-Fucose,29
42.25,B4_L-Fucose,27
42.5,B4_L-Fucose,32
42.75,B4_L-Fucose,35
43.0,B4_L-Fucose,34
43.25,B4_L-Fucose,28
43.5,B4_L-Fucose,29
43.75,B4_L-Fucose,32
44.0,B4_L-Fucose,30
44.25,B4_L-Fucose,27
44.5,B4_L-Fucose,34
44.75,B4_L-Fucose,31
45.0,B4_L-Fucose,31
45.25,B4_L-Fucose,32
45.5,B4_L-Fucose,31
45.75,B4_L-Fucose,32
46.0,B4_L-Fucose,31
46.25,B4_L-Fucose,29
46.5,B4_L-Fucose,33
46.75,B4_L-Fucose,33
47.0,B4_L-Fucose,32
47.25,B4_L-Fucose,29
47.5,B4_L-Fucose,0
0.0,B5_D-Glucuronic_Acid,17
0.25,B5_D-Glucuronic_Acid,13
0.5,B5_D-Glucuronic_Acid,11
0.75,B5_D-Glucuronic_Acid,16
1.0,B5_D-Glucuronic_Acid,13
1.25,B5_D-Glucuronic_Acid,11
1.5,B5_D-Glucuronic_Acid,14
1.75,B5_D-Glucuronic_Acid,15
2.0,B5_D-Glucuronic_Acid,14
2.25,B5_D-Glucuronic_Acid,11
2.5,B5_D-Glucuronic_Acid,11
2.75,B5_D-Glucuronic_Acid,14
3.0,B5_D-Glucuronic_Acid,14
3.25,B5_D-Glucuronic_Acid,11
3.5,B5_D-Glucuronic_Acid,11
3.75,B5_D-Glucuronic_Acid,11
4.0,B5_D-Glucuronic_Acid,11
4.25,B5_D-Glucuronic_Acid,15
4.5,B5_D-Glucuronic_Acid,13
4.75,B5_D-Glucuronic_Acid,18
5.0,B5_D-Glucuronic_Acid,15
5.25,B5_D-Glucuronic_Acid,14
5.5,B5_D-Glucuronic_Acid,15
5.75,B5_D-Glucuronic_Acid,16
6.0,B5_D-Glucuronic_Acid,15
6.25,B5_D-Glucuronic_Acid,20
6.5,B5_D-Glucuronic_Acid,18
6.75,B5_D-Glucuronic_Acid,16
7.0,B5_D-Glucuronic_Acid,25
7.25,B5_D-Glucuronic_Acid,19
7.5,B5_D-Glucuronic_Acid,20
7.75,B5_D-Glucuronic_Acid,27
8.0,B5_D-Glucuronic_Acid,26
8.25,B5_D-Glucuronic_Acid,21
8.5,B5_D-Glucuronic_Acid,26
8.75,B5_D-Glucuronic_Acid,21
9.0,B5_D-Glucuronic_Acid,25
9.25,B5_D-Glucuronic_Acid,22
9.5,B5_D-Glucuronic_Acid,24
9.75,B5_D-Glucuronic_Acid,24
10.0,B5_D-Glucuronic_Acid,24
10.25,B5_D-Glucuronic_Acid,22
10.5,B5_D-Glucuronic_Acid,25
10.75,B5_D-Glucuronic_Acid,21
11.0,B5_D-Glucuronic_Acid,23
11.25,B5_D-Glucuronic_Acid,24
11.5,B5_D-Glucuronic_Acid,27
11.75,B5_D-Glucuronic_Acid,25
12.0,B5_D-Glucuronic_Acid,25
12.25,B5_D-Glucuronic_Acid,24
12.5,B5_D-Glucuronic_Acid,24
12.75,B5_D-Glucuronic_Acid,21
13.0,B5_D-Glucuronic_Acid,20
13.25,B5_D-Glucuronic_Acid,20
13.5,B5_D-Glucuronic_Acid,25
13.75,B5_D-Glucuronic_Acid,25
14.0,B5_D-Glucuronic_Acid,23
14.25,B5_D-Glucuronic_Acid,22
14.5,B5_D-Glucuronic_Acid,24
14.75,B5_D-Glucuronic_Acid,24
15.0,B5_D-Glucuronic_Acid,20
15.25,B5_D-Glucuronic_Acid,20
15.5,B5_D-Glucuronic_Acid,27
15.75,B5_D-Glucuronic_Acid,22
16.0,B5_D-Glucuronic_Acid,27
16.25,B5_D-Glucuronic_Acid,21
16.5,B5_D-Glucuronic_Acid,23
16.75,B5_D-Glucuronic_Acid,25
17.0,B5_D-Glucuronic_Acid,25
17.25,B5_D-Glucuronic_Acid,21
17.5,B5_D-Glucuronic_Acid,24
17.75,B5_D-Glucuronic_Acid,29
18.0,B5_D-Glucuronic_Acid,31
18.25,B5_D-Glucuronic_Acid,25
18.5,B5_D-Glucuronic_Acid,26
18.75,B5_D-Glucuronic_Acid,28
19.0,B5_D-Glucuronic_Acid,27
19.25,B5_D-Glucuronic_Acid,28
19.5,B5_D-Glucuronic_Acid,25
19.75,B5_D-Glucuronic_Acid,26
20.0,B5_D-Glucuronic_Acid,29
20.25,B5_D-Glucuronic_Acid,27
20.5,B5_D-Glucuronic_Acid,26
20.75,B5_D-Glucuronic_Acid,29
21.0,B5_D-Glucuronic_Acid,27
21.25,B5_D-Glucuronic_Acid,26
21.5,B5_D-Glucuronic_Acid,25
21.75,B5_D-Glucuronic_Acid,29
22.0,B5_D-Glucuronic_Acid,29
22.25,B5_D-Glucuronic_Acid,28
22.5,B5_D-Glucuronic_Acid,28
22.75,B5_D-Glucuronic_Acid,29
23.0,B5_D-Glucuronic_Acid,29
23.25,B5_D-Glucuronic_Acid,31
23.5,B5_D-Glucuronic_Acid,33
23.75,B5_D-Glucuronic_Acid,29
24.0,B5_D-Glucuronic_Acid,27
24.25,B5_D-Glucuronic_Acid,29
24.5,B5_D-Glucuronic_Acid,28
24.75,B5_D-Glucuronic_Acid,28
25.0,B5_D-Glucuronic_Acid,28
25.25,B5_D-Glucuronic_Acid,30
25.5,B5_D-Glucuronic_Acid,32
25.75,B5_D-Glucuronic_Acid,34
26.0,B5_D-Glucuronic_Acid,32
26.25,B5_D-Glucuronic_Acid,33
26.5,B5_D-Glucuronic_Acid,29
26.75,B5_D-Glucuronic_Acid,29
27.0,B5_D-Glucuronic_Acid,30
27.25,B5_D-Glucuronic_Acid,25
27.5,B5_D-Glucuronic_Acid,31
27.75,B5_D-Glucuronic_Acid,30
28.0,B5_D-Glucuronic_Acid,32
28.25,B5_D-Glucuronic_Acid,29
28.5,B5_D-Glucuronic_Acid,31
28.75,B5_D-Glucuronic_Acid,32
29.0,B5_D-Glucuronic_Acid,34
29.25,B5_D-Glucuronic_Acid,31
29.5,B5_D-Glucuronic_Acid,34
29.75,B5_D-Glucuronic_Acid,40
30.0,B5_D-Glucuronic_Acid,34
30.25,B5_D-Glucuronic_Acid,34
30.5,B5_D-Glucuronic_Acid,33
30.75,B5_D-Glucuronic_Acid,28
31.0,B5_D-Glucuronic_Acid,31
31.25,B5_D-Glucuronic_Acid,33
31.5,B5_D-Glucuronic_Acid,34
31.75,B5_D-Glucuronic_Acid,29
32.0,B5_D-Glucuronic_Acid,38
32.25,B5_D-Glucuronic_Acid,32
32.5,B5_D-Glucuronic_Acid,39
32.75,B5_D-Glucuronic_Acid,37
33.0,B5_D-Glucuronic_Acid,32
33.25,B5_D-Glucuronic_Acid,34
33.5,B5_D-Glucuronic_Acid,34
33.75,B5_D-Glucuronic_Acid,38
34.0,B5_D-Glucuronic_Acid,34
34.25,B5_D-Glucuronic_Acid,29
34.5,B5_D-Glucuronic_Acid,38
34.75,B5_D-Glucuronic_Acid,32
35.0,B5_D-Glucuronic_Acid,34
35.25,B5_D-Glucuronic_Acid,35
35.5,B5_D-Glucuronic_Acid,40
35.75,B5_D-Glucuronic_Acid,37
36.0,B5_D-Glucuronic_Acid,35
36.25,B5_D-Glucuronic_Acid,33
36.5,B5_D-Glucuronic_Acid,32
36.75,B5_D-Glucuronic_Acid,39
37.0,B5_D-Glucuronic_Acid,39
37.25,B5_D-Glucuronic_Acid,36
37.5,B5_D-Glucuronic_Acid,37
37.75,B5_D-Glucuronic_Acid,37
38.0,B5_D-Glucuronic_Acid,38
38.25,B5_D-Glucuronic_Acid,32
38.5,B5_D-Glucuronic_Acid,35
38.75,B5_D-Glucuronic_Acid,36
39.0,B5_D-Glucuronic_Acid,37
39.25,B5_D-Glucuronic_Acid,38
39.5,B5_D-Glucuronic_Acid,35
39.75,B5_D-Glucuronic_Acid,35
40.0,B5_D-Glucuronic_Acid,40
40.25,B5_D-Glucuronic_Acid,34
40.5,B5_D-Glucuronic_Acid,40
40.75,B5_D-Glucuronic_Acid,41
41.0,B5_D-Glucuronic_Acid,39
41.25,B5_D-Glucuronic_Acid,38
41.5,B5_D-Glucuronic_Acid,42
41.75,B5_D-Glucuronic_Acid,45
42.0,B5_D-Glucuronic_Acid,42
42.25,B5_D-Glucuronic_Acid,43
42.5,B5_D-Glucuronic_Acid,44
42.75,B5_D-Glucuronic_Acid,41
43.0,B5_D-Glucuronic_Acid,42
43.25,B5_D-Glucuronic_Acid,44
43.5,B5_D-Glucuronic_Acid,44
43.75,B5_D-Glucuronic_Acid,41
44.0,B5_D-Glucuronic_Acid,39
44.25,B5_D-Glucuronic_Acid,46
44.5,B5_D-Glucuronic_Acid,41
44.75,B5_D-Glucuronic_Acid,43
45.0,B5_D-Glucuronic_Acid,45
45.25,B5_D-Glucuronic_Acid,44
45.5,B5_D-Glucuronic_Acid,47
45.75,B5_D-Glucuronic_Acid,43
46.0,B5_D-Glucuronic_Acid,48
46.25,B5_D-Glucuronic_Acid,47
46.5,B5_D-Glucuronic_Acid,48
46.75,B5_D-Glucuronic_Acid,47
47.0,B5_D-Glucuronic_Acid,47
47.25,B5_D-Glucuronic_Acid,49
47.5,B5_D-Glucuronic_Acid,0
0.0,B6_D-Gluconic_Acid,11
0.25,B6_D-Gluconic_Acid,11
0.5,B6_D-Gluconic_Acid,11
0.75,B6_D-Gluconic_Acid,12
1.0,B6_D-Gluconic_Acid,11
1.25,B6_D-Gluconic_Acid,11
1.5,B6_D-Gluconic_Acid,11
1.75,B6_D-Gluconic_Acid,12
2.0,B6_D-Gluconic_Acid,11
2.25,B6_D-Gluconic_Acid,11
2.5,B6_D-Gluconic_Acid,11
2.75,B6_D-Gluconic_Acid,11
3.0,B6_D-Gluconic_Acid,11
3.25,B6_D-Gluconic_Acid,11
3.5,B6_D-Gluconic_Acid,11
3.75,B6_D-Gluconic_Acid,11
4.0,B6_D-Gluconic_Acid,11
4.25,B6_D-Gluconic_Acid,11
4.5,B6_D-Gluconic_Acid,11
4.75,B6_D-Gluconic_Acid,11
5.0,B6_D-Gluconic_Acid,15
5.25,B6_D-Gluconic_Acid,11
5.5,B6_D-Gluconic_Acid,14
5.75,B6_D-Gluconic_Acid,15
6.0,B6_D-Gluconic_Acid,16
6.25,B6_D-Gluconic_Acid,20
6.5,B6_D-Gluconic_Acid,20
6.75,B6_D-Gluconic_Acid,23
7.0,B6_D-Gluconic_Acid,25
7.25,B6_D-Gluconic_Acid,26
7.5,B6_D-Gluconic_Acid,31
7.75,B6_D-Gluconic_Acid,35
8.0,B6_D-Gluconic_Acid,38
8.25,B6_D-Gluconic_Acid,35
8.5,B6_D-Gluconic_Acid,40
8.75,B6_D-Gluconic_Acid,44
9.0,B6_D-Gluconic_Acid,44
9.25,B6_D-Gluconic_Acid,46
9.5,B6_D-Gluconic_Acid,52
9.75,B6_D-Gluconic_Acid,51
10.0,B6_D-Gluconic_Acid,59
10.25,B6_D-Gluconic_Acid,57
10.5,B6_D-Gluconic_Acid,63
10.75,B6_D-Gluconic_Acid,64
11.0,B6_D-Gluconic_Acid,62
11.25,B6_D-Gluconic_Acid,74
11.5,B6_D-Gluconic_Acid,77
11.75,B6_D-Gluconic_Acid,73
12.0,B6_D-Gluconic_Acid,76
12.25,B6_D-Gluconic_Acid,86
12.5,B6_D-Gluconic_Acid,88
12.75,B6_D-Gluconic_Acid,86
13.0,B6_D-Gluconic_Acid,89
13.25,B6_D-Gluconic_Acid,93
13.5,B6_D-Gluconic_Acid,101
13.75,B6_D-Gluconic_Acid,101
14.0,B6_D-Gluconic_Acid,106
14.25,B6_D-Gluconic_Acid,106
14.5,B6_D-Gluconic_Acid,111
14.75,B6_D-Gluconic_Acid,115
15.0,B6_D-Gluconic_Acid,114
15.25,B6_D-Gluconic_Acid,119
15.5,B6_D-Gluconic_Acid,124
15.75,B6_D-Gluconic_Acid,127
16.0,B6_D-Gluconic_Acid,132
16.25,B6_D-Gluconic_Acid,135
16.5,B6_D-Gluconic_Acid,137
16.75,B6_D-Gluconic_Acid,138
17.0,B6_D-Gluconic_Acid,143
17.25,B6_D-Gluconic_Acid,143
17.5,B6_D-Gluconic_Acid,145
17.75,B6_D-Gluconic_Acid,151
18.0,B6_D-Gluconic_Acid,152
18.25,B6_D-Gluconic_Acid,158
18.5,B6_D-Gluconic_Acid,162
18.75,B6_D-Gluconic_Acid,164
19.0,B6_D-Gluconic_Acid,167
19.25,B6_D-Gluconic_Acid,169
19.5,B6_D-Gluconic_Acid,171
19.75,B6_D-Gluconic_Acid,173
20.0,B6_D-Gluconic_Acid,177
20.25,B6_D-Gluconic_Acid,175
20.5,B6_D-Gluconic_Acid,180
20.75,B6_D-Gluconic_Acid,184
21.0,B6_D-Gluconic_Acid,182
21.25,B6_D-Gluconic_Acid,185
21.5,B6_D-Gluconic_Acid,185
21.75,B6_D-Gluconic_Acid,193
22.0,B6_D-Gluconic_Acid,197
22.25,B6_D-Gluconic_Acid,197
22.5,B6_D-Gluconic_Acid,198
22.75,B6_D-Gluconic_Acid,202
23.0,B6_D-Gluconic_Acid,204
23.25,B6_D-Gluconic_Acid,205
23.5,B6_D-Gluconic_Acid,209
23.75,B6_D-Gluconic_Acid,207
24.0,B6_D-Gluconic_Acid,212
24.25,B6_D-Gluconic_Acid,214
24.5,B6_D-Gluconic_Acid,210
24.75,B6_D-Gluconic_Acid,215
25.0,B6_D-Gluconic_Acid,220
25.25,B6_D-Gluconic_Acid,220
25.5,B6_D-Gluconic_Acid,221
25.75,B6_D-Gluconic_Acid,227
26.0,B6_D-Gluconic_Acid,228
26.25,B6_D-Gluconic_Acid,229
26.5,B6_D-Gluconic_Acid,229
26.75,B6_D-Gluconic_Acid,229
27.0,B6_D-Gluconic_Acid,229
27.25,B6_D-Gluconic_Acid,230
27.5,B6_D-Gluconic_Acid,235
27.75,B6_D-Gluconic_Acid,240
28.0,B6_D-Gluconic_Acid,240
28.25,B6_D-Gluconic_Acid,238
28.5,B6_D-Gluconic_Acid,243
28.75,B6_D-Gluconic_Acid,242
29.0,B6_D-Gluconic_Acid,241
29.25,B6_D-Gluconic_Acid,243
29.5,B6_D-Gluconic_Acid,243
29.75,B6_D-Gluconic_Acid,245
30.0,B6_D-Gluconic_Acid,245
30.25,B6_D-Gluconic_Acid,243
30.5,B6_D-Gluconic_Acid,247
30.75,B6_D-Gluconic_Acid,244
31.0,B6_D-Gluconic_Acid,244
31.25,B6_D-Gluconic_Acid,242
31.5,B6_D-Gluconic_Acid,245
31.75,B6_D-Gluconic_Acid,243
32.0,B6_D-Gluconic_Acid,245
32.25,B6_D-Gluconic_Acid,245
32.5,B6_D-Gluconic_Acid,243
32.75,B6_D-Gluconic_Acid,245
33.0,B6_D-Gluconic_Acid,238
33.25,B6_D-Gluconic_Acid,240
33.5,B6_D-Gluconic_Acid,241
33.75,B6_D-Gluconic_Acid,240
34.0,B6_D-Gluconic_Acid,243
34.25,B6_D-Gluconic_Acid,239
34.5,B6_D-Gluconic_Acid,243
34.75,B6_D-Gluconic_Acid,236
35.0,B6_D-Gluconic_Acid,243
35.25,B6_D-Gluconic_Acid,240
35.5,B6_D-Gluconic_Acid,239
35.75,B6_D-Gluconic_Acid,242
36.0,B6_D-Gluconic_Acid,236
36.25,B6_D-Gluconic_Acid,239
36.5,B6_D-Gluconic_Acid,238
36.75,B6_D-Gluconic_Acid,240
37.0,B6_D-Gluconic_Acid,238
37.25,B6_D-Gluconic_Acid,238
37.5,B6_D-Gluconic_Acid,232
37.75,B6_D-Gluconic_Acid,240
38.0,B6_D-Gluconic_Acid,237
38.25,B6_D-Gluconic_Acid,234
38.5,B6_D-Gluconic_Acid,237
38.75,B6_D-Gluconic_Acid,235
39.0,B6_D-Gluconic_Acid,233
39.25,B6_D-Gluconic_Acid,236
39.5,B6_D-Gluconic_Acid,234
39.75,B6_D-Gluconic_Acid,235
40.0,B6_D-Gluconic_Acid,238
40.25,B6_D-Gluconic_Acid,236
40.5,B6_D-Gluconic_Acid,236
40.75,B6_D-Gluconic_Acid,236
41.0,B6_D-Gluconic_Acid,230
41.25,B6_D-Gluconic_Acid,236
41.5,B6_D-Gluconic_Acid,237
41.75,B6_D-Gluconic_Acid,235
42.0,B6_D-Gluconic_Acid,238
42.25,B6_D-Gluconic_Acid,236
42.5,B6_D-Gluconic_Acid,235
42.75,B6_D-Gluconic_Acid,234
43.0,B6_D-Gluconic_Acid,235
43.25,B6_D-Gluconic_Acid,232
43.5,B6_D-Gluconic_Acid,238
43.75,B6_D-Gluconic_Acid,235
44.0,B6_D-Gluconic_Acid,236
44.25,B6_D-Gluconic_Acid,234
44.5,B6_D-Gluconic_Acid,230
44.75,B6_D-Gluconic_Acid,236
45.0,B6_D-Gluconic_Acid,235
45.25,B6_D-Gluconic_Acid,236
45.5,B6_D-Gluconic_Acid,234
45.75,B6_D-Gluconic_Acid,233
46.0,B6_D-Gluconic_Acid,229
46.25,B6_D-Gluconic_Acid,234
46.5,B6_D-Gluconic_Acid,233
46.75,B6_D-Gluconic_Acid,236
47.0,B6_D-Gluconic_Acid,239
47.25,B6_D-Gluconic_Acid,233
47.5,B6_D-Gluconic_Acid,0
0.0,B7_D-L-a-Glycerol_Phosphate,31
0.25,B7_D-L-a-Glycerol_Phosphate,11
0.5,B7_D-L-a-Glycerol_Phosphate,11
0.75,B7_D-L-a-Glycerol_Phosphate,11
1.0,B7_D-L-a-Glycerol_Phosphate,11
1.25,B7_D-L-a-Glycerol_Phosphate,11
1.5,B7_D-L-a-Glycerol_Phosphate,11
1.75,B7_D-L-a-Glycerol_Phosphate,11
2.0,B7_D-L-a-Glycerol_Phosphate,11
2.25,B7_D-L-a-Glycerol_Phosphate,11
2.5,B7_D-L-a-Glycerol_Phosphate,11
2.75,B7_D-L-a-Glycerol_Phosphate,11
3.0,B7_D-L-a-Glycerol_Phosphate,11
3.25,B7_D-L-a-Glycerol_Phosphate,11
3.5,B7_D-L-a-Glycerol_Phosphate,11
3.75,B7_D-L-a-Glycerol_Phosphate,11
4.0,B7_D-L-a-Glycerol_Phosphate,11
4.25,B7_D-L-a-Glycerol_Phosphate,11
4.5,B7_D-L-a-Glycerol_Phosphate,11
4.75,B7_D-L-a-Glycerol_Phosphate,11
5.0,B7_D-L-a-Glycerol_Phosphate,11
5.25,B7_D-L-a-Glycerol_Phosphate,11
5.5,B7_D-L-a-Glycerol_Phosphate,11
5.75,B7_D-L-a-Glycerol_Phosphate,11
6.0,B7_D-L-a-Glycerol_Phosphate,11
6.25,B7_D-L-a-Glycerol_Phosphate,11
6.5,B7_D-L-a-Glycerol_Phosphate,11
6.75,B7_D-L-a-Glycerol_Phosphate,15
7.0,B7_D-L-a-Glycerol_Phosphate,14
7.25,B7_D-L-a-Glycerol_Phosphate,11
7.5,B7_D-L-a-Glycerol_Phosphate,14
7.75,B7_D-L-a-Glycerol_Phosphate,15
8.0,B7_D-L-a-Glycerol_Phosphate,18
8.25,B7_D-L-a-Glycerol_Phosphate,11
8.5,B7_D-L-a-Glycerol_Phosphate,14
8.75,B7_D-L-a-Glycerol_Phosphate,13
9.0,B7_D-L-a-Glycerol_Phosphate,16
9.25,B7_D-L-a-Glycerol_Phosphate,16
9.5,B7_D-L-a-Glycerol_Phosphate,13
9.75,B7_D-L-a-Glycerol_Phosphate,11
10.0,B7_D-L-a-Glycerol_Phosphate,14
10.25,B7_D-L-a-Glycerol_Phosphate,11
10.5,B7_D-L-a-Glycerol_Phosphate,14
10.75,B7_D-L-a-Glycerol_Phosphate,11
11.0,B7_D-L-a-Glycerol_Phosphate,11
11.25,B7_D-L-a-Glycerol_Phosphate,13
11.5,B7_D-L-a-Glycerol_Phosphate,16
11.75,B7_D-L-a-Glycerol_Phosphate,16
12.0,B7_D-L-a-Glycerol_Phosphate,12
12.25,B7_D-L-a-Glycerol_Phosphate,12
12.5,B7_D-L-a-Glycerol_Phosphate,13
12.75,B7_D-L-a-Glycerol_Phosphate,16
13.0,B7_D-L-a-Glycerol_Phosphate,14
13.25,B7_D-L-a-Glycerol_Phosphate,14
13.5,B7_D-L-a-Glycerol_Phosphate,14
13.75,B7_D-L-a-Glycerol_Phosphate,13
14.0,B7_D-L-a-Glycerol_Phosphate,13
14.25,B7_D-L-a-Glycerol_Phosphate,13
14.5,B7_D-L-a-Glycerol_Phosphate,13
14.75,B7_D-L-a-Glycerol_Phosphate,16
15.0,B7_D-L-a-Glycerol_Phosphate,16
15.25,B7_D-L-a-Glycerol_Phosphate,15
15.5,B7_D-L-a-Glycerol_Phosphate,14
15.75,B7_D-L-a-Glycerol_Phosphate,16
16.0,B7_D-L-a-Glycerol_Phosphate,12
16.25,B7_D-L-a-Glycerol_Phosphate,13
16.5,B7_D-L-a-Glycerol_Phosphate,17
16.75,B7_D-L-a-Glycerol_Phosphate,11
17.0,B7_D-L-a-Glycerol_Phosphate,12
17.25,B7_D-L-a-Glycerol_Phosphate,15
17.5,B7_D-L-a-Glycerol_Phosphate,11
17.75,B7_D-L-a-Glycerol_Phosphate,16
18.0,B7_D-L-a-Glycerol_Phosphate,16
18.25,B7_D-L-a-Glycerol_Phosphate,21
18.5,B7_D-L-a-Glycerol_Phosphate,13
18.75,B7_D-L-a-Glycerol_Phosphate,11
19.0,B7_D-L-a-Glycerol_Phosphate,11
19.25,B7_D-L-a-Glycerol_Phosphate,14
19.5,B7_D-L-a-Glycerol_Phosphate,14
19.75,B7_D-L-a-Glycerol_Phosphate,14
20.0,B7_D-L-a-Glycerol_Phosphate,12
20.25,B7_D-L-a-Glycerol_Phosphate,12
20.5,B7_D-L-a-Glycerol_Phosphate,16
20.75,B7_D-L-a-Glycerol_Phosphate,15
21.0,B7_D-L-a-Glycerol_Phosphate,16
21.25,B7_D-L-a-Glycerol_Phosphate,12
21.5,B7_D-L-a-Glycerol_Phosphate,14
21.75,B7_D-L-a-Glycerol_Phosphate,11
22.0,B7_D-L-a-Glycerol_Phosphate,16
22.25,B7_D-L-a-Glycerol_Phosphate,17
22.5,B7_D-L-a-Glycerol_Phosphate,15
22.75,B7_D-L-a-Glycerol_Phosphate,13
23.0,B7_D-L-a-Glycerol_Phosphate,18
23.25,B7_D-L-a-Glycerol_Phosphate,17
23.5,B7_D-L-a-Glycerol_Phosphate,16
23.75,B7_D-L-a-Glycerol_Phosphate,19
24.0,B7_D-L-a-Glycerol_Phosphate,17
24.25,B7_D-L-a-Glycerol_Phosphate,20
24.5,B7_D-L-a-Glycerol_Phosphate,17
24.75,B7_D-L-a-Glycerol_Phosphate,19
25.0,B7_D-L-a-Glycerol_Phosphate,14
25.25,B7_D-L-a-Glycerol_Phosphate,21
25.5,B7_D-L-a-Glycerol_Phosphate,15
25.75,B7_D-L-a-Glycerol_Phosphate,18
26.0,B7_D-L-a-Glycerol_Phosphate,15
26.25,B7_D-L-a-Glycerol_Phosphate,18
26.5,B7_D-L-a-Glycerol_Phosphate,19
26.75,B7_D-L-a-Glycerol_Phosphate,16
27.0,B7_D-L-a-Glycerol_Phosphate,18
27.25,B7_D-L-a-Glycerol_Phosphate,19
27.5,B7_D-L-a-Glycerol_Phosphate,19
27.75,B7_D-L-a-Glycerol_Phosphate,19
28.0,B7_D-L-a-Glycerol_Phosphate,15
28.25,B7_D-L-a-Glycerol_Phosphate,18
28.5,B7_D-L-a-Glycerol_Phosphate,15
28.75,B7_D-L-a-Glycerol_Phosphate,19
29.0,B7_D-L-a-Glycerol_Phosphate,17
29.25,B7_D-L-a-Glycerol_Phosphate,18
29.5,B7_D-L-a-Glycerol_Phosphate,19
29.75,B7_D-L-a-Glycerol_Phosphate,16
30.0,B7_D-L-a-Glycerol_Phosphate,13
30.25,B7_D-L-a-Glycerol_Phosphate,15
30.5,B7_D-L-a-Glycerol_Phosphate,14
30.75,B7_D-L-a-Glycerol_Phosphate,16
31.0,B7_D-L-a-Glycerol_Phosphate,15
31.25,B7_D-L-a-Glycerol_Phosphate,18
31.5,B7_D-L-a-Glycerol_Phosphate,21
31.75,B7_D-L-a-Glycerol_Phosphate,18
32.0,B7_D-L-a-Glycerol_Phosphate,23
32.25,B7_D-L-a-Glycerol_Phosphate,19
32.5,B7_D-L-a-Glycerol_Phosphate,18
32.75,B7_D-L-a-Glycerol_Phosphate,18
33.0,B7_D-L-a-Glycerol_Phosphate,15
33.25,B7_D-L-a-Glycerol_Phosphate,21
33.5,B7_D-L-a-Glycerol_Phosphate,18
33.75,B7_D-L-a-Glycerol_Phosphate,22
34.0,B7_D-L-a-Glycerol_Phosphate,14
34.25,B7_D-L-a-Glycerol_Phosphate,16
34.5,B7_D-L-a-Glycerol_Phosphate,20
34.75,B7_D-L-a-Glycerol_Phosphate,25
35.0,B7_D-L-a-Glycerol_Phosphate,19
35.25,B7_D-L-a-Glycerol_Phosphate,17
35.5,B7_D-L-a-Glycerol_Phosphate,19
35.75,B7_D-L-a-Glycerol_Phosphate,22
36.0,B7_D-L-a-Glycerol_Phosphate,25
36.25,B7_D-L-a-Glycerol_Phosphate,19
36.5,B7_D-L-a-Glycerol_Phosphate,18
36.75,B7_D-L-a-Glycerol_Phosphate,18
37.0,B7_D-L-a-Glycerol_Phosphate,19
37.25,B7_D-L-a-Glycerol_Phosphate,18
37.5,B7_D-L-a-Glycerol_Phosphate,16
37.75,B7_D-L-a-Glycerol_Phosphate,17
38.0,B7_D-L-a-Glycerol_Phosphate,15
38.25,B7_D-L-a-Glycerol_Phosphate,21
38.5,B7_D-L-a-Glycerol_Phosphate,19
38.75,B7_D-L-a-Glycerol_Phosphate,21
39.0,B7_D-L-a-Glycerol_Phosphate,20
39.25,B7_D-L-a-Glycerol_Phosphate,21
39.5,B7_D-L-a-Glycerol_Phosphate,21
39.75,B7_D-L-a-Glycerol_Phosphate,17
40.0,B7_D-L-a-Glycerol_Phosphate,19
40.25,B7_D-L-a-Glycerol_Phosphate,22
40.5,B7_D-L-a-Glycerol_Phosphate,21
40.75,B7_D-L-a-Glycerol_Phosphate,19
41.0,B7_D-L-a-Glycerol_Phosphate,22
41.25,B7_D-L-a-Glycerol_Phosphate,20
41.5,B7_D-L-a-Glycerol_Phosphate,18
41.75,B7_D-L-a-Glycerol_Phosphate,21
42.0,B7_D-L-a-Glycerol_Phosphate,22
42.25,B7_D-L-a-Glycerol_Phosphate,24
42.5,B7_D-L-a-Glycerol_Phosphate,19
42.75,B7_D-L-a-Glycerol_Phosphate,19
43.0,B7_D-L-a-Glycerol_Phosphate,23
43.25,B7_D-L-a-Glycerol_Phosphate,20
43.5,B7_D-L-a-Glycerol_Phosphate,22
43.75,B7_D-L-a-Glycerol_Phosphate,20
44.0,B7_D-L-a-Glycerol_Phosphate,23
44.25,B7_D-L-a-Glycerol_Phosphate,22
44.5,B7_D-L-a-Glycerol_Phosphate,25
44.75,B7_D-L-a-Glycerol_Phosphate,23
45.0,B7_D-L-a-Glycerol_Phosphate,18
45.25,B7_D-L-a-Glycerol_Phosphate,22
45.5,B7_D-L-a-Glycerol_Phosphate,21
45.75,B7_D-L-a-Glycerol_Phosphate,20
46.0,B7_D-L-a-Glycerol_Phosphate,20
46.25,B7_D-L-a-Glycerol_Phosphate,23
46.5,B7_D-L-a-Glycerol_Phosphate,22
46.75,B7_D-L-a-Glycerol_Phosphate,24
47.0,B7_D-L-a-Glycerol_Phosphate,23
47.25,B7_D-L-a-Glycerol_Phosphate,23
47.5,B7_D-L-a-Glycerol_Phosphate,0
0.0,B8_D-Xylose,93
0.25,B8_D-Xylose,101
0.5,B8_D-Xylose,101
0.75,B8_D-Xylose,103
1.0,B8_D-Xylose,107
1.25,B8_D-Xylose,103
1.5,B8_D-Xylose,108
1.75,B8_D-Xylose,108
2.0,B8_D-Xylose,109
2.25,B8_D-Xylose,109
2.5,B8_D-Xylose,111
2.75,B8_D-Xylose,113
3.0,B8_D-Xylose,113
3.25,B8_D-Xylose,112
3.5,B8_D-Xylose,111
3.75,B8_D-Xylose,110
4.0,B8_D-Xylose,110
4.25,B8_D-Xylose,115
4.5,B8_D-Xylose,114
4.75,B8_D-Xylose,115
5.0,B8_D-Xylose,112
5.25,B8_D-Xylose,113
5.5,B8_D-Xylose,112
5.75,B8_D-Xylose,112
6.0,B8_D-Xylose,113
6.25,B8_D-Xylose,114
6.5,B8_D-Xylose,112
6.75,B8_D-Xylose,119
7.0,B8_D-Xylose,116
7.25,B8_D-Xylose,114
7.5,B8_D-Xylose,114
7.75,B8_D-Xylose,116
8.0,B8_D-Xylose,118
8.25,B8_D-Xylose,120
8.5,B8_D-Xylose,116
8.75,B8_D-Xylose,122
9.0,B8_D-Xylose,120
9.25,B8_D-Xylose,116
9.5,B8_D-Xylose,120
9.75,B8_D-Xylose,122
10.0,B8_D-Xylose,121
10.25,B8_D-Xylose,121
10.5,B8_D-Xylose,120
10.75,B8_D-Xylose,118
11.0,B8_D-Xylose,122
11.25,B8_D-Xylose,119
11.5,B8_D-Xylose,128
11.75,B8_D-Xylose,124
12.0,B8_D-Xylose,127
12.25,B8_D-Xylose,124
12.5,B8_D-Xylose,126
12.75,B8_D-Xylose,128
13.0,B8_D-Xylose,125
13.25,B8_D-Xylose,122
13.5,B8_D-Xylose,126
13.75,B8_D-Xylose,127
14.0,B8_D-Xylose,129
14.25,B8_D-Xylose,124
14.5,B8_D-Xylose,123
14.75,B8_D-Xylose,128
15.0,B8_D-Xylose,127
15.25,B8_D-Xylose,130
15.5,B8_D-Xylose,129
15.75,B8_D-Xylose,129
16.0,B8_D-Xylose,131
16.25,B8_D-Xylose,129
16.5,B8_D-Xylose,133
16.75,B8_D-Xylose,128
17.0,B8_D-Xylose,131
17.25,B8_D-Xylose,133
17.5,B8_D-Xylose,130
17.75,B8_D-Xylose,133
18.0,B8_D-Xylose,134
18.25,B8_D-Xylose,132
18.5,B8_D-Xylose,137
18.75,B8_D-Xylose,133
19.0,B8_D-Xylose,134
19.25,B8_D-Xylose,131
19.5,B8_D-Xylose,135
19.75,B8_D-Xylose,133
20.0,B8_D-Xylose,135
20.25,B8_D-Xylose,133
20.5,B8_D-Xylose,129
20.75,B8_D-Xylose,136
21.0,B8_D-Xylose,137
21.25,B8_D-Xylose,137
21.5,B8_D-Xylose,135
21.75,B8_D-Xylose,136
22.0,B8_D-Xylose,135
22.25,B8_D-Xylose,135
22.5,B8_D-Xylose,135
22.75,B8_D-Xylose,139
23.0,B8_D-Xylose,141
23.25,B8_D-Xylose,138
23.5,B8_D-Xylose,141
23.75,B8_D-Xylose,139
24.0,B8_D-Xylose,138
24.25,B8_D-Xylose,141
24.5,B8_D-Xylose,139
24.75,B8_D-Xylose,137
25.0,B8_D-Xylose,135
25.25,B8_D-Xylose,140
25.5,B8_D-Xylose,139
25.75,B8_D-Xylose,139
26.0,B8_D-Xylose,136
26.25,B8_D-Xylose,144
26.5,B8_D-Xylose,143
26.75,B8_D-Xylose,138
27.0,B8_D-Xylose,136
27.25,B8_D-Xylose,139
27.5,B8_D-Xylose,138
27.75,B8_D-Xylose,143
28.0,B8_D-Xylose,140
28.25,B8_D-Xylose,138
28.5,B8_D-Xylose,140
28.75,B8_D-Xylose,140
29.0,B8_D-Xylose,141
29.25,B8_D-Xylose,137
29.5,B8_D-Xylose,140
29.75,B8_D-Xylose,141
30.0,B8_D-Xylose,139
30.25,B8_D-Xylose,142
30.5,B8_D-Xylose,139
30.75,B8_D-Xylose,139
31.0,B8_D-Xylose,142
31.25,B8_D-Xylose,140
31.5,B8_D-Xylose,146
31.75,B8_D-Xylose,143
32.0,B8_D-Xylose,143
32.25,B8_D-Xylose,142
32.5,B8_D-Xylose,143
32.75,B8_D-Xylose,143
33.0,B8_D-Xylose,147
33.25,B8_D-Xylose,142
33.5,B8_D-Xylose,143
33.75,B8_D-Xylose,143
34.0,B8_D-Xylose,143
34.25,B8_D-Xylose,143
34.5,B8_D-Xylose,143
34.75,B8_D-Xylose,142
35.0,B8_D-Xylose,143
35.25,B8_D-Xylose,144
35.5,B8_D-Xylose,148
35.75,B8_D-Xylose,145
36.0,B8_D-Xylose,144
36.25,B8_D-Xylose,144
36.5,B8_D-Xylose,142
36.75,B8_D-Xylose,145
37.0,B8_D-Xylose,143
37.25,B8_D-Xylose,143
37.5,B8_D-Xylose,140
37.75,B8_D-Xylose,147
38.0,B8_D-Xylose,146
38.25,B8_D-Xylose,144
38.5,B8_D-Xylose,146
38.75,B8_D-Xylose,145
39.0,B8_D-Xylose,144
39.25,B8_D-Xylose,143
39.5,B8_D-Xylose,144
39.75,B8_D-Xylose,146
40.0,B8_D-Xylose,144
40.25,B8_D-Xylose,147
40.5,B8_D-Xylose,147
40.75,B8_D-Xylose,145
41.0,B8_D-Xylose,147
41.25,B8_D-Xylose,149
41.5,B8_D-Xylose,147
41.75,B8_D-Xylose,144
42.0,B8_D-Xylose,146
42.25,B8_D-Xylose,144
42.5,B8_D-Xylose,149
42.75,B8_D-Xylose,143
43.0,B8_D-Xylose,149
43.25,B8_D-Xylose,148
43.5,B8_D-Xylose,146
43.75,B8_D-Xylose,150
44.0,B8_D-Xylose,148
44.25,B8_D-Xylose,146
44.5,B8_D-Xylose,148
44.75,B8_D-Xylose,147
45.0,B8_D-Xylose,146
45.25,B8_D-Xylose,146
45.5,B8_D-Xylose,147
45.75,B8_D-Xylose,146
46.0,B8_D-Xylose,149
46.25,B8_D-Xylose,146
46.5,B8_D-Xylose,148
46.75,B8_D-Xylose,146
47.0,B8_D-Xylose,146
47.25,B8_D-Xylose,149
47.5,B8_D-Xylose,0
0.0,B9_L-Lactic_Acid,11
0.25,B9_L-Lactic_Acid,11
0.5,B9_L-Lactic_Acid,11
0.75,B9_L-Lactic_Acid,13
1.0,B9_L-Lactic_Acid,17
1.25,B9_L-Lactic_Acid,17
1.5,B9_L-Lactic_Acid,18
1.75,B9_L-Lactic_Acid,20
2.0,B9_L-Lactic_Acid,17
2.25,B9_L-Lactic_Acid,15
2.5,B9_L-Lactic_Acid,16
2.75,B9_L-Lactic_Acid,14
3.0,B9_L-Lactic_Acid,15
3.25,B9_L-Lactic_Acid,13
3.5,B9_L-Lactic_Acid,11
3.75,B9_L-Lactic_Acid,15
4.0,B9_L-Lactic_Acid,12
4.25,B9_L-Lactic_Acid,15
4.5,B9_L-Lactic_Acid,17
4.75,B9_L-Lactic_Acid,18
5.0,B9_L-Lactic_Acid,15
5.25,B9_L-Lactic_Acid,13
5.5,B9_L-Lactic_Acid,15
5.75,B9_L-Lactic_Acid,16
6.0,B9_L-Lactic_Acid,15
6.25,B9_L-Lactic_Acid,17
6.5,B9_L-Lactic_Acid,17
6.75,B9_L-Lactic_Acid,18
7.0,B9_L-Lactic_Acid,18
7.25,B9_L-Lactic_Acid,23
7.5,B9_L-Lactic_Acid,18
7.75,B9_L-Lactic_Acid,20
8.0,B9_L-Lactic_Acid,23
8.25,B9_L-Lactic_Acid,23
8.5,B9_L-Lactic_Acid,24
8.75,B9_L-Lactic_Acid,23
9.0,B9_L-Lactic_Acid,20
9.25,B9_L-Lactic_Acid,22
9.5,B9_L-Lactic_Acid,22
9.75,B9_L-Lactic_Acid,23
10.0,B9_L-Lactic_Acid,20
10.25,B9_L-Lactic_Acid,19
10.5,B9_L-Lactic_Acid,21
10.75,B9_L-Lactic_Acid,22
11.0,B9_L-Lactic_Acid,23
11.25,B9_L-Lactic_Acid,22
11.5,B9_L-Lactic_Acid,26
11.75,B9_L-Lactic_Acid,22
12.0,B9_L-Lactic_Acid,24
12.25,B9_L-Lactic_Acid,22
12.5,B9_L-Lactic_Acid,24
12.75,B9_L-Lactic_Acid,23
13.0,B9_L-Lactic_Acid,23
13.25,B9_L-Lactic_Acid,21
13.5,B9_L-Lactic_Acid,22
13.75,B9_L-Lactic_Acid,22
14.0,B9_L-Lactic_Acid,21
14.25,B9_L-Lactic_Acid,23
14.5,B9_L-Lactic_Acid,21
14.75,B9_L-Lactic_Acid,30
15.0,B9_L-Lactic_Acid,27
15.25,B9_L-Lactic_Acid,26
15.5,B9_L-Lactic_Acid,21
15.75,B9_L-Lactic_Acid,24
16.0,B9_L-Lactic_Acid,31
16.25,B9_L-Lactic_Acid,23
16.5,B9_L-Lactic_Acid,25
16.75,B9_L-Lactic_Acid,24
17.0,B9_L-Lactic_Acid,28
17.25,B9_L-Lactic_Acid,25
17.5,B9_L-Lactic_Acid,28
17.75,B9_L-Lactic_Acid,28
18.0,B9_L-Lactic_Acid,27
18.25,B9_L-Lactic_Acid,24
18.5,B9_L-Lactic_Acid,29
18.75,B9_L-Lactic_Acid,22
19.0,B9_L-Lactic_Acid,24
19.25,B9_L-Lactic_Acid,23
19.5,B9_L-Lactic_Acid,26
19.75,B9_L-Lactic_Acid,28
20.0,B9_L-Lactic_Acid,30
20.25,B9_L-Lactic_Acid,26
20.5,B9_L-Lactic_Acid,28
20.75,B9_L-Lactic_Acid,23
21.0,B9_L-Lactic_Acid,26
21.25,B9_L-Lactic_Acid,25
21.5,B9_L-Lactic_Acid,20
21.75,B9_L-Lactic_Acid,24
22.0,B9_L-Lactic_Acid,26
22.25,B9_L-Lactic_Acid,27
22.5,B9_L-Lactic_Acid,23
22.75,B9_L-Lactic_Acid,23
23.0,B9_L-Lactic_Acid,29
23.25,B9_L-Lactic_Acid,29
23.5,B9_L-Lactic_Acid,28
23.75,B9_L-Lactic_Acid,29
24.0,B9_L-Lactic_Acid,25
24.25,B9_L-Lactic_Acid,29
24.5,B9_L-Lactic_Acid,33
24.75,B9_L-Lactic_Acid,30
25.0,B9_L-Lactic_Acid,29
25.25,B9_L-Lactic_Acid,28
25.5,B9_L-Lactic_Acid,26
25.75,B9_L-Lactic_Acid,28
26.0,B9_L-Lactic_Acid,29
26.25,B9_L-Lactic_Acid,30
26.5,B9_L-Lactic_Acid,29
26.75,B9_L-Lactic_Acid,30
27.0,B9_L-Lactic_Acid,27
27.25,B9_L-Lactic_Acid,27
27.5,B9_L-Lactic_Acid,26
27.75,B9_L-Lactic_Acid,28
28.0,B9_L-Lactic_Acid,30
28.25,B9_L-Lactic_Acid,31
28.5,B9_L-Lactic_Acid,30
28.75,B9_L-Lactic_Acid,33
29.0,B9_L-Lactic_Acid,28
29.25,B9_L-Lactic_Acid,26
29.5,B9_L-Lactic_Acid,28
29.75,B9_L-Lactic_Acid,30
30.0,B9_L-Lactic_Acid,26
30.25,B9_L-Lactic_Acid,27
30.5,B9_L-Lactic_Acid,26
30.75,B9_L-Lactic_Acid,33
31.0,B9_L-Lactic_Acid,29
31.25,B9_L-Lactic_Acid,30
31.5,B9_L-Lactic_Acid,28
31.75,B9_L-Lactic_Acid,28
32.0,B9_L-Lactic_Acid,30
32.25,B9_L-Lactic_Acid,31
32.5,B9_L-Lactic_Acid,33
32.75,B9_L-Lactic_Acid,30
33.0,B9_L-Lactic_Acid,33
33.25,B9_L-Lactic_Acid,34
33.5,B9_L-Lactic_Acid,31
33.75,B9_L-Lactic_Acid,35
34.0,B9_L-Lactic_Acid,30
34.25,B9_L-Lactic_Acid,30
34.5,B9_L-Lactic_Acid,31
34.75,B9_L-Lactic_Acid,31
35.0,B9_L-Lactic_Acid,32
35.25,B9_L-Lactic_Acid,34
35.5,B9_L-Lactic_Acid,31
35.75,B9_L-Lactic_Acid,32
36.0,B9_L-Lactic_Acid,33
36.25,B9_L-Lactic_Acid,31
36.5,B9_L-Lactic_Acid,30
36.75,B9_L-Lactic_Acid,31
37.0,B9_L-Lactic_Acid,31
37.25,B9_L-Lactic_Acid,28
37.5,B9_L-Lactic_Acid,34
37.75,B9_L-Lactic_Acid,34
38.0,B9_L-Lactic_Acid,30
38.25,B9_L-Lactic_Acid,28
38.5,B9_L-Lactic_Acid,27
38.75,B9_L-Lactic_Acid,34
39.0,B9_L-Lactic_Acid,34
39.25,B9_L-Lactic_Acid,30
39.5,B9_L-Lactic_Acid,30
39.75,B9_L-Lactic_Acid,36
40.0,B9_L-Lactic_Acid,35
40.25,B9_L-Lactic_Acid,35
40.5,B9_L-Lactic_Acid,32
40.75,B9_L-Lactic_Acid,31
41.0,B9_L-Lactic_Acid,35
41.25,B9_L-Lactic_Acid,34
41.5,B9_L-Lactic_Acid,34
41.75,B9_L-Lactic_Acid,33
42.0,B9_L-Lactic_Acid,30
42.25,B9_L-Lactic_Acid,33
42.5,B9_L-Lactic_Acid,33
42.75,B9_L-Lactic_Acid,34
43.0,B9_L-Lactic_Acid,37
43.25,B9_L-Lactic_Acid,30
43.5,B9_L-Lactic_Acid,34
43.75,B9_L-Lactic_Acid,34
44.0,B9_L-Lactic_Acid,38
44.25,B9_L-Lactic_Acid,31
44.5,B9_L-Lactic_Acid,32
44.75,B9_L-Lactic_Acid,35
45.0,B9_L-Lactic_Acid,37
45.25,B9_L-Lactic_Acid,33
45.5,B9_L-Lactic_Acid,34
45.75,B9_L-Lactic_Acid,35
46.0,B9_L-Lactic_Acid,36
46.25,B9_L-Lactic_Acid,35
46.5,B9_L-Lactic_Acid,32
46.75,B9_L-Lactic_Acid,33
47.0,B9_L-Lactic_Acid,35
47.25,B9_L-Lactic_Acid,32
47.5,B9_L-Lactic_Acid,0
0.0,B10_Formic_Acid,24
0.25,B10_Formic_Acid,11
0.5,B10_Formic_Acid,11
0.75,B10_Formic_Acid,11
1.0,B10_Formic_Acid,11
1.25,B10_Formic_Acid,11
1.5,B10_Formic_Acid,11
1.75,B10_Formic_Acid,11
2.0,B10_Formic_Acid,12
2.25,B10_Formic_Acid,11
2.5,B10_Formic_Acid,11
2.75,B10_Formic_Acid,11
3.0,B10_Formic_Acid,11
3.25,B10_Formic_Acid,11
3.5,B10_Formic_Acid,11
3.75,B10_Formic_Acid,11
4.0,B10_Formic_Acid,11
4.25,B10_Formic_Acid,11
4.5,B10_Formic_Acid,11
4.75,B10_Formic_Acid,12
5.0,B10_Formic_Acid,11
5.25,B10_Formic_Acid,11
5.5,B10_Formic_Acid,11
5.75,B10_Formic_Acid,11
6.0,B10_Formic_Acid,15
6.25,B10_Formic_Acid,13
6.5,B10_Formic_Acid,18
6.75,B10_Formic_Acid,11
7.0,B10_Formic_Acid,13
7.25,B10_Formic_Acid,15
7.5,B10_Formic_Acid,15
7.75,B10_Formic_Acid,16
8.0,B10_Formic_Acid,21
8.25,B10_Formic_Acid,17
8.5,B10_Formic_Acid,15
8.75,B10_Formic_Acid,21
9.0,B10_Formic_Acid,17
9.25,B10_Formic_Acid,20
9.5,B10_Formic_Acid,20
9.75,B10_Formic_Acid,15
10.0,B10_Formic_Acid,19
10.25,B10_Formic_Acid,21
10.5,B10_Formic_Acid,18
10.75,B10_Formic_Acid,18
11.0,B10_Formic_Acid,18
11.25,B10_Formic_Acid,19
11.5,B10_Formic_Acid,24
11.75,B10_Formic_Acid,22
12.0,B10_Formic_Acid,21
12.25,B10_Formic_Acid,19
12.5,B10_Formic_Acid,18
12.75,B10_Formic_Acid,18
13.0,B10_Formic_Acid,23
13.25,B10_Formic_Acid,20
13.5,B10_Formic_Acid,21
13.75,B10_Formic_Acid,18
14.0,B10_Formic_Acid,24
14.25,B10_Formic_Acid,25
14.5,B10_Formic_Acid,21
14.75,B10_Formic_Acid,25
15.0,B10_Formic_Acid,22
15.25,B10_Formic_Acid,20
15.5,B10_Formic_Acid,21
15.75,B10_Formic_Acid,24
16.0,B10_Formic_Acid,16
16.25,B10_Formic_Acid,24
16.5,B10_Formic_Acid,26
16.75,B10_Formic_Acid,25
17.0,B10_Formic_Acid,19
17.25,B10_Formic_Acid,19
17.5,B10_Formic_Acid,23
17.75,B10_Formic_Acid,25
18.0,B10_Formic_Acid,25
18.25,B10_Formic_Acid,25
18.5,B10_Formic_Acid,22
18.75,B10_Formic_Acid,17
19.0,B10_Formic_Acid,21
19.25,B10_Formic_Acid,21
19.5,B10_Formic_Acid,22
19.75,B10_Formic_Acid,22
20.0,B10_Formic_Acid,28
20.25,B10_Formic_Acid,20
20.5,B10_Formic_Acid,20
20.75,B10_Formic_Acid,25
21.0,B10_Formic_Acid,22
21.25,B10_Formic_Acid,24
21.5,B10_Formic_Acid,24
21.75,B10_Formic_Acid,23
22.0,B10_Formic_Acid,25
22.25,B10_Formic_Acid,23
22.5,B10_Formic_Acid,22
22.75,B10_Formic_Acid,19
23.0,B10_Formic_Acid,22
23.25,B10_Formic_Acid,25
23.5,B10_Formic_Acid,25
23.75,B10_Formic_Acid,27
24.0,B10_Formic_Acid,23
24.25,B10_Formic_Acid,26
24.5,B10_Formic_Acid,23
24.75,B10_Formic_Acid,25
25.0,B10_Formic_Acid,23
25.25,B10_Formic_Acid,24
25.5,B10_Formic_Acid,27
25.75,B10_Formic_Acid,21
26.0,B10_Formic_Acid,25
26.25,B10_Formic_Acid,25
26.5,B10_Formic_Acid,23
26.75,B10_Formic_Acid,26
27.0,B10_Formic_Acid,25
27.25,B10_Formic_Acid,18
27.5,B10_Formic_Acid,22
27.75,B10_Formic_Acid,23
28.0,B10_Formic_Acid,26
28.25,B10_Formic_Acid,21
28.5,B10_Formic_Acid,27
28.75,B10_Formic_Acid,24
29.0,B10_Formic_Acid,22
29.25,B10_Formic_Acid,23
29.5,B10_Formic_Acid,23
29.75,B10_Formic_Acid,29
30.0,B10_Formic_Acid,26
30.25,B10_Formic_Acid,25
30.5,B10_Formic_Acid,21
30.75,B10_Formic_Acid,26
31.0,B10_Formic_Acid,22
31.25,B10_Formic_Acid,24
31.5,B10_Formic_Acid,30
31.75,B10_Formic_Acid,22
32.0,B10_Formic_Acid,26
32.25,B10_Formic_Acid,25
32.5,B10_Formic_Acid,26
32.75,B10_Formic_Acid,26
33.0,B10_Formic_Acid,28
33.25,B10_Formic_Acid,27
33.5,B10_Formic_Acid,28
33.75,B10_Formic_Acid,31
34.0,B10_Formic_Acid,24
34.25,B10_Formic_Acid,25
34.5,B10_Formic_Acid,28
34.75,B10_Formic_Acid,19
35.0,B10_Formic_Acid,26
35.25,B10_Formic_Acid,27
35.5,B10_Formic_Acid,27
35.75,B10_Formic_Acid,30
36.0,B10_Formic_Acid,25
36.25,B10_Formic_Acid,28
36.5,B10_Formic_Acid,25
36.75,B10_Formic_Acid,26
37.0,B10_Formic_Acid,24
37.25,B10_Formic_Acid,22
37.5,B10_Formic_Acid,21
37.75,B10_Formic_Acid,27
38.0,B10_Formic_Acid,26
38.25,B10_Formic_Acid,26
38.5,B10_Formic_Acid,28
38.75,B10_Formic_Acid,27
39.0,B10_Formic_Acid,25
39.25,B10_Formic_Acid,24
39.5,B10_Formic_Acid,26
39.75,B10_Formic_Acid,29
40.0,B10_Formic_Acid,25
40.25,B10_Formic_Acid,23
40.5,B10_Formic_Acid,29
40.75,B10_Formic_Acid,28
41.0,B10_Formic_Acid,30
41.25,B10_Formic_Acid,29
41.5,B10_Formic_Acid,28
41.75,B10_Formic_Acid,23
42.0,B10_Formic_Acid,25
42.25,B10_Formic_Acid,25
42.5,B10_Formic_Acid,26
42.75,B10_Formic_Acid,28
43.0,B10_Formic_Acid,30
43.25,B10_Formic_Acid,27
43.5,B10_Formic_Acid,22
43.75,B10_Formic_Acid,27
44.0,B10_Formic_Acid,29
44.25,B10_Formic_Acid,26
44.5,B10_Formic_Acid,21
44.75,B10_Formic_Acid,26
45.0,B10_Formic_Acid,27
45.25,B10_Formic_Acid,26
45.5,B10_Formic_Acid,24
45.75,B10_Formic_Acid,26
46.0,B10_Formic_Acid,26
46.25,B10_Formic_Acid,31
46.5,B10_Formic_Acid,28
46.75,B10_Formic_Acid,28
47.0,B10_Formic_Acid,24
47.25,B10_Formic_Acid,29
47.5,B10_Formic_Acid,0
0.0,B11_D-Mannitol,24
0.25,B11_D-Mannitol,30
0.5,B11_D-Mannitol,15
0.75,B11_D-Mannitol,19
1.0,B11_D-Mannitol,21
1.25,B11_D-Mannitol,18
1.5,B11_D-Mannitol,24
1.75,B11_D-Mannitol,22
2.0,B11_D-Mannitol,22
2.25,B11_D-Mannitol,17
2.5,B11_D-Mannitol,24
2.75,B11_D-Mannitol,22
3.0,B11_D-Mannitol,22
3.25,B11_D-Mannitol,14
3.5,B11_D-Mannitol,12
3.75,B11_D-Mannitol,14
4.0,B11_D-Mannitol,11
4.25,B11_D-Mannitol,19
4.5,B11_D-Mannitol,16
4.75,B11_D-Mannitol,19
5.0,B11_D-Mannitol,20
5.25,B11_D-Mannitol,19
5.5,B11_D-Mannitol,19
5.75,B11_D-Mannitol,22
6.0,B11_D-Mannitol,19
6.25,B11_D-Mannitol,20
6.5,B11_D-Mannitol,22
6.75,B11_D-Mannitol,23
7.0,B11_D-Mannitol,25
7.25,B11_D-Mannitol,26
7.5,B11_D-Mannitol,25
7.75,B11_D-Mannitol,28
8.0,B11_D-Mannitol,27
8.25,B11_D-Mannitol,28
8.5,B11_D-Mannitol,29
8.75,B11_D-Mannitol,34
9.0,B11_D-Mannitol,31
9.25,B11_D-Mannitol,32
9.5,B11_D-Mannitol,29
9.75,B11_D-Mannitol,34
10.0,B11_D-Mannitol,31
10.25,B11_D-Mannitol,35
10.5,B11_D-Mannitol,35
10.75,B11_D-Mannitol,37
11.0,B11_D-Mannitol,37
11.25,B11_D-Mannitol,37
11.5,B11_D-Mannitol,43
11.75,B11_D-Mannitol,38
12.0,B11_D-Mannitol,41
12.25,B11_D-Mannitol,46
12.5,B11_D-Mannitol,43
12.75,B11_D-Mannitol,45
13.0,B11_D-Mannitol,42
13.25,B11_D-Mannitol,46
13.5,B11_D-Mannitol,46
13.75,B11_D-Mannitol,47
14.0,B11_D-Mannitol,51
14.25,B11_D-Mannitol,48
14.5,B11_D-Mannitol,50
14.75,B11_D-Mannitol,53
15.0,B11_D-Mannitol,53
15.25,B11_D-Mannitol,53
15.5,B11_D-Mannitol,56
15.75,B11_D-Mannitol,55
16.0,B11_D-Mannitol,54
16.25,B11_D-Mannitol,54
16.5,B11_D-Mannitol,59
16.75,B11_D-Mannitol,58
17.0,B11_D-Mannitol,61
17.25,B11_D-Mannitol,57
17.5,B11_D-Mannitol,58
17.75,B11_D-Mannitol,62
18.0,B11_D-Mannitol,64
18.25,B11_D-Mannitol,68
18.5,B11_D-Mannitol,68
18.75,B11_D-Mannitol,68
19.0,B11_D-Mannitol,68
19.25,B11_D-Mannitol,69
19.5,B11_D-Mannitol,68
19.75,B11_D-Mannitol,71
20.0,B11_D-Mannitol,69
20.25,B11_D-Mannitol,73
20.5,B11_D-Mannitol,68
20.75,B11_D-Mannitol,72
21.0,B11_D-Mannitol,75
21.25,B11_D-Mannitol,78
21.5,B11_D-Mannitol,77
21.75,B11_D-Mannitol,75
22.0,B11_D-Mannitol,79
22.25,B11_D-Mannitol,79
22.5,B11_D-Mannitol,81
22.75,B11_D-Mannitol,80
23.0,B11_D-Mannitol,87
23.25,B11_D-Mannitol,85
23.5,B11_D-Mannitol,84
23.75,B11_D-Mannitol,87
24.0,B11_D-Mannitol,84
24.25,B11_D-Mannitol,88
24.5,B11_D-Mannitol,81
24.75,B11_D-Mannitol,88
25.0,B11_D-Mannitol,90
25.25,B11_D-Mannitol,95
25.5,B11_D-Mannitol,90
25.75,B11_D-Mannitol,99
26.0,B11_D-Mannitol,96
26.25,B11_D-Mannitol,98
26.5,B11_D-Mannitol,102
26.75,B11_D-Mannitol,99
27.0,B11_D-Mannitol,103
27.25,B11_D-Mannitol,106
27.5,B11_D-Mannitol,105
27.75,B11_D-Mannitol,108
28.0,B11_D-Mannitol,113
28.25,B11_D-Mannitol,111
28.5,B11_D-Mannitol,114
28.75,B11_D-Mannitol,115
29.0,B11_D-Mannitol,116
29.25,B11_D-Mannitol,115
29.5,B11_D-Mannitol,117
29.75,B11_D-Mannitol,125
30.0,B11_D-Mannitol,119
30.25,B11_D-Mannitol,126
30.5,B11_D-Mannitol,123
30.75,B11_D-Mannitol,131
31.0,B11_D-Mannitol,129
31.25,B11_D-Mannitol,131
31.5,B11_D-Mannitol,138
31.75,B11_D-Mannitol,134
32.0,B11_D-Mannitol,141
32.25,B11_D-Mannitol,146
32.5,B11_D-Mannitol,143
32.75,B11_D-Mannitol,146
33.0,B11_D-Mannitol,149
33.25,B11_D-Mannitol,155
33.5,B11_D-Mannitol,158
33.75,B11_D-Mannitol,160
34.0,B11_D-Mannitol,159
34.25,B11_D-Mannitol,161
34.5,B11_D-Mannitol,167
34.75,B11_D-Mannitol,162
35.0,B11_D-Mannitol,170
35.25,B11_D-Mannitol,173
35.5,B11_D-Mannitol,173
35.75,B11_D-Mannitol,177
36.0,B11_D-Mannitol,174
36.25,B11_D-Mannitol,185
36.5,B11_D-Mannitol,181
36.75,B11_D-Mannitol,186
37.0,B11_D-Mannitol,189
37.25,B11_D-Mannitol,189
37.5,B11_D-Mannitol,190
37.75,B11_D-Mannitol,194
38.0,B11_D-Mannitol,195
38.25,B11_D-Mannitol,189
38.5,B11_D-Mannitol,200
38.75,B11_D-Mannitol,205
39.0,B11_D-Mannitol,205
39.25,B11_D-Mannitol,204
39.5,B11_D-Mannitol,208
39.75,B11_D-Mannitol,212
40.0,B11_D-Mannitol,213
40.25,B11_D-Mannitol,212
40.5,B11_D-Mannitol,216
40.75,B11_D-Mannitol,219
41.0,B11_D-Mannitol,218
41.25,B11_D-Mannitol,219
41.5,B11_D-Mannitol,225
41.75,B11_D-Mannitol,222
42.0,B11_D-Mannitol,227
42.25,B11_D-Mannitol,229
42.5,B11_D-Mannitol,228
42.75,B11_D-Mannitol,232
43.0,B11_D-Mannitol,233
43.25,B11_D-Mannitol,233
43.5,B11_D-Mannitol,236
43.75,B11_D-Mannitol,235
44.0,B11_D-Mannitol,238
44.25,B11_D-Mannitol,240
44.5,B11_D-Mannitol,234
44.75,B11_D-Mannitol,241
45.0,B11_D-Mannitol,241
45.25,B11_D-Mannitol,244
45.5,B11_D-Mannitol,244
45.75,B11_D-Mannitol,248
46.0,B11_D-Mannitol,244
46.25,B11_D-Mannitol,247
46.5,B11_D-Mannitol,248
46.75,B11_D-Mannitol,247
47.0,B11_D-Mannitol,252
47.25,B11_D-Mannitol,253
47.5,B11_D-Mannitol,0
0.0,B12_L-Glutamic_Acid,30
0.25,B12_L-Glutamic_Acid,28
0.5,B12_L-Glutamic_Acid,38
0.75,B12_L-Glutamic_Acid,27
1.0,B12_L-Glutamic_Acid,24
1.25,B12_L-Glutamic_Acid,21
1.5,B12_L-Glutamic_Acid,23
1.75,B12_L-Glutamic_Acid,25
2.0,B12_L-Glutamic_Acid,22
2.25,B12_L-Glutamic_Acid,20
2.5,B12_L-Glutamic_Acid,20
2.75,B12_L-Glutamic_Acid,24
3.0,B12_L-Glutamic_Acid,26
3.25,B12_L-Glutamic_Acid,23
3.5,B12_L-Glutamic_Acid,25
3.75,B12_L-Glutamic_Acid,23
4.0,B12_L-Glutamic_Acid,23
4.25,B12_L-Glutamic_Acid,28
4.5,B12_L-Glutamic_Acid,32
4.75,B12_L-Glutamic_Acid,27
5.0,B12_L-Glutamic_Acid,31
5.25,B12_L-Glutamic_Acid,35
5.5,B12_L-Glutamic_Acid,37
5.75,B12_L-Glutamic_Acid,39
6.0,B12_L-Glutamic_Acid,38
6.25,B12_L-Glutamic_Acid,36
6.5,B12_L-Glutamic_Acid,38
6.75,B12_L-Glutamic_Acid,37
7.0,B12_L-Glutamic_Acid,49
7.25,B12_L-Glutamic_Acid,41
7.5,B12_L-Glutamic_Acid,45
7.75,B12_L-Glutamic_Acid,51
8.0,B12_L-Glutamic_Acid,51
8.25,B12_L-Glutamic_Acid,52
8.5,B12_L-Glutamic_Acid,55
8.75,B12_L-Glutamic_Acid,58
9.0,B12_L-Glutamic_Acid,56
9.25,B12_L-Glutamic_Acid,59
9.5,B12_L-Glutamic_Acid,60
9.75,B12_L-Glutamic_Acid,59
10.0,B12_L-Glutamic_Acid,64
10.25,B12_L-Glutamic_Acid,66
10.5,B12_L-Glutamic_Acid,67
10.75,B12_L-Glutamic_Acid,68
11.0,B12_L-Glutamic_Acid,70
11.25,B12_L-Glutamic_Acid,71
11.5,B12_L-Glutamic_Acid,77
11.75,B12_L-Glutamic_Acid,74
12.0,B12_L-Glutamic_Acid,80
12.25,B12_L-Glutamic_Acid,89
12.5,B12_L-Glutamic_Acid,85
12.75,B12_L-Glutamic_Acid,89
13.0,B12_L-Glutamic_Acid,85
13.25,B12_L-Glutamic_Acid,95
13.5,B12_L-Glutamic_Acid,99
13.75,B12_L-Glutamic_Acid,99
14.0,B12_L-Glutamic_Acid,102
14.25,B12_L-Glutamic_Acid,103
14.5,B12_L-Glutamic_Acid,109
14.75,B12_L-Glutamic_Acid,115
15.0,B12_L-Glutamic_Acid,114
15.25,B12_L-Glutamic_Acid,121
15.5,B12_L-Glutamic_Acid,120
15.75,B12_L-Glutamic_Acid,122
16.0,B12_L-Glutamic_Acid,128
16.25,B12_L-Glutamic_Acid,130
16.5,B12_L-Glutamic_Acid,132
16.75,B12_L-Glutamic_Acid,135
17.0,B12_L-Glutamic_Acid,137
17.25,B12_L-Glutamic_Acid,139
17.5,B12_L-Glutamic_Acid,143
17.75,B12_L-Glutamic_Acid,148
18.0,B12_L-Glutamic_Acid,151
18.25,B12_L-Glutamic_Acid,150
18.5,B12_L-Glutamic_Acid,156
18.75,B12_L-Glutamic_Acid,157
19.0,B12_L-Glutamic_Acid,160
19.25,B12_L-Glutamic_Acid,164
19.5,B12_L-Glutamic_Acid,165
19.75,B12_L-Glutamic_Acid,169
20.0,B12_L-Glutamic_Acid,163
20.25,B12_L-Glutamic_Acid,170
20.5,B12_L-Glutamic_Acid,172
20.75,B12_L-Glutamic_Acid,173
21.0,B12_L-Glutamic_Acid,174
21.25,B12_L-Glutamic_Acid,179
21.5,B12_L-Glutamic_Acid,176
21.75,B12_L-Glutamic_Acid,179
22.0,B12_L-Glutamic_Acid,182
22.25,B12_L-Glutamic_Acid,185
22.5,B12_L-Glutamic_Acid,184
22.75,B12_L-Glutamic_Acid,189
23.0,B12_L-Glutamic_Acid,185
23.25,B12_L-Glutamic_Acid,193
23.5,B12_L-Glutamic_Acid,195
23.75,B12_L-Glutamic_Acid,194
24.0,B12_L-Glutamic_Acid,197
24.25,B12_L-Glutamic_Acid,198
24.5,B12_L-Glutamic_Acid,197
24.75,B12_L-Glutamic_Acid,200
25.0,B12_L-Glutamic_Acid,202
25.25,B12_L-Glutamic_Acid,207
25.5,B12_L-Glutamic_Acid,203
25.75,B12_L-Glutamic_Acid,206
26.0,B12_L-Glutamic_Acid,205
26.25,B12_L-Glutamic_Acid,205
26.5,B12_L-Glutamic_Acid,203
26.75,B12_L-Glutamic_Acid,205
27.0,B12_L-Glutamic_Acid,201
27.25,B12_L-Glutamic_Acid,201
27.5,B12_L-Glutamic_Acid,203
27.75,B12_L-Glutamic_Acid,202
28.0,B12_L-Glutamic_Acid,199
28.25,B12_L-Glutamic_Acid,201
28.5,B12_L-Glutamic_Acid,201
28.75,B12_L-Glutamic_Acid,202
29.0,B12_L-Glutamic_Acid,201
29.25,B12_L-Glutamic_Acid,197
29.5,B12_L-Glutamic_Acid,201
29.75,B12_L-Glutamic_Acid,203
30.0,B12_L-Glutamic_Acid,199
30.25,B12_L-Glutamic_Acid,199
30.5,B12_L-Glutamic_Acid,200
30.75,B12_L-Glutamic_Acid,201
31.0,B12_L-Glutamic_Acid,200
31.25,B12_L-Glutamic_Acid,196
31.5,B12_L-Glutamic_Acid,201
31.75,B12_L-Glutamic_Acid,196
32.0,B12_L-Glutamic_Acid,200
32.25,B12_L-Glutamic_Acid,199
32.5,B12_L-Glutamic_Acid,199
32.75,B12_L-Glutamic_Acid,198
33.0,B12_L-Glutamic_Acid,198
33.25,B12_L-Glutamic_Acid,198
33.5,B12_L-Glutamic_Acid,201
33.75,B12_L-Glutamic_Acid,198
34.0,B12_L-Glutamic_Acid,194
34.25,B12_L-Glutamic_Acid,198
34.5,B12_L-Glutamic_Acid,200
34.75,B12_L-Glutamic_Acid,193
35.0,B12_L-Glutamic_Acid,199
35.25,B12_L-Glutamic_Acid,198
35.5,B12_L-Glutamic_Acid,198
35.75,B12_L-Glutamic_Acid,198
36.0,B12_L-Glutamic_Acid,196
36.25,B12_L-Glutamic_Acid,194
36.5,B12_L-Glutamic_Acid,196
36.75,B12_L-Glutamic_Acid,193
37.0,B12_L-Glutamic_Acid,199
37.25,B12_L-Glutamic_Acid,194
37.5,B12_L-Glutamic_Acid,197
37.75,B12_L-Glutamic_Acid,195
38.0,B12_L-Glutamic_Acid,195
38.25,B12_L-Glutamic_Acid,190
38.5,B12_L-Glutamic_Acid,194
38.75,B12_L-Glutamic_Acid,191
39.0,B12_L-Glutamic_Acid,193
39.25,B12_L-Glutamic_Acid,194
39.5,B12_L-Glutamic_Acid,196
39.75,B12_L-Glutamic_Acid,195
40.0,B12_L-Glutamic_Acid,194
40.25,B12_L-Glutamic_Acid,192
40.5,B12_L-Glutamic_Acid,193
40.75,B12_L-Glutamic_Acid,192
41.0,B12_L-Glutamic_Acid,189
41.25,B12_L-Glutamic_Acid,193
41.5,B12_L-Glutamic_Acid,193
41.75,B12_L-Glutamic_Acid,192
42.0,B12_L-Glutamic_Acid,195
42.25,B12_L-Glutamic_Acid,193
42.5,B12_L-Glutamic_Acid,194
42.75,B12_L-Glutamic_Acid,194
43.0,B12_L-Glutamic_Acid,196
43.25,B12_L-Glutamic_Acid,190
43.5,B12_L-Glutamic_Acid,190
43.75,B12_L-Glutamic_Acid,189
44.0,B12_L-Glutamic_Acid,190
44.25,B12_L-Glutamic_Acid,190
44.5,B12_L-Glutamic_Acid,187
44.75,B12_L-Glutamic_Acid,189
45.0,B12_L-Glutamic_Acid,194
45.25,B12_L-Glutamic_Acid,192
45.5,B12_L-Glutamic_Acid,195
45.75,B12_L-Glutamic_Acid,192
46.0,B12_L-Glutamic_Acid,190
46.25,B12_L-Glutamic_Acid,191
46.5,B12_L-Glutamic_Acid,190
46.75,B12_L-Glutamic_Acid,193
47.0,B12_L-Glutamic_Acid,190
47.25,B12_L-Glutamic_Acid,191
47.5,B12_L-Glutamic_Acid,0
0.0,C1_D-Glucose-6-Phosphate,46
0.25,C1_D-Glucose-6-Phosphate,17
0.5,C1_D-Glucose-6-Phosphate,17
0.75,C1_D-Glucose-6-Phosphate,21
1.0,C1_D-Glucose-6-Phosphate,20
1.25,C1_D-Glucose-6-Phosphate,16
1.5,C1_D-Glucose-6-Phosphate,21
1.75,C1_D-Glucose-6-Phosphate,21
2.0,C1_D-Glucose-6-Phosphate,17
2.25,C1_D-Glucose-6-Phosphate,19
2.5,C1_D-Glucose-6-Phosphate,18
2.75,C1_D-Glucose-6-Phosphate,19
3.0,C1_D-Glucose-6-Phosphate,20
3.25,C1_D-Glucose-6-Phosphate,20
3.5,C1_D-Glucose-6-Phosphate,19
3.75,C1_D-Glucose-6-Phosphate,20
4.0,C1_D-Glucose-6-Phosphate,15
4.25,C1_D-Glucose-6-Phosphate,22
4.5,C1_D-Glucose-6-Phosphate,22
4.75,C1_D-Glucose-6-Phosphate,25
5.0,C1_D-Glucose-6-Phosphate,23
5.25,C1_D-Glucose-6-Phosphate,25
5.5,C1_D-Glucose-6-Phosphate,24
5.75,C1_D-Glucose-6-Phosphate,27
6.0,C1_D-Glucose-6-Phosphate,25
6.25,C1_D-Glucose-6-Phosphate,23
6.5,C1_D-Glucose-6-Phosphate,23
6.75,C1_D-Glucose-6-Phosphate,24
7.0,C1_D-Glucose-6-Phosphate,32
7.25,C1_D-Glucose-6-Phosphate,26
7.5,C1_D-Glucose-6-Phosphate,31
7.75,C1_D-Glucose-6-Phosphate,27
8.0,C1_D-Glucose-6-Phosphate,33
8.25,C1_D-Glucose-6-Phosphate,29
8.5,C1_D-Glucose-6-Phosphate,28
8.75,C1_D-Glucose-6-Phosphate,31
9.0,C1_D-Glucose-6-Phosphate,32
9.25,C1_D-Glucose-6-Phosphate,27
9.5,C1_D-Glucose-6-Phosphate,30
9.75,C1_D-Glucose-6-Phosphate,29
10.0,C1_D-Glucose-6-Phosphate,29
10.25,C1_D-Glucose-6-Phosphate,24
10.5,C1_D-Glucose-6-Phosphate,26
10.75,C1_D-Glucose-6-Phosphate,28
11.0,C1_D-Glucose-6-Phosphate,28
11.25,C1_D-Glucose-6-Phosphate,29
11.5,C1_D-Glucose-6-Phosphate,30
11.75,C1_D-Glucose-6-Phosphate,32
12.0,C1_D-Glucose-6-Phosphate,29
12.25,C1_D-Glucose-6-Phosphate,33
12.5,C1_D-Glucose-6-Phosphate,29
12.75,C1_D-Glucose-6-Phosphate,34
13.0,C1_D-Glucose-6-Phosphate,27
13.25,C1_D-Glucose-6-Phosphate,31
13.5,C1_D-Glucose-6-Phosphate,30
13.75,C1_D-Glucose-6-Phosphate,32
14.0,C1_D-Glucose-6-Phosphate,31
14.25,C1_D-Glucose-6-Phosphate,28
14.5,C1_D-Glucose-6-Phosphate,30
14.75,C1_D-Glucose-6-Phosphate,28
15.0,C1_D-Glucose-6-Phosphate,30
15.25,C1_D-Glucose-6-Phosphate,30
15.5,C1_D-Glucose-6-Phosphate,30
15.75,C1_D-Glucose-6-Phosphate,31
16.0,C1_D-Glucose-6-Phosphate,29
16.25,C1_D-Glucose-6-Phosphate,29
16.5,C1_D-Glucose-6-Phosphate,29
16.75,C1_D-Glucose-6-Phosphate,30
17.0,C1_D-Glucose-6-Phosphate,33
17.25,C1_D-Glucose-6-Phosphate,30
17.5,C1_D-Glucose-6-Phosphate,34
17.75,C1_D-Glucose-6-Phosphate,34
18.0,C1_D-Glucose-6-Phosphate,30
18.25,C1_D-Glucose-6-Phosphate,37
18.5,C1_D-Glucose-6-Phosphate,34
18.75,C1_D-Glucose-6-Phosphate,31
19.0,C1_D-Glucose-6-Phosphate,32
19.25,C1_D-Glucose-6-Phosphate,29
19.5,C1_D-Glucose-6-Phosphate,35
19.75,C1_D-Glucose-6-Phosphate,33
20.0,C1_D-Glucose-6-Phosphate,38
20.25,C1_D-Glucose-6-Phosphate,35
20.5,C1_D-Glucose-6-Phosphate,31
20.75,C1_D-Glucose-6-Phosphate,36
21.0,C1_D-Glucose-6-Phosphate,32
21.25,C1_D-Glucose-6-Phosphate,31
21.5,C1_D-Glucose-6-Phosphate,33
21.75,C1_D-Glucose-6-Phosphate,32
22.0,C1_D-Glucose-6-Phosphate,38
22.25,C1_D-Glucose-6-Phosphate,35
22.5,C1_D-Glucose-6-Phosphate,36
22.75,C1_D-Glucose-6-Phosphate,32
23.0,C1_D-Glucose-6-Phosphate,34
23.25,C1_D-Glucose-6-Phosphate,37
23.5,C1_D-Glucose-6-Phosphate,34
23.75,C1_D-Glucose-6-Phosphate,40
24.0,C1_D-Glucose-6-Phosphate,36
24.25,C1_D-Glucose-6-Phosphate,36
24.5,C1_D-Glucose-6-Phosphate,36
24.75,C1_D-Glucose-6-Phosphate,35
25.0,C1_D-Glucose-6-Phosphate,34
25.25,C1_D-Glucose-6-Phosphate,34
25.5,C1_D-Glucose-6-Phosphate,35
25.75,C1_D-Glucose-6-Phosphate,36
26.0,C1_D-Glucose-6-Phosphate,36
26.25,C1_D-Glucose-6-Phosphate,41
26.5,C1_D-Glucose-6-Phosphate,38
26.75,C1_D-Glucose-6-Phosphate,34
27.0,C1_D-Glucose-6-Phosphate,36
27.25,C1_D-Glucose-6-Phosphate,34
27.5,C1_D-Glucose-6-Phosphate,35
27.75,C1_D-Glucose-6-Phosphate,37
28.0,C1_D-Glucose-6-Phosphate,34
28.25,C1_D-Glucose-6-Phosphate,38
28.5,C1_D-Glucose-6-Phosphate,37
28.75,C1_D-Glucose-6-Phosphate,38
29.0,C1_D-Glucose-6-Phosphate,35
29.25,C1_D-Glucose-6-Phosphate,35
29.5,C1_D-Glucose-6-Phosphate,39
29.75,C1_D-Glucose-6-Phosphate,40
30.0,C1_D-Glucose-6-Phosphate,39
30.25,C1_D-Glucose-6-Phosphate,35
30.5,C1_D-Glucose-6-Phosphate,38
30.75,C1_D-Glucose-6-Phosphate,36
31.0,C1_D-Glucose-6-Phosphate,35
31.25,C1_D-Glucose-6-Phosphate,34
31.5,C1_D-Glucose-6-Phosphate,36
31.75,C1_D-Glucose-6-Phosphate,32
32.0,C1_D-Glucose-6-Phosphate,37
32.25,C1_D-Glucose-6-Phosphate,38
32.5,C1_D-Glucose-6-Phosphate,41
32.75,C1_D-Glucose-6-Phosphate,39
33.0,C1_D-Glucose-6-Phosphate,38
33.25,C1_D-Glucose-6-Phosphate,36
33.5,C1_D-Glucose-6-Phosphate,37
33.75,C1_D-Glucose-6-Phosphate,41
34.0,C1_D-Glucose-6-Phosphate,36
34.25,C1_D-Glucose-6-Phosphate,37
34.5,C1_D-Glucose-6-Phosphate,38
34.75,C1_D-Glucose-6-Phosphate,37
35.0,C1_D-Glucose-6-Phosphate,40
35.25,C1_D-Glucose-6-Phosphate,37
35.5,C1_D-Glucose-6-Phosphate,39
35.75,C1_D-Glucose-6-Phosphate,40
36.0,C1_D-Glucose-6-Phosphate,35
36.25,C1_D-Glucose-6-Phosphate,41
36.5,C1_D-Glucose-6-Phosphate,38
36.75,C1_D-Glucose-6-Phosphate,40
37.0,C1_D-Glucose-6-Phosphate,37
37.25,C1_D-Glucose-6-Phosphate,39
37.5,C1_D-Glucose-6-Phosphate,35
37.75,C1_D-Glucose-6-Phosphate,40
38.0,C1_D-Glucose-6-Phosphate,40
38.25,C1_D-Glucose-6-Phosphate,32
38.5,C1_D-Glucose-6-Phosphate,39
38.75,C1_D-Glucose-6-Phosphate,37
39.0,C1_D-Glucose-6-Phosphate,37
39.25,C1_D-Glucose-6-Phosphate,38
39.5,C1_D-Glucose-6-Phosphate,38
39.75,C1_D-Glucose-6-Phosphate,35
40.0,C1_D-Glucose-6-Phosphate,34
40.25,C1_D-Glucose-6-Phosphate,36
40.5,C1_D-Glucose-6-Phosphate,40
40.75,C1_D-Glucose-6-Phosphate,39
41.0,C1_D-Glucose-6-Phosphate,39
41.25,C1_D-Glucose-6-Phosphate,40
41.5,C1_D-Glucose-6-Phosphate,41
41.75,C1_D-Glucose-6-Phosphate,35
42.0,C1_D-Glucose-6-Phosphate,36
42.25,C1_D-Glucose-6-Phosphate,36
42.5,C1_D-Glucose-6-Phosphate,38
42.75,C1_D-Glucose-6-Phosphate,39
43.0,C1_D-Glucose-6-Phosphate,38
43.25,C1_D-Glucose-6-Phosphate,39
43.5,C1_D-Glucose-6-Phosphate,38
43.75,C1_D-Glucose-6-Phosphate,35
44.0,C1_D-Glucose-6-Phosphate,40
44.25,C1_D-Glucose-6-Phosphate,34
44.5,C1_D-Glucose-6-Phosphate,32
44.75,C1_D-Glucose-6-Phosphate,33
45.0,C1_D-Glucose-6-Phosphate,38
45.25,C1_D-Glucose-6-Phosphate,33
45.5,C1_D-Glucose-6-Phosphate,37
45.75,C1_D-Glucose-6-Phosphate,31
46.0,C1_D-Glucose-6-Phosphate,34
46.25,C1_D-Glucose-6-Phosphate,37
46.5,C1_D-Glucose-6-Phosphate,33
46.75,C1_D-Glucose-6-Phosphate,38
47.0,C1_D-Glucose-6-Phosphate,35
47.25,C1_D-Glucose-6-Phosphate,34
47.5,C1_D-Glucose-6-Phosphate,0
0.0,C2_D-GalactonicAcid-g-Lactone,13
0.25,C2_D-GalactonicAcid-g-Lactone,12
0.5,C2_D-GalactonicAcid-g-Lactone,13
0.75,C2_D-GalactonicAcid-g-Lactone,13
1.0,C2_D-GalactonicAcid-g-Lactone,15
1.25,C2_D-GalactonicAcid-g-Lactone,11
1.5,C2_D-GalactonicAcid-g-Lactone,14
1.75,C2_D-GalactonicAcid-g-Lactone,17
2.0,C2_D-GalactonicAcid-g-Lactone,13
2.25,C2_D-GalactonicAcid-g-Lactone,14
2.5,C2_D-GalactonicAcid-g-Lactone,12
2.75,C2_D-GalactonicAcid-g-Lactone,15
3.0,C2_D-GalactonicAcid-g-Lactone,11
3.25,C2_D-GalactonicAcid-g-Lactone,11
3.5,C2_D-GalactonicAcid-g-Lactone,11
3.75,C2_D-GalactonicAcid-g-Lactone,11
4.0,C2_D-GalactonicAcid-g-Lactone,11
4.25,C2_D-GalactonicAcid-g-Lactone,17
4.5,C2_D-GalactonicAcid-g-Lactone,15
4.75,C2_D-GalactonicAcid-g-Lactone,16
5.0,C2_D-GalactonicAcid-g-Lactone,14
5.25,C2_D-GalactonicAcid-g-Lactone,18
5.5,C2_D-GalactonicAcid-g-Lactone,16
5.75,C2_D-GalactonicAcid-g-Lactone,20
6.0,C2_D-GalactonicAcid-g-Lactone,17
6.25,C2_D-GalactonicAcid-g-Lactone,15
6.5,C2_D-GalactonicAcid-g-Lactone,20
6.75,C2_D-GalactonicAcid-g-Lactone,17
7.0,C2_D-GalactonicAcid-g-Lactone,21
7.25,C2_D-GalactonicAcid-g-Lactone,17
7.5,C2_D-GalactonicAcid-g-Lactone,20
7.75,C2_D-GalactonicAcid-g-Lactone,23
8.0,C2_D-GalactonicAcid-g-Lactone,23
8.25,C2_D-GalactonicAcid-g-Lactone,22
8.5,C2_D-GalactonicAcid-g-Lactone,19
8.75,C2_D-GalactonicAcid-g-Lactone,24
9.0,C2_D-GalactonicAcid-g-Lactone,18
9.25,C2_D-GalactonicAcid-g-Lactone,21
9.5,C2_D-GalactonicAcid-g-Lactone,24
9.75,C2_D-GalactonicAcid-g-Lactone,22
10.0,C2_D-GalactonicAcid-g-Lactone,20
10.25,C2_D-GalactonicAcid-g-Lactone,21
10.5,C2_D-GalactonicAcid-g-Lactone,23
10.75,C2_D-GalactonicAcid-g-Lactone,26
11.0,C2_D-GalactonicAcid-g-Lactone,22
11.25,C2_D-GalactonicAcid-g-Lactone,22
11.5,C2_D-GalactonicAcid-g-Lactone,23
11.75,C2_D-GalactonicAcid-g-Lactone,23
12.0,C2_D-GalactonicAcid-g-Lactone,22
12.25,C2_D-GalactonicAcid-g-Lactone,23
12.5,C2_D-GalactonicAcid-g-Lactone,23
12.75,C2_D-GalactonicAcid-g-Lactone,21
13.0,C2_D-GalactonicAcid-g-Lactone,22
13.25,C2_D-GalactonicAcid-g-Lactone,22
13.5,C2_D-GalactonicAcid-g-Lactone,19
13.75,C2_D-GalactonicAcid-g-Lactone,22
14.0,C2_D-GalactonicAcid-g-Lactone,20
14.25,C2_D-GalactonicAcid-g-Lactone,21
14.5,C2_D-GalactonicAcid-g-Lactone,23
14.75,C2_D-GalactonicAcid-g-Lactone,24
15.0,C2_D-GalactonicAcid-g-Lactone,19
15.25,C2_D-GalactonicAcid-g-Lactone,26
15.5,C2_D-GalactonicAcid-g-Lactone,23
15.75,C2_D-GalactonicAcid-g-Lactone,21
16.0,C2_D-GalactonicAcid-g-Lactone,24
16.25,C2_D-GalactonicAcid-g-Lactone,22
16.5,C2_D-GalactonicAcid-g-Lactone,20
16.75,C2_D-GalactonicAcid-g-Lactone,21
17.0,C2_D-GalactonicAcid-g-Lactone,20
17.25,C2_D-GalactonicAcid-g-Lactone,18
17.5,C2_D-GalactonicAcid-g-Lactone,22
17.75,C2_D-GalactonicAcid-g-Lactone,24
18.0,C2_D-GalactonicAcid-g-Lactone,21
18.25,C2_D-GalactonicAcid-g-Lactone,26
18.5,C2_D-GalactonicAcid-g-Lactone,23
18.75,C2_D-GalactonicAcid-g-Lactone,23
19.0,C2_D-GalactonicAcid-g-Lactone,25
19.25,C2_D-GalactonicAcid-g-Lactone,23
19.5,C2_D-GalactonicAcid-g-Lactone,23
19.75,C2_D-GalactonicAcid-g-Lactone,24
20.0,C2_D-GalactonicAcid-g-Lactone,20
20.25,C2_D-GalactonicAcid-g-Lactone,19
20.5,C2_D-GalactonicAcid-g-Lactone,19
20.75,C2_D-GalactonicAcid-g-Lactone,22
21.0,C2_D-GalactonicAcid-g-Lactone,21
21.25,C2_D-GalactonicAcid-g-Lactone,23
21.5,C2_D-GalactonicAcid-g-Lactone,22
21.75,C2_D-GalactonicAcid-g-Lactone,20
22.0,C2_D-GalactonicAcid-g-Lactone,24
22.25,C2_D-GalactonicAcid-g-Lactone,24
22.5,C2_D-GalactonicAcid-g-Lactone,23
22.75,C2_D-GalactonicAcid-g-Lactone,18
23.0,C2_D-GalactonicAcid-g-Lactone,23
23.25,C2_D-GalactonicAcid-g-Lactone,24
23.5,C2_D-GalactonicAcid-g-Lactone,22
23.75,C2_D-GalactonicAcid-g-Lactone,25
24.0,C2_D-GalactonicAcid-g-Lactone,20
24.25,C2_D-GalactonicAcid-g-Lactone,24
24.5,C2_D-GalactonicAcid-g-Lactone,26
24.75,C2_D-GalactonicAcid-g-Lactone,21
25.0,C2_D-GalactonicAcid-g-Lactone,21
25.25,C2_D-GalactonicAcid-g-Lactone,24
25.5,C2_D-GalactonicAcid-g-Lactone,23
25.75,C2_D-GalactonicAcid-g-Lactone,24
26.0,C2_D-GalactonicAcid-g-Lactone,22
26.25,C2_D-GalactonicAcid-g-Lactone,27
26.5,C2_D-GalactonicAcid-g-Lactone,26
26.75,C2_D-GalactonicAcid-g-Lactone,24
27.0,C2_D-GalactonicAcid-g-Lactone,24
27.25,C2_D-GalactonicAcid-g-Lactone,23
27.5,C2_D-GalactonicAcid-g-Lactone,23
27.75,C2_D-GalactonicAcid-g-Lactone,26
28.0,C2_D-GalactonicAcid-g-Lactone,24
28.25,C2_D-GalactonicAcid-g-Lactone,22
28.5,C2_D-GalactonicAcid-g-Lactone,21
28.75,C2_D-GalactonicAcid-g-Lactone,27
29.0,C2_D-GalactonicAcid-g-Lactone,25
29.25,C2_D-GalactonicAcid-g-Lactone,27
29.5,C2_D-GalactonicAcid-g-Lactone,25
29.75,C2_D-GalactonicAcid-g-Lactone,23
30.0,C2_D-GalactonicAcid-g-Lactone,23
30.25,C2_D-GalactonicAcid-g-Lactone,23
30.5,C2_D-GalactonicAcid-g-Lactone,22
30.75,C2_D-GalactonicAcid-g-Lactone,23
31.0,C2_D-GalactonicAcid-g-Lactone,24
31.25,C2_D-GalactonicAcid-g-Lactone,21
31.5,C2_D-GalactonicAcid-g-Lactone,28
31.75,C2_D-GalactonicAcid-g-Lactone,21
32.0,C2_D-GalactonicAcid-g-Lactone,25
32.25,C2_D-GalactonicAcid-g-Lactone,22
32.5,C2_D-GalactonicAcid-g-Lactone,25
32.75,C2_D-GalactonicAcid-g-Lactone,23
33.0,C2_D-GalactonicAcid-g-Lactone,21
33.25,C2_D-GalactonicAcid-g-Lactone,25
33.5,C2_D-GalactonicAcid-g-Lactone,22
33.75,C2_D-GalactonicAcid-g-Lactone,25
34.0,C2_D-GalactonicAcid-g-Lactone,27
34.25,C2_D-GalactonicAcid-g-Lactone,26
34.5,C2_D-GalactonicAcid-g-Lactone,25
34.75,C2_D-GalactonicAcid-g-Lactone,25
35.0,C2_D-GalactonicAcid-g-Lactone,24
35.25,C2_D-GalactonicAcid-g-Lactone,24
35.5,C2_D-GalactonicAcid-g-Lactone,26
35.75,C2_D-GalactonicAcid-g-Lactone,24
36.0,C2_D-GalactonicAcid-g-Lactone,26
36.25,C2_D-GalactonicAcid-g-Lactone,25
36.5,C2_D-GalactonicAcid-g-Lactone,22
36.75,C2_D-GalactonicAcid-g-Lactone,20
37.0,C2_D-GalactonicAcid-g-Lactone,27
37.25,C2_D-GalactonicAcid-g-Lactone,23
37.5,C2_D-GalactonicAcid-g-Lactone,20
37.75,C2_D-GalactonicAcid-g-Lactone,23
38.0,C2_D-GalactonicAcid-g-Lactone,22
38.25,C2_D-GalactonicAcid-g-Lactone,18
38.5,C2_D-GalactonicAcid-g-Lactone,26
38.75,C2_D-GalactonicAcid-g-Lactone,29
39.0,C2_D-GalactonicAcid-g-Lactone,25
39.25,C2_D-GalactonicAcid-g-Lactone,24
39.5,C2_D-GalactonicAcid-g-Lactone,23
39.75,C2_D-GalactonicAcid-g-Lactone,22
40.0,C2_D-GalactonicAcid-g-Lactone,24
40.25,C2_D-GalactonicAcid-g-Lactone,27
40.5,C2_D-GalactonicAcid-g-Lactone,23
40.75,C2_D-GalactonicAcid-g-Lactone,25
41.0,C2_D-GalactonicAcid-g-Lactone,27
41.25,C2_D-GalactonicAcid-g-Lactone,26
41.5,C2_D-GalactonicAcid-g-Lactone,27
41.75,C2_D-GalactonicAcid-g-Lactone,22
42.0,C2_D-GalactonicAcid-g-Lactone,25
42.25,C2_D-GalactonicAcid-g-Lactone,23
42.5,C2_D-GalactonicAcid-g-Lactone,26
42.75,C2_D-GalactonicAcid-g-Lactone,24
43.0,C2_D-GalactonicAcid-g-Lactone,26
43.25,C2_D-GalactonicAcid-g-Lactone,24
43.5,C2_D-GalactonicAcid-g-Lactone,25
43.75,C2_D-GalactonicAcid-g-Lactone,22
44.0,C2_D-GalactonicAcid-g-Lactone,26
44.25,C2_D-GalactonicAcid-g-Lactone,25
44.5,C2_D-GalactonicAcid-g-Lactone,25
44.75,C2_D-GalactonicAcid-g-Lactone,27
45.0,C2_D-GalactonicAcid-g-Lactone,20
45.25,C2_D-GalactonicAcid-g-Lactone,24
45.5,C2_D-GalactonicAcid-g-Lactone,25
45.75,C2_D-GalactonicAcid-g-Lactone,22
46.0,C2_D-GalactonicAcid-g-Lactone,21
46.25,C2_D-GalactonicAcid-g-Lactone,24
46.5,C2_D-GalactonicAcid-g-Lactone,26
46.75,C2_D-GalactonicAcid-g-Lactone,23
47.0,C2_D-GalactonicAcid-g-Lactone,22
47.25,C2_D-GalactonicAcid-g-Lactone,24
47.5,C2_D-GalactonicAcid-g-Lactone,0
0.0,C3_D-L-Malic_Acid,11
0.25,C3_D-L-Malic_Acid,11
0.5,C3_D-L-Malic_Acid,11
0.75,C3_D-L-Malic_Acid,13
1.0,C3_D-L-Malic_Acid,15
1.25,C3_D-L-Malic_Acid,11
1.5,C3_D-L-Malic_Acid,12
1.75,C3_D-L-Malic_Acid,13
2.0,C3_D-L-Malic_Acid,14
2.25,C3_D-L-Malic_Acid,12
2.5,C3_D-L-Malic_Acid,11
2.75,C3_D-L-Malic_Acid,11
3.0,C3_D-L-Malic_Acid,13
3.25,C3_D-L-Malic_Acid,11
3.5,C3_D-L-Malic_Acid,11
3.75,C3_D-L-Malic_Acid,11
4.0,C3_D-L-Malic_Acid,11
4.25,C3_D-L-Malic_Acid,16
4.5,C3_D-L-Malic_Acid,18
4.75,C3_D-L-Malic_Acid,15
5.0,C3_D-L-Malic_Acid,18
5.25,C3_D-L-Malic_Acid,22
5.5,C3_D-L-Malic_Acid,21
5.75,C3_D-L-Malic_Acid,20
6.0,C3_D-L-Malic_Acid,25
6.25,C3_D-L-Malic_Acid,29
6.5,C3_D-L-Malic_Acid,28
6.75,C3_D-L-Malic_Acid,31
7.0,C3_D-L-Malic_Acid,33
7.25,C3_D-L-Malic_Acid,32
7.5,C3_D-L-Malic_Acid,38
7.75,C3_D-L-Malic_Acid,42
8.0,C3_D-L-Malic_Acid,44
8.25,C3_D-L-Malic_Acid,46
8.5,C3_D-L-Malic_Acid,52
8.75,C3_D-L-Malic_Acid,56
9.0,C3_D-L-Malic_Acid,61
9.25,C3_D-L-Malic_Acid,56
9.5,C3_D-L-Malic_Acid,61
9.75,C3_D-L-Malic_Acid,67
10.0,C3_D-L-Malic_Acid,70
10.25,C3_D-L-Malic_Acid,75
10.5,C3_D-L-Malic_Acid,77
10.75,C3_D-L-Malic_Acid,81
11.0,C3_D-L-Malic_Acid,81
11.25,C3_D-L-Malic_Acid,92
11.5,C3_D-L-Malic_Acid,102
11.75,C3_D-L-Malic_Acid,98
12.0,C3_D-L-Malic_Acid,109
12.25,C3_D-L-Malic_Acid,111
12.5,C3_D-L-Malic_Acid,117
12.75,C3_D-L-Malic_Acid,121
13.0,C3_D-L-Malic_Acid,119
13.25,C3_D-L-Malic_Acid,126
13.5,C3_D-L-Malic_Acid,132
13.75,C3_D-L-Malic_Acid,138
14.0,C3_D-L-Malic_Acid,134
14.25,C3_D-L-Malic_Acid,137
14.5,C3_D-L-Malic_Acid,141
14.75,C3_D-L-Malic_Acid,142
15.0,C3_D-L-Malic_Acid,146
15.25,C3_D-L-Malic_Acid,150
15.5,C3_D-L-Malic_Acid,152
15.75,C3_D-L-Malic_Acid,151
16.0,C3_D-L-Malic_Acid,154
16.25,C3_D-L-Malic_Acid,151
16.5,C3_D-L-Malic_Acid,149
16.75,C3_D-L-Malic_Acid,149
17.0,C3_D-L-Malic_Acid,150
17.25,C3_D-L-Malic_Acid,148
17.5,C3_D-L-Malic_Acid,148
17.75,C3_D-L-Malic_Acid,148
18.0,C3_D-L-Malic_Acid,151
18.25,C3_D-L-Malic_Acid,151
18.5,C3_D-L-Malic_Acid,151
18.75,C3_D-L-Malic_Acid,149
19.0,C3_D-L-Malic_Acid,151
19.25,C3_D-L-Malic_Acid,153
19.5,C3_D-L-Malic_Acid,149
19.75,C3_D-L-Malic_Acid,153
20.0,C3_D-L-Malic_Acid,149
20.25,C3_D-L-Malic_Acid,152
20.5,C3_D-L-Malic_Acid,150
20.75,C3_D-L-Malic_Acid,149
21.0,C3_D-L-Malic_Acid,151
21.25,C3_D-L-Malic_Acid,149
21.5,C3_D-L-Malic_Acid,151
21.75,C3_D-L-Malic_Acid,149
22.0,C3_D-L-Malic_Acid,152
22.25,C3_D-L-Malic_Acid,154
22.5,C3_D-L-Malic_Acid,151
22.75,C3_D-L-Malic_Acid,152
23.0,C3_D-L-Malic_Acid,151
23.25,C3_D-L-Malic_Acid,154
23.5,C3_D-L-Malic_Acid,152
23.75,C3_D-L-Malic_Acid,156
24.0,C3_D-L-Malic_Acid,153
24.25,C3_D-L-Malic_Acid,156
24.5,C3_D-L-Malic_Acid,151
24.75,C3_D-L-Malic_Acid,151
25.0,C3_D-L-Malic_Acid,153
25.25,C3_D-L-Malic_Acid,151
25.5,C3_D-L-Malic_Acid,153
25.75,C3_D-L-Malic_Acid,153
26.0,C3_D-L-Malic_Acid,154
26.25,C3_D-L-Malic_Acid,153
26.5,C3_D-L-Malic_Acid,152
26.75,C3_D-L-Malic_Acid,154
27.0,C3_D-L-Malic_Acid,153
27.25,C3_D-L-Malic_Acid,156
27.5,C3_D-L-Malic_Acid,157
27.75,C3_D-L-Malic_Acid,152
28.0,C3_D-L-Malic_Acid,154
28.25,C3_D-L-Malic_Acid,154
28.5,C3_D-L-Malic_Acid,153
28.75,C3_D-L-Malic_Acid,157
29.0,C3_D-L-Malic_Acid,152
29.25,C3_D-L-Malic_Acid,151
29.5,C3_D-L-Malic_Acid,152
29.75,C3_D-L-Malic_Acid,154
30.0,C3_D-L-Malic_Acid,151
30.25,C3_D-L-Malic_Acid,153
30.5,C3_D-L-Malic_Acid,154
30.75,C3_D-L-Malic_Acid,152
31.0,C3_D-L-Malic_Acid,151
31.25,C3_D-L-Malic_Acid,153
31.5,C3_D-L-Malic_Acid,157
31.75,C3_D-L-Malic_Acid,154
32.0,C3_D-L-Malic_Acid,154
32.25,C3_D-L-Malic_Acid,157
32.5,C3_D-L-Malic_Acid,154
32.75,C3_D-L-Malic_Acid,154
33.0,C3_D-L-Malic_Acid,152
33.25,C3_D-L-Malic_Acid,158
33.5,C3_D-L-Malic_Acid,154
33.75,C3_D-L-Malic_Acid,159
34.0,C3_D-L-Malic_Acid,156
34.25,C3_D-L-Malic_Acid,156
34.5,C3_D-L-Malic_Acid,152
34.75,C3_D-L-Malic_Acid,155
35.0,C3_D-L-Malic_Acid,156
35.25,C3_D-L-Malic_Acid,157
35.5,C3_D-L-Malic_Acid,155
35.75,C3_D-L-Malic_Acid,153
36.0,C3_D-L-Malic_Acid,157
36.25,C3_D-L-Malic_Acid,154
36.5,C3_D-L-Malic_Acid,157
36.75,C3_D-L-Malic_Acid,157
37.0,C3_D-L-Malic_Acid,157
37.25,C3_D-L-Malic_Acid,154
37.5,C3_D-L-Malic_Acid,155
37.75,C3_D-L-Malic_Acid,158
38.0,C3_D-L-Malic_Acid,154
38.25,C3_D-L-Malic_Acid,154
38.5,C3_D-L-Malic_Acid,156
38.75,C3_D-L-Malic_Acid,154
39.0,C3_D-L-Malic_Acid,154
39.25,C3_D-L-Malic_Acid,155
39.5,C3_D-L-Malic_Acid,155
39.75,C3_D-L-Malic_Acid,153
40.0,C3_D-L-Malic_Acid,154
40.25,C3_D-L-Malic_Acid,153
40.5,C3_D-L-Malic_Acid,153
40.75,C3_D-L-Malic_Acid,159
41.0,C3_D-L-Malic_Acid,158
41.25,C3_D-L-Malic_Acid,155
41.5,C3_D-L-Malic_Acid,157
41.75,C3_D-L-Malic_Acid,158
42.0,C3_D-L-Malic_Acid,158
42.25,C3_D-L-Malic_Acid,158
42.5,C3_D-L-Malic_Acid,156
42.75,C3_D-L-Malic_Acid,155
43.0,C3_D-L-Malic_Acid,155
43.25,C3_D-L-Malic_Acid,154
43.5,C3_D-L-Malic_Acid,155
43.75,C3_D-L-Malic_Acid,155
44.0,C3_D-L-Malic_Acid,156
44.25,C3_D-L-Malic_Acid,155
44.5,C3_D-L-Malic_Acid,152
44.75,C3_D-L-Malic_Acid,156
45.0,C3_D-L-Malic_Acid,154
45.25,C3_D-L-Malic_Acid,157
45.5,C3_D-L-Malic_Acid,159
45.75,C3_D-L-Malic_Acid,157
46.0,C3_D-L-Malic_Acid,154
46.25,C3_D-L-Malic_Acid,156
46.5,C3_D-L-Malic_Acid,154
46.75,C3_D-L-Malic_Acid,160
47.0,C3_D-L-Malic_Acid,158
47.25,C3_D-L-Malic_Acid,157
47.5,C3_D-L-Malic_Acid,0
0.0,C4_D-Ribose,84
0.25,C4_D-Ribose,93
0.5,C4_D-Ribose,94
0.75,C4_D-Ribose,103
1.0,C4_D-Ribose,102
1.25,C4_D-Ribose,106
1.5,C4_D-Ribose,103
1.75,C4_D-Ribose,105
2.0,C4_D-Ribose,108
2.25,C4_D-Ribose,109
2.5,C4_D-Ribose,110
2.75,C4_D-Ribose,107
3.0,C4_D-Ribose,111
3.25,C4_D-Ribose,106
3.5,C4_D-Ribose,108
3.75,C4_D-Ribose,110
4.0,C4_D-Ribose,113
4.25,C4_D-Ribose,114
4.5,C4_D-Ribose,112
4.75,C4_D-Ribose,117
5.0,C4_D-Ribose,110
5.25,C4_D-Ribose,110
5.5,C4_D-Ribose,110
5.75,C4_D-Ribose,114
6.0,C4_D-Ribose,115
6.25,C4_D-Ribose,117
6.5,C4_D-Ribose,114
6.75,C4_D-Ribose,122
7.0,C4_D-Ribose,118
7.25,C4_D-Ribose,119
7.5,C4_D-Ribose,120
7.75,C4_D-Ribose,120
8.0,C4_D-Ribose,121
8.25,C4_D-Ribose,121
8.5,C4_D-Ribose,119
8.75,C4_D-Ribose,125
9.0,C4_D-Ribose,121
9.25,C4_D-Ribose,128
9.5,C4_D-Ribose,126
9.75,C4_D-Ribose,124
10.0,C4_D-Ribose,122
10.25,C4_D-Ribose,120
10.5,C4_D-Ribose,122
10.75,C4_D-Ribose,121
11.0,C4_D-Ribose,127
11.25,C4_D-Ribose,124
11.5,C4_D-Ribose,122
11.75,C4_D-Ribose,126
12.0,C4_D-Ribose,129
12.25,C4_D-Ribose,131
12.5,C4_D-Ribose,129
12.75,C4_D-Ribose,130
13.0,C4_D-Ribose,131
13.25,C4_D-Ribose,130
13.5,C4_D-Ribose,130
13.75,C4_D-Ribose,131
14.0,C4_D-Ribose,131
14.25,C4_D-Ribose,131
14.5,C4_D-Ribose,128
14.75,C4_D-Ribose,134
15.0,C4_D-Ribose,131
15.25,C4_D-Ribose,136
15.5,C4_D-Ribose,132
15.75,C4_D-Ribose,133
16.0,C4_D-Ribose,132
16.25,C4_D-Ribose,135
16.5,C4_D-Ribose,133
16.75,C4_D-Ribose,135
17.0,C4_D-Ribose,135
17.25,C4_D-Ribose,134
17.5,C4_D-Ribose,134
17.75,C4_D-Ribose,135
18.0,C4_D-Ribose,138
18.25,C4_D-Ribose,138
18.5,C4_D-Ribose,139
18.75,C4_D-Ribose,138
19.0,C4_D-Ribose,138
19.25,C4_D-Ribose,136
19.5,C4_D-Ribose,133
19.75,C4_D-Ribose,142
20.0,C4_D-Ribose,137
20.25,C4_D-Ribose,137
20.5,C4_D-Ribose,140
20.75,C4_D-Ribose,141
21.0,C4_D-Ribose,139
21.25,C4_D-Ribose,138
21.5,C4_D-Ribose,139
21.75,C4_D-Ribose,132
22.0,C4_D-Ribose,141
22.25,C4_D-Ribose,138
22.5,C4_D-Ribose,137
22.75,C4_D-Ribose,139
23.0,C4_D-Ribose,143
23.25,C4_D-Ribose,140
23.5,C4_D-Ribose,143
23.75,C4_D-Ribose,140
24.0,C4_D-Ribose,144
24.25,C4_D-Ribose,142
24.5,C4_D-Ribose,142
24.75,C4_D-Ribose,141
25.0,C4_D-Ribose,143
25.25,C4_D-Ribose,141
25.5,C4_D-Ribose,140
25.75,C4_D-Ribose,145
26.0,C4_D-Ribose,141
26.25,C4_D-Ribose,143
26.5,C4_D-Ribose,144
26.75,C4_D-Ribose,140
27.0,C4_D-Ribose,144
27.25,C4_D-Ribose,142
27.5,C4_D-Ribose,143
27.75,C4_D-Ribose,143
28.0,C4_D-Ribose,141
28.25,C4_D-Ribose,142
28.5,C4_D-Ribose,143
28.75,C4_D-Ribose,142
29.0,C4_D-Ribose,143
29.25,C4_D-Ribose,142
29.5,C4_D-Ribose,141
29.75,C4_D-Ribose,146
30.0,C4_D-Ribose,143
30.25,C4_D-Ribose,144
30.5,C4_D-Ribose,146
30.75,C4_D-Ribose,144
31.0,C4_D-Ribose,145
31.25,C4_D-Ribose,145
31.5,C4_D-Ribose,147
31.75,C4_D-Ribose,144
32.0,C4_D-Ribose,148
32.25,C4_D-Ribose,148
32.5,C4_D-Ribose,145
32.75,C4_D-Ribose,147
33.0,C4_D-Ribose,146
33.25,C4_D-Ribose,147
33.5,C4_D-Ribose,147
33.75,C4_D-Ribose,149
34.0,C4_D-Ribose,149
34.25,C4_D-Ribose,146
34.5,C4_D-Ribose,149
34.75,C4_D-Ribose,147
35.0,C4_D-Ribose,148
35.25,C4_D-Ribose,147
35.5,C4_D-Ribose,147
35.75,C4_D-Ribose,150
36.0,C4_D-Ribose,150
36.25,C4_D-Ribose,145
36.5,C4_D-Ribose,149
36.75,C4_D-Ribose,148
37.0,C4_D-Ribose,150
37.25,C4_D-Ribose,146
37.5,C4_D-Ribose,148
37.75,C4_D-Ribose,150
38.0,C4_D-Ribose,149
38.25,C4_D-Ribose,146
38.5,C4_D-Ribose,150
38.75,C4_D-Ribose,153
39.0,C4_D-Ribose,151
39.25,C4_D-Ribose,150
39.5,C4_D-Ribose,148
39.75,C4_D-Ribose,152
40.0,C4_D-Ribose,150
40.25,C4_D-Ribose,151
40.5,C4_D-Ribose,150
40.75,C4_D-Ribose,149
41.0,C4_D-Ribose,147
41.25,C4_D-Ribose,149
41.5,C4_D-Ribose,149
41.75,C4_D-Ribose,150
42.0,C4_D-Ribose,151
42.25,C4_D-Ribose,150
42.5,C4_D-Ribose,151
42.75,C4_D-Ribose,150
43.0,C4_D-Ribose,149
43.25,C4_D-Ribose,150
43.5,C4_D-Ribose,152
43.75,C4_D-Ribose,148
44.0,C4_D-Ribose,152
44.25,C4_D-Ribose,148
44.5,C4_D-Ribose,150
44.75,C4_D-Ribose,149
45.0,C4_D-Ribose,149
45.25,C4_D-Ribose,148
45.5,C4_D-Ribose,154
45.75,C4_D-Ribose,148
46.0,C4_D-Ribose,152
46.25,C4_D-Ribose,147
46.5,C4_D-Ribose,151
46.75,C4_D-Ribose,152
47.0,C4_D-Ribose,150
47.25,C4_D-Ribose,152
47.5,C4_D-Ribose,0
0.0,C5_Tween_20,14
0.25,C5_Tween_20,11
0.5,C5_Tween_20,11
0.75,C5_Tween_20,11
1.0,C5_Tween_20,11
1.25,C5_Tween_20,11
1.5,C5_Tween_20,11
1.75,C5_Tween_20,11
2.0,C5_Tween_20,11
2.25,C5_Tween_20,11
2.5,C5_Tween_20,11
2.75,C5_Tween_20,11
3.0,C5_Tween_20,11
3.25,C5_Tween_20,11
3.5,C5_Tween_20,11
3.75,C5_Tween_20,11
4.0,C5_Tween_20,11
4.25,C5_Tween_20,11
4.5,C5_Tween_20,11
4.75,C5_Tween_20,11
5.0,C5_Tween_20,11
5.25,C5_Tween_20,11
5.5,C5_Tween_20,11
5.75,C5_Tween_20,11
6.0,C5_Tween_20,11
6.25,C5_Tween_20,11
6.5,C5_Tween_20,11
6.75,C5_Tween_20,11
7.0,C5_Tween_20,11
7.25,C5_Tween_20,11
7.5,C5_Tween_20,11
7.75,C5_Tween_20,11
8.0,C5_Tween_20,11
8.25,C5_Tween_20,11
8.5,C5_Tween_20,13
8.75,C5_Tween_20,11
9.0,C5_Tween_20,11
9.25,C5_Tween_20,11
9.5,C5_Tween_20,13
9.75,C5_Tween_20,12
10.0,C5_Tween_20,12
10.25,C5_Tween_20,11
10.5,C5_Tween_20,11
10.75,C5_Tween_20,15
11.0,C5_Tween_20,13
11.25,C5_Tween_20,18
11.5,C5_Tween_20,16
11.75,C5_Tween_20,16
12.0,C5_Tween_20,16
12.25,C5_Tween_20,14
12.5,C5_Tween_20,19
12.75,C5_Tween_20,20
13.0,C5_Tween_20,17
13.25,C5_Tween_20,19
13.5,C5_Tween_20,19
13.75,C5_Tween_20,20
14.0,C5_Tween_20,17
14.25,C5_Tween_20,20
14.5,C5_Tween_20,21
14.75,C5_Tween_20,22
15.0,C5_Tween_20,20
15.25,C5_Tween_20,21
15.5,C5_Tween_20,18
15.75,C5_Tween_20,18
16.0,C5_Tween_20,19
16.25,C5_Tween_20,20
16.5,C5_Tween_20,23
16.75,C5_Tween_20,23
17.0,C5_Tween_20,24
17.25,C5_Tween_20,22
17.5,C5_Tween_20,20
17.75,C5_Tween_20,24
18.0,C5_Tween_20,25
18.25,C5_Tween_20,26
18.5,C5_Tween_20,26
18.75,C5_Tween_20,28
19.0,C5_Tween_20,25
19.25,C5_Tween_20,27
19.5,C5_Tween_20,25
19.75,C5_Tween_20,23
20.0,C5_Tween_20,26
20.25,C5_Tween_20,33
20.5,C5_Tween_20,29
20.75,C5_Tween_20,33
21.0,C5_Tween_20,27
21.25,C5_Tween_20,30
21.5,C5_Tween_20,31
21.75,C5_Tween_20,32
22.0,C5_Tween_20,29
22.25,C5_Tween_20,29
22.5,C5_Tween_20,30
22.75,C5_Tween_20,32
23.0,C5_Tween_20,33
23.25,C5_Tween_20,36
23.5,C5_Tween_20,37
23.75,C5_Tween_20,36
24.0,C5_Tween_20,34
24.25,C5_Tween_20,34
24.5,C5_Tween_20,33
24.75,C5_Tween_20,35
25.0,C5_Tween_20,34
25.25,C5_Tween_20,35
25.5,C5_Tween_20,32
25.75,C5_Tween_20,37
26.0,C5_Tween_20,33
26.25,C5_Tween_20,35
26.5,C5_Tween_20,34
26.75,C5_Tween_20,37
27.0,C5_Tween_20,37
27.25,C5_Tween_20,38
27.5,C5_Tween_20,35
27.75,C5_Tween_20,34
28.0,C5_Tween_20,36
28.25,C5_Tween_20,39
28.5,C5_Tween_20,37
28.75,C5_Tween_20,39
29.0,C5_Tween_20,38
29.25,C5_Tween_20,39
29.5,C5_Tween_20,42
29.75,C5_Tween_20,41
30.0,C5_Tween_20,38
30.25,C5_Tween_20,44
30.5,C5_Tween_20,42
30.75,C5_Tween_20,38
31.0,C5_Tween_20,40
31.25,C5_Tween_20,41
31.5,C5_Tween_20,43
31.75,C5_Tween_20,40
32.0,C5_Tween_20,41
32.25,C5_Tween_20,46
32.5,C5_Tween_20,45
32.75,C5_Tween_20,45
33.0,C5_Tween_20,39
33.25,C5_Tween_20,45
33.5,C5_Tween_20,41
33.75,C5_Tween_20,43
34.0,C5_Tween_20,39
34.25,C5_Tween_20,45
34.5,C5_Tween_20,45
34.75,C5_Tween_20,40
35.0,C5_Tween_20,43
35.25,C5_Tween_20,46
35.5,C5_Tween_20,44
35.75,C5_Tween_20,48
36.0,C5_Tween_20,47
36.25,C5_Tween_20,44
36.5,C5_Tween_20,43
36.75,C5_Tween_20,46
37.0,C5_Tween_20,42
37.25,C5_Tween_20,42
37.5,C5_Tween_20,39
37.75,C5_Tween_20,43
38.0,C5_Tween_20,42
38.25,C5_Tween_20,42
38.5,C5_Tween_20,41
38.75,C5_Tween_20,41
39.0,C5_Tween_20,42
39.25,C5_Tween_20,49
39.5,C5_Tween_20,41
39.75,C5_Tween_20,45
40.0,C5_Tween_20,39
40.25,C5_Tween_20,42
40.5,C5_Tween_20,45
40.75,C5_Tween_20,45
41.0,C5_Tween_20,42
41.25,C5_Tween_20,47
41.5,C5_Tween_20,44
41.75,C5_Tween_20,42
42.0,C5_Tween_20,41
42.25,C5_Tween_20,41
42.5,C5_Tween_20,43
42.75,C5_Tween_20,45
43.0,C5_Tween_20,40
43.25,C5_Tween_20,40
43.5,C5_Tween_20,43
43.75,C5_Tween_20,43
44.0,C5_Tween_20,45
44.25,C5_Tween_20,41
44.5,C5_Tween_20,43
44.75,C5_Tween_20,41
45.0,C5_Tween_20,45
45.25,C5_Tween_20,41
45.5,C5_Tween_20,47
45.75,C5_Tween_20,42
46.0,C5_Tween_20,43
46.25,C5_Tween_20,48
46.5,C5_Tween_20,46
46.75,C5_Tween_20,41
47.0,C5_Tween_20,45
47.25,C5_Tween_20,40
47.5,C5_Tween_20,0
0.0,C6_L-Rhamnose,24
0.25,C6_L-Rhamnose,14
0.5,C6_L-Rhamnose,11
0.75,C6_L-Rhamnose,17
1.0,C6_L-Rhamnose,12
1.25,C6_L-Rhamnose,11
1.5,C6_L-Rhamnose,14
1.75,C6_L-Rhamnose,11
2.0,C6_L-Rhamnose,12
2.25,C6_L-Rhamnose,11
2.5,C6_L-Rhamnose,11
2.75,C6_L-Rhamnose,15
3.0,C6_L-Rhamnose,11
3.25,C6_L-Rhamnose,11
3.5,C6_L-Rhamnose,11
3.75,C6_L-Rhamnose,11
4.0,C6_L-Rhamnose,11
4.25,C6_L-Rhamnose,12
4.5,C6_L-Rhamnose,11
4.75,C6_L-Rhamnose,15
5.0,C6_L-Rhamnose,13
5.25,C6_L-Rhamnose,14
5.5,C6_L-Rhamnose,12
5.75,C6_L-Rhamnose,15
6.0,C6_L-Rhamnose,16
6.25,C6_L-Rhamnose,18
6.5,C6_L-Rhamnose,19
6.75,C6_L-Rhamnose,18
7.0,C6_L-Rhamnose,20
7.25,C6_L-Rhamnose,21
7.5,C6_L-Rhamnose,24
7.75,C6_L-Rhamnose,29
8.0,C6_L-Rhamnose,32
8.25,C6_L-Rhamnose,32
8.5,C6_L-Rhamnose,34
8.75,C6_L-Rhamnose,38
9.0,C6_L-Rhamnose,36
9.25,C6_L-Rhamnose,40
9.5,C6_L-Rhamnose,41
9.75,C6_L-Rhamnose,47
10.0,C6_L-Rhamnose,57
10.25,C6_L-Rhamnose,58
10.5,C6_L-Rhamnose,61
10.75,C6_L-Rhamnose,63
11.0,C6_L-Rhamnose,67
11.25,C6_L-Rhamnose,79
11.5,C6_L-Rhamnose,79
11.75,C6_L-Rhamnose,82
12.0,C6_L-Rhamnose,88
12.25,C6_L-Rhamnose,93
12.5,C6_L-Rhamnose,96
12.75,C6_L-Rhamnose,102
13.0,C6_L-Rhamnose,100
13.25,C6_L-Rhamnose,106
13.5,C6_L-Rhamnose,113
13.75,C6_L-Rhamnose,115
14.0,C6_L-Rhamnose,122
14.25,C6_L-Rhamnose,126
14.5,C6_L-Rhamnose,132
14.75,C6_L-Rhamnose,137
15.0,C6_L-Rhamnose,142
15.25,C6_L-Rhamnose,146
15.5,C6_L-Rhamnose,151
15.75,C6_L-Rhamnose,154
16.0,C6_L-Rhamnose,164
16.25,C6_L-Rhamnose,170
16.5,C6_L-Rhamnose,175
16.75,C6_L-Rhamnose,176
17.0,C6_L-Rhamnose,186
17.25,C6_L-Rhamnose,190
17.5,C6_L-Rhamnose,193
17.75,C6_L-Rhamnose,196
18.0,C6_L-Rhamnose,201
18.25,C6_L-Rhamnose,207
18.5,C6_L-Rhamnose,209
18.75,C6_L-Rhamnose,212
19.0,C6_L-Rhamnose,215
19.25,C6_L-Rhamnose,218
19.5,C6_L-Rhamnose,221
19.75,C6_L-Rhamnose,226
20.0,C6_L-Rhamnose,230
20.25,C6_L-Rhamnose,231
20.5,C6_L-Rhamnose,233
20.75,C6_L-Rhamnose,240
21.0,C6_L-Rhamnose,243
21.25,C6_L-Rhamnose,243
21.5,C6_L-Rhamnose,243
21.75,C6_L-Rhamnose,247
22.0,C6_L-Rhamnose,248
22.25,C6_L-Rhamnose,250
22.5,C6_L-Rhamnose,252
22.75,C6_L-Rhamnose,253
23.0,C6_L-Rhamnose,257
23.25,C6_L-Rhamnose,260
23.5,C6_L-Rhamnose,262
23.75,C6_L-Rhamnose,262
24.0,C6_L-Rhamnose,261
24.25,C6_L-Rhamnose,263
24.5,C6_L-Rhamnose,263
24.75,C6_L-Rhamnose,263
25.0,C6_L-Rhamnose,262
25.25,C6_L-Rhamnose,264
25.5,C6_L-Rhamnose,269
25.75,C6_L-Rhamnose,268
26.0,C6_L-Rhamnose,270
26.25,C6_L-Rhamnose,271
26.5,C6_L-Rhamnose,269
26.75,C6_L-Rhamnose,269
27.0,C6_L-Rhamnose,272
27.25,C6_L-Rhamnose,270
27.5,C6_L-Rhamnose,274
27.75,C6_L-Rhamnose,274
28.0,C6_L-Rhamnose,274
28.25,C6_L-Rhamnose,274
28.5,C6_L-Rhamnose,275
28.75,C6_L-Rhamnose,276
29.0,C6_L-Rhamnose,276
29.25,C6_L-Rhamnose,275
29.5,C6_L-Rhamnose,276
29.75,C6_L-Rhamnose,280
30.0,C6_L-Rhamnose,276
30.25,C6_L-Rhamnose,279
30.5,C6_L-Rhamnose,282
30.75,C6_L-Rhamnose,278
31.0,C6_L-Rhamnose,279
31.25,C6_L-Rhamnose,278
31.5,C6_L-Rhamnose,281
31.75,C6_L-Rhamnose,276
32.0,C6_L-Rhamnose,280
32.25,C6_L-Rhamnose,281
32.5,C6_L-Rhamnose,283
32.75,C6_L-Rhamnose,282
33.0,C6_L-Rhamnose,285
33.25,C6_L-Rhamnose,284
33.5,C6_L-Rhamnose,281
33.75,C6_L-Rhamnose,284
34.0,C6_L-Rhamnose,283
34.25,C6_L-Rhamnose,283
34.5,C6_L-Rhamnose,284
34.75,C6_L-Rhamnose,280
35.0,C6_L-Rhamnose,283
35.25,C6_L-Rhamnose,283
35.5,C6_L-Rhamnose,281
35.75,C6_L-Rhamnose,286
36.0,C6_L-Rhamnose,283
36.25,C6_L-Rhamnose,285
36.5,C6_L-Rhamnose,284
36.75,C6_L-Rhamnose,287
37.0,C6_L-Rhamnose,288
37.25,C6_L-Rhamnose,287
37.5,C6_L-Rhamnose,284
37.75,C6_L-Rhamnose,288
38.0,C6_L-Rhamnose,286
38.25,C6_L-Rhamnose,280
38.5,C6_L-Rhamnose,284
38.75,C6_L-Rhamnose,286
39.0,C6_L-Rhamnose,286
39.25,C6_L-Rhamnose,285
39.5,C6_L-Rhamnose,287
39.75,C6_L-Rhamnose,288
40.0,C6_L-Rhamnose,289
40.25,C6_L-Rhamnose,283
40.5,C6_L-Rhamnose,287
40.75,C6_L-Rhamnose,284
41.0,C6_L-Rhamnose,285
41.25,C6_L-Rhamnose,288
41.5,C6_L-Rhamnose,287
41.75,C6_L-Rhamnose,289
42.0,C6_L-Rhamnose,288
42.25,C6_L-Rhamnose,285
42.5,C6_L-Rhamnose,285
42.75,C6_L-Rhamnose,287
43.0,C6_L-Rhamnose,285
43.25,C6_L-Rhamnose,280
43.5,C6_L-Rhamnose,280
43.75,C6_L-Rhamnose,278
44.0,C6_L-Rhamnose,281
44.25,C6_L-Rhamnose,281
44.5,C6_L-Rhamnose,276
44.75,C6_L-Rhamnose,278
45.0,C6_L-Rhamnose,278
45.25,C6_L-Rhamnose,280
45.5,C6_L-Rhamnose,279
45.75,C6_L-Rhamnose,276
46.0,C6_L-Rhamnose,276
46.25,C6_L-Rhamnose,276
46.5,C6_L-Rhamnose,278
46.75,C6_L-Rhamnose,274
47.0,C6_L-Rhamnose,272
47.25,C6_L-Rhamnose,274
47.5,C6_L-Rhamnose,0
0.0,C7_D-Fructose,11
0.25,C7_D-Fructose,11
0.5,C7_D-Fructose,11
0.75,C7_D-Fructose,11
1.0,C7_D-Fructose,11
1.25,C7_D-Fructose,11
1.5,C7_D-Fructose,12
1.75,C7_D-Fructose,11
2.0,C7_D-Fructose,11
2.25,C7_D-Fructose,11
2.5,C7_D-Fructose,11
2.75,C7_D-Fructose,11
3.0,C7_D-Fructose,11
3.25,C7_D-Fructose,11
3.5,C7_D-Fructose,11
3.75,C7_D-Fructose,11
4.0,C7_D-Fructose,11
4.25,C7_D-Fructose,11
4.5,C7_D-Fructose,11
4.75,C7_D-Fructose,11
5.0,C7_D-Fructose,11
5.25,C7_D-Fructose,11
5.5,C7_D-Fructose,11
5.75,C7_D-Fructose,11
6.0,C7_D-Fructose,11
6.25,C7_D-Fructose,12
6.5,C7_D-Fructose,15
6.75,C7_D-Fructose,17
7.0,C7_D-Fructose,18
7.25,C7_D-Fructose,19
7.5,C7_D-Fructose,20
7.75,C7_D-Fructose,20
8.0,C7_D-Fructose,26
8.25,C7_D-Fructose,22
8.5,C7_D-Fructose,29
8.75,C7_D-Fructose,30
9.0,C7_D-Fructose,32
9.25,C7_D-Fructose,29
9.5,C7_D-Fructose,26
9.75,C7_D-Fructose,27
10.0,C7_D-Fructose,29
10.25,C7_D-Fructose,30
10.5,C7_D-Fructose,30
10.75,C7_D-Fructose,32
11.0,C7_D-Fructose,34
11.25,C7_D-Fructose,38
11.5,C7_D-Fructose,38
11.75,C7_D-Fructose,38
12.0,C7_D-Fructose,37
12.25,C7_D-Fructose,40
12.5,C7_D-Fructose,38
12.75,C7_D-Fructose,39
13.0,C7_D-Fructose,45
13.25,C7_D-Fructose,44
13.5,C7_D-Fructose,48
13.75,C7_D-Fructose,42
14.0,C7_D-Fructose,46
14.25,C7_D-Fructose,44
14.5,C7_D-Fructose,43
14.75,C7_D-Fructose,41
15.0,C7_D-Fructose,45
15.25,C7_D-Fructose,48
15.5,C7_D-Fructose,53
15.75,C7_D-Fructose,57
16.0,C7_D-Fructose,48
16.25,C7_D-Fructose,58
16.5,C7_D-Fructose,55
16.75,C7_D-Fructose,60
17.0,C7_D-Fructose,60
17.25,C7_D-Fructose,61
17.5,C7_D-Fructose,60
17.75,C7_D-Fructose,62
18.0,C7_D-Fructose,63
18.25,C7_D-Fructose,70
18.5,C7_D-Fructose,69
18.75,C7_D-Fructose,75
19.0,C7_D-Fructose,73
19.25,C7_D-Fructose,73
19.5,C7_D-Fructose,68
19.75,C7_D-Fructose,74
20.0,C7_D-Fructose,75
20.25,C7_D-Fructose,76
20.5,C7_D-Fructose,78
20.75,C7_D-Fructose,80
21.0,C7_D-Fructose,82
21.25,C7_D-Fructose,84
21.5,C7_D-Fructose,83
21.75,C7_D-Fructose,86
22.0,C7_D-Fructose,91
22.25,C7_D-Fructose,93
22.5,C7_D-Fructose,91
22.75,C7_D-Fructose,91
23.0,C7_D-Fructose,91
23.25,C7_D-Fructose,100
23.5,C7_D-Fructose,100
23.75,C7_D-Fructose,101
24.0,C7_D-Fructose,101
24.25,C7_D-Fructose,104
24.5,C7_D-Fructose,101
24.75,C7_D-Fructose,106
25.0,C7_D-Fructose,105
25.25,C7_D-Fructose,109
25.5,C7_D-Fructose,111
25.75,C7_D-Fructose,112
26.0,C7_D-Fructose,115
26.25,C7_D-Fructose,115
26.5,C7_D-Fructose,117
26.75,C7_D-Fructose,117
27.0,C7_D-Fructose,121
27.25,C7_D-Fructose,119
27.5,C7_D-Fructose,121
27.75,C7_D-Fructose,127
28.0,C7_D-Fructose,125
28.25,C7_D-Fructose,126
28.5,C7_D-Fructose,131
28.75,C7_D-Fructose,128
29.0,C7_D-Fructose,133
29.25,C7_D-Fructose,134
29.5,C7_D-Fructose,134
29.75,C7_D-Fructose,141
30.0,C7_D-Fructose,137
30.25,C7_D-Fructose,143
30.5,C7_D-Fructose,146
30.75,C7_D-Fructose,142
31.0,C7_D-Fructose,147
31.25,C7_D-Fructose,150
31.5,C7_D-Fructose,154
31.75,C7_D-Fructose,150
32.0,C7_D-Fructose,157
32.25,C7_D-Fructose,160
32.5,C7_D-Fructose,163
32.75,C7_D-Fructose,164
33.0,C7_D-Fructose,161
33.25,C7_D-Fructose,168
33.5,C7_D-Fructose,166
33.75,C7_D-Fructose,169
34.0,C7_D-Fructose,169
34.25,C7_D-Fructose,170
34.5,C7_D-Fructose,173
34.75,C7_D-Fructose,171
35.0,C7_D-Fructose,180
35.25,C7_D-Fructose,183
35.5,C7_D-Fructose,180
35.75,C7_D-Fructose,186
36.0,C7_D-Fructose,183
36.25,C7_D-Fructose,187
36.5,C7_D-Fructose,190
36.75,C7_D-Fructose,191
37.0,C7_D-Fructose,190
37.25,C7_D-Fructose,195
37.5,C7_D-Fructose,195
37.75,C7_D-Fructose,199
38.0,C7_D-Fructose,203
38.25,C7_D-Fructose,199
38.5,C7_D-Fructose,203
38.75,C7_D-Fructose,205
39.0,C7_D-Fructose,206
39.25,C7_D-Fructose,206
39.5,C7_D-Fructose,213
39.75,C7_D-Fructose,211
40.0,C7_D-Fructose,216
40.25,C7_D-Fructose,216
40.5,C7_D-Fructose,214
40.75,C7_D-Fructose,218
41.0,C7_D-Fructose,218
41.25,C7_D-Fructose,223
41.5,C7_D-Fructose,225
41.75,C7_D-Fructose,222
42.0,C7_D-Fructose,226
42.25,C7_D-Fructose,227
42.5,C7_D-Fructose,227
42.75,C7_D-Fructose,231
43.0,C7_D-Fructose,234
43.25,C7_D-Fructose,231
43.5,C7_D-Fructose,237
43.75,C7_D-Fructose,234
44.0,C7_D-Fructose,235
44.25,C7_D-Fructose,238
44.5,C7_D-Fructose,235
44.75,C7_D-Fructose,241
45.0,C7_D-Fructose,238
45.25,C7_D-Fructose,243
45.5,C7_D-Fructose,246
45.75,C7_D-Fructose,245
46.0,C7_D-Fructose,244
46.25,C7_D-Fructose,247
46.5,C7_D-Fructose,248
46.75,C7_D-Fructose,248
47.0,C7_D-Fructose,252
47.25,C7_D-Fructose,251
47.5,C7_D-Fructose,0
0.0,C8_Acetic_Acid,11
0.25,C8_Acetic_Acid,11
0.5,C8_Acetic_Acid,15
0.75,C8_Acetic_Acid,11
1.0,C8_Acetic_Acid,16
1.25,C8_Acetic_Acid,14
1.5,C8_Acetic_Acid,17
1.75,C8_Acetic_Acid,13
2.0,C8_Acetic_Acid,13
2.25,C8_Acetic_Acid,11
2.5,C8_Acetic_Acid,11
2.75,C8_Acetic_Acid,16
3.0,C8_Acetic_Acid,16
3.25,C8_Acetic_Acid,12
3.5,C8_Acetic_Acid,11
3.75,C8_Acetic_Acid,11
4.0,C8_Acetic_Acid,11
4.25,C8_Acetic_Acid,14
4.5,C8_Acetic_Acid,17
4.75,C8_Acetic_Acid,13
5.0,C8_Acetic_Acid,13
5.25,C8_Acetic_Acid,15
5.5,C8_Acetic_Acid,16
5.75,C8_Acetic_Acid,19
6.0,C8_Acetic_Acid,20
6.25,C8_Acetic_Acid,16
6.5,C8_Acetic_Acid,20
6.75,C8_Acetic_Acid,19
7.0,C8_Acetic_Acid,22
7.25,C8_Acetic_Acid,22
7.5,C8_Acetic_Acid,25
7.75,C8_Acetic_Acid,26
8.0,C8_Acetic_Acid,26
8.25,C8_Acetic_Acid,26
8.5,C8_Acetic_Acid,31
8.75,C8_Acetic_Acid,27
9.0,C8_Acetic_Acid,29
9.25,C8_Acetic_Acid,33
9.5,C8_Acetic_Acid,41
9.75,C8_Acetic_Acid,33
10.0,C8_Acetic_Acid,39
10.25,C8_Acetic_Acid,40
10.5,C8_Acetic_Acid,42
10.75,C8_Acetic_Acid,44
11.0,C8_Acetic_Acid,44
11.25,C8_Acetic_Acid,44
11.5,C8_Acetic_Acid,44
11.75,C8_Acetic_Acid,51
12.0,C8_Acetic_Acid,54
12.25,C8_Acetic_Acid,55
12.5,C8_Acetic_Acid,54
12.75,C8_Acetic_Acid,56
13.0,C8_Acetic_Acid,57
13.25,C8_Acetic_Acid,60
13.5,C8_Acetic_Acid,61
13.75,C8_Acetic_Acid,60
14.0,C8_Acetic_Acid,63
14.25,C8_Acetic_Acid,64
14.5,C8_Acetic_Acid,63
14.75,C8_Acetic_Acid,67
15.0,C8_Acetic_Acid,67
15.25,C8_Acetic_Acid,69
15.5,C8_Acetic_Acid,74
15.75,C8_Acetic_Acid,73
16.0,C8_Acetic_Acid,73
16.25,C8_Acetic_Acid,72
16.5,C8_Acetic_Acid,73
16.75,C8_Acetic_Acid,73
17.0,C8_Acetic_Acid,73
17.25,C8_Acetic_Acid,75
17.5,C8_Acetic_Acid,69
17.75,C8_Acetic_Acid,71
18.0,C8_Acetic_Acid,74
18.25,C8_Acetic_Acid,79
18.5,C8_Acetic_Acid,75
18.75,C8_Acetic_Acid,76
19.0,C8_Acetic_Acid,76
19.25,C8_Acetic_Acid,75
19.5,C8_Acetic_Acid,74
19.75,C8_Acetic_Acid,74
20.0,C8_Acetic_Acid,77
20.25,C8_Acetic_Acid,76
20.5,C8_Acetic_Acid,78
20.75,C8_Acetic_Acid,78
21.0,C8_Acetic_Acid,80
21.25,C8_Acetic_Acid,76
21.5,C8_Acetic_Acid,73
21.75,C8_Acetic_Acid,79
22.0,C8_Acetic_Acid,78
22.25,C8_Acetic_Acid,77
22.5,C8_Acetic_Acid,79
22.75,C8_Acetic_Acid,76
23.0,C8_Acetic_Acid,79
23.25,C8_Acetic_Acid,80
23.5,C8_Acetic_Acid,83
23.75,C8_Acetic_Acid,82
24.0,C8_Acetic_Acid,81
24.25,C8_Acetic_Acid,80
24.5,C8_Acetic_Acid,79
24.75,C8_Acetic_Acid,79
25.0,C8_Acetic_Acid,79
25.25,C8_Acetic_Acid,74
25.5,C8_Acetic_Acid,81
25.75,C8_Acetic_Acid,77
26.0,C8_Acetic_Acid,80
26.25,C8_Acetic_Acid,85
26.5,C8_Acetic_Acid,83
26.75,C8_Acetic_Acid,81
27.0,C8_Acetic_Acid,80
27.25,C8_Acetic_Acid,83
27.5,C8_Acetic_Acid,80
27.75,C8_Acetic_Acid,82
28.0,C8_Acetic_Acid,81
28.25,C8_Acetic_Acid,79
28.5,C8_Acetic_Acid,78
28.75,C8_Acetic_Acid,77
29.0,C8_Acetic_Acid,76
29.25,C8_Acetic_Acid,80
29.5,C8_Acetic_Acid,79
29.75,C8_Acetic_Acid,80
30.0,C8_Acetic_Acid,77
30.25,C8_Acetic_Acid,80
30.5,C8_Acetic_Acid,79
30.75,C8_Acetic_Acid,77
31.0,C8_Acetic_Acid,77
31.25,C8_Acetic_Acid,73
31.5,C8_Acetic_Acid,76
31.75,C8_Acetic_Acid,72
32.0,C8_Acetic_Acid,79
32.25,C8_Acetic_Acid,81
32.5,C8_Acetic_Acid,77
32.75,C8_Acetic_Acid,81
33.0,C8_Acetic_Acid,79
33.25,C8_Acetic_Acid,81
33.5,C8_Acetic_Acid,75
33.75,C8_Acetic_Acid,82
34.0,C8_Acetic_Acid,76
34.25,C8_Acetic_Acid,73
34.5,C8_Acetic_Acid,76
34.75,C8_Acetic_Acid,79
35.0,C8_Acetic_Acid,78
35.25,C8_Acetic_Acid,75
35.5,C8_Acetic_Acid,77
35.75,C8_Acetic_Acid,82
36.0,C8_Acetic_Acid,78
36.25,C8_Acetic_Acid,78
36.5,C8_Acetic_Acid,77
36.75,C8_Acetic_Acid,75
37.0,C8_Acetic_Acid,75
37.25,C8_Acetic_Acid,81
37.5,C8_Acetic_Acid,78
37.75,C8_Acetic_Acid,78
38.0,C8_Acetic_Acid,77
38.25,C8_Acetic_Acid,75
38.5,C8_Acetic_Acid,76
38.75,C8_Acetic_Acid,77
39.0,C8_Acetic_Acid,73
39.25,C8_Acetic_Acid,78
39.5,C8_Acetic_Acid,79
39.75,C8_Acetic_Acid,75
40.0,C8_Acetic_Acid,78
40.25,C8_Acetic_Acid,76
40.5,C8_Acetic_Acid,76
40.75,C8_Acetic_Acid,77
41.0,C8_Acetic_Acid,75
41.25,C8_Acetic_Acid,74
41.5,C8_Acetic_Acid,79
41.75,C8_Acetic_Acid,77
42.0,C8_Acetic_Acid,78
42.25,C8_Acetic_Acid,74
42.5,C8_Acetic_Acid,72
42.75,C8_Acetic_Acid,75
43.0,C8_Acetic_Acid,81
43.25,C8_Acetic_Acid,74
43.5,C8_Acetic_Acid,77
43.75,C8_Acetic_Acid,72
44.0,C8_Acetic_Acid,77
44.25,C8_Acetic_Acid,75
44.5,C8_Acetic_Acid,71
44.75,C8_Acetic_Acid,79
45.0,C8_Acetic_Acid,78
45.25,C8_Acetic_Acid,74
45.5,C8_Acetic_Acid,78
45.75,C8_Acetic_Acid,77
46.0,C8_Acetic_Acid,72
46.25,C8_Acetic_Acid,77
46.5,C8_Acetic_Acid,75
46.75,C8_Acetic_Acid,77
47.0,C8_Acetic_Acid,78
47.25,C8_Acetic_Acid,76
47.5,C8_Acetic_Acid,0
0.0,C9_a-D-Glucose,11
0.25,C9_a-D-Glucose,11
0.5,C9_a-D-Glucose,11
0.75,C9_a-D-Glucose,12
1.0,C9_a-D-Glucose,13
1.25,C9_a-D-Glucose,11
1.5,C9_a-D-Glucose,11
1.75,C9_a-D-Glucose,11
2.0,C9_a-D-Glucose,12
2.25,C9_a-D-Glucose,11
2.5,C9_a-D-Glucose,11
2.75,C9_a-D-Glucose,11
3.0,C9_a-D-Glucose,11
3.25,C9_a-D-Glucose,11
3.5,C9_a-D-Glucose,11
3.75,C9_a-D-Glucose,11
4.0,C9_a-D-Glucose,11
4.25,C9_a-D-Glucose,13
4.5,C9_a-D-Glucose,17
4.75,C9_a-D-Glucose,16
5.0,C9_a-D-Glucose,18
5.25,C9_a-D-Glucose,15
5.5,C9_a-D-Glucose,13
5.75,C9_a-D-Glucose,17
6.0,C9_a-D-Glucose,20
6.25,C9_a-D-Glucose,21
6.5,C9_a-D-Glucose,28
6.75,C9_a-D-Glucose,21
7.0,C9_a-D-Glucose,26
7.25,C9_a-D-Glucose,28
7.5,C9_a-D-Glucose,32
7.75,C9_a-D-Glucose,35
8.0,C9_a-D-Glucose,37
8.25,C9_a-D-Glucose,44
8.5,C9_a-D-Glucose,44
8.75,C9_a-D-Glucose,48
9.0,C9_a-D-Glucose,47
9.25,C9_a-D-Glucose,50
9.5,C9_a-D-Glucose,55
9.75,C9_a-D-Glucose,60
10.0,C9_a-D-Glucose,59
10.25,C9_a-D-Glucose,62
10.5,C9_a-D-Glucose,65
10.75,C9_a-D-Glucose,72
11.0,C9_a-D-Glucose,74
11.25,C9_a-D-Glucose,81
11.5,C9_a-D-Glucose,94
11.75,C9_a-D-Glucose,91
12.0,C9_a-D-Glucose,97
12.25,C9_a-D-Glucose,99
12.5,C9_a-D-Glucose,109
12.75,C9_a-D-Glucose,113
13.0,C9_a-D-Glucose,117
13.25,C9_a-D-Glucose,124
13.5,C9_a-D-Glucose,129
13.75,C9_a-D-Glucose,133
14.0,C9_a-D-Glucose,136
14.25,C9_a-D-Glucose,142
14.5,C9_a-D-Glucose,147
14.75,C9_a-D-Glucose,156
15.0,C9_a-D-Glucose,156
15.25,C9_a-D-Glucose,157
15.5,C9_a-D-Glucose,165
15.75,C9_a-D-Glucose,169
16.0,C9_a-D-Glucose,181
16.25,C9_a-D-Glucose,181
16.5,C9_a-D-Glucose,185
16.75,C9_a-D-Glucose,185
17.0,C9_a-D-Glucose,193
17.25,C9_a-D-Glucose,198
17.5,C9_a-D-Glucose,199
17.75,C9_a-D-Glucose,204
18.0,C9_a-D-Glucose,209
18.25,C9_a-D-Glucose,213
18.5,C9_a-D-Glucose,215
18.75,C9_a-D-Glucose,218
19.0,C9_a-D-Glucose,222
19.25,C9_a-D-Glucose,223
19.5,C9_a-D-Glucose,227
19.75,C9_a-D-Glucose,229
20.0,C9_a-D-Glucose,234
20.25,C9_a-D-Glucose,236
20.5,C9_a-D-Glucose,241
20.75,C9_a-D-Glucose,242
21.0,C9_a-D-Glucose,244
21.25,C9_a-D-Glucose,244
21.5,C9_a-D-Glucose,245
21.75,C9_a-D-Glucose,248
22.0,C9_a-D-Glucose,252
22.25,C9_a-D-Glucose,250
22.5,C9_a-D-Glucose,252
22.75,C9_a-D-Glucose,256
23.0,C9_a-D-Glucose,257
23.25,C9_a-D-Glucose,257
23.5,C9_a-D-Glucose,262
23.75,C9_a-D-Glucose,263
24.0,C9_a-D-Glucose,265
24.25,C9_a-D-Glucose,264
24.5,C9_a-D-Glucose,264
24.75,C9_a-D-Glucose,267
25.0,C9_a-D-Glucose,268
25.25,C9_a-D-Glucose,268
25.5,C9_a-D-Glucose,270
25.75,C9_a-D-Glucose,270
26.0,C9_a-D-Glucose,273
26.25,C9_a-D-Glucose,271
26.5,C9_a-D-Glucose,271
26.75,C9_a-D-Glucose,272
27.0,C9_a-D-Glucose,273
27.25,C9_a-D-Glucose,273
27.5,C9_a-D-Glucose,276
27.75,C9_a-D-Glucose,277
28.0,C9_a-D-Glucose,274
28.25,C9_a-D-Glucose,272
28.5,C9_a-D-Glucose,274
28.75,C9_a-D-Glucose,278
29.0,C9_a-D-Glucose,278
29.25,C9_a-D-Glucose,278
29.5,C9_a-D-Glucose,277
29.75,C9_a-D-Glucose,276
30.0,C9_a-D-Glucose,278
30.25,C9_a-D-Glucose,275
30.5,C9_a-D-Glucose,277
30.75,C9_a-D-Glucose,276
31.0,C9_a-D-Glucose,277
31.25,C9_a-D-Glucose,275
31.5,C9_a-D-Glucose,278
31.75,C9_a-D-Glucose,278
32.0,C9_a-D-Glucose,279
32.25,C9_a-D-Glucose,277
32.5,C9_a-D-Glucose,277
32.75,C9_a-D-Glucose,279
33.0,C9_a-D-Glucose,276
33.25,C9_a-D-Glucose,278
33.5,C9_a-D-Glucose,276
33.75,C9_a-D-Glucose,276
34.0,C9_a-D-Glucose,276
34.25,C9_a-D-Glucose,277
34.5,C9_a-D-Glucose,278
34.75,C9_a-D-Glucose,275
35.0,C9_a-D-Glucose,275
35.25,C9_a-D-Glucose,275
35.5,C9_a-D-Glucose,273
35.75,C9_a-D-Glucose,274
36.0,C9_a-D-Glucose,273
36.25,C9_a-D-Glucose,270
36.5,C9_a-D-Glucose,269
36.75,C9_a-D-Glucose,275
37.0,C9_a-D-Glucose,270
37.25,C9_a-D-Glucose,269
37.5,C9_a-D-Glucose,268
37.75,C9_a-D-Glucose,270
38.0,C9_a-D-Glucose,269
38.25,C9_a-D-Glucose,270
38.5,C9_a-D-Glucose,267
38.75,C9_a-D-Glucose,267
39.0,C9_a-D-Glucose,266
39.25,C9_a-D-Glucose,269
39.5,C9_a-D-Glucose,265
39.75,C9_a-D-Glucose,266
40.0,C9_a-D-Glucose,267
40.25,C9_a-D-Glucose,263
40.5,C9_a-D-Glucose,264
40.75,C9_a-D-Glucose,265
41.0,C9_a-D-Glucose,267
41.25,C9_a-D-Glucose,268
41.5,C9_a-D-Glucose,266
41.75,C9_a-D-Glucose,266
42.0,C9_a-D-Glucose,265
42.25,C9_a-D-Glucose,265
42.5,C9_a-D-Glucose,266
42.75,C9_a-D-Glucose,268
43.0,C9_a-D-Glucose,266
43.25,C9_a-D-Glucose,267
43.5,C9_a-D-Glucose,267
43.75,C9_a-D-Glucose,266
44.0,C9_a-D-Glucose,265
44.25,C9_a-D-Glucose,266
44.5,C9_a-D-Glucose,267
44.75,C9_a-D-Glucose,265
45.0,C9_a-D-Glucose,264
45.25,C9_a-D-Glucose,266
45.5,C9_a-D-Glucose,265
45.75,C9_a-D-Glucose,266
46.0,C9_a-D-Glucose,263
46.25,C9_a-D-Glucose,266
46.5,C9_a-D-Glucose,267
46.75,C9_a-D-Glucose,265
47.0,C9_a-D-Glucose,264
47.25,C9_a-D-Glucose,268
47.5,C9_a-D-Glucose,0
0.0,C10_Maltose,28
0.25,C10_Maltose,25
0.5,C10_Maltose,11
0.75,C10_Maltose,15
1.0,C10_Maltose,19
1.25,C10_Maltose,12
1.5,C10_Maltose,16
1.75,C10_Maltose,16
2.0,C10_Maltose,18
2.25,C10_Maltose,15
2.5,C10_Maltose,15
2.75,C10_Maltose,16
3.0,C10_Maltose,14
3.25,C10_Maltose,12
3.5,C10_Maltose,13
3.75,C10_Maltose,11
4.0,C10_Maltose,16
4.25,C10_Maltose,14
4.5,C10_Maltose,14
4.75,C10_Maltose,17
5.0,C10_Maltose,12
5.25,C10_Maltose,16
5.5,C10_Maltose,18
5.75,C10_Maltose,16
6.0,C10_Maltose,20
6.25,C10_Maltose,17
6.5,C10_Maltose,19
6.75,C10_Maltose,21
7.0,C10_Maltose,28
7.25,C10_Maltose,26
7.5,C10_Maltose,26
7.75,C10_Maltose,24
8.0,C10_Maltose,32
8.25,C10_Maltose,25
8.5,C10_Maltose,28
8.75,C10_Maltose,26
9.0,C10_Maltose,25
9.25,C10_Maltose,25
9.5,C10_Maltose,25
9.75,C10_Maltose,29
10.0,C10_Maltose,27
10.25,C10_Maltose,24
10.5,C10_Maltose,25
10.75,C10_Maltose,27
11.0,C10_Maltose,26
11.25,C10_Maltose,28
11.5,C10_Maltose,29
11.75,C10_Maltose,28
12.0,C10_Maltose,28
12.25,C10_Maltose,30
12.5,C10_Maltose,29
12.75,C10_Maltose,22
13.0,C10_Maltose,30
13.25,C10_Maltose,26
13.5,C10_Maltose,27
13.75,C10_Maltose,32
14.0,C10_Maltose,25
14.25,C10_Maltose,26
14.5,C10_Maltose,27
14.75,C10_Maltose,29
15.0,C10_Maltose,28
15.25,C10_Maltose,32
15.5,C10_Maltose,33
15.75,C10_Maltose,26
16.0,C10_Maltose,28
16.25,C10_Maltose,25
16.5,C10_Maltose,29
16.75,C10_Maltose,30
17.0,C10_Maltose,28
17.25,C10_Maltose,30
17.5,C10_Maltose,27
17.75,C10_Maltose,31
18.0,C10_Maltose,31
18.25,C10_Maltose,30
18.5,C10_Maltose,31
18.75,C10_Maltose,34
19.0,C10_Maltose,34
19.25,C10_Maltose,35
19.5,C10_Maltose,31
19.75,C10_Maltose,38
20.0,C10_Maltose,31
20.25,C10_Maltose,34
20.5,C10_Maltose,31
20.75,C10_Maltose,34
21.0,C10_Maltose,34
21.25,C10_Maltose,31
21.5,C10_Maltose,35
21.75,C10_Maltose,32
22.0,C10_Maltose,34
22.25,C10_Maltose,29
22.5,C10_Maltose,39
22.75,C10_Maltose,28
23.0,C10_Maltose,38
23.25,C10_Maltose,33
23.5,C10_Maltose,35
23.75,C10_Maltose,39
24.0,C10_Maltose,40
24.25,C10_Maltose,38
24.5,C10_Maltose,41
24.75,C10_Maltose,39
25.0,C10_Maltose,36
25.25,C10_Maltose,38
25.5,C10_Maltose,40
25.75,C10_Maltose,42
26.0,C10_Maltose,42
26.25,C10_Maltose,45
26.5,C10_Maltose,41
26.75,C10_Maltose,41
27.0,C10_Maltose,43
27.25,C10_Maltose,42
27.5,C10_Maltose,46
27.75,C10_Maltose,43
28.0,C10_Maltose,46
28.25,C10_Maltose,45
28.5,C10_Maltose,47
28.75,C10_Maltose,45
29.0,C10_Maltose,48
29.25,C10_Maltose,46
29.5,C10_Maltose,45
29.75,C10_Maltose,52
30.0,C10_Maltose,47
30.25,C10_Maltose,51
30.5,C10_Maltose,55
30.75,C10_Maltose,46
31.0,C10_Maltose,50
31.25,C10_Maltose,50
31.5,C10_Maltose,57
31.75,C10_Maltose,54
32.0,C10_Maltose,58
32.25,C10_Maltose,59
32.5,C10_Maltose,59
32.75,C10_Maltose,58
33.0,C10_Maltose,60
33.25,C10_Maltose,57
33.5,C10_Maltose,62
33.75,C10_Maltose,63
34.0,C10_Maltose,61
34.25,C10_Maltose,59
34.5,C10_Maltose,64
34.75,C10_Maltose,59
35.0,C10_Maltose,60
35.25,C10_Maltose,64
35.5,C10_Maltose,63
35.75,C10_Maltose,67
36.0,C10_Maltose,65
36.25,C10_Maltose,69
36.5,C10_Maltose,67
36.75,C10_Maltose,68
37.0,C10_Maltose,70
37.25,C10_Maltose,64
37.5,C10_Maltose,69
37.75,C10_Maltose,69
38.0,C10_Maltose,70
38.25,C10_Maltose,68
38.5,C10_Maltose,72
38.75,C10_Maltose,70
39.0,C10_Maltose,71
39.25,C10_Maltose,73
39.5,C10_Maltose,70
39.75,C10_Maltose,78
40.0,C10_Maltose,79
40.25,C10_Maltose,76
40.5,C10_Maltose,78
40.75,C10_Maltose,77
41.0,C10_Maltose,79
41.25,C10_Maltose,78
41.5,C10_Maltose,83
41.75,C10_Maltose,82
42.0,C10_Maltose,81
42.25,C10_Maltose,81
42.5,C10_Maltose,81
42.75,C10_Maltose,82
43.0,C10_Maltose,85
43.25,C10_Maltose,81
43.5,C10_Maltose,81
43.75,C10_Maltose,83
44.0,C10_Maltose,87
44.25,C10_Maltose,87
44.5,C10_Maltose,88
44.75,C10_Maltose,90
45.0,C10_Maltose,91
45.25,C10_Maltose,92
45.5,C10_Maltose,91
45.75,C10_Maltose,96
46.0,C10_Maltose,93
46.25,C10_Maltose,92
46.5,C10_Maltose,96
46.75,C10_Maltose,95
47.0,C10_Maltose,97
47.25,C10_Maltose,96
47.5,C10_Maltose,0
0.0,C11_D-Melibiose,45
0.25,C11_D-Melibiose,16
0.5,C11_D-Melibiose,11
0.75,C11_D-Melibiose,13
1.0,C11_D-Melibiose,17
1.25,C11_D-Melibiose,16
1.5,C11_D-Melibiose,19
1.75,C11_D-Melibiose,13
2.0,C11_D-Melibiose,14
2.25,C11_D-Melibiose,12
2.5,C11_D-Melibiose,17
2.75,C11_D-Melibiose,17
3.0,C11_D-Melibiose,16
3.25,C11_D-Melibiose,13
3.5,C11_D-Melibiose,15
3.75,C11_D-Melibiose,12
4.0,C11_D-Melibiose,13
4.25,C11_D-Melibiose,15
4.5,C11_D-Melibiose,14
4.75,C11_D-Melibiose,15
5.0,C11_D-Melibiose,14
5.25,C11_D-Melibiose,14
5.5,C11_D-Melibiose,17
5.75,C11_D-Melibiose,16
6.0,C11_D-Melibiose,16
6.25,C11_D-Melibiose,20
6.5,C11_D-Melibiose,17
6.75,C11_D-Melibiose,15
7.0,C11_D-Melibiose,21
7.25,C11_D-Melibiose,21
7.5,C11_D-Melibiose,20
7.75,C11_D-Melibiose,22
8.0,C11_D-Melibiose,26
8.25,C11_D-Melibiose,19
8.5,C11_D-Melibiose,21
8.75,C11_D-Melibiose,15
9.0,C11_D-Melibiose,23
9.25,C11_D-Melibiose,18
9.5,C11_D-Melibiose,24
9.75,C11_D-Melibiose,20
10.0,C11_D-Melibiose,22
10.25,C11_D-Melibiose,21
10.5,C11_D-Melibiose,21
10.75,C11_D-Melibiose,21
11.0,C11_D-Melibiose,22
11.25,C11_D-Melibiose,20
11.5,C11_D-Melibiose,20
11.75,C11_D-Melibiose,21
12.0,C11_D-Melibiose,22
12.25,C11_D-Melibiose,23
12.5,C11_D-Melibiose,23
12.75,C11_D-Melibiose,25
13.0,C11_D-Melibiose,21
13.25,C11_D-Melibiose,21
13.5,C11_D-Melibiose,20
13.75,C11_D-Melibiose,25
14.0,C11_D-Melibiose,23
14.25,C11_D-Melibiose,21
14.5,C11_D-Melibiose,19
14.75,C11_D-Melibiose,22
15.0,C11_D-Melibiose,23
15.25,C11_D-Melibiose,20
15.5,C11_D-Melibiose,25
15.75,C11_D-Melibiose,21
16.0,C11_D-Melibiose,21
16.25,C11_D-Melibiose,25
16.5,C11_D-Melibiose,21
16.75,C11_D-Melibiose,22
17.0,C11_D-Melibiose,24
17.25,C11_D-Melibiose,28
17.5,C11_D-Melibiose,23
17.75,C11_D-Melibiose,24
18.0,C11_D-Melibiose,31
18.25,C11_D-Melibiose,30
18.5,C11_D-Melibiose,26
18.75,C11_D-Melibiose,25
19.0,C11_D-Melibiose,24
19.25,C11_D-Melibiose,26
19.5,C11_D-Melibiose,27
19.75,C11_D-Melibiose,29
20.0,C11_D-Melibiose,28
20.25,C11_D-Melibiose,24
20.5,C11_D-Melibiose,26
20.75,C11_D-Melibiose,27
21.0,C11_D-Melibiose,26
21.25,C11_D-Melibiose,24
21.5,C11_D-Melibiose,23
21.75,C11_D-Melibiose,22
22.0,C11_D-Melibiose,28
22.25,C11_D-Melibiose,25
22.5,C11_D-Melibiose,26
22.75,C11_D-Melibiose,25
23.0,C11_D-Melibiose,26
23.25,C11_D-Melibiose,25
23.5,C11_D-Melibiose,26
23.75,C11_D-Melibiose,26
24.0,C11_D-Melibiose,26
24.25,C11_D-Melibiose,23
24.5,C11_D-Melibiose,27
24.75,C11_D-Melibiose,22
25.0,C11_D-Melibiose,23
25.25,C11_D-Melibiose,26
25.5,C11_D-Melibiose,24
25.75,C11_D-Melibiose,23
26.0,C11_D-Melibiose,27
26.25,C11_D-Melibiose,29
26.5,C11_D-Melibiose,26
26.75,C11_D-Melibiose,23
27.0,C11_D-Melibiose,25
27.25,C11_D-Melibiose,22
27.5,C11_D-Melibiose,23
27.75,C11_D-Melibiose,21
28.0,C11_D-Melibiose,22
28.25,C11_D-Melibiose,23
28.5,C11_D-Melibiose,23
28.75,C11_D-Melibiose,22
29.0,C11_D-Melibiose,24
29.25,C11_D-Melibiose,20
29.5,C11_D-Melibiose,24
29.75,C11_D-Melibiose,25
30.0,C11_D-Melibiose,27
30.25,C11_D-Melibiose,24
30.5,C11_D-Melibiose,23
30.75,C11_D-Melibiose,18
31.0,C11_D-Melibiose,22
31.25,C11_D-Melibiose,22
31.5,C11_D-Melibiose,22
31.75,C11_D-Melibiose,20
32.0,C11_D-Melibiose,28
32.25,C11_D-Melibiose,27
32.5,C11_D-Melibiose,26
32.75,C11_D-Melibiose,23
33.0,C11_D-Melibiose,25
33.25,C11_D-Melibiose,21
33.5,C11_D-Melibiose,25
33.75,C11_D-Melibiose,28
34.0,C11_D-Melibiose,24
34.25,C11_D-Melibiose,22
34.5,C11_D-Melibiose,24
34.75,C11_D-Melibiose,24
35.0,C11_D-Melibiose,26
35.25,C11_D-Melibiose,25
35.5,C11_D-Melibiose,24
35.75,C11_D-Melibiose,24
36.0,C11_D-Melibiose,27
36.25,C11_D-Melibiose,26
36.5,C11_D-Melibiose,21
36.75,C11_D-Melibiose,27
37.0,C11_D-Melibiose,29
37.25,C11_D-Melibiose,23
37.5,C11_D-Melibiose,22
37.75,C11_D-Melibiose,28
38.0,C11_D-Melibiose,25
38.25,C11_D-Melibiose,28
38.5,C11_D-Melibiose,26
38.75,C11_D-Melibiose,26
39.0,C11_D-Melibiose,23
39.25,C11_D-Melibiose,29
39.5,C11_D-Melibiose,24
39.75,C11_D-Melibiose,28
40.0,C11_D-Melibiose,26
40.25,C11_D-Melibiose,25
40.5,C11_D-Melibiose,22
40.75,C11_D-Melibiose,24
41.0,C11_D-Melibiose,26
41.25,C11_D-Melibiose,27
41.5,C11_D-Melibiose,25
41.75,C11_D-Melibiose,25
42.0,C11_D-Melibiose,20
42.25,C11_D-Melibiose,21
42.5,C11_D-Melibiose,26
42.75,C11_D-Melibiose,24
43.0,C11_D-Melibiose,28
43.25,C11_D-Melibiose,23
43.5,C11_D-Melibiose,25
43.75,C11_D-Melibiose,23
44.0,C11_D-Melibiose,26
44.25,C11_D-Melibiose,26
44.5,C11_D-Melibiose,22
44.75,C11_D-Melibiose,26
45.0,C11_D-Melibiose,26
45.25,C11_D-Melibiose,26
45.5,C11_D-Melibiose,30
45.75,C11_D-Melibiose,23
46.0,C11_D-Melibiose,27
46.25,C11_D-Melibiose,27
46.5,C11_D-Melibiose,28
46.75,C11_D-Melibiose,26
47.0,C11_D-Melibiose,26
47.25,C11_D-Melibiose,26
47.5,C11_D-Melibiose,0
0.0,C12_Thymidine,31
0.25,C12_Thymidine,17
0.5,C12_Thymidine,23
0.75,C12_Thymidine,25
1.0,C12_Thymidine,24
1.25,C12_Thymidine,17
1.5,C12_Thymidine,26
1.75,C12_Thymidine,22
2.0,C12_Thymidine,25
2.25,C12_Thymidine,19
2.5,C12_Thymidine,17
2.75,C12_Thymidine,23
3.0,C12_Thymidine,24
3.25,C12_Thymidine,22
3.5,C12_Thymidine,23
3.75,C12_Thymidine,18
4.0,C12_Thymidine,21
4.25,C12_Thymidine,24
4.5,C12_Thymidine,23
4.75,C12_Thymidine,27
5.0,C12_Thymidine,25
5.25,C12_Thymidine,24
5.5,C12_Thymidine,31
5.75,C12_Thymidine,30
6.0,C12_Thymidine,29
6.25,C12_Thymidine,31
6.5,C12_Thymidine,32
6.75,C12_Thymidine,35
7.0,C12_Thymidine,38
7.25,C12_Thymidine,35
7.5,C12_Thymidine,31
7.75,C12_Thymidine,36
8.0,C12_Thymidine,36
8.25,C12_Thymidine,36
8.5,C12_Thymidine,39
8.75,C12_Thymidine,41
9.0,C12_Thymidine,38
9.25,C12_Thymidine,35
9.5,C12_Thymidine,38
9.75,C12_Thymidine,34
10.0,C12_Thymidine,42
10.25,C12_Thymidine,41
10.5,C12_Thymidine,39
10.75,C12_Thymidine,46
11.0,C12_Thymidine,37
11.25,C12_Thymidine,40
11.5,C12_Thymidine,45
11.75,C12_Thymidine,41
12.0,C12_Thymidine,42
12.25,C12_Thymidine,42
12.5,C12_Thymidine,41
12.75,C12_Thymidine,38
13.0,C12_Thymidine,34
13.25,C12_Thymidine,40
13.5,C12_Thymidine,40
13.75,C12_Thymidine,41
14.0,C12_Thymidine,45
14.25,C12_Thymidine,42
14.5,C12_Thymidine,42
14.75,C12_Thymidine,43
15.0,C12_Thymidine,37
15.25,C12_Thymidine,41
15.5,C12_Thymidine,51
15.75,C12_Thymidine,38
16.0,C12_Thymidine,42
16.25,C12_Thymidine,43
16.5,C12_Thymidine,41
16.75,C12_Thymidine,43
17.0,C12_Thymidine,42
17.25,C12_Thymidine,45
17.5,C12_Thymidine,46
17.75,C12_Thymidine,47
18.0,C12_Thymidine,44
18.25,C12_Thymidine,49
18.5,C12_Thymidine,46
18.75,C12_Thymidine,45
19.0,C12_Thymidine,44
19.25,C12_Thymidine,46
19.5,C12_Thymidine,43
19.75,C12_Thymidine,46
20.0,C12_Thymidine,46
20.25,C12_Thymidine,47
20.5,C12_Thymidine,46
20.75,C12_Thymidine,44
21.0,C12_Thymidine,47
21.25,C12_Thymidine,43
21.5,C12_Thymidine,55
21.75,C12_Thymidine,43
22.0,C12_Thymidine,49
22.25,C12_Thymidine,51
22.5,C12_Thymidine,48
22.75,C12_Thymidine,46
23.0,C12_Thymidine,47
23.25,C12_Thymidine,53
23.5,C12_Thymidine,52
23.75,C12_Thymidine,51
24.0,C12_Thymidine,50
24.25,C12_Thymidine,58
24.5,C12_Thymidine,50
24.75,C12_Thymidine,53
25.0,C12_Thymidine,53
25.25,C12_Thymidine,53
25.5,C12_Thymidine,54
25.75,C12_Thymidine,54
26.0,C12_Thymidine,54
26.25,C12_Thymidine,57
26.5,C12_Thymidine,57
26.75,C12_Thymidine,52
27.0,C12_Thymidine,58
27.25,C12_Thymidine,54
27.5,C12_Thymidine,56
27.75,C12_Thymidine,57
28.0,C12_Thymidine,56
28.25,C12_Thymidine,51
28.5,C12_Thymidine,57
28.75,C12_Thymidine,55
29.0,C12_Thymidine,51
29.25,C12_Thymidine,51
29.5,C12_Thymidine,57
29.75,C12_Thymidine,54
30.0,C12_Thymidine,56
30.25,C12_Thymidine,57
30.5,C12_Thymidine,57
30.75,C12_Thymidine,57
31.0,C12_Thymidine,56
31.25,C12_Thymidine,53
31.5,C12_Thymidine,57
31.75,C12_Thymidine,57
32.0,C12_Thymidine,62
32.25,C12_Thymidine,58
32.5,C12_Thymidine,57
32.75,C12_Thymidine,58
33.0,C12_Thymidine,56
33.25,C12_Thymidine,58
33.5,C12_Thymidine,57
33.75,C12_Thymidine,63
34.0,C12_Thymidine,59
34.25,C12_Thymidine,60
34.5,C12_Thymidine,56
34.75,C12_Thymidine,58
35.0,C12_Thymidine,62
35.25,C12_Thymidine,61
35.5,C12_Thymidine,61
35.75,C12_Thymidine,63
36.0,C12_Thymidine,58
36.25,C12_Thymidine,59
36.5,C12_Thymidine,58
36.75,C12_Thymidine,60
37.0,C12_Thymidine,58
37.25,C12_Thymidine,56
37.5,C12_Thymidine,63
37.75,C12_Thymidine,61
38.0,C12_Thymidine,60
38.25,C12_Thymidine,59
38.5,C12_Thymidine,61
38.75,C12_Thymidine,63
39.0,C12_Thymidine,62
39.25,C12_Thymidine,58
39.5,C12_Thymidine,61
39.75,C12_Thymidine,55
40.0,C12_Thymidine,62
40.25,C12_Thymidine,63
40.5,C12_Thymidine,65
40.75,C12_Thymidine,61
41.0,C12_Thymidine,59
41.25,C12_Thymidine,67
41.5,C12_Thymidine,61
41.75,C12_Thymidine,59
42.0,C12_Thymidine,58
42.25,C12_Thymidine,62
42.5,C12_Thymidine,61
42.75,C12_Thymidine,64
43.0,C12_Thymidine,61
43.25,C12_Thymidine,61
43.5,C12_Thymidine,58
43.75,C12_Thymidine,62
44.0,C12_Thymidine,65
44.25,C12_Thymidine,63
44.5,C12_Thymidine,58
44.75,C12_Thymidine,63
45.0,C12_Thymidine,66
45.25,C12_Thymidine,63
45.5,C12_Thymidine,64
45.75,C12_Thymidine,64
46.0,C12_Thymidine,64
46.25,C12_Thymidine,63
46.5,C12_Thymidine,63
46.75,C12_Thymidine,64
47.0,C12_Thymidine,61
47.25,C12_Thymidine,68
47.5,C12_Thymidine,0
0.0,D-1_L-Asparagine,34
0.25,D-1_L-Asparagine,44
0.5,D-1_L-Asparagine,30
0.75,D-1_L-Asparagine,22
1.0,D-1_L-Asparagine,18
1.25,D-1_L-Asparagine,19
1.5,D-1_L-Asparagine,24
1.75,D-1_L-Asparagine,20
2.0,D-1_L-Asparagine,20
2.25,D-1_L-Asparagine,18
2.5,D-1_L-Asparagine,22
2.75,D-1_L-Asparagine,22
3.0,D-1_L-Asparagine,19
3.25,D-1_L-Asparagine,21
3.5,D-1_L-Asparagine,19
3.75,D-1_L-Asparagine,19
4.0,D-1_L-Asparagine,21
4.25,D-1_L-Asparagine,28
4.5,D-1_L-Asparagine,24
4.75,D-1_L-Asparagine,27
5.0,D-1_L-Asparagine,24
5.25,D-1_L-Asparagine,27
5.5,D-1_L-Asparagine,32
5.75,D-1_L-Asparagine,30
6.0,D-1_L-Asparagine,34
6.25,D-1_L-Asparagine,37
6.5,D-1_L-Asparagine,36
6.75,D-1_L-Asparagine,35
7.0,D-1_L-Asparagine,38
7.25,D-1_L-Asparagine,39
7.5,D-1_L-Asparagine,38
7.75,D-1_L-Asparagine,51
8.0,D-1_L-Asparagine,47
8.25,D-1_L-Asparagine,47
8.5,D-1_L-Asparagine,51
8.75,D-1_L-Asparagine,56
9.0,D-1_L-Asparagine,55
9.25,D-1_L-Asparagine,54
9.5,D-1_L-Asparagine,60
9.75,D-1_L-Asparagine,59
10.0,D-1_L-Asparagine,60
10.25,D-1_L-Asparagine,64
10.5,D-1_L-Asparagine,62
10.75,D-1_L-Asparagine,65
11.0,D-1_L-Asparagine,68
11.25,D-1_L-Asparagine,70
11.5,D-1_L-Asparagine,73
11.75,D-1_L-Asparagine,70
12.0,D-1_L-Asparagine,75
12.25,D-1_L-Asparagine,75
12.5,D-1_L-Asparagine,81
12.75,D-1_L-Asparagine,79
13.0,D-1_L-Asparagine,79
13.25,D-1_L-Asparagine,82
13.5,D-1_L-Asparagine,85
13.75,D-1_L-Asparagine,85
14.0,D-1_L-Asparagine,82
14.25,D-1_L-Asparagine,84
14.5,D-1_L-Asparagine,86
14.75,D-1_L-Asparagine,90
15.0,D-1_L-Asparagine,89
15.25,D-1_L-Asparagine,91
15.5,D-1_L-Asparagine,88
15.75,D-1_L-Asparagine,92
16.0,D-1_L-Asparagine,96
16.25,D-1_L-Asparagine,93
16.5,D-1_L-Asparagine,99
16.75,D-1_L-Asparagine,100
17.0,D-1_L-Asparagine,101
17.25,D-1_L-Asparagine,97
17.5,D-1_L-Asparagine,99
17.75,D-1_L-Asparagine,105
18.0,D-1_L-Asparagine,108
18.25,D-1_L-Asparagine,104
18.5,D-1_L-Asparagine,108
18.75,D-1_L-Asparagine,109
19.0,D-1_L-Asparagine,111
19.25,D-1_L-Asparagine,114
19.5,D-1_L-Asparagine,114
19.75,D-1_L-Asparagine,111
20.0,D-1_L-Asparagine,112
20.25,D-1_L-Asparagine,111
20.5,D-1_L-Asparagine,115
20.75,D-1_L-Asparagine,116
21.0,D-1_L-Asparagine,119
21.25,D-1_L-Asparagine,119
21.5,D-1_L-Asparagine,113
21.75,D-1_L-Asparagine,121
22.0,D-1_L-Asparagine,122
22.25,D-1_L-Asparagine,121
22.5,D-1_L-Asparagine,124
22.75,D-1_L-Asparagine,124
23.0,D-1_L-Asparagine,127
23.25,D-1_L-Asparagine,127
23.5,D-1_L-Asparagine,129
23.75,D-1_L-Asparagine,129
24.0,D-1_L-Asparagine,133
24.25,D-1_L-Asparagine,131
24.5,D-1_L-Asparagine,128
24.75,D-1_L-Asparagine,132
25.0,D-1_L-Asparagine,135
25.25,D-1_L-Asparagine,138
25.5,D-1_L-Asparagine,139
25.75,D-1_L-Asparagine,140
26.0,D-1_L-Asparagine,139
26.25,D-1_L-Asparagine,138
26.5,D-1_L-Asparagine,140
26.75,D-1_L-Asparagine,142
27.0,D-1_L-Asparagine,145
27.25,D-1_L-Asparagine,151
27.5,D-1_L-Asparagine,146
27.75,D-1_L-Asparagine,147
28.0,D-1_L-Asparagine,150
28.25,D-1_L-Asparagine,146
28.5,D-1_L-Asparagine,154
28.75,D-1_L-Asparagine,156
29.0,D-1_L-Asparagine,155
29.25,D-1_L-Asparagine,156
29.5,D-1_L-Asparagine,154
29.75,D-1_L-Asparagine,159
30.0,D-1_L-Asparagine,159
30.25,D-1_L-Asparagine,158
30.5,D-1_L-Asparagine,161
30.75,D-1_L-Asparagine,166
31.0,D-1_L-Asparagine,165
31.25,D-1_L-Asparagine,163
31.5,D-1_L-Asparagine,163
31.75,D-1_L-Asparagine,164
32.0,D-1_L-Asparagine,164
32.25,D-1_L-Asparagine,172
32.5,D-1_L-Asparagine,174
32.75,D-1_L-Asparagine,171
33.0,D-1_L-Asparagine,168
33.25,D-1_L-Asparagine,171
33.5,D-1_L-Asparagine,172
33.75,D-1_L-Asparagine,174
34.0,D-1_L-Asparagine,171
34.25,D-1_L-Asparagine,171
34.5,D-1_L-Asparagine,178
34.75,D-1_L-Asparagine,169
35.0,D-1_L-Asparagine,180
35.25,D-1_L-Asparagine,175
35.5,D-1_L-Asparagine,173
35.75,D-1_L-Asparagine,180
36.0,D-1_L-Asparagine,175
36.25,D-1_L-Asparagine,178
36.5,D-1_L-Asparagine,175
36.75,D-1_L-Asparagine,183
37.0,D-1_L-Asparagine,179
37.25,D-1_L-Asparagine,180
37.5,D-1_L-Asparagine,179
37.75,D-1_L-Asparagine,181
38.0,D-1_L-Asparagine,178
38.25,D-1_L-Asparagine,175
38.5,D-1_L-Asparagine,181
38.75,D-1_L-Asparagine,174
39.0,D-1_L-Asparagine,178
39.25,D-1_L-Asparagine,178
39.5,D-1_L-Asparagine,179
39.75,D-1_L-Asparagine,178
40.0,D-1_L-Asparagine,177
40.25,D-1_L-Asparagine,177
40.5,D-1_L-Asparagine,172
40.75,D-1_L-Asparagine,176
41.0,D-1_L-Asparagine,171
41.25,D-1_L-Asparagine,176
41.5,D-1_L-Asparagine,176
41.75,D-1_L-Asparagine,172
42.0,D-1_L-Asparagine,172
42.25,D-1_L-Asparagine,169
42.5,D-1_L-Asparagine,174
42.75,D-1_L-Asparagine,175
43.0,D-1_L-Asparagine,172
43.25,D-1_L-Asparagine,171
43.5,D-1_L-Asparagine,170
43.75,D-1_L-Asparagine,176
44.0,D-1_L-Asparagine,172
44.25,D-1_L-Asparagine,169
44.5,D-1_L-Asparagine,159
44.75,D-1_L-Asparagine,170
45.0,D-1_L-Asparagine,170
45.25,D-1_L-Asparagine,168
45.5,D-1_L-Asparagine,169
45.75,D-1_L-Asparagine,167
46.0,D-1_L-Asparagine,164
46.25,D-1_L-Asparagine,164
46.5,D-1_L-Asparagine,167
46.75,D-1_L-Asparagine,163
47.0,D-1_L-Asparagine,164
47.25,D-1_L-Asparagine,163
47.5,D-1_L-Asparagine,0
0.0,D2_D-Aspartic_Acid,36
0.25,D2_D-Aspartic_Acid,36
0.5,D2_D-Aspartic_Acid,44
0.75,D2_D-Aspartic_Acid,12
1.0,D2_D-Aspartic_Acid,20
1.25,D2_D-Aspartic_Acid,13
1.5,D2_D-Aspartic_Acid,21
1.75,D2_D-Aspartic_Acid,15
2.0,D2_D-Aspartic_Acid,15
2.25,D2_D-Aspartic_Acid,15
2.5,D2_D-Aspartic_Acid,15
2.75,D2_D-Aspartic_Acid,18
3.0,D2_D-Aspartic_Acid,18
3.25,D2_D-Aspartic_Acid,14
3.5,D2_D-Aspartic_Acid,11
3.75,D2_D-Aspartic_Acid,12
4.0,D2_D-Aspartic_Acid,11
4.25,D2_D-Aspartic_Acid,21
4.5,D2_D-Aspartic_Acid,17
4.75,D2_D-Aspartic_Acid,11
5.0,D2_D-Aspartic_Acid,18
5.25,D2_D-Aspartic_Acid,16
5.5,D2_D-Aspartic_Acid,19
5.75,D2_D-Aspartic_Acid,22
6.0,D2_D-Aspartic_Acid,14
6.25,D2_D-Aspartic_Acid,17
6.5,D2_D-Aspartic_Acid,20
6.75,D2_D-Aspartic_Acid,20
7.0,D2_D-Aspartic_Acid,22
7.25,D2_D-Aspartic_Acid,23
7.5,D2_D-Aspartic_Acid,21
7.75,D2_D-Aspartic_Acid,22
8.0,D2_D-Aspartic_Acid,27
8.25,D2_D-Aspartic_Acid,20
8.5,D2_D-Aspartic_Acid,23
8.75,D2_D-Aspartic_Acid,21
9.0,D2_D-Aspartic_Acid,22
9.25,D2_D-Aspartic_Acid,23
9.5,D2_D-Aspartic_Acid,18
9.75,D2_D-Aspartic_Acid,20
10.0,D2_D-Aspartic_Acid,21
10.25,D2_D-Aspartic_Acid,15
10.5,D2_D-Aspartic_Acid,18
10.75,D2_D-Aspartic_Acid,19
11.0,D2_D-Aspartic_Acid,22
11.25,D2_D-Aspartic_Acid,22
11.5,D2_D-Aspartic_Acid,24
11.75,D2_D-Aspartic_Acid,26
12.0,D2_D-Aspartic_Acid,18
12.25,D2_D-Aspartic_Acid,23
12.5,D2_D-Aspartic_Acid,19
12.75,D2_D-Aspartic_Acid,21
13.0,D2_D-Aspartic_Acid,26
13.25,D2_D-Aspartic_Acid,20
13.5,D2_D-Aspartic_Acid,22
13.75,D2_D-Aspartic_Acid,17
14.0,D2_D-Aspartic_Acid,17
14.25,D2_D-Aspartic_Acid,24
14.5,D2_D-Aspartic_Acid,22
14.75,D2_D-Aspartic_Acid,24
15.0,D2_D-Aspartic_Acid,27
15.25,D2_D-Aspartic_Acid,17
15.5,D2_D-Aspartic_Acid,22
15.75,D2_D-Aspartic_Acid,21
16.0,D2_D-Aspartic_Acid,18
16.25,D2_D-Aspartic_Acid,23
16.5,D2_D-Aspartic_Acid,19
16.75,D2_D-Aspartic_Acid,21
17.0,D2_D-Aspartic_Acid,18
17.25,D2_D-Aspartic_Acid,21
17.5,D2_D-Aspartic_Acid,23
17.75,D2_D-Aspartic_Acid,21
18.0,D2_D-Aspartic_Acid,22
18.25,D2_D-Aspartic_Acid,23
18.5,D2_D-Aspartic_Acid,24
18.75,D2_D-Aspartic_Acid,21
19.0,D2_D-Aspartic_Acid,25
19.25,D2_D-Aspartic_Acid,20
19.5,D2_D-Aspartic_Acid,24
19.75,D2_D-Aspartic_Acid,26
20.0,D2_D-Aspartic_Acid,25
20.25,D2_D-Aspartic_Acid,25
20.5,D2_D-Aspartic_Acid,25
20.75,D2_D-Aspartic_Acid,19
21.0,D2_D-Aspartic_Acid,25
21.25,D2_D-Aspartic_Acid,19
21.5,D2_D-Aspartic_Acid,25
21.75,D2_D-Aspartic_Acid,23
22.0,D2_D-Aspartic_Acid,24
22.25,D2_D-Aspartic_Acid,28
22.5,D2_D-Aspartic_Acid,22
22.75,D2_D-Aspartic_Acid,24
23.0,D2_D-Aspartic_Acid,24
23.25,D2_D-Aspartic_Acid,25
23.5,D2_D-Aspartic_Acid,23
23.75,D2_D-Aspartic_Acid,25
24.0,D2_D-Aspartic_Acid,24
24.25,D2_D-Aspartic_Acid,21
24.5,D2_D-Aspartic_Acid,27
24.75,D2_D-Aspartic_Acid,23
25.0,D2_D-Aspartic_Acid,24
25.25,D2_D-Aspartic_Acid,22
25.5,D2_D-Aspartic_Acid,22
25.75,D2_D-Aspartic_Acid,25
26.0,D2_D-Aspartic_Acid,25
26.25,D2_D-Aspartic_Acid,25
26.5,D2_D-Aspartic_Acid,20
26.75,D2_D-Aspartic_Acid,24
27.0,D2_D-Aspartic_Acid,26
27.25,D2_D-Aspartic_Acid,24
27.5,D2_D-Aspartic_Acid,27
27.75,D2_D-Aspartic_Acid,27
28.0,D2_D-Aspartic_Acid,24
28.25,D2_D-Aspartic_Acid,25
28.5,D2_D-Aspartic_Acid,25
28.75,D2_D-Aspartic_Acid,25
29.0,D2_D-Aspartic_Acid,26
29.25,D2_D-Aspartic_Acid,23
29.5,D2_D-Aspartic_Acid,24
29.75,D2_D-Aspartic_Acid,25
30.0,D2_D-Aspartic_Acid,25
30.25,D2_D-Aspartic_Acid,22
30.5,D2_D-Aspartic_Acid,22
30.75,D2_D-Aspartic_Acid,26
31.0,D2_D-Aspartic_Acid,27
31.25,D2_D-Aspartic_Acid,28
31.5,D2_D-Aspartic_Acid,30
31.75,D2_D-Aspartic_Acid,27
32.0,D2_D-Aspartic_Acid,28
32.25,D2_D-Aspartic_Acid,27
32.5,D2_D-Aspartic_Acid,30
32.75,D2_D-Aspartic_Acid,28
33.0,D2_D-Aspartic_Acid,26
33.25,D2_D-Aspartic_Acid,27
33.5,D2_D-Aspartic_Acid,26
33.75,D2_D-Aspartic_Acid,26
34.0,D2_D-Aspartic_Acid,25
34.25,D2_D-Aspartic_Acid,27
34.5,D2_D-Aspartic_Acid,26
34.75,D2_D-Aspartic_Acid,30
35.0,D2_D-Aspartic_Acid,26
35.25,D2_D-Aspartic_Acid,27
35.5,D2_D-Aspartic_Acid,28
35.75,D2_D-Aspartic_Acid,29
36.0,D2_D-Aspartic_Acid,28
36.25,D2_D-Aspartic_Acid,24
36.5,D2_D-Aspartic_Acid,26
36.75,D2_D-Aspartic_Acid,25
37.0,D2_D-Aspartic_Acid,31
37.25,D2_D-Aspartic_Acid,27
37.5,D2_D-Aspartic_Acid,25
37.75,D2_D-Aspartic_Acid,29
38.0,D2_D-Aspartic_Acid,30
38.25,D2_D-Aspartic_Acid,32
38.5,D2_D-Aspartic_Acid,26
38.75,D2_D-Aspartic_Acid,28
39.0,D2_D-Aspartic_Acid,28
39.25,D2_D-Aspartic_Acid,28
39.5,D2_D-Aspartic_Acid,28
39.75,D2_D-Aspartic_Acid,30
40.0,D2_D-Aspartic_Acid,28
40.25,D2_D-Aspartic_Acid,25
40.5,D2_D-Aspartic_Acid,29
40.75,D2_D-Aspartic_Acid,33
41.0,D2_D-Aspartic_Acid,31
41.25,D2_D-Aspartic_Acid,28
41.5,D2_D-Aspartic_Acid,28
41.75,D2_D-Aspartic_Acid,31
42.0,D2_D-Aspartic_Acid,31
42.25,D2_D-Aspartic_Acid,31
42.5,D2_D-Aspartic_Acid,32
42.75,D2_D-Aspartic_Acid,31
43.0,D2_D-Aspartic_Acid,30
43.25,D2_D-Aspartic_Acid,27
43.5,D2_D-Aspartic_Acid,28
43.75,D2_D-Aspartic_Acid,33
44.0,D2_D-Aspartic_Acid,28
44.25,D2_D-Aspartic_Acid,26
44.5,D2_D-Aspartic_Acid,31
44.75,D2_D-Aspartic_Acid,27
45.0,D2_D-Aspartic_Acid,30
45.25,D2_D-Aspartic_Acid,30
45.5,D2_D-Aspartic_Acid,33
45.75,D2_D-Aspartic_Acid,31
46.0,D2_D-Aspartic_Acid,29
46.25,D2_D-Aspartic_Acid,33
46.5,D2_D-Aspartic_Acid,31
46.75,D2_D-Aspartic_Acid,32
47.0,D2_D-Aspartic_Acid,28
47.25,D2_D-Aspartic_Acid,33
47.5,D2_D-Aspartic_Acid,0
0.0,D3_D-Glucosaminic_Acid,18
0.25,D3_D-Glucosaminic_Acid,16
0.5,D3_D-Glucosaminic_Acid,20
0.75,D3_D-Glucosaminic_Acid,18
1.0,D3_D-Glucosaminic_Acid,19
1.25,D3_D-Glucosaminic_Acid,13
1.5,D3_D-Glucosaminic_Acid,21
1.75,D3_D-Glucosaminic_Acid,18
2.0,D3_D-Glucosaminic_Acid,12
2.25,D3_D-Glucosaminic_Acid,14
2.5,D3_D-Glucosaminic_Acid,14
2.75,D3_D-Glucosaminic_Acid,14
3.0,D3_D-Glucosaminic_Acid,20
3.25,D3_D-Glucosaminic_Acid,17
3.5,D3_D-Glucosaminic_Acid,19
3.75,D3_D-Glucosaminic_Acid,17
4.0,D3_D-Glucosaminic_Acid,17
4.25,D3_D-Glucosaminic_Acid,24
4.5,D3_D-Glucosaminic_Acid,22
4.75,D3_D-Glucosaminic_Acid,26
5.0,D3_D-Glucosaminic_Acid,22
5.25,D3_D-Glucosaminic_Acid,26
5.5,D3_D-Glucosaminic_Acid,29
5.75,D3_D-Glucosaminic_Acid,28
6.0,D3_D-Glucosaminic_Acid,34
6.25,D3_D-Glucosaminic_Acid,40
6.5,D3_D-Glucosaminic_Acid,39
6.75,D3_D-Glucosaminic_Acid,39
7.0,D3_D-Glucosaminic_Acid,44
7.25,D3_D-Glucosaminic_Acid,41
7.5,D3_D-Glucosaminic_Acid,44
7.75,D3_D-Glucosaminic_Acid,50
8.0,D3_D-Glucosaminic_Acid,48
8.25,D3_D-Glucosaminic_Acid,50
8.5,D3_D-Glucosaminic_Acid,54
8.75,D3_D-Glucosaminic_Acid,55
9.0,D3_D-Glucosaminic_Acid,57
9.25,D3_D-Glucosaminic_Acid,57
9.5,D3_D-Glucosaminic_Acid,66
9.75,D3_D-Glucosaminic_Acid,65
10.0,D3_D-Glucosaminic_Acid,68
10.25,D3_D-Glucosaminic_Acid,72
10.5,D3_D-Glucosaminic_Acid,72
10.75,D3_D-Glucosaminic_Acid,74
11.0,D3_D-Glucosaminic_Acid,79
11.25,D3_D-Glucosaminic_Acid,85
11.5,D3_D-Glucosaminic_Acid,92
11.75,D3_D-Glucosaminic_Acid,91
12.0,D3_D-Glucosaminic_Acid,97
12.25,D3_D-Glucosaminic_Acid,99
12.5,D3_D-Glucosaminic_Acid,100
12.75,D3_D-Glucosaminic_Acid,104
13.0,D3_D-Glucosaminic_Acid,107
13.25,D3_D-Glucosaminic_Acid,114
13.5,D3_D-Glucosaminic_Acid,123
13.75,D3_D-Glucosaminic_Acid,125
14.0,D3_D-Glucosaminic_Acid,126
14.25,D3_D-Glucosaminic_Acid,125
14.5,D3_D-Glucosaminic_Acid,129
14.75,D3_D-Glucosaminic_Acid,138
15.0,D3_D-Glucosaminic_Acid,132
15.25,D3_D-Glucosaminic_Acid,144
15.5,D3_D-Glucosaminic_Acid,147
15.75,D3_D-Glucosaminic_Acid,148
16.0,D3_D-Glucosaminic_Acid,159
16.25,D3_D-Glucosaminic_Acid,160
16.5,D3_D-Glucosaminic_Acid,165
16.75,D3_D-Glucosaminic_Acid,167
17.0,D3_D-Glucosaminic_Acid,171
17.25,D3_D-Glucosaminic_Acid,175
17.5,D3_D-Glucosaminic_Acid,176
17.75,D3_D-Glucosaminic_Acid,183
18.0,D3_D-Glucosaminic_Acid,188
18.25,D3_D-Glucosaminic_Acid,192
18.5,D3_D-Glucosaminic_Acid,197
18.75,D3_D-Glucosaminic_Acid,195
19.0,D3_D-Glucosaminic_Acid,198
19.25,D3_D-Glucosaminic_Acid,203
19.5,D3_D-Glucosaminic_Acid,205
19.75,D3_D-Glucosaminic_Acid,208
20.0,D3_D-Glucosaminic_Acid,210
20.25,D3_D-Glucosaminic_Acid,214
20.5,D3_D-Glucosaminic_Acid,214
20.75,D3_D-Glucosaminic_Acid,220
21.0,D3_D-Glucosaminic_Acid,221
21.25,D3_D-Glucosaminic_Acid,221
21.5,D3_D-Glucosaminic_Acid,224
21.75,D3_D-Glucosaminic_Acid,225
22.0,D3_D-Glucosaminic_Acid,229
22.25,D3_D-Glucosaminic_Acid,226
22.5,D3_D-Glucosaminic_Acid,228
22.75,D3_D-Glucosaminic_Acid,225
23.0,D3_D-Glucosaminic_Acid,228
23.25,D3_D-Glucosaminic_Acid,231
23.5,D3_D-Glucosaminic_Acid,228
23.75,D3_D-Glucosaminic_Acid,233
24.0,D3_D-Glucosaminic_Acid,233
24.25,D3_D-Glucosaminic_Acid,230
24.5,D3_D-Glucosaminic_Acid,226
24.75,D3_D-Glucosaminic_Acid,228
25.0,D3_D-Glucosaminic_Acid,226
25.25,D3_D-Glucosaminic_Acid,227
25.5,D3_D-Glucosaminic_Acid,227
25.75,D3_D-Glucosaminic_Acid,228
26.0,D3_D-Glucosaminic_Acid,231
26.25,D3_D-Glucosaminic_Acid,226
26.5,D3_D-Glucosaminic_Acid,226
26.75,D3_D-Glucosaminic_Acid,224
27.0,D3_D-Glucosaminic_Acid,225
27.25,D3_D-Glucosaminic_Acid,227
27.5,D3_D-Glucosaminic_Acid,227
27.75,D3_D-Glucosaminic_Acid,226
28.0,D3_D-Glucosaminic_Acid,228
28.25,D3_D-Glucosaminic_Acid,229
28.5,D3_D-Glucosaminic_Acid,228
28.75,D3_D-Glucosaminic_Acid,226
29.0,D3_D-Glucosaminic_Acid,229
29.25,D3_D-Glucosaminic_Acid,230
29.5,D3_D-Glucosaminic_Acid,230
29.75,D3_D-Glucosaminic_Acid,226
30.0,D3_D-Glucosaminic_Acid,231
30.25,D3_D-Glucosaminic_Acid,231
30.5,D3_D-Glucosaminic_Acid,227
30.75,D3_D-Glucosaminic_Acid,232
31.0,D3_D-Glucosaminic_Acid,230
31.25,D3_D-Glucosaminic_Acid,233
31.5,D3_D-Glucosaminic_Acid,233
31.75,D3_D-Glucosaminic_Acid,232
32.0,D3_D-Glucosaminic_Acid,232
32.25,D3_D-Glucosaminic_Acid,233
32.5,D3_D-Glucosaminic_Acid,233
32.75,D3_D-Glucosaminic_Acid,234
33.0,D3_D-Glucosaminic_Acid,234
33.25,D3_D-Glucosaminic_Acid,232
33.5,D3_D-Glucosaminic_Acid,235
33.75,D3_D-Glucosaminic_Acid,233
34.0,D3_D-Glucosaminic_Acid,236
34.25,D3_D-Glucosaminic_Acid,237
34.5,D3_D-Glucosaminic_Acid,233
34.75,D3_D-Glucosaminic_Acid,235
35.0,D3_D-Glucosaminic_Acid,237
35.25,D3_D-Glucosaminic_Acid,236
35.5,D3_D-Glucosaminic_Acid,237
35.75,D3_D-Glucosaminic_Acid,235
36.0,D3_D-Glucosaminic_Acid,234
36.25,D3_D-Glucosaminic_Acid,231
36.5,D3_D-Glucosaminic_Acid,232
36.75,D3_D-Glucosaminic_Acid,234
37.0,D3_D-Glucosaminic_Acid,234
37.25,D3_D-Glucosaminic_Acid,234
37.5,D3_D-Glucosaminic_Acid,234
37.75,D3_D-Glucosaminic_Acid,234
38.0,D3_D-Glucosaminic_Acid,235
38.25,D3_D-Glucosaminic_Acid,234
38.5,D3_D-Glucosaminic_Acid,238
38.75,D3_D-Glucosaminic_Acid,235
39.0,D3_D-Glucosaminic_Acid,232
39.25,D3_D-Glucosaminic_Acid,233
39.5,D3_D-Glucosaminic_Acid,238
39.75,D3_D-Glucosaminic_Acid,234
40.0,D3_D-Glucosaminic_Acid,234
40.25,D3_D-Glucosaminic_Acid,232
40.5,D3_D-Glucosaminic_Acid,234
40.75,D3_D-Glucosaminic_Acid,237
41.0,D3_D-Glucosaminic_Acid,236
41.25,D3_D-Glucosaminic_Acid,236
41.5,D3_D-Glucosaminic_Acid,233
41.75,D3_D-Glucosaminic_Acid,235
42.0,D3_D-Glucosaminic_Acid,236
42.25,D3_D-Glucosaminic_Acid,234
42.5,D3_D-Glucosaminic_Acid,234
42.75,D3_D-Glucosaminic_Acid,232
43.0,D3_D-Glucosaminic_Acid,235
43.25,D3_D-Glucosaminic_Acid,239
43.5,D3_D-Glucosaminic_Acid,236
43.75,D3_D-Glucosaminic_Acid,234
44.0,D3_D-Glucosaminic_Acid,236
44.25,D3_D-Glucosaminic_Acid,238
44.5,D3_D-Glucosaminic_Acid,235
44.75,D3_D-Glucosaminic_Acid,235
45.0,D3_D-Glucosaminic_Acid,238
45.25,D3_D-Glucosaminic_Acid,236
45.5,D3_D-Glucosaminic_Acid,238
45.75,D3_D-Glucosaminic_Acid,236
46.0,D3_D-Glucosaminic_Acid,236
46.25,D3_D-Glucosaminic_Acid,237
46.5,D3_D-Glucosaminic_Acid,238
46.75,D3_D-Glucosaminic_Acid,237
47.0,D3_D-Glucosaminic_Acid,234
47.25,D3_D-Glucosaminic_Acid,238
47.5,D3_D-Glucosaminic_Acid,0
0.0,D4_1-2-Propanediol,28
0.25,D4_1-2-Propanediol,12
0.5,D4_1-2-Propanediol,15
0.75,D4_1-2-Propanediol,12
1.0,D4_1-2-Propanediol,14
1.25,D4_1-2-Propanediol,13
1.5,D4_1-2-Propanediol,14
1.75,D4_1-2-Propanediol,12
2.0,D4_1-2-Propanediol,11
2.25,D4_1-2-Propanediol,11
2.5,D4_1-2-Propanediol,11
2.75,D4_1-2-Propanediol,16
3.0,D4_1-2-Propanediol,14
3.25,D4_1-2-Propanediol,11
3.5,D4_1-2-Propanediol,13
3.75,D4_1-2-Propanediol,11
4.0,D4_1-2-Propanediol,11
4.25,D4_1-2-Propanediol,15
4.5,D4_1-2-Propanediol,15
4.75,D4_1-2-Propanediol,11
5.0,D4_1-2-Propanediol,16
5.25,D4_1-2-Propanediol,17
5.5,D4_1-2-Propanediol,19
5.75,D4_1-2-Propanediol,15
6.0,D4_1-2-Propanediol,14
6.25,D4_1-2-Propanediol,19
6.5,D4_1-2-Propanediol,19
6.75,D4_1-2-Propanediol,21
7.0,D4_1-2-Propanediol,20
7.25,D4_1-2-Propanediol,24
7.5,D4_1-2-Propanediol,20
7.75,D4_1-2-Propanediol,25
8.0,D4_1-2-Propanediol,27
8.25,D4_1-2-Propanediol,19
8.5,D4_1-2-Propanediol,24
8.75,D4_1-2-Propanediol,23
9.0,D4_1-2-Propanediol,21
9.25,D4_1-2-Propanediol,18
9.5,D4_1-2-Propanediol,21
9.75,D4_1-2-Propanediol,22
10.0,D4_1-2-Propanediol,27
10.25,D4_1-2-Propanediol,22
10.5,D4_1-2-Propanediol,24
10.75,D4_1-2-Propanediol,23
11.0,D4_1-2-Propanediol,25
11.25,D4_1-2-Propanediol,28
11.5,D4_1-2-Propanediol,28
11.75,D4_1-2-Propanediol,26
12.0,D4_1-2-Propanediol,21
12.25,D4_1-2-Propanediol,19
12.5,D4_1-2-Propanediol,23
12.75,D4_1-2-Propanediol,27
13.0,D4_1-2-Propanediol,24
13.25,D4_1-2-Propanediol,24
13.5,D4_1-2-Propanediol,25
13.75,D4_1-2-Propanediol,21
14.0,D4_1-2-Propanediol,20
14.25,D4_1-2-Propanediol,22
14.5,D4_1-2-Propanediol,19
14.75,D4_1-2-Propanediol,23
15.0,D4_1-2-Propanediol,26
15.25,D4_1-2-Propanediol,26
15.5,D4_1-2-Propanediol,21
15.75,D4_1-2-Propanediol,21
16.0,D4_1-2-Propanediol,25
16.25,D4_1-2-Propanediol,27
16.5,D4_1-2-Propanediol,22
16.75,D4_1-2-Propanediol,21
17.0,D4_1-2-Propanediol,20
17.25,D4_1-2-Propanediol,30
17.5,D4_1-2-Propanediol,22
17.75,D4_1-2-Propanediol,23
18.0,D4_1-2-Propanediol,21
18.25,D4_1-2-Propanediol,25
18.5,D4_1-2-Propanediol,27
18.75,D4_1-2-Propanediol,25
19.0,D4_1-2-Propanediol,28
19.25,D4_1-2-Propanediol,23
19.5,D4_1-2-Propanediol,24
19.75,D4_1-2-Propanediol,24
20.0,D4_1-2-Propanediol,24
20.25,D4_1-2-Propanediol,25
20.5,D4_1-2-Propanediol,27
20.75,D4_1-2-Propanediol,21
21.0,D4_1-2-Propanediol,21
21.25,D4_1-2-Propanediol,23
21.5,D4_1-2-Propanediol,22
21.75,D4_1-2-Propanediol,20
22.0,D4_1-2-Propanediol,27
22.25,D4_1-2-Propanediol,22
22.5,D4_1-2-Propanediol,22
22.75,D4_1-2-Propanediol,23
23.0,D4_1-2-Propanediol,25
23.25,D4_1-2-Propanediol,22
23.5,D4_1-2-Propanediol,25
23.75,D4_1-2-Propanediol,24
24.0,D4_1-2-Propanediol,22
24.25,D4_1-2-Propanediol,28
24.5,D4_1-2-Propanediol,22
24.75,D4_1-2-Propanediol,22
25.0,D4_1-2-Propanediol,23
25.25,D4_1-2-Propanediol,24
25.5,D4_1-2-Propanediol,27
25.75,D4_1-2-Propanediol,25
26.0,D4_1-2-Propanediol,22
26.25,D4_1-2-Propanediol,28
26.5,D4_1-2-Propanediol,25
26.75,D4_1-2-Propanediol,24
27.0,D4_1-2-Propanediol,28
27.25,D4_1-2-Propanediol,24
27.5,D4_1-2-Propanediol,23
27.75,D4_1-2-Propanediol,22
28.0,D4_1-2-Propanediol,20
28.25,D4_1-2-Propanediol,26
28.5,D4_1-2-Propanediol,27
28.75,D4_1-2-Propanediol,26
29.0,D4_1-2-Propanediol,26
29.25,D4_1-2-Propanediol,26
29.5,D4_1-2-Propanediol,29
29.75,D4_1-2-Propanediol,28
30.0,D4_1-2-Propanediol,21
30.25,D4_1-2-Propanediol,21
30.5,D4_1-2-Propanediol,20
30.75,D4_1-2-Propanediol,26
31.0,D4_1-2-Propanediol,26
31.25,D4_1-2-Propanediol,22
31.5,D4_1-2-Propanediol,27
31.75,D4_1-2-Propanediol,23
32.0,D4_1-2-Propanediol,25
32.25,D4_1-2-Propanediol,24
32.5,D4_1-2-Propanediol,26
32.75,D4_1-2-Propanediol,25
33.0,D4_1-2-Propanediol,25
33.25,D4_1-2-Propanediol,27
33.5,D4_1-2-Propanediol,25
33.75,D4_1-2-Propanediol,25
34.0,D4_1-2-Propanediol,29
34.25,D4_1-2-Propanediol,27
34.5,D4_1-2-Propanediol,29
34.75,D4_1-2-Propanediol,27
35.0,D4_1-2-Propanediol,24
35.25,D4_1-2-Propanediol,24
35.5,D4_1-2-Propanediol,30
35.75,D4_1-2-Propanediol,25
36.0,D4_1-2-Propanediol,28
36.25,D4_1-2-Propanediol,20
36.5,D4_1-2-Propanediol,26
36.75,D4_1-2-Propanediol,29
37.0,D4_1-2-Propanediol,28
37.25,D4_1-2-Propanediol,22
37.5,D4_1-2-Propanediol,20
37.75,D4_1-2-Propanediol,26
38.0,D4_1-2-Propanediol,27
38.25,D4_1-2-Propanediol,28
38.5,D4_1-2-Propanediol,29
38.75,D4_1-2-Propanediol,30
39.0,D4_1-2-Propanediol,30
39.25,D4_1-2-Propanediol,23
39.5,D4_1-2-Propanediol,23
39.75,D4_1-2-Propanediol,24
40.0,D4_1-2-Propanediol,23
40.25,D4_1-2-Propanediol,27
40.5,D4_1-2-Propanediol,26
40.75,D4_1-2-Propanediol,27
41.0,D4_1-2-Propanediol,27
41.25,D4_1-2-Propanediol,25
41.5,D4_1-2-Propanediol,25
41.75,D4_1-2-Propanediol,25
42.0,D4_1-2-Propanediol,26
42.25,D4_1-2-Propanediol,28
42.5,D4_1-2-Propanediol,29
42.75,D4_1-2-Propanediol,25
43.0,D4_1-2-Propanediol,28
43.25,D4_1-2-Propanediol,25
43.5,D4_1-2-Propanediol,24
43.75,D4_1-2-Propanediol,28
44.0,D4_1-2-Propanediol,25
44.25,D4_1-2-Propanediol,24
44.5,D4_1-2-Propanediol,28
44.75,D4_1-2-Propanediol,25
45.0,D4_1-2-Propanediol,23
45.25,D4_1-2-Propanediol,22
45.5,D4_1-2-Propanediol,28
45.75,D4_1-2-Propanediol,27
46.0,D4_1-2-Propanediol,29
46.25,D4_1-2-Propanediol,25
46.5,D4_1-2-Propanediol,23
46.75,D4_1-2-Propanediol,24
47.0,D4_1-2-Propanediol,23
47.25,D4_1-2-Propanediol,23
47.5,D4_1-2-Propanediol,0
0.0,D5_Tween_40,21
0.25,D5_Tween_40,11
0.5,D5_Tween_40,11
0.75,D5_Tween_40,12
1.0,D5_Tween_40,11
1.25,D5_Tween_40,15
1.5,D5_Tween_40,12
1.75,D5_Tween_40,11
2.0,D5_Tween_40,11
2.25,D5_Tween_40,14
2.5,D5_Tween_40,11
2.75,D5_Tween_40,11
3.0,D5_Tween_40,11
3.25,D5_Tween_40,11
3.5,D5_Tween_40,12
3.75,D5_Tween_40,11
4.0,D5_Tween_40,11
4.25,D5_Tween_40,11
4.5,D5_Tween_40,14
4.75,D5_Tween_40,11
5.0,D5_Tween_40,11
5.25,D5_Tween_40,11
5.5,D5_Tween_40,12
5.75,D5_Tween_40,13
6.0,D5_Tween_40,15
6.25,D5_Tween_40,14
6.5,D5_Tween_40,15
6.75,D5_Tween_40,15
7.0,D5_Tween_40,21
7.25,D5_Tween_40,19
7.5,D5_Tween_40,23
7.75,D5_Tween_40,22
8.0,D5_Tween_40,24
8.25,D5_Tween_40,20
8.5,D5_Tween_40,22
8.75,D5_Tween_40,22
9.0,D5_Tween_40,21
9.25,D5_Tween_40,23
9.5,D5_Tween_40,21
9.75,D5_Tween_40,28
10.0,D5_Tween_40,23
10.25,D5_Tween_40,24
10.5,D5_Tween_40,25
10.75,D5_Tween_40,26
11.0,D5_Tween_40,27
11.25,D5_Tween_40,25
11.5,D5_Tween_40,28
11.75,D5_Tween_40,30
12.0,D5_Tween_40,37
12.25,D5_Tween_40,36
12.5,D5_Tween_40,34
12.75,D5_Tween_40,36
13.0,D5_Tween_40,34
13.25,D5_Tween_40,37
13.5,D5_Tween_40,37
13.75,D5_Tween_40,45
14.0,D5_Tween_40,40
14.25,D5_Tween_40,44
14.5,D5_Tween_40,44
14.75,D5_Tween_40,43
15.0,D5_Tween_40,44
15.25,D5_Tween_40,49
15.5,D5_Tween_40,47
15.75,D5_Tween_40,47
16.0,D5_Tween_40,55
16.25,D5_Tween_40,52
16.5,D5_Tween_40,54
16.75,D5_Tween_40,52
17.0,D5_Tween_40,51
17.25,D5_Tween_40,55
17.5,D5_Tween_40,49
17.75,D5_Tween_40,54
18.0,D5_Tween_40,56
18.25,D5_Tween_40,64
18.5,D5_Tween_40,54
18.75,D5_Tween_40,59
19.0,D5_Tween_40,62
19.25,D5_Tween_40,63
19.5,D5_Tween_40,58
19.75,D5_Tween_40,62
20.0,D5_Tween_40,61
20.25,D5_Tween_40,58
20.5,D5_Tween_40,59
20.75,D5_Tween_40,66
21.0,D5_Tween_40,60
21.25,D5_Tween_40,62
21.5,D5_Tween_40,59
21.75,D5_Tween_40,59
22.0,D5_Tween_40,63
22.25,D5_Tween_40,59
22.5,D5_Tween_40,62
22.75,D5_Tween_40,61
23.0,D5_Tween_40,64
23.25,D5_Tween_40,64
23.5,D5_Tween_40,67
23.75,D5_Tween_40,66
24.0,D5_Tween_40,66
24.25,D5_Tween_40,65
24.5,D5_Tween_40,67
24.75,D5_Tween_40,63
25.0,D5_Tween_40,62
25.25,D5_Tween_40,63
25.5,D5_Tween_40,60
25.75,D5_Tween_40,67
26.0,D5_Tween_40,67
26.25,D5_Tween_40,69
26.5,D5_Tween_40,69
26.75,D5_Tween_40,61
27.0,D5_Tween_40,63
27.25,D5_Tween_40,63
27.5,D5_Tween_40,64
27.75,D5_Tween_40,66
28.0,D5_Tween_40,69
28.25,D5_Tween_40,63
28.5,D5_Tween_40,64
28.75,D5_Tween_40,67
29.0,D5_Tween_40,69
29.25,D5_Tween_40,63
29.5,D5_Tween_40,64
29.75,D5_Tween_40,65
30.0,D5_Tween_40,64
30.25,D5_Tween_40,67
30.5,D5_Tween_40,67
30.75,D5_Tween_40,72
31.0,D5_Tween_40,71
31.25,D5_Tween_40,66
31.5,D5_Tween_40,68
31.75,D5_Tween_40,65
32.0,D5_Tween_40,67
32.25,D5_Tween_40,68
32.5,D5_Tween_40,68
32.75,D5_Tween_40,67
33.0,D5_Tween_40,64
33.25,D5_Tween_40,68
33.5,D5_Tween_40,68
33.75,D5_Tween_40,67
34.0,D5_Tween_40,64
34.25,D5_Tween_40,65
34.5,D5_Tween_40,69
34.75,D5_Tween_40,64
35.0,D5_Tween_40,67
35.25,D5_Tween_40,69
35.5,D5_Tween_40,65
35.75,D5_Tween_40,68
36.0,D5_Tween_40,68
36.25,D5_Tween_40,66
36.5,D5_Tween_40,66
36.75,D5_Tween_40,69
37.0,D5_Tween_40,66
37.25,D5_Tween_40,65
37.5,D5_Tween_40,70
37.75,D5_Tween_40,71
38.0,D5_Tween_40,72
38.25,D5_Tween_40,67
38.5,D5_Tween_40,65
38.75,D5_Tween_40,68
39.0,D5_Tween_40,68
39.25,D5_Tween_40,67
39.5,D5_Tween_40,70
39.75,D5_Tween_40,69
40.0,D5_Tween_40,71
40.25,D5_Tween_40,71
40.5,D5_Tween_40,68
40.75,D5_Tween_40,72
41.0,D5_Tween_40,68
41.25,D5_Tween_40,65
41.5,D5_Tween_40,68
41.75,D5_Tween_40,69
42.0,D5_Tween_40,66
42.25,D5_Tween_40,67
42.5,D5_Tween_40,70
42.75,D5_Tween_40,69
43.0,D5_Tween_40,72
43.25,D5_Tween_40,67
43.5,D5_Tween_40,68
43.75,D5_Tween_40,68
44.0,D5_Tween_40,67
44.25,D5_Tween_40,70
44.5,D5_Tween_40,73
44.75,D5_Tween_40,69
45.0,D5_Tween_40,68
45.25,D5_Tween_40,68
45.5,D5_Tween_40,71
45.75,D5_Tween_40,68
46.0,D5_Tween_40,70
46.25,D5_Tween_40,69
46.5,D5_Tween_40,73
46.75,D5_Tween_40,71
47.0,D5_Tween_40,75
47.25,D5_Tween_40,71
47.5,D5_Tween_40,0
0.0,D6_a-Keto-Glutaric_Acid,20
0.25,D6_a-Keto-Glutaric_Acid,11
0.5,D6_a-Keto-Glutaric_Acid,11
0.75,D6_a-Keto-Glutaric_Acid,11
1.0,D6_a-Keto-Glutaric_Acid,11
1.25,D6_a-Keto-Glutaric_Acid,11
1.5,D6_a-Keto-Glutaric_Acid,13
1.75,D6_a-Keto-Glutaric_Acid,12
2.0,D6_a-Keto-Glutaric_Acid,11
2.25,D6_a-Keto-Glutaric_Acid,11
2.5,D6_a-Keto-Glutaric_Acid,11
2.75,D6_a-Keto-Glutaric_Acid,11
3.0,D6_a-Keto-Glutaric_Acid,11
3.25,D6_a-Keto-Glutaric_Acid,11
3.5,D6_a-Keto-Glutaric_Acid,11
3.75,D6_a-Keto-Glutaric_Acid,11
4.0,D6_a-Keto-Glutaric_Acid,11
4.25,D6_a-Keto-Glutaric_Acid,11
4.5,D6_a-Keto-Glutaric_Acid,11
4.75,D6_a-Keto-Glutaric_Acid,12
5.0,D6_a-Keto-Glutaric_Acid,11
5.25,D6_a-Keto-Glutaric_Acid,13
5.5,D6_a-Keto-Glutaric_Acid,13
5.75,D6_a-Keto-Glutaric_Acid,11
6.0,D6_a-Keto-Glutaric_Acid,11
6.25,D6_a-Keto-Glutaric_Acid,14
6.5,D6_a-Keto-Glutaric_Acid,17
6.75,D6_a-Keto-Glutaric_Acid,14
7.0,D6_a-Keto-Glutaric_Acid,15
7.25,D6_a-Keto-Glutaric_Acid,15
7.5,D6_a-Keto-Glutaric_Acid,22
7.75,D6_a-Keto-Glutaric_Acid,23
8.0,D6_a-Keto-Glutaric_Acid,22
8.25,D6_a-Keto-Glutaric_Acid,20
8.5,D6_a-Keto-Glutaric_Acid,17
8.75,D6_a-Keto-Glutaric_Acid,24
9.0,D6_a-Keto-Glutaric_Acid,20
9.25,D6_a-Keto-Glutaric_Acid,15
9.5,D6_a-Keto-Glutaric_Acid,20
9.75,D6_a-Keto-Glutaric_Acid,17
10.0,D6_a-Keto-Glutaric_Acid,22
10.25,D6_a-Keto-Glutaric_Acid,21
10.5,D6_a-Keto-Glutaric_Acid,21
10.75,D6_a-Keto-Glutaric_Acid,22
11.0,D6_a-Keto-Glutaric_Acid,21
11.25,D6_a-Keto-Glutaric_Acid,22
11.5,D6_a-Keto-Glutaric_Acid,22
11.75,D6_a-Keto-Glutaric_Acid,21
12.0,D6_a-Keto-Glutaric_Acid,23
12.25,D6_a-Keto-Glutaric_Acid,23
12.5,D6_a-Keto-Glutaric_Acid,20
12.75,D6_a-Keto-Glutaric_Acid,25
13.0,D6_a-Keto-Glutaric_Acid,22
13.25,D6_a-Keto-Glutaric_Acid,23
13.5,D6_a-Keto-Glutaric_Acid,23
13.75,D6_a-Keto-Glutaric_Acid,24
14.0,D6_a-Keto-Glutaric_Acid,24
14.25,D6_a-Keto-Glutaric_Acid,23
14.5,D6_a-Keto-Glutaric_Acid,21
14.75,D6_a-Keto-Glutaric_Acid,27
15.0,D6_a-Keto-Glutaric_Acid,25
15.25,D6_a-Keto-Glutaric_Acid,22
15.5,D6_a-Keto-Glutaric_Acid,23
15.75,D6_a-Keto-Glutaric_Acid,28
16.0,D6_a-Keto-Glutaric_Acid,28
16.25,D6_a-Keto-Glutaric_Acid,25
16.5,D6_a-Keto-Glutaric_Acid,26
16.75,D6_a-Keto-Glutaric_Acid,24
17.0,D6_a-Keto-Glutaric_Acid,27
17.25,D6_a-Keto-Glutaric_Acid,25
17.5,D6_a-Keto-Glutaric_Acid,27
17.75,D6_a-Keto-Glutaric_Acid,30
18.0,D6_a-Keto-Glutaric_Acid,30
18.25,D6_a-Keto-Glutaric_Acid,30
18.5,D6_a-Keto-Glutaric_Acid,32
18.75,D6_a-Keto-Glutaric_Acid,27
19.0,D6_a-Keto-Glutaric_Acid,29
19.25,D6_a-Keto-Glutaric_Acid,31
19.5,D6_a-Keto-Glutaric_Acid,26
19.75,D6_a-Keto-Glutaric_Acid,32
20.0,D6_a-Keto-Glutaric_Acid,30
20.25,D6_a-Keto-Glutaric_Acid,30
20.5,D6_a-Keto-Glutaric_Acid,30
20.75,D6_a-Keto-Glutaric_Acid,30
21.0,D6_a-Keto-Glutaric_Acid,34
21.25,D6_a-Keto-Glutaric_Acid,32
21.5,D6_a-Keto-Glutaric_Acid,33
21.75,D6_a-Keto-Glutaric_Acid,30
22.0,D6_a-Keto-Glutaric_Acid,32
22.25,D6_a-Keto-Glutaric_Acid,35
22.5,D6_a-Keto-Glutaric_Acid,36
22.75,D6_a-Keto-Glutaric_Acid,34
23.0,D6_a-Keto-Glutaric_Acid,37
23.25,D6_a-Keto-Glutaric_Acid,37
23.5,D6_a-Keto-Glutaric_Acid,37
23.75,D6_a-Keto-Glutaric_Acid,34
24.0,D6_a-Keto-Glutaric_Acid,37
24.25,D6_a-Keto-Glutaric_Acid,34
24.5,D6_a-Keto-Glutaric_Acid,34
24.75,D6_a-Keto-Glutaric_Acid,36
25.0,D6_a-Keto-Glutaric_Acid,36
25.25,D6_a-Keto-Glutaric_Acid,34
25.5,D6_a-Keto-Glutaric_Acid,35
25.75,D6_a-Keto-Glutaric_Acid,39
26.0,D6_a-Keto-Glutaric_Acid,36
26.25,D6_a-Keto-Glutaric_Acid,37
26.5,D6_a-Keto-Glutaric_Acid,41
26.75,D6_a-Keto-Glutaric_Acid,37
27.0,D6_a-Keto-Glutaric_Acid,38
27.25,D6_a-Keto-Glutaric_Acid,40
27.5,D6_a-Keto-Glutaric_Acid,39
27.75,D6_a-Keto-Glutaric_Acid,34
28.0,D6_a-Keto-Glutaric_Acid,38
28.25,D6_a-Keto-Glutaric_Acid,38
28.5,D6_a-Keto-Glutaric_Acid,46
28.75,D6_a-Keto-Glutaric_Acid,45
29.0,D6_a-Keto-Glutaric_Acid,45
29.25,D6_a-Keto-Glutaric_Acid,39
29.5,D6_a-Keto-Glutaric_Acid,39
29.75,D6_a-Keto-Glutaric_Acid,44
30.0,D6_a-Keto-Glutaric_Acid,41
30.25,D6_a-Keto-Glutaric_Acid,44
30.5,D6_a-Keto-Glutaric_Acid,41
30.75,D6_a-Keto-Glutaric_Acid,43
31.0,D6_a-Keto-Glutaric_Acid,46
31.25,D6_a-Keto-Glutaric_Acid,40
31.5,D6_a-Keto-Glutaric_Acid,43
31.75,D6_a-Keto-Glutaric_Acid,42
32.0,D6_a-Keto-Glutaric_Acid,49
32.25,D6_a-Keto-Glutaric_Acid,47
32.5,D6_a-Keto-Glutaric_Acid,45
32.75,D6_a-Keto-Glutaric_Acid,44
33.0,D6_a-Keto-Glutaric_Acid,43
33.25,D6_a-Keto-Glutaric_Acid,50
33.5,D6_a-Keto-Glutaric_Acid,51
33.75,D6_a-Keto-Glutaric_Acid,48
34.0,D6_a-Keto-Glutaric_Acid,49
34.25,D6_a-Keto-Glutaric_Acid,48
34.5,D6_a-Keto-Glutaric_Acid,45
34.75,D6_a-Keto-Glutaric_Acid,45
35.0,D6_a-Keto-Glutaric_Acid,48
35.25,D6_a-Keto-Glutaric_Acid,47
35.5,D6_a-Keto-Glutaric_Acid,48
35.75,D6_a-Keto-Glutaric_Acid,51
36.0,D6_a-Keto-Glutaric_Acid,52
36.25,D6_a-Keto-Glutaric_Acid,50
36.5,D6_a-Keto-Glutaric_Acid,46
36.75,D6_a-Keto-Glutaric_Acid,51
37.0,D6_a-Keto-Glutaric_Acid,52
37.25,D6_a-Keto-Glutaric_Acid,49
37.5,D6_a-Keto-Glutaric_Acid,49
37.75,D6_a-Keto-Glutaric_Acid,48
38.0,D6_a-Keto-Glutaric_Acid,54
38.25,D6_a-Keto-Glutaric_Acid,56
38.5,D6_a-Keto-Glutaric_Acid,52
38.75,D6_a-Keto-Glutaric_Acid,51
39.0,D6_a-Keto-Glutaric_Acid,51
39.25,D6_a-Keto-Glutaric_Acid,51
39.5,D6_a-Keto-Glutaric_Acid,52
39.75,D6_a-Keto-Glutaric_Acid,53
40.0,D6_a-Keto-Glutaric_Acid,54
40.25,D6_a-Keto-Glutaric_Acid,54
40.5,D6_a-Keto-Glutaric_Acid,55
40.75,D6_a-Keto-Glutaric_Acid,57
41.0,D6_a-Keto-Glutaric_Acid,56
41.25,D6_a-Keto-Glutaric_Acid,58
41.5,D6_a-Keto-Glutaric_Acid,60
41.75,D6_a-Keto-Glutaric_Acid,57
42.0,D6_a-Keto-Glutaric_Acid,59
42.25,D6_a-Keto-Glutaric_Acid,53
42.5,D6_a-Keto-Glutaric_Acid,59
42.75,D6_a-Keto-Glutaric_Acid,57
43.0,D6_a-Keto-Glutaric_Acid,56
43.25,D6_a-Keto-Glutaric_Acid,57
43.5,D6_a-Keto-Glutaric_Acid,58
43.75,D6_a-Keto-Glutaric_Acid,58
44.0,D6_a-Keto-Glutaric_Acid,63
44.25,D6_a-Keto-Glutaric_Acid,56
44.5,D6_a-Keto-Glutaric_Acid,54
44.75,D6_a-Keto-Glutaric_Acid,61
45.0,D6_a-Keto-Glutaric_Acid,59
45.25,D6_a-Keto-Glutaric_Acid,60
45.5,D6_a-Keto-Glutaric_Acid,64
45.75,D6_a-Keto-Glutaric_Acid,59
46.0,D6_a-Keto-Glutaric_Acid,59
46.25,D6_a-Keto-Glutaric_Acid,61
46.5,D6_a-Keto-Glutaric_Acid,67
46.75,D6_a-Keto-Glutaric_Acid,62
47.0,D6_a-Keto-Glutaric_Acid,63
47.25,D6_a-Keto-Glutaric_Acid,67
47.5,D6_a-Keto-Glutaric_Acid,0
0.0,D7_a-Keto-Butyric_Acid,21
0.25,D7_a-Keto-Butyric_Acid,18
0.5,D7_a-Keto-Butyric_Acid,11
0.75,D7_a-Keto-Butyric_Acid,14
1.0,D7_a-Keto-Butyric_Acid,15
1.25,D7_a-Keto-Butyric_Acid,11
1.5,D7_a-Keto-Butyric_Acid,12
1.75,D7_a-Keto-Butyric_Acid,13
2.0,D7_a-Keto-Butyric_Acid,12
2.25,D7_a-Keto-Butyric_Acid,11
2.5,D7_a-Keto-Butyric_Acid,11
2.75,D7_a-Keto-Butyric_Acid,13
3.0,D7_a-Keto-Butyric_Acid,11
3.25,D7_a-Keto-Butyric_Acid,11
3.5,D7_a-Keto-Butyric_Acid,11
3.75,D7_a-Keto-Butyric_Acid,11
4.0,D7_a-Keto-Butyric_Acid,11
4.25,D7_a-Keto-Butyric_Acid,11
4.5,D7_a-Keto-Butyric_Acid,11
4.75,D7_a-Keto-Butyric_Acid,11
5.0,D7_a-Keto-Butyric_Acid,11
5.25,D7_a-Keto-Butyric_Acid,11
5.5,D7_a-Keto-Butyric_Acid,11
5.75,D7_a-Keto-Butyric_Acid,11
6.0,D7_a-Keto-Butyric_Acid,11
6.25,D7_a-Keto-Butyric_Acid,11
6.5,D7_a-Keto-Butyric_Acid,11
6.75,D7_a-Keto-Butyric_Acid,11
7.0,D7_a-Keto-Butyric_Acid,14
7.25,D7_a-Keto-Butyric_Acid,13
7.5,D7_a-Keto-Butyric_Acid,11
7.75,D7_a-Keto-Butyric_Acid,12
8.0,D7_a-Keto-Butyric_Acid,13
8.25,D7_a-Keto-Butyric_Acid,14
8.5,D7_a-Keto-Butyric_Acid,12
8.75,D7_a-Keto-Butyric_Acid,15
9.0,D7_a-Keto-Butyric_Acid,11
9.25,D7_a-Keto-Butyric_Acid,14
9.5,D7_a-Keto-Butyric_Acid,16
9.75,D7_a-Keto-Butyric_Acid,16
10.0,D7_a-Keto-Butyric_Acid,11
10.25,D7_a-Keto-Butyric_Acid,13
10.5,D7_a-Keto-Butyric_Acid,12
10.75,D7_a-Keto-Butyric_Acid,14
11.0,D7_a-Keto-Butyric_Acid,13
11.25,D7_a-Keto-Butyric_Acid,12
11.5,D7_a-Keto-Butyric_Acid,15
11.75,D7_a-Keto-Butyric_Acid,17
12.0,D7_a-Keto-Butyric_Acid,15
12.25,D7_a-Keto-Butyric_Acid,14
12.5,D7_a-Keto-Butyric_Acid,14
12.75,D7_a-Keto-Butyric_Acid,15
13.0,D7_a-Keto-Butyric_Acid,19
13.25,D7_a-Keto-Butyric_Acid,19
13.5,D7_a-Keto-Butyric_Acid,19
13.75,D7_a-Keto-Butyric_Acid,19
14.0,D7_a-Keto-Butyric_Acid,15
14.25,D7_a-Keto-Butyric_Acid,17
14.5,D7_a-Keto-Butyric_Acid,13
14.75,D7_a-Keto-Butyric_Acid,19
15.0,D7_a-Keto-Butyric_Acid,13
15.25,D7_a-Keto-Butyric_Acid,16
15.5,D7_a-Keto-Butyric_Acid,13
15.75,D7_a-Keto-Butyric_Acid,16
16.0,D7_a-Keto-Butyric_Acid,19
16.25,D7_a-Keto-Butyric_Acid,19
16.5,D7_a-Keto-Butyric_Acid,19
16.75,D7_a-Keto-Butyric_Acid,18
17.0,D7_a-Keto-Butyric_Acid,15
17.25,D7_a-Keto-Butyric_Acid,16
17.5,D7_a-Keto-Butyric_Acid,14
17.75,D7_a-Keto-Butyric_Acid,18
18.0,D7_a-Keto-Butyric_Acid,16
18.25,D7_a-Keto-Butyric_Acid,17
18.5,D7_a-Keto-Butyric_Acid,18
18.75,D7_a-Keto-Butyric_Acid,18
19.0,D7_a-Keto-Butyric_Acid,19
19.25,D7_a-Keto-Butyric_Acid,15
19.5,D7_a-Keto-Butyric_Acid,16
19.75,D7_a-Keto-Butyric_Acid,18
20.0,D7_a-Keto-Butyric_Acid,20
20.25,D7_a-Keto-Butyric_Acid,18
20.5,D7_a-Keto-Butyric_Acid,15
20.75,D7_a-Keto-Butyric_Acid,19
21.0,D7_a-Keto-Butyric_Acid,13
21.25,D7_a-Keto-Butyric_Acid,13
21.5,D7_a-Keto-Butyric_Acid,17
21.75,D7_a-Keto-Butyric_Acid,13
22.0,D7_a-Keto-Butyric_Acid,21
22.25,D7_a-Keto-Butyric_Acid,17
22.5,D7_a-Keto-Butyric_Acid,17
22.75,D7_a-Keto-Butyric_Acid,16
23.0,D7_a-Keto-Butyric_Acid,16
23.25,D7_a-Keto-Butyric_Acid,20
23.5,D7_a-Keto-Butyric_Acid,23
23.75,D7_a-Keto-Butyric_Acid,20
24.0,D7_a-Keto-Butyric_Acid,19
24.25,D7_a-Keto-Butyric_Acid,25
24.5,D7_a-Keto-Butyric_Acid,28
24.75,D7_a-Keto-Butyric_Acid,23
25.0,D7_a-Keto-Butyric_Acid,21
25.25,D7_a-Keto-Butyric_Acid,20
25.5,D7_a-Keto-Butyric_Acid,24
25.75,D7_a-Keto-Butyric_Acid,25
26.0,D7_a-Keto-Butyric_Acid,26
26.25,D7_a-Keto-Butyric_Acid,22
26.5,D7_a-Keto-Butyric_Acid,28
26.75,D7_a-Keto-Butyric_Acid,24
27.0,D7_a-Keto-Butyric_Acid,22
27.25,D7_a-Keto-Butyric_Acid,23
27.5,D7_a-Keto-Butyric_Acid,20
27.75,D7_a-Keto-Butyric_Acid,28
28.0,D7_a-Keto-Butyric_Acid,22
28.25,D7_a-Keto-Butyric_Acid,25
28.5,D7_a-Keto-Butyric_Acid,23
28.75,D7_a-Keto-Butyric_Acid,29
29.0,D7_a-Keto-Butyric_Acid,27
29.25,D7_a-Keto-Butyric_Acid,25
29.5,D7_a-Keto-Butyric_Acid,26
29.75,D7_a-Keto-Butyric_Acid,29
30.0,D7_a-Keto-Butyric_Acid,24
30.25,D7_a-Keto-Butyric_Acid,27
30.5,D7_a-Keto-Butyric_Acid,26
30.75,D7_a-Keto-Butyric_Acid,25
31.0,D7_a-Keto-Butyric_Acid,26
31.25,D7_a-Keto-Butyric_Acid,29
31.5,D7_a-Keto-Butyric_Acid,33
31.75,D7_a-Keto-Butyric_Acid,32
32.0,D7_a-Keto-Butyric_Acid,34
32.25,D7_a-Keto-Butyric_Acid,29
32.5,D7_a-Keto-Butyric_Acid,31
32.75,D7_a-Keto-Butyric_Acid,29
33.0,D7_a-Keto-Butyric_Acid,28
33.25,D7_a-Keto-Butyric_Acid,35
33.5,D7_a-Keto-Butyric_Acid,33
33.75,D7_a-Keto-Butyric_Acid,37
34.0,D7_a-Keto-Butyric_Acid,30
34.25,D7_a-Keto-Butyric_Acid,31
34.5,D7_a-Keto-Butyric_Acid,29
34.75,D7_a-Keto-Butyric_Acid,36
35.0,D7_a-Keto-Butyric_Acid,38
35.25,D7_a-Keto-Butyric_Acid,38
35.5,D7_a-Keto-Butyric_Acid,39
35.75,D7_a-Keto-Butyric_Acid,38
36.0,D7_a-Keto-Butyric_Acid,36
36.25,D7_a-Keto-Butyric_Acid,36
36.5,D7_a-Keto-Butyric_Acid,37
36.75,D7_a-Keto-Butyric_Acid,43
37.0,D7_a-Keto-Butyric_Acid,39
37.25,D7_a-Keto-Butyric_Acid,37
37.5,D7_a-Keto-Butyric_Acid,39
37.75,D7_a-Keto-Butyric_Acid,43
38.0,D7_a-Keto-Butyric_Acid,41
38.25,D7_a-Keto-Butyric_Acid,34
38.5,D7_a-Keto-Butyric_Acid,42
38.75,D7_a-Keto-Butyric_Acid,42
39.0,D7_a-Keto-Butyric_Acid,37
39.25,D7_a-Keto-Butyric_Acid,46
39.5,D7_a-Keto-Butyric_Acid,40
39.75,D7_a-Keto-Butyric_Acid,40
40.0,D7_a-Keto-Butyric_Acid,41
40.25,D7_a-Keto-Butyric_Acid,43
40.5,D7_a-Keto-Butyric_Acid,46
40.75,D7_a-Keto-Butyric_Acid,42
41.0,D7_a-Keto-Butyric_Acid,40
41.25,D7_a-Keto-Butyric_Acid,44
41.5,D7_a-Keto-Butyric_Acid,42
41.75,D7_a-Keto-Butyric_Acid,45
42.0,D7_a-Keto-Butyric_Acid,43
42.25,D7_a-Keto-Butyric_Acid,48
42.5,D7_a-Keto-Butyric_Acid,41
42.75,D7_a-Keto-Butyric_Acid,46
43.0,D7_a-Keto-Butyric_Acid,47
43.25,D7_a-Keto-Butyric_Acid,44
43.5,D7_a-Keto-Butyric_Acid,45
43.75,D7_a-Keto-Butyric_Acid,42
44.0,D7_a-Keto-Butyric_Acid,49
44.25,D7_a-Keto-Butyric_Acid,46
44.5,D7_a-Keto-Butyric_Acid,43
44.75,D7_a-Keto-Butyric_Acid,49
45.0,D7_a-Keto-Butyric_Acid,49
45.25,D7_a-Keto-Butyric_Acid,47
45.5,D7_a-Keto-Butyric_Acid,52
45.75,D7_a-Keto-Butyric_Acid,47
46.0,D7_a-Keto-Butyric_Acid,51
46.25,D7_a-Keto-Butyric_Acid,52
46.5,D7_a-Keto-Butyric_Acid,52
46.75,D7_a-Keto-Butyric_Acid,55
47.0,D7_a-Keto-Butyric_Acid,50
47.25,D7_a-Keto-Butyric_Acid,52
47.5,D7_a-Keto-Butyric_Acid,0
0.0,D8_a-Methyl-D_Galactoside,20
0.25,D8_a-Methyl-D_Galactoside,11
0.5,D8_a-Methyl-D_Galactoside,13
0.75,D8_a-Methyl-D_Galactoside,13
1.0,D8_a-Methyl-D_Galactoside,11
1.25,D8_a-Methyl-D_Galactoside,13
1.5,D8_a-Methyl-D_Galactoside,11
1.75,D8_a-Methyl-D_Galactoside,11
2.0,D8_a-Methyl-D_Galactoside,12
2.25,D8_a-Methyl-D_Galactoside,11
2.5,D8_a-Methyl-D_Galactoside,11
2.75,D8_a-Methyl-D_Galactoside,13
3.0,D8_a-Methyl-D_Galactoside,11
3.25,D8_a-Methyl-D_Galactoside,11
3.5,D8_a-Methyl-D_Galactoside,11
3.75,D8_a-Methyl-D_Galactoside,14
4.0,D8_a-Methyl-D_Galactoside,11
4.25,D8_a-Methyl-D_Galactoside,11
4.5,D8_a-Methyl-D_Galactoside,11
4.75,D8_a-Methyl-D_Galactoside,16
5.0,D8_a-Methyl-D_Galactoside,14
5.25,D8_a-Methyl-D_Galactoside,13
5.5,D8_a-Methyl-D_Galactoside,14
5.75,D8_a-Methyl-D_Galactoside,14
6.0,D8_a-Methyl-D_Galactoside,15
6.25,D8_a-Methyl-D_Galactoside,16
6.5,D8_a-Methyl-D_Galactoside,16
6.75,D8_a-Methyl-D_Galactoside,16
7.0,D8_a-Methyl-D_Galactoside,20
7.25,D8_a-Methyl-D_Galactoside,20
7.5,D8_a-Methyl-D_Galactoside,17
7.75,D8_a-Methyl-D_Galactoside,22
8.0,D8_a-Methyl-D_Galactoside,21
8.25,D8_a-Methyl-D_Galactoside,20
8.5,D8_a-Methyl-D_Galactoside,23
8.75,D8_a-Methyl-D_Galactoside,21
9.0,D8_a-Methyl-D_Galactoside,21
9.25,D8_a-Methyl-D_Galactoside,17
9.5,D8_a-Methyl-D_Galactoside,20
9.75,D8_a-Methyl-D_Galactoside,20
10.0,D8_a-Methyl-D_Galactoside,23
10.25,D8_a-Methyl-D_Galactoside,21
10.5,D8_a-Methyl-D_Galactoside,23
10.75,D8_a-Methyl-D_Galactoside,21
11.0,D8_a-Methyl-D_Galactoside,19
11.25,D8_a-Methyl-D_Galactoside,19
11.5,D8_a-Methyl-D_Galactoside,19
11.75,D8_a-Methyl-D_Galactoside,23
12.0,D8_a-Methyl-D_Galactoside,16
12.25,D8_a-Methyl-D_Galactoside,23
12.5,D8_a-Methyl-D_Galactoside,19
12.75,D8_a-Methyl-D_Galactoside,18
13.0,D8_a-Methyl-D_Galactoside,18
13.25,D8_a-Methyl-D_Galactoside,19
13.5,D8_a-Methyl-D_Galactoside,15
13.75,D8_a-Methyl-D_Galactoside,19
14.0,D8_a-Methyl-D_Galactoside,19
14.25,D8_a-Methyl-D_Galactoside,21
14.5,D8_a-Methyl-D_Galactoside,21
14.75,D8_a-Methyl-D_Galactoside,18
15.0,D8_a-Methyl-D_Galactoside,18
15.25,D8_a-Methyl-D_Galactoside,21
15.5,D8_a-Methyl-D_Galactoside,20
15.75,D8_a-Methyl-D_Galactoside,17
16.0,D8_a-Methyl-D_Galactoside,21
16.25,D8_a-Methyl-D_Galactoside,19
16.5,D8_a-Methyl-D_Galactoside,20
16.75,D8_a-Methyl-D_Galactoside,17
17.0,D8_a-Methyl-D_Galactoside,22
17.25,D8_a-Methyl-D_Galactoside,16
17.5,D8_a-Methyl-D_Galactoside,16
17.75,D8_a-Methyl-D_Galactoside,22
18.0,D8_a-Methyl-D_Galactoside,24
18.25,D8_a-Methyl-D_Galactoside,24
18.5,D8_a-Methyl-D_Galactoside,24
18.75,D8_a-Methyl-D_Galactoside,24
19.0,D8_a-Methyl-D_Galactoside,19
19.25,D8_a-Methyl-D_Galactoside,21
19.5,D8_a-Methyl-D_Galactoside,19
19.75,D8_a-Methyl-D_Galactoside,23
20.0,D8_a-Methyl-D_Galactoside,20
20.25,D8_a-Methyl-D_Galactoside,20
20.5,D8_a-Methyl-D_Galactoside,24
20.75,D8_a-Methyl-D_Galactoside,24
21.0,D8_a-Methyl-D_Galactoside,24
21.25,D8_a-Methyl-D_Galactoside,23
21.5,D8_a-Methyl-D_Galactoside,22
21.75,D8_a-Methyl-D_Galactoside,17
22.0,D8_a-Methyl-D_Galactoside,24
22.25,D8_a-Methyl-D_Galactoside,23
22.5,D8_a-Methyl-D_Galactoside,23
22.75,D8_a-Methyl-D_Galactoside,22
23.0,D8_a-Methyl-D_Galactoside,22
23.25,D8_a-Methyl-D_Galactoside,23
23.5,D8_a-Methyl-D_Galactoside,21
23.75,D8_a-Methyl-D_Galactoside,24
24.0,D8_a-Methyl-D_Galactoside,25
24.25,D8_a-Methyl-D_Galactoside,22
24.5,D8_a-Methyl-D_Galactoside,24
24.75,D8_a-Methyl-D_Galactoside,26
25.0,D8_a-Methyl-D_Galactoside,22
25.25,D8_a-Methyl-D_Galactoside,21
25.5,D8_a-Methyl-D_Galactoside,20
25.75,D8_a-Methyl-D_Galactoside,22
26.0,D8_a-Methyl-D_Galactoside,19
26.25,D8_a-Methyl-D_Galactoside,28
26.5,D8_a-Methyl-D_Galactoside,20
26.75,D8_a-Methyl-D_Galactoside,21
27.0,D8_a-Methyl-D_Galactoside,25
27.25,D8_a-Methyl-D_Galactoside,23
27.5,D8_a-Methyl-D_Galactoside,25
27.75,D8_a-Methyl-D_Galactoside,24
28.0,D8_a-Methyl-D_Galactoside,23
28.25,D8_a-Methyl-D_Galactoside,25
28.5,D8_a-Methyl-D_Galactoside,22
28.75,D8_a-Methyl-D_Galactoside,24
29.0,D8_a-Methyl-D_Galactoside,23
29.25,D8_a-Methyl-D_Galactoside,24
29.5,D8_a-Methyl-D_Galactoside,22
29.75,D8_a-Methyl-D_Galactoside,24
30.0,D8_a-Methyl-D_Galactoside,23
30.25,D8_a-Methyl-D_Galactoside,22
30.5,D8_a-Methyl-D_Galactoside,20
30.75,D8_a-Methyl-D_Galactoside,23
31.0,D8_a-Methyl-D_Galactoside,23
31.25,D8_a-Methyl-D_Galactoside,24
31.5,D8_a-Methyl-D_Galactoside,26
31.75,D8_a-Methyl-D_Galactoside,24
32.0,D8_a-Methyl-D_Galactoside,27
32.25,D8_a-Methyl-D_Galactoside,25
32.5,D8_a-Methyl-D_Galactoside,26
32.75,D8_a-Methyl-D_Galactoside,28
33.0,D8_a-Methyl-D_Galactoside,21
33.25,D8_a-Methyl-D_Galactoside,22
33.5,D8_a-Methyl-D_Galactoside,21
33.75,D8_a-Methyl-D_Galactoside,23
34.0,D8_a-Methyl-D_Galactoside,25
34.25,D8_a-Methyl-D_Galactoside,23
34.5,D8_a-Methyl-D_Galactoside,27
34.75,D8_a-Methyl-D_Galactoside,24
35.0,D8_a-Methyl-D_Galactoside,26
35.25,D8_a-Methyl-D_Galactoside,26
35.5,D8_a-Methyl-D_Galactoside,26
35.75,D8_a-Methyl-D_Galactoside,26
36.0,D8_a-Methyl-D_Galactoside,26
36.25,D8_a-Methyl-D_Galactoside,28
36.5,D8_a-Methyl-D_Galactoside,27
36.75,D8_a-Methyl-D_Galactoside,30
37.0,D8_a-Methyl-D_Galactoside,27
37.25,D8_a-Methyl-D_Galactoside,23
37.5,D8_a-Methyl-D_Galactoside,25
37.75,D8_a-Methyl-D_Galactoside,29
38.0,D8_a-Methyl-D_Galactoside,28
38.25,D8_a-Methyl-D_Galactoside,24
38.5,D8_a-Methyl-D_Galactoside,23
38.75,D8_a-Methyl-D_Galactoside,27
39.0,D8_a-Methyl-D_Galactoside,30
39.25,D8_a-Methyl-D_Galactoside,27
39.5,D8_a-Methyl-D_Galactoside,27
39.75,D8_a-Methyl-D_Galactoside,22
40.0,D8_a-Methyl-D_Galactoside,26
40.25,D8_a-Methyl-D_Galactoside,28
40.5,D8_a-Methyl-D_Galactoside,23
40.75,D8_a-Methyl-D_Galactoside,24
41.0,D8_a-Methyl-D_Galactoside,29
41.25,D8_a-Methyl-D_Galactoside,28
41.5,D8_a-Methyl-D_Galactoside,23
41.75,D8_a-Methyl-D_Galactoside,25
42.0,D8_a-Methyl-D_Galactoside,22
42.25,D8_a-Methyl-D_Galactoside,25
42.5,D8_a-Methyl-D_Galactoside,26
42.75,D8_a-Methyl-D_Galactoside,26
43.0,D8_a-Methyl-D_Galactoside,27
43.25,D8_a-Methyl-D_Galactoside,26
43.5,D8_a-Methyl-D_Galactoside,27
43.75,D8_a-Methyl-D_Galactoside,26
44.0,D8_a-Methyl-D_Galactoside,30
44.25,D8_a-Methyl-D_Galactoside,27
44.5,D8_a-Methyl-D_Galactoside,29
44.75,D8_a-Methyl-D_Galactoside,22
45.0,D8_a-Methyl-D_Galactoside,21
45.25,D8_a-Methyl-D_Galactoside,28
45.5,D8_a-Methyl-D_Galactoside,24
45.75,D8_a-Methyl-D_Galactoside,27
46.0,D8_a-Methyl-D_Galactoside,28
46.25,D8_a-Methyl-D_Galactoside,27
46.5,D8_a-Methyl-D_Galactoside,27
46.75,D8_a-Methyl-D_Galactoside,26
47.0,D8_a-Methyl-D_Galactoside,25
47.25,D8_a-Methyl-D_Galactoside,29
47.5,D8_a-Methyl-D_Galactoside,0
0.0,D9_a-D-Lactose,40
0.25,D9_a-D-Lactose,11
0.5,D9_a-D-Lactose,12
0.75,D9_a-D-Lactose,11
1.0,D9_a-D-Lactose,11
1.25,D9_a-D-Lactose,13
1.5,D9_a-D-Lactose,13
1.75,D9_a-D-Lactose,12
2.0,D9_a-D-Lactose,14
2.25,D9_a-D-Lactose,11
2.5,D9_a-D-Lactose,11
2.75,D9_a-D-Lactose,11
3.0,D9_a-D-Lactose,13
3.25,D9_a-D-Lactose,11
3.5,D9_a-D-Lactose,13
3.75,D9_a-D-Lactose,11
4.0,D9_a-D-Lactose,11
4.25,D9_a-D-Lactose,12
4.5,D9_a-D-Lactose,11
4.75,D9_a-D-Lactose,11
5.0,D9_a-D-Lactose,11
5.25,D9_a-D-Lactose,11
5.5,D9_a-D-Lactose,11
5.75,D9_a-D-Lactose,14
6.0,D9_a-D-Lactose,13
6.25,D9_a-D-Lactose,11
6.5,D9_a-D-Lactose,15
6.75,D9_a-D-Lactose,17
7.0,D9_a-D-Lactose,14
7.25,D9_a-D-Lactose,19
7.5,D9_a-D-Lactose,18
7.75,D9_a-D-Lactose,17
8.0,D9_a-D-Lactose,18
8.25,D9_a-D-Lactose,17
8.5,D9_a-D-Lactose,18
8.75,D9_a-D-Lactose,18
9.0,D9_a-D-Lactose,20
9.25,D9_a-D-Lactose,18
9.5,D9_a-D-Lactose,22
9.75,D9_a-D-Lactose,18
10.0,D9_a-D-Lactose,23
10.25,D9_a-D-Lactose,20
10.5,D9_a-D-Lactose,20
10.75,D9_a-D-Lactose,15
11.0,D9_a-D-Lactose,28
11.25,D9_a-D-Lactose,23
11.5,D9_a-D-Lactose,34
11.75,D9_a-D-Lactose,30
12.0,D9_a-D-Lactose,27
12.25,D9_a-D-Lactose,32
12.5,D9_a-D-Lactose,34
12.75,D9_a-D-Lactose,35
13.0,D9_a-D-Lactose,35
13.25,D9_a-D-Lactose,36
13.5,D9_a-D-Lactose,37
13.75,D9_a-D-Lactose,45
14.0,D9_a-D-Lactose,44
14.25,D9_a-D-Lactose,52
14.5,D9_a-D-Lactose,52
14.75,D9_a-D-Lactose,55
15.0,D9_a-D-Lactose,62
15.25,D9_a-D-Lactose,64
15.5,D9_a-D-Lactose,72
15.75,D9_a-D-Lactose,73
16.0,D9_a-D-Lactose,75
16.25,D9_a-D-Lactose,80
16.5,D9_a-D-Lactose,82
16.75,D9_a-D-Lactose,90
17.0,D9_a-D-Lactose,93
17.25,D9_a-D-Lactose,98
17.5,D9_a-D-Lactose,99
17.75,D9_a-D-Lactose,105
18.0,D9_a-D-Lactose,113
18.25,D9_a-D-Lactose,122
18.5,D9_a-D-Lactose,121
18.75,D9_a-D-Lactose,130
19.0,D9_a-D-Lactose,131
19.25,D9_a-D-Lactose,133
19.5,D9_a-D-Lactose,137
19.75,D9_a-D-Lactose,147
20.0,D9_a-D-Lactose,150
20.25,D9_a-D-Lactose,154
20.5,D9_a-D-Lactose,160
20.75,D9_a-D-Lactose,165
21.0,D9_a-D-Lactose,167
21.25,D9_a-D-Lactose,170
21.5,D9_a-D-Lactose,179
21.75,D9_a-D-Lactose,176
22.0,D9_a-D-Lactose,183
22.25,D9_a-D-Lactose,186
22.5,D9_a-D-Lactose,188
22.75,D9_a-D-Lactose,193
23.0,D9_a-D-Lactose,203
23.25,D9_a-D-Lactose,201
23.5,D9_a-D-Lactose,202
23.75,D9_a-D-Lactose,209
24.0,D9_a-D-Lactose,210
24.25,D9_a-D-Lactose,216
24.5,D9_a-D-Lactose,215
24.75,D9_a-D-Lactose,218
25.0,D9_a-D-Lactose,222
25.25,D9_a-D-Lactose,228
25.5,D9_a-D-Lactose,230
25.75,D9_a-D-Lactose,231
26.0,D9_a-D-Lactose,234
26.25,D9_a-D-Lactose,230
26.5,D9_a-D-Lactose,238
26.75,D9_a-D-Lactose,241
27.0,D9_a-D-Lactose,239
27.25,D9_a-D-Lactose,240
27.5,D9_a-D-Lactose,245
27.75,D9_a-D-Lactose,244
28.0,D9_a-D-Lactose,248
28.25,D9_a-D-Lactose,252
28.5,D9_a-D-Lactose,251
28.75,D9_a-D-Lactose,251
29.0,D9_a-D-Lactose,254
29.25,D9_a-D-Lactose,252
29.5,D9_a-D-Lactose,256
29.75,D9_a-D-Lactose,259
30.0,D9_a-D-Lactose,256
30.25,D9_a-D-Lactose,255
30.5,D9_a-D-Lactose,258
30.75,D9_a-D-Lactose,262
31.0,D9_a-D-Lactose,264
31.25,D9_a-D-Lactose,260
31.5,D9_a-D-Lactose,265
31.75,D9_a-D-Lactose,264
32.0,D9_a-D-Lactose,269
32.25,D9_a-D-Lactose,268
32.5,D9_a-D-Lactose,269
32.75,D9_a-D-Lactose,270
33.0,D9_a-D-Lactose,269
33.25,D9_a-D-Lactose,273
33.5,D9_a-D-Lactose,272
33.75,D9_a-D-Lactose,274
34.0,D9_a-D-Lactose,271
34.25,D9_a-D-Lactose,274
34.5,D9_a-D-Lactose,274
34.75,D9_a-D-Lactose,276
35.0,D9_a-D-Lactose,274
35.25,D9_a-D-Lactose,275
35.5,D9_a-D-Lactose,274
35.75,D9_a-D-Lactose,281
36.0,D9_a-D-Lactose,280
36.25,D9_a-D-Lactose,277
36.5,D9_a-D-Lactose,278
36.75,D9_a-D-Lactose,279
37.0,D9_a-D-Lactose,280
37.25,D9_a-D-Lactose,282
37.5,D9_a-D-Lactose,278
37.75,D9_a-D-Lactose,281
38.0,D9_a-D-Lactose,278
38.25,D9_a-D-Lactose,280
38.5,D9_a-D-Lactose,282
38.75,D9_a-D-Lactose,281
39.0,D9_a-D-Lactose,281
39.25,D9_a-D-Lactose,279
39.5,D9_a-D-Lactose,281
39.75,D9_a-D-Lactose,281
40.0,D9_a-D-Lactose,283
40.25,D9_a-D-Lactose,280
40.5,D9_a-D-Lactose,283
40.75,D9_a-D-Lactose,284
41.0,D9_a-D-Lactose,284
41.25,D9_a-D-Lactose,281
41.5,D9_a-D-Lactose,282
41.75,D9_a-D-Lactose,282
42.0,D9_a-D-Lactose,283
42.25,D9_a-D-Lactose,286
42.5,D9_a-D-Lactose,284
42.75,D9_a-D-Lactose,285
43.0,D9_a-D-Lactose,285
43.25,D9_a-D-Lactose,281
43.5,D9_a-D-Lactose,282
43.75,D9_a-D-Lactose,285
44.0,D9_a-D-Lactose,283
44.25,D9_a-D-Lactose,284
44.5,D9_a-D-Lactose,283
44.75,D9_a-D-Lactose,287
45.0,D9_a-D-Lactose,284
45.25,D9_a-D-Lactose,284
45.5,D9_a-D-Lactose,286
45.75,D9_a-D-Lactose,283
46.0,D9_a-D-Lactose,286
46.25,D9_a-D-Lactose,284
46.5,D9_a-D-Lactose,286
46.75,D9_a-D-Lactose,285
47.0,D9_a-D-Lactose,287
47.25,D9_a-D-Lactose,287
47.5,D9_a-D-Lactose,0
0.0,D10_Lactulose,11
0.25,D10_Lactulose,11
0.5,D10_Lactulose,11
0.75,D10_Lactulose,11
1.0,D10_Lactulose,11
1.25,D10_Lactulose,11
1.5,D10_Lactulose,11
1.75,D10_Lactulose,11
2.0,D10_Lactulose,11
2.25,D10_Lactulose,11
2.5,D10_Lactulose,11
2.75,D10_Lactulose,11
3.0,D10_Lactulose,11
3.25,D10_Lactulose,11
3.5,D10_Lactulose,11
3.75,D10_Lactulose,11
4.0,D10_Lactulose,11
4.25,D10_Lactulose,11
4.5,D10_Lactulose,11
4.75,D10_Lactulose,11
5.0,D10_Lactulose,11
5.25,D10_Lactulose,11
5.5,D10_Lactulose,11
5.75,D10_Lactulose,11
6.0,D10_Lactulose,11
6.25,D10_Lactulose,11
6.5,D10_Lactulose,11
6.75,D10_Lactulose,11
7.0,D10_Lactulose,12
7.25,D10_Lactulose,15
7.5,D10_Lactulose,13
7.75,D10_Lactulose,19
8.0,D10_Lactulose,16
8.25,D10_Lactulose,16
8.5,D10_Lactulose,16
8.75,D10_Lactulose,17
9.0,D10_Lactulose,15
9.25,D10_Lactulose,13
9.5,D10_Lactulose,16
9.75,D10_Lactulose,16
10.0,D10_Lactulose,14
10.25,D10_Lactulose,13
10.5,D10_Lactulose,15
10.75,D10_Lactulose,15
11.0,D10_Lactulose,16
11.25,D10_Lactulose,21
11.5,D10_Lactulose,20
11.75,D10_Lactulose,21
12.0,D10_Lactulose,19
12.25,D10_Lactulose,18
12.5,D10_Lactulose,19
12.75,D10_Lactulose,19
13.0,D10_Lactulose,19
13.25,D10_Lactulose,16
13.5,D10_Lactulose,14
13.75,D10_Lactulose,15
14.0,D10_Lactulose,18
14.25,D10_Lactulose,16
14.5,D10_Lactulose,12
14.75,D10_Lactulose,19
15.0,D10_Lactulose,21
15.25,D10_Lactulose,18
15.5,D10_Lactulose,17
15.75,D10_Lactulose,20
16.0,D10_Lactulose,20
16.25,D10_Lactulose,17
16.5,D10_Lactulose,20
16.75,D10_Lactulose,22
17.0,D10_Lactulose,23
17.25,D10_Lactulose,20
17.5,D10_Lactulose,17
17.75,D10_Lactulose,25
18.0,D10_Lactulose,22
18.25,D10_Lactulose,24
18.5,D10_Lactulose,26
18.75,D10_Lactulose,25
19.0,D10_Lactulose,24
19.25,D10_Lactulose,26
19.5,D10_Lactulose,23
19.75,D10_Lactulose,29
20.0,D10_Lactulose,27
20.25,D10_Lactulose,26
20.5,D10_Lactulose,26
20.75,D10_Lactulose,26
21.0,D10_Lactulose,24
21.25,D10_Lactulose,26
21.5,D10_Lactulose,29
21.75,D10_Lactulose,29
22.0,D10_Lactulose,32
22.25,D10_Lactulose,31
22.5,D10_Lactulose,28
22.75,D10_Lactulose,28
23.0,D10_Lactulose,30
23.25,D10_Lactulose,36
23.5,D10_Lactulose,35
23.75,D10_Lactulose,38
24.0,D10_Lactulose,34
24.25,D10_Lactulose,39
24.5,D10_Lactulose,36
24.75,D10_Lactulose,40
25.0,D10_Lactulose,38
25.25,D10_Lactulose,41
25.5,D10_Lactulose,41
25.75,D10_Lactulose,40
26.0,D10_Lactulose,45
26.25,D10_Lactulose,51
26.5,D10_Lactulose,46
26.75,D10_Lactulose,43
27.0,D10_Lactulose,50
27.25,D10_Lactulose,47
27.5,D10_Lactulose,49
27.75,D10_Lactulose,49
28.0,D10_Lactulose,50
28.25,D10_Lactulose,57
28.5,D10_Lactulose,55
28.75,D10_Lactulose,55
29.0,D10_Lactulose,56
29.25,D10_Lactulose,54
29.5,D10_Lactulose,61
29.75,D10_Lactulose,61
30.0,D10_Lactulose,62
30.25,D10_Lactulose,68
30.5,D10_Lactulose,70
30.75,D10_Lactulose,69
31.0,D10_Lactulose,72
31.25,D10_Lactulose,71
31.5,D10_Lactulose,77
31.75,D10_Lactulose,77
32.0,D10_Lactulose,82
32.25,D10_Lactulose,89
32.5,D10_Lactulose,85
32.75,D10_Lactulose,87
33.0,D10_Lactulose,88
33.25,D10_Lactulose,93
33.5,D10_Lactulose,92
33.75,D10_Lactulose,99
34.0,D10_Lactulose,97
34.25,D10_Lactulose,97
34.5,D10_Lactulose,102
34.75,D10_Lactulose,100
35.0,D10_Lactulose,107
35.25,D10_Lactulose,108
35.5,D10_Lactulose,111
35.75,D10_Lactulose,114
36.0,D10_Lactulose,118
36.25,D10_Lactulose,117
36.5,D10_Lactulose,120
36.75,D10_Lactulose,123
37.0,D10_Lactulose,129
37.25,D10_Lactulose,127
37.5,D10_Lactulose,128
37.75,D10_Lactulose,136
38.0,D10_Lactulose,140
38.25,D10_Lactulose,138
38.5,D10_Lactulose,142
38.75,D10_Lactulose,145
39.0,D10_Lactulose,145
39.25,D10_Lactulose,152
39.5,D10_Lactulose,155
39.75,D10_Lactulose,157
40.0,D10_Lactulose,158
40.25,D10_Lactulose,159
40.5,D10_Lactulose,169
40.75,D10_Lactulose,168
41.0,D10_Lactulose,171
41.25,D10_Lactulose,172
41.5,D10_Lactulose,173
41.75,D10_Lactulose,177
42.0,D10_Lactulose,179
42.25,D10_Lactulose,180
42.5,D10_Lactulose,184
42.75,D10_Lactulose,189
43.0,D10_Lactulose,196
43.25,D10_Lactulose,196
43.5,D10_Lactulose,200
43.75,D10_Lactulose,199
44.0,D10_Lactulose,205
44.25,D10_Lactulose,205
44.5,D10_Lactulose,202
44.75,D10_Lactulose,211
45.0,D10_Lactulose,215
45.25,D10_Lactulose,215
45.5,D10_Lactulose,220
45.75,D10_Lactulose,222
46.0,D10_Lactulose,220
46.25,D10_Lactulose,227
46.5,D10_Lactulose,226
46.75,D10_Lactulose,228
47.0,D10_Lactulose,231
47.25,D10_Lactulose,232
47.5,D10_Lactulose,0
0.0,D11_Sucrose,29
0.25,D11_Sucrose,11
0.5,D11_Sucrose,11
0.75,D11_Sucrose,15
1.0,D11_Sucrose,14
1.25,D11_Sucrose,11
1.5,D11_Sucrose,15
1.75,D11_Sucrose,12
2.0,D11_Sucrose,15
2.25,D11_Sucrose,14
2.5,D11_Sucrose,11
2.75,D11_Sucrose,11
3.0,D11_Sucrose,13
3.25,D11_Sucrose,11
3.5,D11_Sucrose,11
3.75,D11_Sucrose,11
4.0,D11_Sucrose,11
4.25,D11_Sucrose,16
4.5,D11_Sucrose,12
4.75,D11_Sucrose,15
5.0,D11_Sucrose,11
5.25,D11_Sucrose,13
5.5,D11_Sucrose,13
5.75,D11_Sucrose,15
6.0,D11_Sucrose,13
6.25,D11_Sucrose,15
6.5,D11_Sucrose,15
6.75,D11_Sucrose,13
7.0,D11_Sucrose,16
7.25,D11_Sucrose,17
7.5,D11_Sucrose,20
7.75,D11_Sucrose,19
8.0,D11_Sucrose,22
8.25,D11_Sucrose,16
8.5,D11_Sucrose,19
8.75,D11_Sucrose,21
9.0,D11_Sucrose,15
9.25,D11_Sucrose,19
9.5,D11_Sucrose,17
9.75,D11_Sucrose,20
10.0,D11_Sucrose,18
10.25,D11_Sucrose,17
10.5,D11_Sucrose,18
10.75,D11_Sucrose,20
11.0,D11_Sucrose,21
11.25,D11_Sucrose,19
11.5,D11_Sucrose,22
11.75,D11_Sucrose,22
12.0,D11_Sucrose,22
12.25,D11_Sucrose,22
12.5,D11_Sucrose,28
12.75,D11_Sucrose,26
13.0,D11_Sucrose,28
13.25,D11_Sucrose,22
13.5,D11_Sucrose,23
13.75,D11_Sucrose,25
14.0,D11_Sucrose,25
14.25,D11_Sucrose,25
14.5,D11_Sucrose,23
14.75,D11_Sucrose,24
15.0,D11_Sucrose,24
15.25,D11_Sucrose,30
15.5,D11_Sucrose,24
15.75,D11_Sucrose,22
16.0,D11_Sucrose,26
16.25,D11_Sucrose,27
16.5,D11_Sucrose,27
16.75,D11_Sucrose,26
17.0,D11_Sucrose,22
17.25,D11_Sucrose,26
17.5,D11_Sucrose,21
17.75,D11_Sucrose,29
18.0,D11_Sucrose,27
18.25,D11_Sucrose,28
18.5,D11_Sucrose,29
18.75,D11_Sucrose,28
19.0,D11_Sucrose,26
19.25,D11_Sucrose,27
19.5,D11_Sucrose,33
19.75,D11_Sucrose,33
20.0,D11_Sucrose,34
20.25,D11_Sucrose,30
20.5,D11_Sucrose,32
20.75,D11_Sucrose,34
21.0,D11_Sucrose,32
21.25,D11_Sucrose,28
21.5,D11_Sucrose,31
21.75,D11_Sucrose,32
22.0,D11_Sucrose,31
22.25,D11_Sucrose,30
22.5,D11_Sucrose,35
22.75,D11_Sucrose,30
23.0,D11_Sucrose,35
23.25,D11_Sucrose,38
23.5,D11_Sucrose,36
23.75,D11_Sucrose,34
24.0,D11_Sucrose,33
24.25,D11_Sucrose,35
24.5,D11_Sucrose,37
24.75,D11_Sucrose,37
25.0,D11_Sucrose,33
25.25,D11_Sucrose,34
25.5,D11_Sucrose,38
25.75,D11_Sucrose,38
26.0,D11_Sucrose,35
26.25,D11_Sucrose,38
26.5,D11_Sucrose,36
26.75,D11_Sucrose,37
27.0,D11_Sucrose,41
27.25,D11_Sucrose,33
27.5,D11_Sucrose,36
27.75,D11_Sucrose,38
28.0,D11_Sucrose,38
28.25,D11_Sucrose,36
28.5,D11_Sucrose,34
28.75,D11_Sucrose,35
29.0,D11_Sucrose,39
29.25,D11_Sucrose,37
29.5,D11_Sucrose,35
29.75,D11_Sucrose,38
30.0,D11_Sucrose,40
30.25,D11_Sucrose,40
30.5,D11_Sucrose,42
30.75,D11_Sucrose,36
31.0,D11_Sucrose,41
31.25,D11_Sucrose,37
31.5,D11_Sucrose,40
31.75,D11_Sucrose,36
32.0,D11_Sucrose,40
32.25,D11_Sucrose,40
32.5,D11_Sucrose,40
32.75,D11_Sucrose,39
33.0,D11_Sucrose,41
33.25,D11_Sucrose,40
33.5,D11_Sucrose,39
33.75,D11_Sucrose,41
34.0,D11_Sucrose,39
34.25,D11_Sucrose,40
34.5,D11_Sucrose,39
34.75,D11_Sucrose,40
35.0,D11_Sucrose,42
35.25,D11_Sucrose,42
35.5,D11_Sucrose,44
35.75,D11_Sucrose,42
36.0,D11_Sucrose,44
36.25,D11_Sucrose,42
36.5,D11_Sucrose,41
36.75,D11_Sucrose,47
37.0,D11_Sucrose,37
37.25,D11_Sucrose,43
37.5,D11_Sucrose,41
37.75,D11_Sucrose,40
38.0,D11_Sucrose,42
38.25,D11_Sucrose,39
38.5,D11_Sucrose,47
38.75,D11_Sucrose,44
39.0,D11_Sucrose,40
39.25,D11_Sucrose,43
39.5,D11_Sucrose,39
39.75,D11_Sucrose,44
40.0,D11_Sucrose,44
40.25,D11_Sucrose,41
40.5,D11_Sucrose,45
40.75,D11_Sucrose,44
41.0,D11_Sucrose,41
41.25,D11_Sucrose,42
41.5,D11_Sucrose,43
41.75,D11_Sucrose,45
42.0,D11_Sucrose,42
42.25,D11_Sucrose,44
42.5,D11_Sucrose,44
42.75,D11_Sucrose,44
43.0,D11_Sucrose,41
43.25,D11_Sucrose,45
43.5,D11_Sucrose,46
43.75,D11_Sucrose,41
44.0,D11_Sucrose,45
44.25,D11_Sucrose,46
44.5,D11_Sucrose,43
44.75,D11_Sucrose,44
45.0,D11_Sucrose,44
45.25,D11_Sucrose,44
45.5,D11_Sucrose,45
45.75,D11_Sucrose,42
46.0,D11_Sucrose,47
46.25,D11_Sucrose,51
46.5,D11_Sucrose,43
46.75,D11_Sucrose,44
47.0,D11_Sucrose,44
47.25,D11_Sucrose,46
47.5,D11_Sucrose,0
0.0,D12_Uridine,19
0.25,D12_Uridine,15
0.5,D12_Uridine,17
0.75,D12_Uridine,23
1.0,D12_Uridine,22
1.25,D12_Uridine,19
1.5,D12_Uridine,23
1.75,D12_Uridine,22
2.0,D12_Uridine,22
2.25,D12_Uridine,17
2.5,D12_Uridine,16
2.75,D12_Uridine,18
3.0,D12_Uridine,25
3.25,D12_Uridine,14
3.5,D12_Uridine,21
3.75,D12_Uridine,15
4.0,D12_Uridine,20
4.25,D12_Uridine,20
4.5,D12_Uridine,23
4.75,D12_Uridine,22
5.0,D12_Uridine,22
5.25,D12_Uridine,21
5.5,D12_Uridine,22
5.75,D12_Uridine,27
6.0,D12_Uridine,25
6.25,D12_Uridine,23
6.5,D12_Uridine,32
6.75,D12_Uridine,28
7.0,D12_Uridine,24
7.25,D12_Uridine,31
7.5,D12_Uridine,28
7.75,D12_Uridine,30
8.0,D12_Uridine,32
8.25,D12_Uridine,30
8.5,D12_Uridine,30
8.75,D12_Uridine,26
9.0,D12_Uridine,31
9.25,D12_Uridine,31
9.5,D12_Uridine,31
9.75,D12_Uridine,28
10.0,D12_Uridine,26
10.25,D12_Uridine,29
10.5,D12_Uridine,26
10.75,D12_Uridine,34
11.0,D12_Uridine,32
11.25,D12_Uridine,30
11.5,D12_Uridine,31
11.75,D12_Uridine,30
12.0,D12_Uridine,29
12.25,D12_Uridine,33
12.5,D12_Uridine,30
12.75,D12_Uridine,33
13.0,D12_Uridine,32
13.25,D12_Uridine,31
13.5,D12_Uridine,31
13.75,D12_Uridine,29
14.0,D12_Uridine,31
14.25,D12_Uridine,34
14.5,D12_Uridine,32
14.75,D12_Uridine,33
15.0,D12_Uridine,28
15.25,D12_Uridine,32
15.5,D12_Uridine,33
15.75,D12_Uridine,32
16.0,D12_Uridine,33
16.25,D12_Uridine,31
16.5,D12_Uridine,32
16.75,D12_Uridine,29
17.0,D12_Uridine,33
17.25,D12_Uridine,30
17.5,D12_Uridine,30
17.75,D12_Uridine,33
18.0,D12_Uridine,33
18.25,D12_Uridine,34
18.5,D12_Uridine,38
18.75,D12_Uridine,33
19.0,D12_Uridine,36
19.25,D12_Uridine,36
19.5,D12_Uridine,34
19.75,D12_Uridine,36
20.0,D12_Uridine,35
20.25,D12_Uridine,30
20.5,D12_Uridine,32
20.75,D12_Uridine,37
21.0,D12_Uridine,35
21.25,D12_Uridine,33
21.5,D12_Uridine,35
21.75,D12_Uridine,36
22.0,D12_Uridine,38
22.25,D12_Uridine,35
22.5,D12_Uridine,38
22.75,D12_Uridine,35
23.0,D12_Uridine,38
23.25,D12_Uridine,36
23.5,D12_Uridine,38
23.75,D12_Uridine,38
24.0,D12_Uridine,37
24.25,D12_Uridine,37
24.5,D12_Uridine,39
24.75,D12_Uridine,37
25.0,D12_Uridine,37
25.25,D12_Uridine,40
25.5,D12_Uridine,40
25.75,D12_Uridine,38
26.0,D12_Uridine,40
26.25,D12_Uridine,43
26.5,D12_Uridine,38
26.75,D12_Uridine,44
27.0,D12_Uridine,43
27.25,D12_Uridine,39
27.5,D12_Uridine,41
27.75,D12_Uridine,38
28.0,D12_Uridine,42
28.25,D12_Uridine,36
28.5,D12_Uridine,44
28.75,D12_Uridine,42
29.0,D12_Uridine,45
29.25,D12_Uridine,46
29.5,D12_Uridine,44
29.75,D12_Uridine,44
30.0,D12_Uridine,39
30.25,D12_Uridine,46
30.5,D12_Uridine,47
30.75,D12_Uridine,42
31.0,D12_Uridine,41
31.25,D12_Uridine,45
31.5,D12_Uridine,47
31.75,D12_Uridine,47
32.0,D12_Uridine,48
32.25,D12_Uridine,44
32.5,D12_Uridine,47
32.75,D12_Uridine,47
33.0,D12_Uridine,41
33.25,D12_Uridine,47
33.5,D12_Uridine,43
33.75,D12_Uridine,49
34.0,D12_Uridine,47
34.25,D12_Uridine,49
34.5,D12_Uridine,47
34.75,D12_Uridine,48
35.0,D12_Uridine,50
35.25,D12_Uridine,51
35.5,D12_Uridine,56
35.75,D12_Uridine,53
36.0,D12_Uridine,54
36.25,D12_Uridine,50
36.5,D12_Uridine,53
36.75,D12_Uridine,54
37.0,D12_Uridine,56
37.25,D12_Uridine,54
37.5,D12_Uridine,53
37.75,D12_Uridine,53
38.0,D12_Uridine,53
38.25,D12_Uridine,49
38.5,D12_Uridine,56
38.75,D12_Uridine,53
39.0,D12_Uridine,55
39.25,D12_Uridine,55
39.5,D12_Uridine,56
39.75,D12_Uridine,57
40.0,D12_Uridine,56
40.25,D12_Uridine,56
40.5,D12_Uridine,59
40.75,D12_Uridine,58
41.0,D12_Uridine,60
41.25,D12_Uridine,59
41.5,D12_Uridine,56
41.75,D12_Uridine,57
42.0,D12_Uridine,57
42.25,D12_Uridine,60
42.5,D12_Uridine,59
42.75,D12_Uridine,62
43.0,D12_Uridine,60
43.25,D12_Uridine,60
43.5,D12_Uridine,62
43.75,D12_Uridine,60
44.0,D12_Uridine,64
44.25,D12_Uridine,61
44.5,D12_Uridine,56
44.75,D12_Uridine,60
45.0,D12_Uridine,63
45.25,D12_Uridine,63
45.5,D12_Uridine,64
45.75,D12_Uridine,63
46.0,D12_Uridine,62
46.25,D12_Uridine,65
46.5,D12_Uridine,68
46.75,D12_Uridine,67
47.0,D12_Uridine,68
47.25,D12_Uridine,66
47.5,D12_Uridine,0
0.0,E1_L-Glutamine,19
0.25,E1_L-Glutamine,19
0.5,E1_L-Glutamine,27
0.75,E1_L-Glutamine,28
1.0,E1_L-Glutamine,30
1.25,E1_L-Glutamine,13
1.5,E1_L-Glutamine,14
1.75,E1_L-Glutamine,11
2.0,E1_L-Glutamine,17
2.25,E1_L-Glutamine,16
2.5,E1_L-Glutamine,15
2.75,E1_L-Glutamine,13
3.0,E1_L-Glutamine,19
3.25,E1_L-Glutamine,19
3.5,E1_L-Glutamine,13
3.75,E1_L-Glutamine,18
4.0,E1_L-Glutamine,13
4.25,E1_L-Glutamine,18
4.5,E1_L-Glutamine,13
4.75,E1_L-Glutamine,19
5.0,E1_L-Glutamine,21
5.25,E1_L-Glutamine,18
5.5,E1_L-Glutamine,21
5.75,E1_L-Glutamine,23
6.0,E1_L-Glutamine,28
6.25,E1_L-Glutamine,27
6.5,E1_L-Glutamine,21
6.75,E1_L-Glutamine,28
7.0,E1_L-Glutamine,27
7.25,E1_L-Glutamine,32
7.5,E1_L-Glutamine,29
7.75,E1_L-Glutamine,35
8.0,E1_L-Glutamine,35
8.25,E1_L-Glutamine,30
8.5,E1_L-Glutamine,35
8.75,E1_L-Glutamine,37
9.0,E1_L-Glutamine,33
9.25,E1_L-Glutamine,32
9.5,E1_L-Glutamine,41
9.75,E1_L-Glutamine,35
10.0,E1_L-Glutamine,39
10.25,E1_L-Glutamine,42
10.5,E1_L-Glutamine,43
10.75,E1_L-Glutamine,40
11.0,E1_L-Glutamine,39
11.25,E1_L-Glutamine,44
11.5,E1_L-Glutamine,44
11.75,E1_L-Glutamine,45
12.0,E1_L-Glutamine,44
12.25,E1_L-Glutamine,48
12.5,E1_L-Glutamine,50
12.75,E1_L-Glutamine,50
13.0,E1_L-Glutamine,56
13.25,E1_L-Glutamine,53
13.5,E1_L-Glutamine,53
13.75,E1_L-Glutamine,53
14.0,E1_L-Glutamine,55
14.25,E1_L-Glutamine,59
14.5,E1_L-Glutamine,57
14.75,E1_L-Glutamine,61
15.0,E1_L-Glutamine,60
15.25,E1_L-Glutamine,64
15.5,E1_L-Glutamine,63
15.75,E1_L-Glutamine,66
16.0,E1_L-Glutamine,70
16.25,E1_L-Glutamine,67
16.5,E1_L-Glutamine,72
16.75,E1_L-Glutamine,68
17.0,E1_L-Glutamine,71
17.25,E1_L-Glutamine,74
17.5,E1_L-Glutamine,73
17.75,E1_L-Glutamine,76
18.0,E1_L-Glutamine,86
18.25,E1_L-Glutamine,83
18.5,E1_L-Glutamine,84
18.75,E1_L-Glutamine,86
19.0,E1_L-Glutamine,88
19.25,E1_L-Glutamine,89
19.5,E1_L-Glutamine,91
19.75,E1_L-Glutamine,91
20.0,E1_L-Glutamine,95
20.25,E1_L-Glutamine,97
20.5,E1_L-Glutamine,100
20.75,E1_L-Glutamine,101
21.0,E1_L-Glutamine,102
21.25,E1_L-Glutamine,102
21.5,E1_L-Glutamine,106
21.75,E1_L-Glutamine,103
22.0,E1_L-Glutamine,116
22.25,E1_L-Glutamine,113
22.5,E1_L-Glutamine,115
22.75,E1_L-Glutamine,119
23.0,E1_L-Glutamine,120
23.25,E1_L-Glutamine,120
23.5,E1_L-Glutamine,123
23.75,E1_L-Glutamine,122
24.0,E1_L-Glutamine,129
24.25,E1_L-Glutamine,131
24.5,E1_L-Glutamine,133
24.75,E1_L-Glutamine,136
25.0,E1_L-Glutamine,134
25.25,E1_L-Glutamine,141
25.5,E1_L-Glutamine,142
25.75,E1_L-Glutamine,143
26.0,E1_L-Glutamine,148
26.25,E1_L-Glutamine,150
26.5,E1_L-Glutamine,149
26.75,E1_L-Glutamine,156
27.0,E1_L-Glutamine,158
27.25,E1_L-Glutamine,163
27.5,E1_L-Glutamine,166
27.75,E1_L-Glutamine,162
28.0,E1_L-Glutamine,168
28.25,E1_L-Glutamine,165
28.5,E1_L-Glutamine,164
28.75,E1_L-Glutamine,170
29.0,E1_L-Glutamine,174
29.25,E1_L-Glutamine,180
29.5,E1_L-Glutamine,179
29.75,E1_L-Glutamine,177
30.0,E1_L-Glutamine,179
30.25,E1_L-Glutamine,178
30.5,E1_L-Glutamine,182
30.75,E1_L-Glutamine,189
31.0,E1_L-Glutamine,188
31.25,E1_L-Glutamine,190
31.5,E1_L-Glutamine,191
31.75,E1_L-Glutamine,198
32.0,E1_L-Glutamine,196
32.25,E1_L-Glutamine,203
32.5,E1_L-Glutamine,207
32.75,E1_L-Glutamine,205
33.0,E1_L-Glutamine,206
33.25,E1_L-Glutamine,208
33.5,E1_L-Glutamine,212
33.75,E1_L-Glutamine,212
34.0,E1_L-Glutamine,215
34.25,E1_L-Glutamine,216
34.5,E1_L-Glutamine,220
34.75,E1_L-Glutamine,213
35.0,E1_L-Glutamine,223
35.25,E1_L-Glutamine,224
35.5,E1_L-Glutamine,226
35.75,E1_L-Glutamine,233
36.0,E1_L-Glutamine,229
36.25,E1_L-Glutamine,229
36.5,E1_L-Glutamine,233
36.75,E1_L-Glutamine,227
37.0,E1_L-Glutamine,233
37.25,E1_L-Glutamine,238
37.5,E1_L-Glutamine,235
37.75,E1_L-Glutamine,237
38.0,E1_L-Glutamine,239
38.25,E1_L-Glutamine,239
38.5,E1_L-Glutamine,235
38.75,E1_L-Glutamine,231
39.0,E1_L-Glutamine,239
39.25,E1_L-Glutamine,235
39.5,E1_L-Glutamine,235
39.75,E1_L-Glutamine,236
40.0,E1_L-Glutamine,234
40.25,E1_L-Glutamine,238
40.5,E1_L-Glutamine,232
40.75,E1_L-Glutamine,233
41.0,E1_L-Glutamine,228
41.25,E1_L-Glutamine,231
41.5,E1_L-Glutamine,235
41.75,E1_L-Glutamine,233
42.0,E1_L-Glutamine,234
42.25,E1_L-Glutamine,234
42.5,E1_L-Glutamine,230
42.75,E1_L-Glutamine,234
43.0,E1_L-Glutamine,232
43.25,E1_L-Glutamine,231
43.5,E1_L-Glutamine,233
43.75,E1_L-Glutamine,235
44.0,E1_L-Glutamine,228
44.25,E1_L-Glutamine,230
44.5,E1_L-Glutamine,229
44.75,E1_L-Glutamine,228
45.0,E1_L-Glutamine,227
45.25,E1_L-Glutamine,231
45.5,E1_L-Glutamine,233
45.75,E1_L-Glutamine,230
46.0,E1_L-Glutamine,225
46.25,E1_L-Glutamine,229
46.5,E1_L-Glutamine,230
46.75,E1_L-Glutamine,227
47.0,E1_L-Glutamine,231
47.25,E1_L-Glutamine,223
47.5,E1_L-Glutamine,0
0.0,E2_m-Tartaric_Acid,13
0.25,E2_m-Tartaric_Acid,12
0.5,E2_m-Tartaric_Acid,11
0.75,E2_m-Tartaric_Acid,14
1.0,E2_m-Tartaric_Acid,14
1.25,E2_m-Tartaric_Acid,11
1.5,E2_m-Tartaric_Acid,15
1.75,E2_m-Tartaric_Acid,13
2.0,E2_m-Tartaric_Acid,13
2.25,E2_m-Tartaric_Acid,11
2.5,E2_m-Tartaric_Acid,16
2.75,E2_m-Tartaric_Acid,14
3.0,E2_m-Tartaric_Acid,14
3.25,E2_m-Tartaric_Acid,11
3.5,E2_m-Tartaric_Acid,11
3.75,E2_m-Tartaric_Acid,11
4.0,E2_m-Tartaric_Acid,11
4.25,E2_m-Tartaric_Acid,12
4.5,E2_m-Tartaric_Acid,11
4.75,E2_m-Tartaric_Acid,11
5.0,E2_m-Tartaric_Acid,11
5.25,E2_m-Tartaric_Acid,11
5.5,E2_m-Tartaric_Acid,11
5.75,E2_m-Tartaric_Acid,11
6.0,E2_m-Tartaric_Acid,11
6.25,E2_m-Tartaric_Acid,11
6.5,E2_m-Tartaric_Acid,12
6.75,E2_m-Tartaric_Acid,11
7.0,E2_m-Tartaric_Acid,14
7.25,E2_m-Tartaric_Acid,13
7.5,E2_m-Tartaric_Acid,14
7.75,E2_m-Tartaric_Acid,13
8.0,E2_m-Tartaric_Acid,15
8.25,E2_m-Tartaric_Acid,11
8.5,E2_m-Tartaric_Acid,11
8.75,E2_m-Tartaric_Acid,13
9.0,E2_m-Tartaric_Acid,14
9.25,E2_m-Tartaric_Acid,11
9.5,E2_m-Tartaric_Acid,16
9.75,E2_m-Tartaric_Acid,13
10.0,E2_m-Tartaric_Acid,14
10.25,E2_m-Tartaric_Acid,13
10.5,E2_m-Tartaric_Acid,12
10.75,E2_m-Tartaric_Acid,12
11.0,E2_m-Tartaric_Acid,12
11.25,E2_m-Tartaric_Acid,19
11.5,E2_m-Tartaric_Acid,17
11.75,E2_m-Tartaric_Acid,20
12.0,E2_m-Tartaric_Acid,15
12.25,E2_m-Tartaric_Acid,19
12.5,E2_m-Tartaric_Acid,17
12.75,E2_m-Tartaric_Acid,15
13.0,E2_m-Tartaric_Acid,17
13.25,E2_m-Tartaric_Acid,17
13.5,E2_m-Tartaric_Acid,16
13.75,E2_m-Tartaric_Acid,19
14.0,E2_m-Tartaric_Acid,20
14.25,E2_m-Tartaric_Acid,16
14.5,E2_m-Tartaric_Acid,18
14.75,E2_m-Tartaric_Acid,21
15.0,E2_m-Tartaric_Acid,17
15.25,E2_m-Tartaric_Acid,20
15.5,E2_m-Tartaric_Acid,20
15.75,E2_m-Tartaric_Acid,23
16.0,E2_m-Tartaric_Acid,19
16.25,E2_m-Tartaric_Acid,20
16.5,E2_m-Tartaric_Acid,24
16.75,E2_m-Tartaric_Acid,20
17.0,E2_m-Tartaric_Acid,21
17.25,E2_m-Tartaric_Acid,18
17.5,E2_m-Tartaric_Acid,22
17.75,E2_m-Tartaric_Acid,24
18.0,E2_m-Tartaric_Acid,21
18.25,E2_m-Tartaric_Acid,20
18.5,E2_m-Tartaric_Acid,24
18.75,E2_m-Tartaric_Acid,21
19.0,E2_m-Tartaric_Acid,19
19.25,E2_m-Tartaric_Acid,22
19.5,E2_m-Tartaric_Acid,22
19.75,E2_m-Tartaric_Acid,22
20.0,E2_m-Tartaric_Acid,23
20.25,E2_m-Tartaric_Acid,25
20.5,E2_m-Tartaric_Acid,22
20.75,E2_m-Tartaric_Acid,21
21.0,E2_m-Tartaric_Acid,22
21.25,E2_m-Tartaric_Acid,23
21.5,E2_m-Tartaric_Acid,19
21.75,E2_m-Tartaric_Acid,21
22.0,E2_m-Tartaric_Acid,22
22.25,E2_m-Tartaric_Acid,25
22.5,E2_m-Tartaric_Acid,21
22.75,E2_m-Tartaric_Acid,22
23.0,E2_m-Tartaric_Acid,24
23.25,E2_m-Tartaric_Acid,28
23.5,E2_m-Tartaric_Acid,25
23.75,E2_m-Tartaric_Acid,23
24.0,E2_m-Tartaric_Acid,24
24.25,E2_m-Tartaric_Acid,24
24.5,E2_m-Tartaric_Acid,30
24.75,E2_m-Tartaric_Acid,24
25.0,E2_m-Tartaric_Acid,23
25.25,E2_m-Tartaric_Acid,24
25.5,E2_m-Tartaric_Acid,24
25.75,E2_m-Tartaric_Acid,26
26.0,E2_m-Tartaric_Acid,27
26.25,E2_m-Tartaric_Acid,25
26.5,E2_m-Tartaric_Acid,24
26.75,E2_m-Tartaric_Acid,24
27.0,E2_m-Tartaric_Acid,32
27.25,E2_m-Tartaric_Acid,25
27.5,E2_m-Tartaric_Acid,25
27.75,E2_m-Tartaric_Acid,24
28.0,E2_m-Tartaric_Acid,24
28.25,E2_m-Tartaric_Acid,24
28.5,E2_m-Tartaric_Acid,25
28.75,E2_m-Tartaric_Acid,20
29.0,E2_m-Tartaric_Acid,30
29.25,E2_m-Tartaric_Acid,26
29.5,E2_m-Tartaric_Acid,26
29.75,E2_m-Tartaric_Acid,23
30.0,E2_m-Tartaric_Acid,22
30.25,E2_m-Tartaric_Acid,27
30.5,E2_m-Tartaric_Acid,25
30.75,E2_m-Tartaric_Acid,25
31.0,E2_m-Tartaric_Acid,24
31.25,E2_m-Tartaric_Acid,26
31.5,E2_m-Tartaric_Acid,28
31.75,E2_m-Tartaric_Acid,26
32.0,E2_m-Tartaric_Acid,24
32.25,E2_m-Tartaric_Acid,28
32.5,E2_m-Tartaric_Acid,28
32.75,E2_m-Tartaric_Acid,28
33.0,E2_m-Tartaric_Acid,28
33.25,E2_m-Tartaric_Acid,30
33.5,E2_m-Tartaric_Acid,22
33.75,E2_m-Tartaric_Acid,27
34.0,E2_m-Tartaric_Acid,23
34.25,E2_m-Tartaric_Acid,28
34.5,E2_m-Tartaric_Acid,29
34.75,E2_m-Tartaric_Acid,25
35.0,E2_m-Tartaric_Acid,29
35.25,E2_m-Tartaric_Acid,24
35.5,E2_m-Tartaric_Acid,25
35.75,E2_m-Tartaric_Acid,30
36.0,E2_m-Tartaric_Acid,28
36.25,E2_m-Tartaric_Acid,28
36.5,E2_m-Tartaric_Acid,29
36.75,E2_m-Tartaric_Acid,24
37.0,E2_m-Tartaric_Acid,26
37.25,E2_m-Tartaric_Acid,30
37.5,E2_m-Tartaric_Acid,26
37.75,E2_m-Tartaric_Acid,30
38.0,E2_m-Tartaric_Acid,28
38.25,E2_m-Tartaric_Acid,29
38.5,E2_m-Tartaric_Acid,27
38.75,E2_m-Tartaric_Acid,30
39.0,E2_m-Tartaric_Acid,28
39.25,E2_m-Tartaric_Acid,27
39.5,E2_m-Tartaric_Acid,25
39.75,E2_m-Tartaric_Acid,28
40.0,E2_m-Tartaric_Acid,27
40.25,E2_m-Tartaric_Acid,33
40.5,E2_m-Tartaric_Acid,30
40.75,E2_m-Tartaric_Acid,29
41.0,E2_m-Tartaric_Acid,24
41.25,E2_m-Tartaric_Acid,28
41.5,E2_m-Tartaric_Acid,25
41.75,E2_m-Tartaric_Acid,30
42.0,E2_m-Tartaric_Acid,27
42.25,E2_m-Tartaric_Acid,25
42.5,E2_m-Tartaric_Acid,25
42.75,E2_m-Tartaric_Acid,29
43.0,E2_m-Tartaric_Acid,28
43.25,E2_m-Tartaric_Acid,27
43.5,E2_m-Tartaric_Acid,25
43.75,E2_m-Tartaric_Acid,29
44.0,E2_m-Tartaric_Acid,28
44.25,E2_m-Tartaric_Acid,29
44.5,E2_m-Tartaric_Acid,27
44.75,E2_m-Tartaric_Acid,29
45.0,E2_m-Tartaric_Acid,26
45.25,E2_m-Tartaric_Acid,28
45.5,E2_m-Tartaric_Acid,30
45.75,E2_m-Tartaric_Acid,24
46.0,E2_m-Tartaric_Acid,28
46.25,E2_m-Tartaric_Acid,29
46.5,E2_m-Tartaric_Acid,25
46.75,E2_m-Tartaric_Acid,28
47.0,E2_m-Tartaric_Acid,26
47.25,E2_m-Tartaric_Acid,27
47.5,E2_m-Tartaric_Acid,0
0.0,E3_D-Glucose-1-Phosphate,32
0.25,E3_D-Glucose-1-Phosphate,13
0.5,E3_D-Glucose-1-Phosphate,12
0.75,E3_D-Glucose-1-Phosphate,16
1.0,E3_D-Glucose-1-Phosphate,18
1.25,E3_D-Glucose-1-Phosphate,14
1.5,E3_D-Glucose-1-Phosphate,21
1.75,E3_D-Glucose-1-Phosphate,16
2.0,E3_D-Glucose-1-Phosphate,17
2.25,E3_D-Glucose-1-Phosphate,19
2.5,E3_D-Glucose-1-Phosphate,17
2.75,E3_D-Glucose-1-Phosphate,17
3.0,E3_D-Glucose-1-Phosphate,15
3.25,E3_D-Glucose-1-Phosphate,16
3.5,E3_D-Glucose-1-Phosphate,12
3.75,E3_D-Glucose-1-Phosphate,14
4.0,E3_D-Glucose-1-Phosphate,13
4.25,E3_D-Glucose-1-Phosphate,21
4.5,E3_D-Glucose-1-Phosphate,19
4.75,E3_D-Glucose-1-Phosphate,20
5.0,E3_D-Glucose-1-Phosphate,22
5.25,E3_D-Glucose-1-Phosphate,20
5.5,E3_D-Glucose-1-Phosphate,19
5.75,E3_D-Glucose-1-Phosphate,21
6.0,E3_D-Glucose-1-Phosphate,18
6.25,E3_D-Glucose-1-Phosphate,21
6.5,E3_D-Glucose-1-Phosphate,25
6.75,E3_D-Glucose-1-Phosphate,20
7.0,E3_D-Glucose-1-Phosphate,27
7.25,E3_D-Glucose-1-Phosphate,23
7.5,E3_D-Glucose-1-Phosphate,29
7.75,E3_D-Glucose-1-Phosphate,26
8.0,E3_D-Glucose-1-Phosphate,28
8.25,E3_D-Glucose-1-Phosphate,31
8.5,E3_D-Glucose-1-Phosphate,26
8.75,E3_D-Glucose-1-Phosphate,25
9.0,E3_D-Glucose-1-Phosphate,27
9.25,E3_D-Glucose-1-Phosphate,27
9.5,E3_D-Glucose-1-Phosphate,28
9.75,E3_D-Glucose-1-Phosphate,29
10.0,E3_D-Glucose-1-Phosphate,27
10.25,E3_D-Glucose-1-Phosphate,29
10.5,E3_D-Glucose-1-Phosphate,28
10.75,E3_D-Glucose-1-Phosphate,25
11.0,E3_D-Glucose-1-Phosphate,30
11.25,E3_D-Glucose-1-Phosphate,28
11.5,E3_D-Glucose-1-Phosphate,24
11.75,E3_D-Glucose-1-Phosphate,28
12.0,E3_D-Glucose-1-Phosphate,29
12.25,E3_D-Glucose-1-Phosphate,23
12.5,E3_D-Glucose-1-Phosphate,32
12.75,E3_D-Glucose-1-Phosphate,26
13.0,E3_D-Glucose-1-Phosphate,30
13.25,E3_D-Glucose-1-Phosphate,26
13.5,E3_D-Glucose-1-Phosphate,27
13.75,E3_D-Glucose-1-Phosphate,28
14.0,E3_D-Glucose-1-Phosphate,24
14.25,E3_D-Glucose-1-Phosphate,25
14.5,E3_D-Glucose-1-Phosphate,25
14.75,E3_D-Glucose-1-Phosphate,31
15.0,E3_D-Glucose-1-Phosphate,30
15.25,E3_D-Glucose-1-Phosphate,30
15.5,E3_D-Glucose-1-Phosphate,29
15.75,E3_D-Glucose-1-Phosphate,28
16.0,E3_D-Glucose-1-Phosphate,29
16.25,E3_D-Glucose-1-Phosphate,30
16.5,E3_D-Glucose-1-Phosphate,31
16.75,E3_D-Glucose-1-Phosphate,31
17.0,E3_D-Glucose-1-Phosphate,26
17.25,E3_D-Glucose-1-Phosphate,30
17.5,E3_D-Glucose-1-Phosphate,23
17.75,E3_D-Glucose-1-Phosphate,26
18.0,E3_D-Glucose-1-Phosphate,31
18.25,E3_D-Glucose-1-Phosphate,31
18.5,E3_D-Glucose-1-Phosphate,31
18.75,E3_D-Glucose-1-Phosphate,30
19.0,E3_D-Glucose-1-Phosphate,31
19.25,E3_D-Glucose-1-Phosphate,29
19.5,E3_D-Glucose-1-Phosphate,27
19.75,E3_D-Glucose-1-Phosphate,29
20.0,E3_D-Glucose-1-Phosphate,32
20.25,E3_D-Glucose-1-Phosphate,31
20.5,E3_D-Glucose-1-Phosphate,29
20.75,E3_D-Glucose-1-Phosphate,30
21.0,E3_D-Glucose-1-Phosphate,28
21.25,E3_D-Glucose-1-Phosphate,28
21.5,E3_D-Glucose-1-Phosphate,32
21.75,E3_D-Glucose-1-Phosphate,27
22.0,E3_D-Glucose-1-Phosphate,34
22.25,E3_D-Glucose-1-Phosphate,30
22.5,E3_D-Glucose-1-Phosphate,29
22.75,E3_D-Glucose-1-Phosphate,30
23.0,E3_D-Glucose-1-Phosphate,28
23.25,E3_D-Glucose-1-Phosphate,30
23.5,E3_D-Glucose-1-Phosphate,30
23.75,E3_D-Glucose-1-Phosphate,33
24.0,E3_D-Glucose-1-Phosphate,32
24.25,E3_D-Glucose-1-Phosphate,32
24.5,E3_D-Glucose-1-Phosphate,33
24.75,E3_D-Glucose-1-Phosphate,33
25.0,E3_D-Glucose-1-Phosphate,33
25.25,E3_D-Glucose-1-Phosphate,28
25.5,E3_D-Glucose-1-Phosphate,30
25.75,E3_D-Glucose-1-Phosphate,36
26.0,E3_D-Glucose-1-Phosphate,30
26.25,E3_D-Glucose-1-Phosphate,36
26.5,E3_D-Glucose-1-Phosphate,29
26.75,E3_D-Glucose-1-Phosphate,30
27.0,E3_D-Glucose-1-Phosphate,36
27.25,E3_D-Glucose-1-Phosphate,32
27.5,E3_D-Glucose-1-Phosphate,32
27.75,E3_D-Glucose-1-Phosphate,33
28.0,E3_D-Glucose-1-Phosphate,30
28.25,E3_D-Glucose-1-Phosphate,28
28.5,E3_D-Glucose-1-Phosphate,28
28.75,E3_D-Glucose-1-Phosphate,33
29.0,E3_D-Glucose-1-Phosphate,30
29.25,E3_D-Glucose-1-Phosphate,34
29.5,E3_D-Glucose-1-Phosphate,32
29.75,E3_D-Glucose-1-Phosphate,30
30.0,E3_D-Glucose-1-Phosphate,33
30.25,E3_D-Glucose-1-Phosphate,31
30.5,E3_D-Glucose-1-Phosphate,31
30.75,E3_D-Glucose-1-Phosphate,32
31.0,E3_D-Glucose-1-Phosphate,34
31.25,E3_D-Glucose-1-Phosphate,34
31.5,E3_D-Glucose-1-Phosphate,36
31.75,E3_D-Glucose-1-Phosphate,36
32.0,E3_D-Glucose-1-Phosphate,40
32.25,E3_D-Glucose-1-Phosphate,35
32.5,E3_D-Glucose-1-Phosphate,36
32.75,E3_D-Glucose-1-Phosphate,34
33.0,E3_D-Glucose-1-Phosphate,37
33.25,E3_D-Glucose-1-Phosphate,34
33.5,E3_D-Glucose-1-Phosphate,34
33.75,E3_D-Glucose-1-Phosphate,34
34.0,E3_D-Glucose-1-Phosphate,31
34.25,E3_D-Glucose-1-Phosphate,36
34.5,E3_D-Glucose-1-Phosphate,34
34.75,E3_D-Glucose-1-Phosphate,38
35.0,E3_D-Glucose-1-Phosphate,37
35.25,E3_D-Glucose-1-Phosphate,33
35.5,E3_D-Glucose-1-Phosphate,37
35.75,E3_D-Glucose-1-Phosphate,37
36.0,E3_D-Glucose-1-Phosphate,42
36.25,E3_D-Glucose-1-Phosphate,37
36.5,E3_D-Glucose-1-Phosphate,39
36.75,E3_D-Glucose-1-Phosphate,38
37.0,E3_D-Glucose-1-Phosphate,39
37.25,E3_D-Glucose-1-Phosphate,37
37.5,E3_D-Glucose-1-Phosphate,35
37.75,E3_D-Glucose-1-Phosphate,38
38.0,E3_D-Glucose-1-Phosphate,36
38.25,E3_D-Glucose-1-Phosphate,41
38.5,E3_D-Glucose-1-Phosphate,40
38.75,E3_D-Glucose-1-Phosphate,39
39.0,E3_D-Glucose-1-Phosphate,43
39.25,E3_D-Glucose-1-Phosphate,37
39.5,E3_D-Glucose-1-Phosphate,37
39.75,E3_D-Glucose-1-Phosphate,39
40.0,E3_D-Glucose-1-Phosphate,34
40.25,E3_D-Glucose-1-Phosphate,40
40.5,E3_D-Glucose-1-Phosphate,40
40.75,E3_D-Glucose-1-Phosphate,39
41.0,E3_D-Glucose-1-Phosphate,41
41.25,E3_D-Glucose-1-Phosphate,39
41.5,E3_D-Glucose-1-Phosphate,40
41.75,E3_D-Glucose-1-Phosphate,37
42.0,E3_D-Glucose-1-Phosphate,36
42.25,E3_D-Glucose-1-Phosphate,34
42.5,E3_D-Glucose-1-Phosphate,39
42.75,E3_D-Glucose-1-Phosphate,40
43.0,E3_D-Glucose-1-Phosphate,41
43.25,E3_D-Glucose-1-Phosphate,36
43.5,E3_D-Glucose-1-Phosphate,41
43.75,E3_D-Glucose-1-Phosphate,40
44.0,E3_D-Glucose-1-Phosphate,44
44.25,E3_D-Glucose-1-Phosphate,39
44.5,E3_D-Glucose-1-Phosphate,45
44.75,E3_D-Glucose-1-Phosphate,41
45.0,E3_D-Glucose-1-Phosphate,40
45.25,E3_D-Glucose-1-Phosphate,42
45.5,E3_D-Glucose-1-Phosphate,42
45.75,E3_D-Glucose-1-Phosphate,37
46.0,E3_D-Glucose-1-Phosphate,41
46.25,E3_D-Glucose-1-Phosphate,43
46.5,E3_D-Glucose-1-Phosphate,43
46.75,E3_D-Glucose-1-Phosphate,42
47.0,E3_D-Glucose-1-Phosphate,43
47.25,E3_D-Glucose-1-Phosphate,41
47.5,E3_D-Glucose-1-Phosphate,0
0.0,E4_D-Fructose-6-Phosphate,25
0.25,E4_D-Fructose-6-Phosphate,30
0.5,E4_D-Fructose-6-Phosphate,18
0.75,E4_D-Fructose-6-Phosphate,21
1.0,E4_D-Fructose-6-Phosphate,20
1.25,E4_D-Fructose-6-Phosphate,18
1.5,E4_D-Fructose-6-Phosphate,23
1.75,E4_D-Fructose-6-Phosphate,22
2.0,E4_D-Fructose-6-Phosphate,17
2.25,E4_D-Fructose-6-Phosphate,20
2.5,E4_D-Fructose-6-Phosphate,21
2.75,E4_D-Fructose-6-Phosphate,19
3.0,E4_D-Fructose-6-Phosphate,20
3.25,E4_D-Fructose-6-Phosphate,12
3.5,E4_D-Fructose-6-Phosphate,14
3.75,E4_D-Fructose-6-Phosphate,17
4.0,E4_D-Fructose-6-Phosphate,12
4.25,E4_D-Fructose-6-Phosphate,19
4.5,E4_D-Fructose-6-Phosphate,19
4.75,E4_D-Fructose-6-Phosphate,14
5.0,E4_D-Fructose-6-Phosphate,19
5.25,E4_D-Fructose-6-Phosphate,16
5.5,E4_D-Fructose-6-Phosphate,16
5.75,E4_D-Fructose-6-Phosphate,16
6.0,E4_D-Fructose-6-Phosphate,12
6.25,E4_D-Fructose-6-Phosphate,13
6.5,E4_D-Fructose-6-Phosphate,12
6.75,E4_D-Fructose-6-Phosphate,15
7.0,E4_D-Fructose-6-Phosphate,18
7.25,E4_D-Fructose-6-Phosphate,19
7.5,E4_D-Fructose-6-Phosphate,14
7.75,E4_D-Fructose-6-Phosphate,19
8.0,E4_D-Fructose-6-Phosphate,20
8.25,E4_D-Fructose-6-Phosphate,14
8.5,E4_D-Fructose-6-Phosphate,16
8.75,E4_D-Fructose-6-Phosphate,13
9.0,E4_D-Fructose-6-Phosphate,15
9.25,E4_D-Fructose-6-Phosphate,15
9.5,E4_D-Fructose-6-Phosphate,19
9.75,E4_D-Fructose-6-Phosphate,14
10.0,E4_D-Fructose-6-Phosphate,18
10.25,E4_D-Fructose-6-Phosphate,18
10.5,E4_D-Fructose-6-Phosphate,22
10.75,E4_D-Fructose-6-Phosphate,17
11.0,E4_D-Fructose-6-Phosphate,19
11.25,E4_D-Fructose-6-Phosphate,16
11.5,E4_D-Fructose-6-Phosphate,17
11.75,E4_D-Fructose-6-Phosphate,22
12.0,E4_D-Fructose-6-Phosphate,16
12.25,E4_D-Fructose-6-Phosphate,24
12.5,E4_D-Fructose-6-Phosphate,17
12.75,E4_D-Fructose-6-Phosphate,17
13.0,E4_D-Fructose-6-Phosphate,21
13.25,E4_D-Fructose-6-Phosphate,19
13.5,E4_D-Fructose-6-Phosphate,18
13.75,E4_D-Fructose-6-Phosphate,19
14.0,E4_D-Fructose-6-Phosphate,21
14.25,E4_D-Fructose-6-Phosphate,23
14.5,E4_D-Fructose-6-Phosphate,19
14.75,E4_D-Fructose-6-Phosphate,20
15.0,E4_D-Fructose-6-Phosphate,22
15.25,E4_D-Fructose-6-Phosphate,21
15.5,E4_D-Fructose-6-Phosphate,21
15.75,E4_D-Fructose-6-Phosphate,21
16.0,E4_D-Fructose-6-Phosphate,21
16.25,E4_D-Fructose-6-Phosphate,21
16.5,E4_D-Fructose-6-Phosphate,20
16.75,E4_D-Fructose-6-Phosphate,22
17.0,E4_D-Fructose-6-Phosphate,24
17.25,E4_D-Fructose-6-Phosphate,25
17.5,E4_D-Fructose-6-Phosphate,22
17.75,E4_D-Fructose-6-Phosphate,26
18.0,E4_D-Fructose-6-Phosphate,23
18.25,E4_D-Fructose-6-Phosphate,28
18.5,E4_D-Fructose-6-Phosphate,26
18.75,E4_D-Fructose-6-Phosphate,27
19.0,E4_D-Fructose-6-Phosphate,26
19.25,E4_D-Fructose-6-Phosphate,25
19.5,E4_D-Fructose-6-Phosphate,25
19.75,E4_D-Fructose-6-Phosphate,28
20.0,E4_D-Fructose-6-Phosphate,27
20.25,E4_D-Fructose-6-Phosphate,24
20.5,E4_D-Fructose-6-Phosphate,26
20.75,E4_D-Fructose-6-Phosphate,32
21.0,E4_D-Fructose-6-Phosphate,26
21.25,E4_D-Fructose-6-Phosphate,25
21.5,E4_D-Fructose-6-Phosphate,23
21.75,E4_D-Fructose-6-Phosphate,26
22.0,E4_D-Fructose-6-Phosphate,25
22.25,E4_D-Fructose-6-Phosphate,23
22.5,E4_D-Fructose-6-Phosphate,23
22.75,E4_D-Fructose-6-Phosphate,26
23.0,E4_D-Fructose-6-Phosphate,26
23.25,E4_D-Fructose-6-Phosphate,27
23.5,E4_D-Fructose-6-Phosphate,28
23.75,E4_D-Fructose-6-Phosphate,27
24.0,E4_D-Fructose-6-Phosphate,27
24.25,E4_D-Fructose-6-Phosphate,29
24.5,E4_D-Fructose-6-Phosphate,32
24.75,E4_D-Fructose-6-Phosphate,28
25.0,E4_D-Fructose-6-Phosphate,26
25.25,E4_D-Fructose-6-Phosphate,27
25.5,E4_D-Fructose-6-Phosphate,23
25.75,E4_D-Fructose-6-Phosphate,27
26.0,E4_D-Fructose-6-Phosphate,24
26.25,E4_D-Fructose-6-Phosphate,30
26.5,E4_D-Fructose-6-Phosphate,27
26.75,E4_D-Fructose-6-Phosphate,27
27.0,E4_D-Fructose-6-Phosphate,25
27.25,E4_D-Fructose-6-Phosphate,25
27.5,E4_D-Fructose-6-Phosphate,25
27.75,E4_D-Fructose-6-Phosphate,25
28.0,E4_D-Fructose-6-Phosphate,24
28.25,E4_D-Fructose-6-Phosphate,23
28.5,E4_D-Fructose-6-Phosphate,26
28.75,E4_D-Fructose-6-Phosphate,23
29.0,E4_D-Fructose-6-Phosphate,26
29.25,E4_D-Fructose-6-Phosphate,27
29.5,E4_D-Fructose-6-Phosphate,26
29.75,E4_D-Fructose-6-Phosphate,30
30.0,E4_D-Fructose-6-Phosphate,24
30.25,E4_D-Fructose-6-Phosphate,32
30.5,E4_D-Fructose-6-Phosphate,32
30.75,E4_D-Fructose-6-Phosphate,29
31.0,E4_D-Fructose-6-Phosphate,27
31.25,E4_D-Fructose-6-Phosphate,27
31.5,E4_D-Fructose-6-Phosphate,25
31.75,E4_D-Fructose-6-Phosphate,28
32.0,E4_D-Fructose-6-Phosphate,31
32.25,E4_D-Fructose-6-Phosphate,28
32.5,E4_D-Fructose-6-Phosphate,30
32.75,E4_D-Fructose-6-Phosphate,30
33.0,E4_D-Fructose-6-Phosphate,29
33.25,E4_D-Fructose-6-Phosphate,29
33.5,E4_D-Fructose-6-Phosphate,32
33.75,E4_D-Fructose-6-Phosphate,31
34.0,E4_D-Fructose-6-Phosphate,30
34.25,E4_D-Fructose-6-Phosphate,30
34.5,E4_D-Fructose-6-Phosphate,31
34.75,E4_D-Fructose-6-Phosphate,35
35.0,E4_D-Fructose-6-Phosphate,30
35.25,E4_D-Fructose-6-Phosphate,34
35.5,E4_D-Fructose-6-Phosphate,34
35.75,E4_D-Fructose-6-Phosphate,33
36.0,E4_D-Fructose-6-Phosphate,37
36.25,E4_D-Fructose-6-Phosphate,28
36.5,E4_D-Fructose-6-Phosphate,26
36.75,E4_D-Fructose-6-Phosphate,33
37.0,E4_D-Fructose-6-Phosphate,33
37.25,E4_D-Fructose-6-Phosphate,30
37.5,E4_D-Fructose-6-Phosphate,31
37.75,E4_D-Fructose-6-Phosphate,35
38.0,E4_D-Fructose-6-Phosphate,31
38.25,E4_D-Fructose-6-Phosphate,34
38.5,E4_D-Fructose-6-Phosphate,28
38.75,E4_D-Fructose-6-Phosphate,31
39.0,E4_D-Fructose-6-Phosphate,29
39.25,E4_D-Fructose-6-Phosphate,31
39.5,E4_D-Fructose-6-Phosphate,29
39.75,E4_D-Fructose-6-Phosphate,30
40.0,E4_D-Fructose-6-Phosphate,34
40.25,E4_D-Fructose-6-Phosphate,32
40.5,E4_D-Fructose-6-Phosphate,37
40.75,E4_D-Fructose-6-Phosphate,35
41.0,E4_D-Fructose-6-Phosphate,36
41.25,E4_D-Fructose-6-Phosphate,29
41.5,E4_D-Fructose-6-Phosphate,30
41.75,E4_D-Fructose-6-Phosphate,31
42.0,E4_D-Fructose-6-Phosphate,27
42.25,E4_D-Fructose-6-Phosphate,28
42.5,E4_D-Fructose-6-Phosphate,33
42.75,E4_D-Fructose-6-Phosphate,32
43.0,E4_D-Fructose-6-Phosphate,33
43.25,E4_D-Fructose-6-Phosphate,33
43.5,E4_D-Fructose-6-Phosphate,34
43.75,E4_D-Fructose-6-Phosphate,31
44.0,E4_D-Fructose-6-Phosphate,33
44.25,E4_D-Fructose-6-Phosphate,34
44.5,E4_D-Fructose-6-Phosphate,38
44.75,E4_D-Fructose-6-Phosphate,33
45.0,E4_D-Fructose-6-Phosphate,32
45.25,E4_D-Fructose-6-Phosphate,32
45.5,E4_D-Fructose-6-Phosphate,32
45.75,E4_D-Fructose-6-Phosphate,36
46.0,E4_D-Fructose-6-Phosphate,35
46.25,E4_D-Fructose-6-Phosphate,34
46.5,E4_D-Fructose-6-Phosphate,35
46.75,E4_D-Fructose-6-Phosphate,36
47.0,E4_D-Fructose-6-Phosphate,32
47.25,E4_D-Fructose-6-Phosphate,36
47.5,E4_D-Fructose-6-Phosphate,0
0.0,E5_Tween_80,11
0.25,E5_Tween_80,11
0.5,E5_Tween_80,11
0.75,E5_Tween_80,11
1.0,E5_Tween_80,11
1.25,E5_Tween_80,12
1.5,E5_Tween_80,12
1.75,E5_Tween_80,16
2.0,E5_Tween_80,11
2.25,E5_Tween_80,11
2.5,E5_Tween_80,11
2.75,E5_Tween_80,13
3.0,E5_Tween_80,11
3.25,E5_Tween_80,11
3.5,E5_Tween_80,11
3.75,E5_Tween_80,11
4.0,E5_Tween_80,14
4.25,E5_Tween_80,15
4.5,E5_Tween_80,13
4.75,E5_Tween_80,11
5.0,E5_Tween_80,12
5.25,E5_Tween_80,13
5.5,E5_Tween_80,16
5.75,E5_Tween_80,16
6.0,E5_Tween_80,20
6.25,E5_Tween_80,16
6.5,E5_Tween_80,14
6.75,E5_Tween_80,16
7.0,E5_Tween_80,20
7.25,E5_Tween_80,18
7.5,E5_Tween_80,24
7.75,E5_Tween_80,21
8.0,E5_Tween_80,22
8.25,E5_Tween_80,19
8.5,E5_Tween_80,21
8.75,E5_Tween_80,19
9.0,E5_Tween_80,21
9.25,E5_Tween_80,20
9.5,E5_Tween_80,22
9.75,E5_Tween_80,22
10.0,E5_Tween_80,21
10.25,E5_Tween_80,20
10.5,E5_Tween_80,19
10.75,E5_Tween_80,22
11.0,E5_Tween_80,22
11.25,E5_Tween_80,20
11.5,E5_Tween_80,19
11.75,E5_Tween_80,25
12.0,E5_Tween_80,27
12.25,E5_Tween_80,22
12.5,E5_Tween_80,26
12.75,E5_Tween_80,22
13.0,E5_Tween_80,23
13.25,E5_Tween_80,22
13.5,E5_Tween_80,26
13.75,E5_Tween_80,22
14.0,E5_Tween_80,18
14.25,E5_Tween_80,25
14.5,E5_Tween_80,24
14.75,E5_Tween_80,26
15.0,E5_Tween_80,27
15.25,E5_Tween_80,25
15.5,E5_Tween_80,26
15.75,E5_Tween_80,25
16.0,E5_Tween_80,26
16.25,E5_Tween_80,26
16.5,E5_Tween_80,29
16.75,E5_Tween_80,24
17.0,E5_Tween_80,24
17.25,E5_Tween_80,29
17.5,E5_Tween_80,29
17.75,E5_Tween_80,33
18.0,E5_Tween_80,29
18.25,E5_Tween_80,33
18.5,E5_Tween_80,32
18.75,E5_Tween_80,31
19.0,E5_Tween_80,33
19.25,E5_Tween_80,30
19.5,E5_Tween_80,29
19.75,E5_Tween_80,29
20.0,E5_Tween_80,29
20.25,E5_Tween_80,28
20.5,E5_Tween_80,31
20.75,E5_Tween_80,30
21.0,E5_Tween_80,30
21.25,E5_Tween_80,34
21.5,E5_Tween_80,27
21.75,E5_Tween_80,30
22.0,E5_Tween_80,35
22.25,E5_Tween_80,32
22.5,E5_Tween_80,31
22.75,E5_Tween_80,30
23.0,E5_Tween_80,30
23.25,E5_Tween_80,32
23.5,E5_Tween_80,32
23.75,E5_Tween_80,29
24.0,E5_Tween_80,32
24.25,E5_Tween_80,37
24.5,E5_Tween_80,28
24.75,E5_Tween_80,33
25.0,E5_Tween_80,34
25.25,E5_Tween_80,35
25.5,E5_Tween_80,33
25.75,E5_Tween_80,35
26.0,E5_Tween_80,31
26.25,E5_Tween_80,36
26.5,E5_Tween_80,32
26.75,E5_Tween_80,33
27.0,E5_Tween_80,34
27.25,E5_Tween_80,39
27.5,E5_Tween_80,35
27.75,E5_Tween_80,36
28.0,E5_Tween_80,35
28.25,E5_Tween_80,37
28.5,E5_Tween_80,32
28.75,E5_Tween_80,37
29.0,E5_Tween_80,37
29.25,E5_Tween_80,36
29.5,E5_Tween_80,37
29.75,E5_Tween_80,39
30.0,E5_Tween_80,37
30.25,E5_Tween_80,38
30.5,E5_Tween_80,37
30.75,E5_Tween_80,39
31.0,E5_Tween_80,38
31.25,E5_Tween_80,37
31.5,E5_Tween_80,37
31.75,E5_Tween_80,38
32.0,E5_Tween_80,42
32.25,E5_Tween_80,45
32.5,E5_Tween_80,42
32.75,E5_Tween_80,41
33.0,E5_Tween_80,38
33.25,E5_Tween_80,44
33.5,E5_Tween_80,40
33.75,E5_Tween_80,44
34.0,E5_Tween_80,38
34.25,E5_Tween_80,39
34.5,E5_Tween_80,43
34.75,E5_Tween_80,39
35.0,E5_Tween_80,45
35.25,E5_Tween_80,40
35.5,E5_Tween_80,41
35.75,E5_Tween_80,44
36.0,E5_Tween_80,45
36.25,E5_Tween_80,45
36.5,E5_Tween_80,45
36.75,E5_Tween_80,44
37.0,E5_Tween_80,47
37.25,E5_Tween_80,48
37.5,E5_Tween_80,41
37.75,E5_Tween_80,49
38.0,E5_Tween_80,44
38.25,E5_Tween_80,42
38.5,E5_Tween_80,48
38.75,E5_Tween_80,42
39.0,E5_Tween_80,45
39.25,E5_Tween_80,47
39.5,E5_Tween_80,47
39.75,E5_Tween_80,49
40.0,E5_Tween_80,48
40.25,E5_Tween_80,49
40.5,E5_Tween_80,52
40.75,E5_Tween_80,51
41.0,E5_Tween_80,44
41.25,E5_Tween_80,50
41.5,E5_Tween_80,54
41.75,E5_Tween_80,48
42.0,E5_Tween_80,51
42.25,E5_Tween_80,50
42.5,E5_Tween_80,49
42.75,E5_Tween_80,49
43.0,E5_Tween_80,52
43.25,E5_Tween_80,52
43.5,E5_Tween_80,52
43.75,E5_Tween_80,51
44.0,E5_Tween_80,49
44.25,E5_Tween_80,48
44.5,E5_Tween_80,49
44.75,E5_Tween_80,51
45.0,E5_Tween_80,48
45.25,E5_Tween_80,53
45.5,E5_Tween_80,51
45.75,E5_Tween_80,52
46.0,E5_Tween_80,57
46.25,E5_Tween_80,51
46.5,E5_Tween_80,55
46.75,E5_Tween_80,54
47.0,E5_Tween_80,55
47.25,E5_Tween_80,53
47.5,E5_Tween_80,0
0.0,E6_a-Hydroxy_Glutaric_Acid-g_Lactone,34
0.25,E6_a-Hydroxy_Glutaric_Acid-g_Lactone,12
0.5,E6_a-Hydroxy_Glutaric_Acid-g_Lactone,11
0.75,E6_a-Hydroxy_Glutaric_Acid-g_Lactone,17
1.0,E6_a-Hydroxy_Glutaric_Acid-g_Lactone,15
1.25,E6_a-Hydroxy_Glutaric_Acid-g_Lactone,11
1.5,E6_a-Hydroxy_Glutaric_Acid-g_Lactone,21
1.75,E6_a-Hydroxy_Glutaric_Acid-g_Lactone,21
2.0,E6_a-Hydroxy_Glutaric_Acid-g_Lactone,20
2.25,E6_a-Hydroxy_Glutaric_Acid-g_Lactone,16
2.5,E6_a-Hydroxy_Glutaric_Acid-g_Lactone,13
2.75,E6_a-Hydroxy_Glutaric_Acid-g_Lactone,17
3.0,E6_a-Hydroxy_Glutaric_Acid-g_Lactone,12
3.25,E6_a-Hydroxy_Glutaric_Acid-g_Lactone,11
3.5,E6_a-Hydroxy_Glutaric_Acid-g_Lactone,11
3.75,E6_a-Hydroxy_Glutaric_Acid-g_Lactone,11
4.0,E6_a-Hydroxy_Glutaric_Acid-g_Lactone,11
4.25,E6_a-Hydroxy_Glutaric_Acid-g_Lactone,14
4.5,E6_a-Hydroxy_Glutaric_Acid-g_Lactone,11
4.75,E6_a-Hydroxy_Glutaric_Acid-g_Lactone,15
5.0,E6_a-Hydroxy_Glutaric_Acid-g_Lactone,13
5.25,E6_a-Hydroxy_Glutaric_Acid-g_Lactone,12
5.5,E6_a-Hydroxy_Glutaric_Acid-g_Lactone,15
5.75,E6_a-Hydroxy_Glutaric_Acid-g_Lactone,13
6.0,E6_a-Hydroxy_Glutaric_Acid-g_Lactone,11
6.25,E6_a-Hydroxy_Glutaric_Acid-g_Lactone,14
6.5,E6_a-Hydroxy_Glutaric_Acid-g_Lactone,18
6.75,E6_a-Hydroxy_Glutaric_Acid-g_Lactone,15
7.0,E6_a-Hydroxy_Glutaric_Acid-g_Lactone,17
7.25,E6_a-Hydroxy_Glutaric_Acid-g_Lactone,13
7.5,E6_a-Hydroxy_Glutaric_Acid-g_Lactone,17
7.75,E6_a-Hydroxy_Glutaric_Acid-g_Lactone,22
8.0,E6_a-Hydroxy_Glutaric_Acid-g_Lactone,21
8.25,E6_a-Hydroxy_Glutaric_Acid-g_Lactone,18
8.5,E6_a-Hydroxy_Glutaric_Acid-g_Lactone,20
8.75,E6_a-Hydroxy_Glutaric_Acid-g_Lactone,20
9.0,E6_a-Hydroxy_Glutaric_Acid-g_Lactone,20
9.25,E6_a-Hydroxy_Glutaric_Acid-g_Lactone,17
9.5,E6_a-Hydroxy_Glutaric_Acid-g_Lactone,18
9.75,E6_a-Hydroxy_Glutaric_Acid-g_Lactone,18
10.0,E6_a-Hydroxy_Glutaric_Acid-g_Lactone,20
10.25,E6_a-Hydroxy_Glutaric_Acid-g_Lactone,18
10.5,E6_a-Hydroxy_Glutaric_Acid-g_Lactone,18
10.75,E6_a-Hydroxy_Glutaric_Acid-g_Lactone,17
11.0,E6_a-Hydroxy_Glutaric_Acid-g_Lactone,14
11.25,E6_a-Hydroxy_Glutaric_Acid-g_Lactone,17
11.5,E6_a-Hydroxy_Glutaric_Acid-g_Lactone,17
11.75,E6_a-Hydroxy_Glutaric_Acid-g_Lactone,18
12.0,E6_a-Hydroxy_Glutaric_Acid-g_Lactone,20
12.25,E6_a-Hydroxy_Glutaric_Acid-g_Lactone,19
12.5,E6_a-Hydroxy_Glutaric_Acid-g_Lactone,17
12.75,E6_a-Hydroxy_Glutaric_Acid-g_Lactone,18
13.0,E6_a-Hydroxy_Glutaric_Acid-g_Lactone,19
13.25,E6_a-Hydroxy_Glutaric_Acid-g_Lactone,19
13.5,E6_a-Hydroxy_Glutaric_Acid-g_Lactone,19
13.75,E6_a-Hydroxy_Glutaric_Acid-g_Lactone,19
14.0,E6_a-Hydroxy_Glutaric_Acid-g_Lactone,19
14.25,E6_a-Hydroxy_Glutaric_Acid-g_Lactone,19
14.5,E6_a-Hydroxy_Glutaric_Acid-g_Lactone,18
14.75,E6_a-Hydroxy_Glutaric_Acid-g_Lactone,22
15.0,E6_a-Hydroxy_Glutaric_Acid-g_Lactone,19
15.25,E6_a-Hydroxy_Glutaric_Acid-g_Lactone,17
15.5,E6_a-Hydroxy_Glutaric_Acid-g_Lactone,18
15.75,E6_a-Hydroxy_Glutaric_Acid-g_Lactone,16
16.0,E6_a-Hydroxy_Glutaric_Acid-g_Lactone,17
16.25,E6_a-Hydroxy_Glutaric_Acid-g_Lactone,19
16.5,E6_a-Hydroxy_Glutaric_Acid-g_Lactone,19
16.75,E6_a-Hydroxy_Glutaric_Acid-g_Lactone,19
17.0,E6_a-Hydroxy_Glutaric_Acid-g_Lactone,17
17.25,E6_a-Hydroxy_Glutaric_Acid-g_Lactone,17
17.5,E6_a-Hydroxy_Glutaric_Acid-g_Lactone,21
17.75,E6_a-Hydroxy_Glutaric_Acid-g_Lactone,24
18.0,E6_a-Hydroxy_Glutaric_Acid-g_Lactone,25
18.25,E6_a-Hydroxy_Glutaric_Acid-g_Lactone,26
18.5,E6_a-Hydroxy_Glutaric_Acid-g_Lactone,18
18.75,E6_a-Hydroxy_Glutaric_Acid-g_Lactone,23
19.0,E6_a-Hydroxy_Glutaric_Acid-g_Lactone,24
19.25,E6_a-Hydroxy_Glutaric_Acid-g_Lactone,22
19.5,E6_a-Hydroxy_Glutaric_Acid-g_Lactone,23
19.75,E6_a-Hydroxy_Glutaric_Acid-g_Lactone,23
20.0,E6_a-Hydroxy_Glutaric_Acid-g_Lactone,20
20.25,E6_a-Hydroxy_Glutaric_Acid-g_Lactone,25
20.5,E6_a-Hydroxy_Glutaric_Acid-g_Lactone,21
20.75,E6_a-Hydroxy_Glutaric_Acid-g_Lactone,20
21.0,E6_a-Hydroxy_Glutaric_Acid-g_Lactone,19
21.25,E6_a-Hydroxy_Glutaric_Acid-g_Lactone,21
21.5,E6_a-Hydroxy_Glutaric_Acid-g_Lactone,17
21.75,E6_a-Hydroxy_Glutaric_Acid-g_Lactone,21
22.0,E6_a-Hydroxy_Glutaric_Acid-g_Lactone,23
22.25,E6_a-Hydroxy_Glutaric_Acid-g_Lactone,22
22.5,E6_a-Hydroxy_Glutaric_Acid-g_Lactone,24
22.75,E6_a-Hydroxy_Glutaric_Acid-g_Lactone,26
23.0,E6_a-Hydroxy_Glutaric_Acid-g_Lactone,19
23.25,E6_a-Hydroxy_Glutaric_Acid-g_Lactone,22
23.5,E6_a-Hydroxy_Glutaric_Acid-g_Lactone,23
23.75,E6_a-Hydroxy_Glutaric_Acid-g_Lactone,22
24.0,E6_a-Hydroxy_Glutaric_Acid-g_Lactone,26
24.25,E6_a-Hydroxy_Glutaric_Acid-g_Lactone,23
24.5,E6_a-Hydroxy_Glutaric_Acid-g_Lactone,20
24.75,E6_a-Hydroxy_Glutaric_Acid-g_Lactone,24
25.0,E6_a-Hydroxy_Glutaric_Acid-g_Lactone,22
25.25,E6_a-Hydroxy_Glutaric_Acid-g_Lactone,24
25.5,E6_a-Hydroxy_Glutaric_Acid-g_Lactone,28
25.75,E6_a-Hydroxy_Glutaric_Acid-g_Lactone,24
26.0,E6_a-Hydroxy_Glutaric_Acid-g_Lactone,25
26.25,E6_a-Hydroxy_Glutaric_Acid-g_Lactone,23
26.5,E6_a-Hydroxy_Glutaric_Acid-g_Lactone,26
26.75,E6_a-Hydroxy_Glutaric_Acid-g_Lactone,23
27.0,E6_a-Hydroxy_Glutaric_Acid-g_Lactone,24
27.25,E6_a-Hydroxy_Glutaric_Acid-g_Lactone,26
27.5,E6_a-Hydroxy_Glutaric_Acid-g_Lactone,26
27.75,E6_a-Hydroxy_Glutaric_Acid-g_Lactone,26
28.0,E6_a-Hydroxy_Glutaric_Acid-g_Lactone,24
28.25,E6_a-Hydroxy_Glutaric_Acid-g_Lactone,24
28.5,E6_a-Hydroxy_Glutaric_Acid-g_Lactone,28
28.75,E6_a-Hydroxy_Glutaric_Acid-g_Lactone,24
29.0,E6_a-Hydroxy_Glutaric_Acid-g_Lactone,23
29.25,E6_a-Hydroxy_Glutaric_Acid-g_Lactone,25
29.5,E6_a-Hydroxy_Glutaric_Acid-g_Lactone,26
29.75,E6_a-Hydroxy_Glutaric_Acid-g_Lactone,22
30.0,E6_a-Hydroxy_Glutaric_Acid-g_Lactone,22
30.25,E6_a-Hydroxy_Glutaric_Acid-g_Lactone,24
30.5,E6_a-Hydroxy_Glutaric_Acid-g_Lactone,23
30.75,E6_a-Hydroxy_Glutaric_Acid-g_Lactone,24
31.0,E6_a-Hydroxy_Glutaric_Acid-g_Lactone,21
31.25,E6_a-Hydroxy_Glutaric_Acid-g_Lactone,21
31.5,E6_a-Hydroxy_Glutaric_Acid-g_Lactone,25
31.75,E6_a-Hydroxy_Glutaric_Acid-g_Lactone,19
32.0,E6_a-Hydroxy_Glutaric_Acid-g_Lactone,29
32.25,E6_a-Hydroxy_Glutaric_Acid-g_Lactone,25
32.5,E6_a-Hydroxy_Glutaric_Acid-g_Lactone,26
32.75,E6_a-Hydroxy_Glutaric_Acid-g_Lactone,21
33.0,E6_a-Hydroxy_Glutaric_Acid-g_Lactone,23
33.25,E6_a-Hydroxy_Glutaric_Acid-g_Lactone,23
33.5,E6_a-Hydroxy_Glutaric_Acid-g_Lactone,25
33.75,E6_a-Hydroxy_Glutaric_Acid-g_Lactone,30
34.0,E6_a-Hydroxy_Glutaric_Acid-g_Lactone,28
34.25,E6_a-Hydroxy_Glutaric_Acid-g_Lactone,25
34.5,E6_a-Hydroxy_Glutaric_Acid-g_Lactone,30
34.75,E6_a-Hydroxy_Glutaric_Acid-g_Lactone,28
35.0,E6_a-Hydroxy_Glutaric_Acid-g_Lactone,27
35.25,E6_a-Hydroxy_Glutaric_Acid-g_Lactone,29
35.5,E6_a-Hydroxy_Glutaric_Acid-g_Lactone,24
35.75,E6_a-Hydroxy_Glutaric_Acid-g_Lactone,30
36.0,E6_a-Hydroxy_Glutaric_Acid-g_Lactone,25
36.25,E6_a-Hydroxy_Glutaric_Acid-g_Lactone,29
36.5,E6_a-Hydroxy_Glutaric_Acid-g_Lactone,25
36.75,E6_a-Hydroxy_Glutaric_Acid-g_Lactone,23
37.0,E6_a-Hydroxy_Glutaric_Acid-g_Lactone,27
37.25,E6_a-Hydroxy_Glutaric_Acid-g_Lactone,28
37.5,E6_a-Hydroxy_Glutaric_Acid-g_Lactone,22
37.75,E6_a-Hydroxy_Glutaric_Acid-g_Lactone,28
38.0,E6_a-Hydroxy_Glutaric_Acid-g_Lactone,26
38.25,E6_a-Hydroxy_Glutaric_Acid-g_Lactone,24
38.5,E6_a-Hydroxy_Glutaric_Acid-g_Lactone,26
38.75,E6_a-Hydroxy_Glutaric_Acid-g_Lactone,24
39.0,E6_a-Hydroxy_Glutaric_Acid-g_Lactone,26
39.25,E6_a-Hydroxy_Glutaric_Acid-g_Lactone,26
39.5,E6_a-Hydroxy_Glutaric_Acid-g_Lactone,26
39.75,E6_a-Hydroxy_Glutaric_Acid-g_Lactone,29
40.0,E6_a-Hydroxy_Glutaric_Acid-g_Lactone,27
40.25,E6_a-Hydroxy_Glutaric_Acid-g_Lactone,25
40.5,E6_a-Hydroxy_Glutaric_Acid-g_Lactone,25
40.75,E6_a-Hydroxy_Glutaric_Acid-g_Lactone,23
41.0,E6_a-Hydroxy_Glutaric_Acid-g_Lactone,25
41.25,E6_a-Hydroxy_Glutaric_Acid-g_Lactone,25
41.5,E6_a-Hydroxy_Glutaric_Acid-g_Lactone,24
41.75,E6_a-Hydroxy_Glutaric_Acid-g_Lactone,25
42.0,E6_a-Hydroxy_Glutaric_Acid-g_Lactone,27
42.25,E6_a-Hydroxy_Glutaric_Acid-g_Lactone,26
42.5,E6_a-Hydroxy_Glutaric_Acid-g_Lactone,26
42.75,E6_a-Hydroxy_Glutaric_Acid-g_Lactone,23
43.0,E6_a-Hydroxy_Glutaric_Acid-g_Lactone,26
43.25,E6_a-Hydroxy_Glutaric_Acid-g_Lactone,25
43.5,E6_a-Hydroxy_Glutaric_Acid-g_Lactone,29
43.75,E6_a-Hydroxy_Glutaric_Acid-g_Lactone,29
44.0,E6_a-Hydroxy_Glutaric_Acid-g_Lactone,29
44.25,E6_a-Hydroxy_Glutaric_Acid-g_Lactone,28
44.5,E6_a-Hydroxy_Glutaric_Acid-g_Lactone,23
44.75,E6_a-Hydroxy_Glutaric_Acid-g_Lactone,24
45.0,E6_a-Hydroxy_Glutaric_Acid-g_Lactone,26
45.25,E6_a-Hydroxy_Glutaric_Acid-g_Lactone,21
45.5,E6_a-Hydroxy_Glutaric_Acid-g_Lactone,28
45.75,E6_a-Hydroxy_Glutaric_Acid-g_Lactone,28
46.0,E6_a-Hydroxy_Glutaric_Acid-g_Lactone,25
46.25,E6_a-Hydroxy_Glutaric_Acid-g_Lactone,28
46.5,E6_a-Hydroxy_Glutaric_Acid-g_Lactone,24
46.75,E6_a-Hydroxy_Glutaric_Acid-g_Lactone,26
47.0,E6_a-Hydroxy_Glutaric_Acid-g_Lactone,25
47.25,E6_a-Hydroxy_Glutaric_Acid-g_Lactone,28
47.5,E6_a-Hydroxy_Glutaric_Acid-g_Lactone,0
0.0,E7_a-Hydroxy_Butyric_Acid,11
0.25,E7_a-Hydroxy_Butyric_Acid,11
0.5,E7_a-Hydroxy_Butyric_Acid,14
0.75,E7_a-Hydroxy_Butyric_Acid,13
1.0,E7_a-Hydroxy_Butyric_Acid,11
1.25,E7_a-Hydroxy_Butyric_Acid,13
1.5,E7_a-Hydroxy_Butyric_Acid,11
1.75,E7_a-Hydroxy_Butyric_Acid,11
2.0,E7_a-Hydroxy_Butyric_Acid,13
2.25,E7_a-Hydroxy_Butyric_Acid,13
2.5,E7_a-Hydroxy_Butyric_Acid,11
2.75,E7_a-Hydroxy_Butyric_Acid,14
3.0,E7_a-Hydroxy_Butyric_Acid,11
3.25,E7_a-Hydroxy_Butyric_Acid,11
3.5,E7_a-Hydroxy_Butyric_Acid,11
3.75,E7_a-Hydroxy_Butyric_Acid,16
4.0,E7_a-Hydroxy_Butyric_Acid,11
4.25,E7_a-Hydroxy_Butyric_Acid,14
4.5,E7_a-Hydroxy_Butyric_Acid,17
4.75,E7_a-Hydroxy_Butyric_Acid,13
5.0,E7_a-Hydroxy_Butyric_Acid,14
5.25,E7_a-Hydroxy_Butyric_Acid,17
5.5,E7_a-Hydroxy_Butyric_Acid,13
5.75,E7_a-Hydroxy_Butyric_Acid,11
6.0,E7_a-Hydroxy_Butyric_Acid,18
6.25,E7_a-Hydroxy_Butyric_Acid,11
6.5,E7_a-Hydroxy_Butyric_Acid,15
6.75,E7_a-Hydroxy_Butyric_Acid,15
7.0,E7_a-Hydroxy_Butyric_Acid,19
7.25,E7_a-Hydroxy_Butyric_Acid,16
7.5,E7_a-Hydroxy_Butyric_Acid,19
7.75,E7_a-Hydroxy_Butyric_Acid,23
8.0,E7_a-Hydroxy_Butyric_Acid,21
8.25,E7_a-Hydroxy_Butyric_Acid,19
8.5,E7_a-Hydroxy_Butyric_Acid,20
8.75,E7_a-Hydroxy_Butyric_Acid,17
9.0,E7_a-Hydroxy_Butyric_Acid,18
9.25,E7_a-Hydroxy_Butyric_Acid,15
9.5,E7_a-Hydroxy_Butyric_Acid,19
9.75,E7_a-Hydroxy_Butyric_Acid,15
10.0,E7_a-Hydroxy_Butyric_Acid,20
10.25,E7_a-Hydroxy_Butyric_Acid,14
10.5,E7_a-Hydroxy_Butyric_Acid,16
10.75,E7_a-Hydroxy_Butyric_Acid,19
11.0,E7_a-Hydroxy_Butyric_Acid,19
11.25,E7_a-Hydroxy_Butyric_Acid,20
11.5,E7_a-Hydroxy_Butyric_Acid,20
11.75,E7_a-Hydroxy_Butyric_Acid,22
12.0,E7_a-Hydroxy_Butyric_Acid,22
12.25,E7_a-Hydroxy_Butyric_Acid,22
12.5,E7_a-Hydroxy_Butyric_Acid,22
12.75,E7_a-Hydroxy_Butyric_Acid,19
13.0,E7_a-Hydroxy_Butyric_Acid,23
13.25,E7_a-Hydroxy_Butyric_Acid,19
13.5,E7_a-Hydroxy_Butyric_Acid,21
13.75,E7_a-Hydroxy_Butyric_Acid,23
14.0,E7_a-Hydroxy_Butyric_Acid,21
14.25,E7_a-Hydroxy_Butyric_Acid,19
14.5,E7_a-Hydroxy_Butyric_Acid,17
14.75,E7_a-Hydroxy_Butyric_Acid,23
15.0,E7_a-Hydroxy_Butyric_Acid,19
15.25,E7_a-Hydroxy_Butyric_Acid,21
15.5,E7_a-Hydroxy_Butyric_Acid,20
15.75,E7_a-Hydroxy_Butyric_Acid,19
16.0,E7_a-Hydroxy_Butyric_Acid,19
16.25,E7_a-Hydroxy_Butyric_Acid,15
16.5,E7_a-Hydroxy_Butyric_Acid,18
16.75,E7_a-Hydroxy_Butyric_Acid,19
17.0,E7_a-Hydroxy_Butyric_Acid,20
17.25,E7_a-Hydroxy_Butyric_Acid,22
17.5,E7_a-Hydroxy_Butyric_Acid,21
17.75,E7_a-Hydroxy_Butyric_Acid,24
18.0,E7_a-Hydroxy_Butyric_Acid,24
18.25,E7_a-Hydroxy_Butyric_Acid,28
18.5,E7_a-Hydroxy_Butyric_Acid,21
18.75,E7_a-Hydroxy_Butyric_Acid,19
19.0,E7_a-Hydroxy_Butyric_Acid,19
19.25,E7_a-Hydroxy_Butyric_Acid,20
19.5,E7_a-Hydroxy_Butyric_Acid,20
19.75,E7_a-Hydroxy_Butyric_Acid,24
20.0,E7_a-Hydroxy_Butyric_Acid,21
20.25,E7_a-Hydroxy_Butyric_Acid,21
20.5,E7_a-Hydroxy_Butyric_Acid,18
20.75,E7_a-Hydroxy_Butyric_Acid,22
21.0,E7_a-Hydroxy_Butyric_Acid,18
21.25,E7_a-Hydroxy_Butyric_Acid,18
21.5,E7_a-Hydroxy_Butyric_Acid,24
21.75,E7_a-Hydroxy_Butyric_Acid,19
22.0,E7_a-Hydroxy_Butyric_Acid,22
22.25,E7_a-Hydroxy_Butyric_Acid,19
22.5,E7_a-Hydroxy_Butyric_Acid,23
22.75,E7_a-Hydroxy_Butyric_Acid,23
23.0,E7_a-Hydroxy_Butyric_Acid,23
23.25,E7_a-Hydroxy_Butyric_Acid,21
23.5,E7_a-Hydroxy_Butyric_Acid,23
23.75,E7_a-Hydroxy_Butyric_Acid,26
24.0,E7_a-Hydroxy_Butyric_Acid,23
24.25,E7_a-Hydroxy_Butyric_Acid,21
24.5,E7_a-Hydroxy_Butyric_Acid,21
24.75,E7_a-Hydroxy_Butyric_Acid,19
25.0,E7_a-Hydroxy_Butyric_Acid,23
25.25,E7_a-Hydroxy_Butyric_Acid,25
25.5,E7_a-Hydroxy_Butyric_Acid,18
25.75,E7_a-Hydroxy_Butyric_Acid,20
26.0,E7_a-Hydroxy_Butyric_Acid,23
26.25,E7_a-Hydroxy_Butyric_Acid,21
26.5,E7_a-Hydroxy_Butyric_Acid,24
26.75,E7_a-Hydroxy_Butyric_Acid,23
27.0,E7_a-Hydroxy_Butyric_Acid,24
27.25,E7_a-Hydroxy_Butyric_Acid,21
27.5,E7_a-Hydroxy_Butyric_Acid,23
27.75,E7_a-Hydroxy_Butyric_Acid,27
28.0,E7_a-Hydroxy_Butyric_Acid,21
28.25,E7_a-Hydroxy_Butyric_Acid,18
28.5,E7_a-Hydroxy_Butyric_Acid,21
28.75,E7_a-Hydroxy_Butyric_Acid,19
29.0,E7_a-Hydroxy_Butyric_Acid,18
29.25,E7_a-Hydroxy_Butyric_Acid,23
29.5,E7_a-Hydroxy_Butyric_Acid,24
29.75,E7_a-Hydroxy_Butyric_Acid,23
30.0,E7_a-Hydroxy_Butyric_Acid,23
30.25,E7_a-Hydroxy_Butyric_Acid,20
30.5,E7_a-Hydroxy_Butyric_Acid,22
30.75,E7_a-Hydroxy_Butyric_Acid,21
31.0,E7_a-Hydroxy_Butyric_Acid,23
31.25,E7_a-Hydroxy_Butyric_Acid,27
31.5,E7_a-Hydroxy_Butyric_Acid,23
31.75,E7_a-Hydroxy_Butyric_Acid,23
32.0,E7_a-Hydroxy_Butyric_Acid,24
32.25,E7_a-Hydroxy_Butyric_Acid,24
32.5,E7_a-Hydroxy_Butyric_Acid,25
32.75,E7_a-Hydroxy_Butyric_Acid,27
33.0,E7_a-Hydroxy_Butyric_Acid,24
33.25,E7_a-Hydroxy_Butyric_Acid,23
33.5,E7_a-Hydroxy_Butyric_Acid,23
33.75,E7_a-Hydroxy_Butyric_Acid,27
34.0,E7_a-Hydroxy_Butyric_Acid,22
34.25,E7_a-Hydroxy_Butyric_Acid,24
34.5,E7_a-Hydroxy_Butyric_Acid,22
34.75,E7_a-Hydroxy_Butyric_Acid,20
35.0,E7_a-Hydroxy_Butyric_Acid,25
35.25,E7_a-Hydroxy_Butyric_Acid,22
35.5,E7_a-Hydroxy_Butyric_Acid,25
35.75,E7_a-Hydroxy_Butyric_Acid,23
36.0,E7_a-Hydroxy_Butyric_Acid,26
36.25,E7_a-Hydroxy_Butyric_Acid,24
36.5,E7_a-Hydroxy_Butyric_Acid,23
36.75,E7_a-Hydroxy_Butyric_Acid,24
37.0,E7_a-Hydroxy_Butyric_Acid,22
37.25,E7_a-Hydroxy_Butyric_Acid,21
37.5,E7_a-Hydroxy_Butyric_Acid,25
37.75,E7_a-Hydroxy_Butyric_Acid,25
38.0,E7_a-Hydroxy_Butyric_Acid,23
38.25,E7_a-Hydroxy_Butyric_Acid,29
38.5,E7_a-Hydroxy_Butyric_Acid,26
38.75,E7_a-Hydroxy_Butyric_Acid,25
39.0,E7_a-Hydroxy_Butyric_Acid,24
39.25,E7_a-Hydroxy_Butyric_Acid,26
39.5,E7_a-Hydroxy_Butyric_Acid,21
39.75,E7_a-Hydroxy_Butyric_Acid,21
40.0,E7_a-Hydroxy_Butyric_Acid,22
40.25,E7_a-Hydroxy_Butyric_Acid,26
40.5,E7_a-Hydroxy_Butyric_Acid,27
40.75,E7_a-Hydroxy_Butyric_Acid,27
41.0,E7_a-Hydroxy_Butyric_Acid,23
41.25,E7_a-Hydroxy_Butyric_Acid,26
41.5,E7_a-Hydroxy_Butyric_Acid,22
41.75,E7_a-Hydroxy_Butyric_Acid,25
42.0,E7_a-Hydroxy_Butyric_Acid,22
42.25,E7_a-Hydroxy_Butyric_Acid,26
42.5,E7_a-Hydroxy_Butyric_Acid,24
42.75,E7_a-Hydroxy_Butyric_Acid,19
43.0,E7_a-Hydroxy_Butyric_Acid,23
43.25,E7_a-Hydroxy_Butyric_Acid,26
43.5,E7_a-Hydroxy_Butyric_Acid,22
43.75,E7_a-Hydroxy_Butyric_Acid,25
44.0,E7_a-Hydroxy_Butyric_Acid,26
44.25,E7_a-Hydroxy_Butyric_Acid,21
44.5,E7_a-Hydroxy_Butyric_Acid,29
44.75,E7_a-Hydroxy_Butyric_Acid,23
45.0,E7_a-Hydroxy_Butyric_Acid,23
45.25,E7_a-Hydroxy_Butyric_Acid,23
45.5,E7_a-Hydroxy_Butyric_Acid,29
45.75,E7_a-Hydroxy_Butyric_Acid,28
46.0,E7_a-Hydroxy_Butyric_Acid,26
46.25,E7_a-Hydroxy_Butyric_Acid,25
46.5,E7_a-Hydroxy_Butyric_Acid,26
46.75,E7_a-Hydroxy_Butyric_Acid,28
47.0,E7_a-Hydroxy_Butyric_Acid,29
47.25,E7_a-Hydroxy_Butyric_Acid,21
47.5,E7_a-Hydroxy_Butyric_Acid,0
0.0,E8_B-Methyl-D_Glucoside,22
0.25,E8_B-Methyl-D_Glucoside,12
0.5,E8_B-Methyl-D_Glucoside,11
0.75,E8_B-Methyl-D_Glucoside,11
1.0,E8_B-Methyl-D_Glucoside,11
1.25,E8_B-Methyl-D_Glucoside,11
1.5,E8_B-Methyl-D_Glucoside,11
1.75,E8_B-Methyl-D_Glucoside,11
2.0,E8_B-Methyl-D_Glucoside,11
2.25,E8_B-Methyl-D_Glucoside,11
2.5,E8_B-Methyl-D_Glucoside,11
2.75,E8_B-Methyl-D_Glucoside,11
3.0,E8_B-Methyl-D_Glucoside,11
3.25,E8_B-Methyl-D_Glucoside,11
3.5,E8_B-Methyl-D_Glucoside,11
3.75,E8_B-Methyl-D_Glucoside,11
4.0,E8_B-Methyl-D_Glucoside,11
4.25,E8_B-Methyl-D_Glucoside,14
4.5,E8_B-Methyl-D_Glucoside,11
4.75,E8_B-Methyl-D_Glucoside,11
5.0,E8_B-Methyl-D_Glucoside,13
5.25,E8_B-Methyl-D_Glucoside,18
5.5,E8_B-Methyl-D_Glucoside,12
5.75,E8_B-Methyl-D_Glucoside,14
6.0,E8_B-Methyl-D_Glucoside,13
6.25,E8_B-Methyl-D_Glucoside,12
6.5,E8_B-Methyl-D_Glucoside,15
6.75,E8_B-Methyl-D_Glucoside,17
7.0,E8_B-Methyl-D_Glucoside,18
7.25,E8_B-Methyl-D_Glucoside,14
7.5,E8_B-Methyl-D_Glucoside,17
7.75,E8_B-Methyl-D_Glucoside,19
8.0,E8_B-Methyl-D_Glucoside,21
8.25,E8_B-Methyl-D_Glucoside,20
8.5,E8_B-Methyl-D_Glucoside,16
8.75,E8_B-Methyl-D_Glucoside,23
9.0,E8_B-Methyl-D_Glucoside,20
9.25,E8_B-Methyl-D_Glucoside,18
9.5,E8_B-Methyl-D_Glucoside,19
9.75,E8_B-Methyl-D_Glucoside,19
10.0,E8_B-Methyl-D_Glucoside,19
10.25,E8_B-Methyl-D_Glucoside,17
10.5,E8_B-Methyl-D_Glucoside,18
10.75,E8_B-Methyl-D_Glucoside,18
11.0,E8_B-Methyl-D_Glucoside,18
11.25,E8_B-Methyl-D_Glucoside,20
11.5,E8_B-Methyl-D_Glucoside,17
11.75,E8_B-Methyl-D_Glucoside,22
12.0,E8_B-Methyl-D_Glucoside,16
12.25,E8_B-Methyl-D_Glucoside,21
12.5,E8_B-Methyl-D_Glucoside,22
12.75,E8_B-Methyl-D_Glucoside,18
13.0,E8_B-Methyl-D_Glucoside,15
13.25,E8_B-Methyl-D_Glucoside,21
13.5,E8_B-Methyl-D_Glucoside,21
13.75,E8_B-Methyl-D_Glucoside,17
14.0,E8_B-Methyl-D_Glucoside,18
14.25,E8_B-Methyl-D_Glucoside,21
14.5,E8_B-Methyl-D_Glucoside,18
14.75,E8_B-Methyl-D_Glucoside,19
15.0,E8_B-Methyl-D_Glucoside,19
15.25,E8_B-Methyl-D_Glucoside,23
15.5,E8_B-Methyl-D_Glucoside,17
15.75,E8_B-Methyl-D_Glucoside,21
16.0,E8_B-Methyl-D_Glucoside,22
16.25,E8_B-Methyl-D_Glucoside,21
16.5,E8_B-Methyl-D_Glucoside,18
16.75,E8_B-Methyl-D_Glucoside,16
17.0,E8_B-Methyl-D_Glucoside,17
17.25,E8_B-Methyl-D_Glucoside,20
17.5,E8_B-Methyl-D_Glucoside,17
17.75,E8_B-Methyl-D_Glucoside,20
18.0,E8_B-Methyl-D_Glucoside,20
18.25,E8_B-Methyl-D_Glucoside,21
18.5,E8_B-Methyl-D_Glucoside,20
18.75,E8_B-Methyl-D_Glucoside,18
19.0,E8_B-Methyl-D_Glucoside,17
19.25,E8_B-Methyl-D_Glucoside,16
19.5,E8_B-Methyl-D_Glucoside,20
19.75,E8_B-Methyl-D_Glucoside,23
20.0,E8_B-Methyl-D_Glucoside,23
20.25,E8_B-Methyl-D_Glucoside,18
20.5,E8_B-Methyl-D_Glucoside,19
20.75,E8_B-Methyl-D_Glucoside,20
21.0,E8_B-Methyl-D_Glucoside,21
21.25,E8_B-Methyl-D_Glucoside,17
21.5,E8_B-Methyl-D_Glucoside,24
21.75,E8_B-Methyl-D_Glucoside,16
22.0,E8_B-Methyl-D_Glucoside,21
22.25,E8_B-Methyl-D_Glucoside,20
22.5,E8_B-Methyl-D_Glucoside,18
22.75,E8_B-Methyl-D_Glucoside,15
23.0,E8_B-Methyl-D_Glucoside,19
23.25,E8_B-Methyl-D_Glucoside,17
23.5,E8_B-Methyl-D_Glucoside,20
23.75,E8_B-Methyl-D_Glucoside,22
24.0,E8_B-Methyl-D_Glucoside,18
24.25,E8_B-Methyl-D_Glucoside,18
24.5,E8_B-Methyl-D_Glucoside,23
24.75,E8_B-Methyl-D_Glucoside,17
25.0,E8_B-Methyl-D_Glucoside,22
25.25,E8_B-Methyl-D_Glucoside,21
25.5,E8_B-Methyl-D_Glucoside,22
25.75,E8_B-Methyl-D_Glucoside,19
26.0,E8_B-Methyl-D_Glucoside,16
26.25,E8_B-Methyl-D_Glucoside,20
26.5,E8_B-Methyl-D_Glucoside,20
26.75,E8_B-Methyl-D_Glucoside,22
27.0,E8_B-Methyl-D_Glucoside,20
27.25,E8_B-Methyl-D_Glucoside,20
27.5,E8_B-Methyl-D_Glucoside,18
27.75,E8_B-Methyl-D_Glucoside,20
28.0,E8_B-Methyl-D_Glucoside,18
28.25,E8_B-Methyl-D_Glucoside,18
28.5,E8_B-Methyl-D_Glucoside,21
28.75,E8_B-Methyl-D_Glucoside,23
29.0,E8_B-Methyl-D_Glucoside,18
29.25,E8_B-Methyl-D_Glucoside,22
29.5,E8_B-Methyl-D_Glucoside,23
29.75,E8_B-Methyl-D_Glucoside,21
30.0,E8_B-Methyl-D_Glucoside,17
30.25,E8_B-Methyl-D_Glucoside,16
30.5,E8_B-Methyl-D_Glucoside,17
30.75,E8_B-Methyl-D_Glucoside,21
31.0,E8_B-Methyl-D_Glucoside,17
31.25,E8_B-Methyl-D_Glucoside,18
31.5,E8_B-Methyl-D_Glucoside,18
31.75,E8_B-Methyl-D_Glucoside,16
32.0,E8_B-Methyl-D_Glucoside,22
32.25,E8_B-Methyl-D_Glucoside,21
32.5,E8_B-Methyl-D_Glucoside,22
32.75,E8_B-Methyl-D_Glucoside,19
33.0,E8_B-Methyl-D_Glucoside,24
33.25,E8_B-Methyl-D_Glucoside,22
33.5,E8_B-Methyl-D_Glucoside,18
33.75,E8_B-Methyl-D_Glucoside,20
34.0,E8_B-Methyl-D_Glucoside,22
34.25,E8_B-Methyl-D_Glucoside,20
34.5,E8_B-Methyl-D_Glucoside,19
34.75,E8_B-Methyl-D_Glucoside,21
35.0,E8_B-Methyl-D_Glucoside,24
35.25,E8_B-Methyl-D_Glucoside,20
35.5,E8_B-Methyl-D_Glucoside,21
35.75,E8_B-Methyl-D_Glucoside,25
36.0,E8_B-Methyl-D_Glucoside,23
36.25,E8_B-Methyl-D_Glucoside,18
36.5,E8_B-Methyl-D_Glucoside,16
36.75,E8_B-Methyl-D_Glucoside,22
37.0,E8_B-Methyl-D_Glucoside,17
37.25,E8_B-Methyl-D_Glucoside,21
37.5,E8_B-Methyl-D_Glucoside,16
37.75,E8_B-Methyl-D_Glucoside,21
38.0,E8_B-Methyl-D_Glucoside,21
38.25,E8_B-Methyl-D_Glucoside,19
38.5,E8_B-Methyl-D_Glucoside,21
38.75,E8_B-Methyl-D_Glucoside,24
39.0,E8_B-Methyl-D_Glucoside,22
39.25,E8_B-Methyl-D_Glucoside,24
39.5,E8_B-Methyl-D_Glucoside,23
39.75,E8_B-Methyl-D_Glucoside,19
40.0,E8_B-Methyl-D_Glucoside,22
40.25,E8_B-Methyl-D_Glucoside,18
40.5,E8_B-Methyl-D_Glucoside,22
40.75,E8_B-Methyl-D_Glucoside,21
41.0,E8_B-Methyl-D_Glucoside,22
41.25,E8_B-Methyl-D_Glucoside,22
41.5,E8_B-Methyl-D_Glucoside,18
41.75,E8_B-Methyl-D_Glucoside,22
42.0,E8_B-Methyl-D_Glucoside,23
42.25,E8_B-Methyl-D_Glucoside,24
42.5,E8_B-Methyl-D_Glucoside,21
42.75,E8_B-Methyl-D_Glucoside,21
43.0,E8_B-Methyl-D_Glucoside,20
43.25,E8_B-Methyl-D_Glucoside,25
43.5,E8_B-Methyl-D_Glucoside,18
43.75,E8_B-Methyl-D_Glucoside,20
44.0,E8_B-Methyl-D_Glucoside,23
44.25,E8_B-Methyl-D_Glucoside,21
44.5,E8_B-Methyl-D_Glucoside,20
44.75,E8_B-Methyl-D_Glucoside,22
45.0,E8_B-Methyl-D_Glucoside,18
45.25,E8_B-Methyl-D_Glucoside,21
45.5,E8_B-Methyl-D_Glucoside,20
45.75,E8_B-Methyl-D_Glucoside,23
46.0,E8_B-Methyl-D_Glucoside,21
46.25,E8_B-Methyl-D_Glucoside,23
46.5,E8_B-Methyl-D_Glucoside,21
46.75,E8_B-Methyl-D_Glucoside,23
47.0,E8_B-Methyl-D_Glucoside,23
47.25,E8_B-Methyl-D_Glucoside,21
47.5,E8_B-Methyl-D_Glucoside,0
0.0,E9_Adonitol,16
0.25,E9_Adonitol,11
0.5,E9_Adonitol,11
0.75,E9_Adonitol,12
1.0,E9_Adonitol,13
1.25,E9_Adonitol,12
1.5,E9_Adonitol,13
1.75,E9_Adonitol,12
2.0,E9_Adonitol,11
2.25,E9_Adonitol,11
2.5,E9_Adonitol,11
2.75,E9_Adonitol,11
3.0,E9_Adonitol,13
3.25,E9_Adonitol,13
3.5,E9_Adonitol,15
3.75,E9_Adonitol,12
4.0,E9_Adonitol,12
4.25,E9_Adonitol,13
4.5,E9_Adonitol,14
4.75,E9_Adonitol,19
5.0,E9_Adonitol,15
5.25,E9_Adonitol,19
5.5,E9_Adonitol,17
5.75,E9_Adonitol,21
6.0,E9_Adonitol,17
6.25,E9_Adonitol,19
6.5,E9_Adonitol,22
6.75,E9_Adonitol,24
7.0,E9_Adonitol,23
7.25,E9_Adonitol,19
7.5,E9_Adonitol,20
7.75,E9_Adonitol,23
8.0,E9_Adonitol,26
8.25,E9_Adonitol,24
8.5,E9_Adonitol,24
8.75,E9_Adonitol,24
9.0,E9_Adonitol,26
9.25,E9_Adonitol,21
9.5,E9_Adonitol,22
9.75,E9_Adonitol,26
10.0,E9_Adonitol,23
10.25,E9_Adonitol,18
10.5,E9_Adonitol,21
10.75,E9_Adonitol,21
11.0,E9_Adonitol,22
11.25,E9_Adonitol,27
11.5,E9_Adonitol,27
11.75,E9_Adonitol,28
12.0,E9_Adonitol,26
12.25,E9_Adonitol,21
12.5,E9_Adonitol,25
12.75,E9_Adonitol,26
13.0,E9_Adonitol,23
13.25,E9_Adonitol,26
13.5,E9_Adonitol,27
13.75,E9_Adonitol,25
14.0,E9_Adonitol,22
14.25,E9_Adonitol,24
14.5,E9_Adonitol,23
14.75,E9_Adonitol,25
15.0,E9_Adonitol,27
15.25,E9_Adonitol,20
15.5,E9_Adonitol,24
15.75,E9_Adonitol,27
16.0,E9_Adonitol,24
16.25,E9_Adonitol,23
16.5,E9_Adonitol,26
16.75,E9_Adonitol,23
17.0,E9_Adonitol,23
17.25,E9_Adonitol,24
17.5,E9_Adonitol,24
17.75,E9_Adonitol,24
18.0,E9_Adonitol,25
18.25,E9_Adonitol,28
18.5,E9_Adonitol,24
18.75,E9_Adonitol,25
19.0,E9_Adonitol,23
19.25,E9_Adonitol,23
19.5,E9_Adonitol,23
19.75,E9_Adonitol,24
20.0,E9_Adonitol,28
20.25,E9_Adonitol,29
20.5,E9_Adonitol,28
20.75,E9_Adonitol,26
21.0,E9_Adonitol,23
21.25,E9_Adonitol,25
21.5,E9_Adonitol,23
21.75,E9_Adonitol,22
22.0,E9_Adonitol,26
22.25,E9_Adonitol,25
22.5,E9_Adonitol,26
22.75,E9_Adonitol,24
23.0,E9_Adonitol,23
23.25,E9_Adonitol,27
23.5,E9_Adonitol,26
23.75,E9_Adonitol,29
24.0,E9_Adonitol,28
24.25,E9_Adonitol,29
24.5,E9_Adonitol,28
24.75,E9_Adonitol,25
25.0,E9_Adonitol,28
25.25,E9_Adonitol,27
25.5,E9_Adonitol,25
25.75,E9_Adonitol,29
26.0,E9_Adonitol,29
26.25,E9_Adonitol,30
26.5,E9_Adonitol,24
26.75,E9_Adonitol,28
27.0,E9_Adonitol,28
27.25,E9_Adonitol,29
27.5,E9_Adonitol,22
27.75,E9_Adonitol,26
28.0,E9_Adonitol,27
28.25,E9_Adonitol,27
28.5,E9_Adonitol,23
28.75,E9_Adonitol,28
29.0,E9_Adonitol,29
29.25,E9_Adonitol,26
29.5,E9_Adonitol,26
29.75,E9_Adonitol,28
30.0,E9_Adonitol,28
30.25,E9_Adonitol,28
30.5,E9_Adonitol,27
30.75,E9_Adonitol,30
31.0,E9_Adonitol,28
31.25,E9_Adonitol,28
31.5,E9_Adonitol,30
31.75,E9_Adonitol,27
32.0,E9_Adonitol,29
32.25,E9_Adonitol,28
32.5,E9_Adonitol,32
32.75,E9_Adonitol,31
33.0,E9_Adonitol,30
33.25,E9_Adonitol,28
33.5,E9_Adonitol,29
33.75,E9_Adonitol,30
34.0,E9_Adonitol,29
34.25,E9_Adonitol,31
34.5,E9_Adonitol,31
34.75,E9_Adonitol,27
35.0,E9_Adonitol,29
35.25,E9_Adonitol,26
35.5,E9_Adonitol,31
35.75,E9_Adonitol,33
36.0,E9_Adonitol,29
36.25,E9_Adonitol,28
36.5,E9_Adonitol,32
36.75,E9_Adonitol,28
37.0,E9_Adonitol,28
37.25,E9_Adonitol,27
37.5,E9_Adonitol,27
37.75,E9_Adonitol,32
38.0,E9_Adonitol,23
38.25,E9_Adonitol,30
38.5,E9_Adonitol,26
38.75,E9_Adonitol,32
39.0,E9_Adonitol,29
39.25,E9_Adonitol,29
39.5,E9_Adonitol,29
39.75,E9_Adonitol,30
40.0,E9_Adonitol,27
40.25,E9_Adonitol,29
40.5,E9_Adonitol,29
40.75,E9_Adonitol,30
41.0,E9_Adonitol,29
41.25,E9_Adonitol,29
41.5,E9_Adonitol,31
41.75,E9_Adonitol,27
42.0,E9_Adonitol,23
42.25,E9_Adonitol,26
42.5,E9_Adonitol,28
42.75,E9_Adonitol,27
43.0,E9_Adonitol,31
43.25,E9_Adonitol,25
43.5,E9_Adonitol,27
43.75,E9_Adonitol,28
44.0,E9_Adonitol,25
44.25,E9_Adonitol,25
44.5,E9_Adonitol,27
44.75,E9_Adonitol,30
45.0,E9_Adonitol,28
45.25,E9_Adonitol,27
45.5,E9_Adonitol,33
45.75,E9_Adonitol,28
46.0,E9_Adonitol,27
46.25,E9_Adonitol,31
46.5,E9_Adonitol,29
46.75,E9_Adonitol,34
47.0,E9_Adonitol,28
47.25,E9_Adonitol,28
47.5,E9_Adonitol,0
0.0,E10_Maltotriose,40
0.25,E10_Maltotriose,23
0.5,E10_Maltotriose,21
0.75,E10_Maltotriose,15
1.0,E10_Maltotriose,14
1.25,E10_Maltotriose,11
1.5,E10_Maltotriose,16
1.75,E10_Maltotriose,17
2.0,E10_Maltotriose,11
2.25,E10_Maltotriose,13
2.5,E10_Maltotriose,11
2.75,E10_Maltotriose,16
3.0,E10_Maltotriose,11
3.25,E10_Maltotriose,11
3.5,E10_Maltotriose,11
3.75,E10_Maltotriose,11
4.0,E10_Maltotriose,11
4.25,E10_Maltotriose,13
4.5,E10_Maltotriose,15
4.75,E10_Maltotriose,15
5.0,E10_Maltotriose,20
5.25,E10_Maltotriose,21
5.5,E10_Maltotriose,20
5.75,E10_Maltotriose,26
6.0,E10_Maltotriose,26
6.25,E10_Maltotriose,32
6.5,E10_Maltotriose,39
6.75,E10_Maltotriose,45
7.0,E10_Maltotriose,50
7.25,E10_Maltotriose,53
7.5,E10_Maltotriose,59
7.75,E10_Maltotriose,67
8.0,E10_Maltotriose,69
8.25,E10_Maltotriose,77
8.5,E10_Maltotriose,80
8.75,E10_Maltotriose,89
9.0,E10_Maltotriose,89
9.25,E10_Maltotriose,93
9.5,E10_Maltotriose,98
9.75,E10_Maltotriose,93
10.0,E10_Maltotriose,108
10.25,E10_Maltotriose,106
10.5,E10_Maltotriose,113
10.75,E10_Maltotriose,115
11.0,E10_Maltotriose,115
11.25,E10_Maltotriose,129
11.5,E10_Maltotriose,136
11.75,E10_Maltotriose,135
12.0,E10_Maltotriose,147
12.25,E10_Maltotriose,144
12.5,E10_Maltotriose,154
12.75,E10_Maltotriose,160
13.0,E10_Maltotriose,156
13.25,E10_Maltotriose,160
13.5,E10_Maltotriose,171
13.75,E10_Maltotriose,168
14.0,E10_Maltotriose,180
14.25,E10_Maltotriose,176
14.5,E10_Maltotriose,183
14.75,E10_Maltotriose,187
15.0,E10_Maltotriose,194
15.25,E10_Maltotriose,195
15.5,E10_Maltotriose,195
15.75,E10_Maltotriose,202
16.0,E10_Maltotriose,207
16.25,E10_Maltotriose,202
16.5,E10_Maltotriose,210
16.75,E10_Maltotriose,212
17.0,E10_Maltotriose,217
17.25,E10_Maltotriose,216
17.5,E10_Maltotriose,220
17.75,E10_Maltotriose,226
18.0,E10_Maltotriose,225
18.25,E10_Maltotriose,226
18.5,E10_Maltotriose,226
18.75,E10_Maltotriose,234
19.0,E10_Maltotriose,231
19.25,E10_Maltotriose,237
19.5,E10_Maltotriose,241
19.75,E10_Maltotriose,240
20.0,E10_Maltotriose,241
20.25,E10_Maltotriose,242
20.5,E10_Maltotriose,248
20.75,E10_Maltotriose,245
21.0,E10_Maltotriose,249
21.25,E10_Maltotriose,248
21.5,E10_Maltotriose,246
21.75,E10_Maltotriose,248
22.0,E10_Maltotriose,251
22.25,E10_Maltotriose,253
22.5,E10_Maltotriose,253
22.75,E10_Maltotriose,253
23.0,E10_Maltotriose,255
23.25,E10_Maltotriose,257
23.5,E10_Maltotriose,256
23.75,E10_Maltotriose,258
24.0,E10_Maltotriose,260
24.25,E10_Maltotriose,257
24.5,E10_Maltotriose,258
24.75,E10_Maltotriose,256
25.0,E10_Maltotriose,258
25.25,E10_Maltotriose,260
25.5,E10_Maltotriose,261
25.75,E10_Maltotriose,260
26.0,E10_Maltotriose,261
26.25,E10_Maltotriose,265
26.5,E10_Maltotriose,262
26.75,E10_Maltotriose,262
27.0,E10_Maltotriose,263
27.25,E10_Maltotriose,263
27.5,E10_Maltotriose,265
27.75,E10_Maltotriose,263
28.0,E10_Maltotriose,263
28.25,E10_Maltotriose,266
28.5,E10_Maltotriose,265
28.75,E10_Maltotriose,267
29.0,E10_Maltotriose,265
29.25,E10_Maltotriose,264
29.5,E10_Maltotriose,268
29.75,E10_Maltotriose,267
30.0,E10_Maltotriose,264
30.25,E10_Maltotriose,266
30.5,E10_Maltotriose,269
30.75,E10_Maltotriose,265
31.0,E10_Maltotriose,265
31.25,E10_Maltotriose,266
31.5,E10_Maltotriose,267
31.75,E10_Maltotriose,265
32.0,E10_Maltotriose,271
32.25,E10_Maltotriose,266
32.5,E10_Maltotriose,268
32.75,E10_Maltotriose,269
33.0,E10_Maltotriose,269
33.25,E10_Maltotriose,267
33.5,E10_Maltotriose,269
33.75,E10_Maltotriose,266
34.0,E10_Maltotriose,265
34.25,E10_Maltotriose,267
34.5,E10_Maltotriose,269
34.75,E10_Maltotriose,267
35.0,E10_Maltotriose,267
35.25,E10_Maltotriose,268
35.5,E10_Maltotriose,267
35.75,E10_Maltotriose,272
36.0,E10_Maltotriose,271
36.25,E10_Maltotriose,270
36.5,E10_Maltotriose,271
36.75,E10_Maltotriose,270
37.0,E10_Maltotriose,272
37.25,E10_Maltotriose,269
37.5,E10_Maltotriose,269
37.75,E10_Maltotriose,271
38.0,E10_Maltotriose,271
38.25,E10_Maltotriose,273
38.5,E10_Maltotriose,271
38.75,E10_Maltotriose,271
39.0,E10_Maltotriose,272
39.25,E10_Maltotriose,275
39.5,E10_Maltotriose,272
39.75,E10_Maltotriose,272
40.0,E10_Maltotriose,274
40.25,E10_Maltotriose,272
40.5,E10_Maltotriose,273
40.75,E10_Maltotriose,273
41.0,E10_Maltotriose,274
41.25,E10_Maltotriose,272
41.5,E10_Maltotriose,275
41.75,E10_Maltotriose,273
42.0,E10_Maltotriose,274
42.25,E10_Maltotriose,273
42.5,E10_Maltotriose,274
42.75,E10_Maltotriose,274
43.0,E10_Maltotriose,276
43.25,E10_Maltotriose,273
43.5,E10_Maltotriose,275
43.75,E10_Maltotriose,275
44.0,E10_Maltotriose,276
44.25,E10_Maltotriose,276
44.5,E10_Maltotriose,275
44.75,E10_Maltotriose,277
45.0,E10_Maltotriose,278
45.25,E10_Maltotriose,278
45.5,E10_Maltotriose,278
45.75,E10_Maltotriose,279
46.0,E10_Maltotriose,275
46.25,E10_Maltotriose,279
46.5,E10_Maltotriose,278
46.75,E10_Maltotriose,276
47.0,E10_Maltotriose,275
47.25,E10_Maltotriose,278
47.5,E10_Maltotriose,0
0.0,E11_2-DeoxyAdenosine,26
0.25,E11_2-DeoxyAdenosine,41
0.5,E11_2-DeoxyAdenosine,13
0.75,E11_2-DeoxyAdenosine,14
1.0,E11_2-DeoxyAdenosine,19
1.25,E11_2-DeoxyAdenosine,11
1.5,E11_2-DeoxyAdenosine,18
1.75,E11_2-DeoxyAdenosine,18
2.0,E11_2-DeoxyAdenosine,14
2.25,E11_2-DeoxyAdenosine,11
2.5,E11_2-DeoxyAdenosine,15
2.75,E11_2-DeoxyAdenosine,14
3.0,E11_2-DeoxyAdenosine,15
3.25,E11_2-DeoxyAdenosine,14
3.5,E11_2-DeoxyAdenosine,11
3.75,E11_2-DeoxyAdenosine,11
4.0,E11_2-DeoxyAdenosine,11
4.25,E11_2-DeoxyAdenosine,12
4.5,E11_2-DeoxyAdenosine,14
4.75,E11_2-DeoxyAdenosine,11
5.0,E11_2-DeoxyAdenosine,14
5.25,E11_2-DeoxyAdenosine,12
5.5,E11_2-DeoxyAdenosine,17
5.75,E11_2-DeoxyAdenosine,14
6.0,E11_2-DeoxyAdenosine,15
6.25,E11_2-DeoxyAdenosine,13
6.5,E11_2-DeoxyAdenosine,23
6.75,E11_2-DeoxyAdenosine,21
7.0,E11_2-DeoxyAdenosine,22
7.25,E11_2-DeoxyAdenosine,23
7.5,E11_2-DeoxyAdenosine,26
7.75,E11_2-DeoxyAdenosine,24
8.0,E11_2-DeoxyAdenosine,26
8.25,E11_2-DeoxyAdenosine,23
8.5,E11_2-DeoxyAdenosine,24
8.75,E11_2-DeoxyAdenosine,27
9.0,E11_2-DeoxyAdenosine,22
9.25,E11_2-DeoxyAdenosine,25
9.5,E11_2-DeoxyAdenosine,29
9.75,E11_2-DeoxyAdenosine,29
10.0,E11_2-DeoxyAdenosine,28
10.25,E11_2-DeoxyAdenosine,28
10.5,E11_2-DeoxyAdenosine,30
10.75,E11_2-DeoxyAdenosine,30
11.0,E11_2-DeoxyAdenosine,34
11.25,E11_2-DeoxyAdenosine,32
11.5,E11_2-DeoxyAdenosine,38
11.75,E11_2-DeoxyAdenosine,36
12.0,E11_2-DeoxyAdenosine,35
12.25,E11_2-DeoxyAdenosine,44
12.5,E11_2-DeoxyAdenosine,39
12.75,E11_2-DeoxyAdenosine,37
13.0,E11_2-DeoxyAdenosine,37
13.25,E11_2-DeoxyAdenosine,43
13.5,E11_2-DeoxyAdenosine,43
13.75,E11_2-DeoxyAdenosine,40
14.0,E11_2-DeoxyAdenosine,45
14.25,E11_2-DeoxyAdenosine,43
14.5,E11_2-DeoxyAdenosine,41
14.75,E11_2-DeoxyAdenosine,45
15.0,E11_2-DeoxyAdenosine,42
15.25,E11_2-DeoxyAdenosine,45
15.5,E11_2-DeoxyAdenosine,51
15.75,E11_2-DeoxyAdenosine,48
16.0,E11_2-DeoxyAdenosine,50
16.25,E11_2-DeoxyAdenosine,47
16.5,E11_2-DeoxyAdenosine,54
16.75,E11_2-DeoxyAdenosine,52
17.0,E11_2-DeoxyAdenosine,56
17.25,E11_2-DeoxyAdenosine,55
17.5,E11_2-DeoxyAdenosine,56
17.75,E11_2-DeoxyAdenosine,63
18.0,E11_2-DeoxyAdenosine,64
18.25,E11_2-DeoxyAdenosine,58
18.5,E11_2-DeoxyAdenosine,63
18.75,E11_2-DeoxyAdenosine,65
19.0,E11_2-DeoxyAdenosine,65
19.25,E11_2-DeoxyAdenosine,69
19.5,E11_2-DeoxyAdenosine,65
19.75,E11_2-DeoxyAdenosine,74
20.0,E11_2-DeoxyAdenosine,76
20.25,E11_2-DeoxyAdenosine,73
20.5,E11_2-DeoxyAdenosine,75
20.75,E11_2-DeoxyAdenosine,78
21.0,E11_2-DeoxyAdenosine,80
21.25,E11_2-DeoxyAdenosine,82
21.5,E11_2-DeoxyAdenosine,78
21.75,E11_2-DeoxyAdenosine,82
22.0,E11_2-DeoxyAdenosine,84
22.25,E11_2-DeoxyAdenosine,81
22.5,E11_2-DeoxyAdenosine,83
22.75,E11_2-DeoxyAdenosine,82
23.0,E11_2-DeoxyAdenosine,84
23.25,E11_2-DeoxyAdenosine,87
23.5,E11_2-DeoxyAdenosine,92
23.75,E11_2-DeoxyAdenosine,90
24.0,E11_2-DeoxyAdenosine,90
24.25,E11_2-DeoxyAdenosine,91
24.5,E11_2-DeoxyAdenosine,92
24.75,E11_2-DeoxyAdenosine,90
25.0,E11_2-DeoxyAdenosine,90
25.25,E11_2-DeoxyAdenosine,92
25.5,E11_2-DeoxyAdenosine,93
25.75,E11_2-DeoxyAdenosine,93
26.0,E11_2-DeoxyAdenosine,92
26.25,E11_2-DeoxyAdenosine,96
26.5,E11_2-DeoxyAdenosine,94
26.75,E11_2-DeoxyAdenosine,93
27.0,E11_2-DeoxyAdenosine,98
27.25,E11_2-DeoxyAdenosine,99
27.5,E11_2-DeoxyAdenosine,98
27.75,E11_2-DeoxyAdenosine,101
28.0,E11_2-DeoxyAdenosine,102
28.25,E11_2-DeoxyAdenosine,106
28.5,E11_2-DeoxyAdenosine,104
28.75,E11_2-DeoxyAdenosine,111
29.0,E11_2-DeoxyAdenosine,107
29.25,E11_2-DeoxyAdenosine,112
29.5,E11_2-DeoxyAdenosine,116
29.75,E11_2-DeoxyAdenosine,115
30.0,E11_2-DeoxyAdenosine,121
30.25,E11_2-DeoxyAdenosine,121
30.5,E11_2-DeoxyAdenosine,125
30.75,E11_2-DeoxyAdenosine,126
31.0,E11_2-DeoxyAdenosine,126
31.25,E11_2-DeoxyAdenosine,128
31.5,E11_2-DeoxyAdenosine,134
31.75,E11_2-DeoxyAdenosine,137
32.0,E11_2-DeoxyAdenosine,140
32.25,E11_2-DeoxyAdenosine,145
32.5,E11_2-DeoxyAdenosine,149
32.75,E11_2-DeoxyAdenosine,151
33.0,E11_2-DeoxyAdenosine,155
33.25,E11_2-DeoxyAdenosine,158
33.5,E11_2-DeoxyAdenosine,155
33.75,E11_2-DeoxyAdenosine,160
34.0,E11_2-DeoxyAdenosine,160
34.25,E11_2-DeoxyAdenosine,166
34.5,E11_2-DeoxyAdenosine,170
34.75,E11_2-DeoxyAdenosine,172
35.0,E11_2-DeoxyAdenosine,176
35.25,E11_2-DeoxyAdenosine,176
35.5,E11_2-DeoxyAdenosine,181
35.75,E11_2-DeoxyAdenosine,186
36.0,E11_2-DeoxyAdenosine,188
36.25,E11_2-DeoxyAdenosine,191
36.5,E11_2-DeoxyAdenosine,194
36.75,E11_2-DeoxyAdenosine,198
37.0,E11_2-DeoxyAdenosine,198
37.25,E11_2-DeoxyAdenosine,201
37.5,E11_2-DeoxyAdenosine,200
37.75,E11_2-DeoxyAdenosine,207
38.0,E11_2-DeoxyAdenosine,210
38.25,E11_2-DeoxyAdenosine,209
38.5,E11_2-DeoxyAdenosine,217
38.75,E11_2-DeoxyAdenosine,217
39.0,E11_2-DeoxyAdenosine,220
39.25,E11_2-DeoxyAdenosine,220
39.5,E11_2-DeoxyAdenosine,225
39.75,E11_2-DeoxyAdenosine,226
40.0,E11_2-DeoxyAdenosine,228
40.25,E11_2-DeoxyAdenosine,228
40.5,E11_2-DeoxyAdenosine,232
40.75,E11_2-DeoxyAdenosine,234
41.0,E11_2-DeoxyAdenosine,232
41.25,E11_2-DeoxyAdenosine,236
41.5,E11_2-DeoxyAdenosine,239
41.75,E11_2-DeoxyAdenosine,239
42.0,E11_2-DeoxyAdenosine,244
42.25,E11_2-DeoxyAdenosine,242
42.5,E11_2-DeoxyAdenosine,242
42.75,E11_2-DeoxyAdenosine,244
43.0,E11_2-DeoxyAdenosine,241
43.25,E11_2-DeoxyAdenosine,243
43.5,E11_2-DeoxyAdenosine,243
43.75,E11_2-DeoxyAdenosine,243
44.0,E11_2-DeoxyAdenosine,246
44.25,E11_2-DeoxyAdenosine,248
44.5,E11_2-DeoxyAdenosine,247
44.75,E11_2-DeoxyAdenosine,247
45.0,E11_2-DeoxyAdenosine,250
45.25,E11_2-DeoxyAdenosine,250
45.5,E11_2-DeoxyAdenosine,249
45.75,E11_2-DeoxyAdenosine,248
46.0,E11_2-DeoxyAdenosine,249
46.25,E11_2-DeoxyAdenosine,251
46.5,E11_2-DeoxyAdenosine,247
46.75,E11_2-DeoxyAdenosine,251
47.0,E11_2-DeoxyAdenosine,249
47.25,E11_2-DeoxyAdenosine,249
47.5,E11_2-DeoxyAdenosine,0
0.0,E12_Adenosine,19
0.25,E12_Adenosine,19
0.5,E12_Adenosine,25
0.75,E12_Adenosine,30
1.0,E12_Adenosine,37
1.25,E12_Adenosine,31
1.5,E12_Adenosine,33
1.75,E12_Adenosine,28
2.0,E12_Adenosine,32
2.25,E12_Adenosine,24
2.5,E12_Adenosine,27
2.75,E12_Adenosine,30
3.0,E12_Adenosine,40
3.25,E12_Adenosine,28
3.5,E12_Adenosine,26
3.75,E12_Adenosine,26
4.0,E12_Adenosine,29
4.25,E12_Adenosine,30
4.5,E12_Adenosine,22
4.75,E12_Adenosine,24
5.0,E12_Adenosine,20
5.25,E12_Adenosine,27
5.5,E12_Adenosine,27
5.75,E12_Adenosine,30
6.0,E12_Adenosine,31
6.25,E12_Adenosine,30
6.5,E12_Adenosine,29
6.75,E12_Adenosine,29
7.0,E12_Adenosine,36
7.25,E12_Adenosine,35
7.5,E12_Adenosine,35
7.75,E12_Adenosine,38
8.0,E12_Adenosine,41
8.25,E12_Adenosine,41
8.5,E12_Adenosine,39
8.75,E12_Adenosine,40
9.0,E12_Adenosine,40
9.25,E12_Adenosine,39
9.5,E12_Adenosine,43
9.75,E12_Adenosine,42
10.0,E12_Adenosine,44
10.25,E12_Adenosine,45
10.5,E12_Adenosine,45
10.75,E12_Adenosine,45
11.0,E12_Adenosine,47
11.25,E12_Adenosine,48
11.5,E12_Adenosine,48
11.75,E12_Adenosine,51
12.0,E12_Adenosine,49
12.25,E12_Adenosine,53
12.5,E12_Adenosine,54
12.75,E12_Adenosine,54
13.0,E12_Adenosine,54
13.25,E12_Adenosine,54
13.5,E12_Adenosine,54
13.75,E12_Adenosine,59
14.0,E12_Adenosine,61
14.25,E12_Adenosine,58
14.5,E12_Adenosine,57
14.75,E12_Adenosine,65
15.0,E12_Adenosine,61
15.25,E12_Adenosine,65
15.5,E12_Adenosine,70
15.75,E12_Adenosine,66
16.0,E12_Adenosine,72
16.25,E12_Adenosine,74
16.5,E12_Adenosine,72
16.75,E12_Adenosine,77
17.0,E12_Adenosine,77
17.25,E12_Adenosine,74
17.5,E12_Adenosine,79
17.75,E12_Adenosine,84
18.0,E12_Adenosine,86
18.25,E12_Adenosine,88
18.5,E12_Adenosine,93
18.75,E12_Adenosine,91
19.0,E12_Adenosine,93
19.25,E12_Adenosine,92
19.5,E12_Adenosine,91
19.75,E12_Adenosine,96
20.0,E12_Adenosine,97
20.25,E12_Adenosine,102
20.5,E12_Adenosine,102
20.75,E12_Adenosine,102
21.0,E12_Adenosine,103
21.25,E12_Adenosine,105
21.5,E12_Adenosine,108
21.75,E12_Adenosine,107
22.0,E12_Adenosine,109
22.25,E12_Adenosine,109
22.5,E12_Adenosine,113
22.75,E12_Adenosine,112
23.0,E12_Adenosine,116
23.25,E12_Adenosine,119
23.5,E12_Adenosine,122
23.75,E12_Adenosine,126
24.0,E12_Adenosine,126
24.25,E12_Adenosine,128
24.5,E12_Adenosine,126
24.75,E12_Adenosine,129
25.0,E12_Adenosine,131
25.25,E12_Adenosine,132
25.5,E12_Adenosine,137
25.75,E12_Adenosine,140
26.0,E12_Adenosine,135
26.25,E12_Adenosine,146
26.5,E12_Adenosine,142
26.75,E12_Adenosine,146
27.0,E12_Adenosine,149
27.25,E12_Adenosine,151
27.5,E12_Adenosine,151
27.75,E12_Adenosine,159
28.0,E12_Adenosine,155
28.25,E12_Adenosine,161
28.5,E12_Adenosine,159
28.75,E12_Adenosine,162
29.0,E12_Adenosine,162
29.25,E12_Adenosine,157
29.5,E12_Adenosine,160
29.75,E12_Adenosine,159
30.0,E12_Adenosine,159
30.25,E12_Adenosine,158
30.5,E12_Adenosine,153
30.75,E12_Adenosine,153
31.0,E12_Adenosine,151
31.25,E12_Adenosine,153
31.5,E12_Adenosine,155
31.75,E12_Adenosine,150
32.0,E12_Adenosine,158
32.25,E12_Adenosine,158
32.5,E12_Adenosine,158
32.75,E12_Adenosine,157
33.0,E12_Adenosine,151
33.25,E12_Adenosine,156
33.5,E12_Adenosine,152
33.75,E12_Adenosine,158
34.0,E12_Adenosine,151
34.25,E12_Adenosine,150
34.5,E12_Adenosine,156
34.75,E12_Adenosine,153
35.0,E12_Adenosine,158
35.25,E12_Adenosine,155
35.5,E12_Adenosine,155
35.75,E12_Adenosine,157
36.0,E12_Adenosine,156
36.25,E12_Adenosine,154
36.5,E12_Adenosine,149
36.75,E12_Adenosine,155
37.0,E12_Adenosine,151
37.25,E12_Adenosine,153
37.5,E12_Adenosine,152
37.75,E12_Adenosine,152
38.0,E12_Adenosine,154
38.25,E12_Adenosine,149
38.5,E12_Adenosine,153
38.75,E12_Adenosine,148
39.0,E12_Adenosine,149
39.25,E12_Adenosine,150
39.5,E12_Adenosine,152
39.75,E12_Adenosine,150
40.0,E12_Adenosine,155
40.25,E12_Adenosine,154
40.5,E12_Adenosine,150
40.75,E12_Adenosine,152
41.0,E12_Adenosine,150
41.25,E12_Adenosine,151
41.5,E12_Adenosine,151
41.75,E12_Adenosine,153
42.0,E12_Adenosine,155
42.25,E12_Adenosine,149
42.5,E12_Adenosine,150
42.75,E12_Adenosine,151
43.0,E12_Adenosine,153
43.25,E12_Adenosine,152
43.5,E12_Adenosine,152
43.75,E12_Adenosine,149
44.0,E12_Adenosine,160
44.25,E12_Adenosine,150
44.5,E12_Adenosine,148
44.75,E12_Adenosine,152
45.0,E12_Adenosine,154
45.25,E12_Adenosine,155
45.5,E12_Adenosine,152
45.75,E12_Adenosine,154
46.0,E12_Adenosine,151
46.25,E12_Adenosine,152
46.5,E12_Adenosine,148
46.75,E12_Adenosine,153
47.0,E12_Adenosine,151
47.25,E12_Adenosine,157
47.5,E12_Adenosine,0
0.0,F1_Glycyl-L-Aspartic_Acid,57
0.25,F1_Glycyl-L-Aspartic_Acid,25
0.5,F1_Glycyl-L-Aspartic_Acid,35
0.75,F1_Glycyl-L-Aspartic_Acid,23
1.0,F1_Glycyl-L-Aspartic_Acid,22
1.25,F1_Glycyl-L-Aspartic_Acid,33
1.5,F1_Glycyl-L-Aspartic_Acid,32
1.75,F1_Glycyl-L-Aspartic_Acid,24
2.0,F1_Glycyl-L-Aspartic_Acid,22
2.25,F1_Glycyl-L-Aspartic_Acid,25
2.5,F1_Glycyl-L-Aspartic_Acid,24
2.75,F1_Glycyl-L-Aspartic_Acid,18
3.0,F1_Glycyl-L-Aspartic_Acid,25
3.25,F1_Glycyl-L-Aspartic_Acid,23
3.5,F1_Glycyl-L-Aspartic_Acid,29
3.75,F1_Glycyl-L-Aspartic_Acid,28
4.0,F1_Glycyl-L-Aspartic_Acid,28
4.25,F1_Glycyl-L-Aspartic_Acid,25
4.5,F1_Glycyl-L-Aspartic_Acid,29
4.75,F1_Glycyl-L-Aspartic_Acid,32
5.0,F1_Glycyl-L-Aspartic_Acid,25
5.25,F1_Glycyl-L-Aspartic_Acid,27
5.5,F1_Glycyl-L-Aspartic_Acid,29
5.75,F1_Glycyl-L-Aspartic_Acid,30
6.0,F1_Glycyl-L-Aspartic_Acid,29
6.25,F1_Glycyl-L-Aspartic_Acid,31
6.5,F1_Glycyl-L-Aspartic_Acid,37
6.75,F1_Glycyl-L-Aspartic_Acid,38
7.0,F1_Glycyl-L-Aspartic_Acid,38
7.25,F1_Glycyl-L-Aspartic_Acid,44
7.5,F1_Glycyl-L-Aspartic_Acid,39
7.75,F1_Glycyl-L-Aspartic_Acid,44
8.0,F1_Glycyl-L-Aspartic_Acid,42
8.25,F1_Glycyl-L-Aspartic_Acid,45
8.5,F1_Glycyl-L-Aspartic_Acid,48
8.75,F1_Glycyl-L-Aspartic_Acid,46
9.0,F1_Glycyl-L-Aspartic_Acid,48
9.25,F1_Glycyl-L-Aspartic_Acid,50
9.5,F1_Glycyl-L-Aspartic_Acid,54
9.75,F1_Glycyl-L-Aspartic_Acid,47
10.0,F1_Glycyl-L-Aspartic_Acid,52
10.25,F1_Glycyl-L-Aspartic_Acid,53
10.5,F1_Glycyl-L-Aspartic_Acid,51
10.75,F1_Glycyl-L-Aspartic_Acid,47
11.0,F1_Glycyl-L-Aspartic_Acid,47
11.25,F1_Glycyl-L-Aspartic_Acid,48
11.5,F1_Glycyl-L-Aspartic_Acid,54
11.75,F1_Glycyl-L-Aspartic_Acid,50
12.0,F1_Glycyl-L-Aspartic_Acid,52
12.25,F1_Glycyl-L-Aspartic_Acid,51
12.5,F1_Glycyl-L-Aspartic_Acid,52
12.75,F1_Glycyl-L-Aspartic_Acid,52
13.0,F1_Glycyl-L-Aspartic_Acid,51
13.25,F1_Glycyl-L-Aspartic_Acid,53
13.5,F1_Glycyl-L-Aspartic_Acid,52
13.75,F1_Glycyl-L-Aspartic_Acid,51
14.0,F1_Glycyl-L-Aspartic_Acid,53
14.25,F1_Glycyl-L-Aspartic_Acid,49
14.5,F1_Glycyl-L-Aspartic_Acid,49
14.75,F1_Glycyl-L-Aspartic_Acid,55
15.0,F1_Glycyl-L-Aspartic_Acid,52
15.25,F1_Glycyl-L-Aspartic_Acid,54
15.5,F1_Glycyl-L-Aspartic_Acid,54
15.75,F1_Glycyl-L-Aspartic_Acid,48
16.0,F1_Glycyl-L-Aspartic_Acid,55
16.25,F1_Glycyl-L-Aspartic_Acid,52
16.5,F1_Glycyl-L-Aspartic_Acid,54
16.75,F1_Glycyl-L-Aspartic_Acid,56
17.0,F1_Glycyl-L-Aspartic_Acid,56
17.25,F1_Glycyl-L-Aspartic_Acid,53
17.5,F1_Glycyl-L-Aspartic_Acid,57
17.75,F1_Glycyl-L-Aspartic_Acid,57
18.0,F1_Glycyl-L-Aspartic_Acid,60
18.25,F1_Glycyl-L-Aspartic_Acid,60
18.5,F1_Glycyl-L-Aspartic_Acid,59
18.75,F1_Glycyl-L-Aspartic_Acid,57
19.0,F1_Glycyl-L-Aspartic_Acid,57
19.25,F1_Glycyl-L-Aspartic_Acid,59
19.5,F1_Glycyl-L-Aspartic_Acid,58
19.75,F1_Glycyl-L-Aspartic_Acid,57
20.0,F1_Glycyl-L-Aspartic_Acid,58
20.25,F1_Glycyl-L-Aspartic_Acid,55
20.5,F1_Glycyl-L-Aspartic_Acid,60
20.75,F1_Glycyl-L-Aspartic_Acid,59
21.0,F1_Glycyl-L-Aspartic_Acid,63
21.25,F1_Glycyl-L-Aspartic_Acid,59
21.5,F1_Glycyl-L-Aspartic_Acid,57
21.75,F1_Glycyl-L-Aspartic_Acid,59
22.0,F1_Glycyl-L-Aspartic_Acid,59
22.25,F1_Glycyl-L-Aspartic_Acid,57
22.5,F1_Glycyl-L-Aspartic_Acid,56
22.75,F1_Glycyl-L-Aspartic_Acid,60
23.0,F1_Glycyl-L-Aspartic_Acid,59
23.25,F1_Glycyl-L-Aspartic_Acid,60
23.5,F1_Glycyl-L-Aspartic_Acid,57
23.75,F1_Glycyl-L-Aspartic_Acid,58
24.0,F1_Glycyl-L-Aspartic_Acid,62
24.25,F1_Glycyl-L-Aspartic_Acid,61
24.5,F1_Glycyl-L-Aspartic_Acid,60
24.75,F1_Glycyl-L-Aspartic_Acid,59
25.0,F1_Glycyl-L-Aspartic_Acid,59
25.25,F1_Glycyl-L-Aspartic_Acid,61
25.5,F1_Glycyl-L-Aspartic_Acid,62
25.75,F1_Glycyl-L-Aspartic_Acid,58
26.0,F1_Glycyl-L-Aspartic_Acid,59
26.25,F1_Glycyl-L-Aspartic_Acid,61
26.5,F1_Glycyl-L-Aspartic_Acid,62
26.75,F1_Glycyl-L-Aspartic_Acid,64
27.0,F1_Glycyl-L-Aspartic_Acid,63
27.25,F1_Glycyl-L-Aspartic_Acid,62
27.5,F1_Glycyl-L-Aspartic_Acid,64
27.75,F1_Glycyl-L-Aspartic_Acid,67
28.0,F1_Glycyl-L-Aspartic_Acid,61
28.25,F1_Glycyl-L-Aspartic_Acid,60
28.5,F1_Glycyl-L-Aspartic_Acid,61
28.75,F1_Glycyl-L-Aspartic_Acid,62
29.0,F1_Glycyl-L-Aspartic_Acid,67
29.25,F1_Glycyl-L-Aspartic_Acid,62
29.5,F1_Glycyl-L-Aspartic_Acid,65
29.75,F1_Glycyl-L-Aspartic_Acid,61
30.0,F1_Glycyl-L-Aspartic_Acid,59
30.25,F1_Glycyl-L-Aspartic_Acid,64
30.5,F1_Glycyl-L-Aspartic_Acid,58
30.75,F1_Glycyl-L-Aspartic_Acid,64
31.0,F1_Glycyl-L-Aspartic_Acid,62
31.25,F1_Glycyl-L-Aspartic_Acid,65
31.5,F1_Glycyl-L-Aspartic_Acid,63
31.75,F1_Glycyl-L-Aspartic_Acid,62
32.0,F1_Glycyl-L-Aspartic_Acid,63
32.25,F1_Glycyl-L-Aspartic_Acid,63
32.5,F1_Glycyl-L-Aspartic_Acid,64
32.75,F1_Glycyl-L-Aspartic_Acid,65
33.0,F1_Glycyl-L-Aspartic_Acid,60
33.25,F1_Glycyl-L-Aspartic_Acid,63
33.5,F1_Glycyl-L-Aspartic_Acid,62
33.75,F1_Glycyl-L-Aspartic_Acid,65
34.0,F1_Glycyl-L-Aspartic_Acid,61
34.25,F1_Glycyl-L-Aspartic_Acid,61
34.5,F1_Glycyl-L-Aspartic_Acid,66
34.75,F1_Glycyl-L-Aspartic_Acid,60
35.0,F1_Glycyl-L-Aspartic_Acid,62
35.25,F1_Glycyl-L-Aspartic_Acid,61
35.5,F1_Glycyl-L-Aspartic_Acid,61
35.75,F1_Glycyl-L-Aspartic_Acid,67
36.0,F1_Glycyl-L-Aspartic_Acid,62
36.25,F1_Glycyl-L-Aspartic_Acid,59
36.5,F1_Glycyl-L-Aspartic_Acid,62
36.75,F1_Glycyl-L-Aspartic_Acid,58
37.0,F1_Glycyl-L-Aspartic_Acid,63
37.25,F1_Glycyl-L-Aspartic_Acid,58
37.5,F1_Glycyl-L-Aspartic_Acid,63
37.75,F1_Glycyl-L-Aspartic_Acid,63
38.0,F1_Glycyl-L-Aspartic_Acid,61
38.25,F1_Glycyl-L-Aspartic_Acid,59
38.5,F1_Glycyl-L-Aspartic_Acid,61
38.75,F1_Glycyl-L-Aspartic_Acid,57
39.0,F1_Glycyl-L-Aspartic_Acid,60
39.25,F1_Glycyl-L-Aspartic_Acid,63
39.5,F1_Glycyl-L-Aspartic_Acid,62
39.75,F1_Glycyl-L-Aspartic_Acid,58
40.0,F1_Glycyl-L-Aspartic_Acid,59
40.25,F1_Glycyl-L-Aspartic_Acid,59
40.5,F1_Glycyl-L-Aspartic_Acid,62
40.75,F1_Glycyl-L-Aspartic_Acid,60
41.0,F1_Glycyl-L-Aspartic_Acid,54
41.25,F1_Glycyl-L-Aspartic_Acid,57
41.5,F1_Glycyl-L-Aspartic_Acid,54
41.75,F1_Glycyl-L-Aspartic_Acid,56
42.0,F1_Glycyl-L-Aspartic_Acid,60
42.25,F1_Glycyl-L-Aspartic_Acid,55
42.5,F1_Glycyl-L-Aspartic_Acid,54
42.75,F1_Glycyl-L-Aspartic_Acid,55
43.0,F1_Glycyl-L-Aspartic_Acid,58
43.25,F1_Glycyl-L-Aspartic_Acid,55
43.5,F1_Glycyl-L-Aspartic_Acid,50
43.75,F1_Glycyl-L-Aspartic_Acid,52
44.0,F1_Glycyl-L-Aspartic_Acid,52
44.25,F1_Glycyl-L-Aspartic_Acid,52
44.5,F1_Glycyl-L-Aspartic_Acid,47
44.75,F1_Glycyl-L-Aspartic_Acid,51
45.0,F1_Glycyl-L-Aspartic_Acid,51
45.25,F1_Glycyl-L-Aspartic_Acid,51
45.5,F1_Glycyl-L-Aspartic_Acid,51
45.75,F1_Glycyl-L-Aspartic_Acid,53
46.0,F1_Glycyl-L-Aspartic_Acid,52
46.25,F1_Glycyl-L-Aspartic_Acid,51
46.5,F1_Glycyl-L-Aspartic_Acid,52
46.75,F1_Glycyl-L-Aspartic_Acid,52
47.0,F1_Glycyl-L-Aspartic_Acid,49
47.25,F1_Glycyl-L-Aspartic_Acid,52
47.5,F1_Glycyl-L-Aspartic_Acid,0
0.0,F2_Citric_Acid,33
0.25,F2_Citric_Acid,31
0.5,F2_Citric_Acid,14
0.75,F2_Citric_Acid,18
1.0,F2_Citric_Acid,17
1.25,F2_Citric_Acid,14
1.5,F2_Citric_Acid,22
1.75,F2_Citric_Acid,18
2.0,F2_Citric_Acid,18
2.25,F2_Citric_Acid,16
2.5,F2_Citric_Acid,14
2.75,F2_Citric_Acid,21
3.0,F2_Citric_Acid,16
3.25,F2_Citric_Acid,14
3.5,F2_Citric_Acid,11
3.75,F2_Citric_Acid,12
4.0,F2_Citric_Acid,15
4.25,F2_Citric_Acid,23
4.5,F2_Citric_Acid,19
4.75,F2_Citric_Acid,15
5.0,F2_Citric_Acid,23
5.25,F2_Citric_Acid,20
5.5,F2_Citric_Acid,25
5.75,F2_Citric_Acid,23
6.0,F2_Citric_Acid,25
6.25,F2_Citric_Acid,22
6.5,F2_Citric_Acid,30
6.75,F2_Citric_Acid,27
7.0,F2_Citric_Acid,30
7.25,F2_Citric_Acid,35
7.5,F2_Citric_Acid,36
7.75,F2_Citric_Acid,33
8.0,F2_Citric_Acid,35
8.25,F2_Citric_Acid,39
8.5,F2_Citric_Acid,41
8.75,F2_Citric_Acid,42
9.0,F2_Citric_Acid,43
9.25,F2_Citric_Acid,48
9.5,F2_Citric_Acid,47
9.75,F2_Citric_Acid,49
10.0,F2_Citric_Acid,52
10.25,F2_Citric_Acid,55
10.5,F2_Citric_Acid,56
10.75,F2_Citric_Acid,56
11.0,F2_Citric_Acid,60
11.25,F2_Citric_Acid,63
11.5,F2_Citric_Acid,67
11.75,F2_Citric_Acid,70
12.0,F2_Citric_Acid,69
12.25,F2_Citric_Acid,75
12.5,F2_Citric_Acid,70
12.75,F2_Citric_Acid,78
13.0,F2_Citric_Acid,73
13.25,F2_Citric_Acid,80
13.5,F2_Citric_Acid,83
13.75,F2_Citric_Acid,82
14.0,F2_Citric_Acid,90
14.25,F2_Citric_Acid,91
14.5,F2_Citric_Acid,94
14.75,F2_Citric_Acid,95
15.0,F2_Citric_Acid,98
15.25,F2_Citric_Acid,101
15.5,F2_Citric_Acid,110
15.75,F2_Citric_Acid,111
16.0,F2_Citric_Acid,114
16.25,F2_Citric_Acid,112
16.5,F2_Citric_Acid,118
16.75,F2_Citric_Acid,121
17.0,F2_Citric_Acid,122
17.25,F2_Citric_Acid,129
17.5,F2_Citric_Acid,132
17.75,F2_Citric_Acid,136
18.0,F2_Citric_Acid,142
18.25,F2_Citric_Acid,147
18.5,F2_Citric_Acid,146
18.75,F2_Citric_Acid,153
19.0,F2_Citric_Acid,154
19.25,F2_Citric_Acid,158
19.5,F2_Citric_Acid,158
19.75,F2_Citric_Acid,162
20.0,F2_Citric_Acid,167
20.25,F2_Citric_Acid,162
20.5,F2_Citric_Acid,170
20.75,F2_Citric_Acid,174
21.0,F2_Citric_Acid,171
21.25,F2_Citric_Acid,175
21.5,F2_Citric_Acid,173
21.75,F2_Citric_Acid,176
22.0,F2_Citric_Acid,180
22.25,F2_Citric_Acid,181
22.5,F2_Citric_Acid,177
22.75,F2_Citric_Acid,179
23.0,F2_Citric_Acid,183
23.25,F2_Citric_Acid,186
23.5,F2_Citric_Acid,181
23.75,F2_Citric_Acid,186
24.0,F2_Citric_Acid,187
24.25,F2_Citric_Acid,186
24.5,F2_Citric_Acid,185
24.75,F2_Citric_Acid,187
25.0,F2_Citric_Acid,185
25.25,F2_Citric_Acid,188
25.5,F2_Citric_Acid,189
25.75,F2_Citric_Acid,185
26.0,F2_Citric_Acid,188
26.25,F2_Citric_Acid,184
26.5,F2_Citric_Acid,183
26.75,F2_Citric_Acid,182
27.0,F2_Citric_Acid,186
27.25,F2_Citric_Acid,184
27.5,F2_Citric_Acid,187
27.75,F2_Citric_Acid,182
28.0,F2_Citric_Acid,184
28.25,F2_Citric_Acid,187
28.5,F2_Citric_Acid,184
28.75,F2_Citric_Acid,182
29.0,F2_Citric_Acid,183
29.25,F2_Citric_Acid,179
29.5,F2_Citric_Acid,183
29.75,F2_Citric_Acid,183
30.0,F2_Citric_Acid,179
30.25,F2_Citric_Acid,187
30.5,F2_Citric_Acid,182
30.75,F2_Citric_Acid,177
31.0,F2_Citric_Acid,180
31.25,F2_Citric_Acid,183
31.5,F2_Citric_Acid,184
31.75,F2_Citric_Acid,179
32.0,F2_Citric_Acid,182
32.25,F2_Citric_Acid,184
32.5,F2_Citric_Acid,181
32.75,F2_Citric_Acid,184
33.0,F2_Citric_Acid,181
33.25,F2_Citric_Acid,183
33.5,F2_Citric_Acid,179
33.75,F2_Citric_Acid,182
34.0,F2_Citric_Acid,176
34.25,F2_Citric_Acid,179
34.5,F2_Citric_Acid,180
34.75,F2_Citric_Acid,178
35.0,F2_Citric_Acid,184
35.25,F2_Citric_Acid,180
35.5,F2_Citric_Acid,178
35.75,F2_Citric_Acid,181
36.0,F2_Citric_Acid,175
36.25,F2_Citric_Acid,178
36.5,F2_Citric_Acid,174
36.75,F2_Citric_Acid,180
37.0,F2_Citric_Acid,178
37.25,F2_Citric_Acid,175
37.5,F2_Citric_Acid,179
37.75,F2_Citric_Acid,179
38.0,F2_Citric_Acid,175
38.25,F2_Citric_Acid,172
38.5,F2_Citric_Acid,177
38.75,F2_Citric_Acid,177
39.0,F2_Citric_Acid,176
39.25,F2_Citric_Acid,175
39.5,F2_Citric_Acid,178
39.75,F2_Citric_Acid,175
40.0,F2_Citric_Acid,174
40.25,F2_Citric_Acid,174
40.5,F2_Citric_Acid,177
40.75,F2_Citric_Acid,174
41.0,F2_Citric_Acid,175
41.25,F2_Citric_Acid,174
41.5,F2_Citric_Acid,175
41.75,F2_Citric_Acid,172
42.0,F2_Citric_Acid,172
42.25,F2_Citric_Acid,171
42.5,F2_Citric_Acid,172
42.75,F2_Citric_Acid,175
43.0,F2_Citric_Acid,173
43.25,F2_Citric_Acid,173
43.5,F2_Citric_Acid,170
43.75,F2_Citric_Acid,171
44.0,F2_Citric_Acid,177
44.25,F2_Citric_Acid,174
44.5,F2_Citric_Acid,170
44.75,F2_Citric_Acid,177
45.0,F2_Citric_Acid,170
45.25,F2_Citric_Acid,174
45.5,F2_Citric_Acid,175
45.75,F2_Citric_Acid,173
46.0,F2_Citric_Acid,172
46.25,F2_Citric_Acid,172
46.5,F2_Citric_Acid,174
46.75,F2_Citric_Acid,177
47.0,F2_Citric_Acid,170
47.25,F2_Citric_Acid,169
47.5,F2_Citric_Acid,0
0.0,F3_myo-Inositol,14
0.25,F3_myo-Inositol,15
0.5,F3_myo-Inositol,13
0.75,F3_myo-Inositol,19
1.0,F3_myo-Inositol,18
1.25,F3_myo-Inositol,17
1.5,F3_myo-Inositol,16
1.75,F3_myo-Inositol,17
2.0,F3_myo-Inositol,17
2.25,F3_myo-Inositol,18
2.5,F3_myo-Inositol,16
2.75,F3_myo-Inositol,16
3.0,F3_myo-Inositol,17
3.25,F3_myo-Inositol,13
3.5,F3_myo-Inositol,13
3.75,F3_myo-Inositol,15
4.0,F3_myo-Inositol,14
4.25,F3_myo-Inositol,18
4.5,F3_myo-Inositol,19
4.75,F3_myo-Inositol,21
5.0,F3_myo-Inositol,19
5.25,F3_myo-Inositol,21
5.5,F3_myo-Inositol,21
5.75,F3_myo-Inositol,21
6.0,F3_myo-Inositol,21
6.25,F3_myo-Inositol,20
6.5,F3_myo-Inositol,22
6.75,F3_myo-Inositol,28
7.0,F3_myo-Inositol,27
7.25,F3_myo-Inositol,22
7.5,F3_myo-Inositol,25
7.75,F3_myo-Inositol,26
8.0,F3_myo-Inositol,29
8.25,F3_myo-Inositol,25
8.5,F3_myo-Inositol,28
8.75,F3_myo-Inositol,29
9.0,F3_myo-Inositol,26
9.25,F3_myo-Inositol,26
9.5,F3_myo-Inositol,33
9.75,F3_myo-Inositol,29
10.0,F3_myo-Inositol,27
10.25,F3_myo-Inositol,24
10.5,F3_myo-Inositol,25
10.75,F3_myo-Inositol,28
11.0,F3_myo-Inositol,29
11.25,F3_myo-Inositol,27
11.5,F3_myo-Inositol,30
11.75,F3_myo-Inositol,33
12.0,F3_myo-Inositol,35
12.25,F3_myo-Inositol,32
12.5,F3_myo-Inositol,33
12.75,F3_myo-Inositol,31
13.0,F3_myo-Inositol,31
13.25,F3_myo-Inositol,31
13.5,F3_myo-Inositol,34
13.75,F3_myo-Inositol,30
14.0,F3_myo-Inositol,35
14.25,F3_myo-Inositol,30
14.5,F3_myo-Inositol,28
14.75,F3_myo-Inositol,33
15.0,F3_myo-Inositol,31
15.25,F3_myo-Inositol,33
15.5,F3_myo-Inositol,35
15.75,F3_myo-Inositol,33
16.0,F3_myo-Inositol,34
16.25,F3_myo-Inositol,30
16.5,F3_myo-Inositol,30
16.75,F3_myo-Inositol,33
17.0,F3_myo-Inositol,33
17.25,F3_myo-Inositol,35
17.5,F3_myo-Inositol,36
17.75,F3_myo-Inositol,37
18.0,F3_myo-Inositol,36
18.25,F3_myo-Inositol,42
18.5,F3_myo-Inositol,39
18.75,F3_myo-Inositol,42
19.0,F3_myo-Inositol,42
19.25,F3_myo-Inositol,39
19.5,F3_myo-Inositol,37
19.75,F3_myo-Inositol,40
20.0,F3_myo-Inositol,39
20.25,F3_myo-Inositol,39
20.5,F3_myo-Inositol,39
20.75,F3_myo-Inositol,42
21.0,F3_myo-Inositol,41
21.25,F3_myo-Inositol,43
21.5,F3_myo-Inositol,43
21.75,F3_myo-Inositol,38
22.0,F3_myo-Inositol,43
22.25,F3_myo-Inositol,43
22.5,F3_myo-Inositol,43
22.75,F3_myo-Inositol,41
23.0,F3_myo-Inositol,45
23.25,F3_myo-Inositol,43
23.5,F3_myo-Inositol,44
23.75,F3_myo-Inositol,44
24.0,F3_myo-Inositol,47
24.25,F3_myo-Inositol,45
24.5,F3_myo-Inositol,44
24.75,F3_myo-Inositol,45
25.0,F3_myo-Inositol,45
25.25,F3_myo-Inositol,47
25.5,F3_myo-Inositol,49
25.75,F3_myo-Inositol,47
26.0,F3_myo-Inositol,45
26.25,F3_myo-Inositol,49
26.5,F3_myo-Inositol,50
26.75,F3_myo-Inositol,49
27.0,F3_myo-Inositol,48
27.25,F3_myo-Inositol,47
27.5,F3_myo-Inositol,53
27.75,F3_myo-Inositol,48
28.0,F3_myo-Inositol,51
28.25,F3_myo-Inositol,51
28.5,F3_myo-Inositol,53
28.75,F3_myo-Inositol,50
29.0,F3_myo-Inositol,48
29.25,F3_myo-Inositol,49
29.5,F3_myo-Inositol,56
29.75,F3_myo-Inositol,54
30.0,F3_myo-Inositol,49
30.25,F3_myo-Inositol,51
30.5,F3_myo-Inositol,55
30.75,F3_myo-Inositol,53
31.0,F3_myo-Inositol,55
31.25,F3_myo-Inositol,53
31.5,F3_myo-Inositol,57
31.75,F3_myo-Inositol,53
32.0,F3_myo-Inositol,60
32.25,F3_myo-Inositol,59
32.5,F3_myo-Inositol,59
32.75,F3_myo-Inositol,59
33.0,F3_myo-Inositol,59
33.25,F3_myo-Inositol,58
33.5,F3_myo-Inositol,60
33.75,F3_myo-Inositol,64
34.0,F3_myo-Inositol,60
34.25,F3_myo-Inositol,64
34.5,F3_myo-Inositol,63
34.75,F3_myo-Inositol,61
35.0,F3_myo-Inositol,60
35.25,F3_myo-Inositol,64
35.5,F3_myo-Inositol,62
35.75,F3_myo-Inositol,68
36.0,F3_myo-Inositol,67
36.25,F3_myo-Inositol,65
36.5,F3_myo-Inositol,67
36.75,F3_myo-Inositol,64
37.0,F3_myo-Inositol,65
37.25,F3_myo-Inositol,68
37.5,F3_myo-Inositol,69
37.75,F3_myo-Inositol,69
38.0,F3_myo-Inositol,68
38.25,F3_myo-Inositol,68
38.5,F3_myo-Inositol,72
38.75,F3_myo-Inositol,70
39.0,F3_myo-Inositol,70
39.25,F3_myo-Inositol,70
39.5,F3_myo-Inositol,71
39.75,F3_myo-Inositol,72
40.0,F3_myo-Inositol,75
40.25,F3_myo-Inositol,75
40.5,F3_myo-Inositol,74
40.75,F3_myo-Inositol,74
41.0,F3_myo-Inositol,75
41.25,F3_myo-Inositol,76
41.5,F3_myo-Inositol,80
41.75,F3_myo-Inositol,79
42.0,F3_myo-Inositol,81
42.25,F3_myo-Inositol,78
42.5,F3_myo-Inositol,79
42.75,F3_myo-Inositol,78
43.0,F3_myo-Inositol,85
43.25,F3_myo-Inositol,80
43.5,F3_myo-Inositol,79
43.75,F3_myo-Inositol,81
44.0,F3_myo-Inositol,86
44.25,F3_myo-Inositol,83
44.5,F3_myo-Inositol,87
44.75,F3_myo-Inositol,85
45.0,F3_myo-Inositol,89
45.25,F3_myo-Inositol,87
45.5,F3_myo-Inositol,88
45.75,F3_myo-Inositol,90
46.0,F3_myo-Inositol,88
46.25,F3_myo-Inositol,93
46.5,F3_myo-Inositol,93
46.75,F3_myo-Inositol,91
47.0,F3_myo-Inositol,92
47.25,F3_myo-Inositol,92
47.5,F3_myo-Inositol,0
0.0,F4_D-Threonine,25
0.25,F4_D-Threonine,20
0.5,F4_D-Threonine,18
0.75,F4_D-Threonine,19
1.0,F4_D-Threonine,15
1.25,F4_D-Threonine,11
1.5,F4_D-Threonine,19
1.75,F4_D-Threonine,18
2.0,F4_D-Threonine,19
2.25,F4_D-Threonine,15
2.5,F4_D-Threonine,14
2.75,F4_D-Threonine,18
3.0,F4_D-Threonine,13
3.25,F4_D-Threonine,11
3.5,F4_D-Threonine,11
3.75,F4_D-Threonine,11
4.0,F4_D-Threonine,11
4.25,F4_D-Threonine,16
4.5,F4_D-Threonine,15
4.75,F4_D-Threonine,11
5.0,F4_D-Threonine,14
5.25,F4_D-Threonine,20
5.5,F4_D-Threonine,16
5.75,F4_D-Threonine,17
6.0,F4_D-Threonine,14
6.25,F4_D-Threonine,11
6.5,F4_D-Threonine,15
6.75,F4_D-Threonine,14
7.0,F4_D-Threonine,21
7.25,F4_D-Threonine,14
7.5,F4_D-Threonine,19
7.75,F4_D-Threonine,17
8.0,F4_D-Threonine,17
8.25,F4_D-Threonine,19
8.5,F4_D-Threonine,23
8.75,F4_D-Threonine,19
9.0,F4_D-Threonine,19
9.25,F4_D-Threonine,18
9.5,F4_D-Threonine,24
9.75,F4_D-Threonine,18
10.0,F4_D-Threonine,18
10.25,F4_D-Threonine,20
10.5,F4_D-Threonine,18
10.75,F4_D-Threonine,17
11.0,F4_D-Threonine,24
11.25,F4_D-Threonine,19
11.5,F4_D-Threonine,19
11.75,F4_D-Threonine,20
12.0,F4_D-Threonine,20
12.25,F4_D-Threonine,18
12.5,F4_D-Threonine,19
12.75,F4_D-Threonine,21
13.0,F4_D-Threonine,23
13.25,F4_D-Threonine,20
13.5,F4_D-Threonine,16
13.75,F4_D-Threonine,17
14.0,F4_D-Threonine,19
14.25,F4_D-Threonine,27
14.5,F4_D-Threonine,21
14.75,F4_D-Threonine,23
15.0,F4_D-Threonine,22
15.25,F4_D-Threonine,18
15.5,F4_D-Threonine,21
15.75,F4_D-Threonine,17
16.0,F4_D-Threonine,20
16.25,F4_D-Threonine,25
16.5,F4_D-Threonine,17
16.75,F4_D-Threonine,19
17.0,F4_D-Threonine,16
17.25,F4_D-Threonine,18
17.5,F4_D-Threonine,20
17.75,F4_D-Threonine,20
18.0,F4_D-Threonine,25
18.25,F4_D-Threonine,19
18.5,F4_D-Threonine,22
18.75,F4_D-Threonine,20
19.0,F4_D-Threonine,22
19.25,F4_D-Threonine,17
19.5,F4_D-Threonine,23
19.75,F4_D-Threonine,20
20.0,F4_D-Threonine,18
20.25,F4_D-Threonine,24
20.5,F4_D-Threonine,21
20.75,F4_D-Threonine,20
21.0,F4_D-Threonine,18
21.25,F4_D-Threonine,16
21.5,F4_D-Threonine,24
21.75,F4_D-Threonine,15
22.0,F4_D-Threonine,21
22.25,F4_D-Threonine,18
22.5,F4_D-Threonine,19
22.75,F4_D-Threonine,17
23.0,F4_D-Threonine,19
23.25,F4_D-Threonine,23
23.5,F4_D-Threonine,22
23.75,F4_D-Threonine,21
24.0,F4_D-Threonine,21
24.25,F4_D-Threonine,20
24.5,F4_D-Threonine,26
24.75,F4_D-Threonine,19
25.0,F4_D-Threonine,21
25.25,F4_D-Threonine,18
25.5,F4_D-Threonine,21
25.75,F4_D-Threonine,24
26.0,F4_D-Threonine,20
26.25,F4_D-Threonine,24
26.5,F4_D-Threonine,23
26.75,F4_D-Threonine,20
27.0,F4_D-Threonine,25
27.25,F4_D-Threonine,21
27.5,F4_D-Threonine,17
27.75,F4_D-Threonine,22
28.0,F4_D-Threonine,17
28.25,F4_D-Threonine,19
28.5,F4_D-Threonine,18
28.75,F4_D-Threonine,22
29.0,F4_D-Threonine,24
29.25,F4_D-Threonine,19
29.5,F4_D-Threonine,16
29.75,F4_D-Threonine,25
30.0,F4_D-Threonine,17
30.25,F4_D-Threonine,21
30.5,F4_D-Threonine,20
30.75,F4_D-Threonine,20
31.0,F4_D-Threonine,20
31.25,F4_D-Threonine,22
31.5,F4_D-Threonine,21
31.75,F4_D-Threonine,25
32.0,F4_D-Threonine,25
32.25,F4_D-Threonine,19
32.5,F4_D-Threonine,23
32.75,F4_D-Threonine,21
33.0,F4_D-Threonine,23
33.25,F4_D-Threonine,23
33.5,F4_D-Threonine,22
33.75,F4_D-Threonine,23
34.0,F4_D-Threonine,19
34.25,F4_D-Threonine,23
34.5,F4_D-Threonine,23
34.75,F4_D-Threonine,27
35.0,F4_D-Threonine,21
35.25,F4_D-Threonine,23
35.5,F4_D-Threonine,22
35.75,F4_D-Threonine,23
36.0,F4_D-Threonine,28
36.25,F4_D-Threonine,22
36.5,F4_D-Threonine,24
36.75,F4_D-Threonine,17
37.0,F4_D-Threonine,24
37.25,F4_D-Threonine,26
37.5,F4_D-Threonine,21
37.75,F4_D-Threonine,27
38.0,F4_D-Threonine,22
38.25,F4_D-Threonine,32
38.5,F4_D-Threonine,22
38.75,F4_D-Threonine,23
39.0,F4_D-Threonine,21
39.25,F4_D-Threonine,25
39.5,F4_D-Threonine,23
39.75,F4_D-Threonine,20
40.0,F4_D-Threonine,21
40.25,F4_D-Threonine,23
40.5,F4_D-Threonine,19
40.75,F4_D-Threonine,24
41.0,F4_D-Threonine,25
41.25,F4_D-Threonine,22
41.5,F4_D-Threonine,23
41.75,F4_D-Threonine,24
42.0,F4_D-Threonine,20
42.25,F4_D-Threonine,22
42.5,F4_D-Threonine,23
42.75,F4_D-Threonine,26
43.0,F4_D-Threonine,23
43.25,F4_D-Threonine,23
43.5,F4_D-Threonine,24
43.75,F4_D-Threonine,22
44.0,F4_D-Threonine,26
44.25,F4_D-Threonine,20
44.5,F4_D-Threonine,29
44.75,F4_D-Threonine,26
45.0,F4_D-Threonine,21
45.25,F4_D-Threonine,25
45.5,F4_D-Threonine,25
45.75,F4_D-Threonine,24
46.0,F4_D-Threonine,26
46.25,F4_D-Threonine,25
46.5,F4_D-Threonine,24
46.75,F4_D-Threonine,25
47.0,F4_D-Threonine,24
47.25,F4_D-Threonine,25
47.5,F4_D-Threonine,0
0.0,F5_Fumaric_Acid,11
0.25,F5_Fumaric_Acid,20
0.5,F5_Fumaric_Acid,29
0.75,F5_Fumaric_Acid,16
1.0,F5_Fumaric_Acid,16
1.25,F5_Fumaric_Acid,16
1.5,F5_Fumaric_Acid,18
1.75,F5_Fumaric_Acid,17
2.0,F5_Fumaric_Acid,19
2.25,F5_Fumaric_Acid,18
2.5,F5_Fumaric_Acid,15
2.75,F5_Fumaric_Acid,15
3.0,F5_Fumaric_Acid,19
3.25,F5_Fumaric_Acid,16
3.5,F5_Fumaric_Acid,14
3.75,F5_Fumaric_Acid,11
4.0,F5_Fumaric_Acid,11
4.25,F5_Fumaric_Acid,16
4.5,F5_Fumaric_Acid,16
4.75,F5_Fumaric_Acid,15
5.0,F5_Fumaric_Acid,18
5.25,F5_Fumaric_Acid,19
5.5,F5_Fumaric_Acid,19
5.75,F5_Fumaric_Acid,23
6.0,F5_Fumaric_Acid,27
6.25,F5_Fumaric_Acid,25
6.5,F5_Fumaric_Acid,32
6.75,F5_Fumaric_Acid,35
7.0,F5_Fumaric_Acid,44
7.25,F5_Fumaric_Acid,46
7.5,F5_Fumaric_Acid,48
7.75,F5_Fumaric_Acid,54
8.0,F5_Fumaric_Acid,58
8.25,F5_Fumaric_Acid,64
8.5,F5_Fumaric_Acid,67
8.75,F5_Fumaric_Acid,72
9.0,F5_Fumaric_Acid,79
9.25,F5_Fumaric_Acid,78
9.5,F5_Fumaric_Acid,83
9.75,F5_Fumaric_Acid,89
10.0,F5_Fumaric_Acid,98
10.25,F5_Fumaric_Acid,101
10.5,F5_Fumaric_Acid,103
10.75,F5_Fumaric_Acid,111
11.0,F5_Fumaric_Acid,115
11.25,F5_Fumaric_Acid,119
11.5,F5_Fumaric_Acid,127
11.75,F5_Fumaric_Acid,128
12.0,F5_Fumaric_Acid,130
12.25,F5_Fumaric_Acid,135
12.5,F5_Fumaric_Acid,140
12.75,F5_Fumaric_Acid,148
13.0,F5_Fumaric_Acid,145
13.25,F5_Fumaric_Acid,152
13.5,F5_Fumaric_Acid,156
13.75,F5_Fumaric_Acid,162
14.0,F5_Fumaric_Acid,157
14.25,F5_Fumaric_Acid,165
14.5,F5_Fumaric_Acid,168
14.75,F5_Fumaric_Acid,167
15.0,F5_Fumaric_Acid,168
15.25,F5_Fumaric_Acid,176
15.5,F5_Fumaric_Acid,177
15.75,F5_Fumaric_Acid,187
16.0,F5_Fumaric_Acid,187
16.25,F5_Fumaric_Acid,185
16.5,F5_Fumaric_Acid,191
16.75,F5_Fumaric_Acid,191
17.0,F5_Fumaric_Acid,195
17.25,F5_Fumaric_Acid,198
17.5,F5_Fumaric_Acid,197
17.75,F5_Fumaric_Acid,199
18.0,F5_Fumaric_Acid,204
18.25,F5_Fumaric_Acid,207
18.5,F5_Fumaric_Acid,207
18.75,F5_Fumaric_Acid,208
19.0,F5_Fumaric_Acid,211
19.25,F5_Fumaric_Acid,213
19.5,F5_Fumaric_Acid,215
19.75,F5_Fumaric_Acid,218
20.0,F5_Fumaric_Acid,222
20.25,F5_Fumaric_Acid,220
20.5,F5_Fumaric_Acid,219
20.75,F5_Fumaric_Acid,222
21.0,F5_Fumaric_Acid,222
21.25,F5_Fumaric_Acid,222
21.5,F5_Fumaric_Acid,225
21.75,F5_Fumaric_Acid,227
22.0,F5_Fumaric_Acid,227
22.25,F5_Fumaric_Acid,227
22.5,F5_Fumaric_Acid,229
22.75,F5_Fumaric_Acid,227
23.0,F5_Fumaric_Acid,232
23.25,F5_Fumaric_Acid,235
23.5,F5_Fumaric_Acid,234
23.75,F5_Fumaric_Acid,233
24.0,F5_Fumaric_Acid,237
24.25,F5_Fumaric_Acid,237
24.5,F5_Fumaric_Acid,235
24.75,F5_Fumaric_Acid,239
25.0,F5_Fumaric_Acid,239
25.25,F5_Fumaric_Acid,238
25.5,F5_Fumaric_Acid,240
25.75,F5_Fumaric_Acid,241
26.0,F5_Fumaric_Acid,241
26.25,F5_Fumaric_Acid,244
26.5,F5_Fumaric_Acid,243
26.75,F5_Fumaric_Acid,243
27.0,F5_Fumaric_Acid,241
27.25,F5_Fumaric_Acid,243
27.5,F5_Fumaric_Acid,243
27.75,F5_Fumaric_Acid,244
28.0,F5_Fumaric_Acid,242
28.25,F5_Fumaric_Acid,244
28.5,F5_Fumaric_Acid,244
28.75,F5_Fumaric_Acid,246
29.0,F5_Fumaric_Acid,247
29.25,F5_Fumaric_Acid,244
29.5,F5_Fumaric_Acid,244
29.75,F5_Fumaric_Acid,249
30.0,F5_Fumaric_Acid,245
30.25,F5_Fumaric_Acid,246
30.5,F5_Fumaric_Acid,249
30.75,F5_Fumaric_Acid,248
31.0,F5_Fumaric_Acid,246
31.25,F5_Fumaric_Acid,247
31.5,F5_Fumaric_Acid,249
31.75,F5_Fumaric_Acid,248
32.0,F5_Fumaric_Acid,251
32.25,F5_Fumaric_Acid,247
32.5,F5_Fumaric_Acid,252
32.75,F5_Fumaric_Acid,250
33.0,F5_Fumaric_Acid,250
33.25,F5_Fumaric_Acid,246
33.5,F5_Fumaric_Acid,250
33.75,F5_Fumaric_Acid,249
34.0,F5_Fumaric_Acid,247
34.25,F5_Fumaric_Acid,248
34.5,F5_Fumaric_Acid,248
34.75,F5_Fumaric_Acid,244
35.0,F5_Fumaric_Acid,248
35.25,F5_Fumaric_Acid,251
35.5,F5_Fumaric_Acid,248
35.75,F5_Fumaric_Acid,250
36.0,F5_Fumaric_Acid,244
36.25,F5_Fumaric_Acid,247
36.5,F5_Fumaric_Acid,247
36.75,F5_Fumaric_Acid,247
37.0,F5_Fumaric_Acid,249
37.25,F5_Fumaric_Acid,248
37.5,F5_Fumaric_Acid,245
37.75,F5_Fumaric_Acid,245
38.0,F5_Fumaric_Acid,247
38.25,F5_Fumaric_Acid,243
38.5,F5_Fumaric_Acid,246
38.75,F5_Fumaric_Acid,247
39.0,F5_Fumaric_Acid,244
39.25,F5_Fumaric_Acid,244
39.5,F5_Fumaric_Acid,247
39.75,F5_Fumaric_Acid,248
40.0,F5_Fumaric_Acid,243
40.25,F5_Fumaric_Acid,244
40.5,F5_Fumaric_Acid,244
40.75,F5_Fumaric_Acid,246
41.0,F5_Fumaric_Acid,241
41.25,F5_Fumaric_Acid,246
41.5,F5_Fumaric_Acid,248
41.75,F5_Fumaric_Acid,244
42.0,F5_Fumaric_Acid,242
42.25,F5_Fumaric_Acid,244
42.5,F5_Fumaric_Acid,239
42.75,F5_Fumaric_Acid,243
43.0,F5_Fumaric_Acid,245
43.25,F5_Fumaric_Acid,244
43.5,F5_Fumaric_Acid,242
43.75,F5_Fumaric_Acid,240
44.0,F5_Fumaric_Acid,242
44.25,F5_Fumaric_Acid,245
44.5,F5_Fumaric_Acid,241
44.75,F5_Fumaric_Acid,244
45.0,F5_Fumaric_Acid,245
45.25,F5_Fumaric_Acid,245
45.5,F5_Fumaric_Acid,245
45.75,F5_Fumaric_Acid,245
46.0,F5_Fumaric_Acid,244
46.25,F5_Fumaric_Acid,246
46.5,F5_Fumaric_Acid,246
46.75,F5_Fumaric_Acid,244
47.0,F5_Fumaric_Acid,242
47.25,F5_Fumaric_Acid,246
47.5,F5_Fumaric_Acid,0
0.0,F6_Bromo_Succinic_Acid,35
0.25,F6_Bromo_Succinic_Acid,11
0.5,F6_Bromo_Succinic_Acid,11
0.75,F6_Bromo_Succinic_Acid,17
1.0,F6_Bromo_Succinic_Acid,21
1.25,F6_Bromo_Succinic_Acid,14
1.5,F6_Bromo_Succinic_Acid,18
1.75,F6_Bromo_Succinic_Acid,20
2.0,F6_Bromo_Succinic_Acid,15
2.25,F6_Bromo_Succinic_Acid,14
2.5,F6_Bromo_Succinic_Acid,12
2.75,F6_Bromo_Succinic_Acid,18
3.0,F6_Bromo_Succinic_Acid,13
3.25,F6_Bromo_Succinic_Acid,12
3.5,F6_Bromo_Succinic_Acid,12
3.75,F6_Bromo_Succinic_Acid,11
4.0,F6_Bromo_Succinic_Acid,11
4.25,F6_Bromo_Succinic_Acid,14
4.5,F6_Bromo_Succinic_Acid,15
4.75,F6_Bromo_Succinic_Acid,15
5.0,F6_Bromo_Succinic_Acid,19
5.25,F6_Bromo_Succinic_Acid,21
5.5,F6_Bromo_Succinic_Acid,19
5.75,F6_Bromo_Succinic_Acid,23
6.0,F6_Bromo_Succinic_Acid,20
6.25,F6_Bromo_Succinic_Acid,23
6.5,F6_Bromo_Succinic_Acid,23
6.75,F6_Bromo_Succinic_Acid,29
7.0,F6_Bromo_Succinic_Acid,32
7.25,F6_Bromo_Succinic_Acid,32
7.5,F6_Bromo_Succinic_Acid,31
7.75,F6_Bromo_Succinic_Acid,36
8.0,F6_Bromo_Succinic_Acid,40
8.25,F6_Bromo_Succinic_Acid,41
8.5,F6_Bromo_Succinic_Acid,44
8.75,F6_Bromo_Succinic_Acid,47
9.0,F6_Bromo_Succinic_Acid,49
9.25,F6_Bromo_Succinic_Acid,54
9.5,F6_Bromo_Succinic_Acid,60
9.75,F6_Bromo_Succinic_Acid,66
10.0,F6_Bromo_Succinic_Acid,63
10.25,F6_Bromo_Succinic_Acid,70
10.5,F6_Bromo_Succinic_Acid,77
10.75,F6_Bromo_Succinic_Acid,79
11.0,F6_Bromo_Succinic_Acid,92
11.25,F6_Bromo_Succinic_Acid,95
11.5,F6_Bromo_Succinic_Acid,93
11.75,F6_Bromo_Succinic_Acid,107
12.0,F6_Bromo_Succinic_Acid,110
12.25,F6_Bromo_Succinic_Acid,119
12.5,F6_Bromo_Succinic_Acid,123
12.75,F6_Bromo_Succinic_Acid,126
13.0,F6_Bromo_Succinic_Acid,131
13.25,F6_Bromo_Succinic_Acid,132
13.5,F6_Bromo_Succinic_Acid,130
13.75,F6_Bromo_Succinic_Acid,131
14.0,F6_Bromo_Succinic_Acid,133
14.25,F6_Bromo_Succinic_Acid,136
14.5,F6_Bromo_Succinic_Acid,134
14.75,F6_Bromo_Succinic_Acid,139
15.0,F6_Bromo_Succinic_Acid,140
15.25,F6_Bromo_Succinic_Acid,140
15.5,F6_Bromo_Succinic_Acid,141
15.75,F6_Bromo_Succinic_Acid,139
16.0,F6_Bromo_Succinic_Acid,144
16.25,F6_Bromo_Succinic_Acid,145
16.5,F6_Bromo_Succinic_Acid,142
16.75,F6_Bromo_Succinic_Acid,139
17.0,F6_Bromo_Succinic_Acid,137
17.25,F6_Bromo_Succinic_Acid,140
17.5,F6_Bromo_Succinic_Acid,138
17.75,F6_Bromo_Succinic_Acid,141
18.0,F6_Bromo_Succinic_Acid,145
18.25,F6_Bromo_Succinic_Acid,140
18.5,F6_Bromo_Succinic_Acid,140
18.75,F6_Bromo_Succinic_Acid,145
19.0,F6_Bromo_Succinic_Acid,146
19.25,F6_Bromo_Succinic_Acid,145
19.5,F6_Bromo_Succinic_Acid,146
19.75,F6_Bromo_Succinic_Acid,143
20.0,F6_Bromo_Succinic_Acid,143
20.25,F6_Bromo_Succinic_Acid,143
20.5,F6_Bromo_Succinic_Acid,142
20.75,F6_Bromo_Succinic_Acid,139
21.0,F6_Bromo_Succinic_Acid,143
21.25,F6_Bromo_Succinic_Acid,147
21.5,F6_Bromo_Succinic_Acid,142
21.75,F6_Bromo_Succinic_Acid,144
22.0,F6_Bromo_Succinic_Acid,146
22.25,F6_Bromo_Succinic_Acid,144
22.5,F6_Bromo_Succinic_Acid,144
22.75,F6_Bromo_Succinic_Acid,140
23.0,F6_Bromo_Succinic_Acid,148
23.25,F6_Bromo_Succinic_Acid,149
23.5,F6_Bromo_Succinic_Acid,150
23.75,F6_Bromo_Succinic_Acid,144
24.0,F6_Bromo_Succinic_Acid,147
24.25,F6_Bromo_Succinic_Acid,144
24.5,F6_Bromo_Succinic_Acid,151
24.75,F6_Bromo_Succinic_Acid,147
25.0,F6_Bromo_Succinic_Acid,151
25.25,F6_Bromo_Succinic_Acid,148
25.5,F6_Bromo_Succinic_Acid,148
25.75,F6_Bromo_Succinic_Acid,150
26.0,F6_Bromo_Succinic_Acid,151
26.25,F6_Bromo_Succinic_Acid,147
26.5,F6_Bromo_Succinic_Acid,150
26.75,F6_Bromo_Succinic_Acid,152
27.0,F6_Bromo_Succinic_Acid,149
27.25,F6_Bromo_Succinic_Acid,151
27.5,F6_Bromo_Succinic_Acid,150
27.75,F6_Bromo_Succinic_Acid,148
28.0,F6_Bromo_Succinic_Acid,149
28.25,F6_Bromo_Succinic_Acid,151
28.5,F6_Bromo_Succinic_Acid,146
28.75,F6_Bromo_Succinic_Acid,152
29.0,F6_Bromo_Succinic_Acid,150
29.25,F6_Bromo_Succinic_Acid,150
29.5,F6_Bromo_Succinic_Acid,148
29.75,F6_Bromo_Succinic_Acid,149
30.0,F6_Bromo_Succinic_Acid,145
30.25,F6_Bromo_Succinic_Acid,146
30.5,F6_Bromo_Succinic_Acid,147
30.75,F6_Bromo_Succinic_Acid,149
31.0,F6_Bromo_Succinic_Acid,149
31.25,F6_Bromo_Succinic_Acid,150
31.5,F6_Bromo_Succinic_Acid,150
31.75,F6_Bromo_Succinic_Acid,149
32.0,F6_Bromo_Succinic_Acid,154
32.25,F6_Bromo_Succinic_Acid,151
32.5,F6_Bromo_Succinic_Acid,152
32.75,F6_Bromo_Succinic_Acid,150
33.0,F6_Bromo_Succinic_Acid,151
33.25,F6_Bromo_Succinic_Acid,152
33.5,F6_Bromo_Succinic_Acid,148
33.75,F6_Bromo_Succinic_Acid,149
34.0,F6_Bromo_Succinic_Acid,148
34.25,F6_Bromo_Succinic_Acid,148
34.5,F6_Bromo_Succinic_Acid,155
34.75,F6_Bromo_Succinic_Acid,151
35.0,F6_Bromo_Succinic_Acid,150
35.25,F6_Bromo_Succinic_Acid,152
35.5,F6_Bromo_Succinic_Acid,152
35.75,F6_Bromo_Succinic_Acid,150
36.0,F6_Bromo_Succinic_Acid,150
36.25,F6_Bromo_Succinic_Acid,147
36.5,F6_Bromo_Succinic_Acid,148
36.75,F6_Bromo_Succinic_Acid,151
37.0,F6_Bromo_Succinic_Acid,154
37.25,F6_Bromo_Succinic_Acid,148
37.5,F6_Bromo_Succinic_Acid,148
37.75,F6_Bromo_Succinic_Acid,151
38.0,F6_Bromo_Succinic_Acid,155
38.25,F6_Bromo_Succinic_Acid,154
38.5,F6_Bromo_Succinic_Acid,146
38.75,F6_Bromo_Succinic_Acid,150
39.0,F6_Bromo_Succinic_Acid,150
39.25,F6_Bromo_Succinic_Acid,150
39.5,F6_Bromo_Succinic_Acid,149
39.75,F6_Bromo_Succinic_Acid,150
40.0,F6_Bromo_Succinic_Acid,150
40.25,F6_Bromo_Succinic_Acid,150
40.5,F6_Bromo_Succinic_Acid,151
40.75,F6_Bromo_Succinic_Acid,151
41.0,F6_Bromo_Succinic_Acid,149
41.25,F6_Bromo_Succinic_Acid,149
41.5,F6_Bromo_Succinic_Acid,150
41.75,F6_Bromo_Succinic_Acid,147
42.0,F6_Bromo_Succinic_Acid,148
42.25,F6_Bromo_Succinic_Acid,148
42.5,F6_Bromo_Succinic_Acid,149
42.75,F6_Bromo_Succinic_Acid,147
43.0,F6_Bromo_Succinic_Acid,147
43.25,F6_Bromo_Succinic_Acid,146
43.5,F6_Bromo_Succinic_Acid,150
43.75,F6_Bromo_Succinic_Acid,146
44.0,F6_Bromo_Succinic_Acid,147
44.25,F6_Bromo_Succinic_Acid,149
44.5,F6_Bromo_Succinic_Acid,149
44.75,F6_Bromo_Succinic_Acid,145
45.0,F6_Bromo_Succinic_Acid,150
45.25,F6_Bromo_Succinic_Acid,149
45.5,F6_Bromo_Succinic_Acid,149
45.75,F6_Bromo_Succinic_Acid,146
46.0,F6_Bromo_Succinic_Acid,148
46.25,F6_Bromo_Succinic_Acid,148
46.5,F6_Bromo_Succinic_Acid,150
46.75,F6_Bromo_Succinic_Acid,150
47.0,F6_Bromo_Succinic_Acid,149
47.25,F6_Bromo_Succinic_Acid,150
47.5,F6_Bromo_Succinic_Acid,0
0.0,F7_Propionic_Acid,11
0.25,F7_Propionic_Acid,18
0.5,F7_Propionic_Acid,19
0.75,F7_Propionic_Acid,16
1.0,F7_Propionic_Acid,17
1.25,F7_Propionic_Acid,14
1.5,F7_Propionic_Acid,15
1.75,F7_Propionic_Acid,13
2.0,F7_Propionic_Acid,13
2.25,F7_Propionic_Acid,12
2.5,F7_Propionic_Acid,14
2.75,F7_Propionic_Acid,15
3.0,F7_Propionic_Acid,14
3.25,F7_Propionic_Acid,11
3.5,F7_Propionic_Acid,11
3.75,F7_Propionic_Acid,11
4.0,F7_Propionic_Acid,11
4.25,F7_Propionic_Acid,12
4.5,F7_Propionic_Acid,17
4.75,F7_Propionic_Acid,16
5.0,F7_Propionic_Acid,15
5.25,F7_Propionic_Acid,14
5.5,F7_Propionic_Acid,14
5.75,F7_Propionic_Acid,16
6.0,F7_Propionic_Acid,17
6.25,F7_Propionic_Acid,12
6.5,F7_Propionic_Acid,17
6.75,F7_Propionic_Acid,18
7.0,F7_Propionic_Acid,19
7.25,F7_Propionic_Acid,14
7.5,F7_Propionic_Acid,19
7.75,F7_Propionic_Acid,19
8.0,F7_Propionic_Acid,18
8.25,F7_Propionic_Acid,18
8.5,F7_Propionic_Acid,21
8.75,F7_Propionic_Acid,22
9.0,F7_Propionic_Acid,19
9.25,F7_Propionic_Acid,23
9.5,F7_Propionic_Acid,23
9.75,F7_Propionic_Acid,23
10.0,F7_Propionic_Acid,24
10.25,F7_Propionic_Acid,25
10.5,F7_Propionic_Acid,23
10.75,F7_Propionic_Acid,21
11.0,F7_Propionic_Acid,19
11.25,F7_Propionic_Acid,23
11.5,F7_Propionic_Acid,21
11.75,F7_Propionic_Acid,27
12.0,F7_Propionic_Acid,21
12.25,F7_Propionic_Acid,20
12.5,F7_Propionic_Acid,20
12.75,F7_Propionic_Acid,25
13.0,F7_Propionic_Acid,23
13.25,F7_Propionic_Acid,20
13.5,F7_Propionic_Acid,22
13.75,F7_Propionic_Acid,19
14.0,F7_Propionic_Acid,22
14.25,F7_Propionic_Acid,23
14.5,F7_Propionic_Acid,21
14.75,F7_Propionic_Acid,24
15.0,F7_Propionic_Acid,25
15.25,F7_Propionic_Acid,25
15.5,F7_Propionic_Acid,20
15.75,F7_Propionic_Acid,25
16.0,F7_Propionic_Acid,25
16.25,F7_Propionic_Acid,29
16.5,F7_Propionic_Acid,20
16.75,F7_Propionic_Acid,25
17.0,F7_Propionic_Acid,19
17.25,F7_Propionic_Acid,21
17.5,F7_Propionic_Acid,24
17.75,F7_Propionic_Acid,26
18.0,F7_Propionic_Acid,25
18.25,F7_Propionic_Acid,26
18.5,F7_Propionic_Acid,25
18.75,F7_Propionic_Acid,26
19.0,F7_Propionic_Acid,25
19.25,F7_Propionic_Acid,25
19.5,F7_Propionic_Acid,25
19.75,F7_Propionic_Acid,26
20.0,F7_Propionic_Acid,26
20.25,F7_Propionic_Acid,26
20.5,F7_Propionic_Acid,28
20.75,F7_Propionic_Acid,25
21.0,F7_Propionic_Acid,25
21.25,F7_Propionic_Acid,29
21.5,F7_Propionic_Acid,26
21.75,F7_Propionic_Acid,22
22.0,F7_Propionic_Acid,26
22.25,F7_Propionic_Acid,28
22.5,F7_Propionic_Acid,25
22.75,F7_Propionic_Acid,25
23.0,F7_Propionic_Acid,29
23.25,F7_Propionic_Acid,29
23.5,F7_Propionic_Acid,29
23.75,F7_Propionic_Acid,22
24.0,F7_Propionic_Acid,27
24.25,F7_Propionic_Acid,25
24.5,F7_Propionic_Acid,33
24.75,F7_Propionic_Acid,21
25.0,F7_Propionic_Acid,23
25.25,F7_Propionic_Acid,26
25.5,F7_Propionic_Acid,26
25.75,F7_Propionic_Acid,28
26.0,F7_Propionic_Acid,28
26.25,F7_Propionic_Acid,30
26.5,F7_Propionic_Acid,28
26.75,F7_Propionic_Acid,23
27.0,F7_Propionic_Acid,25
27.25,F7_Propionic_Acid,29
27.5,F7_Propionic_Acid,27
27.75,F7_Propionic_Acid,22
28.0,F7_Propionic_Acid,25
28.25,F7_Propionic_Acid,24
28.5,F7_Propionic_Acid,21
28.75,F7_Propionic_Acid,23
29.0,F7_Propionic_Acid,24
29.25,F7_Propionic_Acid,25
29.5,F7_Propionic_Acid,28
29.75,F7_Propionic_Acid,28
30.0,F7_Propionic_Acid,27
30.25,F7_Propionic_Acid,28
30.5,F7_Propionic_Acid,27
30.75,F7_Propionic_Acid,28
31.0,F7_Propionic_Acid,30
31.25,F7_Propionic_Acid,26
31.5,F7_Propionic_Acid,28
31.75,F7_Propionic_Acid,29
32.0,F7_Propionic_Acid,27
32.25,F7_Propionic_Acid,30
32.5,F7_Propionic_Acid,30
32.75,F7_Propionic_Acid,30
33.0,F7_Propionic_Acid,29
33.25,F7_Propionic_Acid,28
33.5,F7_Propionic_Acid,28
33.75,F7_Propionic_Acid,32
34.0,F7_Propionic_Acid,30
34.25,F7_Propionic_Acid,31
34.5,F7_Propionic_Acid,31
34.75,F7_Propionic_Acid,33
35.0,F7_Propionic_Acid,27
35.25,F7_Propionic_Acid,29
35.5,F7_Propionic_Acid,32
35.75,F7_Propionic_Acid,32
36.0,F7_Propionic_Acid,30
36.25,F7_Propionic_Acid,28
36.5,F7_Propionic_Acid,32
36.75,F7_Propionic_Acid,31
37.0,F7_Propionic_Acid,29
37.25,F7_Propionic_Acid,30
37.5,F7_Propionic_Acid,31
37.75,F7_Propionic_Acid,38
38.0,F7_Propionic_Acid,31
38.25,F7_Propionic_Acid,32
38.5,F7_Propionic_Acid,27
38.75,F7_Propionic_Acid,30
39.0,F7_Propionic_Acid,29
39.25,F7_Propionic_Acid,30
39.5,F7_Propionic_Acid,35
39.75,F7_Propionic_Acid,30
40.0,F7_Propionic_Acid,34
40.25,F7_Propionic_Acid,31
40.5,F7_Propionic_Acid,29
40.75,F7_Propionic_Acid,33
41.0,F7_Propionic_Acid,28
41.25,F7_Propionic_Acid,31
41.5,F7_Propionic_Acid,34
41.75,F7_Propionic_Acid,32
42.0,F7_Propionic_Acid,33
42.25,F7_Propionic_Acid,31
42.5,F7_Propionic_Acid,31
42.75,F7_Propionic_Acid,33
43.0,F7_Propionic_Acid,37
43.25,F7_Propionic_Acid,36
43.5,F7_Propionic_Acid,37
43.75,F7_Propionic_Acid,32
44.0,F7_Propionic_Acid,35
44.25,F7_Propionic_Acid,31
44.5,F7_Propionic_Acid,35
44.75,F7_Propionic_Acid,37
45.0,F7_Propionic_Acid,39
45.25,F7_Propionic_Acid,38
45.5,F7_Propionic_Acid,35
45.75,F7_Propionic_Acid,37
46.0,F7_Propionic_Acid,36
46.25,F7_Propionic_Acid,33
46.5,F7_Propionic_Acid,38
46.75,F7_Propionic_Acid,37
47.0,F7_Propionic_Acid,40
47.25,F7_Propionic_Acid,35
47.5,F7_Propionic_Acid,0
0.0,F8_Mucic_Acid,34
0.25,F8_Mucic_Acid,11
0.5,F8_Mucic_Acid,11
0.75,F8_Mucic_Acid,14
1.0,F8_Mucic_Acid,11
1.25,F8_Mucic_Acid,12
1.5,F8_Mucic_Acid,14
1.75,F8_Mucic_Acid,13
2.0,F8_Mucic_Acid,14
2.25,F8_Mucic_Acid,13
2.5,F8_Mucic_Acid,14
2.75,F8_Mucic_Acid,16
3.0,F8_Mucic_Acid,13
3.25,F8_Mucic_Acid,11
3.5,F8_Mucic_Acid,11
3.75,F8_Mucic_Acid,11
4.0,F8_Mucic_Acid,11
4.25,F8_Mucic_Acid,15
4.5,F8_Mucic_Acid,13
4.75,F8_Mucic_Acid,14
5.0,F8_Mucic_Acid,19
5.25,F8_Mucic_Acid,19
5.5,F8_Mucic_Acid,15
5.75,F8_Mucic_Acid,16
6.0,F8_Mucic_Acid,16
6.25,F8_Mucic_Acid,14
6.5,F8_Mucic_Acid,17
6.75,F8_Mucic_Acid,19
7.0,F8_Mucic_Acid,20
7.25,F8_Mucic_Acid,23
7.5,F8_Mucic_Acid,22
7.75,F8_Mucic_Acid,20
8.0,F8_Mucic_Acid,22
8.25,F8_Mucic_Acid,22
8.5,F8_Mucic_Acid,25
8.75,F8_Mucic_Acid,17
9.0,F8_Mucic_Acid,23
9.25,F8_Mucic_Acid,23
9.5,F8_Mucic_Acid,21
9.75,F8_Mucic_Acid,16
10.0,F8_Mucic_Acid,22
10.25,F8_Mucic_Acid,21
10.5,F8_Mucic_Acid,24
10.75,F8_Mucic_Acid,24
11.0,F8_Mucic_Acid,24
11.25,F8_Mucic_Acid,25
11.5,F8_Mucic_Acid,23
11.75,F8_Mucic_Acid,21
12.0,F8_Mucic_Acid,25
12.25,F8_Mucic_Acid,24
12.5,F8_Mucic_Acid,26
12.75,F8_Mucic_Acid,18
13.0,F8_Mucic_Acid,24
13.25,F8_Mucic_Acid,23
13.5,F8_Mucic_Acid,24
13.75,F8_Mucic_Acid,23
14.0,F8_Mucic_Acid,24
14.25,F8_Mucic_Acid,22
14.5,F8_Mucic_Acid,19
14.75,F8_Mucic_Acid,25
15.0,F8_Mucic_Acid,20
15.25,F8_Mucic_Acid,19
15.5,F8_Mucic_Acid,24
15.75,F8_Mucic_Acid,22
16.0,F8_Mucic_Acid,23
16.25,F8_Mucic_Acid,22
16.5,F8_Mucic_Acid,20
16.75,F8_Mucic_Acid,25
17.0,F8_Mucic_Acid,20
17.25,F8_Mucic_Acid,22
17.5,F8_Mucic_Acid,18
17.75,F8_Mucic_Acid,22
18.0,F8_Mucic_Acid,24
18.25,F8_Mucic_Acid,25
18.5,F8_Mucic_Acid,25
18.75,F8_Mucic_Acid,26
19.0,F8_Mucic_Acid,25
19.25,F8_Mucic_Acid,26
19.5,F8_Mucic_Acid,22
19.75,F8_Mucic_Acid,26
20.0,F8_Mucic_Acid,23
20.25,F8_Mucic_Acid,22
20.5,F8_Mucic_Acid,24
20.75,F8_Mucic_Acid,21
21.0,F8_Mucic_Acid,23
21.25,F8_Mucic_Acid,23
21.5,F8_Mucic_Acid,27
21.75,F8_Mucic_Acid,17
22.0,F8_Mucic_Acid,24
22.25,F8_Mucic_Acid,23
22.5,F8_Mucic_Acid,22
22.75,F8_Mucic_Acid,21
23.0,F8_Mucic_Acid,24
23.25,F8_Mucic_Acid,23
23.5,F8_Mucic_Acid,26
23.75,F8_Mucic_Acid,25
24.0,F8_Mucic_Acid,21
24.25,F8_Mucic_Acid,25
24.5,F8_Mucic_Acid,24
24.75,F8_Mucic_Acid,23
25.0,F8_Mucic_Acid,21
25.25,F8_Mucic_Acid,24
25.5,F8_Mucic_Acid,19
25.75,F8_Mucic_Acid,19
26.0,F8_Mucic_Acid,20
26.25,F8_Mucic_Acid,25
26.5,F8_Mucic_Acid,22
26.75,F8_Mucic_Acid,22
27.0,F8_Mucic_Acid,24
27.25,F8_Mucic_Acid,26
27.5,F8_Mucic_Acid,19
27.75,F8_Mucic_Acid,23
28.0,F8_Mucic_Acid,22
28.25,F8_Mucic_Acid,20
28.5,F8_Mucic_Acid,25
28.75,F8_Mucic_Acid,24
29.0,F8_Mucic_Acid,24
29.25,F8_Mucic_Acid,24
29.5,F8_Mucic_Acid,23
29.75,F8_Mucic_Acid,21
30.0,F8_Mucic_Acid,25
30.25,F8_Mucic_Acid,24
30.5,F8_Mucic_Acid,24
30.75,F8_Mucic_Acid,22
31.0,F8_Mucic_Acid,25
31.25,F8_Mucic_Acid,25
31.5,F8_Mucic_Acid,25
31.75,F8_Mucic_Acid,21
32.0,F8_Mucic_Acid,24
32.25,F8_Mucic_Acid,26
32.5,F8_Mucic_Acid,25
32.75,F8_Mucic_Acid,27
33.0,F8_Mucic_Acid,28
33.25,F8_Mucic_Acid,25
33.5,F8_Mucic_Acid,24
33.75,F8_Mucic_Acid,27
34.0,F8_Mucic_Acid,25
34.25,F8_Mucic_Acid,27
34.5,F8_Mucic_Acid,21
34.75,F8_Mucic_Acid,29
35.0,F8_Mucic_Acid,25
35.25,F8_Mucic_Acid,22
35.5,F8_Mucic_Acid,31
35.75,F8_Mucic_Acid,30
36.0,F8_Mucic_Acid,26
36.25,F8_Mucic_Acid,25
36.5,F8_Mucic_Acid,24
36.75,F8_Mucic_Acid,23
37.0,F8_Mucic_Acid,20
37.25,F8_Mucic_Acid,26
37.5,F8_Mucic_Acid,22
37.75,F8_Mucic_Acid,25
38.0,F8_Mucic_Acid,24
38.25,F8_Mucic_Acid,28
38.5,F8_Mucic_Acid,25
38.75,F8_Mucic_Acid,26
39.0,F8_Mucic_Acid,25
39.25,F8_Mucic_Acid,26
39.5,F8_Mucic_Acid,22
39.75,F8_Mucic_Acid,18
40.0,F8_Mucic_Acid,24
40.25,F8_Mucic_Acid,26
40.5,F8_Mucic_Acid,24
40.75,F8_Mucic_Acid,28
41.0,F8_Mucic_Acid,29
41.25,F8_Mucic_Acid,25
41.5,F8_Mucic_Acid,22
41.75,F8_Mucic_Acid,24
42.0,F8_Mucic_Acid,24
42.25,F8_Mucic_Acid,25
42.5,F8_Mucic_Acid,26
42.75,F8_Mucic_Acid,25
43.0,F8_Mucic_Acid,25
43.25,F8_Mucic_Acid,20
43.5,F8_Mucic_Acid,20
43.75,F8_Mucic_Acid,26
44.0,F8_Mucic_Acid,25
44.25,F8_Mucic_Acid,24
44.5,F8_Mucic_Acid,25
44.75,F8_Mucic_Acid,24
45.0,F8_Mucic_Acid,23
45.25,F8_Mucic_Acid,21
45.5,F8_Mucic_Acid,26
45.75,F8_Mucic_Acid,20
46.0,F8_Mucic_Acid,26
46.25,F8_Mucic_Acid,21
46.5,F8_Mucic_Acid,27
46.75,F8_Mucic_Acid,25
47.0,F8_Mucic_Acid,26
47.25,F8_Mucic_Acid,30
47.5,F8_Mucic_Acid,0
0.0,F9_Glycolic_Acid,13
0.25,F9_Glycolic_Acid,21
0.5,F9_Glycolic_Acid,22
0.75,F9_Glycolic_Acid,17
1.0,F9_Glycolic_Acid,13
1.25,F9_Glycolic_Acid,13
1.5,F9_Glycolic_Acid,17
1.75,F9_Glycolic_Acid,20
2.0,F9_Glycolic_Acid,16
2.25,F9_Glycolic_Acid,16
2.5,F9_Glycolic_Acid,15
2.75,F9_Glycolic_Acid,17
3.0,F9_Glycolic_Acid,20
3.25,F9_Glycolic_Acid,15
3.5,F9_Glycolic_Acid,17
3.75,F9_Glycolic_Acid,16
4.0,F9_Glycolic_Acid,16
4.25,F9_Glycolic_Acid,17
4.5,F9_Glycolic_Acid,19
4.75,F9_Glycolic_Acid,17
5.0,F9_Glycolic_Acid,18
5.25,F9_Glycolic_Acid,18
5.5,F9_Glycolic_Acid,18
5.75,F9_Glycolic_Acid,21
6.0,F9_Glycolic_Acid,20
6.25,F9_Glycolic_Acid,18
6.5,F9_Glycolic_Acid,20
6.75,F9_Glycolic_Acid,21
7.0,F9_Glycolic_Acid,28
7.25,F9_Glycolic_Acid,24
7.5,F9_Glycolic_Acid,25
7.75,F9_Glycolic_Acid,24
8.0,F9_Glycolic_Acid,26
8.25,F9_Glycolic_Acid,24
8.5,F9_Glycolic_Acid,26
8.75,F9_Glycolic_Acid,24
9.0,F9_Glycolic_Acid,25
9.25,F9_Glycolic_Acid,27
9.5,F9_Glycolic_Acid,23
9.75,F9_Glycolic_Acid,25
10.0,F9_Glycolic_Acid,22
10.25,F9_Glycolic_Acid,24
10.5,F9_Glycolic_Acid,22
10.75,F9_Glycolic_Acid,22
11.0,F9_Glycolic_Acid,25
11.25,F9_Glycolic_Acid,24
11.5,F9_Glycolic_Acid,23
11.75,F9_Glycolic_Acid,27
12.0,F9_Glycolic_Acid,25
12.25,F9_Glycolic_Acid,23
12.5,F9_Glycolic_Acid,25
12.75,F9_Glycolic_Acid,25
13.0,F9_Glycolic_Acid,24
13.25,F9_Glycolic_Acid,26
13.5,F9_Glycolic_Acid,29
13.75,F9_Glycolic_Acid,26
14.0,F9_Glycolic_Acid,23
14.25,F9_Glycolic_Acid,23
14.5,F9_Glycolic_Acid,27
14.75,F9_Glycolic_Acid,26
15.0,F9_Glycolic_Acid,27
15.25,F9_Glycolic_Acid,27
15.5,F9_Glycolic_Acid,24
15.75,F9_Glycolic_Acid,24
16.0,F9_Glycolic_Acid,26
16.25,F9_Glycolic_Acid,27
16.5,F9_Glycolic_Acid,21
16.75,F9_Glycolic_Acid,26
17.0,F9_Glycolic_Acid,23
17.25,F9_Glycolic_Acid,25
17.5,F9_Glycolic_Acid,23
17.75,F9_Glycolic_Acid,25
18.0,F9_Glycolic_Acid,29
18.25,F9_Glycolic_Acid,28
18.5,F9_Glycolic_Acid,28
18.75,F9_Glycolic_Acid,29
19.0,F9_Glycolic_Acid,29
19.25,F9_Glycolic_Acid,24
19.5,F9_Glycolic_Acid,25
19.75,F9_Glycolic_Acid,28
20.0,F9_Glycolic_Acid,29
20.25,F9_Glycolic_Acid,23
20.5,F9_Glycolic_Acid,31
20.75,F9_Glycolic_Acid,28
21.0,F9_Glycolic_Acid,25
21.25,F9_Glycolic_Acid,25
21.5,F9_Glycolic_Acid,25
21.75,F9_Glycolic_Acid,25
22.0,F9_Glycolic_Acid,27
22.25,F9_Glycolic_Acid,22
22.5,F9_Glycolic_Acid,24
22.75,F9_Glycolic_Acid,22
23.0,F9_Glycolic_Acid,24
23.25,F9_Glycolic_Acid,27
23.5,F9_Glycolic_Acid,27
23.75,F9_Glycolic_Acid,31
24.0,F9_Glycolic_Acid,23
24.25,F9_Glycolic_Acid,27
24.5,F9_Glycolic_Acid,28
24.75,F9_Glycolic_Acid,28
25.0,F9_Glycolic_Acid,21
25.25,F9_Glycolic_Acid,29
25.5,F9_Glycolic_Acid,25
25.75,F9_Glycolic_Acid,23
26.0,F9_Glycolic_Acid,25
26.25,F9_Glycolic_Acid,27
26.5,F9_Glycolic_Acid,23
26.75,F9_Glycolic_Acid,23
27.0,F9_Glycolic_Acid,27
27.25,F9_Glycolic_Acid,25
27.5,F9_Glycolic_Acid,26
27.75,F9_Glycolic_Acid,29
28.0,F9_Glycolic_Acid,26
28.25,F9_Glycolic_Acid,27
28.5,F9_Glycolic_Acid,27
28.75,F9_Glycolic_Acid,23
29.0,F9_Glycolic_Acid,22
29.25,F9_Glycolic_Acid,22
29.5,F9_Glycolic_Acid,23
29.75,F9_Glycolic_Acid,23
30.0,F9_Glycolic_Acid,26
30.25,F9_Glycolic_Acid,23
30.5,F9_Glycolic_Acid,25
30.75,F9_Glycolic_Acid,22
31.0,F9_Glycolic_Acid,24
31.25,F9_Glycolic_Acid,25
31.5,F9_Glycolic_Acid,23
31.75,F9_Glycolic_Acid,27
32.0,F9_Glycolic_Acid,29
32.25,F9_Glycolic_Acid,27
32.5,F9_Glycolic_Acid,28
32.75,F9_Glycolic_Acid,23
33.0,F9_Glycolic_Acid,25
33.25,F9_Glycolic_Acid,24
33.5,F9_Glycolic_Acid,26
33.75,F9_Glycolic_Acid,30
34.0,F9_Glycolic_Acid,24
34.25,F9_Glycolic_Acid,26
34.5,F9_Glycolic_Acid,27
34.75,F9_Glycolic_Acid,26
35.0,F9_Glycolic_Acid,22
35.25,F9_Glycolic_Acid,27
35.5,F9_Glycolic_Acid,29
35.75,F9_Glycolic_Acid,29
36.0,F9_Glycolic_Acid,26
36.25,F9_Glycolic_Acid,26
36.5,F9_Glycolic_Acid,26
36.75,F9_Glycolic_Acid,26
37.0,F9_Glycolic_Acid,28
37.25,F9_Glycolic_Acid,28
37.5,F9_Glycolic_Acid,23
37.75,F9_Glycolic_Acid,30
38.0,F9_Glycolic_Acid,26
38.25,F9_Glycolic_Acid,28
38.5,F9_Glycolic_Acid,26
38.75,F9_Glycolic_Acid,28
39.0,F9_Glycolic_Acid,26
39.25,F9_Glycolic_Acid,21
39.5,F9_Glycolic_Acid,24
39.75,F9_Glycolic_Acid,25
40.0,F9_Glycolic_Acid,25
40.25,F9_Glycolic_Acid,25
40.5,F9_Glycolic_Acid,24
40.75,F9_Glycolic_Acid,28
41.0,F9_Glycolic_Acid,27
41.25,F9_Glycolic_Acid,22
41.5,F9_Glycolic_Acid,25
41.75,F9_Glycolic_Acid,24
42.0,F9_Glycolic_Acid,24
42.25,F9_Glycolic_Acid,24
42.5,F9_Glycolic_Acid,21
42.75,F9_Glycolic_Acid,25
43.0,F9_Glycolic_Acid,28
43.25,F9_Glycolic_Acid,27
43.5,F9_Glycolic_Acid,22
43.75,F9_Glycolic_Acid,27
44.0,F9_Glycolic_Acid,30
44.25,F9_Glycolic_Acid,23
44.5,F9_Glycolic_Acid,31
44.75,F9_Glycolic_Acid,26
45.0,F9_Glycolic_Acid,26
45.25,F9_Glycolic_Acid,26
45.5,F9_Glycolic_Acid,28
45.75,F9_Glycolic_Acid,25
46.0,F9_Glycolic_Acid,24
46.25,F9_Glycolic_Acid,28
46.5,F9_Glycolic_Acid,27
46.75,F9_Glycolic_Acid,25
47.0,F9_Glycolic_Acid,27
47.25,F9_Glycolic_Acid,27
47.5,F9_Glycolic_Acid,0
0.0,F10_Glyoxylic_Acid,15
0.25,F10_Glyoxylic_Acid,13
0.5,F10_Glyoxylic_Acid,14
0.75,F10_Glyoxylic_Acid,20
1.0,F10_Glyoxylic_Acid,21
1.25,F10_Glyoxylic_Acid,15
1.5,F10_Glyoxylic_Acid,21
1.75,F10_Glyoxylic_Acid,18
2.0,F10_Glyoxylic_Acid,17
2.25,F10_Glyoxylic_Acid,15
2.5,F10_Glyoxylic_Acid,16
2.75,F10_Glyoxylic_Acid,21
3.0,F10_Glyoxylic_Acid,20
3.25,F10_Glyoxylic_Acid,13
3.5,F10_Glyoxylic_Acid,12
3.75,F10_Glyoxylic_Acid,15
4.0,F10_Glyoxylic_Acid,15
4.25,F10_Glyoxylic_Acid,19
4.5,F10_Glyoxylic_Acid,15
4.75,F10_Glyoxylic_Acid,14
5.0,F10_Glyoxylic_Acid,15
5.25,F10_Glyoxylic_Acid,17
5.5,F10_Glyoxylic_Acid,14
5.75,F10_Glyoxylic_Acid,16
6.0,F10_Glyoxylic_Acid,14
6.25,F10_Glyoxylic_Acid,16
6.5,F10_Glyoxylic_Acid,20
6.75,F10_Glyoxylic_Acid,17
7.0,F10_Glyoxylic_Acid,16
7.25,F10_Glyoxylic_Acid,17
7.5,F10_Glyoxylic_Acid,18
7.75,F10_Glyoxylic_Acid,20
8.0,F10_Glyoxylic_Acid,23
8.25,F10_Glyoxylic_Acid,17
8.5,F10_Glyoxylic_Acid,15
8.75,F10_Glyoxylic_Acid,17
9.0,F10_Glyoxylic_Acid,17
9.25,F10_Glyoxylic_Acid,17
9.5,F10_Glyoxylic_Acid,19
9.75,F10_Glyoxylic_Acid,18
10.0,F10_Glyoxylic_Acid,16
10.25,F10_Glyoxylic_Acid,17
10.5,F10_Glyoxylic_Acid,17
10.75,F10_Glyoxylic_Acid,19
11.0,F10_Glyoxylic_Acid,19
11.25,F10_Glyoxylic_Acid,24
11.5,F10_Glyoxylic_Acid,20
11.75,F10_Glyoxylic_Acid,22
12.0,F10_Glyoxylic_Acid,21
12.25,F10_Glyoxylic_Acid,24
12.5,F10_Glyoxylic_Acid,22
12.75,F10_Glyoxylic_Acid,19
13.0,F10_Glyoxylic_Acid,25
13.25,F10_Glyoxylic_Acid,25
13.5,F10_Glyoxylic_Acid,22
13.75,F10_Glyoxylic_Acid,23
14.0,F10_Glyoxylic_Acid,19
14.25,F10_Glyoxylic_Acid,23
14.5,F10_Glyoxylic_Acid,23
14.75,F10_Glyoxylic_Acid,22
15.0,F10_Glyoxylic_Acid,24
15.25,F10_Glyoxylic_Acid,26
15.5,F10_Glyoxylic_Acid,20
15.75,F10_Glyoxylic_Acid,20
16.0,F10_Glyoxylic_Acid,23
16.25,F10_Glyoxylic_Acid,23
16.5,F10_Glyoxylic_Acid,20
16.75,F10_Glyoxylic_Acid,20
17.0,F10_Glyoxylic_Acid,19
17.25,F10_Glyoxylic_Acid,23
17.5,F10_Glyoxylic_Acid,18
17.75,F10_Glyoxylic_Acid,25
18.0,F10_Glyoxylic_Acid,20
18.25,F10_Glyoxylic_Acid,23
18.5,F10_Glyoxylic_Acid,27
18.75,F10_Glyoxylic_Acid,23
19.0,F10_Glyoxylic_Acid,23
19.25,F10_Glyoxylic_Acid,21
19.5,F10_Glyoxylic_Acid,20
19.75,F10_Glyoxylic_Acid,28
20.0,F10_Glyoxylic_Acid,29
20.25,F10_Glyoxylic_Acid,22
20.5,F10_Glyoxylic_Acid,26
20.75,F10_Glyoxylic_Acid,25
21.0,F10_Glyoxylic_Acid,29
21.25,F10_Glyoxylic_Acid,27
21.5,F10_Glyoxylic_Acid,20
21.75,F10_Glyoxylic_Acid,19
22.0,F10_Glyoxylic_Acid,25
22.25,F10_Glyoxylic_Acid,25
22.5,F10_Glyoxylic_Acid,28
22.75,F10_Glyoxylic_Acid,27
23.0,F10_Glyoxylic_Acid,26
23.25,F10_Glyoxylic_Acid,30
23.5,F10_Glyoxylic_Acid,29
23.75,F10_Glyoxylic_Acid,27
24.0,F10_Glyoxylic_Acid,31
24.25,F10_Glyoxylic_Acid,26
24.5,F10_Glyoxylic_Acid,26
24.75,F10_Glyoxylic_Acid,27
25.0,F10_Glyoxylic_Acid,27
25.25,F10_Glyoxylic_Acid,23
25.5,F10_Glyoxylic_Acid,24
25.75,F10_Glyoxylic_Acid,23
26.0,F10_Glyoxylic_Acid,29
26.25,F10_Glyoxylic_Acid,27
26.5,F10_Glyoxylic_Acid,25
26.75,F10_Glyoxylic_Acid,24
27.0,F10_Glyoxylic_Acid,26
27.25,F10_Glyoxylic_Acid,29
27.5,F10_Glyoxylic_Acid,26
27.75,F10_Glyoxylic_Acid,23
28.0,F10_Glyoxylic_Acid,24
28.25,F10_Glyoxylic_Acid,27
28.5,F10_Glyoxylic_Acid,25
28.75,F10_Glyoxylic_Acid,29
29.0,F10_Glyoxylic_Acid,26
29.25,F10_Glyoxylic_Acid,25
29.5,F10_Glyoxylic_Acid,25
29.75,F10_Glyoxylic_Acid,25
30.0,F10_Glyoxylic_Acid,24
30.25,F10_Glyoxylic_Acid,27
30.5,F10_Glyoxylic_Acid,28
30.75,F10_Glyoxylic_Acid,23
31.0,F10_Glyoxylic_Acid,20
31.25,F10_Glyoxylic_Acid,26
31.5,F10_Glyoxylic_Acid,25
31.75,F10_Glyoxylic_Acid,21
32.0,F10_Glyoxylic_Acid,31
32.25,F10_Glyoxylic_Acid,27
32.5,F10_Glyoxylic_Acid,28
32.75,F10_Glyoxylic_Acid,26
33.0,F10_Glyoxylic_Acid,25
33.25,F10_Glyoxylic_Acid,25
33.5,F10_Glyoxylic_Acid,25
33.75,F10_Glyoxylic_Acid,32
34.0,F10_Glyoxylic_Acid,28
34.25,F10_Glyoxylic_Acid,26
34.5,F10_Glyoxylic_Acid,29
34.75,F10_Glyoxylic_Acid,26
35.0,F10_Glyoxylic_Acid,30
35.25,F10_Glyoxylic_Acid,28
35.5,F10_Glyoxylic_Acid,28
35.75,F10_Glyoxylic_Acid,29
36.0,F10_Glyoxylic_Acid,31
36.25,F10_Glyoxylic_Acid,27
36.5,F10_Glyoxylic_Acid,25
36.75,F10_Glyoxylic_Acid,28
37.0,F10_Glyoxylic_Acid,31
37.25,F10_Glyoxylic_Acid,28
37.5,F10_Glyoxylic_Acid,25
37.75,F10_Glyoxylic_Acid,25
38.0,F10_Glyoxylic_Acid,29
38.25,F10_Glyoxylic_Acid,32
38.5,F10_Glyoxylic_Acid,30
38.75,F10_Glyoxylic_Acid,26
39.0,F10_Glyoxylic_Acid,30
39.25,F10_Glyoxylic_Acid,30
39.5,F10_Glyoxylic_Acid,31
39.75,F10_Glyoxylic_Acid,30
40.0,F10_Glyoxylic_Acid,26
40.25,F10_Glyoxylic_Acid,31
40.5,F10_Glyoxylic_Acid,32
40.75,F10_Glyoxylic_Acid,29
41.0,F10_Glyoxylic_Acid,29
41.25,F10_Glyoxylic_Acid,34
41.5,F10_Glyoxylic_Acid,30
41.75,F10_Glyoxylic_Acid,34
42.0,F10_Glyoxylic_Acid,30
42.25,F10_Glyoxylic_Acid,27
42.5,F10_Glyoxylic_Acid,25
42.75,F10_Glyoxylic_Acid,30
43.0,F10_Glyoxylic_Acid,28
43.25,F10_Glyoxylic_Acid,25
43.5,F10_Glyoxylic_Acid,28
43.75,F10_Glyoxylic_Acid,31
44.0,F10_Glyoxylic_Acid,29
44.25,F10_Glyoxylic_Acid,24
44.5,F10_Glyoxylic_Acid,34
44.75,F10_Glyoxylic_Acid,30
45.0,F10_Glyoxylic_Acid,34
45.25,F10_Glyoxylic_Acid,24
45.5,F10_Glyoxylic_Acid,32
45.75,F10_Glyoxylic_Acid,31
46.0,F10_Glyoxylic_Acid,30
46.25,F10_Glyoxylic_Acid,31
46.5,F10_Glyoxylic_Acid,28
46.75,F10_Glyoxylic_Acid,29
47.0,F10_Glyoxylic_Acid,32
47.25,F10_Glyoxylic_Acid,31
47.5,F10_Glyoxylic_Acid,0
0.0,F11_D-Cellobiose,47
0.25,F11_D-Cellobiose,23
0.5,F11_D-Cellobiose,15
0.75,F11_D-Cellobiose,19
1.0,F11_D-Cellobiose,22
1.25,F11_D-Cellobiose,19
1.5,F11_D-Cellobiose,27
1.75,F11_D-Cellobiose,25
2.0,F11_D-Cellobiose,21
2.25,F11_D-Cellobiose,22
2.5,F11_D-Cellobiose,21
2.75,F11_D-Cellobiose,24
3.0,F11_D-Cellobiose,23
3.25,F11_D-Cellobiose,20
3.5,F11_D-Cellobiose,21
3.75,F11_D-Cellobiose,19
4.0,F11_D-Cellobiose,19
4.25,F11_D-Cellobiose,25
4.5,F11_D-Cellobiose,19
4.75,F11_D-Cellobiose,19
5.0,F11_D-Cellobiose,26
5.25,F11_D-Cellobiose,23
5.5,F11_D-Cellobiose,26
5.75,F11_D-Cellobiose,26
6.0,F11_D-Cellobiose,28
6.25,F11_D-Cellobiose,28
6.5,F11_D-Cellobiose,33
6.75,F11_D-Cellobiose,31
7.0,F11_D-Cellobiose,43
7.25,F11_D-Cellobiose,44
7.5,F11_D-Cellobiose,39
7.75,F11_D-Cellobiose,46
8.0,F11_D-Cellobiose,52
8.25,F11_D-Cellobiose,56
8.5,F11_D-Cellobiose,61
8.75,F11_D-Cellobiose,65
9.0,F11_D-Cellobiose,68
9.25,F11_D-Cellobiose,80
9.5,F11_D-Cellobiose,86
9.75,F11_D-Cellobiose,84
10.0,F11_D-Cellobiose,90
10.25,F11_D-Cellobiose,94
10.5,F11_D-Cellobiose,100
10.75,F11_D-Cellobiose,106
11.0,F11_D-Cellobiose,105
11.25,F11_D-Cellobiose,116
11.5,F11_D-Cellobiose,120
11.75,F11_D-Cellobiose,124
12.0,F11_D-Cellobiose,134
12.25,F11_D-Cellobiose,135
12.5,F11_D-Cellobiose,140
12.75,F11_D-Cellobiose,143
13.0,F11_D-Cellobiose,149
13.25,F11_D-Cellobiose,155
13.5,F11_D-Cellobiose,161
13.75,F11_D-Cellobiose,162
14.0,F11_D-Cellobiose,170
14.25,F11_D-Cellobiose,167
14.5,F11_D-Cellobiose,175
14.75,F11_D-Cellobiose,181
15.0,F11_D-Cellobiose,181
15.25,F11_D-Cellobiose,187
15.5,F11_D-Cellobiose,192
15.75,F11_D-Cellobiose,193
16.0,F11_D-Cellobiose,196
16.25,F11_D-Cellobiose,198
16.5,F11_D-Cellobiose,201
16.75,F11_D-Cellobiose,207
17.0,F11_D-Cellobiose,208
17.25,F11_D-Cellobiose,209
17.5,F11_D-Cellobiose,212
17.75,F11_D-Cellobiose,212
18.0,F11_D-Cellobiose,214
18.25,F11_D-Cellobiose,217
18.5,F11_D-Cellobiose,222
18.75,F11_D-Cellobiose,224
19.0,F11_D-Cellobiose,225
19.25,F11_D-Cellobiose,228
19.5,F11_D-Cellobiose,228
19.75,F11_D-Cellobiose,230
20.0,F11_D-Cellobiose,234
20.25,F11_D-Cellobiose,229
20.5,F11_D-Cellobiose,232
20.75,F11_D-Cellobiose,236
21.0,F11_D-Cellobiose,234
21.25,F11_D-Cellobiose,235
21.5,F11_D-Cellobiose,236
21.75,F11_D-Cellobiose,239
22.0,F11_D-Cellobiose,242
22.25,F11_D-Cellobiose,244
22.5,F11_D-Cellobiose,241
22.75,F11_D-Cellobiose,240
23.0,F11_D-Cellobiose,247
23.25,F11_D-Cellobiose,244
23.5,F11_D-Cellobiose,250
23.75,F11_D-Cellobiose,247
24.0,F11_D-Cellobiose,251
24.25,F11_D-Cellobiose,250
24.5,F11_D-Cellobiose,249
24.75,F11_D-Cellobiose,251
25.0,F11_D-Cellobiose,252
25.25,F11_D-Cellobiose,255
25.5,F11_D-Cellobiose,256
25.75,F11_D-Cellobiose,256
26.0,F11_D-Cellobiose,256
26.25,F11_D-Cellobiose,255
26.5,F11_D-Cellobiose,256
26.75,F11_D-Cellobiose,257
27.0,F11_D-Cellobiose,259
27.25,F11_D-Cellobiose,255
27.5,F11_D-Cellobiose,257
27.75,F11_D-Cellobiose,260
28.0,F11_D-Cellobiose,258
28.25,F11_D-Cellobiose,259
28.5,F11_D-Cellobiose,262
28.75,F11_D-Cellobiose,261
29.0,F11_D-Cellobiose,263
29.25,F11_D-Cellobiose,261
29.5,F11_D-Cellobiose,260
29.75,F11_D-Cellobiose,264
30.0,F11_D-Cellobiose,262
30.25,F11_D-Cellobiose,262
30.5,F11_D-Cellobiose,264
30.75,F11_D-Cellobiose,261
31.0,F11_D-Cellobiose,263
31.25,F11_D-Cellobiose,262
31.5,F11_D-Cellobiose,267
31.75,F11_D-Cellobiose,260
32.0,F11_D-Cellobiose,265
32.25,F11_D-Cellobiose,268
32.5,F11_D-Cellobiose,266
32.75,F11_D-Cellobiose,265
33.0,F11_D-Cellobiose,266
33.25,F11_D-Cellobiose,265
33.5,F11_D-Cellobiose,267
33.75,F11_D-Cellobiose,267
34.0,F11_D-Cellobiose,265
34.25,F11_D-Cellobiose,266
34.5,F11_D-Cellobiose,268
34.75,F11_D-Cellobiose,262
35.0,F11_D-Cellobiose,271
35.25,F11_D-Cellobiose,268
35.5,F11_D-Cellobiose,266
35.75,F11_D-Cellobiose,270
36.0,F11_D-Cellobiose,264
36.25,F11_D-Cellobiose,267
36.5,F11_D-Cellobiose,267
36.75,F11_D-Cellobiose,269
37.0,F11_D-Cellobiose,266
37.25,F11_D-Cellobiose,268
37.5,F11_D-Cellobiose,268
37.75,F11_D-Cellobiose,268
38.0,F11_D-Cellobiose,269
38.25,F11_D-Cellobiose,263
38.5,F11_D-Cellobiose,270
38.75,F11_D-Cellobiose,267
39.0,F11_D-Cellobiose,267
39.25,F11_D-Cellobiose,270
39.5,F11_D-Cellobiose,269
39.75,F11_D-Cellobiose,269
40.0,F11_D-Cellobiose,270
40.25,F11_D-Cellobiose,271
40.5,F11_D-Cellobiose,273
40.75,F11_D-Cellobiose,273
41.0,F11_D-Cellobiose,267
41.25,F11_D-Cellobiose,271
41.5,F11_D-Cellobiose,274
41.75,F11_D-Cellobiose,273
42.0,F11_D-Cellobiose,273
42.25,F11_D-Cellobiose,272
42.5,F11_D-Cellobiose,270
42.75,F11_D-Cellobiose,272
43.0,F11_D-Cellobiose,271
43.25,F11_D-Cellobiose,271
43.5,F11_D-Cellobiose,271
43.75,F11_D-Cellobiose,271
44.0,F11_D-Cellobiose,270
44.25,F11_D-Cellobiose,272
44.5,F11_D-Cellobiose,270
44.75,F11_D-Cellobiose,273
45.0,F11_D-Cellobiose,275
45.25,F11_D-Cellobiose,273
45.5,F11_D-Cellobiose,273
45.75,F11_D-Cellobiose,271
46.0,F11_D-Cellobiose,274
46.25,F11_D-Cellobiose,273
46.5,F11_D-Cellobiose,274
46.75,F11_D-Cellobiose,275
47.0,F11_D-Cellobiose,276
47.25,F11_D-Cellobiose,277
47.5,F11_D-Cellobiose,0
0.0,F12_Inosine,27
0.25,F12_Inosine,27
0.5,F12_Inosine,25
0.75,F12_Inosine,27
1.0,F12_Inosine,27
1.25,F12_Inosine,25
1.5,F12_Inosine,29
1.75,F12_Inosine,26
2.0,F12_Inosine,25
2.25,F12_Inosine,23
2.5,F12_Inosine,27
2.75,F12_Inosine,28
3.0,F12_Inosine,28
3.25,F12_Inosine,26
3.5,F12_Inosine,24
3.75,F12_Inosine,27
4.0,F12_Inosine,28
4.25,F12_Inosine,31
4.5,F12_Inosine,28
4.75,F12_Inosine,30
5.0,F12_Inosine,28
5.25,F12_Inosine,30
5.5,F12_Inosine,25
5.75,F12_Inosine,30
6.0,F12_Inosine,30
6.25,F12_Inosine,31
6.5,F12_Inosine,33
6.75,F12_Inosine,34
7.0,F12_Inosine,32
7.25,F12_Inosine,34
7.5,F12_Inosine,36
7.75,F12_Inosine,39
8.0,F12_Inosine,41
8.25,F12_Inosine,38
8.5,F12_Inosine,43
8.75,F12_Inosine,47
9.0,F12_Inosine,50
9.25,F12_Inosine,49
9.5,F12_Inosine,46
9.75,F12_Inosine,46
10.0,F12_Inosine,52
10.25,F12_Inosine,49
10.5,F12_Inosine,47
10.75,F12_Inosine,42
11.0,F12_Inosine,41
11.25,F12_Inosine,44
11.5,F12_Inosine,47
11.75,F12_Inosine,44
12.0,F12_Inosine,41
12.25,F12_Inosine,48
12.5,F12_Inosine,44
12.75,F12_Inosine,46
13.0,F12_Inosine,44
13.25,F12_Inosine,45
13.5,F12_Inosine,41
13.75,F12_Inosine,45
14.0,F12_Inosine,46
14.25,F12_Inosine,43
14.5,F12_Inosine,43
14.75,F12_Inosine,47
15.0,F12_Inosine,47
15.25,F12_Inosine,48
15.5,F12_Inosine,48
15.75,F12_Inosine,48
16.0,F12_Inosine,49
16.25,F12_Inosine,46
16.5,F12_Inosine,47
16.75,F12_Inosine,50
17.0,F12_Inosine,48
17.25,F12_Inosine,54
17.5,F12_Inosine,51
17.75,F12_Inosine,52
18.0,F12_Inosine,56
18.25,F12_Inosine,63
18.5,F12_Inosine,58
18.75,F12_Inosine,61
19.0,F12_Inosine,67
19.25,F12_Inosine,67
19.5,F12_Inosine,64
19.75,F12_Inosine,69
20.0,F12_Inosine,76
20.25,F12_Inosine,68
20.5,F12_Inosine,74
20.75,F12_Inosine,75
21.0,F12_Inosine,77
21.25,F12_Inosine,81
21.5,F12_Inosine,74
21.75,F12_Inosine,78
22.0,F12_Inosine,75
22.25,F12_Inosine,75
22.5,F12_Inosine,75
22.75,F12_Inosine,71
23.0,F12_Inosine,76
23.25,F12_Inosine,74
23.5,F12_Inosine,73
23.75,F12_Inosine,75
24.0,F12_Inosine,70
24.25,F12_Inosine,74
24.5,F12_Inosine,71
24.75,F12_Inosine,74
25.0,F12_Inosine,73
25.25,F12_Inosine,76
25.5,F12_Inosine,80
25.75,F12_Inosine,78
26.0,F12_Inosine,77
26.25,F12_Inosine,83
26.5,F12_Inosine,81
26.75,F12_Inosine,81
27.0,F12_Inosine,82
27.25,F12_Inosine,86
27.5,F12_Inosine,87
27.75,F12_Inosine,85
28.0,F12_Inosine,89
28.25,F12_Inosine,91
28.5,F12_Inosine,93
28.75,F12_Inosine,94
29.0,F12_Inosine,98
29.25,F12_Inosine,103
29.5,F12_Inosine,105
29.75,F12_Inosine,108
30.0,F12_Inosine,113
30.25,F12_Inosine,115
30.5,F12_Inosine,120
30.75,F12_Inosine,121
31.0,F12_Inosine,125
31.25,F12_Inosine,128
31.5,F12_Inosine,132
31.75,F12_Inosine,128
32.0,F12_Inosine,140
32.25,F12_Inosine,148
32.5,F12_Inosine,146
32.75,F12_Inosine,147
33.0,F12_Inosine,148
33.25,F12_Inosine,157
33.5,F12_Inosine,152
33.75,F12_Inosine,159
34.0,F12_Inosine,157
34.25,F12_Inosine,163
34.5,F12_Inosine,163
34.75,F12_Inosine,160
35.0,F12_Inosine,168
35.25,F12_Inosine,169
35.5,F12_Inosine,163
35.75,F12_Inosine,170
36.0,F12_Inosine,168
36.25,F12_Inosine,172
36.5,F12_Inosine,173
36.75,F12_Inosine,178
37.0,F12_Inosine,180
37.25,F12_Inosine,182
37.5,F12_Inosine,178
37.75,F12_Inosine,186
38.0,F12_Inosine,186
38.25,F12_Inosine,185
38.5,F12_Inosine,195
38.75,F12_Inosine,191
39.0,F12_Inosine,193
39.25,F12_Inosine,198
39.5,F12_Inosine,199
39.75,F12_Inosine,206
40.0,F12_Inosine,205
40.25,F12_Inosine,205
40.5,F12_Inosine,211
40.75,F12_Inosine,213
41.0,F12_Inosine,214
41.25,F12_Inosine,217
41.5,F12_Inosine,219
41.75,F12_Inosine,219
42.0,F12_Inosine,221
42.25,F12_Inosine,225
42.5,F12_Inosine,227
42.75,F12_Inosine,227
43.0,F12_Inosine,230
43.25,F12_Inosine,231
43.5,F12_Inosine,235
43.75,F12_Inosine,234
44.0,F12_Inosine,236
44.25,F12_Inosine,235
44.5,F12_Inosine,238
44.75,F12_Inosine,243
45.0,F12_Inosine,242
45.25,F12_Inosine,246
45.5,F12_Inosine,244
45.75,F12_Inosine,247
46.0,F12_Inosine,248
46.25,F12_Inosine,248
46.5,F12_Inosine,252
46.75,F12_Inosine,250
47.0,F12_Inosine,251
47.25,F12_Inosine,255
47.5,F12_Inosine,0
0.0,G1_Glycyl-L-Glutamic_Acid,69
0.25,G1_Glycyl-L-Glutamic_Acid,36
0.5,G1_Glycyl-L-Glutamic_Acid,40
0.75,G1_Glycyl-L-Glutamic_Acid,38
1.0,G1_Glycyl-L-Glutamic_Acid,32
1.25,G1_Glycyl-L-Glutamic_Acid,37
1.5,G1_Glycyl-L-Glutamic_Acid,33
1.75,G1_Glycyl-L-Glutamic_Acid,37
2.0,G1_Glycyl-L-Glutamic_Acid,31
2.25,G1_Glycyl-L-Glutamic_Acid,29
2.5,G1_Glycyl-L-Glutamic_Acid,35
2.75,G1_Glycyl-L-Glutamic_Acid,29
3.0,G1_Glycyl-L-Glutamic_Acid,38
3.25,G1_Glycyl-L-Glutamic_Acid,34
3.5,G1_Glycyl-L-Glutamic_Acid,34
3.75,G1_Glycyl-L-Glutamic_Acid,38
4.0,G1_Glycyl-L-Glutamic_Acid,30
4.25,G1_Glycyl-L-Glutamic_Acid,32
4.5,G1_Glycyl-L-Glutamic_Acid,34
4.75,G1_Glycyl-L-Glutamic_Acid,36
5.0,G1_Glycyl-L-Glutamic_Acid,38
5.25,G1_Glycyl-L-Glutamic_Acid,36
5.5,G1_Glycyl-L-Glutamic_Acid,37
5.75,G1_Glycyl-L-Glutamic_Acid,38
6.0,G1_Glycyl-L-Glutamic_Acid,37
6.25,G1_Glycyl-L-Glutamic_Acid,44
6.5,G1_Glycyl-L-Glutamic_Acid,47
6.75,G1_Glycyl-L-Glutamic_Acid,44
7.0,G1_Glycyl-L-Glutamic_Acid,47
7.25,G1_Glycyl-L-Glutamic_Acid,46
7.5,G1_Glycyl-L-Glutamic_Acid,48
7.75,G1_Glycyl-L-Glutamic_Acid,53
8.0,G1_Glycyl-L-Glutamic_Acid,48
8.25,G1_Glycyl-L-Glutamic_Acid,54
8.5,G1_Glycyl-L-Glutamic_Acid,57
8.75,G1_Glycyl-L-Glutamic_Acid,59
9.0,G1_Glycyl-L-Glutamic_Acid,58
9.25,G1_Glycyl-L-Glutamic_Acid,59
9.5,G1_Glycyl-L-Glutamic_Acid,60
9.75,G1_Glycyl-L-Glutamic_Acid,59
10.0,G1_Glycyl-L-Glutamic_Acid,63
10.25,G1_Glycyl-L-Glutamic_Acid,59
10.5,G1_Glycyl-L-Glutamic_Acid,64
10.75,G1_Glycyl-L-Glutamic_Acid,61
11.0,G1_Glycyl-L-Glutamic_Acid,56
11.25,G1_Glycyl-L-Glutamic_Acid,61
11.5,G1_Glycyl-L-Glutamic_Acid,65
11.75,G1_Glycyl-L-Glutamic_Acid,65
12.0,G1_Glycyl-L-Glutamic_Acid,65
12.25,G1_Glycyl-L-Glutamic_Acid,61
12.5,G1_Glycyl-L-Glutamic_Acid,64
12.75,G1_Glycyl-L-Glutamic_Acid,68
13.0,G1_Glycyl-L-Glutamic_Acid,65
13.25,G1_Glycyl-L-Glutamic_Acid,68
13.5,G1_Glycyl-L-Glutamic_Acid,68
13.75,G1_Glycyl-L-Glutamic_Acid,69
14.0,G1_Glycyl-L-Glutamic_Acid,68
14.25,G1_Glycyl-L-Glutamic_Acid,64
14.5,G1_Glycyl-L-Glutamic_Acid,69
14.75,G1_Glycyl-L-Glutamic_Acid,72
15.0,G1_Glycyl-L-Glutamic_Acid,66
15.25,G1_Glycyl-L-Glutamic_Acid,71
15.5,G1_Glycyl-L-Glutamic_Acid,73
15.75,G1_Glycyl-L-Glutamic_Acid,76
16.0,G1_Glycyl-L-Glutamic_Acid,74
16.25,G1_Glycyl-L-Glutamic_Acid,73
16.5,G1_Glycyl-L-Glutamic_Acid,74
16.75,G1_Glycyl-L-Glutamic_Acid,73
17.0,G1_Glycyl-L-Glutamic_Acid,72
17.25,G1_Glycyl-L-Glutamic_Acid,73
17.5,G1_Glycyl-L-Glutamic_Acid,77
17.75,G1_Glycyl-L-Glutamic_Acid,78
18.0,G1_Glycyl-L-Glutamic_Acid,78
18.25,G1_Glycyl-L-Glutamic_Acid,80
18.5,G1_Glycyl-L-Glutamic_Acid,78
18.75,G1_Glycyl-L-Glutamic_Acid,82
19.0,G1_Glycyl-L-Glutamic_Acid,81
19.25,G1_Glycyl-L-Glutamic_Acid,79
19.5,G1_Glycyl-L-Glutamic_Acid,83
19.75,G1_Glycyl-L-Glutamic_Acid,79
20.0,G1_Glycyl-L-Glutamic_Acid,86
20.25,G1_Glycyl-L-Glutamic_Acid,79
20.5,G1_Glycyl-L-Glutamic_Acid,82
20.75,G1_Glycyl-L-Glutamic_Acid,87
21.0,G1_Glycyl-L-Glutamic_Acid,87
21.25,G1_Glycyl-L-Glutamic_Acid,84
21.5,G1_Glycyl-L-Glutamic_Acid,82
21.75,G1_Glycyl-L-Glutamic_Acid,84
22.0,G1_Glycyl-L-Glutamic_Acid,86
22.25,G1_Glycyl-L-Glutamic_Acid,84
22.5,G1_Glycyl-L-Glutamic_Acid,83
22.75,G1_Glycyl-L-Glutamic_Acid,87
23.0,G1_Glycyl-L-Glutamic_Acid,86
23.25,G1_Glycyl-L-Glutamic_Acid,86
23.5,G1_Glycyl-L-Glutamic_Acid,87
23.75,G1_Glycyl-L-Glutamic_Acid,88
24.0,G1_Glycyl-L-Glutamic_Acid,88
24.25,G1_Glycyl-L-Glutamic_Acid,86
24.5,G1_Glycyl-L-Glutamic_Acid,90
24.75,G1_Glycyl-L-Glutamic_Acid,83
25.0,G1_Glycyl-L-Glutamic_Acid,88
25.25,G1_Glycyl-L-Glutamic_Acid,92
25.5,G1_Glycyl-L-Glutamic_Acid,85
25.75,G1_Glycyl-L-Glutamic_Acid,92
26.0,G1_Glycyl-L-Glutamic_Acid,86
26.25,G1_Glycyl-L-Glutamic_Acid,88
26.5,G1_Glycyl-L-Glutamic_Acid,87
26.75,G1_Glycyl-L-Glutamic_Acid,85
27.0,G1_Glycyl-L-Glutamic_Acid,84
27.25,G1_Glycyl-L-Glutamic_Acid,79
27.5,G1_Glycyl-L-Glutamic_Acid,87
27.75,G1_Glycyl-L-Glutamic_Acid,89
28.0,G1_Glycyl-L-Glutamic_Acid,85
28.25,G1_Glycyl-L-Glutamic_Acid,86
28.5,G1_Glycyl-L-Glutamic_Acid,85
28.75,G1_Glycyl-L-Glutamic_Acid,85
29.0,G1_Glycyl-L-Glutamic_Acid,87
29.25,G1_Glycyl-L-Glutamic_Acid,81
29.5,G1_Glycyl-L-Glutamic_Acid,82
29.75,G1_Glycyl-L-Glutamic_Acid,84
30.0,G1_Glycyl-L-Glutamic_Acid,78
30.25,G1_Glycyl-L-Glutamic_Acid,77
30.5,G1_Glycyl-L-Glutamic_Acid,79
30.75,G1_Glycyl-L-Glutamic_Acid,75
31.0,G1_Glycyl-L-Glutamic_Acid,80
31.25,G1_Glycyl-L-Glutamic_Acid,75
31.5,G1_Glycyl-L-Glutamic_Acid,77
31.75,G1_Glycyl-L-Glutamic_Acid,69
32.0,G1_Glycyl-L-Glutamic_Acid,76
32.25,G1_Glycyl-L-Glutamic_Acid,77
32.5,G1_Glycyl-L-Glutamic_Acid,76
32.75,G1_Glycyl-L-Glutamic_Acid,73
33.0,G1_Glycyl-L-Glutamic_Acid,72
33.25,G1_Glycyl-L-Glutamic_Acid,73
33.5,G1_Glycyl-L-Glutamic_Acid,74
33.75,G1_Glycyl-L-Glutamic_Acid,77
34.0,G1_Glycyl-L-Glutamic_Acid,69
34.25,G1_Glycyl-L-Glutamic_Acid,71
34.5,G1_Glycyl-L-Glutamic_Acid,75
34.75,G1_Glycyl-L-Glutamic_Acid,65
35.0,G1_Glycyl-L-Glutamic_Acid,75
35.25,G1_Glycyl-L-Glutamic_Acid,67
35.5,G1_Glycyl-L-Glutamic_Acid,69
35.75,G1_Glycyl-L-Glutamic_Acid,72
36.0,G1_Glycyl-L-Glutamic_Acid,70
36.25,G1_Glycyl-L-Glutamic_Acid,71
36.5,G1_Glycyl-L-Glutamic_Acid,71
36.75,G1_Glycyl-L-Glutamic_Acid,76
37.0,G1_Glycyl-L-Glutamic_Acid,75
37.25,G1_Glycyl-L-Glutamic_Acid,71
37.5,G1_Glycyl-L-Glutamic_Acid,67
37.75,G1_Glycyl-L-Glutamic_Acid,74
38.0,G1_Glycyl-L-Glutamic_Acid,69
38.25,G1_Glycyl-L-Glutamic_Acid,63
38.5,G1_Glycyl-L-Glutamic_Acid,71
38.75,G1_Glycyl-L-Glutamic_Acid,70
39.0,G1_Glycyl-L-Glutamic_Acid,62
39.25,G1_Glycyl-L-Glutamic_Acid,71
39.5,G1_Glycyl-L-Glutamic_Acid,73
39.75,G1_Glycyl-L-Glutamic_Acid,73
40.0,G1_Glycyl-L-Glutamic_Acid,73
40.25,G1_Glycyl-L-Glutamic_Acid,71
40.5,G1_Glycyl-L-Glutamic_Acid,73
40.75,G1_Glycyl-L-Glutamic_Acid,72
41.0,G1_Glycyl-L-Glutamic_Acid,73
41.25,G1_Glycyl-L-Glutamic_Acid,75
41.5,G1_Glycyl-L-Glutamic_Acid,71
41.75,G1_Glycyl-L-Glutamic_Acid,76
42.0,G1_Glycyl-L-Glutamic_Acid,78
42.25,G1_Glycyl-L-Glutamic_Acid,77
42.5,G1_Glycyl-L-Glutamic_Acid,70
42.75,G1_Glycyl-L-Glutamic_Acid,77
43.0,G1_Glycyl-L-Glutamic_Acid,76
43.25,G1_Glycyl-L-Glutamic_Acid,73
43.5,G1_Glycyl-L-Glutamic_Acid,73
43.75,G1_Glycyl-L-Glutamic_Acid,71
44.0,G1_Glycyl-L-Glutamic_Acid,73
44.25,G1_Glycyl-L-Glutamic_Acid,76
44.5,G1_Glycyl-L-Glutamic_Acid,72
44.75,G1_Glycyl-L-Glutamic_Acid,72
45.0,G1_Glycyl-L-Glutamic_Acid,76
45.25,G1_Glycyl-L-Glutamic_Acid,76
45.5,G1_Glycyl-L-Glutamic_Acid,75
45.75,G1_Glycyl-L-Glutamic_Acid,77
46.0,G1_Glycyl-L-Glutamic_Acid,78
46.25,G1_Glycyl-L-Glutamic_Acid,80
46.5,G1_Glycyl-L-Glutamic_Acid,78
46.75,G1_Glycyl-L-Glutamic_Acid,79
47.0,G1_Glycyl-L-Glutamic_Acid,70
47.25,G1_Glycyl-L-Glutamic_Acid,78
47.5,G1_Glycyl-L-Glutamic_Acid,0
0.0,G2_Tricarballylic_Acid,43
0.25,G2_Tricarballylic_Acid,21
0.5,G2_Tricarballylic_Acid,22
0.75,G2_Tricarballylic_Acid,23
1.0,G2_Tricarballylic_Acid,25
1.25,G2_Tricarballylic_Acid,22
1.5,G2_Tricarballylic_Acid,22
1.75,G2_Tricarballylic_Acid,20
2.0,G2_Tricarballylic_Acid,23
2.25,G2_Tricarballylic_Acid,22
2.5,G2_Tricarballylic_Acid,24
2.75,G2_Tricarballylic_Acid,26
3.0,G2_Tricarballylic_Acid,25
3.25,G2_Tricarballylic_Acid,23
3.5,G2_Tricarballylic_Acid,18
3.75,G2_Tricarballylic_Acid,18
4.0,G2_Tricarballylic_Acid,20
4.25,G2_Tricarballylic_Acid,31
4.5,G2_Tricarballylic_Acid,26
4.75,G2_Tricarballylic_Acid,24
5.0,G2_Tricarballylic_Acid,28
5.25,G2_Tricarballylic_Acid,28
5.5,G2_Tricarballylic_Acid,28
5.75,G2_Tricarballylic_Acid,34
6.0,G2_Tricarballylic_Acid,32
6.25,G2_Tricarballylic_Acid,26
6.5,G2_Tricarballylic_Acid,36
6.75,G2_Tricarballylic_Acid,35
7.0,G2_Tricarballylic_Acid,42
7.25,G2_Tricarballylic_Acid,35
7.5,G2_Tricarballylic_Acid,34
7.75,G2_Tricarballylic_Acid,35
8.0,G2_Tricarballylic_Acid,38
8.25,G2_Tricarballylic_Acid,39
8.5,G2_Tricarballylic_Acid,42
8.75,G2_Tricarballylic_Acid,37
9.0,G2_Tricarballylic_Acid,39
9.25,G2_Tricarballylic_Acid,40
9.5,G2_Tricarballylic_Acid,42
9.75,G2_Tricarballylic_Acid,39
10.0,G2_Tricarballylic_Acid,38
10.25,G2_Tricarballylic_Acid,35
10.5,G2_Tricarballylic_Acid,36
10.75,G2_Tricarballylic_Acid,38
11.0,G2_Tricarballylic_Acid,37
11.25,G2_Tricarballylic_Acid,36
11.5,G2_Tricarballylic_Acid,35
11.75,G2_Tricarballylic_Acid,36
12.0,G2_Tricarballylic_Acid,40
12.25,G2_Tricarballylic_Acid,37
12.5,G2_Tricarballylic_Acid,39
12.75,G2_Tricarballylic_Acid,34
13.0,G2_Tricarballylic_Acid,40
13.25,G2_Tricarballylic_Acid,39
13.5,G2_Tricarballylic_Acid,41
13.75,G2_Tricarballylic_Acid,35
14.0,G2_Tricarballylic_Acid,33
14.25,G2_Tricarballylic_Acid,33
14.5,G2_Tricarballylic_Acid,34
14.75,G2_Tricarballylic_Acid,39
15.0,G2_Tricarballylic_Acid,37
15.25,G2_Tricarballylic_Acid,37
15.5,G2_Tricarballylic_Acid,39
15.75,G2_Tricarballylic_Acid,35
16.0,G2_Tricarballylic_Acid,37
16.25,G2_Tricarballylic_Acid,40
16.5,G2_Tricarballylic_Acid,32
16.75,G2_Tricarballylic_Acid,34
17.0,G2_Tricarballylic_Acid,33
17.25,G2_Tricarballylic_Acid,35
17.5,G2_Tricarballylic_Acid,34
17.75,G2_Tricarballylic_Acid,40
18.0,G2_Tricarballylic_Acid,38
18.25,G2_Tricarballylic_Acid,37
18.5,G2_Tricarballylic_Acid,38
18.75,G2_Tricarballylic_Acid,32
19.0,G2_Tricarballylic_Acid,36
19.25,G2_Tricarballylic_Acid,36
19.5,G2_Tricarballylic_Acid,38
19.75,G2_Tricarballylic_Acid,35
20.0,G2_Tricarballylic_Acid,36
20.25,G2_Tricarballylic_Acid,38
20.5,G2_Tricarballylic_Acid,39
20.75,G2_Tricarballylic_Acid,33
21.0,G2_Tricarballylic_Acid,38
21.25,G2_Tricarballylic_Acid,37
21.5,G2_Tricarballylic_Acid,34
21.75,G2_Tricarballylic_Acid,36
22.0,G2_Tricarballylic_Acid,37
22.25,G2_Tricarballylic_Acid,32
22.5,G2_Tricarballylic_Acid,40
22.75,G2_Tricarballylic_Acid,35
23.0,G2_Tricarballylic_Acid,36
23.25,G2_Tricarballylic_Acid,40
23.5,G2_Tricarballylic_Acid,35
23.75,G2_Tricarballylic_Acid,37
24.0,G2_Tricarballylic_Acid,37
24.25,G2_Tricarballylic_Acid,38
24.5,G2_Tricarballylic_Acid,36
24.75,G2_Tricarballylic_Acid,38
25.0,G2_Tricarballylic_Acid,40
25.25,G2_Tricarballylic_Acid,37
25.5,G2_Tricarballylic_Acid,32
25.75,G2_Tricarballylic_Acid,35
26.0,G2_Tricarballylic_Acid,40
26.25,G2_Tricarballylic_Acid,39
26.5,G2_Tricarballylic_Acid,39
26.75,G2_Tricarballylic_Acid,37
27.0,G2_Tricarballylic_Acid,38
27.25,G2_Tricarballylic_Acid,37
27.5,G2_Tricarballylic_Acid,37
27.75,G2_Tricarballylic_Acid,37
28.0,G2_Tricarballylic_Acid,35
28.25,G2_Tricarballylic_Acid,35
28.5,G2_Tricarballylic_Acid,35
28.75,G2_Tricarballylic_Acid,40
29.0,G2_Tricarballylic_Acid,32
29.25,G2_Tricarballylic_Acid,34
29.5,G2_Tricarballylic_Acid,40
29.75,G2_Tricarballylic_Acid,37
30.0,G2_Tricarballylic_Acid,40
30.25,G2_Tricarballylic_Acid,36
30.5,G2_Tricarballylic_Acid,37
30.75,G2_Tricarballylic_Acid,36
31.0,G2_Tricarballylic_Acid,40
31.25,G2_Tricarballylic_Acid,36
31.5,G2_Tricarballylic_Acid,39
31.75,G2_Tricarballylic_Acid,37
32.0,G2_Tricarballylic_Acid,40
32.25,G2_Tricarballylic_Acid,41
32.5,G2_Tricarballylic_Acid,42
32.75,G2_Tricarballylic_Acid,41
33.0,G2_Tricarballylic_Acid,39
33.25,G2_Tricarballylic_Acid,42
33.5,G2_Tricarballylic_Acid,34
33.75,G2_Tricarballylic_Acid,39
34.0,G2_Tricarballylic_Acid,32
34.25,G2_Tricarballylic_Acid,37
34.5,G2_Tricarballylic_Acid,36
34.75,G2_Tricarballylic_Acid,39
35.0,G2_Tricarballylic_Acid,42
35.25,G2_Tricarballylic_Acid,35
35.5,G2_Tricarballylic_Acid,38
35.75,G2_Tricarballylic_Acid,41
36.0,G2_Tricarballylic_Acid,42
36.25,G2_Tricarballylic_Acid,35
36.5,G2_Tricarballylic_Acid,39
36.75,G2_Tricarballylic_Acid,39
37.0,G2_Tricarballylic_Acid,39
37.25,G2_Tricarballylic_Acid,36
37.5,G2_Tricarballylic_Acid,34
37.75,G2_Tricarballylic_Acid,42
38.0,G2_Tricarballylic_Acid,36
38.25,G2_Tricarballylic_Acid,41
38.5,G2_Tricarballylic_Acid,36
38.75,G2_Tricarballylic_Acid,37
39.0,G2_Tricarballylic_Acid,36
39.25,G2_Tricarballylic_Acid,37
39.5,G2_Tricarballylic_Acid,34
39.75,G2_Tricarballylic_Acid,39
40.0,G2_Tricarballylic_Acid,37
40.25,G2_Tricarballylic_Acid,35
40.5,G2_Tricarballylic_Acid,36
40.75,G2_Tricarballylic_Acid,40
41.0,G2_Tricarballylic_Acid,38
41.25,G2_Tricarballylic_Acid,41
41.5,G2_Tricarballylic_Acid,38
41.75,G2_Tricarballylic_Acid,37
42.0,G2_Tricarballylic_Acid,36
42.25,G2_Tricarballylic_Acid,35
42.5,G2_Tricarballylic_Acid,38
42.75,G2_Tricarballylic_Acid,37
43.0,G2_Tricarballylic_Acid,36
43.25,G2_Tricarballylic_Acid,37
43.5,G2_Tricarballylic_Acid,38
43.75,G2_Tricarballylic_Acid,39
44.0,G2_Tricarballylic_Acid,42
44.25,G2_Tricarballylic_Acid,36
44.5,G2_Tricarballylic_Acid,38
44.75,G2_Tricarballylic_Acid,40
45.0,G2_Tricarballylic_Acid,40
45.25,G2_Tricarballylic_Acid,41
45.5,G2_Tricarballylic_Acid,36
45.75,G2_Tricarballylic_Acid,37
46.0,G2_Tricarballylic_Acid,40
46.25,G2_Tricarballylic_Acid,39
46.5,G2_Tricarballylic_Acid,42
46.75,G2_Tricarballylic_Acid,38
47.0,G2_Tricarballylic_Acid,36
47.25,G2_Tricarballylic_Acid,40
47.5,G2_Tricarballylic_Acid,0
0.0,G3_L-Serine,13
0.25,G3_L-Serine,16
0.5,G3_L-Serine,11
0.75,G3_L-Serine,23
1.0,G3_L-Serine,13
1.25,G3_L-Serine,13
1.5,G3_L-Serine,15
1.75,G3_L-Serine,20
2.0,G3_L-Serine,20
2.25,G3_L-Serine,19
2.5,G3_L-Serine,22
2.75,G3_L-Serine,15
3.0,G3_L-Serine,17
3.25,G3_L-Serine,15
3.5,G3_L-Serine,13
3.75,G3_L-Serine,15
4.0,G3_L-Serine,13
4.25,G3_L-Serine,20
4.5,G3_L-Serine,20
4.75,G3_L-Serine,18
5.0,G3_L-Serine,21
5.25,G3_L-Serine,20
5.5,G3_L-Serine,23
5.75,G3_L-Serine,21
6.0,G3_L-Serine,22
6.25,G3_L-Serine,25
6.5,G3_L-Serine,24
6.75,G3_L-Serine,25
7.0,G3_L-Serine,24
7.25,G3_L-Serine,27
7.5,G3_L-Serine,28
7.75,G3_L-Serine,29
8.0,G3_L-Serine,26
8.25,G3_L-Serine,32
8.5,G3_L-Serine,31
8.75,G3_L-Serine,35
9.0,G3_L-Serine,34
9.25,G3_L-Serine,36
9.5,G3_L-Serine,38
9.75,G3_L-Serine,37
10.0,G3_L-Serine,37
10.25,G3_L-Serine,41
10.5,G3_L-Serine,37
10.75,G3_L-Serine,40
11.0,G3_L-Serine,41
11.25,G3_L-Serine,41
11.5,G3_L-Serine,46
11.75,G3_L-Serine,48
12.0,G3_L-Serine,47
12.25,G3_L-Serine,49
12.5,G3_L-Serine,47
12.75,G3_L-Serine,55
13.0,G3_L-Serine,51
13.25,G3_L-Serine,51
13.5,G3_L-Serine,51
13.75,G3_L-Serine,51
14.0,G3_L-Serine,51
14.25,G3_L-Serine,54
14.5,G3_L-Serine,60
14.75,G3_L-Serine,62
15.0,G3_L-Serine,59
15.25,G3_L-Serine,62
15.5,G3_L-Serine,66
15.75,G3_L-Serine,70
16.0,G3_L-Serine,68
16.25,G3_L-Serine,65
16.5,G3_L-Serine,72
16.75,G3_L-Serine,72
17.0,G3_L-Serine,71
17.25,G3_L-Serine,76
17.5,G3_L-Serine,75
17.75,G3_L-Serine,81
18.0,G3_L-Serine,82
18.25,G3_L-Serine,78
18.5,G3_L-Serine,81
18.75,G3_L-Serine,84
19.0,G3_L-Serine,87
19.25,G3_L-Serine,84
19.5,G3_L-Serine,87
19.75,G3_L-Serine,91
20.0,G3_L-Serine,93
20.25,G3_L-Serine,89
20.5,G3_L-Serine,96
20.75,G3_L-Serine,95
21.0,G3_L-Serine,97
21.25,G3_L-Serine,96
21.5,G3_L-Serine,104
21.75,G3_L-Serine,104
22.0,G3_L-Serine,104
22.25,G3_L-Serine,108
22.5,G3_L-Serine,110
22.75,G3_L-Serine,104
23.0,G3_L-Serine,111
23.25,G3_L-Serine,114
23.5,G3_L-Serine,117
23.75,G3_L-Serine,119
24.0,G3_L-Serine,118
24.25,G3_L-Serine,120
24.5,G3_L-Serine,116
24.75,G3_L-Serine,119
25.0,G3_L-Serine,124
25.25,G3_L-Serine,123
25.5,G3_L-Serine,129
25.75,G3_L-Serine,130
26.0,G3_L-Serine,126
26.25,G3_L-Serine,135
26.5,G3_L-Serine,134
26.75,G3_L-Serine,134
27.0,G3_L-Serine,135
27.25,G3_L-Serine,135
27.5,G3_L-Serine,144
27.75,G3_L-Serine,139
28.0,G3_L-Serine,143
28.25,G3_L-Serine,144
28.5,G3_L-Serine,148
28.75,G3_L-Serine,151
29.0,G3_L-Serine,152
29.25,G3_L-Serine,149
29.5,G3_L-Serine,151
29.75,G3_L-Serine,153
30.0,G3_L-Serine,159
30.25,G3_L-Serine,163
30.5,G3_L-Serine,161
30.75,G3_L-Serine,163
31.0,G3_L-Serine,164
31.25,G3_L-Serine,170
31.5,G3_L-Serine,173
31.75,G3_L-Serine,168
32.0,G3_L-Serine,178
32.25,G3_L-Serine,184
32.5,G3_L-Serine,182
32.75,G3_L-Serine,183
33.0,G3_L-Serine,183
33.25,G3_L-Serine,184
33.5,G3_L-Serine,187
33.75,G3_L-Serine,193
34.0,G3_L-Serine,191
34.25,G3_L-Serine,193
34.5,G3_L-Serine,198
34.75,G3_L-Serine,197
35.0,G3_L-Serine,203
35.25,G3_L-Serine,205
35.5,G3_L-Serine,203
35.75,G3_L-Serine,205
36.0,G3_L-Serine,206
36.25,G3_L-Serine,207
36.5,G3_L-Serine,211
36.75,G3_L-Serine,211
37.0,G3_L-Serine,218
37.25,G3_L-Serine,212
37.5,G3_L-Serine,215
37.75,G3_L-Serine,222
38.0,G3_L-Serine,222
38.25,G3_L-Serine,219
38.5,G3_L-Serine,226
38.75,G3_L-Serine,221
39.0,G3_L-Serine,227
39.25,G3_L-Serine,232
39.5,G3_L-Serine,234
39.75,G3_L-Serine,234
40.0,G3_L-Serine,234
40.25,G3_L-Serine,234
40.5,G3_L-Serine,237
40.75,G3_L-Serine,236
41.0,G3_L-Serine,236
41.25,G3_L-Serine,240
41.5,G3_L-Serine,241
41.75,G3_L-Serine,245
42.0,G3_L-Serine,243
42.25,G3_L-Serine,241
42.5,G3_L-Serine,242
42.75,G3_L-Serine,242
43.0,G3_L-Serine,241
43.25,G3_L-Serine,239
43.5,G3_L-Serine,242
43.75,G3_L-Serine,238
44.0,G3_L-Serine,240
44.25,G3_L-Serine,243
44.5,G3_L-Serine,239
44.75,G3_L-Serine,240
45.0,G3_L-Serine,244
45.25,G3_L-Serine,242
45.5,G3_L-Serine,239
45.75,G3_L-Serine,242
46.0,G3_L-Serine,241
46.25,G3_L-Serine,241
46.5,G3_L-Serine,241
46.75,G3_L-Serine,242
47.0,G3_L-Serine,237
47.25,G3_L-Serine,240
47.5,G3_L-Serine,0
0.0,G4_L-Threonine,45
0.25,G4_L-Threonine,45
0.5,G4_L-Threonine,12
0.75,G4_L-Threonine,18
1.0,G4_L-Threonine,13
1.25,G4_L-Threonine,13
1.5,G4_L-Threonine,12
1.75,G4_L-Threonine,13
2.0,G4_L-Threonine,13
2.25,G4_L-Threonine,12
2.5,G4_L-Threonine,14
2.75,G4_L-Threonine,17
3.0,G4_L-Threonine,14
3.25,G4_L-Threonine,11
3.5,G4_L-Threonine,11
3.75,G4_L-Threonine,11
4.0,G4_L-Threonine,11
4.25,G4_L-Threonine,14
4.5,G4_L-Threonine,17
4.75,G4_L-Threonine,15
5.0,G4_L-Threonine,13
5.25,G4_L-Threonine,14
5.5,G4_L-Threonine,13
5.75,G4_L-Threonine,14
6.0,G4_L-Threonine,11
6.25,G4_L-Threonine,20
6.5,G4_L-Threonine,15
6.75,G4_L-Threonine,15
7.0,G4_L-Threonine,19
7.25,G4_L-Threonine,18
7.5,G4_L-Threonine,18
7.75,G4_L-Threonine,16
8.0,G4_L-Threonine,20
8.25,G4_L-Threonine,16
8.5,G4_L-Threonine,15
8.75,G4_L-Threonine,15
9.0,G4_L-Threonine,17
9.25,G4_L-Threonine,22
9.5,G4_L-Threonine,19
9.75,G4_L-Threonine,22
10.0,G4_L-Threonine,19
10.25,G4_L-Threonine,19
10.5,G4_L-Threonine,19
10.75,G4_L-Threonine,18
11.0,G4_L-Threonine,23
11.25,G4_L-Threonine,21
11.5,G4_L-Threonine,27
11.75,G4_L-Threonine,27
12.0,G4_L-Threonine,26
12.25,G4_L-Threonine,26
12.5,G4_L-Threonine,24
12.75,G4_L-Threonine,27
13.0,G4_L-Threonine,27
13.25,G4_L-Threonine,31
13.5,G4_L-Threonine,30
13.75,G4_L-Threonine,25
14.0,G4_L-Threonine,25
14.25,G4_L-Threonine,29
14.5,G4_L-Threonine,29
14.75,G4_L-Threonine,26
15.0,G4_L-Threonine,32
15.25,G4_L-Threonine,29
15.5,G4_L-Threonine,32
15.75,G4_L-Threonine,30
16.0,G4_L-Threonine,32
16.25,G4_L-Threonine,36
16.5,G4_L-Threonine,32
16.75,G4_L-Threonine,36
17.0,G4_L-Threonine,37
17.25,G4_L-Threonine,37
17.5,G4_L-Threonine,32
17.75,G4_L-Threonine,40
18.0,G4_L-Threonine,41
18.25,G4_L-Threonine,39
18.5,G4_L-Threonine,39
18.75,G4_L-Threonine,39
19.0,G4_L-Threonine,41
19.25,G4_L-Threonine,44
19.5,G4_L-Threonine,44
19.75,G4_L-Threonine,47
20.0,G4_L-Threonine,48
20.25,G4_L-Threonine,42
20.5,G4_L-Threonine,45
20.75,G4_L-Threonine,45
21.0,G4_L-Threonine,46
21.25,G4_L-Threonine,49
21.5,G4_L-Threonine,48
21.75,G4_L-Threonine,46
22.0,G4_L-Threonine,46
22.25,G4_L-Threonine,48
22.5,G4_L-Threonine,49
22.75,G4_L-Threonine,46
23.0,G4_L-Threonine,52
23.25,G4_L-Threonine,48
23.5,G4_L-Threonine,48
23.75,G4_L-Threonine,50
24.0,G4_L-Threonine,56
24.25,G4_L-Threonine,52
24.5,G4_L-Threonine,51
24.75,G4_L-Threonine,51
25.0,G4_L-Threonine,53
25.25,G4_L-Threonine,54
25.5,G4_L-Threonine,54
25.75,G4_L-Threonine,54
26.0,G4_L-Threonine,59
26.25,G4_L-Threonine,55
26.5,G4_L-Threonine,55
26.75,G4_L-Threonine,58
27.0,G4_L-Threonine,56
27.25,G4_L-Threonine,60
27.5,G4_L-Threonine,61
27.75,G4_L-Threonine,59
28.0,G4_L-Threonine,58
28.25,G4_L-Threonine,60
28.5,G4_L-Threonine,61
28.75,G4_L-Threonine,61
29.0,G4_L-Threonine,62
29.25,G4_L-Threonine,61
29.5,G4_L-Threonine,65
29.75,G4_L-Threonine,63
30.0,G4_L-Threonine,65
30.25,G4_L-Threonine,67
30.5,G4_L-Threonine,68
30.75,G4_L-Threonine,66
31.0,G4_L-Threonine,66
31.25,G4_L-Threonine,61
31.5,G4_L-Threonine,67
31.75,G4_L-Threonine,64
32.0,G4_L-Threonine,71
32.25,G4_L-Threonine,67
32.5,G4_L-Threonine,76
32.75,G4_L-Threonine,69
33.0,G4_L-Threonine,68
33.25,G4_L-Threonine,74
33.5,G4_L-Threonine,69
33.75,G4_L-Threonine,73
34.0,G4_L-Threonine,70
34.25,G4_L-Threonine,74
34.5,G4_L-Threonine,72
34.75,G4_L-Threonine,65
35.0,G4_L-Threonine,75
35.25,G4_L-Threonine,75
35.5,G4_L-Threonine,69
35.75,G4_L-Threonine,74
36.0,G4_L-Threonine,72
36.25,G4_L-Threonine,74
36.5,G4_L-Threonine,72
36.75,G4_L-Threonine,80
37.0,G4_L-Threonine,79
37.25,G4_L-Threonine,74
37.5,G4_L-Threonine,73
37.75,G4_L-Threonine,79
38.0,G4_L-Threonine,78
38.25,G4_L-Threonine,73
38.5,G4_L-Threonine,81
38.75,G4_L-Threonine,75
39.0,G4_L-Threonine,80
39.25,G4_L-Threonine,75
39.5,G4_L-Threonine,79
39.75,G4_L-Threonine,82
40.0,G4_L-Threonine,78
40.25,G4_L-Threonine,81
40.5,G4_L-Threonine,86
40.75,G4_L-Threonine,83
41.0,G4_L-Threonine,74
41.25,G4_L-Threonine,83
41.5,G4_L-Threonine,86
41.75,G4_L-Threonine,80
42.0,G4_L-Threonine,81
42.25,G4_L-Threonine,82
42.5,G4_L-Threonine,83
42.75,G4_L-Threonine,85
43.0,G4_L-Threonine,86
43.25,G4_L-Threonine,81
43.5,G4_L-Threonine,84
43.75,G4_L-Threonine,86
44.0,G4_L-Threonine,81
44.25,G4_L-Threonine,83
44.5,G4_L-Threonine,78
44.75,G4_L-Threonine,87
45.0,G4_L-Threonine,81
45.25,G4_L-Threonine,84
45.5,G4_L-Threonine,85
45.75,G4_L-Threonine,87
46.0,G4_L-Threonine,84
46.25,G4_L-Threonine,85
46.5,G4_L-Threonine,89
46.75,G4_L-Threonine,87
47.0,G4_L-Threonine,86
47.25,G4_L-Threonine,90
47.5,G4_L-Threonine,0
0.0,G5_L-Alanine,31
0.25,G5_L-Alanine,19
0.5,G5_L-Alanine,19
0.75,G5_L-Alanine,22
1.0,G5_L-Alanine,13
1.25,G5_L-Alanine,16
1.5,G5_L-Alanine,20
1.75,G5_L-Alanine,19
2.0,G5_L-Alanine,16
2.25,G5_L-Alanine,17
2.5,G5_L-Alanine,17
2.75,G5_L-Alanine,15
3.0,G5_L-Alanine,14
3.25,G5_L-Alanine,13
3.5,G5_L-Alanine,11
3.75,G5_L-Alanine,14
4.0,G5_L-Alanine,15
4.25,G5_L-Alanine,20
4.5,G5_L-Alanine,18
4.75,G5_L-Alanine,12
5.0,G5_L-Alanine,21
5.25,G5_L-Alanine,24
5.5,G5_L-Alanine,24
5.75,G5_L-Alanine,23
6.0,G5_L-Alanine,23
6.25,G5_L-Alanine,25
6.5,G5_L-Alanine,31
6.75,G5_L-Alanine,22
7.0,G5_L-Alanine,36
7.25,G5_L-Alanine,33
7.5,G5_L-Alanine,32
7.75,G5_L-Alanine,38
8.0,G5_L-Alanine,37
8.25,G5_L-Alanine,38
8.5,G5_L-Alanine,40
8.75,G5_L-Alanine,44
9.0,G5_L-Alanine,45
9.25,G5_L-Alanine,46
9.5,G5_L-Alanine,49
9.75,G5_L-Alanine,48
10.0,G5_L-Alanine,52
10.25,G5_L-Alanine,53
10.5,G5_L-Alanine,54
10.75,G5_L-Alanine,57
11.0,G5_L-Alanine,63
11.25,G5_L-Alanine,64
11.5,G5_L-Alanine,65
11.75,G5_L-Alanine,66
12.0,G5_L-Alanine,71
12.25,G5_L-Alanine,74
12.5,G5_L-Alanine,77
12.75,G5_L-Alanine,79
13.0,G5_L-Alanine,84
13.25,G5_L-Alanine,84
13.5,G5_L-Alanine,88
13.75,G5_L-Alanine,88
14.0,G5_L-Alanine,91
14.25,G5_L-Alanine,101
14.5,G5_L-Alanine,102
14.75,G5_L-Alanine,105
15.0,G5_L-Alanine,106
15.25,G5_L-Alanine,109
15.5,G5_L-Alanine,114
15.75,G5_L-Alanine,113
16.0,G5_L-Alanine,118
16.25,G5_L-Alanine,122
16.5,G5_L-Alanine,123
16.75,G5_L-Alanine,126
17.0,G5_L-Alanine,130
17.25,G5_L-Alanine,129
17.5,G5_L-Alanine,129
17.75,G5_L-Alanine,139
18.0,G5_L-Alanine,140
18.25,G5_L-Alanine,141
18.5,G5_L-Alanine,143
18.75,G5_L-Alanine,147
19.0,G5_L-Alanine,150
19.25,G5_L-Alanine,152
19.5,G5_L-Alanine,151
19.75,G5_L-Alanine,159
20.0,G5_L-Alanine,157
20.25,G5_L-Alanine,159
20.5,G5_L-Alanine,162
20.75,G5_L-Alanine,167
21.0,G5_L-Alanine,169
21.25,G5_L-Alanine,177
21.5,G5_L-Alanine,172
21.75,G5_L-Alanine,174
22.0,G5_L-Alanine,180
22.25,G5_L-Alanine,183
22.5,G5_L-Alanine,184
22.75,G5_L-Alanine,184
23.0,G5_L-Alanine,188
23.25,G5_L-Alanine,189
23.5,G5_L-Alanine,188
23.75,G5_L-Alanine,194
24.0,G5_L-Alanine,200
24.25,G5_L-Alanine,196
24.5,G5_L-Alanine,200
24.75,G5_L-Alanine,202
25.0,G5_L-Alanine,202
25.25,G5_L-Alanine,202
25.5,G5_L-Alanine,203
25.75,G5_L-Alanine,206
26.0,G5_L-Alanine,209
26.25,G5_L-Alanine,209
26.5,G5_L-Alanine,214
26.75,G5_L-Alanine,214
27.0,G5_L-Alanine,214
27.25,G5_L-Alanine,216
27.5,G5_L-Alanine,218
27.75,G5_L-Alanine,220
28.0,G5_L-Alanine,216
28.25,G5_L-Alanine,220
28.5,G5_L-Alanine,221
28.75,G5_L-Alanine,225
29.0,G5_L-Alanine,221
29.25,G5_L-Alanine,225
29.5,G5_L-Alanine,227
29.75,G5_L-Alanine,229
30.0,G5_L-Alanine,228
30.25,G5_L-Alanine,228
30.5,G5_L-Alanine,227
30.75,G5_L-Alanine,229
31.0,G5_L-Alanine,230
31.25,G5_L-Alanine,231
31.5,G5_L-Alanine,233
31.75,G5_L-Alanine,233
32.0,G5_L-Alanine,234
32.25,G5_L-Alanine,235
32.5,G5_L-Alanine,237
32.75,G5_L-Alanine,238
33.0,G5_L-Alanine,233
33.25,G5_L-Alanine,237
33.5,G5_L-Alanine,236
33.75,G5_L-Alanine,236
34.0,G5_L-Alanine,237
34.25,G5_L-Alanine,238
34.5,G5_L-Alanine,239
34.75,G5_L-Alanine,238
35.0,G5_L-Alanine,241
35.25,G5_L-Alanine,241
35.5,G5_L-Alanine,242
35.75,G5_L-Alanine,245
36.0,G5_L-Alanine,244
36.25,G5_L-Alanine,243
36.5,G5_L-Alanine,247
36.75,G5_L-Alanine,247
37.0,G5_L-Alanine,244
37.25,G5_L-Alanine,248
37.5,G5_L-Alanine,249
37.75,G5_L-Alanine,249
38.0,G5_L-Alanine,249
38.25,G5_L-Alanine,245
38.5,G5_L-Alanine,241
38.75,G5_L-Alanine,244
39.0,G5_L-Alanine,242
39.25,G5_L-Alanine,242
39.5,G5_L-Alanine,245
39.75,G5_L-Alanine,249
40.0,G5_L-Alanine,248
40.25,G5_L-Alanine,246
40.5,G5_L-Alanine,250
40.75,G5_L-Alanine,246
41.0,G5_L-Alanine,244
41.25,G5_L-Alanine,248
41.5,G5_L-Alanine,249
41.75,G5_L-Alanine,250
42.0,G5_L-Alanine,253
42.25,G5_L-Alanine,249
42.5,G5_L-Alanine,250
42.75,G5_L-Alanine,250
43.0,G5_L-Alanine,252
43.25,G5_L-Alanine,248
43.5,G5_L-Alanine,250
43.75,G5_L-Alanine,248
44.0,G5_L-Alanine,251
44.25,G5_L-Alanine,251
44.5,G5_L-Alanine,252
44.75,G5_L-Alanine,250
45.0,G5_L-Alanine,253
45.25,G5_L-Alanine,252
45.5,G5_L-Alanine,255
45.75,G5_L-Alanine,252
46.0,G5_L-Alanine,249
46.25,G5_L-Alanine,250
46.5,G5_L-Alanine,254
46.75,G5_L-Alanine,249
47.0,G5_L-Alanine,252
47.25,G5_L-Alanine,248
47.5,G5_L-Alanine,0
0.0,G6_L-Alanyl-Glycine,36
0.25,G6_L-Alanyl-Glycine,11
0.5,G6_L-Alanyl-Glycine,15
0.75,G6_L-Alanyl-Glycine,17
1.0,G6_L-Alanyl-Glycine,16
1.25,G6_L-Alanyl-Glycine,20
1.5,G6_L-Alanyl-Glycine,16
1.75,G6_L-Alanyl-Glycine,17
2.0,G6_L-Alanyl-Glycine,15
2.25,G6_L-Alanyl-Glycine,16
2.5,G6_L-Alanyl-Glycine,11
2.75,G6_L-Alanyl-Glycine,15
3.0,G6_L-Alanyl-Glycine,17
3.25,G6_L-Alanyl-Glycine,14
3.5,G6_L-Alanyl-Glycine,16
3.75,G6_L-Alanyl-Glycine,15
4.0,G6_L-Alanyl-Glycine,13
4.25,G6_L-Alanyl-Glycine,17
4.5,G6_L-Alanyl-Glycine,20
4.75,G6_L-Alanyl-Glycine,21
5.0,G6_L-Alanyl-Glycine,16
5.25,G6_L-Alanyl-Glycine,18
5.5,G6_L-Alanyl-Glycine,16
5.75,G6_L-Alanyl-Glycine,19
6.0,G6_L-Alanyl-Glycine,22
6.25,G6_L-Alanyl-Glycine,19
6.5,G6_L-Alanyl-Glycine,16
6.75,G6_L-Alanyl-Glycine,23
7.0,G6_L-Alanyl-Glycine,30
7.25,G6_L-Alanyl-Glycine,28
7.5,G6_L-Alanyl-Glycine,36
7.75,G6_L-Alanyl-Glycine,35
8.0,G6_L-Alanyl-Glycine,34
8.25,G6_L-Alanyl-Glycine,37
8.5,G6_L-Alanyl-Glycine,40
8.75,G6_L-Alanyl-Glycine,43
9.0,G6_L-Alanyl-Glycine,42
9.25,G6_L-Alanyl-Glycine,40
9.5,G6_L-Alanyl-Glycine,44
9.75,G6_L-Alanyl-Glycine,43
10.0,G6_L-Alanyl-Glycine,45
10.25,G6_L-Alanyl-Glycine,48
10.5,G6_L-Alanyl-Glycine,50
10.75,G6_L-Alanyl-Glycine,51
11.0,G6_L-Alanyl-Glycine,53
11.25,G6_L-Alanyl-Glycine,48
11.5,G6_L-Alanyl-Glycine,52
11.75,G6_L-Alanyl-Glycine,57
12.0,G6_L-Alanyl-Glycine,57
12.25,G6_L-Alanyl-Glycine,58
12.5,G6_L-Alanyl-Glycine,60
12.75,G6_L-Alanyl-Glycine,60
13.0,G6_L-Alanyl-Glycine,64
13.25,G6_L-Alanyl-Glycine,61
13.5,G6_L-Alanyl-Glycine,61
13.75,G6_L-Alanyl-Glycine,64
14.0,G6_L-Alanyl-Glycine,67
14.25,G6_L-Alanyl-Glycine,68
14.5,G6_L-Alanyl-Glycine,71
14.75,G6_L-Alanyl-Glycine,74
15.0,G6_L-Alanyl-Glycine,77
15.25,G6_L-Alanyl-Glycine,80
15.5,G6_L-Alanyl-Glycine,76
15.75,G6_L-Alanyl-Glycine,81
16.0,G6_L-Alanyl-Glycine,81
16.25,G6_L-Alanyl-Glycine,85
16.5,G6_L-Alanyl-Glycine,80
16.75,G6_L-Alanyl-Glycine,90
17.0,G6_L-Alanyl-Glycine,89
17.25,G6_L-Alanyl-Glycine,94
17.5,G6_L-Alanyl-Glycine,95
17.75,G6_L-Alanyl-Glycine,103
18.0,G6_L-Alanyl-Glycine,105
18.25,G6_L-Alanyl-Glycine,107
18.5,G6_L-Alanyl-Glycine,106
18.75,G6_L-Alanyl-Glycine,115
19.0,G6_L-Alanyl-Glycine,114
19.25,G6_L-Alanyl-Glycine,116
19.5,G6_L-Alanyl-Glycine,123
19.75,G6_L-Alanyl-Glycine,125
20.0,G6_L-Alanyl-Glycine,129
20.25,G6_L-Alanyl-Glycine,133
20.5,G6_L-Alanyl-Glycine,137
20.75,G6_L-Alanyl-Glycine,142
21.0,G6_L-Alanyl-Glycine,146
21.25,G6_L-Alanyl-Glycine,147
21.5,G6_L-Alanyl-Glycine,154
21.75,G6_L-Alanyl-Glycine,158
22.0,G6_L-Alanyl-Glycine,162
22.25,G6_L-Alanyl-Glycine,167
22.5,G6_L-Alanyl-Glycine,169
22.75,G6_L-Alanyl-Glycine,171
23.0,G6_L-Alanyl-Glycine,177
23.25,G6_L-Alanyl-Glycine,180
23.5,G6_L-Alanyl-Glycine,185
23.75,G6_L-Alanyl-Glycine,189
24.0,G6_L-Alanyl-Glycine,193
24.25,G6_L-Alanyl-Glycine,198
24.5,G6_L-Alanyl-Glycine,201
24.75,G6_L-Alanyl-Glycine,202
25.0,G6_L-Alanyl-Glycine,205
25.25,G6_L-Alanyl-Glycine,207
25.5,G6_L-Alanyl-Glycine,211
25.75,G6_L-Alanyl-Glycine,215
26.0,G6_L-Alanyl-Glycine,213
26.25,G6_L-Alanyl-Glycine,222
26.5,G6_L-Alanyl-Glycine,219
26.75,G6_L-Alanyl-Glycine,219
27.0,G6_L-Alanyl-Glycine,225
27.25,G6_L-Alanyl-Glycine,227
27.5,G6_L-Alanyl-Glycine,226
27.75,G6_L-Alanyl-Glycine,228
28.0,G6_L-Alanyl-Glycine,230
28.25,G6_L-Alanyl-Glycine,233
28.5,G6_L-Alanyl-Glycine,230
28.75,G6_L-Alanyl-Glycine,236
29.0,G6_L-Alanyl-Glycine,234
29.25,G6_L-Alanyl-Glycine,241
29.5,G6_L-Alanyl-Glycine,239
29.75,G6_L-Alanyl-Glycine,243
30.0,G6_L-Alanyl-Glycine,243
30.25,G6_L-Alanyl-Glycine,241
30.5,G6_L-Alanyl-Glycine,244
30.75,G6_L-Alanyl-Glycine,246
31.0,G6_L-Alanyl-Glycine,246
31.25,G6_L-Alanyl-Glycine,248
31.5,G6_L-Alanyl-Glycine,247
31.75,G6_L-Alanyl-Glycine,248
32.0,G6_L-Alanyl-Glycine,247
32.25,G6_L-Alanyl-Glycine,248
32.5,G6_L-Alanyl-Glycine,250
32.75,G6_L-Alanyl-Glycine,250
33.0,G6_L-Alanyl-Glycine,246
33.25,G6_L-Alanyl-Glycine,248
33.5,G6_L-Alanyl-Glycine,246
33.75,G6_L-Alanyl-Glycine,243
34.0,G6_L-Alanyl-Glycine,248
34.25,G6_L-Alanyl-Glycine,248
34.5,G6_L-Alanyl-Glycine,247
34.75,G6_L-Alanyl-Glycine,249
35.0,G6_L-Alanyl-Glycine,245
35.25,G6_L-Alanyl-Glycine,247
35.5,G6_L-Alanyl-Glycine,244
35.75,G6_L-Alanyl-Glycine,246
36.0,G6_L-Alanyl-Glycine,245
36.25,G6_L-Alanyl-Glycine,244
36.5,G6_L-Alanyl-Glycine,245
36.75,G6_L-Alanyl-Glycine,246
37.0,G6_L-Alanyl-Glycine,245
37.25,G6_L-Alanyl-Glycine,249
37.5,G6_L-Alanyl-Glycine,244
37.75,G6_L-Alanyl-Glycine,245
38.0,G6_L-Alanyl-Glycine,245
38.25,G6_L-Alanyl-Glycine,246
38.5,G6_L-Alanyl-Glycine,244
38.75,G6_L-Alanyl-Glycine,244
39.0,G6_L-Alanyl-Glycine,244
39.25,G6_L-Alanyl-Glycine,246
39.5,G6_L-Alanyl-Glycine,245
39.75,G6_L-Alanyl-Glycine,246
40.0,G6_L-Alanyl-Glycine,248
40.25,G6_L-Alanyl-Glycine,244
40.5,G6_L-Alanyl-Glycine,245
40.75,G6_L-Alanyl-Glycine,245
41.0,G6_L-Alanyl-Glycine,245
41.25,G6_L-Alanyl-Glycine,243
41.5,G6_L-Alanyl-Glycine,245
41.75,G6_L-Alanyl-Glycine,242
42.0,G6_L-Alanyl-Glycine,242
42.25,G6_L-Alanyl-Glycine,241
42.5,G6_L-Alanyl-Glycine,244
42.75,G6_L-Alanyl-Glycine,246
43.0,G6_L-Alanyl-Glycine,242
43.25,G6_L-Alanyl-Glycine,243
43.5,G6_L-Alanyl-Glycine,243
43.75,G6_L-Alanyl-Glycine,245
44.0,G6_L-Alanyl-Glycine,244
44.25,G6_L-Alanyl-Glycine,243
44.5,G6_L-Alanyl-Glycine,245
44.75,G6_L-Alanyl-Glycine,245
45.0,G6_L-Alanyl-Glycine,242
45.25,G6_L-Alanyl-Glycine,244
45.5,G6_L-Alanyl-Glycine,243
45.75,G6_L-Alanyl-Glycine,244
46.0,G6_L-Alanyl-Glycine,243
46.25,G6_L-Alanyl-Glycine,242
46.5,G6_L-Alanyl-Glycine,241
46.75,G6_L-Alanyl-Glycine,244
47.0,G6_L-Alanyl-Glycine,240
47.25,G6_L-Alanyl-Glycine,245
47.5,G6_L-Alanyl-Glycine,0
0.0,G7_Acetoacetic_Acid,14
0.25,G7_Acetoacetic_Acid,15
0.5,G7_Acetoacetic_Acid,23
0.75,G7_Acetoacetic_Acid,24
1.0,G7_Acetoacetic_Acid,20
1.25,G7_Acetoacetic_Acid,18
1.5,G7_Acetoacetic_Acid,21
1.75,G7_Acetoacetic_Acid,20
2.0,G7_Acetoacetic_Acid,22
2.25,G7_Acetoacetic_Acid,22
2.5,G7_Acetoacetic_Acid,22
2.75,G7_Acetoacetic_Acid,23
3.0,G7_Acetoacetic_Acid,20
3.25,G7_Acetoacetic_Acid,17
3.5,G7_Acetoacetic_Acid,11
3.75,G7_Acetoacetic_Acid,16
4.0,G7_Acetoacetic_Acid,17
4.25,G7_Acetoacetic_Acid,24
4.5,G7_Acetoacetic_Acid,21
4.75,G7_Acetoacetic_Acid,21
5.0,G7_Acetoacetic_Acid,18
5.25,G7_Acetoacetic_Acid,22
5.5,G7_Acetoacetic_Acid,21
5.75,G7_Acetoacetic_Acid,15
6.0,G7_Acetoacetic_Acid,25
6.25,G7_Acetoacetic_Acid,22
6.5,G7_Acetoacetic_Acid,25
6.75,G7_Acetoacetic_Acid,25
7.0,G7_Acetoacetic_Acid,28
7.25,G7_Acetoacetic_Acid,22
7.5,G7_Acetoacetic_Acid,28
7.75,G7_Acetoacetic_Acid,28
8.0,G7_Acetoacetic_Acid,29
8.25,G7_Acetoacetic_Acid,29
8.5,G7_Acetoacetic_Acid,29
8.75,G7_Acetoacetic_Acid,27
9.0,G7_Acetoacetic_Acid,30
9.25,G7_Acetoacetic_Acid,29
9.5,G7_Acetoacetic_Acid,30
9.75,G7_Acetoacetic_Acid,34
10.0,G7_Acetoacetic_Acid,30
10.25,G7_Acetoacetic_Acid,31
10.5,G7_Acetoacetic_Acid,31
10.75,G7_Acetoacetic_Acid,31
11.0,G7_Acetoacetic_Acid,34
11.25,G7_Acetoacetic_Acid,32
11.5,G7_Acetoacetic_Acid,36
11.75,G7_Acetoacetic_Acid,36
12.0,G7_Acetoacetic_Acid,31
12.25,G7_Acetoacetic_Acid,34
12.5,G7_Acetoacetic_Acid,35
12.75,G7_Acetoacetic_Acid,36
13.0,G7_Acetoacetic_Acid,32
13.25,G7_Acetoacetic_Acid,35
13.5,G7_Acetoacetic_Acid,33
13.75,G7_Acetoacetic_Acid,34
14.0,G7_Acetoacetic_Acid,37
14.25,G7_Acetoacetic_Acid,37
14.5,G7_Acetoacetic_Acid,34
14.75,G7_Acetoacetic_Acid,37
15.0,G7_Acetoacetic_Acid,32
15.25,G7_Acetoacetic_Acid,34
15.5,G7_Acetoacetic_Acid,35
15.75,G7_Acetoacetic_Acid,32
16.0,G7_Acetoacetic_Acid,32
16.25,G7_Acetoacetic_Acid,32
16.5,G7_Acetoacetic_Acid,33
16.75,G7_Acetoacetic_Acid,38
17.0,G7_Acetoacetic_Acid,34
17.25,G7_Acetoacetic_Acid,32
17.5,G7_Acetoacetic_Acid,36
17.75,G7_Acetoacetic_Acid,36
18.0,G7_Acetoacetic_Acid,36
18.25,G7_Acetoacetic_Acid,36
18.5,G7_Acetoacetic_Acid,36
18.75,G7_Acetoacetic_Acid,32
19.0,G7_Acetoacetic_Acid,37
19.25,G7_Acetoacetic_Acid,34
19.5,G7_Acetoacetic_Acid,36
19.75,G7_Acetoacetic_Acid,33
20.0,G7_Acetoacetic_Acid,33
20.25,G7_Acetoacetic_Acid,38
20.5,G7_Acetoacetic_Acid,37
20.75,G7_Acetoacetic_Acid,37
21.0,G7_Acetoacetic_Acid,34
21.25,G7_Acetoacetic_Acid,33
21.5,G7_Acetoacetic_Acid,35
21.75,G7_Acetoacetic_Acid,34
22.0,G7_Acetoacetic_Acid,37
22.25,G7_Acetoacetic_Acid,35
22.5,G7_Acetoacetic_Acid,30
22.75,G7_Acetoacetic_Acid,33
23.0,G7_Acetoacetic_Acid,37
23.25,G7_Acetoacetic_Acid,34
23.5,G7_Acetoacetic_Acid,33
23.75,G7_Acetoacetic_Acid,35
24.0,G7_Acetoacetic_Acid,36
24.25,G7_Acetoacetic_Acid,32
24.5,G7_Acetoacetic_Acid,38
24.75,G7_Acetoacetic_Acid,34
25.0,G7_Acetoacetic_Acid,35
25.25,G7_Acetoacetic_Acid,34
25.5,G7_Acetoacetic_Acid,36
25.75,G7_Acetoacetic_Acid,37
26.0,G7_Acetoacetic_Acid,32
26.25,G7_Acetoacetic_Acid,34
26.5,G7_Acetoacetic_Acid,32
26.75,G7_Acetoacetic_Acid,35
27.0,G7_Acetoacetic_Acid,35
27.25,G7_Acetoacetic_Acid,36
27.5,G7_Acetoacetic_Acid,32
27.75,G7_Acetoacetic_Acid,36
28.0,G7_Acetoacetic_Acid,36
28.25,G7_Acetoacetic_Acid,34
28.5,G7_Acetoacetic_Acid,33
28.75,G7_Acetoacetic_Acid,36
29.0,G7_Acetoacetic_Acid,32
29.25,G7_Acetoacetic_Acid,38
29.5,G7_Acetoacetic_Acid,35
29.75,G7_Acetoacetic_Acid,37
30.0,G7_Acetoacetic_Acid,30
30.25,G7_Acetoacetic_Acid,34
30.5,G7_Acetoacetic_Acid,33
30.75,G7_Acetoacetic_Acid,31
31.0,G7_Acetoacetic_Acid,35
31.25,G7_Acetoacetic_Acid,38
31.5,G7_Acetoacetic_Acid,38
31.75,G7_Acetoacetic_Acid,38
32.0,G7_Acetoacetic_Acid,34
32.25,G7_Acetoacetic_Acid,36
32.5,G7_Acetoacetic_Acid,32
32.75,G7_Acetoacetic_Acid,36
33.0,G7_Acetoacetic_Acid,34
33.25,G7_Acetoacetic_Acid,38
33.5,G7_Acetoacetic_Acid,36
33.75,G7_Acetoacetic_Acid,37
34.0,G7_Acetoacetic_Acid,32
34.25,G7_Acetoacetic_Acid,37
34.5,G7_Acetoacetic_Acid,33
34.75,G7_Acetoacetic_Acid,41
35.0,G7_Acetoacetic_Acid,34
35.25,G7_Acetoacetic_Acid,34
35.5,G7_Acetoacetic_Acid,39
35.75,G7_Acetoacetic_Acid,38
36.0,G7_Acetoacetic_Acid,43
36.25,G7_Acetoacetic_Acid,35
36.5,G7_Acetoacetic_Acid,31
36.75,G7_Acetoacetic_Acid,36
37.0,G7_Acetoacetic_Acid,35
37.25,G7_Acetoacetic_Acid,35
37.5,G7_Acetoacetic_Acid,38
37.75,G7_Acetoacetic_Acid,39
38.0,G7_Acetoacetic_Acid,37
38.25,G7_Acetoacetic_Acid,41
38.5,G7_Acetoacetic_Acid,35
38.75,G7_Acetoacetic_Acid,36
39.0,G7_Acetoacetic_Acid,37
39.25,G7_Acetoacetic_Acid,38
39.5,G7_Acetoacetic_Acid,36
39.75,G7_Acetoacetic_Acid,34
40.0,G7_Acetoacetic_Acid,35
40.25,G7_Acetoacetic_Acid,37
40.5,G7_Acetoacetic_Acid,36
40.75,G7_Acetoacetic_Acid,34
41.0,G7_Acetoacetic_Acid,39
41.25,G7_Acetoacetic_Acid,35
41.5,G7_Acetoacetic_Acid,33
41.75,G7_Acetoacetic_Acid,35
42.0,G7_Acetoacetic_Acid,31
42.25,G7_Acetoacetic_Acid,33
42.5,G7_Acetoacetic_Acid,41
42.75,G7_Acetoacetic_Acid,41
43.0,G7_Acetoacetic_Acid,35
43.25,G7_Acetoacetic_Acid,37
43.5,G7_Acetoacetic_Acid,33
43.75,G7_Acetoacetic_Acid,41
44.0,G7_Acetoacetic_Acid,37
44.25,G7_Acetoacetic_Acid,35
44.5,G7_Acetoacetic_Acid,41
44.75,G7_Acetoacetic_Acid,36
45.0,G7_Acetoacetic_Acid,37
45.25,G7_Acetoacetic_Acid,33
45.5,G7_Acetoacetic_Acid,36
45.75,G7_Acetoacetic_Acid,35
46.0,G7_Acetoacetic_Acid,39
46.25,G7_Acetoacetic_Acid,36
46.5,G7_Acetoacetic_Acid,39
46.75,G7_Acetoacetic_Acid,38
47.0,G7_Acetoacetic_Acid,29
47.25,G7_Acetoacetic_Acid,37
47.5,G7_Acetoacetic_Acid,0
0.0,G8_N-Acetyl-B-D_Mannosamine,28
0.25,G8_N-Acetyl-B-D_Mannosamine,12
0.5,G8_N-Acetyl-B-D_Mannosamine,14
0.75,G8_N-Acetyl-B-D_Mannosamine,14
1.0,G8_N-Acetyl-B-D_Mannosamine,17
1.25,G8_N-Acetyl-B-D_Mannosamine,15
1.5,G8_N-Acetyl-B-D_Mannosamine,18
1.75,G8_N-Acetyl-B-D_Mannosamine,13
2.0,G8_N-Acetyl-B-D_Mannosamine,14
2.25,G8_N-Acetyl-B-D_Mannosamine,14
2.5,G8_N-Acetyl-B-D_Mannosamine,15
2.75,G8_N-Acetyl-B-D_Mannosamine,16
3.0,G8_N-Acetyl-B-D_Mannosamine,14
3.25,G8_N-Acetyl-B-D_Mannosamine,13
3.5,G8_N-Acetyl-B-D_Mannosamine,11
3.75,G8_N-Acetyl-B-D_Mannosamine,11
4.0,G8_N-Acetyl-B-D_Mannosamine,12
4.25,G8_N-Acetyl-B-D_Mannosamine,17
4.5,G8_N-Acetyl-B-D_Mannosamine,16
4.75,G8_N-Acetyl-B-D_Mannosamine,13
5.0,G8_N-Acetyl-B-D_Mannosamine,19
5.25,G8_N-Acetyl-B-D_Mannosamine,21
5.5,G8_N-Acetyl-B-D_Mannosamine,18
5.75,G8_N-Acetyl-B-D_Mannosamine,23
6.0,G8_N-Acetyl-B-D_Mannosamine,21
6.25,G8_N-Acetyl-B-D_Mannosamine,16
6.5,G8_N-Acetyl-B-D_Mannosamine,24
6.75,G8_N-Acetyl-B-D_Mannosamine,21
7.0,G8_N-Acetyl-B-D_Mannosamine,24
7.25,G8_N-Acetyl-B-D_Mannosamine,25
7.5,G8_N-Acetyl-B-D_Mannosamine,26
7.75,G8_N-Acetyl-B-D_Mannosamine,27
8.0,G8_N-Acetyl-B-D_Mannosamine,29
8.25,G8_N-Acetyl-B-D_Mannosamine,28
8.5,G8_N-Acetyl-B-D_Mannosamine,23
8.75,G8_N-Acetyl-B-D_Mannosamine,25
9.0,G8_N-Acetyl-B-D_Mannosamine,25
9.25,G8_N-Acetyl-B-D_Mannosamine,30
9.5,G8_N-Acetyl-B-D_Mannosamine,28
9.75,G8_N-Acetyl-B-D_Mannosamine,27
10.0,G8_N-Acetyl-B-D_Mannosamine,30
10.25,G8_N-Acetyl-B-D_Mannosamine,27
10.5,G8_N-Acetyl-B-D_Mannosamine,24
10.75,G8_N-Acetyl-B-D_Mannosamine,23
11.0,G8_N-Acetyl-B-D_Mannosamine,25
11.25,G8_N-Acetyl-B-D_Mannosamine,28
11.5,G8_N-Acetyl-B-D_Mannosamine,30
11.75,G8_N-Acetyl-B-D_Mannosamine,27
12.0,G8_N-Acetyl-B-D_Mannosamine,27
12.25,G8_N-Acetyl-B-D_Mannosamine,28
12.5,G8_N-Acetyl-B-D_Mannosamine,26
12.75,G8_N-Acetyl-B-D_Mannosamine,28
13.0,G8_N-Acetyl-B-D_Mannosamine,27
13.25,G8_N-Acetyl-B-D_Mannosamine,28
13.5,G8_N-Acetyl-B-D_Mannosamine,25
13.75,G8_N-Acetyl-B-D_Mannosamine,23
14.0,G8_N-Acetyl-B-D_Mannosamine,27
14.25,G8_N-Acetyl-B-D_Mannosamine,28
14.5,G8_N-Acetyl-B-D_Mannosamine,26
14.75,G8_N-Acetyl-B-D_Mannosamine,26
15.0,G8_N-Acetyl-B-D_Mannosamine,27
15.25,G8_N-Acetyl-B-D_Mannosamine,26
15.5,G8_N-Acetyl-B-D_Mannosamine,27
15.75,G8_N-Acetyl-B-D_Mannosamine,23
16.0,G8_N-Acetyl-B-D_Mannosamine,25
16.25,G8_N-Acetyl-B-D_Mannosamine,27
16.5,G8_N-Acetyl-B-D_Mannosamine,25
16.75,G8_N-Acetyl-B-D_Mannosamine,28
17.0,G8_N-Acetyl-B-D_Mannosamine,27
17.25,G8_N-Acetyl-B-D_Mannosamine,24
17.5,G8_N-Acetyl-B-D_Mannosamine,27
17.75,G8_N-Acetyl-B-D_Mannosamine,26
18.0,G8_N-Acetyl-B-D_Mannosamine,28
18.25,G8_N-Acetyl-B-D_Mannosamine,30
18.5,G8_N-Acetyl-B-D_Mannosamine,24
18.75,G8_N-Acetyl-B-D_Mannosamine,28
19.0,G8_N-Acetyl-B-D_Mannosamine,26
19.25,G8_N-Acetyl-B-D_Mannosamine,27
19.5,G8_N-Acetyl-B-D_Mannosamine,25
19.75,G8_N-Acetyl-B-D_Mannosamine,27
20.0,G8_N-Acetyl-B-D_Mannosamine,32
20.25,G8_N-Acetyl-B-D_Mannosamine,27
20.5,G8_N-Acetyl-B-D_Mannosamine,23
20.75,G8_N-Acetyl-B-D_Mannosamine,28
21.0,G8_N-Acetyl-B-D_Mannosamine,29
21.25,G8_N-Acetyl-B-D_Mannosamine,23
21.5,G8_N-Acetyl-B-D_Mannosamine,27
21.75,G8_N-Acetyl-B-D_Mannosamine,23
22.0,G8_N-Acetyl-B-D_Mannosamine,24
22.25,G8_N-Acetyl-B-D_Mannosamine,28
22.5,G8_N-Acetyl-B-D_Mannosamine,23
22.75,G8_N-Acetyl-B-D_Mannosamine,22
23.0,G8_N-Acetyl-B-D_Mannosamine,28
23.25,G8_N-Acetyl-B-D_Mannosamine,26
23.5,G8_N-Acetyl-B-D_Mannosamine,25
23.75,G8_N-Acetyl-B-D_Mannosamine,28
24.0,G8_N-Acetyl-B-D_Mannosamine,24
24.25,G8_N-Acetyl-B-D_Mannosamine,29
24.5,G8_N-Acetyl-B-D_Mannosamine,31
24.75,G8_N-Acetyl-B-D_Mannosamine,30
25.0,G8_N-Acetyl-B-D_Mannosamine,27
25.25,G8_N-Acetyl-B-D_Mannosamine,28
25.5,G8_N-Acetyl-B-D_Mannosamine,30
25.75,G8_N-Acetyl-B-D_Mannosamine,25
26.0,G8_N-Acetyl-B-D_Mannosamine,27
26.25,G8_N-Acetyl-B-D_Mannosamine,29
26.5,G8_N-Acetyl-B-D_Mannosamine,25
26.75,G8_N-Acetyl-B-D_Mannosamine,30
27.0,G8_N-Acetyl-B-D_Mannosamine,30
27.25,G8_N-Acetyl-B-D_Mannosamine,27
27.5,G8_N-Acetyl-B-D_Mannosamine,26
27.75,G8_N-Acetyl-B-D_Mannosamine,27
28.0,G8_N-Acetyl-B-D_Mannosamine,28
28.25,G8_N-Acetyl-B-D_Mannosamine,28
28.5,G8_N-Acetyl-B-D_Mannosamine,29
28.75,G8_N-Acetyl-B-D_Mannosamine,27
29.0,G8_N-Acetyl-B-D_Mannosamine,25
29.25,G8_N-Acetyl-B-D_Mannosamine,26
29.5,G8_N-Acetyl-B-D_Mannosamine,29
29.75,G8_N-Acetyl-B-D_Mannosamine,27
30.0,G8_N-Acetyl-B-D_Mannosamine,29
30.25,G8_N-Acetyl-B-D_Mannosamine,27
30.5,G8_N-Acetyl-B-D_Mannosamine,25
30.75,G8_N-Acetyl-B-D_Mannosamine,29
31.0,G8_N-Acetyl-B-D_Mannosamine,27
31.25,G8_N-Acetyl-B-D_Mannosamine,26
31.5,G8_N-Acetyl-B-D_Mannosamine,30
31.75,G8_N-Acetyl-B-D_Mannosamine,28
32.0,G8_N-Acetyl-B-D_Mannosamine,32
32.25,G8_N-Acetyl-B-D_Mannosamine,28
32.5,G8_N-Acetyl-B-D_Mannosamine,28
32.75,G8_N-Acetyl-B-D_Mannosamine,26
33.0,G8_N-Acetyl-B-D_Mannosamine,28
33.25,G8_N-Acetyl-B-D_Mannosamine,28
33.5,G8_N-Acetyl-B-D_Mannosamine,27
33.75,G8_N-Acetyl-B-D_Mannosamine,26
34.0,G8_N-Acetyl-B-D_Mannosamine,26
34.25,G8_N-Acetyl-B-D_Mannosamine,28
34.5,G8_N-Acetyl-B-D_Mannosamine,28
34.75,G8_N-Acetyl-B-D_Mannosamine,32
35.0,G8_N-Acetyl-B-D_Mannosamine,28
35.25,G8_N-Acetyl-B-D_Mannosamine,25
35.5,G8_N-Acetyl-B-D_Mannosamine,29
35.75,G8_N-Acetyl-B-D_Mannosamine,29
36.0,G8_N-Acetyl-B-D_Mannosamine,29
36.25,G8_N-Acetyl-B-D_Mannosamine,25
36.5,G8_N-Acetyl-B-D_Mannosamine,29
36.75,G8_N-Acetyl-B-D_Mannosamine,27
37.0,G8_N-Acetyl-B-D_Mannosamine,29
37.25,G8_N-Acetyl-B-D_Mannosamine,29
37.5,G8_N-Acetyl-B-D_Mannosamine,25
37.75,G8_N-Acetyl-B-D_Mannosamine,35
38.0,G8_N-Acetyl-B-D_Mannosamine,31
38.25,G8_N-Acetyl-B-D_Mannosamine,33
38.5,G8_N-Acetyl-B-D_Mannosamine,29
38.75,G8_N-Acetyl-B-D_Mannosamine,33
39.0,G8_N-Acetyl-B-D_Mannosamine,30
39.25,G8_N-Acetyl-B-D_Mannosamine,30
39.5,G8_N-Acetyl-B-D_Mannosamine,29
39.75,G8_N-Acetyl-B-D_Mannosamine,32
40.0,G8_N-Acetyl-B-D_Mannosamine,26
40.25,G8_N-Acetyl-B-D_Mannosamine,31
40.5,G8_N-Acetyl-B-D_Mannosamine,30
40.75,G8_N-Acetyl-B-D_Mannosamine,27
41.0,G8_N-Acetyl-B-D_Mannosamine,28
41.25,G8_N-Acetyl-B-D_Mannosamine,28
41.5,G8_N-Acetyl-B-D_Mannosamine,24
41.75,G8_N-Acetyl-B-D_Mannosamine,28
42.0,G8_N-Acetyl-B-D_Mannosamine,24
42.25,G8_N-Acetyl-B-D_Mannosamine,26
42.5,G8_N-Acetyl-B-D_Mannosamine,29
42.75,G8_N-Acetyl-B-D_Mannosamine,28
43.0,G8_N-Acetyl-B-D_Mannosamine,33
43.25,G8_N-Acetyl-B-D_Mannosamine,30
43.5,G8_N-Acetyl-B-D_Mannosamine,27
43.75,G8_N-Acetyl-B-D_Mannosamine,30
44.0,G8_N-Acetyl-B-D_Mannosamine,35
44.25,G8_N-Acetyl-B-D_Mannosamine,30
44.5,G8_N-Acetyl-B-D_Mannosamine,34
44.75,G8_N-Acetyl-B-D_Mannosamine,30
45.0,G8_N-Acetyl-B-D_Mannosamine,31
45.25,G8_N-Acetyl-B-D_Mannosamine,29
45.5,G8_N-Acetyl-B-D_Mannosamine,31
45.75,G8_N-Acetyl-B-D_Mannosamine,31
46.0,G8_N-Acetyl-B-D_Mannosamine,32
46.25,G8_N-Acetyl-B-D_Mannosamine,31
46.5,G8_N-Acetyl-B-D_Mannosamine,29
46.75,G8_N-Acetyl-B-D_Mannosamine,35
47.0,G8_N-Acetyl-B-D_Mannosamine,29
47.25,G8_N-Acetyl-B-D_Mannosamine,30
47.5,G8_N-Acetyl-B-D_Mannosamine,0
0.0,G9_Mono_Methyl_Succinate,12
0.25,G9_Mono_Methyl_Succinate,11
0.5,G9_Mono_Methyl_Succinate,15
0.75,G9_Mono_Methyl_Succinate,17
1.0,G9_Mono_Methyl_Succinate,16
1.25,G9_Mono_Methyl_Succinate,14
1.5,G9_Mono_Methyl_Succinate,19
1.75,G9_Mono_Methyl_Succinate,14
2.0,G9_Mono_Methyl_Succinate,11
2.25,G9_Mono_Methyl_Succinate,14
2.5,G9_Mono_Methyl_Succinate,18
2.75,G9_Mono_Methyl_Succinate,18
3.0,G9_Mono_Methyl_Succinate,15
3.25,G9_Mono_Methyl_Succinate,13
3.5,G9_Mono_Methyl_Succinate,16
3.75,G9_Mono_Methyl_Succinate,13
4.0,G9_Mono_Methyl_Succinate,12
4.25,G9_Mono_Methyl_Succinate,17
4.5,G9_Mono_Methyl_Succinate,17
4.75,G9_Mono_Methyl_Succinate,15
5.0,G9_Mono_Methyl_Succinate,15
5.25,G9_Mono_Methyl_Succinate,20
5.5,G9_Mono_Methyl_Succinate,20
5.75,G9_Mono_Methyl_Succinate,21
6.0,G9_Mono_Methyl_Succinate,20
6.25,G9_Mono_Methyl_Succinate,25
6.5,G9_Mono_Methyl_Succinate,28
6.75,G9_Mono_Methyl_Succinate,23
7.0,G9_Mono_Methyl_Succinate,28
7.25,G9_Mono_Methyl_Succinate,30
7.5,G9_Mono_Methyl_Succinate,28
7.75,G9_Mono_Methyl_Succinate,37
8.0,G9_Mono_Methyl_Succinate,37
8.25,G9_Mono_Methyl_Succinate,37
8.5,G9_Mono_Methyl_Succinate,39
8.75,G9_Mono_Methyl_Succinate,39
9.0,G9_Mono_Methyl_Succinate,39
9.25,G9_Mono_Methyl_Succinate,40
9.5,G9_Mono_Methyl_Succinate,39
9.75,G9_Mono_Methyl_Succinate,45
10.0,G9_Mono_Methyl_Succinate,42
10.25,G9_Mono_Methyl_Succinate,43
10.5,G9_Mono_Methyl_Succinate,48
10.75,G9_Mono_Methyl_Succinate,49
11.0,G9_Mono_Methyl_Succinate,52
11.25,G9_Mono_Methyl_Succinate,48
11.5,G9_Mono_Methyl_Succinate,51
11.75,G9_Mono_Methyl_Succinate,50
12.0,G9_Mono_Methyl_Succinate,49
12.25,G9_Mono_Methyl_Succinate,50
12.5,G9_Mono_Methyl_Succinate,53
12.75,G9_Mono_Methyl_Succinate,48
13.0,G9_Mono_Methyl_Succinate,49
13.25,G9_Mono_Methyl_Succinate,44
13.5,G9_Mono_Methyl_Succinate,47
13.75,G9_Mono_Methyl_Succinate,52
14.0,G9_Mono_Methyl_Succinate,48
14.25,G9_Mono_Methyl_Succinate,48
14.5,G9_Mono_Methyl_Succinate,42
14.75,G9_Mono_Methyl_Succinate,50
15.0,G9_Mono_Methyl_Succinate,48
15.25,G9_Mono_Methyl_Succinate,46
15.5,G9_Mono_Methyl_Succinate,49
15.75,G9_Mono_Methyl_Succinate,46
16.0,G9_Mono_Methyl_Succinate,50
16.25,G9_Mono_Methyl_Succinate,50
16.5,G9_Mono_Methyl_Succinate,47
16.75,G9_Mono_Methyl_Succinate,47
17.0,G9_Mono_Methyl_Succinate,47
17.25,G9_Mono_Methyl_Succinate,47
17.5,G9_Mono_Methyl_Succinate,48
17.75,G9_Mono_Methyl_Succinate,52
18.0,G9_Mono_Methyl_Succinate,46
18.25,G9_Mono_Methyl_Succinate,50
18.5,G9_Mono_Methyl_Succinate,48
18.75,G9_Mono_Methyl_Succinate,47
19.0,G9_Mono_Methyl_Succinate,51
19.25,G9_Mono_Methyl_Succinate,47
19.5,G9_Mono_Methyl_Succinate,48
19.75,G9_Mono_Methyl_Succinate,47
20.0,G9_Mono_Methyl_Succinate,48
20.25,G9_Mono_Methyl_Succinate,47
20.5,G9_Mono_Methyl_Succinate,48
20.75,G9_Mono_Methyl_Succinate,48
21.0,G9_Mono_Methyl_Succinate,47
21.25,G9_Mono_Methyl_Succinate,50
21.5,G9_Mono_Methyl_Succinate,45
21.75,G9_Mono_Methyl_Succinate,46
22.0,G9_Mono_Methyl_Succinate,44
22.25,G9_Mono_Methyl_Succinate,49
22.5,G9_Mono_Methyl_Succinate,43
22.75,G9_Mono_Methyl_Succinate,47
23.0,G9_Mono_Methyl_Succinate,45
23.25,G9_Mono_Methyl_Succinate,53
23.5,G9_Mono_Methyl_Succinate,50
23.75,G9_Mono_Methyl_Succinate,52
24.0,G9_Mono_Methyl_Succinate,50
24.25,G9_Mono_Methyl_Succinate,55
24.5,G9_Mono_Methyl_Succinate,51
24.75,G9_Mono_Methyl_Succinate,46
25.0,G9_Mono_Methyl_Succinate,49
25.25,G9_Mono_Methyl_Succinate,45
25.5,G9_Mono_Methyl_Succinate,45
25.75,G9_Mono_Methyl_Succinate,50
26.0,G9_Mono_Methyl_Succinate,49
26.25,G9_Mono_Methyl_Succinate,52
26.5,G9_Mono_Methyl_Succinate,47
26.75,G9_Mono_Methyl_Succinate,47
27.0,G9_Mono_Methyl_Succinate,49
27.25,G9_Mono_Methyl_Succinate,51
27.5,G9_Mono_Methyl_Succinate,47
27.75,G9_Mono_Methyl_Succinate,51
28.0,G9_Mono_Methyl_Succinate,48
28.25,G9_Mono_Methyl_Succinate,49
28.5,G9_Mono_Methyl_Succinate,49
28.75,G9_Mono_Methyl_Succinate,44
29.0,G9_Mono_Methyl_Succinate,45
29.25,G9_Mono_Methyl_Succinate,52
29.5,G9_Mono_Methyl_Succinate,48
29.75,G9_Mono_Methyl_Succinate,48
30.0,G9_Mono_Methyl_Succinate,49
30.25,G9_Mono_Methyl_Succinate,50
30.5,G9_Mono_Methyl_Succinate,50
30.75,G9_Mono_Methyl_Succinate,51
31.0,G9_Mono_Methyl_Succinate,50
31.25,G9_Mono_Methyl_Succinate,45
31.5,G9_Mono_Methyl_Succinate,45
31.75,G9_Mono_Methyl_Succinate,45
32.0,G9_Mono_Methyl_Succinate,49
32.25,G9_Mono_Methyl_Succinate,51
32.5,G9_Mono_Methyl_Succinate,50
32.75,G9_Mono_Methyl_Succinate,53
33.0,G9_Mono_Methyl_Succinate,48
33.25,G9_Mono_Methyl_Succinate,53
33.5,G9_Mono_Methyl_Succinate,49
33.75,G9_Mono_Methyl_Succinate,51
34.0,G9_Mono_Methyl_Succinate,46
34.25,G9_Mono_Methyl_Succinate,48
34.5,G9_Mono_Methyl_Succinate,51
34.75,G9_Mono_Methyl_Succinate,54
35.0,G9_Mono_Methyl_Succinate,52
35.25,G9_Mono_Methyl_Succinate,54
35.5,G9_Mono_Methyl_Succinate,48
35.75,G9_Mono_Methyl_Succinate,52
36.0,G9_Mono_Methyl_Succinate,49
36.25,G9_Mono_Methyl_Succinate,50
36.5,G9_Mono_Methyl_Succinate,49
36.75,G9_Mono_Methyl_Succinate,49
37.0,G9_Mono_Methyl_Succinate,52
37.25,G9_Mono_Methyl_Succinate,50
37.5,G9_Mono_Methyl_Succinate,50
37.75,G9_Mono_Methyl_Succinate,56
38.0,G9_Mono_Methyl_Succinate,53
38.25,G9_Mono_Methyl_Succinate,54
38.5,G9_Mono_Methyl_Succinate,50
38.75,G9_Mono_Methyl_Succinate,47
39.0,G9_Mono_Methyl_Succinate,52
39.25,G9_Mono_Methyl_Succinate,50
39.5,G9_Mono_Methyl_Succinate,52
39.75,G9_Mono_Methyl_Succinate,51
40.0,G9_Mono_Methyl_Succinate,49
40.25,G9_Mono_Methyl_Succinate,50
40.5,G9_Mono_Methyl_Succinate,55
40.75,G9_Mono_Methyl_Succinate,53
41.0,G9_Mono_Methyl_Succinate,53
41.25,G9_Mono_Methyl_Succinate,48
41.5,G9_Mono_Methyl_Succinate,52
41.75,G9_Mono_Methyl_Succinate,46
42.0,G9_Mono_Methyl_Succinate,50
42.25,G9_Mono_Methyl_Succinate,51
42.5,G9_Mono_Methyl_Succinate,47
42.75,G9_Mono_Methyl_Succinate,58
43.0,G9_Mono_Methyl_Succinate,50
43.25,G9_Mono_Methyl_Succinate,52
43.5,G9_Mono_Methyl_Succinate,49
43.75,G9_Mono_Methyl_Succinate,52
44.0,G9_Mono_Methyl_Succinate,52
44.25,G9_Mono_Methyl_Succinate,53
44.5,G9_Mono_Methyl_Succinate,54
44.75,G9_Mono_Methyl_Succinate,51
45.0,G9_Mono_Methyl_Succinate,50
45.25,G9_Mono_Methyl_Succinate,50
45.5,G9_Mono_Methyl_Succinate,51
45.75,G9_Mono_Methyl_Succinate,53
46.0,G9_Mono_Methyl_Succinate,49
46.25,G9_Mono_Methyl_Succinate,53
46.5,G9_Mono_Methyl_Succinate,50
46.75,G9_Mono_Methyl_Succinate,51
47.0,G9_Mono_Methyl_Succinate,53
47.25,G9_Mono_Methyl_Succinate,50
47.5,G9_Mono_Methyl_Succinate,0
0.0,G10_Methyl_Pyruvate,14
0.25,G10_Methyl_Pyruvate,33
0.5,G10_Methyl_Pyruvate,29
0.75,G10_Methyl_Pyruvate,23
1.0,G10_Methyl_Pyruvate,20
1.25,G10_Methyl_Pyruvate,20
1.5,G10_Methyl_Pyruvate,23
1.75,G10_Methyl_Pyruvate,19
2.0,G10_Methyl_Pyruvate,21
2.25,G10_Methyl_Pyruvate,20
2.5,G10_Methyl_Pyruvate,16
2.75,G10_Methyl_Pyruvate,17
3.0,G10_Methyl_Pyruvate,23
3.25,G10_Methyl_Pyruvate,19
3.5,G10_Methyl_Pyruvate,20
3.75,G10_Methyl_Pyruvate,23
4.0,G10_Methyl_Pyruvate,25
4.25,G10_Methyl_Pyruvate,19
4.5,G10_Methyl_Pyruvate,27
4.75,G10_Methyl_Pyruvate,21
5.0,G10_Methyl_Pyruvate,26
5.25,G10_Methyl_Pyruvate,28
5.5,G10_Methyl_Pyruvate,22
5.75,G10_Methyl_Pyruvate,25
6.0,G10_Methyl_Pyruvate,28
6.25,G10_Methyl_Pyruvate,26
6.5,G10_Methyl_Pyruvate,29
6.75,G10_Methyl_Pyruvate,31
7.0,G10_Methyl_Pyruvate,34
7.25,G10_Methyl_Pyruvate,33
7.5,G10_Methyl_Pyruvate,33
7.75,G10_Methyl_Pyruvate,36
8.0,G10_Methyl_Pyruvate,38
8.25,G10_Methyl_Pyruvate,36
8.5,G10_Methyl_Pyruvate,35
8.75,G10_Methyl_Pyruvate,36
9.0,G10_Methyl_Pyruvate,34
9.25,G10_Methyl_Pyruvate,34
9.5,G10_Methyl_Pyruvate,35
9.75,G10_Methyl_Pyruvate,33
10.0,G10_Methyl_Pyruvate,34
10.25,G10_Methyl_Pyruvate,34
10.5,G10_Methyl_Pyruvate,33
10.75,G10_Methyl_Pyruvate,38
11.0,G10_Methyl_Pyruvate,34
11.25,G10_Methyl_Pyruvate,37
11.5,G10_Methyl_Pyruvate,37
11.75,G10_Methyl_Pyruvate,37
12.0,G10_Methyl_Pyruvate,41
12.25,G10_Methyl_Pyruvate,37
12.5,G10_Methyl_Pyruvate,40
12.75,G10_Methyl_Pyruvate,39
13.0,G10_Methyl_Pyruvate,35
13.25,G10_Methyl_Pyruvate,35
13.5,G10_Methyl_Pyruvate,38
13.75,G10_Methyl_Pyruvate,40
14.0,G10_Methyl_Pyruvate,37
14.25,G10_Methyl_Pyruvate,39
14.5,G10_Methyl_Pyruvate,39
14.75,G10_Methyl_Pyruvate,40
15.0,G10_Methyl_Pyruvate,40
15.25,G10_Methyl_Pyruvate,46
15.5,G10_Methyl_Pyruvate,44
15.75,G10_Methyl_Pyruvate,40
16.0,G10_Methyl_Pyruvate,44
16.25,G10_Methyl_Pyruvate,40
16.5,G10_Methyl_Pyruvate,46
16.75,G10_Methyl_Pyruvate,42
17.0,G10_Methyl_Pyruvate,43
17.25,G10_Methyl_Pyruvate,40
17.5,G10_Methyl_Pyruvate,43
17.75,G10_Methyl_Pyruvate,46
18.0,G10_Methyl_Pyruvate,46
18.25,G10_Methyl_Pyruvate,46
18.5,G10_Methyl_Pyruvate,43
18.75,G10_Methyl_Pyruvate,46
19.0,G10_Methyl_Pyruvate,46
19.25,G10_Methyl_Pyruvate,48
19.5,G10_Methyl_Pyruvate,46
19.75,G10_Methyl_Pyruvate,47
20.0,G10_Methyl_Pyruvate,46
20.25,G10_Methyl_Pyruvate,44
20.5,G10_Methyl_Pyruvate,56
20.75,G10_Methyl_Pyruvate,48
21.0,G10_Methyl_Pyruvate,51
21.25,G10_Methyl_Pyruvate,49
21.5,G10_Methyl_Pyruvate,49
21.75,G10_Methyl_Pyruvate,47
22.0,G10_Methyl_Pyruvate,51
22.25,G10_Methyl_Pyruvate,49
22.5,G10_Methyl_Pyruvate,50
22.75,G10_Methyl_Pyruvate,49
23.0,G10_Methyl_Pyruvate,53
23.25,G10_Methyl_Pyruvate,50
23.5,G10_Methyl_Pyruvate,51
23.75,G10_Methyl_Pyruvate,52
24.0,G10_Methyl_Pyruvate,53
24.25,G10_Methyl_Pyruvate,56
24.5,G10_Methyl_Pyruvate,51
24.75,G10_Methyl_Pyruvate,57
25.0,G10_Methyl_Pyruvate,54
25.25,G10_Methyl_Pyruvate,55
25.5,G10_Methyl_Pyruvate,50
25.75,G10_Methyl_Pyruvate,55
26.0,G10_Methyl_Pyruvate,56
26.25,G10_Methyl_Pyruvate,60
26.5,G10_Methyl_Pyruvate,55
26.75,G10_Methyl_Pyruvate,53
27.0,G10_Methyl_Pyruvate,52
27.25,G10_Methyl_Pyruvate,57
27.5,G10_Methyl_Pyruvate,60
27.75,G10_Methyl_Pyruvate,58
28.0,G10_Methyl_Pyruvate,58
28.25,G10_Methyl_Pyruvate,59
28.5,G10_Methyl_Pyruvate,56
28.75,G10_Methyl_Pyruvate,61
29.0,G10_Methyl_Pyruvate,56
29.25,G10_Methyl_Pyruvate,55
29.5,G10_Methyl_Pyruvate,60
29.75,G10_Methyl_Pyruvate,60
30.0,G10_Methyl_Pyruvate,60
30.25,G10_Methyl_Pyruvate,62
30.5,G10_Methyl_Pyruvate,59
30.75,G10_Methyl_Pyruvate,60
31.0,G10_Methyl_Pyruvate,59
31.25,G10_Methyl_Pyruvate,60
31.5,G10_Methyl_Pyruvate,61
31.75,G10_Methyl_Pyruvate,58
32.0,G10_Methyl_Pyruvate,68
32.25,G10_Methyl_Pyruvate,62
32.5,G10_Methyl_Pyruvate,66
32.75,G10_Methyl_Pyruvate,67
33.0,G10_Methyl_Pyruvate,66
33.25,G10_Methyl_Pyruvate,62
33.5,G10_Methyl_Pyruvate,65
33.75,G10_Methyl_Pyruvate,65
34.0,G10_Methyl_Pyruvate,68
34.25,G10_Methyl_Pyruvate,66
34.5,G10_Methyl_Pyruvate,67
34.75,G10_Methyl_Pyruvate,63
35.0,G10_Methyl_Pyruvate,68
35.25,G10_Methyl_Pyruvate,68
35.5,G10_Methyl_Pyruvate,68
35.75,G10_Methyl_Pyruvate,67
36.0,G10_Methyl_Pyruvate,64
36.25,G10_Methyl_Pyruvate,66
36.5,G10_Methyl_Pyruvate,71
36.75,G10_Methyl_Pyruvate,70
37.0,G10_Methyl_Pyruvate,68
37.25,G10_Methyl_Pyruvate,69
37.5,G10_Methyl_Pyruvate,66
37.75,G10_Methyl_Pyruvate,73
38.0,G10_Methyl_Pyruvate,68
38.25,G10_Methyl_Pyruvate,67
38.5,G10_Methyl_Pyruvate,70
38.75,G10_Methyl_Pyruvate,65
39.0,G10_Methyl_Pyruvate,71
39.25,G10_Methyl_Pyruvate,72
39.5,G10_Methyl_Pyruvate,75
39.75,G10_Methyl_Pyruvate,74
40.0,G10_Methyl_Pyruvate,76
40.25,G10_Methyl_Pyruvate,76
40.5,G10_Methyl_Pyruvate,74
40.75,G10_Methyl_Pyruvate,79
41.0,G10_Methyl_Pyruvate,75
41.25,G10_Methyl_Pyruvate,77
41.5,G10_Methyl_Pyruvate,79
41.75,G10_Methyl_Pyruvate,76
42.0,G10_Methyl_Pyruvate,78
42.25,G10_Methyl_Pyruvate,80
42.5,G10_Methyl_Pyruvate,79
42.75,G10_Methyl_Pyruvate,81
43.0,G10_Methyl_Pyruvate,81
43.25,G10_Methyl_Pyruvate,82
43.5,G10_Methyl_Pyruvate,79
43.75,G10_Methyl_Pyruvate,82
44.0,G10_Methyl_Pyruvate,82
44.25,G10_Methyl_Pyruvate,81
44.5,G10_Methyl_Pyruvate,80
44.75,G10_Methyl_Pyruvate,89
45.0,G10_Methyl_Pyruvate,83
45.25,G10_Methyl_Pyruvate,80
45.5,G10_Methyl_Pyruvate,84
45.75,G10_Methyl_Pyruvate,84
46.0,G10_Methyl_Pyruvate,84
46.25,G10_Methyl_Pyruvate,85
46.5,G10_Methyl_Pyruvate,86
46.75,G10_Methyl_Pyruvate,91
47.0,G10_Methyl_Pyruvate,87
47.25,G10_Methyl_Pyruvate,88
47.5,G10_Methyl_Pyruvate,0
0.0,G11_D-Malic_Acid,21
0.25,G11_D-Malic_Acid,15
0.5,G11_D-Malic_Acid,23
0.75,G11_D-Malic_Acid,25
1.0,G11_D-Malic_Acid,20
1.25,G11_D-Malic_Acid,20
1.5,G11_D-Malic_Acid,20
1.75,G11_D-Malic_Acid,25
2.0,G11_D-Malic_Acid,23
2.25,G11_D-Malic_Acid,21
2.5,G11_D-Malic_Acid,23
2.75,G11_D-Malic_Acid,20
3.0,G11_D-Malic_Acid,17
3.25,G11_D-Malic_Acid,17
3.5,G11_D-Malic_Acid,17
3.75,G11_D-Malic_Acid,17
4.0,G11_D-Malic_Acid,17
4.25,G11_D-Malic_Acid,26
4.5,G11_D-Malic_Acid,21
4.75,G11_D-Malic_Acid,23
5.0,G11_D-Malic_Acid,20
5.25,G11_D-Malic_Acid,23
5.5,G11_D-Malic_Acid,25
5.75,G11_D-Malic_Acid,25
6.0,G11_D-Malic_Acid,26
6.25,G11_D-Malic_Acid,27
6.5,G11_D-Malic_Acid,28
6.75,G11_D-Malic_Acid,30
7.0,G11_D-Malic_Acid,29
7.25,G11_D-Malic_Acid,31
7.5,G11_D-Malic_Acid,33
7.75,G11_D-Malic_Acid,28
8.0,G11_D-Malic_Acid,35
8.25,G11_D-Malic_Acid,31
8.5,G11_D-Malic_Acid,31
8.75,G11_D-Malic_Acid,34
9.0,G11_D-Malic_Acid,29
9.25,G11_D-Malic_Acid,32
9.5,G11_D-Malic_Acid,33
9.75,G11_D-Malic_Acid,31
10.0,G11_D-Malic_Acid,34
10.25,G11_D-Malic_Acid,33
10.5,G11_D-Malic_Acid,31
10.75,G11_D-Malic_Acid,30
11.0,G11_D-Malic_Acid,33
11.25,G11_D-Malic_Acid,35
11.5,G11_D-Malic_Acid,33
11.75,G11_D-Malic_Acid,32
12.0,G11_D-Malic_Acid,33
12.25,G11_D-Malic_Acid,34
12.5,G11_D-Malic_Acid,36
12.75,G11_D-Malic_Acid,35
13.0,G11_D-Malic_Acid,35
13.25,G11_D-Malic_Acid,32
13.5,G11_D-Malic_Acid,35
13.75,G11_D-Malic_Acid,34
14.0,G11_D-Malic_Acid,31
14.25,G11_D-Malic_Acid,33
14.5,G11_D-Malic_Acid,30
14.75,G11_D-Malic_Acid,38
15.0,G11_D-Malic_Acid,36
15.25,G11_D-Malic_Acid,36
15.5,G11_D-Malic_Acid,38
15.75,G11_D-Malic_Acid,35
16.0,G11_D-Malic_Acid,34
16.25,G11_D-Malic_Acid,33
16.5,G11_D-Malic_Acid,35
16.75,G11_D-Malic_Acid,38
17.0,G11_D-Malic_Acid,32
17.25,G11_D-Malic_Acid,33
17.5,G11_D-Malic_Acid,37
17.75,G11_D-Malic_Acid,39
18.0,G11_D-Malic_Acid,40
18.25,G11_D-Malic_Acid,36
18.5,G11_D-Malic_Acid,37
18.75,G11_D-Malic_Acid,42
19.0,G11_D-Malic_Acid,38
19.25,G11_D-Malic_Acid,37
19.5,G11_D-Malic_Acid,36
19.75,G11_D-Malic_Acid,38
20.0,G11_D-Malic_Acid,39
20.25,G11_D-Malic_Acid,35
20.5,G11_D-Malic_Acid,36
20.75,G11_D-Malic_Acid,38
21.0,G11_D-Malic_Acid,39
21.25,G11_D-Malic_Acid,37
21.5,G11_D-Malic_Acid,39
21.75,G11_D-Malic_Acid,33
22.0,G11_D-Malic_Acid,39
22.25,G11_D-Malic_Acid,39
22.5,G11_D-Malic_Acid,37
22.75,G11_D-Malic_Acid,40
23.0,G11_D-Malic_Acid,40
23.25,G11_D-Malic_Acid,41
23.5,G11_D-Malic_Acid,40
23.75,G11_D-Malic_Acid,41
24.0,G11_D-Malic_Acid,41
24.25,G11_D-Malic_Acid,41
24.5,G11_D-Malic_Acid,38
24.75,G11_D-Malic_Acid,38
25.0,G11_D-Malic_Acid,36
25.25,G11_D-Malic_Acid,40
25.5,G11_D-Malic_Acid,41
25.75,G11_D-Malic_Acid,40
26.0,G11_D-Malic_Acid,41
26.25,G11_D-Malic_Acid,41
26.5,G11_D-Malic_Acid,40
26.75,G11_D-Malic_Acid,39
27.0,G11_D-Malic_Acid,40
27.25,G11_D-Malic_Acid,38
27.5,G11_D-Malic_Acid,40
27.75,G11_D-Malic_Acid,39
28.0,G11_D-Malic_Acid,36
28.25,G11_D-Malic_Acid,39
28.5,G11_D-Malic_Acid,39
28.75,G11_D-Malic_Acid,42
29.0,G11_D-Malic_Acid,40
29.25,G11_D-Malic_Acid,41
29.5,G11_D-Malic_Acid,44
29.75,G11_D-Malic_Acid,41
30.0,G11_D-Malic_Acid,46
30.25,G11_D-Malic_Acid,42
30.5,G11_D-Malic_Acid,38
30.75,G11_D-Malic_Acid,40
31.0,G11_D-Malic_Acid,42
31.25,G11_D-Malic_Acid,42
31.5,G11_D-Malic_Acid,42
31.75,G11_D-Malic_Acid,40
32.0,G11_D-Malic_Acid,47
32.25,G11_D-Malic_Acid,44
32.5,G11_D-Malic_Acid,45
32.75,G11_D-Malic_Acid,42
33.0,G11_D-Malic_Acid,44
33.25,G11_D-Malic_Acid,45
33.5,G11_D-Malic_Acid,41
33.75,G11_D-Malic_Acid,44
34.0,G11_D-Malic_Acid,41
34.25,G11_D-Malic_Acid,44
34.5,G11_D-Malic_Acid,45
34.75,G11_D-Malic_Acid,41
35.0,G11_D-Malic_Acid,47
35.25,G11_D-Malic_Acid,42
35.5,G11_D-Malic_Acid,44
35.75,G11_D-Malic_Acid,49
36.0,G11_D-Malic_Acid,45
36.25,G11_D-Malic_Acid,42
36.5,G11_D-Malic_Acid,45
36.75,G11_D-Malic_Acid,48
37.0,G11_D-Malic_Acid,47
37.25,G11_D-Malic_Acid,45
37.5,G11_D-Malic_Acid,46
37.75,G11_D-Malic_Acid,47
38.0,G11_D-Malic_Acid,47
38.25,G11_D-Malic_Acid,46
38.5,G11_D-Malic_Acid,44
38.75,G11_D-Malic_Acid,45
39.0,G11_D-Malic_Acid,46
39.25,G11_D-Malic_Acid,47
39.5,G11_D-Malic_Acid,44
39.75,G11_D-Malic_Acid,46
40.0,G11_D-Malic_Acid,40
40.25,G11_D-Malic_Acid,42
40.5,G11_D-Malic_Acid,48
40.75,G11_D-Malic_Acid,47
41.0,G11_D-Malic_Acid,49
41.25,G11_D-Malic_Acid,45
41.5,G11_D-Malic_Acid,47
41.75,G11_D-Malic_Acid,45
42.0,G11_D-Malic_Acid,44
42.25,G11_D-Malic_Acid,45
42.5,G11_D-Malic_Acid,48
42.75,G11_D-Malic_Acid,47
43.0,G11_D-Malic_Acid,47
43.25,G11_D-Malic_Acid,42
43.5,G11_D-Malic_Acid,45
43.75,G11_D-Malic_Acid,46
44.0,G11_D-Malic_Acid,47
44.25,G11_D-Malic_Acid,50
44.5,G11_D-Malic_Acid,49
44.75,G11_D-Malic_Acid,50
45.0,G11_D-Malic_Acid,43
45.25,G11_D-Malic_Acid,48
45.5,G11_D-Malic_Acid,47
45.75,G11_D-Malic_Acid,49
46.0,G11_D-Malic_Acid,50
46.25,G11_D-Malic_Acid,48
46.5,G11_D-Malic_Acid,47
46.75,G11_D-Malic_Acid,48
47.0,G11_D-Malic_Acid,46
47.25,G11_D-Malic_Acid,48
47.5,G11_D-Malic_Acid,0
0.0,G12_L-Malic_Acid,44
0.25,G12_L-Malic_Acid,39
0.5,G12_L-Malic_Acid,24
0.75,G12_L-Malic_Acid,33
1.0,G12_L-Malic_Acid,31
1.25,G12_L-Malic_Acid,28
1.5,G12_L-Malic_Acid,32
1.75,G12_L-Malic_Acid,32
2.0,G12_L-Malic_Acid,26
2.25,G12_L-Malic_Acid,26
2.5,G12_L-Malic_Acid,28
2.75,G12_L-Malic_Acid,30
3.0,G12_L-Malic_Acid,30
3.25,G12_L-Malic_Acid,25
3.5,G12_L-Malic_Acid,26
3.75,G12_L-Malic_Acid,29
4.0,G12_L-Malic_Acid,27
4.25,G12_L-Malic_Acid,29
4.5,G12_L-Malic_Acid,30
4.75,G12_L-Malic_Acid,28
5.0,G12_L-Malic_Acid,34
5.25,G12_L-Malic_Acid,33
5.5,G12_L-Malic_Acid,35
5.75,G12_L-Malic_Acid,38
6.0,G12_L-Malic_Acid,39
6.25,G12_L-Malic_Acid,38
6.5,G12_L-Malic_Acid,42
6.75,G12_L-Malic_Acid,42
7.0,G12_L-Malic_Acid,53
7.25,G12_L-Malic_Acid,54
7.5,G12_L-Malic_Acid,53
7.75,G12_L-Malic_Acid,57
8.0,G12_L-Malic_Acid,62
8.25,G12_L-Malic_Acid,60
8.5,G12_L-Malic_Acid,68
8.75,G12_L-Malic_Acid,68
9.0,G12_L-Malic_Acid,74
9.25,G12_L-Malic_Acid,75
9.5,G12_L-Malic_Acid,85
9.75,G12_L-Malic_Acid,86
10.0,G12_L-Malic_Acid,89
10.25,G12_L-Malic_Acid,94
10.5,G12_L-Malic_Acid,98
10.75,G12_L-Malic_Acid,103
11.0,G12_L-Malic_Acid,105
11.25,G12_L-Malic_Acid,114
11.5,G12_L-Malic_Acid,112
11.75,G12_L-Malic_Acid,120
12.0,G12_L-Malic_Acid,123
12.25,G12_L-Malic_Acid,138
12.5,G12_L-Malic_Acid,141
12.75,G12_L-Malic_Acid,143
13.0,G12_L-Malic_Acid,154
13.25,G12_L-Malic_Acid,155
13.5,G12_L-Malic_Acid,160
13.75,G12_L-Malic_Acid,161
14.0,G12_L-Malic_Acid,165
14.25,G12_L-Malic_Acid,172
14.5,G12_L-Malic_Acid,170
14.75,G12_L-Malic_Acid,171
15.0,G12_L-Malic_Acid,174
15.25,G12_L-Malic_Acid,178
15.5,G12_L-Malic_Acid,188
15.75,G12_L-Malic_Acid,183
16.0,G12_L-Malic_Acid,187
16.25,G12_L-Malic_Acid,189
16.5,G12_L-Malic_Acid,193
16.75,G12_L-Malic_Acid,197
17.0,G12_L-Malic_Acid,197
17.25,G12_L-Malic_Acid,200
17.5,G12_L-Malic_Acid,199
17.75,G12_L-Malic_Acid,200
18.0,G12_L-Malic_Acid,197
18.25,G12_L-Malic_Acid,202
18.5,G12_L-Malic_Acid,200
18.75,G12_L-Malic_Acid,200
19.0,G12_L-Malic_Acid,198
19.25,G12_L-Malic_Acid,200
19.5,G12_L-Malic_Acid,199
19.75,G12_L-Malic_Acid,200
20.0,G12_L-Malic_Acid,201
20.25,G12_L-Malic_Acid,201
20.5,G12_L-Malic_Acid,200
20.75,G12_L-Malic_Acid,201
21.0,G12_L-Malic_Acid,198
21.25,G12_L-Malic_Acid,197
21.5,G12_L-Malic_Acid,200
21.75,G12_L-Malic_Acid,199
22.0,G12_L-Malic_Acid,196
22.25,G12_L-Malic_Acid,198
22.5,G12_L-Malic_Acid,197
22.75,G12_L-Malic_Acid,198
23.0,G12_L-Malic_Acid,197
23.25,G12_L-Malic_Acid,199
23.5,G12_L-Malic_Acid,198
23.75,G12_L-Malic_Acid,202
24.0,G12_L-Malic_Acid,201
24.25,G12_L-Malic_Acid,200
24.5,G12_L-Malic_Acid,201
24.75,G12_L-Malic_Acid,197
25.0,G12_L-Malic_Acid,199
25.25,G12_L-Malic_Acid,200
25.5,G12_L-Malic_Acid,199
25.75,G12_L-Malic_Acid,202
26.0,G12_L-Malic_Acid,199
26.25,G12_L-Malic_Acid,203
26.5,G12_L-Malic_Acid,202
26.75,G12_L-Malic_Acid,201
27.0,G12_L-Malic_Acid,199
27.25,G12_L-Malic_Acid,198
27.5,G12_L-Malic_Acid,200
27.75,G12_L-Malic_Acid,202
28.0,G12_L-Malic_Acid,201
28.25,G12_L-Malic_Acid,201
28.5,G12_L-Malic_Acid,200
28.75,G12_L-Malic_Acid,199
29.0,G12_L-Malic_Acid,199
29.25,G12_L-Malic_Acid,197
29.5,G12_L-Malic_Acid,199
29.75,G12_L-Malic_Acid,200
30.0,G12_L-Malic_Acid,197
30.25,G12_L-Malic_Acid,197
30.5,G12_L-Malic_Acid,196
30.75,G12_L-Malic_Acid,196
31.0,G12_L-Malic_Acid,199
31.25,G12_L-Malic_Acid,200
31.5,G12_L-Malic_Acid,199
31.75,G12_L-Malic_Acid,199
32.0,G12_L-Malic_Acid,203
32.25,G12_L-Malic_Acid,199
32.5,G12_L-Malic_Acid,201
32.75,G12_L-Malic_Acid,195
33.0,G12_L-Malic_Acid,201
33.25,G12_L-Malic_Acid,198
33.5,G12_L-Malic_Acid,196
33.75,G12_L-Malic_Acid,201
34.0,G12_L-Malic_Acid,198
34.25,G12_L-Malic_Acid,198
34.5,G12_L-Malic_Acid,200
34.75,G12_L-Malic_Acid,201
35.0,G12_L-Malic_Acid,198
35.25,G12_L-Malic_Acid,197
35.5,G12_L-Malic_Acid,199
35.75,G12_L-Malic_Acid,196
36.0,G12_L-Malic_Acid,199
36.25,G12_L-Malic_Acid,200
36.5,G12_L-Malic_Acid,199
36.75,G12_L-Malic_Acid,200
37.0,G12_L-Malic_Acid,199
37.25,G12_L-Malic_Acid,198
37.5,G12_L-Malic_Acid,193
37.75,G12_L-Malic_Acid,197
38.0,G12_L-Malic_Acid,197
38.25,G12_L-Malic_Acid,196
38.5,G12_L-Malic_Acid,197
38.75,G12_L-Malic_Acid,198
39.0,G12_L-Malic_Acid,197
39.25,G12_L-Malic_Acid,196
39.5,G12_L-Malic_Acid,197
39.75,G12_L-Malic_Acid,196
40.0,G12_L-Malic_Acid,197
40.25,G12_L-Malic_Acid,199
40.5,G12_L-Malic_Acid,196
40.75,G12_L-Malic_Acid,195
41.0,G12_L-Malic_Acid,196
41.25,G12_L-Malic_Acid,198
41.5,G12_L-Malic_Acid,194
41.75,G12_L-Malic_Acid,198
42.0,G12_L-Malic_Acid,195
42.25,G12_L-Malic_Acid,199
42.5,G12_L-Malic_Acid,193
42.75,G12_L-Malic_Acid,196
43.0,G12_L-Malic_Acid,197
43.25,G12_L-Malic_Acid,195
43.5,G12_L-Malic_Acid,196
43.75,G12_L-Malic_Acid,195
44.0,G12_L-Malic_Acid,195
44.25,G12_L-Malic_Acid,196
44.5,G12_L-Malic_Acid,196
44.75,G12_L-Malic_Acid,195
45.0,G12_L-Malic_Acid,193
45.25,G12_L-Malic_Acid,194
45.5,G12_L-Malic_Acid,197
45.75,G12_L-Malic_Acid,194
46.0,G12_L-Malic_Acid,196
46.25,G12_L-Malic_Acid,196
46.5,G12_L-Malic_Acid,195
46.75,G12_L-Malic_Acid,192
47.0,G12_L-Malic_Acid,192
47.25,G12_L-Malic_Acid,190
47.5,G12_L-Malic_Acid,0
0.0,H1_Glycyl-L-Proline,32
0.25,H1_Glycyl-L-Proline,23
0.5,H1_Glycyl-L-Proline,27
0.75,H1_Glycyl-L-Proline,29
1.0,H1_Glycyl-L-Proline,22
1.25,H1_Glycyl-L-Proline,20
1.5,H1_Glycyl-L-Proline,26
1.75,H1_Glycyl-L-Proline,28
2.0,H1_Glycyl-L-Proline,26
2.25,H1_Glycyl-L-Proline,25
2.5,H1_Glycyl-L-Proline,26
2.75,H1_Glycyl-L-Proline,26
3.0,H1_Glycyl-L-Proline,33
3.25,H1_Glycyl-L-Proline,26
3.5,H1_Glycyl-L-Proline,21
3.75,H1_Glycyl-L-Proline,26
4.0,H1_Glycyl-L-Proline,23
4.25,H1_Glycyl-L-Proline,28
4.5,H1_Glycyl-L-Proline,32
4.75,H1_Glycyl-L-Proline,26
5.0,H1_Glycyl-L-Proline,30
5.25,H1_Glycyl-L-Proline,29
5.5,H1_Glycyl-L-Proline,27
5.75,H1_Glycyl-L-Proline,26
6.0,H1_Glycyl-L-Proline,30
6.25,H1_Glycyl-L-Proline,31
6.5,H1_Glycyl-L-Proline,35
6.75,H1_Glycyl-L-Proline,34
7.0,H1_Glycyl-L-Proline,41
7.25,H1_Glycyl-L-Proline,39
7.5,H1_Glycyl-L-Proline,45
7.75,H1_Glycyl-L-Proline,50
8.0,H1_Glycyl-L-Proline,54
8.25,H1_Glycyl-L-Proline,50
8.5,H1_Glycyl-L-Proline,57
8.75,H1_Glycyl-L-Proline,52
9.0,H1_Glycyl-L-Proline,63
9.25,H1_Glycyl-L-Proline,65
9.5,H1_Glycyl-L-Proline,66
9.75,H1_Glycyl-L-Proline,70
10.0,H1_Glycyl-L-Proline,73
10.25,H1_Glycyl-L-Proline,80
10.5,H1_Glycyl-L-Proline,82
10.75,H1_Glycyl-L-Proline,81
11.0,H1_Glycyl-L-Proline,90
11.25,H1_Glycyl-L-Proline,89
11.5,H1_Glycyl-L-Proline,94
11.75,H1_Glycyl-L-Proline,92
12.0,H1_Glycyl-L-Proline,100
12.25,H1_Glycyl-L-Proline,100
12.5,H1_Glycyl-L-Proline,103
12.75,H1_Glycyl-L-Proline,105
13.0,H1_Glycyl-L-Proline,108
13.25,H1_Glycyl-L-Proline,110
13.5,H1_Glycyl-L-Proline,112
13.75,H1_Glycyl-L-Proline,117
14.0,H1_Glycyl-L-Proline,119
14.25,H1_Glycyl-L-Proline,119
14.5,H1_Glycyl-L-Proline,122
14.75,H1_Glycyl-L-Proline,126
15.0,H1_Glycyl-L-Proline,128
15.25,H1_Glycyl-L-Proline,134
15.5,H1_Glycyl-L-Proline,133
15.75,H1_Glycyl-L-Proline,136
16.0,H1_Glycyl-L-Proline,142
16.25,H1_Glycyl-L-Proline,148
16.5,H1_Glycyl-L-Proline,147
16.75,H1_Glycyl-L-Proline,151
17.0,H1_Glycyl-L-Proline,155
17.25,H1_Glycyl-L-Proline,153
17.5,H1_Glycyl-L-Proline,166
17.75,H1_Glycyl-L-Proline,168
18.0,H1_Glycyl-L-Proline,169
18.25,H1_Glycyl-L-Proline,174
18.5,H1_Glycyl-L-Proline,178
18.75,H1_Glycyl-L-Proline,182
19.0,H1_Glycyl-L-Proline,183
19.25,H1_Glycyl-L-Proline,188
19.5,H1_Glycyl-L-Proline,187
19.75,H1_Glycyl-L-Proline,195
20.0,H1_Glycyl-L-Proline,197
20.25,H1_Glycyl-L-Proline,201
20.5,H1_Glycyl-L-Proline,205
20.75,H1_Glycyl-L-Proline,209
21.0,H1_Glycyl-L-Proline,212
21.25,H1_Glycyl-L-Proline,217
21.5,H1_Glycyl-L-Proline,221
21.75,H1_Glycyl-L-Proline,220
22.0,H1_Glycyl-L-Proline,221
22.25,H1_Glycyl-L-Proline,228
22.5,H1_Glycyl-L-Proline,228
22.75,H1_Glycyl-L-Proline,231
23.0,H1_Glycyl-L-Proline,239
23.25,H1_Glycyl-L-Proline,237
23.5,H1_Glycyl-L-Proline,237
23.75,H1_Glycyl-L-Proline,239
24.0,H1_Glycyl-L-Proline,245
24.25,H1_Glycyl-L-Proline,248
24.5,H1_Glycyl-L-Proline,251
24.75,H1_Glycyl-L-Proline,249
25.0,H1_Glycyl-L-Proline,254
25.25,H1_Glycyl-L-Proline,254
25.5,H1_Glycyl-L-Proline,256
25.75,H1_Glycyl-L-Proline,261
26.0,H1_Glycyl-L-Proline,263
26.25,H1_Glycyl-L-Proline,267
26.5,H1_Glycyl-L-Proline,265
26.75,H1_Glycyl-L-Proline,266
27.0,H1_Glycyl-L-Proline,269
27.25,H1_Glycyl-L-Proline,270
27.5,H1_Glycyl-L-Proline,268
27.75,H1_Glycyl-L-Proline,271
28.0,H1_Glycyl-L-Proline,271
28.25,H1_Glycyl-L-Proline,271
28.5,H1_Glycyl-L-Proline,275
28.75,H1_Glycyl-L-Proline,274
29.0,H1_Glycyl-L-Proline,277
29.25,H1_Glycyl-L-Proline,278
29.5,H1_Glycyl-L-Proline,278
29.75,H1_Glycyl-L-Proline,275
30.0,H1_Glycyl-L-Proline,278
30.25,H1_Glycyl-L-Proline,277
30.5,H1_Glycyl-L-Proline,274
30.75,H1_Glycyl-L-Proline,277
31.0,H1_Glycyl-L-Proline,279
31.25,H1_Glycyl-L-Proline,275
31.5,H1_Glycyl-L-Proline,276
31.75,H1_Glycyl-L-Proline,275
32.0,H1_Glycyl-L-Proline,281
32.25,H1_Glycyl-L-Proline,281
32.5,H1_Glycyl-L-Proline,282
32.75,H1_Glycyl-L-Proline,279
33.0,H1_Glycyl-L-Proline,276
33.25,H1_Glycyl-L-Proline,281
33.5,H1_Glycyl-L-Proline,279
33.75,H1_Glycyl-L-Proline,280
34.0,H1_Glycyl-L-Proline,278
34.25,H1_Glycyl-L-Proline,277
34.5,H1_Glycyl-L-Proline,278
34.75,H1_Glycyl-L-Proline,273
35.0,H1_Glycyl-L-Proline,277
35.25,H1_Glycyl-L-Proline,271
35.5,H1_Glycyl-L-Proline,275
35.75,H1_Glycyl-L-Proline,270
36.0,H1_Glycyl-L-Proline,270
36.25,H1_Glycyl-L-Proline,270
36.5,H1_Glycyl-L-Proline,263
36.75,H1_Glycyl-L-Proline,269
37.0,H1_Glycyl-L-Proline,264
37.25,H1_Glycyl-L-Proline,263
37.5,H1_Glycyl-L-Proline,262
37.75,H1_Glycyl-L-Proline,265
38.0,H1_Glycyl-L-Proline,263
38.25,H1_Glycyl-L-Proline,266
38.5,H1_Glycyl-L-Proline,259
38.75,H1_Glycyl-L-Proline,261
39.0,H1_Glycyl-L-Proline,260
39.25,H1_Glycyl-L-Proline,260
39.5,H1_Glycyl-L-Proline,256
39.75,H1_Glycyl-L-Proline,259
40.0,H1_Glycyl-L-Proline,257
40.25,H1_Glycyl-L-Proline,255
40.5,H1_Glycyl-L-Proline,253
40.75,H1_Glycyl-L-Proline,252
41.0,H1_Glycyl-L-Proline,256
41.25,H1_Glycyl-L-Proline,249
41.5,H1_Glycyl-L-Proline,247
41.75,H1_Glycyl-L-Proline,247
42.0,H1_Glycyl-L-Proline,245
42.25,H1_Glycyl-L-Proline,243
42.5,H1_Glycyl-L-Proline,239
42.75,H1_Glycyl-L-Proline,240
43.0,H1_Glycyl-L-Proline,237
43.25,H1_Glycyl-L-Proline,233
43.5,H1_Glycyl-L-Proline,231
43.75,H1_Glycyl-L-Proline,225
44.0,H1_Glycyl-L-Proline,226
44.25,H1_Glycyl-L-Proline,220
44.5,H1_Glycyl-L-Proline,227
44.75,H1_Glycyl-L-Proline,218
45.0,H1_Glycyl-L-Proline,216
45.25,H1_Glycyl-L-Proline,213
45.5,H1_Glycyl-L-Proline,212
45.75,H1_Glycyl-L-Proline,208
46.0,H1_Glycyl-L-Proline,206
46.25,H1_Glycyl-L-Proline,204
46.5,H1_Glycyl-L-Proline,204
46.75,H1_Glycyl-L-Proline,203
47.0,H1_Glycyl-L-Proline,191
47.25,H1_Glycyl-L-Proline,195
47.5,H1_Glycyl-L-Proline,0
0.0,H2_p-Hydroxy_Phenyl_AceticAcid,42
0.25,H2_p-Hydroxy_Phenyl_AceticAcid,22
0.5,H2_p-Hydroxy_Phenyl_AceticAcid,22
0.75,H2_p-Hydroxy_Phenyl_AceticAcid,30
1.0,H2_p-Hydroxy_Phenyl_AceticAcid,22
1.25,H2_p-Hydroxy_Phenyl_AceticAcid,27
1.5,H2_p-Hydroxy_Phenyl_AceticAcid,28
1.75,H2_p-Hydroxy_Phenyl_AceticAcid,23
2.0,H2_p-Hydroxy_Phenyl_AceticAcid,21
2.25,H2_p-Hydroxy_Phenyl_AceticAcid,24
2.5,H2_p-Hydroxy_Phenyl_AceticAcid,25
2.75,H2_p-Hydroxy_Phenyl_AceticAcid,27
3.0,H2_p-Hydroxy_Phenyl_AceticAcid,23
3.25,H2_p-Hydroxy_Phenyl_AceticAcid,24
3.5,H2_p-Hydroxy_Phenyl_AceticAcid,22
3.75,H2_p-Hydroxy_Phenyl_AceticAcid,26
4.0,H2_p-Hydroxy_Phenyl_AceticAcid,28
4.25,H2_p-Hydroxy_Phenyl_AceticAcid,29
4.5,H2_p-Hydroxy_Phenyl_AceticAcid,32
4.75,H2_p-Hydroxy_Phenyl_AceticAcid,30
5.0,H2_p-Hydroxy_Phenyl_AceticAcid,34
5.25,H2_p-Hydroxy_Phenyl_AceticAcid,34
5.5,H2_p-Hydroxy_Phenyl_AceticAcid,38
5.75,H2_p-Hydroxy_Phenyl_AceticAcid,33
6.0,H2_p-Hydroxy_Phenyl_AceticAcid,34
6.25,H2_p-Hydroxy_Phenyl_AceticAcid,38
6.5,H2_p-Hydroxy_Phenyl_AceticAcid,31
6.75,H2_p-Hydroxy_Phenyl_AceticAcid,38
7.0,H2_p-Hydroxy_Phenyl_AceticAcid,39
7.25,H2_p-Hydroxy_Phenyl_AceticAcid,39
7.5,H2_p-Hydroxy_Phenyl_AceticAcid,40
7.75,H2_p-Hydroxy_Phenyl_AceticAcid,42
8.0,H2_p-Hydroxy_Phenyl_AceticAcid,37
8.25,H2_p-Hydroxy_Phenyl_AceticAcid,45
8.5,H2_p-Hydroxy_Phenyl_AceticAcid,42
8.75,H2_p-Hydroxy_Phenyl_AceticAcid,44
9.0,H2_p-Hydroxy_Phenyl_AceticAcid,43
9.25,H2_p-Hydroxy_Phenyl_AceticAcid,41
9.5,H2_p-Hydroxy_Phenyl_AceticAcid,42
9.75,H2_p-Hydroxy_Phenyl_AceticAcid,43
10.0,H2_p-Hydroxy_Phenyl_AceticAcid,41
10.25,H2_p-Hydroxy_Phenyl_AceticAcid,43
10.5,H2_p-Hydroxy_Phenyl_AceticAcid,43
10.75,H2_p-Hydroxy_Phenyl_AceticAcid,43
11.0,H2_p-Hydroxy_Phenyl_AceticAcid,41
11.25,H2_p-Hydroxy_Phenyl_AceticAcid,42
11.5,H2_p-Hydroxy_Phenyl_AceticAcid,47
11.75,H2_p-Hydroxy_Phenyl_AceticAcid,40
12.0,H2_p-Hydroxy_Phenyl_AceticAcid,38
12.25,H2_p-Hydroxy_Phenyl_AceticAcid,38
12.5,H2_p-Hydroxy_Phenyl_AceticAcid,41
12.75,H2_p-Hydroxy_Phenyl_AceticAcid,38
13.0,H2_p-Hydroxy_Phenyl_AceticAcid,40
13.25,H2_p-Hydroxy_Phenyl_AceticAcid,43
13.5,H2_p-Hydroxy_Phenyl_AceticAcid,38
13.75,H2_p-Hydroxy_Phenyl_AceticAcid,37
14.0,H2_p-Hydroxy_Phenyl_AceticAcid,37
14.25,H2_p-Hydroxy_Phenyl_AceticAcid,43
14.5,H2_p-Hydroxy_Phenyl_AceticAcid,37
14.75,H2_p-Hydroxy_Phenyl_AceticAcid,41
15.0,H2_p-Hydroxy_Phenyl_AceticAcid,38
15.25,H2_p-Hydroxy_Phenyl_AceticAcid,40
15.5,H2_p-Hydroxy_Phenyl_AceticAcid,37
15.75,H2_p-Hydroxy_Phenyl_AceticAcid,38
16.0,H2_p-Hydroxy_Phenyl_AceticAcid,37
16.25,H2_p-Hydroxy_Phenyl_AceticAcid,41
16.5,H2_p-Hydroxy_Phenyl_AceticAcid,40
16.75,H2_p-Hydroxy_Phenyl_AceticAcid,36
17.0,H2_p-Hydroxy_Phenyl_AceticAcid,36
17.25,H2_p-Hydroxy_Phenyl_AceticAcid,38
17.5,H2_p-Hydroxy_Phenyl_AceticAcid,35
17.75,H2_p-Hydroxy_Phenyl_AceticAcid,38
18.0,H2_p-Hydroxy_Phenyl_AceticAcid,38
18.25,H2_p-Hydroxy_Phenyl_AceticAcid,38
18.5,H2_p-Hydroxy_Phenyl_AceticAcid,39
18.75,H2_p-Hydroxy_Phenyl_AceticAcid,36
19.0,H2_p-Hydroxy_Phenyl_AceticAcid,39
19.25,H2_p-Hydroxy_Phenyl_AceticAcid,41
19.5,H2_p-Hydroxy_Phenyl_AceticAcid,40
19.75,H2_p-Hydroxy_Phenyl_AceticAcid,41
20.0,H2_p-Hydroxy_Phenyl_AceticAcid,39
20.25,H2_p-Hydroxy_Phenyl_AceticAcid,37
20.5,H2_p-Hydroxy_Phenyl_AceticAcid,38
20.75,H2_p-Hydroxy_Phenyl_AceticAcid,39
21.0,H2_p-Hydroxy_Phenyl_AceticAcid,40
21.25,H2_p-Hydroxy_Phenyl_AceticAcid,40
21.5,H2_p-Hydroxy_Phenyl_AceticAcid,42
21.75,H2_p-Hydroxy_Phenyl_AceticAcid,37
22.0,H2_p-Hydroxy_Phenyl_AceticAcid,38
22.25,H2_p-Hydroxy_Phenyl_AceticAcid,40
22.5,H2_p-Hydroxy_Phenyl_AceticAcid,41
22.75,H2_p-Hydroxy_Phenyl_AceticAcid,41
23.0,H2_p-Hydroxy_Phenyl_AceticAcid,36
23.25,H2_p-Hydroxy_Phenyl_AceticAcid,38
23.5,H2_p-Hydroxy_Phenyl_AceticAcid,37
23.75,H2_p-Hydroxy_Phenyl_AceticAcid,39
24.0,H2_p-Hydroxy_Phenyl_AceticAcid,47
24.25,H2_p-Hydroxy_Phenyl_AceticAcid,40
24.5,H2_p-Hydroxy_Phenyl_AceticAcid,37
24.75,H2_p-Hydroxy_Phenyl_AceticAcid,41
25.0,H2_p-Hydroxy_Phenyl_AceticAcid,42
25.25,H2_p-Hydroxy_Phenyl_AceticAcid,40
25.5,H2_p-Hydroxy_Phenyl_AceticAcid,43
25.75,H2_p-Hydroxy_Phenyl_AceticAcid,42
26.0,H2_p-Hydroxy_Phenyl_AceticAcid,43
26.25,H2_p-Hydroxy_Phenyl_AceticAcid,42
26.5,H2_p-Hydroxy_Phenyl_AceticAcid,46
26.75,H2_p-Hydroxy_Phenyl_AceticAcid,41
27.0,H2_p-Hydroxy_Phenyl_AceticAcid,41
27.25,H2_p-Hydroxy_Phenyl_AceticAcid,44
27.5,H2_p-Hydroxy_Phenyl_AceticAcid,41
27.75,H2_p-Hydroxy_Phenyl_AceticAcid,42
28.0,H2_p-Hydroxy_Phenyl_AceticAcid,40
28.25,H2_p-Hydroxy_Phenyl_AceticAcid,41
28.5,H2_p-Hydroxy_Phenyl_AceticAcid,42
28.75,H2_p-Hydroxy_Phenyl_AceticAcid,41
29.0,H2_p-Hydroxy_Phenyl_AceticAcid,42
29.25,H2_p-Hydroxy_Phenyl_AceticAcid,40
29.5,H2_p-Hydroxy_Phenyl_AceticAcid,43
29.75,H2_p-Hydroxy_Phenyl_AceticAcid,43
30.0,H2_p-Hydroxy_Phenyl_AceticAcid,42
30.25,H2_p-Hydroxy_Phenyl_AceticAcid,45
30.5,H2_p-Hydroxy_Phenyl_AceticAcid,45
30.75,H2_p-Hydroxy_Phenyl_AceticAcid,45
31.0,H2_p-Hydroxy_Phenyl_AceticAcid,40
31.25,H2_p-Hydroxy_Phenyl_AceticAcid,39
31.5,H2_p-Hydroxy_Phenyl_AceticAcid,43
31.75,H2_p-Hydroxy_Phenyl_AceticAcid,41
32.0,H2_p-Hydroxy_Phenyl_AceticAcid,45
32.25,H2_p-Hydroxy_Phenyl_AceticAcid,46
32.5,H2_p-Hydroxy_Phenyl_AceticAcid,46
32.75,H2_p-Hydroxy_Phenyl_AceticAcid,47
33.0,H2_p-Hydroxy_Phenyl_AceticAcid,45
33.25,H2_p-Hydroxy_Phenyl_AceticAcid,43
33.5,H2_p-Hydroxy_Phenyl_AceticAcid,44
33.75,H2_p-Hydroxy_Phenyl_AceticAcid,44
34.0,H2_p-Hydroxy_Phenyl_AceticAcid,45
34.25,H2_p-Hydroxy_Phenyl_AceticAcid,44
34.5,H2_p-Hydroxy_Phenyl_AceticAcid,46
34.75,H2_p-Hydroxy_Phenyl_AceticAcid,34
35.0,H2_p-Hydroxy_Phenyl_AceticAcid,48
35.25,H2_p-Hydroxy_Phenyl_AceticAcid,45
35.5,H2_p-Hydroxy_Phenyl_AceticAcid,42
35.75,H2_p-Hydroxy_Phenyl_AceticAcid,46
36.0,H2_p-Hydroxy_Phenyl_AceticAcid,43
36.25,H2_p-Hydroxy_Phenyl_AceticAcid,42
36.5,H2_p-Hydroxy_Phenyl_AceticAcid,41
36.75,H2_p-Hydroxy_Phenyl_AceticAcid,45
37.0,H2_p-Hydroxy_Phenyl_AceticAcid,48
37.25,H2_p-Hydroxy_Phenyl_AceticAcid,41
37.5,H2_p-Hydroxy_Phenyl_AceticAcid,38
37.75,H2_p-Hydroxy_Phenyl_AceticAcid,46
38.0,H2_p-Hydroxy_Phenyl_AceticAcid,43
38.25,H2_p-Hydroxy_Phenyl_AceticAcid,35
38.5,H2_p-Hydroxy_Phenyl_AceticAcid,42
38.75,H2_p-Hydroxy_Phenyl_AceticAcid,39
39.0,H2_p-Hydroxy_Phenyl_AceticAcid,41
39.25,H2_p-Hydroxy_Phenyl_AceticAcid,43
39.5,H2_p-Hydroxy_Phenyl_AceticAcid,43
39.75,H2_p-Hydroxy_Phenyl_AceticAcid,44
40.0,H2_p-Hydroxy_Phenyl_AceticAcid,46
40.25,H2_p-Hydroxy_Phenyl_AceticAcid,42
40.5,H2_p-Hydroxy_Phenyl_AceticAcid,39
40.75,H2_p-Hydroxy_Phenyl_AceticAcid,41
41.0,H2_p-Hydroxy_Phenyl_AceticAcid,35
41.25,H2_p-Hydroxy_Phenyl_AceticAcid,35
41.5,H2_p-Hydroxy_Phenyl_AceticAcid,42
41.75,H2_p-Hydroxy_Phenyl_AceticAcid,38
42.0,H2_p-Hydroxy_Phenyl_AceticAcid,38
42.25,H2_p-Hydroxy_Phenyl_AceticAcid,37
42.5,H2_p-Hydroxy_Phenyl_AceticAcid,34
42.75,H2_p-Hydroxy_Phenyl_AceticAcid,36
43.0,H2_p-Hydroxy_Phenyl_AceticAcid,38
43.25,H2_p-Hydroxy_Phenyl_AceticAcid,34
43.5,H2_p-Hydroxy_Phenyl_AceticAcid,37
43.75,H2_p-Hydroxy_Phenyl_AceticAcid,37
44.0,H2_p-Hydroxy_Phenyl_AceticAcid,33
44.25,H2_p-Hydroxy_Phenyl_AceticAcid,35
44.5,H2_p-Hydroxy_Phenyl_AceticAcid,29
44.75,H2_p-Hydroxy_Phenyl_AceticAcid,36
45.0,H2_p-Hydroxy_Phenyl_AceticAcid,38
45.25,H2_p-Hydroxy_Phenyl_AceticAcid,39
45.5,H2_p-Hydroxy_Phenyl_AceticAcid,34
45.75,H2_p-Hydroxy_Phenyl_AceticAcid,35
46.0,H2_p-Hydroxy_Phenyl_AceticAcid,34
46.25,H2_p-Hydroxy_Phenyl_AceticAcid,34
46.5,H2_p-Hydroxy_Phenyl_AceticAcid,37
46.75,H2_p-Hydroxy_Phenyl_AceticAcid,34
47.0,H2_p-Hydroxy_Phenyl_AceticAcid,29
47.25,H2_p-Hydroxy_Phenyl_AceticAcid,29
47.5,H2_p-Hydroxy_Phenyl_AceticAcid,0
0.0,H3_m-Hydroxy_Phenyl_AceticAcid,68
0.25,H3_m-Hydroxy_Phenyl_AceticAcid,33
0.5,H3_m-Hydroxy_Phenyl_AceticAcid,16
0.75,H3_m-Hydroxy_Phenyl_AceticAcid,21
1.0,H3_m-Hydroxy_Phenyl_AceticAcid,18
1.25,H3_m-Hydroxy_Phenyl_AceticAcid,16
1.5,H3_m-Hydroxy_Phenyl_AceticAcid,19
1.75,H3_m-Hydroxy_Phenyl_AceticAcid,21
2.0,H3_m-Hydroxy_Phenyl_AceticAcid,17
2.25,H3_m-Hydroxy_Phenyl_AceticAcid,17
2.5,H3_m-Hydroxy_Phenyl_AceticAcid,18
2.75,H3_m-Hydroxy_Phenyl_AceticAcid,22
3.0,H3_m-Hydroxy_Phenyl_AceticAcid,17
3.25,H3_m-Hydroxy_Phenyl_AceticAcid,12
3.5,H3_m-Hydroxy_Phenyl_AceticAcid,12
3.75,H3_m-Hydroxy_Phenyl_AceticAcid,14
4.0,H3_m-Hydroxy_Phenyl_AceticAcid,16
4.25,H3_m-Hydroxy_Phenyl_AceticAcid,15
4.5,H3_m-Hydroxy_Phenyl_AceticAcid,15
4.75,H3_m-Hydroxy_Phenyl_AceticAcid,20
5.0,H3_m-Hydroxy_Phenyl_AceticAcid,18
5.25,H3_m-Hydroxy_Phenyl_AceticAcid,18
5.5,H3_m-Hydroxy_Phenyl_AceticAcid,19
5.75,H3_m-Hydroxy_Phenyl_AceticAcid,25
6.0,H3_m-Hydroxy_Phenyl_AceticAcid,25
6.25,H3_m-Hydroxy_Phenyl_AceticAcid,26
6.5,H3_m-Hydroxy_Phenyl_AceticAcid,21
6.75,H3_m-Hydroxy_Phenyl_AceticAcid,24
7.0,H3_m-Hydroxy_Phenyl_AceticAcid,29
7.25,H3_m-Hydroxy_Phenyl_AceticAcid,23
7.5,H3_m-Hydroxy_Phenyl_AceticAcid,27
7.75,H3_m-Hydroxy_Phenyl_AceticAcid,30
8.0,H3_m-Hydroxy_Phenyl_AceticAcid,30
8.25,H3_m-Hydroxy_Phenyl_AceticAcid,30
8.5,H3_m-Hydroxy_Phenyl_AceticAcid,31
8.75,H3_m-Hydroxy_Phenyl_AceticAcid,31
9.0,H3_m-Hydroxy_Phenyl_AceticAcid,26
9.25,H3_m-Hydroxy_Phenyl_AceticAcid,29
9.5,H3_m-Hydroxy_Phenyl_AceticAcid,31
9.75,H3_m-Hydroxy_Phenyl_AceticAcid,28
10.0,H3_m-Hydroxy_Phenyl_AceticAcid,32
10.25,H3_m-Hydroxy_Phenyl_AceticAcid,33
10.5,H3_m-Hydroxy_Phenyl_AceticAcid,31
10.75,H3_m-Hydroxy_Phenyl_AceticAcid,30
11.0,H3_m-Hydroxy_Phenyl_AceticAcid,26
11.25,H3_m-Hydroxy_Phenyl_AceticAcid,30
11.5,H3_m-Hydroxy_Phenyl_AceticAcid,34
11.75,H3_m-Hydroxy_Phenyl_AceticAcid,31
12.0,H3_m-Hydroxy_Phenyl_AceticAcid,29
12.25,H3_m-Hydroxy_Phenyl_AceticAcid,33
12.5,H3_m-Hydroxy_Phenyl_AceticAcid,30
12.75,H3_m-Hydroxy_Phenyl_AceticAcid,30
13.0,H3_m-Hydroxy_Phenyl_AceticAcid,31
13.25,H3_m-Hydroxy_Phenyl_AceticAcid,31
13.5,H3_m-Hydroxy_Phenyl_AceticAcid,34
13.75,H3_m-Hydroxy_Phenyl_AceticAcid,29
14.0,H3_m-Hydroxy_Phenyl_AceticAcid,25
14.25,H3_m-Hydroxy_Phenyl_AceticAcid,32
14.5,H3_m-Hydroxy_Phenyl_AceticAcid,29
14.75,H3_m-Hydroxy_Phenyl_AceticAcid,30
15.0,H3_m-Hydroxy_Phenyl_AceticAcid,28
15.25,H3_m-Hydroxy_Phenyl_AceticAcid,33
15.5,H3_m-Hydroxy_Phenyl_AceticAcid,28
15.75,H3_m-Hydroxy_Phenyl_AceticAcid,32
16.0,H3_m-Hydroxy_Phenyl_AceticAcid,39
16.25,H3_m-Hydroxy_Phenyl_AceticAcid,35
16.5,H3_m-Hydroxy_Phenyl_AceticAcid,32
16.75,H3_m-Hydroxy_Phenyl_AceticAcid,29
17.0,H3_m-Hydroxy_Phenyl_AceticAcid,36
17.25,H3_m-Hydroxy_Phenyl_AceticAcid,31
17.5,H3_m-Hydroxy_Phenyl_AceticAcid,28
17.75,H3_m-Hydroxy_Phenyl_AceticAcid,31
18.0,H3_m-Hydroxy_Phenyl_AceticAcid,33
18.25,H3_m-Hydroxy_Phenyl_AceticAcid,38
18.5,H3_m-Hydroxy_Phenyl_AceticAcid,33
18.75,H3_m-Hydroxy_Phenyl_AceticAcid,36
19.0,H3_m-Hydroxy_Phenyl_AceticAcid,31
19.25,H3_m-Hydroxy_Phenyl_AceticAcid,35
19.5,H3_m-Hydroxy_Phenyl_AceticAcid,32
19.75,H3_m-Hydroxy_Phenyl_AceticAcid,32
20.0,H3_m-Hydroxy_Phenyl_AceticAcid,33
20.25,H3_m-Hydroxy_Phenyl_AceticAcid,33
20.5,H3_m-Hydroxy_Phenyl_AceticAcid,35
20.75,H3_m-Hydroxy_Phenyl_AceticAcid,37
21.0,H3_m-Hydroxy_Phenyl_AceticAcid,40
21.25,H3_m-Hydroxy_Phenyl_AceticAcid,35
21.5,H3_m-Hydroxy_Phenyl_AceticAcid,32
21.75,H3_m-Hydroxy_Phenyl_AceticAcid,39
22.0,H3_m-Hydroxy_Phenyl_AceticAcid,34
22.25,H3_m-Hydroxy_Phenyl_AceticAcid,37
22.5,H3_m-Hydroxy_Phenyl_AceticAcid,34
22.75,H3_m-Hydroxy_Phenyl_AceticAcid,33
23.0,H3_m-Hydroxy_Phenyl_AceticAcid,34
23.25,H3_m-Hydroxy_Phenyl_AceticAcid,39
23.5,H3_m-Hydroxy_Phenyl_AceticAcid,38
23.75,H3_m-Hydroxy_Phenyl_AceticAcid,33
24.0,H3_m-Hydroxy_Phenyl_AceticAcid,38
24.25,H3_m-Hydroxy_Phenyl_AceticAcid,37
24.5,H3_m-Hydroxy_Phenyl_AceticAcid,37
24.75,H3_m-Hydroxy_Phenyl_AceticAcid,34
25.0,H3_m-Hydroxy_Phenyl_AceticAcid,39
25.25,H3_m-Hydroxy_Phenyl_AceticAcid,40
25.5,H3_m-Hydroxy_Phenyl_AceticAcid,35
25.75,H3_m-Hydroxy_Phenyl_AceticAcid,39
26.0,H3_m-Hydroxy_Phenyl_AceticAcid,39
26.25,H3_m-Hydroxy_Phenyl_AceticAcid,36
26.5,H3_m-Hydroxy_Phenyl_AceticAcid,34
26.75,H3_m-Hydroxy_Phenyl_AceticAcid,35
27.0,H3_m-Hydroxy_Phenyl_AceticAcid,36
27.25,H3_m-Hydroxy_Phenyl_AceticAcid,39
27.5,H3_m-Hydroxy_Phenyl_AceticAcid,40
27.75,H3_m-Hydroxy_Phenyl_AceticAcid,37
28.0,H3_m-Hydroxy_Phenyl_AceticAcid,41
28.25,H3_m-Hydroxy_Phenyl_AceticAcid,43
28.5,H3_m-Hydroxy_Phenyl_AceticAcid,45
28.75,H3_m-Hydroxy_Phenyl_AceticAcid,43
29.0,H3_m-Hydroxy_Phenyl_AceticAcid,42
29.25,H3_m-Hydroxy_Phenyl_AceticAcid,38
29.5,H3_m-Hydroxy_Phenyl_AceticAcid,44
29.75,H3_m-Hydroxy_Phenyl_AceticAcid,43
30.0,H3_m-Hydroxy_Phenyl_AceticAcid,41
30.25,H3_m-Hydroxy_Phenyl_AceticAcid,45
30.5,H3_m-Hydroxy_Phenyl_AceticAcid,46
30.75,H3_m-Hydroxy_Phenyl_AceticAcid,39
31.0,H3_m-Hydroxy_Phenyl_AceticAcid,38
31.25,H3_m-Hydroxy_Phenyl_AceticAcid,38
31.5,H3_m-Hydroxy_Phenyl_AceticAcid,48
31.75,H3_m-Hydroxy_Phenyl_AceticAcid,40
32.0,H3_m-Hydroxy_Phenyl_AceticAcid,51
32.25,H3_m-Hydroxy_Phenyl_AceticAcid,51
32.5,H3_m-Hydroxy_Phenyl_AceticAcid,47
32.75,H3_m-Hydroxy_Phenyl_AceticAcid,47
33.0,H3_m-Hydroxy_Phenyl_AceticAcid,43
33.25,H3_m-Hydroxy_Phenyl_AceticAcid,50
33.5,H3_m-Hydroxy_Phenyl_AceticAcid,47
33.75,H3_m-Hydroxy_Phenyl_AceticAcid,52
34.0,H3_m-Hydroxy_Phenyl_AceticAcid,46
34.25,H3_m-Hydroxy_Phenyl_AceticAcid,47
34.5,H3_m-Hydroxy_Phenyl_AceticAcid,50
34.75,H3_m-Hydroxy_Phenyl_AceticAcid,40
35.0,H3_m-Hydroxy_Phenyl_AceticAcid,49
35.25,H3_m-Hydroxy_Phenyl_AceticAcid,48
35.5,H3_m-Hydroxy_Phenyl_AceticAcid,41
35.75,H3_m-Hydroxy_Phenyl_AceticAcid,50
36.0,H3_m-Hydroxy_Phenyl_AceticAcid,45
36.25,H3_m-Hydroxy_Phenyl_AceticAcid,49
36.5,H3_m-Hydroxy_Phenyl_AceticAcid,50
36.75,H3_m-Hydroxy_Phenyl_AceticAcid,50
37.0,H3_m-Hydroxy_Phenyl_AceticAcid,48
37.25,H3_m-Hydroxy_Phenyl_AceticAcid,49
37.5,H3_m-Hydroxy_Phenyl_AceticAcid,46
37.75,H3_m-Hydroxy_Phenyl_AceticAcid,48
38.0,H3_m-Hydroxy_Phenyl_AceticAcid,45
38.25,H3_m-Hydroxy_Phenyl_AceticAcid,39
38.5,H3_m-Hydroxy_Phenyl_AceticAcid,51
38.75,H3_m-Hydroxy_Phenyl_AceticAcid,45
39.0,H3_m-Hydroxy_Phenyl_AceticAcid,42
39.25,H3_m-Hydroxy_Phenyl_AceticAcid,51
39.5,H3_m-Hydroxy_Phenyl_AceticAcid,50
39.75,H3_m-Hydroxy_Phenyl_AceticAcid,51
40.0,H3_m-Hydroxy_Phenyl_AceticAcid,49
40.25,H3_m-Hydroxy_Phenyl_AceticAcid,51
40.5,H3_m-Hydroxy_Phenyl_AceticAcid,52
40.75,H3_m-Hydroxy_Phenyl_AceticAcid,49
41.0,H3_m-Hydroxy_Phenyl_AceticAcid,43
41.25,H3_m-Hydroxy_Phenyl_AceticAcid,50
41.5,H3_m-Hydroxy_Phenyl_AceticAcid,59
41.75,H3_m-Hydroxy_Phenyl_AceticAcid,51
42.0,H3_m-Hydroxy_Phenyl_AceticAcid,52
42.25,H3_m-Hydroxy_Phenyl_AceticAcid,49
42.5,H3_m-Hydroxy_Phenyl_AceticAcid,53
42.75,H3_m-Hydroxy_Phenyl_AceticAcid,50
43.0,H3_m-Hydroxy_Phenyl_AceticAcid,54
43.25,H3_m-Hydroxy_Phenyl_AceticAcid,51
43.5,H3_m-Hydroxy_Phenyl_AceticAcid,56
43.75,H3_m-Hydroxy_Phenyl_AceticAcid,49
44.0,H3_m-Hydroxy_Phenyl_AceticAcid,54
44.25,H3_m-Hydroxy_Phenyl_AceticAcid,51
44.5,H3_m-Hydroxy_Phenyl_AceticAcid,50
44.75,H3_m-Hydroxy_Phenyl_AceticAcid,58
45.0,H3_m-Hydroxy_Phenyl_AceticAcid,59
45.25,H3_m-Hydroxy_Phenyl_AceticAcid,60
45.5,H3_m-Hydroxy_Phenyl_AceticAcid,57
45.75,H3_m-Hydroxy_Phenyl_AceticAcid,56
46.0,H3_m-Hydroxy_Phenyl_AceticAcid,54
46.25,H3_m-Hydroxy_Phenyl_AceticAcid,60
46.5,H3_m-Hydroxy_Phenyl_AceticAcid,58
46.75,H3_m-Hydroxy_Phenyl_AceticAcid,58
47.0,H3_m-Hydroxy_Phenyl_AceticAcid,56
47.25,H3_m-Hydroxy_Phenyl_AceticAcid,62
47.5,H3_m-Hydroxy_Phenyl_AceticAcid,0
0.0,H4_Tyramine,28
0.25,H4_Tyramine,28
0.5,H4_Tyramine,17
0.75,H4_Tyramine,20
1.0,H4_Tyramine,20
1.25,H4_Tyramine,16
1.5,H4_Tyramine,17
1.75,H4_Tyramine,16
2.0,H4_Tyramine,18
2.25,H4_Tyramine,16
2.5,H4_Tyramine,17
2.75,H4_Tyramine,20
3.0,H4_Tyramine,18
3.25,H4_Tyramine,15
3.5,H4_Tyramine,12
3.75,H4_Tyramine,14
4.0,H4_Tyramine,13
4.25,H4_Tyramine,20
4.5,H4_Tyramine,15
4.75,H4_Tyramine,15
5.0,H4_Tyramine,17
5.25,H4_Tyramine,22
5.5,H4_Tyramine,22
5.75,H4_Tyramine,19
6.0,H4_Tyramine,20
6.25,H4_Tyramine,24
6.5,H4_Tyramine,20
6.75,H4_Tyramine,21
7.0,H4_Tyramine,24
7.25,H4_Tyramine,27
7.5,H4_Tyramine,27
7.75,H4_Tyramine,27
8.0,H4_Tyramine,27
8.25,H4_Tyramine,28
8.5,H4_Tyramine,29
8.75,H4_Tyramine,25
9.0,H4_Tyramine,24
9.25,H4_Tyramine,26
9.5,H4_Tyramine,29
9.75,H4_Tyramine,27
10.0,H4_Tyramine,29
10.25,H4_Tyramine,25
10.5,H4_Tyramine,26
10.75,H4_Tyramine,27
11.0,H4_Tyramine,27
11.25,H4_Tyramine,31
11.5,H4_Tyramine,26
11.75,H4_Tyramine,31
12.0,H4_Tyramine,28
12.25,H4_Tyramine,30
12.5,H4_Tyramine,32
12.75,H4_Tyramine,33
13.0,H4_Tyramine,32
13.25,H4_Tyramine,28
13.5,H4_Tyramine,28
13.75,H4_Tyramine,30
14.0,H4_Tyramine,23
14.25,H4_Tyramine,28
14.5,H4_Tyramine,27
14.75,H4_Tyramine,33
15.0,H4_Tyramine,30
15.25,H4_Tyramine,25
15.5,H4_Tyramine,24
15.75,H4_Tyramine,30
16.0,H4_Tyramine,29
16.25,H4_Tyramine,29
16.5,H4_Tyramine,30
16.75,H4_Tyramine,30
17.0,H4_Tyramine,31
17.25,H4_Tyramine,32
17.5,H4_Tyramine,31
17.75,H4_Tyramine,34
18.0,H4_Tyramine,31
18.25,H4_Tyramine,31
18.5,H4_Tyramine,32
18.75,H4_Tyramine,29
19.0,H4_Tyramine,28
19.25,H4_Tyramine,29
19.5,H4_Tyramine,34
19.75,H4_Tyramine,30
20.0,H4_Tyramine,33
20.25,H4_Tyramine,30
20.5,H4_Tyramine,31
20.75,H4_Tyramine,31
21.0,H4_Tyramine,37
21.25,H4_Tyramine,28
21.5,H4_Tyramine,30
21.75,H4_Tyramine,28
22.0,H4_Tyramine,32
22.25,H4_Tyramine,33
22.5,H4_Tyramine,33
22.75,H4_Tyramine,30
23.0,H4_Tyramine,37
23.25,H4_Tyramine,34
23.5,H4_Tyramine,34
23.75,H4_Tyramine,33
24.0,H4_Tyramine,35
24.25,H4_Tyramine,33
24.5,H4_Tyramine,33
24.75,H4_Tyramine,32
25.0,H4_Tyramine,33
25.25,H4_Tyramine,32
25.5,H4_Tyramine,32
25.75,H4_Tyramine,31
26.0,H4_Tyramine,30
26.25,H4_Tyramine,37
26.5,H4_Tyramine,32
26.75,H4_Tyramine,32
27.0,H4_Tyramine,31
27.25,H4_Tyramine,33
27.5,H4_Tyramine,34
27.75,H4_Tyramine,30
28.0,H4_Tyramine,31
28.25,H4_Tyramine,33
28.5,H4_Tyramine,31
28.75,H4_Tyramine,32
29.0,H4_Tyramine,31
29.25,H4_Tyramine,32
29.5,H4_Tyramine,34
29.75,H4_Tyramine,33
30.0,H4_Tyramine,31
30.25,H4_Tyramine,37
30.5,H4_Tyramine,36
30.75,H4_Tyramine,33
31.0,H4_Tyramine,33
31.25,H4_Tyramine,34
31.5,H4_Tyramine,38
31.75,H4_Tyramine,31
32.0,H4_Tyramine,34
32.25,H4_Tyramine,35
32.5,H4_Tyramine,37
32.75,H4_Tyramine,36
33.0,H4_Tyramine,34
33.25,H4_Tyramine,35
33.5,H4_Tyramine,36
33.75,H4_Tyramine,36
34.0,H4_Tyramine,32
34.25,H4_Tyramine,35
34.5,H4_Tyramine,32
34.75,H4_Tyramine,32
35.0,H4_Tyramine,36
35.25,H4_Tyramine,33
35.5,H4_Tyramine,37
35.75,H4_Tyramine,36
36.0,H4_Tyramine,37
36.25,H4_Tyramine,38
36.5,H4_Tyramine,31
36.75,H4_Tyramine,33
37.0,H4_Tyramine,36
37.25,H4_Tyramine,34
37.5,H4_Tyramine,35
37.75,H4_Tyramine,40
38.0,H4_Tyramine,35
38.25,H4_Tyramine,37
38.5,H4_Tyramine,35
38.75,H4_Tyramine,34
39.0,H4_Tyramine,32
39.25,H4_Tyramine,37
39.5,H4_Tyramine,40
39.75,H4_Tyramine,35
40.0,H4_Tyramine,35
40.25,H4_Tyramine,37
40.5,H4_Tyramine,35
40.75,H4_Tyramine,36
41.0,H4_Tyramine,39
41.25,H4_Tyramine,35
41.5,H4_Tyramine,35
41.75,H4_Tyramine,39
42.0,H4_Tyramine,42
42.25,H4_Tyramine,41
42.5,H4_Tyramine,36
42.75,H4_Tyramine,36
43.0,H4_Tyramine,38
43.25,H4_Tyramine,33
43.5,H4_Tyramine,37
43.75,H4_Tyramine,37
44.0,H4_Tyramine,32
44.25,H4_Tyramine,37
44.5,H4_Tyramine,35
44.75,H4_Tyramine,38
45.0,H4_Tyramine,39
45.25,H4_Tyramine,38
45.5,H4_Tyramine,36
45.75,H4_Tyramine,36
46.0,H4_Tyramine,35
46.25,H4_Tyramine,41
46.5,H4_Tyramine,41
46.75,H4_Tyramine,40
47.0,H4_Tyramine,38
47.25,H4_Tyramine,33
47.5,H4_Tyramine,0
0.0,H5_D-Psicose,30
0.25,H5_D-Psicose,29
0.5,H5_D-Psicose,28
0.75,H5_D-Psicose,31
1.0,H5_D-Psicose,36
1.25,H5_D-Psicose,30
1.5,H5_D-Psicose,36
1.75,H5_D-Psicose,32
2.0,H5_D-Psicose,35
2.25,H5_D-Psicose,36
2.5,H5_D-Psicose,33
2.75,H5_D-Psicose,36
3.0,H5_D-Psicose,36
3.25,H5_D-Psicose,34
3.5,H5_D-Psicose,29
3.75,H5_D-Psicose,29
4.0,H5_D-Psicose,29
4.25,H5_D-Psicose,37
4.5,H5_D-Psicose,30
4.75,H5_D-Psicose,31
5.0,H5_D-Psicose,28
5.25,H5_D-Psicose,31
5.5,H5_D-Psicose,36
5.75,H5_D-Psicose,32
6.0,H5_D-Psicose,30
6.25,H5_D-Psicose,28
6.5,H5_D-Psicose,30
6.75,H5_D-Psicose,32
7.0,H5_D-Psicose,32
7.25,H5_D-Psicose,30
7.5,H5_D-Psicose,39
7.75,H5_D-Psicose,33
8.0,H5_D-Psicose,33
8.25,H5_D-Psicose,31
8.5,H5_D-Psicose,33
8.75,H5_D-Psicose,35
9.0,H5_D-Psicose,29
9.25,H5_D-Psicose,31
9.5,H5_D-Psicose,34
9.75,H5_D-Psicose,33
10.0,H5_D-Psicose,30
10.25,H5_D-Psicose,32
10.5,H5_D-Psicose,33
10.75,H5_D-Psicose,34
11.0,H5_D-Psicose,34
11.25,H5_D-Psicose,32
11.5,H5_D-Psicose,35
11.75,H5_D-Psicose,38
12.0,H5_D-Psicose,32
12.25,H5_D-Psicose,34
12.5,H5_D-Psicose,33
12.75,H5_D-Psicose,33
13.0,H5_D-Psicose,34
13.25,H5_D-Psicose,31
13.5,H5_D-Psicose,32
13.75,H5_D-Psicose,37
14.0,H5_D-Psicose,34
14.25,H5_D-Psicose,34
14.5,H5_D-Psicose,29
14.75,H5_D-Psicose,35
15.0,H5_D-Psicose,39
15.25,H5_D-Psicose,35
15.5,H5_D-Psicose,33
15.75,H5_D-Psicose,35
16.0,H5_D-Psicose,34
16.25,H5_D-Psicose,33
16.5,H5_D-Psicose,32
16.75,H5_D-Psicose,39
17.0,H5_D-Psicose,34
17.25,H5_D-Psicose,37
17.5,H5_D-Psicose,34
17.75,H5_D-Psicose,37
18.0,H5_D-Psicose,41
18.25,H5_D-Psicose,32
18.5,H5_D-Psicose,37
18.75,H5_D-Psicose,33
19.0,H5_D-Psicose,32
19.25,H5_D-Psicose,35
19.5,H5_D-Psicose,33
19.75,H5_D-Psicose,36
20.0,H5_D-Psicose,36
20.25,H5_D-Psicose,36
20.5,H5_D-Psicose,40
20.75,H5_D-Psicose,36
21.0,H5_D-Psicose,39
21.25,H5_D-Psicose,35
21.5,H5_D-Psicose,37
21.75,H5_D-Psicose,35
22.0,H5_D-Psicose,37
22.25,H5_D-Psicose,37
22.5,H5_D-Psicose,37
22.75,H5_D-Psicose,33
23.0,H5_D-Psicose,37
23.25,H5_D-Psicose,39
23.5,H5_D-Psicose,39
23.75,H5_D-Psicose,37
24.0,H5_D-Psicose,34
24.25,H5_D-Psicose,40
24.5,H5_D-Psicose,40
24.75,H5_D-Psicose,39
25.0,H5_D-Psicose,36
25.25,H5_D-Psicose,39
25.5,H5_D-Psicose,37
25.75,H5_D-Psicose,38
26.0,H5_D-Psicose,38
26.25,H5_D-Psicose,38
26.5,H5_D-Psicose,36
26.75,H5_D-Psicose,33
27.0,H5_D-Psicose,40
27.25,H5_D-Psicose,39
27.5,H5_D-Psicose,37
27.75,H5_D-Psicose,38
28.0,H5_D-Psicose,37
28.25,H5_D-Psicose,39
28.5,H5_D-Psicose,35
28.75,H5_D-Psicose,38
29.0,H5_D-Psicose,44
29.25,H5_D-Psicose,33
29.5,H5_D-Psicose,36
29.75,H5_D-Psicose,42
30.0,H5_D-Psicose,35
30.25,H5_D-Psicose,38
30.5,H5_D-Psicose,42
30.75,H5_D-Psicose,36
31.0,H5_D-Psicose,41
31.25,H5_D-Psicose,35
31.5,H5_D-Psicose,39
31.75,H5_D-Psicose,37
32.0,H5_D-Psicose,42
32.25,H5_D-Psicose,37
32.5,H5_D-Psicose,41
32.75,H5_D-Psicose,37
33.0,H5_D-Psicose,41
33.25,H5_D-Psicose,38
33.5,H5_D-Psicose,41
33.75,H5_D-Psicose,44
34.0,H5_D-Psicose,37
34.25,H5_D-Psicose,43
34.5,H5_D-Psicose,40
34.75,H5_D-Psicose,40
35.0,H5_D-Psicose,40
35.25,H5_D-Psicose,41
35.5,H5_D-Psicose,39
35.75,H5_D-Psicose,42
36.0,H5_D-Psicose,44
36.25,H5_D-Psicose,38
36.5,H5_D-Psicose,41
36.75,H5_D-Psicose,42
37.0,H5_D-Psicose,41
37.25,H5_D-Psicose,39
37.5,H5_D-Psicose,38
37.75,H5_D-Psicose,45
38.0,H5_D-Psicose,39
38.25,H5_D-Psicose,41
38.5,H5_D-Psicose,39
38.75,H5_D-Psicose,41
39.0,H5_D-Psicose,38
39.25,H5_D-Psicose,39
39.5,H5_D-Psicose,43
39.75,H5_D-Psicose,38
40.0,H5_D-Psicose,40
40.25,H5_D-Psicose,40
40.5,H5_D-Psicose,41
40.75,H5_D-Psicose,38
41.0,H5_D-Psicose,40
41.25,H5_D-Psicose,37
41.5,H5_D-Psicose,42
41.75,H5_D-Psicose,43
42.0,H5_D-Psicose,39
42.25,H5_D-Psicose,37
42.5,H5_D-Psicose,40
42.75,H5_D-Psicose,39
43.0,H5_D-Psicose,42
43.25,H5_D-Psicose,39
43.5,H5_D-Psicose,34
43.75,H5_D-Psicose,43
44.0,H5_D-Psicose,40
44.25,H5_D-Psicose,36
44.5,H5_D-Psicose,41
44.75,H5_D-Psicose,37
45.0,H5_D-Psicose,37
45.25,H5_D-Psicose,40
45.5,H5_D-Psicose,39
45.75,H5_D-Psicose,39
46.0,H5_D-Psicose,37
46.25,H5_D-Psicose,40
46.5,H5_D-Psicose,44
46.75,H5_D-Psicose,42
47.0,H5_D-Psicose,38
47.25,H5_D-Psicose,42
47.5,H5_D-Psicose,0
0.0,H6_L-Lyxose,127
0.25,H6_L-Lyxose,130
0.5,H6_L-Lyxose,138
0.75,H6_L-Lyxose,140
1.0,H6_L-Lyxose,139
1.25,H6_L-Lyxose,142
1.5,H6_L-Lyxose,144
1.75,H6_L-Lyxose,146
2.0,H6_L-Lyxose,146
2.25,H6_L-Lyxose,148
2.5,H6_L-Lyxose,147
2.75,H6_L-Lyxose,152
3.0,H6_L-Lyxose,147
3.25,H6_L-Lyxose,148
3.5,H6_L-Lyxose,150
3.75,H6_L-Lyxose,151
4.0,H6_L-Lyxose,147
4.25,H6_L-Lyxose,155
4.5,H6_L-Lyxose,154
4.75,H6_L-Lyxose,150
5.0,H6_L-Lyxose,157
5.25,H6_L-Lyxose,156
5.5,H6_L-Lyxose,154
5.75,H6_L-Lyxose,159
6.0,H6_L-Lyxose,157
6.25,H6_L-Lyxose,154
6.5,H6_L-Lyxose,157
6.75,H6_L-Lyxose,157
7.0,H6_L-Lyxose,160
7.25,H6_L-Lyxose,161
7.5,H6_L-Lyxose,160
7.75,H6_L-Lyxose,162
8.0,H6_L-Lyxose,162
8.25,H6_L-Lyxose,165
8.5,H6_L-Lyxose,161
8.75,H6_L-Lyxose,165
9.0,H6_L-Lyxose,163
9.25,H6_L-Lyxose,163
9.5,H6_L-Lyxose,164
9.75,H6_L-Lyxose,170
10.0,H6_L-Lyxose,162
10.25,H6_L-Lyxose,163
10.5,H6_L-Lyxose,161
10.75,H6_L-Lyxose,164
11.0,H6_L-Lyxose,165
11.25,H6_L-Lyxose,170
11.5,H6_L-Lyxose,168
11.75,H6_L-Lyxose,163
12.0,H6_L-Lyxose,167
12.25,H6_L-Lyxose,170
12.5,H6_L-Lyxose,167
12.75,H6_L-Lyxose,171
13.0,H6_L-Lyxose,173
13.25,H6_L-Lyxose,172
13.5,H6_L-Lyxose,172
13.75,H6_L-Lyxose,170
14.0,H6_L-Lyxose,169
14.25,H6_L-Lyxose,171
14.5,H6_L-Lyxose,169
14.75,H6_L-Lyxose,173
15.0,H6_L-Lyxose,172
15.25,H6_L-Lyxose,168
15.5,H6_L-Lyxose,172
15.75,H6_L-Lyxose,171
16.0,H6_L-Lyxose,175
16.25,H6_L-Lyxose,177
16.5,H6_L-Lyxose,175
16.75,H6_L-Lyxose,174
17.0,H6_L-Lyxose,173
17.25,H6_L-Lyxose,175
17.5,H6_L-Lyxose,175
17.75,H6_L-Lyxose,176
18.0,H6_L-Lyxose,179
18.25,H6_L-Lyxose,175
18.5,H6_L-Lyxose,178
18.75,H6_L-Lyxose,178
19.0,H6_L-Lyxose,177
19.25,H6_L-Lyxose,177
19.5,H6_L-Lyxose,182
19.75,H6_L-Lyxose,181
20.0,H6_L-Lyxose,180
20.25,H6_L-Lyxose,180
20.5,H6_L-Lyxose,183
20.75,H6_L-Lyxose,181
21.0,H6_L-Lyxose,180
21.25,H6_L-Lyxose,180
21.5,H6_L-Lyxose,180
21.75,H6_L-Lyxose,179
22.0,H6_L-Lyxose,181
22.25,H6_L-Lyxose,182
22.5,H6_L-Lyxose,181
22.75,H6_L-Lyxose,180
23.0,H6_L-Lyxose,181
23.25,H6_L-Lyxose,183
23.5,H6_L-Lyxose,180
23.75,H6_L-Lyxose,184
24.0,H6_L-Lyxose,183
24.25,H6_L-Lyxose,183
24.5,H6_L-Lyxose,180
24.75,H6_L-Lyxose,182
25.0,H6_L-Lyxose,184
25.25,H6_L-Lyxose,185
25.5,H6_L-Lyxose,183
25.75,H6_L-Lyxose,185
26.0,H6_L-Lyxose,182
26.25,H6_L-Lyxose,186
26.5,H6_L-Lyxose,186
26.75,H6_L-Lyxose,183
27.0,H6_L-Lyxose,186
27.25,H6_L-Lyxose,185
27.5,H6_L-Lyxose,184
27.75,H6_L-Lyxose,190
28.0,H6_L-Lyxose,186
28.25,H6_L-Lyxose,189
28.5,H6_L-Lyxose,189
28.75,H6_L-Lyxose,184
29.0,H6_L-Lyxose,186
29.25,H6_L-Lyxose,188
29.5,H6_L-Lyxose,186
29.75,H6_L-Lyxose,191
30.0,H6_L-Lyxose,190
30.25,H6_L-Lyxose,189
30.5,H6_L-Lyxose,188
30.75,H6_L-Lyxose,184
31.0,H6_L-Lyxose,188
31.25,H6_L-Lyxose,188
31.5,H6_L-Lyxose,191
31.75,H6_L-Lyxose,187
32.0,H6_L-Lyxose,192
32.25,H6_L-Lyxose,190
32.5,H6_L-Lyxose,189
32.75,H6_L-Lyxose,191
33.0,H6_L-Lyxose,192
33.25,H6_L-Lyxose,191
33.5,H6_L-Lyxose,191
33.75,H6_L-Lyxose,189
34.0,H6_L-Lyxose,189
34.25,H6_L-Lyxose,191
34.5,H6_L-Lyxose,191
34.75,H6_L-Lyxose,191
35.0,H6_L-Lyxose,194
35.25,H6_L-Lyxose,193
35.5,H6_L-Lyxose,194
35.75,H6_L-Lyxose,193
36.0,H6_L-Lyxose,191
36.25,H6_L-Lyxose,189
36.5,H6_L-Lyxose,189
36.75,H6_L-Lyxose,193
37.0,H6_L-Lyxose,191
37.25,H6_L-Lyxose,189
37.5,H6_L-Lyxose,191
37.75,H6_L-Lyxose,197
38.0,H6_L-Lyxose,193
38.25,H6_L-Lyxose,192
38.5,H6_L-Lyxose,194
38.75,H6_L-Lyxose,195
39.0,H6_L-Lyxose,192
39.25,H6_L-Lyxose,192
39.5,H6_L-Lyxose,195
39.75,H6_L-Lyxose,191
40.0,H6_L-Lyxose,194
40.25,H6_L-Lyxose,196
40.5,H6_L-Lyxose,192
40.75,H6_L-Lyxose,193
41.0,H6_L-Lyxose,194
41.25,H6_L-Lyxose,194
41.5,H6_L-Lyxose,195
41.75,H6_L-Lyxose,192
42.0,H6_L-Lyxose,192
42.25,H6_L-Lyxose,193
42.5,H6_L-Lyxose,195
42.75,H6_L-Lyxose,195
43.0,H6_L-Lyxose,196
43.25,H6_L-Lyxose,193
43.5,H6_L-Lyxose,192
43.75,H6_L-Lyxose,192
44.0,H6_L-Lyxose,196
44.25,H6_L-Lyxose,195
44.5,H6_L-Lyxose,196
44.75,H6_L-Lyxose,196
45.0,H6_L-Lyxose,194
45.25,H6_L-Lyxose,196
45.5,H6_L-Lyxose,196
45.75,H6_L-Lyxose,197
46.0,H6_L-Lyxose,193
46.25,H6_L-Lyxose,197
46.5,H6_L-Lyxose,196
46.75,H6_L-Lyxose,193
47.0,H6_L-Lyxose,197
47.25,H6_L-Lyxose,197
47.5,H6_L-Lyxose,0
0.0,H7_Glucuronamide,29
0.25,H7_Glucuronamide,29
0.5,H7_Glucuronamide,33
0.75,H7_Glucuronamide,33
1.0,H7_Glucuronamide,25
1.25,H7_Glucuronamide,24
1.5,H7_Glucuronamide,21
1.75,H7_Glucuronamide,25
2.0,H7_Glucuronamide,19
2.25,H7_Glucuronamide,16
2.5,H7_Glucuronamide,24
2.75,H7_Glucuronamide,20
3.0,H7_Glucuronamide,23
3.25,H7_Glucuronamide,19
3.5,H7_Glucuronamide,19
3.75,H7_Glucuronamide,20
4.0,H7_Glucuronamide,17
4.25,H7_Glucuronamide,24
4.5,H7_Glucuronamide,18
4.75,H7_Glucuronamide,19
5.0,H7_Glucuronamide,29
5.25,H7_Glucuronamide,23
5.5,H7_Glucuronamide,24
5.75,H7_Glucuronamide,24
6.0,H7_Glucuronamide,23
6.25,H7_Glucuronamide,30
6.5,H7_Glucuronamide,27
6.75,H7_Glucuronamide,23
7.0,H7_Glucuronamide,34
7.25,H7_Glucuronamide,32
7.5,H7_Glucuronamide,32
7.75,H7_Glucuronamide,34
8.0,H7_Glucuronamide,36
8.25,H7_Glucuronamide,33
8.5,H7_Glucuronamide,35
8.75,H7_Glucuronamide,35
9.0,H7_Glucuronamide,33
9.25,H7_Glucuronamide,31
9.5,H7_Glucuronamide,31
9.75,H7_Glucuronamide,33
10.0,H7_Glucuronamide,31
10.25,H7_Glucuronamide,30
10.5,H7_Glucuronamide,32
10.75,H7_Glucuronamide,31
11.0,H7_Glucuronamide,26
11.25,H7_Glucuronamide,30
11.5,H7_Glucuronamide,37
11.75,H7_Glucuronamide,31
12.0,H7_Glucuronamide,36
12.25,H7_Glucuronamide,37
12.5,H7_Glucuronamide,32
12.75,H7_Glucuronamide,34
13.0,H7_Glucuronamide,35
13.25,H7_Glucuronamide,32
13.5,H7_Glucuronamide,34
13.75,H7_Glucuronamide,33
14.0,H7_Glucuronamide,29
14.25,H7_Glucuronamide,27
14.5,H7_Glucuronamide,28
14.75,H7_Glucuronamide,36
15.0,H7_Glucuronamide,30
15.25,H7_Glucuronamide,33
15.5,H7_Glucuronamide,31
15.75,H7_Glucuronamide,35
16.0,H7_Glucuronamide,34
16.25,H7_Glucuronamide,34
16.5,H7_Glucuronamide,34
16.75,H7_Glucuronamide,35
17.0,H7_Glucuronamide,33
17.25,H7_Glucuronamide,32
17.5,H7_Glucuronamide,34
17.75,H7_Glucuronamide,34
18.0,H7_Glucuronamide,37
18.25,H7_Glucuronamide,34
18.5,H7_Glucuronamide,37
18.75,H7_Glucuronamide,34
19.0,H7_Glucuronamide,33
19.25,H7_Glucuronamide,36
19.5,H7_Glucuronamide,33
19.75,H7_Glucuronamide,36
20.0,H7_Glucuronamide,35
20.25,H7_Glucuronamide,40
20.5,H7_Glucuronamide,34
20.75,H7_Glucuronamide,38
21.0,H7_Glucuronamide,36
21.25,H7_Glucuronamide,38
21.5,H7_Glucuronamide,36
21.75,H7_Glucuronamide,32
22.0,H7_Glucuronamide,41
22.25,H7_Glucuronamide,35
22.5,H7_Glucuronamide,32
22.75,H7_Glucuronamide,36
23.0,H7_Glucuronamide,37
23.25,H7_Glucuronamide,40
23.5,H7_Glucuronamide,33
23.75,H7_Glucuronamide,37
24.0,H7_Glucuronamide,39
24.25,H7_Glucuronamide,35
24.5,H7_Glucuronamide,38
24.75,H7_Glucuronamide,41
25.0,H7_Glucuronamide,38
25.25,H7_Glucuronamide,39
25.5,H7_Glucuronamide,35
25.75,H7_Glucuronamide,37
26.0,H7_Glucuronamide,39
26.25,H7_Glucuronamide,43
26.5,H7_Glucuronamide,39
26.75,H7_Glucuronamide,42
27.0,H7_Glucuronamide,38
27.25,H7_Glucuronamide,36
27.5,H7_Glucuronamide,41
27.75,H7_Glucuronamide,39
28.0,H7_Glucuronamide,34
28.25,H7_Glucuronamide,40
28.5,H7_Glucuronamide,37
28.75,H7_Glucuronamide,40
29.0,H7_Glucuronamide,39
29.25,H7_Glucuronamide,41
29.5,H7_Glucuronamide,43
29.75,H7_Glucuronamide,40
30.0,H7_Glucuronamide,42
30.25,H7_Glucuronamide,43
30.5,H7_Glucuronamide,41
30.75,H7_Glucuronamide,39
31.0,H7_Glucuronamide,41
31.25,H7_Glucuronamide,41
31.5,H7_Glucuronamide,46
31.75,H7_Glucuronamide,35
32.0,H7_Glucuronamide,47
32.25,H7_Glucuronamide,45
32.5,H7_Glucuronamide,39
32.75,H7_Glucuronamide,40
33.0,H7_Glucuronamide,39
33.25,H7_Glucuronamide,42
33.5,H7_Glucuronamide,45
33.75,H7_Glucuronamide,47
34.0,H7_Glucuronamide,47
34.25,H7_Glucuronamide,42
34.5,H7_Glucuronamide,44
34.75,H7_Glucuronamide,37
35.0,H7_Glucuronamide,46
35.25,H7_Glucuronamide,42
35.5,H7_Glucuronamide,42
35.75,H7_Glucuronamide,46
36.0,H7_Glucuronamide,45
36.25,H7_Glucuronamide,46
36.5,H7_Glucuronamide,44
36.75,H7_Glucuronamide,43
37.0,H7_Glucuronamide,49
37.25,H7_Glucuronamide,47
37.5,H7_Glucuronamide,46
37.75,H7_Glucuronamide,50
38.0,H7_Glucuronamide,44
38.25,H7_Glucuronamide,43
38.5,H7_Glucuronamide,47
38.75,H7_Glucuronamide,46
39.0,H7_Glucuronamide,45
39.25,H7_Glucuronamide,54
39.5,H7_Glucuronamide,46
39.75,H7_Glucuronamide,49
40.0,H7_Glucuronamide,48
40.25,H7_Glucuronamide,51
40.5,H7_Glucuronamide,49
40.75,H7_Glucuronamide,49
41.0,H7_Glucuronamide,49
41.25,H7_Glucuronamide,45
41.5,H7_Glucuronamide,50
41.75,H7_Glucuronamide,48
42.0,H7_Glucuronamide,53
42.25,H7_Glucuronamide,50
42.5,H7_Glucuronamide,49
42.75,H7_Glucuronamide,52
43.0,H7_Glucuronamide,54
43.25,H7_Glucuronamide,43
43.5,H7_Glucuronamide,50
43.75,H7_Glucuronamide,47
44.0,H7_Glucuronamide,49
44.25,H7_Glucuronamide,47
44.5,H7_Glucuronamide,44
44.75,H7_Glucuronamide,52
45.0,H7_Glucuronamide,51
45.25,H7_Glucuronamide,49
45.5,H7_Glucuronamide,51
45.75,H7_Glucuronamide,49
46.0,H7_Glucuronamide,45
46.25,H7_Glucuronamide,54
46.5,H7_Glucuronamide,55
46.75,H7_Glucuronamide,52
47.0,H7_Glucuronamide,47
47.25,H7_Glucuronamide,54
47.5,H7_Glucuronamide,0
0.0,H8_Pyruvic_Acid,17
0.25,H8_Pyruvic_Acid,16
0.5,H8_Pyruvic_Acid,25
0.75,H8_Pyruvic_Acid,28
1.0,H8_Pyruvic_Acid,27
1.25,H8_Pyruvic_Acid,25
1.5,H8_Pyruvic_Acid,26
1.75,H8_Pyruvic_Acid,26
2.0,H8_Pyruvic_Acid,25
2.25,H8_Pyruvic_Acid,22
2.5,H8_Pyruvic_Acid,17
2.75,H8_Pyruvic_Acid,26
3.0,H8_Pyruvic_Acid,25
3.25,H8_Pyruvic_Acid,24
3.5,H8_Pyruvic_Acid,24
3.75,H8_Pyruvic_Acid,23
4.0,H8_Pyruvic_Acid,21
4.25,H8_Pyruvic_Acid,25
4.5,H8_Pyruvic_Acid,25
4.75,H8_Pyruvic_Acid,24
5.0,H8_Pyruvic_Acid,29
5.25,H8_Pyruvic_Acid,32
5.5,H8_Pyruvic_Acid,31
5.75,H8_Pyruvic_Acid,34
6.0,H8_Pyruvic_Acid,34
6.25,H8_Pyruvic_Acid,36
6.5,H8_Pyruvic_Acid,35
6.75,H8_Pyruvic_Acid,37
7.0,H8_Pyruvic_Acid,39
7.25,H8_Pyruvic_Acid,37
7.5,H8_Pyruvic_Acid,38
7.75,H8_Pyruvic_Acid,43
8.0,H8_Pyruvic_Acid,42
8.25,H8_Pyruvic_Acid,40
8.5,H8_Pyruvic_Acid,37
8.75,H8_Pyruvic_Acid,38
9.0,H8_Pyruvic_Acid,38
9.25,H8_Pyruvic_Acid,41
9.5,H8_Pyruvic_Acid,41
9.75,H8_Pyruvic_Acid,38
10.0,H8_Pyruvic_Acid,38
10.25,H8_Pyruvic_Acid,34
10.5,H8_Pyruvic_Acid,34
10.75,H8_Pyruvic_Acid,42
11.0,H8_Pyruvic_Acid,38
11.25,H8_Pyruvic_Acid,37
11.5,H8_Pyruvic_Acid,41
11.75,H8_Pyruvic_Acid,41
12.0,H8_Pyruvic_Acid,42
12.25,H8_Pyruvic_Acid,40
12.5,H8_Pyruvic_Acid,41
12.75,H8_Pyruvic_Acid,42
13.0,H8_Pyruvic_Acid,41
13.25,H8_Pyruvic_Acid,39
13.5,H8_Pyruvic_Acid,39
13.75,H8_Pyruvic_Acid,45
14.0,H8_Pyruvic_Acid,43
14.25,H8_Pyruvic_Acid,42
14.5,H8_Pyruvic_Acid,44
14.75,H8_Pyruvic_Acid,43
15.0,H8_Pyruvic_Acid,45
15.25,H8_Pyruvic_Acid,40
15.5,H8_Pyruvic_Acid,48
15.75,H8_Pyruvic_Acid,44
16.0,H8_Pyruvic_Acid,43
16.25,H8_Pyruvic_Acid,46
16.5,H8_Pyruvic_Acid,46
16.75,H8_Pyruvic_Acid,43
17.0,H8_Pyruvic_Acid,37
17.25,H8_Pyruvic_Acid,43
17.5,H8_Pyruvic_Acid,42
17.75,H8_Pyruvic_Acid,44
18.0,H8_Pyruvic_Acid,49
18.25,H8_Pyruvic_Acid,49
18.5,H8_Pyruvic_Acid,49
18.75,H8_Pyruvic_Acid,49
19.0,H8_Pyruvic_Acid,46
19.25,H8_Pyruvic_Acid,46
19.5,H8_Pyruvic_Acid,46
19.75,H8_Pyruvic_Acid,45
20.0,H8_Pyruvic_Acid,44
20.25,H8_Pyruvic_Acid,49
20.5,H8_Pyruvic_Acid,48
20.75,H8_Pyruvic_Acid,51
21.0,H8_Pyruvic_Acid,45
21.25,H8_Pyruvic_Acid,42
21.5,H8_Pyruvic_Acid,47
21.75,H8_Pyruvic_Acid,49
22.0,H8_Pyruvic_Acid,50
22.25,H8_Pyruvic_Acid,50
22.5,H8_Pyruvic_Acid,55
22.75,H8_Pyruvic_Acid,50
23.0,H8_Pyruvic_Acid,51
23.25,H8_Pyruvic_Acid,51
23.5,H8_Pyruvic_Acid,54
23.75,H8_Pyruvic_Acid,59
24.0,H8_Pyruvic_Acid,51
24.25,H8_Pyruvic_Acid,54
24.5,H8_Pyruvic_Acid,59
24.75,H8_Pyruvic_Acid,56
25.0,H8_Pyruvic_Acid,55
25.25,H8_Pyruvic_Acid,60
25.5,H8_Pyruvic_Acid,59
25.75,H8_Pyruvic_Acid,61
26.0,H8_Pyruvic_Acid,61
26.25,H8_Pyruvic_Acid,59
26.5,H8_Pyruvic_Acid,60
26.75,H8_Pyruvic_Acid,59
27.0,H8_Pyruvic_Acid,59
27.25,H8_Pyruvic_Acid,58
27.5,H8_Pyruvic_Acid,59
27.75,H8_Pyruvic_Acid,60
28.0,H8_Pyruvic_Acid,61
28.25,H8_Pyruvic_Acid,63
28.5,H8_Pyruvic_Acid,65
28.75,H8_Pyruvic_Acid,65
29.0,H8_Pyruvic_Acid,64
29.25,H8_Pyruvic_Acid,62
29.5,H8_Pyruvic_Acid,63
29.75,H8_Pyruvic_Acid,66
30.0,H8_Pyruvic_Acid,63
30.25,H8_Pyruvic_Acid,66
30.5,H8_Pyruvic_Acid,66
30.75,H8_Pyruvic_Acid,69
31.0,H8_Pyruvic_Acid,69
31.25,H8_Pyruvic_Acid,71
31.5,H8_Pyruvic_Acid,71
31.75,H8_Pyruvic_Acid,66
32.0,H8_Pyruvic_Acid,69
32.25,H8_Pyruvic_Acid,72
32.5,H8_Pyruvic_Acid,72
32.75,H8_Pyruvic_Acid,71
33.0,H8_Pyruvic_Acid,81
33.25,H8_Pyruvic_Acid,74
33.5,H8_Pyruvic_Acid,76
33.75,H8_Pyruvic_Acid,78
34.0,H8_Pyruvic_Acid,77
34.25,H8_Pyruvic_Acid,76
34.5,H8_Pyruvic_Acid,77
34.75,H8_Pyruvic_Acid,79
35.0,H8_Pyruvic_Acid,80
35.25,H8_Pyruvic_Acid,81
35.5,H8_Pyruvic_Acid,83
35.75,H8_Pyruvic_Acid,81
36.0,H8_Pyruvic_Acid,86
36.25,H8_Pyruvic_Acid,87
36.5,H8_Pyruvic_Acid,83
36.75,H8_Pyruvic_Acid,88
37.0,H8_Pyruvic_Acid,83
37.25,H8_Pyruvic_Acid,87
37.5,H8_Pyruvic_Acid,87
37.75,H8_Pyruvic_Acid,85
38.0,H8_Pyruvic_Acid,86
38.25,H8_Pyruvic_Acid,83
38.5,H8_Pyruvic_Acid,93
38.75,H8_Pyruvic_Acid,96
39.0,H8_Pyruvic_Acid,87
39.25,H8_Pyruvic_Acid,94
39.5,H8_Pyruvic_Acid,97
39.75,H8_Pyruvic_Acid,92
40.0,H8_Pyruvic_Acid,93
40.25,H8_Pyruvic_Acid,94
40.5,H8_Pyruvic_Acid,94
40.75,H8_Pyruvic_Acid,99
41.0,H8_Pyruvic_Acid,100
41.25,H8_Pyruvic_Acid,100
41.5,H8_Pyruvic_Acid,98
41.75,H8_Pyruvic_Acid,96
42.0,H8_Pyruvic_Acid,101
42.25,H8_Pyruvic_Acid,102
42.5,H8_Pyruvic_Acid,100
42.75,H8_Pyruvic_Acid,105
43.0,H8_Pyruvic_Acid,108
43.25,H8_Pyruvic_Acid,105
43.5,H8_Pyruvic_Acid,106
43.75,H8_Pyruvic_Acid,104
44.0,H8_Pyruvic_Acid,109
44.25,H8_Pyruvic_Acid,109
44.5,H8_Pyruvic_Acid,111
44.75,H8_Pyruvic_Acid,113
45.0,H8_Pyruvic_Acid,110
45.25,H8_Pyruvic_Acid,113
45.5,H8_Pyruvic_Acid,115
45.75,H8_Pyruvic_Acid,115
46.0,H8_Pyruvic_Acid,114
46.25,H8_Pyruvic_Acid,117
46.5,H8_Pyruvic_Acid,118
46.75,H8_Pyruvic_Acid,117
47.0,H8_Pyruvic_Acid,111
47.25,H8_Pyruvic_Acid,117
47.5,H8_Pyruvic_Acid,0
0.0,H9_L-Galactonic_Acid-g-Lactone,55
0.25,H9_L-Galactonic_Acid-g-Lactone,17
0.5,H9_L-Galactonic_Acid-g-Lactone,22
0.75,H9_L-Galactonic_Acid-g-Lactone,27
1.0,H9_L-Galactonic_Acid-g-Lactone,25
1.25,H9_L-Galactonic_Acid-g-Lactone,28
1.5,H9_L-Galactonic_Acid-g-Lactone,27
1.75,H9_L-Galactonic_Acid-g-Lactone,27
2.0,H9_L-Galactonic_Acid-g-Lactone,24
2.25,H9_L-Galactonic_Acid-g-Lactone,23
2.5,H9_L-Galactonic_Acid-g-Lactone,24
2.75,H9_L-Galactonic_Acid-g-Lactone,28
3.0,H9_L-Galactonic_Acid-g-Lactone,32
3.25,H9_L-Galactonic_Acid-g-Lactone,26
3.5,H9_L-Galactonic_Acid-g-Lactone,28
3.75,H9_L-Galactonic_Acid-g-Lactone,25
4.0,H9_L-Galactonic_Acid-g-Lactone,31
4.25,H9_L-Galactonic_Acid-g-Lactone,29
4.5,H9_L-Galactonic_Acid-g-Lactone,35
4.75,H9_L-Galactonic_Acid-g-Lactone,29
5.0,H9_L-Galactonic_Acid-g-Lactone,32
5.25,H9_L-Galactonic_Acid-g-Lactone,31
5.5,H9_L-Galactonic_Acid-g-Lactone,27
5.75,H9_L-Galactonic_Acid-g-Lactone,35
6.0,H9_L-Galactonic_Acid-g-Lactone,35
6.25,H9_L-Galactonic_Acid-g-Lactone,34
6.5,H9_L-Galactonic_Acid-g-Lactone,38
6.75,H9_L-Galactonic_Acid-g-Lactone,40
7.0,H9_L-Galactonic_Acid-g-Lactone,43
7.25,H9_L-Galactonic_Acid-g-Lactone,41
7.5,H9_L-Galactonic_Acid-g-Lactone,42
7.75,H9_L-Galactonic_Acid-g-Lactone,43
8.0,H9_L-Galactonic_Acid-g-Lactone,45
8.25,H9_L-Galactonic_Acid-g-Lactone,39
8.5,H9_L-Galactonic_Acid-g-Lactone,43
8.75,H9_L-Galactonic_Acid-g-Lactone,42
9.0,H9_L-Galactonic_Acid-g-Lactone,44
9.25,H9_L-Galactonic_Acid-g-Lactone,41
9.5,H9_L-Galactonic_Acid-g-Lactone,46
9.75,H9_L-Galactonic_Acid-g-Lactone,46
10.0,H9_L-Galactonic_Acid-g-Lactone,43
10.25,H9_L-Galactonic_Acid-g-Lactone,46
10.5,H9_L-Galactonic_Acid-g-Lactone,46
10.75,H9_L-Galactonic_Acid-g-Lactone,43
11.0,H9_L-Galactonic_Acid-g-Lactone,44
11.25,H9_L-Galactonic_Acid-g-Lactone,43
11.5,H9_L-Galactonic_Acid-g-Lactone,47
11.75,H9_L-Galactonic_Acid-g-Lactone,48
12.0,H9_L-Galactonic_Acid-g-Lactone,45
12.25,H9_L-Galactonic_Acid-g-Lactone,46
12.5,H9_L-Galactonic_Acid-g-Lactone,48
12.75,H9_L-Galactonic_Acid-g-Lactone,48
13.0,H9_L-Galactonic_Acid-g-Lactone,47
13.25,H9_L-Galactonic_Acid-g-Lactone,43
13.5,H9_L-Galactonic_Acid-g-Lactone,42
13.75,H9_L-Galactonic_Acid-g-Lactone,43
14.0,H9_L-Galactonic_Acid-g-Lactone,41
14.25,H9_L-Galactonic_Acid-g-Lactone,40
14.5,H9_L-Galactonic_Acid-g-Lactone,43
14.75,H9_L-Galactonic_Acid-g-Lactone,45
15.0,H9_L-Galactonic_Acid-g-Lactone,42
15.25,H9_L-Galactonic_Acid-g-Lactone,48
15.5,H9_L-Galactonic_Acid-g-Lactone,47
15.75,H9_L-Galactonic_Acid-g-Lactone,40
16.0,H9_L-Galactonic_Acid-g-Lactone,44
16.25,H9_L-Galactonic_Acid-g-Lactone,41
16.5,H9_L-Galactonic_Acid-g-Lactone,44
16.75,H9_L-Galactonic_Acid-g-Lactone,45
17.0,H9_L-Galactonic_Acid-g-Lactone,40
17.25,H9_L-Galactonic_Acid-g-Lactone,47
17.5,H9_L-Galactonic_Acid-g-Lactone,42
17.75,H9_L-Galactonic_Acid-g-Lactone,45
18.0,H9_L-Galactonic_Acid-g-Lactone,43
18.25,H9_L-Galactonic_Acid-g-Lactone,46
18.5,H9_L-Galactonic_Acid-g-Lactone,47
18.75,H9_L-Galactonic_Acid-g-Lactone,52
19.0,H9_L-Galactonic_Acid-g-Lactone,49
19.25,H9_L-Galactonic_Acid-g-Lactone,48
19.5,H9_L-Galactonic_Acid-g-Lactone,41
19.75,H9_L-Galactonic_Acid-g-Lactone,45
20.0,H9_L-Galactonic_Acid-g-Lactone,46
20.25,H9_L-Galactonic_Acid-g-Lactone,47
20.5,H9_L-Galactonic_Acid-g-Lactone,49
20.75,H9_L-Galactonic_Acid-g-Lactone,48
21.0,H9_L-Galactonic_Acid-g-Lactone,47
21.25,H9_L-Galactonic_Acid-g-Lactone,42
21.5,H9_L-Galactonic_Acid-g-Lactone,45
21.75,H9_L-Galactonic_Acid-g-Lactone,44
22.0,H9_L-Galactonic_Acid-g-Lactone,46
22.25,H9_L-Galactonic_Acid-g-Lactone,50
22.5,H9_L-Galactonic_Acid-g-Lactone,45
22.75,H9_L-Galactonic_Acid-g-Lactone,43
23.0,H9_L-Galactonic_Acid-g-Lactone,47
23.25,H9_L-Galactonic_Acid-g-Lactone,48
23.5,H9_L-Galactonic_Acid-g-Lactone,46
23.75,H9_L-Galactonic_Acid-g-Lactone,49
24.0,H9_L-Galactonic_Acid-g-Lactone,47
24.25,H9_L-Galactonic_Acid-g-Lactone,45
24.5,H9_L-Galactonic_Acid-g-Lactone,46
24.75,H9_L-Galactonic_Acid-g-Lactone,44
25.0,H9_L-Galactonic_Acid-g-Lactone,46
25.25,H9_L-Galactonic_Acid-g-Lactone,50
25.5,H9_L-Galactonic_Acid-g-Lactone,45
25.75,H9_L-Galactonic_Acid-g-Lactone,44
26.0,H9_L-Galactonic_Acid-g-Lactone,44
26.25,H9_L-Galactonic_Acid-g-Lactone,50
26.5,H9_L-Galactonic_Acid-g-Lactone,47
26.75,H9_L-Galactonic_Acid-g-Lactone,49
27.0,H9_L-Galactonic_Acid-g-Lactone,47
27.25,H9_L-Galactonic_Acid-g-Lactone,44
27.5,H9_L-Galactonic_Acid-g-Lactone,46
27.75,H9_L-Galactonic_Acid-g-Lactone,51
28.0,H9_L-Galactonic_Acid-g-Lactone,48
28.25,H9_L-Galactonic_Acid-g-Lactone,48
28.5,H9_L-Galactonic_Acid-g-Lactone,47
28.75,H9_L-Galactonic_Acid-g-Lactone,44
29.0,H9_L-Galactonic_Acid-g-Lactone,50
29.25,H9_L-Galactonic_Acid-g-Lactone,44
29.5,H9_L-Galactonic_Acid-g-Lactone,45
29.75,H9_L-Galactonic_Acid-g-Lactone,45
30.0,H9_L-Galactonic_Acid-g-Lactone,51
30.25,H9_L-Galactonic_Acid-g-Lactone,51
30.5,H9_L-Galactonic_Acid-g-Lactone,52
30.75,H9_L-Galactonic_Acid-g-Lactone,48
31.0,H9_L-Galactonic_Acid-g-Lactone,48
31.25,H9_L-Galactonic_Acid-g-Lactone,50
31.5,H9_L-Galactonic_Acid-g-Lactone,51
31.75,H9_L-Galactonic_Acid-g-Lactone,49
32.0,H9_L-Galactonic_Acid-g-Lactone,50
32.25,H9_L-Galactonic_Acid-g-Lactone,55
32.5,H9_L-Galactonic_Acid-g-Lactone,50
32.75,H9_L-Galactonic_Acid-g-Lactone,49
33.0,H9_L-Galactonic_Acid-g-Lactone,49
33.25,H9_L-Galactonic_Acid-g-Lactone,48
33.5,H9_L-Galactonic_Acid-g-Lactone,52
33.75,H9_L-Galactonic_Acid-g-Lactone,52
34.0,H9_L-Galactonic_Acid-g-Lactone,48
34.25,H9_L-Galactonic_Acid-g-Lactone,49
34.5,H9_L-Galactonic_Acid-g-Lactone,47
34.75,H9_L-Galactonic_Acid-g-Lactone,53
35.0,H9_L-Galactonic_Acid-g-Lactone,53
35.25,H9_L-Galactonic_Acid-g-Lactone,49
35.5,H9_L-Galactonic_Acid-g-Lactone,48
35.75,H9_L-Galactonic_Acid-g-Lactone,49
36.0,H9_L-Galactonic_Acid-g-Lactone,54
36.25,H9_L-Galactonic_Acid-g-Lactone,53
36.5,H9_L-Galactonic_Acid-g-Lactone,49
36.75,H9_L-Galactonic_Acid-g-Lactone,51
37.0,H9_L-Galactonic_Acid-g-Lactone,51
37.25,H9_L-Galactonic_Acid-g-Lactone,50
37.5,H9_L-Galactonic_Acid-g-Lactone,50
37.75,H9_L-Galactonic_Acid-g-Lactone,52
38.0,H9_L-Galactonic_Acid-g-Lactone,52
38.25,H9_L-Galactonic_Acid-g-Lactone,49
38.5,H9_L-Galactonic_Acid-g-Lactone,50
38.75,H9_L-Galactonic_Acid-g-Lactone,52
39.0,H9_L-Galactonic_Acid-g-Lactone,47
39.25,H9_L-Galactonic_Acid-g-Lactone,51
39.5,H9_L-Galactonic_Acid-g-Lactone,49
39.75,H9_L-Galactonic_Acid-g-Lactone,48
40.0,H9_L-Galactonic_Acid-g-Lactone,51
40.25,H9_L-Galactonic_Acid-g-Lactone,50
40.5,H9_L-Galactonic_Acid-g-Lactone,49
40.75,H9_L-Galactonic_Acid-g-Lactone,53
41.0,H9_L-Galactonic_Acid-g-Lactone,53
41.25,H9_L-Galactonic_Acid-g-Lactone,48
41.5,H9_L-Galactonic_Acid-g-Lactone,52
41.75,H9_L-Galactonic_Acid-g-Lactone,51
42.0,H9_L-Galactonic_Acid-g-Lactone,49
42.25,H9_L-Galactonic_Acid-g-Lactone,46
42.5,H9_L-Galactonic_Acid-g-Lactone,51
42.75,H9_L-Galactonic_Acid-g-Lactone,49
43.0,H9_L-Galactonic_Acid-g-Lactone,52
43.25,H9_L-Galactonic_Acid-g-Lactone,50
43.5,H9_L-Galactonic_Acid-g-Lactone,51
43.75,H9_L-Galactonic_Acid-g-Lactone,48
44.0,H9_L-Galactonic_Acid-g-Lactone,50
44.25,H9_L-Galactonic_Acid-g-Lactone,46
44.5,H9_L-Galactonic_Acid-g-Lactone,47
44.75,H9_L-Galactonic_Acid-g-Lactone,51
45.0,H9_L-Galactonic_Acid-g-Lactone,51
45.25,H9_L-Galactonic_Acid-g-Lactone,51
45.5,H9_L-Galactonic_Acid-g-Lactone,51
45.75,H9_L-Galactonic_Acid-g-Lactone,51
46.0,H9_L-Galactonic_Acid-g-Lactone,51
46.25,H9_L-Galactonic_Acid-g-Lactone,52
46.5,H9_L-Galactonic_Acid-g-Lactone,56
46.75,H9_L-Galactonic_Acid-g-Lactone,54
47.0,H9_L-Galactonic_Acid-g-Lactone,51
47.25,H9_L-Galactonic_Acid-g-Lactone,51
47.5,H9_L-Galactonic_Acid-g-Lactone,0
0.0,H10_D-GalacturonicAcid,47
0.25,H10_D-GalacturonicAcid,22
0.5,H10_D-GalacturonicAcid,26
0.75,H10_D-GalacturonicAcid,27
1.0,H10_D-GalacturonicAcid,25
1.25,H10_D-GalacturonicAcid,24
1.5,H10_D-GalacturonicAcid,26
1.75,H10_D-GalacturonicAcid,22
2.0,H10_D-GalacturonicAcid,30
2.25,H10_D-GalacturonicAcid,27
2.5,H10_D-GalacturonicAcid,23
2.75,H10_D-GalacturonicAcid,25
3.0,H10_D-GalacturonicAcid,32
3.25,H10_D-GalacturonicAcid,26
3.5,H10_D-GalacturonicAcid,33
3.75,H10_D-GalacturonicAcid,24
4.0,H10_D-GalacturonicAcid,28
4.25,H10_D-GalacturonicAcid,33
4.5,H10_D-GalacturonicAcid,31
4.75,H10_D-GalacturonicAcid,34
5.0,H10_D-GalacturonicAcid,31
5.25,H10_D-GalacturonicAcid,32
5.5,H10_D-GalacturonicAcid,30
5.75,H10_D-GalacturonicAcid,31
6.0,H10_D-GalacturonicAcid,30
6.25,H10_D-GalacturonicAcid,30
6.5,H10_D-GalacturonicAcid,34
6.75,H10_D-GalacturonicAcid,32
7.0,H10_D-GalacturonicAcid,38
7.25,H10_D-GalacturonicAcid,40
7.5,H10_D-GalacturonicAcid,41
7.75,H10_D-GalacturonicAcid,40
8.0,H10_D-GalacturonicAcid,37
8.25,H10_D-GalacturonicAcid,40
8.5,H10_D-GalacturonicAcid,38
8.75,H10_D-GalacturonicAcid,39
9.0,H10_D-GalacturonicAcid,39
9.25,H10_D-GalacturonicAcid,36
9.5,H10_D-GalacturonicAcid,44
9.75,H10_D-GalacturonicAcid,44
10.0,H10_D-GalacturonicAcid,41
10.25,H10_D-GalacturonicAcid,38
10.5,H10_D-GalacturonicAcid,43
10.75,H10_D-GalacturonicAcid,42
11.0,H10_D-GalacturonicAcid,38
11.25,H10_D-GalacturonicAcid,45
11.5,H10_D-GalacturonicAcid,41
11.75,H10_D-GalacturonicAcid,41
12.0,H10_D-GalacturonicAcid,41
12.25,H10_D-GalacturonicAcid,42
12.5,H10_D-GalacturonicAcid,45
12.75,H10_D-GalacturonicAcid,40
13.0,H10_D-GalacturonicAcid,40
13.25,H10_D-GalacturonicAcid,47
13.5,H10_D-GalacturonicAcid,45
13.75,H10_D-GalacturonicAcid,41
14.0,H10_D-GalacturonicAcid,36
14.25,H10_D-GalacturonicAcid,40
14.5,H10_D-GalacturonicAcid,40
14.75,H10_D-GalacturonicAcid,46
15.0,H10_D-GalacturonicAcid,45
15.25,H10_D-GalacturonicAcid,44
15.5,H10_D-GalacturonicAcid,35
15.75,H10_D-GalacturonicAcid,41
16.0,H10_D-GalacturonicAcid,42
16.25,H10_D-GalacturonicAcid,43
16.5,H10_D-GalacturonicAcid,44
16.75,H10_D-GalacturonicAcid,41
17.0,H10_D-GalacturonicAcid,39
17.25,H10_D-GalacturonicAcid,40
17.5,H10_D-GalacturonicAcid,45
17.75,H10_D-GalacturonicAcid,43
18.0,H10_D-GalacturonicAcid,45
18.25,H10_D-GalacturonicAcid,47
18.5,H10_D-GalacturonicAcid,45
18.75,H10_D-GalacturonicAcid,41
19.0,H10_D-GalacturonicAcid,41
19.25,H10_D-GalacturonicAcid,45
19.5,H10_D-GalacturonicAcid,39
19.75,H10_D-GalacturonicAcid,41
20.0,H10_D-GalacturonicAcid,46
20.25,H10_D-GalacturonicAcid,45
20.5,H10_D-GalacturonicAcid,47
20.75,H10_D-GalacturonicAcid,48
21.0,H10_D-GalacturonicAcid,45
21.25,H10_D-GalacturonicAcid,41
21.5,H10_D-GalacturonicAcid,43
21.75,H10_D-GalacturonicAcid,41
22.0,H10_D-GalacturonicAcid,45
22.25,H10_D-GalacturonicAcid,44
22.5,H10_D-GalacturonicAcid,45
22.75,H10_D-GalacturonicAcid,42
23.0,H10_D-GalacturonicAcid,44
23.25,H10_D-GalacturonicAcid,45
23.5,H10_D-GalacturonicAcid,46
23.75,H10_D-GalacturonicAcid,45
24.0,H10_D-GalacturonicAcid,44
24.25,H10_D-GalacturonicAcid,48
24.5,H10_D-GalacturonicAcid,44
24.75,H10_D-GalacturonicAcid,43
25.0,H10_D-GalacturonicAcid,46
25.25,H10_D-GalacturonicAcid,45
25.5,H10_D-GalacturonicAcid,41
25.75,H10_D-GalacturonicAcid,48
26.0,H10_D-GalacturonicAcid,42
26.25,H10_D-GalacturonicAcid,47
26.5,H10_D-GalacturonicAcid,43
26.75,H10_D-GalacturonicAcid,45
27.0,H10_D-GalacturonicAcid,43
27.25,H10_D-GalacturonicAcid,44
27.5,H10_D-GalacturonicAcid,46
27.75,H10_D-GalacturonicAcid,44
28.0,H10_D-GalacturonicAcid,41
28.25,H10_D-GalacturonicAcid,41
28.5,H10_D-GalacturonicAcid,45
28.75,H10_D-GalacturonicAcid,48
29.0,H10_D-GalacturonicAcid,47
29.25,H10_D-GalacturonicAcid,47
29.5,H10_D-GalacturonicAcid,43
29.75,H10_D-GalacturonicAcid,47
30.0,H10_D-GalacturonicAcid,50
30.25,H10_D-GalacturonicAcid,47
30.5,H10_D-GalacturonicAcid,46
30.75,H10_D-GalacturonicAcid,42
31.0,H10_D-GalacturonicAcid,45
31.25,H10_D-GalacturonicAcid,46
31.5,H10_D-GalacturonicAcid,44
31.75,H10_D-GalacturonicAcid,45
32.0,H10_D-GalacturonicAcid,50
32.25,H10_D-GalacturonicAcid,49
32.5,H10_D-GalacturonicAcid,46
32.75,H10_D-GalacturonicAcid,46
33.0,H10_D-GalacturonicAcid,47
33.25,H10_D-GalacturonicAcid,48
33.5,H10_D-GalacturonicAcid,42
33.75,H10_D-GalacturonicAcid,40
34.0,H10_D-GalacturonicAcid,47
34.25,H10_D-GalacturonicAcid,49
34.5,H10_D-GalacturonicAcid,50
34.75,H10_D-GalacturonicAcid,46
35.0,H10_D-GalacturonicAcid,48
35.25,H10_D-GalacturonicAcid,44
35.5,H10_D-GalacturonicAcid,45
35.75,H10_D-GalacturonicAcid,47
36.0,H10_D-GalacturonicAcid,51
36.25,H10_D-GalacturonicAcid,47
36.5,H10_D-GalacturonicAcid,48
36.75,H10_D-GalacturonicAcid,48
37.0,H10_D-GalacturonicAcid,49
37.25,H10_D-GalacturonicAcid,43
37.5,H10_D-GalacturonicAcid,47
37.75,H10_D-GalacturonicAcid,48
38.0,H10_D-GalacturonicAcid,49
38.25,H10_D-GalacturonicAcid,51
38.5,H10_D-GalacturonicAcid,51
38.75,H10_D-GalacturonicAcid,48
39.0,H10_D-GalacturonicAcid,52
39.25,H10_D-GalacturonicAcid,50
39.5,H10_D-GalacturonicAcid,47
39.75,H10_D-GalacturonicAcid,51
40.0,H10_D-GalacturonicAcid,51
40.25,H10_D-GalacturonicAcid,47
40.5,H10_D-GalacturonicAcid,49
40.75,H10_D-GalacturonicAcid,55
41.0,H10_D-GalacturonicAcid,55
41.25,H10_D-GalacturonicAcid,47
41.5,H10_D-GalacturonicAcid,47
41.75,H10_D-GalacturonicAcid,49
42.0,H10_D-GalacturonicAcid,50
42.25,H10_D-GalacturonicAcid,50
42.5,H10_D-GalacturonicAcid,50
42.75,H10_D-GalacturonicAcid,50
43.0,H10_D-GalacturonicAcid,49
43.25,H10_D-GalacturonicAcid,56
43.5,H10_D-GalacturonicAcid,51
43.75,H10_D-GalacturonicAcid,50
44.0,H10_D-GalacturonicAcid,55
44.25,H10_D-GalacturonicAcid,51
44.5,H10_D-GalacturonicAcid,55
44.75,H10_D-GalacturonicAcid,56
45.0,H10_D-GalacturonicAcid,49
45.25,H10_D-GalacturonicAcid,53
45.5,H10_D-GalacturonicAcid,54
45.75,H10_D-GalacturonicAcid,51
46.0,H10_D-GalacturonicAcid,55
46.25,H10_D-GalacturonicAcid,57
46.5,H10_D-GalacturonicAcid,53
46.75,H10_D-GalacturonicAcid,58
47.0,H10_D-GalacturonicAcid,56
47.25,H10_D-GalacturonicAcid,56
47.5,H10_D-GalacturonicAcid,0
0.0,H11_Phenylethylamine,44
0.25,H11_Phenylethylamine,25
0.5,H11_Phenylethylamine,30
0.75,H11_Phenylethylamine,32
1.0,H11_Phenylethylamine,31
1.25,H11_Phenylethylamine,34
1.5,H11_Phenylethylamine,34
1.75,H11_Phenylethylamine,35
2.0,H11_Phenylethylamine,38
2.25,H11_Phenylethylamine,37
2.5,H11_Phenylethylamine,34
2.75,H11_Phenylethylamine,36
3.0,H11_Phenylethylamine,35
3.25,H11_Phenylethylamine,37
3.5,H11_Phenylethylamine,33
3.75,H11_Phenylethylamine,32
4.0,H11_Phenylethylamine,33
4.25,H11_Phenylethylamine,37
4.5,H11_Phenylethylamine,29
4.75,H11_Phenylethylamine,31
5.0,H11_Phenylethylamine,33
5.25,H11_Phenylethylamine,32
5.5,H11_Phenylethylamine,34
5.75,H11_Phenylethylamine,29
6.0,H11_Phenylethylamine,28
6.25,H11_Phenylethylamine,28
6.5,H11_Phenylethylamine,34
6.75,H11_Phenylethylamine,30
7.0,H11_Phenylethylamine,36
7.25,H11_Phenylethylamine,36
7.5,H11_Phenylethylamine,36
7.75,H11_Phenylethylamine,36
8.0,H11_Phenylethylamine,40
8.25,H11_Phenylethylamine,35
8.5,H11_Phenylethylamine,36
8.75,H11_Phenylethylamine,31
9.0,H11_Phenylethylamine,39
9.25,H11_Phenylethylamine,32
9.5,H11_Phenylethylamine,42
9.75,H11_Phenylethylamine,34
10.0,H11_Phenylethylamine,33
10.25,H11_Phenylethylamine,31
10.5,H11_Phenylethylamine,34
10.75,H11_Phenylethylamine,39
11.0,H11_Phenylethylamine,39
11.25,H11_Phenylethylamine,38
11.5,H11_Phenylethylamine,40
11.75,H11_Phenylethylamine,39
12.0,H11_Phenylethylamine,39
12.25,H11_Phenylethylamine,39
12.5,H11_Phenylethylamine,42
12.75,H11_Phenylethylamine,37
13.0,H11_Phenylethylamine,38
13.25,H11_Phenylethylamine,37
13.5,H11_Phenylethylamine,36
13.75,H11_Phenylethylamine,40
14.0,H11_Phenylethylamine,36
14.25,H11_Phenylethylamine,39
14.5,H11_Phenylethylamine,34
14.75,H11_Phenylethylamine,41
15.0,H11_Phenylethylamine,39
15.25,H11_Phenylethylamine,41
15.5,H11_Phenylethylamine,40
15.75,H11_Phenylethylamine,37
16.0,H11_Phenylethylamine,41
16.25,H11_Phenylethylamine,39
16.5,H11_Phenylethylamine,39
16.75,H11_Phenylethylamine,39
17.0,H11_Phenylethylamine,37
17.25,H11_Phenylethylamine,40
17.5,H11_Phenylethylamine,44
17.75,H11_Phenylethylamine,46
18.0,H11_Phenylethylamine,42
18.25,H11_Phenylethylamine,37
18.5,H11_Phenylethylamine,39
18.75,H11_Phenylethylamine,43
19.0,H11_Phenylethylamine,45
19.25,H11_Phenylethylamine,44
19.5,H11_Phenylethylamine,39
19.75,H11_Phenylethylamine,38
20.0,H11_Phenylethylamine,41
20.25,H11_Phenylethylamine,38
20.5,H11_Phenylethylamine,39
20.75,H11_Phenylethylamine,39
21.0,H11_Phenylethylamine,42
21.25,H11_Phenylethylamine,37
21.5,H11_Phenylethylamine,41
21.75,H11_Phenylethylamine,38
22.0,H11_Phenylethylamine,44
22.25,H11_Phenylethylamine,40
22.5,H11_Phenylethylamine,36
22.75,H11_Phenylethylamine,36
23.0,H11_Phenylethylamine,39
23.25,H11_Phenylethylamine,43
23.5,H11_Phenylethylamine,41
23.75,H11_Phenylethylamine,41
24.0,H11_Phenylethylamine,44
24.25,H11_Phenylethylamine,42
24.5,H11_Phenylethylamine,44
24.75,H11_Phenylethylamine,41
25.0,H11_Phenylethylamine,40
25.25,H11_Phenylethylamine,41
25.5,H11_Phenylethylamine,39
25.75,H11_Phenylethylamine,43
26.0,H11_Phenylethylamine,43
26.25,H11_Phenylethylamine,45
26.5,H11_Phenylethylamine,39
26.75,H11_Phenylethylamine,41
27.0,H11_Phenylethylamine,48
27.25,H11_Phenylethylamine,41
27.5,H11_Phenylethylamine,41
27.75,H11_Phenylethylamine,37
28.0,H11_Phenylethylamine,40
28.25,H11_Phenylethylamine,44
28.5,H11_Phenylethylamine,39
28.75,H11_Phenylethylamine,37
29.0,H11_Phenylethylamine,42
29.25,H11_Phenylethylamine,47
29.5,H11_Phenylethylamine,46
29.75,H11_Phenylethylamine,45
30.0,H11_Phenylethylamine,43
30.25,H11_Phenylethylamine,46
30.5,H11_Phenylethylamine,48
30.75,H11_Phenylethylamine,41
31.0,H11_Phenylethylamine,42
31.25,H11_Phenylethylamine,43
31.5,H11_Phenylethylamine,43
31.75,H11_Phenylethylamine,40
32.0,H11_Phenylethylamine,44
32.25,H11_Phenylethylamine,45
32.5,H11_Phenylethylamine,45
32.75,H11_Phenylethylamine,46
33.0,H11_Phenylethylamine,44
33.25,H11_Phenylethylamine,46
33.5,H11_Phenylethylamine,50
33.75,H11_Phenylethylamine,52
34.0,H11_Phenylethylamine,43
34.25,H11_Phenylethylamine,42
34.5,H11_Phenylethylamine,49
34.75,H11_Phenylethylamine,36
35.0,H11_Phenylethylamine,49
35.25,H11_Phenylethylamine,48
35.5,H11_Phenylethylamine,42
35.75,H11_Phenylethylamine,48
36.0,H11_Phenylethylamine,45
36.25,H11_Phenylethylamine,43
36.5,H11_Phenylethylamine,42
36.75,H11_Phenylethylamine,47
37.0,H11_Phenylethylamine,48
37.25,H11_Phenylethylamine,47
37.5,H11_Phenylethylamine,42
37.75,H11_Phenylethylamine,46
38.0,H11_Phenylethylamine,45
38.25,H11_Phenylethylamine,42
38.5,H11_Phenylethylamine,45
38.75,H11_Phenylethylamine,40
39.0,H11_Phenylethylamine,38
39.25,H11_Phenylethylamine,49
39.5,H11_Phenylethylamine,44
39.75,H11_Phenylethylamine,50
40.0,H11_Phenylethylamine,49
40.25,H11_Phenylethylamine,42
40.5,H11_Phenylethylamine,44
40.75,H11_Phenylethylamine,48
41.0,H11_Phenylethylamine,41
41.25,H11_Phenylethylamine,40
41.5,H11_Phenylethylamine,47
41.75,H11_Phenylethylamine,39
42.0,H11_Phenylethylamine,41
42.25,H11_Phenylethylamine,37
42.5,H11_Phenylethylamine,42
42.75,H11_Phenylethylamine,39
43.0,H11_Phenylethylamine,46
43.25,H11_Phenylethylamine,41
43.5,H11_Phenylethylamine,46
43.75,H11_Phenylethylamine,38
44.0,H11_Phenylethylamine,42
44.25,H11_Phenylethylamine,45
44.5,H11_Phenylethylamine,43
44.75,H11_Phenylethylamine,44
45.0,H11_Phenylethylamine,42
45.25,H11_Phenylethylamine,44
45.5,H11_Phenylethylamine,41
45.75,H11_Phenylethylamine,42
46.0,H11_Phenylethylamine,43
46.25,H11_Phenylethylamine,42
46.5,H11_Phenylethylamine,44
46.75,H11_Phenylethylamine,44
47.0,H11_Phenylethylamine,36
47.25,H11_Phenylethylamine,41
47.5,H11_Phenylethylamine,0
0.0,H12_2-Aminoethanol,36
0.25,H12_2-Aminoethanol,26
0.5,H12_2-Aminoethanol,32
0.75,H12_2-Aminoethanol,30
1.0,H12_2-Aminoethanol,29
1.25,H12_2-Aminoethanol,29
1.5,H12_2-Aminoethanol,27
1.75,H12_2-Aminoethanol,32
2.0,H12_2-Aminoethanol,27
2.25,H12_2-Aminoethanol,27
2.5,H12_2-Aminoethanol,29
2.75,H12_2-Aminoethanol,27
3.0,H12_2-Aminoethanol,33
3.25,H12_2-Aminoethanol,30
3.5,H12_2-Aminoethanol,31
3.75,H12_2-Aminoethanol,29
4.0,H12_2-Aminoethanol,27
4.25,H12_2-Aminoethanol,33
4.5,H12_2-Aminoethanol,34
4.75,H12_2-Aminoethanol,35
5.0,H12_2-Aminoethanol,34
5.25,H12_2-Aminoethanol,39
5.5,H12_2-Aminoethanol,38
5.75,H12_2-Aminoethanol,41
6.0,H12_2-Aminoethanol,43
6.25,H12_2-Aminoethanol,39
6.5,H12_2-Aminoethanol,41
6.75,H12_2-Aminoethanol,39
7.0,H12_2-Aminoethanol,41
7.25,H12_2-Aminoethanol,42
7.5,H12_2-Aminoethanol,46
7.75,H12_2-Aminoethanol,46
8.0,H12_2-Aminoethanol,47
8.25,H12_2-Aminoethanol,40
8.5,H12_2-Aminoethanol,42
8.75,H12_2-Aminoethanol,42
9.0,H12_2-Aminoethanol,44
9.25,H12_2-Aminoethanol,44
9.5,H12_2-Aminoethanol,46
9.75,H12_2-Aminoethanol,45
10.0,H12_2-Aminoethanol,43
10.25,H12_2-Aminoethanol,40
10.5,H12_2-Aminoethanol,43
10.75,H12_2-Aminoethanol,45
11.0,H12_2-Aminoethanol,46
11.25,H12_2-Aminoethanol,41
11.5,H12_2-Aminoethanol,48
11.75,H12_2-Aminoethanol,45
12.0,H12_2-Aminoethanol,44
12.25,H12_2-Aminoethanol,46
12.5,H12_2-Aminoethanol,44
12.75,H12_2-Aminoethanol,47
13.0,H12_2-Aminoethanol,42
13.25,H12_2-Aminoethanol,43
13.5,H12_2-Aminoethanol,44
13.75,H12_2-Aminoethanol,44
14.0,H12_2-Aminoethanol,44
14.25,H12_2-Aminoethanol,43
14.5,H12_2-Aminoethanol,42
14.75,H12_2-Aminoethanol,48
15.0,H12_2-Aminoethanol,43
15.25,H12_2-Aminoethanol,47
15.5,H12_2-Aminoethanol,43
15.75,H12_2-Aminoethanol,41
16.0,H12_2-Aminoethanol,41
16.25,H12_2-Aminoethanol,40
16.5,H12_2-Aminoethanol,42
16.75,H12_2-Aminoethanol,45
17.0,H12_2-Aminoethanol,41
17.25,H12_2-Aminoethanol,48
17.5,H12_2-Aminoethanol,45
17.75,H12_2-Aminoethanol,45
18.0,H12_2-Aminoethanol,48
18.25,H12_2-Aminoethanol,46
18.5,H12_2-Aminoethanol,47
18.75,H12_2-Aminoethanol,47
19.0,H12_2-Aminoethanol,44
19.25,H12_2-Aminoethanol,44
19.5,H12_2-Aminoethanol,44
19.75,H12_2-Aminoethanol,47
20.0,H12_2-Aminoethanol,49
20.25,H12_2-Aminoethanol,45
20.5,H12_2-Aminoethanol,47
20.75,H12_2-Aminoethanol,47
21.0,H12_2-Aminoethanol,45
21.25,H12_2-Aminoethanol,48
21.5,H12_2-Aminoethanol,43
21.75,H12_2-Aminoethanol,47
22.0,H12_2-Aminoethanol,47
22.25,H12_2-Aminoethanol,45
22.5,H12_2-Aminoethanol,44
22.75,H12_2-Aminoethanol,47
23.0,H12_2-Aminoethanol,44
23.25,H12_2-Aminoethanol,47
23.5,H12_2-Aminoethanol,46
23.75,H12_2-Aminoethanol,48
24.0,H12_2-Aminoethanol,49
24.25,H12_2-Aminoethanol,49
24.5,H12_2-Aminoethanol,48
24.75,H12_2-Aminoethanol,44
25.0,H12_2-Aminoethanol,47
25.25,H12_2-Aminoethanol,46
25.5,H12_2-Aminoethanol,48
25.75,H12_2-Aminoethanol,49
26.0,H12_2-Aminoethanol,47
26.25,H12_2-Aminoethanol,49
26.5,H12_2-Aminoethanol,48
26.75,H12_2-Aminoethanol,48
27.0,H12_2-Aminoethanol,47
27.25,H12_2-Aminoethanol,49
27.5,H12_2-Aminoethanol,45
27.75,H12_2-Aminoethanol,46
28.0,H12_2-Aminoethanol,43
28.25,H12_2-Aminoethanol,48
28.5,H12_2-Aminoethanol,45
28.75,H12_2-Aminoethanol,48
29.0,H12_2-Aminoethanol,45
29.25,H12_2-Aminoethanol,41
29.5,H12_2-Aminoethanol,45
29.75,H12_2-Aminoethanol,44
30.0,H12_2-Aminoethanol,43
30.25,H12_2-Aminoethanol,43
30.5,H12_2-Aminoethanol,45
30.75,H12_2-Aminoethanol,43
31.0,H12_2-Aminoethanol,41
31.25,H12_2-Aminoethanol,43
31.5,H12_2-Aminoethanol,48
31.75,H12_2-Aminoethanol,41
32.0,H12_2-Aminoethanol,46
32.25,H12_2-Aminoethanol,50
32.5,H12_2-Aminoethanol,47
32.75,H12_2-Aminoethanol,45
33.0,H12_2-Aminoethanol,46
33.25,H12_2-Aminoethanol,47
33.5,H12_2-Aminoethanol,45
33.75,H12_2-Aminoethanol,48
34.0,H12_2-Aminoethanol,46
34.25,H12_2-Aminoethanol,47
34.5,H12_2-Aminoethanol,45
34.75,H12_2-Aminoethanol,43
35.0,H12_2-Aminoethanol,46
35.25,H12_2-Aminoethanol,45
35.5,H12_2-Aminoethanol,44
35.75,H12_2-Aminoethanol,48
36.0,H12_2-Aminoethanol,45
36.25,H12_2-Aminoethanol,45
36.5,H12_2-Aminoethanol,46
36.75,H12_2-Aminoethanol,43
37.0,H12_2-Aminoethanol,47
37.25,H12_2-Aminoethanol,45
37.5,H12_2-Aminoethanol,44
37.75,H12_2-Aminoethanol,48
38.0,H12_2-Aminoethanol,44
38.25,H12_2-Aminoethanol,40
38.5,H12_2-Aminoethanol,47
38.75,H12_2-Aminoethanol,42
39.0,H12_2-Aminoethanol,43
39.25,H12_2-Aminoethanol,47
39.5,H12_2-Aminoethanol,45
39.75,H12_2-Aminoethanol,44
40.0,H12_2-Aminoethanol,44
40.25,H12_2-Aminoethanol,43
40.5,H12_2-Aminoethanol,49
40.75,H12_2-Aminoethanol,45
41.0,H12_2-Aminoethanol,43
41.25,H12_2-Aminoethanol,44
41.5,H12_2-Aminoethanol,49
41.75,H12_2-Aminoethanol,41
42.0,H12_2-Aminoethanol,44
42.25,H12_2-Aminoethanol,46
42.5,H12_2-Aminoethanol,45
42.75,H12_2-Aminoethanol,48
43.0,H12_2-Aminoethanol,47
43.25,H12_2-Aminoethanol,45
43.5,H12_2-Aminoethanol,47
43.75,H12_2-Aminoethanol,39
44.0,H12_2-Aminoethanol,43
44.25,H12_2-Aminoethanol,45
44.5,H12_2-Aminoethanol,41
44.75,H12_2-Aminoethanol,45
45.0,H12_2-Aminoethanol,43
45.25,H12_2-Aminoethanol,46
45.5,H12_2-Aminoethanol,44
45.75,H12_2-Aminoethanol,42
46.0,H12_2-Aminoethanol,43
46.25,H12_2-Aminoethanol,45
46.5,H12_2-Aminoethanol,47
46.75,H12_2-Aminoethanol,42
47.0,H12_2-Aminoethanol,46
47.25,H12_2-Aminoethanol,47
47.5,H12_2-Aminoethanol,0
