Hour,Type,Value
0.0,A1_Negative_Control,32
0.25,A1_Negative_Control,29
0.5,A1_Negative_Control,32
0.75,A1_Negative_Control,29
1.0,A1_Negative_Control,30
1.25,A1_Negative_Control,25
1.5,A1_Negative_Control,31
1.75,A1_Negative_Control,29
2.0,A1_Negative_Control,33
2.25,A1_Negative_Control,30
2.5,A1_Negative_Control,27
2.75,A1_Negative_Control,28
3.0,A1_Negative_Control,27
3.25,A1_Negative_Control,28
3.5,A1_Negative_Control,28
3.75,A1_Negative_Control,26
4.0,A1_Negative_Control,27
4.25,A1_Negative_Control,32
4.5,A1_Negative_Control,31
4.75,A1_Negative_Control,31
5.0,A1_Negative_Control,30
5.25,A1_Negative_Control,35
5.5,A1_Negative_Control,34
5.75,A1_Negative_Control,33
6.0,A1_Negative_Control,31
6.25,A1_Negative_Control,33
6.5,A1_Negative_Control,35
6.75,A1_Negative_Control,33
7.0,A1_Negative_Control,36
7.25,A1_Negative_Control,36
7.5,A1_Negative_Control,34
7.75,A1_Negative_Control,37
8.0,A1_Negative_Control,41
8.25,A1_Negative_Control,37
8.5,A1_Negative_Control,40
8.75,A1_Negative_Control,34
9.0,A1_Negative_Control,37
9.25,A1_Negative_Control,37
9.5,A1_Negative_Control,39
9.75,A1_Negative_Control,35
10.0,A1_Negative_Control,39
10.25,A1_Negative_Control,41
10.5,A1_Negative_Control,43
10.75,A1_Negative_Control,34
11.0,A1_Negative_Control,39
11.25,A1_Negative_Control,40
11.5,A1_Negative_Control,43
11.75,A1_Negative_Control,40
12.0,A1_Negative_Control,43
12.25,A1_Negative_Control,43
12.5,A1_Negative_Control,47
12.75,A1_Negative_Control,36
13.0,A1_Negative_Control,36
13.25,A1_Negative_Control,36
13.5,A1_Negative_Control,38
13.75,A1_Negative_Control,37
14.0,A1_Negative_Control,44
14.25,A1_Negative_Control,44
14.5,A1_Negative_Control,43
14.75,A1_Negative_Control,42
15.0,A1_Negative_Control,42
15.25,A1_Negative_Control,42
15.5,A1_Negative_Control,40
15.75,A1_Negative_Control,42
16.0,A1_Negative_Control,42
16.25,A1_Negative_Control,40
16.5,A1_Negative_Control,44
16.75,A1_Negative_Control,39
17.0,A1_Negative_Control,40
17.25,A1_Negative_Control,43
17.5,A1_Negative_Control,39
17.75,A1_Negative_Control,42
18.0,A1_Negative_Control,42
18.25,A1_Negative_Control,46
18.5,A1_Negative_Control,40
18.75,A1_Negative_Control,44
19.0,A1_Negative_Control,43
19.25,A1_Negative_Control,42
19.5,A1_Negative_Control,45
19.75,A1_Negative_Control,41
20.0,A1_Negative_Control,43
20.25,A1_Negative_Control,43
20.5,A1_Negative_Control,44
20.75,A1_Negative_Control,43
21.0,A1_Negative_Control,42
21.25,A1_Negative_Control,43
21.5,A1_Negative_Control,43
21.75,A1_Negative_Control,42
22.0,A1_Negative_Control,40
22.25,A1_Negative_Control,40
22.5,A1_Negative_Control,40
22.75,A1_Negative_Control,43
23.0,A1_Negative_Control,44
23.25,A1_Negative_Control,41
23.5,A1_Negative_Control,41
23.75,A1_Negative_Control,44
24.0,A1_Negative_Control,49
24.25,A1_Negative_Control,44
24.5,A1_Negative_Control,44
24.75,A1_Negative_Control,41
25.0,A1_Negative_Control,44
25.25,A1_Negative_Control,42
25.5,A1_Negative_Control,41
25.75,A1_Negative_Control,45
26.0,A1_Negative_Control,44
26.25,A1_Negative_Control,42
26.5,A1_Negative_Control,39
26.75,A1_Negative_Control,43
27.0,A1_Negative_Control,40
27.25,A1_Negative_Control,40
27.5,A1_Negative_Control,42
27.75,A1_Negative_Control,39
28.0,A1_Negative_Control,45
28.25,A1_Negative_Control,43
28.5,A1_Negative_Control,36
28.75,A1_Negative_Control,39
29.0,A1_Negative_Control,36
29.25,A1_Negative_Control,42
29.5,A1_Negative_Control,46
29.75,A1_Negative_Control,45
30.0,A1_Negative_Control,42
30.25,A1_Negative_Control,41
30.5,A1_Negative_Control,39
30.75,A1_Negative_Control,39
31.0,A1_Negative_Control,42
31.25,A1_Negative_Control,36
31.5,A1_Negative_Control,41
31.75,A1_Negative_Control,36
32.0,A1_Negative_Control,46
32.25,A1_Negative_Control,41
32.5,A1_Negative_Control,43
32.75,A1_Negative_Control,42
33.0,A1_Negative_Control,40
33.25,A1_Negative_Control,43
33.5,A1_Negative_Control,39
33.75,A1_Negative_Control,42
34.0,A1_Negative_Control,39
34.25,A1_Negative_Control,42
34.5,A1_Negative_Control,47
34.75,A1_Negative_Control,41
35.0,A1_Negative_Control,37
35.25,A1_Negative_Control,39
35.5,A1_Negative_Control,45
35.75,A1_Negative_Control,44
36.0,A1_Negative_Control,46
36.25,A1_Negative_Control,40
36.5,A1_Negative_Control,42
36.75,A1_Negative_Control,43
37.0,A1_Negative_Control,38
37.25,A1_Negative_Control,34
37.5,A1_Negative_Control,39
37.75,A1_Negative_Control,47
38.0,A1_Negative_Control,41
38.25,A1_Negative_Control,42
38.5,A1_Negative_Control,43
38.75,A1_Negative_Control,42
39.0,A1_Negative_Control,40
39.25,A1_Negative_Control,36
39.5,A1_Negative_Control,41
39.75,A1_Negative_Control,41
40.0,A1_Negative_Control,37
40.25,A1_Negative_Control,40
40.5,A1_Negative_Control,37
40.75,A1_Negative_Control,40
41.0,A1_Negative_Control,48
41.25,A1_Negative_Control,44
41.5,A1_Negative_Control,35
41.75,A1_Negative_Control,40
42.0,A1_Negative_Control,37
42.25,A1_Negative_Control,42
42.5,A1_Negative_Control,40
42.75,A1_Negative_Control,40
43.0,A1_Negative_Control,35
43.25,A1_Negative_Control,40
43.5,A1_Negative_Control,40
43.75,A1_Negative_Control,43
44.0,A1_Negative_Control,42
44.25,A1_Negative_Control,40
44.5,A1_Negative_Control,48
44.75,A1_Negative_Control,41
45.0,A1_Negative_Control,37
45.25,A1_Negative_Control,37
45.5,A1_Negative_Control,44
45.75,A1_Negative_Control,41
46.0,A1_Negative_Control,39
46.25,A1_Negative_Control,37
46.5,A1_Negative_Control,45
46.75,A1_Negative_Control,39
47.0,A1_Negative_Control,37
47.25,A1_Negative_Control,28
47.5,A1_Negative_Control,0
0.0,A2_L-Arabinose,63
0.25,A2_L-Arabinose,67
0.5,A2_L-Arabinose,67
0.75,A2_L-Arabinose,64
1.0,A2_L-Arabinose,69
1.25,A2_L-Arabinose,67
1.5,A2_L-Arabinose,72
1.75,A2_L-Arabinose,72
2.0,A2_L-Arabinose,69
2.25,A2_L-Arabinose,72
2.5,A2_L-Arabinose,69
2.75,A2_L-Arabinose,68
3.0,A2_L-Arabinose,73
3.25,A2_L-Arabinose,72
3.5,A2_L-Arabinose,72
3.75,A2_L-Arabinose,65
4.0,A2_L-Arabinose,70
4.25,A2_L-Arabinose,69
4.5,A2_L-Arabinose,72
4.75,A2_L-Arabinose,68
5.0,A2_L-Arabinose,71
5.25,A2_L-Arabinose,70
5.5,A2_L-Arabinose,66
5.75,A2_L-Arabinose,71
6.0,A2_L-Arabinose,73
6.25,A2_L-Arabinose,69
6.5,A2_L-Arabinose,72
6.75,A2_L-Arabinose,74
7.0,A2_L-Arabinose,75
7.25,A2_L-Arabinose,73
7.5,A2_L-Arabinose,75
7.75,A2_L-Arabinose,70
8.0,A2_L-Arabinose,74
8.25,A2_L-Arabinose,74
8.5,A2_L-Arabinose,73
8.75,A2_L-Arabinose,72
9.0,A2_L-Arabinose,79
9.25,A2_L-Arabinose,74
9.5,A2_L-Arabinose,71
9.75,A2_L-Arabinose,75
10.0,A2_L-Arabinose,72
10.25,A2_L-Arabinose,76
10.5,A2_L-Arabinose,76
10.75,A2_L-Arabinose,76
11.0,A2_L-Arabinose,73
11.25,A2_L-Arabinose,73
11.5,A2_L-Arabinose,73
11.75,A2_L-Arabinose,77
12.0,A2_L-Arabinose,73
12.25,A2_L-Arabinose,80
12.5,A2_L-Arabinose,76
12.75,A2_L-Arabinose,74
13.0,A2_L-Arabinose,73
13.25,A2_L-Arabinose,76
13.5,A2_L-Arabinose,76
13.75,A2_L-Arabinose,75
14.0,A2_L-Arabinose,76
14.25,A2_L-Arabinose,78
14.5,A2_L-Arabinose,79
14.75,A2_L-Arabinose,81
15.0,A2_L-Arabinose,76
15.25,A2_L-Arabinose,77
15.5,A2_L-Arabinose,74
15.75,A2_L-Arabinose,74
16.0,A2_L-Arabinose,73
16.25,A2_L-Arabinose,80
16.5,A2_L-Arabinose,77
16.75,A2_L-Arabinose,76
17.0,A2_L-Arabinose,79
17.25,A2_L-Arabinose,76
17.5,A2_L-Arabinose,77
17.75,A2_L-Arabinose,80
18.0,A2_L-Arabinose,78
18.25,A2_L-Arabinose,80
18.5,A2_L-Arabinose,78
18.75,A2_L-Arabinose,80
19.0,A2_L-Arabinose,74
19.25,A2_L-Arabinose,80
19.5,A2_L-Arabinose,76
19.75,A2_L-Arabinose,80
20.0,A2_L-Arabinose,80
20.25,A2_L-Arabinose,82
20.5,A2_L-Arabinose,82
20.75,A2_L-Arabinose,82
21.0,A2_L-Arabinose,83
21.25,A2_L-Arabinose,77
21.5,A2_L-Arabinose,77
21.75,A2_L-Arabinose,77
22.0,A2_L-Arabinose,77
22.25,A2_L-Arabinose,78
22.5,A2_L-Arabinose,82
22.75,A2_L-Arabinose,74
23.0,A2_L-Arabinose,84
23.25,A2_L-Arabinose,78
23.5,A2_L-Arabinose,77
23.75,A2_L-Arabinose,79
24.0,A2_L-Arabinose,83
24.25,A2_L-Arabinose,77
24.5,A2_L-Arabinose,79
24.75,A2_L-Arabinose,81
25.0,A2_L-Arabinose,82
25.25,A2_L-Arabinose,80
25.5,A2_L-Arabinose,78
25.75,A2_L-Arabinose,79
26.0,A2_L-Arabinose,80
26.25,A2_L-Arabinose,81
26.5,A2_L-Arabinose,79
26.75,A2_L-Arabinose,80
27.0,A2_L-Arabinose,83
27.25,A2_L-Arabinose,78
27.5,A2_L-Arabinose,77
27.75,A2_L-Arabinose,79
28.0,A2_L-Arabinose,77
28.25,A2_L-Arabinose,77
28.5,A2_L-Arabinose,79
28.75,A2_L-Arabinose,79
29.0,A2_L-Arabinose,76
29.25,A2_L-Arabinose,79
29.5,A2_L-Arabinose,82
29.75,A2_L-Arabinose,80
30.0,A2_L-Arabinose,81
30.25,A2_L-Arabinose,78
30.5,A2_L-Arabinose,81
30.75,A2_L-Arabinose,80
31.0,A2_L-Arabinose,79
31.25,A2_L-Arabinose,82
31.5,A2_L-Arabinose,85
31.75,A2_L-Arabinose,78
32.0,A2_L-Arabinose,78
32.25,A2_L-Arabinose,82
32.5,A2_L-Arabinose,83
32.75,A2_L-Arabinose,84
33.0,A2_L-Arabinose,79
33.25,A2_L-Arabinose,82
33.5,A2_L-Arabinose,79
33.75,A2_L-Arabinose,86
34.0,A2_L-Arabinose,81
34.25,A2_L-Arabinose,83
34.5,A2_L-Arabinose,77
34.75,A2_L-Arabinose,82
35.0,A2_L-Arabinose,81
35.25,A2_L-Arabinose,82
35.5,A2_L-Arabinose,83
35.75,A2_L-Arabinose,80
36.0,A2_L-Arabinose,81
36.25,A2_L-Arabinose,80
36.5,A2_L-Arabinose,84
36.75,A2_L-Arabinose,82
37.0,A2_L-Arabinose,81
37.25,A2_L-Arabinose,79
37.5,A2_L-Arabinose,78
37.75,A2_L-Arabinose,82
38.0,A2_L-Arabinose,84
38.25,A2_L-Arabinose,82
38.5,A2_L-Arabinose,84
38.75,A2_L-Arabinose,83
39.0,A2_L-Arabinose,83
39.25,A2_L-Arabinose,82
39.5,A2_L-Arabinose,82
39.75,A2_L-Arabinose,81
40.0,A2_L-Arabinose,83
40.25,A2_L-Arabinose,82
40.5,A2_L-Arabinose,83
40.75,A2_L-Arabinose,85
41.0,A2_L-Arabinose,83
41.25,A2_L-Arabinose,82
41.5,A2_L-Arabinose,80
41.75,A2_L-Arabinose,81
42.0,A2_L-Arabinose,81
42.25,A2_L-Arabinose,83
42.5,A2_L-Arabinose,79
42.75,A2_L-Arabinose,86
43.0,A2_L-Arabinose,84
43.25,A2_L-Arabinose,83
43.5,A2_L-Arabinose,84
43.75,A2_L-Arabinose,86
44.0,A2_L-Arabinose,87
44.25,A2_L-Arabinose,81
44.5,A2_L-Arabinose,87
44.75,A2_L-Arabinose,85
45.0,A2_L-Arabinose,79
45.25,A2_L-Arabinose,84
45.5,A2_L-Arabinose,87
45.75,A2_L-Arabinose,81
46.0,A2_L-Arabinose,85
46.25,A2_L-Arabinose,82
46.5,A2_L-Arabinose,95
46.75,A2_L-Arabinose,83
47.0,A2_L-Arabinose,81
47.25,A2_L-Arabinose,82
47.5,A2_L-Arabinose,0
0.0,A3_N-Acetyl-D_Glucosamine,36
0.25,A3_N-Acetyl-D_Glucosamine,19
0.5,A3_N-Acetyl-D_Glucosamine,19
0.75,A3_N-Acetyl-D_Glucosamine,19
1.0,A3_N-Acetyl-D_Glucosamine,21
1.25,A3_N-Acetyl-D_Glucosamine,18
1.5,A3_N-Acetyl-D_Glucosamine,22
1.75,A3_N-Acetyl-D_Glucosamine,18
2.0,A3_N-Acetyl-D_Glucosamine,23
2.25,A3_N-Acetyl-D_Glucosamine,21
2.5,A3_N-Acetyl-D_Glucosamine,20
2.75,A3_N-Acetyl-D_Glucosamine,20
3.0,A3_N-Acetyl-D_Glucosamine,16
3.25,A3_N-Acetyl-D_Glucosamine,21
3.5,A3_N-Acetyl-D_Glucosamine,18
3.75,A3_N-Acetyl-D_Glucosamine,20
4.0,A3_N-Acetyl-D_Glucosamine,18
4.25,A3_N-Acetyl-D_Glucosamine,25
4.5,A3_N-Acetyl-D_Glucosamine,22
4.75,A3_N-Acetyl-D_Glucosamine,22
5.0,A3_N-Acetyl-D_Glucosamine,26
5.25,A3_N-Acetyl-D_Glucosamine,29
5.5,A3_N-Acetyl-D_Glucosamine,21
5.75,A3_N-Acetyl-D_Glucosamine,27
6.0,A3_N-Acetyl-D_Glucosamine,26
6.25,A3_N-Acetyl-D_Glucosamine,27
6.5,A3_N-Acetyl-D_Glucosamine,25
6.75,A3_N-Acetyl-D_Glucosamine,30
7.0,A3_N-Acetyl-D_Glucosamine,33
7.25,A3_N-Acetyl-D_Glucosamine,33
7.5,A3_N-Acetyl-D_Glucosamine,38
7.75,A3_N-Acetyl-D_Glucosamine,38
8.0,A3_N-Acetyl-D_Glucosamine,43
8.25,A3_N-Acetyl-D_Glucosamine,51
8.5,A3_N-Acetyl-D_Glucosamine,48
8.75,A3_N-Acetyl-D_Glucosamine,54
9.0,A3_N-Acetyl-D_Glucosamine,56
9.25,A3_N-Acetyl-D_Glucosamine,54
9.5,A3_N-Acetyl-D_Glucosamine,66
9.75,A3_N-Acetyl-D_Glucosamine,62
10.0,A3_N-Acetyl-D_Glucosamine,65
10.25,A3_N-Acetyl-D_Glucosamine,70
10.5,A3_N-Acetyl-D_Glucosamine,69
10.75,A3_N-Acetyl-D_Glucosamine,77
11.0,A3_N-Acetyl-D_Glucosamine,78
11.25,A3_N-Acetyl-D_Glucosamine,93
11.5,A3_N-Acetyl-D_Glucosamine,96
11.75,A3_N-Acetyl-D_Glucosamine,94
12.0,A3_N-Acetyl-D_Glucosamine,101
12.25,A3_N-Acetyl-D_Glucosamine,112
12.5,A3_N-Acetyl-D_Glucosamine,106
12.75,A3_N-Acetyl-D_Glucosamine,104
13.0,A3_N-Acetyl-D_Glucosamine,114
13.25,A3_N-Acetyl-D_Glucosamine,114
13.5,A3_N-Acetyl-D_Glucosamine,121
13.75,A3_N-Acetyl-D_Glucosamine,123
14.0,A3_N-Acetyl-D_Glucosamine,128
14.25,A3_N-Acetyl-D_Glucosamine,132
14.5,A3_N-Acetyl-D_Glucosamine,129
14.75,A3_N-Acetyl-D_Glucosamine,136
15.0,A3_N-Acetyl-D_Glucosamine,144
15.25,A3_N-Acetyl-D_Glucosamine,146
15.5,A3_N-Acetyl-D_Glucosamine,152
15.75,A3_N-Acetyl-D_Glucosamine,148
16.0,A3_N-Acetyl-D_Glucosamine,160
16.25,A3_N-Acetyl-D_Glucosamine,155
16.5,A3_N-Acetyl-D_Glucosamine,154
16.75,A3_N-Acetyl-D_Glucosamine,159
17.0,A3_N-Acetyl-D_Glucosamine,162
17.25,A3_N-Acetyl-D_Glucosamine,168
17.5,A3_N-Acetyl-D_Glucosamine,161
17.75,A3_N-Acetyl-D_Glucosamine,167
18.0,A3_N-Acetyl-D_Glucosamine,175
18.25,A3_N-Acetyl-D_Glucosamine,177
18.5,A3_N-Acetyl-D_Glucosamine,180
18.75,A3_N-Acetyl-D_Glucosamine,182
19.0,A3_N-Acetyl-D_Glucosamine,181
19.25,A3_N-Acetyl-D_Glucosamine,186
19.5,A3_N-Acetyl-D_Glucosamine,192
19.75,A3_N-Acetyl-D_Glucosamine,190
20.0,A3_N-Acetyl-D_Glucosamine,188
20.25,A3_N-Acetyl-D_Glucosamine,187
20.5,A3_N-Acetyl-D_Glucosamine,186
20.75,A3_N-Acetyl-D_Glucosamine,192
21.0,A3_N-Acetyl-D_Glucosamine,197
21.25,A3_N-Acetyl-D_Glucosamine,198
21.5,A3_N-Acetyl-D_Glucosamine,195
21.75,A3_N-Acetyl-D_Glucosamine,201
22.0,A3_N-Acetyl-D_Glucosamine,205
22.25,A3_N-Acetyl-D_Glucosamine,204
22.5,A3_N-Acetyl-D_Glucosamine,208
22.75,A3_N-Acetyl-D_Glucosamine,206
23.0,A3_N-Acetyl-D_Glucosamine,207
23.25,A3_N-Acetyl-D_Glucosamine,215
23.5,A3_N-Acetyl-D_Glucosamine,219
23.75,A3_N-Acetyl-D_Glucosamine,215
24.0,A3_N-Acetyl-D_Glucosamine,224
24.25,A3_N-Acetyl-D_Glucosamine,223
24.5,A3_N-Acetyl-D_Glucosamine,224
24.75,A3_N-Acetyl-D_Glucosamine,226
25.0,A3_N-Acetyl-D_Glucosamine,226
25.25,A3_N-Acetyl-D_Glucosamine,229
25.5,A3_N-Acetyl-D_Glucosamine,232
25.75,A3_N-Acetyl-D_Glucosamine,237
26.0,A3_N-Acetyl-D_Glucosamine,237
26.25,A3_N-Acetyl-D_Glucosamine,240
26.5,A3_N-Acetyl-D_Glucosamine,238
26.75,A3_N-Acetyl-D_Glucosamine,240
27.0,A3_N-Acetyl-D_Glucosamine,243
27.25,A3_N-Acetyl-D_Glucosamine,239
27.5,A3_N-Acetyl-D_Glucosamine,246
27.75,A3_N-Acetyl-D_Glucosamine,249
28.0,A3_N-Acetyl-D_Glucosamine,250
28.25,A3_N-Acetyl-D_Glucosamine,252
28.5,A3_N-Acetyl-D_Glucosamine,250
28.75,A3_N-Acetyl-D_Glucosamine,251
29.0,A3_N-Acetyl-D_Glucosamine,257
29.25,A3_N-Acetyl-D_Glucosamine,252
29.5,A3_N-Acetyl-D_Glucosamine,253
29.75,A3_N-Acetyl-D_Glucosamine,257
30.0,A3_N-Acetyl-D_Glucosamine,257
30.25,A3_N-Acetyl-D_Glucosamine,258
30.5,A3_N-Acetyl-D_Glucosamine,261
30.75,A3_N-Acetyl-D_Glucosamine,259
31.0,A3_N-Acetyl-D_Glucosamine,262
31.25,A3_N-Acetyl-D_Glucosamine,262
31.5,A3_N-Acetyl-D_Glucosamine,264
31.75,A3_N-Acetyl-D_Glucosamine,261
32.0,A3_N-Acetyl-D_Glucosamine,267
32.25,A3_N-Acetyl-D_Glucosamine,266
32.5,A3_N-Acetyl-D_Glucosamine,263
32.75,A3_N-Acetyl-D_Glucosamine,270
33.0,A3_N-Acetyl-D_Glucosamine,270
33.25,A3_N-Acetyl-D_Glucosamine,267
33.5,A3_N-Acetyl-D_Glucosamine,262
33.75,A3_N-Acetyl-D_Glucosamine,267
34.0,A3_N-Acetyl-D_Glucosamine,266
34.25,A3_N-Acetyl-D_Glucosamine,264
34.5,A3_N-Acetyl-D_Glucosamine,263
34.75,A3_N-Acetyl-D_Glucosamine,262
35.0,A3_N-Acetyl-D_Glucosamine,265
35.25,A3_N-Acetyl-D_Glucosamine,270
35.5,A3_N-Acetyl-D_Glucosamine,266
35.75,A3_N-Acetyl-D_Glucosamine,272
36.0,A3_N-Acetyl-D_Glucosamine,268
36.25,A3_N-Acetyl-D_Glucosamine,263
36.5,A3_N-Acetyl-D_Glucosamine,268
36.75,A3_N-Acetyl-D_Glucosamine,267
37.0,A3_N-Acetyl-D_Glucosamine,268
37.25,A3_N-Acetyl-D_Glucosamine,268
37.5,A3_N-Acetyl-D_Glucosamine,268
37.75,A3_N-Acetyl-D_Glucosamine,269
38.0,A3_N-Acetyl-D_Glucosamine,265
38.25,A3_N-Acetyl-D_Glucosamine,265
38.5,A3_N-Acetyl-D_Glucosamine,270
38.75,A3_N-Acetyl-D_Glucosamine,264
39.0,A3_N-Acetyl-D_Glucosamine,265
39.25,A3_N-Acetyl-D_Glucosamine,269
39.5,A3_N-Acetyl-D_Glucosamine,271
39.75,A3_N-Acetyl-D_Glucosamine,266
40.0,A3_N-Acetyl-D_Glucosamine,269
40.25,A3_N-Acetyl-D_Glucosamine,269
40.5,A3_N-Acetyl-D_Glucosamine,264
40.75,A3_N-Acetyl-D_Glucosamine,271
41.0,A3_N-Acetyl-D_Glucosamine,268
41.25,A3_N-Acetyl-D_Glucosamine,268
41.5,A3_N-Acetyl-D_Glucosamine,263
41.75,A3_N-Acetyl-D_Glucosamine,265
42.0,A3_N-Acetyl-D_Glucosamine,268
42.25,A3_N-Acetyl-D_Glucosamine,270
42.5,A3_N-Acetyl-D_Glucosamine,266
42.75,A3_N-Acetyl-D_Glucosamine,269
43.0,A3_N-Acetyl-D_Glucosamine,266
43.25,A3_N-Acetyl-D_Glucosamine,268
43.5,A3_N-Acetyl-D_Glucosamine,269
43.75,A3_N-Acetyl-D_Glucosamine,268
44.0,A3_N-Acetyl-D_Glucosamine,268
44.25,A3_N-Acetyl-D_Glucosamine,267
44.5,A3_N-Acetyl-D_Glucosamine,267
44.75,A3_N-Acetyl-D_Glucosamine,270
45.0,A3_N-Acetyl-D_Glucosamine,266
45.25,A3_N-Acetyl-D_Glucosamine,268
45.5,A3_N-Acetyl-D_Glucosamine,269
45.75,A3_N-Acetyl-D_Glucosamine,269
46.0,A3_N-Acetyl-D_Glucosamine,265
46.25,A3_N-Acetyl-D_Glucosamine,267
46.5,A3_N-Acetyl-D_Glucosamine,270
46.75,A3_N-Acetyl-D_Glucosamine,268
47.0,A3_N-Acetyl-D_Glucosamine,267
47.25,A3_N-Acetyl-D_Glucosamine,269
47.5,A3_N-Acetyl-D_Glucosamine,0
0.0,A4_D-Saccharic_Acid,36
0.25,A4_D-Saccharic_Acid,26
0.5,A4_D-Saccharic_Acid,22
0.75,A4_D-Saccharic_Acid,20
1.0,A4_D-Saccharic_Acid,20
1.25,A4_D-Saccharic_Acid,22
1.5,A4_D-Saccharic_Acid,26
1.75,A4_D-Saccharic_Acid,24
2.0,A4_D-Saccharic_Acid,20
2.25,A4_D-Saccharic_Acid,18
2.5,A4_D-Saccharic_Acid,23
2.75,A4_D-Saccharic_Acid,23
3.0,A4_D-Saccharic_Acid,20
3.25,A4_D-Saccharic_Acid,23
3.5,A4_D-Saccharic_Acid,19
3.75,A4_D-Saccharic_Acid,22
4.0,A4_D-Saccharic_Acid,20
4.25,A4_D-Saccharic_Acid,24
4.5,A4_D-Saccharic_Acid,24
4.75,A4_D-Saccharic_Acid,22
5.0,A4_D-Saccharic_Acid,22
5.25,A4_D-Saccharic_Acid,21
5.5,A4_D-Saccharic_Acid,20
5.75,A4_D-Saccharic_Acid,24
6.0,A4_D-Saccharic_Acid,25
6.25,A4_D-Saccharic_Acid,26
6.5,A4_D-Saccharic_Acid,31
6.75,A4_D-Saccharic_Acid,27
7.0,A4_D-Saccharic_Acid,27
7.25,A4_D-Saccharic_Acid,27
7.5,A4_D-Saccharic_Acid,25
7.75,A4_D-Saccharic_Acid,31
8.0,A4_D-Saccharic_Acid,33
8.25,A4_D-Saccharic_Acid,33
8.5,A4_D-Saccharic_Acid,32
8.75,A4_D-Saccharic_Acid,31
9.0,A4_D-Saccharic_Acid,31
9.25,A4_D-Saccharic_Acid,32
9.5,A4_D-Saccharic_Acid,36
9.75,A4_D-Saccharic_Acid,31
10.0,A4_D-Saccharic_Acid,33
10.25,A4_D-Saccharic_Acid,34
10.5,A4_D-Saccharic_Acid,33
10.75,A4_D-Saccharic_Acid,31
11.0,A4_D-Saccharic_Acid,30
11.25,A4_D-Saccharic_Acid,34
11.5,A4_D-Saccharic_Acid,33
11.75,A4_D-Saccharic_Acid,35
12.0,A4_D-Saccharic_Acid,34
12.25,A4_D-Saccharic_Acid,33
12.5,A4_D-Saccharic_Acid,35
12.75,A4_D-Saccharic_Acid,35
13.0,A4_D-Saccharic_Acid,34
13.25,A4_D-Saccharic_Acid,34
13.5,A4_D-Saccharic_Acid,34
13.75,A4_D-Saccharic_Acid,34
14.0,A4_D-Saccharic_Acid,34
14.25,A4_D-Saccharic_Acid,35
14.5,A4_D-Saccharic_Acid,32
14.75,A4_D-Saccharic_Acid,35
15.0,A4_D-Saccharic_Acid,34
15.25,A4_D-Saccharic_Acid,32
15.5,A4_D-Saccharic_Acid,35
15.75,A4_D-Saccharic_Acid,35
16.0,A4_D-Saccharic_Acid,41
16.25,A4_D-Saccharic_Acid,36
16.5,A4_D-Saccharic_Acid,35
16.75,A4_D-Saccharic_Acid,33
17.0,A4_D-Saccharic_Acid,37
17.25,A4_D-Saccharic_Acid,32
17.5,A4_D-Saccharic_Acid,37
17.75,A4_D-Saccharic_Acid,37
18.0,A4_D-Saccharic_Acid,39
18.25,A4_D-Saccharic_Acid,36
18.5,A4_D-Saccharic_Acid,38
18.75,A4_D-Saccharic_Acid,45
19.0,A4_D-Saccharic_Acid,38
19.25,A4_D-Saccharic_Acid,35
19.5,A4_D-Saccharic_Acid,40
19.75,A4_D-Saccharic_Acid,40
20.0,A4_D-Saccharic_Acid,37
20.25,A4_D-Saccharic_Acid,41
20.5,A4_D-Saccharic_Acid,35
20.75,A4_D-Saccharic_Acid,36
21.0,A4_D-Saccharic_Acid,38
21.25,A4_D-Saccharic_Acid,42
21.5,A4_D-Saccharic_Acid,37
21.75,A4_D-Saccharic_Acid,39
22.0,A4_D-Saccharic_Acid,38
22.25,A4_D-Saccharic_Acid,36
22.5,A4_D-Saccharic_Acid,41
22.75,A4_D-Saccharic_Acid,38
23.0,A4_D-Saccharic_Acid,40
23.25,A4_D-Saccharic_Acid,40
23.5,A4_D-Saccharic_Acid,38
23.75,A4_D-Saccharic_Acid,40
24.0,A4_D-Saccharic_Acid,36
24.25,A4_D-Saccharic_Acid,41
24.5,A4_D-Saccharic_Acid,38
24.75,A4_D-Saccharic_Acid,39
25.0,A4_D-Saccharic_Acid,42
25.25,A4_D-Saccharic_Acid,35
25.5,A4_D-Saccharic_Acid,41
25.75,A4_D-Saccharic_Acid,44
26.0,A4_D-Saccharic_Acid,38
26.25,A4_D-Saccharic_Acid,40
26.5,A4_D-Saccharic_Acid,35
26.75,A4_D-Saccharic_Acid,40
27.0,A4_D-Saccharic_Acid,35
27.25,A4_D-Saccharic_Acid,33
27.5,A4_D-Saccharic_Acid,40
27.75,A4_D-Saccharic_Acid,41
28.0,A4_D-Saccharic_Acid,45
28.25,A4_D-Saccharic_Acid,41
28.5,A4_D-Saccharic_Acid,35
28.75,A4_D-Saccharic_Acid,41
29.0,A4_D-Saccharic_Acid,38
29.25,A4_D-Saccharic_Acid,40
29.5,A4_D-Saccharic_Acid,41
29.75,A4_D-Saccharic_Acid,42
30.0,A4_D-Saccharic_Acid,39
30.25,A4_D-Saccharic_Acid,35
30.5,A4_D-Saccharic_Acid,36
30.75,A4_D-Saccharic_Acid,36
31.0,A4_D-Saccharic_Acid,42
31.25,A4_D-Saccharic_Acid,40
31.5,A4_D-Saccharic_Acid,41
31.75,A4_D-Saccharic_Acid,36
32.0,A4_D-Saccharic_Acid,42
32.25,A4_D-Saccharic_Acid,36
32.5,A4_D-Saccharic_Acid,33
32.75,A4_D-Saccharic_Acid,36
33.0,A4_D-Saccharic_Acid,40
33.25,A4_D-Saccharic_Acid,35
33.5,A4_D-Saccharic_Acid,36
33.75,A4_D-Saccharic_Acid,44
34.0,A4_D-Saccharic_Acid,44
34.25,A4_D-Saccharic_Acid,41
34.5,A4_D-Saccharic_Acid,33
34.75,A4_D-Saccharic_Acid,40
35.0,A4_D-Saccharic_Acid,33
35.25,A4_D-Saccharic_Acid,42
35.5,A4_D-Saccharic_Acid,43
35.75,A4_D-Saccharic_Acid,46
36.0,A4_D-Saccharic_Acid,41
36.25,A4_D-Saccharic_Acid,33
36.5,A4_D-Saccharic_Acid,37
36.75,A4_D-Saccharic_Acid,37
37.0,A4_D-Saccharic_Acid,34
37.25,A4_D-Saccharic_Acid,35
37.5,A4_D-Saccharic_Acid,34
37.75,A4_D-Saccharic_Acid,42
38.0,A4_D-Saccharic_Acid,37
38.25,A4_D-Saccharic_Acid,38
38.5,A4_D-Saccharic_Acid,36
38.75,A4_D-Saccharic_Acid,38
39.0,A4_D-Saccharic_Acid,33
39.25,A4_D-Saccharic_Acid,32
39.5,A4_D-Saccharic_Acid,43
39.75,A4_D-Saccharic_Acid,36
40.0,A4_D-Saccharic_Acid,42
40.25,A4_D-Saccharic_Acid,40
40.5,A4_D-Saccharic_Acid,38
40.75,A4_D-Saccharic_Acid,41
41.0,A4_D-Saccharic_Acid,42
41.25,A4_D-Saccharic_Acid,47
41.5,A4_D-Saccharic_Acid,37
41.75,A4_D-Saccharic_Acid,36
42.0,A4_D-Saccharic_Acid,40
42.25,A4_D-Saccharic_Acid,40
42.5,A4_D-Saccharic_Acid,34
42.75,A4_D-Saccharic_Acid,44
43.0,A4_D-Saccharic_Acid,36
43.25,A4_D-Saccharic_Acid,39
43.5,A4_D-Saccharic_Acid,37
43.75,A4_D-Saccharic_Acid,43
44.0,A4_D-Saccharic_Acid,33
44.25,A4_D-Saccharic_Acid,37
44.5,A4_D-Saccharic_Acid,42
44.75,A4_D-Saccharic_Acid,42
45.0,A4_D-Saccharic_Acid,37
45.25,A4_D-Saccharic_Acid,37
45.5,A4_D-Saccharic_Acid,43
45.75,A4_D-Saccharic_Acid,42
46.0,A4_D-Saccharic_Acid,39
46.25,A4_D-Saccharic_Acid,33
46.5,A4_D-Saccharic_Acid,45
46.75,A4_D-Saccharic_Acid,40
47.0,A4_D-Saccharic_Acid,38
47.25,A4_D-Saccharic_Acid,37
47.5,A4_D-Saccharic_Acid,0
0.0,A5_Succinic_Acid,16
0.25,A5_Succinic_Acid,20
0.5,A5_Succinic_Acid,21
0.75,A5_Succinic_Acid,24
1.0,A5_Succinic_Acid,21
1.25,A5_Succinic_Acid,22
1.5,A5_Succinic_Acid,20
1.75,A5_Succinic_Acid,26
2.0,A5_Succinic_Acid,21
2.25,A5_Succinic_Acid,21
2.5,A5_Succinic_Acid,23
2.75,A5_Succinic_Acid,27
3.0,A5_Succinic_Acid,29
3.25,A5_Succinic_Acid,24
3.5,A5_Succinic_Acid,26
3.75,A5_Succinic_Acid,26
4.0,A5_Succinic_Acid,27
4.25,A5_Succinic_Acid,28
4.5,A5_Succinic_Acid,27
4.75,A5_Succinic_Acid,33
5.0,A5_Succinic_Acid,21
5.25,A5_Succinic_Acid,24
5.5,A5_Succinic_Acid,27
5.75,A5_Succinic_Acid,28
6.0,A5_Succinic_Acid,27
6.25,A5_Succinic_Acid,27
6.5,A5_Succinic_Acid,32
6.75,A5_Succinic_Acid,34
7.0,A5_Succinic_Acid,31
7.25,A5_Succinic_Acid,35
7.5,A5_Succinic_Acid,36
7.75,A5_Succinic_Acid,36
8.0,A5_Succinic_Acid,40
8.25,A5_Succinic_Acid,43
8.5,A5_Succinic_Acid,41
8.75,A5_Succinic_Acid,44
9.0,A5_Succinic_Acid,49
9.25,A5_Succinic_Acid,50
9.5,A5_Succinic_Acid,51
9.75,A5_Succinic_Acid,58
10.0,A5_Succinic_Acid,54
10.25,A5_Succinic_Acid,61
10.5,A5_Succinic_Acid,62
10.75,A5_Succinic_Acid,62
11.0,A5_Succinic_Acid,57
11.25,A5_Succinic_Acid,71
11.5,A5_Succinic_Acid,74
11.75,A5_Succinic_Acid,68
12.0,A5_Succinic_Acid,73
12.25,A5_Succinic_Acid,82
12.5,A5_Succinic_Acid,75
12.75,A5_Succinic_Acid,73
13.0,A5_Succinic_Acid,75
13.25,A5_Succinic_Acid,75
13.5,A5_Succinic_Acid,81
13.75,A5_Succinic_Acid,85
14.0,A5_Succinic_Acid,82
14.25,A5_Succinic_Acid,82
14.5,A5_Succinic_Acid,79
14.75,A5_Succinic_Acid,87
15.0,A5_Succinic_Acid,85
15.25,A5_Succinic_Acid,88
15.5,A5_Succinic_Acid,95
15.75,A5_Succinic_Acid,91
16.0,A5_Succinic_Acid,94
16.25,A5_Succinic_Acid,91
16.5,A5_Succinic_Acid,97
16.75,A5_Succinic_Acid,99
17.0,A5_Succinic_Acid,107
17.25,A5_Succinic_Acid,103
17.5,A5_Succinic_Acid,101
17.75,A5_Succinic_Acid,105
18.0,A5_Succinic_Acid,107
18.25,A5_Succinic_Acid,104
18.5,A5_Succinic_Acid,103
18.75,A5_Succinic_Acid,109
19.0,A5_Succinic_Acid,106
19.25,A5_Succinic_Acid,106
19.5,A5_Succinic_Acid,107
19.75,A5_Succinic_Acid,107
20.0,A5_Succinic_Acid,101
20.25,A5_Succinic_Acid,103
20.5,A5_Succinic_Acid,106
20.75,A5_Succinic_Acid,116
21.0,A5_Succinic_Acid,111
21.25,A5_Succinic_Acid,114
21.5,A5_Succinic_Acid,103
21.75,A5_Succinic_Acid,109
22.0,A5_Succinic_Acid,111
22.25,A5_Succinic_Acid,109
22.5,A5_Succinic_Acid,112
22.75,A5_Succinic_Acid,108
23.0,A5_Succinic_Acid,110
23.25,A5_Succinic_Acid,111
23.5,A5_Succinic_Acid,109
23.75,A5_Succinic_Acid,112
24.0,A5_Succinic_Acid,109
24.25,A5_Succinic_Acid,111
24.5,A5_Succinic_Acid,107
24.75,A5_Succinic_Acid,107
25.0,A5_Succinic_Acid,107
25.25,A5_Succinic_Acid,115
25.5,A5_Succinic_Acid,112
25.75,A5_Succinic_Acid,116
26.0,A5_Succinic_Acid,109
26.25,A5_Succinic_Acid,116
26.5,A5_Succinic_Acid,111
26.75,A5_Succinic_Acid,106
27.0,A5_Succinic_Acid,107
27.25,A5_Succinic_Acid,105
27.5,A5_Succinic_Acid,115
27.75,A5_Succinic_Acid,107
28.0,A5_Succinic_Acid,113
28.25,A5_Succinic_Acid,106
28.5,A5_Succinic_Acid,110
28.75,A5_Succinic_Acid,107
29.0,A5_Succinic_Acid,112
29.25,A5_Succinic_Acid,114
29.5,A5_Succinic_Acid,110
29.75,A5_Succinic_Acid,114
30.0,A5_Succinic_Acid,111
30.25,A5_Succinic_Acid,114
30.5,A5_Succinic_Acid,112
30.75,A5_Succinic_Acid,104
31.0,A5_Succinic_Acid,113
31.25,A5_Succinic_Acid,106
31.5,A5_Succinic_Acid,111
31.75,A5_Succinic_Acid,104
32.0,A5_Succinic_Acid,112
32.25,A5_Succinic_Acid,103
32.5,A5_Succinic_Acid,104
32.75,A5_Succinic_Acid,109
33.0,A5_Succinic_Acid,117
33.25,A5_Succinic_Acid,99
33.5,A5_Succinic_Acid,102
33.75,A5_Succinic_Acid,113
34.0,A5_Succinic_Acid,109
34.25,A5_Succinic_Acid,109
34.5,A5_Succinic_Acid,104
34.75,A5_Succinic_Acid,110
35.0,A5_Succinic_Acid,106
35.25,A5_Succinic_Acid,111
35.5,A5_Succinic_Acid,110
35.75,A5_Succinic_Acid,111
36.0,A5_Succinic_Acid,111
36.25,A5_Succinic_Acid,106
36.5,A5_Succinic_Acid,112
36.75,A5_Succinic_Acid,110
37.0,A5_Succinic_Acid,100
37.25,A5_Succinic_Acid,102
37.5,A5_Succinic_Acid,100
37.75,A5_Succinic_Acid,110
38.0,A5_Succinic_Acid,108
38.25,A5_Succinic_Acid,108
38.5,A5_Succinic_Acid,107
38.75,A5_Succinic_Acid,108
39.0,A5_Succinic_Acid,102
39.25,A5_Succinic_Acid,108
39.5,A5_Succinic_Acid,112
39.75,A5_Succinic_Acid,101
40.0,A5_Succinic_Acid,110
40.25,A5_Succinic_Acid,112
40.5,A5_Succinic_Acid,110
40.75,A5_Succinic_Acid,110
41.0,A5_Succinic_Acid,112
41.25,A5_Succinic_Acid,111
41.5,A5_Succinic_Acid,101
41.75,A5_Succinic_Acid,104
42.0,A5_Succinic_Acid,107
42.25,A5_Succinic_Acid,109
42.5,A5_Succinic_Acid,102
42.75,A5_Succinic_Acid,111
43.0,A5_Succinic_Acid,101
43.25,A5_Succinic_Acid,107
43.5,A5_Succinic_Acid,114
43.75,A5_Succinic_Acid,110
44.0,A5_Succinic_Acid,100
44.25,A5_Succinic_Acid,102
44.5,A5_Succinic_Acid,106
44.75,A5_Succinic_Acid,110
45.0,A5_Succinic_Acid,98
45.25,A5_Succinic_Acid,99
45.5,A5_Succinic_Acid,106
45.75,A5_Succinic_Acid,104
46.0,A5_Succinic_Acid,99
46.25,A5_Succinic_Acid,99
46.5,A5_Succinic_Acid,116
46.75,A5_Succinic_Acid,102
47.0,A5_Succinic_Acid,97
47.25,A5_Succinic_Acid,102
47.5,A5_Succinic_Acid,0
0.0,A6_D-Galactose,21
0.25,A6_D-Galactose,22
0.5,A6_D-Galactose,16
0.75,A6_D-Galactose,16
1.0,A6_D-Galactose,17
1.25,A6_D-Galactose,18
1.5,A6_D-Galactose,13
1.75,A6_D-Galactose,18
2.0,A6_D-Galactose,15
2.25,A6_D-Galactose,13
2.5,A6_D-Galactose,14
2.75,A6_D-Galactose,23
3.0,A6_D-Galactose,19
3.25,A6_D-Galactose,20
3.5,A6_D-Galactose,15
3.75,A6_D-Galactose,20
4.0,A6_D-Galactose,15
4.25,A6_D-Galactose,17
4.5,A6_D-Galactose,19
4.75,A6_D-Galactose,20
5.0,A6_D-Galactose,18
5.25,A6_D-Galactose,23
5.5,A6_D-Galactose,24
5.75,A6_D-Galactose,20
6.0,A6_D-Galactose,20
6.25,A6_D-Galactose,25
6.5,A6_D-Galactose,27
6.75,A6_D-Galactose,26
7.0,A6_D-Galactose,27
7.25,A6_D-Galactose,34
7.5,A6_D-Galactose,33
7.75,A6_D-Galactose,35
8.0,A6_D-Galactose,37
8.25,A6_D-Galactose,44
8.5,A6_D-Galactose,41
8.75,A6_D-Galactose,40
9.0,A6_D-Galactose,48
9.25,A6_D-Galactose,50
9.5,A6_D-Galactose,55
9.75,A6_D-Galactose,59
10.0,A6_D-Galactose,62
10.25,A6_D-Galactose,64
10.5,A6_D-Galactose,62
10.75,A6_D-Galactose,72
11.0,A6_D-Galactose,69
11.25,A6_D-Galactose,78
11.5,A6_D-Galactose,80
11.75,A6_D-Galactose,85
12.0,A6_D-Galactose,87
12.25,A6_D-Galactose,98
12.5,A6_D-Galactose,104
12.75,A6_D-Galactose,102
13.0,A6_D-Galactose,102
13.25,A6_D-Galactose,118
13.5,A6_D-Galactose,120
13.75,A6_D-Galactose,123
14.0,A6_D-Galactose,125
14.25,A6_D-Galactose,134
14.5,A6_D-Galactose,128
14.75,A6_D-Galactose,137
15.0,A6_D-Galactose,151
15.25,A6_D-Galactose,150
15.5,A6_D-Galactose,153
15.75,A6_D-Galactose,154
16.0,A6_D-Galactose,163
16.25,A6_D-Galactose,162
16.5,A6_D-Galactose,161
16.75,A6_D-Galactose,165
17.0,A6_D-Galactose,177
17.25,A6_D-Galactose,178
17.5,A6_D-Galactose,185
17.75,A6_D-Galactose,185
18.0,A6_D-Galactose,191
18.25,A6_D-Galactose,187
18.5,A6_D-Galactose,195
18.75,A6_D-Galactose,191
19.0,A6_D-Galactose,199
19.25,A6_D-Galactose,195
19.5,A6_D-Galactose,198
19.75,A6_D-Galactose,201
20.0,A6_D-Galactose,202
20.25,A6_D-Galactose,199
20.5,A6_D-Galactose,209
20.75,A6_D-Galactose,214
21.0,A6_D-Galactose,212
21.25,A6_D-Galactose,216
21.5,A6_D-Galactose,217
21.75,A6_D-Galactose,213
22.0,A6_D-Galactose,217
22.25,A6_D-Galactose,219
22.5,A6_D-Galactose,224
22.75,A6_D-Galactose,222
23.0,A6_D-Galactose,224
23.25,A6_D-Galactose,225
23.5,A6_D-Galactose,229
23.75,A6_D-Galactose,228
24.0,A6_D-Galactose,233
24.25,A6_D-Galactose,232
24.5,A6_D-Galactose,229
24.75,A6_D-Galactose,237
25.0,A6_D-Galactose,237
25.25,A6_D-Galactose,240
25.5,A6_D-Galactose,239
25.75,A6_D-Galactose,245
26.0,A6_D-Galactose,240
26.25,A6_D-Galactose,244
26.5,A6_D-Galactose,245
26.75,A6_D-Galactose,244
27.0,A6_D-Galactose,243
27.25,A6_D-Galactose,241
27.5,A6_D-Galactose,249
27.75,A6_D-Galactose,248
28.0,A6_D-Galactose,251
28.25,A6_D-Galactose,252
28.5,A6_D-Galactose,251
28.75,A6_D-Galactose,251
29.0,A6_D-Galactose,256
29.25,A6_D-Galactose,256
29.5,A6_D-Galactose,253
29.75,A6_D-Galactose,256
30.0,A6_D-Galactose,263
30.25,A6_D-Galactose,260
30.5,A6_D-Galactose,263
30.75,A6_D-Galactose,257
31.0,A6_D-Galactose,263
31.25,A6_D-Galactose,261
31.5,A6_D-Galactose,264
31.75,A6_D-Galactose,262
32.0,A6_D-Galactose,269
32.25,A6_D-Galactose,262
32.5,A6_D-Galactose,262
32.75,A6_D-Galactose,266
33.0,A6_D-Galactose,269
33.25,A6_D-Galactose,264
33.5,A6_D-Galactose,265
33.75,A6_D-Galactose,271
34.0,A6_D-Galactose,271
34.25,A6_D-Galactose,274
34.5,A6_D-Galactose,269
34.75,A6_D-Galactose,271
35.0,A6_D-Galactose,269
35.25,A6_D-Galactose,273
35.5,A6_D-Galactose,275
35.75,A6_D-Galactose,273
36.0,A6_D-Galactose,274
36.25,A6_D-Galactose,269
36.5,A6_D-Galactose,274
36.75,A6_D-Galactose,276
37.0,A6_D-Galactose,271
37.25,A6_D-Galactose,268
37.5,A6_D-Galactose,268
37.75,A6_D-Galactose,279
38.0,A6_D-Galactose,271
38.25,A6_D-Galactose,276
38.5,A6_D-Galactose,276
38.75,A6_D-Galactose,277
39.0,A6_D-Galactose,274
39.25,A6_D-Galactose,274
39.5,A6_D-Galactose,277
39.75,A6_D-Galactose,271
40.0,A6_D-Galactose,278
40.25,A6_D-Galactose,282
40.5,A6_D-Galactose,279
40.75,A6_D-Galactose,283
41.0,A6_D-Galactose,279
41.25,A6_D-Galactose,281
41.5,A6_D-Galactose,277
41.75,A6_D-Galactose,275
42.0,A6_D-Galactose,283
42.25,A6_D-Galactose,285
42.5,A6_D-Galactose,276
42.75,A6_D-Galactose,284
43.0,A6_D-Galactose,276
43.25,A6_D-Galactose,279
43.5,A6_D-Galactose,282
43.75,A6_D-Galactose,282
44.0,A6_D-Galactose,277
44.25,A6_D-Galactose,283
44.5,A6_D-Galactose,286
44.75,A6_D-Galactose,286
45.0,A6_D-Galactose,276
45.25,A6_D-Galactose,279
45.5,A6_D-Galactose,281
45.75,A6_D-Galactose,281
46.0,A6_D-Galactose,279
46.25,A6_D-Galactose,280
46.5,A6_D-Galactose,286
46.75,A6_D-Galactose,281
47.0,A6_D-Galactose,277
47.25,A6_D-Galactose,282
47.5,A6_D-Galactose,0
0.0,A7_L-Aspartic_Acid,36
0.25,A7_L-Aspartic_Acid,22
0.5,A7_L-Aspartic_Acid,23
0.75,A7_L-Aspartic_Acid,26
1.0,A7_L-Aspartic_Acid,20
1.25,A7_L-Aspartic_Acid,23
1.5,A7_L-Aspartic_Acid,26
1.75,A7_L-Aspartic_Acid,24
2.0,A7_L-Aspartic_Acid,22
2.25,A7_L-Aspartic_Acid,19
2.5,A7_L-Aspartic_Acid,22
2.75,A7_L-Aspartic_Acid,29
3.0,A7_L-Aspartic_Acid,23
3.25,A7_L-Aspartic_Acid,23
3.5,A7_L-Aspartic_Acid,25
3.75,A7_L-Aspartic_Acid,22
4.0,A7_L-Aspartic_Acid,25
4.25,A7_L-Aspartic_Acid,24
4.5,A7_L-Aspartic_Acid,23
4.75,A7_L-Aspartic_Acid,28
5.0,A7_L-Aspartic_Acid,22
5.25,A7_L-Aspartic_Acid,23
5.5,A7_L-Aspartic_Acid,25
5.75,A7_L-Aspartic_Acid,26
6.0,A7_L-Aspartic_Acid,23
6.25,A7_L-Aspartic_Acid,29
6.5,A7_L-Aspartic_Acid,29
6.75,A7_L-Aspartic_Acid,30
7.0,A7_L-Aspartic_Acid,28
7.25,A7_L-Aspartic_Acid,32
7.5,A7_L-Aspartic_Acid,36
7.75,A7_L-Aspartic_Acid,31
8.0,A7_L-Aspartic_Acid,33
8.25,A7_L-Aspartic_Acid,36
8.5,A7_L-Aspartic_Acid,35
8.75,A7_L-Aspartic_Acid,38
9.0,A7_L-Aspartic_Acid,42
9.25,A7_L-Aspartic_Acid,39
9.5,A7_L-Aspartic_Acid,41
9.75,A7_L-Aspartic_Acid,38
10.0,A7_L-Aspartic_Acid,43
10.25,A7_L-Aspartic_Acid,41
10.5,A7_L-Aspartic_Acid,40
10.75,A7_L-Aspartic_Acid,40
11.0,A7_L-Aspartic_Acid,41
11.25,A7_L-Aspartic_Acid,47
11.5,A7_L-Aspartic_Acid,47
11.75,A7_L-Aspartic_Acid,49
12.0,A7_L-Aspartic_Acid,42
12.25,A7_L-Aspartic_Acid,50
12.5,A7_L-Aspartic_Acid,48
12.75,A7_L-Aspartic_Acid,52
13.0,A7_L-Aspartic_Acid,53
13.25,A7_L-Aspartic_Acid,52
13.5,A7_L-Aspartic_Acid,53
13.75,A7_L-Aspartic_Acid,55
14.0,A7_L-Aspartic_Acid,52
14.25,A7_L-Aspartic_Acid,56
14.5,A7_L-Aspartic_Acid,52
14.75,A7_L-Aspartic_Acid,58
15.0,A7_L-Aspartic_Acid,57
15.25,A7_L-Aspartic_Acid,61
15.5,A7_L-Aspartic_Acid,62
15.75,A7_L-Aspartic_Acid,64
16.0,A7_L-Aspartic_Acid,65
16.25,A7_L-Aspartic_Acid,59
16.5,A7_L-Aspartic_Acid,59
16.75,A7_L-Aspartic_Acid,58
17.0,A7_L-Aspartic_Acid,64
17.25,A7_L-Aspartic_Acid,65
17.5,A7_L-Aspartic_Acid,64
17.75,A7_L-Aspartic_Acid,66
18.0,A7_L-Aspartic_Acid,67
18.25,A7_L-Aspartic_Acid,71
18.5,A7_L-Aspartic_Acid,72
18.75,A7_L-Aspartic_Acid,72
19.0,A7_L-Aspartic_Acid,73
19.25,A7_L-Aspartic_Acid,70
19.5,A7_L-Aspartic_Acid,73
19.75,A7_L-Aspartic_Acid,73
20.0,A7_L-Aspartic_Acid,74
20.25,A7_L-Aspartic_Acid,73
20.5,A7_L-Aspartic_Acid,77
20.75,A7_L-Aspartic_Acid,81
21.0,A7_L-Aspartic_Acid,76
21.25,A7_L-Aspartic_Acid,78
21.5,A7_L-Aspartic_Acid,78
21.75,A7_L-Aspartic_Acid,74
22.0,A7_L-Aspartic_Acid,80
22.25,A7_L-Aspartic_Acid,82
22.5,A7_L-Aspartic_Acid,81
22.75,A7_L-Aspartic_Acid,77
23.0,A7_L-Aspartic_Acid,81
23.25,A7_L-Aspartic_Acid,83
23.5,A7_L-Aspartic_Acid,80
23.75,A7_L-Aspartic_Acid,85
24.0,A7_L-Aspartic_Acid,83
24.25,A7_L-Aspartic_Acid,82
24.5,A7_L-Aspartic_Acid,82
24.75,A7_L-Aspartic_Acid,83
25.0,A7_L-Aspartic_Acid,85
25.25,A7_L-Aspartic_Acid,87
25.5,A7_L-Aspartic_Acid,86
25.75,A7_L-Aspartic_Acid,87
26.0,A7_L-Aspartic_Acid,86
26.25,A7_L-Aspartic_Acid,89
26.5,A7_L-Aspartic_Acid,92
26.75,A7_L-Aspartic_Acid,92
27.0,A7_L-Aspartic_Acid,88
27.25,A7_L-Aspartic_Acid,90
27.5,A7_L-Aspartic_Acid,93
27.75,A7_L-Aspartic_Acid,94
28.0,A7_L-Aspartic_Acid,93
28.25,A7_L-Aspartic_Acid,92
28.5,A7_L-Aspartic_Acid,97
28.75,A7_L-Aspartic_Acid,96
29.0,A7_L-Aspartic_Acid,98
29.25,A7_L-Aspartic_Acid,95
29.5,A7_L-Aspartic_Acid,93
29.75,A7_L-Aspartic_Acid,98
30.0,A7_L-Aspartic_Acid,97
30.25,A7_L-Aspartic_Acid,106
30.5,A7_L-Aspartic_Acid,101
30.75,A7_L-Aspartic_Acid,96
31.0,A7_L-Aspartic_Acid,97
31.25,A7_L-Aspartic_Acid,103
31.5,A7_L-Aspartic_Acid,102
31.75,A7_L-Aspartic_Acid,103
32.0,A7_L-Aspartic_Acid,106
32.25,A7_L-Aspartic_Acid,97
32.5,A7_L-Aspartic_Acid,96
32.75,A7_L-Aspartic_Acid,104
33.0,A7_L-Aspartic_Acid,106
33.25,A7_L-Aspartic_Acid,97
33.5,A7_L-Aspartic_Acid,97
33.75,A7_L-Aspartic_Acid,106
34.0,A7_L-Aspartic_Acid,106
34.25,A7_L-Aspartic_Acid,100
34.5,A7_L-Aspartic_Acid,99
34.75,A7_L-Aspartic_Acid,102
35.0,A7_L-Aspartic_Acid,102
35.25,A7_L-Aspartic_Acid,103
35.5,A7_L-Aspartic_Acid,106
35.75,A7_L-Aspartic_Acid,102
36.0,A7_L-Aspartic_Acid,101
36.25,A7_L-Aspartic_Acid,94
36.5,A7_L-Aspartic_Acid,104
36.75,A7_L-Aspartic_Acid,103
37.0,A7_L-Aspartic_Acid,101
37.25,A7_L-Aspartic_Acid,98
37.5,A7_L-Aspartic_Acid,93
37.75,A7_L-Aspartic_Acid,102
38.0,A7_L-Aspartic_Acid,96
38.25,A7_L-Aspartic_Acid,103
38.5,A7_L-Aspartic_Acid,104
38.75,A7_L-Aspartic_Acid,105
39.0,A7_L-Aspartic_Acid,99
39.25,A7_L-Aspartic_Acid,95
39.5,A7_L-Aspartic_Acid,97
39.75,A7_L-Aspartic_Acid,97
40.0,A7_L-Aspartic_Acid,101
40.25,A7_L-Aspartic_Acid,103
40.5,A7_L-Aspartic_Acid,96
40.75,A7_L-Aspartic_Acid,105
41.0,A7_L-Aspartic_Acid,99
41.25,A7_L-Aspartic_Acid,100
41.5,A7_L-Aspartic_Acid,92
41.75,A7_L-Aspartic_Acid,97
42.0,A7_L-Aspartic_Acid,98
42.25,A7_L-Aspartic_Acid,101
42.5,A7_L-Aspartic_Acid,91
42.75,A7_L-Aspartic_Acid,103
43.0,A7_L-Aspartic_Acid,97
43.25,A7_L-Aspartic_Acid,95
43.5,A7_L-Aspartic_Acid,100
43.75,A7_L-Aspartic_Acid,103
44.0,A7_L-Aspartic_Acid,95
44.25,A7_L-Aspartic_Acid,97
44.5,A7_L-Aspartic_Acid,98
44.75,A7_L-Aspartic_Acid,102
45.0,A7_L-Aspartic_Acid,95
45.25,A7_L-Aspartic_Acid,91
45.5,A7_L-Aspartic_Acid,102
45.75,A7_L-Aspartic_Acid,99
46.0,A7_L-Aspartic_Acid,97
46.25,A7_L-Aspartic_Acid,95
46.5,A7_L-Aspartic_Acid,100
46.75,A7_L-Aspartic_Acid,95
47.0,A7_L-Aspartic_Acid,92
47.25,A7_L-Aspartic_Acid,96
47.5,A7_L-Aspartic_Acid,0
0.0,A8_L-Proline,40
0.25,A8_L-Proline,18
0.5,A8_L-Proline,17
0.75,A8_L-Proline,23
1.0,A8_L-Proline,16
1.25,A8_L-Proline,20
1.5,A8_L-Proline,22
1.75,A8_L-Proline,24
2.0,A8_L-Proline,20
2.25,A8_L-Proline,19
2.5,A8_L-Proline,19
2.75,A8_L-Proline,18
3.0,A8_L-Proline,21
3.25,A8_L-Proline,20
3.5,A8_L-Proline,19
3.75,A8_L-Proline,18
4.0,A8_L-Proline,20
4.25,A8_L-Proline,22
4.5,A8_L-Proline,24
4.75,A8_L-Proline,18
5.0,A8_L-Proline,21
5.25,A8_L-Proline,25
5.5,A8_L-Proline,19
5.75,A8_L-Proline,23
6.0,A8_L-Proline,21
6.25,A8_L-Proline,21
6.5,A8_L-Proline,22
6.75,A8_L-Proline,25
7.0,A8_L-Proline,24
7.25,A8_L-Proline,27
7.5,A8_L-Proline,26
7.75,A8_L-Proline,32
8.0,A8_L-Proline,31
8.25,A8_L-Proline,26
8.5,A8_L-Proline,32
8.75,A8_L-Proline,29
9.0,A8_L-Proline,37
9.25,A8_L-Proline,30
9.5,A8_L-Proline,37
9.75,A8_L-Proline,37
10.0,A8_L-Proline,37
10.25,A8_L-Proline,38
10.5,A8_L-Proline,43
10.75,A8_L-Proline,44
11.0,A8_L-Proline,41
11.25,A8_L-Proline,42
11.5,A8_L-Proline,50
11.75,A8_L-Proline,47
12.0,A8_L-Proline,47
12.25,A8_L-Proline,49
12.5,A8_L-Proline,52
12.75,A8_L-Proline,49
13.0,A8_L-Proline,52
13.25,A8_L-Proline,50
13.5,A8_L-Proline,54
13.75,A8_L-Proline,55
14.0,A8_L-Proline,57
14.25,A8_L-Proline,61
14.5,A8_L-Proline,59
14.75,A8_L-Proline,64
15.0,A8_L-Proline,60
15.25,A8_L-Proline,61
15.5,A8_L-Proline,64
15.75,A8_L-Proline,66
16.0,A8_L-Proline,69
16.25,A8_L-Proline,70
16.5,A8_L-Proline,70
16.75,A8_L-Proline,75
17.0,A8_L-Proline,70
17.25,A8_L-Proline,67
17.5,A8_L-Proline,73
17.75,A8_L-Proline,75
18.0,A8_L-Proline,81
18.25,A8_L-Proline,76
18.5,A8_L-Proline,82
18.75,A8_L-Proline,89
19.0,A8_L-Proline,89
19.25,A8_L-Proline,90
19.5,A8_L-Proline,89
19.75,A8_L-Proline,94
20.0,A8_L-Proline,90
20.25,A8_L-Proline,89
20.5,A8_L-Proline,98
20.75,A8_L-Proline,104
21.0,A8_L-Proline,102
21.25,A8_L-Proline,102
21.5,A8_L-Proline,101
21.75,A8_L-Proline,99
22.0,A8_L-Proline,108
22.25,A8_L-Proline,102
22.5,A8_L-Proline,112
22.75,A8_L-Proline,108
23.0,A8_L-Proline,111
23.25,A8_L-Proline,117
23.5,A8_L-Proline,117
23.75,A8_L-Proline,117
24.0,A8_L-Proline,120
24.25,A8_L-Proline,113
24.5,A8_L-Proline,123
24.75,A8_L-Proline,117
25.0,A8_L-Proline,121
25.25,A8_L-Proline,126
25.5,A8_L-Proline,126
25.75,A8_L-Proline,132
26.0,A8_L-Proline,123
26.25,A8_L-Proline,134
26.5,A8_L-Proline,130
26.75,A8_L-Proline,137
27.0,A8_L-Proline,136
27.25,A8_L-Proline,131
27.5,A8_L-Proline,140
27.75,A8_L-Proline,140
28.0,A8_L-Proline,139
28.25,A8_L-Proline,135
28.5,A8_L-Proline,140
28.75,A8_L-Proline,145
29.0,A8_L-Proline,149
29.25,A8_L-Proline,149
29.5,A8_L-Proline,143
29.75,A8_L-Proline,150
30.0,A8_L-Proline,157
30.25,A8_L-Proline,155
30.5,A8_L-Proline,157
30.75,A8_L-Proline,152
31.0,A8_L-Proline,158
31.25,A8_L-Proline,160
31.5,A8_L-Proline,160
31.75,A8_L-Proline,161
32.0,A8_L-Proline,167
32.25,A8_L-Proline,161
32.5,A8_L-Proline,165
32.75,A8_L-Proline,173
33.0,A8_L-Proline,170
33.25,A8_L-Proline,165
33.5,A8_L-Proline,167
33.75,A8_L-Proline,174
34.0,A8_L-Proline,176
34.25,A8_L-Proline,178
34.5,A8_L-Proline,174
34.75,A8_L-Proline,175
35.0,A8_L-Proline,179
35.25,A8_L-Proline,186
35.5,A8_L-Proline,184
35.75,A8_L-Proline,183
36.0,A8_L-Proline,184
36.25,A8_L-Proline,183
36.5,A8_L-Proline,189
36.75,A8_L-Proline,187
37.0,A8_L-Proline,187
37.25,A8_L-Proline,189
37.5,A8_L-Proline,187
37.75,A8_L-Proline,190
38.0,A8_L-Proline,187
38.25,A8_L-Proline,192
38.5,A8_L-Proline,194
38.75,A8_L-Proline,193
39.0,A8_L-Proline,190
39.25,A8_L-Proline,195
39.5,A8_L-Proline,201
39.75,A8_L-Proline,198
40.0,A8_L-Proline,200
40.25,A8_L-Proline,203
40.5,A8_L-Proline,203
40.75,A8_L-Proline,209
41.0,A8_L-Proline,202
41.25,A8_L-Proline,207
41.5,A8_L-Proline,205
41.75,A8_L-Proline,206
42.0,A8_L-Proline,209
42.25,A8_L-Proline,210
42.5,A8_L-Proline,205
42.75,A8_L-Proline,213
43.0,A8_L-Proline,211
43.25,A8_L-Proline,213
43.5,A8_L-Proline,214
43.75,A8_L-Proline,217
44.0,A8_L-Proline,215
44.25,A8_L-Proline,217
44.5,A8_L-Proline,216
44.75,A8_L-Proline,218
45.0,A8_L-Proline,219
45.25,A8_L-Proline,217
45.5,A8_L-Proline,224
45.75,A8_L-Proline,223
46.0,A8_L-Proline,221
46.25,A8_L-Proline,222
46.5,A8_L-Proline,226
46.75,A8_L-Proline,225
47.0,A8_L-Proline,226
47.25,A8_L-Proline,224
47.5,A8_L-Proline,0
0.0,A9_D-Alanine,21
0.25,A9_D-Alanine,16
0.5,A9_D-Alanine,22
0.75,A9_D-Alanine,24
1.0,A9_D-Alanine,22
1.25,A9_D-Alanine,23
1.5,A9_D-Alanine,18
1.75,A9_D-Alanine,24
2.0,A9_D-Alanine,18
2.25,A9_D-Alanine,19
2.5,A9_D-Alanine,20
2.75,A9_D-Alanine,22
3.0,A9_D-Alanine,26
3.25,A9_D-Alanine,20
3.5,A9_D-Alanine,23
3.75,A9_D-Alanine,25
4.0,A9_D-Alanine,25
4.25,A9_D-Alanine,24
4.5,A9_D-Alanine,20
4.75,A9_D-Alanine,25
5.0,A9_D-Alanine,23
5.25,A9_D-Alanine,25
5.5,A9_D-Alanine,22
5.75,A9_D-Alanine,25
6.0,A9_D-Alanine,26
6.25,A9_D-Alanine,28
6.5,A9_D-Alanine,24
6.75,A9_D-Alanine,23
7.0,A9_D-Alanine,26
7.25,A9_D-Alanine,27
7.5,A9_D-Alanine,29
7.75,A9_D-Alanine,29
8.0,A9_D-Alanine,26
8.25,A9_D-Alanine,29
8.5,A9_D-Alanine,25
8.75,A9_D-Alanine,25
9.0,A9_D-Alanine,31
9.25,A9_D-Alanine,25
9.5,A9_D-Alanine,29
9.75,A9_D-Alanine,28
10.0,A9_D-Alanine,26
10.25,A9_D-Alanine,28
10.5,A9_D-Alanine,29
10.75,A9_D-Alanine,28
11.0,A9_D-Alanine,32
11.25,A9_D-Alanine,30
11.5,A9_D-Alanine,34
11.75,A9_D-Alanine,32
12.0,A9_D-Alanine,31
12.25,A9_D-Alanine,32
12.5,A9_D-Alanine,28
12.75,A9_D-Alanine,30
13.0,A9_D-Alanine,31
13.25,A9_D-Alanine,32
13.5,A9_D-Alanine,32
13.75,A9_D-Alanine,32
14.0,A9_D-Alanine,29
14.25,A9_D-Alanine,29
14.5,A9_D-Alanine,29
14.75,A9_D-Alanine,31
15.0,A9_D-Alanine,33
15.25,A9_D-Alanine,33
15.5,A9_D-Alanine,36
15.75,A9_D-Alanine,32
16.0,A9_D-Alanine,37
16.25,A9_D-Alanine,32
16.5,A9_D-Alanine,34
16.75,A9_D-Alanine,37
17.0,A9_D-Alanine,35
17.25,A9_D-Alanine,35
17.5,A9_D-Alanine,36
17.75,A9_D-Alanine,35
18.0,A9_D-Alanine,38
18.25,A9_D-Alanine,35
18.5,A9_D-Alanine,40
18.75,A9_D-Alanine,36
19.0,A9_D-Alanine,32
19.25,A9_D-Alanine,39
19.5,A9_D-Alanine,36
19.75,A9_D-Alanine,38
20.0,A9_D-Alanine,34
20.25,A9_D-Alanine,36
20.5,A9_D-Alanine,35
20.75,A9_D-Alanine,35
21.0,A9_D-Alanine,38
21.25,A9_D-Alanine,35
21.5,A9_D-Alanine,33
21.75,A9_D-Alanine,35
22.0,A9_D-Alanine,36
22.25,A9_D-Alanine,37
22.5,A9_D-Alanine,34
22.75,A9_D-Alanine,37
23.0,A9_D-Alanine,39
23.25,A9_D-Alanine,37
23.5,A9_D-Alanine,38
23.75,A9_D-Alanine,36
24.0,A9_D-Alanine,36
24.25,A9_D-Alanine,37
24.5,A9_D-Alanine,34
24.75,A9_D-Alanine,35
25.0,A9_D-Alanine,35
25.25,A9_D-Alanine,41
25.5,A9_D-Alanine,34
25.75,A9_D-Alanine,39
26.0,A9_D-Alanine,40
26.25,A9_D-Alanine,38
26.5,A9_D-Alanine,36
26.75,A9_D-Alanine,39
27.0,A9_D-Alanine,34
27.25,A9_D-Alanine,35
27.5,A9_D-Alanine,36
27.75,A9_D-Alanine,34
28.0,A9_D-Alanine,36
28.25,A9_D-Alanine,36
28.5,A9_D-Alanine,35
28.75,A9_D-Alanine,37
29.0,A9_D-Alanine,39
29.25,A9_D-Alanine,34
29.5,A9_D-Alanine,32
29.75,A9_D-Alanine,33
30.0,A9_D-Alanine,33
30.25,A9_D-Alanine,39
30.5,A9_D-Alanine,37
30.75,A9_D-Alanine,36
31.0,A9_D-Alanine,37
31.25,A9_D-Alanine,37
31.5,A9_D-Alanine,43
31.75,A9_D-Alanine,38
32.0,A9_D-Alanine,37
32.25,A9_D-Alanine,40
32.5,A9_D-Alanine,39
32.75,A9_D-Alanine,37
33.0,A9_D-Alanine,35
33.25,A9_D-Alanine,38
33.5,A9_D-Alanine,38
33.75,A9_D-Alanine,40
34.0,A9_D-Alanine,40
34.25,A9_D-Alanine,39
34.5,A9_D-Alanine,42
34.75,A9_D-Alanine,39
35.0,A9_D-Alanine,35
35.25,A9_D-Alanine,36
35.5,A9_D-Alanine,37
35.75,A9_D-Alanine,42
36.0,A9_D-Alanine,39
36.25,A9_D-Alanine,38
36.5,A9_D-Alanine,37
36.75,A9_D-Alanine,40
37.0,A9_D-Alanine,37
37.25,A9_D-Alanine,35
37.5,A9_D-Alanine,34
37.75,A9_D-Alanine,38
38.0,A9_D-Alanine,40
38.25,A9_D-Alanine,40
38.5,A9_D-Alanine,40
38.75,A9_D-Alanine,35
39.0,A9_D-Alanine,39
39.25,A9_D-Alanine,41
39.5,A9_D-Alanine,35
39.75,A9_D-Alanine,38
40.0,A9_D-Alanine,37
40.25,A9_D-Alanine,44
40.5,A9_D-Alanine,40
40.75,A9_D-Alanine,42
41.0,A9_D-Alanine,39
41.25,A9_D-Alanine,37
41.5,A9_D-Alanine,40
41.75,A9_D-Alanine,37
42.0,A9_D-Alanine,38
42.25,A9_D-Alanine,38
42.5,A9_D-Alanine,41
42.75,A9_D-Alanine,41
43.0,A9_D-Alanine,39
43.25,A9_D-Alanine,38
43.5,A9_D-Alanine,39
43.75,A9_D-Alanine,39
44.0,A9_D-Alanine,42
44.25,A9_D-Alanine,37
44.5,A9_D-Alanine,42
44.75,A9_D-Alanine,40
45.0,A9_D-Alanine,37
45.25,A9_D-Alanine,42
45.5,A9_D-Alanine,39
45.75,A9_D-Alanine,38
46.0,A9_D-Alanine,38
46.25,A9_D-Alanine,37
46.5,A9_D-Alanine,41
46.75,A9_D-Alanine,41
47.0,A9_D-Alanine,41
47.25,A9_D-Alanine,41
47.5,A9_D-Alanine,0
0.0,A10_D-Trehalose,46
0.25,A10_D-Trehalose,31
0.5,A10_D-Trehalose,26
0.75,A10_D-Trehalose,26
1.0,A10_D-Trehalose,27
1.25,A10_D-Trehalose,21
1.5,A10_D-Trehalose,22
1.75,A10_D-Trehalose,29
2.0,A10_D-Trehalose,25
2.25,A10_D-Trehalose,24
2.5,A10_D-Trehalose,26
2.75,A10_D-Trehalose,23
3.0,A10_D-Trehalose,24
3.25,A10_D-Trehalose,22
3.5,A10_D-Trehalose,22
3.75,A10_D-Trehalose,23
4.0,A10_D-Trehalose,22
4.25,A10_D-Trehalose,20
4.5,A10_D-Trehalose,23
4.75,A10_D-Trehalose,24
5.0,A10_D-Trehalose,22
5.25,A10_D-Trehalose,24
5.5,A10_D-Trehalose,23
5.75,A10_D-Trehalose,29
6.0,A10_D-Trehalose,25
6.25,A10_D-Trehalose,26
6.5,A10_D-Trehalose,29
6.75,A10_D-Trehalose,24
7.0,A10_D-Trehalose,25
7.25,A10_D-Trehalose,27
7.5,A10_D-Trehalose,26
7.75,A10_D-Trehalose,31
8.0,A10_D-Trehalose,29
8.25,A10_D-Trehalose,32
8.5,A10_D-Trehalose,36
8.75,A10_D-Trehalose,37
9.0,A10_D-Trehalose,35
9.25,A10_D-Trehalose,33
9.5,A10_D-Trehalose,33
9.75,A10_D-Trehalose,35
10.0,A10_D-Trehalose,35
10.25,A10_D-Trehalose,34
10.5,A10_D-Trehalose,33
10.75,A10_D-Trehalose,33
11.0,A10_D-Trehalose,33
11.25,A10_D-Trehalose,35
11.5,A10_D-Trehalose,37
11.75,A10_D-Trehalose,33
12.0,A10_D-Trehalose,37
12.25,A10_D-Trehalose,35
12.5,A10_D-Trehalose,34
12.75,A10_D-Trehalose,39
13.0,A10_D-Trehalose,33
13.25,A10_D-Trehalose,39
13.5,A10_D-Trehalose,37
13.75,A10_D-Trehalose,37
14.0,A10_D-Trehalose,35
14.25,A10_D-Trehalose,38
14.5,A10_D-Trehalose,37
14.75,A10_D-Trehalose,42
15.0,A10_D-Trehalose,40
15.25,A10_D-Trehalose,43
15.5,A10_D-Trehalose,36
15.75,A10_D-Trehalose,42
16.0,A10_D-Trehalose,40
16.25,A10_D-Trehalose,39
16.5,A10_D-Trehalose,41
16.75,A10_D-Trehalose,35
17.0,A10_D-Trehalose,42
17.25,A10_D-Trehalose,41
17.5,A10_D-Trehalose,41
17.75,A10_D-Trehalose,40
18.0,A10_D-Trehalose,41
18.25,A10_D-Trehalose,46
18.5,A10_D-Trehalose,43
18.75,A10_D-Trehalose,43
19.0,A10_D-Trehalose,43
19.25,A10_D-Trehalose,44
19.5,A10_D-Trehalose,43
19.75,A10_D-Trehalose,46
20.0,A10_D-Trehalose,44
20.25,A10_D-Trehalose,46
20.5,A10_D-Trehalose,39
20.75,A10_D-Trehalose,45
21.0,A10_D-Trehalose,50
21.25,A10_D-Trehalose,43
21.5,A10_D-Trehalose,43
21.75,A10_D-Trehalose,46
22.0,A10_D-Trehalose,46
22.25,A10_D-Trehalose,40
22.5,A10_D-Trehalose,46
22.75,A10_D-Trehalose,44
23.0,A10_D-Trehalose,50
23.25,A10_D-Trehalose,50
23.5,A10_D-Trehalose,49
23.75,A10_D-Trehalose,46
24.0,A10_D-Trehalose,48
24.25,A10_D-Trehalose,44
24.5,A10_D-Trehalose,47
24.75,A10_D-Trehalose,48
25.0,A10_D-Trehalose,47
25.25,A10_D-Trehalose,48
25.5,A10_D-Trehalose,51
25.75,A10_D-Trehalose,53
26.0,A10_D-Trehalose,50
26.25,A10_D-Trehalose,49
26.5,A10_D-Trehalose,48
26.75,A10_D-Trehalose,50
27.0,A10_D-Trehalose,49
27.25,A10_D-Trehalose,47
27.5,A10_D-Trehalose,54
27.75,A10_D-Trehalose,50
28.0,A10_D-Trehalose,52
28.25,A10_D-Trehalose,48
28.5,A10_D-Trehalose,51
28.75,A10_D-Trehalose,50
29.0,A10_D-Trehalose,51
29.25,A10_D-Trehalose,52
29.5,A10_D-Trehalose,51
29.75,A10_D-Trehalose,53
30.0,A10_D-Trehalose,53
30.25,A10_D-Trehalose,51
30.5,A10_D-Trehalose,54
30.75,A10_D-Trehalose,45
31.0,A10_D-Trehalose,54
31.25,A10_D-Trehalose,49
31.5,A10_D-Trehalose,54
31.75,A10_D-Trehalose,48
32.0,A10_D-Trehalose,53
32.25,A10_D-Trehalose,56
32.5,A10_D-Trehalose,54
32.75,A10_D-Trehalose,51
33.0,A10_D-Trehalose,59
33.25,A10_D-Trehalose,53
33.5,A10_D-Trehalose,50
33.75,A10_D-Trehalose,57
34.0,A10_D-Trehalose,57
34.25,A10_D-Trehalose,55
34.5,A10_D-Trehalose,53
34.75,A10_D-Trehalose,52
35.0,A10_D-Trehalose,54
35.25,A10_D-Trehalose,58
35.5,A10_D-Trehalose,55
35.75,A10_D-Trehalose,61
36.0,A10_D-Trehalose,61
36.25,A10_D-Trehalose,50
36.5,A10_D-Trehalose,57
36.75,A10_D-Trehalose,60
37.0,A10_D-Trehalose,57
37.25,A10_D-Trehalose,48
37.5,A10_D-Trehalose,47
37.75,A10_D-Trehalose,58
38.0,A10_D-Trehalose,52
38.25,A10_D-Trehalose,55
38.5,A10_D-Trehalose,59
38.75,A10_D-Trehalose,55
39.0,A10_D-Trehalose,53
39.25,A10_D-Trehalose,56
39.5,A10_D-Trehalose,58
39.75,A10_D-Trehalose,54
40.0,A10_D-Trehalose,60
40.25,A10_D-Trehalose,58
40.5,A10_D-Trehalose,62
40.75,A10_D-Trehalose,59
41.0,A10_D-Trehalose,59
41.25,A10_D-Trehalose,60
41.5,A10_D-Trehalose,57
41.75,A10_D-Trehalose,55
42.0,A10_D-Trehalose,60
42.25,A10_D-Trehalose,66
42.5,A10_D-Trehalose,54
42.75,A10_D-Trehalose,59
43.0,A10_D-Trehalose,53
43.25,A10_D-Trehalose,58
43.5,A10_D-Trehalose,63
43.75,A10_D-Trehalose,65
44.0,A10_D-Trehalose,56
44.25,A10_D-Trehalose,58
44.5,A10_D-Trehalose,61
44.75,A10_D-Trehalose,60
45.0,A10_D-Trehalose,56
45.25,A10_D-Trehalose,56
45.5,A10_D-Trehalose,56
45.75,A10_D-Trehalose,63
46.0,A10_D-Trehalose,57
46.25,A10_D-Trehalose,59
46.5,A10_D-Trehalose,65
46.75,A10_D-Trehalose,59
47.0,A10_D-Trehalose,53
47.25,A10_D-Trehalose,58
47.5,A10_D-Trehalose,0
0.0,A11_D-Mannose,24
0.25,A11_D-Mannose,22
0.5,A11_D-Mannose,21
0.75,A11_D-Mannose,29
1.0,A11_D-Mannose,20
1.25,A11_D-Mannose,27
1.5,A11_D-Mannose,24
1.75,A11_D-Mannose,26
2.0,A11_D-Mannose,26
2.25,A11_D-Mannose,27
2.5,A11_D-Mannose,28
2.75,A11_D-Mannose,24
3.0,A11_D-Mannose,23
3.25,A11_D-Mannose,25
3.5,A11_D-Mannose,23
3.75,A11_D-Mannose,27
4.0,A11_D-Mannose,20
4.25,A11_D-Mannose,29
4.5,A11_D-Mannose,22
4.75,A11_D-Mannose,29
5.0,A11_D-Mannose,26
5.25,A11_D-Mannose,29
5.5,A11_D-Mannose,24
5.75,A11_D-Mannose,26
6.0,A11_D-Mannose,24
6.25,A11_D-Mannose,31
6.5,A11_D-Mannose,28
6.75,A11_D-Mannose,30
7.0,A11_D-Mannose,36
7.25,A11_D-Mannose,34
7.5,A11_D-Mannose,35
7.75,A11_D-Mannose,43
8.0,A11_D-Mannose,47
8.25,A11_D-Mannose,40
8.5,A11_D-Mannose,45
8.75,A11_D-Mannose,45
9.0,A11_D-Mannose,46
9.25,A11_D-Mannose,43
9.5,A11_D-Mannose,47
9.75,A11_D-Mannose,50
10.0,A11_D-Mannose,49
10.25,A11_D-Mannose,50
10.5,A11_D-Mannose,50
10.75,A11_D-Mannose,55
11.0,A11_D-Mannose,57
11.25,A11_D-Mannose,54
11.5,A11_D-Mannose,60
11.75,A11_D-Mannose,58
12.0,A11_D-Mannose,62
12.25,A11_D-Mannose,67
12.5,A11_D-Mannose,69
12.75,A11_D-Mannose,69
13.0,A11_D-Mannose,75
13.25,A11_D-Mannose,77
13.5,A11_D-Mannose,84
13.75,A11_D-Mannose,80
14.0,A11_D-Mannose,82
14.25,A11_D-Mannose,85
14.5,A11_D-Mannose,83
14.75,A11_D-Mannose,90
15.0,A11_D-Mannose,88
15.25,A11_D-Mannose,89
15.5,A11_D-Mannose,97
15.75,A11_D-Mannose,93
16.0,A11_D-Mannose,97
16.25,A11_D-Mannose,93
16.5,A11_D-Mannose,105
16.75,A11_D-Mannose,107
17.0,A11_D-Mannose,101
17.25,A11_D-Mannose,107
17.5,A11_D-Mannose,112
17.75,A11_D-Mannose,115
18.0,A11_D-Mannose,119
18.25,A11_D-Mannose,122
18.5,A11_D-Mannose,126
18.75,A11_D-Mannose,131
19.0,A11_D-Mannose,138
19.25,A11_D-Mannose,144
19.5,A11_D-Mannose,141
19.75,A11_D-Mannose,149
20.0,A11_D-Mannose,153
20.25,A11_D-Mannose,154
20.5,A11_D-Mannose,161
20.75,A11_D-Mannose,157
21.0,A11_D-Mannose,160
21.25,A11_D-Mannose,180
21.5,A11_D-Mannose,173
21.75,A11_D-Mannose,171
22.0,A11_D-Mannose,177
22.25,A11_D-Mannose,180
22.5,A11_D-Mannose,188
22.75,A11_D-Mannose,185
23.0,A11_D-Mannose,191
23.25,A11_D-Mannose,198
23.5,A11_D-Mannose,195
23.75,A11_D-Mannose,200
24.0,A11_D-Mannose,210
24.25,A11_D-Mannose,210
24.5,A11_D-Mannose,205
24.75,A11_D-Mannose,206
25.0,A11_D-Mannose,211
25.25,A11_D-Mannose,211
25.5,A11_D-Mannose,216
25.75,A11_D-Mannose,222
26.0,A11_D-Mannose,219
26.25,A11_D-Mannose,229
26.5,A11_D-Mannose,229
26.75,A11_D-Mannose,228
27.0,A11_D-Mannose,231
27.25,A11_D-Mannose,228
27.5,A11_D-Mannose,231
27.75,A11_D-Mannose,235
28.0,A11_D-Mannose,238
28.25,A11_D-Mannose,230
28.5,A11_D-Mannose,234
28.75,A11_D-Mannose,239
29.0,A11_D-Mannose,242
29.25,A11_D-Mannose,239
29.5,A11_D-Mannose,239
29.75,A11_D-Mannose,241
30.0,A11_D-Mannose,250
30.25,A11_D-Mannose,250
30.5,A11_D-Mannose,255
30.75,A11_D-Mannose,250
31.0,A11_D-Mannose,259
31.25,A11_D-Mannose,257
31.5,A11_D-Mannose,255
31.75,A11_D-Mannose,259
32.0,A11_D-Mannose,261
32.25,A11_D-Mannose,256
32.5,A11_D-Mannose,256
32.75,A11_D-Mannose,264
33.0,A11_D-Mannose,261
33.25,A11_D-Mannose,260
33.5,A11_D-Mannose,261
33.75,A11_D-Mannose,266
34.0,A11_D-Mannose,268
34.25,A11_D-Mannose,265
34.5,A11_D-Mannose,267
34.75,A11_D-Mannose,266
35.0,A11_D-Mannose,268
35.25,A11_D-Mannose,269
35.5,A11_D-Mannose,266
35.75,A11_D-Mannose,272
36.0,A11_D-Mannose,263
36.25,A11_D-Mannose,263
36.5,A11_D-Mannose,269
36.75,A11_D-Mannose,272
37.0,A11_D-Mannose,264
37.25,A11_D-Mannose,268
37.5,A11_D-Mannose,264
37.75,A11_D-Mannose,264
38.0,A11_D-Mannose,262
38.25,A11_D-Mannose,258
38.5,A11_D-Mannose,260
38.75,A11_D-Mannose,260
39.0,A11_D-Mannose,264
39.25,A11_D-Mannose,261
39.5,A11_D-Mannose,259
39.75,A11_D-Mannose,259
40.0,A11_D-Mannose,261
40.25,A11_D-Mannose,266
40.5,A11_D-Mannose,261
40.75,A11_D-Mannose,265
41.0,A11_D-Mannose,257
41.25,A11_D-Mannose,260
41.5,A11_D-Mannose,261
41.75,A11_D-Mannose,261
42.0,A11_D-Mannose,263
42.25,A11_D-Mannose,263
42.5,A11_D-Mannose,258
42.75,A11_D-Mannose,260
43.0,A11_D-Mannose,257
43.25,A11_D-Mannose,254
43.5,A11_D-Mannose,259
43.75,A11_D-Mannose,257
44.0,A11_D-Mannose,256
44.25,A11_D-Mannose,257
44.5,A11_D-Mannose,256
44.75,A11_D-Mannose,258
45.0,A11_D-Mannose,256
45.25,A11_D-Mannose,255
45.5,A11_D-Mannose,255
45.75,A11_D-Mannose,258
46.0,A11_D-Mannose,259
46.25,A11_D-Mannose,256
46.5,A11_D-Mannose,254
46.75,A11_D-Mannose,260
47.0,A11_D-Mannose,257
47.25,A11_D-Mannose,255
47.5,A11_D-Mannose,0
0.0,A12_Dulcitol,42
0.25,A12_Dulcitol,23
0.5,A12_Dulcitol,23
0.75,A12_Dulcitol,28
1.0,A12_Dulcitol,22
1.25,A12_Dulcitol,24
1.5,A12_Dulcitol,26
1.75,A12_Dulcitol,29
2.0,A12_Dulcitol,23
2.25,A12_Dulcitol,21
2.5,A12_Dulcitol,26
2.75,A12_Dulcitol,31
3.0,A12_Dulcitol,30
3.25,A12_Dulcitol,22
3.5,A12_Dulcitol,26
3.75,A12_Dulcitol,28
4.0,A12_Dulcitol,25
4.25,A12_Dulcitol,28
4.5,A12_Dulcitol,31
4.75,A12_Dulcitol,29
5.0,A12_Dulcitol,28
5.25,A12_Dulcitol,28
5.5,A12_Dulcitol,29
5.75,A12_Dulcitol,35
6.0,A12_Dulcitol,27
6.25,A12_Dulcitol,29
6.5,A12_Dulcitol,34
6.75,A12_Dulcitol,33
7.0,A12_Dulcitol,33
7.25,A12_Dulcitol,39
7.5,A12_Dulcitol,39
7.75,A12_Dulcitol,42
8.0,A12_Dulcitol,44
8.25,A12_Dulcitol,44
8.5,A12_Dulcitol,41
8.75,A12_Dulcitol,43
9.0,A12_Dulcitol,42
9.25,A12_Dulcitol,40
9.5,A12_Dulcitol,44
9.75,A12_Dulcitol,43
10.0,A12_Dulcitol,43
10.25,A12_Dulcitol,43
10.5,A12_Dulcitol,42
10.75,A12_Dulcitol,41
11.0,A12_Dulcitol,44
11.25,A12_Dulcitol,47
11.5,A12_Dulcitol,48
11.75,A12_Dulcitol,43
12.0,A12_Dulcitol,44
12.25,A12_Dulcitol,44
12.5,A12_Dulcitol,48
12.75,A12_Dulcitol,46
13.0,A12_Dulcitol,45
13.25,A12_Dulcitol,43
13.5,A12_Dulcitol,43
13.75,A12_Dulcitol,49
14.0,A12_Dulcitol,43
14.25,A12_Dulcitol,47
14.5,A12_Dulcitol,45
14.75,A12_Dulcitol,51
15.0,A12_Dulcitol,46
15.25,A12_Dulcitol,48
15.5,A12_Dulcitol,50
15.75,A12_Dulcitol,50
16.0,A12_Dulcitol,54
16.25,A12_Dulcitol,47
16.5,A12_Dulcitol,47
16.75,A12_Dulcitol,45
17.0,A12_Dulcitol,50
17.25,A12_Dulcitol,50
17.5,A12_Dulcitol,52
17.75,A12_Dulcitol,49
18.0,A12_Dulcitol,54
18.25,A12_Dulcitol,51
18.5,A12_Dulcitol,56
18.75,A12_Dulcitol,51
19.0,A12_Dulcitol,52
19.25,A12_Dulcitol,54
19.5,A12_Dulcitol,52
19.75,A12_Dulcitol,55
20.0,A12_Dulcitol,53
20.25,A12_Dulcitol,47
20.5,A12_Dulcitol,53
20.75,A12_Dulcitol,53
21.0,A12_Dulcitol,54
21.25,A12_Dulcitol,53
21.5,A12_Dulcitol,54
21.75,A12_Dulcitol,50
22.0,A12_Dulcitol,56
22.25,A12_Dulcitol,50
22.5,A12_Dulcitol,57
22.75,A12_Dulcitol,44
23.0,A12_Dulcitol,57
23.25,A12_Dulcitol,55
23.5,A12_Dulcitol,54
23.75,A12_Dulcitol,54
24.0,A12_Dulcitol,60
24.25,A12_Dulcitol,51
24.5,A12_Dulcitol,57
24.75,A12_Dulcitol,52
25.0,A12_Dulcitol,49
25.25,A12_Dulcitol,56
25.5,A12_Dulcitol,56
25.75,A12_Dulcitol,56
26.0,A12_Dulcitol,50
26.25,A12_Dulcitol,61
26.5,A12_Dulcitol,53
26.75,A12_Dulcitol,56
27.0,A12_Dulcitol,56
27.25,A12_Dulcitol,52
27.5,A12_Dulcitol,56
27.75,A12_Dulcitol,56
28.0,A12_Dulcitol,51
28.25,A12_Dulcitol,51
28.5,A12_Dulcitol,53
28.75,A12_Dulcitol,57
29.0,A12_Dulcitol,56
29.25,A12_Dulcitol,52
29.5,A12_Dulcitol,51
29.75,A12_Dulcitol,52
30.0,A12_Dulcitol,56
30.25,A12_Dulcitol,54
30.5,A12_Dulcitol,52
30.75,A12_Dulcitol,51
31.0,A12_Dulcitol,51
31.25,A12_Dulcitol,55
31.5,A12_Dulcitol,54
31.75,A12_Dulcitol,53
32.0,A12_Dulcitol,56
32.25,A12_Dulcitol,58
32.5,A12_Dulcitol,56
32.75,A12_Dulcitol,62
33.0,A12_Dulcitol,54
33.25,A12_Dulcitol,54
33.5,A12_Dulcitol,56
33.75,A12_Dulcitol,55
34.0,A12_Dulcitol,57
34.25,A12_Dulcitol,50
34.5,A12_Dulcitol,54
34.75,A12_Dulcitol,52
35.0,A12_Dulcitol,55
35.25,A12_Dulcitol,59
35.5,A12_Dulcitol,54
35.75,A12_Dulcitol,58
36.0,A12_Dulcitol,53
36.25,A12_Dulcitol,52
36.5,A12_Dulcitol,53
36.75,A12_Dulcitol,57
37.0,A12_Dulcitol,54
37.25,A12_Dulcitol,55
37.5,A12_Dulcitol,54
37.75,A12_Dulcitol,54
38.0,A12_Dulcitol,51
38.25,A12_Dulcitol,54
38.5,A12_Dulcitol,52
38.75,A12_Dulcitol,50
39.0,A12_Dulcitol,55
39.25,A12_Dulcitol,53
39.5,A12_Dulcitol,51
39.75,A12_Dulcitol,55
40.0,A12_Dulcitol,49
40.25,A12_Dulcitol,59
40.5,A12_Dulcitol,56
40.75,A12_Dulcitol,55
41.0,A12_Dulcitol,54
41.25,A12_Dulcitol,52
41.5,A12_Dulcitol,56
41.75,A12_Dulcitol,52
42.0,A12_Dulcitol,54
42.25,A12_Dulcitol,57
42.5,A12_Dulcitol,52
42.75,A12_Dulcitol,55
43.0,A12_Dulcitol,50
43.25,A12_Dulcitol,53
43.5,A12_Dulcitol,50
43.75,A12_Dulcitol,53
44.0,A12_Dulcitol,52
44.25,A12_Dulcitol,49
44.5,A12_Dulcitol,50
44.75,A12_Dulcitol,55
45.0,A12_Dulcitol,52
45.25,A12_Dulcitol,49
45.5,A12_Dulcitol,56
45.75,A12_Dulcitol,48
46.0,A12_Dulcitol,54
46.25,A12_Dulcitol,52
46.5,A12_Dulcitol,53
46.75,A12_Dulcitol,53
47.0,A12_Dulcitol,51
47.25,A12_Dulcitol,51
47.5,A12_Dulcitol,0
0.0,B1_D-Serine,24
0.25,B1_D-Serine,26
0.5,B1_D-Serine,26
0.75,B1_D-Serine,32
1.0,B1_D-Serine,29
1.25,B1_D-Serine,27
1.5,B1_D-Serine,27
1.75,B1_D-Serine,30
2.0,B1_D-Serine,28
2.25,B1_D-Serine,29
2.5,B1_D-Serine,29
2.75,B1_D-Serine,34
3.0,B1_D-Serine,32
3.25,B1_D-Serine,29
3.5,B1_D-Serine,33
3.75,B1_D-Serine,33
4.0,B1_D-Serine,29
4.25,B1_D-Serine,33
4.5,B1_D-Serine,28
4.75,B1_D-Serine,30
5.0,B1_D-Serine,35
5.25,B1_D-Serine,33
5.5,B1_D-Serine,29
5.75,B1_D-Serine,34
6.0,B1_D-Serine,33
6.25,B1_D-Serine,29
6.5,B1_D-Serine,34
6.75,B1_D-Serine,34
7.0,B1_D-Serine,31
7.25,B1_D-Serine,32
7.5,B1_D-Serine,33
7.75,B1_D-Serine,29
8.0,B1_D-Serine,35
8.25,B1_D-Serine,29
8.5,B1_D-Serine,32
8.75,B1_D-Serine,36
9.0,B1_D-Serine,35
9.25,B1_D-Serine,30
9.5,B1_D-Serine,32
9.75,B1_D-Serine,28
10.0,B1_D-Serine,31
10.25,B1_D-Serine,34
10.5,B1_D-Serine,35
10.75,B1_D-Serine,30
11.0,B1_D-Serine,32
11.25,B1_D-Serine,30
11.5,B1_D-Serine,32
11.75,B1_D-Serine,33
12.0,B1_D-Serine,36
12.25,B1_D-Serine,39
12.5,B1_D-Serine,35
12.75,B1_D-Serine,35
13.0,B1_D-Serine,33
13.25,B1_D-Serine,33
13.5,B1_D-Serine,36
13.75,B1_D-Serine,33
14.0,B1_D-Serine,31
14.25,B1_D-Serine,32
14.5,B1_D-Serine,34
14.75,B1_D-Serine,34
15.0,B1_D-Serine,34
15.25,B1_D-Serine,30
15.5,B1_D-Serine,35
15.75,B1_D-Serine,37
16.0,B1_D-Serine,38
16.25,B1_D-Serine,33
16.5,B1_D-Serine,34
16.75,B1_D-Serine,34
17.0,B1_D-Serine,32
17.25,B1_D-Serine,34
17.5,B1_D-Serine,38
17.75,B1_D-Serine,40
18.0,B1_D-Serine,38
18.25,B1_D-Serine,35
18.5,B1_D-Serine,35
18.75,B1_D-Serine,36
19.0,B1_D-Serine,33
19.25,B1_D-Serine,35
19.5,B1_D-Serine,32
19.75,B1_D-Serine,36
20.0,B1_D-Serine,41
20.25,B1_D-Serine,34
20.5,B1_D-Serine,34
20.75,B1_D-Serine,36
21.0,B1_D-Serine,36
21.25,B1_D-Serine,30
21.5,B1_D-Serine,35
21.75,B1_D-Serine,35
22.0,B1_D-Serine,32
22.25,B1_D-Serine,35
22.5,B1_D-Serine,35
22.75,B1_D-Serine,37
23.0,B1_D-Serine,31
23.25,B1_D-Serine,36
23.5,B1_D-Serine,36
23.75,B1_D-Serine,31
24.0,B1_D-Serine,36
24.25,B1_D-Serine,39
24.5,B1_D-Serine,32
24.75,B1_D-Serine,37
25.0,B1_D-Serine,33
25.25,B1_D-Serine,34
25.5,B1_D-Serine,37
25.75,B1_D-Serine,36
26.0,B1_D-Serine,35
26.25,B1_D-Serine,32
26.5,B1_D-Serine,37
26.75,B1_D-Serine,32
27.0,B1_D-Serine,36
27.25,B1_D-Serine,34
27.5,B1_D-Serine,32
27.75,B1_D-Serine,34
28.0,B1_D-Serine,41
28.25,B1_D-Serine,35
28.5,B1_D-Serine,37
28.75,B1_D-Serine,31
29.0,B1_D-Serine,35
29.25,B1_D-Serine,37
29.5,B1_D-Serine,39
29.75,B1_D-Serine,36
30.0,B1_D-Serine,35
30.25,B1_D-Serine,36
30.5,B1_D-Serine,38
30.75,B1_D-Serine,34
31.0,B1_D-Serine,36
31.25,B1_D-Serine,30
31.5,B1_D-Serine,37
31.75,B1_D-Serine,33
32.0,B1_D-Serine,41
32.25,B1_D-Serine,37
32.5,B1_D-Serine,43
32.75,B1_D-Serine,38
33.0,B1_D-Serine,39
33.25,B1_D-Serine,34
33.5,B1_D-Serine,31
33.75,B1_D-Serine,35
34.0,B1_D-Serine,37
34.25,B1_D-Serine,40
34.5,B1_D-Serine,36
34.75,B1_D-Serine,38
35.0,B1_D-Serine,38
35.25,B1_D-Serine,38
35.5,B1_D-Serine,38
35.75,B1_D-Serine,37
36.0,B1_D-Serine,43
36.25,B1_D-Serine,35
36.5,B1_D-Serine,38
36.75,B1_D-Serine,39
37.0,B1_D-Serine,37
37.25,B1_D-Serine,31
37.5,B1_D-Serine,30
37.75,B1_D-Serine,40
38.0,B1_D-Serine,36
38.25,B1_D-Serine,39
38.5,B1_D-Serine,37
38.75,B1_D-Serine,39
39.0,B1_D-Serine,38
39.25,B1_D-Serine,37
39.5,B1_D-Serine,41
39.75,B1_D-Serine,33
40.0,B1_D-Serine,36
40.25,B1_D-Serine,36
40.5,B1_D-Serine,38
40.75,B1_D-Serine,38
41.0,B1_D-Serine,42
41.25,B1_D-Serine,39
41.5,B1_D-Serine,36
41.75,B1_D-Serine,37
42.0,B1_D-Serine,39
42.25,B1_D-Serine,37
42.5,B1_D-Serine,31
42.75,B1_D-Serine,40
43.0,B1_D-Serine,34
43.25,B1_D-Serine,39
43.5,B1_D-Serine,35
43.75,B1_D-Serine,38
44.0,B1_D-Serine,37
44.25,B1_D-Serine,38
44.5,B1_D-Serine,34
44.75,B1_D-Serine,35
45.0,B1_D-Serine,36
45.25,B1_D-Serine,38
45.5,B1_D-Serine,38
45.75,B1_D-Serine,39
46.0,B1_D-Serine,38
46.25,B1_D-Serine,41
46.5,B1_D-Serine,39
46.75,B1_D-Serine,37
47.0,B1_D-Serine,33
47.25,B1_D-Serine,35
47.5,B1_D-Serine,0
0.0,B2_D-Sorbitol,19
0.25,B2_D-Sorbitol,16
0.5,B2_D-Sorbitol,19
0.75,B2_D-Sorbitol,23
1.0,B2_D-Sorbitol,20
1.25,B2_D-Sorbitol,19
1.5,B2_D-Sorbitol,18
1.75,B2_D-Sorbitol,20
2.0,B2_D-Sorbitol,21
2.25,B2_D-Sorbitol,18
2.5,B2_D-Sorbitol,22
2.75,B2_D-Sorbitol,24
3.0,B2_D-Sorbitol,23
3.25,B2_D-Sorbitol,22
3.5,B2_D-Sorbitol,19
3.75,B2_D-Sorbitol,23
4.0,B2_D-Sorbitol,21
4.25,B2_D-Sorbitol,26
4.5,B2_D-Sorbitol,23
4.75,B2_D-Sorbitol,21
5.0,B2_D-Sorbitol,24
5.25,B2_D-Sorbitol,24
5.5,B2_D-Sorbitol,24
5.75,B2_D-Sorbitol,26
6.0,B2_D-Sorbitol,25
6.25,B2_D-Sorbitol,21
6.5,B2_D-Sorbitol,24
6.75,B2_D-Sorbitol,23
7.0,B2_D-Sorbitol,29
7.25,B2_D-Sorbitol,25
7.5,B2_D-Sorbitol,29
7.75,B2_D-Sorbitol,30
8.0,B2_D-Sorbitol,28
8.25,B2_D-Sorbitol,32
8.5,B2_D-Sorbitol,33
8.75,B2_D-Sorbitol,31
9.0,B2_D-Sorbitol,31
9.25,B2_D-Sorbitol,28
9.5,B2_D-Sorbitol,32
9.75,B2_D-Sorbitol,32
10.0,B2_D-Sorbitol,29
10.25,B2_D-Sorbitol,30
10.5,B2_D-Sorbitol,29
10.75,B2_D-Sorbitol,33
11.0,B2_D-Sorbitol,33
11.25,B2_D-Sorbitol,32
11.5,B2_D-Sorbitol,30
11.75,B2_D-Sorbitol,31
12.0,B2_D-Sorbitol,35
12.25,B2_D-Sorbitol,33
12.5,B2_D-Sorbitol,33
12.75,B2_D-Sorbitol,34
13.0,B2_D-Sorbitol,36
13.25,B2_D-Sorbitol,33
13.5,B2_D-Sorbitol,34
13.75,B2_D-Sorbitol,34
14.0,B2_D-Sorbitol,34
14.25,B2_D-Sorbitol,36
14.5,B2_D-Sorbitol,33
14.75,B2_D-Sorbitol,34
15.0,B2_D-Sorbitol,35
15.25,B2_D-Sorbitol,33
15.5,B2_D-Sorbitol,35
15.75,B2_D-Sorbitol,37
16.0,B2_D-Sorbitol,35
16.25,B2_D-Sorbitol,33
16.5,B2_D-Sorbitol,35
16.75,B2_D-Sorbitol,37
17.0,B2_D-Sorbitol,36
17.25,B2_D-Sorbitol,39
17.5,B2_D-Sorbitol,34
17.75,B2_D-Sorbitol,38
18.0,B2_D-Sorbitol,40
18.25,B2_D-Sorbitol,36
18.5,B2_D-Sorbitol,34
18.75,B2_D-Sorbitol,37
19.0,B2_D-Sorbitol,37
19.25,B2_D-Sorbitol,35
19.5,B2_D-Sorbitol,39
19.75,B2_D-Sorbitol,41
20.0,B2_D-Sorbitol,39
20.25,B2_D-Sorbitol,37
20.5,B2_D-Sorbitol,37
20.75,B2_D-Sorbitol,39
21.0,B2_D-Sorbitol,38
21.25,B2_D-Sorbitol,36
21.5,B2_D-Sorbitol,39
21.75,B2_D-Sorbitol,45
22.0,B2_D-Sorbitol,38
22.25,B2_D-Sorbitol,36
22.5,B2_D-Sorbitol,39
22.75,B2_D-Sorbitol,36
23.0,B2_D-Sorbitol,40
23.25,B2_D-Sorbitol,39
23.5,B2_D-Sorbitol,34
23.75,B2_D-Sorbitol,39
24.0,B2_D-Sorbitol,37
24.25,B2_D-Sorbitol,41
24.5,B2_D-Sorbitol,37
24.75,B2_D-Sorbitol,42
25.0,B2_D-Sorbitol,39
25.25,B2_D-Sorbitol,38
25.5,B2_D-Sorbitol,42
25.75,B2_D-Sorbitol,40
26.0,B2_D-Sorbitol,36
26.25,B2_D-Sorbitol,42
26.5,B2_D-Sorbitol,38
26.75,B2_D-Sorbitol,40
27.0,B2_D-Sorbitol,39
27.25,B2_D-Sorbitol,38
27.5,B2_D-Sorbitol,37
27.75,B2_D-Sorbitol,37
28.0,B2_D-Sorbitol,41
28.25,B2_D-Sorbitol,37
28.5,B2_D-Sorbitol,39
28.75,B2_D-Sorbitol,41
29.0,B2_D-Sorbitol,34
29.25,B2_D-Sorbitol,39
29.5,B2_D-Sorbitol,38
29.75,B2_D-Sorbitol,38
30.0,B2_D-Sorbitol,41
30.25,B2_D-Sorbitol,43
30.5,B2_D-Sorbitol,39
30.75,B2_D-Sorbitol,36
31.0,B2_D-Sorbitol,38
31.25,B2_D-Sorbitol,40
31.5,B2_D-Sorbitol,40
31.75,B2_D-Sorbitol,37
32.0,B2_D-Sorbitol,37
32.25,B2_D-Sorbitol,40
32.5,B2_D-Sorbitol,39
32.75,B2_D-Sorbitol,37
33.0,B2_D-Sorbitol,39
33.25,B2_D-Sorbitol,39
33.5,B2_D-Sorbitol,37
33.75,B2_D-Sorbitol,38
34.0,B2_D-Sorbitol,39
34.25,B2_D-Sorbitol,40
34.5,B2_D-Sorbitol,40
34.75,B2_D-Sorbitol,36
35.0,B2_D-Sorbitol,38
35.25,B2_D-Sorbitol,40
35.5,B2_D-Sorbitol,41
35.75,B2_D-Sorbitol,42
36.0,B2_D-Sorbitol,43
36.25,B2_D-Sorbitol,38
36.5,B2_D-Sorbitol,41
36.75,B2_D-Sorbitol,39
37.0,B2_D-Sorbitol,37
37.25,B2_D-Sorbitol,40
37.5,B2_D-Sorbitol,33
37.75,B2_D-Sorbitol,38
38.0,B2_D-Sorbitol,39
38.25,B2_D-Sorbitol,39
38.5,B2_D-Sorbitol,41
38.75,B2_D-Sorbitol,38
39.0,B2_D-Sorbitol,34
39.25,B2_D-Sorbitol,37
39.5,B2_D-Sorbitol,34
39.75,B2_D-Sorbitol,38
40.0,B2_D-Sorbitol,37
40.25,B2_D-Sorbitol,43
40.5,B2_D-Sorbitol,42
40.75,B2_D-Sorbitol,38
41.0,B2_D-Sorbitol,35
41.25,B2_D-Sorbitol,38
41.5,B2_D-Sorbitol,37
41.75,B2_D-Sorbitol,41
42.0,B2_D-Sorbitol,37
42.25,B2_D-Sorbitol,40
42.5,B2_D-Sorbitol,38
42.75,B2_D-Sorbitol,40
43.0,B2_D-Sorbitol,40
43.25,B2_D-Sorbitol,40
43.5,B2_D-Sorbitol,37
43.75,B2_D-Sorbitol,39
44.0,B2_D-Sorbitol,38
44.25,B2_D-Sorbitol,37
44.5,B2_D-Sorbitol,39
44.75,B2_D-Sorbitol,37
45.0,B2_D-Sorbitol,37
45.25,B2_D-Sorbitol,34
45.5,B2_D-Sorbitol,33
45.75,B2_D-Sorbitol,33
46.0,B2_D-Sorbitol,39
46.25,B2_D-Sorbitol,35
46.5,B2_D-Sorbitol,41
46.75,B2_D-Sorbitol,39
47.0,B2_D-Sorbitol,38
47.25,B2_D-Sorbitol,38
47.5,B2_D-Sorbitol,0
0.0,B3_Glycerol,40
0.25,B3_Glycerol,25
0.5,B3_Glycerol,19
0.75,B3_Glycerol,24
1.0,B3_Glycerol,19
1.25,B3_Glycerol,17
1.5,B3_Glycerol,21
1.75,B3_Glycerol,24
2.0,B3_Glycerol,18
2.25,B3_Glycerol,23
2.5,B3_Glycerol,22
2.75,B3_Glycerol,22
3.0,B3_Glycerol,20
3.25,B3_Glycerol,20
3.5,B3_Glycerol,14
3.75,B3_Glycerol,15
4.0,B3_Glycerol,19
4.25,B3_Glycerol,22
4.5,B3_Glycerol,23
4.75,B3_Glycerol,18
5.0,B3_Glycerol,20
5.25,B3_Glycerol,21
5.5,B3_Glycerol,16
5.75,B3_Glycerol,19
6.0,B3_Glycerol,23
6.25,B3_Glycerol,24
6.5,B3_Glycerol,21
6.75,B3_Glycerol,20
7.0,B3_Glycerol,24
7.25,B3_Glycerol,27
7.5,B3_Glycerol,26
7.75,B3_Glycerol,32
8.0,B3_Glycerol,34
8.25,B3_Glycerol,32
8.5,B3_Glycerol,32
8.75,B3_Glycerol,35
9.0,B3_Glycerol,34
9.25,B3_Glycerol,38
9.5,B3_Glycerol,41
9.75,B3_Glycerol,40
10.0,B3_Glycerol,42
10.25,B3_Glycerol,41
10.5,B3_Glycerol,42
10.75,B3_Glycerol,46
11.0,B3_Glycerol,49
11.25,B3_Glycerol,53
11.5,B3_Glycerol,56
11.75,B3_Glycerol,63
12.0,B3_Glycerol,62
12.25,B3_Glycerol,65
12.5,B3_Glycerol,70
12.75,B3_Glycerol,75
13.0,B3_Glycerol,72
13.25,B3_Glycerol,81
13.5,B3_Glycerol,77
13.75,B3_Glycerol,83
14.0,B3_Glycerol,81
14.25,B3_Glycerol,88
14.5,B3_Glycerol,88
14.75,B3_Glycerol,90
15.0,B3_Glycerol,95
15.25,B3_Glycerol,103
15.5,B3_Glycerol,99
15.75,B3_Glycerol,103
16.0,B3_Glycerol,106
16.25,B3_Glycerol,112
16.5,B3_Glycerol,108
16.75,B3_Glycerol,114
17.0,B3_Glycerol,118
17.25,B3_Glycerol,125
17.5,B3_Glycerol,123
17.75,B3_Glycerol,129
18.0,B3_Glycerol,136
18.25,B3_Glycerol,135
18.5,B3_Glycerol,142
18.75,B3_Glycerol,140
19.0,B3_Glycerol,143
19.25,B3_Glycerol,144
19.5,B3_Glycerol,148
19.75,B3_Glycerol,156
20.0,B3_Glycerol,154
20.25,B3_Glycerol,153
20.5,B3_Glycerol,162
20.75,B3_Glycerol,163
21.0,B3_Glycerol,159
21.25,B3_Glycerol,162
21.5,B3_Glycerol,171
21.75,B3_Glycerol,163
22.0,B3_Glycerol,170
22.25,B3_Glycerol,171
22.5,B3_Glycerol,174
22.75,B3_Glycerol,175
23.0,B3_Glycerol,178
23.25,B3_Glycerol,180
23.5,B3_Glycerol,181
23.75,B3_Glycerol,186
24.0,B3_Glycerol,186
24.25,B3_Glycerol,189
24.5,B3_Glycerol,193
24.75,B3_Glycerol,193
25.0,B3_Glycerol,195
25.25,B3_Glycerol,196
25.5,B3_Glycerol,195
25.75,B3_Glycerol,199
26.0,B3_Glycerol,195
26.25,B3_Glycerol,205
26.5,B3_Glycerol,205
26.75,B3_Glycerol,208
27.0,B3_Glycerol,212
27.25,B3_Glycerol,209
27.5,B3_Glycerol,215
27.75,B3_Glycerol,220
28.0,B3_Glycerol,215
28.25,B3_Glycerol,214
28.5,B3_Glycerol,216
28.75,B3_Glycerol,212
29.0,B3_Glycerol,213
29.25,B3_Glycerol,215
29.5,B3_Glycerol,216
29.75,B3_Glycerol,217
30.0,B3_Glycerol,220
30.25,B3_Glycerol,219
30.5,B3_Glycerol,223
30.75,B3_Glycerol,221
31.0,B3_Glycerol,222
31.25,B3_Glycerol,222
31.5,B3_Glycerol,226
31.75,B3_Glycerol,225
32.0,B3_Glycerol,229
32.25,B3_Glycerol,231
32.5,B3_Glycerol,228
32.75,B3_Glycerol,231
33.0,B3_Glycerol,232
33.25,B3_Glycerol,232
33.5,B3_Glycerol,230
33.75,B3_Glycerol,234
34.0,B3_Glycerol,240
34.25,B3_Glycerol,239
34.5,B3_Glycerol,239
34.75,B3_Glycerol,242
35.0,B3_Glycerol,240
35.25,B3_Glycerol,241
35.5,B3_Glycerol,242
35.75,B3_Glycerol,246
36.0,B3_Glycerol,244
36.25,B3_Glycerol,248
36.5,B3_Glycerol,244
36.75,B3_Glycerol,247
37.0,B3_Glycerol,247
37.25,B3_Glycerol,246
37.5,B3_Glycerol,241
37.75,B3_Glycerol,246
38.0,B3_Glycerol,247
38.25,B3_Glycerol,247
38.5,B3_Glycerol,247
38.75,B3_Glycerol,249
39.0,B3_Glycerol,251
39.25,B3_Glycerol,249
39.5,B3_Glycerol,250
39.75,B3_Glycerol,253
40.0,B3_Glycerol,252
40.25,B3_Glycerol,254
40.5,B3_Glycerol,255
40.75,B3_Glycerol,258
41.0,B3_Glycerol,253
41.25,B3_Glycerol,256
41.5,B3_Glycerol,254
41.75,B3_Glycerol,256
42.0,B3_Glycerol,258
42.25,B3_Glycerol,257
42.5,B3_Glycerol,261
42.75,B3_Glycerol,257
43.0,B3_Glycerol,258
43.25,B3_Glycerol,255
43.5,B3_Glycerol,261
43.75,B3_Glycerol,262
44.0,B3_Glycerol,260
44.25,B3_Glycerol,262
44.5,B3_Glycerol,265
44.75,B3_Glycerol,265
45.0,B3_Glycerol,262
45.25,B3_Glycerol,262
45.5,B3_Glycerol,266
45.75,B3_Glycerol,264
46.0,B3_Glycerol,266
46.25,B3_Glycerol,265
46.5,B3_Glycerol,268
46.75,B3_Glycerol,265
47.0,B3_Glycerol,262
47.25,B3_Glycerol,261
47.5,B3_Glycerol,0
0.0,B4_L-Fucose,21
0.25,B4_L-Fucose,30
0.5,B4_L-Fucose,21
0.75,B4_L-Fucose,22
1.0,B4_L-Fucose,18
1.25,B4_L-Fucose,16
1.5,B4_L-Fucose,17
1.75,B4_L-Fucose,17
2.0,B4_L-Fucose,16
2.25,B4_L-Fucose,16
2.5,B4_L-Fucose,18
2.75,B4_L-Fucose,16
3.0,B4_L-Fucose,19
3.25,B4_L-Fucose,19
3.5,B4_L-Fucose,16
3.75,B4_L-Fucose,18
4.0,B4_L-Fucose,19
4.25,B4_L-Fucose,19
4.5,B4_L-Fucose,21
4.75,B4_L-Fucose,22
5.0,B4_L-Fucose,21
5.25,B4_L-Fucose,22
5.5,B4_L-Fucose,20
5.75,B4_L-Fucose,24
6.0,B4_L-Fucose,21
6.25,B4_L-Fucose,23
6.5,B4_L-Fucose,23
6.75,B4_L-Fucose,21
7.0,B4_L-Fucose,24
7.25,B4_L-Fucose,26
7.5,B4_L-Fucose,28
7.75,B4_L-Fucose,25
8.0,B4_L-Fucose,29
8.25,B4_L-Fucose,31
8.5,B4_L-Fucose,33
8.75,B4_L-Fucose,34
9.0,B4_L-Fucose,31
9.25,B4_L-Fucose,27
9.5,B4_L-Fucose,30
9.75,B4_L-Fucose,31
10.0,B4_L-Fucose,30
10.25,B4_L-Fucose,29
10.5,B4_L-Fucose,29
10.75,B4_L-Fucose,34
11.0,B4_L-Fucose,35
11.25,B4_L-Fucose,35
11.5,B4_L-Fucose,33
11.75,B4_L-Fucose,36
12.0,B4_L-Fucose,32
12.25,B4_L-Fucose,39
12.5,B4_L-Fucose,35
12.75,B4_L-Fucose,36
13.0,B4_L-Fucose,34
13.25,B4_L-Fucose,36
13.5,B4_L-Fucose,36
13.75,B4_L-Fucose,37
14.0,B4_L-Fucose,33
14.25,B4_L-Fucose,37
14.5,B4_L-Fucose,38
14.75,B4_L-Fucose,40
15.0,B4_L-Fucose,32
15.25,B4_L-Fucose,36
15.5,B4_L-Fucose,40
15.75,B4_L-Fucose,37
16.0,B4_L-Fucose,41
16.25,B4_L-Fucose,40
16.5,B4_L-Fucose,37
16.75,B4_L-Fucose,38
17.0,B4_L-Fucose,37
17.25,B4_L-Fucose,36
17.5,B4_L-Fucose,37
17.75,B4_L-Fucose,40
18.0,B4_L-Fucose,39
18.25,B4_L-Fucose,41
18.5,B4_L-Fucose,39
18.75,B4_L-Fucose,40
19.0,B4_L-Fucose,37
19.25,B4_L-Fucose,39
19.5,B4_L-Fucose,37
19.75,B4_L-Fucose,38
20.0,B4_L-Fucose,41
20.25,B4_L-Fucose,39
20.5,B4_L-Fucose,39
20.75,B4_L-Fucose,40
21.0,B4_L-Fucose,39
21.25,B4_L-Fucose,38
21.5,B4_L-Fucose,37
21.75,B4_L-Fucose,37
22.0,B4_L-Fucose,39
22.25,B4_L-Fucose,42
22.5,B4_L-Fucose,42
22.75,B4_L-Fucose,43
23.0,B4_L-Fucose,39
23.25,B4_L-Fucose,44
23.5,B4_L-Fucose,43
23.75,B4_L-Fucose,37
24.0,B4_L-Fucose,42
24.25,B4_L-Fucose,40
24.5,B4_L-Fucose,42
24.75,B4_L-Fucose,41
25.0,B4_L-Fucose,43
25.25,B4_L-Fucose,42
25.5,B4_L-Fucose,39
25.75,B4_L-Fucose,44
26.0,B4_L-Fucose,40
26.25,B4_L-Fucose,40
26.5,B4_L-Fucose,42
26.75,B4_L-Fucose,38
27.0,B4_L-Fucose,45
27.25,B4_L-Fucose,43
27.5,B4_L-Fucose,41
27.75,B4_L-Fucose,39
28.0,B4_L-Fucose,42
28.25,B4_L-Fucose,42
28.5,B4_L-Fucose,39
28.75,B4_L-Fucose,39
29.0,B4_L-Fucose,43
29.25,B4_L-Fucose,38
29.5,B4_L-Fucose,40
29.75,B4_L-Fucose,40
30.0,B4_L-Fucose,42
30.25,B4_L-Fucose,42
30.5,B4_L-Fucose,43
30.75,B4_L-Fucose,41
31.0,B4_L-Fucose,42
31.25,B4_L-Fucose,39
31.5,B4_L-Fucose,44
31.75,B4_L-Fucose,38
32.0,B4_L-Fucose,45
32.25,B4_L-Fucose,41
32.5,B4_L-Fucose,43
32.75,B4_L-Fucose,42
33.0,B4_L-Fucose,43
33.25,B4_L-Fucose,41
33.5,B4_L-Fucose,40
33.75,B4_L-Fucose,46
34.0,B4_L-Fucose,44
34.25,B4_L-Fucose,42
34.5,B4_L-Fucose,41
34.75,B4_L-Fucose,45
35.0,B4_L-Fucose,42
35.25,B4_L-Fucose,42
35.5,B4_L-Fucose,43
35.75,B4_L-Fucose,48
36.0,B4_L-Fucose,43
36.25,B4_L-Fucose,42
36.5,B4_L-Fucose,44
36.75,B4_L-Fucose,42
37.0,B4_L-Fucose,44
37.25,B4_L-Fucose,42
37.5,B4_L-Fucose,39
37.75,B4_L-Fucose,42
38.0,B4_L-Fucose,47
38.25,B4_L-Fucose,41
38.5,B4_L-Fucose,45
38.75,B4_L-Fucose,41
39.0,B4_L-Fucose,40
39.25,B4_L-Fucose,44
39.5,B4_L-Fucose,39
39.75,B4_L-Fucose,41
40.0,B4_L-Fucose,42
40.25,B4_L-Fucose,44
40.5,B4_L-Fucose,41
40.75,B4_L-Fucose,45
41.0,B4_L-Fucose,44
41.25,B4_L-Fucose,44
41.5,B4_L-Fucose,44
41.75,B4_L-Fucose,40
42.0,B4_L-Fucose,41
42.25,B4_L-Fucose,42
42.5,B4_L-Fucose,47
42.75,B4_L-Fucose,44
43.0,B4_L-Fucose,43
43.25,B4_L-Fucose,43
43.5,B4_L-Fucose,39
43.75,B4_L-Fucose,41
44.0,B4_L-Fucose,42
44.25,B4_L-Fucose,45
44.5,B4_L-Fucose,42
44.75,B4_L-Fucose,42
45.0,B4_L-Fucose,41
45.25,B4_L-Fucose,43
45.5,B4_L-Fucose,46
45.75,B4_L-Fucose,44
46.0,B4_L-Fucose,44
46.25,B4_L-Fucose,41
46.5,B4_L-Fucose,50
46.75,B4_L-Fucose,47
47.0,B4_L-Fucose,43
47.25,B4_L-Fucose,44
47.5,B4_L-Fucose,0
0.0,B5_D-Glucuronic_Acid,31
0.25,B5_D-Glucuronic_Acid,14
0.5,B5_D-Glucuronic_Acid,18
0.75,B5_D-Glucuronic_Acid,20
1.0,B5_D-Glucuronic_Acid,20
1.25,B5_D-Glucuronic_Acid,19
1.5,B5_D-Glucuronic_Acid,17
1.75,B5_D-Glucuronic_Acid,17
2.0,B5_D-Glucuronic_Acid,15
2.25,B5_D-Glucuronic_Acid,18
2.5,B5_D-Glucuronic_Acid,18
2.75,B5_D-Glucuronic_Acid,19
3.0,B5_D-Glucuronic_Acid,18
3.25,B5_D-Glucuronic_Acid,16
3.5,B5_D-Glucuronic_Acid,17
3.75,B5_D-Glucuronic_Acid,20
4.0,B5_D-Glucuronic_Acid,17
4.25,B5_D-Glucuronic_Acid,22
4.5,B5_D-Glucuronic_Acid,19
4.75,B5_D-Glucuronic_Acid,23
5.0,B5_D-Glucuronic_Acid,27
5.25,B5_D-Glucuronic_Acid,24
5.5,B5_D-Glucuronic_Acid,21
5.75,B5_D-Glucuronic_Acid,23
6.0,B5_D-Glucuronic_Acid,22
6.25,B5_D-Glucuronic_Acid,16
6.5,B5_D-Glucuronic_Acid,22
6.75,B5_D-Glucuronic_Acid,22
7.0,B5_D-Glucuronic_Acid,25
7.25,B5_D-Glucuronic_Acid,24
7.5,B5_D-Glucuronic_Acid,23
7.75,B5_D-Glucuronic_Acid,24
8.0,B5_D-Glucuronic_Acid,30
8.25,B5_D-Glucuronic_Acid,33
8.5,B5_D-Glucuronic_Acid,30
8.75,B5_D-Glucuronic_Acid,28
9.0,B5_D-Glucuronic_Acid,26
9.25,B5_D-Glucuronic_Acid,33
9.5,B5_D-Glucuronic_Acid,35
9.75,B5_D-Glucuronic_Acid,30
10.0,B5_D-Glucuronic_Acid,30
10.25,B5_D-Glucuronic_Acid,30
10.5,B5_D-Glucuronic_Acid,26
10.75,B5_D-Glucuronic_Acid,29
11.0,B5_D-Glucuronic_Acid,32
11.25,B5_D-Glucuronic_Acid,31
11.5,B5_D-Glucuronic_Acid,31
11.75,B5_D-Glucuronic_Acid,34
12.0,B5_D-Glucuronic_Acid,28
12.25,B5_D-Glucuronic_Acid,33
12.5,B5_D-Glucuronic_Acid,38
12.75,B5_D-Glucuronic_Acid,34
13.0,B5_D-Glucuronic_Acid,31
13.25,B5_D-Glucuronic_Acid,35
13.5,B5_D-Glucuronic_Acid,37
13.75,B5_D-Glucuronic_Acid,39
14.0,B5_D-Glucuronic_Acid,35
14.25,B5_D-Glucuronic_Acid,37
14.5,B5_D-Glucuronic_Acid,34
14.75,B5_D-Glucuronic_Acid,31
15.0,B5_D-Glucuronic_Acid,41
15.25,B5_D-Glucuronic_Acid,40
15.5,B5_D-Glucuronic_Acid,40
15.75,B5_D-Glucuronic_Acid,39
16.0,B5_D-Glucuronic_Acid,39
16.25,B5_D-Glucuronic_Acid,38
16.5,B5_D-Glucuronic_Acid,35
16.75,B5_D-Glucuronic_Acid,36
17.0,B5_D-Glucuronic_Acid,43
17.25,B5_D-Glucuronic_Acid,41
17.5,B5_D-Glucuronic_Acid,37
17.75,B5_D-Glucuronic_Acid,43
18.0,B5_D-Glucuronic_Acid,44
18.25,B5_D-Glucuronic_Acid,44
18.5,B5_D-Glucuronic_Acid,41
18.75,B5_D-Glucuronic_Acid,40
19.0,B5_D-Glucuronic_Acid,40
19.25,B5_D-Glucuronic_Acid,41
19.5,B5_D-Glucuronic_Acid,40
19.75,B5_D-Glucuronic_Acid,40
20.0,B5_D-Glucuronic_Acid,40
20.25,B5_D-Glucuronic_Acid,43
20.5,B5_D-Glucuronic_Acid,39
20.75,B5_D-Glucuronic_Acid,50
21.0,B5_D-Glucuronic_Acid,43
21.25,B5_D-Glucuronic_Acid,44
21.5,B5_D-Glucuronic_Acid,39
21.75,B5_D-Glucuronic_Acid,38
22.0,B5_D-Glucuronic_Acid,42
22.25,B5_D-Glucuronic_Acid,44
22.5,B5_D-Glucuronic_Acid,45
22.75,B5_D-Glucuronic_Acid,37
23.0,B5_D-Glucuronic_Acid,44
23.25,B5_D-Glucuronic_Acid,45
23.5,B5_D-Glucuronic_Acid,39
23.75,B5_D-Glucuronic_Acid,41
24.0,B5_D-Glucuronic_Acid,43
24.25,B5_D-Glucuronic_Acid,43
24.5,B5_D-Glucuronic_Acid,42
24.75,B5_D-Glucuronic_Acid,42
25.0,B5_D-Glucuronic_Acid,43
25.25,B5_D-Glucuronic_Acid,45
25.5,B5_D-Glucuronic_Acid,44
25.75,B5_D-Glucuronic_Acid,49
26.0,B5_D-Glucuronic_Acid,41
26.25,B5_D-Glucuronic_Acid,41
26.5,B5_D-Glucuronic_Acid,40
26.75,B5_D-Glucuronic_Acid,47
27.0,B5_D-Glucuronic_Acid,45
27.25,B5_D-Glucuronic_Acid,42
27.5,B5_D-Glucuronic_Acid,49
27.75,B5_D-Glucuronic_Acid,42
28.0,B5_D-Glucuronic_Acid,48
28.25,B5_D-Glucuronic_Acid,41
28.5,B5_D-Glucuronic_Acid,44
28.75,B5_D-Glucuronic_Acid,44
29.0,B5_D-Glucuronic_Acid,45
29.25,B5_D-Glucuronic_Acid,46
29.5,B5_D-Glucuronic_Acid,42
29.75,B5_D-Glucuronic_Acid,46
30.0,B5_D-Glucuronic_Acid,43
30.25,B5_D-Glucuronic_Acid,42
30.5,B5_D-Glucuronic_Acid,43
30.75,B5_D-Glucuronic_Acid,43
31.0,B5_D-Glucuronic_Acid,47
31.25,B5_D-Glucuronic_Acid,45
31.5,B5_D-Glucuronic_Acid,46
31.75,B5_D-Glucuronic_Acid,41
32.0,B5_D-Glucuronic_Acid,50
32.25,B5_D-Glucuronic_Acid,40
32.5,B5_D-Glucuronic_Acid,45
32.75,B5_D-Glucuronic_Acid,47
33.0,B5_D-Glucuronic_Acid,49
33.25,B5_D-Glucuronic_Acid,42
33.5,B5_D-Glucuronic_Acid,43
33.75,B5_D-Glucuronic_Acid,49
34.0,B5_D-Glucuronic_Acid,45
34.25,B5_D-Glucuronic_Acid,41
34.5,B5_D-Glucuronic_Acid,43
34.75,B5_D-Glucuronic_Acid,45
35.0,B5_D-Glucuronic_Acid,44
35.25,B5_D-Glucuronic_Acid,50
35.5,B5_D-Glucuronic_Acid,45
35.75,B5_D-Glucuronic_Acid,48
36.0,B5_D-Glucuronic_Acid,49
36.25,B5_D-Glucuronic_Acid,42
36.5,B5_D-Glucuronic_Acid,50
36.75,B5_D-Glucuronic_Acid,47
37.0,B5_D-Glucuronic_Acid,42
37.25,B5_D-Glucuronic_Acid,44
37.5,B5_D-Glucuronic_Acid,39
37.75,B5_D-Glucuronic_Acid,50
38.0,B5_D-Glucuronic_Acid,44
38.25,B5_D-Glucuronic_Acid,42
38.5,B5_D-Glucuronic_Acid,43
38.75,B5_D-Glucuronic_Acid,44
39.0,B5_D-Glucuronic_Acid,44
39.25,B5_D-Glucuronic_Acid,42
39.5,B5_D-Glucuronic_Acid,42
39.75,B5_D-Glucuronic_Acid,42
40.0,B5_D-Glucuronic_Acid,50
40.25,B5_D-Glucuronic_Acid,48
40.5,B5_D-Glucuronic_Acid,44
40.75,B5_D-Glucuronic_Acid,47
41.0,B5_D-Glucuronic_Acid,46
41.25,B5_D-Glucuronic_Acid,45
41.5,B5_D-Glucuronic_Acid,44
41.75,B5_D-Glucuronic_Acid,41
42.0,B5_D-Glucuronic_Acid,46
42.25,B5_D-Glucuronic_Acid,51
42.5,B5_D-Glucuronic_Acid,42
42.75,B5_D-Glucuronic_Acid,51
43.0,B5_D-Glucuronic_Acid,47
43.25,B5_D-Glucuronic_Acid,48
43.5,B5_D-Glucuronic_Acid,48
43.75,B5_D-Glucuronic_Acid,50
44.0,B5_D-Glucuronic_Acid,45
44.25,B5_D-Glucuronic_Acid,46
44.5,B5_D-Glucuronic_Acid,47
44.75,B5_D-Glucuronic_Acid,48
45.0,B5_D-Glucuronic_Acid,47
45.25,B5_D-Glucuronic_Acid,48
45.5,B5_D-Glucuronic_Acid,51
45.75,B5_D-Glucuronic_Acid,45
46.0,B5_D-Glucuronic_Acid,39
46.25,B5_D-Glucuronic_Acid,43
46.5,B5_D-Glucuronic_Acid,53
46.75,B5_D-Glucuronic_Acid,48
47.0,B5_D-Glucuronic_Acid,41
47.25,B5_D-Glucuronic_Acid,45
47.5,B5_D-Glucuronic_Acid,0
0.0,B6_D-Gluconic_Acid,12
0.25,B6_D-Gluconic_Acid,12
0.5,B6_D-Gluconic_Acid,12
0.75,B6_D-Gluconic_Acid,18
1.0,B6_D-Gluconic_Acid,19
1.25,B6_D-Gluconic_Acid,15
1.5,B6_D-Gluconic_Acid,14
1.75,B6_D-Gluconic_Acid,14
2.0,B6_D-Gluconic_Acid,12
2.25,B6_D-Gluconic_Acid,14
2.5,B6_D-Gluconic_Acid,17
2.75,B6_D-Gluconic_Acid,13
3.0,B6_D-Gluconic_Acid,15
3.25,B6_D-Gluconic_Acid,16
3.5,B6_D-Gluconic_Acid,12
3.75,B6_D-Gluconic_Acid,12
4.0,B6_D-Gluconic_Acid,17
4.25,B6_D-Gluconic_Acid,18
4.5,B6_D-Gluconic_Acid,16
4.75,B6_D-Gluconic_Acid,16
5.0,B6_D-Gluconic_Acid,17
5.25,B6_D-Gluconic_Acid,17
5.5,B6_D-Gluconic_Acid,16
5.75,B6_D-Gluconic_Acid,21
6.0,B6_D-Gluconic_Acid,16
6.25,B6_D-Gluconic_Acid,15
6.5,B6_D-Gluconic_Acid,19
6.75,B6_D-Gluconic_Acid,21
7.0,B6_D-Gluconic_Acid,22
7.25,B6_D-Gluconic_Acid,26
7.5,B6_D-Gluconic_Acid,28
7.75,B6_D-Gluconic_Acid,27
8.0,B6_D-Gluconic_Acid,29
8.25,B6_D-Gluconic_Acid,31
8.5,B6_D-Gluconic_Acid,32
8.75,B6_D-Gluconic_Acid,33
9.0,B6_D-Gluconic_Acid,35
9.25,B6_D-Gluconic_Acid,38
9.5,B6_D-Gluconic_Acid,47
9.75,B6_D-Gluconic_Acid,44
10.0,B6_D-Gluconic_Acid,46
10.25,B6_D-Gluconic_Acid,47
10.5,B6_D-Gluconic_Acid,50
10.75,B6_D-Gluconic_Acid,57
11.0,B6_D-Gluconic_Acid,54
11.25,B6_D-Gluconic_Acid,61
11.5,B6_D-Gluconic_Acid,63
11.75,B6_D-Gluconic_Acid,73
12.0,B6_D-Gluconic_Acid,77
12.25,B6_D-Gluconic_Acid,84
12.5,B6_D-Gluconic_Acid,84
12.75,B6_D-Gluconic_Acid,83
13.0,B6_D-Gluconic_Acid,86
13.25,B6_D-Gluconic_Acid,95
13.5,B6_D-Gluconic_Acid,100
13.75,B6_D-Gluconic_Acid,100
14.0,B6_D-Gluconic_Acid,101
14.25,B6_D-Gluconic_Acid,103
14.5,B6_D-Gluconic_Acid,103
14.75,B6_D-Gluconic_Acid,114
15.0,B6_D-Gluconic_Acid,116
15.25,B6_D-Gluconic_Acid,114
15.5,B6_D-Gluconic_Acid,121
15.75,B6_D-Gluconic_Acid,125
16.0,B6_D-Gluconic_Acid,137
16.25,B6_D-Gluconic_Acid,136
16.5,B6_D-Gluconic_Acid,144
16.75,B6_D-Gluconic_Acid,144
17.0,B6_D-Gluconic_Acid,145
17.25,B6_D-Gluconic_Acid,144
17.5,B6_D-Gluconic_Acid,146
17.75,B6_D-Gluconic_Acid,154
18.0,B6_D-Gluconic_Acid,156
18.25,B6_D-Gluconic_Acid,162
18.5,B6_D-Gluconic_Acid,167
18.75,B6_D-Gluconic_Acid,176
19.0,B6_D-Gluconic_Acid,175
19.25,B6_D-Gluconic_Acid,182
19.5,B6_D-Gluconic_Acid,181
19.75,B6_D-Gluconic_Acid,186
20.0,B6_D-Gluconic_Acid,190
20.25,B6_D-Gluconic_Acid,193
20.5,B6_D-Gluconic_Acid,192
20.75,B6_D-Gluconic_Acid,200
21.0,B6_D-Gluconic_Acid,198
21.25,B6_D-Gluconic_Acid,198
21.5,B6_D-Gluconic_Acid,198
21.75,B6_D-Gluconic_Acid,194
22.0,B6_D-Gluconic_Acid,196
22.25,B6_D-Gluconic_Acid,195
22.5,B6_D-Gluconic_Acid,198
22.75,B6_D-Gluconic_Acid,195
23.0,B6_D-Gluconic_Acid,195
23.25,B6_D-Gluconic_Acid,199
23.5,B6_D-Gluconic_Acid,194
23.75,B6_D-Gluconic_Acid,198
24.0,B6_D-Gluconic_Acid,198
24.25,B6_D-Gluconic_Acid,199
24.5,B6_D-Gluconic_Acid,198
24.75,B6_D-Gluconic_Acid,199
25.0,B6_D-Gluconic_Acid,199
25.25,B6_D-Gluconic_Acid,201
25.5,B6_D-Gluconic_Acid,197
25.75,B6_D-Gluconic_Acid,201
26.0,B6_D-Gluconic_Acid,193
26.25,B6_D-Gluconic_Acid,200
26.5,B6_D-Gluconic_Acid,199
26.75,B6_D-Gluconic_Acid,200
27.0,B6_D-Gluconic_Acid,199
27.25,B6_D-Gluconic_Acid,195
27.5,B6_D-Gluconic_Acid,201
27.75,B6_D-Gluconic_Acid,199
28.0,B6_D-Gluconic_Acid,203
28.25,B6_D-Gluconic_Acid,201
28.5,B6_D-Gluconic_Acid,201
28.75,B6_D-Gluconic_Acid,199
29.0,B6_D-Gluconic_Acid,203
29.25,B6_D-Gluconic_Acid,203
29.5,B6_D-Gluconic_Acid,202
29.75,B6_D-Gluconic_Acid,201
30.0,B6_D-Gluconic_Acid,197
30.25,B6_D-Gluconic_Acid,201
30.5,B6_D-Gluconic_Acid,204
30.75,B6_D-Gluconic_Acid,190
31.0,B6_D-Gluconic_Acid,197
31.25,B6_D-Gluconic_Acid,198
31.5,B6_D-Gluconic_Acid,198
31.75,B6_D-Gluconic_Acid,194
32.0,B6_D-Gluconic_Acid,200
32.25,B6_D-Gluconic_Acid,197
32.5,B6_D-Gluconic_Acid,192
32.75,B6_D-Gluconic_Acid,194
33.0,B6_D-Gluconic_Acid,201
33.25,B6_D-Gluconic_Acid,191
33.5,B6_D-Gluconic_Acid,192
33.75,B6_D-Gluconic_Acid,205
34.0,B6_D-Gluconic_Acid,197
34.25,B6_D-Gluconic_Acid,193
34.5,B6_D-Gluconic_Acid,188
34.75,B6_D-Gluconic_Acid,196
35.0,B6_D-Gluconic_Acid,189
35.25,B6_D-Gluconic_Acid,198
35.5,B6_D-Gluconic_Acid,199
35.75,B6_D-Gluconic_Acid,199
36.0,B6_D-Gluconic_Acid,193
36.25,B6_D-Gluconic_Acid,188
36.5,B6_D-Gluconic_Acid,199
36.75,B6_D-Gluconic_Acid,196
37.0,B6_D-Gluconic_Acid,185
37.25,B6_D-Gluconic_Acid,183
37.5,B6_D-Gluconic_Acid,186
37.75,B6_D-Gluconic_Acid,191
38.0,B6_D-Gluconic_Acid,179
38.25,B6_D-Gluconic_Acid,189
38.5,B6_D-Gluconic_Acid,188
38.75,B6_D-Gluconic_Acid,189
39.0,B6_D-Gluconic_Acid,186
39.25,B6_D-Gluconic_Acid,184
39.5,B6_D-Gluconic_Acid,187
39.75,B6_D-Gluconic_Acid,182
40.0,B6_D-Gluconic_Acid,192
40.25,B6_D-Gluconic_Acid,191
40.5,B6_D-Gluconic_Acid,189
40.75,B6_D-Gluconic_Acid,192
41.0,B6_D-Gluconic_Acid,185
41.25,B6_D-Gluconic_Acid,186
41.5,B6_D-Gluconic_Acid,182
41.75,B6_D-Gluconic_Acid,183
42.0,B6_D-Gluconic_Acid,188
42.25,B6_D-Gluconic_Acid,190
42.5,B6_D-Gluconic_Acid,186
42.75,B6_D-Gluconic_Acid,193
43.0,B6_D-Gluconic_Acid,183
43.25,B6_D-Gluconic_Acid,186
43.5,B6_D-Gluconic_Acid,188
43.75,B6_D-Gluconic_Acid,190
44.0,B6_D-Gluconic_Acid,184
44.25,B6_D-Gluconic_Acid,186
44.5,B6_D-Gluconic_Acid,191
44.75,B6_D-Gluconic_Acid,195
45.0,B6_D-Gluconic_Acid,182
45.25,B6_D-Gluconic_Acid,187
45.5,B6_D-Gluconic_Acid,189
45.75,B6_D-Gluconic_Acid,189
46.0,B6_D-Gluconic_Acid,184
46.25,B6_D-Gluconic_Acid,181
46.5,B6_D-Gluconic_Acid,195
46.75,B6_D-Gluconic_Acid,180
47.0,B6_D-Gluconic_Acid,177
47.25,B6_D-Gluconic_Acid,176
47.5,B6_D-Gluconic_Acid,0
0.0,B7_D-L-a-Glycerol_Phosphate,11
0.25,B7_D-L-a-Glycerol_Phosphate,11
0.5,B7_D-L-a-Glycerol_Phosphate,22
0.75,B7_D-L-a-Glycerol_Phosphate,18
1.0,B7_D-L-a-Glycerol_Phosphate,21
1.25,B7_D-L-a-Glycerol_Phosphate,23
1.5,B7_D-L-a-Glycerol_Phosphate,22
1.75,B7_D-L-a-Glycerol_Phosphate,15
2.0,B7_D-L-a-Glycerol_Phosphate,18
2.25,B7_D-L-a-Glycerol_Phosphate,16
2.5,B7_D-L-a-Glycerol_Phosphate,15
2.75,B7_D-L-a-Glycerol_Phosphate,15
3.0,B7_D-L-a-Glycerol_Phosphate,11
3.25,B7_D-L-a-Glycerol_Phosphate,12
3.5,B7_D-L-a-Glycerol_Phosphate,16
3.75,B7_D-L-a-Glycerol_Phosphate,13
4.0,B7_D-L-a-Glycerol_Phosphate,11
4.25,B7_D-L-a-Glycerol_Phosphate,12
4.5,B7_D-L-a-Glycerol_Phosphate,14
4.75,B7_D-L-a-Glycerol_Phosphate,16
5.0,B7_D-L-a-Glycerol_Phosphate,13
5.25,B7_D-L-a-Glycerol_Phosphate,15
5.5,B7_D-L-a-Glycerol_Phosphate,15
5.75,B7_D-L-a-Glycerol_Phosphate,15
6.0,B7_D-L-a-Glycerol_Phosphate,15
6.25,B7_D-L-a-Glycerol_Phosphate,14
6.5,B7_D-L-a-Glycerol_Phosphate,19
6.75,B7_D-L-a-Glycerol_Phosphate,18
7.0,B7_D-L-a-Glycerol_Phosphate,20
7.25,B7_D-L-a-Glycerol_Phosphate,22
7.5,B7_D-L-a-Glycerol_Phosphate,21
7.75,B7_D-L-a-Glycerol_Phosphate,22
8.0,B7_D-L-a-Glycerol_Phosphate,26
8.25,B7_D-L-a-Glycerol_Phosphate,24
8.5,B7_D-L-a-Glycerol_Phosphate,25
8.75,B7_D-L-a-Glycerol_Phosphate,27
9.0,B7_D-L-a-Glycerol_Phosphate,26
9.25,B7_D-L-a-Glycerol_Phosphate,27
9.5,B7_D-L-a-Glycerol_Phosphate,31
9.75,B7_D-L-a-Glycerol_Phosphate,29
10.0,B7_D-L-a-Glycerol_Phosphate,30
10.25,B7_D-L-a-Glycerol_Phosphate,33
10.5,B7_D-L-a-Glycerol_Phosphate,27
10.75,B7_D-L-a-Glycerol_Phosphate,27
11.0,B7_D-L-a-Glycerol_Phosphate,23
11.25,B7_D-L-a-Glycerol_Phosphate,32
11.5,B7_D-L-a-Glycerol_Phosphate,24
11.75,B7_D-L-a-Glycerol_Phosphate,26
12.0,B7_D-L-a-Glycerol_Phosphate,25
12.25,B7_D-L-a-Glycerol_Phosphate,29
12.5,B7_D-L-a-Glycerol_Phosphate,31
12.75,B7_D-L-a-Glycerol_Phosphate,31
13.0,B7_D-L-a-Glycerol_Phosphate,26
13.25,B7_D-L-a-Glycerol_Phosphate,27
13.5,B7_D-L-a-Glycerol_Phosphate,32
13.75,B7_D-L-a-Glycerol_Phosphate,30
14.0,B7_D-L-a-Glycerol_Phosphate,30
14.25,B7_D-L-a-Glycerol_Phosphate,30
14.5,B7_D-L-a-Glycerol_Phosphate,29
14.75,B7_D-L-a-Glycerol_Phosphate,35
15.0,B7_D-L-a-Glycerol_Phosphate,34
15.25,B7_D-L-a-Glycerol_Phosphate,34
15.5,B7_D-L-a-Glycerol_Phosphate,30
15.75,B7_D-L-a-Glycerol_Phosphate,34
16.0,B7_D-L-a-Glycerol_Phosphate,39
16.25,B7_D-L-a-Glycerol_Phosphate,31
16.5,B7_D-L-a-Glycerol_Phosphate,31
16.75,B7_D-L-a-Glycerol_Phosphate,32
17.0,B7_D-L-a-Glycerol_Phosphate,32
17.25,B7_D-L-a-Glycerol_Phosphate,35
17.5,B7_D-L-a-Glycerol_Phosphate,31
17.75,B7_D-L-a-Glycerol_Phosphate,34
18.0,B7_D-L-a-Glycerol_Phosphate,38
18.25,B7_D-L-a-Glycerol_Phosphate,37
18.5,B7_D-L-a-Glycerol_Phosphate,36
18.75,B7_D-L-a-Glycerol_Phosphate,36
19.0,B7_D-L-a-Glycerol_Phosphate,32
19.25,B7_D-L-a-Glycerol_Phosphate,36
19.5,B7_D-L-a-Glycerol_Phosphate,36
19.75,B7_D-L-a-Glycerol_Phosphate,39
20.0,B7_D-L-a-Glycerol_Phosphate,32
20.25,B7_D-L-a-Glycerol_Phosphate,35
20.5,B7_D-L-a-Glycerol_Phosphate,35
20.75,B7_D-L-a-Glycerol_Phosphate,40
21.0,B7_D-L-a-Glycerol_Phosphate,37
21.25,B7_D-L-a-Glycerol_Phosphate,37
21.5,B7_D-L-a-Glycerol_Phosphate,35
21.75,B7_D-L-a-Glycerol_Phosphate,31
22.0,B7_D-L-a-Glycerol_Phosphate,37
22.25,B7_D-L-a-Glycerol_Phosphate,33
22.5,B7_D-L-a-Glycerol_Phosphate,40
22.75,B7_D-L-a-Glycerol_Phosphate,36
23.0,B7_D-L-a-Glycerol_Phosphate,37
23.25,B7_D-L-a-Glycerol_Phosphate,40
23.5,B7_D-L-a-Glycerol_Phosphate,37
23.75,B7_D-L-a-Glycerol_Phosphate,39
24.0,B7_D-L-a-Glycerol_Phosphate,43
24.25,B7_D-L-a-Glycerol_Phosphate,37
24.5,B7_D-L-a-Glycerol_Phosphate,38
24.75,B7_D-L-a-Glycerol_Phosphate,38
25.0,B7_D-L-a-Glycerol_Phosphate,40
25.25,B7_D-L-a-Glycerol_Phosphate,39
25.5,B7_D-L-a-Glycerol_Phosphate,40
25.75,B7_D-L-a-Glycerol_Phosphate,38
26.0,B7_D-L-a-Glycerol_Phosphate,40
26.25,B7_D-L-a-Glycerol_Phosphate,40
26.5,B7_D-L-a-Glycerol_Phosphate,33
26.75,B7_D-L-a-Glycerol_Phosphate,38
27.0,B7_D-L-a-Glycerol_Phosphate,41
27.25,B7_D-L-a-Glycerol_Phosphate,41
27.5,B7_D-L-a-Glycerol_Phosphate,41
27.75,B7_D-L-a-Glycerol_Phosphate,36
28.0,B7_D-L-a-Glycerol_Phosphate,40
28.25,B7_D-L-a-Glycerol_Phosphate,36
28.5,B7_D-L-a-Glycerol_Phosphate,37
28.75,B7_D-L-a-Glycerol_Phosphate,39
29.0,B7_D-L-a-Glycerol_Phosphate,37
29.25,B7_D-L-a-Glycerol_Phosphate,41
29.5,B7_D-L-a-Glycerol_Phosphate,41
29.75,B7_D-L-a-Glycerol_Phosphate,39
30.0,B7_D-L-a-Glycerol_Phosphate,42
30.25,B7_D-L-a-Glycerol_Phosphate,40
30.5,B7_D-L-a-Glycerol_Phosphate,43
30.75,B7_D-L-a-Glycerol_Phosphate,34
31.0,B7_D-L-a-Glycerol_Phosphate,41
31.25,B7_D-L-a-Glycerol_Phosphate,38
31.5,B7_D-L-a-Glycerol_Phosphate,40
31.75,B7_D-L-a-Glycerol_Phosphate,36
32.0,B7_D-L-a-Glycerol_Phosphate,47
32.25,B7_D-L-a-Glycerol_Phosphate,42
32.5,B7_D-L-a-Glycerol_Phosphate,44
32.75,B7_D-L-a-Glycerol_Phosphate,43
33.0,B7_D-L-a-Glycerol_Phosphate,45
33.25,B7_D-L-a-Glycerol_Phosphate,45
33.5,B7_D-L-a-Glycerol_Phosphate,41
33.75,B7_D-L-a-Glycerol_Phosphate,45
34.0,B7_D-L-a-Glycerol_Phosphate,43
34.25,B7_D-L-a-Glycerol_Phosphate,43
34.5,B7_D-L-a-Glycerol_Phosphate,43
34.75,B7_D-L-a-Glycerol_Phosphate,39
35.0,B7_D-L-a-Glycerol_Phosphate,44
35.25,B7_D-L-a-Glycerol_Phosphate,39
35.5,B7_D-L-a-Glycerol_Phosphate,40
35.75,B7_D-L-a-Glycerol_Phosphate,42
36.0,B7_D-L-a-Glycerol_Phosphate,42
36.25,B7_D-L-a-Glycerol_Phosphate,40
36.5,B7_D-L-a-Glycerol_Phosphate,46
36.75,B7_D-L-a-Glycerol_Phosphate,45
37.0,B7_D-L-a-Glycerol_Phosphate,43
37.25,B7_D-L-a-Glycerol_Phosphate,40
37.5,B7_D-L-a-Glycerol_Phosphate,39
37.75,B7_D-L-a-Glycerol_Phosphate,45
38.0,B7_D-L-a-Glycerol_Phosphate,42
38.25,B7_D-L-a-Glycerol_Phosphate,39
38.5,B7_D-L-a-Glycerol_Phosphate,38
38.75,B7_D-L-a-Glycerol_Phosphate,38
39.0,B7_D-L-a-Glycerol_Phosphate,42
39.25,B7_D-L-a-Glycerol_Phosphate,40
39.5,B7_D-L-a-Glycerol_Phosphate,42
39.75,B7_D-L-a-Glycerol_Phosphate,42
40.0,B7_D-L-a-Glycerol_Phosphate,41
40.25,B7_D-L-a-Glycerol_Phosphate,43
40.5,B7_D-L-a-Glycerol_Phosphate,43
40.75,B7_D-L-a-Glycerol_Phosphate,44
41.0,B7_D-L-a-Glycerol_Phosphate,38
41.25,B7_D-L-a-Glycerol_Phosphate,45
41.5,B7_D-L-a-Glycerol_Phosphate,42
41.75,B7_D-L-a-Glycerol_Phosphate,45
42.0,B7_D-L-a-Glycerol_Phosphate,43
42.25,B7_D-L-a-Glycerol_Phosphate,45
42.5,B7_D-L-a-Glycerol_Phosphate,40
42.75,B7_D-L-a-Glycerol_Phosphate,47
43.0,B7_D-L-a-Glycerol_Phosphate,41
43.25,B7_D-L-a-Glycerol_Phosphate,39
43.5,B7_D-L-a-Glycerol_Phosphate,41
43.75,B7_D-L-a-Glycerol_Phosphate,44
44.0,B7_D-L-a-Glycerol_Phosphate,44
44.25,B7_D-L-a-Glycerol_Phosphate,41
44.5,B7_D-L-a-Glycerol_Phosphate,42
44.75,B7_D-L-a-Glycerol_Phosphate,40
45.0,B7_D-L-a-Glycerol_Phosphate,44
45.25,B7_D-L-a-Glycerol_Phosphate,43
45.5,B7_D-L-a-Glycerol_Phosphate,47
45.75,B7_D-L-a-Glycerol_Phosphate,38
46.0,B7_D-L-a-Glycerol_Phosphate,44
46.25,B7_D-L-a-Glycerol_Phosphate,44
46.5,B7_D-L-a-Glycerol_Phosphate,42
46.75,B7_D-L-a-Glycerol_Phosphate,43
47.0,B7_D-L-a-Glycerol_Phosphate,41
47.25,B7_D-L-a-Glycerol_Phosphate,43
47.5,B7_D-L-a-Glycerol_Phosphate,0
0.0,B8_D-Xylose,69
0.25,B8_D-Xylose,75
0.5,B8_D-Xylose,74
0.75,B8_D-Xylose,71
1.0,B8_D-Xylose,75
1.25,B8_D-Xylose,78
1.5,B8_D-Xylose,75
1.75,B8_D-Xylose,73
2.0,B8_D-Xylose,81
2.25,B8_D-Xylose,75
2.5,B8_D-Xylose,79
2.75,B8_D-Xylose,76
3.0,B8_D-Xylose,79
3.25,B8_D-Xylose,77
3.5,B8_D-Xylose,79
3.75,B8_D-Xylose,83
4.0,B8_D-Xylose,81
4.25,B8_D-Xylose,81
4.5,B8_D-Xylose,80
4.75,B8_D-Xylose,80
5.0,B8_D-Xylose,85
5.25,B8_D-Xylose,83
5.5,B8_D-Xylose,85
5.75,B8_D-Xylose,81
6.0,B8_D-Xylose,79
6.25,B8_D-Xylose,82
6.5,B8_D-Xylose,85
6.75,B8_D-Xylose,80
7.0,B8_D-Xylose,85
7.25,B8_D-Xylose,84
7.5,B8_D-Xylose,87
7.75,B8_D-Xylose,87
8.0,B8_D-Xylose,88
8.25,B8_D-Xylose,87
8.5,B8_D-Xylose,87
8.75,B8_D-Xylose,88
9.0,B8_D-Xylose,84
9.25,B8_D-Xylose,86
9.5,B8_D-Xylose,89
9.75,B8_D-Xylose,87
10.0,B8_D-Xylose,86
10.25,B8_D-Xylose,87
10.5,B8_D-Xylose,84
10.75,B8_D-Xylose,88
11.0,B8_D-Xylose,85
11.25,B8_D-Xylose,87
11.5,B8_D-Xylose,93
11.75,B8_D-Xylose,90
12.0,B8_D-Xylose,89
12.25,B8_D-Xylose,89
12.5,B8_D-Xylose,88
12.75,B8_D-Xylose,91
13.0,B8_D-Xylose,90
13.25,B8_D-Xylose,88
13.5,B8_D-Xylose,90
13.75,B8_D-Xylose,91
14.0,B8_D-Xylose,90
14.25,B8_D-Xylose,92
14.5,B8_D-Xylose,87
14.75,B8_D-Xylose,92
15.0,B8_D-Xylose,93
15.25,B8_D-Xylose,95
15.5,B8_D-Xylose,95
15.75,B8_D-Xylose,90
16.0,B8_D-Xylose,91
16.25,B8_D-Xylose,95
16.5,B8_D-Xylose,96
16.75,B8_D-Xylose,94
17.0,B8_D-Xylose,95
17.25,B8_D-Xylose,96
17.5,B8_D-Xylose,95
17.75,B8_D-Xylose,96
18.0,B8_D-Xylose,102
18.25,B8_D-Xylose,97
18.5,B8_D-Xylose,97
18.75,B8_D-Xylose,96
19.0,B8_D-Xylose,100
19.25,B8_D-Xylose,97
19.5,B8_D-Xylose,97
19.75,B8_D-Xylose,101
20.0,B8_D-Xylose,96
20.25,B8_D-Xylose,96
20.5,B8_D-Xylose,100
20.75,B8_D-Xylose,99
21.0,B8_D-Xylose,98
21.25,B8_D-Xylose,98
21.5,B8_D-Xylose,98
21.75,B8_D-Xylose,95
22.0,B8_D-Xylose,102
22.25,B8_D-Xylose,97
22.5,B8_D-Xylose,98
22.75,B8_D-Xylose,94
23.0,B8_D-Xylose,97
23.25,B8_D-Xylose,100
23.5,B8_D-Xylose,102
23.75,B8_D-Xylose,96
24.0,B8_D-Xylose,101
24.25,B8_D-Xylose,102
24.5,B8_D-Xylose,101
24.75,B8_D-Xylose,101
25.0,B8_D-Xylose,99
25.25,B8_D-Xylose,99
25.5,B8_D-Xylose,101
25.75,B8_D-Xylose,105
26.0,B8_D-Xylose,99
26.25,B8_D-Xylose,100
26.5,B8_D-Xylose,99
26.75,B8_D-Xylose,100
27.0,B8_D-Xylose,102
27.25,B8_D-Xylose,101
27.5,B8_D-Xylose,105
27.75,B8_D-Xylose,100
28.0,B8_D-Xylose,105
28.25,B8_D-Xylose,100
28.5,B8_D-Xylose,101
28.75,B8_D-Xylose,102
29.0,B8_D-Xylose,103
29.25,B8_D-Xylose,102
29.5,B8_D-Xylose,100
29.75,B8_D-Xylose,101
30.0,B8_D-Xylose,101
30.25,B8_D-Xylose,105
30.5,B8_D-Xylose,104
30.75,B8_D-Xylose,102
31.0,B8_D-Xylose,104
31.25,B8_D-Xylose,100
31.5,B8_D-Xylose,99
31.75,B8_D-Xylose,101
32.0,B8_D-Xylose,103
32.25,B8_D-Xylose,103
32.5,B8_D-Xylose,102
32.75,B8_D-Xylose,102
33.0,B8_D-Xylose,104
33.25,B8_D-Xylose,104
33.5,B8_D-Xylose,101
33.75,B8_D-Xylose,106
34.0,B8_D-Xylose,100
34.25,B8_D-Xylose,99
34.5,B8_D-Xylose,99
34.75,B8_D-Xylose,103
35.0,B8_D-Xylose,106
35.25,B8_D-Xylose,103
35.5,B8_D-Xylose,103
35.75,B8_D-Xylose,103
36.0,B8_D-Xylose,103
36.25,B8_D-Xylose,106
36.5,B8_D-Xylose,107
36.75,B8_D-Xylose,105
37.0,B8_D-Xylose,106
37.25,B8_D-Xylose,103
37.5,B8_D-Xylose,99
37.75,B8_D-Xylose,105
38.0,B8_D-Xylose,105
38.25,B8_D-Xylose,103
38.5,B8_D-Xylose,109
38.75,B8_D-Xylose,104
39.0,B8_D-Xylose,103
39.25,B8_D-Xylose,105
39.5,B8_D-Xylose,104
39.75,B8_D-Xylose,99
40.0,B8_D-Xylose,106
40.25,B8_D-Xylose,107
40.5,B8_D-Xylose,108
40.75,B8_D-Xylose,104
41.0,B8_D-Xylose,106
41.25,B8_D-Xylose,105
41.5,B8_D-Xylose,104
41.75,B8_D-Xylose,106
42.0,B8_D-Xylose,107
42.25,B8_D-Xylose,108
42.5,B8_D-Xylose,101
42.75,B8_D-Xylose,104
43.0,B8_D-Xylose,108
43.25,B8_D-Xylose,104
43.5,B8_D-Xylose,105
43.75,B8_D-Xylose,104
44.0,B8_D-Xylose,107
44.25,B8_D-Xylose,103
44.5,B8_D-Xylose,103
44.75,B8_D-Xylose,104
45.0,B8_D-Xylose,103
45.25,B8_D-Xylose,103
45.5,B8_D-Xylose,105
45.75,B8_D-Xylose,104
46.0,B8_D-Xylose,103
46.25,B8_D-Xylose,100
46.5,B8_D-Xylose,109
46.75,B8_D-Xylose,106
47.0,B8_D-Xylose,104
47.25,B8_D-Xylose,106
47.5,B8_D-Xylose,0
0.0,B9_L-Lactic_Acid,11
0.25,B9_L-Lactic_Acid,11
0.5,B9_L-Lactic_Acid,13
0.75,B9_L-Lactic_Acid,14
1.0,B9_L-Lactic_Acid,13
1.25,B9_L-Lactic_Acid,13
1.5,B9_L-Lactic_Acid,17
1.75,B9_L-Lactic_Acid,15
2.0,B9_L-Lactic_Acid,14
2.25,B9_L-Lactic_Acid,13
2.5,B9_L-Lactic_Acid,14
2.75,B9_L-Lactic_Acid,20
3.0,B9_L-Lactic_Acid,17
3.25,B9_L-Lactic_Acid,12
3.5,B9_L-Lactic_Acid,16
3.75,B9_L-Lactic_Acid,16
4.0,B9_L-Lactic_Acid,12
4.25,B9_L-Lactic_Acid,20
4.5,B9_L-Lactic_Acid,14
4.75,B9_L-Lactic_Acid,16
5.0,B9_L-Lactic_Acid,15
5.25,B9_L-Lactic_Acid,21
5.5,B9_L-Lactic_Acid,20
5.75,B9_L-Lactic_Acid,17
6.0,B9_L-Lactic_Acid,16
6.25,B9_L-Lactic_Acid,17
6.5,B9_L-Lactic_Acid,17
6.75,B9_L-Lactic_Acid,21
7.0,B9_L-Lactic_Acid,20
7.25,B9_L-Lactic_Acid,22
7.5,B9_L-Lactic_Acid,22
7.75,B9_L-Lactic_Acid,25
8.0,B9_L-Lactic_Acid,26
8.25,B9_L-Lactic_Acid,24
8.5,B9_L-Lactic_Acid,26
8.75,B9_L-Lactic_Acid,24
9.0,B9_L-Lactic_Acid,24
9.25,B9_L-Lactic_Acid,23
9.5,B9_L-Lactic_Acid,27
9.75,B9_L-Lactic_Acid,31
10.0,B9_L-Lactic_Acid,27
10.25,B9_L-Lactic_Acid,25
10.5,B9_L-Lactic_Acid,27
10.75,B9_L-Lactic_Acid,24
11.0,B9_L-Lactic_Acid,29
11.25,B9_L-Lactic_Acid,27
11.5,B9_L-Lactic_Acid,28
11.75,B9_L-Lactic_Acid,28
12.0,B9_L-Lactic_Acid,26
12.25,B9_L-Lactic_Acid,31
12.5,B9_L-Lactic_Acid,31
12.75,B9_L-Lactic_Acid,26
13.0,B9_L-Lactic_Acid,30
13.25,B9_L-Lactic_Acid,32
13.5,B9_L-Lactic_Acid,32
13.75,B9_L-Lactic_Acid,33
14.0,B9_L-Lactic_Acid,32
14.25,B9_L-Lactic_Acid,27
14.5,B9_L-Lactic_Acid,30
14.75,B9_L-Lactic_Acid,30
15.0,B9_L-Lactic_Acid,33
15.25,B9_L-Lactic_Acid,30
15.5,B9_L-Lactic_Acid,35
15.75,B9_L-Lactic_Acid,33
16.0,B9_L-Lactic_Acid,32
16.25,B9_L-Lactic_Acid,34
16.5,B9_L-Lactic_Acid,31
16.75,B9_L-Lactic_Acid,32
17.0,B9_L-Lactic_Acid,33
17.25,B9_L-Lactic_Acid,31
17.5,B9_L-Lactic_Acid,34
17.75,B9_L-Lactic_Acid,37
18.0,B9_L-Lactic_Acid,39
18.25,B9_L-Lactic_Acid,35
18.5,B9_L-Lactic_Acid,35
18.75,B9_L-Lactic_Acid,40
19.0,B9_L-Lactic_Acid,39
19.25,B9_L-Lactic_Acid,38
19.5,B9_L-Lactic_Acid,39
19.75,B9_L-Lactic_Acid,45
20.0,B9_L-Lactic_Acid,37
20.25,B9_L-Lactic_Acid,39
20.5,B9_L-Lactic_Acid,40
20.75,B9_L-Lactic_Acid,40
21.0,B9_L-Lactic_Acid,41
21.25,B9_L-Lactic_Acid,39
21.5,B9_L-Lactic_Acid,40
21.75,B9_L-Lactic_Acid,38
22.0,B9_L-Lactic_Acid,39
22.25,B9_L-Lactic_Acid,39
22.5,B9_L-Lactic_Acid,39
22.75,B9_L-Lactic_Acid,40
23.0,B9_L-Lactic_Acid,43
23.25,B9_L-Lactic_Acid,43
23.5,B9_L-Lactic_Acid,44
23.75,B9_L-Lactic_Acid,45
24.0,B9_L-Lactic_Acid,40
24.25,B9_L-Lactic_Acid,43
24.5,B9_L-Lactic_Acid,44
24.75,B9_L-Lactic_Acid,43
25.0,B9_L-Lactic_Acid,41
25.25,B9_L-Lactic_Acid,44
25.5,B9_L-Lactic_Acid,42
25.75,B9_L-Lactic_Acid,45
26.0,B9_L-Lactic_Acid,45
26.25,B9_L-Lactic_Acid,44
26.5,B9_L-Lactic_Acid,46
26.75,B9_L-Lactic_Acid,50
27.0,B9_L-Lactic_Acid,45
27.25,B9_L-Lactic_Acid,42
27.5,B9_L-Lactic_Acid,49
27.75,B9_L-Lactic_Acid,47
28.0,B9_L-Lactic_Acid,45
28.25,B9_L-Lactic_Acid,46
28.5,B9_L-Lactic_Acid,41
28.75,B9_L-Lactic_Acid,54
29.0,B9_L-Lactic_Acid,53
29.25,B9_L-Lactic_Acid,54
29.5,B9_L-Lactic_Acid,54
29.75,B9_L-Lactic_Acid,52
30.0,B9_L-Lactic_Acid,50
30.25,B9_L-Lactic_Acid,52
30.5,B9_L-Lactic_Acid,51
30.75,B9_L-Lactic_Acid,46
31.0,B9_L-Lactic_Acid,54
31.25,B9_L-Lactic_Acid,53
31.5,B9_L-Lactic_Acid,47
31.75,B9_L-Lactic_Acid,47
32.0,B9_L-Lactic_Acid,52
32.25,B9_L-Lactic_Acid,53
32.5,B9_L-Lactic_Acid,52
32.75,B9_L-Lactic_Acid,53
33.0,B9_L-Lactic_Acid,51
33.25,B9_L-Lactic_Acid,53
33.5,B9_L-Lactic_Acid,56
33.75,B9_L-Lactic_Acid,55
34.0,B9_L-Lactic_Acid,57
34.25,B9_L-Lactic_Acid,54
34.5,B9_L-Lactic_Acid,57
34.75,B9_L-Lactic_Acid,57
35.0,B9_L-Lactic_Acid,60
35.25,B9_L-Lactic_Acid,60
35.5,B9_L-Lactic_Acid,56
35.75,B9_L-Lactic_Acid,60
36.0,B9_L-Lactic_Acid,61
36.25,B9_L-Lactic_Acid,62
36.5,B9_L-Lactic_Acid,57
36.75,B9_L-Lactic_Acid,56
37.0,B9_L-Lactic_Acid,62
37.25,B9_L-Lactic_Acid,57
37.5,B9_L-Lactic_Acid,63
37.75,B9_L-Lactic_Acid,67
38.0,B9_L-Lactic_Acid,63
38.25,B9_L-Lactic_Acid,61
38.5,B9_L-Lactic_Acid,62
38.75,B9_L-Lactic_Acid,65
39.0,B9_L-Lactic_Acid,68
39.25,B9_L-Lactic_Acid,68
39.5,B9_L-Lactic_Acid,66
39.75,B9_L-Lactic_Acid,65
40.0,B9_L-Lactic_Acid,70
40.25,B9_L-Lactic_Acid,75
40.5,B9_L-Lactic_Acid,73
40.75,B9_L-Lactic_Acid,72
41.0,B9_L-Lactic_Acid,74
41.25,B9_L-Lactic_Acid,70
41.5,B9_L-Lactic_Acid,74
41.75,B9_L-Lactic_Acid,70
42.0,B9_L-Lactic_Acid,73
42.25,B9_L-Lactic_Acid,75
42.5,B9_L-Lactic_Acid,77
42.75,B9_L-Lactic_Acid,81
43.0,B9_L-Lactic_Acid,77
43.25,B9_L-Lactic_Acid,80
43.5,B9_L-Lactic_Acid,76
43.75,B9_L-Lactic_Acid,83
44.0,B9_L-Lactic_Acid,78
44.25,B9_L-Lactic_Acid,78
44.5,B9_L-Lactic_Acid,81
44.75,B9_L-Lactic_Acid,83
45.0,B9_L-Lactic_Acid,83
45.25,B9_L-Lactic_Acid,86
45.5,B9_L-Lactic_Acid,87
45.75,B9_L-Lactic_Acid,91
46.0,B9_L-Lactic_Acid,88
46.25,B9_L-Lactic_Acid,95
46.5,B9_L-Lactic_Acid,94
46.75,B9_L-Lactic_Acid,98
47.0,B9_L-Lactic_Acid,91
47.25,B9_L-Lactic_Acid,96
47.5,B9_L-Lactic_Acid,0
0.0,B10_Formic_Acid,11
0.25,B10_Formic_Acid,11
0.5,B10_Formic_Acid,13
0.75,B10_Formic_Acid,13
1.0,B10_Formic_Acid,11
1.25,B10_Formic_Acid,16
1.5,B10_Formic_Acid,20
1.75,B10_Formic_Acid,15
2.0,B10_Formic_Acid,11
2.25,B10_Formic_Acid,14
2.5,B10_Formic_Acid,15
2.75,B10_Formic_Acid,16
3.0,B10_Formic_Acid,19
3.25,B10_Formic_Acid,18
3.5,B10_Formic_Acid,22
3.75,B10_Formic_Acid,13
4.0,B10_Formic_Acid,18
4.25,B10_Formic_Acid,18
4.5,B10_Formic_Acid,17
4.75,B10_Formic_Acid,19
5.0,B10_Formic_Acid,15
5.25,B10_Formic_Acid,19
5.5,B10_Formic_Acid,20
5.75,B10_Formic_Acid,16
6.0,B10_Formic_Acid,14
6.25,B10_Formic_Acid,19
6.5,B10_Formic_Acid,20
6.75,B10_Formic_Acid,18
7.0,B10_Formic_Acid,22
7.25,B10_Formic_Acid,17
7.5,B10_Formic_Acid,22
7.75,B10_Formic_Acid,21
8.0,B10_Formic_Acid,20
8.25,B10_Formic_Acid,20
8.5,B10_Formic_Acid,20
8.75,B10_Formic_Acid,24
9.0,B10_Formic_Acid,20
9.25,B10_Formic_Acid,19
9.5,B10_Formic_Acid,21
9.75,B10_Formic_Acid,20
10.0,B10_Formic_Acid,22
10.25,B10_Formic_Acid,22
10.5,B10_Formic_Acid,25
10.75,B10_Formic_Acid,22
11.0,B10_Formic_Acid,30
11.25,B10_Formic_Acid,27
11.5,B10_Formic_Acid,30
11.75,B10_Formic_Acid,26
12.0,B10_Formic_Acid,27
12.25,B10_Formic_Acid,29
12.5,B10_Formic_Acid,28
12.75,B10_Formic_Acid,33
13.0,B10_Formic_Acid,23
13.25,B10_Formic_Acid,23
13.5,B10_Formic_Acid,22
13.75,B10_Formic_Acid,25
14.0,B10_Formic_Acid,22
14.25,B10_Formic_Acid,26
14.5,B10_Formic_Acid,24
14.75,B10_Formic_Acid,35
15.0,B10_Formic_Acid,28
15.25,B10_Formic_Acid,27
15.5,B10_Formic_Acid,26
15.75,B10_Formic_Acid,30
16.0,B10_Formic_Acid,28
16.25,B10_Formic_Acid,30
16.5,B10_Formic_Acid,33
16.75,B10_Formic_Acid,30
17.0,B10_Formic_Acid,26
17.25,B10_Formic_Acid,30
17.5,B10_Formic_Acid,26
17.75,B10_Formic_Acid,33
18.0,B10_Formic_Acid,30
18.25,B10_Formic_Acid,31
18.5,B10_Formic_Acid,32
18.75,B10_Formic_Acid,37
19.0,B10_Formic_Acid,30
19.25,B10_Formic_Acid,33
19.5,B10_Formic_Acid,30
19.75,B10_Formic_Acid,33
20.0,B10_Formic_Acid,31
20.25,B10_Formic_Acid,32
20.5,B10_Formic_Acid,37
20.75,B10_Formic_Acid,29
21.0,B10_Formic_Acid,31
21.25,B10_Formic_Acid,33
21.5,B10_Formic_Acid,33
21.75,B10_Formic_Acid,31
22.0,B10_Formic_Acid,33
22.25,B10_Formic_Acid,39
22.5,B10_Formic_Acid,32
22.75,B10_Formic_Acid,32
23.0,B10_Formic_Acid,30
23.25,B10_Formic_Acid,33
23.5,B10_Formic_Acid,30
23.75,B10_Formic_Acid,33
24.0,B10_Formic_Acid,31
24.25,B10_Formic_Acid,32
24.5,B10_Formic_Acid,35
24.75,B10_Formic_Acid,32
25.0,B10_Formic_Acid,34
25.25,B10_Formic_Acid,32
25.5,B10_Formic_Acid,30
25.75,B10_Formic_Acid,35
26.0,B10_Formic_Acid,38
26.25,B10_Formic_Acid,39
26.5,B10_Formic_Acid,27
26.75,B10_Formic_Acid,35
27.0,B10_Formic_Acid,35
27.25,B10_Formic_Acid,35
27.5,B10_Formic_Acid,32
27.75,B10_Formic_Acid,38
28.0,B10_Formic_Acid,32
28.25,B10_Formic_Acid,41
28.5,B10_Formic_Acid,35
28.75,B10_Formic_Acid,33
29.0,B10_Formic_Acid,36
29.25,B10_Formic_Acid,32
29.5,B10_Formic_Acid,34
29.75,B10_Formic_Acid,37
30.0,B10_Formic_Acid,38
30.25,B10_Formic_Acid,30
30.5,B10_Formic_Acid,34
30.75,B10_Formic_Acid,37
31.0,B10_Formic_Acid,37
31.25,B10_Formic_Acid,29
31.5,B10_Formic_Acid,34
31.75,B10_Formic_Acid,31
32.0,B10_Formic_Acid,41
32.25,B10_Formic_Acid,44
32.5,B10_Formic_Acid,42
32.75,B10_Formic_Acid,36
33.0,B10_Formic_Acid,38
33.25,B10_Formic_Acid,41
33.5,B10_Formic_Acid,39
33.75,B10_Formic_Acid,37
34.0,B10_Formic_Acid,40
34.25,B10_Formic_Acid,42
34.5,B10_Formic_Acid,43
34.75,B10_Formic_Acid,36
35.0,B10_Formic_Acid,39
35.25,B10_Formic_Acid,37
35.5,B10_Formic_Acid,41
35.75,B10_Formic_Acid,39
36.0,B10_Formic_Acid,36
36.25,B10_Formic_Acid,43
36.5,B10_Formic_Acid,37
36.75,B10_Formic_Acid,32
37.0,B10_Formic_Acid,44
37.25,B10_Formic_Acid,41
37.5,B10_Formic_Acid,39
37.75,B10_Formic_Acid,35
38.0,B10_Formic_Acid,45
38.25,B10_Formic_Acid,40
38.5,B10_Formic_Acid,42
38.75,B10_Formic_Acid,37
39.0,B10_Formic_Acid,41
39.25,B10_Formic_Acid,42
39.5,B10_Formic_Acid,38
39.75,B10_Formic_Acid,40
40.0,B10_Formic_Acid,37
40.25,B10_Formic_Acid,37
40.5,B10_Formic_Acid,34
40.75,B10_Formic_Acid,33
41.0,B10_Formic_Acid,40
41.25,B10_Formic_Acid,35
41.5,B10_Formic_Acid,41
41.75,B10_Formic_Acid,45
42.0,B10_Formic_Acid,38
42.25,B10_Formic_Acid,40
42.5,B10_Formic_Acid,43
42.75,B10_Formic_Acid,40
43.0,B10_Formic_Acid,46
43.25,B10_Formic_Acid,39
43.5,B10_Formic_Acid,39
43.75,B10_Formic_Acid,38
44.0,B10_Formic_Acid,42
44.25,B10_Formic_Acid,40
44.5,B10_Formic_Acid,40
44.75,B10_Formic_Acid,39
45.0,B10_Formic_Acid,43
45.25,B10_Formic_Acid,46
45.5,B10_Formic_Acid,42
45.75,B10_Formic_Acid,42
46.0,B10_Formic_Acid,43
46.25,B10_Formic_Acid,45
46.5,B10_Formic_Acid,40
46.75,B10_Formic_Acid,42
47.0,B10_Formic_Acid,44
47.25,B10_Formic_Acid,44
47.5,B10_Formic_Acid,0
0.0,B11_D-Mannitol,18
0.25,B11_D-Mannitol,13
0.5,B11_D-Mannitol,20
0.75,B11_D-Mannitol,19
1.0,B11_D-Mannitol,21
1.25,B11_D-Mannitol,17
1.5,B11_D-Mannitol,22
1.75,B11_D-Mannitol,22
2.0,B11_D-Mannitol,18
2.25,B11_D-Mannitol,19
2.5,B11_D-Mannitol,18
2.75,B11_D-Mannitol,20
3.0,B11_D-Mannitol,23
3.25,B11_D-Mannitol,21
3.5,B11_D-Mannitol,24
3.75,B11_D-Mannitol,22
4.0,B11_D-Mannitol,22
4.25,B11_D-Mannitol,23
4.5,B11_D-Mannitol,23
4.75,B11_D-Mannitol,20
5.0,B11_D-Mannitol,25
5.25,B11_D-Mannitol,26
5.5,B11_D-Mannitol,22
5.75,B11_D-Mannitol,25
6.0,B11_D-Mannitol,24
6.25,B11_D-Mannitol,27
6.5,B11_D-Mannitol,25
6.75,B11_D-Mannitol,25
7.0,B11_D-Mannitol,29
7.25,B11_D-Mannitol,28
7.5,B11_D-Mannitol,30
7.75,B11_D-Mannitol,33
8.0,B11_D-Mannitol,34
8.25,B11_D-Mannitol,33
8.5,B11_D-Mannitol,35
8.75,B11_D-Mannitol,34
9.0,B11_D-Mannitol,36
9.25,B11_D-Mannitol,35
9.5,B11_D-Mannitol,38
9.75,B11_D-Mannitol,43
10.0,B11_D-Mannitol,41
10.25,B11_D-Mannitol,41
10.5,B11_D-Mannitol,40
10.75,B11_D-Mannitol,52
11.0,B11_D-Mannitol,42
11.25,B11_D-Mannitol,48
11.5,B11_D-Mannitol,48
11.75,B11_D-Mannitol,51
12.0,B11_D-Mannitol,51
12.25,B11_D-Mannitol,52
12.5,B11_D-Mannitol,55
12.75,B11_D-Mannitol,58
13.0,B11_D-Mannitol,59
13.25,B11_D-Mannitol,62
13.5,B11_D-Mannitol,58
13.75,B11_D-Mannitol,63
14.0,B11_D-Mannitol,61
14.25,B11_D-Mannitol,62
14.5,B11_D-Mannitol,62
14.75,B11_D-Mannitol,72
15.0,B11_D-Mannitol,71
15.25,B11_D-Mannitol,75
15.5,B11_D-Mannitol,71
15.75,B11_D-Mannitol,74
16.0,B11_D-Mannitol,81
16.25,B11_D-Mannitol,80
16.5,B11_D-Mannitol,77
16.75,B11_D-Mannitol,79
17.0,B11_D-Mannitol,89
17.25,B11_D-Mannitol,93
17.5,B11_D-Mannitol,95
17.75,B11_D-Mannitol,104
18.0,B11_D-Mannitol,106
18.25,B11_D-Mannitol,101
18.5,B11_D-Mannitol,106
18.75,B11_D-Mannitol,109
19.0,B11_D-Mannitol,109
19.25,B11_D-Mannitol,115
19.5,B11_D-Mannitol,111
19.75,B11_D-Mannitol,120
20.0,B11_D-Mannitol,115
20.25,B11_D-Mannitol,115
20.5,B11_D-Mannitol,120
20.75,B11_D-Mannitol,120
21.0,B11_D-Mannitol,120
21.25,B11_D-Mannitol,123
21.5,B11_D-Mannitol,129
21.75,B11_D-Mannitol,129
22.0,B11_D-Mannitol,136
22.25,B11_D-Mannitol,134
22.5,B11_D-Mannitol,140
22.75,B11_D-Mannitol,137
23.0,B11_D-Mannitol,142
23.25,B11_D-Mannitol,152
23.5,B11_D-Mannitol,151
23.75,B11_D-Mannitol,146
24.0,B11_D-Mannitol,156
24.25,B11_D-Mannitol,152
24.5,B11_D-Mannitol,152
24.75,B11_D-Mannitol,157
25.0,B11_D-Mannitol,157
25.25,B11_D-Mannitol,165
25.5,B11_D-Mannitol,160
25.75,B11_D-Mannitol,164
26.0,B11_D-Mannitol,158
26.25,B11_D-Mannitol,167
26.5,B11_D-Mannitol,166
26.75,B11_D-Mannitol,168
27.0,B11_D-Mannitol,165
27.25,B11_D-Mannitol,165
27.5,B11_D-Mannitol,170
27.75,B11_D-Mannitol,166
28.0,B11_D-Mannitol,169
28.25,B11_D-Mannitol,170
28.5,B11_D-Mannitol,179
28.75,B11_D-Mannitol,179
29.0,B11_D-Mannitol,183
29.25,B11_D-Mannitol,192
29.5,B11_D-Mannitol,194
29.75,B11_D-Mannitol,190
30.0,B11_D-Mannitol,185
30.25,B11_D-Mannitol,190
30.5,B11_D-Mannitol,198
30.75,B11_D-Mannitol,194
31.0,B11_D-Mannitol,194
31.25,B11_D-Mannitol,196
31.5,B11_D-Mannitol,199
31.75,B11_D-Mannitol,197
32.0,B11_D-Mannitol,199
32.25,B11_D-Mannitol,198
32.5,B11_D-Mannitol,200
32.75,B11_D-Mannitol,200
33.0,B11_D-Mannitol,204
33.25,B11_D-Mannitol,202
33.5,B11_D-Mannitol,200
33.75,B11_D-Mannitol,209
34.0,B11_D-Mannitol,205
34.25,B11_D-Mannitol,206
34.5,B11_D-Mannitol,214
34.75,B11_D-Mannitol,212
35.0,B11_D-Mannitol,210
35.25,B11_D-Mannitol,216
35.5,B11_D-Mannitol,215
35.75,B11_D-Mannitol,212
36.0,B11_D-Mannitol,217
36.25,B11_D-Mannitol,213
36.5,B11_D-Mannitol,218
36.75,B11_D-Mannitol,219
37.0,B11_D-Mannitol,216
37.25,B11_D-Mannitol,216
37.5,B11_D-Mannitol,218
37.75,B11_D-Mannitol,223
38.0,B11_D-Mannitol,221
38.25,B11_D-Mannitol,220
38.5,B11_D-Mannitol,225
38.75,B11_D-Mannitol,224
39.0,B11_D-Mannitol,227
39.25,B11_D-Mannitol,227
39.5,B11_D-Mannitol,227
39.75,B11_D-Mannitol,226
40.0,B11_D-Mannitol,230
40.25,B11_D-Mannitol,230
40.5,B11_D-Mannitol,226
40.75,B11_D-Mannitol,233
41.0,B11_D-Mannitol,225
41.25,B11_D-Mannitol,231
41.5,B11_D-Mannitol,233
41.75,B11_D-Mannitol,228
42.0,B11_D-Mannitol,228
42.25,B11_D-Mannitol,235
42.5,B11_D-Mannitol,229
42.75,B11_D-Mannitol,235
43.0,B11_D-Mannitol,236
43.25,B11_D-Mannitol,235
43.5,B11_D-Mannitol,238
43.75,B11_D-Mannitol,236
44.0,B11_D-Mannitol,237
44.25,B11_D-Mannitol,235
44.5,B11_D-Mannitol,236
44.75,B11_D-Mannitol,233
45.0,B11_D-Mannitol,235
45.25,B11_D-Mannitol,240
45.5,B11_D-Mannitol,234
45.75,B11_D-Mannitol,238
46.0,B11_D-Mannitol,237
46.25,B11_D-Mannitol,239
46.5,B11_D-Mannitol,239
46.75,B11_D-Mannitol,240
47.0,B11_D-Mannitol,239
47.25,B11_D-Mannitol,237
47.5,B11_D-Mannitol,0
0.0,B12_L-Glutamic_Acid,35
0.25,B12_L-Glutamic_Acid,36
0.5,B12_L-Glutamic_Acid,49
0.75,B12_L-Glutamic_Acid,33
1.0,B12_L-Glutamic_Acid,28
1.25,B12_L-Glutamic_Acid,24
1.5,B12_L-Glutamic_Acid,27
1.75,B12_L-Glutamic_Acid,25
2.0,B12_L-Glutamic_Acid,24
2.25,B12_L-Glutamic_Acid,23
2.5,B12_L-Glutamic_Acid,22
2.75,B12_L-Glutamic_Acid,25
3.0,B12_L-Glutamic_Acid,26
3.25,B12_L-Glutamic_Acid,25
3.5,B12_L-Glutamic_Acid,21
3.75,B12_L-Glutamic_Acid,24
4.0,B12_L-Glutamic_Acid,25
4.25,B12_L-Glutamic_Acid,26
4.5,B12_L-Glutamic_Acid,27
4.75,B12_L-Glutamic_Acid,28
5.0,B12_L-Glutamic_Acid,22
5.25,B12_L-Glutamic_Acid,24
5.5,B12_L-Glutamic_Acid,28
5.75,B12_L-Glutamic_Acid,34
6.0,B12_L-Glutamic_Acid,28
6.25,B12_L-Glutamic_Acid,35
6.5,B12_L-Glutamic_Acid,33
6.75,B12_L-Glutamic_Acid,34
7.0,B12_L-Glutamic_Acid,41
7.25,B12_L-Glutamic_Acid,37
7.5,B12_L-Glutamic_Acid,37
7.75,B12_L-Glutamic_Acid,37
8.0,B12_L-Glutamic_Acid,42
8.25,B12_L-Glutamic_Acid,38
8.5,B12_L-Glutamic_Acid,39
8.75,B12_L-Glutamic_Acid,45
9.0,B12_L-Glutamic_Acid,42
9.25,B12_L-Glutamic_Acid,43
9.5,B12_L-Glutamic_Acid,46
9.75,B12_L-Glutamic_Acid,50
10.0,B12_L-Glutamic_Acid,59
10.25,B12_L-Glutamic_Acid,58
10.5,B12_L-Glutamic_Acid,59
10.75,B12_L-Glutamic_Acid,46
11.0,B12_L-Glutamic_Acid,54
11.25,B12_L-Glutamic_Acid,58
11.5,B12_L-Glutamic_Acid,64
11.75,B12_L-Glutamic_Acid,68
12.0,B12_L-Glutamic_Acid,75
12.25,B12_L-Glutamic_Acid,77
12.5,B12_L-Glutamic_Acid,82
12.75,B12_L-Glutamic_Acid,76
13.0,B12_L-Glutamic_Acid,78
13.25,B12_L-Glutamic_Acid,74
13.5,B12_L-Glutamic_Acid,75
13.75,B12_L-Glutamic_Acid,74
14.0,B12_L-Glutamic_Acid,76
14.25,B12_L-Glutamic_Acid,83
14.5,B12_L-Glutamic_Acid,82
14.75,B12_L-Glutamic_Acid,88
15.0,B12_L-Glutamic_Acid,84
15.25,B12_L-Glutamic_Acid,84
15.5,B12_L-Glutamic_Acid,89
15.75,B12_L-Glutamic_Acid,95
16.0,B12_L-Glutamic_Acid,103
16.25,B12_L-Glutamic_Acid,112
16.5,B12_L-Glutamic_Acid,116
16.75,B12_L-Glutamic_Acid,118
17.0,B12_L-Glutamic_Acid,109
17.25,B12_L-Glutamic_Acid,107
17.5,B12_L-Glutamic_Acid,95
17.75,B12_L-Glutamic_Acid,107
18.0,B12_L-Glutamic_Acid,107
18.25,B12_L-Glutamic_Acid,113
18.5,B12_L-Glutamic_Acid,112
18.75,B12_L-Glutamic_Acid,115
19.0,B12_L-Glutamic_Acid,114
19.25,B12_L-Glutamic_Acid,121
19.5,B12_L-Glutamic_Acid,117
19.75,B12_L-Glutamic_Acid,121
20.0,B12_L-Glutamic_Acid,121
20.25,B12_L-Glutamic_Acid,130
20.5,B12_L-Glutamic_Acid,130
20.75,B12_L-Glutamic_Acid,134
21.0,B12_L-Glutamic_Acid,137
21.25,B12_L-Glutamic_Acid,148
21.5,B12_L-Glutamic_Acid,151
21.75,B12_L-Glutamic_Acid,163
22.0,B12_L-Glutamic_Acid,164
22.25,B12_L-Glutamic_Acid,167
22.5,B12_L-Glutamic_Acid,167
22.75,B12_L-Glutamic_Acid,171
23.0,B12_L-Glutamic_Acid,174
23.25,B12_L-Glutamic_Acid,177
23.5,B12_L-Glutamic_Acid,179
23.75,B12_L-Glutamic_Acid,182
24.0,B12_L-Glutamic_Acid,186
24.25,B12_L-Glutamic_Acid,191
24.5,B12_L-Glutamic_Acid,193
24.75,B12_L-Glutamic_Acid,192
25.0,B12_L-Glutamic_Acid,196
25.25,B12_L-Glutamic_Acid,196
25.5,B12_L-Glutamic_Acid,199
25.75,B12_L-Glutamic_Acid,203
26.0,B12_L-Glutamic_Acid,199
26.25,B12_L-Glutamic_Acid,203
26.5,B12_L-Glutamic_Acid,202
26.75,B12_L-Glutamic_Acid,200
27.0,B12_L-Glutamic_Acid,198
27.25,B12_L-Glutamic_Acid,202
27.5,B12_L-Glutamic_Acid,200
27.75,B12_L-Glutamic_Acid,202
28.0,B12_L-Glutamic_Acid,203
28.25,B12_L-Glutamic_Acid,199
28.5,B12_L-Glutamic_Acid,198
28.75,B12_L-Glutamic_Acid,198
29.0,B12_L-Glutamic_Acid,200
29.25,B12_L-Glutamic_Acid,201
29.5,B12_L-Glutamic_Acid,200
29.75,B12_L-Glutamic_Acid,200
30.0,B12_L-Glutamic_Acid,197
30.25,B12_L-Glutamic_Acid,195
30.5,B12_L-Glutamic_Acid,197
30.75,B12_L-Glutamic_Acid,196
31.0,B12_L-Glutamic_Acid,200
31.25,B12_L-Glutamic_Acid,194
31.5,B12_L-Glutamic_Acid,202
31.75,B12_L-Glutamic_Acid,196
32.0,B12_L-Glutamic_Acid,199
32.25,B12_L-Glutamic_Acid,198
32.5,B12_L-Glutamic_Acid,195
32.75,B12_L-Glutamic_Acid,197
33.0,B12_L-Glutamic_Acid,198
33.25,B12_L-Glutamic_Acid,200
33.5,B12_L-Glutamic_Acid,197
33.75,B12_L-Glutamic_Acid,199
34.0,B12_L-Glutamic_Acid,198
34.25,B12_L-Glutamic_Acid,200
34.5,B12_L-Glutamic_Acid,201
34.75,B12_L-Glutamic_Acid,200
35.0,B12_L-Glutamic_Acid,200
35.25,B12_L-Glutamic_Acid,190
35.5,B12_L-Glutamic_Acid,201
35.75,B12_L-Glutamic_Acid,198
36.0,B12_L-Glutamic_Acid,198
36.25,B12_L-Glutamic_Acid,197
36.5,B12_L-Glutamic_Acid,198
36.75,B12_L-Glutamic_Acid,194
37.0,B12_L-Glutamic_Acid,193
37.25,B12_L-Glutamic_Acid,186
37.5,B12_L-Glutamic_Acid,190
37.75,B12_L-Glutamic_Acid,195
38.0,B12_L-Glutamic_Acid,195
38.25,B12_L-Glutamic_Acid,195
38.5,B12_L-Glutamic_Acid,199
38.75,B12_L-Glutamic_Acid,198
39.0,B12_L-Glutamic_Acid,194
39.25,B12_L-Glutamic_Acid,198
39.5,B12_L-Glutamic_Acid,199
39.75,B12_L-Glutamic_Acid,194
40.0,B12_L-Glutamic_Acid,189
40.25,B12_L-Glutamic_Acid,191
40.5,B12_L-Glutamic_Acid,193
40.75,B12_L-Glutamic_Acid,193
41.0,B12_L-Glutamic_Acid,198
41.25,B12_L-Glutamic_Acid,199
41.5,B12_L-Glutamic_Acid,193
41.75,B12_L-Glutamic_Acid,197
42.0,B12_L-Glutamic_Acid,190
42.25,B12_L-Glutamic_Acid,189
42.5,B12_L-Glutamic_Acid,189
42.75,B12_L-Glutamic_Acid,189
43.0,B12_L-Glutamic_Acid,192
43.25,B12_L-Glutamic_Acid,193
43.5,B12_L-Glutamic_Acid,192
43.75,B12_L-Glutamic_Acid,192
44.0,B12_L-Glutamic_Acid,193
44.25,B12_L-Glutamic_Acid,189
44.5,B12_L-Glutamic_Acid,195
44.75,B12_L-Glutamic_Acid,193
45.0,B12_L-Glutamic_Acid,189
45.25,B12_L-Glutamic_Acid,190
45.5,B12_L-Glutamic_Acid,195
45.75,B12_L-Glutamic_Acid,196
46.0,B12_L-Glutamic_Acid,189
46.25,B12_L-Glutamic_Acid,196
46.5,B12_L-Glutamic_Acid,191
46.75,B12_L-Glutamic_Acid,192
47.0,B12_L-Glutamic_Acid,192
47.25,B12_L-Glutamic_Acid,190
47.5,B12_L-Glutamic_Acid,0
0.0,C1_D-Glucose-6-Phosphate,61
0.25,C1_D-Glucose-6-Phosphate,50
0.5,C1_D-Glucose-6-Phosphate,50
0.75,C1_D-Glucose-6-Phosphate,49
1.0,C1_D-Glucose-6-Phosphate,48
1.25,C1_D-Glucose-6-Phosphate,54
1.5,C1_D-Glucose-6-Phosphate,58
1.75,C1_D-Glucose-6-Phosphate,53
2.0,C1_D-Glucose-6-Phosphate,54
2.25,C1_D-Glucose-6-Phosphate,52
2.5,C1_D-Glucose-6-Phosphate,47
2.75,C1_D-Glucose-6-Phosphate,52
3.0,C1_D-Glucose-6-Phosphate,57
3.25,C1_D-Glucose-6-Phosphate,51
3.5,C1_D-Glucose-6-Phosphate,49
3.75,C1_D-Glucose-6-Phosphate,56
4.0,C1_D-Glucose-6-Phosphate,53
4.25,C1_D-Glucose-6-Phosphate,57
4.5,C1_D-Glucose-6-Phosphate,54
4.75,C1_D-Glucose-6-Phosphate,52
5.0,C1_D-Glucose-6-Phosphate,52
5.25,C1_D-Glucose-6-Phosphate,55
5.5,C1_D-Glucose-6-Phosphate,50
5.75,C1_D-Glucose-6-Phosphate,53
6.0,C1_D-Glucose-6-Phosphate,53
6.25,C1_D-Glucose-6-Phosphate,52
6.5,C1_D-Glucose-6-Phosphate,52
6.75,C1_D-Glucose-6-Phosphate,56
7.0,C1_D-Glucose-6-Phosphate,58
7.25,C1_D-Glucose-6-Phosphate,57
7.5,C1_D-Glucose-6-Phosphate,61
7.75,C1_D-Glucose-6-Phosphate,58
8.0,C1_D-Glucose-6-Phosphate,61
8.25,C1_D-Glucose-6-Phosphate,63
8.5,C1_D-Glucose-6-Phosphate,60
8.75,C1_D-Glucose-6-Phosphate,62
9.0,C1_D-Glucose-6-Phosphate,60
9.25,C1_D-Glucose-6-Phosphate,66
9.5,C1_D-Glucose-6-Phosphate,62
9.75,C1_D-Glucose-6-Phosphate,61
10.0,C1_D-Glucose-6-Phosphate,63
10.25,C1_D-Glucose-6-Phosphate,58
10.5,C1_D-Glucose-6-Phosphate,61
10.75,C1_D-Glucose-6-Phosphate,58
11.0,C1_D-Glucose-6-Phosphate,65
11.25,C1_D-Glucose-6-Phosphate,66
11.5,C1_D-Glucose-6-Phosphate,58
11.75,C1_D-Glucose-6-Phosphate,65
12.0,C1_D-Glucose-6-Phosphate,62
12.25,C1_D-Glucose-6-Phosphate,61
12.5,C1_D-Glucose-6-Phosphate,62
12.75,C1_D-Glucose-6-Phosphate,63
13.0,C1_D-Glucose-6-Phosphate,62
13.25,C1_D-Glucose-6-Phosphate,63
13.5,C1_D-Glucose-6-Phosphate,62
13.75,C1_D-Glucose-6-Phosphate,63
14.0,C1_D-Glucose-6-Phosphate,57
14.25,C1_D-Glucose-6-Phosphate,62
14.5,C1_D-Glucose-6-Phosphate,63
14.75,C1_D-Glucose-6-Phosphate,66
15.0,C1_D-Glucose-6-Phosphate,63
15.25,C1_D-Glucose-6-Phosphate,64
15.5,C1_D-Glucose-6-Phosphate,60
15.75,C1_D-Glucose-6-Phosphate,64
16.0,C1_D-Glucose-6-Phosphate,67
16.25,C1_D-Glucose-6-Phosphate,70
16.5,C1_D-Glucose-6-Phosphate,63
16.75,C1_D-Glucose-6-Phosphate,67
17.0,C1_D-Glucose-6-Phosphate,65
17.25,C1_D-Glucose-6-Phosphate,68
17.5,C1_D-Glucose-6-Phosphate,69
17.75,C1_D-Glucose-6-Phosphate,68
18.0,C1_D-Glucose-6-Phosphate,69
18.25,C1_D-Glucose-6-Phosphate,67
18.5,C1_D-Glucose-6-Phosphate,69
18.75,C1_D-Glucose-6-Phosphate,62
19.0,C1_D-Glucose-6-Phosphate,74
19.25,C1_D-Glucose-6-Phosphate,72
19.5,C1_D-Glucose-6-Phosphate,72
19.75,C1_D-Glucose-6-Phosphate,70
20.0,C1_D-Glucose-6-Phosphate,70
20.25,C1_D-Glucose-6-Phosphate,64
20.5,C1_D-Glucose-6-Phosphate,76
20.75,C1_D-Glucose-6-Phosphate,67
21.0,C1_D-Glucose-6-Phosphate,63
21.25,C1_D-Glucose-6-Phosphate,73
21.5,C1_D-Glucose-6-Phosphate,65
21.75,C1_D-Glucose-6-Phosphate,71
22.0,C1_D-Glucose-6-Phosphate,69
22.25,C1_D-Glucose-6-Phosphate,74
22.5,C1_D-Glucose-6-Phosphate,71
22.75,C1_D-Glucose-6-Phosphate,73
23.0,C1_D-Glucose-6-Phosphate,71
23.25,C1_D-Glucose-6-Phosphate,72
23.5,C1_D-Glucose-6-Phosphate,71
23.75,C1_D-Glucose-6-Phosphate,71
24.0,C1_D-Glucose-6-Phosphate,72
24.25,C1_D-Glucose-6-Phosphate,74
24.5,C1_D-Glucose-6-Phosphate,68
24.75,C1_D-Glucose-6-Phosphate,73
25.0,C1_D-Glucose-6-Phosphate,69
25.25,C1_D-Glucose-6-Phosphate,75
25.5,C1_D-Glucose-6-Phosphate,73
25.75,C1_D-Glucose-6-Phosphate,77
26.0,C1_D-Glucose-6-Phosphate,71
26.25,C1_D-Glucose-6-Phosphate,72
26.5,C1_D-Glucose-6-Phosphate,71
26.75,C1_D-Glucose-6-Phosphate,70
27.0,C1_D-Glucose-6-Phosphate,69
27.25,C1_D-Glucose-6-Phosphate,72
27.5,C1_D-Glucose-6-Phosphate,70
27.75,C1_D-Glucose-6-Phosphate,73
28.0,C1_D-Glucose-6-Phosphate,72
28.25,C1_D-Glucose-6-Phosphate,74
28.5,C1_D-Glucose-6-Phosphate,69
28.75,C1_D-Glucose-6-Phosphate,73
29.0,C1_D-Glucose-6-Phosphate,74
29.25,C1_D-Glucose-6-Phosphate,66
29.5,C1_D-Glucose-6-Phosphate,72
29.75,C1_D-Glucose-6-Phosphate,79
30.0,C1_D-Glucose-6-Phosphate,73
30.25,C1_D-Glucose-6-Phosphate,73
30.5,C1_D-Glucose-6-Phosphate,72
30.75,C1_D-Glucose-6-Phosphate,72
31.0,C1_D-Glucose-6-Phosphate,73
31.25,C1_D-Glucose-6-Phosphate,73
31.5,C1_D-Glucose-6-Phosphate,75
31.75,C1_D-Glucose-6-Phosphate,71
32.0,C1_D-Glucose-6-Phosphate,75
32.25,C1_D-Glucose-6-Phosphate,72
32.5,C1_D-Glucose-6-Phosphate,75
32.75,C1_D-Glucose-6-Phosphate,74
33.0,C1_D-Glucose-6-Phosphate,76
33.25,C1_D-Glucose-6-Phosphate,74
33.5,C1_D-Glucose-6-Phosphate,73
33.75,C1_D-Glucose-6-Phosphate,79
34.0,C1_D-Glucose-6-Phosphate,78
34.25,C1_D-Glucose-6-Phosphate,74
34.5,C1_D-Glucose-6-Phosphate,75
34.75,C1_D-Glucose-6-Phosphate,78
35.0,C1_D-Glucose-6-Phosphate,75
35.25,C1_D-Glucose-6-Phosphate,76
35.5,C1_D-Glucose-6-Phosphate,76
35.75,C1_D-Glucose-6-Phosphate,75
36.0,C1_D-Glucose-6-Phosphate,74
36.25,C1_D-Glucose-6-Phosphate,74
36.5,C1_D-Glucose-6-Phosphate,76
36.75,C1_D-Glucose-6-Phosphate,74
37.0,C1_D-Glucose-6-Phosphate,76
37.25,C1_D-Glucose-6-Phosphate,72
37.5,C1_D-Glucose-6-Phosphate,75
37.75,C1_D-Glucose-6-Phosphate,77
38.0,C1_D-Glucose-6-Phosphate,72
38.25,C1_D-Glucose-6-Phosphate,74
38.5,C1_D-Glucose-6-Phosphate,75
38.75,C1_D-Glucose-6-Phosphate,75
39.0,C1_D-Glucose-6-Phosphate,76
39.25,C1_D-Glucose-6-Phosphate,72
39.5,C1_D-Glucose-6-Phosphate,72
39.75,C1_D-Glucose-6-Phosphate,72
40.0,C1_D-Glucose-6-Phosphate,75
40.25,C1_D-Glucose-6-Phosphate,77
40.5,C1_D-Glucose-6-Phosphate,72
40.75,C1_D-Glucose-6-Phosphate,75
41.0,C1_D-Glucose-6-Phosphate,75
41.25,C1_D-Glucose-6-Phosphate,74
41.5,C1_D-Glucose-6-Phosphate,74
41.75,C1_D-Glucose-6-Phosphate,78
42.0,C1_D-Glucose-6-Phosphate,75
42.25,C1_D-Glucose-6-Phosphate,76
42.5,C1_D-Glucose-6-Phosphate,74
42.75,C1_D-Glucose-6-Phosphate,72
43.0,C1_D-Glucose-6-Phosphate,75
43.25,C1_D-Glucose-6-Phosphate,74
43.5,C1_D-Glucose-6-Phosphate,75
43.75,C1_D-Glucose-6-Phosphate,74
44.0,C1_D-Glucose-6-Phosphate,74
44.25,C1_D-Glucose-6-Phosphate,74
44.5,C1_D-Glucose-6-Phosphate,75
44.75,C1_D-Glucose-6-Phosphate,78
45.0,C1_D-Glucose-6-Phosphate,74
45.25,C1_D-Glucose-6-Phosphate,75
45.5,C1_D-Glucose-6-Phosphate,73
45.75,C1_D-Glucose-6-Phosphate,77
46.0,C1_D-Glucose-6-Phosphate,70
46.25,C1_D-Glucose-6-Phosphate,78
46.5,C1_D-Glucose-6-Phosphate,75
46.75,C1_D-Glucose-6-Phosphate,72
47.0,C1_D-Glucose-6-Phosphate,75
47.25,C1_D-Glucose-6-Phosphate,77
47.5,C1_D-Glucose-6-Phosphate,0
0.0,C2_D-GalactonicAcid-g-Lactone,20
0.25,C2_D-GalactonicAcid-g-Lactone,18
0.5,C2_D-GalactonicAcid-g-Lactone,13
0.75,C2_D-GalactonicAcid-g-Lactone,17
1.0,C2_D-GalactonicAcid-g-Lactone,17
1.25,C2_D-GalactonicAcid-g-Lactone,20
1.5,C2_D-GalactonicAcid-g-Lactone,18
1.75,C2_D-GalactonicAcid-g-Lactone,18
2.0,C2_D-GalactonicAcid-g-Lactone,17
2.25,C2_D-GalactonicAcid-g-Lactone,20
2.5,C2_D-GalactonicAcid-g-Lactone,18
2.75,C2_D-GalactonicAcid-g-Lactone,16
3.0,C2_D-GalactonicAcid-g-Lactone,14
3.25,C2_D-GalactonicAcid-g-Lactone,16
3.5,C2_D-GalactonicAcid-g-Lactone,18
3.75,C2_D-GalactonicAcid-g-Lactone,19
4.0,C2_D-GalactonicAcid-g-Lactone,18
4.25,C2_D-GalactonicAcid-g-Lactone,20
4.5,C2_D-GalactonicAcid-g-Lactone,16
4.75,C2_D-GalactonicAcid-g-Lactone,14
5.0,C2_D-GalactonicAcid-g-Lactone,19
5.25,C2_D-GalactonicAcid-g-Lactone,20
5.5,C2_D-GalactonicAcid-g-Lactone,23
5.75,C2_D-GalactonicAcid-g-Lactone,23
6.0,C2_D-GalactonicAcid-g-Lactone,20
6.25,C2_D-GalactonicAcid-g-Lactone,19
6.5,C2_D-GalactonicAcid-g-Lactone,19
6.75,C2_D-GalactonicAcid-g-Lactone,22
7.0,C2_D-GalactonicAcid-g-Lactone,24
7.25,C2_D-GalactonicAcid-g-Lactone,24
7.5,C2_D-GalactonicAcid-g-Lactone,25
7.75,C2_D-GalactonicAcid-g-Lactone,26
8.0,C2_D-GalactonicAcid-g-Lactone,28
8.25,C2_D-GalactonicAcid-g-Lactone,27
8.5,C2_D-GalactonicAcid-g-Lactone,29
8.75,C2_D-GalactonicAcid-g-Lactone,27
9.0,C2_D-GalactonicAcid-g-Lactone,29
9.25,C2_D-GalactonicAcid-g-Lactone,27
9.5,C2_D-GalactonicAcid-g-Lactone,29
9.75,C2_D-GalactonicAcid-g-Lactone,29
10.0,C2_D-GalactonicAcid-g-Lactone,30
10.25,C2_D-GalactonicAcid-g-Lactone,28
10.5,C2_D-GalactonicAcid-g-Lactone,29
10.75,C2_D-GalactonicAcid-g-Lactone,28
11.0,C2_D-GalactonicAcid-g-Lactone,26
11.25,C2_D-GalactonicAcid-g-Lactone,31
11.5,C2_D-GalactonicAcid-g-Lactone,30
11.75,C2_D-GalactonicAcid-g-Lactone,32
12.0,C2_D-GalactonicAcid-g-Lactone,31
12.25,C2_D-GalactonicAcid-g-Lactone,29
12.5,C2_D-GalactonicAcid-g-Lactone,32
12.75,C2_D-GalactonicAcid-g-Lactone,34
13.0,C2_D-GalactonicAcid-g-Lactone,29
13.25,C2_D-GalactonicAcid-g-Lactone,32
13.5,C2_D-GalactonicAcid-g-Lactone,32
13.75,C2_D-GalactonicAcid-g-Lactone,34
14.0,C2_D-GalactonicAcid-g-Lactone,33
14.25,C2_D-GalactonicAcid-g-Lactone,30
14.5,C2_D-GalactonicAcid-g-Lactone,32
14.75,C2_D-GalactonicAcid-g-Lactone,35
15.0,C2_D-GalactonicAcid-g-Lactone,34
15.25,C2_D-GalactonicAcid-g-Lactone,33
15.5,C2_D-GalactonicAcid-g-Lactone,33
15.75,C2_D-GalactonicAcid-g-Lactone,35
16.0,C2_D-GalactonicAcid-g-Lactone,30
16.25,C2_D-GalactonicAcid-g-Lactone,32
16.5,C2_D-GalactonicAcid-g-Lactone,33
16.75,C2_D-GalactonicAcid-g-Lactone,36
17.0,C2_D-GalactonicAcid-g-Lactone,34
17.25,C2_D-GalactonicAcid-g-Lactone,30
17.5,C2_D-GalactonicAcid-g-Lactone,30
17.75,C2_D-GalactonicAcid-g-Lactone,32
18.0,C2_D-GalactonicAcid-g-Lactone,39
18.25,C2_D-GalactonicAcid-g-Lactone,37
18.5,C2_D-GalactonicAcid-g-Lactone,32
18.75,C2_D-GalactonicAcid-g-Lactone,34
19.0,C2_D-GalactonicAcid-g-Lactone,36
19.25,C2_D-GalactonicAcid-g-Lactone,36
19.5,C2_D-GalactonicAcid-g-Lactone,37
19.75,C2_D-GalactonicAcid-g-Lactone,35
20.0,C2_D-GalactonicAcid-g-Lactone,38
20.25,C2_D-GalactonicAcid-g-Lactone,34
20.5,C2_D-GalactonicAcid-g-Lactone,31
20.75,C2_D-GalactonicAcid-g-Lactone,36
21.0,C2_D-GalactonicAcid-g-Lactone,36
21.25,C2_D-GalactonicAcid-g-Lactone,31
21.5,C2_D-GalactonicAcid-g-Lactone,32
21.75,C2_D-GalactonicAcid-g-Lactone,37
22.0,C2_D-GalactonicAcid-g-Lactone,35
22.25,C2_D-GalactonicAcid-g-Lactone,35
22.5,C2_D-GalactonicAcid-g-Lactone,36
22.75,C2_D-GalactonicAcid-g-Lactone,32
23.0,C2_D-GalactonicAcid-g-Lactone,33
23.25,C2_D-GalactonicAcid-g-Lactone,40
23.5,C2_D-GalactonicAcid-g-Lactone,36
23.75,C2_D-GalactonicAcid-g-Lactone,38
24.0,C2_D-GalactonicAcid-g-Lactone,37
24.25,C2_D-GalactonicAcid-g-Lactone,33
24.5,C2_D-GalactonicAcid-g-Lactone,33
24.75,C2_D-GalactonicAcid-g-Lactone,38
25.0,C2_D-GalactonicAcid-g-Lactone,40
25.25,C2_D-GalactonicAcid-g-Lactone,36
25.5,C2_D-GalactonicAcid-g-Lactone,41
25.75,C2_D-GalactonicAcid-g-Lactone,39
26.0,C2_D-GalactonicAcid-g-Lactone,38
26.25,C2_D-GalactonicAcid-g-Lactone,39
26.5,C2_D-GalactonicAcid-g-Lactone,36
26.75,C2_D-GalactonicAcid-g-Lactone,40
27.0,C2_D-GalactonicAcid-g-Lactone,36
27.25,C2_D-GalactonicAcid-g-Lactone,35
27.5,C2_D-GalactonicAcid-g-Lactone,39
27.75,C2_D-GalactonicAcid-g-Lactone,38
28.0,C2_D-GalactonicAcid-g-Lactone,37
28.25,C2_D-GalactonicAcid-g-Lactone,39
28.5,C2_D-GalactonicAcid-g-Lactone,33
28.75,C2_D-GalactonicAcid-g-Lactone,39
29.0,C2_D-GalactonicAcid-g-Lactone,38
29.25,C2_D-GalactonicAcid-g-Lactone,35
29.5,C2_D-GalactonicAcid-g-Lactone,34
29.75,C2_D-GalactonicAcid-g-Lactone,38
30.0,C2_D-GalactonicAcid-g-Lactone,35
30.25,C2_D-GalactonicAcid-g-Lactone,38
30.5,C2_D-GalactonicAcid-g-Lactone,41
30.75,C2_D-GalactonicAcid-g-Lactone,37
31.0,C2_D-GalactonicAcid-g-Lactone,39
31.25,C2_D-GalactonicAcid-g-Lactone,37
31.5,C2_D-GalactonicAcid-g-Lactone,38
31.75,C2_D-GalactonicAcid-g-Lactone,38
32.0,C2_D-GalactonicAcid-g-Lactone,38
32.25,C2_D-GalactonicAcid-g-Lactone,40
32.5,C2_D-GalactonicAcid-g-Lactone,41
32.75,C2_D-GalactonicAcid-g-Lactone,39
33.0,C2_D-GalactonicAcid-g-Lactone,33
33.25,C2_D-GalactonicAcid-g-Lactone,38
33.5,C2_D-GalactonicAcid-g-Lactone,39
33.75,C2_D-GalactonicAcid-g-Lactone,39
34.0,C2_D-GalactonicAcid-g-Lactone,35
34.25,C2_D-GalactonicAcid-g-Lactone,36
34.5,C2_D-GalactonicAcid-g-Lactone,39
34.75,C2_D-GalactonicAcid-g-Lactone,38
35.0,C2_D-GalactonicAcid-g-Lactone,39
35.25,C2_D-GalactonicAcid-g-Lactone,41
35.5,C2_D-GalactonicAcid-g-Lactone,43
35.75,C2_D-GalactonicAcid-g-Lactone,38
36.0,C2_D-GalactonicAcid-g-Lactone,41
36.25,C2_D-GalactonicAcid-g-Lactone,39
36.5,C2_D-GalactonicAcid-g-Lactone,38
36.75,C2_D-GalactonicAcid-g-Lactone,38
37.0,C2_D-GalactonicAcid-g-Lactone,43
37.25,C2_D-GalactonicAcid-g-Lactone,42
37.5,C2_D-GalactonicAcid-g-Lactone,37
37.75,C2_D-GalactonicAcid-g-Lactone,40
38.0,C2_D-GalactonicAcid-g-Lactone,42
38.25,C2_D-GalactonicAcid-g-Lactone,38
38.5,C2_D-GalactonicAcid-g-Lactone,40
38.75,C2_D-GalactonicAcid-g-Lactone,40
39.0,C2_D-GalactonicAcid-g-Lactone,41
39.25,C2_D-GalactonicAcid-g-Lactone,42
39.5,C2_D-GalactonicAcid-g-Lactone,38
39.75,C2_D-GalactonicAcid-g-Lactone,41
40.0,C2_D-GalactonicAcid-g-Lactone,36
40.25,C2_D-GalactonicAcid-g-Lactone,39
40.5,C2_D-GalactonicAcid-g-Lactone,42
40.75,C2_D-GalactonicAcid-g-Lactone,40
41.0,C2_D-GalactonicAcid-g-Lactone,44
41.25,C2_D-GalactonicAcid-g-Lactone,40
41.5,C2_D-GalactonicAcid-g-Lactone,44
41.75,C2_D-GalactonicAcid-g-Lactone,35
42.0,C2_D-GalactonicAcid-g-Lactone,37
42.25,C2_D-GalactonicAcid-g-Lactone,37
42.5,C2_D-GalactonicAcid-g-Lactone,37
42.75,C2_D-GalactonicAcid-g-Lactone,41
43.0,C2_D-GalactonicAcid-g-Lactone,43
43.25,C2_D-GalactonicAcid-g-Lactone,39
43.5,C2_D-GalactonicAcid-g-Lactone,40
43.75,C2_D-GalactonicAcid-g-Lactone,40
44.0,C2_D-GalactonicAcid-g-Lactone,42
44.25,C2_D-GalactonicAcid-g-Lactone,42
44.5,C2_D-GalactonicAcid-g-Lactone,37
44.75,C2_D-GalactonicAcid-g-Lactone,39
45.0,C2_D-GalactonicAcid-g-Lactone,40
45.25,C2_D-GalactonicAcid-g-Lactone,41
45.5,C2_D-GalactonicAcid-g-Lactone,36
45.75,C2_D-GalactonicAcid-g-Lactone,42
46.0,C2_D-GalactonicAcid-g-Lactone,38
46.25,C2_D-GalactonicAcid-g-Lactone,38
46.5,C2_D-GalactonicAcid-g-Lactone,42
46.75,C2_D-GalactonicAcid-g-Lactone,36
47.0,C2_D-GalactonicAcid-g-Lactone,39
47.25,C2_D-GalactonicAcid-g-Lactone,40
47.5,C2_D-GalactonicAcid-g-Lactone,0
0.0,C3_D-L-Malic_Acid,23
0.25,C3_D-L-Malic_Acid,17
0.5,C3_D-L-Malic_Acid,14
0.75,C3_D-L-Malic_Acid,16
1.0,C3_D-L-Malic_Acid,13
1.25,C3_D-L-Malic_Acid,17
1.5,C3_D-L-Malic_Acid,19
1.75,C3_D-L-Malic_Acid,16
2.0,C3_D-L-Malic_Acid,14
2.25,C3_D-L-Malic_Acid,12
2.5,C3_D-L-Malic_Acid,16
2.75,C3_D-L-Malic_Acid,18
3.0,C3_D-L-Malic_Acid,16
3.25,C3_D-L-Malic_Acid,14
3.5,C3_D-L-Malic_Acid,14
3.75,C3_D-L-Malic_Acid,18
4.0,C3_D-L-Malic_Acid,20
4.25,C3_D-L-Malic_Acid,15
4.5,C3_D-L-Malic_Acid,19
4.75,C3_D-L-Malic_Acid,17
5.0,C3_D-L-Malic_Acid,18
5.25,C3_D-L-Malic_Acid,15
5.5,C3_D-L-Malic_Acid,16
5.75,C3_D-L-Malic_Acid,22
6.0,C3_D-L-Malic_Acid,19
6.25,C3_D-L-Malic_Acid,21
6.5,C3_D-L-Malic_Acid,25
6.75,C3_D-L-Malic_Acid,21
7.0,C3_D-L-Malic_Acid,23
7.25,C3_D-L-Malic_Acid,17
7.5,C3_D-L-Malic_Acid,23
7.75,C3_D-L-Malic_Acid,27
8.0,C3_D-L-Malic_Acid,25
8.25,C3_D-L-Malic_Acid,29
8.5,C3_D-L-Malic_Acid,27
8.75,C3_D-L-Malic_Acid,29
9.0,C3_D-L-Malic_Acid,29
9.25,C3_D-L-Malic_Acid,28
9.5,C3_D-L-Malic_Acid,29
9.75,C3_D-L-Malic_Acid,31
10.0,C3_D-L-Malic_Acid,34
10.25,C3_D-L-Malic_Acid,32
10.5,C3_D-L-Malic_Acid,32
10.75,C3_D-L-Malic_Acid,37
11.0,C3_D-L-Malic_Acid,36
11.25,C3_D-L-Malic_Acid,41
11.5,C3_D-L-Malic_Acid,41
11.75,C3_D-L-Malic_Acid,46
12.0,C3_D-L-Malic_Acid,49
12.25,C3_D-L-Malic_Acid,49
12.5,C3_D-L-Malic_Acid,54
12.75,C3_D-L-Malic_Acid,56
13.0,C3_D-L-Malic_Acid,57
13.25,C3_D-L-Malic_Acid,62
13.5,C3_D-L-Malic_Acid,62
13.75,C3_D-L-Malic_Acid,65
14.0,C3_D-L-Malic_Acid,68
14.25,C3_D-L-Malic_Acid,71
14.5,C3_D-L-Malic_Acid,69
14.75,C3_D-L-Malic_Acid,79
15.0,C3_D-L-Malic_Acid,73
15.25,C3_D-L-Malic_Acid,78
15.5,C3_D-L-Malic_Acid,81
15.75,C3_D-L-Malic_Acid,88
16.0,C3_D-L-Malic_Acid,81
16.25,C3_D-L-Malic_Acid,85
16.5,C3_D-L-Malic_Acid,85
16.75,C3_D-L-Malic_Acid,86
17.0,C3_D-L-Malic_Acid,80
17.25,C3_D-L-Malic_Acid,82
17.5,C3_D-L-Malic_Acid,80
17.75,C3_D-L-Malic_Acid,81
18.0,C3_D-L-Malic_Acid,86
18.25,C3_D-L-Malic_Acid,87
18.5,C3_D-L-Malic_Acid,87
18.75,C3_D-L-Malic_Acid,88
19.0,C3_D-L-Malic_Acid,89
19.25,C3_D-L-Malic_Acid,87
19.5,C3_D-L-Malic_Acid,93
19.75,C3_D-L-Malic_Acid,94
20.0,C3_D-L-Malic_Acid,93
20.25,C3_D-L-Malic_Acid,92
20.5,C3_D-L-Malic_Acid,94
20.75,C3_D-L-Malic_Acid,98
21.0,C3_D-L-Malic_Acid,95
21.25,C3_D-L-Malic_Acid,94
21.5,C3_D-L-Malic_Acid,92
21.75,C3_D-L-Malic_Acid,97
22.0,C3_D-L-Malic_Acid,92
22.25,C3_D-L-Malic_Acid,92
22.5,C3_D-L-Malic_Acid,91
22.75,C3_D-L-Malic_Acid,87
23.0,C3_D-L-Malic_Acid,94
23.25,C3_D-L-Malic_Acid,93
23.5,C3_D-L-Malic_Acid,93
23.75,C3_D-L-Malic_Acid,93
24.0,C3_D-L-Malic_Acid,94
24.25,C3_D-L-Malic_Acid,98
24.5,C3_D-L-Malic_Acid,95
24.75,C3_D-L-Malic_Acid,100
25.0,C3_D-L-Malic_Acid,95
25.25,C3_D-L-Malic_Acid,92
25.5,C3_D-L-Malic_Acid,93
25.75,C3_D-L-Malic_Acid,96
26.0,C3_D-L-Malic_Acid,95
26.25,C3_D-L-Malic_Acid,97
26.5,C3_D-L-Malic_Acid,98
26.75,C3_D-L-Malic_Acid,96
27.0,C3_D-L-Malic_Acid,89
27.25,C3_D-L-Malic_Acid,88
27.5,C3_D-L-Malic_Acid,98
27.75,C3_D-L-Malic_Acid,92
28.0,C3_D-L-Malic_Acid,96
28.25,C3_D-L-Malic_Acid,97
28.5,C3_D-L-Malic_Acid,96
28.75,C3_D-L-Malic_Acid,100
29.0,C3_D-L-Malic_Acid,97
29.25,C3_D-L-Malic_Acid,96
29.5,C3_D-L-Malic_Acid,98
29.75,C3_D-L-Malic_Acid,93
30.0,C3_D-L-Malic_Acid,89
30.25,C3_D-L-Malic_Acid,95
30.5,C3_D-L-Malic_Acid,98
30.75,C3_D-L-Malic_Acid,94
31.0,C3_D-L-Malic_Acid,94
31.25,C3_D-L-Malic_Acid,94
31.5,C3_D-L-Malic_Acid,97
31.75,C3_D-L-Malic_Acid,93
32.0,C3_D-L-Malic_Acid,99
32.25,C3_D-L-Malic_Acid,97
32.5,C3_D-L-Malic_Acid,98
32.75,C3_D-L-Malic_Acid,95
33.0,C3_D-L-Malic_Acid,101
33.25,C3_D-L-Malic_Acid,95
33.5,C3_D-L-Malic_Acid,99
33.75,C3_D-L-Malic_Acid,105
34.0,C3_D-L-Malic_Acid,102
34.25,C3_D-L-Malic_Acid,100
34.5,C3_D-L-Malic_Acid,100
34.75,C3_D-L-Malic_Acid,98
35.0,C3_D-L-Malic_Acid,99
35.25,C3_D-L-Malic_Acid,102
35.5,C3_D-L-Malic_Acid,104
35.75,C3_D-L-Malic_Acid,108
36.0,C3_D-L-Malic_Acid,110
36.25,C3_D-L-Malic_Acid,99
36.5,C3_D-L-Malic_Acid,108
36.75,C3_D-L-Malic_Acid,101
37.0,C3_D-L-Malic_Acid,102
37.25,C3_D-L-Malic_Acid,97
37.5,C3_D-L-Malic_Acid,96
37.75,C3_D-L-Malic_Acid,101
38.0,C3_D-L-Malic_Acid,100
38.25,C3_D-L-Malic_Acid,99
38.5,C3_D-L-Malic_Acid,105
38.75,C3_D-L-Malic_Acid,100
39.0,C3_D-L-Malic_Acid,100
39.25,C3_D-L-Malic_Acid,100
39.5,C3_D-L-Malic_Acid,100
39.75,C3_D-L-Malic_Acid,96
40.0,C3_D-L-Malic_Acid,103
40.25,C3_D-L-Malic_Acid,98
40.5,C3_D-L-Malic_Acid,103
40.75,C3_D-L-Malic_Acid,106
41.0,C3_D-L-Malic_Acid,103
41.25,C3_D-L-Malic_Acid,106
41.5,C3_D-L-Malic_Acid,101
41.75,C3_D-L-Malic_Acid,100
42.0,C3_D-L-Malic_Acid,103
42.25,C3_D-L-Malic_Acid,105
42.5,C3_D-L-Malic_Acid,103
42.75,C3_D-L-Malic_Acid,110
43.0,C3_D-L-Malic_Acid,108
43.25,C3_D-L-Malic_Acid,112
43.5,C3_D-L-Malic_Acid,106
43.75,C3_D-L-Malic_Acid,110
44.0,C3_D-L-Malic_Acid,103
44.25,C3_D-L-Malic_Acid,102
44.5,C3_D-L-Malic_Acid,107
44.75,C3_D-L-Malic_Acid,104
45.0,C3_D-L-Malic_Acid,102
45.25,C3_D-L-Malic_Acid,102
45.5,C3_D-L-Malic_Acid,107
45.75,C3_D-L-Malic_Acid,105
46.0,C3_D-L-Malic_Acid,103
46.25,C3_D-L-Malic_Acid,104
46.5,C3_D-L-Malic_Acid,105
46.75,C3_D-L-Malic_Acid,108
47.0,C3_D-L-Malic_Acid,107
47.25,C3_D-L-Malic_Acid,101
47.5,C3_D-L-Malic_Acid,0
0.0,C4_D-Ribose,64
0.25,C4_D-Ribose,65
0.5,C4_D-Ribose,74
0.75,C4_D-Ribose,76
1.0,C4_D-Ribose,75
1.25,C4_D-Ribose,72
1.5,C4_D-Ribose,81
1.75,C4_D-Ribose,79
2.0,C4_D-Ribose,84
2.25,C4_D-Ribose,80
2.5,C4_D-Ribose,83
2.75,C4_D-Ribose,86
3.0,C4_D-Ribose,82
3.25,C4_D-Ribose,84
3.5,C4_D-Ribose,80
3.75,C4_D-Ribose,85
4.0,C4_D-Ribose,86
4.25,C4_D-Ribose,86
4.5,C4_D-Ribose,83
4.75,C4_D-Ribose,85
5.0,C4_D-Ribose,83
5.25,C4_D-Ribose,87
5.5,C4_D-Ribose,90
5.75,C4_D-Ribose,91
6.0,C4_D-Ribose,87
6.25,C4_D-Ribose,88
6.5,C4_D-Ribose,90
6.75,C4_D-Ribose,92
7.0,C4_D-Ribose,89
7.25,C4_D-Ribose,92
7.5,C4_D-Ribose,90
7.75,C4_D-Ribose,95
8.0,C4_D-Ribose,95
8.25,C4_D-Ribose,87
8.5,C4_D-Ribose,95
8.75,C4_D-Ribose,90
9.0,C4_D-Ribose,93
9.25,C4_D-Ribose,93
9.5,C4_D-Ribose,93
9.75,C4_D-Ribose,91
10.0,C4_D-Ribose,93
10.25,C4_D-Ribose,88
10.5,C4_D-Ribose,88
10.75,C4_D-Ribose,93
11.0,C4_D-Ribose,95
11.25,C4_D-Ribose,97
11.5,C4_D-Ribose,92
11.75,C4_D-Ribose,94
12.0,C4_D-Ribose,94
12.25,C4_D-Ribose,94
12.5,C4_D-Ribose,96
12.75,C4_D-Ribose,95
13.0,C4_D-Ribose,96
13.25,C4_D-Ribose,96
13.5,C4_D-Ribose,98
13.75,C4_D-Ribose,95
14.0,C4_D-Ribose,98
14.25,C4_D-Ribose,101
14.5,C4_D-Ribose,95
14.75,C4_D-Ribose,99
15.0,C4_D-Ribose,96
15.25,C4_D-Ribose,100
15.5,C4_D-Ribose,98
15.75,C4_D-Ribose,98
16.0,C4_D-Ribose,103
16.25,C4_D-Ribose,102
16.5,C4_D-Ribose,100
16.75,C4_D-Ribose,98
17.0,C4_D-Ribose,99
17.25,C4_D-Ribose,99
17.5,C4_D-Ribose,100
17.75,C4_D-Ribose,99
18.0,C4_D-Ribose,102
18.25,C4_D-Ribose,104
18.5,C4_D-Ribose,102
18.75,C4_D-Ribose,107
19.0,C4_D-Ribose,101
19.25,C4_D-Ribose,102
19.5,C4_D-Ribose,104
19.75,C4_D-Ribose,103
20.0,C4_D-Ribose,103
20.25,C4_D-Ribose,105
20.5,C4_D-Ribose,101
20.75,C4_D-Ribose,100
21.0,C4_D-Ribose,106
21.25,C4_D-Ribose,98
21.5,C4_D-Ribose,100
21.75,C4_D-Ribose,100
22.0,C4_D-Ribose,104
22.25,C4_D-Ribose,106
22.5,C4_D-Ribose,101
22.75,C4_D-Ribose,99
23.0,C4_D-Ribose,102
23.25,C4_D-Ribose,102
23.5,C4_D-Ribose,102
23.75,C4_D-Ribose,106
24.0,C4_D-Ribose,103
24.25,C4_D-Ribose,104
24.5,C4_D-Ribose,106
24.75,C4_D-Ribose,104
25.0,C4_D-Ribose,102
25.25,C4_D-Ribose,103
25.5,C4_D-Ribose,106
25.75,C4_D-Ribose,101
26.0,C4_D-Ribose,101
26.25,C4_D-Ribose,108
26.5,C4_D-Ribose,105
26.75,C4_D-Ribose,105
27.0,C4_D-Ribose,104
27.25,C4_D-Ribose,107
27.5,C4_D-Ribose,101
27.75,C4_D-Ribose,106
28.0,C4_D-Ribose,103
28.25,C4_D-Ribose,107
28.5,C4_D-Ribose,104
28.75,C4_D-Ribose,104
29.0,C4_D-Ribose,105
29.25,C4_D-Ribose,107
29.5,C4_D-Ribose,107
29.75,C4_D-Ribose,111
30.0,C4_D-Ribose,103
30.25,C4_D-Ribose,105
30.5,C4_D-Ribose,106
30.75,C4_D-Ribose,105
31.0,C4_D-Ribose,107
31.25,C4_D-Ribose,105
31.5,C4_D-Ribose,108
31.75,C4_D-Ribose,106
32.0,C4_D-Ribose,108
32.25,C4_D-Ribose,109
32.5,C4_D-Ribose,109
32.75,C4_D-Ribose,107
33.0,C4_D-Ribose,103
33.25,C4_D-Ribose,107
33.5,C4_D-Ribose,109
33.75,C4_D-Ribose,113
34.0,C4_D-Ribose,106
34.25,C4_D-Ribose,107
34.5,C4_D-Ribose,107
34.75,C4_D-Ribose,110
35.0,C4_D-Ribose,107
35.25,C4_D-Ribose,106
35.5,C4_D-Ribose,109
35.75,C4_D-Ribose,109
36.0,C4_D-Ribose,107
36.25,C4_D-Ribose,107
36.5,C4_D-Ribose,105
36.75,C4_D-Ribose,107
37.0,C4_D-Ribose,107
37.25,C4_D-Ribose,108
37.5,C4_D-Ribose,102
37.75,C4_D-Ribose,106
38.0,C4_D-Ribose,109
38.25,C4_D-Ribose,108
38.5,C4_D-Ribose,109
38.75,C4_D-Ribose,106
39.0,C4_D-Ribose,107
39.25,C4_D-Ribose,108
39.5,C4_D-Ribose,106
39.75,C4_D-Ribose,108
40.0,C4_D-Ribose,105
40.25,C4_D-Ribose,110
40.5,C4_D-Ribose,103
40.75,C4_D-Ribose,110
41.0,C4_D-Ribose,110
41.25,C4_D-Ribose,107
41.5,C4_D-Ribose,109
41.75,C4_D-Ribose,105
42.0,C4_D-Ribose,105
42.25,C4_D-Ribose,107
42.5,C4_D-Ribose,105
42.75,C4_D-Ribose,107
43.0,C4_D-Ribose,110
43.25,C4_D-Ribose,108
43.5,C4_D-Ribose,107
43.75,C4_D-Ribose,111
44.0,C4_D-Ribose,108
44.25,C4_D-Ribose,104
44.5,C4_D-Ribose,109
44.75,C4_D-Ribose,111
45.0,C4_D-Ribose,106
45.25,C4_D-Ribose,110
45.5,C4_D-Ribose,109
45.75,C4_D-Ribose,108
46.0,C4_D-Ribose,110
46.25,C4_D-Ribose,106
46.5,C4_D-Ribose,109
46.75,C4_D-Ribose,110
47.0,C4_D-Ribose,109
47.25,C4_D-Ribose,105
47.5,C4_D-Ribose,0
0.0,C5_Tween_20,11
0.25,C5_Tween_20,11
0.5,C5_Tween_20,14
0.75,C5_Tween_20,15
1.0,C5_Tween_20,18
1.25,C5_Tween_20,12
1.5,C5_Tween_20,12
1.75,C5_Tween_20,12
2.0,C5_Tween_20,15
2.25,C5_Tween_20,16
2.5,C5_Tween_20,13
2.75,C5_Tween_20,12
3.0,C5_Tween_20,15
3.25,C5_Tween_20,16
3.5,C5_Tween_20,15
3.75,C5_Tween_20,19
4.0,C5_Tween_20,16
4.25,C5_Tween_20,12
4.5,C5_Tween_20,17
4.75,C5_Tween_20,19
5.0,C5_Tween_20,12
5.25,C5_Tween_20,16
5.5,C5_Tween_20,12
5.75,C5_Tween_20,15
6.0,C5_Tween_20,16
6.25,C5_Tween_20,14
6.5,C5_Tween_20,15
6.75,C5_Tween_20,16
7.0,C5_Tween_20,16
7.25,C5_Tween_20,18
7.5,C5_Tween_20,11
7.75,C5_Tween_20,18
8.0,C5_Tween_20,22
8.25,C5_Tween_20,15
8.5,C5_Tween_20,19
8.75,C5_Tween_20,19
9.0,C5_Tween_20,22
9.25,C5_Tween_20,19
9.5,C5_Tween_20,26
9.75,C5_Tween_20,24
10.0,C5_Tween_20,19
10.25,C5_Tween_20,20
10.5,C5_Tween_20,19
10.75,C5_Tween_20,20
11.0,C5_Tween_20,20
11.25,C5_Tween_20,27
11.5,C5_Tween_20,26
11.75,C5_Tween_20,25
12.0,C5_Tween_20,28
12.25,C5_Tween_20,32
12.5,C5_Tween_20,32
12.75,C5_Tween_20,30
13.0,C5_Tween_20,30
13.25,C5_Tween_20,32
13.5,C5_Tween_20,34
13.75,C5_Tween_20,38
14.0,C5_Tween_20,37
14.25,C5_Tween_20,39
14.5,C5_Tween_20,36
14.75,C5_Tween_20,43
15.0,C5_Tween_20,46
15.25,C5_Tween_20,45
15.5,C5_Tween_20,48
15.75,C5_Tween_20,49
16.0,C5_Tween_20,53
16.25,C5_Tween_20,52
16.5,C5_Tween_20,52
16.75,C5_Tween_20,50
17.0,C5_Tween_20,57
17.25,C5_Tween_20,61
17.5,C5_Tween_20,60
17.75,C5_Tween_20,67
18.0,C5_Tween_20,66
18.25,C5_Tween_20,64
18.5,C5_Tween_20,65
18.75,C5_Tween_20,74
19.0,C5_Tween_20,74
19.25,C5_Tween_20,78
19.5,C5_Tween_20,75
19.75,C5_Tween_20,78
20.0,C5_Tween_20,76
20.25,C5_Tween_20,74
20.5,C5_Tween_20,79
20.75,C5_Tween_20,86
21.0,C5_Tween_20,83
21.25,C5_Tween_20,83
21.5,C5_Tween_20,85
21.75,C5_Tween_20,82
22.0,C5_Tween_20,84
22.25,C5_Tween_20,84
22.5,C5_Tween_20,86
22.75,C5_Tween_20,85
23.0,C5_Tween_20,87
23.25,C5_Tween_20,93
23.5,C5_Tween_20,92
23.75,C5_Tween_20,91
24.0,C5_Tween_20,90
24.25,C5_Tween_20,89
24.5,C5_Tween_20,89
24.75,C5_Tween_20,93
25.0,C5_Tween_20,96
25.25,C5_Tween_20,97
25.5,C5_Tween_20,97
25.75,C5_Tween_20,96
26.0,C5_Tween_20,93
26.25,C5_Tween_20,98
26.5,C5_Tween_20,92
26.75,C5_Tween_20,96
27.0,C5_Tween_20,97
27.25,C5_Tween_20,92
27.5,C5_Tween_20,93
27.75,C5_Tween_20,98
28.0,C5_Tween_20,97
28.25,C5_Tween_20,93
28.5,C5_Tween_20,92
28.75,C5_Tween_20,94
29.0,C5_Tween_20,97
29.25,C5_Tween_20,99
29.5,C5_Tween_20,98
29.75,C5_Tween_20,97
30.0,C5_Tween_20,99
30.25,C5_Tween_20,98
30.5,C5_Tween_20,98
30.75,C5_Tween_20,93
31.0,C5_Tween_20,95
31.25,C5_Tween_20,100
31.5,C5_Tween_20,99
31.75,C5_Tween_20,96
32.0,C5_Tween_20,98
32.25,C5_Tween_20,92
32.5,C5_Tween_20,93
32.75,C5_Tween_20,102
33.0,C5_Tween_20,103
33.25,C5_Tween_20,92
33.5,C5_Tween_20,92
33.75,C5_Tween_20,103
34.0,C5_Tween_20,103
34.25,C5_Tween_20,97
34.5,C5_Tween_20,95
34.75,C5_Tween_20,103
35.0,C5_Tween_20,92
35.25,C5_Tween_20,103
35.5,C5_Tween_20,100
35.75,C5_Tween_20,100
36.0,C5_Tween_20,102
36.25,C5_Tween_20,92
36.5,C5_Tween_20,101
36.75,C5_Tween_20,101
37.0,C5_Tween_20,97
37.25,C5_Tween_20,95
37.5,C5_Tween_20,90
37.75,C5_Tween_20,99
38.0,C5_Tween_20,93
38.25,C5_Tween_20,96
38.5,C5_Tween_20,96
38.75,C5_Tween_20,94
39.0,C5_Tween_20,91
39.25,C5_Tween_20,94
39.5,C5_Tween_20,98
39.75,C5_Tween_20,93
40.0,C5_Tween_20,98
40.25,C5_Tween_20,97
40.5,C5_Tween_20,99
40.75,C5_Tween_20,97
41.0,C5_Tween_20,98
41.25,C5_Tween_20,97
41.5,C5_Tween_20,91
41.75,C5_Tween_20,93
42.0,C5_Tween_20,102
42.25,C5_Tween_20,100
42.5,C5_Tween_20,95
42.75,C5_Tween_20,100
43.0,C5_Tween_20,94
43.25,C5_Tween_20,97
43.5,C5_Tween_20,99
43.75,C5_Tween_20,99
44.0,C5_Tween_20,93
44.25,C5_Tween_20,98
44.5,C5_Tween_20,98
44.75,C5_Tween_20,100
45.0,C5_Tween_20,96
45.25,C5_Tween_20,93
45.5,C5_Tween_20,99
45.75,C5_Tween_20,98
46.0,C5_Tween_20,93
46.25,C5_Tween_20,92
46.5,C5_Tween_20,102
46.75,C5_Tween_20,95
47.0,C5_Tween_20,91
47.25,C5_Tween_20,100
47.5,C5_Tween_20,0
0.0,C6_L-Rhamnose,16
0.25,C6_L-Rhamnose,21
0.5,C6_L-Rhamnose,26
0.75,C6_L-Rhamnose,26
1.0,C6_L-Rhamnose,13
1.25,C6_L-Rhamnose,16
1.5,C6_L-Rhamnose,12
1.75,C6_L-Rhamnose,20
2.0,C6_L-Rhamnose,14
2.25,C6_L-Rhamnose,14
2.5,C6_L-Rhamnose,17
2.75,C6_L-Rhamnose,14
3.0,C6_L-Rhamnose,18
3.25,C6_L-Rhamnose,13
3.5,C6_L-Rhamnose,14
3.75,C6_L-Rhamnose,17
4.0,C6_L-Rhamnose,14
4.25,C6_L-Rhamnose,20
4.5,C6_L-Rhamnose,17
4.75,C6_L-Rhamnose,18
5.0,C6_L-Rhamnose,19
5.25,C6_L-Rhamnose,19
5.5,C6_L-Rhamnose,19
5.75,C6_L-Rhamnose,19
6.0,C6_L-Rhamnose,19
6.25,C6_L-Rhamnose,20
6.5,C6_L-Rhamnose,25
6.75,C6_L-Rhamnose,24
7.0,C6_L-Rhamnose,26
7.25,C6_L-Rhamnose,26
7.5,C6_L-Rhamnose,26
7.75,C6_L-Rhamnose,34
8.0,C6_L-Rhamnose,33
8.25,C6_L-Rhamnose,26
8.5,C6_L-Rhamnose,36
8.75,C6_L-Rhamnose,38
9.0,C6_L-Rhamnose,35
9.25,C6_L-Rhamnose,36
9.5,C6_L-Rhamnose,40
9.75,C6_L-Rhamnose,40
10.0,C6_L-Rhamnose,40
10.25,C6_L-Rhamnose,41
10.5,C6_L-Rhamnose,44
10.75,C6_L-Rhamnose,44
11.0,C6_L-Rhamnose,47
11.25,C6_L-Rhamnose,47
11.5,C6_L-Rhamnose,55
11.75,C6_L-Rhamnose,56
12.0,C6_L-Rhamnose,58
12.25,C6_L-Rhamnose,60
12.5,C6_L-Rhamnose,61
12.75,C6_L-Rhamnose,65
13.0,C6_L-Rhamnose,64
13.25,C6_L-Rhamnose,66
13.5,C6_L-Rhamnose,74
13.75,C6_L-Rhamnose,71
14.0,C6_L-Rhamnose,74
14.25,C6_L-Rhamnose,78
14.5,C6_L-Rhamnose,78
14.75,C6_L-Rhamnose,81
15.0,C6_L-Rhamnose,85
15.25,C6_L-Rhamnose,90
15.5,C6_L-Rhamnose,94
15.75,C6_L-Rhamnose,95
16.0,C6_L-Rhamnose,101
16.25,C6_L-Rhamnose,101
16.5,C6_L-Rhamnose,109
16.75,C6_L-Rhamnose,108
17.0,C6_L-Rhamnose,114
17.25,C6_L-Rhamnose,116
17.5,C6_L-Rhamnose,121
17.75,C6_L-Rhamnose,126
18.0,C6_L-Rhamnose,129
18.25,C6_L-Rhamnose,138
18.5,C6_L-Rhamnose,134
18.75,C6_L-Rhamnose,145
19.0,C6_L-Rhamnose,145
19.25,C6_L-Rhamnose,151
19.5,C6_L-Rhamnose,151
19.75,C6_L-Rhamnose,156
20.0,C6_L-Rhamnose,160
20.25,C6_L-Rhamnose,162
20.5,C6_L-Rhamnose,167
20.75,C6_L-Rhamnose,175
21.0,C6_L-Rhamnose,172
21.25,C6_L-Rhamnose,181
21.5,C6_L-Rhamnose,175
21.75,C6_L-Rhamnose,182
22.0,C6_L-Rhamnose,185
22.25,C6_L-Rhamnose,183
22.5,C6_L-Rhamnose,189
22.75,C6_L-Rhamnose,189
23.0,C6_L-Rhamnose,193
23.25,C6_L-Rhamnose,190
23.5,C6_L-Rhamnose,193
23.75,C6_L-Rhamnose,198
24.0,C6_L-Rhamnose,200
24.25,C6_L-Rhamnose,203
24.5,C6_L-Rhamnose,202
24.75,C6_L-Rhamnose,204
25.0,C6_L-Rhamnose,209
25.25,C6_L-Rhamnose,212
25.5,C6_L-Rhamnose,209
25.75,C6_L-Rhamnose,218
26.0,C6_L-Rhamnose,213
26.25,C6_L-Rhamnose,215
26.5,C6_L-Rhamnose,217
26.75,C6_L-Rhamnose,216
27.0,C6_L-Rhamnose,219
27.25,C6_L-Rhamnose,219
27.5,C6_L-Rhamnose,223
27.75,C6_L-Rhamnose,223
28.0,C6_L-Rhamnose,226
28.25,C6_L-Rhamnose,223
28.5,C6_L-Rhamnose,229
28.75,C6_L-Rhamnose,230
29.0,C6_L-Rhamnose,231
29.25,C6_L-Rhamnose,233
29.5,C6_L-Rhamnose,230
29.75,C6_L-Rhamnose,236
30.0,C6_L-Rhamnose,234
30.25,C6_L-Rhamnose,234
30.5,C6_L-Rhamnose,236
30.75,C6_L-Rhamnose,234
31.0,C6_L-Rhamnose,235
31.25,C6_L-Rhamnose,236
31.5,C6_L-Rhamnose,241
31.75,C6_L-Rhamnose,237
32.0,C6_L-Rhamnose,244
32.25,C6_L-Rhamnose,238
32.5,C6_L-Rhamnose,240
32.75,C6_L-Rhamnose,246
33.0,C6_L-Rhamnose,248
33.25,C6_L-Rhamnose,243
33.5,C6_L-Rhamnose,243
33.75,C6_L-Rhamnose,251
34.0,C6_L-Rhamnose,247
34.25,C6_L-Rhamnose,247
34.5,C6_L-Rhamnose,247
34.75,C6_L-Rhamnose,247
35.0,C6_L-Rhamnose,246
35.25,C6_L-Rhamnose,251
35.5,C6_L-Rhamnose,253
35.75,C6_L-Rhamnose,255
36.0,C6_L-Rhamnose,253
36.25,C6_L-Rhamnose,248
36.5,C6_L-Rhamnose,254
36.75,C6_L-Rhamnose,255
37.0,C6_L-Rhamnose,252
37.25,C6_L-Rhamnose,252
37.5,C6_L-Rhamnose,253
37.75,C6_L-Rhamnose,255
38.0,C6_L-Rhamnose,252
38.25,C6_L-Rhamnose,253
38.5,C6_L-Rhamnose,256
38.75,C6_L-Rhamnose,256
39.0,C6_L-Rhamnose,253
39.25,C6_L-Rhamnose,255
39.5,C6_L-Rhamnose,256
39.75,C6_L-Rhamnose,255
40.0,C6_L-Rhamnose,261
40.25,C6_L-Rhamnose,259
40.5,C6_L-Rhamnose,255
40.75,C6_L-Rhamnose,261
41.0,C6_L-Rhamnose,259
41.25,C6_L-Rhamnose,263
41.5,C6_L-Rhamnose,260
41.75,C6_L-Rhamnose,255
42.0,C6_L-Rhamnose,259
42.25,C6_L-Rhamnose,261
42.5,C6_L-Rhamnose,257
42.75,C6_L-Rhamnose,262
43.0,C6_L-Rhamnose,260
43.25,C6_L-Rhamnose,261
43.5,C6_L-Rhamnose,262
43.75,C6_L-Rhamnose,264
44.0,C6_L-Rhamnose,261
44.25,C6_L-Rhamnose,263
44.5,C6_L-Rhamnose,265
44.75,C6_L-Rhamnose,265
45.0,C6_L-Rhamnose,261
45.25,C6_L-Rhamnose,265
45.5,C6_L-Rhamnose,261
45.75,C6_L-Rhamnose,262
46.0,C6_L-Rhamnose,260
46.25,C6_L-Rhamnose,266
46.5,C6_L-Rhamnose,268
46.75,C6_L-Rhamnose,266
47.0,C6_L-Rhamnose,261
47.25,C6_L-Rhamnose,262
47.5,C6_L-Rhamnose,0
0.0,C7_D-Fructose,11
0.25,C7_D-Fructose,11
0.5,C7_D-Fructose,13
0.75,C7_D-Fructose,14
1.0,C7_D-Fructose,12
1.25,C7_D-Fructose,17
1.5,C7_D-Fructose,15
1.75,C7_D-Fructose,17
2.0,C7_D-Fructose,11
2.25,C7_D-Fructose,11
2.5,C7_D-Fructose,11
2.75,C7_D-Fructose,15
3.0,C7_D-Fructose,15
3.25,C7_D-Fructose,13
3.5,C7_D-Fructose,11
3.75,C7_D-Fructose,12
4.0,C7_D-Fructose,15
4.25,C7_D-Fructose,15
4.5,C7_D-Fructose,13
4.75,C7_D-Fructose,12
5.0,C7_D-Fructose,18
5.25,C7_D-Fructose,14
5.5,C7_D-Fructose,15
5.75,C7_D-Fructose,20
6.0,C7_D-Fructose,17
6.25,C7_D-Fructose,18
6.5,C7_D-Fructose,14
6.75,C7_D-Fructose,14
7.0,C7_D-Fructose,19
7.25,C7_D-Fructose,19
7.5,C7_D-Fructose,23
7.75,C7_D-Fructose,22
8.0,C7_D-Fructose,26
8.25,C7_D-Fructose,22
8.5,C7_D-Fructose,26
8.75,C7_D-Fructose,27
9.0,C7_D-Fructose,29
9.25,C7_D-Fructose,32
9.5,C7_D-Fructose,33
9.75,C7_D-Fructose,31
10.0,C7_D-Fructose,31
10.25,C7_D-Fructose,34
10.5,C7_D-Fructose,37
10.75,C7_D-Fructose,37
11.0,C7_D-Fructose,38
11.25,C7_D-Fructose,42
11.5,C7_D-Fructose,44
11.75,C7_D-Fructose,46
12.0,C7_D-Fructose,44
12.25,C7_D-Fructose,51
12.5,C7_D-Fructose,55
12.75,C7_D-Fructose,52
13.0,C7_D-Fructose,56
13.25,C7_D-Fructose,60
13.5,C7_D-Fructose,62
13.75,C7_D-Fructose,66
14.0,C7_D-Fructose,62
14.25,C7_D-Fructose,73
14.5,C7_D-Fructose,72
14.75,C7_D-Fructose,79
15.0,C7_D-Fructose,82
15.25,C7_D-Fructose,92
15.5,C7_D-Fructose,90
15.75,C7_D-Fructose,91
16.0,C7_D-Fructose,98
16.25,C7_D-Fructose,95
16.5,C7_D-Fructose,107
16.75,C7_D-Fructose,113
17.0,C7_D-Fructose,114
17.25,C7_D-Fructose,116
17.5,C7_D-Fructose,121
17.75,C7_D-Fructose,126
18.0,C7_D-Fructose,132
18.25,C7_D-Fructose,138
18.5,C7_D-Fructose,138
18.75,C7_D-Fructose,150
19.0,C7_D-Fructose,149
19.25,C7_D-Fructose,152
19.5,C7_D-Fructose,155
19.75,C7_D-Fructose,164
20.0,C7_D-Fructose,158
20.25,C7_D-Fructose,161
20.5,C7_D-Fructose,162
20.75,C7_D-Fructose,173
21.0,C7_D-Fructose,172
21.25,C7_D-Fructose,177
21.5,C7_D-Fructose,181
21.75,C7_D-Fructose,176
22.0,C7_D-Fructose,186
22.25,C7_D-Fructose,188
22.5,C7_D-Fructose,192
22.75,C7_D-Fructose,189
23.0,C7_D-Fructose,193
23.25,C7_D-Fructose,195
23.5,C7_D-Fructose,198
23.75,C7_D-Fructose,204
24.0,C7_D-Fructose,204
24.25,C7_D-Fructose,210
24.5,C7_D-Fructose,206
24.75,C7_D-Fructose,214
25.0,C7_D-Fructose,214
25.25,C7_D-Fructose,221
25.5,C7_D-Fructose,220
25.75,C7_D-Fructose,224
26.0,C7_D-Fructose,230
26.25,C7_D-Fructose,230
26.5,C7_D-Fructose,229
26.75,C7_D-Fructose,232
27.0,C7_D-Fructose,235
27.25,C7_D-Fructose,235
27.5,C7_D-Fructose,238
27.75,C7_D-Fructose,238
28.0,C7_D-Fructose,239
28.25,C7_D-Fructose,241
28.5,C7_D-Fructose,240
28.75,C7_D-Fructose,245
29.0,C7_D-Fructose,242
29.25,C7_D-Fructose,243
29.5,C7_D-Fructose,246
29.75,C7_D-Fructose,248
30.0,C7_D-Fructose,249
30.25,C7_D-Fructose,251
30.5,C7_D-Fructose,253
30.75,C7_D-Fructose,256
31.0,C7_D-Fructose,256
31.25,C7_D-Fructose,255
31.5,C7_D-Fructose,257
31.75,C7_D-Fructose,259
32.0,C7_D-Fructose,262
32.25,C7_D-Fructose,262
32.5,C7_D-Fructose,265
32.75,C7_D-Fructose,262
33.0,C7_D-Fructose,264
33.25,C7_D-Fructose,265
33.5,C7_D-Fructose,266
33.75,C7_D-Fructose,269
34.0,C7_D-Fructose,267
34.25,C7_D-Fructose,272
34.5,C7_D-Fructose,273
34.75,C7_D-Fructose,271
35.0,C7_D-Fructose,269
35.25,C7_D-Fructose,268
35.5,C7_D-Fructose,276
35.75,C7_D-Fructose,275
36.0,C7_D-Fructose,273
36.25,C7_D-Fructose,272
36.5,C7_D-Fructose,271
36.75,C7_D-Fructose,275
37.0,C7_D-Fructose,275
37.25,C7_D-Fructose,276
37.5,C7_D-Fructose,276
37.75,C7_D-Fructose,277
38.0,C7_D-Fructose,274
38.25,C7_D-Fructose,276
38.5,C7_D-Fructose,274
38.75,C7_D-Fructose,276
39.0,C7_D-Fructose,278
39.25,C7_D-Fructose,278
39.5,C7_D-Fructose,276
39.75,C7_D-Fructose,278
40.0,C7_D-Fructose,276
40.25,C7_D-Fructose,276
40.5,C7_D-Fructose,280
40.75,C7_D-Fructose,281
41.0,C7_D-Fructose,282
41.25,C7_D-Fructose,279
41.5,C7_D-Fructose,280
41.75,C7_D-Fructose,280
42.0,C7_D-Fructose,277
42.25,C7_D-Fructose,277
42.5,C7_D-Fructose,281
42.75,C7_D-Fructose,279
43.0,C7_D-Fructose,282
43.25,C7_D-Fructose,278
43.5,C7_D-Fructose,280
43.75,C7_D-Fructose,280
44.0,C7_D-Fructose,282
44.25,C7_D-Fructose,279
44.5,C7_D-Fructose,281
44.75,C7_D-Fructose,279
45.0,C7_D-Fructose,284
45.25,C7_D-Fructose,283
45.5,C7_D-Fructose,282
45.75,C7_D-Fructose,279
46.0,C7_D-Fructose,283
46.25,C7_D-Fructose,281
46.5,C7_D-Fructose,283
46.75,C7_D-Fructose,284
47.0,C7_D-Fructose,285
47.25,C7_D-Fructose,283
47.5,C7_D-Fructose,0
0.0,C8_Acetic_Acid,11
0.25,C8_Acetic_Acid,11
0.5,C8_Acetic_Acid,11
0.75,C8_Acetic_Acid,12
1.0,C8_Acetic_Acid,11
1.25,C8_Acetic_Acid,14
1.5,C8_Acetic_Acid,15
1.75,C8_Acetic_Acid,11
2.0,C8_Acetic_Acid,11
2.25,C8_Acetic_Acid,12
2.5,C8_Acetic_Acid,12
2.75,C8_Acetic_Acid,19
3.0,C8_Acetic_Acid,15
3.25,C8_Acetic_Acid,11
3.5,C8_Acetic_Acid,11
3.75,C8_Acetic_Acid,15
4.0,C8_Acetic_Acid,12
4.25,C8_Acetic_Acid,15
4.5,C8_Acetic_Acid,12
4.75,C8_Acetic_Acid,16
5.0,C8_Acetic_Acid,15
5.25,C8_Acetic_Acid,14
5.5,C8_Acetic_Acid,14
5.75,C8_Acetic_Acid,18
6.0,C8_Acetic_Acid,11
6.25,C8_Acetic_Acid,17
6.5,C8_Acetic_Acid,18
6.75,C8_Acetic_Acid,18
7.0,C8_Acetic_Acid,21
7.25,C8_Acetic_Acid,16
7.5,C8_Acetic_Acid,18
7.75,C8_Acetic_Acid,18
8.0,C8_Acetic_Acid,20
8.25,C8_Acetic_Acid,21
8.5,C8_Acetic_Acid,24
8.75,C8_Acetic_Acid,24
9.0,C8_Acetic_Acid,25
9.25,C8_Acetic_Acid,24
9.5,C8_Acetic_Acid,25
9.75,C8_Acetic_Acid,22
10.0,C8_Acetic_Acid,26
10.25,C8_Acetic_Acid,23
10.5,C8_Acetic_Acid,27
10.75,C8_Acetic_Acid,28
11.0,C8_Acetic_Acid,27
11.25,C8_Acetic_Acid,28
11.5,C8_Acetic_Acid,30
11.75,C8_Acetic_Acid,28
12.0,C8_Acetic_Acid,30
12.25,C8_Acetic_Acid,28
12.5,C8_Acetic_Acid,28
12.75,C8_Acetic_Acid,34
13.0,C8_Acetic_Acid,34
13.25,C8_Acetic_Acid,33
13.5,C8_Acetic_Acid,37
13.75,C8_Acetic_Acid,36
14.0,C8_Acetic_Acid,37
14.25,C8_Acetic_Acid,38
14.5,C8_Acetic_Acid,39
14.75,C8_Acetic_Acid,38
15.0,C8_Acetic_Acid,43
15.25,C8_Acetic_Acid,41
15.5,C8_Acetic_Acid,40
15.75,C8_Acetic_Acid,43
16.0,C8_Acetic_Acid,47
16.25,C8_Acetic_Acid,46
16.5,C8_Acetic_Acid,44
16.75,C8_Acetic_Acid,51
17.0,C8_Acetic_Acid,47
17.25,C8_Acetic_Acid,52
17.5,C8_Acetic_Acid,53
17.75,C8_Acetic_Acid,56
18.0,C8_Acetic_Acid,60
18.25,C8_Acetic_Acid,61
18.5,C8_Acetic_Acid,59
18.75,C8_Acetic_Acid,64
19.0,C8_Acetic_Acid,66
19.25,C8_Acetic_Acid,68
19.5,C8_Acetic_Acid,66
19.75,C8_Acetic_Acid,67
20.0,C8_Acetic_Acid,68
20.25,C8_Acetic_Acid,67
20.5,C8_Acetic_Acid,70
20.75,C8_Acetic_Acid,75
21.0,C8_Acetic_Acid,73
21.25,C8_Acetic_Acid,74
21.5,C8_Acetic_Acid,73
21.75,C8_Acetic_Acid,72
22.0,C8_Acetic_Acid,79
22.25,C8_Acetic_Acid,79
22.5,C8_Acetic_Acid,75
22.75,C8_Acetic_Acid,80
23.0,C8_Acetic_Acid,79
23.25,C8_Acetic_Acid,86
23.5,C8_Acetic_Acid,80
23.75,C8_Acetic_Acid,81
24.0,C8_Acetic_Acid,82
24.25,C8_Acetic_Acid,84
24.5,C8_Acetic_Acid,89
24.75,C8_Acetic_Acid,85
25.0,C8_Acetic_Acid,85
25.25,C8_Acetic_Acid,90
25.5,C8_Acetic_Acid,88
25.75,C8_Acetic_Acid,89
26.0,C8_Acetic_Acid,87
26.25,C8_Acetic_Acid,91
26.5,C8_Acetic_Acid,90
26.75,C8_Acetic_Acid,91
27.0,C8_Acetic_Acid,89
27.25,C8_Acetic_Acid,93
27.5,C8_Acetic_Acid,96
27.75,C8_Acetic_Acid,95
28.0,C8_Acetic_Acid,95
28.25,C8_Acetic_Acid,96
28.5,C8_Acetic_Acid,93
28.75,C8_Acetic_Acid,99
29.0,C8_Acetic_Acid,98
29.25,C8_Acetic_Acid,94
29.5,C8_Acetic_Acid,90
29.75,C8_Acetic_Acid,91
30.0,C8_Acetic_Acid,89
30.25,C8_Acetic_Acid,90
30.5,C8_Acetic_Acid,91
30.75,C8_Acetic_Acid,85
31.0,C8_Acetic_Acid,89
31.25,C8_Acetic_Acid,86
31.5,C8_Acetic_Acid,88
31.75,C8_Acetic_Acid,85
32.0,C8_Acetic_Acid,86
32.25,C8_Acetic_Acid,89
32.5,C8_Acetic_Acid,93
32.75,C8_Acetic_Acid,92
33.0,C8_Acetic_Acid,88
33.25,C8_Acetic_Acid,83
33.5,C8_Acetic_Acid,87
33.75,C8_Acetic_Acid,89
34.0,C8_Acetic_Acid,88
34.25,C8_Acetic_Acid,87
34.5,C8_Acetic_Acid,89
34.75,C8_Acetic_Acid,87
35.0,C8_Acetic_Acid,92
35.25,C8_Acetic_Acid,87
35.5,C8_Acetic_Acid,89
35.75,C8_Acetic_Acid,86
36.0,C8_Acetic_Acid,87
36.25,C8_Acetic_Acid,88
36.5,C8_Acetic_Acid,90
36.75,C8_Acetic_Acid,88
37.0,C8_Acetic_Acid,89
37.25,C8_Acetic_Acid,86
37.5,C8_Acetic_Acid,89
37.75,C8_Acetic_Acid,84
38.0,C8_Acetic_Acid,83
38.25,C8_Acetic_Acid,88
38.5,C8_Acetic_Acid,89
38.75,C8_Acetic_Acid,89
39.0,C8_Acetic_Acid,92
39.25,C8_Acetic_Acid,85
39.5,C8_Acetic_Acid,86
39.75,C8_Acetic_Acid,88
40.0,C8_Acetic_Acid,86
40.25,C8_Acetic_Acid,92
40.5,C8_Acetic_Acid,87
40.75,C8_Acetic_Acid,87
41.0,C8_Acetic_Acid,87
41.25,C8_Acetic_Acid,90
41.5,C8_Acetic_Acid,87
41.75,C8_Acetic_Acid,85
42.0,C8_Acetic_Acid,85
42.25,C8_Acetic_Acid,86
42.5,C8_Acetic_Acid,85
42.75,C8_Acetic_Acid,89
43.0,C8_Acetic_Acid,85
43.25,C8_Acetic_Acid,82
43.5,C8_Acetic_Acid,89
43.75,C8_Acetic_Acid,85
44.0,C8_Acetic_Acid,87
44.25,C8_Acetic_Acid,81
44.5,C8_Acetic_Acid,85
44.75,C8_Acetic_Acid,86
45.0,C8_Acetic_Acid,88
45.25,C8_Acetic_Acid,89
45.5,C8_Acetic_Acid,84
45.75,C8_Acetic_Acid,89
46.0,C8_Acetic_Acid,86
46.25,C8_Acetic_Acid,89
46.5,C8_Acetic_Acid,84
46.75,C8_Acetic_Acid,85
47.0,C8_Acetic_Acid,85
47.25,C8_Acetic_Acid,88
47.5,C8_Acetic_Acid,0
0.0,C9_a-D-Glucose,14
0.25,C9_a-D-Glucose,11
0.5,C9_a-D-Glucose,11
0.75,C9_a-D-Glucose,14
1.0,C9_a-D-Glucose,14
1.25,C9_a-D-Glucose,15
1.5,C9_a-D-Glucose,16
1.75,C9_a-D-Glucose,18
2.0,C9_a-D-Glucose,14
2.25,C9_a-D-Glucose,12
2.5,C9_a-D-Glucose,11
2.75,C9_a-D-Glucose,16
3.0,C9_a-D-Glucose,17
3.25,C9_a-D-Glucose,11
3.5,C9_a-D-Glucose,15
3.75,C9_a-D-Glucose,17
4.0,C9_a-D-Glucose,17
4.25,C9_a-D-Glucose,17
4.5,C9_a-D-Glucose,16
4.75,C9_a-D-Glucose,18
5.0,C9_a-D-Glucose,13
5.25,C9_a-D-Glucose,18
5.5,C9_a-D-Glucose,17
5.75,C9_a-D-Glucose,17
6.0,C9_a-D-Glucose,20
6.25,C9_a-D-Glucose,23
6.5,C9_a-D-Glucose,24
6.75,C9_a-D-Glucose,21
7.0,C9_a-D-Glucose,26
7.25,C9_a-D-Glucose,24
7.5,C9_a-D-Glucose,24
7.75,C9_a-D-Glucose,28
8.0,C9_a-D-Glucose,29
8.25,C9_a-D-Glucose,30
8.5,C9_a-D-Glucose,26
8.75,C9_a-D-Glucose,29
9.0,C9_a-D-Glucose,31
9.25,C9_a-D-Glucose,34
9.5,C9_a-D-Glucose,35
9.75,C9_a-D-Glucose,33
10.0,C9_a-D-Glucose,40
10.25,C9_a-D-Glucose,42
10.5,C9_a-D-Glucose,43
10.75,C9_a-D-Glucose,45
11.0,C9_a-D-Glucose,48
11.25,C9_a-D-Glucose,48
11.5,C9_a-D-Glucose,57
11.75,C9_a-D-Glucose,61
12.0,C9_a-D-Glucose,61
12.25,C9_a-D-Glucose,67
12.5,C9_a-D-Glucose,68
12.75,C9_a-D-Glucose,70
13.0,C9_a-D-Glucose,72
13.25,C9_a-D-Glucose,84
13.5,C9_a-D-Glucose,85
13.75,C9_a-D-Glucose,89
14.0,C9_a-D-Glucose,90
14.25,C9_a-D-Glucose,92
14.5,C9_a-D-Glucose,94
14.75,C9_a-D-Glucose,102
15.0,C9_a-D-Glucose,105
15.25,C9_a-D-Glucose,115
15.5,C9_a-D-Glucose,115
15.75,C9_a-D-Glucose,117
16.0,C9_a-D-Glucose,121
16.25,C9_a-D-Glucose,122
16.5,C9_a-D-Glucose,129
16.75,C9_a-D-Glucose,135
17.0,C9_a-D-Glucose,139
17.25,C9_a-D-Glucose,140
17.5,C9_a-D-Glucose,145
17.75,C9_a-D-Glucose,148
18.0,C9_a-D-Glucose,148
18.25,C9_a-D-Glucose,153
18.5,C9_a-D-Glucose,164
18.75,C9_a-D-Glucose,167
19.0,C9_a-D-Glucose,172
19.25,C9_a-D-Glucose,172
19.5,C9_a-D-Glucose,180
19.75,C9_a-D-Glucose,182
20.0,C9_a-D-Glucose,182
20.25,C9_a-D-Glucose,186
20.5,C9_a-D-Glucose,191
20.75,C9_a-D-Glucose,191
21.0,C9_a-D-Glucose,194
21.25,C9_a-D-Glucose,197
21.5,C9_a-D-Glucose,200
21.75,C9_a-D-Glucose,204
22.0,C9_a-D-Glucose,209
22.25,C9_a-D-Glucose,207
22.5,C9_a-D-Glucose,207
22.75,C9_a-D-Glucose,209
23.0,C9_a-D-Glucose,216
23.25,C9_a-D-Glucose,212
23.5,C9_a-D-Glucose,216
23.75,C9_a-D-Glucose,219
24.0,C9_a-D-Glucose,220
24.25,C9_a-D-Glucose,225
24.5,C9_a-D-Glucose,226
24.75,C9_a-D-Glucose,228
25.0,C9_a-D-Glucose,234
25.25,C9_a-D-Glucose,232
25.5,C9_a-D-Glucose,234
25.75,C9_a-D-Glucose,237
26.0,C9_a-D-Glucose,241
26.25,C9_a-D-Glucose,240
26.5,C9_a-D-Glucose,240
26.75,C9_a-D-Glucose,243
27.0,C9_a-D-Glucose,242
27.25,C9_a-D-Glucose,240
27.5,C9_a-D-Glucose,242
27.75,C9_a-D-Glucose,246
28.0,C9_a-D-Glucose,243
28.25,C9_a-D-Glucose,248
28.5,C9_a-D-Glucose,247
28.75,C9_a-D-Glucose,250
29.0,C9_a-D-Glucose,254
29.25,C9_a-D-Glucose,253
29.5,C9_a-D-Glucose,258
29.75,C9_a-D-Glucose,259
30.0,C9_a-D-Glucose,260
30.25,C9_a-D-Glucose,256
30.5,C9_a-D-Glucose,254
30.75,C9_a-D-Glucose,254
31.0,C9_a-D-Glucose,256
31.25,C9_a-D-Glucose,258
31.5,C9_a-D-Glucose,257
31.75,C9_a-D-Glucose,259
32.0,C9_a-D-Glucose,261
32.25,C9_a-D-Glucose,264
32.5,C9_a-D-Glucose,262
32.75,C9_a-D-Glucose,264
33.0,C9_a-D-Glucose,261
33.25,C9_a-D-Glucose,262
33.5,C9_a-D-Glucose,267
33.75,C9_a-D-Glucose,266
34.0,C9_a-D-Glucose,262
34.25,C9_a-D-Glucose,268
34.5,C9_a-D-Glucose,266
34.75,C9_a-D-Glucose,266
35.0,C9_a-D-Glucose,267
35.25,C9_a-D-Glucose,266
35.5,C9_a-D-Glucose,265
35.75,C9_a-D-Glucose,269
36.0,C9_a-D-Glucose,271
36.25,C9_a-D-Glucose,269
36.5,C9_a-D-Glucose,268
36.75,C9_a-D-Glucose,266
37.0,C9_a-D-Glucose,272
37.25,C9_a-D-Glucose,267
37.5,C9_a-D-Glucose,269
37.75,C9_a-D-Glucose,270
38.0,C9_a-D-Glucose,271
38.25,C9_a-D-Glucose,268
38.5,C9_a-D-Glucose,269
38.75,C9_a-D-Glucose,269
39.0,C9_a-D-Glucose,270
39.25,C9_a-D-Glucose,272
39.5,C9_a-D-Glucose,274
39.75,C9_a-D-Glucose,276
40.0,C9_a-D-Glucose,274
40.25,C9_a-D-Glucose,273
40.5,C9_a-D-Glucose,274
40.75,C9_a-D-Glucose,274
41.0,C9_a-D-Glucose,272
41.25,C9_a-D-Glucose,272
41.5,C9_a-D-Glucose,270
41.75,C9_a-D-Glucose,270
42.0,C9_a-D-Glucose,271
42.25,C9_a-D-Glucose,276
42.5,C9_a-D-Glucose,276
42.75,C9_a-D-Glucose,273
43.0,C9_a-D-Glucose,274
43.25,C9_a-D-Glucose,270
43.5,C9_a-D-Glucose,269
43.75,C9_a-D-Glucose,273
44.0,C9_a-D-Glucose,274
44.25,C9_a-D-Glucose,273
44.5,C9_a-D-Glucose,273
44.75,C9_a-D-Glucose,275
45.0,C9_a-D-Glucose,274
45.25,C9_a-D-Glucose,277
45.5,C9_a-D-Glucose,278
45.75,C9_a-D-Glucose,278
46.0,C9_a-D-Glucose,280
46.25,C9_a-D-Glucose,281
46.5,C9_a-D-Glucose,278
46.75,C9_a-D-Glucose,279
47.0,C9_a-D-Glucose,279
47.25,C9_a-D-Glucose,281
47.5,C9_a-D-Glucose,0
0.0,C10_Maltose,11
0.25,C10_Maltose,11
0.5,C10_Maltose,11
0.75,C10_Maltose,11
1.0,C10_Maltose,11
1.25,C10_Maltose,15
1.5,C10_Maltose,13
1.75,C10_Maltose,13
2.0,C10_Maltose,12
2.25,C10_Maltose,15
2.5,C10_Maltose,11
2.75,C10_Maltose,15
3.0,C10_Maltose,13
3.25,C10_Maltose,11
3.5,C10_Maltose,13
3.75,C10_Maltose,13
4.0,C10_Maltose,11
4.25,C10_Maltose,15
4.5,C10_Maltose,11
4.75,C10_Maltose,13
5.0,C10_Maltose,14
5.25,C10_Maltose,13
5.5,C10_Maltose,13
5.75,C10_Maltose,17
6.0,C10_Maltose,15
6.25,C10_Maltose,11
6.5,C10_Maltose,15
6.75,C10_Maltose,17
7.0,C10_Maltose,17
7.25,C10_Maltose,20
7.5,C10_Maltose,17
7.75,C10_Maltose,24
8.0,C10_Maltose,24
8.25,C10_Maltose,17
8.5,C10_Maltose,24
8.75,C10_Maltose,21
9.0,C10_Maltose,21
9.25,C10_Maltose,21
9.5,C10_Maltose,23
9.75,C10_Maltose,22
10.0,C10_Maltose,23
10.25,C10_Maltose,25
10.5,C10_Maltose,26
10.75,C10_Maltose,27
11.0,C10_Maltose,28
11.25,C10_Maltose,24
11.5,C10_Maltose,26
11.75,C10_Maltose,25
12.0,C10_Maltose,27
12.25,C10_Maltose,24
12.5,C10_Maltose,23
12.75,C10_Maltose,27
13.0,C10_Maltose,22
13.25,C10_Maltose,25
13.5,C10_Maltose,25
13.75,C10_Maltose,25
14.0,C10_Maltose,23
14.25,C10_Maltose,25
14.5,C10_Maltose,23
14.75,C10_Maltose,28
15.0,C10_Maltose,28
15.25,C10_Maltose,27
15.5,C10_Maltose,25
15.75,C10_Maltose,28
16.0,C10_Maltose,32
16.25,C10_Maltose,27
16.5,C10_Maltose,30
16.75,C10_Maltose,28
17.0,C10_Maltose,29
17.25,C10_Maltose,31
17.5,C10_Maltose,28
17.75,C10_Maltose,28
18.0,C10_Maltose,28
18.25,C10_Maltose,31
18.5,C10_Maltose,28
18.75,C10_Maltose,33
19.0,C10_Maltose,31
19.25,C10_Maltose,35
19.5,C10_Maltose,32
19.75,C10_Maltose,31
20.0,C10_Maltose,32
20.25,C10_Maltose,32
20.5,C10_Maltose,28
20.75,C10_Maltose,35
21.0,C10_Maltose,37
21.25,C10_Maltose,28
21.5,C10_Maltose,31
21.75,C10_Maltose,33
22.0,C10_Maltose,31
22.25,C10_Maltose,32
22.5,C10_Maltose,30
22.75,C10_Maltose,32
23.0,C10_Maltose,34
23.25,C10_Maltose,36
23.5,C10_Maltose,37
23.75,C10_Maltose,33
24.0,C10_Maltose,42
24.25,C10_Maltose,39
24.5,C10_Maltose,35
24.75,C10_Maltose,38
25.0,C10_Maltose,42
25.25,C10_Maltose,40
25.5,C10_Maltose,40
25.75,C10_Maltose,40
26.0,C10_Maltose,39
26.25,C10_Maltose,38
26.5,C10_Maltose,39
26.75,C10_Maltose,39
27.0,C10_Maltose,42
27.25,C10_Maltose,40
27.5,C10_Maltose,40
27.75,C10_Maltose,39
28.0,C10_Maltose,41
28.25,C10_Maltose,45
28.5,C10_Maltose,43
28.75,C10_Maltose,48
29.0,C10_Maltose,43
29.25,C10_Maltose,48
29.5,C10_Maltose,46
29.75,C10_Maltose,48
30.0,C10_Maltose,45
30.25,C10_Maltose,44
30.5,C10_Maltose,47
30.75,C10_Maltose,49
31.0,C10_Maltose,53
31.25,C10_Maltose,48
31.5,C10_Maltose,52
31.75,C10_Maltose,45
32.0,C10_Maltose,55
32.25,C10_Maltose,52
32.5,C10_Maltose,55
32.75,C10_Maltose,55
33.0,C10_Maltose,51
33.25,C10_Maltose,54
33.5,C10_Maltose,56
33.75,C10_Maltose,56
34.0,C10_Maltose,57
34.25,C10_Maltose,57
34.5,C10_Maltose,58
34.75,C10_Maltose,56
35.0,C10_Maltose,58
35.25,C10_Maltose,61
35.5,C10_Maltose,59
35.75,C10_Maltose,60
36.0,C10_Maltose,61
36.25,C10_Maltose,64
36.5,C10_Maltose,64
36.75,C10_Maltose,63
37.0,C10_Maltose,59
37.25,C10_Maltose,57
37.5,C10_Maltose,60
37.75,C10_Maltose,66
38.0,C10_Maltose,64
38.25,C10_Maltose,66
38.5,C10_Maltose,65
38.75,C10_Maltose,64
39.0,C10_Maltose,64
39.25,C10_Maltose,70
39.5,C10_Maltose,73
39.75,C10_Maltose,69
40.0,C10_Maltose,68
40.25,C10_Maltose,66
40.5,C10_Maltose,74
40.75,C10_Maltose,73
41.0,C10_Maltose,75
41.25,C10_Maltose,73
41.5,C10_Maltose,74
41.75,C10_Maltose,72
42.0,C10_Maltose,79
42.25,C10_Maltose,74
42.5,C10_Maltose,75
42.75,C10_Maltose,79
43.0,C10_Maltose,79
43.25,C10_Maltose,77
43.5,C10_Maltose,81
43.75,C10_Maltose,86
44.0,C10_Maltose,82
44.25,C10_Maltose,80
44.5,C10_Maltose,86
44.75,C10_Maltose,87
45.0,C10_Maltose,83
45.25,C10_Maltose,87
45.5,C10_Maltose,86
45.75,C10_Maltose,89
46.0,C10_Maltose,88
46.25,C10_Maltose,92
46.5,C10_Maltose,95
46.75,C10_Maltose,93
47.0,C10_Maltose,93
47.25,C10_Maltose,97
47.5,C10_Maltose,0
0.0,C11_D-Melibiose,33
0.25,C11_D-Melibiose,11
0.5,C11_D-Melibiose,18
0.75,C11_D-Melibiose,19
1.0,C11_D-Melibiose,20
1.25,C11_D-Melibiose,20
1.5,C11_D-Melibiose,19
1.75,C11_D-Melibiose,17
2.0,C11_D-Melibiose,15
2.25,C11_D-Melibiose,17
2.5,C11_D-Melibiose,13
2.75,C11_D-Melibiose,19
3.0,C11_D-Melibiose,23
3.25,C11_D-Melibiose,15
3.5,C11_D-Melibiose,17
3.75,C11_D-Melibiose,16
4.0,C11_D-Melibiose,18
4.25,C11_D-Melibiose,16
4.5,C11_D-Melibiose,22
4.75,C11_D-Melibiose,20
5.0,C11_D-Melibiose,22
5.25,C11_D-Melibiose,20
5.5,C11_D-Melibiose,18
5.75,C11_D-Melibiose,21
6.0,C11_D-Melibiose,18
6.25,C11_D-Melibiose,22
6.5,C11_D-Melibiose,22
6.75,C11_D-Melibiose,22
7.0,C11_D-Melibiose,22
7.25,C11_D-Melibiose,24
7.5,C11_D-Melibiose,22
7.75,C11_D-Melibiose,21
8.0,C11_D-Melibiose,25
8.25,C11_D-Melibiose,25
8.5,C11_D-Melibiose,23
8.75,C11_D-Melibiose,23
9.0,C11_D-Melibiose,22
9.25,C11_D-Melibiose,25
9.5,C11_D-Melibiose,23
9.75,C11_D-Melibiose,22
10.0,C11_D-Melibiose,23
10.25,C11_D-Melibiose,21
10.5,C11_D-Melibiose,23
10.75,C11_D-Melibiose,20
11.0,C11_D-Melibiose,19
11.25,C11_D-Melibiose,28
11.5,C11_D-Melibiose,27
11.75,C11_D-Melibiose,26
12.0,C11_D-Melibiose,28
12.25,C11_D-Melibiose,24
12.5,C11_D-Melibiose,27
12.75,C11_D-Melibiose,26
13.0,C11_D-Melibiose,25
13.25,C11_D-Melibiose,27
13.5,C11_D-Melibiose,30
13.75,C11_D-Melibiose,27
14.0,C11_D-Melibiose,26
14.25,C11_D-Melibiose,25
14.5,C11_D-Melibiose,26
14.75,C11_D-Melibiose,31
15.0,C11_D-Melibiose,28
15.25,C11_D-Melibiose,26
15.5,C11_D-Melibiose,30
15.75,C11_D-Melibiose,27
16.0,C11_D-Melibiose,24
16.25,C11_D-Melibiose,26
16.5,C11_D-Melibiose,27
16.75,C11_D-Melibiose,26
17.0,C11_D-Melibiose,28
17.25,C11_D-Melibiose,27
17.5,C11_D-Melibiose,28
17.75,C11_D-Melibiose,28
18.0,C11_D-Melibiose,30
18.25,C11_D-Melibiose,32
18.5,C11_D-Melibiose,28
18.75,C11_D-Melibiose,28
19.0,C11_D-Melibiose,29
19.25,C11_D-Melibiose,33
19.5,C11_D-Melibiose,29
19.75,C11_D-Melibiose,31
20.0,C11_D-Melibiose,33
20.25,C11_D-Melibiose,33
20.5,C11_D-Melibiose,27
20.75,C11_D-Melibiose,30
21.0,C11_D-Melibiose,26
21.25,C11_D-Melibiose,28
21.5,C11_D-Melibiose,29
21.75,C11_D-Melibiose,33
22.0,C11_D-Melibiose,32
22.25,C11_D-Melibiose,26
22.5,C11_D-Melibiose,30
22.75,C11_D-Melibiose,27
23.0,C11_D-Melibiose,29
23.25,C11_D-Melibiose,33
23.5,C11_D-Melibiose,30
23.75,C11_D-Melibiose,28
24.0,C11_D-Melibiose,27
24.25,C11_D-Melibiose,33
24.5,C11_D-Melibiose,34
24.75,C11_D-Melibiose,30
25.0,C11_D-Melibiose,31
25.25,C11_D-Melibiose,28
25.5,C11_D-Melibiose,31
25.75,C11_D-Melibiose,33
26.0,C11_D-Melibiose,35
26.25,C11_D-Melibiose,35
26.5,C11_D-Melibiose,30
26.75,C11_D-Melibiose,29
27.0,C11_D-Melibiose,30
27.25,C11_D-Melibiose,30
27.5,C11_D-Melibiose,31
27.75,C11_D-Melibiose,33
28.0,C11_D-Melibiose,30
28.25,C11_D-Melibiose,32
28.5,C11_D-Melibiose,34
28.75,C11_D-Melibiose,28
29.0,C11_D-Melibiose,30
29.25,C11_D-Melibiose,36
29.5,C11_D-Melibiose,36
29.75,C11_D-Melibiose,32
30.0,C11_D-Melibiose,30
30.25,C11_D-Melibiose,28
30.5,C11_D-Melibiose,30
30.75,C11_D-Melibiose,32
31.0,C11_D-Melibiose,35
31.25,C11_D-Melibiose,29
31.5,C11_D-Melibiose,33
31.75,C11_D-Melibiose,30
32.0,C11_D-Melibiose,35
32.25,C11_D-Melibiose,36
32.5,C11_D-Melibiose,33
32.75,C11_D-Melibiose,33
33.0,C11_D-Melibiose,37
33.25,C11_D-Melibiose,35
33.5,C11_D-Melibiose,34
33.75,C11_D-Melibiose,37
34.0,C11_D-Melibiose,32
34.25,C11_D-Melibiose,32
34.5,C11_D-Melibiose,38
34.75,C11_D-Melibiose,36
35.0,C11_D-Melibiose,37
35.25,C11_D-Melibiose,33
35.5,C11_D-Melibiose,31
35.75,C11_D-Melibiose,38
36.0,C11_D-Melibiose,38
36.25,C11_D-Melibiose,33
36.5,C11_D-Melibiose,35
36.75,C11_D-Melibiose,35
37.0,C11_D-Melibiose,36
37.25,C11_D-Melibiose,33
37.5,C11_D-Melibiose,30
37.75,C11_D-Melibiose,39
38.0,C11_D-Melibiose,37
38.25,C11_D-Melibiose,32
38.5,C11_D-Melibiose,37
38.75,C11_D-Melibiose,37
39.0,C11_D-Melibiose,32
39.25,C11_D-Melibiose,32
39.5,C11_D-Melibiose,34
39.75,C11_D-Melibiose,35
40.0,C11_D-Melibiose,33
40.25,C11_D-Melibiose,38
40.5,C11_D-Melibiose,35
40.75,C11_D-Melibiose,35
41.0,C11_D-Melibiose,33
41.25,C11_D-Melibiose,32
41.5,C11_D-Melibiose,34
41.75,C11_D-Melibiose,31
42.0,C11_D-Melibiose,31
42.25,C11_D-Melibiose,29
42.5,C11_D-Melibiose,34
42.75,C11_D-Melibiose,35
43.0,C11_D-Melibiose,37
43.25,C11_D-Melibiose,34
43.5,C11_D-Melibiose,35
43.75,C11_D-Melibiose,36
44.0,C11_D-Melibiose,41
44.25,C11_D-Melibiose,38
44.5,C11_D-Melibiose,36
44.75,C11_D-Melibiose,39
45.0,C11_D-Melibiose,33
45.25,C11_D-Melibiose,37
45.5,C11_D-Melibiose,34
45.75,C11_D-Melibiose,35
46.0,C11_D-Melibiose,37
46.25,C11_D-Melibiose,36
46.5,C11_D-Melibiose,38
46.75,C11_D-Melibiose,35
47.0,C11_D-Melibiose,37
47.25,C11_D-Melibiose,36
47.5,C11_D-Melibiose,0
0.0,C12_Thymidine,19
0.25,C12_Thymidine,19
0.5,C12_Thymidine,20
0.75,C12_Thymidine,26
1.0,C12_Thymidine,20
1.25,C12_Thymidine,22
1.5,C12_Thymidine,28
1.75,C12_Thymidine,26
2.0,C12_Thymidine,22
2.25,C12_Thymidine,20
2.5,C12_Thymidine,20
2.75,C12_Thymidine,27
3.0,C12_Thymidine,22
3.25,C12_Thymidine,25
3.5,C12_Thymidine,20
3.75,C12_Thymidine,26
4.0,C12_Thymidine,25
4.25,C12_Thymidine,26
4.5,C12_Thymidine,24
4.75,C12_Thymidine,24
5.0,C12_Thymidine,21
5.25,C12_Thymidine,22
5.5,C12_Thymidine,25
5.75,C12_Thymidine,24
6.0,C12_Thymidine,24
6.25,C12_Thymidine,27
6.5,C12_Thymidine,24
6.75,C12_Thymidine,27
7.0,C12_Thymidine,30
7.25,C12_Thymidine,28
7.5,C12_Thymidine,28
7.75,C12_Thymidine,34
8.0,C12_Thymidine,33
8.25,C12_Thymidine,27
8.5,C12_Thymidine,35
8.75,C12_Thymidine,33
9.0,C12_Thymidine,28
9.25,C12_Thymidine,33
9.5,C12_Thymidine,30
9.75,C12_Thymidine,29
10.0,C12_Thymidine,34
10.25,C12_Thymidine,33
10.5,C12_Thymidine,33
10.75,C12_Thymidine,33
11.0,C12_Thymidine,31
11.25,C12_Thymidine,36
11.5,C12_Thymidine,35
11.75,C12_Thymidine,33
12.0,C12_Thymidine,34
12.25,C12_Thymidine,40
12.5,C12_Thymidine,36
12.75,C12_Thymidine,38
13.0,C12_Thymidine,38
13.25,C12_Thymidine,36
13.5,C12_Thymidine,37
13.75,C12_Thymidine,37
14.0,C12_Thymidine,37
14.25,C12_Thymidine,41
14.5,C12_Thymidine,37
14.75,C12_Thymidine,40
15.0,C12_Thymidine,39
15.25,C12_Thymidine,37
15.5,C12_Thymidine,42
15.75,C12_Thymidine,39
16.0,C12_Thymidine,37
16.25,C12_Thymidine,40
16.5,C12_Thymidine,41
16.75,C12_Thymidine,43
17.0,C12_Thymidine,41
17.25,C12_Thymidine,41
17.5,C12_Thymidine,41
17.75,C12_Thymidine,41
18.0,C12_Thymidine,41
18.25,C12_Thymidine,44
18.5,C12_Thymidine,46
18.75,C12_Thymidine,45
19.0,C12_Thymidine,42
19.25,C12_Thymidine,47
19.5,C12_Thymidine,43
19.75,C12_Thymidine,43
20.0,C12_Thymidine,41
20.25,C12_Thymidine,42
20.5,C12_Thymidine,42
20.75,C12_Thymidine,45
21.0,C12_Thymidine,41
21.25,C12_Thymidine,43
21.5,C12_Thymidine,45
21.75,C12_Thymidine,44
22.0,C12_Thymidine,43
22.25,C12_Thymidine,48
22.5,C12_Thymidine,45
22.75,C12_Thymidine,40
23.0,C12_Thymidine,45
23.25,C12_Thymidine,47
23.5,C12_Thymidine,46
23.75,C12_Thymidine,48
24.0,C12_Thymidine,48
24.25,C12_Thymidine,45
24.5,C12_Thymidine,50
24.75,C12_Thymidine,41
25.0,C12_Thymidine,47
25.25,C12_Thymidine,53
25.5,C12_Thymidine,48
25.75,C12_Thymidine,52
26.0,C12_Thymidine,51
26.25,C12_Thymidine,49
26.5,C12_Thymidine,48
26.75,C12_Thymidine,50
27.0,C12_Thymidine,50
27.25,C12_Thymidine,47
27.5,C12_Thymidine,46
27.75,C12_Thymidine,52
28.0,C12_Thymidine,49
28.25,C12_Thymidine,51
28.5,C12_Thymidine,48
28.75,C12_Thymidine,47
29.0,C12_Thymidine,51
29.25,C12_Thymidine,50
29.5,C12_Thymidine,52
29.75,C12_Thymidine,54
30.0,C12_Thymidine,52
30.25,C12_Thymidine,51
30.5,C12_Thymidine,49
30.75,C12_Thymidine,54
31.0,C12_Thymidine,53
31.25,C12_Thymidine,51
31.5,C12_Thymidine,54
31.75,C12_Thymidine,52
32.0,C12_Thymidine,54
32.25,C12_Thymidine,51
32.5,C12_Thymidine,55
32.75,C12_Thymidine,53
33.0,C12_Thymidine,51
33.25,C12_Thymidine,60
33.5,C12_Thymidine,54
33.75,C12_Thymidine,56
34.0,C12_Thymidine,54
34.25,C12_Thymidine,57
34.5,C12_Thymidine,53
34.75,C12_Thymidine,55
35.0,C12_Thymidine,59
35.25,C12_Thymidine,57
35.5,C12_Thymidine,57
35.75,C12_Thymidine,61
36.0,C12_Thymidine,63
36.25,C12_Thymidine,54
36.5,C12_Thymidine,60
36.75,C12_Thymidine,57
37.0,C12_Thymidine,64
37.25,C12_Thymidine,58
37.5,C12_Thymidine,58
37.75,C12_Thymidine,58
38.0,C12_Thymidine,62
38.25,C12_Thymidine,64
38.5,C12_Thymidine,59
38.75,C12_Thymidine,59
39.0,C12_Thymidine,58
39.25,C12_Thymidine,60
39.5,C12_Thymidine,61
39.75,C12_Thymidine,59
40.0,C12_Thymidine,61
40.25,C12_Thymidine,61
40.5,C12_Thymidine,62
40.75,C12_Thymidine,66
41.0,C12_Thymidine,66
41.25,C12_Thymidine,65
41.5,C12_Thymidine,61
41.75,C12_Thymidine,65
42.0,C12_Thymidine,64
42.25,C12_Thymidine,65
42.5,C12_Thymidine,59
42.75,C12_Thymidine,61
43.0,C12_Thymidine,65
43.25,C12_Thymidine,66
43.5,C12_Thymidine,63
43.75,C12_Thymidine,65
44.0,C12_Thymidine,66
44.25,C12_Thymidine,66
44.5,C12_Thymidine,67
44.75,C12_Thymidine,71
45.0,C12_Thymidine,65
45.25,C12_Thymidine,66
45.5,C12_Thymidine,71
45.75,C12_Thymidine,69
46.0,C12_Thymidine,71
46.25,C12_Thymidine,68
46.5,C12_Thymidine,69
46.75,C12_Thymidine,68
47.0,C12_Thymidine,66
47.25,C12_Thymidine,74
47.5,C12_Thymidine,0
0.0,D-1_L-Asparagine,39
0.25,D-1_L-Asparagine,35
0.5,D-1_L-Asparagine,40
0.75,D-1_L-Asparagine,26
1.0,D-1_L-Asparagine,23
1.25,D-1_L-Asparagine,24
1.5,D-1_L-Asparagine,26
1.75,D-1_L-Asparagine,21
2.0,D-1_L-Asparagine,21
2.25,D-1_L-Asparagine,21
2.5,D-1_L-Asparagine,28
2.75,D-1_L-Asparagine,19
3.0,D-1_L-Asparagine,25
3.25,D-1_L-Asparagine,18
3.5,D-1_L-Asparagine,20
3.75,D-1_L-Asparagine,23
4.0,D-1_L-Asparagine,25
4.25,D-1_L-Asparagine,24
4.5,D-1_L-Asparagine,25
4.75,D-1_L-Asparagine,24
5.0,D-1_L-Asparagine,29
5.25,D-1_L-Asparagine,28
5.5,D-1_L-Asparagine,24
5.75,D-1_L-Asparagine,29
6.0,D-1_L-Asparagine,27
6.25,D-1_L-Asparagine,27
6.5,D-1_L-Asparagine,30
6.75,D-1_L-Asparagine,30
7.0,D-1_L-Asparagine,32
7.25,D-1_L-Asparagine,33
7.5,D-1_L-Asparagine,35
7.75,D-1_L-Asparagine,36
8.0,D-1_L-Asparagine,36
8.25,D-1_L-Asparagine,33
8.5,D-1_L-Asparagine,41
8.75,D-1_L-Asparagine,37
9.0,D-1_L-Asparagine,40
9.25,D-1_L-Asparagine,40
9.5,D-1_L-Asparagine,40
9.75,D-1_L-Asparagine,42
10.0,D-1_L-Asparagine,40
10.25,D-1_L-Asparagine,44
10.5,D-1_L-Asparagine,43
10.75,D-1_L-Asparagine,47
11.0,D-1_L-Asparagine,44
11.25,D-1_L-Asparagine,49
11.5,D-1_L-Asparagine,46
11.75,D-1_L-Asparagine,47
12.0,D-1_L-Asparagine,44
12.25,D-1_L-Asparagine,50
12.5,D-1_L-Asparagine,49
12.75,D-1_L-Asparagine,49
13.0,D-1_L-Asparagine,49
13.25,D-1_L-Asparagine,50
13.5,D-1_L-Asparagine,52
13.75,D-1_L-Asparagine,49
14.0,D-1_L-Asparagine,52
14.25,D-1_L-Asparagine,53
14.5,D-1_L-Asparagine,56
14.75,D-1_L-Asparagine,60
15.0,D-1_L-Asparagine,53
15.25,D-1_L-Asparagine,57
15.5,D-1_L-Asparagine,59
15.75,D-1_L-Asparagine,56
16.0,D-1_L-Asparagine,59
16.25,D-1_L-Asparagine,59
16.5,D-1_L-Asparagine,63
16.75,D-1_L-Asparagine,61
17.0,D-1_L-Asparagine,55
17.25,D-1_L-Asparagine,65
17.5,D-1_L-Asparagine,60
17.75,D-1_L-Asparagine,65
18.0,D-1_L-Asparagine,66
18.25,D-1_L-Asparagine,61
18.5,D-1_L-Asparagine,67
18.75,D-1_L-Asparagine,66
19.0,D-1_L-Asparagine,66
19.25,D-1_L-Asparagine,67
19.5,D-1_L-Asparagine,71
19.75,D-1_L-Asparagine,66
20.0,D-1_L-Asparagine,72
20.25,D-1_L-Asparagine,68
20.5,D-1_L-Asparagine,70
20.75,D-1_L-Asparagine,72
21.0,D-1_L-Asparagine,71
21.25,D-1_L-Asparagine,71
21.5,D-1_L-Asparagine,75
21.75,D-1_L-Asparagine,73
22.0,D-1_L-Asparagine,73
22.25,D-1_L-Asparagine,75
22.5,D-1_L-Asparagine,73
22.75,D-1_L-Asparagine,71
23.0,D-1_L-Asparagine,73
23.25,D-1_L-Asparagine,78
23.5,D-1_L-Asparagine,79
23.75,D-1_L-Asparagine,77
24.0,D-1_L-Asparagine,76
24.25,D-1_L-Asparagine,80
24.5,D-1_L-Asparagine,78
24.75,D-1_L-Asparagine,78
25.0,D-1_L-Asparagine,81
25.25,D-1_L-Asparagine,79
25.5,D-1_L-Asparagine,78
25.75,D-1_L-Asparagine,82
26.0,D-1_L-Asparagine,78
26.25,D-1_L-Asparagine,80
26.5,D-1_L-Asparagine,81
26.75,D-1_L-Asparagine,86
27.0,D-1_L-Asparagine,88
27.25,D-1_L-Asparagine,83
27.5,D-1_L-Asparagine,87
27.75,D-1_L-Asparagine,86
28.0,D-1_L-Asparagine,88
28.25,D-1_L-Asparagine,85
28.5,D-1_L-Asparagine,82
28.75,D-1_L-Asparagine,85
29.0,D-1_L-Asparagine,93
29.25,D-1_L-Asparagine,91
29.5,D-1_L-Asparagine,89
29.75,D-1_L-Asparagine,90
30.0,D-1_L-Asparagine,90
30.25,D-1_L-Asparagine,91
30.5,D-1_L-Asparagine,91
30.75,D-1_L-Asparagine,90
31.0,D-1_L-Asparagine,92
31.25,D-1_L-Asparagine,94
31.5,D-1_L-Asparagine,94
31.75,D-1_L-Asparagine,92
32.0,D-1_L-Asparagine,99
32.25,D-1_L-Asparagine,99
32.5,D-1_L-Asparagine,98
32.75,D-1_L-Asparagine,96
33.0,D-1_L-Asparagine,101
33.25,D-1_L-Asparagine,96
33.5,D-1_L-Asparagine,102
33.75,D-1_L-Asparagine,103
34.0,D-1_L-Asparagine,100
34.25,D-1_L-Asparagine,98
34.5,D-1_L-Asparagine,102
34.75,D-1_L-Asparagine,100
35.0,D-1_L-Asparagine,105
35.25,D-1_L-Asparagine,107
35.5,D-1_L-Asparagine,109
35.75,D-1_L-Asparagine,107
36.0,D-1_L-Asparagine,109
36.25,D-1_L-Asparagine,108
36.5,D-1_L-Asparagine,109
36.75,D-1_L-Asparagine,109
37.0,D-1_L-Asparagine,111
37.25,D-1_L-Asparagine,115
37.5,D-1_L-Asparagine,107
37.75,D-1_L-Asparagine,114
38.0,D-1_L-Asparagine,114
38.25,D-1_L-Asparagine,114
38.5,D-1_L-Asparagine,113
38.75,D-1_L-Asparagine,114
39.0,D-1_L-Asparagine,114
39.25,D-1_L-Asparagine,111
39.5,D-1_L-Asparagine,119
39.75,D-1_L-Asparagine,121
40.0,D-1_L-Asparagine,113
40.25,D-1_L-Asparagine,121
40.5,D-1_L-Asparagine,122
40.75,D-1_L-Asparagine,117
41.0,D-1_L-Asparagine,116
41.25,D-1_L-Asparagine,116
41.5,D-1_L-Asparagine,117
41.75,D-1_L-Asparagine,120
42.0,D-1_L-Asparagine,117
42.25,D-1_L-Asparagine,116
42.5,D-1_L-Asparagine,118
42.75,D-1_L-Asparagine,119
43.0,D-1_L-Asparagine,124
43.25,D-1_L-Asparagine,121
43.5,D-1_L-Asparagine,126
43.75,D-1_L-Asparagine,123
44.0,D-1_L-Asparagine,124
44.25,D-1_L-Asparagine,124
44.5,D-1_L-Asparagine,123
44.75,D-1_L-Asparagine,125
45.0,D-1_L-Asparagine,122
45.25,D-1_L-Asparagine,124
45.5,D-1_L-Asparagine,124
45.75,D-1_L-Asparagine,120
46.0,D-1_L-Asparagine,126
46.25,D-1_L-Asparagine,123
46.5,D-1_L-Asparagine,123
46.75,D-1_L-Asparagine,125
47.0,D-1_L-Asparagine,120
47.25,D-1_L-Asparagine,125
47.5,D-1_L-Asparagine,0
0.0,D2_D-Aspartic_Acid,37
0.25,D2_D-Aspartic_Acid,34
0.5,D2_D-Aspartic_Acid,11
0.75,D2_D-Aspartic_Acid,14
1.0,D2_D-Aspartic_Acid,17
1.25,D2_D-Aspartic_Acid,11
1.5,D2_D-Aspartic_Acid,12
1.75,D2_D-Aspartic_Acid,13
2.0,D2_D-Aspartic_Acid,18
2.25,D2_D-Aspartic_Acid,21
2.5,D2_D-Aspartic_Acid,14
2.75,D2_D-Aspartic_Acid,18
3.0,D2_D-Aspartic_Acid,16
3.25,D2_D-Aspartic_Acid,15
3.5,D2_D-Aspartic_Acid,13
3.75,D2_D-Aspartic_Acid,17
4.0,D2_D-Aspartic_Acid,16
4.25,D2_D-Aspartic_Acid,14
4.5,D2_D-Aspartic_Acid,15
4.75,D2_D-Aspartic_Acid,16
5.0,D2_D-Aspartic_Acid,12
5.25,D2_D-Aspartic_Acid,11
5.5,D2_D-Aspartic_Acid,14
5.75,D2_D-Aspartic_Acid,15
6.0,D2_D-Aspartic_Acid,15
6.25,D2_D-Aspartic_Acid,14
6.5,D2_D-Aspartic_Acid,15
6.75,D2_D-Aspartic_Acid,14
7.0,D2_D-Aspartic_Acid,21
7.25,D2_D-Aspartic_Acid,18
7.5,D2_D-Aspartic_Acid,17
7.75,D2_D-Aspartic_Acid,18
8.0,D2_D-Aspartic_Acid,18
8.25,D2_D-Aspartic_Acid,17
8.5,D2_D-Aspartic_Acid,21
8.75,D2_D-Aspartic_Acid,17
9.0,D2_D-Aspartic_Acid,18
9.25,D2_D-Aspartic_Acid,19
9.5,D2_D-Aspartic_Acid,18
9.75,D2_D-Aspartic_Acid,19
10.0,D2_D-Aspartic_Acid,16
10.25,D2_D-Aspartic_Acid,15
10.5,D2_D-Aspartic_Acid,17
10.75,D2_D-Aspartic_Acid,21
11.0,D2_D-Aspartic_Acid,24
11.25,D2_D-Aspartic_Acid,18
11.5,D2_D-Aspartic_Acid,16
11.75,D2_D-Aspartic_Acid,21
12.0,D2_D-Aspartic_Acid,21
12.25,D2_D-Aspartic_Acid,23
12.5,D2_D-Aspartic_Acid,19
12.75,D2_D-Aspartic_Acid,19
13.0,D2_D-Aspartic_Acid,20
13.25,D2_D-Aspartic_Acid,22
13.5,D2_D-Aspartic_Acid,19
13.75,D2_D-Aspartic_Acid,20
14.0,D2_D-Aspartic_Acid,20
14.25,D2_D-Aspartic_Acid,17
14.5,D2_D-Aspartic_Acid,21
14.75,D2_D-Aspartic_Acid,21
15.0,D2_D-Aspartic_Acid,20
15.25,D2_D-Aspartic_Acid,21
15.5,D2_D-Aspartic_Acid,19
15.75,D2_D-Aspartic_Acid,23
16.0,D2_D-Aspartic_Acid,26
16.25,D2_D-Aspartic_Acid,23
16.5,D2_D-Aspartic_Acid,23
16.75,D2_D-Aspartic_Acid,24
17.0,D2_D-Aspartic_Acid,24
17.25,D2_D-Aspartic_Acid,25
17.5,D2_D-Aspartic_Acid,23
17.75,D2_D-Aspartic_Acid,25
18.0,D2_D-Aspartic_Acid,25
18.25,D2_D-Aspartic_Acid,24
18.5,D2_D-Aspartic_Acid,27
18.75,D2_D-Aspartic_Acid,25
19.0,D2_D-Aspartic_Acid,22
19.25,D2_D-Aspartic_Acid,26
19.5,D2_D-Aspartic_Acid,22
19.75,D2_D-Aspartic_Acid,25
20.0,D2_D-Aspartic_Acid,25
20.25,D2_D-Aspartic_Acid,26
20.5,D2_D-Aspartic_Acid,25
20.75,D2_D-Aspartic_Acid,23
21.0,D2_D-Aspartic_Acid,23
21.25,D2_D-Aspartic_Acid,22
21.5,D2_D-Aspartic_Acid,24
21.75,D2_D-Aspartic_Acid,22
22.0,D2_D-Aspartic_Acid,27
22.25,D2_D-Aspartic_Acid,24
22.5,D2_D-Aspartic_Acid,25
22.75,D2_D-Aspartic_Acid,20
23.0,D2_D-Aspartic_Acid,29
23.25,D2_D-Aspartic_Acid,30
23.5,D2_D-Aspartic_Acid,26
23.75,D2_D-Aspartic_Acid,29
24.0,D2_D-Aspartic_Acid,25
24.25,D2_D-Aspartic_Acid,26
24.5,D2_D-Aspartic_Acid,27
24.75,D2_D-Aspartic_Acid,22
25.0,D2_D-Aspartic_Acid,26
25.25,D2_D-Aspartic_Acid,23
25.5,D2_D-Aspartic_Acid,22
25.75,D2_D-Aspartic_Acid,29
26.0,D2_D-Aspartic_Acid,26
26.25,D2_D-Aspartic_Acid,29
26.5,D2_D-Aspartic_Acid,25
26.75,D2_D-Aspartic_Acid,23
27.0,D2_D-Aspartic_Acid,24
27.25,D2_D-Aspartic_Acid,27
27.5,D2_D-Aspartic_Acid,27
27.75,D2_D-Aspartic_Acid,30
28.0,D2_D-Aspartic_Acid,27
28.25,D2_D-Aspartic_Acid,27
28.5,D2_D-Aspartic_Acid,21
28.75,D2_D-Aspartic_Acid,23
29.0,D2_D-Aspartic_Acid,27
29.25,D2_D-Aspartic_Acid,26
29.5,D2_D-Aspartic_Acid,22
29.75,D2_D-Aspartic_Acid,27
30.0,D2_D-Aspartic_Acid,28
30.25,D2_D-Aspartic_Acid,27
30.5,D2_D-Aspartic_Acid,25
30.75,D2_D-Aspartic_Acid,27
31.0,D2_D-Aspartic_Acid,29
31.25,D2_D-Aspartic_Acid,24
31.5,D2_D-Aspartic_Acid,27
31.75,D2_D-Aspartic_Acid,24
32.0,D2_D-Aspartic_Acid,27
32.25,D2_D-Aspartic_Acid,28
32.5,D2_D-Aspartic_Acid,34
32.75,D2_D-Aspartic_Acid,29
33.0,D2_D-Aspartic_Acid,28
33.25,D2_D-Aspartic_Acid,34
33.5,D2_D-Aspartic_Acid,31
33.75,D2_D-Aspartic_Acid,29
34.0,D2_D-Aspartic_Acid,26
34.25,D2_D-Aspartic_Acid,28
34.5,D2_D-Aspartic_Acid,33
34.75,D2_D-Aspartic_Acid,26
35.0,D2_D-Aspartic_Acid,30
35.25,D2_D-Aspartic_Acid,23
35.5,D2_D-Aspartic_Acid,29
35.75,D2_D-Aspartic_Acid,27
36.0,D2_D-Aspartic_Acid,27
36.25,D2_D-Aspartic_Acid,33
36.5,D2_D-Aspartic_Acid,23
36.75,D2_D-Aspartic_Acid,27
37.0,D2_D-Aspartic_Acid,33
37.25,D2_D-Aspartic_Acid,31
37.5,D2_D-Aspartic_Acid,29
37.75,D2_D-Aspartic_Acid,31
38.0,D2_D-Aspartic_Acid,25
38.25,D2_D-Aspartic_Acid,25
38.5,D2_D-Aspartic_Acid,28
38.75,D2_D-Aspartic_Acid,28
39.0,D2_D-Aspartic_Acid,31
39.25,D2_D-Aspartic_Acid,34
39.5,D2_D-Aspartic_Acid,28
39.75,D2_D-Aspartic_Acid,31
40.0,D2_D-Aspartic_Acid,28
40.25,D2_D-Aspartic_Acid,29
40.5,D2_D-Aspartic_Acid,31
40.75,D2_D-Aspartic_Acid,27
41.0,D2_D-Aspartic_Acid,25
41.25,D2_D-Aspartic_Acid,25
41.5,D2_D-Aspartic_Acid,28
41.75,D2_D-Aspartic_Acid,32
42.0,D2_D-Aspartic_Acid,29
42.25,D2_D-Aspartic_Acid,27
42.5,D2_D-Aspartic_Acid,32
42.75,D2_D-Aspartic_Acid,31
43.0,D2_D-Aspartic_Acid,33
43.25,D2_D-Aspartic_Acid,27
43.5,D2_D-Aspartic_Acid,26
43.75,D2_D-Aspartic_Acid,28
44.0,D2_D-Aspartic_Acid,32
44.25,D2_D-Aspartic_Acid,24
44.5,D2_D-Aspartic_Acid,28
44.75,D2_D-Aspartic_Acid,26
45.0,D2_D-Aspartic_Acid,29
45.25,D2_D-Aspartic_Acid,31
45.5,D2_D-Aspartic_Acid,26
45.75,D2_D-Aspartic_Acid,27
46.0,D2_D-Aspartic_Acid,34
46.25,D2_D-Aspartic_Acid,25
46.5,D2_D-Aspartic_Acid,25
46.75,D2_D-Aspartic_Acid,33
47.0,D2_D-Aspartic_Acid,28
47.25,D2_D-Aspartic_Acid,34
47.5,D2_D-Aspartic_Acid,0
0.0,D3_D-Glucosaminic_Acid,14
0.25,D3_D-Glucosaminic_Acid,11
0.5,D3_D-Glucosaminic_Acid,15
0.75,D3_D-Glucosaminic_Acid,11
1.0,D3_D-Glucosaminic_Acid,11
1.25,D3_D-Glucosaminic_Acid,11
1.5,D3_D-Glucosaminic_Acid,15
1.75,D3_D-Glucosaminic_Acid,16
2.0,D3_D-Glucosaminic_Acid,13
2.25,D3_D-Glucosaminic_Acid,11
2.5,D3_D-Glucosaminic_Acid,14
2.75,D3_D-Glucosaminic_Acid,15
3.0,D3_D-Glucosaminic_Acid,17
3.25,D3_D-Glucosaminic_Acid,11
3.5,D3_D-Glucosaminic_Acid,15
3.75,D3_D-Glucosaminic_Acid,15
4.0,D3_D-Glucosaminic_Acid,15
4.25,D3_D-Glucosaminic_Acid,18
4.5,D3_D-Glucosaminic_Acid,16
4.75,D3_D-Glucosaminic_Acid,16
5.0,D3_D-Glucosaminic_Acid,15
5.25,D3_D-Glucosaminic_Acid,17
5.5,D3_D-Glucosaminic_Acid,17
5.75,D3_D-Glucosaminic_Acid,22
6.0,D3_D-Glucosaminic_Acid,22
6.25,D3_D-Glucosaminic_Acid,19
6.5,D3_D-Glucosaminic_Acid,27
6.75,D3_D-Glucosaminic_Acid,30
7.0,D3_D-Glucosaminic_Acid,28
7.25,D3_D-Glucosaminic_Acid,28
7.5,D3_D-Glucosaminic_Acid,29
7.75,D3_D-Glucosaminic_Acid,32
8.0,D3_D-Glucosaminic_Acid,32
8.25,D3_D-Glucosaminic_Acid,30
8.5,D3_D-Glucosaminic_Acid,31
8.75,D3_D-Glucosaminic_Acid,36
9.0,D3_D-Glucosaminic_Acid,41
9.25,D3_D-Glucosaminic_Acid,37
9.5,D3_D-Glucosaminic_Acid,44
9.75,D3_D-Glucosaminic_Acid,44
10.0,D3_D-Glucosaminic_Acid,42
10.25,D3_D-Glucosaminic_Acid,49
10.5,D3_D-Glucosaminic_Acid,50
10.75,D3_D-Glucosaminic_Acid,47
11.0,D3_D-Glucosaminic_Acid,53
11.25,D3_D-Glucosaminic_Acid,56
11.5,D3_D-Glucosaminic_Acid,58
11.75,D3_D-Glucosaminic_Acid,58
12.0,D3_D-Glucosaminic_Acid,64
12.25,D3_D-Glucosaminic_Acid,66
12.5,D3_D-Glucosaminic_Acid,66
12.75,D3_D-Glucosaminic_Acid,65
13.0,D3_D-Glucosaminic_Acid,72
13.25,D3_D-Glucosaminic_Acid,70
13.5,D3_D-Glucosaminic_Acid,76
13.75,D3_D-Glucosaminic_Acid,77
14.0,D3_D-Glucosaminic_Acid,87
14.25,D3_D-Glucosaminic_Acid,90
14.5,D3_D-Glucosaminic_Acid,91
14.75,D3_D-Glucosaminic_Acid,96
15.0,D3_D-Glucosaminic_Acid,102
15.25,D3_D-Glucosaminic_Acid,108
15.5,D3_D-Glucosaminic_Acid,115
15.75,D3_D-Glucosaminic_Acid,116
16.0,D3_D-Glucosaminic_Acid,117
16.25,D3_D-Glucosaminic_Acid,118
16.5,D3_D-Glucosaminic_Acid,129
16.75,D3_D-Glucosaminic_Acid,130
17.0,D3_D-Glucosaminic_Acid,137
17.25,D3_D-Glucosaminic_Acid,142
17.5,D3_D-Glucosaminic_Acid,141
17.75,D3_D-Glucosaminic_Acid,147
18.0,D3_D-Glucosaminic_Acid,154
18.25,D3_D-Glucosaminic_Acid,159
18.5,D3_D-Glucosaminic_Acid,160
18.75,D3_D-Glucosaminic_Acid,168
19.0,D3_D-Glucosaminic_Acid,174
19.25,D3_D-Glucosaminic_Acid,175
19.5,D3_D-Glucosaminic_Acid,176
19.75,D3_D-Glucosaminic_Acid,181
20.0,D3_D-Glucosaminic_Acid,183
20.25,D3_D-Glucosaminic_Acid,185
20.5,D3_D-Glucosaminic_Acid,186
20.75,D3_D-Glucosaminic_Acid,193
21.0,D3_D-Glucosaminic_Acid,191
21.25,D3_D-Glucosaminic_Acid,195
21.5,D3_D-Glucosaminic_Acid,196
21.75,D3_D-Glucosaminic_Acid,201
22.0,D3_D-Glucosaminic_Acid,206
22.25,D3_D-Glucosaminic_Acid,206
22.5,D3_D-Glucosaminic_Acid,209
22.75,D3_D-Glucosaminic_Acid,210
23.0,D3_D-Glucosaminic_Acid,212
23.25,D3_D-Glucosaminic_Acid,215
23.5,D3_D-Glucosaminic_Acid,212
23.75,D3_D-Glucosaminic_Acid,223
24.0,D3_D-Glucosaminic_Acid,223
24.25,D3_D-Glucosaminic_Acid,224
24.5,D3_D-Glucosaminic_Acid,223
24.75,D3_D-Glucosaminic_Acid,225
25.0,D3_D-Glucosaminic_Acid,228
25.25,D3_D-Glucosaminic_Acid,229
25.5,D3_D-Glucosaminic_Acid,229
25.75,D3_D-Glucosaminic_Acid,232
26.0,D3_D-Glucosaminic_Acid,231
26.25,D3_D-Glucosaminic_Acid,238
26.5,D3_D-Glucosaminic_Acid,235
26.75,D3_D-Glucosaminic_Acid,235
27.0,D3_D-Glucosaminic_Acid,237
27.25,D3_D-Glucosaminic_Acid,234
27.5,D3_D-Glucosaminic_Acid,238
27.75,D3_D-Glucosaminic_Acid,239
28.0,D3_D-Glucosaminic_Acid,239
28.25,D3_D-Glucosaminic_Acid,240
28.5,D3_D-Glucosaminic_Acid,241
28.75,D3_D-Glucosaminic_Acid,244
29.0,D3_D-Glucosaminic_Acid,241
29.25,D3_D-Glucosaminic_Acid,241
29.5,D3_D-Glucosaminic_Acid,237
29.75,D3_D-Glucosaminic_Acid,238
30.0,D3_D-Glucosaminic_Acid,236
30.25,D3_D-Glucosaminic_Acid,234
30.5,D3_D-Glucosaminic_Acid,232
30.75,D3_D-Glucosaminic_Acid,235
31.0,D3_D-Glucosaminic_Acid,239
31.25,D3_D-Glucosaminic_Acid,238
31.5,D3_D-Glucosaminic_Acid,236
31.75,D3_D-Glucosaminic_Acid,235
32.0,D3_D-Glucosaminic_Acid,239
32.25,D3_D-Glucosaminic_Acid,236
32.5,D3_D-Glucosaminic_Acid,236
32.75,D3_D-Glucosaminic_Acid,236
33.0,D3_D-Glucosaminic_Acid,237
33.25,D3_D-Glucosaminic_Acid,234
33.5,D3_D-Glucosaminic_Acid,232
33.75,D3_D-Glucosaminic_Acid,235
34.0,D3_D-Glucosaminic_Acid,237
34.25,D3_D-Glucosaminic_Acid,233
34.5,D3_D-Glucosaminic_Acid,231
34.75,D3_D-Glucosaminic_Acid,231
35.0,D3_D-Glucosaminic_Acid,233
35.25,D3_D-Glucosaminic_Acid,233
35.5,D3_D-Glucosaminic_Acid,239
35.75,D3_D-Glucosaminic_Acid,238
36.0,D3_D-Glucosaminic_Acid,238
36.25,D3_D-Glucosaminic_Acid,234
36.5,D3_D-Glucosaminic_Acid,238
36.75,D3_D-Glucosaminic_Acid,235
37.0,D3_D-Glucosaminic_Acid,233
37.25,D3_D-Glucosaminic_Acid,235
37.5,D3_D-Glucosaminic_Acid,236
37.75,D3_D-Glucosaminic_Acid,239
38.0,D3_D-Glucosaminic_Acid,236
38.25,D3_D-Glucosaminic_Acid,237
38.5,D3_D-Glucosaminic_Acid,234
38.75,D3_D-Glucosaminic_Acid,239
39.0,D3_D-Glucosaminic_Acid,239
39.25,D3_D-Glucosaminic_Acid,237
39.5,D3_D-Glucosaminic_Acid,236
39.75,D3_D-Glucosaminic_Acid,237
40.0,D3_D-Glucosaminic_Acid,236
40.25,D3_D-Glucosaminic_Acid,240
40.5,D3_D-Glucosaminic_Acid,233
40.75,D3_D-Glucosaminic_Acid,236
41.0,D3_D-Glucosaminic_Acid,238
41.25,D3_D-Glucosaminic_Acid,237
41.5,D3_D-Glucosaminic_Acid,234
41.75,D3_D-Glucosaminic_Acid,237
42.0,D3_D-Glucosaminic_Acid,238
42.25,D3_D-Glucosaminic_Acid,239
42.5,D3_D-Glucosaminic_Acid,233
42.75,D3_D-Glucosaminic_Acid,230
43.0,D3_D-Glucosaminic_Acid,235
43.25,D3_D-Glucosaminic_Acid,236
43.5,D3_D-Glucosaminic_Acid,235
43.75,D3_D-Glucosaminic_Acid,235
44.0,D3_D-Glucosaminic_Acid,234
44.25,D3_D-Glucosaminic_Acid,234
44.5,D3_D-Glucosaminic_Acid,238
44.75,D3_D-Glucosaminic_Acid,233
45.0,D3_D-Glucosaminic_Acid,238
45.25,D3_D-Glucosaminic_Acid,234
45.5,D3_D-Glucosaminic_Acid,236
45.75,D3_D-Glucosaminic_Acid,237
46.0,D3_D-Glucosaminic_Acid,240
46.25,D3_D-Glucosaminic_Acid,236
46.5,D3_D-Glucosaminic_Acid,240
46.75,D3_D-Glucosaminic_Acid,234
47.0,D3_D-Glucosaminic_Acid,235
47.25,D3_D-Glucosaminic_Acid,233
47.5,D3_D-Glucosaminic_Acid,0
0.0,D4_1-2-Propanediol,11
0.25,D4_1-2-Propanediol,15
0.5,D4_1-2-Propanediol,14
0.75,D4_1-2-Propanediol,15
1.0,D4_1-2-Propanediol,12
1.25,D4_1-2-Propanediol,13
1.5,D4_1-2-Propanediol,15
1.75,D4_1-2-Propanediol,13
2.0,D4_1-2-Propanediol,13
2.25,D4_1-2-Propanediol,12
2.5,D4_1-2-Propanediol,11
2.75,D4_1-2-Propanediol,11
3.0,D4_1-2-Propanediol,13
3.25,D4_1-2-Propanediol,16
3.5,D4_1-2-Propanediol,11
3.75,D4_1-2-Propanediol,13
4.0,D4_1-2-Propanediol,15
4.25,D4_1-2-Propanediol,17
4.5,D4_1-2-Propanediol,14
4.75,D4_1-2-Propanediol,17
5.0,D4_1-2-Propanediol,15
5.25,D4_1-2-Propanediol,15
5.5,D4_1-2-Propanediol,15
5.75,D4_1-2-Propanediol,18
6.0,D4_1-2-Propanediol,20
6.25,D4_1-2-Propanediol,15
6.5,D4_1-2-Propanediol,19
6.75,D4_1-2-Propanediol,22
7.0,D4_1-2-Propanediol,24
7.25,D4_1-2-Propanediol,21
7.5,D4_1-2-Propanediol,19
7.75,D4_1-2-Propanediol,25
8.0,D4_1-2-Propanediol,26
8.25,D4_1-2-Propanediol,25
8.5,D4_1-2-Propanediol,26
8.75,D4_1-2-Propanediol,30
9.0,D4_1-2-Propanediol,26
9.25,D4_1-2-Propanediol,25
9.5,D4_1-2-Propanediol,23
9.75,D4_1-2-Propanediol,24
10.0,D4_1-2-Propanediol,23
10.25,D4_1-2-Propanediol,22
10.5,D4_1-2-Propanediol,22
10.75,D4_1-2-Propanediol,28
11.0,D4_1-2-Propanediol,23
11.25,D4_1-2-Propanediol,27
11.5,D4_1-2-Propanediol,29
11.75,D4_1-2-Propanediol,26
12.0,D4_1-2-Propanediol,25
12.25,D4_1-2-Propanediol,25
12.5,D4_1-2-Propanediol,29
12.75,D4_1-2-Propanediol,30
13.0,D4_1-2-Propanediol,28
13.25,D4_1-2-Propanediol,22
13.5,D4_1-2-Propanediol,22
13.75,D4_1-2-Propanediol,28
14.0,D4_1-2-Propanediol,29
14.25,D4_1-2-Propanediol,28
14.5,D4_1-2-Propanediol,26
14.75,D4_1-2-Propanediol,28
15.0,D4_1-2-Propanediol,23
15.25,D4_1-2-Propanediol,30
15.5,D4_1-2-Propanediol,26
15.75,D4_1-2-Propanediol,26
16.0,D4_1-2-Propanediol,29
16.25,D4_1-2-Propanediol,31
16.5,D4_1-2-Propanediol,33
16.75,D4_1-2-Propanediol,30
17.0,D4_1-2-Propanediol,30
17.25,D4_1-2-Propanediol,31
17.5,D4_1-2-Propanediol,28
17.75,D4_1-2-Propanediol,24
18.0,D4_1-2-Propanediol,34
18.25,D4_1-2-Propanediol,29
18.5,D4_1-2-Propanediol,34
18.75,D4_1-2-Propanediol,31
19.0,D4_1-2-Propanediol,29
19.25,D4_1-2-Propanediol,28
19.5,D4_1-2-Propanediol,33
19.75,D4_1-2-Propanediol,33
20.0,D4_1-2-Propanediol,33
20.25,D4_1-2-Propanediol,30
20.5,D4_1-2-Propanediol,32
20.75,D4_1-2-Propanediol,30
21.0,D4_1-2-Propanediol,30
21.25,D4_1-2-Propanediol,31
21.5,D4_1-2-Propanediol,33
21.75,D4_1-2-Propanediol,29
22.0,D4_1-2-Propanediol,33
22.25,D4_1-2-Propanediol,32
22.5,D4_1-2-Propanediol,34
22.75,D4_1-2-Propanediol,31
23.0,D4_1-2-Propanediol,33
23.25,D4_1-2-Propanediol,35
23.5,D4_1-2-Propanediol,31
23.75,D4_1-2-Propanediol,34
24.0,D4_1-2-Propanediol,33
24.25,D4_1-2-Propanediol,31
24.5,D4_1-2-Propanediol,38
24.75,D4_1-2-Propanediol,32
25.0,D4_1-2-Propanediol,31
25.25,D4_1-2-Propanediol,31
25.5,D4_1-2-Propanediol,31
25.75,D4_1-2-Propanediol,34
26.0,D4_1-2-Propanediol,32
26.25,D4_1-2-Propanediol,34
26.5,D4_1-2-Propanediol,35
26.75,D4_1-2-Propanediol,34
27.0,D4_1-2-Propanediol,28
27.25,D4_1-2-Propanediol,35
27.5,D4_1-2-Propanediol,30
27.75,D4_1-2-Propanediol,34
28.0,D4_1-2-Propanediol,31
28.25,D4_1-2-Propanediol,30
28.5,D4_1-2-Propanediol,34
28.75,D4_1-2-Propanediol,31
29.0,D4_1-2-Propanediol,33
29.25,D4_1-2-Propanediol,36
29.5,D4_1-2-Propanediol,34
29.75,D4_1-2-Propanediol,32
30.0,D4_1-2-Propanediol,30
30.25,D4_1-2-Propanediol,34
30.5,D4_1-2-Propanediol,34
30.75,D4_1-2-Propanediol,35
31.0,D4_1-2-Propanediol,33
31.25,D4_1-2-Propanediol,33
31.5,D4_1-2-Propanediol,34
31.75,D4_1-2-Propanediol,30
32.0,D4_1-2-Propanediol,36
32.25,D4_1-2-Propanediol,35
32.5,D4_1-2-Propanediol,35
32.75,D4_1-2-Propanediol,35
33.0,D4_1-2-Propanediol,36
33.25,D4_1-2-Propanediol,36
33.5,D4_1-2-Propanediol,36
33.75,D4_1-2-Propanediol,37
34.0,D4_1-2-Propanediol,32
34.25,D4_1-2-Propanediol,35
34.5,D4_1-2-Propanediol,37
34.75,D4_1-2-Propanediol,37
35.0,D4_1-2-Propanediol,37
35.25,D4_1-2-Propanediol,31
35.5,D4_1-2-Propanediol,37
35.75,D4_1-2-Propanediol,39
36.0,D4_1-2-Propanediol,36
36.25,D4_1-2-Propanediol,36
36.5,D4_1-2-Propanediol,33
36.75,D4_1-2-Propanediol,37
37.0,D4_1-2-Propanediol,35
37.25,D4_1-2-Propanediol,38
37.5,D4_1-2-Propanediol,30
37.75,D4_1-2-Propanediol,37
38.0,D4_1-2-Propanediol,39
38.25,D4_1-2-Propanediol,34
38.5,D4_1-2-Propanediol,35
38.75,D4_1-2-Propanediol,34
39.0,D4_1-2-Propanediol,36
39.25,D4_1-2-Propanediol,35
39.5,D4_1-2-Propanediol,37
39.75,D4_1-2-Propanediol,35
40.0,D4_1-2-Propanediol,32
40.25,D4_1-2-Propanediol,34
40.5,D4_1-2-Propanediol,37
40.75,D4_1-2-Propanediol,34
41.0,D4_1-2-Propanediol,36
41.25,D4_1-2-Propanediol,32
41.5,D4_1-2-Propanediol,39
41.75,D4_1-2-Propanediol,35
42.0,D4_1-2-Propanediol,32
42.25,D4_1-2-Propanediol,32
42.5,D4_1-2-Propanediol,34
42.75,D4_1-2-Propanediol,35
43.0,D4_1-2-Propanediol,34
43.25,D4_1-2-Propanediol,33
43.5,D4_1-2-Propanediol,35
43.75,D4_1-2-Propanediol,31
44.0,D4_1-2-Propanediol,34
44.25,D4_1-2-Propanediol,33
44.5,D4_1-2-Propanediol,31
44.75,D4_1-2-Propanediol,33
45.0,D4_1-2-Propanediol,37
45.25,D4_1-2-Propanediol,38
45.5,D4_1-2-Propanediol,37
45.75,D4_1-2-Propanediol,36
46.0,D4_1-2-Propanediol,40
46.25,D4_1-2-Propanediol,38
46.5,D4_1-2-Propanediol,33
46.75,D4_1-2-Propanediol,37
47.0,D4_1-2-Propanediol,34
47.25,D4_1-2-Propanediol,37
47.5,D4_1-2-Propanediol,0
0.0,D5_Tween_40,11
0.25,D5_Tween_40,16
0.5,D5_Tween_40,19
0.75,D5_Tween_40,17
1.0,D5_Tween_40,14
1.25,D5_Tween_40,11
1.5,D5_Tween_40,13
1.75,D5_Tween_40,13
2.0,D5_Tween_40,11
2.25,D5_Tween_40,11
2.5,D5_Tween_40,14
2.75,D5_Tween_40,11
3.0,D5_Tween_40,11
3.25,D5_Tween_40,11
3.5,D5_Tween_40,14
3.75,D5_Tween_40,12
4.0,D5_Tween_40,11
4.25,D5_Tween_40,11
4.5,D5_Tween_40,11
4.75,D5_Tween_40,14
5.0,D5_Tween_40,11
5.25,D5_Tween_40,14
5.5,D5_Tween_40,11
5.75,D5_Tween_40,11
6.0,D5_Tween_40,11
6.25,D5_Tween_40,11
6.5,D5_Tween_40,13
6.75,D5_Tween_40,12
7.0,D5_Tween_40,12
7.25,D5_Tween_40,15
7.5,D5_Tween_40,19
7.75,D5_Tween_40,15
8.0,D5_Tween_40,18
8.25,D5_Tween_40,17
8.5,D5_Tween_40,15
8.75,D5_Tween_40,21
9.0,D5_Tween_40,21
9.25,D5_Tween_40,21
9.5,D5_Tween_40,23
9.75,D5_Tween_40,20
10.0,D5_Tween_40,24
10.25,D5_Tween_40,26
10.5,D5_Tween_40,22
10.75,D5_Tween_40,26
11.0,D5_Tween_40,30
11.25,D5_Tween_40,32
11.5,D5_Tween_40,35
11.75,D5_Tween_40,32
12.0,D5_Tween_40,35
12.25,D5_Tween_40,39
12.5,D5_Tween_40,40
12.75,D5_Tween_40,42
13.0,D5_Tween_40,41
13.25,D5_Tween_40,40
13.5,D5_Tween_40,37
13.75,D5_Tween_40,44
14.0,D5_Tween_40,43
14.25,D5_Tween_40,47
14.5,D5_Tween_40,45
14.75,D5_Tween_40,53
15.0,D5_Tween_40,51
15.25,D5_Tween_40,53
15.5,D5_Tween_40,59
15.75,D5_Tween_40,57
16.0,D5_Tween_40,61
16.25,D5_Tween_40,61
16.5,D5_Tween_40,61
16.75,D5_Tween_40,59
17.0,D5_Tween_40,65
17.25,D5_Tween_40,66
17.5,D5_Tween_40,66
17.75,D5_Tween_40,67
18.0,D5_Tween_40,72
18.25,D5_Tween_40,73
18.5,D5_Tween_40,76
18.75,D5_Tween_40,73
19.0,D5_Tween_40,78
19.25,D5_Tween_40,75
19.5,D5_Tween_40,76
19.75,D5_Tween_40,77
20.0,D5_Tween_40,76
20.25,D5_Tween_40,74
20.5,D5_Tween_40,78
20.75,D5_Tween_40,83
21.0,D5_Tween_40,81
21.25,D5_Tween_40,84
21.5,D5_Tween_40,80
21.75,D5_Tween_40,75
22.0,D5_Tween_40,87
22.25,D5_Tween_40,81
22.5,D5_Tween_40,83
22.75,D5_Tween_40,84
23.0,D5_Tween_40,83
23.25,D5_Tween_40,83
23.5,D5_Tween_40,91
23.75,D5_Tween_40,91
24.0,D5_Tween_40,88
24.25,D5_Tween_40,89
24.5,D5_Tween_40,87
24.75,D5_Tween_40,87
25.0,D5_Tween_40,86
25.25,D5_Tween_40,89
25.5,D5_Tween_40,86
25.75,D5_Tween_40,92
26.0,D5_Tween_40,90
26.25,D5_Tween_40,93
26.5,D5_Tween_40,92
26.75,D5_Tween_40,87
27.0,D5_Tween_40,91
27.25,D5_Tween_40,88
27.5,D5_Tween_40,89
27.75,D5_Tween_40,90
28.0,D5_Tween_40,94
28.25,D5_Tween_40,89
28.5,D5_Tween_40,95
28.75,D5_Tween_40,91
29.0,D5_Tween_40,93
29.25,D5_Tween_40,96
29.5,D5_Tween_40,90
29.75,D5_Tween_40,93
30.0,D5_Tween_40,91
30.25,D5_Tween_40,90
30.5,D5_Tween_40,90
30.75,D5_Tween_40,94
31.0,D5_Tween_40,89
31.25,D5_Tween_40,91
31.5,D5_Tween_40,94
31.75,D5_Tween_40,91
32.0,D5_Tween_40,95
32.25,D5_Tween_40,96
32.5,D5_Tween_40,96
32.75,D5_Tween_40,94
33.0,D5_Tween_40,97
33.25,D5_Tween_40,93
33.5,D5_Tween_40,93
33.75,D5_Tween_40,98
34.0,D5_Tween_40,93
34.25,D5_Tween_40,89
34.5,D5_Tween_40,96
34.75,D5_Tween_40,97
35.0,D5_Tween_40,95
35.25,D5_Tween_40,95
35.5,D5_Tween_40,93
35.75,D5_Tween_40,97
36.0,D5_Tween_40,92
36.25,D5_Tween_40,91
36.5,D5_Tween_40,96
36.75,D5_Tween_40,102
37.0,D5_Tween_40,93
37.25,D5_Tween_40,94
37.5,D5_Tween_40,94
37.75,D5_Tween_40,95
38.0,D5_Tween_40,92
38.25,D5_Tween_40,95
38.5,D5_Tween_40,93
38.75,D5_Tween_40,96
39.0,D5_Tween_40,95
39.25,D5_Tween_40,96
39.5,D5_Tween_40,97
39.75,D5_Tween_40,94
40.0,D5_Tween_40,97
40.25,D5_Tween_40,97
40.5,D5_Tween_40,98
40.75,D5_Tween_40,95
41.0,D5_Tween_40,95
41.25,D5_Tween_40,93
41.5,D5_Tween_40,100
41.75,D5_Tween_40,95
42.0,D5_Tween_40,95
42.25,D5_Tween_40,93
42.5,D5_Tween_40,97
42.75,D5_Tween_40,99
43.0,D5_Tween_40,101
43.25,D5_Tween_40,95
43.5,D5_Tween_40,98
43.75,D5_Tween_40,102
44.0,D5_Tween_40,95
44.25,D5_Tween_40,95
44.5,D5_Tween_40,96
44.75,D5_Tween_40,98
45.0,D5_Tween_40,100
45.25,D5_Tween_40,91
45.5,D5_Tween_40,99
45.75,D5_Tween_40,95
46.0,D5_Tween_40,96
46.25,D5_Tween_40,99
46.5,D5_Tween_40,101
46.75,D5_Tween_40,98
47.0,D5_Tween_40,97
47.25,D5_Tween_40,100
47.5,D5_Tween_40,0
0.0,D6_a-Keto-Glutaric_Acid,32
0.25,D6_a-Keto-Glutaric_Acid,17
0.5,D6_a-Keto-Glutaric_Acid,11
0.75,D6_a-Keto-Glutaric_Acid,13
1.0,D6_a-Keto-Glutaric_Acid,11
1.25,D6_a-Keto-Glutaric_Acid,11
1.5,D6_a-Keto-Glutaric_Acid,11
1.75,D6_a-Keto-Glutaric_Acid,16
2.0,D6_a-Keto-Glutaric_Acid,11
2.25,D6_a-Keto-Glutaric_Acid,11
2.5,D6_a-Keto-Glutaric_Acid,11
2.75,D6_a-Keto-Glutaric_Acid,11
3.0,D6_a-Keto-Glutaric_Acid,13
3.25,D6_a-Keto-Glutaric_Acid,11
3.5,D6_a-Keto-Glutaric_Acid,11
3.75,D6_a-Keto-Glutaric_Acid,11
4.0,D6_a-Keto-Glutaric_Acid,11
4.25,D6_a-Keto-Glutaric_Acid,13
4.5,D6_a-Keto-Glutaric_Acid,12
4.75,D6_a-Keto-Glutaric_Acid,13
5.0,D6_a-Keto-Glutaric_Acid,11
5.25,D6_a-Keto-Glutaric_Acid,11
5.5,D6_a-Keto-Glutaric_Acid,11
5.75,D6_a-Keto-Glutaric_Acid,15
6.0,D6_a-Keto-Glutaric_Acid,11
6.25,D6_a-Keto-Glutaric_Acid,14
6.5,D6_a-Keto-Glutaric_Acid,11
6.75,D6_a-Keto-Glutaric_Acid,15
7.0,D6_a-Keto-Glutaric_Acid,20
7.25,D6_a-Keto-Glutaric_Acid,23
7.5,D6_a-Keto-Glutaric_Acid,20
7.75,D6_a-Keto-Glutaric_Acid,24
8.0,D6_a-Keto-Glutaric_Acid,25
8.25,D6_a-Keto-Glutaric_Acid,20
8.5,D6_a-Keto-Glutaric_Acid,24
8.75,D6_a-Keto-Glutaric_Acid,20
9.0,D6_a-Keto-Glutaric_Acid,24
9.25,D6_a-Keto-Glutaric_Acid,22
9.5,D6_a-Keto-Glutaric_Acid,24
9.75,D6_a-Keto-Glutaric_Acid,22
10.0,D6_a-Keto-Glutaric_Acid,23
10.25,D6_a-Keto-Glutaric_Acid,24
10.5,D6_a-Keto-Glutaric_Acid,23
10.75,D6_a-Keto-Glutaric_Acid,22
11.0,D6_a-Keto-Glutaric_Acid,28
11.25,D6_a-Keto-Glutaric_Acid,26
11.5,D6_a-Keto-Glutaric_Acid,30
11.75,D6_a-Keto-Glutaric_Acid,29
12.0,D6_a-Keto-Glutaric_Acid,29
12.25,D6_a-Keto-Glutaric_Acid,27
12.5,D6_a-Keto-Glutaric_Acid,29
12.75,D6_a-Keto-Glutaric_Acid,32
13.0,D6_a-Keto-Glutaric_Acid,28
13.25,D6_a-Keto-Glutaric_Acid,30
13.5,D6_a-Keto-Glutaric_Acid,31
13.75,D6_a-Keto-Glutaric_Acid,31
14.0,D6_a-Keto-Glutaric_Acid,28
14.25,D6_a-Keto-Glutaric_Acid,30
14.5,D6_a-Keto-Glutaric_Acid,29
14.75,D6_a-Keto-Glutaric_Acid,31
15.0,D6_a-Keto-Glutaric_Acid,33
15.25,D6_a-Keto-Glutaric_Acid,33
15.5,D6_a-Keto-Glutaric_Acid,28
15.75,D6_a-Keto-Glutaric_Acid,33
16.0,D6_a-Keto-Glutaric_Acid,37
16.25,D6_a-Keto-Glutaric_Acid,35
16.5,D6_a-Keto-Glutaric_Acid,33
16.75,D6_a-Keto-Glutaric_Acid,30
17.0,D6_a-Keto-Glutaric_Acid,32
17.25,D6_a-Keto-Glutaric_Acid,37
17.5,D6_a-Keto-Glutaric_Acid,34
17.75,D6_a-Keto-Glutaric_Acid,40
18.0,D6_a-Keto-Glutaric_Acid,38
18.25,D6_a-Keto-Glutaric_Acid,37
18.5,D6_a-Keto-Glutaric_Acid,39
18.75,D6_a-Keto-Glutaric_Acid,38
19.0,D6_a-Keto-Glutaric_Acid,39
19.25,D6_a-Keto-Glutaric_Acid,39
19.5,D6_a-Keto-Glutaric_Acid,39
19.75,D6_a-Keto-Glutaric_Acid,36
20.0,D6_a-Keto-Glutaric_Acid,42
20.25,D6_a-Keto-Glutaric_Acid,39
20.5,D6_a-Keto-Glutaric_Acid,39
20.75,D6_a-Keto-Glutaric_Acid,40
21.0,D6_a-Keto-Glutaric_Acid,46
21.25,D6_a-Keto-Glutaric_Acid,40
21.5,D6_a-Keto-Glutaric_Acid,43
21.75,D6_a-Keto-Glutaric_Acid,37
22.0,D6_a-Keto-Glutaric_Acid,46
22.25,D6_a-Keto-Glutaric_Acid,42
22.5,D6_a-Keto-Glutaric_Acid,43
22.75,D6_a-Keto-Glutaric_Acid,43
23.0,D6_a-Keto-Glutaric_Acid,39
23.25,D6_a-Keto-Glutaric_Acid,43
23.5,D6_a-Keto-Glutaric_Acid,44
23.75,D6_a-Keto-Glutaric_Acid,44
24.0,D6_a-Keto-Glutaric_Acid,46
24.25,D6_a-Keto-Glutaric_Acid,42
24.5,D6_a-Keto-Glutaric_Acid,44
24.75,D6_a-Keto-Glutaric_Acid,43
25.0,D6_a-Keto-Glutaric_Acid,45
25.25,D6_a-Keto-Glutaric_Acid,46
25.5,D6_a-Keto-Glutaric_Acid,45
25.75,D6_a-Keto-Glutaric_Acid,44
26.0,D6_a-Keto-Glutaric_Acid,49
26.25,D6_a-Keto-Glutaric_Acid,48
26.5,D6_a-Keto-Glutaric_Acid,46
26.75,D6_a-Keto-Glutaric_Acid,49
27.0,D6_a-Keto-Glutaric_Acid,48
27.25,D6_a-Keto-Glutaric_Acid,46
27.5,D6_a-Keto-Glutaric_Acid,48
27.75,D6_a-Keto-Glutaric_Acid,45
28.0,D6_a-Keto-Glutaric_Acid,49
28.25,D6_a-Keto-Glutaric_Acid,45
28.5,D6_a-Keto-Glutaric_Acid,45
28.75,D6_a-Keto-Glutaric_Acid,51
29.0,D6_a-Keto-Glutaric_Acid,46
29.25,D6_a-Keto-Glutaric_Acid,47
29.5,D6_a-Keto-Glutaric_Acid,45
29.75,D6_a-Keto-Glutaric_Acid,50
30.0,D6_a-Keto-Glutaric_Acid,51
30.25,D6_a-Keto-Glutaric_Acid,51
30.5,D6_a-Keto-Glutaric_Acid,49
30.75,D6_a-Keto-Glutaric_Acid,47
31.0,D6_a-Keto-Glutaric_Acid,49
31.25,D6_a-Keto-Glutaric_Acid,49
31.5,D6_a-Keto-Glutaric_Acid,49
31.75,D6_a-Keto-Glutaric_Acid,47
32.0,D6_a-Keto-Glutaric_Acid,56
32.25,D6_a-Keto-Glutaric_Acid,50
32.5,D6_a-Keto-Glutaric_Acid,53
32.75,D6_a-Keto-Glutaric_Acid,53
33.0,D6_a-Keto-Glutaric_Acid,53
33.25,D6_a-Keto-Glutaric_Acid,54
33.5,D6_a-Keto-Glutaric_Acid,53
33.75,D6_a-Keto-Glutaric_Acid,53
34.0,D6_a-Keto-Glutaric_Acid,52
34.25,D6_a-Keto-Glutaric_Acid,54
34.5,D6_a-Keto-Glutaric_Acid,53
34.75,D6_a-Keto-Glutaric_Acid,52
35.0,D6_a-Keto-Glutaric_Acid,55
35.25,D6_a-Keto-Glutaric_Acid,51
35.5,D6_a-Keto-Glutaric_Acid,54
35.75,D6_a-Keto-Glutaric_Acid,58
36.0,D6_a-Keto-Glutaric_Acid,58
36.25,D6_a-Keto-Glutaric_Acid,55
36.5,D6_a-Keto-Glutaric_Acid,54
36.75,D6_a-Keto-Glutaric_Acid,55
37.0,D6_a-Keto-Glutaric_Acid,56
37.25,D6_a-Keto-Glutaric_Acid,52
37.5,D6_a-Keto-Glutaric_Acid,56
37.75,D6_a-Keto-Glutaric_Acid,58
38.0,D6_a-Keto-Glutaric_Acid,57
38.25,D6_a-Keto-Glutaric_Acid,57
38.5,D6_a-Keto-Glutaric_Acid,57
38.75,D6_a-Keto-Glutaric_Acid,53
39.0,D6_a-Keto-Glutaric_Acid,57
39.25,D6_a-Keto-Glutaric_Acid,56
39.5,D6_a-Keto-Glutaric_Acid,55
39.75,D6_a-Keto-Glutaric_Acid,54
40.0,D6_a-Keto-Glutaric_Acid,56
40.25,D6_a-Keto-Glutaric_Acid,57
40.5,D6_a-Keto-Glutaric_Acid,55
40.75,D6_a-Keto-Glutaric_Acid,55
41.0,D6_a-Keto-Glutaric_Acid,54
41.25,D6_a-Keto-Glutaric_Acid,58
41.5,D6_a-Keto-Glutaric_Acid,61
41.75,D6_a-Keto-Glutaric_Acid,60
42.0,D6_a-Keto-Glutaric_Acid,58
42.25,D6_a-Keto-Glutaric_Acid,59
42.5,D6_a-Keto-Glutaric_Acid,59
42.75,D6_a-Keto-Glutaric_Acid,58
43.0,D6_a-Keto-Glutaric_Acid,58
43.25,D6_a-Keto-Glutaric_Acid,58
43.5,D6_a-Keto-Glutaric_Acid,56
43.75,D6_a-Keto-Glutaric_Acid,58
44.0,D6_a-Keto-Glutaric_Acid,62
44.25,D6_a-Keto-Glutaric_Acid,57
44.5,D6_a-Keto-Glutaric_Acid,58
44.75,D6_a-Keto-Glutaric_Acid,58
45.0,D6_a-Keto-Glutaric_Acid,60
45.25,D6_a-Keto-Glutaric_Acid,56
45.5,D6_a-Keto-Glutaric_Acid,62
45.75,D6_a-Keto-Glutaric_Acid,59
46.0,D6_a-Keto-Glutaric_Acid,59
46.25,D6_a-Keto-Glutaric_Acid,57
46.5,D6_a-Keto-Glutaric_Acid,65
46.75,D6_a-Keto-Glutaric_Acid,56
47.0,D6_a-Keto-Glutaric_Acid,63
47.25,D6_a-Keto-Glutaric_Acid,62
47.5,D6_a-Keto-Glutaric_Acid,0
0.0,D7_a-Keto-Butyric_Acid,15
0.25,D7_a-Keto-Butyric_Acid,17
0.5,D7_a-Keto-Butyric_Acid,11
0.75,D7_a-Keto-Butyric_Acid,11
1.0,D7_a-Keto-Butyric_Acid,11
1.25,D7_a-Keto-Butyric_Acid,13
1.5,D7_a-Keto-Butyric_Acid,12
1.75,D7_a-Keto-Butyric_Acid,12
2.0,D7_a-Keto-Butyric_Acid,14
2.25,D7_a-Keto-Butyric_Acid,14
2.5,D7_a-Keto-Butyric_Acid,11
2.75,D7_a-Keto-Butyric_Acid,14
3.0,D7_a-Keto-Butyric_Acid,13
3.25,D7_a-Keto-Butyric_Acid,11
3.5,D7_a-Keto-Butyric_Acid,11
3.75,D7_a-Keto-Butyric_Acid,15
4.0,D7_a-Keto-Butyric_Acid,11
4.25,D7_a-Keto-Butyric_Acid,13
4.5,D7_a-Keto-Butyric_Acid,11
4.75,D7_a-Keto-Butyric_Acid,16
5.0,D7_a-Keto-Butyric_Acid,15
5.25,D7_a-Keto-Butyric_Acid,17
5.5,D7_a-Keto-Butyric_Acid,13
5.75,D7_a-Keto-Butyric_Acid,14
6.0,D7_a-Keto-Butyric_Acid,17
6.25,D7_a-Keto-Butyric_Acid,13
6.5,D7_a-Keto-Butyric_Acid,16
6.75,D7_a-Keto-Butyric_Acid,15
7.0,D7_a-Keto-Butyric_Acid,18
7.25,D7_a-Keto-Butyric_Acid,14
7.5,D7_a-Keto-Butyric_Acid,18
7.75,D7_a-Keto-Butyric_Acid,20
8.0,D7_a-Keto-Butyric_Acid,22
8.25,D7_a-Keto-Butyric_Acid,20
8.5,D7_a-Keto-Butyric_Acid,20
8.75,D7_a-Keto-Butyric_Acid,21
9.0,D7_a-Keto-Butyric_Acid,22
9.25,D7_a-Keto-Butyric_Acid,17
9.5,D7_a-Keto-Butyric_Acid,19
9.75,D7_a-Keto-Butyric_Acid,21
10.0,D7_a-Keto-Butyric_Acid,23
10.25,D7_a-Keto-Butyric_Acid,23
10.5,D7_a-Keto-Butyric_Acid,24
10.75,D7_a-Keto-Butyric_Acid,22
11.0,D7_a-Keto-Butyric_Acid,20
11.25,D7_a-Keto-Butyric_Acid,23
11.5,D7_a-Keto-Butyric_Acid,27
11.75,D7_a-Keto-Butyric_Acid,28
12.0,D7_a-Keto-Butyric_Acid,27
12.25,D7_a-Keto-Butyric_Acid,23
12.5,D7_a-Keto-Butyric_Acid,27
12.75,D7_a-Keto-Butyric_Acid,29
13.0,D7_a-Keto-Butyric_Acid,29
13.25,D7_a-Keto-Butyric_Acid,29
13.5,D7_a-Keto-Butyric_Acid,31
13.75,D7_a-Keto-Butyric_Acid,27
14.0,D7_a-Keto-Butyric_Acid,30
14.25,D7_a-Keto-Butyric_Acid,29
14.5,D7_a-Keto-Butyric_Acid,32
14.75,D7_a-Keto-Butyric_Acid,31
15.0,D7_a-Keto-Butyric_Acid,33
15.25,D7_a-Keto-Butyric_Acid,34
15.5,D7_a-Keto-Butyric_Acid,36
15.75,D7_a-Keto-Butyric_Acid,35
16.0,D7_a-Keto-Butyric_Acid,37
16.25,D7_a-Keto-Butyric_Acid,36
16.5,D7_a-Keto-Butyric_Acid,36
16.75,D7_a-Keto-Butyric_Acid,39
17.0,D7_a-Keto-Butyric_Acid,40
17.25,D7_a-Keto-Butyric_Acid,35
17.5,D7_a-Keto-Butyric_Acid,37
17.75,D7_a-Keto-Butyric_Acid,41
18.0,D7_a-Keto-Butyric_Acid,44
18.25,D7_a-Keto-Butyric_Acid,44
18.5,D7_a-Keto-Butyric_Acid,46
18.75,D7_a-Keto-Butyric_Acid,45
19.0,D7_a-Keto-Butyric_Acid,42
19.25,D7_a-Keto-Butyric_Acid,46
19.5,D7_a-Keto-Butyric_Acid,43
19.75,D7_a-Keto-Butyric_Acid,44
20.0,D7_a-Keto-Butyric_Acid,51
20.25,D7_a-Keto-Butyric_Acid,46
20.5,D7_a-Keto-Butyric_Acid,49
20.75,D7_a-Keto-Butyric_Acid,50
21.0,D7_a-Keto-Butyric_Acid,51
21.25,D7_a-Keto-Butyric_Acid,47
21.5,D7_a-Keto-Butyric_Acid,50
21.75,D7_a-Keto-Butyric_Acid,50
22.0,D7_a-Keto-Butyric_Acid,51
22.25,D7_a-Keto-Butyric_Acid,53
22.5,D7_a-Keto-Butyric_Acid,54
22.75,D7_a-Keto-Butyric_Acid,52
23.0,D7_a-Keto-Butyric_Acid,55
23.25,D7_a-Keto-Butyric_Acid,58
23.5,D7_a-Keto-Butyric_Acid,54
23.75,D7_a-Keto-Butyric_Acid,57
24.0,D7_a-Keto-Butyric_Acid,55
24.25,D7_a-Keto-Butyric_Acid,54
24.5,D7_a-Keto-Butyric_Acid,59
24.75,D7_a-Keto-Butyric_Acid,57
25.0,D7_a-Keto-Butyric_Acid,56
25.25,D7_a-Keto-Butyric_Acid,60
25.5,D7_a-Keto-Butyric_Acid,57
25.75,D7_a-Keto-Butyric_Acid,62
26.0,D7_a-Keto-Butyric_Acid,60
26.25,D7_a-Keto-Butyric_Acid,59
26.5,D7_a-Keto-Butyric_Acid,61
26.75,D7_a-Keto-Butyric_Acid,63
27.0,D7_a-Keto-Butyric_Acid,62
27.25,D7_a-Keto-Butyric_Acid,60
27.5,D7_a-Keto-Butyric_Acid,65
27.75,D7_a-Keto-Butyric_Acid,65
28.0,D7_a-Keto-Butyric_Acid,57
28.25,D7_a-Keto-Butyric_Acid,61
28.5,D7_a-Keto-Butyric_Acid,65
28.75,D7_a-Keto-Butyric_Acid,67
29.0,D7_a-Keto-Butyric_Acid,61
29.25,D7_a-Keto-Butyric_Acid,68
29.5,D7_a-Keto-Butyric_Acid,67
29.75,D7_a-Keto-Butyric_Acid,63
30.0,D7_a-Keto-Butyric_Acid,64
30.25,D7_a-Keto-Butyric_Acid,63
30.5,D7_a-Keto-Butyric_Acid,66
30.75,D7_a-Keto-Butyric_Acid,64
31.0,D7_a-Keto-Butyric_Acid,66
31.25,D7_a-Keto-Butyric_Acid,71
31.5,D7_a-Keto-Butyric_Acid,72
31.75,D7_a-Keto-Butyric_Acid,68
32.0,D7_a-Keto-Butyric_Acid,69
32.25,D7_a-Keto-Butyric_Acid,68
32.5,D7_a-Keto-Butyric_Acid,72
32.75,D7_a-Keto-Butyric_Acid,72
33.0,D7_a-Keto-Butyric_Acid,65
33.25,D7_a-Keto-Butyric_Acid,70
33.5,D7_a-Keto-Butyric_Acid,73
33.75,D7_a-Keto-Butyric_Acid,74
34.0,D7_a-Keto-Butyric_Acid,71
34.25,D7_a-Keto-Butyric_Acid,72
34.5,D7_a-Keto-Butyric_Acid,72
34.75,D7_a-Keto-Butyric_Acid,71
35.0,D7_a-Keto-Butyric_Acid,73
35.25,D7_a-Keto-Butyric_Acid,72
35.5,D7_a-Keto-Butyric_Acid,76
35.75,D7_a-Keto-Butyric_Acid,70
36.0,D7_a-Keto-Butyric_Acid,75
36.25,D7_a-Keto-Butyric_Acid,73
36.5,D7_a-Keto-Butyric_Acid,73
36.75,D7_a-Keto-Butyric_Acid,79
37.0,D7_a-Keto-Butyric_Acid,74
37.25,D7_a-Keto-Butyric_Acid,74
37.5,D7_a-Keto-Butyric_Acid,79
37.75,D7_a-Keto-Butyric_Acid,80
38.0,D7_a-Keto-Butyric_Acid,76
38.25,D7_a-Keto-Butyric_Acid,76
38.5,D7_a-Keto-Butyric_Acid,78
38.75,D7_a-Keto-Butyric_Acid,75
39.0,D7_a-Keto-Butyric_Acid,73
39.25,D7_a-Keto-Butyric_Acid,75
39.5,D7_a-Keto-Butyric_Acid,78
39.75,D7_a-Keto-Butyric_Acid,74
40.0,D7_a-Keto-Butyric_Acid,80
40.25,D7_a-Keto-Butyric_Acid,77
40.5,D7_a-Keto-Butyric_Acid,82
40.75,D7_a-Keto-Butyric_Acid,79
41.0,D7_a-Keto-Butyric_Acid,78
41.25,D7_a-Keto-Butyric_Acid,79
41.5,D7_a-Keto-Butyric_Acid,83
41.75,D7_a-Keto-Butyric_Acid,79
42.0,D7_a-Keto-Butyric_Acid,82
42.25,D7_a-Keto-Butyric_Acid,84
42.5,D7_a-Keto-Butyric_Acid,79
42.75,D7_a-Keto-Butyric_Acid,84
43.0,D7_a-Keto-Butyric_Acid,81
43.25,D7_a-Keto-Butyric_Acid,80
43.5,D7_a-Keto-Butyric_Acid,79
43.75,D7_a-Keto-Butyric_Acid,83
44.0,D7_a-Keto-Butyric_Acid,81
44.25,D7_a-Keto-Butyric_Acid,83
44.5,D7_a-Keto-Butyric_Acid,84
44.75,D7_a-Keto-Butyric_Acid,82
45.0,D7_a-Keto-Butyric_Acid,79
45.25,D7_a-Keto-Butyric_Acid,85
45.5,D7_a-Keto-Butyric_Acid,87
45.75,D7_a-Keto-Butyric_Acid,83
46.0,D7_a-Keto-Butyric_Acid,83
46.25,D7_a-Keto-Butyric_Acid,85
46.5,D7_a-Keto-Butyric_Acid,88
46.75,D7_a-Keto-Butyric_Acid,89
47.0,D7_a-Keto-Butyric_Acid,83
47.25,D7_a-Keto-Butyric_Acid,86
47.5,D7_a-Keto-Butyric_Acid,0
0.0,D8_a-Methyl-D_Galactoside,11
0.25,D8_a-Methyl-D_Galactoside,11
0.5,D8_a-Methyl-D_Galactoside,11
0.75,D8_a-Methyl-D_Galactoside,11
1.0,D8_a-Methyl-D_Galactoside,11
1.25,D8_a-Methyl-D_Galactoside,11
1.5,D8_a-Methyl-D_Galactoside,13
1.75,D8_a-Methyl-D_Galactoside,12
2.0,D8_a-Methyl-D_Galactoside,14
2.25,D8_a-Methyl-D_Galactoside,12
2.5,D8_a-Methyl-D_Galactoside,11
2.75,D8_a-Methyl-D_Galactoside,14
3.0,D8_a-Methyl-D_Galactoside,11
3.25,D8_a-Methyl-D_Galactoside,11
3.5,D8_a-Methyl-D_Galactoside,11
3.75,D8_a-Methyl-D_Galactoside,11
4.0,D8_a-Methyl-D_Galactoside,11
4.25,D8_a-Methyl-D_Galactoside,11
4.5,D8_a-Methyl-D_Galactoside,11
4.75,D8_a-Methyl-D_Galactoside,14
5.0,D8_a-Methyl-D_Galactoside,11
5.25,D8_a-Methyl-D_Galactoside,11
5.5,D8_a-Methyl-D_Galactoside,11
5.75,D8_a-Methyl-D_Galactoside,11
6.0,D8_a-Methyl-D_Galactoside,14
6.25,D8_a-Methyl-D_Galactoside,13
6.5,D8_a-Methyl-D_Galactoside,15
6.75,D8_a-Methyl-D_Galactoside,14
7.0,D8_a-Methyl-D_Galactoside,13
7.25,D8_a-Methyl-D_Galactoside,12
7.5,D8_a-Methyl-D_Galactoside,19
7.75,D8_a-Methyl-D_Galactoside,20
8.0,D8_a-Methyl-D_Galactoside,19
8.25,D8_a-Methyl-D_Galactoside,16
8.5,D8_a-Methyl-D_Galactoside,20
8.75,D8_a-Methyl-D_Galactoside,20
9.0,D8_a-Methyl-D_Galactoside,22
9.25,D8_a-Methyl-D_Galactoside,19
9.5,D8_a-Methyl-D_Galactoside,20
9.75,D8_a-Methyl-D_Galactoside,22
10.0,D8_a-Methyl-D_Galactoside,15
10.25,D8_a-Methyl-D_Galactoside,16
10.5,D8_a-Methyl-D_Galactoside,17
10.75,D8_a-Methyl-D_Galactoside,20
11.0,D8_a-Methyl-D_Galactoside,21
11.25,D8_a-Methyl-D_Galactoside,20
11.5,D8_a-Methyl-D_Galactoside,24
11.75,D8_a-Methyl-D_Galactoside,19
12.0,D8_a-Methyl-D_Galactoside,23
12.25,D8_a-Methyl-D_Galactoside,21
12.5,D8_a-Methyl-D_Galactoside,26
12.75,D8_a-Methyl-D_Galactoside,19
13.0,D8_a-Methyl-D_Galactoside,24
13.25,D8_a-Methyl-D_Galactoside,21
13.5,D8_a-Methyl-D_Galactoside,22
13.75,D8_a-Methyl-D_Galactoside,19
14.0,D8_a-Methyl-D_Galactoside,18
14.25,D8_a-Methyl-D_Galactoside,21
14.5,D8_a-Methyl-D_Galactoside,23
14.75,D8_a-Methyl-D_Galactoside,27
15.0,D8_a-Methyl-D_Galactoside,25
15.25,D8_a-Methyl-D_Galactoside,25
15.5,D8_a-Methyl-D_Galactoside,26
15.75,D8_a-Methyl-D_Galactoside,25
16.0,D8_a-Methyl-D_Galactoside,21
16.25,D8_a-Methyl-D_Galactoside,27
16.5,D8_a-Methyl-D_Galactoside,23
16.75,D8_a-Methyl-D_Galactoside,26
17.0,D8_a-Methyl-D_Galactoside,25
17.25,D8_a-Methyl-D_Galactoside,22
17.5,D8_a-Methyl-D_Galactoside,22
17.75,D8_a-Methyl-D_Galactoside,24
18.0,D8_a-Methyl-D_Galactoside,28
18.25,D8_a-Methyl-D_Galactoside,25
18.5,D8_a-Methyl-D_Galactoside,25
18.75,D8_a-Methyl-D_Galactoside,30
19.0,D8_a-Methyl-D_Galactoside,25
19.25,D8_a-Methyl-D_Galactoside,27
19.5,D8_a-Methyl-D_Galactoside,25
19.75,D8_a-Methyl-D_Galactoside,25
20.0,D8_a-Methyl-D_Galactoside,26
20.25,D8_a-Methyl-D_Galactoside,19
20.5,D8_a-Methyl-D_Galactoside,27
20.75,D8_a-Methyl-D_Galactoside,26
21.0,D8_a-Methyl-D_Galactoside,28
21.25,D8_a-Methyl-D_Galactoside,27
21.5,D8_a-Methyl-D_Galactoside,25
21.75,D8_a-Methyl-D_Galactoside,25
22.0,D8_a-Methyl-D_Galactoside,30
22.25,D8_a-Methyl-D_Galactoside,27
22.5,D8_a-Methyl-D_Galactoside,27
22.75,D8_a-Methyl-D_Galactoside,22
23.0,D8_a-Methyl-D_Galactoside,28
23.25,D8_a-Methyl-D_Galactoside,32
23.5,D8_a-Methyl-D_Galactoside,31
23.75,D8_a-Methyl-D_Galactoside,25
24.0,D8_a-Methyl-D_Galactoside,28
24.25,D8_a-Methyl-D_Galactoside,24
24.5,D8_a-Methyl-D_Galactoside,31
24.75,D8_a-Methyl-D_Galactoside,28
25.0,D8_a-Methyl-D_Galactoside,26
25.25,D8_a-Methyl-D_Galactoside,27
25.5,D8_a-Methyl-D_Galactoside,26
25.75,D8_a-Methyl-D_Galactoside,27
26.0,D8_a-Methyl-D_Galactoside,31
26.25,D8_a-Methyl-D_Galactoside,33
26.5,D8_a-Methyl-D_Galactoside,26
26.75,D8_a-Methyl-D_Galactoside,32
27.0,D8_a-Methyl-D_Galactoside,25
27.25,D8_a-Methyl-D_Galactoside,29
27.5,D8_a-Methyl-D_Galactoside,26
27.75,D8_a-Methyl-D_Galactoside,28
28.0,D8_a-Methyl-D_Galactoside,27
28.25,D8_a-Methyl-D_Galactoside,29
28.5,D8_a-Methyl-D_Galactoside,24
28.75,D8_a-Methyl-D_Galactoside,27
29.0,D8_a-Methyl-D_Galactoside,27
29.25,D8_a-Methyl-D_Galactoside,28
29.5,D8_a-Methyl-D_Galactoside,32
29.75,D8_a-Methyl-D_Galactoside,25
30.0,D8_a-Methyl-D_Galactoside,25
30.25,D8_a-Methyl-D_Galactoside,29
30.5,D8_a-Methyl-D_Galactoside,30
30.75,D8_a-Methyl-D_Galactoside,30
31.0,D8_a-Methyl-D_Galactoside,25
31.25,D8_a-Methyl-D_Galactoside,23
31.5,D8_a-Methyl-D_Galactoside,26
31.75,D8_a-Methyl-D_Galactoside,21
32.0,D8_a-Methyl-D_Galactoside,26
32.25,D8_a-Methyl-D_Galactoside,34
32.5,D8_a-Methyl-D_Galactoside,31
32.75,D8_a-Methyl-D_Galactoside,30
33.0,D8_a-Methyl-D_Galactoside,27
33.25,D8_a-Methyl-D_Galactoside,31
33.5,D8_a-Methyl-D_Galactoside,27
33.75,D8_a-Methyl-D_Galactoside,30
34.0,D8_a-Methyl-D_Galactoside,30
34.25,D8_a-Methyl-D_Galactoside,29
34.5,D8_a-Methyl-D_Galactoside,30
34.75,D8_a-Methyl-D_Galactoside,31
35.0,D8_a-Methyl-D_Galactoside,29
35.25,D8_a-Methyl-D_Galactoside,34
35.5,D8_a-Methyl-D_Galactoside,27
35.75,D8_a-Methyl-D_Galactoside,33
36.0,D8_a-Methyl-D_Galactoside,34
36.25,D8_a-Methyl-D_Galactoside,30
36.5,D8_a-Methyl-D_Galactoside,27
36.75,D8_a-Methyl-D_Galactoside,30
37.0,D8_a-Methyl-D_Galactoside,34
37.25,D8_a-Methyl-D_Galactoside,31
37.5,D8_a-Methyl-D_Galactoside,29
37.75,D8_a-Methyl-D_Galactoside,30
38.0,D8_a-Methyl-D_Galactoside,29
38.25,D8_a-Methyl-D_Galactoside,32
38.5,D8_a-Methyl-D_Galactoside,32
38.75,D8_a-Methyl-D_Galactoside,34
39.0,D8_a-Methyl-D_Galactoside,29
39.25,D8_a-Methyl-D_Galactoside,29
39.5,D8_a-Methyl-D_Galactoside,30
39.75,D8_a-Methyl-D_Galactoside,28
40.0,D8_a-Methyl-D_Galactoside,32
40.25,D8_a-Methyl-D_Galactoside,28
40.5,D8_a-Methyl-D_Galactoside,27
40.75,D8_a-Methyl-D_Galactoside,31
41.0,D8_a-Methyl-D_Galactoside,33
41.25,D8_a-Methyl-D_Galactoside,32
41.5,D8_a-Methyl-D_Galactoside,29
41.75,D8_a-Methyl-D_Galactoside,29
42.0,D8_a-Methyl-D_Galactoside,28
42.25,D8_a-Methyl-D_Galactoside,27
42.5,D8_a-Methyl-D_Galactoside,32
42.75,D8_a-Methyl-D_Galactoside,30
43.0,D8_a-Methyl-D_Galactoside,34
43.25,D8_a-Methyl-D_Galactoside,28
43.5,D8_a-Methyl-D_Galactoside,32
43.75,D8_a-Methyl-D_Galactoside,28
44.0,D8_a-Methyl-D_Galactoside,32
44.25,D8_a-Methyl-D_Galactoside,29
44.5,D8_a-Methyl-D_Galactoside,32
44.75,D8_a-Methyl-D_Galactoside,31
45.0,D8_a-Methyl-D_Galactoside,31
45.25,D8_a-Methyl-D_Galactoside,34
45.5,D8_a-Methyl-D_Galactoside,28
45.75,D8_a-Methyl-D_Galactoside,31
46.0,D8_a-Methyl-D_Galactoside,31
46.25,D8_a-Methyl-D_Galactoside,27
46.5,D8_a-Methyl-D_Galactoside,31
46.75,D8_a-Methyl-D_Galactoside,32
47.0,D8_a-Methyl-D_Galactoside,30
47.25,D8_a-Methyl-D_Galactoside,29
47.5,D8_a-Methyl-D_Galactoside,0
0.0,D9_a-D-Lactose,16
0.25,D9_a-D-Lactose,11
0.5,D9_a-D-Lactose,11
0.75,D9_a-D-Lactose,11
1.0,D9_a-D-Lactose,11
1.25,D9_a-D-Lactose,11
1.5,D9_a-D-Lactose,12
1.75,D9_a-D-Lactose,11
2.0,D9_a-D-Lactose,11
2.25,D9_a-D-Lactose,11
2.5,D9_a-D-Lactose,11
2.75,D9_a-D-Lactose,11
3.0,D9_a-D-Lactose,14
3.25,D9_a-D-Lactose,11
3.5,D9_a-D-Lactose,11
3.75,D9_a-D-Lactose,12
4.0,D9_a-D-Lactose,15
4.25,D9_a-D-Lactose,11
4.5,D9_a-D-Lactose,15
4.75,D9_a-D-Lactose,13
5.0,D9_a-D-Lactose,13
5.25,D9_a-D-Lactose,14
5.5,D9_a-D-Lactose,13
5.75,D9_a-D-Lactose,18
6.0,D9_a-D-Lactose,13
6.25,D9_a-D-Lactose,14
6.5,D9_a-D-Lactose,14
6.75,D9_a-D-Lactose,13
7.0,D9_a-D-Lactose,19
7.25,D9_a-D-Lactose,18
7.5,D9_a-D-Lactose,16
7.75,D9_a-D-Lactose,17
8.0,D9_a-D-Lactose,22
8.25,D9_a-D-Lactose,18
8.5,D9_a-D-Lactose,22
8.75,D9_a-D-Lactose,26
9.0,D9_a-D-Lactose,24
9.25,D9_a-D-Lactose,25
9.5,D9_a-D-Lactose,24
9.75,D9_a-D-Lactose,22
10.0,D9_a-D-Lactose,26
10.25,D9_a-D-Lactose,23
10.5,D9_a-D-Lactose,24
10.75,D9_a-D-Lactose,27
11.0,D9_a-D-Lactose,26
11.25,D9_a-D-Lactose,28
11.5,D9_a-D-Lactose,33
11.75,D9_a-D-Lactose,31
12.0,D9_a-D-Lactose,33
12.25,D9_a-D-Lactose,35
12.5,D9_a-D-Lactose,39
12.75,D9_a-D-Lactose,36
13.0,D9_a-D-Lactose,36
13.25,D9_a-D-Lactose,37
13.5,D9_a-D-Lactose,42
13.75,D9_a-D-Lactose,43
14.0,D9_a-D-Lactose,45
14.25,D9_a-D-Lactose,47
14.5,D9_a-D-Lactose,45
14.75,D9_a-D-Lactose,46
15.0,D9_a-D-Lactose,49
15.25,D9_a-D-Lactose,53
15.5,D9_a-D-Lactose,54
15.75,D9_a-D-Lactose,56
16.0,D9_a-D-Lactose,57
16.25,D9_a-D-Lactose,63
16.5,D9_a-D-Lactose,64
16.75,D9_a-D-Lactose,65
17.0,D9_a-D-Lactose,69
17.25,D9_a-D-Lactose,73
17.5,D9_a-D-Lactose,77
17.75,D9_a-D-Lactose,80
18.0,D9_a-D-Lactose,84
18.25,D9_a-D-Lactose,84
18.5,D9_a-D-Lactose,88
18.75,D9_a-D-Lactose,89
19.0,D9_a-D-Lactose,88
19.25,D9_a-D-Lactose,91
19.5,D9_a-D-Lactose,96
19.75,D9_a-D-Lactose,98
20.0,D9_a-D-Lactose,106
20.25,D9_a-D-Lactose,104
20.5,D9_a-D-Lactose,105
20.75,D9_a-D-Lactose,105
21.0,D9_a-D-Lactose,108
21.25,D9_a-D-Lactose,110
21.5,D9_a-D-Lactose,110
21.75,D9_a-D-Lactose,115
22.0,D9_a-D-Lactose,119
22.25,D9_a-D-Lactose,122
22.5,D9_a-D-Lactose,126
22.75,D9_a-D-Lactose,127
23.0,D9_a-D-Lactose,130
23.25,D9_a-D-Lactose,132
23.5,D9_a-D-Lactose,137
23.75,D9_a-D-Lactose,139
24.0,D9_a-D-Lactose,141
24.25,D9_a-D-Lactose,145
24.5,D9_a-D-Lactose,145
24.75,D9_a-D-Lactose,144
25.0,D9_a-D-Lactose,152
25.25,D9_a-D-Lactose,150
25.5,D9_a-D-Lactose,151
25.75,D9_a-D-Lactose,154
26.0,D9_a-D-Lactose,157
26.25,D9_a-D-Lactose,163
26.5,D9_a-D-Lactose,161
26.75,D9_a-D-Lactose,161
27.0,D9_a-D-Lactose,169
27.25,D9_a-D-Lactose,169
27.5,D9_a-D-Lactose,171
27.75,D9_a-D-Lactose,172
28.0,D9_a-D-Lactose,177
28.25,D9_a-D-Lactose,180
28.5,D9_a-D-Lactose,180
28.75,D9_a-D-Lactose,183
29.0,D9_a-D-Lactose,186
29.25,D9_a-D-Lactose,188
29.5,D9_a-D-Lactose,184
29.75,D9_a-D-Lactose,188
30.0,D9_a-D-Lactose,190
30.25,D9_a-D-Lactose,191
30.5,D9_a-D-Lactose,195
30.75,D9_a-D-Lactose,198
31.0,D9_a-D-Lactose,198
31.25,D9_a-D-Lactose,198
31.5,D9_a-D-Lactose,202
31.75,D9_a-D-Lactose,205
32.0,D9_a-D-Lactose,208
32.25,D9_a-D-Lactose,209
32.5,D9_a-D-Lactose,211
32.75,D9_a-D-Lactose,212
33.0,D9_a-D-Lactose,211
33.25,D9_a-D-Lactose,217
33.5,D9_a-D-Lactose,217
33.75,D9_a-D-Lactose,220
34.0,D9_a-D-Lactose,219
34.25,D9_a-D-Lactose,223
34.5,D9_a-D-Lactose,225
34.75,D9_a-D-Lactose,228
35.0,D9_a-D-Lactose,227
35.25,D9_a-D-Lactose,225
35.5,D9_a-D-Lactose,231
35.75,D9_a-D-Lactose,231
36.0,D9_a-D-Lactose,232
36.25,D9_a-D-Lactose,231
36.5,D9_a-D-Lactose,235
36.75,D9_a-D-Lactose,233
37.0,D9_a-D-Lactose,238
37.25,D9_a-D-Lactose,237
37.5,D9_a-D-Lactose,240
37.75,D9_a-D-Lactose,239
38.0,D9_a-D-Lactose,244
38.25,D9_a-D-Lactose,243
38.5,D9_a-D-Lactose,246
38.75,D9_a-D-Lactose,245
39.0,D9_a-D-Lactose,248
39.25,D9_a-D-Lactose,248
39.5,D9_a-D-Lactose,249
39.75,D9_a-D-Lactose,247
40.0,D9_a-D-Lactose,248
40.25,D9_a-D-Lactose,252
40.5,D9_a-D-Lactose,250
40.75,D9_a-D-Lactose,253
41.0,D9_a-D-Lactose,254
41.25,D9_a-D-Lactose,255
41.5,D9_a-D-Lactose,255
41.75,D9_a-D-Lactose,256
42.0,D9_a-D-Lactose,257
42.25,D9_a-D-Lactose,256
42.5,D9_a-D-Lactose,258
42.75,D9_a-D-Lactose,258
43.0,D9_a-D-Lactose,264
43.25,D9_a-D-Lactose,260
43.5,D9_a-D-Lactose,259
43.75,D9_a-D-Lactose,261
44.0,D9_a-D-Lactose,263
44.25,D9_a-D-Lactose,264
44.5,D9_a-D-Lactose,264
44.75,D9_a-D-Lactose,265
45.0,D9_a-D-Lactose,266
45.25,D9_a-D-Lactose,268
45.5,D9_a-D-Lactose,264
45.75,D9_a-D-Lactose,265
46.0,D9_a-D-Lactose,264
46.25,D9_a-D-Lactose,269
46.5,D9_a-D-Lactose,263
46.75,D9_a-D-Lactose,271
47.0,D9_a-D-Lactose,268
47.25,D9_a-D-Lactose,267
47.5,D9_a-D-Lactose,0
0.0,D10_Lactulose,38
0.25,D10_Lactulose,11
0.5,D10_Lactulose,11
0.75,D10_Lactulose,11
1.0,D10_Lactulose,11
1.25,D10_Lactulose,12
1.5,D10_Lactulose,11
1.75,D10_Lactulose,11
2.0,D10_Lactulose,11
2.25,D10_Lactulose,11
2.5,D10_Lactulose,11
2.75,D10_Lactulose,11
3.0,D10_Lactulose,11
3.25,D10_Lactulose,11
3.5,D10_Lactulose,11
3.75,D10_Lactulose,12
4.0,D10_Lactulose,12
4.25,D10_Lactulose,11
4.5,D10_Lactulose,11
4.75,D10_Lactulose,14
5.0,D10_Lactulose,11
5.25,D10_Lactulose,12
5.5,D10_Lactulose,14
5.75,D10_Lactulose,14
6.0,D10_Lactulose,14
6.25,D10_Lactulose,13
6.5,D10_Lactulose,15
6.75,D10_Lactulose,15
7.0,D10_Lactulose,12
7.25,D10_Lactulose,18
7.5,D10_Lactulose,15
7.75,D10_Lactulose,15
8.0,D10_Lactulose,17
8.25,D10_Lactulose,22
8.5,D10_Lactulose,21
8.75,D10_Lactulose,22
9.0,D10_Lactulose,21
9.25,D10_Lactulose,21
9.5,D10_Lactulose,21
9.75,D10_Lactulose,21
10.0,D10_Lactulose,19
10.25,D10_Lactulose,19
10.5,D10_Lactulose,24
10.75,D10_Lactulose,19
11.0,D10_Lactulose,24
11.25,D10_Lactulose,24
11.5,D10_Lactulose,28
11.75,D10_Lactulose,27
12.0,D10_Lactulose,22
12.25,D10_Lactulose,28
12.5,D10_Lactulose,25
12.75,D10_Lactulose,22
13.0,D10_Lactulose,26
13.25,D10_Lactulose,25
13.5,D10_Lactulose,24
13.75,D10_Lactulose,26
14.0,D10_Lactulose,23
14.25,D10_Lactulose,23
14.5,D10_Lactulose,26
14.75,D10_Lactulose,29
15.0,D10_Lactulose,22
15.25,D10_Lactulose,29
15.5,D10_Lactulose,29
15.75,D10_Lactulose,26
16.0,D10_Lactulose,24
16.25,D10_Lactulose,29
16.5,D10_Lactulose,30
16.75,D10_Lactulose,28
17.0,D10_Lactulose,27
17.25,D10_Lactulose,26
17.5,D10_Lactulose,23
17.75,D10_Lactulose,26
18.0,D10_Lactulose,27
18.25,D10_Lactulose,30
18.5,D10_Lactulose,30
18.75,D10_Lactulose,26
19.0,D10_Lactulose,26
19.25,D10_Lactulose,27
19.5,D10_Lactulose,26
19.75,D10_Lactulose,30
20.0,D10_Lactulose,26
20.25,D10_Lactulose,34
20.5,D10_Lactulose,30
20.75,D10_Lactulose,31
21.0,D10_Lactulose,31
21.25,D10_Lactulose,30
21.5,D10_Lactulose,30
21.75,D10_Lactulose,34
22.0,D10_Lactulose,33
22.25,D10_Lactulose,31
22.5,D10_Lactulose,28
22.75,D10_Lactulose,32
23.0,D10_Lactulose,35
23.25,D10_Lactulose,31
23.5,D10_Lactulose,33
23.75,D10_Lactulose,33
24.0,D10_Lactulose,37
24.25,D10_Lactulose,36
24.5,D10_Lactulose,35
24.75,D10_Lactulose,38
25.0,D10_Lactulose,36
25.25,D10_Lactulose,40
25.5,D10_Lactulose,36
25.75,D10_Lactulose,35
26.0,D10_Lactulose,39
26.25,D10_Lactulose,37
26.5,D10_Lactulose,38
26.75,D10_Lactulose,40
27.0,D10_Lactulose,41
27.25,D10_Lactulose,41
27.5,D10_Lactulose,38
27.75,D10_Lactulose,39
28.0,D10_Lactulose,40
28.25,D10_Lactulose,45
28.5,D10_Lactulose,39
28.75,D10_Lactulose,40
29.0,D10_Lactulose,39
29.25,D10_Lactulose,42
29.5,D10_Lactulose,43
29.75,D10_Lactulose,48
30.0,D10_Lactulose,43
30.25,D10_Lactulose,44
30.5,D10_Lactulose,46
30.75,D10_Lactulose,49
31.0,D10_Lactulose,46
31.25,D10_Lactulose,47
31.5,D10_Lactulose,48
31.75,D10_Lactulose,48
32.0,D10_Lactulose,53
32.25,D10_Lactulose,55
32.5,D10_Lactulose,54
32.75,D10_Lactulose,50
33.0,D10_Lactulose,49
33.25,D10_Lactulose,55
33.5,D10_Lactulose,56
33.75,D10_Lactulose,51
34.0,D10_Lactulose,57
34.25,D10_Lactulose,60
34.5,D10_Lactulose,64
34.75,D10_Lactulose,62
35.0,D10_Lactulose,64
35.25,D10_Lactulose,63
35.5,D10_Lactulose,61
35.75,D10_Lactulose,65
36.0,D10_Lactulose,67
36.25,D10_Lactulose,68
36.5,D10_Lactulose,66
36.75,D10_Lactulose,70
37.0,D10_Lactulose,73
37.25,D10_Lactulose,70
37.5,D10_Lactulose,71
37.75,D10_Lactulose,74
38.0,D10_Lactulose,77
38.25,D10_Lactulose,79
38.5,D10_Lactulose,83
38.75,D10_Lactulose,78
39.0,D10_Lactulose,82
39.25,D10_Lactulose,85
39.5,D10_Lactulose,91
39.75,D10_Lactulose,86
40.0,D10_Lactulose,86
40.25,D10_Lactulose,89
40.5,D10_Lactulose,90
40.75,D10_Lactulose,89
41.0,D10_Lactulose,98
41.25,D10_Lactulose,99
41.5,D10_Lactulose,98
41.75,D10_Lactulose,104
42.0,D10_Lactulose,101
42.25,D10_Lactulose,108
42.5,D10_Lactulose,107
42.75,D10_Lactulose,110
43.0,D10_Lactulose,112
43.25,D10_Lactulose,111
43.5,D10_Lactulose,113
43.75,D10_Lactulose,114
44.0,D10_Lactulose,119
44.25,D10_Lactulose,115
44.5,D10_Lactulose,120
44.75,D10_Lactulose,125
45.0,D10_Lactulose,128
45.25,D10_Lactulose,130
45.5,D10_Lactulose,126
45.75,D10_Lactulose,131
46.0,D10_Lactulose,138
46.25,D10_Lactulose,140
46.5,D10_Lactulose,142
46.75,D10_Lactulose,150
47.0,D10_Lactulose,147
47.25,D10_Lactulose,153
47.5,D10_Lactulose,0
0.0,D11_Sucrose,16
0.25,D11_Sucrose,11
0.5,D11_Sucrose,12
0.75,D11_Sucrose,15
1.0,D11_Sucrose,11
1.25,D11_Sucrose,16
1.5,D11_Sucrose,17
1.75,D11_Sucrose,13
2.0,D11_Sucrose,13
2.25,D11_Sucrose,11
2.5,D11_Sucrose,13
2.75,D11_Sucrose,14
3.0,D11_Sucrose,16
3.25,D11_Sucrose,12
3.5,D11_Sucrose,15
3.75,D11_Sucrose,16
4.0,D11_Sucrose,16
4.25,D11_Sucrose,18
4.5,D11_Sucrose,17
4.75,D11_Sucrose,16
5.0,D11_Sucrose,16
5.25,D11_Sucrose,17
5.5,D11_Sucrose,14
5.75,D11_Sucrose,18
6.0,D11_Sucrose,17
6.25,D11_Sucrose,14
6.5,D11_Sucrose,16
6.75,D11_Sucrose,20
7.0,D11_Sucrose,25
7.25,D11_Sucrose,19
7.5,D11_Sucrose,17
7.75,D11_Sucrose,25
8.0,D11_Sucrose,23
8.25,D11_Sucrose,22
8.5,D11_Sucrose,22
8.75,D11_Sucrose,27
9.0,D11_Sucrose,25
9.25,D11_Sucrose,23
9.5,D11_Sucrose,23
9.75,D11_Sucrose,25
10.0,D11_Sucrose,20
10.25,D11_Sucrose,20
10.5,D11_Sucrose,23
10.75,D11_Sucrose,24
11.0,D11_Sucrose,23
11.25,D11_Sucrose,28
11.5,D11_Sucrose,27
11.75,D11_Sucrose,22
12.0,D11_Sucrose,24
12.25,D11_Sucrose,25
12.5,D11_Sucrose,23
12.75,D11_Sucrose,28
13.0,D11_Sucrose,26
13.25,D11_Sucrose,24
13.5,D11_Sucrose,23
13.75,D11_Sucrose,22
14.0,D11_Sucrose,24
14.25,D11_Sucrose,21
14.5,D11_Sucrose,22
14.75,D11_Sucrose,24
15.0,D11_Sucrose,25
15.25,D11_Sucrose,29
15.5,D11_Sucrose,29
15.75,D11_Sucrose,22
16.0,D11_Sucrose,27
16.25,D11_Sucrose,23
16.5,D11_Sucrose,31
16.75,D11_Sucrose,25
17.0,D11_Sucrose,29
17.25,D11_Sucrose,27
17.5,D11_Sucrose,28
17.75,D11_Sucrose,30
18.0,D11_Sucrose,29
18.25,D11_Sucrose,29
18.5,D11_Sucrose,33
18.75,D11_Sucrose,30
19.0,D11_Sucrose,30
19.25,D11_Sucrose,29
19.5,D11_Sucrose,24
19.75,D11_Sucrose,30
20.0,D11_Sucrose,30
20.25,D11_Sucrose,29
20.5,D11_Sucrose,28
20.75,D11_Sucrose,28
21.0,D11_Sucrose,28
21.25,D11_Sucrose,29
21.5,D11_Sucrose,24
21.75,D11_Sucrose,30
22.0,D11_Sucrose,29
22.25,D11_Sucrose,28
22.5,D11_Sucrose,29
22.75,D11_Sucrose,31
23.0,D11_Sucrose,32
23.25,D11_Sucrose,32
23.5,D11_Sucrose,31
23.75,D11_Sucrose,31
24.0,D11_Sucrose,34
24.25,D11_Sucrose,30
24.5,D11_Sucrose,30
24.75,D11_Sucrose,31
25.0,D11_Sucrose,29
25.25,D11_Sucrose,32
25.5,D11_Sucrose,30
25.75,D11_Sucrose,32
26.0,D11_Sucrose,31
26.25,D11_Sucrose,31
26.5,D11_Sucrose,33
26.75,D11_Sucrose,34
27.0,D11_Sucrose,33
27.25,D11_Sucrose,33
27.5,D11_Sucrose,30
27.75,D11_Sucrose,35
28.0,D11_Sucrose,37
28.25,D11_Sucrose,31
28.5,D11_Sucrose,30
28.75,D11_Sucrose,35
29.0,D11_Sucrose,34
29.25,D11_Sucrose,32
29.5,D11_Sucrose,35
29.75,D11_Sucrose,35
30.0,D11_Sucrose,33
30.25,D11_Sucrose,33
30.5,D11_Sucrose,34
30.75,D11_Sucrose,34
31.0,D11_Sucrose,32
31.25,D11_Sucrose,29
31.5,D11_Sucrose,33
31.75,D11_Sucrose,30
32.0,D11_Sucrose,37
32.25,D11_Sucrose,38
32.5,D11_Sucrose,39
32.75,D11_Sucrose,37
33.0,D11_Sucrose,36
33.25,D11_Sucrose,40
33.5,D11_Sucrose,37
33.75,D11_Sucrose,42
34.0,D11_Sucrose,35
34.25,D11_Sucrose,32
34.5,D11_Sucrose,38
34.75,D11_Sucrose,40
35.0,D11_Sucrose,35
35.25,D11_Sucrose,33
35.5,D11_Sucrose,40
35.75,D11_Sucrose,44
36.0,D11_Sucrose,42
36.25,D11_Sucrose,40
36.5,D11_Sucrose,36
36.75,D11_Sucrose,41
37.0,D11_Sucrose,41
37.25,D11_Sucrose,37
37.5,D11_Sucrose,37
37.75,D11_Sucrose,43
38.0,D11_Sucrose,37
38.25,D11_Sucrose,41
38.5,D11_Sucrose,37
38.75,D11_Sucrose,37
39.0,D11_Sucrose,36
39.25,D11_Sucrose,41
39.5,D11_Sucrose,41
39.75,D11_Sucrose,38
40.0,D11_Sucrose,40
40.25,D11_Sucrose,41
40.5,D11_Sucrose,39
40.75,D11_Sucrose,34
41.0,D11_Sucrose,43
41.25,D11_Sucrose,43
41.5,D11_Sucrose,39
41.75,D11_Sucrose,38
42.0,D11_Sucrose,39
42.25,D11_Sucrose,36
42.5,D11_Sucrose,39
42.75,D11_Sucrose,36
43.0,D11_Sucrose,41
43.25,D11_Sucrose,34
43.5,D11_Sucrose,36
43.75,D11_Sucrose,36
44.0,D11_Sucrose,41
44.25,D11_Sucrose,35
44.5,D11_Sucrose,41
44.75,D11_Sucrose,39
45.0,D11_Sucrose,38
45.25,D11_Sucrose,38
45.5,D11_Sucrose,32
45.75,D11_Sucrose,42
46.0,D11_Sucrose,39
46.25,D11_Sucrose,39
46.5,D11_Sucrose,41
46.75,D11_Sucrose,37
47.0,D11_Sucrose,36
47.25,D11_Sucrose,38
47.5,D11_Sucrose,0
0.0,D12_Uridine,18
0.25,D12_Uridine,20
0.5,D12_Uridine,22
0.75,D12_Uridine,26
1.0,D12_Uridine,19
1.25,D12_Uridine,21
1.5,D12_Uridine,20
1.75,D12_Uridine,22
2.0,D12_Uridine,23
2.25,D12_Uridine,21
2.5,D12_Uridine,23
2.75,D12_Uridine,22
3.0,D12_Uridine,24
3.25,D12_Uridine,23
3.5,D12_Uridine,24
3.75,D12_Uridine,23
4.0,D12_Uridine,21
4.25,D12_Uridine,25
4.5,D12_Uridine,19
4.75,D12_Uridine,27
5.0,D12_Uridine,27
5.25,D12_Uridine,26
5.5,D12_Uridine,23
5.75,D12_Uridine,27
6.0,D12_Uridine,23
6.25,D12_Uridine,24
6.5,D12_Uridine,25
6.75,D12_Uridine,25
7.0,D12_Uridine,29
7.25,D12_Uridine,24
7.5,D12_Uridine,28
7.75,D12_Uridine,29
8.0,D12_Uridine,33
8.25,D12_Uridine,32
8.5,D12_Uridine,32
8.75,D12_Uridine,29
9.0,D12_Uridine,33
9.25,D12_Uridine,32
9.5,D12_Uridine,31
9.75,D12_Uridine,33
10.0,D12_Uridine,35
10.25,D12_Uridine,33
10.5,D12_Uridine,36
10.75,D12_Uridine,32
11.0,D12_Uridine,34
11.25,D12_Uridine,39
11.5,D12_Uridine,35
11.75,D12_Uridine,35
12.0,D12_Uridine,36
12.25,D12_Uridine,37
12.5,D12_Uridine,35
12.75,D12_Uridine,36
13.0,D12_Uridine,34
13.25,D12_Uridine,36
13.5,D12_Uridine,36
13.75,D12_Uridine,35
14.0,D12_Uridine,34
14.25,D12_Uridine,33
14.5,D12_Uridine,38
14.75,D12_Uridine,37
15.0,D12_Uridine,39
15.25,D12_Uridine,39
15.5,D12_Uridine,38
15.75,D12_Uridine,39
16.0,D12_Uridine,38
16.25,D12_Uridine,36
16.5,D12_Uridine,41
16.75,D12_Uridine,37
17.0,D12_Uridine,38
17.25,D12_Uridine,39
17.5,D12_Uridine,38
17.75,D12_Uridine,39
18.0,D12_Uridine,38
18.25,D12_Uridine,41
18.5,D12_Uridine,41
18.75,D12_Uridine,44
19.0,D12_Uridine,41
19.25,D12_Uridine,42
19.5,D12_Uridine,40
19.75,D12_Uridine,42
20.0,D12_Uridine,41
20.25,D12_Uridine,40
20.5,D12_Uridine,38
20.75,D12_Uridine,42
21.0,D12_Uridine,43
21.25,D12_Uridine,40
21.5,D12_Uridine,43
21.75,D12_Uridine,40
22.0,D12_Uridine,44
22.25,D12_Uridine,44
22.5,D12_Uridine,42
22.75,D12_Uridine,40
23.0,D12_Uridine,43
23.25,D12_Uridine,42
23.5,D12_Uridine,46
23.75,D12_Uridine,45
24.0,D12_Uridine,44
24.25,D12_Uridine,46
24.5,D12_Uridine,42
24.75,D12_Uridine,45
25.0,D12_Uridine,44
25.25,D12_Uridine,46
25.5,D12_Uridine,46
25.75,D12_Uridine,46
26.0,D12_Uridine,46
26.25,D12_Uridine,46
26.5,D12_Uridine,45
26.75,D12_Uridine,48
27.0,D12_Uridine,46
27.25,D12_Uridine,43
27.5,D12_Uridine,46
27.75,D12_Uridine,43
28.0,D12_Uridine,46
28.25,D12_Uridine,43
28.5,D12_Uridine,45
28.75,D12_Uridine,46
29.0,D12_Uridine,48
29.25,D12_Uridine,44
29.5,D12_Uridine,44
29.75,D12_Uridine,45
30.0,D12_Uridine,50
30.25,D12_Uridine,47
30.5,D12_Uridine,46
30.75,D12_Uridine,43
31.0,D12_Uridine,46
31.25,D12_Uridine,46
31.5,D12_Uridine,50
31.75,D12_Uridine,48
32.0,D12_Uridine,51
32.25,D12_Uridine,45
32.5,D12_Uridine,50
32.75,D12_Uridine,48
33.0,D12_Uridine,49
33.25,D12_Uridine,48
33.5,D12_Uridine,50
33.75,D12_Uridine,52
34.0,D12_Uridine,49
34.25,D12_Uridine,52
34.5,D12_Uridine,50
34.75,D12_Uridine,52
35.0,D12_Uridine,50
35.25,D12_Uridine,51
35.5,D12_Uridine,51
35.75,D12_Uridine,53
36.0,D12_Uridine,53
36.25,D12_Uridine,46
36.5,D12_Uridine,51
36.75,D12_Uridine,51
37.0,D12_Uridine,54
37.25,D12_Uridine,48
37.5,D12_Uridine,46
37.75,D12_Uridine,54
38.0,D12_Uridine,51
38.25,D12_Uridine,52
38.5,D12_Uridine,52
38.75,D12_Uridine,55
39.0,D12_Uridine,51
39.25,D12_Uridine,49
39.5,D12_Uridine,53
39.75,D12_Uridine,49
40.0,D12_Uridine,53
40.25,D12_Uridine,52
40.5,D12_Uridine,55
40.75,D12_Uridine,56
41.0,D12_Uridine,56
41.25,D12_Uridine,52
41.5,D12_Uridine,49
41.75,D12_Uridine,49
42.0,D12_Uridine,51
42.25,D12_Uridine,51
42.5,D12_Uridine,51
42.75,D12_Uridine,56
43.0,D12_Uridine,51
43.25,D12_Uridine,55
43.5,D12_Uridine,54
43.75,D12_Uridine,52
44.0,D12_Uridine,54
44.25,D12_Uridine,55
44.5,D12_Uridine,57
44.75,D12_Uridine,54
45.0,D12_Uridine,53
45.25,D12_Uridine,55
45.5,D12_Uridine,55
45.75,D12_Uridine,57
46.0,D12_Uridine,55
46.25,D12_Uridine,54
46.5,D12_Uridine,56
46.75,D12_Uridine,56
47.0,D12_Uridine,57
47.25,D12_Uridine,55
47.5,D12_Uridine,0
0.0,E1_L-Glutamine,22
0.25,E1_L-Glutamine,27
0.5,E1_L-Glutamine,20
0.75,E1_L-Glutamine,22
1.0,E1_L-Glutamine,20
1.25,E1_L-Glutamine,24
1.5,E1_L-Glutamine,19
1.75,E1_L-Glutamine,26
2.0,E1_L-Glutamine,20
2.25,E1_L-Glutamine,20
2.5,E1_L-Glutamine,18
2.75,E1_L-Glutamine,23
3.0,E1_L-Glutamine,16
3.25,E1_L-Glutamine,20
3.5,E1_L-Glutamine,18
3.75,E1_L-Glutamine,22
4.0,E1_L-Glutamine,22
4.25,E1_L-Glutamine,21
4.5,E1_L-Glutamine,21
4.75,E1_L-Glutamine,26
5.0,E1_L-Glutamine,22
5.25,E1_L-Glutamine,26
5.5,E1_L-Glutamine,22
5.75,E1_L-Glutamine,24
6.0,E1_L-Glutamine,22
6.25,E1_L-Glutamine,23
6.5,E1_L-Glutamine,25
6.75,E1_L-Glutamine,23
7.0,E1_L-Glutamine,28
7.25,E1_L-Glutamine,27
7.5,E1_L-Glutamine,29
7.75,E1_L-Glutamine,31
8.0,E1_L-Glutamine,29
8.25,E1_L-Glutamine,31
8.5,E1_L-Glutamine,34
8.75,E1_L-Glutamine,35
9.0,E1_L-Glutamine,35
9.25,E1_L-Glutamine,34
9.5,E1_L-Glutamine,38
9.75,E1_L-Glutamine,42
10.0,E1_L-Glutamine,38
10.25,E1_L-Glutamine,39
10.5,E1_L-Glutamine,41
10.75,E1_L-Glutamine,36
11.0,E1_L-Glutamine,45
11.25,E1_L-Glutamine,45
11.5,E1_L-Glutamine,46
11.75,E1_L-Glutamine,47
12.0,E1_L-Glutamine,45
12.25,E1_L-Glutamine,52
12.5,E1_L-Glutamine,48
12.75,E1_L-Glutamine,46
13.0,E1_L-Glutamine,49
13.25,E1_L-Glutamine,46
13.5,E1_L-Glutamine,48
13.75,E1_L-Glutamine,55
14.0,E1_L-Glutamine,57
14.25,E1_L-Glutamine,60
14.5,E1_L-Glutamine,59
14.75,E1_L-Glutamine,59
15.0,E1_L-Glutamine,59
15.25,E1_L-Glutamine,63
15.5,E1_L-Glutamine,68
15.75,E1_L-Glutamine,67
16.0,E1_L-Glutamine,70
16.25,E1_L-Glutamine,74
16.5,E1_L-Glutamine,74
16.75,E1_L-Glutamine,72
17.0,E1_L-Glutamine,75
17.25,E1_L-Glutamine,74
17.5,E1_L-Glutamine,72
17.75,E1_L-Glutamine,79
18.0,E1_L-Glutamine,81
18.25,E1_L-Glutamine,87
18.5,E1_L-Glutamine,91
18.75,E1_L-Glutamine,90
19.0,E1_L-Glutamine,93
19.25,E1_L-Glutamine,90
19.5,E1_L-Glutamine,99
19.75,E1_L-Glutamine,99
20.0,E1_L-Glutamine,95
20.25,E1_L-Glutamine,107
20.5,E1_L-Glutamine,105
20.75,E1_L-Glutamine,108
21.0,E1_L-Glutamine,111
21.25,E1_L-Glutamine,112
21.5,E1_L-Glutamine,114
21.75,E1_L-Glutamine,118
22.0,E1_L-Glutamine,117
22.25,E1_L-Glutamine,118
22.5,E1_L-Glutamine,122
22.75,E1_L-Glutamine,120
23.0,E1_L-Glutamine,122
23.25,E1_L-Glutamine,124
23.5,E1_L-Glutamine,127
23.75,E1_L-Glutamine,129
24.0,E1_L-Glutamine,131
24.25,E1_L-Glutamine,131
24.5,E1_L-Glutamine,132
24.75,E1_L-Glutamine,138
25.0,E1_L-Glutamine,141
25.25,E1_L-Glutamine,140
25.5,E1_L-Glutamine,138
25.75,E1_L-Glutamine,148
26.0,E1_L-Glutamine,146
26.25,E1_L-Glutamine,148
26.5,E1_L-Glutamine,145
26.75,E1_L-Glutamine,145
27.0,E1_L-Glutamine,152
27.25,E1_L-Glutamine,147
27.5,E1_L-Glutamine,152
27.75,E1_L-Glutamine,154
28.0,E1_L-Glutamine,155
28.25,E1_L-Glutamine,159
28.5,E1_L-Glutamine,158
28.75,E1_L-Glutamine,160
29.0,E1_L-Glutamine,164
29.25,E1_L-Glutamine,163
29.5,E1_L-Glutamine,168
29.75,E1_L-Glutamine,171
30.0,E1_L-Glutamine,170
30.25,E1_L-Glutamine,170
30.5,E1_L-Glutamine,171
30.75,E1_L-Glutamine,165
31.0,E1_L-Glutamine,172
31.25,E1_L-Glutamine,171
31.5,E1_L-Glutamine,178
31.75,E1_L-Glutamine,175
32.0,E1_L-Glutamine,181
32.25,E1_L-Glutamine,181
32.5,E1_L-Glutamine,180
32.75,E1_L-Glutamine,184
33.0,E1_L-Glutamine,188
33.25,E1_L-Glutamine,179
33.5,E1_L-Glutamine,183
33.75,E1_L-Glutamine,195
34.0,E1_L-Glutamine,195
34.25,E1_L-Glutamine,195
34.5,E1_L-Glutamine,189
34.75,E1_L-Glutamine,199
35.0,E1_L-Glutamine,191
35.25,E1_L-Glutamine,197
35.5,E1_L-Glutamine,203
35.75,E1_L-Glutamine,201
36.0,E1_L-Glutamine,206
36.25,E1_L-Glutamine,202
36.5,E1_L-Glutamine,206
36.75,E1_L-Glutamine,208
37.0,E1_L-Glutamine,200
37.25,E1_L-Glutamine,204
37.5,E1_L-Glutamine,202
37.75,E1_L-Glutamine,214
38.0,E1_L-Glutamine,207
38.25,E1_L-Glutamine,215
38.5,E1_L-Glutamine,217
38.75,E1_L-Glutamine,220
39.0,E1_L-Glutamine,210
39.25,E1_L-Glutamine,209
39.5,E1_L-Glutamine,218
39.75,E1_L-Glutamine,210
40.0,E1_L-Glutamine,221
40.25,E1_L-Glutamine,218
40.5,E1_L-Glutamine,220
40.75,E1_L-Glutamine,219
41.0,E1_L-Glutamine,223
41.25,E1_L-Glutamine,220
41.5,E1_L-Glutamine,213
41.75,E1_L-Glutamine,213
42.0,E1_L-Glutamine,219
42.25,E1_L-Glutamine,220
42.5,E1_L-Glutamine,214
42.75,E1_L-Glutamine,220
43.0,E1_L-Glutamine,210
43.25,E1_L-Glutamine,217
43.5,E1_L-Glutamine,219
43.75,E1_L-Glutamine,221
44.0,E1_L-Glutamine,209
44.25,E1_L-Glutamine,215
44.5,E1_L-Glutamine,223
44.75,E1_L-Glutamine,220
45.0,E1_L-Glutamine,211
45.25,E1_L-Glutamine,212
45.5,E1_L-Glutamine,218
45.75,E1_L-Glutamine,216
46.0,E1_L-Glutamine,210
46.25,E1_L-Glutamine,210
46.5,E1_L-Glutamine,216
46.75,E1_L-Glutamine,209
47.0,E1_L-Glutamine,209
47.25,E1_L-Glutamine,206
47.5,E1_L-Glutamine,0
0.0,E2_m-Tartaric_Acid,41
0.25,E2_m-Tartaric_Acid,28
0.5,E2_m-Tartaric_Acid,26
0.75,E2_m-Tartaric_Acid,15
1.0,E2_m-Tartaric_Acid,13
1.25,E2_m-Tartaric_Acid,16
1.5,E2_m-Tartaric_Acid,18
1.75,E2_m-Tartaric_Acid,15
2.0,E2_m-Tartaric_Acid,16
2.25,E2_m-Tartaric_Acid,19
2.5,E2_m-Tartaric_Acid,18
2.75,E2_m-Tartaric_Acid,15
3.0,E2_m-Tartaric_Acid,17
3.25,E2_m-Tartaric_Acid,17
3.5,E2_m-Tartaric_Acid,13
3.75,E2_m-Tartaric_Acid,11
4.0,E2_m-Tartaric_Acid,17
4.25,E2_m-Tartaric_Acid,20
4.5,E2_m-Tartaric_Acid,18
4.75,E2_m-Tartaric_Acid,18
5.0,E2_m-Tartaric_Acid,19
5.25,E2_m-Tartaric_Acid,20
5.5,E2_m-Tartaric_Acid,12
5.75,E2_m-Tartaric_Acid,18
6.0,E2_m-Tartaric_Acid,12
6.25,E2_m-Tartaric_Acid,11
6.5,E2_m-Tartaric_Acid,14
6.75,E2_m-Tartaric_Acid,15
7.0,E2_m-Tartaric_Acid,15
7.25,E2_m-Tartaric_Acid,14
7.5,E2_m-Tartaric_Acid,19
7.75,E2_m-Tartaric_Acid,17
8.0,E2_m-Tartaric_Acid,16
8.25,E2_m-Tartaric_Acid,13
8.5,E2_m-Tartaric_Acid,15
8.75,E2_m-Tartaric_Acid,16
9.0,E2_m-Tartaric_Acid,20
9.25,E2_m-Tartaric_Acid,16
9.5,E2_m-Tartaric_Acid,17
9.75,E2_m-Tartaric_Acid,15
10.0,E2_m-Tartaric_Acid,17
10.25,E2_m-Tartaric_Acid,14
10.5,E2_m-Tartaric_Acid,18
10.75,E2_m-Tartaric_Acid,21
11.0,E2_m-Tartaric_Acid,16
11.25,E2_m-Tartaric_Acid,19
11.5,E2_m-Tartaric_Acid,16
11.75,E2_m-Tartaric_Acid,21
12.0,E2_m-Tartaric_Acid,21
12.25,E2_m-Tartaric_Acid,17
12.5,E2_m-Tartaric_Acid,21
12.75,E2_m-Tartaric_Acid,23
13.0,E2_m-Tartaric_Acid,19
13.25,E2_m-Tartaric_Acid,22
13.5,E2_m-Tartaric_Acid,19
13.75,E2_m-Tartaric_Acid,19
14.0,E2_m-Tartaric_Acid,19
14.25,E2_m-Tartaric_Acid,23
14.5,E2_m-Tartaric_Acid,20
14.75,E2_m-Tartaric_Acid,22
15.0,E2_m-Tartaric_Acid,24
15.25,E2_m-Tartaric_Acid,24
15.5,E2_m-Tartaric_Acid,24
15.75,E2_m-Tartaric_Acid,23
16.0,E2_m-Tartaric_Acid,22
16.25,E2_m-Tartaric_Acid,22
16.5,E2_m-Tartaric_Acid,18
16.75,E2_m-Tartaric_Acid,21
17.0,E2_m-Tartaric_Acid,24
17.25,E2_m-Tartaric_Acid,22
17.5,E2_m-Tartaric_Acid,21
17.75,E2_m-Tartaric_Acid,26
18.0,E2_m-Tartaric_Acid,27
18.25,E2_m-Tartaric_Acid,26
18.5,E2_m-Tartaric_Acid,27
18.75,E2_m-Tartaric_Acid,25
19.0,E2_m-Tartaric_Acid,26
19.25,E2_m-Tartaric_Acid,21
19.5,E2_m-Tartaric_Acid,26
19.75,E2_m-Tartaric_Acid,25
20.0,E2_m-Tartaric_Acid,31
20.25,E2_m-Tartaric_Acid,24
20.5,E2_m-Tartaric_Acid,27
20.75,E2_m-Tartaric_Acid,28
21.0,E2_m-Tartaric_Acid,27
21.25,E2_m-Tartaric_Acid,28
21.5,E2_m-Tartaric_Acid,27
21.75,E2_m-Tartaric_Acid,23
22.0,E2_m-Tartaric_Acid,26
22.25,E2_m-Tartaric_Acid,27
22.5,E2_m-Tartaric_Acid,27
22.75,E2_m-Tartaric_Acid,26
23.0,E2_m-Tartaric_Acid,23
23.25,E2_m-Tartaric_Acid,29
23.5,E2_m-Tartaric_Acid,27
23.75,E2_m-Tartaric_Acid,29
24.0,E2_m-Tartaric_Acid,35
24.25,E2_m-Tartaric_Acid,31
24.5,E2_m-Tartaric_Acid,26
24.75,E2_m-Tartaric_Acid,27
25.0,E2_m-Tartaric_Acid,32
25.25,E2_m-Tartaric_Acid,32
25.5,E2_m-Tartaric_Acid,25
25.75,E2_m-Tartaric_Acid,27
26.0,E2_m-Tartaric_Acid,26
26.25,E2_m-Tartaric_Acid,28
26.5,E2_m-Tartaric_Acid,29
26.75,E2_m-Tartaric_Acid,31
27.0,E2_m-Tartaric_Acid,28
27.25,E2_m-Tartaric_Acid,29
27.5,E2_m-Tartaric_Acid,28
27.75,E2_m-Tartaric_Acid,31
28.0,E2_m-Tartaric_Acid,31
28.25,E2_m-Tartaric_Acid,27
28.5,E2_m-Tartaric_Acid,28
28.75,E2_m-Tartaric_Acid,27
29.0,E2_m-Tartaric_Acid,28
29.25,E2_m-Tartaric_Acid,26
29.5,E2_m-Tartaric_Acid,29
29.75,E2_m-Tartaric_Acid,29
30.0,E2_m-Tartaric_Acid,28
30.25,E2_m-Tartaric_Acid,32
30.5,E2_m-Tartaric_Acid,29
30.75,E2_m-Tartaric_Acid,29
31.0,E2_m-Tartaric_Acid,29
31.25,E2_m-Tartaric_Acid,30
31.5,E2_m-Tartaric_Acid,31
31.75,E2_m-Tartaric_Acid,28
32.0,E2_m-Tartaric_Acid,26
32.25,E2_m-Tartaric_Acid,29
32.5,E2_m-Tartaric_Acid,30
32.75,E2_m-Tartaric_Acid,30
33.0,E2_m-Tartaric_Acid,30
33.25,E2_m-Tartaric_Acid,33
33.5,E2_m-Tartaric_Acid,35
33.75,E2_m-Tartaric_Acid,33
34.0,E2_m-Tartaric_Acid,30
34.25,E2_m-Tartaric_Acid,31
34.5,E2_m-Tartaric_Acid,28
34.75,E2_m-Tartaric_Acid,31
35.0,E2_m-Tartaric_Acid,28
35.25,E2_m-Tartaric_Acid,26
35.5,E2_m-Tartaric_Acid,31
35.75,E2_m-Tartaric_Acid,32
36.0,E2_m-Tartaric_Acid,33
36.25,E2_m-Tartaric_Acid,28
36.5,E2_m-Tartaric_Acid,32
36.75,E2_m-Tartaric_Acid,33
37.0,E2_m-Tartaric_Acid,29
37.25,E2_m-Tartaric_Acid,30
37.5,E2_m-Tartaric_Acid,29
37.75,E2_m-Tartaric_Acid,30
38.0,E2_m-Tartaric_Acid,32
38.25,E2_m-Tartaric_Acid,30
38.5,E2_m-Tartaric_Acid,32
38.75,E2_m-Tartaric_Acid,29
39.0,E2_m-Tartaric_Acid,25
39.25,E2_m-Tartaric_Acid,28
39.5,E2_m-Tartaric_Acid,27
39.75,E2_m-Tartaric_Acid,34
40.0,E2_m-Tartaric_Acid,29
40.25,E2_m-Tartaric_Acid,34
40.5,E2_m-Tartaric_Acid,34
40.75,E2_m-Tartaric_Acid,31
41.0,E2_m-Tartaric_Acid,33
41.25,E2_m-Tartaric_Acid,31
41.5,E2_m-Tartaric_Acid,31
41.75,E2_m-Tartaric_Acid,28
42.0,E2_m-Tartaric_Acid,32
42.25,E2_m-Tartaric_Acid,29
42.5,E2_m-Tartaric_Acid,29
42.75,E2_m-Tartaric_Acid,33
43.0,E2_m-Tartaric_Acid,34
43.25,E2_m-Tartaric_Acid,31
43.5,E2_m-Tartaric_Acid,30
43.75,E2_m-Tartaric_Acid,30
44.0,E2_m-Tartaric_Acid,29
44.25,E2_m-Tartaric_Acid,28
44.5,E2_m-Tartaric_Acid,30
44.75,E2_m-Tartaric_Acid,31
45.0,E2_m-Tartaric_Acid,31
45.25,E2_m-Tartaric_Acid,30
45.5,E2_m-Tartaric_Acid,31
45.75,E2_m-Tartaric_Acid,31
46.0,E2_m-Tartaric_Acid,32
46.25,E2_m-Tartaric_Acid,31
46.5,E2_m-Tartaric_Acid,33
46.75,E2_m-Tartaric_Acid,29
47.0,E2_m-Tartaric_Acid,34
47.25,E2_m-Tartaric_Acid,28
47.5,E2_m-Tartaric_Acid,0
0.0,E3_D-Glucose-1-Phosphate,22
0.25,E3_D-Glucose-1-Phosphate,11
0.5,E3_D-Glucose-1-Phosphate,19
0.75,E3_D-Glucose-1-Phosphate,11
1.0,E3_D-Glucose-1-Phosphate,14
1.25,E3_D-Glucose-1-Phosphate,13
1.5,E3_D-Glucose-1-Phosphate,15
1.75,E3_D-Glucose-1-Phosphate,17
2.0,E3_D-Glucose-1-Phosphate,15
2.25,E3_D-Glucose-1-Phosphate,19
2.5,E3_D-Glucose-1-Phosphate,13
2.75,E3_D-Glucose-1-Phosphate,14
3.0,E3_D-Glucose-1-Phosphate,16
3.25,E3_D-Glucose-1-Phosphate,14
3.5,E3_D-Glucose-1-Phosphate,17
3.75,E3_D-Glucose-1-Phosphate,16
4.0,E3_D-Glucose-1-Phosphate,13
4.25,E3_D-Glucose-1-Phosphate,19
4.5,E3_D-Glucose-1-Phosphate,15
4.75,E3_D-Glucose-1-Phosphate,17
5.0,E3_D-Glucose-1-Phosphate,14
5.25,E3_D-Glucose-1-Phosphate,18
5.5,E3_D-Glucose-1-Phosphate,18
5.75,E3_D-Glucose-1-Phosphate,18
6.0,E3_D-Glucose-1-Phosphate,16
6.25,E3_D-Glucose-1-Phosphate,21
6.5,E3_D-Glucose-1-Phosphate,18
6.75,E3_D-Glucose-1-Phosphate,22
7.0,E3_D-Glucose-1-Phosphate,17
7.25,E3_D-Glucose-1-Phosphate,19
7.5,E3_D-Glucose-1-Phosphate,20
7.75,E3_D-Glucose-1-Phosphate,22
8.0,E3_D-Glucose-1-Phosphate,27
8.25,E3_D-Glucose-1-Phosphate,23
8.5,E3_D-Glucose-1-Phosphate,26
8.75,E3_D-Glucose-1-Phosphate,22
9.0,E3_D-Glucose-1-Phosphate,29
9.25,E3_D-Glucose-1-Phosphate,19
9.5,E3_D-Glucose-1-Phosphate,21
9.75,E3_D-Glucose-1-Phosphate,22
10.0,E3_D-Glucose-1-Phosphate,25
10.25,E3_D-Glucose-1-Phosphate,30
10.5,E3_D-Glucose-1-Phosphate,27
10.75,E3_D-Glucose-1-Phosphate,22
11.0,E3_D-Glucose-1-Phosphate,28
11.25,E3_D-Glucose-1-Phosphate,28
11.5,E3_D-Glucose-1-Phosphate,30
11.75,E3_D-Glucose-1-Phosphate,25
12.0,E3_D-Glucose-1-Phosphate,26
12.25,E3_D-Glucose-1-Phosphate,29
12.5,E3_D-Glucose-1-Phosphate,24
12.75,E3_D-Glucose-1-Phosphate,27
13.0,E3_D-Glucose-1-Phosphate,27
13.25,E3_D-Glucose-1-Phosphate,24
13.5,E3_D-Glucose-1-Phosphate,26
13.75,E3_D-Glucose-1-Phosphate,26
14.0,E3_D-Glucose-1-Phosphate,23
14.25,E3_D-Glucose-1-Phosphate,24
14.5,E3_D-Glucose-1-Phosphate,25
14.75,E3_D-Glucose-1-Phosphate,31
15.0,E3_D-Glucose-1-Phosphate,30
15.25,E3_D-Glucose-1-Phosphate,32
15.5,E3_D-Glucose-1-Phosphate,29
15.75,E3_D-Glucose-1-Phosphate,32
16.0,E3_D-Glucose-1-Phosphate,33
16.25,E3_D-Glucose-1-Phosphate,26
16.5,E3_D-Glucose-1-Phosphate,33
16.75,E3_D-Glucose-1-Phosphate,30
17.0,E3_D-Glucose-1-Phosphate,30
17.25,E3_D-Glucose-1-Phosphate,27
17.5,E3_D-Glucose-1-Phosphate,28
17.75,E3_D-Glucose-1-Phosphate,33
18.0,E3_D-Glucose-1-Phosphate,33
18.25,E3_D-Glucose-1-Phosphate,34
18.5,E3_D-Glucose-1-Phosphate,33
18.75,E3_D-Glucose-1-Phosphate,33
19.0,E3_D-Glucose-1-Phosphate,32
19.25,E3_D-Glucose-1-Phosphate,35
19.5,E3_D-Glucose-1-Phosphate,34
19.75,E3_D-Glucose-1-Phosphate,30
20.0,E3_D-Glucose-1-Phosphate,32
20.25,E3_D-Glucose-1-Phosphate,33
20.5,E3_D-Glucose-1-Phosphate,33
20.75,E3_D-Glucose-1-Phosphate,31
21.0,E3_D-Glucose-1-Phosphate,32
21.25,E3_D-Glucose-1-Phosphate,32
21.5,E3_D-Glucose-1-Phosphate,30
21.75,E3_D-Glucose-1-Phosphate,30
22.0,E3_D-Glucose-1-Phosphate,34
22.25,E3_D-Glucose-1-Phosphate,38
22.5,E3_D-Glucose-1-Phosphate,33
22.75,E3_D-Glucose-1-Phosphate,29
23.0,E3_D-Glucose-1-Phosphate,34
23.25,E3_D-Glucose-1-Phosphate,31
23.5,E3_D-Glucose-1-Phosphate,35
23.75,E3_D-Glucose-1-Phosphate,37
24.0,E3_D-Glucose-1-Phosphate,33
24.25,E3_D-Glucose-1-Phosphate,36
24.5,E3_D-Glucose-1-Phosphate,38
24.75,E3_D-Glucose-1-Phosphate,37
25.0,E3_D-Glucose-1-Phosphate,29
25.25,E3_D-Glucose-1-Phosphate,37
25.5,E3_D-Glucose-1-Phosphate,33
25.75,E3_D-Glucose-1-Phosphate,33
26.0,E3_D-Glucose-1-Phosphate,34
26.25,E3_D-Glucose-1-Phosphate,35
26.5,E3_D-Glucose-1-Phosphate,36
26.75,E3_D-Glucose-1-Phosphate,32
27.0,E3_D-Glucose-1-Phosphate,31
27.25,E3_D-Glucose-1-Phosphate,35
27.5,E3_D-Glucose-1-Phosphate,34
27.75,E3_D-Glucose-1-Phosphate,36
28.0,E3_D-Glucose-1-Phosphate,38
28.25,E3_D-Glucose-1-Phosphate,33
28.5,E3_D-Glucose-1-Phosphate,34
28.75,E3_D-Glucose-1-Phosphate,34
29.0,E3_D-Glucose-1-Phosphate,37
29.25,E3_D-Glucose-1-Phosphate,33
29.5,E3_D-Glucose-1-Phosphate,37
29.75,E3_D-Glucose-1-Phosphate,42
30.0,E3_D-Glucose-1-Phosphate,36
30.25,E3_D-Glucose-1-Phosphate,37
30.5,E3_D-Glucose-1-Phosphate,38
30.75,E3_D-Glucose-1-Phosphate,30
31.0,E3_D-Glucose-1-Phosphate,36
31.25,E3_D-Glucose-1-Phosphate,33
31.5,E3_D-Glucose-1-Phosphate,34
31.75,E3_D-Glucose-1-Phosphate,34
32.0,E3_D-Glucose-1-Phosphate,40
32.25,E3_D-Glucose-1-Phosphate,37
32.5,E3_D-Glucose-1-Phosphate,38
32.75,E3_D-Glucose-1-Phosphate,38
33.0,E3_D-Glucose-1-Phosphate,39
33.25,E3_D-Glucose-1-Phosphate,35
33.5,E3_D-Glucose-1-Phosphate,39
33.75,E3_D-Glucose-1-Phosphate,40
34.0,E3_D-Glucose-1-Phosphate,38
34.25,E3_D-Glucose-1-Phosphate,41
34.5,E3_D-Glucose-1-Phosphate,35
34.75,E3_D-Glucose-1-Phosphate,37
35.0,E3_D-Glucose-1-Phosphate,37
35.25,E3_D-Glucose-1-Phosphate,35
35.5,E3_D-Glucose-1-Phosphate,36
35.75,E3_D-Glucose-1-Phosphate,37
36.0,E3_D-Glucose-1-Phosphate,39
36.25,E3_D-Glucose-1-Phosphate,36
36.5,E3_D-Glucose-1-Phosphate,38
36.75,E3_D-Glucose-1-Phosphate,38
37.0,E3_D-Glucose-1-Phosphate,40
37.25,E3_D-Glucose-1-Phosphate,34
37.5,E3_D-Glucose-1-Phosphate,34
37.75,E3_D-Glucose-1-Phosphate,40
38.0,E3_D-Glucose-1-Phosphate,38
38.25,E3_D-Glucose-1-Phosphate,35
38.5,E3_D-Glucose-1-Phosphate,37
38.75,E3_D-Glucose-1-Phosphate,41
39.0,E3_D-Glucose-1-Phosphate,37
39.25,E3_D-Glucose-1-Phosphate,39
39.5,E3_D-Glucose-1-Phosphate,40
39.75,E3_D-Glucose-1-Phosphate,36
40.0,E3_D-Glucose-1-Phosphate,39
40.25,E3_D-Glucose-1-Phosphate,37
40.5,E3_D-Glucose-1-Phosphate,39
40.75,E3_D-Glucose-1-Phosphate,36
41.0,E3_D-Glucose-1-Phosphate,39
41.25,E3_D-Glucose-1-Phosphate,39
41.5,E3_D-Glucose-1-Phosphate,37
41.75,E3_D-Glucose-1-Phosphate,35
42.0,E3_D-Glucose-1-Phosphate,33
42.25,E3_D-Glucose-1-Phosphate,35
42.5,E3_D-Glucose-1-Phosphate,40
42.75,E3_D-Glucose-1-Phosphate,37
43.0,E3_D-Glucose-1-Phosphate,39
43.25,E3_D-Glucose-1-Phosphate,36
43.5,E3_D-Glucose-1-Phosphate,38
43.75,E3_D-Glucose-1-Phosphate,37
44.0,E3_D-Glucose-1-Phosphate,43
44.25,E3_D-Glucose-1-Phosphate,34
44.5,E3_D-Glucose-1-Phosphate,36
44.75,E3_D-Glucose-1-Phosphate,39
45.0,E3_D-Glucose-1-Phosphate,38
45.25,E3_D-Glucose-1-Phosphate,41
45.5,E3_D-Glucose-1-Phosphate,38
45.75,E3_D-Glucose-1-Phosphate,40
46.0,E3_D-Glucose-1-Phosphate,41
46.25,E3_D-Glucose-1-Phosphate,40
46.5,E3_D-Glucose-1-Phosphate,39
46.75,E3_D-Glucose-1-Phosphate,38
47.0,E3_D-Glucose-1-Phosphate,37
47.25,E3_D-Glucose-1-Phosphate,42
47.5,E3_D-Glucose-1-Phosphate,0
0.0,E4_D-Fructose-6-Phosphate,25
0.25,E4_D-Fructose-6-Phosphate,40
0.5,E4_D-Fructose-6-Phosphate,13
0.75,E4_D-Fructose-6-Phosphate,12
1.0,E4_D-Fructose-6-Phosphate,15
1.25,E4_D-Fructose-6-Phosphate,15
1.5,E4_D-Fructose-6-Phosphate,13
1.75,E4_D-Fructose-6-Phosphate,12
2.0,E4_D-Fructose-6-Phosphate,15
2.25,E4_D-Fructose-6-Phosphate,14
2.5,E4_D-Fructose-6-Phosphate,14
2.75,E4_D-Fructose-6-Phosphate,17
3.0,E4_D-Fructose-6-Phosphate,18
3.25,E4_D-Fructose-6-Phosphate,17
3.5,E4_D-Fructose-6-Phosphate,17
3.75,E4_D-Fructose-6-Phosphate,19
4.0,E4_D-Fructose-6-Phosphate,17
4.25,E4_D-Fructose-6-Phosphate,18
4.5,E4_D-Fructose-6-Phosphate,18
4.75,E4_D-Fructose-6-Phosphate,19
5.0,E4_D-Fructose-6-Phosphate,18
5.25,E4_D-Fructose-6-Phosphate,13
5.5,E4_D-Fructose-6-Phosphate,16
5.75,E4_D-Fructose-6-Phosphate,20
6.0,E4_D-Fructose-6-Phosphate,16
6.25,E4_D-Fructose-6-Phosphate,17
6.5,E4_D-Fructose-6-Phosphate,23
6.75,E4_D-Fructose-6-Phosphate,15
7.0,E4_D-Fructose-6-Phosphate,20
7.25,E4_D-Fructose-6-Phosphate,22
7.5,E4_D-Fructose-6-Phosphate,17
7.75,E4_D-Fructose-6-Phosphate,20
8.0,E4_D-Fructose-6-Phosphate,23
8.25,E4_D-Fructose-6-Phosphate,18
8.5,E4_D-Fructose-6-Phosphate,17
8.75,E4_D-Fructose-6-Phosphate,18
9.0,E4_D-Fructose-6-Phosphate,17
9.25,E4_D-Fructose-6-Phosphate,16
9.5,E4_D-Fructose-6-Phosphate,15
9.75,E4_D-Fructose-6-Phosphate,15
10.0,E4_D-Fructose-6-Phosphate,17
10.25,E4_D-Fructose-6-Phosphate,18
10.5,E4_D-Fructose-6-Phosphate,18
10.75,E4_D-Fructose-6-Phosphate,19
11.0,E4_D-Fructose-6-Phosphate,20
11.25,E4_D-Fructose-6-Phosphate,14
11.5,E4_D-Fructose-6-Phosphate,22
11.75,E4_D-Fructose-6-Phosphate,20
12.0,E4_D-Fructose-6-Phosphate,17
12.25,E4_D-Fructose-6-Phosphate,20
12.5,E4_D-Fructose-6-Phosphate,18
12.75,E4_D-Fructose-6-Phosphate,22
13.0,E4_D-Fructose-6-Phosphate,25
13.25,E4_D-Fructose-6-Phosphate,23
13.5,E4_D-Fructose-6-Phosphate,23
13.75,E4_D-Fructose-6-Phosphate,23
14.0,E4_D-Fructose-6-Phosphate,21
14.25,E4_D-Fructose-6-Phosphate,23
14.5,E4_D-Fructose-6-Phosphate,23
14.75,E4_D-Fructose-6-Phosphate,26
15.0,E4_D-Fructose-6-Phosphate,22
15.25,E4_D-Fructose-6-Phosphate,27
15.5,E4_D-Fructose-6-Phosphate,20
15.75,E4_D-Fructose-6-Phosphate,24
16.0,E4_D-Fructose-6-Phosphate,26
16.25,E4_D-Fructose-6-Phosphate,24
16.5,E4_D-Fructose-6-Phosphate,26
16.75,E4_D-Fructose-6-Phosphate,24
17.0,E4_D-Fructose-6-Phosphate,23
17.25,E4_D-Fructose-6-Phosphate,26
17.5,E4_D-Fructose-6-Phosphate,22
17.75,E4_D-Fructose-6-Phosphate,27
18.0,E4_D-Fructose-6-Phosphate,24
18.25,E4_D-Fructose-6-Phosphate,26
18.5,E4_D-Fructose-6-Phosphate,28
18.75,E4_D-Fructose-6-Phosphate,25
19.0,E4_D-Fructose-6-Phosphate,22
19.25,E4_D-Fructose-6-Phosphate,25
19.5,E4_D-Fructose-6-Phosphate,29
19.75,E4_D-Fructose-6-Phosphate,26
20.0,E4_D-Fructose-6-Phosphate,25
20.25,E4_D-Fructose-6-Phosphate,27
20.5,E4_D-Fructose-6-Phosphate,28
20.75,E4_D-Fructose-6-Phosphate,24
21.0,E4_D-Fructose-6-Phosphate,22
21.25,E4_D-Fructose-6-Phosphate,28
21.5,E4_D-Fructose-6-Phosphate,25
21.75,E4_D-Fructose-6-Phosphate,27
22.0,E4_D-Fructose-6-Phosphate,30
22.25,E4_D-Fructose-6-Phosphate,30
22.5,E4_D-Fructose-6-Phosphate,28
22.75,E4_D-Fructose-6-Phosphate,22
23.0,E4_D-Fructose-6-Phosphate,25
23.25,E4_D-Fructose-6-Phosphate,29
23.5,E4_D-Fructose-6-Phosphate,27
23.75,E4_D-Fructose-6-Phosphate,27
24.0,E4_D-Fructose-6-Phosphate,25
24.25,E4_D-Fructose-6-Phosphate,31
24.5,E4_D-Fructose-6-Phosphate,24
24.75,E4_D-Fructose-6-Phosphate,29
25.0,E4_D-Fructose-6-Phosphate,29
25.25,E4_D-Fructose-6-Phosphate,32
25.5,E4_D-Fructose-6-Phosphate,31
25.75,E4_D-Fructose-6-Phosphate,31
26.0,E4_D-Fructose-6-Phosphate,29
26.25,E4_D-Fructose-6-Phosphate,33
26.5,E4_D-Fructose-6-Phosphate,30
26.75,E4_D-Fructose-6-Phosphate,27
27.0,E4_D-Fructose-6-Phosphate,28
27.25,E4_D-Fructose-6-Phosphate,28
27.5,E4_D-Fructose-6-Phosphate,28
27.75,E4_D-Fructose-6-Phosphate,31
28.0,E4_D-Fructose-6-Phosphate,30
28.25,E4_D-Fructose-6-Phosphate,28
28.5,E4_D-Fructose-6-Phosphate,30
28.75,E4_D-Fructose-6-Phosphate,28
29.0,E4_D-Fructose-6-Phosphate,33
29.25,E4_D-Fructose-6-Phosphate,25
29.5,E4_D-Fructose-6-Phosphate,28
29.75,E4_D-Fructose-6-Phosphate,30
30.0,E4_D-Fructose-6-Phosphate,29
30.25,E4_D-Fructose-6-Phosphate,31
30.5,E4_D-Fructose-6-Phosphate,32
30.75,E4_D-Fructose-6-Phosphate,32
31.0,E4_D-Fructose-6-Phosphate,31
31.25,E4_D-Fructose-6-Phosphate,26
31.5,E4_D-Fructose-6-Phosphate,30
31.75,E4_D-Fructose-6-Phosphate,31
32.0,E4_D-Fructose-6-Phosphate,33
32.25,E4_D-Fructose-6-Phosphate,29
32.5,E4_D-Fructose-6-Phosphate,29
32.75,E4_D-Fructose-6-Phosphate,31
33.0,E4_D-Fructose-6-Phosphate,33
33.25,E4_D-Fructose-6-Phosphate,28
33.5,E4_D-Fructose-6-Phosphate,30
33.75,E4_D-Fructose-6-Phosphate,30
34.0,E4_D-Fructose-6-Phosphate,30
34.25,E4_D-Fructose-6-Phosphate,33
34.5,E4_D-Fructose-6-Phosphate,31
34.75,E4_D-Fructose-6-Phosphate,34
35.0,E4_D-Fructose-6-Phosphate,30
35.25,E4_D-Fructose-6-Phosphate,28
35.5,E4_D-Fructose-6-Phosphate,35
35.75,E4_D-Fructose-6-Phosphate,32
36.0,E4_D-Fructose-6-Phosphate,31
36.25,E4_D-Fructose-6-Phosphate,29
36.5,E4_D-Fructose-6-Phosphate,34
36.75,E4_D-Fructose-6-Phosphate,33
37.0,E4_D-Fructose-6-Phosphate,33
37.25,E4_D-Fructose-6-Phosphate,36
37.5,E4_D-Fructose-6-Phosphate,32
37.75,E4_D-Fructose-6-Phosphate,36
38.0,E4_D-Fructose-6-Phosphate,29
38.25,E4_D-Fructose-6-Phosphate,34
38.5,E4_D-Fructose-6-Phosphate,33
38.75,E4_D-Fructose-6-Phosphate,33
39.0,E4_D-Fructose-6-Phosphate,36
39.25,E4_D-Fructose-6-Phosphate,32
39.5,E4_D-Fructose-6-Phosphate,33
39.75,E4_D-Fructose-6-Phosphate,29
40.0,E4_D-Fructose-6-Phosphate,31
40.25,E4_D-Fructose-6-Phosphate,31
40.5,E4_D-Fructose-6-Phosphate,29
40.75,E4_D-Fructose-6-Phosphate,36
41.0,E4_D-Fructose-6-Phosphate,32
41.25,E4_D-Fructose-6-Phosphate,35
41.5,E4_D-Fructose-6-Phosphate,38
41.75,E4_D-Fructose-6-Phosphate,29
42.0,E4_D-Fructose-6-Phosphate,31
42.25,E4_D-Fructose-6-Phosphate,31
42.5,E4_D-Fructose-6-Phosphate,32
42.75,E4_D-Fructose-6-Phosphate,31
43.0,E4_D-Fructose-6-Phosphate,36
43.25,E4_D-Fructose-6-Phosphate,32
43.5,E4_D-Fructose-6-Phosphate,31
43.75,E4_D-Fructose-6-Phosphate,34
44.0,E4_D-Fructose-6-Phosphate,36
44.25,E4_D-Fructose-6-Phosphate,31
44.5,E4_D-Fructose-6-Phosphate,35
44.75,E4_D-Fructose-6-Phosphate,32
45.0,E4_D-Fructose-6-Phosphate,33
45.25,E4_D-Fructose-6-Phosphate,35
45.5,E4_D-Fructose-6-Phosphate,33
45.75,E4_D-Fructose-6-Phosphate,31
46.0,E4_D-Fructose-6-Phosphate,34
46.25,E4_D-Fructose-6-Phosphate,33
46.5,E4_D-Fructose-6-Phosphate,36
46.75,E4_D-Fructose-6-Phosphate,35
47.0,E4_D-Fructose-6-Phosphate,36
47.25,E4_D-Fructose-6-Phosphate,34
47.5,E4_D-Fructose-6-Phosphate,0
0.0,E5_Tween_80,11
0.25,E5_Tween_80,11
0.5,E5_Tween_80,11
0.75,E5_Tween_80,11
1.0,E5_Tween_80,11
1.25,E5_Tween_80,11
1.5,E5_Tween_80,11
1.75,E5_Tween_80,11
2.0,E5_Tween_80,11
2.25,E5_Tween_80,11
2.5,E5_Tween_80,11
2.75,E5_Tween_80,11
3.0,E5_Tween_80,11
3.25,E5_Tween_80,11
3.5,E5_Tween_80,11
3.75,E5_Tween_80,11
4.0,E5_Tween_80,11
4.25,E5_Tween_80,12
4.5,E5_Tween_80,11
4.75,E5_Tween_80,11
5.0,E5_Tween_80,12
5.25,E5_Tween_80,11
5.5,E5_Tween_80,11
5.75,E5_Tween_80,12
6.0,E5_Tween_80,13
6.25,E5_Tween_80,11
6.5,E5_Tween_80,12
6.75,E5_Tween_80,13
7.0,E5_Tween_80,17
7.25,E5_Tween_80,14
7.5,E5_Tween_80,20
7.75,E5_Tween_80,15
8.0,E5_Tween_80,16
8.25,E5_Tween_80,17
8.5,E5_Tween_80,22
8.75,E5_Tween_80,19
9.0,E5_Tween_80,17
9.25,E5_Tween_80,21
9.5,E5_Tween_80,23
9.75,E5_Tween_80,20
10.0,E5_Tween_80,20
10.25,E5_Tween_80,19
10.5,E5_Tween_80,20
10.75,E5_Tween_80,22
11.0,E5_Tween_80,21
11.25,E5_Tween_80,29
11.5,E5_Tween_80,30
11.75,E5_Tween_80,29
12.0,E5_Tween_80,32
12.25,E5_Tween_80,33
12.5,E5_Tween_80,30
12.75,E5_Tween_80,34
13.0,E5_Tween_80,35
13.25,E5_Tween_80,31
13.5,E5_Tween_80,34
13.75,E5_Tween_80,34
14.0,E5_Tween_80,33
14.25,E5_Tween_80,33
14.5,E5_Tween_80,38
14.75,E5_Tween_80,40
15.0,E5_Tween_80,39
15.25,E5_Tween_80,42
15.5,E5_Tween_80,39
15.75,E5_Tween_80,40
16.0,E5_Tween_80,45
16.25,E5_Tween_80,44
16.5,E5_Tween_80,46
16.75,E5_Tween_80,44
17.0,E5_Tween_80,46
17.25,E5_Tween_80,47
17.5,E5_Tween_80,48
17.75,E5_Tween_80,49
18.0,E5_Tween_80,53
18.25,E5_Tween_80,45
18.5,E5_Tween_80,52
18.75,E5_Tween_80,52
19.0,E5_Tween_80,51
19.25,E5_Tween_80,56
19.5,E5_Tween_80,57
19.75,E5_Tween_80,53
20.0,E5_Tween_80,55
20.25,E5_Tween_80,58
20.5,E5_Tween_80,59
20.75,E5_Tween_80,58
21.0,E5_Tween_80,60
21.25,E5_Tween_80,62
21.5,E5_Tween_80,58
21.75,E5_Tween_80,63
22.0,E5_Tween_80,62
22.25,E5_Tween_80,63
22.5,E5_Tween_80,64
22.75,E5_Tween_80,61
23.0,E5_Tween_80,68
23.25,E5_Tween_80,65
23.5,E5_Tween_80,65
23.75,E5_Tween_80,70
24.0,E5_Tween_80,64
24.25,E5_Tween_80,70
24.5,E5_Tween_80,67
24.75,E5_Tween_80,65
25.0,E5_Tween_80,68
25.25,E5_Tween_80,70
25.5,E5_Tween_80,63
25.75,E5_Tween_80,71
26.0,E5_Tween_80,71
26.25,E5_Tween_80,76
26.5,E5_Tween_80,70
26.75,E5_Tween_80,69
27.0,E5_Tween_80,71
27.25,E5_Tween_80,73
27.5,E5_Tween_80,72
27.75,E5_Tween_80,74
28.0,E5_Tween_80,77
28.25,E5_Tween_80,73
28.5,E5_Tween_80,73
28.75,E5_Tween_80,78
29.0,E5_Tween_80,78
29.25,E5_Tween_80,77
29.5,E5_Tween_80,78
29.75,E5_Tween_80,78
30.0,E5_Tween_80,79
30.25,E5_Tween_80,77
30.5,E5_Tween_80,79
30.75,E5_Tween_80,84
31.0,E5_Tween_80,88
31.25,E5_Tween_80,80
31.5,E5_Tween_80,82
31.75,E5_Tween_80,79
32.0,E5_Tween_80,78
32.25,E5_Tween_80,79
32.5,E5_Tween_80,84
32.75,E5_Tween_80,81
33.0,E5_Tween_80,83
33.25,E5_Tween_80,79
33.5,E5_Tween_80,84
33.75,E5_Tween_80,86
34.0,E5_Tween_80,81
34.25,E5_Tween_80,83
34.5,E5_Tween_80,86
34.75,E5_Tween_80,80
35.0,E5_Tween_80,85
35.25,E5_Tween_80,85
35.5,E5_Tween_80,84
35.75,E5_Tween_80,85
36.0,E5_Tween_80,87
36.25,E5_Tween_80,81
36.5,E5_Tween_80,81
36.75,E5_Tween_80,86
37.0,E5_Tween_80,85
37.25,E5_Tween_80,81
37.5,E5_Tween_80,81
37.75,E5_Tween_80,86
38.0,E5_Tween_80,85
38.25,E5_Tween_80,86
38.5,E5_Tween_80,84
38.75,E5_Tween_80,84
39.0,E5_Tween_80,83
39.25,E5_Tween_80,83
39.5,E5_Tween_80,86
39.75,E5_Tween_80,92
40.0,E5_Tween_80,80
40.25,E5_Tween_80,82
40.5,E5_Tween_80,84
40.75,E5_Tween_80,83
41.0,E5_Tween_80,84
41.25,E5_Tween_80,84
41.5,E5_Tween_80,88
41.75,E5_Tween_80,87
42.0,E5_Tween_80,86
42.25,E5_Tween_80,85
42.5,E5_Tween_80,83
42.75,E5_Tween_80,85
43.0,E5_Tween_80,85
43.25,E5_Tween_80,84
43.5,E5_Tween_80,80
43.75,E5_Tween_80,89
44.0,E5_Tween_80,88
44.25,E5_Tween_80,85
44.5,E5_Tween_80,87
44.75,E5_Tween_80,86
45.0,E5_Tween_80,86
45.25,E5_Tween_80,84
45.5,E5_Tween_80,87
45.75,E5_Tween_80,83
46.0,E5_Tween_80,83
46.25,E5_Tween_80,84
46.5,E5_Tween_80,91
46.75,E5_Tween_80,87
47.0,E5_Tween_80,85
47.25,E5_Tween_80,87
47.5,E5_Tween_80,0
0.0,E6_a-Hydroxy_Glutaric_Acid-g_Lactone,11
0.25,E6_a-Hydroxy_Glutaric_Acid-g_Lactone,13
0.5,E6_a-Hydroxy_Glutaric_Acid-g_Lactone,15
0.75,E6_a-Hydroxy_Glutaric_Acid-g_Lactone,13
1.0,E6_a-Hydroxy_Glutaric_Acid-g_Lactone,16
1.25,E6_a-Hydroxy_Glutaric_Acid-g_Lactone,14
1.5,E6_a-Hydroxy_Glutaric_Acid-g_Lactone,21
1.75,E6_a-Hydroxy_Glutaric_Acid-g_Lactone,18
2.0,E6_a-Hydroxy_Glutaric_Acid-g_Lactone,13
2.25,E6_a-Hydroxy_Glutaric_Acid-g_Lactone,15
2.5,E6_a-Hydroxy_Glutaric_Acid-g_Lactone,13
2.75,E6_a-Hydroxy_Glutaric_Acid-g_Lactone,16
3.0,E6_a-Hydroxy_Glutaric_Acid-g_Lactone,21
3.25,E6_a-Hydroxy_Glutaric_Acid-g_Lactone,13
3.5,E6_a-Hydroxy_Glutaric_Acid-g_Lactone,19
3.75,E6_a-Hydroxy_Glutaric_Acid-g_Lactone,17
4.0,E6_a-Hydroxy_Glutaric_Acid-g_Lactone,14
4.25,E6_a-Hydroxy_Glutaric_Acid-g_Lactone,21
4.5,E6_a-Hydroxy_Glutaric_Acid-g_Lactone,14
4.75,E6_a-Hydroxy_Glutaric_Acid-g_Lactone,17
5.0,E6_a-Hydroxy_Glutaric_Acid-g_Lactone,14
5.25,E6_a-Hydroxy_Glutaric_Acid-g_Lactone,13
5.5,E6_a-Hydroxy_Glutaric_Acid-g_Lactone,14
5.75,E6_a-Hydroxy_Glutaric_Acid-g_Lactone,17
6.0,E6_a-Hydroxy_Glutaric_Acid-g_Lactone,12
6.25,E6_a-Hydroxy_Glutaric_Acid-g_Lactone,13
6.5,E6_a-Hydroxy_Glutaric_Acid-g_Lactone,18
6.75,E6_a-Hydroxy_Glutaric_Acid-g_Lactone,19
7.0,E6_a-Hydroxy_Glutaric_Acid-g_Lactone,14
7.25,E6_a-Hydroxy_Glutaric_Acid-g_Lactone,14
7.5,E6_a-Hydroxy_Glutaric_Acid-g_Lactone,17
7.75,E6_a-Hydroxy_Glutaric_Acid-g_Lactone,19
8.0,E6_a-Hydroxy_Glutaric_Acid-g_Lactone,23
8.25,E6_a-Hydroxy_Glutaric_Acid-g_Lactone,21
8.5,E6_a-Hydroxy_Glutaric_Acid-g_Lactone,21
8.75,E6_a-Hydroxy_Glutaric_Acid-g_Lactone,23
9.0,E6_a-Hydroxy_Glutaric_Acid-g_Lactone,22
9.25,E6_a-Hydroxy_Glutaric_Acid-g_Lactone,19
9.5,E6_a-Hydroxy_Glutaric_Acid-g_Lactone,19
9.75,E6_a-Hydroxy_Glutaric_Acid-g_Lactone,19
10.0,E6_a-Hydroxy_Glutaric_Acid-g_Lactone,22
10.25,E6_a-Hydroxy_Glutaric_Acid-g_Lactone,23
10.5,E6_a-Hydroxy_Glutaric_Acid-g_Lactone,22
10.75,E6_a-Hydroxy_Glutaric_Acid-g_Lactone,18
11.0,E6_a-Hydroxy_Glutaric_Acid-g_Lactone,19
11.25,E6_a-Hydroxy_Glutaric_Acid-g_Lactone,17
11.5,E6_a-Hydroxy_Glutaric_Acid-g_Lactone,24
11.75,E6_a-Hydroxy_Glutaric_Acid-g_Lactone,21
12.0,E6_a-Hydroxy_Glutaric_Acid-g_Lactone,24
12.25,E6_a-Hydroxy_Glutaric_Acid-g_Lactone,27
12.5,E6_a-Hydroxy_Glutaric_Acid-g_Lactone,23
12.75,E6_a-Hydroxy_Glutaric_Acid-g_Lactone,22
13.0,E6_a-Hydroxy_Glutaric_Acid-g_Lactone,23
13.25,E6_a-Hydroxy_Glutaric_Acid-g_Lactone,21
13.5,E6_a-Hydroxy_Glutaric_Acid-g_Lactone,25
13.75,E6_a-Hydroxy_Glutaric_Acid-g_Lactone,22
14.0,E6_a-Hydroxy_Glutaric_Acid-g_Lactone,22
14.25,E6_a-Hydroxy_Glutaric_Acid-g_Lactone,23
14.5,E6_a-Hydroxy_Glutaric_Acid-g_Lactone,25
14.75,E6_a-Hydroxy_Glutaric_Acid-g_Lactone,26
15.0,E6_a-Hydroxy_Glutaric_Acid-g_Lactone,23
15.25,E6_a-Hydroxy_Glutaric_Acid-g_Lactone,21
15.5,E6_a-Hydroxy_Glutaric_Acid-g_Lactone,29
15.75,E6_a-Hydroxy_Glutaric_Acid-g_Lactone,25
16.0,E6_a-Hydroxy_Glutaric_Acid-g_Lactone,25
16.25,E6_a-Hydroxy_Glutaric_Acid-g_Lactone,27
16.5,E6_a-Hydroxy_Glutaric_Acid-g_Lactone,29
16.75,E6_a-Hydroxy_Glutaric_Acid-g_Lactone,24
17.0,E6_a-Hydroxy_Glutaric_Acid-g_Lactone,25
17.25,E6_a-Hydroxy_Glutaric_Acid-g_Lactone,22
17.5,E6_a-Hydroxy_Glutaric_Acid-g_Lactone,26
17.75,E6_a-Hydroxy_Glutaric_Acid-g_Lactone,24
18.0,E6_a-Hydroxy_Glutaric_Acid-g_Lactone,29
18.25,E6_a-Hydroxy_Glutaric_Acid-g_Lactone,25
18.5,E6_a-Hydroxy_Glutaric_Acid-g_Lactone,29
18.75,E6_a-Hydroxy_Glutaric_Acid-g_Lactone,24
19.0,E6_a-Hydroxy_Glutaric_Acid-g_Lactone,23
19.25,E6_a-Hydroxy_Glutaric_Acid-g_Lactone,24
19.5,E6_a-Hydroxy_Glutaric_Acid-g_Lactone,25
19.75,E6_a-Hydroxy_Glutaric_Acid-g_Lactone,27
20.0,E6_a-Hydroxy_Glutaric_Acid-g_Lactone,24
20.25,E6_a-Hydroxy_Glutaric_Acid-g_Lactone,28
20.5,E6_a-Hydroxy_Glutaric_Acid-g_Lactone,27
20.75,E6_a-Hydroxy_Glutaric_Acid-g_Lactone,28
21.0,E6_a-Hydroxy_Glutaric_Acid-g_Lactone,20
21.25,E6_a-Hydroxy_Glutaric_Acid-g_Lactone,25
21.5,E6_a-Hydroxy_Glutaric_Acid-g_Lactone,27
21.75,E6_a-Hydroxy_Glutaric_Acid-g_Lactone,24
22.0,E6_a-Hydroxy_Glutaric_Acid-g_Lactone,26
22.25,E6_a-Hydroxy_Glutaric_Acid-g_Lactone,26
22.5,E6_a-Hydroxy_Glutaric_Acid-g_Lactone,24
22.75,E6_a-Hydroxy_Glutaric_Acid-g_Lactone,26
23.0,E6_a-Hydroxy_Glutaric_Acid-g_Lactone,27
23.25,E6_a-Hydroxy_Glutaric_Acid-g_Lactone,31
23.5,E6_a-Hydroxy_Glutaric_Acid-g_Lactone,29
23.75,E6_a-Hydroxy_Glutaric_Acid-g_Lactone,29
24.0,E6_a-Hydroxy_Glutaric_Acid-g_Lactone,25
24.25,E6_a-Hydroxy_Glutaric_Acid-g_Lactone,27
24.5,E6_a-Hydroxy_Glutaric_Acid-g_Lactone,28
24.75,E6_a-Hydroxy_Glutaric_Acid-g_Lactone,26
25.0,E6_a-Hydroxy_Glutaric_Acid-g_Lactone,23
25.25,E6_a-Hydroxy_Glutaric_Acid-g_Lactone,27
25.5,E6_a-Hydroxy_Glutaric_Acid-g_Lactone,26
25.75,E6_a-Hydroxy_Glutaric_Acid-g_Lactone,27
26.0,E6_a-Hydroxy_Glutaric_Acid-g_Lactone,29
26.25,E6_a-Hydroxy_Glutaric_Acid-g_Lactone,30
26.5,E6_a-Hydroxy_Glutaric_Acid-g_Lactone,28
26.75,E6_a-Hydroxy_Glutaric_Acid-g_Lactone,25
27.0,E6_a-Hydroxy_Glutaric_Acid-g_Lactone,30
27.25,E6_a-Hydroxy_Glutaric_Acid-g_Lactone,27
27.5,E6_a-Hydroxy_Glutaric_Acid-g_Lactone,26
27.75,E6_a-Hydroxy_Glutaric_Acid-g_Lactone,28
28.0,E6_a-Hydroxy_Glutaric_Acid-g_Lactone,27
28.25,E6_a-Hydroxy_Glutaric_Acid-g_Lactone,23
28.5,E6_a-Hydroxy_Glutaric_Acid-g_Lactone,26
28.75,E6_a-Hydroxy_Glutaric_Acid-g_Lactone,30
29.0,E6_a-Hydroxy_Glutaric_Acid-g_Lactone,29
29.25,E6_a-Hydroxy_Glutaric_Acid-g_Lactone,27
29.5,E6_a-Hydroxy_Glutaric_Acid-g_Lactone,27
29.75,E6_a-Hydroxy_Glutaric_Acid-g_Lactone,32
30.0,E6_a-Hydroxy_Glutaric_Acid-g_Lactone,23
30.25,E6_a-Hydroxy_Glutaric_Acid-g_Lactone,29
30.5,E6_a-Hydroxy_Glutaric_Acid-g_Lactone,29
30.75,E6_a-Hydroxy_Glutaric_Acid-g_Lactone,29
31.0,E6_a-Hydroxy_Glutaric_Acid-g_Lactone,30
31.25,E6_a-Hydroxy_Glutaric_Acid-g_Lactone,31
31.5,E6_a-Hydroxy_Glutaric_Acid-g_Lactone,31
31.75,E6_a-Hydroxy_Glutaric_Acid-g_Lactone,28
32.0,E6_a-Hydroxy_Glutaric_Acid-g_Lactone,30
32.25,E6_a-Hydroxy_Glutaric_Acid-g_Lactone,30
32.5,E6_a-Hydroxy_Glutaric_Acid-g_Lactone,31
32.75,E6_a-Hydroxy_Glutaric_Acid-g_Lactone,29
33.0,E6_a-Hydroxy_Glutaric_Acid-g_Lactone,28
33.25,E6_a-Hydroxy_Glutaric_Acid-g_Lactone,31
33.5,E6_a-Hydroxy_Glutaric_Acid-g_Lactone,29
33.75,E6_a-Hydroxy_Glutaric_Acid-g_Lactone,32
34.0,E6_a-Hydroxy_Glutaric_Acid-g_Lactone,29
34.25,E6_a-Hydroxy_Glutaric_Acid-g_Lactone,29
34.5,E6_a-Hydroxy_Glutaric_Acid-g_Lactone,33
34.75,E6_a-Hydroxy_Glutaric_Acid-g_Lactone,29
35.0,E6_a-Hydroxy_Glutaric_Acid-g_Lactone,30
35.25,E6_a-Hydroxy_Glutaric_Acid-g_Lactone,32
35.5,E6_a-Hydroxy_Glutaric_Acid-g_Lactone,31
35.75,E6_a-Hydroxy_Glutaric_Acid-g_Lactone,31
36.0,E6_a-Hydroxy_Glutaric_Acid-g_Lactone,30
36.25,E6_a-Hydroxy_Glutaric_Acid-g_Lactone,28
36.5,E6_a-Hydroxy_Glutaric_Acid-g_Lactone,30
36.75,E6_a-Hydroxy_Glutaric_Acid-g_Lactone,32
37.0,E6_a-Hydroxy_Glutaric_Acid-g_Lactone,26
37.25,E6_a-Hydroxy_Glutaric_Acid-g_Lactone,31
37.5,E6_a-Hydroxy_Glutaric_Acid-g_Lactone,27
37.75,E6_a-Hydroxy_Glutaric_Acid-g_Lactone,34
38.0,E6_a-Hydroxy_Glutaric_Acid-g_Lactone,34
38.25,E6_a-Hydroxy_Glutaric_Acid-g_Lactone,30
38.5,E6_a-Hydroxy_Glutaric_Acid-g_Lactone,30
38.75,E6_a-Hydroxy_Glutaric_Acid-g_Lactone,29
39.0,E6_a-Hydroxy_Glutaric_Acid-g_Lactone,26
39.25,E6_a-Hydroxy_Glutaric_Acid-g_Lactone,33
39.5,E6_a-Hydroxy_Glutaric_Acid-g_Lactone,31
39.75,E6_a-Hydroxy_Glutaric_Acid-g_Lactone,30
40.0,E6_a-Hydroxy_Glutaric_Acid-g_Lactone,31
40.25,E6_a-Hydroxy_Glutaric_Acid-g_Lactone,31
40.5,E6_a-Hydroxy_Glutaric_Acid-g_Lactone,29
40.75,E6_a-Hydroxy_Glutaric_Acid-g_Lactone,33
41.0,E6_a-Hydroxy_Glutaric_Acid-g_Lactone,33
41.25,E6_a-Hydroxy_Glutaric_Acid-g_Lactone,28
41.5,E6_a-Hydroxy_Glutaric_Acid-g_Lactone,28
41.75,E6_a-Hydroxy_Glutaric_Acid-g_Lactone,30
42.0,E6_a-Hydroxy_Glutaric_Acid-g_Lactone,30
42.25,E6_a-Hydroxy_Glutaric_Acid-g_Lactone,29
42.5,E6_a-Hydroxy_Glutaric_Acid-g_Lactone,33
42.75,E6_a-Hydroxy_Glutaric_Acid-g_Lactone,30
43.0,E6_a-Hydroxy_Glutaric_Acid-g_Lactone,31
43.25,E6_a-Hydroxy_Glutaric_Acid-g_Lactone,29
43.5,E6_a-Hydroxy_Glutaric_Acid-g_Lactone,25
43.75,E6_a-Hydroxy_Glutaric_Acid-g_Lactone,29
44.0,E6_a-Hydroxy_Glutaric_Acid-g_Lactone,32
44.25,E6_a-Hydroxy_Glutaric_Acid-g_Lactone,29
44.5,E6_a-Hydroxy_Glutaric_Acid-g_Lactone,30
44.75,E6_a-Hydroxy_Glutaric_Acid-g_Lactone,32
45.0,E6_a-Hydroxy_Glutaric_Acid-g_Lactone,32
45.25,E6_a-Hydroxy_Glutaric_Acid-g_Lactone,30
45.5,E6_a-Hydroxy_Glutaric_Acid-g_Lactone,29
45.75,E6_a-Hydroxy_Glutaric_Acid-g_Lactone,33
46.0,E6_a-Hydroxy_Glutaric_Acid-g_Lactone,28
46.25,E6_a-Hydroxy_Glutaric_Acid-g_Lactone,30
46.5,E6_a-Hydroxy_Glutaric_Acid-g_Lactone,30
46.75,E6_a-Hydroxy_Glutaric_Acid-g_Lactone,35
47.0,E6_a-Hydroxy_Glutaric_Acid-g_Lactone,29
47.25,E6_a-Hydroxy_Glutaric_Acid-g_Lactone,29
47.5,E6_a-Hydroxy_Glutaric_Acid-g_Lactone,0
0.0,E7_a-Hydroxy_Butyric_Acid,11
0.25,E7_a-Hydroxy_Butyric_Acid,11
0.5,E7_a-Hydroxy_Butyric_Acid,11
0.75,E7_a-Hydroxy_Butyric_Acid,11
1.0,E7_a-Hydroxy_Butyric_Acid,11
1.25,E7_a-Hydroxy_Butyric_Acid,11
1.5,E7_a-Hydroxy_Butyric_Acid,15
1.75,E7_a-Hydroxy_Butyric_Acid,11
2.0,E7_a-Hydroxy_Butyric_Acid,11
2.25,E7_a-Hydroxy_Butyric_Acid,11
2.5,E7_a-Hydroxy_Butyric_Acid,11
2.75,E7_a-Hydroxy_Butyric_Acid,11
3.0,E7_a-Hydroxy_Butyric_Acid,11
3.25,E7_a-Hydroxy_Butyric_Acid,12
3.5,E7_a-Hydroxy_Butyric_Acid,11
3.75,E7_a-Hydroxy_Butyric_Acid,11
4.0,E7_a-Hydroxy_Butyric_Acid,11
4.25,E7_a-Hydroxy_Butyric_Acid,11
4.5,E7_a-Hydroxy_Butyric_Acid,11
4.75,E7_a-Hydroxy_Butyric_Acid,11
5.0,E7_a-Hydroxy_Butyric_Acid,11
5.25,E7_a-Hydroxy_Butyric_Acid,12
5.5,E7_a-Hydroxy_Butyric_Acid,11
5.75,E7_a-Hydroxy_Butyric_Acid,11
6.0,E7_a-Hydroxy_Butyric_Acid,12
6.25,E7_a-Hydroxy_Butyric_Acid,11
6.5,E7_a-Hydroxy_Butyric_Acid,11
6.75,E7_a-Hydroxy_Butyric_Acid,11
7.0,E7_a-Hydroxy_Butyric_Acid,15
7.25,E7_a-Hydroxy_Butyric_Acid,14
7.5,E7_a-Hydroxy_Butyric_Acid,15
7.75,E7_a-Hydroxy_Butyric_Acid,18
8.0,E7_a-Hydroxy_Butyric_Acid,20
8.25,E7_a-Hydroxy_Butyric_Acid,16
8.5,E7_a-Hydroxy_Butyric_Acid,17
8.75,E7_a-Hydroxy_Butyric_Acid,17
9.0,E7_a-Hydroxy_Butyric_Acid,14
9.25,E7_a-Hydroxy_Butyric_Acid,15
9.5,E7_a-Hydroxy_Butyric_Acid,18
9.75,E7_a-Hydroxy_Butyric_Acid,16
10.0,E7_a-Hydroxy_Butyric_Acid,19
10.25,E7_a-Hydroxy_Butyric_Acid,17
10.5,E7_a-Hydroxy_Butyric_Acid,20
10.75,E7_a-Hydroxy_Butyric_Acid,17
11.0,E7_a-Hydroxy_Butyric_Acid,21
11.25,E7_a-Hydroxy_Butyric_Acid,20
11.5,E7_a-Hydroxy_Butyric_Acid,22
11.75,E7_a-Hydroxy_Butyric_Acid,22
12.0,E7_a-Hydroxy_Butyric_Acid,23
12.25,E7_a-Hydroxy_Butyric_Acid,24
12.5,E7_a-Hydroxy_Butyric_Acid,21
12.75,E7_a-Hydroxy_Butyric_Acid,22
13.0,E7_a-Hydroxy_Butyric_Acid,23
13.25,E7_a-Hydroxy_Butyric_Acid,26
13.5,E7_a-Hydroxy_Butyric_Acid,25
13.75,E7_a-Hydroxy_Butyric_Acid,25
14.0,E7_a-Hydroxy_Butyric_Acid,24
14.25,E7_a-Hydroxy_Butyric_Acid,21
14.5,E7_a-Hydroxy_Butyric_Acid,19
14.75,E7_a-Hydroxy_Butyric_Acid,30
15.0,E7_a-Hydroxy_Butyric_Acid,22
15.25,E7_a-Hydroxy_Butyric_Acid,27
15.5,E7_a-Hydroxy_Butyric_Acid,26
15.75,E7_a-Hydroxy_Butyric_Acid,25
16.0,E7_a-Hydroxy_Butyric_Acid,31
16.25,E7_a-Hydroxy_Butyric_Acid,25
16.5,E7_a-Hydroxy_Butyric_Acid,25
16.75,E7_a-Hydroxy_Butyric_Acid,28
17.0,E7_a-Hydroxy_Butyric_Acid,25
17.25,E7_a-Hydroxy_Butyric_Acid,27
17.5,E7_a-Hydroxy_Butyric_Acid,27
17.75,E7_a-Hydroxy_Butyric_Acid,30
18.0,E7_a-Hydroxy_Butyric_Acid,25
18.25,E7_a-Hydroxy_Butyric_Acid,33
18.5,E7_a-Hydroxy_Butyric_Acid,30
18.75,E7_a-Hydroxy_Butyric_Acid,31
19.0,E7_a-Hydroxy_Butyric_Acid,35
19.25,E7_a-Hydroxy_Butyric_Acid,35
19.5,E7_a-Hydroxy_Butyric_Acid,32
19.75,E7_a-Hydroxy_Butyric_Acid,31
20.0,E7_a-Hydroxy_Butyric_Acid,34
20.25,E7_a-Hydroxy_Butyric_Acid,32
20.5,E7_a-Hydroxy_Butyric_Acid,29
20.75,E7_a-Hydroxy_Butyric_Acid,32
21.0,E7_a-Hydroxy_Butyric_Acid,34
21.25,E7_a-Hydroxy_Butyric_Acid,34
21.5,E7_a-Hydroxy_Butyric_Acid,32
21.75,E7_a-Hydroxy_Butyric_Acid,31
22.0,E7_a-Hydroxy_Butyric_Acid,34
22.25,E7_a-Hydroxy_Butyric_Acid,29
22.5,E7_a-Hydroxy_Butyric_Acid,28
22.75,E7_a-Hydroxy_Butyric_Acid,32
23.0,E7_a-Hydroxy_Butyric_Acid,33
23.25,E7_a-Hydroxy_Butyric_Acid,37
23.5,E7_a-Hydroxy_Butyric_Acid,35
23.75,E7_a-Hydroxy_Butyric_Acid,31
24.0,E7_a-Hydroxy_Butyric_Acid,34
24.25,E7_a-Hydroxy_Butyric_Acid,33
24.5,E7_a-Hydroxy_Butyric_Acid,32
24.75,E7_a-Hydroxy_Butyric_Acid,33
25.0,E7_a-Hydroxy_Butyric_Acid,33
25.25,E7_a-Hydroxy_Butyric_Acid,35
25.5,E7_a-Hydroxy_Butyric_Acid,36
25.75,E7_a-Hydroxy_Butyric_Acid,36
26.0,E7_a-Hydroxy_Butyric_Acid,34
26.25,E7_a-Hydroxy_Butyric_Acid,38
26.5,E7_a-Hydroxy_Butyric_Acid,36
26.75,E7_a-Hydroxy_Butyric_Acid,35
27.0,E7_a-Hydroxy_Butyric_Acid,33
27.25,E7_a-Hydroxy_Butyric_Acid,34
27.5,E7_a-Hydroxy_Butyric_Acid,36
27.75,E7_a-Hydroxy_Butyric_Acid,37
28.0,E7_a-Hydroxy_Butyric_Acid,38
28.25,E7_a-Hydroxy_Butyric_Acid,35
28.5,E7_a-Hydroxy_Butyric_Acid,36
28.75,E7_a-Hydroxy_Butyric_Acid,39
29.0,E7_a-Hydroxy_Butyric_Acid,36
29.25,E7_a-Hydroxy_Butyric_Acid,43
29.5,E7_a-Hydroxy_Butyric_Acid,42
29.75,E7_a-Hydroxy_Butyric_Acid,38
30.0,E7_a-Hydroxy_Butyric_Acid,37
30.25,E7_a-Hydroxy_Butyric_Acid,38
30.5,E7_a-Hydroxy_Butyric_Acid,37
30.75,E7_a-Hydroxy_Butyric_Acid,37
31.0,E7_a-Hydroxy_Butyric_Acid,38
31.25,E7_a-Hydroxy_Butyric_Acid,38
31.5,E7_a-Hydroxy_Butyric_Acid,43
31.75,E7_a-Hydroxy_Butyric_Acid,36
32.0,E7_a-Hydroxy_Butyric_Acid,44
32.25,E7_a-Hydroxy_Butyric_Acid,38
32.5,E7_a-Hydroxy_Butyric_Acid,38
32.75,E7_a-Hydroxy_Butyric_Acid,40
33.0,E7_a-Hydroxy_Butyric_Acid,41
33.25,E7_a-Hydroxy_Butyric_Acid,38
33.5,E7_a-Hydroxy_Butyric_Acid,36
33.75,E7_a-Hydroxy_Butyric_Acid,44
34.0,E7_a-Hydroxy_Butyric_Acid,37
34.25,E7_a-Hydroxy_Butyric_Acid,38
34.5,E7_a-Hydroxy_Butyric_Acid,39
34.75,E7_a-Hydroxy_Butyric_Acid,41
35.0,E7_a-Hydroxy_Butyric_Acid,39
35.25,E7_a-Hydroxy_Butyric_Acid,38
35.5,E7_a-Hydroxy_Butyric_Acid,43
35.75,E7_a-Hydroxy_Butyric_Acid,44
36.0,E7_a-Hydroxy_Butyric_Acid,44
36.25,E7_a-Hydroxy_Butyric_Acid,39
36.5,E7_a-Hydroxy_Butyric_Acid,41
36.75,E7_a-Hydroxy_Butyric_Acid,47
37.0,E7_a-Hydroxy_Butyric_Acid,43
37.25,E7_a-Hydroxy_Butyric_Acid,39
37.5,E7_a-Hydroxy_Butyric_Acid,37
37.75,E7_a-Hydroxy_Butyric_Acid,46
38.0,E7_a-Hydroxy_Butyric_Acid,41
38.25,E7_a-Hydroxy_Butyric_Acid,44
38.5,E7_a-Hydroxy_Butyric_Acid,45
38.75,E7_a-Hydroxy_Butyric_Acid,44
39.0,E7_a-Hydroxy_Butyric_Acid,45
39.25,E7_a-Hydroxy_Butyric_Acid,44
39.5,E7_a-Hydroxy_Butyric_Acid,47
39.75,E7_a-Hydroxy_Butyric_Acid,44
40.0,E7_a-Hydroxy_Butyric_Acid,45
40.25,E7_a-Hydroxy_Butyric_Acid,44
40.5,E7_a-Hydroxy_Butyric_Acid,44
40.75,E7_a-Hydroxy_Butyric_Acid,42
41.0,E7_a-Hydroxy_Butyric_Acid,46
41.25,E7_a-Hydroxy_Butyric_Acid,44
41.5,E7_a-Hydroxy_Butyric_Acid,43
41.75,E7_a-Hydroxy_Butyric_Acid,46
42.0,E7_a-Hydroxy_Butyric_Acid,49
42.25,E7_a-Hydroxy_Butyric_Acid,48
42.5,E7_a-Hydroxy_Butyric_Acid,42
42.75,E7_a-Hydroxy_Butyric_Acid,45
43.0,E7_a-Hydroxy_Butyric_Acid,46
43.25,E7_a-Hydroxy_Butyric_Acid,45
43.5,E7_a-Hydroxy_Butyric_Acid,45
43.75,E7_a-Hydroxy_Butyric_Acid,51
44.0,E7_a-Hydroxy_Butyric_Acid,45
44.25,E7_a-Hydroxy_Butyric_Acid,46
44.5,E7_a-Hydroxy_Butyric_Acid,47
44.75,E7_a-Hydroxy_Butyric_Acid,47
45.0,E7_a-Hydroxy_Butyric_Acid,42
45.25,E7_a-Hydroxy_Butyric_Acid,45
45.5,E7_a-Hydroxy_Butyric_Acid,48
45.75,E7_a-Hydroxy_Butyric_Acid,44
46.0,E7_a-Hydroxy_Butyric_Acid,48
46.25,E7_a-Hydroxy_Butyric_Acid,43
46.5,E7_a-Hydroxy_Butyric_Acid,49
46.75,E7_a-Hydroxy_Butyric_Acid,49
47.0,E7_a-Hydroxy_Butyric_Acid,46
47.25,E7_a-Hydroxy_Butyric_Acid,46
47.5,E7_a-Hydroxy_Butyric_Acid,0
0.0,E8_B-Methyl-D_Glucoside,21
0.25,E8_B-Methyl-D_Glucoside,18
0.5,E8_B-Methyl-D_Glucoside,24
0.75,E8_B-Methyl-D_Glucoside,19
1.0,E8_B-Methyl-D_Glucoside,19
1.25,E8_B-Methyl-D_Glucoside,23
1.5,E8_B-Methyl-D_Glucoside,30
1.75,E8_B-Methyl-D_Glucoside,23
2.0,E8_B-Methyl-D_Glucoside,18
2.25,E8_B-Methyl-D_Glucoside,13
2.5,E8_B-Methyl-D_Glucoside,15
2.75,E8_B-Methyl-D_Glucoside,11
3.0,E8_B-Methyl-D_Glucoside,15
3.25,E8_B-Methyl-D_Glucoside,12
3.5,E8_B-Methyl-D_Glucoside,11
3.75,E8_B-Methyl-D_Glucoside,11
4.0,E8_B-Methyl-D_Glucoside,12
4.25,E8_B-Methyl-D_Glucoside,12
4.5,E8_B-Methyl-D_Glucoside,13
4.75,E8_B-Methyl-D_Glucoside,13
5.0,E8_B-Methyl-D_Glucoside,12
5.25,E8_B-Methyl-D_Glucoside,15
5.5,E8_B-Methyl-D_Glucoside,17
5.75,E8_B-Methyl-D_Glucoside,15
6.0,E8_B-Methyl-D_Glucoside,11
6.25,E8_B-Methyl-D_Glucoside,14
6.5,E8_B-Methyl-D_Glucoside,17
6.75,E8_B-Methyl-D_Glucoside,16
7.0,E8_B-Methyl-D_Glucoside,21
7.25,E8_B-Methyl-D_Glucoside,20
7.5,E8_B-Methyl-D_Glucoside,24
7.75,E8_B-Methyl-D_Glucoside,23
8.0,E8_B-Methyl-D_Glucoside,28
8.25,E8_B-Methyl-D_Glucoside,27
8.5,E8_B-Methyl-D_Glucoside,28
8.75,E8_B-Methyl-D_Glucoside,30
9.0,E8_B-Methyl-D_Glucoside,30
9.25,E8_B-Methyl-D_Glucoside,30
9.5,E8_B-Methyl-D_Glucoside,24
9.75,E8_B-Methyl-D_Glucoside,25
10.0,E8_B-Methyl-D_Glucoside,30
10.25,E8_B-Methyl-D_Glucoside,30
10.5,E8_B-Methyl-D_Glucoside,31
10.75,E8_B-Methyl-D_Glucoside,21
11.0,E8_B-Methyl-D_Glucoside,30
11.25,E8_B-Methyl-D_Glucoside,32
11.5,E8_B-Methyl-D_Glucoside,28
11.75,E8_B-Methyl-D_Glucoside,31
12.0,E8_B-Methyl-D_Glucoside,31
12.25,E8_B-Methyl-D_Glucoside,30
12.5,E8_B-Methyl-D_Glucoside,29
12.75,E8_B-Methyl-D_Glucoside,30
13.0,E8_B-Methyl-D_Glucoside,30
13.25,E8_B-Methyl-D_Glucoside,28
13.5,E8_B-Methyl-D_Glucoside,28
13.75,E8_B-Methyl-D_Glucoside,29
14.0,E8_B-Methyl-D_Glucoside,24
14.25,E8_B-Methyl-D_Glucoside,28
14.5,E8_B-Methyl-D_Glucoside,32
14.75,E8_B-Methyl-D_Glucoside,34
15.0,E8_B-Methyl-D_Glucoside,29
15.25,E8_B-Methyl-D_Glucoside,30
15.5,E8_B-Methyl-D_Glucoside,30
15.75,E8_B-Methyl-D_Glucoside,29
16.0,E8_B-Methyl-D_Glucoside,28
16.25,E8_B-Methyl-D_Glucoside,31
16.5,E8_B-Methyl-D_Glucoside,32
16.75,E8_B-Methyl-D_Glucoside,34
17.0,E8_B-Methyl-D_Glucoside,26
17.25,E8_B-Methyl-D_Glucoside,31
17.5,E8_B-Methyl-D_Glucoside,29
17.75,E8_B-Methyl-D_Glucoside,32
18.0,E8_B-Methyl-D_Glucoside,29
18.25,E8_B-Methyl-D_Glucoside,32
18.5,E8_B-Methyl-D_Glucoside,33
18.75,E8_B-Methyl-D_Glucoside,31
19.0,E8_B-Methyl-D_Glucoside,31
19.25,E8_B-Methyl-D_Glucoside,30
19.5,E8_B-Methyl-D_Glucoside,30
19.75,E8_B-Methyl-D_Glucoside,32
20.0,E8_B-Methyl-D_Glucoside,34
20.25,E8_B-Methyl-D_Glucoside,34
20.5,E8_B-Methyl-D_Glucoside,30
20.75,E8_B-Methyl-D_Glucoside,37
21.0,E8_B-Methyl-D_Glucoside,33
21.25,E8_B-Methyl-D_Glucoside,32
21.5,E8_B-Methyl-D_Glucoside,32
21.75,E8_B-Methyl-D_Glucoside,33
22.0,E8_B-Methyl-D_Glucoside,35
22.25,E8_B-Methyl-D_Glucoside,31
22.5,E8_B-Methyl-D_Glucoside,33
22.75,E8_B-Methyl-D_Glucoside,36
23.0,E8_B-Methyl-D_Glucoside,32
23.25,E8_B-Methyl-D_Glucoside,37
23.5,E8_B-Methyl-D_Glucoside,36
23.75,E8_B-Methyl-D_Glucoside,36
24.0,E8_B-Methyl-D_Glucoside,32
24.25,E8_B-Methyl-D_Glucoside,34
24.5,E8_B-Methyl-D_Glucoside,34
24.75,E8_B-Methyl-D_Glucoside,38
25.0,E8_B-Methyl-D_Glucoside,33
25.25,E8_B-Methyl-D_Glucoside,37
25.5,E8_B-Methyl-D_Glucoside,38
25.75,E8_B-Methyl-D_Glucoside,32
26.0,E8_B-Methyl-D_Glucoside,33
26.25,E8_B-Methyl-D_Glucoside,34
26.5,E8_B-Methyl-D_Glucoside,32
26.75,E8_B-Methyl-D_Glucoside,37
27.0,E8_B-Methyl-D_Glucoside,37
27.25,E8_B-Methyl-D_Glucoside,34
27.5,E8_B-Methyl-D_Glucoside,34
27.75,E8_B-Methyl-D_Glucoside,35
28.0,E8_B-Methyl-D_Glucoside,33
28.25,E8_B-Methyl-D_Glucoside,33
28.5,E8_B-Methyl-D_Glucoside,36
28.75,E8_B-Methyl-D_Glucoside,34
29.0,E8_B-Methyl-D_Glucoside,34
29.25,E8_B-Methyl-D_Glucoside,35
29.5,E8_B-Methyl-D_Glucoside,38
29.75,E8_B-Methyl-D_Glucoside,32
30.0,E8_B-Methyl-D_Glucoside,32
30.25,E8_B-Methyl-D_Glucoside,33
30.5,E8_B-Methyl-D_Glucoside,35
30.75,E8_B-Methyl-D_Glucoside,37
31.0,E8_B-Methyl-D_Glucoside,36
31.25,E8_B-Methyl-D_Glucoside,36
31.5,E8_B-Methyl-D_Glucoside,38
31.75,E8_B-Methyl-D_Glucoside,37
32.0,E8_B-Methyl-D_Glucoside,37
32.25,E8_B-Methyl-D_Glucoside,35
32.5,E8_B-Methyl-D_Glucoside,37
32.75,E8_B-Methyl-D_Glucoside,38
33.0,E8_B-Methyl-D_Glucoside,35
33.25,E8_B-Methyl-D_Glucoside,33
33.5,E8_B-Methyl-D_Glucoside,37
33.75,E8_B-Methyl-D_Glucoside,40
34.0,E8_B-Methyl-D_Glucoside,33
34.25,E8_B-Methyl-D_Glucoside,36
34.5,E8_B-Methyl-D_Glucoside,36
34.75,E8_B-Methyl-D_Glucoside,33
35.0,E8_B-Methyl-D_Glucoside,38
35.25,E8_B-Methyl-D_Glucoside,35
35.5,E8_B-Methyl-D_Glucoside,38
35.75,E8_B-Methyl-D_Glucoside,39
36.0,E8_B-Methyl-D_Glucoside,37
36.25,E8_B-Methyl-D_Glucoside,35
36.5,E8_B-Methyl-D_Glucoside,35
36.75,E8_B-Methyl-D_Glucoside,38
37.0,E8_B-Methyl-D_Glucoside,36
37.25,E8_B-Methyl-D_Glucoside,37
37.5,E8_B-Methyl-D_Glucoside,36
37.75,E8_B-Methyl-D_Glucoside,37
38.0,E8_B-Methyl-D_Glucoside,36
38.25,E8_B-Methyl-D_Glucoside,38
38.5,E8_B-Methyl-D_Glucoside,35
38.75,E8_B-Methyl-D_Glucoside,36
39.0,E8_B-Methyl-D_Glucoside,35
39.25,E8_B-Methyl-D_Glucoside,36
39.5,E8_B-Methyl-D_Glucoside,38
39.75,E8_B-Methyl-D_Glucoside,32
40.0,E8_B-Methyl-D_Glucoside,37
40.25,E8_B-Methyl-D_Glucoside,40
40.5,E8_B-Methyl-D_Glucoside,39
40.75,E8_B-Methyl-D_Glucoside,33
41.0,E8_B-Methyl-D_Glucoside,36
41.25,E8_B-Methyl-D_Glucoside,36
41.5,E8_B-Methyl-D_Glucoside,37
41.75,E8_B-Methyl-D_Glucoside,36
42.0,E8_B-Methyl-D_Glucoside,35
42.25,E8_B-Methyl-D_Glucoside,37
42.5,E8_B-Methyl-D_Glucoside,33
42.75,E8_B-Methyl-D_Glucoside,35
43.0,E8_B-Methyl-D_Glucoside,40
43.25,E8_B-Methyl-D_Glucoside,36
43.5,E8_B-Methyl-D_Glucoside,36
43.75,E8_B-Methyl-D_Glucoside,35
44.0,E8_B-Methyl-D_Glucoside,40
44.25,E8_B-Methyl-D_Glucoside,35
44.5,E8_B-Methyl-D_Glucoside,36
44.75,E8_B-Methyl-D_Glucoside,37
45.0,E8_B-Methyl-D_Glucoside,39
45.25,E8_B-Methyl-D_Glucoside,38
45.5,E8_B-Methyl-D_Glucoside,38
45.75,E8_B-Methyl-D_Glucoside,36
46.0,E8_B-Methyl-D_Glucoside,39
46.25,E8_B-Methyl-D_Glucoside,38
46.5,E8_B-Methyl-D_Glucoside,37
46.75,E8_B-Methyl-D_Glucoside,39
47.0,E8_B-Methyl-D_Glucoside,36
47.25,E8_B-Methyl-D_Glucoside,36
47.5,E8_B-Methyl-D_Glucoside,0
0.0,E9_Adonitol,11
0.25,E9_Adonitol,24
0.5,E9_Adonitol,25
0.75,E9_Adonitol,27
1.0,E9_Adonitol,12
1.25,E9_Adonitol,11
1.5,E9_Adonitol,11
1.75,E9_Adonitol,12
2.0,E9_Adonitol,11
2.25,E9_Adonitol,11
2.5,E9_Adonitol,11
2.75,E9_Adonitol,12
3.0,E9_Adonitol,15
3.25,E9_Adonitol,13
3.5,E9_Adonitol,13
3.75,E9_Adonitol,14
4.0,E9_Adonitol,17
4.25,E9_Adonitol,16
4.5,E9_Adonitol,13
4.75,E9_Adonitol,15
5.0,E9_Adonitol,18
5.25,E9_Adonitol,15
5.5,E9_Adonitol,12
5.75,E9_Adonitol,18
6.0,E9_Adonitol,13
6.25,E9_Adonitol,17
6.5,E9_Adonitol,19
6.75,E9_Adonitol,19
7.0,E9_Adonitol,18
7.25,E9_Adonitol,18
7.5,E9_Adonitol,21
7.75,E9_Adonitol,24
8.0,E9_Adonitol,20
8.25,E9_Adonitol,23
8.5,E9_Adonitol,20
8.75,E9_Adonitol,25
9.0,E9_Adonitol,26
9.25,E9_Adonitol,24
9.5,E9_Adonitol,22
9.75,E9_Adonitol,22
10.0,E9_Adonitol,24
10.25,E9_Adonitol,22
10.5,E9_Adonitol,21
10.75,E9_Adonitol,25
11.0,E9_Adonitol,28
11.25,E9_Adonitol,23
11.5,E9_Adonitol,28
11.75,E9_Adonitol,27
12.0,E9_Adonitol,25
12.25,E9_Adonitol,27
12.5,E9_Adonitol,25
12.75,E9_Adonitol,25
13.0,E9_Adonitol,22
13.25,E9_Adonitol,22
13.5,E9_Adonitol,23
13.75,E9_Adonitol,26
14.0,E9_Adonitol,21
14.25,E9_Adonitol,27
14.5,E9_Adonitol,27
14.75,E9_Adonitol,36
15.0,E9_Adonitol,27
15.25,E9_Adonitol,26
15.5,E9_Adonitol,29
15.75,E9_Adonitol,28
16.0,E9_Adonitol,29
16.25,E9_Adonitol,30
16.5,E9_Adonitol,27
16.75,E9_Adonitol,29
17.0,E9_Adonitol,25
17.25,E9_Adonitol,27
17.5,E9_Adonitol,27
17.75,E9_Adonitol,31
18.0,E9_Adonitol,29
18.25,E9_Adonitol,30
18.5,E9_Adonitol,29
18.75,E9_Adonitol,34
19.0,E9_Adonitol,29
19.25,E9_Adonitol,30
19.5,E9_Adonitol,28
19.75,E9_Adonitol,31
20.0,E9_Adonitol,32
20.25,E9_Adonitol,27
20.5,E9_Adonitol,27
20.75,E9_Adonitol,28
21.0,E9_Adonitol,31
21.25,E9_Adonitol,28
21.5,E9_Adonitol,26
21.75,E9_Adonitol,31
22.0,E9_Adonitol,33
22.25,E9_Adonitol,31
22.5,E9_Adonitol,31
22.75,E9_Adonitol,30
23.0,E9_Adonitol,31
23.25,E9_Adonitol,34
23.5,E9_Adonitol,31
23.75,E9_Adonitol,31
24.0,E9_Adonitol,28
24.25,E9_Adonitol,29
24.5,E9_Adonitol,30
24.75,E9_Adonitol,31
25.0,E9_Adonitol,29
25.25,E9_Adonitol,29
25.5,E9_Adonitol,29
25.75,E9_Adonitol,29
26.0,E9_Adonitol,31
26.25,E9_Adonitol,31
26.5,E9_Adonitol,33
26.75,E9_Adonitol,32
27.0,E9_Adonitol,33
27.25,E9_Adonitol,26
27.5,E9_Adonitol,30
27.75,E9_Adonitol,35
28.0,E9_Adonitol,34
28.25,E9_Adonitol,34
28.5,E9_Adonitol,32
28.75,E9_Adonitol,33
29.0,E9_Adonitol,32
29.25,E9_Adonitol,32
29.5,E9_Adonitol,33
29.75,E9_Adonitol,32
30.0,E9_Adonitol,31
30.25,E9_Adonitol,31
30.5,E9_Adonitol,32
30.75,E9_Adonitol,32
31.0,E9_Adonitol,32
31.25,E9_Adonitol,32
31.5,E9_Adonitol,40
31.75,E9_Adonitol,32
32.0,E9_Adonitol,34
32.25,E9_Adonitol,35
32.5,E9_Adonitol,34
32.75,E9_Adonitol,33
33.0,E9_Adonitol,33
33.25,E9_Adonitol,29
33.5,E9_Adonitol,30
33.75,E9_Adonitol,32
34.0,E9_Adonitol,32
34.25,E9_Adonitol,36
34.5,E9_Adonitol,31
34.75,E9_Adonitol,33
35.0,E9_Adonitol,39
35.25,E9_Adonitol,29
35.5,E9_Adonitol,34
35.75,E9_Adonitol,36
36.0,E9_Adonitol,35
36.25,E9_Adonitol,34
36.5,E9_Adonitol,30
36.75,E9_Adonitol,32
37.0,E9_Adonitol,35
37.25,E9_Adonitol,34
37.5,E9_Adonitol,29
37.75,E9_Adonitol,38
38.0,E9_Adonitol,35
38.25,E9_Adonitol,33
38.5,E9_Adonitol,33
38.75,E9_Adonitol,33
39.0,E9_Adonitol,32
39.25,E9_Adonitol,37
39.5,E9_Adonitol,36
39.75,E9_Adonitol,32
40.0,E9_Adonitol,31
40.25,E9_Adonitol,34
40.5,E9_Adonitol,33
40.75,E9_Adonitol,39
41.0,E9_Adonitol,37
41.25,E9_Adonitol,32
41.5,E9_Adonitol,32
41.75,E9_Adonitol,34
42.0,E9_Adonitol,32
42.25,E9_Adonitol,33
42.5,E9_Adonitol,31
42.75,E9_Adonitol,35
43.0,E9_Adonitol,38
43.25,E9_Adonitol,32
43.5,E9_Adonitol,33
43.75,E9_Adonitol,30
44.0,E9_Adonitol,35
44.25,E9_Adonitol,31
44.5,E9_Adonitol,35
44.75,E9_Adonitol,31
45.0,E9_Adonitol,32
45.25,E9_Adonitol,35
45.5,E9_Adonitol,36
45.75,E9_Adonitol,32
46.0,E9_Adonitol,33
46.25,E9_Adonitol,33
46.5,E9_Adonitol,33
46.75,E9_Adonitol,36
47.0,E9_Adonitol,31
47.25,E9_Adonitol,34
47.5,E9_Adonitol,0
0.0,E10_Maltotriose,38
0.25,E10_Maltotriose,28
0.5,E10_Maltotriose,11
0.75,E10_Maltotriose,11
1.0,E10_Maltotriose,11
1.25,E10_Maltotriose,11
1.5,E10_Maltotriose,11
1.75,E10_Maltotriose,11
2.0,E10_Maltotriose,11
2.25,E10_Maltotriose,11
2.5,E10_Maltotriose,11
2.75,E10_Maltotriose,11
3.0,E10_Maltotriose,11
3.25,E10_Maltotriose,11
3.5,E10_Maltotriose,11
3.75,E10_Maltotriose,11
4.0,E10_Maltotriose,11
4.25,E10_Maltotriose,13
4.5,E10_Maltotriose,11
4.75,E10_Maltotriose,11
5.0,E10_Maltotriose,11
5.25,E10_Maltotriose,11
5.5,E10_Maltotriose,11
5.75,E10_Maltotriose,15
6.0,E10_Maltotriose,13
6.25,E10_Maltotriose,16
6.5,E10_Maltotriose,11
6.75,E10_Maltotriose,18
7.0,E10_Maltotriose,19
7.25,E10_Maltotriose,22
7.5,E10_Maltotriose,27
7.75,E10_Maltotriose,27
8.0,E10_Maltotriose,30
8.25,E10_Maltotriose,31
8.5,E10_Maltotriose,37
8.75,E10_Maltotriose,43
9.0,E10_Maltotriose,41
9.25,E10_Maltotriose,50
9.5,E10_Maltotriose,55
9.75,E10_Maltotriose,52
10.0,E10_Maltotriose,59
10.25,E10_Maltotriose,63
10.5,E10_Maltotriose,63
10.75,E10_Maltotriose,70
11.0,E10_Maltotriose,73
11.25,E10_Maltotriose,80
11.5,E10_Maltotriose,78
11.75,E10_Maltotriose,87
12.0,E10_Maltotriose,87
12.25,E10_Maltotriose,92
12.5,E10_Maltotriose,97
12.75,E10_Maltotriose,100
13.0,E10_Maltotriose,103
13.25,E10_Maltotriose,110
13.5,E10_Maltotriose,111
13.75,E10_Maltotriose,113
14.0,E10_Maltotriose,115
14.25,E10_Maltotriose,121
14.5,E10_Maltotriose,120
14.75,E10_Maltotriose,126
15.0,E10_Maltotriose,133
15.25,E10_Maltotriose,140
15.5,E10_Maltotriose,143
15.75,E10_Maltotriose,140
16.0,E10_Maltotriose,146
16.25,E10_Maltotriose,150
16.5,E10_Maltotriose,145
16.75,E10_Maltotriose,149
17.0,E10_Maltotriose,151
17.25,E10_Maltotriose,158
17.5,E10_Maltotriose,156
17.75,E10_Maltotriose,163
18.0,E10_Maltotriose,165
18.25,E10_Maltotriose,170
18.5,E10_Maltotriose,175
18.75,E10_Maltotriose,172
19.0,E10_Maltotriose,178
19.25,E10_Maltotriose,177
19.5,E10_Maltotriose,180
19.75,E10_Maltotriose,187
20.0,E10_Maltotriose,188
20.25,E10_Maltotriose,188
20.5,E10_Maltotriose,194
20.75,E10_Maltotriose,193
21.0,E10_Maltotriose,196
21.25,E10_Maltotriose,200
21.5,E10_Maltotriose,201
21.75,E10_Maltotriose,205
22.0,E10_Maltotriose,206
22.25,E10_Maltotriose,208
22.5,E10_Maltotriose,212
22.75,E10_Maltotriose,212
23.0,E10_Maltotriose,216
23.25,E10_Maltotriose,216
23.5,E10_Maltotriose,217
23.75,E10_Maltotriose,220
24.0,E10_Maltotriose,224
24.25,E10_Maltotriose,227
24.5,E10_Maltotriose,226
24.75,E10_Maltotriose,228
25.0,E10_Maltotriose,230
25.25,E10_Maltotriose,234
25.5,E10_Maltotriose,231
25.75,E10_Maltotriose,236
26.0,E10_Maltotriose,235
26.25,E10_Maltotriose,239
26.5,E10_Maltotriose,242
26.75,E10_Maltotriose,245
27.0,E10_Maltotriose,246
27.25,E10_Maltotriose,245
27.5,E10_Maltotriose,248
27.75,E10_Maltotriose,251
28.0,E10_Maltotriose,246
28.25,E10_Maltotriose,246
28.5,E10_Maltotriose,251
28.75,E10_Maltotriose,253
29.0,E10_Maltotriose,254
29.25,E10_Maltotriose,255
29.5,E10_Maltotriose,254
29.75,E10_Maltotriose,256
30.0,E10_Maltotriose,255
30.25,E10_Maltotriose,257
30.5,E10_Maltotriose,258
30.75,E10_Maltotriose,257
31.0,E10_Maltotriose,261
31.25,E10_Maltotriose,261
31.5,E10_Maltotriose,262
31.75,E10_Maltotriose,259
32.0,E10_Maltotriose,263
32.25,E10_Maltotriose,263
32.5,E10_Maltotriose,266
32.75,E10_Maltotriose,263
33.0,E10_Maltotriose,267
33.25,E10_Maltotriose,265
33.5,E10_Maltotriose,264
33.75,E10_Maltotriose,267
34.0,E10_Maltotriose,266
34.25,E10_Maltotriose,267
34.5,E10_Maltotriose,268
34.75,E10_Maltotriose,265
35.0,E10_Maltotriose,265
35.25,E10_Maltotriose,268
35.5,E10_Maltotriose,270
35.75,E10_Maltotriose,271
36.0,E10_Maltotriose,269
36.25,E10_Maltotriose,271
36.5,E10_Maltotriose,268
36.75,E10_Maltotriose,271
37.0,E10_Maltotriose,272
37.25,E10_Maltotriose,269
37.5,E10_Maltotriose,271
37.75,E10_Maltotriose,273
38.0,E10_Maltotriose,271
38.25,E10_Maltotriose,268
38.5,E10_Maltotriose,272
38.75,E10_Maltotriose,270
39.0,E10_Maltotriose,271
39.25,E10_Maltotriose,269
39.5,E10_Maltotriose,270
39.75,E10_Maltotriose,271
40.0,E10_Maltotriose,271
40.25,E10_Maltotriose,270
40.5,E10_Maltotriose,275
40.75,E10_Maltotriose,275
41.0,E10_Maltotriose,273
41.25,E10_Maltotriose,273
41.5,E10_Maltotriose,275
41.75,E10_Maltotriose,271
42.0,E10_Maltotriose,273
42.25,E10_Maltotriose,273
42.5,E10_Maltotriose,277
42.75,E10_Maltotriose,277
43.0,E10_Maltotriose,272
43.25,E10_Maltotriose,274
43.5,E10_Maltotriose,273
43.75,E10_Maltotriose,278
44.0,E10_Maltotriose,277
44.25,E10_Maltotriose,277
44.5,E10_Maltotriose,277
44.75,E10_Maltotriose,277
45.0,E10_Maltotriose,277
45.25,E10_Maltotriose,277
45.5,E10_Maltotriose,275
45.75,E10_Maltotriose,276
46.0,E10_Maltotriose,275
46.25,E10_Maltotriose,279
46.5,E10_Maltotriose,281
46.75,E10_Maltotriose,277
47.0,E10_Maltotriose,280
47.25,E10_Maltotriose,278
47.5,E10_Maltotriose,0
0.0,E11_2-DeoxyAdenosine,11
0.25,E11_2-DeoxyAdenosine,22
0.5,E11_2-DeoxyAdenosine,15
0.75,E11_2-DeoxyAdenosine,13
1.0,E11_2-DeoxyAdenosine,11
1.25,E11_2-DeoxyAdenosine,12
1.5,E11_2-DeoxyAdenosine,13
1.75,E11_2-DeoxyAdenosine,21
2.0,E11_2-DeoxyAdenosine,11
2.25,E11_2-DeoxyAdenosine,13
2.5,E11_2-DeoxyAdenosine,11
2.75,E11_2-DeoxyAdenosine,15
3.0,E11_2-DeoxyAdenosine,18
3.25,E11_2-DeoxyAdenosine,15
3.5,E11_2-DeoxyAdenosine,12
3.75,E11_2-DeoxyAdenosine,12
4.0,E11_2-DeoxyAdenosine,14
4.25,E11_2-DeoxyAdenosine,13
4.5,E11_2-DeoxyAdenosine,14
4.75,E11_2-DeoxyAdenosine,11
5.0,E11_2-DeoxyAdenosine,15
5.25,E11_2-DeoxyAdenosine,14
5.5,E11_2-DeoxyAdenosine,14
5.75,E11_2-DeoxyAdenosine,12
6.0,E11_2-DeoxyAdenosine,13
6.25,E11_2-DeoxyAdenosine,19
6.5,E11_2-DeoxyAdenosine,18
6.75,E11_2-DeoxyAdenosine,20
7.0,E11_2-DeoxyAdenosine,16
7.25,E11_2-DeoxyAdenosine,19
7.5,E11_2-DeoxyAdenosine,15
7.75,E11_2-DeoxyAdenosine,18
8.0,E11_2-DeoxyAdenosine,20
8.25,E11_2-DeoxyAdenosine,21
8.5,E11_2-DeoxyAdenosine,19
8.75,E11_2-DeoxyAdenosine,19
9.0,E11_2-DeoxyAdenosine,20
9.25,E11_2-DeoxyAdenosine,19
9.5,E11_2-DeoxyAdenosine,24
9.75,E11_2-DeoxyAdenosine,23
10.0,E11_2-DeoxyAdenosine,22
10.25,E11_2-DeoxyAdenosine,23
10.5,E11_2-DeoxyAdenosine,24
10.75,E11_2-DeoxyAdenosine,28
11.0,E11_2-DeoxyAdenosine,24
11.25,E11_2-DeoxyAdenosine,29
11.5,E11_2-DeoxyAdenosine,31
11.75,E11_2-DeoxyAdenosine,27
12.0,E11_2-DeoxyAdenosine,28
12.25,E11_2-DeoxyAdenosine,29
12.5,E11_2-DeoxyAdenosine,30
12.75,E11_2-DeoxyAdenosine,28
13.0,E11_2-DeoxyAdenosine,31
13.25,E11_2-DeoxyAdenosine,28
13.5,E11_2-DeoxyAdenosine,33
13.75,E11_2-DeoxyAdenosine,35
14.0,E11_2-DeoxyAdenosine,27
14.25,E11_2-DeoxyAdenosine,34
14.5,E11_2-DeoxyAdenosine,33
14.75,E11_2-DeoxyAdenosine,36
15.0,E11_2-DeoxyAdenosine,35
15.25,E11_2-DeoxyAdenosine,40
15.5,E11_2-DeoxyAdenosine,38
15.75,E11_2-DeoxyAdenosine,41
16.0,E11_2-DeoxyAdenosine,46
16.25,E11_2-DeoxyAdenosine,38
16.5,E11_2-DeoxyAdenosine,42
16.75,E11_2-DeoxyAdenosine,41
17.0,E11_2-DeoxyAdenosine,42
17.25,E11_2-DeoxyAdenosine,41
17.5,E11_2-DeoxyAdenosine,43
17.75,E11_2-DeoxyAdenosine,48
18.0,E11_2-DeoxyAdenosine,47
18.25,E11_2-DeoxyAdenosine,50
18.5,E11_2-DeoxyAdenosine,51
18.75,E11_2-DeoxyAdenosine,50
19.0,E11_2-DeoxyAdenosine,54
19.25,E11_2-DeoxyAdenosine,51
19.5,E11_2-DeoxyAdenosine,56
19.75,E11_2-DeoxyAdenosine,54
20.0,E11_2-DeoxyAdenosine,54
20.25,E11_2-DeoxyAdenosine,52
20.5,E11_2-DeoxyAdenosine,56
20.75,E11_2-DeoxyAdenosine,60
21.0,E11_2-DeoxyAdenosine,58
21.25,E11_2-DeoxyAdenosine,58
21.5,E11_2-DeoxyAdenosine,60
21.75,E11_2-DeoxyAdenosine,55
22.0,E11_2-DeoxyAdenosine,61
22.25,E11_2-DeoxyAdenosine,59
22.5,E11_2-DeoxyAdenosine,62
22.75,E11_2-DeoxyAdenosine,65
23.0,E11_2-DeoxyAdenosine,68
23.25,E11_2-DeoxyAdenosine,72
23.5,E11_2-DeoxyAdenosine,70
23.75,E11_2-DeoxyAdenosine,69
24.0,E11_2-DeoxyAdenosine,78
24.25,E11_2-DeoxyAdenosine,74
24.5,E11_2-DeoxyAdenosine,71
24.75,E11_2-DeoxyAdenosine,71
25.0,E11_2-DeoxyAdenosine,77
25.25,E11_2-DeoxyAdenosine,78
25.5,E11_2-DeoxyAdenosine,80
25.75,E11_2-DeoxyAdenosine,83
26.0,E11_2-DeoxyAdenosine,77
26.25,E11_2-DeoxyAdenosine,82
26.5,E11_2-DeoxyAdenosine,82
26.75,E11_2-DeoxyAdenosine,88
27.0,E11_2-DeoxyAdenosine,90
27.25,E11_2-DeoxyAdenosine,89
27.5,E11_2-DeoxyAdenosine,88
27.75,E11_2-DeoxyAdenosine,93
28.0,E11_2-DeoxyAdenosine,90
28.25,E11_2-DeoxyAdenosine,91
28.5,E11_2-DeoxyAdenosine,97
28.75,E11_2-DeoxyAdenosine,98
29.0,E11_2-DeoxyAdenosine,99
29.25,E11_2-DeoxyAdenosine,102
29.5,E11_2-DeoxyAdenosine,99
29.75,E11_2-DeoxyAdenosine,107
30.0,E11_2-DeoxyAdenosine,102
30.25,E11_2-DeoxyAdenosine,111
30.5,E11_2-DeoxyAdenosine,111
30.75,E11_2-DeoxyAdenosine,111
31.0,E11_2-DeoxyAdenosine,113
31.25,E11_2-DeoxyAdenosine,115
31.5,E11_2-DeoxyAdenosine,119
31.75,E11_2-DeoxyAdenosine,119
32.0,E11_2-DeoxyAdenosine,120
32.25,E11_2-DeoxyAdenosine,127
32.5,E11_2-DeoxyAdenosine,128
32.75,E11_2-DeoxyAdenosine,128
33.0,E11_2-DeoxyAdenosine,135
33.25,E11_2-DeoxyAdenosine,133
33.5,E11_2-DeoxyAdenosine,138
33.75,E11_2-DeoxyAdenosine,140
34.0,E11_2-DeoxyAdenosine,142
34.25,E11_2-DeoxyAdenosine,144
34.5,E11_2-DeoxyAdenosine,145
34.75,E11_2-DeoxyAdenosine,146
35.0,E11_2-DeoxyAdenosine,153
35.25,E11_2-DeoxyAdenosine,158
35.5,E11_2-DeoxyAdenosine,158
35.75,E11_2-DeoxyAdenosine,162
36.0,E11_2-DeoxyAdenosine,164
36.25,E11_2-DeoxyAdenosine,166
36.5,E11_2-DeoxyAdenosine,170
36.75,E11_2-DeoxyAdenosine,173
37.0,E11_2-DeoxyAdenosine,175
37.25,E11_2-DeoxyAdenosine,179
37.5,E11_2-DeoxyAdenosine,181
37.75,E11_2-DeoxyAdenosine,185
38.0,E11_2-DeoxyAdenosine,190
38.25,E11_2-DeoxyAdenosine,195
38.5,E11_2-DeoxyAdenosine,195
38.75,E11_2-DeoxyAdenosine,195
39.0,E11_2-DeoxyAdenosine,200
39.25,E11_2-DeoxyAdenosine,204
39.5,E11_2-DeoxyAdenosine,203
39.75,E11_2-DeoxyAdenosine,208
40.0,E11_2-DeoxyAdenosine,213
40.25,E11_2-DeoxyAdenosine,214
40.5,E11_2-DeoxyAdenosine,219
40.75,E11_2-DeoxyAdenosine,219
41.0,E11_2-DeoxyAdenosine,222
41.25,E11_2-DeoxyAdenosine,223
41.5,E11_2-DeoxyAdenosine,224
41.75,E11_2-DeoxyAdenosine,231
42.0,E11_2-DeoxyAdenosine,228
42.25,E11_2-DeoxyAdenosine,233
42.5,E11_2-DeoxyAdenosine,236
42.75,E11_2-DeoxyAdenosine,236
43.0,E11_2-DeoxyAdenosine,242
43.25,E11_2-DeoxyAdenosine,241
43.5,E11_2-DeoxyAdenosine,238
43.75,E11_2-DeoxyAdenosine,244
44.0,E11_2-DeoxyAdenosine,245
44.25,E11_2-DeoxyAdenosine,244
44.5,E11_2-DeoxyAdenosine,246
44.75,E11_2-DeoxyAdenosine,248
45.0,E11_2-DeoxyAdenosine,247
45.25,E11_2-DeoxyAdenosine,255
45.5,E11_2-DeoxyAdenosine,250
45.75,E11_2-DeoxyAdenosine,252
46.0,E11_2-DeoxyAdenosine,250
46.25,E11_2-DeoxyAdenosine,254
46.5,E11_2-DeoxyAdenosine,254
46.75,E11_2-DeoxyAdenosine,253
47.0,E11_2-DeoxyAdenosine,252
47.25,E11_2-DeoxyAdenosine,254
47.5,E11_2-DeoxyAdenosine,0
0.0,E12_Adenosine,21
0.25,E12_Adenosine,15
0.5,E12_Adenosine,16
0.75,E12_Adenosine,16
1.0,E12_Adenosine,18
1.25,E12_Adenosine,19
1.5,E12_Adenosine,18
1.75,E12_Adenosine,21
2.0,E12_Adenosine,14
2.25,E12_Adenosine,17
2.5,E12_Adenosine,15
2.75,E12_Adenosine,21
3.0,E12_Adenosine,20
3.25,E12_Adenosine,15
3.5,E12_Adenosine,18
3.75,E12_Adenosine,21
4.0,E12_Adenosine,17
4.25,E12_Adenosine,17
4.5,E12_Adenosine,20
4.75,E12_Adenosine,16
5.0,E12_Adenosine,17
5.25,E12_Adenosine,18
5.5,E12_Adenosine,16
5.75,E12_Adenosine,22
6.0,E12_Adenosine,20
6.25,E12_Adenosine,18
6.5,E12_Adenosine,21
6.75,E12_Adenosine,20
7.0,E12_Adenosine,25
7.25,E12_Adenosine,23
7.5,E12_Adenosine,26
7.75,E12_Adenosine,26
8.0,E12_Adenosine,32
8.25,E12_Adenosine,28
8.5,E12_Adenosine,28
8.75,E12_Adenosine,30
9.0,E12_Adenosine,36
9.25,E12_Adenosine,32
9.5,E12_Adenosine,32
9.75,E12_Adenosine,34
10.0,E12_Adenosine,37
10.25,E12_Adenosine,37
10.5,E12_Adenosine,37
10.75,E12_Adenosine,39
11.0,E12_Adenosine,39
11.25,E12_Adenosine,43
11.5,E12_Adenosine,48
11.75,E12_Adenosine,43
12.0,E12_Adenosine,49
12.25,E12_Adenosine,47
12.5,E12_Adenosine,49
12.75,E12_Adenosine,52
13.0,E12_Adenosine,50
13.25,E12_Adenosine,54
13.5,E12_Adenosine,54
13.75,E12_Adenosine,57
14.0,E12_Adenosine,56
14.25,E12_Adenosine,60
14.5,E12_Adenosine,63
14.75,E12_Adenosine,65
15.0,E12_Adenosine,67
15.25,E12_Adenosine,71
15.5,E12_Adenosine,68
15.75,E12_Adenosine,68
16.0,E12_Adenosine,73
16.25,E12_Adenosine,75
16.5,E12_Adenosine,76
16.75,E12_Adenosine,76
17.0,E12_Adenosine,80
17.25,E12_Adenosine,81
17.5,E12_Adenosine,80
17.75,E12_Adenosine,83
18.0,E12_Adenosine,87
18.25,E12_Adenosine,87
18.5,E12_Adenosine,88
18.75,E12_Adenosine,88
19.0,E12_Adenosine,96
19.25,E12_Adenosine,93
19.5,E12_Adenosine,97
19.75,E12_Adenosine,101
20.0,E12_Adenosine,102
20.25,E12_Adenosine,96
20.5,E12_Adenosine,101
20.75,E12_Adenosine,105
21.0,E12_Adenosine,108
21.25,E12_Adenosine,109
21.5,E12_Adenosine,111
21.75,E12_Adenosine,107
22.0,E12_Adenosine,116
22.25,E12_Adenosine,113
22.5,E12_Adenosine,117
22.75,E12_Adenosine,117
23.0,E12_Adenosine,124
23.25,E12_Adenosine,124
23.5,E12_Adenosine,127
23.75,E12_Adenosine,124
24.0,E12_Adenosine,134
24.25,E12_Adenosine,134
24.5,E12_Adenosine,139
24.75,E12_Adenosine,142
25.0,E12_Adenosine,146
25.25,E12_Adenosine,150
25.5,E12_Adenosine,155
25.75,E12_Adenosine,163
26.0,E12_Adenosine,172
26.25,E12_Adenosine,176
26.5,E12_Adenosine,179
26.75,E12_Adenosine,188
27.0,E12_Adenosine,193
27.25,E12_Adenosine,199
27.5,E12_Adenosine,205
27.75,E12_Adenosine,212
28.0,E12_Adenosine,220
28.25,E12_Adenosine,226
28.5,E12_Adenosine,227
28.75,E12_Adenosine,231
29.0,E12_Adenosine,233
29.25,E12_Adenosine,231
29.5,E12_Adenosine,228
29.75,E12_Adenosine,228
30.0,E12_Adenosine,225
30.25,E12_Adenosine,226
30.5,E12_Adenosine,228
30.75,E12_Adenosine,230
31.0,E12_Adenosine,224
31.25,E12_Adenosine,227
31.5,E12_Adenosine,226
31.75,E12_Adenosine,228
32.0,E12_Adenosine,228
32.25,E12_Adenosine,224
32.5,E12_Adenosine,225
32.75,E12_Adenosine,226
33.0,E12_Adenosine,224
33.25,E12_Adenosine,225
33.5,E12_Adenosine,224
33.75,E12_Adenosine,226
34.0,E12_Adenosine,226
34.25,E12_Adenosine,222
34.5,E12_Adenosine,224
34.75,E12_Adenosine,226
35.0,E12_Adenosine,225
35.25,E12_Adenosine,224
35.5,E12_Adenosine,224
35.75,E12_Adenosine,225
36.0,E12_Adenosine,226
36.25,E12_Adenosine,222
36.5,E12_Adenosine,223
36.75,E12_Adenosine,225
37.0,E12_Adenosine,228
37.25,E12_Adenosine,223
37.5,E12_Adenosine,227
37.75,E12_Adenosine,222
38.0,E12_Adenosine,225
38.25,E12_Adenosine,224
38.5,E12_Adenosine,219
38.75,E12_Adenosine,223
39.0,E12_Adenosine,222
39.25,E12_Adenosine,222
39.5,E12_Adenosine,225
39.75,E12_Adenosine,222
40.0,E12_Adenosine,220
40.25,E12_Adenosine,220
40.5,E12_Adenosine,222
40.75,E12_Adenosine,222
41.0,E12_Adenosine,223
41.25,E12_Adenosine,220
41.5,E12_Adenosine,222
41.75,E12_Adenosine,222
42.0,E12_Adenosine,220
42.25,E12_Adenosine,223
42.5,E12_Adenosine,220
42.75,E12_Adenosine,219
43.0,E12_Adenosine,225
43.25,E12_Adenosine,221
43.5,E12_Adenosine,217
43.75,E12_Adenosine,221
44.0,E12_Adenosine,222
44.25,E12_Adenosine,221
44.5,E12_Adenosine,223
44.75,E12_Adenosine,219
45.0,E12_Adenosine,222
45.25,E12_Adenosine,218
45.5,E12_Adenosine,221
45.75,E12_Adenosine,222
46.0,E12_Adenosine,223
46.25,E12_Adenosine,222
46.5,E12_Adenosine,219
46.75,E12_Adenosine,224
47.0,E12_Adenosine,220
47.25,E12_Adenosine,220
47.5,E12_Adenosine,0
0.0,F1_Glycyl-L-Aspartic_Acid,55
0.25,F1_Glycyl-L-Aspartic_Acid,25
0.5,F1_Glycyl-L-Aspartic_Acid,15
0.75,F1_Glycyl-L-Aspartic_Acid,19
1.0,F1_Glycyl-L-Aspartic_Acid,20
1.25,F1_Glycyl-L-Aspartic_Acid,22
1.5,F1_Glycyl-L-Aspartic_Acid,19
1.75,F1_Glycyl-L-Aspartic_Acid,25
2.0,F1_Glycyl-L-Aspartic_Acid,20
2.25,F1_Glycyl-L-Aspartic_Acid,18
2.5,F1_Glycyl-L-Aspartic_Acid,17
2.75,F1_Glycyl-L-Aspartic_Acid,20
3.0,F1_Glycyl-L-Aspartic_Acid,21
3.25,F1_Glycyl-L-Aspartic_Acid,15
3.5,F1_Glycyl-L-Aspartic_Acid,14
3.75,F1_Glycyl-L-Aspartic_Acid,19
4.0,F1_Glycyl-L-Aspartic_Acid,13
4.25,F1_Glycyl-L-Aspartic_Acid,20
4.5,F1_Glycyl-L-Aspartic_Acid,19
4.75,F1_Glycyl-L-Aspartic_Acid,20
5.0,F1_Glycyl-L-Aspartic_Acid,16
5.25,F1_Glycyl-L-Aspartic_Acid,18
5.5,F1_Glycyl-L-Aspartic_Acid,20
5.75,F1_Glycyl-L-Aspartic_Acid,16
6.0,F1_Glycyl-L-Aspartic_Acid,18
6.25,F1_Glycyl-L-Aspartic_Acid,19
6.5,F1_Glycyl-L-Aspartic_Acid,21
6.75,F1_Glycyl-L-Aspartic_Acid,23
7.0,F1_Glycyl-L-Aspartic_Acid,23
7.25,F1_Glycyl-L-Aspartic_Acid,21
7.5,F1_Glycyl-L-Aspartic_Acid,23
7.75,F1_Glycyl-L-Aspartic_Acid,22
8.0,F1_Glycyl-L-Aspartic_Acid,27
8.25,F1_Glycyl-L-Aspartic_Acid,29
8.5,F1_Glycyl-L-Aspartic_Acid,31
8.75,F1_Glycyl-L-Aspartic_Acid,32
9.0,F1_Glycyl-L-Aspartic_Acid,36
9.25,F1_Glycyl-L-Aspartic_Acid,31
9.5,F1_Glycyl-L-Aspartic_Acid,35
9.75,F1_Glycyl-L-Aspartic_Acid,36
10.0,F1_Glycyl-L-Aspartic_Acid,38
10.25,F1_Glycyl-L-Aspartic_Acid,37
10.5,F1_Glycyl-L-Aspartic_Acid,40
10.75,F1_Glycyl-L-Aspartic_Acid,36
11.0,F1_Glycyl-L-Aspartic_Acid,40
11.25,F1_Glycyl-L-Aspartic_Acid,41
11.5,F1_Glycyl-L-Aspartic_Acid,43
11.75,F1_Glycyl-L-Aspartic_Acid,40
12.0,F1_Glycyl-L-Aspartic_Acid,40
12.25,F1_Glycyl-L-Aspartic_Acid,43
12.5,F1_Glycyl-L-Aspartic_Acid,38
12.75,F1_Glycyl-L-Aspartic_Acid,43
13.0,F1_Glycyl-L-Aspartic_Acid,46
13.25,F1_Glycyl-L-Aspartic_Acid,46
13.5,F1_Glycyl-L-Aspartic_Acid,44
13.75,F1_Glycyl-L-Aspartic_Acid,46
14.0,F1_Glycyl-L-Aspartic_Acid,47
14.25,F1_Glycyl-L-Aspartic_Acid,47
14.5,F1_Glycyl-L-Aspartic_Acid,51
14.75,F1_Glycyl-L-Aspartic_Acid,49
15.0,F1_Glycyl-L-Aspartic_Acid,43
15.25,F1_Glycyl-L-Aspartic_Acid,44
15.5,F1_Glycyl-L-Aspartic_Acid,44
15.75,F1_Glycyl-L-Aspartic_Acid,49
16.0,F1_Glycyl-L-Aspartic_Acid,48
16.25,F1_Glycyl-L-Aspartic_Acid,42
16.5,F1_Glycyl-L-Aspartic_Acid,49
16.75,F1_Glycyl-L-Aspartic_Acid,47
17.0,F1_Glycyl-L-Aspartic_Acid,48
17.25,F1_Glycyl-L-Aspartic_Acid,44
17.5,F1_Glycyl-L-Aspartic_Acid,45
17.75,F1_Glycyl-L-Aspartic_Acid,48
18.0,F1_Glycyl-L-Aspartic_Acid,47
18.25,F1_Glycyl-L-Aspartic_Acid,48
18.5,F1_Glycyl-L-Aspartic_Acid,51
18.75,F1_Glycyl-L-Aspartic_Acid,51
19.0,F1_Glycyl-L-Aspartic_Acid,49
19.25,F1_Glycyl-L-Aspartic_Acid,47
19.5,F1_Glycyl-L-Aspartic_Acid,48
19.75,F1_Glycyl-L-Aspartic_Acid,49
20.0,F1_Glycyl-L-Aspartic_Acid,49
20.25,F1_Glycyl-L-Aspartic_Acid,52
20.5,F1_Glycyl-L-Aspartic_Acid,51
20.75,F1_Glycyl-L-Aspartic_Acid,52
21.0,F1_Glycyl-L-Aspartic_Acid,52
21.25,F1_Glycyl-L-Aspartic_Acid,49
21.5,F1_Glycyl-L-Aspartic_Acid,48
21.75,F1_Glycyl-L-Aspartic_Acid,53
22.0,F1_Glycyl-L-Aspartic_Acid,49
22.25,F1_Glycyl-L-Aspartic_Acid,48
22.5,F1_Glycyl-L-Aspartic_Acid,47
22.75,F1_Glycyl-L-Aspartic_Acid,51
23.0,F1_Glycyl-L-Aspartic_Acid,52
23.25,F1_Glycyl-L-Aspartic_Acid,50
23.5,F1_Glycyl-L-Aspartic_Acid,46
23.75,F1_Glycyl-L-Aspartic_Acid,51
24.0,F1_Glycyl-L-Aspartic_Acid,54
24.25,F1_Glycyl-L-Aspartic_Acid,51
24.5,F1_Glycyl-L-Aspartic_Acid,52
24.75,F1_Glycyl-L-Aspartic_Acid,54
25.0,F1_Glycyl-L-Aspartic_Acid,53
25.25,F1_Glycyl-L-Aspartic_Acid,54
25.5,F1_Glycyl-L-Aspartic_Acid,51
25.75,F1_Glycyl-L-Aspartic_Acid,52
26.0,F1_Glycyl-L-Aspartic_Acid,50
26.25,F1_Glycyl-L-Aspartic_Acid,51
26.5,F1_Glycyl-L-Aspartic_Acid,52
26.75,F1_Glycyl-L-Aspartic_Acid,52
27.0,F1_Glycyl-L-Aspartic_Acid,51
27.25,F1_Glycyl-L-Aspartic_Acid,51
27.5,F1_Glycyl-L-Aspartic_Acid,52
27.75,F1_Glycyl-L-Aspartic_Acid,52
28.0,F1_Glycyl-L-Aspartic_Acid,51
28.25,F1_Glycyl-L-Aspartic_Acid,54
28.5,F1_Glycyl-L-Aspartic_Acid,52
28.75,F1_Glycyl-L-Aspartic_Acid,54
29.0,F1_Glycyl-L-Aspartic_Acid,52
29.25,F1_Glycyl-L-Aspartic_Acid,51
29.5,F1_Glycyl-L-Aspartic_Acid,54
29.75,F1_Glycyl-L-Aspartic_Acid,51
30.0,F1_Glycyl-L-Aspartic_Acid,51
30.25,F1_Glycyl-L-Aspartic_Acid,52
30.5,F1_Glycyl-L-Aspartic_Acid,53
30.75,F1_Glycyl-L-Aspartic_Acid,54
31.0,F1_Glycyl-L-Aspartic_Acid,55
31.25,F1_Glycyl-L-Aspartic_Acid,52
31.5,F1_Glycyl-L-Aspartic_Acid,53
31.75,F1_Glycyl-L-Aspartic_Acid,50
32.0,F1_Glycyl-L-Aspartic_Acid,58
32.25,F1_Glycyl-L-Aspartic_Acid,50
32.5,F1_Glycyl-L-Aspartic_Acid,53
32.75,F1_Glycyl-L-Aspartic_Acid,52
33.0,F1_Glycyl-L-Aspartic_Acid,50
33.25,F1_Glycyl-L-Aspartic_Acid,52
33.5,F1_Glycyl-L-Aspartic_Acid,49
33.75,F1_Glycyl-L-Aspartic_Acid,56
34.0,F1_Glycyl-L-Aspartic_Acid,56
34.25,F1_Glycyl-L-Aspartic_Acid,56
34.5,F1_Glycyl-L-Aspartic_Acid,54
34.75,F1_Glycyl-L-Aspartic_Acid,51
35.0,F1_Glycyl-L-Aspartic_Acid,54
35.25,F1_Glycyl-L-Aspartic_Acid,51
35.5,F1_Glycyl-L-Aspartic_Acid,54
35.75,F1_Glycyl-L-Aspartic_Acid,55
36.0,F1_Glycyl-L-Aspartic_Acid,53
36.25,F1_Glycyl-L-Aspartic_Acid,51
36.5,F1_Glycyl-L-Aspartic_Acid,52
36.75,F1_Glycyl-L-Aspartic_Acid,54
37.0,F1_Glycyl-L-Aspartic_Acid,53
37.25,F1_Glycyl-L-Aspartic_Acid,47
37.5,F1_Glycyl-L-Aspartic_Acid,52
37.75,F1_Glycyl-L-Aspartic_Acid,54
38.0,F1_Glycyl-L-Aspartic_Acid,50
38.25,F1_Glycyl-L-Aspartic_Acid,51
38.5,F1_Glycyl-L-Aspartic_Acid,53
38.75,F1_Glycyl-L-Aspartic_Acid,55
39.0,F1_Glycyl-L-Aspartic_Acid,50
39.25,F1_Glycyl-L-Aspartic_Acid,51
39.5,F1_Glycyl-L-Aspartic_Acid,55
39.75,F1_Glycyl-L-Aspartic_Acid,51
40.0,F1_Glycyl-L-Aspartic_Acid,54
40.25,F1_Glycyl-L-Aspartic_Acid,51
40.5,F1_Glycyl-L-Aspartic_Acid,54
40.75,F1_Glycyl-L-Aspartic_Acid,55
41.0,F1_Glycyl-L-Aspartic_Acid,52
41.25,F1_Glycyl-L-Aspartic_Acid,48
41.5,F1_Glycyl-L-Aspartic_Acid,56
41.75,F1_Glycyl-L-Aspartic_Acid,51
42.0,F1_Glycyl-L-Aspartic_Acid,53
42.25,F1_Glycyl-L-Aspartic_Acid,52
42.5,F1_Glycyl-L-Aspartic_Acid,49
42.75,F1_Glycyl-L-Aspartic_Acid,56
43.0,F1_Glycyl-L-Aspartic_Acid,56
43.25,F1_Glycyl-L-Aspartic_Acid,51
43.5,F1_Glycyl-L-Aspartic_Acid,51
43.75,F1_Glycyl-L-Aspartic_Acid,55
44.0,F1_Glycyl-L-Aspartic_Acid,51
44.25,F1_Glycyl-L-Aspartic_Acid,51
44.5,F1_Glycyl-L-Aspartic_Acid,53
44.75,F1_Glycyl-L-Aspartic_Acid,53
45.0,F1_Glycyl-L-Aspartic_Acid,47
45.25,F1_Glycyl-L-Aspartic_Acid,48
45.5,F1_Glycyl-L-Aspartic_Acid,52
45.75,F1_Glycyl-L-Aspartic_Acid,51
46.0,F1_Glycyl-L-Aspartic_Acid,54
46.25,F1_Glycyl-L-Aspartic_Acid,51
46.5,F1_Glycyl-L-Aspartic_Acid,57
46.75,F1_Glycyl-L-Aspartic_Acid,52
47.0,F1_Glycyl-L-Aspartic_Acid,50
47.25,F1_Glycyl-L-Aspartic_Acid,51
47.5,F1_Glycyl-L-Aspartic_Acid,0
0.0,F2_Citric_Acid,35
0.25,F2_Citric_Acid,17
0.5,F2_Citric_Acid,15
0.75,F2_Citric_Acid,18
1.0,F2_Citric_Acid,17
1.25,F2_Citric_Acid,13
1.5,F2_Citric_Acid,18
1.75,F2_Citric_Acid,11
2.0,F2_Citric_Acid,14
2.25,F2_Citric_Acid,14
2.5,F2_Citric_Acid,11
2.75,F2_Citric_Acid,16
3.0,F2_Citric_Acid,14
3.25,F2_Citric_Acid,12
3.5,F2_Citric_Acid,13
3.75,F2_Citric_Acid,11
4.0,F2_Citric_Acid,13
4.25,F2_Citric_Acid,15
4.5,F2_Citric_Acid,16
4.75,F2_Citric_Acid,13
5.0,F2_Citric_Acid,15
5.25,F2_Citric_Acid,14
5.5,F2_Citric_Acid,17
5.75,F2_Citric_Acid,13
6.0,F2_Citric_Acid,16
6.25,F2_Citric_Acid,12
6.5,F2_Citric_Acid,14
6.75,F2_Citric_Acid,18
7.0,F2_Citric_Acid,20
7.25,F2_Citric_Acid,22
7.5,F2_Citric_Acid,19
7.75,F2_Citric_Acid,25
8.0,F2_Citric_Acid,29
8.25,F2_Citric_Acid,26
8.5,F2_Citric_Acid,33
8.75,F2_Citric_Acid,29
9.0,F2_Citric_Acid,34
9.25,F2_Citric_Acid,36
9.5,F2_Citric_Acid,43
9.75,F2_Citric_Acid,38
10.0,F2_Citric_Acid,41
10.25,F2_Citric_Acid,42
10.5,F2_Citric_Acid,45
10.75,F2_Citric_Acid,47
11.0,F2_Citric_Acid,52
11.25,F2_Citric_Acid,54
11.5,F2_Citric_Acid,58
11.75,F2_Citric_Acid,64
12.0,F2_Citric_Acid,70
12.25,F2_Citric_Acid,67
12.5,F2_Citric_Acid,72
12.75,F2_Citric_Acid,72
13.0,F2_Citric_Acid,76
13.25,F2_Citric_Acid,77
13.5,F2_Citric_Acid,80
13.75,F2_Citric_Acid,88
14.0,F2_Citric_Acid,91
14.25,F2_Citric_Acid,93
14.5,F2_Citric_Acid,89
14.75,F2_Citric_Acid,104
15.0,F2_Citric_Acid,102
15.25,F2_Citric_Acid,109
15.5,F2_Citric_Acid,110
15.75,F2_Citric_Acid,103
16.0,F2_Citric_Acid,115
16.25,F2_Citric_Acid,118
16.5,F2_Citric_Acid,119
16.75,F2_Citric_Acid,117
17.0,F2_Citric_Acid,123
17.25,F2_Citric_Acid,131
17.5,F2_Citric_Acid,125
17.75,F2_Citric_Acid,131
18.0,F2_Citric_Acid,139
18.25,F2_Citric_Acid,141
18.5,F2_Citric_Acid,143
18.75,F2_Citric_Acid,147
19.0,F2_Citric_Acid,151
19.25,F2_Citric_Acid,148
19.5,F2_Citric_Acid,157
19.75,F2_Citric_Acid,156
20.0,F2_Citric_Acid,157
20.25,F2_Citric_Acid,163
20.5,F2_Citric_Acid,170
20.75,F2_Citric_Acid,169
21.0,F2_Citric_Acid,173
21.25,F2_Citric_Acid,175
21.5,F2_Citric_Acid,175
21.75,F2_Citric_Acid,180
22.0,F2_Citric_Acid,182
22.25,F2_Citric_Acid,184
22.5,F2_Citric_Acid,187
22.75,F2_Citric_Acid,187
23.0,F2_Citric_Acid,189
23.25,F2_Citric_Acid,194
23.5,F2_Citric_Acid,197
23.75,F2_Citric_Acid,198
24.0,F2_Citric_Acid,199
24.25,F2_Citric_Acid,203
24.5,F2_Citric_Acid,207
24.75,F2_Citric_Acid,208
25.0,F2_Citric_Acid,208
25.25,F2_Citric_Acid,210
25.5,F2_Citric_Acid,216
25.75,F2_Citric_Acid,215
26.0,F2_Citric_Acid,214
26.25,F2_Citric_Acid,215
26.5,F2_Citric_Acid,219
26.75,F2_Citric_Acid,217
27.0,F2_Citric_Acid,219
27.25,F2_Citric_Acid,217
27.5,F2_Citric_Acid,224
27.75,F2_Citric_Acid,228
28.0,F2_Citric_Acid,230
28.25,F2_Citric_Acid,232
28.5,F2_Citric_Acid,232
28.75,F2_Citric_Acid,232
29.0,F2_Citric_Acid,232
29.25,F2_Citric_Acid,233
29.5,F2_Citric_Acid,237
29.75,F2_Citric_Acid,235
30.0,F2_Citric_Acid,238
30.25,F2_Citric_Acid,235
30.5,F2_Citric_Acid,233
30.75,F2_Citric_Acid,234
31.0,F2_Citric_Acid,236
31.25,F2_Citric_Acid,236
31.5,F2_Citric_Acid,239
31.75,F2_Citric_Acid,234
32.0,F2_Citric_Acid,238
32.25,F2_Citric_Acid,237
32.5,F2_Citric_Acid,236
32.75,F2_Citric_Acid,239
33.0,F2_Citric_Acid,239
33.25,F2_Citric_Acid,235
33.5,F2_Citric_Acid,235
33.75,F2_Citric_Acid,240
34.0,F2_Citric_Acid,238
34.25,F2_Citric_Acid,240
34.5,F2_Citric_Acid,239
34.75,F2_Citric_Acid,239
35.0,F2_Citric_Acid,239
35.25,F2_Citric_Acid,238
35.5,F2_Citric_Acid,236
35.75,F2_Citric_Acid,238
36.0,F2_Citric_Acid,238
36.25,F2_Citric_Acid,237
36.5,F2_Citric_Acid,239
36.75,F2_Citric_Acid,238
37.0,F2_Citric_Acid,236
37.25,F2_Citric_Acid,237
37.5,F2_Citric_Acid,234
37.75,F2_Citric_Acid,238
38.0,F2_Citric_Acid,235
38.25,F2_Citric_Acid,237
38.5,F2_Citric_Acid,242
38.75,F2_Citric_Acid,236
39.0,F2_Citric_Acid,233
39.25,F2_Citric_Acid,235
39.5,F2_Citric_Acid,233
39.75,F2_Citric_Acid,233
40.0,F2_Citric_Acid,240
40.25,F2_Citric_Acid,237
40.5,F2_Citric_Acid,236
40.75,F2_Citric_Acid,236
41.0,F2_Citric_Acid,236
41.25,F2_Citric_Acid,240
41.5,F2_Citric_Acid,232
41.75,F2_Citric_Acid,232
42.0,F2_Citric_Acid,236
42.25,F2_Citric_Acid,235
42.5,F2_Citric_Acid,236
42.75,F2_Citric_Acid,234
43.0,F2_Citric_Acid,235
43.25,F2_Citric_Acid,235
43.5,F2_Citric_Acid,239
43.75,F2_Citric_Acid,236
44.0,F2_Citric_Acid,236
44.25,F2_Citric_Acid,232
44.5,F2_Citric_Acid,236
44.75,F2_Citric_Acid,235
45.0,F2_Citric_Acid,235
45.25,F2_Citric_Acid,235
45.5,F2_Citric_Acid,235
45.75,F2_Citric_Acid,236
46.0,F2_Citric_Acid,233
46.25,F2_Citric_Acid,228
46.5,F2_Citric_Acid,230
46.75,F2_Citric_Acid,235
47.0,F2_Citric_Acid,233
47.25,F2_Citric_Acid,232
47.5,F2_Citric_Acid,0
0.0,F3_myo-Inositol,11
0.25,F3_myo-Inositol,19
0.5,F3_myo-Inositol,27
0.75,F3_myo-Inositol,21
1.0,F3_myo-Inositol,11
1.25,F3_myo-Inositol,13
1.5,F3_myo-Inositol,13
1.75,F3_myo-Inositol,11
2.0,F3_myo-Inositol,12
2.25,F3_myo-Inositol,14
2.5,F3_myo-Inositol,11
2.75,F3_myo-Inositol,15
3.0,F3_myo-Inositol,11
3.25,F3_myo-Inositol,11
3.5,F3_myo-Inositol,13
3.75,F3_myo-Inositol,13
4.0,F3_myo-Inositol,14
4.25,F3_myo-Inositol,13
4.5,F3_myo-Inositol,11
4.75,F3_myo-Inositol,13
5.0,F3_myo-Inositol,13
5.25,F3_myo-Inositol,13
5.5,F3_myo-Inositol,13
5.75,F3_myo-Inositol,15
6.0,F3_myo-Inositol,12
6.25,F3_myo-Inositol,12
6.5,F3_myo-Inositol,18
6.75,F3_myo-Inositol,17
7.0,F3_myo-Inositol,19
7.25,F3_myo-Inositol,14
7.5,F3_myo-Inositol,17
7.75,F3_myo-Inositol,19
8.0,F3_myo-Inositol,21
8.25,F3_myo-Inositol,22
8.5,F3_myo-Inositol,25
8.75,F3_myo-Inositol,22
9.0,F3_myo-Inositol,23
9.25,F3_myo-Inositol,25
9.5,F3_myo-Inositol,23
9.75,F3_myo-Inositol,25
10.0,F3_myo-Inositol,21
10.25,F3_myo-Inositol,22
10.5,F3_myo-Inositol,24
10.75,F3_myo-Inositol,27
11.0,F3_myo-Inositol,27
11.25,F3_myo-Inositol,30
11.5,F3_myo-Inositol,34
11.75,F3_myo-Inositol,31
12.0,F3_myo-Inositol,32
12.25,F3_myo-Inositol,35
12.5,F3_myo-Inositol,33
12.75,F3_myo-Inositol,40
13.0,F3_myo-Inositol,36
13.25,F3_myo-Inositol,37
13.5,F3_myo-Inositol,39
13.75,F3_myo-Inositol,40
14.0,F3_myo-Inositol,43
14.25,F3_myo-Inositol,43
14.5,F3_myo-Inositol,42
14.75,F3_myo-Inositol,44
15.0,F3_myo-Inositol,45
15.25,F3_myo-Inositol,47
15.5,F3_myo-Inositol,55
15.75,F3_myo-Inositol,49
16.0,F3_myo-Inositol,49
16.25,F3_myo-Inositol,58
16.5,F3_myo-Inositol,57
16.75,F3_myo-Inositol,56
17.0,F3_myo-Inositol,60
17.25,F3_myo-Inositol,60
17.5,F3_myo-Inositol,60
17.75,F3_myo-Inositol,67
18.0,F3_myo-Inositol,68
18.25,F3_myo-Inositol,68
18.5,F3_myo-Inositol,68
18.75,F3_myo-Inositol,73
19.0,F3_myo-Inositol,74
19.25,F3_myo-Inositol,79
19.5,F3_myo-Inositol,79
19.75,F3_myo-Inositol,79
20.0,F3_myo-Inositol,81
20.25,F3_myo-Inositol,84
20.5,F3_myo-Inositol,82
20.75,F3_myo-Inositol,84
21.0,F3_myo-Inositol,86
21.25,F3_myo-Inositol,87
21.5,F3_myo-Inositol,89
21.75,F3_myo-Inositol,89
22.0,F3_myo-Inositol,97
22.25,F3_myo-Inositol,97
22.5,F3_myo-Inositol,96
22.75,F3_myo-Inositol,98
23.0,F3_myo-Inositol,98
23.25,F3_myo-Inositol,99
23.5,F3_myo-Inositol,102
23.75,F3_myo-Inositol,109
24.0,F3_myo-Inositol,104
24.25,F3_myo-Inositol,106
24.5,F3_myo-Inositol,107
24.75,F3_myo-Inositol,111
25.0,F3_myo-Inositol,110
25.25,F3_myo-Inositol,114
25.5,F3_myo-Inositol,114
25.75,F3_myo-Inositol,116
26.0,F3_myo-Inositol,118
26.25,F3_myo-Inositol,122
26.5,F3_myo-Inositol,119
26.75,F3_myo-Inositol,120
27.0,F3_myo-Inositol,123
27.25,F3_myo-Inositol,124
27.5,F3_myo-Inositol,125
27.75,F3_myo-Inositol,127
28.0,F3_myo-Inositol,128
28.25,F3_myo-Inositol,129
28.5,F3_myo-Inositol,132
28.75,F3_myo-Inositol,129
29.0,F3_myo-Inositol,134
29.25,F3_myo-Inositol,135
29.5,F3_myo-Inositol,140
29.75,F3_myo-Inositol,141
30.0,F3_myo-Inositol,141
30.25,F3_myo-Inositol,145
30.5,F3_myo-Inositol,146
30.75,F3_myo-Inositol,144
31.0,F3_myo-Inositol,147
31.25,F3_myo-Inositol,148
31.5,F3_myo-Inositol,151
31.75,F3_myo-Inositol,148
32.0,F3_myo-Inositol,157
32.25,F3_myo-Inositol,156
32.5,F3_myo-Inositol,154
32.75,F3_myo-Inositol,160
33.0,F3_myo-Inositol,157
33.25,F3_myo-Inositol,163
33.5,F3_myo-Inositol,159
33.75,F3_myo-Inositol,165
34.0,F3_myo-Inositol,163
34.25,F3_myo-Inositol,163
34.5,F3_myo-Inositol,168
34.75,F3_myo-Inositol,173
35.0,F3_myo-Inositol,169
35.25,F3_myo-Inositol,171
35.5,F3_myo-Inositol,175
35.75,F3_myo-Inositol,179
36.0,F3_myo-Inositol,178
36.25,F3_myo-Inositol,176
36.5,F3_myo-Inositol,178
36.75,F3_myo-Inositol,180
37.0,F3_myo-Inositol,180
37.25,F3_myo-Inositol,184
37.5,F3_myo-Inositol,179
37.75,F3_myo-Inositol,187
38.0,F3_myo-Inositol,185
38.25,F3_myo-Inositol,187
38.5,F3_myo-Inositol,186
38.75,F3_myo-Inositol,189
39.0,F3_myo-Inositol,185
39.25,F3_myo-Inositol,190
39.5,F3_myo-Inositol,193
39.75,F3_myo-Inositol,193
40.0,F3_myo-Inositol,197
40.25,F3_myo-Inositol,196
40.5,F3_myo-Inositol,195
40.75,F3_myo-Inositol,198
41.0,F3_myo-Inositol,196
41.25,F3_myo-Inositol,198
41.5,F3_myo-Inositol,198
41.75,F3_myo-Inositol,199
42.0,F3_myo-Inositol,200
42.25,F3_myo-Inositol,201
42.5,F3_myo-Inositol,204
42.75,F3_myo-Inositol,205
43.0,F3_myo-Inositol,206
43.25,F3_myo-Inositol,210
43.5,F3_myo-Inositol,207
43.75,F3_myo-Inositol,211
44.0,F3_myo-Inositol,209
44.25,F3_myo-Inositol,209
44.5,F3_myo-Inositol,211
44.75,F3_myo-Inositol,212
45.0,F3_myo-Inositol,215
45.25,F3_myo-Inositol,216
45.5,F3_myo-Inositol,217
45.75,F3_myo-Inositol,214
46.0,F3_myo-Inositol,215
46.25,F3_myo-Inositol,216
46.5,F3_myo-Inositol,219
46.75,F3_myo-Inositol,217
47.0,F3_myo-Inositol,219
47.25,F3_myo-Inositol,223
47.5,F3_myo-Inositol,0
0.0,F4_D-Threonine,35
0.25,F4_D-Threonine,18
0.5,F4_D-Threonine,11
0.75,F4_D-Threonine,11
1.0,F4_D-Threonine,14
1.25,F4_D-Threonine,14
1.5,F4_D-Threonine,16
1.75,F4_D-Threonine,16
2.0,F4_D-Threonine,19
2.25,F4_D-Threonine,17
2.5,F4_D-Threonine,16
2.75,F4_D-Threonine,19
3.0,F4_D-Threonine,17
3.25,F4_D-Threonine,16
3.5,F4_D-Threonine,16
3.75,F4_D-Threonine,14
4.0,F4_D-Threonine,13
4.25,F4_D-Threonine,19
4.5,F4_D-Threonine,17
4.75,F4_D-Threonine,20
5.0,F4_D-Threonine,20
5.25,F4_D-Threonine,21
5.5,F4_D-Threonine,19
5.75,F4_D-Threonine,18
6.0,F4_D-Threonine,20
6.25,F4_D-Threonine,19
6.5,F4_D-Threonine,21
6.75,F4_D-Threonine,20
7.0,F4_D-Threonine,20
7.25,F4_D-Threonine,22
7.5,F4_D-Threonine,24
7.75,F4_D-Threonine,27
8.0,F4_D-Threonine,28
8.25,F4_D-Threonine,21
8.5,F4_D-Threonine,26
8.75,F4_D-Threonine,21
9.0,F4_D-Threonine,26
9.25,F4_D-Threonine,22
9.5,F4_D-Threonine,24
9.75,F4_D-Threonine,25
10.0,F4_D-Threonine,25
10.25,F4_D-Threonine,25
10.5,F4_D-Threonine,24
10.75,F4_D-Threonine,24
11.0,F4_D-Threonine,24
11.25,F4_D-Threonine,27
11.5,F4_D-Threonine,25
11.75,F4_D-Threonine,32
12.0,F4_D-Threonine,27
12.25,F4_D-Threonine,32
12.5,F4_D-Threonine,30
12.75,F4_D-Threonine,29
13.0,F4_D-Threonine,28
13.25,F4_D-Threonine,28
13.5,F4_D-Threonine,30
13.75,F4_D-Threonine,32
14.0,F4_D-Threonine,31
14.25,F4_D-Threonine,27
14.5,F4_D-Threonine,29
14.75,F4_D-Threonine,31
15.0,F4_D-Threonine,31
15.25,F4_D-Threonine,32
15.5,F4_D-Threonine,29
15.75,F4_D-Threonine,31
16.0,F4_D-Threonine,35
16.25,F4_D-Threonine,29
16.5,F4_D-Threonine,30
16.75,F4_D-Threonine,31
17.0,F4_D-Threonine,31
17.25,F4_D-Threonine,29
17.5,F4_D-Threonine,30
17.75,F4_D-Threonine,36
18.0,F4_D-Threonine,37
18.25,F4_D-Threonine,40
18.5,F4_D-Threonine,36
18.75,F4_D-Threonine,36
19.0,F4_D-Threonine,33
19.25,F4_D-Threonine,34
19.5,F4_D-Threonine,35
19.75,F4_D-Threonine,37
20.0,F4_D-Threonine,38
20.25,F4_D-Threonine,37
20.5,F4_D-Threonine,37
20.75,F4_D-Threonine,36
21.0,F4_D-Threonine,39
21.25,F4_D-Threonine,42
21.5,F4_D-Threonine,38
21.75,F4_D-Threonine,37
22.0,F4_D-Threonine,45
22.25,F4_D-Threonine,40
22.5,F4_D-Threonine,38
22.75,F4_D-Threonine,34
23.0,F4_D-Threonine,42
23.25,F4_D-Threonine,44
23.5,F4_D-Threonine,39
23.75,F4_D-Threonine,41
24.0,F4_D-Threonine,42
24.25,F4_D-Threonine,42
24.5,F4_D-Threonine,43
24.75,F4_D-Threonine,40
25.0,F4_D-Threonine,39
25.25,F4_D-Threonine,45
25.5,F4_D-Threonine,38
25.75,F4_D-Threonine,43
26.0,F4_D-Threonine,42
26.25,F4_D-Threonine,45
26.5,F4_D-Threonine,44
26.75,F4_D-Threonine,43
27.0,F4_D-Threonine,45
27.25,F4_D-Threonine,49
27.5,F4_D-Threonine,45
27.75,F4_D-Threonine,46
28.0,F4_D-Threonine,43
28.25,F4_D-Threonine,42
28.5,F4_D-Threonine,42
28.75,F4_D-Threonine,46
29.0,F4_D-Threonine,47
29.25,F4_D-Threonine,48
29.5,F4_D-Threonine,49
29.75,F4_D-Threonine,44
30.0,F4_D-Threonine,42
30.25,F4_D-Threonine,45
30.5,F4_D-Threonine,45
30.75,F4_D-Threonine,45
31.0,F4_D-Threonine,46
31.25,F4_D-Threonine,46
31.5,F4_D-Threonine,45
31.75,F4_D-Threonine,47
32.0,F4_D-Threonine,48
32.25,F4_D-Threonine,49
32.5,F4_D-Threonine,47
32.75,F4_D-Threonine,47
33.0,F4_D-Threonine,48
33.25,F4_D-Threonine,46
33.5,F4_D-Threonine,42
33.75,F4_D-Threonine,45
34.0,F4_D-Threonine,48
34.25,F4_D-Threonine,48
34.5,F4_D-Threonine,48
34.75,F4_D-Threonine,50
35.0,F4_D-Threonine,45
35.25,F4_D-Threonine,49
35.5,F4_D-Threonine,50
35.75,F4_D-Threonine,52
36.0,F4_D-Threonine,49
36.25,F4_D-Threonine,46
36.5,F4_D-Threonine,47
36.75,F4_D-Threonine,51
37.0,F4_D-Threonine,48
37.25,F4_D-Threonine,52
37.5,F4_D-Threonine,49
37.75,F4_D-Threonine,51
38.0,F4_D-Threonine,49
38.25,F4_D-Threonine,51
38.5,F4_D-Threonine,51
38.75,F4_D-Threonine,52
39.0,F4_D-Threonine,54
39.25,F4_D-Threonine,51
39.5,F4_D-Threonine,53
39.75,F4_D-Threonine,52
40.0,F4_D-Threonine,53
40.25,F4_D-Threonine,53
40.5,F4_D-Threonine,50
40.75,F4_D-Threonine,52
41.0,F4_D-Threonine,54
41.25,F4_D-Threonine,54
41.5,F4_D-Threonine,49
41.75,F4_D-Threonine,50
42.0,F4_D-Threonine,50
42.25,F4_D-Threonine,46
42.5,F4_D-Threonine,49
42.75,F4_D-Threonine,55
43.0,F4_D-Threonine,53
43.25,F4_D-Threonine,52
43.5,F4_D-Threonine,49
43.75,F4_D-Threonine,50
44.0,F4_D-Threonine,52
44.25,F4_D-Threonine,51
44.5,F4_D-Threonine,54
44.75,F4_D-Threonine,55
45.0,F4_D-Threonine,55
45.25,F4_D-Threonine,49
45.5,F4_D-Threonine,53
45.75,F4_D-Threonine,55
46.0,F4_D-Threonine,53
46.25,F4_D-Threonine,56
46.5,F4_D-Threonine,53
46.75,F4_D-Threonine,55
47.0,F4_D-Threonine,56
47.25,F4_D-Threonine,56
47.5,F4_D-Threonine,0
0.0,F5_Fumaric_Acid,11
0.25,F5_Fumaric_Acid,11
0.5,F5_Fumaric_Acid,11
0.75,F5_Fumaric_Acid,11
1.0,F5_Fumaric_Acid,11
1.25,F5_Fumaric_Acid,11
1.5,F5_Fumaric_Acid,11
1.75,F5_Fumaric_Acid,11
2.0,F5_Fumaric_Acid,11
2.25,F5_Fumaric_Acid,11
2.5,F5_Fumaric_Acid,11
2.75,F5_Fumaric_Acid,11
3.0,F5_Fumaric_Acid,11
3.25,F5_Fumaric_Acid,11
3.5,F5_Fumaric_Acid,11
3.75,F5_Fumaric_Acid,11
4.0,F5_Fumaric_Acid,11
4.25,F5_Fumaric_Acid,11
4.5,F5_Fumaric_Acid,11
4.75,F5_Fumaric_Acid,11
5.0,F5_Fumaric_Acid,11
5.25,F5_Fumaric_Acid,11
5.5,F5_Fumaric_Acid,11
5.75,F5_Fumaric_Acid,11
6.0,F5_Fumaric_Acid,11
6.25,F5_Fumaric_Acid,11
6.5,F5_Fumaric_Acid,14
6.75,F5_Fumaric_Acid,11
7.0,F5_Fumaric_Acid,12
7.25,F5_Fumaric_Acid,12
7.5,F5_Fumaric_Acid,16
7.75,F5_Fumaric_Acid,16
8.0,F5_Fumaric_Acid,18
8.25,F5_Fumaric_Acid,13
8.5,F5_Fumaric_Acid,19
8.75,F5_Fumaric_Acid,21
9.0,F5_Fumaric_Acid,23
9.25,F5_Fumaric_Acid,27
9.5,F5_Fumaric_Acid,25
9.75,F5_Fumaric_Acid,25
10.0,F5_Fumaric_Acid,31
10.25,F5_Fumaric_Acid,33
10.5,F5_Fumaric_Acid,38
10.75,F5_Fumaric_Acid,36
11.0,F5_Fumaric_Acid,39
11.25,F5_Fumaric_Acid,44
11.5,F5_Fumaric_Acid,45
11.75,F5_Fumaric_Acid,49
12.0,F5_Fumaric_Acid,48
12.25,F5_Fumaric_Acid,52
12.5,F5_Fumaric_Acid,54
12.75,F5_Fumaric_Acid,59
13.0,F5_Fumaric_Acid,60
13.25,F5_Fumaric_Acid,66
13.5,F5_Fumaric_Acid,64
13.75,F5_Fumaric_Acid,68
14.0,F5_Fumaric_Acid,68
14.25,F5_Fumaric_Acid,68
14.5,F5_Fumaric_Acid,72
14.75,F5_Fumaric_Acid,77
15.0,F5_Fumaric_Acid,72
15.25,F5_Fumaric_Acid,77
15.5,F5_Fumaric_Acid,79
15.75,F5_Fumaric_Acid,83
16.0,F5_Fumaric_Acid,83
16.25,F5_Fumaric_Acid,82
16.5,F5_Fumaric_Acid,85
16.75,F5_Fumaric_Acid,86
17.0,F5_Fumaric_Acid,87
17.25,F5_Fumaric_Acid,86
17.5,F5_Fumaric_Acid,88
17.75,F5_Fumaric_Acid,94
18.0,F5_Fumaric_Acid,96
18.25,F5_Fumaric_Acid,97
18.5,F5_Fumaric_Acid,98
18.75,F5_Fumaric_Acid,100
19.0,F5_Fumaric_Acid,100
19.25,F5_Fumaric_Acid,101
19.5,F5_Fumaric_Acid,101
19.75,F5_Fumaric_Acid,109
20.0,F5_Fumaric_Acid,107
20.25,F5_Fumaric_Acid,112
20.5,F5_Fumaric_Acid,112
20.75,F5_Fumaric_Acid,114
21.0,F5_Fumaric_Acid,116
21.25,F5_Fumaric_Acid,118
21.5,F5_Fumaric_Acid,118
21.75,F5_Fumaric_Acid,123
22.0,F5_Fumaric_Acid,122
22.25,F5_Fumaric_Acid,126
22.5,F5_Fumaric_Acid,128
22.75,F5_Fumaric_Acid,125
23.0,F5_Fumaric_Acid,131
23.25,F5_Fumaric_Acid,131
23.5,F5_Fumaric_Acid,134
23.75,F5_Fumaric_Acid,136
24.0,F5_Fumaric_Acid,136
24.25,F5_Fumaric_Acid,139
24.5,F5_Fumaric_Acid,141
24.75,F5_Fumaric_Acid,144
25.0,F5_Fumaric_Acid,147
25.25,F5_Fumaric_Acid,147
25.5,F5_Fumaric_Acid,147
25.75,F5_Fumaric_Acid,149
26.0,F5_Fumaric_Acid,153
26.25,F5_Fumaric_Acid,157
26.5,F5_Fumaric_Acid,156
26.75,F5_Fumaric_Acid,155
27.0,F5_Fumaric_Acid,156
27.25,F5_Fumaric_Acid,158
27.5,F5_Fumaric_Acid,162
27.75,F5_Fumaric_Acid,163
28.0,F5_Fumaric_Acid,168
28.25,F5_Fumaric_Acid,169
28.5,F5_Fumaric_Acid,169
28.75,F5_Fumaric_Acid,172
29.0,F5_Fumaric_Acid,171
29.25,F5_Fumaric_Acid,175
29.5,F5_Fumaric_Acid,177
29.75,F5_Fumaric_Acid,180
30.0,F5_Fumaric_Acid,176
30.25,F5_Fumaric_Acid,178
30.5,F5_Fumaric_Acid,177
30.75,F5_Fumaric_Acid,185
31.0,F5_Fumaric_Acid,185
31.25,F5_Fumaric_Acid,185
31.5,F5_Fumaric_Acid,191
31.75,F5_Fumaric_Acid,191
32.0,F5_Fumaric_Acid,193
32.25,F5_Fumaric_Acid,193
32.5,F5_Fumaric_Acid,198
32.75,F5_Fumaric_Acid,192
33.0,F5_Fumaric_Acid,197
33.25,F5_Fumaric_Acid,201
33.5,F5_Fumaric_Acid,203
33.75,F5_Fumaric_Acid,200
34.0,F5_Fumaric_Acid,203
34.25,F5_Fumaric_Acid,202
34.5,F5_Fumaric_Acid,205
34.75,F5_Fumaric_Acid,204
35.0,F5_Fumaric_Acid,209
35.25,F5_Fumaric_Acid,208
35.5,F5_Fumaric_Acid,210
35.75,F5_Fumaric_Acid,214
36.0,F5_Fumaric_Acid,212
36.25,F5_Fumaric_Acid,214
36.5,F5_Fumaric_Acid,214
36.75,F5_Fumaric_Acid,218
37.0,F5_Fumaric_Acid,216
37.25,F5_Fumaric_Acid,220
37.5,F5_Fumaric_Acid,218
37.75,F5_Fumaric_Acid,219
38.0,F5_Fumaric_Acid,217
38.25,F5_Fumaric_Acid,218
38.5,F5_Fumaric_Acid,224
38.75,F5_Fumaric_Acid,223
39.0,F5_Fumaric_Acid,224
39.25,F5_Fumaric_Acid,225
39.5,F5_Fumaric_Acid,226
39.75,F5_Fumaric_Acid,228
40.0,F5_Fumaric_Acid,225
40.25,F5_Fumaric_Acid,227
40.5,F5_Fumaric_Acid,228
40.75,F5_Fumaric_Acid,228
41.0,F5_Fumaric_Acid,228
41.25,F5_Fumaric_Acid,232
41.5,F5_Fumaric_Acid,233
41.75,F5_Fumaric_Acid,234
42.0,F5_Fumaric_Acid,231
42.25,F5_Fumaric_Acid,235
42.5,F5_Fumaric_Acid,238
42.75,F5_Fumaric_Acid,234
43.0,F5_Fumaric_Acid,238
43.25,F5_Fumaric_Acid,237
43.5,F5_Fumaric_Acid,235
43.75,F5_Fumaric_Acid,237
44.0,F5_Fumaric_Acid,244
44.25,F5_Fumaric_Acid,237
44.5,F5_Fumaric_Acid,241
44.75,F5_Fumaric_Acid,240
45.0,F5_Fumaric_Acid,240
45.25,F5_Fumaric_Acid,239
45.5,F5_Fumaric_Acid,241
45.75,F5_Fumaric_Acid,240
46.0,F5_Fumaric_Acid,241
46.25,F5_Fumaric_Acid,242
46.5,F5_Fumaric_Acid,240
46.75,F5_Fumaric_Acid,243
47.0,F5_Fumaric_Acid,242
47.25,F5_Fumaric_Acid,242
47.5,F5_Fumaric_Acid,0
0.0,F6_Bromo_Succinic_Acid,11
0.25,F6_Bromo_Succinic_Acid,11
0.5,F6_Bromo_Succinic_Acid,11
0.75,F6_Bromo_Succinic_Acid,11
1.0,F6_Bromo_Succinic_Acid,11
1.25,F6_Bromo_Succinic_Acid,16
1.5,F6_Bromo_Succinic_Acid,17
1.75,F6_Bromo_Succinic_Acid,17
2.0,F6_Bromo_Succinic_Acid,17
2.25,F6_Bromo_Succinic_Acid,14
2.5,F6_Bromo_Succinic_Acid,11
2.75,F6_Bromo_Succinic_Acid,18
3.0,F6_Bromo_Succinic_Acid,16
3.25,F6_Bromo_Succinic_Acid,15
3.5,F6_Bromo_Succinic_Acid,15
3.75,F6_Bromo_Succinic_Acid,15
4.0,F6_Bromo_Succinic_Acid,13
4.25,F6_Bromo_Succinic_Acid,13
4.5,F6_Bromo_Succinic_Acid,14
4.75,F6_Bromo_Succinic_Acid,16
5.0,F6_Bromo_Succinic_Acid,14
5.25,F6_Bromo_Succinic_Acid,12
5.5,F6_Bromo_Succinic_Acid,13
5.75,F6_Bromo_Succinic_Acid,13
6.0,F6_Bromo_Succinic_Acid,11
6.25,F6_Bromo_Succinic_Acid,14
6.5,F6_Bromo_Succinic_Acid,22
6.75,F6_Bromo_Succinic_Acid,18
7.0,F6_Bromo_Succinic_Acid,20
7.25,F6_Bromo_Succinic_Acid,21
7.5,F6_Bromo_Succinic_Acid,22
7.75,F6_Bromo_Succinic_Acid,27
8.0,F6_Bromo_Succinic_Acid,26
8.25,F6_Bromo_Succinic_Acid,27
8.5,F6_Bromo_Succinic_Acid,32
8.75,F6_Bromo_Succinic_Acid,33
9.0,F6_Bromo_Succinic_Acid,34
9.25,F6_Bromo_Succinic_Acid,32
9.5,F6_Bromo_Succinic_Acid,33
9.75,F6_Bromo_Succinic_Acid,39
10.0,F6_Bromo_Succinic_Acid,42
10.25,F6_Bromo_Succinic_Acid,43
10.5,F6_Bromo_Succinic_Acid,44
10.75,F6_Bromo_Succinic_Acid,49
11.0,F6_Bromo_Succinic_Acid,50
11.25,F6_Bromo_Succinic_Acid,55
11.5,F6_Bromo_Succinic_Acid,56
11.75,F6_Bromo_Succinic_Acid,59
12.0,F6_Bromo_Succinic_Acid,60
12.25,F6_Bromo_Succinic_Acid,63
12.5,F6_Bromo_Succinic_Acid,65
12.75,F6_Bromo_Succinic_Acid,70
13.0,F6_Bromo_Succinic_Acid,67
13.25,F6_Bromo_Succinic_Acid,75
13.5,F6_Bromo_Succinic_Acid,74
13.75,F6_Bromo_Succinic_Acid,76
14.0,F6_Bromo_Succinic_Acid,78
14.25,F6_Bromo_Succinic_Acid,83
14.5,F6_Bromo_Succinic_Acid,87
14.75,F6_Bromo_Succinic_Acid,86
15.0,F6_Bromo_Succinic_Acid,88
15.25,F6_Bromo_Succinic_Acid,93
15.5,F6_Bromo_Succinic_Acid,93
15.75,F6_Bromo_Succinic_Acid,95
16.0,F6_Bromo_Succinic_Acid,103
16.25,F6_Bromo_Succinic_Acid,100
16.5,F6_Bromo_Succinic_Acid,103
16.75,F6_Bromo_Succinic_Acid,106
17.0,F6_Bromo_Succinic_Acid,100
17.25,F6_Bromo_Succinic_Acid,101
17.5,F6_Bromo_Succinic_Acid,102
17.75,F6_Bromo_Succinic_Acid,103
18.0,F6_Bromo_Succinic_Acid,103
18.25,F6_Bromo_Succinic_Acid,107
18.5,F6_Bromo_Succinic_Acid,108
18.75,F6_Bromo_Succinic_Acid,108
19.0,F6_Bromo_Succinic_Acid,105
19.25,F6_Bromo_Succinic_Acid,106
19.5,F6_Bromo_Succinic_Acid,106
19.75,F6_Bromo_Succinic_Acid,107
20.0,F6_Bromo_Succinic_Acid,106
20.25,F6_Bromo_Succinic_Acid,110
20.5,F6_Bromo_Succinic_Acid,109
20.75,F6_Bromo_Succinic_Acid,107
21.0,F6_Bromo_Succinic_Acid,107
21.25,F6_Bromo_Succinic_Acid,109
21.5,F6_Bromo_Succinic_Acid,110
21.75,F6_Bromo_Succinic_Acid,109
22.0,F6_Bromo_Succinic_Acid,111
22.25,F6_Bromo_Succinic_Acid,110
22.5,F6_Bromo_Succinic_Acid,110
22.75,F6_Bromo_Succinic_Acid,110
23.0,F6_Bromo_Succinic_Acid,109
23.25,F6_Bromo_Succinic_Acid,113
23.5,F6_Bromo_Succinic_Acid,110
23.75,F6_Bromo_Succinic_Acid,110
24.0,F6_Bromo_Succinic_Acid,115
24.25,F6_Bromo_Succinic_Acid,116
24.5,F6_Bromo_Succinic_Acid,113
24.75,F6_Bromo_Succinic_Acid,112
25.0,F6_Bromo_Succinic_Acid,114
25.25,F6_Bromo_Succinic_Acid,112
25.5,F6_Bromo_Succinic_Acid,111
25.75,F6_Bromo_Succinic_Acid,116
26.0,F6_Bromo_Succinic_Acid,112
26.25,F6_Bromo_Succinic_Acid,116
26.5,F6_Bromo_Succinic_Acid,118
26.75,F6_Bromo_Succinic_Acid,116
27.0,F6_Bromo_Succinic_Acid,117
27.25,F6_Bromo_Succinic_Acid,113
27.5,F6_Bromo_Succinic_Acid,113
27.75,F6_Bromo_Succinic_Acid,116
28.0,F6_Bromo_Succinic_Acid,114
28.25,F6_Bromo_Succinic_Acid,114
28.5,F6_Bromo_Succinic_Acid,113
28.75,F6_Bromo_Succinic_Acid,109
29.0,F6_Bromo_Succinic_Acid,114
29.25,F6_Bromo_Succinic_Acid,115
29.5,F6_Bromo_Succinic_Acid,116
29.75,F6_Bromo_Succinic_Acid,118
30.0,F6_Bromo_Succinic_Acid,112
30.25,F6_Bromo_Succinic_Acid,117
30.5,F6_Bromo_Succinic_Acid,118
30.75,F6_Bromo_Succinic_Acid,122
31.0,F6_Bromo_Succinic_Acid,117
31.25,F6_Bromo_Succinic_Acid,112
31.5,F6_Bromo_Succinic_Acid,117
31.75,F6_Bromo_Succinic_Acid,113
32.0,F6_Bromo_Succinic_Acid,116
32.25,F6_Bromo_Succinic_Acid,117
32.5,F6_Bromo_Succinic_Acid,119
32.75,F6_Bromo_Succinic_Acid,119
33.0,F6_Bromo_Succinic_Acid,117
33.25,F6_Bromo_Succinic_Acid,117
33.5,F6_Bromo_Succinic_Acid,115
33.75,F6_Bromo_Succinic_Acid,120
34.0,F6_Bromo_Succinic_Acid,115
34.25,F6_Bromo_Succinic_Acid,117
34.5,F6_Bromo_Succinic_Acid,118
34.75,F6_Bromo_Succinic_Acid,114
35.0,F6_Bromo_Succinic_Acid,119
35.25,F6_Bromo_Succinic_Acid,113
35.5,F6_Bromo_Succinic_Acid,118
35.75,F6_Bromo_Succinic_Acid,119
36.0,F6_Bromo_Succinic_Acid,119
36.25,F6_Bromo_Succinic_Acid,119
36.5,F6_Bromo_Succinic_Acid,115
36.75,F6_Bromo_Succinic_Acid,118
37.0,F6_Bromo_Succinic_Acid,119
37.25,F6_Bromo_Succinic_Acid,116
37.5,F6_Bromo_Succinic_Acid,117
37.75,F6_Bromo_Succinic_Acid,121
38.0,F6_Bromo_Succinic_Acid,119
38.25,F6_Bromo_Succinic_Acid,118
38.5,F6_Bromo_Succinic_Acid,116
38.75,F6_Bromo_Succinic_Acid,121
39.0,F6_Bromo_Succinic_Acid,120
39.25,F6_Bromo_Succinic_Acid,119
39.5,F6_Bromo_Succinic_Acid,115
39.75,F6_Bromo_Succinic_Acid,120
40.0,F6_Bromo_Succinic_Acid,119
40.25,F6_Bromo_Succinic_Acid,122
40.5,F6_Bromo_Succinic_Acid,118
40.75,F6_Bromo_Succinic_Acid,119
41.0,F6_Bromo_Succinic_Acid,119
41.25,F6_Bromo_Succinic_Acid,117
41.5,F6_Bromo_Succinic_Acid,117
41.75,F6_Bromo_Succinic_Acid,115
42.0,F6_Bromo_Succinic_Acid,115
42.25,F6_Bromo_Succinic_Acid,115
42.5,F6_Bromo_Succinic_Acid,116
42.75,F6_Bromo_Succinic_Acid,120
43.0,F6_Bromo_Succinic_Acid,121
43.25,F6_Bromo_Succinic_Acid,118
43.5,F6_Bromo_Succinic_Acid,115
43.75,F6_Bromo_Succinic_Acid,121
44.0,F6_Bromo_Succinic_Acid,117
44.25,F6_Bromo_Succinic_Acid,115
44.5,F6_Bromo_Succinic_Acid,119
44.75,F6_Bromo_Succinic_Acid,117
45.0,F6_Bromo_Succinic_Acid,121
45.25,F6_Bromo_Succinic_Acid,117
45.5,F6_Bromo_Succinic_Acid,120
45.75,F6_Bromo_Succinic_Acid,119
46.0,F6_Bromo_Succinic_Acid,119
46.25,F6_Bromo_Succinic_Acid,117
46.5,F6_Bromo_Succinic_Acid,117
46.75,F6_Bromo_Succinic_Acid,118
47.0,F6_Bromo_Succinic_Acid,117
47.25,F6_Bromo_Succinic_Acid,123
47.5,F6_Bromo_Succinic_Acid,0
0.0,F7_Propionic_Acid,11
0.25,F7_Propionic_Acid,13
0.5,F7_Propionic_Acid,11
0.75,F7_Propionic_Acid,23
1.0,F7_Propionic_Acid,20
1.25,F7_Propionic_Acid,14
1.5,F7_Propionic_Acid,19
1.75,F7_Propionic_Acid,19
2.0,F7_Propionic_Acid,21
2.25,F7_Propionic_Acid,19
2.5,F7_Propionic_Acid,16
2.75,F7_Propionic_Acid,17
3.0,F7_Propionic_Acid,13
3.25,F7_Propionic_Acid,14
3.5,F7_Propionic_Acid,11
3.75,F7_Propionic_Acid,15
4.0,F7_Propionic_Acid,17
4.25,F7_Propionic_Acid,15
4.5,F7_Propionic_Acid,14
4.75,F7_Propionic_Acid,18
5.0,F7_Propionic_Acid,15
5.25,F7_Propionic_Acid,15
5.5,F7_Propionic_Acid,13
5.75,F7_Propionic_Acid,15
6.0,F7_Propionic_Acid,12
6.25,F7_Propionic_Acid,13
6.5,F7_Propionic_Acid,13
6.75,F7_Propionic_Acid,19
7.0,F7_Propionic_Acid,18
7.25,F7_Propionic_Acid,17
7.5,F7_Propionic_Acid,18
7.75,F7_Propionic_Acid,21
8.0,F7_Propionic_Acid,23
8.25,F7_Propionic_Acid,23
8.5,F7_Propionic_Acid,23
8.75,F7_Propionic_Acid,21
9.0,F7_Propionic_Acid,22
9.25,F7_Propionic_Acid,26
9.5,F7_Propionic_Acid,26
9.75,F7_Propionic_Acid,22
10.0,F7_Propionic_Acid,27
10.25,F7_Propionic_Acid,26
10.5,F7_Propionic_Acid,27
10.75,F7_Propionic_Acid,26
11.0,F7_Propionic_Acid,23
11.25,F7_Propionic_Acid,33
11.5,F7_Propionic_Acid,30
11.75,F7_Propionic_Acid,28
12.0,F7_Propionic_Acid,29
12.25,F7_Propionic_Acid,36
12.5,F7_Propionic_Acid,35
12.75,F7_Propionic_Acid,36
13.0,F7_Propionic_Acid,38
13.25,F7_Propionic_Acid,36
13.5,F7_Propionic_Acid,38
13.75,F7_Propionic_Acid,35
14.0,F7_Propionic_Acid,39
14.25,F7_Propionic_Acid,39
14.5,F7_Propionic_Acid,38
14.75,F7_Propionic_Acid,42
15.0,F7_Propionic_Acid,45
15.25,F7_Propionic_Acid,41
15.5,F7_Propionic_Acid,40
15.75,F7_Propionic_Acid,43
16.0,F7_Propionic_Acid,48
16.25,F7_Propionic_Acid,45
16.5,F7_Propionic_Acid,49
16.75,F7_Propionic_Acid,48
17.0,F7_Propionic_Acid,50
17.25,F7_Propionic_Acid,50
17.5,F7_Propionic_Acid,48
17.75,F7_Propionic_Acid,51
18.0,F7_Propionic_Acid,53
18.25,F7_Propionic_Acid,54
18.5,F7_Propionic_Acid,57
18.75,F7_Propionic_Acid,53
19.0,F7_Propionic_Acid,51
19.25,F7_Propionic_Acid,52
19.5,F7_Propionic_Acid,56
19.75,F7_Propionic_Acid,60
20.0,F7_Propionic_Acid,62
20.25,F7_Propionic_Acid,57
20.5,F7_Propionic_Acid,61
20.75,F7_Propionic_Acid,60
21.0,F7_Propionic_Acid,63
21.25,F7_Propionic_Acid,61
21.5,F7_Propionic_Acid,63
21.75,F7_Propionic_Acid,62
22.0,F7_Propionic_Acid,67
22.25,F7_Propionic_Acid,68
22.5,F7_Propionic_Acid,67
22.75,F7_Propionic_Acid,66
23.0,F7_Propionic_Acid,70
23.25,F7_Propionic_Acid,70
23.5,F7_Propionic_Acid,73
23.75,F7_Propionic_Acid,76
24.0,F7_Propionic_Acid,75
24.25,F7_Propionic_Acid,73
24.5,F7_Propionic_Acid,73
24.75,F7_Propionic_Acid,75
25.0,F7_Propionic_Acid,77
25.25,F7_Propionic_Acid,78
25.5,F7_Propionic_Acid,75
25.75,F7_Propionic_Acid,77
26.0,F7_Propionic_Acid,74
26.25,F7_Propionic_Acid,81
26.5,F7_Propionic_Acid,77
26.75,F7_Propionic_Acid,79
27.0,F7_Propionic_Acid,81
27.25,F7_Propionic_Acid,81
27.5,F7_Propionic_Acid,79
27.75,F7_Propionic_Acid,78
28.0,F7_Propionic_Acid,81
28.25,F7_Propionic_Acid,81
28.5,F7_Propionic_Acid,80
28.75,F7_Propionic_Acid,82
29.0,F7_Propionic_Acid,82
29.25,F7_Propionic_Acid,85
29.5,F7_Propionic_Acid,87
29.75,F7_Propionic_Acid,88
30.0,F7_Propionic_Acid,87
30.25,F7_Propionic_Acid,88
30.5,F7_Propionic_Acid,87
30.75,F7_Propionic_Acid,86
31.0,F7_Propionic_Acid,89
31.25,F7_Propionic_Acid,88
31.5,F7_Propionic_Acid,90
31.75,F7_Propionic_Acid,88
32.0,F7_Propionic_Acid,93
32.25,F7_Propionic_Acid,96
32.5,F7_Propionic_Acid,94
32.75,F7_Propionic_Acid,95
33.0,F7_Propionic_Acid,90
33.25,F7_Propionic_Acid,94
33.5,F7_Propionic_Acid,94
33.75,F7_Propionic_Acid,99
34.0,F7_Propionic_Acid,95
34.25,F7_Propionic_Acid,98
34.5,F7_Propionic_Acid,97
34.75,F7_Propionic_Acid,102
35.0,F7_Propionic_Acid,101
35.25,F7_Propionic_Acid,94
35.5,F7_Propionic_Acid,100
35.75,F7_Propionic_Acid,98
36.0,F7_Propionic_Acid,104
36.25,F7_Propionic_Acid,100
36.5,F7_Propionic_Acid,101
36.75,F7_Propionic_Acid,103
37.0,F7_Propionic_Acid,105
37.25,F7_Propionic_Acid,107
37.5,F7_Propionic_Acid,110
37.75,F7_Propionic_Acid,108
38.0,F7_Propionic_Acid,108
38.25,F7_Propionic_Acid,109
38.5,F7_Propionic_Acid,111
38.75,F7_Propionic_Acid,108
39.0,F7_Propionic_Acid,107
39.25,F7_Propionic_Acid,111
39.5,F7_Propionic_Acid,106
39.75,F7_Propionic_Acid,114
40.0,F7_Propionic_Acid,108
40.25,F7_Propionic_Acid,112
40.5,F7_Propionic_Acid,117
40.75,F7_Propionic_Acid,116
41.0,F7_Propionic_Acid,119
41.25,F7_Propionic_Acid,113
41.5,F7_Propionic_Acid,119
41.75,F7_Propionic_Acid,119
42.0,F7_Propionic_Acid,114
42.25,F7_Propionic_Acid,112
42.5,F7_Propionic_Acid,125
42.75,F7_Propionic_Acid,119
43.0,F7_Propionic_Acid,125
43.25,F7_Propionic_Acid,121
43.5,F7_Propionic_Acid,118
43.75,F7_Propionic_Acid,121
44.0,F7_Propionic_Acid,128
44.25,F7_Propionic_Acid,124
44.5,F7_Propionic_Acid,126
44.75,F7_Propionic_Acid,129
45.0,F7_Propionic_Acid,128
45.25,F7_Propionic_Acid,129
45.5,F7_Propionic_Acid,127
45.75,F7_Propionic_Acid,131
46.0,F7_Propionic_Acid,131
46.25,F7_Propionic_Acid,136
46.5,F7_Propionic_Acid,131
46.75,F7_Propionic_Acid,139
47.0,F7_Propionic_Acid,137
47.25,F7_Propionic_Acid,137
47.5,F7_Propionic_Acid,0
0.0,F8_Mucic_Acid,31
0.25,F8_Mucic_Acid,11
0.5,F8_Mucic_Acid,12
0.75,F8_Mucic_Acid,16
1.0,F8_Mucic_Acid,11
1.25,F8_Mucic_Acid,12
1.5,F8_Mucic_Acid,14
1.75,F8_Mucic_Acid,14
2.0,F8_Mucic_Acid,17
2.25,F8_Mucic_Acid,15
2.5,F8_Mucic_Acid,11
2.75,F8_Mucic_Acid,11
3.0,F8_Mucic_Acid,12
3.25,F8_Mucic_Acid,13
3.5,F8_Mucic_Acid,11
3.75,F8_Mucic_Acid,13
4.0,F8_Mucic_Acid,11
4.25,F8_Mucic_Acid,17
4.5,F8_Mucic_Acid,19
4.75,F8_Mucic_Acid,15
5.0,F8_Mucic_Acid,16
5.25,F8_Mucic_Acid,15
5.5,F8_Mucic_Acid,13
5.75,F8_Mucic_Acid,13
6.0,F8_Mucic_Acid,17
6.25,F8_Mucic_Acid,17
6.5,F8_Mucic_Acid,15
6.75,F8_Mucic_Acid,17
7.0,F8_Mucic_Acid,19
7.25,F8_Mucic_Acid,18
7.5,F8_Mucic_Acid,20
7.75,F8_Mucic_Acid,18
8.0,F8_Mucic_Acid,19
8.25,F8_Mucic_Acid,20
8.5,F8_Mucic_Acid,22
8.75,F8_Mucic_Acid,24
9.0,F8_Mucic_Acid,25
9.25,F8_Mucic_Acid,22
9.5,F8_Mucic_Acid,21
9.75,F8_Mucic_Acid,21
10.0,F8_Mucic_Acid,23
10.25,F8_Mucic_Acid,21
10.5,F8_Mucic_Acid,22
10.75,F8_Mucic_Acid,20
11.0,F8_Mucic_Acid,21
11.25,F8_Mucic_Acid,23
11.5,F8_Mucic_Acid,23
11.75,F8_Mucic_Acid,27
12.0,F8_Mucic_Acid,22
12.25,F8_Mucic_Acid,25
12.5,F8_Mucic_Acid,28
12.75,F8_Mucic_Acid,27
13.0,F8_Mucic_Acid,24
13.25,F8_Mucic_Acid,21
13.5,F8_Mucic_Acid,22
13.75,F8_Mucic_Acid,25
14.0,F8_Mucic_Acid,22
14.25,F8_Mucic_Acid,24
14.5,F8_Mucic_Acid,25
14.75,F8_Mucic_Acid,26
15.0,F8_Mucic_Acid,25
15.25,F8_Mucic_Acid,23
15.5,F8_Mucic_Acid,24
15.75,F8_Mucic_Acid,22
16.0,F8_Mucic_Acid,26
16.25,F8_Mucic_Acid,25
16.5,F8_Mucic_Acid,30
16.75,F8_Mucic_Acid,27
17.0,F8_Mucic_Acid,22
17.25,F8_Mucic_Acid,23
17.5,F8_Mucic_Acid,22
17.75,F8_Mucic_Acid,28
18.0,F8_Mucic_Acid,28
18.25,F8_Mucic_Acid,27
18.5,F8_Mucic_Acid,26
18.75,F8_Mucic_Acid,28
19.0,F8_Mucic_Acid,27
19.25,F8_Mucic_Acid,28
19.5,F8_Mucic_Acid,28
19.75,F8_Mucic_Acid,29
20.0,F8_Mucic_Acid,28
20.25,F8_Mucic_Acid,30
20.5,F8_Mucic_Acid,25
20.75,F8_Mucic_Acid,28
21.0,F8_Mucic_Acid,25
21.25,F8_Mucic_Acid,24
21.5,F8_Mucic_Acid,27
21.75,F8_Mucic_Acid,21
22.0,F8_Mucic_Acid,30
22.25,F8_Mucic_Acid,28
22.5,F8_Mucic_Acid,30
22.75,F8_Mucic_Acid,27
23.0,F8_Mucic_Acid,28
23.25,F8_Mucic_Acid,27
23.5,F8_Mucic_Acid,31
23.75,F8_Mucic_Acid,29
24.0,F8_Mucic_Acid,29
24.25,F8_Mucic_Acid,30
24.5,F8_Mucic_Acid,28
24.75,F8_Mucic_Acid,30
25.0,F8_Mucic_Acid,30
25.25,F8_Mucic_Acid,26
25.5,F8_Mucic_Acid,30
25.75,F8_Mucic_Acid,25
26.0,F8_Mucic_Acid,28
26.25,F8_Mucic_Acid,33
26.5,F8_Mucic_Acid,30
26.75,F8_Mucic_Acid,27
27.0,F8_Mucic_Acid,29
27.25,F8_Mucic_Acid,28
27.5,F8_Mucic_Acid,26
27.75,F8_Mucic_Acid,27
28.0,F8_Mucic_Acid,25
28.25,F8_Mucic_Acid,27
28.5,F8_Mucic_Acid,29
28.75,F8_Mucic_Acid,30
29.0,F8_Mucic_Acid,27
29.25,F8_Mucic_Acid,27
29.5,F8_Mucic_Acid,29
29.75,F8_Mucic_Acid,31
30.0,F8_Mucic_Acid,25
30.25,F8_Mucic_Acid,26
30.5,F8_Mucic_Acid,27
30.75,F8_Mucic_Acid,32
31.0,F8_Mucic_Acid,30
31.25,F8_Mucic_Acid,29
31.5,F8_Mucic_Acid,33
31.75,F8_Mucic_Acid,27
32.0,F8_Mucic_Acid,27
32.25,F8_Mucic_Acid,34
32.5,F8_Mucic_Acid,29
32.75,F8_Mucic_Acid,30
33.0,F8_Mucic_Acid,30
33.25,F8_Mucic_Acid,33
33.5,F8_Mucic_Acid,29
33.75,F8_Mucic_Acid,32
34.0,F8_Mucic_Acid,30
34.25,F8_Mucic_Acid,31
34.5,F8_Mucic_Acid,30
34.75,F8_Mucic_Acid,32
35.0,F8_Mucic_Acid,31
35.25,F8_Mucic_Acid,28
35.5,F8_Mucic_Acid,31
35.75,F8_Mucic_Acid,28
36.0,F8_Mucic_Acid,31
36.25,F8_Mucic_Acid,32
36.5,F8_Mucic_Acid,27
36.75,F8_Mucic_Acid,30
37.0,F8_Mucic_Acid,27
37.25,F8_Mucic_Acid,29
37.5,F8_Mucic_Acid,28
37.75,F8_Mucic_Acid,31
38.0,F8_Mucic_Acid,30
38.25,F8_Mucic_Acid,30
38.5,F8_Mucic_Acid,32
38.75,F8_Mucic_Acid,32
39.0,F8_Mucic_Acid,29
39.25,F8_Mucic_Acid,29
39.5,F8_Mucic_Acid,29
39.75,F8_Mucic_Acid,32
40.0,F8_Mucic_Acid,29
40.25,F8_Mucic_Acid,33
40.5,F8_Mucic_Acid,29
40.75,F8_Mucic_Acid,32
41.0,F8_Mucic_Acid,32
41.25,F8_Mucic_Acid,29
41.5,F8_Mucic_Acid,27
41.75,F8_Mucic_Acid,31
42.0,F8_Mucic_Acid,28
42.25,F8_Mucic_Acid,30
42.5,F8_Mucic_Acid,31
42.75,F8_Mucic_Acid,31
43.0,F8_Mucic_Acid,32
43.25,F8_Mucic_Acid,28
43.5,F8_Mucic_Acid,32
43.75,F8_Mucic_Acid,28
44.0,F8_Mucic_Acid,31
44.25,F8_Mucic_Acid,28
44.5,F8_Mucic_Acid,32
44.75,F8_Mucic_Acid,31
45.0,F8_Mucic_Acid,27
45.25,F8_Mucic_Acid,28
45.5,F8_Mucic_Acid,32
45.75,F8_Mucic_Acid,31
46.0,F8_Mucic_Acid,32
46.25,F8_Mucic_Acid,33
46.5,F8_Mucic_Acid,33
46.75,F8_Mucic_Acid,32
47.0,F8_Mucic_Acid,32
47.25,F8_Mucic_Acid,29
47.5,F8_Mucic_Acid,0
0.0,F9_Glycolic_Acid,11
0.25,F9_Glycolic_Acid,14
0.5,F9_Glycolic_Acid,18
0.75,F9_Glycolic_Acid,20
1.0,F9_Glycolic_Acid,19
1.25,F9_Glycolic_Acid,17
1.5,F9_Glycolic_Acid,19
1.75,F9_Glycolic_Acid,20
2.0,F9_Glycolic_Acid,16
2.25,F9_Glycolic_Acid,18
2.5,F9_Glycolic_Acid,19
2.75,F9_Glycolic_Acid,21
3.0,F9_Glycolic_Acid,20
3.25,F9_Glycolic_Acid,18
3.5,F9_Glycolic_Acid,21
3.75,F9_Glycolic_Acid,23
4.0,F9_Glycolic_Acid,20
4.25,F9_Glycolic_Acid,23
4.5,F9_Glycolic_Acid,22
4.75,F9_Glycolic_Acid,24
5.0,F9_Glycolic_Acid,21
5.25,F9_Glycolic_Acid,22
5.5,F9_Glycolic_Acid,18
5.75,F9_Glycolic_Acid,21
6.0,F9_Glycolic_Acid,21
6.25,F9_Glycolic_Acid,17
6.5,F9_Glycolic_Acid,13
6.75,F9_Glycolic_Acid,19
7.0,F9_Glycolic_Acid,15
7.25,F9_Glycolic_Acid,16
7.5,F9_Glycolic_Acid,15
7.75,F9_Glycolic_Acid,17
8.0,F9_Glycolic_Acid,21
8.25,F9_Glycolic_Acid,21
8.5,F9_Glycolic_Acid,18
8.75,F9_Glycolic_Acid,17
9.0,F9_Glycolic_Acid,19
9.25,F9_Glycolic_Acid,20
9.5,F9_Glycolic_Acid,19
9.75,F9_Glycolic_Acid,20
10.0,F9_Glycolic_Acid,23
10.25,F9_Glycolic_Acid,23
10.5,F9_Glycolic_Acid,21
10.75,F9_Glycolic_Acid,21
11.0,F9_Glycolic_Acid,18
11.25,F9_Glycolic_Acid,23
11.5,F9_Glycolic_Acid,20
11.75,F9_Glycolic_Acid,21
12.0,F9_Glycolic_Acid,22
12.25,F9_Glycolic_Acid,19
12.5,F9_Glycolic_Acid,22
12.75,F9_Glycolic_Acid,23
13.0,F9_Glycolic_Acid,21
13.25,F9_Glycolic_Acid,19
13.5,F9_Glycolic_Acid,21
13.75,F9_Glycolic_Acid,20
14.0,F9_Glycolic_Acid,20
14.25,F9_Glycolic_Acid,25
14.5,F9_Glycolic_Acid,23
14.75,F9_Glycolic_Acid,20
15.0,F9_Glycolic_Acid,24
15.25,F9_Glycolic_Acid,23
15.5,F9_Glycolic_Acid,22
15.75,F9_Glycolic_Acid,23
16.0,F9_Glycolic_Acid,18
16.25,F9_Glycolic_Acid,23
16.5,F9_Glycolic_Acid,24
16.75,F9_Glycolic_Acid,24
17.0,F9_Glycolic_Acid,20
17.25,F9_Glycolic_Acid,23
17.5,F9_Glycolic_Acid,24
17.75,F9_Glycolic_Acid,26
18.0,F9_Glycolic_Acid,24
18.25,F9_Glycolic_Acid,23
18.5,F9_Glycolic_Acid,24
18.75,F9_Glycolic_Acid,21
19.0,F9_Glycolic_Acid,22
19.25,F9_Glycolic_Acid,22
19.5,F9_Glycolic_Acid,26
19.75,F9_Glycolic_Acid,25
20.0,F9_Glycolic_Acid,22
20.25,F9_Glycolic_Acid,23
20.5,F9_Glycolic_Acid,23
20.75,F9_Glycolic_Acid,27
21.0,F9_Glycolic_Acid,23
21.25,F9_Glycolic_Acid,24
21.5,F9_Glycolic_Acid,24
21.75,F9_Glycolic_Acid,20
22.0,F9_Glycolic_Acid,22
22.25,F9_Glycolic_Acid,23
22.5,F9_Glycolic_Acid,21
22.75,F9_Glycolic_Acid,22
23.0,F9_Glycolic_Acid,22
23.25,F9_Glycolic_Acid,24
23.5,F9_Glycolic_Acid,20
23.75,F9_Glycolic_Acid,22
24.0,F9_Glycolic_Acid,24
24.25,F9_Glycolic_Acid,26
24.5,F9_Glycolic_Acid,23
24.75,F9_Glycolic_Acid,23
25.0,F9_Glycolic_Acid,25
25.25,F9_Glycolic_Acid,19
25.5,F9_Glycolic_Acid,26
25.75,F9_Glycolic_Acid,21
26.0,F9_Glycolic_Acid,23
26.25,F9_Glycolic_Acid,22
26.5,F9_Glycolic_Acid,26
26.75,F9_Glycolic_Acid,23
27.0,F9_Glycolic_Acid,22
27.25,F9_Glycolic_Acid,19
27.5,F9_Glycolic_Acid,25
27.75,F9_Glycolic_Acid,27
28.0,F9_Glycolic_Acid,22
28.25,F9_Glycolic_Acid,25
28.5,F9_Glycolic_Acid,22
28.75,F9_Glycolic_Acid,24
29.0,F9_Glycolic_Acid,26
29.25,F9_Glycolic_Acid,26
29.5,F9_Glycolic_Acid,25
29.75,F9_Glycolic_Acid,26
30.0,F9_Glycolic_Acid,25
30.25,F9_Glycolic_Acid,26
30.5,F9_Glycolic_Acid,25
30.75,F9_Glycolic_Acid,24
31.0,F9_Glycolic_Acid,25
31.25,F9_Glycolic_Acid,23
31.5,F9_Glycolic_Acid,23
31.75,F9_Glycolic_Acid,21
32.0,F9_Glycolic_Acid,23
32.25,F9_Glycolic_Acid,24
32.5,F9_Glycolic_Acid,25
32.75,F9_Glycolic_Acid,25
33.0,F9_Glycolic_Acid,25
33.25,F9_Glycolic_Acid,23
33.5,F9_Glycolic_Acid,22
33.75,F9_Glycolic_Acid,28
34.0,F9_Glycolic_Acid,22
34.25,F9_Glycolic_Acid,23
34.5,F9_Glycolic_Acid,28
34.75,F9_Glycolic_Acid,24
35.0,F9_Glycolic_Acid,23
35.25,F9_Glycolic_Acid,24
35.5,F9_Glycolic_Acid,25
35.75,F9_Glycolic_Acid,25
36.0,F9_Glycolic_Acid,24
36.25,F9_Glycolic_Acid,27
36.5,F9_Glycolic_Acid,23
36.75,F9_Glycolic_Acid,29
37.0,F9_Glycolic_Acid,22
37.25,F9_Glycolic_Acid,22
37.5,F9_Glycolic_Acid,20
37.75,F9_Glycolic_Acid,28
38.0,F9_Glycolic_Acid,23
38.25,F9_Glycolic_Acid,24
38.5,F9_Glycolic_Acid,29
38.75,F9_Glycolic_Acid,24
39.0,F9_Glycolic_Acid,20
39.25,F9_Glycolic_Acid,25
39.5,F9_Glycolic_Acid,27
39.75,F9_Glycolic_Acid,22
40.0,F9_Glycolic_Acid,27
40.25,F9_Glycolic_Acid,22
40.5,F9_Glycolic_Acid,24
40.75,F9_Glycolic_Acid,26
41.0,F9_Glycolic_Acid,22
41.25,F9_Glycolic_Acid,25
41.5,F9_Glycolic_Acid,25
41.75,F9_Glycolic_Acid,21
42.0,F9_Glycolic_Acid,25
42.25,F9_Glycolic_Acid,25
42.5,F9_Glycolic_Acid,22
42.75,F9_Glycolic_Acid,27
43.0,F9_Glycolic_Acid,23
43.25,F9_Glycolic_Acid,22
43.5,F9_Glycolic_Acid,27
43.75,F9_Glycolic_Acid,26
44.0,F9_Glycolic_Acid,24
44.25,F9_Glycolic_Acid,24
44.5,F9_Glycolic_Acid,21
44.75,F9_Glycolic_Acid,23
45.0,F9_Glycolic_Acid,23
45.25,F9_Glycolic_Acid,20
45.5,F9_Glycolic_Acid,24
45.75,F9_Glycolic_Acid,22
46.0,F9_Glycolic_Acid,21
46.25,F9_Glycolic_Acid,24
46.5,F9_Glycolic_Acid,25
46.75,F9_Glycolic_Acid,22
47.0,F9_Glycolic_Acid,24
47.25,F9_Glycolic_Acid,21
47.5,F9_Glycolic_Acid,0
0.0,F10_Glyoxylic_Acid,11
0.25,F10_Glyoxylic_Acid,11
0.5,F10_Glyoxylic_Acid,12
0.75,F10_Glyoxylic_Acid,11
1.0,F10_Glyoxylic_Acid,11
1.25,F10_Glyoxylic_Acid,11
1.5,F10_Glyoxylic_Acid,12
1.75,F10_Glyoxylic_Acid,13
2.0,F10_Glyoxylic_Acid,11
2.25,F10_Glyoxylic_Acid,11
2.5,F10_Glyoxylic_Acid,11
2.75,F10_Glyoxylic_Acid,11
3.0,F10_Glyoxylic_Acid,17
3.25,F10_Glyoxylic_Acid,11
3.5,F10_Glyoxylic_Acid,14
3.75,F10_Glyoxylic_Acid,11
4.0,F10_Glyoxylic_Acid,11
4.25,F10_Glyoxylic_Acid,18
4.5,F10_Glyoxylic_Acid,17
4.75,F10_Glyoxylic_Acid,14
5.0,F10_Glyoxylic_Acid,11
5.25,F10_Glyoxylic_Acid,14
5.5,F10_Glyoxylic_Acid,12
5.75,F10_Glyoxylic_Acid,12
6.0,F10_Glyoxylic_Acid,15
6.25,F10_Glyoxylic_Acid,12
6.5,F10_Glyoxylic_Acid,14
6.75,F10_Glyoxylic_Acid,14
7.0,F10_Glyoxylic_Acid,15
7.25,F10_Glyoxylic_Acid,16
7.5,F10_Glyoxylic_Acid,12
7.75,F10_Glyoxylic_Acid,18
8.0,F10_Glyoxylic_Acid,17
8.25,F10_Glyoxylic_Acid,16
8.5,F10_Glyoxylic_Acid,16
8.75,F10_Glyoxylic_Acid,14
9.0,F10_Glyoxylic_Acid,20
9.25,F10_Glyoxylic_Acid,18
9.5,F10_Glyoxylic_Acid,18
9.75,F10_Glyoxylic_Acid,15
10.0,F10_Glyoxylic_Acid,21
10.25,F10_Glyoxylic_Acid,17
10.5,F10_Glyoxylic_Acid,18
10.75,F10_Glyoxylic_Acid,16
11.0,F10_Glyoxylic_Acid,17
11.25,F10_Glyoxylic_Acid,17
11.5,F10_Glyoxylic_Acid,22
11.75,F10_Glyoxylic_Acid,24
12.0,F10_Glyoxylic_Acid,21
12.25,F10_Glyoxylic_Acid,23
12.5,F10_Glyoxylic_Acid,22
12.75,F10_Glyoxylic_Acid,24
13.0,F10_Glyoxylic_Acid,17
13.25,F10_Glyoxylic_Acid,24
13.5,F10_Glyoxylic_Acid,23
13.75,F10_Glyoxylic_Acid,26
14.0,F10_Glyoxylic_Acid,23
14.25,F10_Glyoxylic_Acid,25
14.5,F10_Glyoxylic_Acid,27
14.75,F10_Glyoxylic_Acid,25
15.0,F10_Glyoxylic_Acid,20
15.25,F10_Glyoxylic_Acid,27
15.5,F10_Glyoxylic_Acid,23
15.75,F10_Glyoxylic_Acid,26
16.0,F10_Glyoxylic_Acid,24
16.25,F10_Glyoxylic_Acid,26
16.5,F10_Glyoxylic_Acid,27
16.75,F10_Glyoxylic_Acid,31
17.0,F10_Glyoxylic_Acid,26
17.25,F10_Glyoxylic_Acid,29
17.5,F10_Glyoxylic_Acid,27
17.75,F10_Glyoxylic_Acid,29
18.0,F10_Glyoxylic_Acid,30
18.25,F10_Glyoxylic_Acid,29
18.5,F10_Glyoxylic_Acid,31
18.75,F10_Glyoxylic_Acid,30
19.0,F10_Glyoxylic_Acid,30
19.25,F10_Glyoxylic_Acid,30
19.5,F10_Glyoxylic_Acid,28
19.75,F10_Glyoxylic_Acid,33
20.0,F10_Glyoxylic_Acid,30
20.25,F10_Glyoxylic_Acid,30
20.5,F10_Glyoxylic_Acid,24
20.75,F10_Glyoxylic_Acid,32
21.0,F10_Glyoxylic_Acid,27
21.25,F10_Glyoxylic_Acid,28
21.5,F10_Glyoxylic_Acid,33
21.75,F10_Glyoxylic_Acid,32
22.0,F10_Glyoxylic_Acid,30
22.25,F10_Glyoxylic_Acid,30
22.5,F10_Glyoxylic_Acid,30
22.75,F10_Glyoxylic_Acid,31
23.0,F10_Glyoxylic_Acid,30
23.25,F10_Glyoxylic_Acid,34
23.5,F10_Glyoxylic_Acid,33
23.75,F10_Glyoxylic_Acid,33
24.0,F10_Glyoxylic_Acid,30
24.25,F10_Glyoxylic_Acid,36
24.5,F10_Glyoxylic_Acid,35
24.75,F10_Glyoxylic_Acid,35
25.0,F10_Glyoxylic_Acid,32
25.25,F10_Glyoxylic_Acid,33
25.5,F10_Glyoxylic_Acid,32
25.75,F10_Glyoxylic_Acid,34
26.0,F10_Glyoxylic_Acid,31
26.25,F10_Glyoxylic_Acid,40
26.5,F10_Glyoxylic_Acid,35
26.75,F10_Glyoxylic_Acid,32
27.0,F10_Glyoxylic_Acid,37
27.25,F10_Glyoxylic_Acid,36
27.5,F10_Glyoxylic_Acid,34
27.75,F10_Glyoxylic_Acid,37
28.0,F10_Glyoxylic_Acid,40
28.25,F10_Glyoxylic_Acid,37
28.5,F10_Glyoxylic_Acid,38
28.75,F10_Glyoxylic_Acid,37
29.0,F10_Glyoxylic_Acid,37
29.25,F10_Glyoxylic_Acid,41
29.5,F10_Glyoxylic_Acid,40
29.75,F10_Glyoxylic_Acid,38
30.0,F10_Glyoxylic_Acid,38
30.25,F10_Glyoxylic_Acid,33
30.5,F10_Glyoxylic_Acid,37
30.75,F10_Glyoxylic_Acid,34
31.0,F10_Glyoxylic_Acid,36
31.25,F10_Glyoxylic_Acid,38
31.5,F10_Glyoxylic_Acid,40
31.75,F10_Glyoxylic_Acid,38
32.0,F10_Glyoxylic_Acid,41
32.25,F10_Glyoxylic_Acid,43
32.5,F10_Glyoxylic_Acid,44
32.75,F10_Glyoxylic_Acid,38
33.0,F10_Glyoxylic_Acid,42
33.25,F10_Glyoxylic_Acid,39
33.5,F10_Glyoxylic_Acid,34
33.75,F10_Glyoxylic_Acid,41
34.0,F10_Glyoxylic_Acid,38
34.25,F10_Glyoxylic_Acid,42
34.5,F10_Glyoxylic_Acid,44
34.75,F10_Glyoxylic_Acid,43
35.0,F10_Glyoxylic_Acid,41
35.25,F10_Glyoxylic_Acid,40
35.5,F10_Glyoxylic_Acid,41
35.75,F10_Glyoxylic_Acid,43
36.0,F10_Glyoxylic_Acid,41
36.25,F10_Glyoxylic_Acid,40
36.5,F10_Glyoxylic_Acid,42
36.75,F10_Glyoxylic_Acid,43
37.0,F10_Glyoxylic_Acid,39
37.25,F10_Glyoxylic_Acid,38
37.5,F10_Glyoxylic_Acid,39
37.75,F10_Glyoxylic_Acid,45
38.0,F10_Glyoxylic_Acid,44
38.25,F10_Glyoxylic_Acid,41
38.5,F10_Glyoxylic_Acid,43
38.75,F10_Glyoxylic_Acid,47
39.0,F10_Glyoxylic_Acid,43
39.25,F10_Glyoxylic_Acid,40
39.5,F10_Glyoxylic_Acid,43
39.75,F10_Glyoxylic_Acid,45
40.0,F10_Glyoxylic_Acid,45
40.25,F10_Glyoxylic_Acid,48
40.5,F10_Glyoxylic_Acid,44
40.75,F10_Glyoxylic_Acid,44
41.0,F10_Glyoxylic_Acid,46
41.25,F10_Glyoxylic_Acid,43
41.5,F10_Glyoxylic_Acid,43
41.75,F10_Glyoxylic_Acid,47
42.0,F10_Glyoxylic_Acid,44
42.25,F10_Glyoxylic_Acid,43
42.5,F10_Glyoxylic_Acid,44
42.75,F10_Glyoxylic_Acid,41
43.0,F10_Glyoxylic_Acid,45
43.25,F10_Glyoxylic_Acid,44
43.5,F10_Glyoxylic_Acid,40
43.75,F10_Glyoxylic_Acid,43
44.0,F10_Glyoxylic_Acid,47
44.25,F10_Glyoxylic_Acid,42
44.5,F10_Glyoxylic_Acid,45
44.75,F10_Glyoxylic_Acid,43
45.0,F10_Glyoxylic_Acid,44
45.25,F10_Glyoxylic_Acid,50
45.5,F10_Glyoxylic_Acid,50
45.75,F10_Glyoxylic_Acid,45
46.0,F10_Glyoxylic_Acid,44
46.25,F10_Glyoxylic_Acid,47
46.5,F10_Glyoxylic_Acid,46
46.75,F10_Glyoxylic_Acid,45
47.0,F10_Glyoxylic_Acid,46
47.25,F10_Glyoxylic_Acid,49
47.5,F10_Glyoxylic_Acid,0
0.0,F11_D-Cellobiose,46
0.25,F11_D-Cellobiose,59
0.5,F11_D-Cellobiose,37
0.75,F11_D-Cellobiose,20
1.0,F11_D-Cellobiose,18
1.25,F11_D-Cellobiose,17
1.5,F11_D-Cellobiose,16
1.75,F11_D-Cellobiose,16
2.0,F11_D-Cellobiose,15
2.25,F11_D-Cellobiose,12
2.5,F11_D-Cellobiose,12
2.75,F11_D-Cellobiose,17
3.0,F11_D-Cellobiose,18
3.25,F11_D-Cellobiose,11
3.5,F11_D-Cellobiose,17
3.75,F11_D-Cellobiose,15
4.0,F11_D-Cellobiose,12
4.25,F11_D-Cellobiose,16
4.5,F11_D-Cellobiose,14
4.75,F11_D-Cellobiose,15
5.0,F11_D-Cellobiose,19
5.25,F11_D-Cellobiose,16
5.5,F11_D-Cellobiose,16
5.75,F11_D-Cellobiose,20
6.0,F11_D-Cellobiose,19
6.25,F11_D-Cellobiose,17
6.5,F11_D-Cellobiose,24
6.75,F11_D-Cellobiose,25
7.0,F11_D-Cellobiose,27
7.25,F11_D-Cellobiose,22
7.5,F11_D-Cellobiose,26
7.75,F11_D-Cellobiose,30
8.0,F11_D-Cellobiose,34
8.25,F11_D-Cellobiose,39
8.5,F11_D-Cellobiose,35
8.75,F11_D-Cellobiose,39
9.0,F11_D-Cellobiose,45
9.25,F11_D-Cellobiose,48
9.5,F11_D-Cellobiose,51
9.75,F11_D-Cellobiose,58
10.0,F11_D-Cellobiose,55
10.25,F11_D-Cellobiose,58
10.5,F11_D-Cellobiose,59
10.75,F11_D-Cellobiose,65
11.0,F11_D-Cellobiose,63
11.25,F11_D-Cellobiose,75
11.5,F11_D-Cellobiose,69
11.75,F11_D-Cellobiose,74
12.0,F11_D-Cellobiose,77
12.25,F11_D-Cellobiose,83
12.5,F11_D-Cellobiose,88
12.75,F11_D-Cellobiose,90
13.0,F11_D-Cellobiose,92
13.25,F11_D-Cellobiose,102
13.5,F11_D-Cellobiose,109
13.75,F11_D-Cellobiose,112
14.0,F11_D-Cellobiose,112
14.25,F11_D-Cellobiose,118
14.5,F11_D-Cellobiose,119
14.75,F11_D-Cellobiose,121
15.0,F11_D-Cellobiose,132
15.25,F11_D-Cellobiose,137
15.5,F11_D-Cellobiose,140
15.75,F11_D-Cellobiose,147
16.0,F11_D-Cellobiose,153
16.25,F11_D-Cellobiose,146
16.5,F11_D-Cellobiose,155
16.75,F11_D-Cellobiose,161
17.0,F11_D-Cellobiose,165
17.25,F11_D-Cellobiose,161
17.5,F11_D-Cellobiose,169
17.75,F11_D-Cellobiose,170
18.0,F11_D-Cellobiose,176
18.25,F11_D-Cellobiose,178
18.5,F11_D-Cellobiose,184
18.75,F11_D-Cellobiose,184
19.0,F11_D-Cellobiose,187
19.25,F11_D-Cellobiose,192
19.5,F11_D-Cellobiose,191
19.75,F11_D-Cellobiose,196
20.0,F11_D-Cellobiose,199
20.25,F11_D-Cellobiose,199
20.5,F11_D-Cellobiose,201
20.75,F11_D-Cellobiose,204
21.0,F11_D-Cellobiose,208
21.25,F11_D-Cellobiose,208
21.5,F11_D-Cellobiose,210
21.75,F11_D-Cellobiose,218
22.0,F11_D-Cellobiose,225
22.25,F11_D-Cellobiose,224
22.5,F11_D-Cellobiose,226
22.75,F11_D-Cellobiose,225
23.0,F11_D-Cellobiose,229
23.25,F11_D-Cellobiose,231
23.5,F11_D-Cellobiose,234
23.75,F11_D-Cellobiose,237
24.0,F11_D-Cellobiose,235
24.25,F11_D-Cellobiose,238
24.5,F11_D-Cellobiose,240
24.75,F11_D-Cellobiose,240
25.0,F11_D-Cellobiose,243
25.25,F11_D-Cellobiose,243
25.5,F11_D-Cellobiose,245
25.75,F11_D-Cellobiose,249
26.0,F11_D-Cellobiose,248
26.25,F11_D-Cellobiose,250
26.5,F11_D-Cellobiose,251
26.75,F11_D-Cellobiose,254
27.0,F11_D-Cellobiose,256
27.25,F11_D-Cellobiose,254
27.5,F11_D-Cellobiose,258
27.75,F11_D-Cellobiose,258
28.0,F11_D-Cellobiose,258
28.25,F11_D-Cellobiose,259
28.5,F11_D-Cellobiose,261
28.75,F11_D-Cellobiose,261
29.0,F11_D-Cellobiose,263
29.25,F11_D-Cellobiose,262
29.5,F11_D-Cellobiose,264
29.75,F11_D-Cellobiose,263
30.0,F11_D-Cellobiose,264
30.25,F11_D-Cellobiose,265
30.5,F11_D-Cellobiose,266
30.75,F11_D-Cellobiose,265
31.0,F11_D-Cellobiose,269
31.25,F11_D-Cellobiose,268
31.5,F11_D-Cellobiose,272
31.75,F11_D-Cellobiose,268
32.0,F11_D-Cellobiose,270
32.25,F11_D-Cellobiose,273
32.5,F11_D-Cellobiose,273
32.75,F11_D-Cellobiose,273
33.0,F11_D-Cellobiose,274
33.25,F11_D-Cellobiose,274
33.5,F11_D-Cellobiose,274
33.75,F11_D-Cellobiose,274
34.0,F11_D-Cellobiose,272
34.25,F11_D-Cellobiose,276
34.5,F11_D-Cellobiose,275
34.75,F11_D-Cellobiose,276
35.0,F11_D-Cellobiose,276
35.25,F11_D-Cellobiose,277
35.5,F11_D-Cellobiose,274
35.75,F11_D-Cellobiose,279
36.0,F11_D-Cellobiose,277
36.25,F11_D-Cellobiose,274
36.5,F11_D-Cellobiose,275
36.75,F11_D-Cellobiose,275
37.0,F11_D-Cellobiose,274
37.25,F11_D-Cellobiose,273
37.5,F11_D-Cellobiose,276
37.75,F11_D-Cellobiose,276
38.0,F11_D-Cellobiose,275
38.25,F11_D-Cellobiose,275
38.5,F11_D-Cellobiose,275
38.75,F11_D-Cellobiose,276
39.0,F11_D-Cellobiose,275
39.25,F11_D-Cellobiose,277
39.5,F11_D-Cellobiose,275
39.75,F11_D-Cellobiose,275
40.0,F11_D-Cellobiose,277
40.25,F11_D-Cellobiose,277
40.5,F11_D-Cellobiose,278
40.75,F11_D-Cellobiose,277
41.0,F11_D-Cellobiose,278
41.25,F11_D-Cellobiose,278
41.5,F11_D-Cellobiose,277
41.75,F11_D-Cellobiose,276
42.0,F11_D-Cellobiose,277
42.25,F11_D-Cellobiose,276
42.5,F11_D-Cellobiose,276
42.75,F11_D-Cellobiose,280
43.0,F11_D-Cellobiose,277
43.25,F11_D-Cellobiose,276
43.5,F11_D-Cellobiose,276
43.75,F11_D-Cellobiose,277
44.0,F11_D-Cellobiose,278
44.25,F11_D-Cellobiose,278
44.5,F11_D-Cellobiose,278
44.75,F11_D-Cellobiose,277
45.0,F11_D-Cellobiose,276
45.25,F11_D-Cellobiose,280
45.5,F11_D-Cellobiose,278
45.75,F11_D-Cellobiose,279
46.0,F11_D-Cellobiose,280
46.25,F11_D-Cellobiose,282
46.5,F11_D-Cellobiose,281
46.75,F11_D-Cellobiose,283
47.0,F11_D-Cellobiose,280
47.25,F11_D-Cellobiose,278
47.5,F11_D-Cellobiose,0
0.0,F12_Inosine,42
0.25,F12_Inosine,27
0.5,F12_Inosine,22
0.75,F12_Inosine,19
1.0,F12_Inosine,24
1.25,F12_Inosine,22
1.5,F12_Inosine,20
1.75,F12_Inosine,26
2.0,F12_Inosine,21
2.25,F12_Inosine,21
2.5,F12_Inosine,21
2.75,F12_Inosine,25
3.0,F12_Inosine,21
3.25,F12_Inosine,19
3.5,F12_Inosine,24
3.75,F12_Inosine,22
4.0,F12_Inosine,24
4.25,F12_Inosine,24
4.5,F12_Inosine,25
4.75,F12_Inosine,27
5.0,F12_Inosine,23
5.25,F12_Inosine,27
5.5,F12_Inosine,23
5.75,F12_Inosine,24
6.0,F12_Inosine,25
6.25,F12_Inosine,25
6.5,F12_Inosine,33
6.75,F12_Inosine,28
7.0,F12_Inosine,30
7.25,F12_Inosine,29
7.5,F12_Inosine,31
7.75,F12_Inosine,37
8.0,F12_Inosine,38
8.25,F12_Inosine,36
8.5,F12_Inosine,41
8.75,F12_Inosine,37
9.0,F12_Inosine,41
9.25,F12_Inosine,40
9.5,F12_Inosine,41
9.75,F12_Inosine,42
10.0,F12_Inosine,43
10.25,F12_Inosine,43
10.5,F12_Inosine,44
10.75,F12_Inosine,46
11.0,F12_Inosine,45
11.25,F12_Inosine,51
11.5,F12_Inosine,51
11.75,F12_Inosine,51
12.0,F12_Inosine,53
12.25,F12_Inosine,53
12.5,F12_Inosine,50
12.75,F12_Inosine,54
13.0,F12_Inosine,54
13.25,F12_Inosine,55
13.5,F12_Inosine,56
13.75,F12_Inosine,57
14.0,F12_Inosine,58
14.25,F12_Inosine,57
14.5,F12_Inosine,61
14.75,F12_Inosine,69
15.0,F12_Inosine,67
15.25,F12_Inosine,67
15.5,F12_Inosine,70
15.75,F12_Inosine,65
16.0,F12_Inosine,70
16.25,F12_Inosine,71
16.5,F12_Inosine,73
16.75,F12_Inosine,76
17.0,F12_Inosine,75
17.25,F12_Inosine,73
17.5,F12_Inosine,76
17.75,F12_Inosine,81
18.0,F12_Inosine,83
18.25,F12_Inosine,84
18.5,F12_Inosine,84
18.75,F12_Inosine,87
19.0,F12_Inosine,89
19.25,F12_Inosine,91
19.5,F12_Inosine,91
19.75,F12_Inosine,96
20.0,F12_Inosine,95
20.25,F12_Inosine,97
20.5,F12_Inosine,95
20.75,F12_Inosine,96
21.0,F12_Inosine,102
21.25,F12_Inosine,104
21.5,F12_Inosine,104
21.75,F12_Inosine,103
22.0,F12_Inosine,111
22.25,F12_Inosine,110
22.5,F12_Inosine,111
22.75,F12_Inosine,112
23.0,F12_Inosine,118
23.25,F12_Inosine,120
23.5,F12_Inosine,121
23.75,F12_Inosine,121
24.0,F12_Inosine,128
24.25,F12_Inosine,126
24.5,F12_Inosine,124
24.75,F12_Inosine,130
25.0,F12_Inosine,135
25.25,F12_Inosine,139
25.5,F12_Inosine,137
25.75,F12_Inosine,139
26.0,F12_Inosine,143
26.25,F12_Inosine,146
26.5,F12_Inosine,148
26.75,F12_Inosine,152
27.0,F12_Inosine,152
27.25,F12_Inosine,157
27.5,F12_Inosine,162
27.75,F12_Inosine,163
28.0,F12_Inosine,165
28.25,F12_Inosine,170
28.5,F12_Inosine,173
28.75,F12_Inosine,180
29.0,F12_Inosine,181
29.25,F12_Inosine,183
29.5,F12_Inosine,186
29.75,F12_Inosine,189
30.0,F12_Inosine,192
30.25,F12_Inosine,197
30.5,F12_Inosine,202
30.75,F12_Inosine,210
31.0,F12_Inosine,209
31.25,F12_Inosine,213
31.5,F12_Inosine,219
31.75,F12_Inosine,221
32.0,F12_Inosine,228
32.25,F12_Inosine,227
32.5,F12_Inosine,230
32.75,F12_Inosine,230
33.0,F12_Inosine,230
33.25,F12_Inosine,235
33.5,F12_Inosine,238
33.75,F12_Inosine,238
34.0,F12_Inosine,240
34.25,F12_Inosine,240
34.5,F12_Inosine,243
34.75,F12_Inosine,247
35.0,F12_Inosine,246
35.25,F12_Inosine,248
35.5,F12_Inosine,249
35.75,F12_Inosine,254
36.0,F12_Inosine,252
36.25,F12_Inosine,257
36.5,F12_Inosine,258
36.75,F12_Inosine,258
37.0,F12_Inosine,262
37.25,F12_Inosine,260
37.5,F12_Inosine,264
37.75,F12_Inosine,265
38.0,F12_Inosine,267
38.25,F12_Inosine,265
38.5,F12_Inosine,265
38.75,F12_Inosine,265
39.0,F12_Inosine,267
39.25,F12_Inosine,268
39.5,F12_Inosine,267
39.75,F12_Inosine,270
40.0,F12_Inosine,268
40.25,F12_Inosine,272
40.5,F12_Inosine,267
40.75,F12_Inosine,270
41.0,F12_Inosine,273
41.25,F12_Inosine,265
41.5,F12_Inosine,269
41.75,F12_Inosine,268
42.0,F12_Inosine,263
42.25,F12_Inosine,266
42.5,F12_Inosine,270
42.75,F12_Inosine,269
43.0,F12_Inosine,267
43.25,F12_Inosine,265
43.5,F12_Inosine,264
43.75,F12_Inosine,265
44.0,F12_Inosine,263
44.25,F12_Inosine,262
44.5,F12_Inosine,261
44.75,F12_Inosine,259
45.0,F12_Inosine,256
45.25,F12_Inosine,258
45.5,F12_Inosine,258
45.75,F12_Inosine,259
46.0,F12_Inosine,255
46.25,F12_Inosine,259
46.5,F12_Inosine,255
46.75,F12_Inosine,260
47.0,F12_Inosine,257
47.25,F12_Inosine,258
47.5,F12_Inosine,0
0.0,G1_Glycyl-L-Glutamic_Acid,42
0.25,G1_Glycyl-L-Glutamic_Acid,20
0.5,G1_Glycyl-L-Glutamic_Acid,23
0.75,G1_Glycyl-L-Glutamic_Acid,18
1.0,G1_Glycyl-L-Glutamic_Acid,19
1.25,G1_Glycyl-L-Glutamic_Acid,23
1.5,G1_Glycyl-L-Glutamic_Acid,25
1.75,G1_Glycyl-L-Glutamic_Acid,24
2.0,G1_Glycyl-L-Glutamic_Acid,21
2.25,G1_Glycyl-L-Glutamic_Acid,24
2.5,G1_Glycyl-L-Glutamic_Acid,18
2.75,G1_Glycyl-L-Glutamic_Acid,24
3.0,G1_Glycyl-L-Glutamic_Acid,22
3.25,G1_Glycyl-L-Glutamic_Acid,20
3.5,G1_Glycyl-L-Glutamic_Acid,24
3.75,G1_Glycyl-L-Glutamic_Acid,23
4.0,G1_Glycyl-L-Glutamic_Acid,20
4.25,G1_Glycyl-L-Glutamic_Acid,22
4.5,G1_Glycyl-L-Glutamic_Acid,23
4.75,G1_Glycyl-L-Glutamic_Acid,18
5.0,G1_Glycyl-L-Glutamic_Acid,17
5.25,G1_Glycyl-L-Glutamic_Acid,22
5.5,G1_Glycyl-L-Glutamic_Acid,22
5.75,G1_Glycyl-L-Glutamic_Acid,20
6.0,G1_Glycyl-L-Glutamic_Acid,19
6.25,G1_Glycyl-L-Glutamic_Acid,19
6.5,G1_Glycyl-L-Glutamic_Acid,19
6.75,G1_Glycyl-L-Glutamic_Acid,23
7.0,G1_Glycyl-L-Glutamic_Acid,26
7.25,G1_Glycyl-L-Glutamic_Acid,26
7.5,G1_Glycyl-L-Glutamic_Acid,30
7.75,G1_Glycyl-L-Glutamic_Acid,25
8.0,G1_Glycyl-L-Glutamic_Acid,32
8.25,G1_Glycyl-L-Glutamic_Acid,34
8.5,G1_Glycyl-L-Glutamic_Acid,29
8.75,G1_Glycyl-L-Glutamic_Acid,29
9.0,G1_Glycyl-L-Glutamic_Acid,33
9.25,G1_Glycyl-L-Glutamic_Acid,31
9.5,G1_Glycyl-L-Glutamic_Acid,36
9.75,G1_Glycyl-L-Glutamic_Acid,37
10.0,G1_Glycyl-L-Glutamic_Acid,35
10.25,G1_Glycyl-L-Glutamic_Acid,32
10.5,G1_Glycyl-L-Glutamic_Acid,37
10.75,G1_Glycyl-L-Glutamic_Acid,38
11.0,G1_Glycyl-L-Glutamic_Acid,41
11.25,G1_Glycyl-L-Glutamic_Acid,39
11.5,G1_Glycyl-L-Glutamic_Acid,40
11.75,G1_Glycyl-L-Glutamic_Acid,44
12.0,G1_Glycyl-L-Glutamic_Acid,42
12.25,G1_Glycyl-L-Glutamic_Acid,46
12.5,G1_Glycyl-L-Glutamic_Acid,43
12.75,G1_Glycyl-L-Glutamic_Acid,42
13.0,G1_Glycyl-L-Glutamic_Acid,42
13.25,G1_Glycyl-L-Glutamic_Acid,46
13.5,G1_Glycyl-L-Glutamic_Acid,47
13.75,G1_Glycyl-L-Glutamic_Acid,46
14.0,G1_Glycyl-L-Glutamic_Acid,42
14.25,G1_Glycyl-L-Glutamic_Acid,41
14.5,G1_Glycyl-L-Glutamic_Acid,44
14.75,G1_Glycyl-L-Glutamic_Acid,49
15.0,G1_Glycyl-L-Glutamic_Acid,48
15.25,G1_Glycyl-L-Glutamic_Acid,53
15.5,G1_Glycyl-L-Glutamic_Acid,47
15.75,G1_Glycyl-L-Glutamic_Acid,47
16.0,G1_Glycyl-L-Glutamic_Acid,50
16.25,G1_Glycyl-L-Glutamic_Acid,53
16.5,G1_Glycyl-L-Glutamic_Acid,49
16.75,G1_Glycyl-L-Glutamic_Acid,52
17.0,G1_Glycyl-L-Glutamic_Acid,52
17.25,G1_Glycyl-L-Glutamic_Acid,50
17.5,G1_Glycyl-L-Glutamic_Acid,55
17.75,G1_Glycyl-L-Glutamic_Acid,55
18.0,G1_Glycyl-L-Glutamic_Acid,57
18.25,G1_Glycyl-L-Glutamic_Acid,59
18.5,G1_Glycyl-L-Glutamic_Acid,58
18.75,G1_Glycyl-L-Glutamic_Acid,58
19.0,G1_Glycyl-L-Glutamic_Acid,58
19.25,G1_Glycyl-L-Glutamic_Acid,62
19.5,G1_Glycyl-L-Glutamic_Acid,59
19.75,G1_Glycyl-L-Glutamic_Acid,59
20.0,G1_Glycyl-L-Glutamic_Acid,60
20.25,G1_Glycyl-L-Glutamic_Acid,63
20.5,G1_Glycyl-L-Glutamic_Acid,64
20.75,G1_Glycyl-L-Glutamic_Acid,67
21.0,G1_Glycyl-L-Glutamic_Acid,62
21.25,G1_Glycyl-L-Glutamic_Acid,60
21.5,G1_Glycyl-L-Glutamic_Acid,66
21.75,G1_Glycyl-L-Glutamic_Acid,60
22.0,G1_Glycyl-L-Glutamic_Acid,65
22.25,G1_Glycyl-L-Glutamic_Acid,65
22.5,G1_Glycyl-L-Glutamic_Acid,66
22.75,G1_Glycyl-L-Glutamic_Acid,64
23.0,G1_Glycyl-L-Glutamic_Acid,68
23.25,G1_Glycyl-L-Glutamic_Acid,68
23.5,G1_Glycyl-L-Glutamic_Acid,67
23.75,G1_Glycyl-L-Glutamic_Acid,67
24.0,G1_Glycyl-L-Glutamic_Acid,69
24.25,G1_Glycyl-L-Glutamic_Acid,71
24.5,G1_Glycyl-L-Glutamic_Acid,73
24.75,G1_Glycyl-L-Glutamic_Acid,72
25.0,G1_Glycyl-L-Glutamic_Acid,69
25.25,G1_Glycyl-L-Glutamic_Acid,69
25.5,G1_Glycyl-L-Glutamic_Acid,71
25.75,G1_Glycyl-L-Glutamic_Acid,75
26.0,G1_Glycyl-L-Glutamic_Acid,73
26.25,G1_Glycyl-L-Glutamic_Acid,74
26.5,G1_Glycyl-L-Glutamic_Acid,70
26.75,G1_Glycyl-L-Glutamic_Acid,73
27.0,G1_Glycyl-L-Glutamic_Acid,76
27.25,G1_Glycyl-L-Glutamic_Acid,75
27.5,G1_Glycyl-L-Glutamic_Acid,75
27.75,G1_Glycyl-L-Glutamic_Acid,76
28.0,G1_Glycyl-L-Glutamic_Acid,74
28.25,G1_Glycyl-L-Glutamic_Acid,75
28.5,G1_Glycyl-L-Glutamic_Acid,77
28.75,G1_Glycyl-L-Glutamic_Acid,78
29.0,G1_Glycyl-L-Glutamic_Acid,77
29.25,G1_Glycyl-L-Glutamic_Acid,75
29.5,G1_Glycyl-L-Glutamic_Acid,76
29.75,G1_Glycyl-L-Glutamic_Acid,82
30.0,G1_Glycyl-L-Glutamic_Acid,76
30.25,G1_Glycyl-L-Glutamic_Acid,74
30.5,G1_Glycyl-L-Glutamic_Acid,77
30.75,G1_Glycyl-L-Glutamic_Acid,82
31.0,G1_Glycyl-L-Glutamic_Acid,78
31.25,G1_Glycyl-L-Glutamic_Acid,77
31.5,G1_Glycyl-L-Glutamic_Acid,81
31.75,G1_Glycyl-L-Glutamic_Acid,76
32.0,G1_Glycyl-L-Glutamic_Acid,82
32.25,G1_Glycyl-L-Glutamic_Acid,83
32.5,G1_Glycyl-L-Glutamic_Acid,77
32.75,G1_Glycyl-L-Glutamic_Acid,79
33.0,G1_Glycyl-L-Glutamic_Acid,75
33.25,G1_Glycyl-L-Glutamic_Acid,82
33.5,G1_Glycyl-L-Glutamic_Acid,82
33.75,G1_Glycyl-L-Glutamic_Acid,80
34.0,G1_Glycyl-L-Glutamic_Acid,81
34.25,G1_Glycyl-L-Glutamic_Acid,84
34.5,G1_Glycyl-L-Glutamic_Acid,82
34.75,G1_Glycyl-L-Glutamic_Acid,82
35.0,G1_Glycyl-L-Glutamic_Acid,85
35.25,G1_Glycyl-L-Glutamic_Acid,81
35.5,G1_Glycyl-L-Glutamic_Acid,86
35.75,G1_Glycyl-L-Glutamic_Acid,88
36.0,G1_Glycyl-L-Glutamic_Acid,88
36.25,G1_Glycyl-L-Glutamic_Acid,84
36.5,G1_Glycyl-L-Glutamic_Acid,87
36.75,G1_Glycyl-L-Glutamic_Acid,87
37.0,G1_Glycyl-L-Glutamic_Acid,87
37.25,G1_Glycyl-L-Glutamic_Acid,92
37.5,G1_Glycyl-L-Glutamic_Acid,87
37.75,G1_Glycyl-L-Glutamic_Acid,89
38.0,G1_Glycyl-L-Glutamic_Acid,88
38.25,G1_Glycyl-L-Glutamic_Acid,90
38.5,G1_Glycyl-L-Glutamic_Acid,89
38.75,G1_Glycyl-L-Glutamic_Acid,89
39.0,G1_Glycyl-L-Glutamic_Acid,89
39.25,G1_Glycyl-L-Glutamic_Acid,87
39.5,G1_Glycyl-L-Glutamic_Acid,86
39.75,G1_Glycyl-L-Glutamic_Acid,89
40.0,G1_Glycyl-L-Glutamic_Acid,95
40.25,G1_Glycyl-L-Glutamic_Acid,91
40.5,G1_Glycyl-L-Glutamic_Acid,93
40.75,G1_Glycyl-L-Glutamic_Acid,93
41.0,G1_Glycyl-L-Glutamic_Acid,94
41.25,G1_Glycyl-L-Glutamic_Acid,91
41.5,G1_Glycyl-L-Glutamic_Acid,92
41.75,G1_Glycyl-L-Glutamic_Acid,95
42.0,G1_Glycyl-L-Glutamic_Acid,90
42.25,G1_Glycyl-L-Glutamic_Acid,92
42.5,G1_Glycyl-L-Glutamic_Acid,96
42.75,G1_Glycyl-L-Glutamic_Acid,93
43.0,G1_Glycyl-L-Glutamic_Acid,100
43.25,G1_Glycyl-L-Glutamic_Acid,93
43.5,G1_Glycyl-L-Glutamic_Acid,98
43.75,G1_Glycyl-L-Glutamic_Acid,98
44.0,G1_Glycyl-L-Glutamic_Acid,96
44.25,G1_Glycyl-L-Glutamic_Acid,93
44.5,G1_Glycyl-L-Glutamic_Acid,96
44.75,G1_Glycyl-L-Glutamic_Acid,94
45.0,G1_Glycyl-L-Glutamic_Acid,96
45.25,G1_Glycyl-L-Glutamic_Acid,94
45.5,G1_Glycyl-L-Glutamic_Acid,93
45.75,G1_Glycyl-L-Glutamic_Acid,93
46.0,G1_Glycyl-L-Glutamic_Acid,98
46.25,G1_Glycyl-L-Glutamic_Acid,92
46.5,G1_Glycyl-L-Glutamic_Acid,97
46.75,G1_Glycyl-L-Glutamic_Acid,98
47.0,G1_Glycyl-L-Glutamic_Acid,98
47.25,G1_Glycyl-L-Glutamic_Acid,96
47.5,G1_Glycyl-L-Glutamic_Acid,0
0.0,G2_Tricarballylic_Acid,20
0.25,G2_Tricarballylic_Acid,14
0.5,G2_Tricarballylic_Acid,14
0.75,G2_Tricarballylic_Acid,16
1.0,G2_Tricarballylic_Acid,16
1.25,G2_Tricarballylic_Acid,17
1.5,G2_Tricarballylic_Acid,14
1.75,G2_Tricarballylic_Acid,13
2.0,G2_Tricarballylic_Acid,14
2.25,G2_Tricarballylic_Acid,16
2.5,G2_Tricarballylic_Acid,18
2.75,G2_Tricarballylic_Acid,17
3.0,G2_Tricarballylic_Acid,19
3.25,G2_Tricarballylic_Acid,14
3.5,G2_Tricarballylic_Acid,15
3.75,G2_Tricarballylic_Acid,13
4.0,G2_Tricarballylic_Acid,14
4.25,G2_Tricarballylic_Acid,19
4.5,G2_Tricarballylic_Acid,17
4.75,G2_Tricarballylic_Acid,13
5.0,G2_Tricarballylic_Acid,19
5.25,G2_Tricarballylic_Acid,15
5.5,G2_Tricarballylic_Acid,17
5.75,G2_Tricarballylic_Acid,19
6.0,G2_Tricarballylic_Acid,17
6.25,G2_Tricarballylic_Acid,18
6.5,G2_Tricarballylic_Acid,21
6.75,G2_Tricarballylic_Acid,24
7.0,G2_Tricarballylic_Acid,27
7.25,G2_Tricarballylic_Acid,24
7.5,G2_Tricarballylic_Acid,24
7.75,G2_Tricarballylic_Acid,28
8.0,G2_Tricarballylic_Acid,26
8.25,G2_Tricarballylic_Acid,23
8.5,G2_Tricarballylic_Acid,27
8.75,G2_Tricarballylic_Acid,26
9.0,G2_Tricarballylic_Acid,26
9.25,G2_Tricarballylic_Acid,27
9.5,G2_Tricarballylic_Acid,27
9.75,G2_Tricarballylic_Acid,27
10.0,G2_Tricarballylic_Acid,28
10.25,G2_Tricarballylic_Acid,28
10.5,G2_Tricarballylic_Acid,28
10.75,G2_Tricarballylic_Acid,24
11.0,G2_Tricarballylic_Acid,27
11.25,G2_Tricarballylic_Acid,27
11.5,G2_Tricarballylic_Acid,27
11.75,G2_Tricarballylic_Acid,32
12.0,G2_Tricarballylic_Acid,29
12.25,G2_Tricarballylic_Acid,34
12.5,G2_Tricarballylic_Acid,32
12.75,G2_Tricarballylic_Acid,29
13.0,G2_Tricarballylic_Acid,28
13.25,G2_Tricarballylic_Acid,31
13.5,G2_Tricarballylic_Acid,32
13.75,G2_Tricarballylic_Acid,27
14.0,G2_Tricarballylic_Acid,29
14.25,G2_Tricarballylic_Acid,26
14.5,G2_Tricarballylic_Acid,24
14.75,G2_Tricarballylic_Acid,34
15.0,G2_Tricarballylic_Acid,29
15.25,G2_Tricarballylic_Acid,36
15.5,G2_Tricarballylic_Acid,30
15.75,G2_Tricarballylic_Acid,36
16.0,G2_Tricarballylic_Acid,30
16.25,G2_Tricarballylic_Acid,32
16.5,G2_Tricarballylic_Acid,34
16.75,G2_Tricarballylic_Acid,30
17.0,G2_Tricarballylic_Acid,32
17.25,G2_Tricarballylic_Acid,34
17.5,G2_Tricarballylic_Acid,31
17.75,G2_Tricarballylic_Acid,31
18.0,G2_Tricarballylic_Acid,37
18.25,G2_Tricarballylic_Acid,34
18.5,G2_Tricarballylic_Acid,32
18.75,G2_Tricarballylic_Acid,35
19.0,G2_Tricarballylic_Acid,32
19.25,G2_Tricarballylic_Acid,34
19.5,G2_Tricarballylic_Acid,33
19.75,G2_Tricarballylic_Acid,35
20.0,G2_Tricarballylic_Acid,35
20.25,G2_Tricarballylic_Acid,31
20.5,G2_Tricarballylic_Acid,33
20.75,G2_Tricarballylic_Acid,32
21.0,G2_Tricarballylic_Acid,37
21.25,G2_Tricarballylic_Acid,30
21.5,G2_Tricarballylic_Acid,30
21.75,G2_Tricarballylic_Acid,31
22.0,G2_Tricarballylic_Acid,36
22.25,G2_Tricarballylic_Acid,33
22.5,G2_Tricarballylic_Acid,34
22.75,G2_Tricarballylic_Acid,32
23.0,G2_Tricarballylic_Acid,34
23.25,G2_Tricarballylic_Acid,37
23.5,G2_Tricarballylic_Acid,36
23.75,G2_Tricarballylic_Acid,35
24.0,G2_Tricarballylic_Acid,36
24.25,G2_Tricarballylic_Acid,31
24.5,G2_Tricarballylic_Acid,35
24.75,G2_Tricarballylic_Acid,38
25.0,G2_Tricarballylic_Acid,33
25.25,G2_Tricarballylic_Acid,35
25.5,G2_Tricarballylic_Acid,37
25.75,G2_Tricarballylic_Acid,35
26.0,G2_Tricarballylic_Acid,33
26.25,G2_Tricarballylic_Acid,36
26.5,G2_Tricarballylic_Acid,37
26.75,G2_Tricarballylic_Acid,37
27.0,G2_Tricarballylic_Acid,34
27.25,G2_Tricarballylic_Acid,35
27.5,G2_Tricarballylic_Acid,37
27.75,G2_Tricarballylic_Acid,37
28.0,G2_Tricarballylic_Acid,32
28.25,G2_Tricarballylic_Acid,35
28.5,G2_Tricarballylic_Acid,29
28.75,G2_Tricarballylic_Acid,35
29.0,G2_Tricarballylic_Acid,34
29.25,G2_Tricarballylic_Acid,35
29.5,G2_Tricarballylic_Acid,35
29.75,G2_Tricarballylic_Acid,36
30.0,G2_Tricarballylic_Acid,32
30.25,G2_Tricarballylic_Acid,36
30.5,G2_Tricarballylic_Acid,37
30.75,G2_Tricarballylic_Acid,34
31.0,G2_Tricarballylic_Acid,36
31.25,G2_Tricarballylic_Acid,31
31.5,G2_Tricarballylic_Acid,37
31.75,G2_Tricarballylic_Acid,32
32.0,G2_Tricarballylic_Acid,34
32.25,G2_Tricarballylic_Acid,36
32.5,G2_Tricarballylic_Acid,39
32.75,G2_Tricarballylic_Acid,39
33.0,G2_Tricarballylic_Acid,32
33.25,G2_Tricarballylic_Acid,38
33.5,G2_Tricarballylic_Acid,38
33.75,G2_Tricarballylic_Acid,38
34.0,G2_Tricarballylic_Acid,36
34.25,G2_Tricarballylic_Acid,33
34.5,G2_Tricarballylic_Acid,37
34.75,G2_Tricarballylic_Acid,35
35.0,G2_Tricarballylic_Acid,41
35.25,G2_Tricarballylic_Acid,36
35.5,G2_Tricarballylic_Acid,39
35.75,G2_Tricarballylic_Acid,38
36.0,G2_Tricarballylic_Acid,37
36.25,G2_Tricarballylic_Acid,38
36.5,G2_Tricarballylic_Acid,39
36.75,G2_Tricarballylic_Acid,39
37.0,G2_Tricarballylic_Acid,38
37.25,G2_Tricarballylic_Acid,35
37.5,G2_Tricarballylic_Acid,39
37.75,G2_Tricarballylic_Acid,38
38.0,G2_Tricarballylic_Acid,35
38.25,G2_Tricarballylic_Acid,34
38.5,G2_Tricarballylic_Acid,38
38.75,G2_Tricarballylic_Acid,35
39.0,G2_Tricarballylic_Acid,34
39.25,G2_Tricarballylic_Acid,40
39.5,G2_Tricarballylic_Acid,34
39.75,G2_Tricarballylic_Acid,39
40.0,G2_Tricarballylic_Acid,34
40.25,G2_Tricarballylic_Acid,34
40.5,G2_Tricarballylic_Acid,38
40.75,G2_Tricarballylic_Acid,37
41.0,G2_Tricarballylic_Acid,34
41.25,G2_Tricarballylic_Acid,32
41.5,G2_Tricarballylic_Acid,35
41.75,G2_Tricarballylic_Acid,38
42.0,G2_Tricarballylic_Acid,38
42.25,G2_Tricarballylic_Acid,40
42.5,G2_Tricarballylic_Acid,34
42.75,G2_Tricarballylic_Acid,34
43.0,G2_Tricarballylic_Acid,38
43.25,G2_Tricarballylic_Acid,35
43.5,G2_Tricarballylic_Acid,35
43.75,G2_Tricarballylic_Acid,37
44.0,G2_Tricarballylic_Acid,42
44.25,G2_Tricarballylic_Acid,37
44.5,G2_Tricarballylic_Acid,36
44.75,G2_Tricarballylic_Acid,37
45.0,G2_Tricarballylic_Acid,38
45.25,G2_Tricarballylic_Acid,36
45.5,G2_Tricarballylic_Acid,36
45.75,G2_Tricarballylic_Acid,37
46.0,G2_Tricarballylic_Acid,37
46.25,G2_Tricarballylic_Acid,40
46.5,G2_Tricarballylic_Acid,37
46.75,G2_Tricarballylic_Acid,37
47.0,G2_Tricarballylic_Acid,35
47.25,G2_Tricarballylic_Acid,33
47.5,G2_Tricarballylic_Acid,0
0.0,G3_L-Serine,20
0.25,G3_L-Serine,21
0.5,G3_L-Serine,18
0.75,G3_L-Serine,25
1.0,G3_L-Serine,17
1.25,G3_L-Serine,14
1.5,G3_L-Serine,16
1.75,G3_L-Serine,13
2.0,G3_L-Serine,15
2.25,G3_L-Serine,15
2.5,G3_L-Serine,14
2.75,G3_L-Serine,14
3.0,G3_L-Serine,17
3.25,G3_L-Serine,15
3.5,G3_L-Serine,15
3.75,G3_L-Serine,19
4.0,G3_L-Serine,16
4.25,G3_L-Serine,16
4.5,G3_L-Serine,15
4.75,G3_L-Serine,16
5.0,G3_L-Serine,19
5.25,G3_L-Serine,18
5.5,G3_L-Serine,17
5.75,G3_L-Serine,18
6.0,G3_L-Serine,17
6.25,G3_L-Serine,20
6.5,G3_L-Serine,19
6.75,G3_L-Serine,18
7.0,G3_L-Serine,26
7.25,G3_L-Serine,21
7.5,G3_L-Serine,24
7.75,G3_L-Serine,25
8.0,G3_L-Serine,24
8.25,G3_L-Serine,28
8.5,G3_L-Serine,27
8.75,G3_L-Serine,26
9.0,G3_L-Serine,27
9.25,G3_L-Serine,28
9.5,G3_L-Serine,24
9.75,G3_L-Serine,28
10.0,G3_L-Serine,29
10.25,G3_L-Serine,28
10.5,G3_L-Serine,32
10.75,G3_L-Serine,27
11.0,G3_L-Serine,27
11.25,G3_L-Serine,34
11.5,G3_L-Serine,34
11.75,G3_L-Serine,36
12.0,G3_L-Serine,31
12.25,G3_L-Serine,38
12.5,G3_L-Serine,36
12.75,G3_L-Serine,37
13.0,G3_L-Serine,34
13.25,G3_L-Serine,41
13.5,G3_L-Serine,41
13.75,G3_L-Serine,39
14.0,G3_L-Serine,43
14.25,G3_L-Serine,44
14.5,G3_L-Serine,42
14.75,G3_L-Serine,42
15.0,G3_L-Serine,44
15.25,G3_L-Serine,45
15.5,G3_L-Serine,47
15.75,G3_L-Serine,44
16.0,G3_L-Serine,50
16.25,G3_L-Serine,46
16.5,G3_L-Serine,52
16.75,G3_L-Serine,45
17.0,G3_L-Serine,50
17.25,G3_L-Serine,52
17.5,G3_L-Serine,53
17.75,G3_L-Serine,55
18.0,G3_L-Serine,55
18.25,G3_L-Serine,60
18.5,G3_L-Serine,54
18.75,G3_L-Serine,55
19.0,G3_L-Serine,57
19.25,G3_L-Serine,57
19.5,G3_L-Serine,59
19.75,G3_L-Serine,57
20.0,G3_L-Serine,58
20.25,G3_L-Serine,60
20.5,G3_L-Serine,59
20.75,G3_L-Serine,65
21.0,G3_L-Serine,68
21.25,G3_L-Serine,66
21.5,G3_L-Serine,65
21.75,G3_L-Serine,66
22.0,G3_L-Serine,67
22.25,G3_L-Serine,65
22.5,G3_L-Serine,72
22.75,G3_L-Serine,66
23.0,G3_L-Serine,71
23.25,G3_L-Serine,68
23.5,G3_L-Serine,73
23.75,G3_L-Serine,73
24.0,G3_L-Serine,72
24.25,G3_L-Serine,75
24.5,G3_L-Serine,77
24.75,G3_L-Serine,76
25.0,G3_L-Serine,80
25.25,G3_L-Serine,80
25.5,G3_L-Serine,77
25.75,G3_L-Serine,81
26.0,G3_L-Serine,83
26.25,G3_L-Serine,84
26.5,G3_L-Serine,85
26.75,G3_L-Serine,81
27.0,G3_L-Serine,86
27.25,G3_L-Serine,89
27.5,G3_L-Serine,87
27.75,G3_L-Serine,87
28.0,G3_L-Serine,93
28.25,G3_L-Serine,89
28.5,G3_L-Serine,85
28.75,G3_L-Serine,89
29.0,G3_L-Serine,90
29.25,G3_L-Serine,88
29.5,G3_L-Serine,95
29.75,G3_L-Serine,100
30.0,G3_L-Serine,96
30.25,G3_L-Serine,96
30.5,G3_L-Serine,95
30.75,G3_L-Serine,98
31.0,G3_L-Serine,97
31.25,G3_L-Serine,100
31.5,G3_L-Serine,103
31.75,G3_L-Serine,102
32.0,G3_L-Serine,106
32.25,G3_L-Serine,101
32.5,G3_L-Serine,105
32.75,G3_L-Serine,110
33.0,G3_L-Serine,108
33.25,G3_L-Serine,107
33.5,G3_L-Serine,107
33.75,G3_L-Serine,109
34.0,G3_L-Serine,105
34.25,G3_L-Serine,108
34.5,G3_L-Serine,110
34.75,G3_L-Serine,115
35.0,G3_L-Serine,111
35.25,G3_L-Serine,114
35.5,G3_L-Serine,119
35.75,G3_L-Serine,122
36.0,G3_L-Serine,124
36.25,G3_L-Serine,115
36.5,G3_L-Serine,122
36.75,G3_L-Serine,123
37.0,G3_L-Serine,121
37.25,G3_L-Serine,126
37.5,G3_L-Serine,124
37.75,G3_L-Serine,129
38.0,G3_L-Serine,126
38.25,G3_L-Serine,129
38.5,G3_L-Serine,127
38.75,G3_L-Serine,126
39.0,G3_L-Serine,129
39.25,G3_L-Serine,131
39.5,G3_L-Serine,129
39.75,G3_L-Serine,131
40.0,G3_L-Serine,139
40.25,G3_L-Serine,139
40.5,G3_L-Serine,138
40.75,G3_L-Serine,142
41.0,G3_L-Serine,141
41.25,G3_L-Serine,139
41.5,G3_L-Serine,139
41.75,G3_L-Serine,140
42.0,G3_L-Serine,141
42.25,G3_L-Serine,144
42.5,G3_L-Serine,139
42.75,G3_L-Serine,146
43.0,G3_L-Serine,141
43.25,G3_L-Serine,146
43.5,G3_L-Serine,146
43.75,G3_L-Serine,146
44.0,G3_L-Serine,151
44.25,G3_L-Serine,147
44.5,G3_L-Serine,148
44.75,G3_L-Serine,156
45.0,G3_L-Serine,152
45.25,G3_L-Serine,148
45.5,G3_L-Serine,154
45.75,G3_L-Serine,155
46.0,G3_L-Serine,158
46.25,G3_L-Serine,156
46.5,G3_L-Serine,162
46.75,G3_L-Serine,163
47.0,G3_L-Serine,164
47.25,G3_L-Serine,168
47.5,G3_L-Serine,0
0.0,G4_L-Threonine,28
0.25,G4_L-Threonine,41
0.5,G4_L-Threonine,12
0.75,G4_L-Threonine,11
1.0,G4_L-Threonine,12
1.25,G4_L-Threonine,13
1.5,G4_L-Threonine,13
1.75,G4_L-Threonine,14
2.0,G4_L-Threonine,11
2.25,G4_L-Threonine,11
2.5,G4_L-Threonine,13
2.75,G4_L-Threonine,15
3.0,G4_L-Threonine,15
3.25,G4_L-Threonine,13
3.5,G4_L-Threonine,14
3.75,G4_L-Threonine,15
4.0,G4_L-Threonine,11
4.25,G4_L-Threonine,13
4.5,G4_L-Threonine,15
4.75,G4_L-Threonine,12
5.0,G4_L-Threonine,12
5.25,G4_L-Threonine,13
5.5,G4_L-Threonine,14
5.75,G4_L-Threonine,14
6.0,G4_L-Threonine,16
6.25,G4_L-Threonine,15
6.5,G4_L-Threonine,22
6.75,G4_L-Threonine,17
7.0,G4_L-Threonine,20
7.25,G4_L-Threonine,19
7.5,G4_L-Threonine,25
7.75,G4_L-Threonine,24
8.0,G4_L-Threonine,28
8.25,G4_L-Threonine,24
8.5,G4_L-Threonine,25
8.75,G4_L-Threonine,26
9.0,G4_L-Threonine,28
9.25,G4_L-Threonine,25
9.5,G4_L-Threonine,24
9.75,G4_L-Threonine,27
10.0,G4_L-Threonine,30
10.25,G4_L-Threonine,31
10.5,G4_L-Threonine,33
10.75,G4_L-Threonine,30
11.0,G4_L-Threonine,33
11.25,G4_L-Threonine,30
11.5,G4_L-Threonine,31
11.75,G4_L-Threonine,36
12.0,G4_L-Threonine,36
12.25,G4_L-Threonine,38
12.5,G4_L-Threonine,36
12.75,G4_L-Threonine,39
13.0,G4_L-Threonine,40
13.25,G4_L-Threonine,37
13.5,G4_L-Threonine,40
13.75,G4_L-Threonine,46
14.0,G4_L-Threonine,42
14.25,G4_L-Threonine,40
14.5,G4_L-Threonine,42
14.75,G4_L-Threonine,48
15.0,G4_L-Threonine,46
15.25,G4_L-Threonine,46
15.5,G4_L-Threonine,46
15.75,G4_L-Threonine,47
16.0,G4_L-Threonine,47
16.25,G4_L-Threonine,47
16.5,G4_L-Threonine,49
16.75,G4_L-Threonine,51
17.0,G4_L-Threonine,49
17.25,G4_L-Threonine,51
17.5,G4_L-Threonine,52
17.75,G4_L-Threonine,52
18.0,G4_L-Threonine,56
18.25,G4_L-Threonine,56
18.5,G4_L-Threonine,61
18.75,G4_L-Threonine,59
19.0,G4_L-Threonine,60
19.25,G4_L-Threonine,58
19.5,G4_L-Threonine,60
19.75,G4_L-Threonine,62
20.0,G4_L-Threonine,66
20.25,G4_L-Threonine,63
20.5,G4_L-Threonine,66
20.75,G4_L-Threonine,64
21.0,G4_L-Threonine,65
21.25,G4_L-Threonine,66
21.5,G4_L-Threonine,66
21.75,G4_L-Threonine,70
22.0,G4_L-Threonine,66
22.25,G4_L-Threonine,69
22.5,G4_L-Threonine,70
22.75,G4_L-Threonine,66
23.0,G4_L-Threonine,74
23.25,G4_L-Threonine,73
23.5,G4_L-Threonine,77
23.75,G4_L-Threonine,81
24.0,G4_L-Threonine,77
24.25,G4_L-Threonine,76
24.5,G4_L-Threonine,82
24.75,G4_L-Threonine,77
25.0,G4_L-Threonine,78
25.25,G4_L-Threonine,81
25.5,G4_L-Threonine,77
25.75,G4_L-Threonine,84
26.0,G4_L-Threonine,84
26.25,G4_L-Threonine,88
26.5,G4_L-Threonine,86
26.75,G4_L-Threonine,85
27.0,G4_L-Threonine,88
27.25,G4_L-Threonine,90
27.5,G4_L-Threonine,88
27.75,G4_L-Threonine,88
28.0,G4_L-Threonine,88
28.25,G4_L-Threonine,91
28.5,G4_L-Threonine,89
28.75,G4_L-Threonine,91
29.0,G4_L-Threonine,96
29.25,G4_L-Threonine,92
29.5,G4_L-Threonine,95
29.75,G4_L-Threonine,96
30.0,G4_L-Threonine,97
30.25,G4_L-Threonine,99
30.5,G4_L-Threonine,98
30.75,G4_L-Threonine,102
31.0,G4_L-Threonine,102
31.25,G4_L-Threonine,102
31.5,G4_L-Threonine,105
31.75,G4_L-Threonine,104
32.0,G4_L-Threonine,107
32.25,G4_L-Threonine,108
32.5,G4_L-Threonine,110
32.75,G4_L-Threonine,108
33.0,G4_L-Threonine,112
33.25,G4_L-Threonine,112
33.5,G4_L-Threonine,112
33.75,G4_L-Threonine,116
34.0,G4_L-Threonine,115
34.25,G4_L-Threonine,114
34.5,G4_L-Threonine,118
34.75,G4_L-Threonine,120
35.0,G4_L-Threonine,120
35.25,G4_L-Threonine,119
35.5,G4_L-Threonine,117
35.75,G4_L-Threonine,123
36.0,G4_L-Threonine,121
36.25,G4_L-Threonine,120
36.5,G4_L-Threonine,125
36.75,G4_L-Threonine,129
37.0,G4_L-Threonine,130
37.25,G4_L-Threonine,129
37.5,G4_L-Threonine,131
37.75,G4_L-Threonine,130
38.0,G4_L-Threonine,128
38.25,G4_L-Threonine,131
38.5,G4_L-Threonine,132
38.75,G4_L-Threonine,133
39.0,G4_L-Threonine,134
39.25,G4_L-Threonine,130
39.5,G4_L-Threonine,133
39.75,G4_L-Threonine,133
40.0,G4_L-Threonine,136
40.25,G4_L-Threonine,135
40.5,G4_L-Threonine,135
40.75,G4_L-Threonine,143
41.0,G4_L-Threonine,143
41.25,G4_L-Threonine,142
41.5,G4_L-Threonine,146
41.75,G4_L-Threonine,146
42.0,G4_L-Threonine,145
42.25,G4_L-Threonine,146
42.5,G4_L-Threonine,146
42.75,G4_L-Threonine,151
43.0,G4_L-Threonine,149
43.25,G4_L-Threonine,152
43.5,G4_L-Threonine,152
43.75,G4_L-Threonine,151
44.0,G4_L-Threonine,156
44.25,G4_L-Threonine,154
44.5,G4_L-Threonine,157
44.75,G4_L-Threonine,157
45.0,G4_L-Threonine,156
45.25,G4_L-Threonine,159
45.5,G4_L-Threonine,162
45.75,G4_L-Threonine,156
46.0,G4_L-Threonine,163
46.25,G4_L-Threonine,163
46.5,G4_L-Threonine,164
46.75,G4_L-Threonine,165
47.0,G4_L-Threonine,166
47.25,G4_L-Threonine,170
47.5,G4_L-Threonine,0
0.0,G5_L-Alanine,11
0.25,G5_L-Alanine,11
0.5,G5_L-Alanine,12
0.75,G5_L-Alanine,11
1.0,G5_L-Alanine,11
1.25,G5_L-Alanine,11
1.5,G5_L-Alanine,11
1.75,G5_L-Alanine,11
2.0,G5_L-Alanine,12
2.25,G5_L-Alanine,11
2.5,G5_L-Alanine,11
2.75,G5_L-Alanine,12
3.0,G5_L-Alanine,13
3.25,G5_L-Alanine,11
3.5,G5_L-Alanine,11
3.75,G5_L-Alanine,13
4.0,G5_L-Alanine,11
4.25,G5_L-Alanine,13
4.5,G5_L-Alanine,11
4.75,G5_L-Alanine,11
5.0,G5_L-Alanine,11
5.25,G5_L-Alanine,16
5.5,G5_L-Alanine,13
5.75,G5_L-Alanine,13
6.0,G5_L-Alanine,16
6.25,G5_L-Alanine,12
6.5,G5_L-Alanine,16
6.75,G5_L-Alanine,13
7.0,G5_L-Alanine,17
7.25,G5_L-Alanine,16
7.5,G5_L-Alanine,19
7.75,G5_L-Alanine,19
8.0,G5_L-Alanine,18
8.25,G5_L-Alanine,19
8.5,G5_L-Alanine,25
8.75,G5_L-Alanine,24
9.0,G5_L-Alanine,25
9.25,G5_L-Alanine,23
9.5,G5_L-Alanine,23
9.75,G5_L-Alanine,19
10.0,G5_L-Alanine,23
10.25,G5_L-Alanine,23
10.5,G5_L-Alanine,23
10.75,G5_L-Alanine,26
11.0,G5_L-Alanine,28
11.25,G5_L-Alanine,31
11.5,G5_L-Alanine,34
11.75,G5_L-Alanine,35
12.0,G5_L-Alanine,28
12.25,G5_L-Alanine,36
12.5,G5_L-Alanine,36
12.75,G5_L-Alanine,36
13.0,G5_L-Alanine,37
13.25,G5_L-Alanine,37
13.5,G5_L-Alanine,38
13.75,G5_L-Alanine,41
14.0,G5_L-Alanine,41
14.25,G5_L-Alanine,47
14.5,G5_L-Alanine,49
14.75,G5_L-Alanine,46
15.0,G5_L-Alanine,48
15.25,G5_L-Alanine,49
15.5,G5_L-Alanine,50
15.75,G5_L-Alanine,47
16.0,G5_L-Alanine,55
16.25,G5_L-Alanine,52
16.5,G5_L-Alanine,52
16.75,G5_L-Alanine,56
17.0,G5_L-Alanine,56
17.25,G5_L-Alanine,62
17.5,G5_L-Alanine,61
17.75,G5_L-Alanine,64
18.0,G5_L-Alanine,66
18.25,G5_L-Alanine,69
18.5,G5_L-Alanine,73
18.75,G5_L-Alanine,72
19.0,G5_L-Alanine,72
19.25,G5_L-Alanine,75
19.5,G5_L-Alanine,73
19.75,G5_L-Alanine,80
20.0,G5_L-Alanine,82
20.25,G5_L-Alanine,79
20.5,G5_L-Alanine,80
20.75,G5_L-Alanine,84
21.0,G5_L-Alanine,82
21.25,G5_L-Alanine,87
21.5,G5_L-Alanine,83
21.75,G5_L-Alanine,87
22.0,G5_L-Alanine,87
22.25,G5_L-Alanine,90
22.5,G5_L-Alanine,87
22.75,G5_L-Alanine,89
23.0,G5_L-Alanine,92
23.25,G5_L-Alanine,94
23.5,G5_L-Alanine,97
23.75,G5_L-Alanine,98
24.0,G5_L-Alanine,99
24.25,G5_L-Alanine,105
24.5,G5_L-Alanine,108
24.75,G5_L-Alanine,105
25.0,G5_L-Alanine,103
25.25,G5_L-Alanine,110
25.5,G5_L-Alanine,115
25.75,G5_L-Alanine,113
26.0,G5_L-Alanine,113
26.25,G5_L-Alanine,114
26.5,G5_L-Alanine,113
26.75,G5_L-Alanine,113
27.0,G5_L-Alanine,115
27.25,G5_L-Alanine,115
27.5,G5_L-Alanine,113
27.75,G5_L-Alanine,119
28.0,G5_L-Alanine,121
28.25,G5_L-Alanine,122
28.5,G5_L-Alanine,117
28.75,G5_L-Alanine,125
29.0,G5_L-Alanine,128
29.25,G5_L-Alanine,127
29.5,G5_L-Alanine,133
29.75,G5_L-Alanine,130
30.0,G5_L-Alanine,131
30.25,G5_L-Alanine,135
30.5,G5_L-Alanine,136
30.75,G5_L-Alanine,137
31.0,G5_L-Alanine,139
31.25,G5_L-Alanine,145
31.5,G5_L-Alanine,144
31.75,G5_L-Alanine,143
32.0,G5_L-Alanine,150
32.25,G5_L-Alanine,152
32.5,G5_L-Alanine,153
32.75,G5_L-Alanine,151
33.0,G5_L-Alanine,150
33.25,G5_L-Alanine,153
33.5,G5_L-Alanine,156
33.75,G5_L-Alanine,156
34.0,G5_L-Alanine,160
34.25,G5_L-Alanine,162
34.5,G5_L-Alanine,162
34.75,G5_L-Alanine,163
35.0,G5_L-Alanine,167
35.25,G5_L-Alanine,166
35.5,G5_L-Alanine,167
35.75,G5_L-Alanine,172
36.0,G5_L-Alanine,176
36.25,G5_L-Alanine,173
36.5,G5_L-Alanine,171
36.75,G5_L-Alanine,178
37.0,G5_L-Alanine,178
37.25,G5_L-Alanine,178
37.5,G5_L-Alanine,181
37.75,G5_L-Alanine,182
38.0,G5_L-Alanine,182
38.25,G5_L-Alanine,182
38.5,G5_L-Alanine,188
38.75,G5_L-Alanine,184
39.0,G5_L-Alanine,187
39.25,G5_L-Alanine,186
39.5,G5_L-Alanine,191
39.75,G5_L-Alanine,190
40.0,G5_L-Alanine,192
40.25,G5_L-Alanine,196
40.5,G5_L-Alanine,195
40.75,G5_L-Alanine,200
41.0,G5_L-Alanine,196
41.25,G5_L-Alanine,197
41.5,G5_L-Alanine,200
41.75,G5_L-Alanine,205
42.0,G5_L-Alanine,198
42.25,G5_L-Alanine,202
42.5,G5_L-Alanine,205
42.75,G5_L-Alanine,209
43.0,G5_L-Alanine,212
43.25,G5_L-Alanine,210
43.5,G5_L-Alanine,211
43.75,G5_L-Alanine,209
44.0,G5_L-Alanine,216
44.25,G5_L-Alanine,213
44.5,G5_L-Alanine,215
44.75,G5_L-Alanine,213
45.0,G5_L-Alanine,213
45.25,G5_L-Alanine,214
45.5,G5_L-Alanine,217
45.75,G5_L-Alanine,216
46.0,G5_L-Alanine,220
46.25,G5_L-Alanine,218
46.5,G5_L-Alanine,221
46.75,G5_L-Alanine,222
47.0,G5_L-Alanine,226
47.25,G5_L-Alanine,228
47.5,G5_L-Alanine,0
0.0,G6_L-Alanyl-Glycine,28
0.25,G6_L-Alanyl-Glycine,31
0.5,G6_L-Alanyl-Glycine,36
0.75,G6_L-Alanyl-Glycine,36
1.0,G6_L-Alanyl-Glycine,39
1.25,G6_L-Alanyl-Glycine,25
1.5,G6_L-Alanyl-Glycine,32
1.75,G6_L-Alanyl-Glycine,25
2.0,G6_L-Alanyl-Glycine,26
2.25,G6_L-Alanyl-Glycine,22
2.5,G6_L-Alanyl-Glycine,27
2.75,G6_L-Alanyl-Glycine,16
3.0,G6_L-Alanyl-Glycine,13
3.25,G6_L-Alanyl-Glycine,23
3.5,G6_L-Alanyl-Glycine,11
3.75,G6_L-Alanyl-Glycine,12
4.0,G6_L-Alanyl-Glycine,20
4.25,G6_L-Alanyl-Glycine,20
4.5,G6_L-Alanyl-Glycine,18
4.75,G6_L-Alanyl-Glycine,16
5.0,G6_L-Alanyl-Glycine,22
5.25,G6_L-Alanyl-Glycine,22
5.5,G6_L-Alanyl-Glycine,20
5.75,G6_L-Alanyl-Glycine,24
6.0,G6_L-Alanyl-Glycine,21
6.25,G6_L-Alanyl-Glycine,22
6.5,G6_L-Alanyl-Glycine,19
6.75,G6_L-Alanyl-Glycine,22
7.0,G6_L-Alanyl-Glycine,24
7.25,G6_L-Alanyl-Glycine,23
7.5,G6_L-Alanyl-Glycine,23
7.75,G6_L-Alanyl-Glycine,23
8.0,G6_L-Alanyl-Glycine,29
8.25,G6_L-Alanyl-Glycine,29
8.5,G6_L-Alanyl-Glycine,29
8.75,G6_L-Alanyl-Glycine,35
9.0,G6_L-Alanyl-Glycine,33
9.25,G6_L-Alanyl-Glycine,36
9.5,G6_L-Alanyl-Glycine,39
9.75,G6_L-Alanyl-Glycine,38
10.0,G6_L-Alanyl-Glycine,39
10.25,G6_L-Alanyl-Glycine,41
10.5,G6_L-Alanyl-Glycine,44
10.75,G6_L-Alanyl-Glycine,38
11.0,G6_L-Alanyl-Glycine,46
11.25,G6_L-Alanyl-Glycine,47
11.5,G6_L-Alanyl-Glycine,45
11.75,G6_L-Alanyl-Glycine,51
12.0,G6_L-Alanyl-Glycine,49
12.25,G6_L-Alanyl-Glycine,51
12.5,G6_L-Alanyl-Glycine,53
12.75,G6_L-Alanyl-Glycine,50
13.0,G6_L-Alanyl-Glycine,52
13.25,G6_L-Alanyl-Glycine,55
13.5,G6_L-Alanyl-Glycine,57
13.75,G6_L-Alanyl-Glycine,61
14.0,G6_L-Alanyl-Glycine,61
14.25,G6_L-Alanyl-Glycine,63
14.5,G6_L-Alanyl-Glycine,65
14.75,G6_L-Alanyl-Glycine,67
15.0,G6_L-Alanyl-Glycine,64
15.25,G6_L-Alanyl-Glycine,67
15.5,G6_L-Alanyl-Glycine,70
15.75,G6_L-Alanyl-Glycine,65
16.0,G6_L-Alanyl-Glycine,71
16.25,G6_L-Alanyl-Glycine,73
16.5,G6_L-Alanyl-Glycine,73
16.75,G6_L-Alanyl-Glycine,77
17.0,G6_L-Alanyl-Glycine,75
17.25,G6_L-Alanyl-Glycine,76
17.5,G6_L-Alanyl-Glycine,72
17.75,G6_L-Alanyl-Glycine,76
18.0,G6_L-Alanyl-Glycine,82
18.25,G6_L-Alanyl-Glycine,83
18.5,G6_L-Alanyl-Glycine,78
18.75,G6_L-Alanyl-Glycine,81
19.0,G6_L-Alanyl-Glycine,81
19.25,G6_L-Alanyl-Glycine,84
19.5,G6_L-Alanyl-Glycine,86
19.75,G6_L-Alanyl-Glycine,86
20.0,G6_L-Alanyl-Glycine,88
20.25,G6_L-Alanyl-Glycine,85
20.5,G6_L-Alanyl-Glycine,88
20.75,G6_L-Alanyl-Glycine,92
21.0,G6_L-Alanyl-Glycine,93
21.25,G6_L-Alanyl-Glycine,95
21.5,G6_L-Alanyl-Glycine,96
21.75,G6_L-Alanyl-Glycine,93
22.0,G6_L-Alanyl-Glycine,94
22.25,G6_L-Alanyl-Glycine,96
22.5,G6_L-Alanyl-Glycine,95
22.75,G6_L-Alanyl-Glycine,102
23.0,G6_L-Alanyl-Glycine,103
23.25,G6_L-Alanyl-Glycine,106
23.5,G6_L-Alanyl-Glycine,108
23.75,G6_L-Alanyl-Glycine,111
24.0,G6_L-Alanyl-Glycine,110
24.25,G6_L-Alanyl-Glycine,112
24.5,G6_L-Alanyl-Glycine,112
24.75,G6_L-Alanyl-Glycine,114
25.0,G6_L-Alanyl-Glycine,114
25.25,G6_L-Alanyl-Glycine,111
25.5,G6_L-Alanyl-Glycine,120
25.75,G6_L-Alanyl-Glycine,118
26.0,G6_L-Alanyl-Glycine,119
26.25,G6_L-Alanyl-Glycine,122
26.5,G6_L-Alanyl-Glycine,116
26.75,G6_L-Alanyl-Glycine,123
27.0,G6_L-Alanyl-Glycine,123
27.25,G6_L-Alanyl-Glycine,126
27.5,G6_L-Alanyl-Glycine,124
27.75,G6_L-Alanyl-Glycine,125
28.0,G6_L-Alanyl-Glycine,126
28.25,G6_L-Alanyl-Glycine,129
28.5,G6_L-Alanyl-Glycine,125
28.75,G6_L-Alanyl-Glycine,128
29.0,G6_L-Alanyl-Glycine,129
29.25,G6_L-Alanyl-Glycine,129
29.5,G6_L-Alanyl-Glycine,130
29.75,G6_L-Alanyl-Glycine,135
30.0,G6_L-Alanyl-Glycine,132
30.25,G6_L-Alanyl-Glycine,133
30.5,G6_L-Alanyl-Glycine,139
30.75,G6_L-Alanyl-Glycine,140
31.0,G6_L-Alanyl-Glycine,139
31.25,G6_L-Alanyl-Glycine,143
31.5,G6_L-Alanyl-Glycine,141
31.75,G6_L-Alanyl-Glycine,141
32.0,G6_L-Alanyl-Glycine,143
32.25,G6_L-Alanyl-Glycine,149
32.5,G6_L-Alanyl-Glycine,151
32.75,G6_L-Alanyl-Glycine,148
33.0,G6_L-Alanyl-Glycine,145
33.25,G6_L-Alanyl-Glycine,153
33.5,G6_L-Alanyl-Glycine,153
33.75,G6_L-Alanyl-Glycine,152
34.0,G6_L-Alanyl-Glycine,150
34.25,G6_L-Alanyl-Glycine,155
34.5,G6_L-Alanyl-Glycine,154
34.75,G6_L-Alanyl-Glycine,158
35.0,G6_L-Alanyl-Glycine,155
35.25,G6_L-Alanyl-Glycine,157
35.5,G6_L-Alanyl-Glycine,156
35.75,G6_L-Alanyl-Glycine,158
36.0,G6_L-Alanyl-Glycine,162
36.25,G6_L-Alanyl-Glycine,161
36.5,G6_L-Alanyl-Glycine,160
36.75,G6_L-Alanyl-Glycine,159
37.0,G6_L-Alanyl-Glycine,164
37.25,G6_L-Alanyl-Glycine,165
37.5,G6_L-Alanyl-Glycine,168
37.75,G6_L-Alanyl-Glycine,169
38.0,G6_L-Alanyl-Glycine,165
38.25,G6_L-Alanyl-Glycine,167
38.5,G6_L-Alanyl-Glycine,172
38.75,G6_L-Alanyl-Glycine,169
39.0,G6_L-Alanyl-Glycine,174
39.25,G6_L-Alanyl-Glycine,175
39.5,G6_L-Alanyl-Glycine,170
39.75,G6_L-Alanyl-Glycine,173
40.0,G6_L-Alanyl-Glycine,172
40.25,G6_L-Alanyl-Glycine,173
40.5,G6_L-Alanyl-Glycine,174
40.75,G6_L-Alanyl-Glycine,179
41.0,G6_L-Alanyl-Glycine,178
41.25,G6_L-Alanyl-Glycine,173
41.5,G6_L-Alanyl-Glycine,179
41.75,G6_L-Alanyl-Glycine,182
42.0,G6_L-Alanyl-Glycine,179
42.25,G6_L-Alanyl-Glycine,179
42.5,G6_L-Alanyl-Glycine,180
42.75,G6_L-Alanyl-Glycine,182
43.0,G6_L-Alanyl-Glycine,185
43.25,G6_L-Alanyl-Glycine,186
43.5,G6_L-Alanyl-Glycine,181
43.75,G6_L-Alanyl-Glycine,182
44.0,G6_L-Alanyl-Glycine,189
44.25,G6_L-Alanyl-Glycine,184
44.5,G6_L-Alanyl-Glycine,187
44.75,G6_L-Alanyl-Glycine,187
45.0,G6_L-Alanyl-Glycine,191
45.25,G6_L-Alanyl-Glycine,191
45.5,G6_L-Alanyl-Glycine,189
45.75,G6_L-Alanyl-Glycine,191
46.0,G6_L-Alanyl-Glycine,194
46.25,G6_L-Alanyl-Glycine,196
46.5,G6_L-Alanyl-Glycine,197
46.75,G6_L-Alanyl-Glycine,202
47.0,G6_L-Alanyl-Glycine,196
47.25,G6_L-Alanyl-Glycine,201
47.5,G6_L-Alanyl-Glycine,0
0.0,G7_Acetoacetic_Acid,12
0.25,G7_Acetoacetic_Acid,11
0.5,G7_Acetoacetic_Acid,11
0.75,G7_Acetoacetic_Acid,11
1.0,G7_Acetoacetic_Acid,11
1.25,G7_Acetoacetic_Acid,11
1.5,G7_Acetoacetic_Acid,11
1.75,G7_Acetoacetic_Acid,11
2.0,G7_Acetoacetic_Acid,11
2.25,G7_Acetoacetic_Acid,11
2.5,G7_Acetoacetic_Acid,11
2.75,G7_Acetoacetic_Acid,11
3.0,G7_Acetoacetic_Acid,11
3.25,G7_Acetoacetic_Acid,11
3.5,G7_Acetoacetic_Acid,11
3.75,G7_Acetoacetic_Acid,11
4.0,G7_Acetoacetic_Acid,11
4.25,G7_Acetoacetic_Acid,11
4.5,G7_Acetoacetic_Acid,11
4.75,G7_Acetoacetic_Acid,11
5.0,G7_Acetoacetic_Acid,11
5.25,G7_Acetoacetic_Acid,11
5.5,G7_Acetoacetic_Acid,11
5.75,G7_Acetoacetic_Acid,11
6.0,G7_Acetoacetic_Acid,11
6.25,G7_Acetoacetic_Acid,11
6.5,G7_Acetoacetic_Acid,11
6.75,G7_Acetoacetic_Acid,14
7.0,G7_Acetoacetic_Acid,15
7.25,G7_Acetoacetic_Acid,17
7.5,G7_Acetoacetic_Acid,16
7.75,G7_Acetoacetic_Acid,14
8.0,G7_Acetoacetic_Acid,16
8.25,G7_Acetoacetic_Acid,17
8.5,G7_Acetoacetic_Acid,18
8.75,G7_Acetoacetic_Acid,19
9.0,G7_Acetoacetic_Acid,18
9.25,G7_Acetoacetic_Acid,23
9.5,G7_Acetoacetic_Acid,25
9.75,G7_Acetoacetic_Acid,25
10.0,G7_Acetoacetic_Acid,21
10.25,G7_Acetoacetic_Acid,19
10.5,G7_Acetoacetic_Acid,21
10.75,G7_Acetoacetic_Acid,29
11.0,G7_Acetoacetic_Acid,23
11.25,G7_Acetoacetic_Acid,25
11.5,G7_Acetoacetic_Acid,28
11.75,G7_Acetoacetic_Acid,29
12.0,G7_Acetoacetic_Acid,25
12.25,G7_Acetoacetic_Acid,28
12.5,G7_Acetoacetic_Acid,25
12.75,G7_Acetoacetic_Acid,26
13.0,G7_Acetoacetic_Acid,26
13.25,G7_Acetoacetic_Acid,29
13.5,G7_Acetoacetic_Acid,25
13.75,G7_Acetoacetic_Acid,27
14.0,G7_Acetoacetic_Acid,24
14.25,G7_Acetoacetic_Acid,28
14.5,G7_Acetoacetic_Acid,24
14.75,G7_Acetoacetic_Acid,25
15.0,G7_Acetoacetic_Acid,30
15.25,G7_Acetoacetic_Acid,29
15.5,G7_Acetoacetic_Acid,29
15.75,G7_Acetoacetic_Acid,28
16.0,G7_Acetoacetic_Acid,28
16.25,G7_Acetoacetic_Acid,33
16.5,G7_Acetoacetic_Acid,26
16.75,G7_Acetoacetic_Acid,26
17.0,G7_Acetoacetic_Acid,29
17.25,G7_Acetoacetic_Acid,30
17.5,G7_Acetoacetic_Acid,29
17.75,G7_Acetoacetic_Acid,30
18.0,G7_Acetoacetic_Acid,34
18.25,G7_Acetoacetic_Acid,36
18.5,G7_Acetoacetic_Acid,32
18.75,G7_Acetoacetic_Acid,36
19.0,G7_Acetoacetic_Acid,34
19.25,G7_Acetoacetic_Acid,32
19.5,G7_Acetoacetic_Acid,31
19.75,G7_Acetoacetic_Acid,32
20.0,G7_Acetoacetic_Acid,33
20.25,G7_Acetoacetic_Acid,33
20.5,G7_Acetoacetic_Acid,33
20.75,G7_Acetoacetic_Acid,27
21.0,G7_Acetoacetic_Acid,33
21.25,G7_Acetoacetic_Acid,28
21.5,G7_Acetoacetic_Acid,32
21.75,G7_Acetoacetic_Acid,32
22.0,G7_Acetoacetic_Acid,34
22.25,G7_Acetoacetic_Acid,29
22.5,G7_Acetoacetic_Acid,30
22.75,G7_Acetoacetic_Acid,29
23.0,G7_Acetoacetic_Acid,31
23.25,G7_Acetoacetic_Acid,34
23.5,G7_Acetoacetic_Acid,32
23.75,G7_Acetoacetic_Acid,39
24.0,G7_Acetoacetic_Acid,35
24.25,G7_Acetoacetic_Acid,37
24.5,G7_Acetoacetic_Acid,31
24.75,G7_Acetoacetic_Acid,34
25.0,G7_Acetoacetic_Acid,31
25.25,G7_Acetoacetic_Acid,35
25.5,G7_Acetoacetic_Acid,34
25.75,G7_Acetoacetic_Acid,33
26.0,G7_Acetoacetic_Acid,36
26.25,G7_Acetoacetic_Acid,37
26.5,G7_Acetoacetic_Acid,31
26.75,G7_Acetoacetic_Acid,36
27.0,G7_Acetoacetic_Acid,31
27.25,G7_Acetoacetic_Acid,38
27.5,G7_Acetoacetic_Acid,35
27.75,G7_Acetoacetic_Acid,34
28.0,G7_Acetoacetic_Acid,32
28.25,G7_Acetoacetic_Acid,34
28.5,G7_Acetoacetic_Acid,35
28.75,G7_Acetoacetic_Acid,31
29.0,G7_Acetoacetic_Acid,34
29.25,G7_Acetoacetic_Acid,30
29.5,G7_Acetoacetic_Acid,30
29.75,G7_Acetoacetic_Acid,35
30.0,G7_Acetoacetic_Acid,37
30.25,G7_Acetoacetic_Acid,35
30.5,G7_Acetoacetic_Acid,34
30.75,G7_Acetoacetic_Acid,39
31.0,G7_Acetoacetic_Acid,32
31.25,G7_Acetoacetic_Acid,31
31.5,G7_Acetoacetic_Acid,37
31.75,G7_Acetoacetic_Acid,32
32.0,G7_Acetoacetic_Acid,39
32.25,G7_Acetoacetic_Acid,38
32.5,G7_Acetoacetic_Acid,38
32.75,G7_Acetoacetic_Acid,37
33.0,G7_Acetoacetic_Acid,36
33.25,G7_Acetoacetic_Acid,40
33.5,G7_Acetoacetic_Acid,39
33.75,G7_Acetoacetic_Acid,34
34.0,G7_Acetoacetic_Acid,32
34.25,G7_Acetoacetic_Acid,31
34.5,G7_Acetoacetic_Acid,36
34.75,G7_Acetoacetic_Acid,34
35.0,G7_Acetoacetic_Acid,37
35.25,G7_Acetoacetic_Acid,39
35.5,G7_Acetoacetic_Acid,33
35.75,G7_Acetoacetic_Acid,33
36.0,G7_Acetoacetic_Acid,33
36.25,G7_Acetoacetic_Acid,42
36.5,G7_Acetoacetic_Acid,33
36.75,G7_Acetoacetic_Acid,36
37.0,G7_Acetoacetic_Acid,37
37.25,G7_Acetoacetic_Acid,39
37.5,G7_Acetoacetic_Acid,35
37.75,G7_Acetoacetic_Acid,37
38.0,G7_Acetoacetic_Acid,38
38.25,G7_Acetoacetic_Acid,32
38.5,G7_Acetoacetic_Acid,33
38.75,G7_Acetoacetic_Acid,36
39.0,G7_Acetoacetic_Acid,44
39.25,G7_Acetoacetic_Acid,38
39.5,G7_Acetoacetic_Acid,32
39.75,G7_Acetoacetic_Acid,36
40.0,G7_Acetoacetic_Acid,34
40.25,G7_Acetoacetic_Acid,36
40.5,G7_Acetoacetic_Acid,36
40.75,G7_Acetoacetic_Acid,37
41.0,G7_Acetoacetic_Acid,36
41.25,G7_Acetoacetic_Acid,39
41.5,G7_Acetoacetic_Acid,39
41.75,G7_Acetoacetic_Acid,38
42.0,G7_Acetoacetic_Acid,36
42.25,G7_Acetoacetic_Acid,33
42.5,G7_Acetoacetic_Acid,40
42.75,G7_Acetoacetic_Acid,31
43.0,G7_Acetoacetic_Acid,37
43.25,G7_Acetoacetic_Acid,33
43.5,G7_Acetoacetic_Acid,38
43.75,G7_Acetoacetic_Acid,36
44.0,G7_Acetoacetic_Acid,37
44.25,G7_Acetoacetic_Acid,34
44.5,G7_Acetoacetic_Acid,33
44.75,G7_Acetoacetic_Acid,32
45.0,G7_Acetoacetic_Acid,37
45.25,G7_Acetoacetic_Acid,37
45.5,G7_Acetoacetic_Acid,37
45.75,G7_Acetoacetic_Acid,39
46.0,G7_Acetoacetic_Acid,38
46.25,G7_Acetoacetic_Acid,39
46.5,G7_Acetoacetic_Acid,38
46.75,G7_Acetoacetic_Acid,39
47.0,G7_Acetoacetic_Acid,40
47.25,G7_Acetoacetic_Acid,39
47.5,G7_Acetoacetic_Acid,0
0.0,G8_N-Acetyl-B-D_Mannosamine,23
0.25,G8_N-Acetyl-B-D_Mannosamine,11
0.5,G8_N-Acetyl-B-D_Mannosamine,11
0.75,G8_N-Acetyl-B-D_Mannosamine,11
1.0,G8_N-Acetyl-B-D_Mannosamine,11
1.25,G8_N-Acetyl-B-D_Mannosamine,11
1.5,G8_N-Acetyl-B-D_Mannosamine,11
1.75,G8_N-Acetyl-B-D_Mannosamine,13
2.0,G8_N-Acetyl-B-D_Mannosamine,11
2.25,G8_N-Acetyl-B-D_Mannosamine,11
2.5,G8_N-Acetyl-B-D_Mannosamine,11
2.75,G8_N-Acetyl-B-D_Mannosamine,11
3.0,G8_N-Acetyl-B-D_Mannosamine,13
3.25,G8_N-Acetyl-B-D_Mannosamine,11
3.5,G8_N-Acetyl-B-D_Mannosamine,11
3.75,G8_N-Acetyl-B-D_Mannosamine,12
4.0,G8_N-Acetyl-B-D_Mannosamine,11
4.25,G8_N-Acetyl-B-D_Mannosamine,12
4.5,G8_N-Acetyl-B-D_Mannosamine,18
4.75,G8_N-Acetyl-B-D_Mannosamine,14
5.0,G8_N-Acetyl-B-D_Mannosamine,12
5.25,G8_N-Acetyl-B-D_Mannosamine,12
5.5,G8_N-Acetyl-B-D_Mannosamine,11
5.75,G8_N-Acetyl-B-D_Mannosamine,16
6.0,G8_N-Acetyl-B-D_Mannosamine,14
6.25,G8_N-Acetyl-B-D_Mannosamine,11
6.5,G8_N-Acetyl-B-D_Mannosamine,13
6.75,G8_N-Acetyl-B-D_Mannosamine,12
7.0,G8_N-Acetyl-B-D_Mannosamine,11
7.25,G8_N-Acetyl-B-D_Mannosamine,14
7.5,G8_N-Acetyl-B-D_Mannosamine,16
7.75,G8_N-Acetyl-B-D_Mannosamine,19
8.0,G8_N-Acetyl-B-D_Mannosamine,25
8.25,G8_N-Acetyl-B-D_Mannosamine,18
8.5,G8_N-Acetyl-B-D_Mannosamine,22
8.75,G8_N-Acetyl-B-D_Mannosamine,22
9.0,G8_N-Acetyl-B-D_Mannosamine,20
9.25,G8_N-Acetyl-B-D_Mannosamine,16
9.5,G8_N-Acetyl-B-D_Mannosamine,20
9.75,G8_N-Acetyl-B-D_Mannosamine,19
10.0,G8_N-Acetyl-B-D_Mannosamine,19
10.25,G8_N-Acetyl-B-D_Mannosamine,19
10.5,G8_N-Acetyl-B-D_Mannosamine,20
10.75,G8_N-Acetyl-B-D_Mannosamine,22
11.0,G8_N-Acetyl-B-D_Mannosamine,18
11.25,G8_N-Acetyl-B-D_Mannosamine,20
11.5,G8_N-Acetyl-B-D_Mannosamine,25
11.75,G8_N-Acetyl-B-D_Mannosamine,22
12.0,G8_N-Acetyl-B-D_Mannosamine,20
12.25,G8_N-Acetyl-B-D_Mannosamine,23
12.5,G8_N-Acetyl-B-D_Mannosamine,21
12.75,G8_N-Acetyl-B-D_Mannosamine,22
13.0,G8_N-Acetyl-B-D_Mannosamine,23
13.25,G8_N-Acetyl-B-D_Mannosamine,23
13.5,G8_N-Acetyl-B-D_Mannosamine,26
13.75,G8_N-Acetyl-B-D_Mannosamine,23
14.0,G8_N-Acetyl-B-D_Mannosamine,17
14.25,G8_N-Acetyl-B-D_Mannosamine,26
14.5,G8_N-Acetyl-B-D_Mannosamine,24
14.75,G8_N-Acetyl-B-D_Mannosamine,24
15.0,G8_N-Acetyl-B-D_Mannosamine,21
15.25,G8_N-Acetyl-B-D_Mannosamine,24
15.5,G8_N-Acetyl-B-D_Mannosamine,26
15.75,G8_N-Acetyl-B-D_Mannosamine,26
16.0,G8_N-Acetyl-B-D_Mannosamine,21
16.25,G8_N-Acetyl-B-D_Mannosamine,24
16.5,G8_N-Acetyl-B-D_Mannosamine,25
16.75,G8_N-Acetyl-B-D_Mannosamine,23
17.0,G8_N-Acetyl-B-D_Mannosamine,23
17.25,G8_N-Acetyl-B-D_Mannosamine,24
17.5,G8_N-Acetyl-B-D_Mannosamine,24
17.75,G8_N-Acetyl-B-D_Mannosamine,26
18.0,G8_N-Acetyl-B-D_Mannosamine,26
18.25,G8_N-Acetyl-B-D_Mannosamine,25
18.5,G8_N-Acetyl-B-D_Mannosamine,26
18.75,G8_N-Acetyl-B-D_Mannosamine,29
19.0,G8_N-Acetyl-B-D_Mannosamine,29
19.25,G8_N-Acetyl-B-D_Mannosamine,28
19.5,G8_N-Acetyl-B-D_Mannosamine,25
19.75,G8_N-Acetyl-B-D_Mannosamine,30
20.0,G8_N-Acetyl-B-D_Mannosamine,31
20.25,G8_N-Acetyl-B-D_Mannosamine,24
20.5,G8_N-Acetyl-B-D_Mannosamine,27
20.75,G8_N-Acetyl-B-D_Mannosamine,27
21.0,G8_N-Acetyl-B-D_Mannosamine,25
21.25,G8_N-Acetyl-B-D_Mannosamine,23
21.5,G8_N-Acetyl-B-D_Mannosamine,26
21.75,G8_N-Acetyl-B-D_Mannosamine,23
22.0,G8_N-Acetyl-B-D_Mannosamine,26
22.25,G8_N-Acetyl-B-D_Mannosamine,27
22.5,G8_N-Acetyl-B-D_Mannosamine,25
22.75,G8_N-Acetyl-B-D_Mannosamine,23
23.0,G8_N-Acetyl-B-D_Mannosamine,27
23.25,G8_N-Acetyl-B-D_Mannosamine,27
23.5,G8_N-Acetyl-B-D_Mannosamine,29
23.75,G8_N-Acetyl-B-D_Mannosamine,30
24.0,G8_N-Acetyl-B-D_Mannosamine,27
24.25,G8_N-Acetyl-B-D_Mannosamine,28
24.5,G8_N-Acetyl-B-D_Mannosamine,28
24.75,G8_N-Acetyl-B-D_Mannosamine,24
25.0,G8_N-Acetyl-B-D_Mannosamine,28
25.25,G8_N-Acetyl-B-D_Mannosamine,27
25.5,G8_N-Acetyl-B-D_Mannosamine,26
25.75,G8_N-Acetyl-B-D_Mannosamine,25
26.0,G8_N-Acetyl-B-D_Mannosamine,29
26.25,G8_N-Acetyl-B-D_Mannosamine,30
26.5,G8_N-Acetyl-B-D_Mannosamine,26
26.75,G8_N-Acetyl-B-D_Mannosamine,30
27.0,G8_N-Acetyl-B-D_Mannosamine,26
27.25,G8_N-Acetyl-B-D_Mannosamine,23
27.5,G8_N-Acetyl-B-D_Mannosamine,27
27.75,G8_N-Acetyl-B-D_Mannosamine,31
28.0,G8_N-Acetyl-B-D_Mannosamine,29
28.25,G8_N-Acetyl-B-D_Mannosamine,31
28.5,G8_N-Acetyl-B-D_Mannosamine,30
28.75,G8_N-Acetyl-B-D_Mannosamine,27
29.0,G8_N-Acetyl-B-D_Mannosamine,26
29.25,G8_N-Acetyl-B-D_Mannosamine,30
29.5,G8_N-Acetyl-B-D_Mannosamine,28
29.75,G8_N-Acetyl-B-D_Mannosamine,26
30.0,G8_N-Acetyl-B-D_Mannosamine,29
30.25,G8_N-Acetyl-B-D_Mannosamine,24
30.5,G8_N-Acetyl-B-D_Mannosamine,28
30.75,G8_N-Acetyl-B-D_Mannosamine,28
31.0,G8_N-Acetyl-B-D_Mannosamine,27
31.25,G8_N-Acetyl-B-D_Mannosamine,29
31.5,G8_N-Acetyl-B-D_Mannosamine,34
31.75,G8_N-Acetyl-B-D_Mannosamine,28
32.0,G8_N-Acetyl-B-D_Mannosamine,31
32.25,G8_N-Acetyl-B-D_Mannosamine,32
32.5,G8_N-Acetyl-B-D_Mannosamine,28
32.75,G8_N-Acetyl-B-D_Mannosamine,28
33.0,G8_N-Acetyl-B-D_Mannosamine,29
33.25,G8_N-Acetyl-B-D_Mannosamine,32
33.5,G8_N-Acetyl-B-D_Mannosamine,26
33.75,G8_N-Acetyl-B-D_Mannosamine,29
34.0,G8_N-Acetyl-B-D_Mannosamine,26
34.25,G8_N-Acetyl-B-D_Mannosamine,27
34.5,G8_N-Acetyl-B-D_Mannosamine,31
34.75,G8_N-Acetyl-B-D_Mannosamine,30
35.0,G8_N-Acetyl-B-D_Mannosamine,29
35.25,G8_N-Acetyl-B-D_Mannosamine,29
35.5,G8_N-Acetyl-B-D_Mannosamine,27
35.75,G8_N-Acetyl-B-D_Mannosamine,32
36.0,G8_N-Acetyl-B-D_Mannosamine,33
36.25,G8_N-Acetyl-B-D_Mannosamine,27
36.5,G8_N-Acetyl-B-D_Mannosamine,26
36.75,G8_N-Acetyl-B-D_Mannosamine,28
37.0,G8_N-Acetyl-B-D_Mannosamine,30
37.25,G8_N-Acetyl-B-D_Mannosamine,28
37.5,G8_N-Acetyl-B-D_Mannosamine,26
37.75,G8_N-Acetyl-B-D_Mannosamine,37
38.0,G8_N-Acetyl-B-D_Mannosamine,30
38.25,G8_N-Acetyl-B-D_Mannosamine,30
38.5,G8_N-Acetyl-B-D_Mannosamine,31
38.75,G8_N-Acetyl-B-D_Mannosamine,34
39.0,G8_N-Acetyl-B-D_Mannosamine,30
39.25,G8_N-Acetyl-B-D_Mannosamine,34
39.5,G8_N-Acetyl-B-D_Mannosamine,31
39.75,G8_N-Acetyl-B-D_Mannosamine,30
40.0,G8_N-Acetyl-B-D_Mannosamine,29
40.25,G8_N-Acetyl-B-D_Mannosamine,31
40.5,G8_N-Acetyl-B-D_Mannosamine,32
40.75,G8_N-Acetyl-B-D_Mannosamine,29
41.0,G8_N-Acetyl-B-D_Mannosamine,32
41.25,G8_N-Acetyl-B-D_Mannosamine,30
41.5,G8_N-Acetyl-B-D_Mannosamine,27
41.75,G8_N-Acetyl-B-D_Mannosamine,28
42.0,G8_N-Acetyl-B-D_Mannosamine,29
42.25,G8_N-Acetyl-B-D_Mannosamine,28
42.5,G8_N-Acetyl-B-D_Mannosamine,32
42.75,G8_N-Acetyl-B-D_Mannosamine,35
43.0,G8_N-Acetyl-B-D_Mannosamine,32
43.25,G8_N-Acetyl-B-D_Mannosamine,30
43.5,G8_N-Acetyl-B-D_Mannosamine,30
43.75,G8_N-Acetyl-B-D_Mannosamine,33
44.0,G8_N-Acetyl-B-D_Mannosamine,29
44.25,G8_N-Acetyl-B-D_Mannosamine,30
44.5,G8_N-Acetyl-B-D_Mannosamine,31
44.75,G8_N-Acetyl-B-D_Mannosamine,34
45.0,G8_N-Acetyl-B-D_Mannosamine,35
45.25,G8_N-Acetyl-B-D_Mannosamine,27
45.5,G8_N-Acetyl-B-D_Mannosamine,33
45.75,G8_N-Acetyl-B-D_Mannosamine,32
46.0,G8_N-Acetyl-B-D_Mannosamine,31
46.25,G8_N-Acetyl-B-D_Mannosamine,32
46.5,G8_N-Acetyl-B-D_Mannosamine,33
46.75,G8_N-Acetyl-B-D_Mannosamine,32
47.0,G8_N-Acetyl-B-D_Mannosamine,33
47.25,G8_N-Acetyl-B-D_Mannosamine,30
47.5,G8_N-Acetyl-B-D_Mannosamine,0
0.0,G9_Mono_Methyl_Succinate,22
0.25,G9_Mono_Methyl_Succinate,11
0.5,G9_Mono_Methyl_Succinate,12
0.75,G9_Mono_Methyl_Succinate,13
1.0,G9_Mono_Methyl_Succinate,11
1.25,G9_Mono_Methyl_Succinate,11
1.5,G9_Mono_Methyl_Succinate,11
1.75,G9_Mono_Methyl_Succinate,11
2.0,G9_Mono_Methyl_Succinate,11
2.25,G9_Mono_Methyl_Succinate,11
2.5,G9_Mono_Methyl_Succinate,11
2.75,G9_Mono_Methyl_Succinate,12
3.0,G9_Mono_Methyl_Succinate,11
3.25,G9_Mono_Methyl_Succinate,11
3.5,G9_Mono_Methyl_Succinate,11
3.75,G9_Mono_Methyl_Succinate,11
4.0,G9_Mono_Methyl_Succinate,14
4.25,G9_Mono_Methyl_Succinate,11
4.5,G9_Mono_Methyl_Succinate,14
4.75,G9_Mono_Methyl_Succinate,15
5.0,G9_Mono_Methyl_Succinate,14
5.25,G9_Mono_Methyl_Succinate,14
5.5,G9_Mono_Methyl_Succinate,12
5.75,G9_Mono_Methyl_Succinate,12
6.0,G9_Mono_Methyl_Succinate,12
6.25,G9_Mono_Methyl_Succinate,11
6.5,G9_Mono_Methyl_Succinate,14
6.75,G9_Mono_Methyl_Succinate,12
7.0,G9_Mono_Methyl_Succinate,13
7.25,G9_Mono_Methyl_Succinate,15
7.5,G9_Mono_Methyl_Succinate,12
7.75,G9_Mono_Methyl_Succinate,21
8.0,G9_Mono_Methyl_Succinate,23
8.25,G9_Mono_Methyl_Succinate,17
8.5,G9_Mono_Methyl_Succinate,23
8.75,G9_Mono_Methyl_Succinate,22
9.0,G9_Mono_Methyl_Succinate,22
9.25,G9_Mono_Methyl_Succinate,26
9.5,G9_Mono_Methyl_Succinate,27
9.75,G9_Mono_Methyl_Succinate,30
10.0,G9_Mono_Methyl_Succinate,32
10.25,G9_Mono_Methyl_Succinate,28
10.5,G9_Mono_Methyl_Succinate,33
10.75,G9_Mono_Methyl_Succinate,32
11.0,G9_Mono_Methyl_Succinate,31
11.25,G9_Mono_Methyl_Succinate,36
11.5,G9_Mono_Methyl_Succinate,38
11.75,G9_Mono_Methyl_Succinate,32
12.0,G9_Mono_Methyl_Succinate,39
12.25,G9_Mono_Methyl_Succinate,42
12.5,G9_Mono_Methyl_Succinate,37
12.75,G9_Mono_Methyl_Succinate,35
13.0,G9_Mono_Methyl_Succinate,41
13.25,G9_Mono_Methyl_Succinate,36
13.5,G9_Mono_Methyl_Succinate,37
13.75,G9_Mono_Methyl_Succinate,41
14.0,G9_Mono_Methyl_Succinate,42
14.25,G9_Mono_Methyl_Succinate,41
14.5,G9_Mono_Methyl_Succinate,37
14.75,G9_Mono_Methyl_Succinate,43
15.0,G9_Mono_Methyl_Succinate,42
15.25,G9_Mono_Methyl_Succinate,43
15.5,G9_Mono_Methyl_Succinate,44
15.75,G9_Mono_Methyl_Succinate,40
16.0,G9_Mono_Methyl_Succinate,47
16.25,G9_Mono_Methyl_Succinate,42
16.5,G9_Mono_Methyl_Succinate,40
16.75,G9_Mono_Methyl_Succinate,45
17.0,G9_Mono_Methyl_Succinate,43
17.25,G9_Mono_Methyl_Succinate,48
17.5,G9_Mono_Methyl_Succinate,46
17.75,G9_Mono_Methyl_Succinate,45
18.0,G9_Mono_Methyl_Succinate,47
18.25,G9_Mono_Methyl_Succinate,49
18.5,G9_Mono_Methyl_Succinate,48
18.75,G9_Mono_Methyl_Succinate,53
19.0,G9_Mono_Methyl_Succinate,51
19.25,G9_Mono_Methyl_Succinate,50
19.5,G9_Mono_Methyl_Succinate,53
19.75,G9_Mono_Methyl_Succinate,52
20.0,G9_Mono_Methyl_Succinate,54
20.25,G9_Mono_Methyl_Succinate,46
20.5,G9_Mono_Methyl_Succinate,55
20.75,G9_Mono_Methyl_Succinate,54
21.0,G9_Mono_Methyl_Succinate,55
21.25,G9_Mono_Methyl_Succinate,58
21.5,G9_Mono_Methyl_Succinate,50
21.75,G9_Mono_Methyl_Succinate,53
22.0,G9_Mono_Methyl_Succinate,55
22.25,G9_Mono_Methyl_Succinate,55
22.5,G9_Mono_Methyl_Succinate,54
22.75,G9_Mono_Methyl_Succinate,51
23.0,G9_Mono_Methyl_Succinate,60
23.25,G9_Mono_Methyl_Succinate,59
23.5,G9_Mono_Methyl_Succinate,57
23.75,G9_Mono_Methyl_Succinate,61
24.0,G9_Mono_Methyl_Succinate,57
24.25,G9_Mono_Methyl_Succinate,60
24.5,G9_Mono_Methyl_Succinate,59
24.75,G9_Mono_Methyl_Succinate,59
25.0,G9_Mono_Methyl_Succinate,60
25.25,G9_Mono_Methyl_Succinate,67
25.5,G9_Mono_Methyl_Succinate,57
25.75,G9_Mono_Methyl_Succinate,66
26.0,G9_Mono_Methyl_Succinate,57
26.25,G9_Mono_Methyl_Succinate,65
26.5,G9_Mono_Methyl_Succinate,61
26.75,G9_Mono_Methyl_Succinate,64
27.0,G9_Mono_Methyl_Succinate,62
27.25,G9_Mono_Methyl_Succinate,60
27.5,G9_Mono_Methyl_Succinate,68
27.75,G9_Mono_Methyl_Succinate,67
28.0,G9_Mono_Methyl_Succinate,66
28.25,G9_Mono_Methyl_Succinate,58
28.5,G9_Mono_Methyl_Succinate,64
28.75,G9_Mono_Methyl_Succinate,71
29.0,G9_Mono_Methyl_Succinate,74
29.25,G9_Mono_Methyl_Succinate,68
29.5,G9_Mono_Methyl_Succinate,68
29.75,G9_Mono_Methyl_Succinate,67
30.0,G9_Mono_Methyl_Succinate,69
30.25,G9_Mono_Methyl_Succinate,71
30.5,G9_Mono_Methyl_Succinate,69
30.75,G9_Mono_Methyl_Succinate,65
31.0,G9_Mono_Methyl_Succinate,74
31.25,G9_Mono_Methyl_Succinate,73
31.5,G9_Mono_Methyl_Succinate,73
31.75,G9_Mono_Methyl_Succinate,73
32.0,G9_Mono_Methyl_Succinate,80
32.25,G9_Mono_Methyl_Succinate,69
32.5,G9_Mono_Methyl_Succinate,74
32.75,G9_Mono_Methyl_Succinate,77
33.0,G9_Mono_Methyl_Succinate,73
33.25,G9_Mono_Methyl_Succinate,71
33.5,G9_Mono_Methyl_Succinate,71
33.75,G9_Mono_Methyl_Succinate,78
34.0,G9_Mono_Methyl_Succinate,82
34.25,G9_Mono_Methyl_Succinate,78
34.5,G9_Mono_Methyl_Succinate,78
34.75,G9_Mono_Methyl_Succinate,74
35.0,G9_Mono_Methyl_Succinate,76
35.25,G9_Mono_Methyl_Succinate,84
35.5,G9_Mono_Methyl_Succinate,84
35.75,G9_Mono_Methyl_Succinate,82
36.0,G9_Mono_Methyl_Succinate,81
36.25,G9_Mono_Methyl_Succinate,80
36.5,G9_Mono_Methyl_Succinate,82
36.75,G9_Mono_Methyl_Succinate,89
37.0,G9_Mono_Methyl_Succinate,79
37.25,G9_Mono_Methyl_Succinate,81
37.5,G9_Mono_Methyl_Succinate,78
37.75,G9_Mono_Methyl_Succinate,88
38.0,G9_Mono_Methyl_Succinate,80
38.25,G9_Mono_Methyl_Succinate,80
38.5,G9_Mono_Methyl_Succinate,84
38.75,G9_Mono_Methyl_Succinate,86
39.0,G9_Mono_Methyl_Succinate,84
39.25,G9_Mono_Methyl_Succinate,86
39.5,G9_Mono_Methyl_Succinate,84
39.75,G9_Mono_Methyl_Succinate,81
40.0,G9_Mono_Methyl_Succinate,87
40.25,G9_Mono_Methyl_Succinate,87
40.5,G9_Mono_Methyl_Succinate,86
40.75,G9_Mono_Methyl_Succinate,87
41.0,G9_Mono_Methyl_Succinate,85
41.25,G9_Mono_Methyl_Succinate,90
41.5,G9_Mono_Methyl_Succinate,90
41.75,G9_Mono_Methyl_Succinate,88
42.0,G9_Mono_Methyl_Succinate,93
42.25,G9_Mono_Methyl_Succinate,94
42.5,G9_Mono_Methyl_Succinate,88
42.75,G9_Mono_Methyl_Succinate,94
43.0,G9_Mono_Methyl_Succinate,92
43.25,G9_Mono_Methyl_Succinate,93
43.5,G9_Mono_Methyl_Succinate,92
43.75,G9_Mono_Methyl_Succinate,96
44.0,G9_Mono_Methyl_Succinate,93
44.25,G9_Mono_Methyl_Succinate,91
44.5,G9_Mono_Methyl_Succinate,95
44.75,G9_Mono_Methyl_Succinate,94
45.0,G9_Mono_Methyl_Succinate,92
45.25,G9_Mono_Methyl_Succinate,96
45.5,G9_Mono_Methyl_Succinate,95
45.75,G9_Mono_Methyl_Succinate,94
46.0,G9_Mono_Methyl_Succinate,93
46.25,G9_Mono_Methyl_Succinate,99
46.5,G9_Mono_Methyl_Succinate,101
46.75,G9_Mono_Methyl_Succinate,100
47.0,G9_Mono_Methyl_Succinate,98
47.25,G9_Mono_Methyl_Succinate,101
47.5,G9_Mono_Methyl_Succinate,0
0.0,G10_Methyl_Pyruvate,35
0.25,G10_Methyl_Pyruvate,25
0.5,G10_Methyl_Pyruvate,17
0.75,G10_Methyl_Pyruvate,21
1.0,G10_Methyl_Pyruvate,20
1.25,G10_Methyl_Pyruvate,19
1.5,G10_Methyl_Pyruvate,24
1.75,G10_Methyl_Pyruvate,21
2.0,G10_Methyl_Pyruvate,23
2.25,G10_Methyl_Pyruvate,21
2.5,G10_Methyl_Pyruvate,19
2.75,G10_Methyl_Pyruvate,22
3.0,G10_Methyl_Pyruvate,18
3.25,G10_Methyl_Pyruvate,18
3.5,G10_Methyl_Pyruvate,18
3.75,G10_Methyl_Pyruvate,16
4.0,G10_Methyl_Pyruvate,15
4.25,G10_Methyl_Pyruvate,18
4.5,G10_Methyl_Pyruvate,17
4.75,G10_Methyl_Pyruvate,15
5.0,G10_Methyl_Pyruvate,15
5.25,G10_Methyl_Pyruvate,20
5.5,G10_Methyl_Pyruvate,14
5.75,G10_Methyl_Pyruvate,17
6.0,G10_Methyl_Pyruvate,16
6.25,G10_Methyl_Pyruvate,18
6.5,G10_Methyl_Pyruvate,18
6.75,G10_Methyl_Pyruvate,18
7.0,G10_Methyl_Pyruvate,18
7.25,G10_Methyl_Pyruvate,17
7.5,G10_Methyl_Pyruvate,21
7.75,G10_Methyl_Pyruvate,20
8.0,G10_Methyl_Pyruvate,25
8.25,G10_Methyl_Pyruvate,25
8.5,G10_Methyl_Pyruvate,31
8.75,G10_Methyl_Pyruvate,26
9.0,G10_Methyl_Pyruvate,28
9.25,G10_Methyl_Pyruvate,30
9.5,G10_Methyl_Pyruvate,25
9.75,G10_Methyl_Pyruvate,28
10.0,G10_Methyl_Pyruvate,28
10.25,G10_Methyl_Pyruvate,32
10.5,G10_Methyl_Pyruvate,29
10.75,G10_Methyl_Pyruvate,31
11.0,G10_Methyl_Pyruvate,31
11.25,G10_Methyl_Pyruvate,36
11.5,G10_Methyl_Pyruvate,36
11.75,G10_Methyl_Pyruvate,33
12.0,G10_Methyl_Pyruvate,35
12.25,G10_Methyl_Pyruvate,39
12.5,G10_Methyl_Pyruvate,39
12.75,G10_Methyl_Pyruvate,36
13.0,G10_Methyl_Pyruvate,39
13.25,G10_Methyl_Pyruvate,39
13.5,G10_Methyl_Pyruvate,36
13.75,G10_Methyl_Pyruvate,41
14.0,G10_Methyl_Pyruvate,44
14.25,G10_Methyl_Pyruvate,44
14.5,G10_Methyl_Pyruvate,43
14.75,G10_Methyl_Pyruvate,44
15.0,G10_Methyl_Pyruvate,43
15.25,G10_Methyl_Pyruvate,47
15.5,G10_Methyl_Pyruvate,43
15.75,G10_Methyl_Pyruvate,47
16.0,G10_Methyl_Pyruvate,49
16.25,G10_Methyl_Pyruvate,44
16.5,G10_Methyl_Pyruvate,47
16.75,G10_Methyl_Pyruvate,47
17.0,G10_Methyl_Pyruvate,50
17.25,G10_Methyl_Pyruvate,51
17.5,G10_Methyl_Pyruvate,56
17.75,G10_Methyl_Pyruvate,57
18.0,G10_Methyl_Pyruvate,54
18.25,G10_Methyl_Pyruvate,57
18.5,G10_Methyl_Pyruvate,57
18.75,G10_Methyl_Pyruvate,58
19.0,G10_Methyl_Pyruvate,60
19.25,G10_Methyl_Pyruvate,60
19.5,G10_Methyl_Pyruvate,58
19.75,G10_Methyl_Pyruvate,60
20.0,G10_Methyl_Pyruvate,60
20.25,G10_Methyl_Pyruvate,58
20.5,G10_Methyl_Pyruvate,58
20.75,G10_Methyl_Pyruvate,62
21.0,G10_Methyl_Pyruvate,64
21.25,G10_Methyl_Pyruvate,60
21.5,G10_Methyl_Pyruvate,59
21.75,G10_Methyl_Pyruvate,63
22.0,G10_Methyl_Pyruvate,68
22.25,G10_Methyl_Pyruvate,66
22.5,G10_Methyl_Pyruvate,63
22.75,G10_Methyl_Pyruvate,66
23.0,G10_Methyl_Pyruvate,68
23.25,G10_Methyl_Pyruvate,65
23.5,G10_Methyl_Pyruvate,66
23.75,G10_Methyl_Pyruvate,70
24.0,G10_Methyl_Pyruvate,71
24.25,G10_Methyl_Pyruvate,74
24.5,G10_Methyl_Pyruvate,71
24.75,G10_Methyl_Pyruvate,74
25.0,G10_Methyl_Pyruvate,72
25.25,G10_Methyl_Pyruvate,74
25.5,G10_Methyl_Pyruvate,72
25.75,G10_Methyl_Pyruvate,76
26.0,G10_Methyl_Pyruvate,72
26.25,G10_Methyl_Pyruvate,77
26.5,G10_Methyl_Pyruvate,77
26.75,G10_Methyl_Pyruvate,78
27.0,G10_Methyl_Pyruvate,83
27.25,G10_Methyl_Pyruvate,78
27.5,G10_Methyl_Pyruvate,82
27.75,G10_Methyl_Pyruvate,86
28.0,G10_Methyl_Pyruvate,82
28.25,G10_Methyl_Pyruvate,82
28.5,G10_Methyl_Pyruvate,82
28.75,G10_Methyl_Pyruvate,85
29.0,G10_Methyl_Pyruvate,88
29.25,G10_Methyl_Pyruvate,88
29.5,G10_Methyl_Pyruvate,88
29.75,G10_Methyl_Pyruvate,90
30.0,G10_Methyl_Pyruvate,86
30.25,G10_Methyl_Pyruvate,87
30.5,G10_Methyl_Pyruvate,88
30.75,G10_Methyl_Pyruvate,86
31.0,G10_Methyl_Pyruvate,93
31.25,G10_Methyl_Pyruvate,91
31.5,G10_Methyl_Pyruvate,91
31.75,G10_Methyl_Pyruvate,90
32.0,G10_Methyl_Pyruvate,97
32.25,G10_Methyl_Pyruvate,97
32.5,G10_Methyl_Pyruvate,96
32.75,G10_Methyl_Pyruvate,102
33.0,G10_Methyl_Pyruvate,99
33.25,G10_Methyl_Pyruvate,98
33.5,G10_Methyl_Pyruvate,96
33.75,G10_Methyl_Pyruvate,103
34.0,G10_Methyl_Pyruvate,102
34.25,G10_Methyl_Pyruvate,96
34.5,G10_Methyl_Pyruvate,96
34.75,G10_Methyl_Pyruvate,102
35.0,G10_Methyl_Pyruvate,99
35.25,G10_Methyl_Pyruvate,97
35.5,G10_Methyl_Pyruvate,99
35.75,G10_Methyl_Pyruvate,101
36.0,G10_Methyl_Pyruvate,98
36.25,G10_Methyl_Pyruvate,89
36.5,G10_Methyl_Pyruvate,95
36.75,G10_Methyl_Pyruvate,102
37.0,G10_Methyl_Pyruvate,94
37.25,G10_Methyl_Pyruvate,94
37.5,G10_Methyl_Pyruvate,94
37.75,G10_Methyl_Pyruvate,94
38.0,G10_Methyl_Pyruvate,89
38.25,G10_Methyl_Pyruvate,92
38.5,G10_Methyl_Pyruvate,96
38.75,G10_Methyl_Pyruvate,96
39.0,G10_Methyl_Pyruvate,90
39.25,G10_Methyl_Pyruvate,91
39.5,G10_Methyl_Pyruvate,98
39.75,G10_Methyl_Pyruvate,92
40.0,G10_Methyl_Pyruvate,95
40.25,G10_Methyl_Pyruvate,98
40.5,G10_Methyl_Pyruvate,95
40.75,G10_Methyl_Pyruvate,96
41.0,G10_Methyl_Pyruvate,95
41.25,G10_Methyl_Pyruvate,95
41.5,G10_Methyl_Pyruvate,92
41.75,G10_Methyl_Pyruvate,91
42.0,G10_Methyl_Pyruvate,94
42.25,G10_Methyl_Pyruvate,98
42.5,G10_Methyl_Pyruvate,92
42.75,G10_Methyl_Pyruvate,100
43.0,G10_Methyl_Pyruvate,95
43.25,G10_Methyl_Pyruvate,91
43.5,G10_Methyl_Pyruvate,92
43.75,G10_Methyl_Pyruvate,98
44.0,G10_Methyl_Pyruvate,96
44.25,G10_Methyl_Pyruvate,90
44.5,G10_Methyl_Pyruvate,92
44.75,G10_Methyl_Pyruvate,95
45.0,G10_Methyl_Pyruvate,91
45.25,G10_Methyl_Pyruvate,93
45.5,G10_Methyl_Pyruvate,95
45.75,G10_Methyl_Pyruvate,95
46.0,G10_Methyl_Pyruvate,93
46.25,G10_Methyl_Pyruvate,93
46.5,G10_Methyl_Pyruvate,94
46.75,G10_Methyl_Pyruvate,96
47.0,G10_Methyl_Pyruvate,90
47.25,G10_Methyl_Pyruvate,90
47.5,G10_Methyl_Pyruvate,0
0.0,G11_D-Malic_Acid,17
0.25,G11_D-Malic_Acid,15
0.5,G11_D-Malic_Acid,19
0.75,G11_D-Malic_Acid,22
1.0,G11_D-Malic_Acid,17
1.25,G11_D-Malic_Acid,19
1.5,G11_D-Malic_Acid,17
1.75,G11_D-Malic_Acid,19
2.0,G11_D-Malic_Acid,18
2.25,G11_D-Malic_Acid,18
2.5,G11_D-Malic_Acid,16
2.75,G11_D-Malic_Acid,21
3.0,G11_D-Malic_Acid,18
3.25,G11_D-Malic_Acid,14
3.5,G11_D-Malic_Acid,21
3.75,G11_D-Malic_Acid,21
4.0,G11_D-Malic_Acid,18
4.25,G11_D-Malic_Acid,17
4.5,G11_D-Malic_Acid,17
4.75,G11_D-Malic_Acid,20
5.0,G11_D-Malic_Acid,17
5.25,G11_D-Malic_Acid,20
5.5,G11_D-Malic_Acid,19
5.75,G11_D-Malic_Acid,20
6.0,G11_D-Malic_Acid,17
6.25,G11_D-Malic_Acid,24
6.5,G11_D-Malic_Acid,25
6.75,G11_D-Malic_Acid,23
7.0,G11_D-Malic_Acid,22
7.25,G11_D-Malic_Acid,21
7.5,G11_D-Malic_Acid,25
7.75,G11_D-Malic_Acid,25
8.0,G11_D-Malic_Acid,30
8.25,G11_D-Malic_Acid,24
8.5,G11_D-Malic_Acid,29
8.75,G11_D-Malic_Acid,27
9.0,G11_D-Malic_Acid,32
9.25,G11_D-Malic_Acid,25
9.5,G11_D-Malic_Acid,30
9.75,G11_D-Malic_Acid,28
10.0,G11_D-Malic_Acid,27
10.25,G11_D-Malic_Acid,25
10.5,G11_D-Malic_Acid,27
10.75,G11_D-Malic_Acid,28
11.0,G11_D-Malic_Acid,31
11.25,G11_D-Malic_Acid,27
11.5,G11_D-Malic_Acid,34
11.75,G11_D-Malic_Acid,31
12.0,G11_D-Malic_Acid,31
12.25,G11_D-Malic_Acid,33
12.5,G11_D-Malic_Acid,31
12.75,G11_D-Malic_Acid,36
13.0,G11_D-Malic_Acid,33
13.25,G11_D-Malic_Acid,31
13.5,G11_D-Malic_Acid,32
13.75,G11_D-Malic_Acid,33
14.0,G11_D-Malic_Acid,32
14.25,G11_D-Malic_Acid,31
14.5,G11_D-Malic_Acid,34
14.75,G11_D-Malic_Acid,38
15.0,G11_D-Malic_Acid,33
15.25,G11_D-Malic_Acid,32
15.5,G11_D-Malic_Acid,33
15.75,G11_D-Malic_Acid,32
16.0,G11_D-Malic_Acid,36
16.25,G11_D-Malic_Acid,37
16.5,G11_D-Malic_Acid,40
16.75,G11_D-Malic_Acid,36
17.0,G11_D-Malic_Acid,35
17.25,G11_D-Malic_Acid,37
17.5,G11_D-Malic_Acid,37
17.75,G11_D-Malic_Acid,36
18.0,G11_D-Malic_Acid,39
18.25,G11_D-Malic_Acid,39
18.5,G11_D-Malic_Acid,39
18.75,G11_D-Malic_Acid,39
19.0,G11_D-Malic_Acid,42
19.25,G11_D-Malic_Acid,40
19.5,G11_D-Malic_Acid,41
19.75,G11_D-Malic_Acid,41
20.0,G11_D-Malic_Acid,42
20.25,G11_D-Malic_Acid,40
20.5,G11_D-Malic_Acid,42
20.75,G11_D-Malic_Acid,39
21.0,G11_D-Malic_Acid,43
21.25,G11_D-Malic_Acid,39
21.5,G11_D-Malic_Acid,39
21.75,G11_D-Malic_Acid,41
22.0,G11_D-Malic_Acid,40
22.25,G11_D-Malic_Acid,40
22.5,G11_D-Malic_Acid,42
22.75,G11_D-Malic_Acid,40
23.0,G11_D-Malic_Acid,41
23.25,G11_D-Malic_Acid,44
23.5,G11_D-Malic_Acid,42
23.75,G11_D-Malic_Acid,44
24.0,G11_D-Malic_Acid,43
24.25,G11_D-Malic_Acid,45
24.5,G11_D-Malic_Acid,42
24.75,G11_D-Malic_Acid,40
25.0,G11_D-Malic_Acid,43
25.25,G11_D-Malic_Acid,42
25.5,G11_D-Malic_Acid,43
25.75,G11_D-Malic_Acid,44
26.0,G11_D-Malic_Acid,46
26.25,G11_D-Malic_Acid,46
26.5,G11_D-Malic_Acid,45
26.75,G11_D-Malic_Acid,45
27.0,G11_D-Malic_Acid,42
27.25,G11_D-Malic_Acid,49
27.5,G11_D-Malic_Acid,46
27.75,G11_D-Malic_Acid,45
28.0,G11_D-Malic_Acid,47
28.25,G11_D-Malic_Acid,47
28.5,G11_D-Malic_Acid,46
28.75,G11_D-Malic_Acid,46
29.0,G11_D-Malic_Acid,44
29.25,G11_D-Malic_Acid,46
29.5,G11_D-Malic_Acid,49
29.75,G11_D-Malic_Acid,48
30.0,G11_D-Malic_Acid,47
30.25,G11_D-Malic_Acid,48
30.5,G11_D-Malic_Acid,47
30.75,G11_D-Malic_Acid,48
31.0,G11_D-Malic_Acid,48
31.25,G11_D-Malic_Acid,46
31.5,G11_D-Malic_Acid,51
31.75,G11_D-Malic_Acid,50
32.0,G11_D-Malic_Acid,49
32.25,G11_D-Malic_Acid,53
32.5,G11_D-Malic_Acid,55
32.75,G11_D-Malic_Acid,49
33.0,G11_D-Malic_Acid,50
33.25,G11_D-Malic_Acid,55
33.5,G11_D-Malic_Acid,57
33.75,G11_D-Malic_Acid,50
34.0,G11_D-Malic_Acid,50
34.25,G11_D-Malic_Acid,53
34.5,G11_D-Malic_Acid,56
34.75,G11_D-Malic_Acid,49
35.0,G11_D-Malic_Acid,54
35.25,G11_D-Malic_Acid,53
35.5,G11_D-Malic_Acid,57
35.75,G11_D-Malic_Acid,59
36.0,G11_D-Malic_Acid,59
36.25,G11_D-Malic_Acid,55
36.5,G11_D-Malic_Acid,53
36.75,G11_D-Malic_Acid,58
37.0,G11_D-Malic_Acid,60
37.25,G11_D-Malic_Acid,57
37.5,G11_D-Malic_Acid,58
37.75,G11_D-Malic_Acid,57
38.0,G11_D-Malic_Acid,63
38.25,G11_D-Malic_Acid,61
38.5,G11_D-Malic_Acid,58
38.75,G11_D-Malic_Acid,58
39.0,G11_D-Malic_Acid,61
39.25,G11_D-Malic_Acid,57
39.5,G11_D-Malic_Acid,62
39.75,G11_D-Malic_Acid,61
40.0,G11_D-Malic_Acid,59
40.25,G11_D-Malic_Acid,56
40.5,G11_D-Malic_Acid,62
40.75,G11_D-Malic_Acid,58
41.0,G11_D-Malic_Acid,61
41.25,G11_D-Malic_Acid,60
41.5,G11_D-Malic_Acid,64
41.75,G11_D-Malic_Acid,65
42.0,G11_D-Malic_Acid,60
42.25,G11_D-Malic_Acid,62
42.5,G11_D-Malic_Acid,63
42.75,G11_D-Malic_Acid,63
43.0,G11_D-Malic_Acid,68
43.25,G11_D-Malic_Acid,65
43.5,G11_D-Malic_Acid,62
43.75,G11_D-Malic_Acid,59
44.0,G11_D-Malic_Acid,68
44.25,G11_D-Malic_Acid,68
44.5,G11_D-Malic_Acid,67
44.75,G11_D-Malic_Acid,69
45.0,G11_D-Malic_Acid,66
45.25,G11_D-Malic_Acid,70
45.5,G11_D-Malic_Acid,64
45.75,G11_D-Malic_Acid,66
46.0,G11_D-Malic_Acid,64
46.25,G11_D-Malic_Acid,67
46.5,G11_D-Malic_Acid,69
46.75,G11_D-Malic_Acid,70
47.0,G11_D-Malic_Acid,68
47.25,G11_D-Malic_Acid,64
47.5,G11_D-Malic_Acid,0
0.0,G12_L-Malic_Acid,42
0.25,G12_L-Malic_Acid,20
0.5,G12_L-Malic_Acid,26
0.75,G12_L-Malic_Acid,21
1.0,G12_L-Malic_Acid,22
1.25,G12_L-Malic_Acid,20
1.5,G12_L-Malic_Acid,24
1.75,G12_L-Malic_Acid,22
2.0,G12_L-Malic_Acid,18
2.25,G12_L-Malic_Acid,20
2.5,G12_L-Malic_Acid,19
2.75,G12_L-Malic_Acid,25
3.0,G12_L-Malic_Acid,23
3.25,G12_L-Malic_Acid,21
3.5,G12_L-Malic_Acid,22
3.75,G12_L-Malic_Acid,24
4.0,G12_L-Malic_Acid,25
4.25,G12_L-Malic_Acid,23
4.5,G12_L-Malic_Acid,28
4.75,G12_L-Malic_Acid,28
5.0,G12_L-Malic_Acid,22
5.25,G12_L-Malic_Acid,24
5.5,G12_L-Malic_Acid,25
5.75,G12_L-Malic_Acid,27
6.0,G12_L-Malic_Acid,28
6.25,G12_L-Malic_Acid,28
6.5,G12_L-Malic_Acid,31
6.75,G12_L-Malic_Acid,30
7.0,G12_L-Malic_Acid,27
7.25,G12_L-Malic_Acid,33
7.5,G12_L-Malic_Acid,34
7.75,G12_L-Malic_Acid,37
8.0,G12_L-Malic_Acid,44
8.25,G12_L-Malic_Acid,40
8.5,G12_L-Malic_Acid,39
8.75,G12_L-Malic_Acid,45
9.0,G12_L-Malic_Acid,47
9.25,G12_L-Malic_Acid,49
9.5,G12_L-Malic_Acid,52
9.75,G12_L-Malic_Acid,55
10.0,G12_L-Malic_Acid,58
10.25,G12_L-Malic_Acid,62
10.5,G12_L-Malic_Acid,60
10.75,G12_L-Malic_Acid,61
11.0,G12_L-Malic_Acid,64
11.25,G12_L-Malic_Acid,68
11.5,G12_L-Malic_Acid,71
11.75,G12_L-Malic_Acid,78
12.0,G12_L-Malic_Acid,78
12.25,G12_L-Malic_Acid,84
12.5,G12_L-Malic_Acid,86
12.75,G12_L-Malic_Acid,84
13.0,G12_L-Malic_Acid,87
13.25,G12_L-Malic_Acid,95
13.5,G12_L-Malic_Acid,99
13.75,G12_L-Malic_Acid,101
14.0,G12_L-Malic_Acid,105
14.25,G12_L-Malic_Acid,108
14.5,G12_L-Malic_Acid,108
14.75,G12_L-Malic_Acid,115
15.0,G12_L-Malic_Acid,115
15.25,G12_L-Malic_Acid,121
15.5,G12_L-Malic_Acid,128
15.75,G12_L-Malic_Acid,130
16.0,G12_L-Malic_Acid,130
16.25,G12_L-Malic_Acid,129
16.5,G12_L-Malic_Acid,134
16.75,G12_L-Malic_Acid,135
17.0,G12_L-Malic_Acid,138
17.25,G12_L-Malic_Acid,140
17.5,G12_L-Malic_Acid,144
17.75,G12_L-Malic_Acid,143
18.0,G12_L-Malic_Acid,150
18.25,G12_L-Malic_Acid,147
18.5,G12_L-Malic_Acid,149
18.75,G12_L-Malic_Acid,159
19.0,G12_L-Malic_Acid,161
19.25,G12_L-Malic_Acid,163
19.5,G12_L-Malic_Acid,165
19.75,G12_L-Malic_Acid,163
20.0,G12_L-Malic_Acid,168
20.25,G12_L-Malic_Acid,170
20.5,G12_L-Malic_Acid,173
20.75,G12_L-Malic_Acid,168
21.0,G12_L-Malic_Acid,175
21.25,G12_L-Malic_Acid,170
21.5,G12_L-Malic_Acid,175
21.75,G12_L-Malic_Acid,179
22.0,G12_L-Malic_Acid,178
22.25,G12_L-Malic_Acid,183
22.5,G12_L-Malic_Acid,186
22.75,G12_L-Malic_Acid,188
23.0,G12_L-Malic_Acid,185
23.25,G12_L-Malic_Acid,187
23.5,G12_L-Malic_Acid,188
23.75,G12_L-Malic_Acid,196
24.0,G12_L-Malic_Acid,192
24.25,G12_L-Malic_Acid,193
24.5,G12_L-Malic_Acid,199
24.75,G12_L-Malic_Acid,186
25.0,G12_L-Malic_Acid,193
25.25,G12_L-Malic_Acid,192
25.5,G12_L-Malic_Acid,188
25.75,G12_L-Malic_Acid,193
26.0,G12_L-Malic_Acid,198
26.25,G12_L-Malic_Acid,194
26.5,G12_L-Malic_Acid,192
26.75,G12_L-Malic_Acid,191
27.0,G12_L-Malic_Acid,192
27.25,G12_L-Malic_Acid,194
27.5,G12_L-Malic_Acid,194
27.75,G12_L-Malic_Acid,191
28.0,G12_L-Malic_Acid,193
28.25,G12_L-Malic_Acid,191
28.5,G12_L-Malic_Acid,192
28.75,G12_L-Malic_Acid,190
29.0,G12_L-Malic_Acid,189
29.25,G12_L-Malic_Acid,191
29.5,G12_L-Malic_Acid,193
29.75,G12_L-Malic_Acid,188
30.0,G12_L-Malic_Acid,189
30.25,G12_L-Malic_Acid,188
30.5,G12_L-Malic_Acid,188
30.75,G12_L-Malic_Acid,195
31.0,G12_L-Malic_Acid,190
31.25,G12_L-Malic_Acid,191
31.5,G12_L-Malic_Acid,192
31.75,G12_L-Malic_Acid,184
32.0,G12_L-Malic_Acid,193
32.25,G12_L-Malic_Acid,191
32.5,G12_L-Malic_Acid,192
32.75,G12_L-Malic_Acid,191
33.0,G12_L-Malic_Acid,194
33.25,G12_L-Malic_Acid,193
33.5,G12_L-Malic_Acid,190
33.75,G12_L-Malic_Acid,194
34.0,G12_L-Malic_Acid,193
34.25,G12_L-Malic_Acid,193
34.5,G12_L-Malic_Acid,192
34.75,G12_L-Malic_Acid,195
35.0,G12_L-Malic_Acid,192
35.25,G12_L-Malic_Acid,192
35.5,G12_L-Malic_Acid,193
35.75,G12_L-Malic_Acid,192
36.0,G12_L-Malic_Acid,195
36.25,G12_L-Malic_Acid,191
36.5,G12_L-Malic_Acid,189
36.75,G12_L-Malic_Acid,195
37.0,G12_L-Malic_Acid,195
37.25,G12_L-Malic_Acid,189
37.5,G12_L-Malic_Acid,193
37.75,G12_L-Malic_Acid,195
38.0,G12_L-Malic_Acid,196
38.25,G12_L-Malic_Acid,194
38.5,G12_L-Malic_Acid,193
38.75,G12_L-Malic_Acid,195
39.0,G12_L-Malic_Acid,189
39.25,G12_L-Malic_Acid,188
39.5,G12_L-Malic_Acid,195
39.75,G12_L-Malic_Acid,191
40.0,G12_L-Malic_Acid,192
40.25,G12_L-Malic_Acid,190
40.5,G12_L-Malic_Acid,193
40.75,G12_L-Malic_Acid,190
41.0,G12_L-Malic_Acid,195
41.25,G12_L-Malic_Acid,188
41.5,G12_L-Malic_Acid,190
41.75,G12_L-Malic_Acid,194
42.0,G12_L-Malic_Acid,189
42.25,G12_L-Malic_Acid,186
42.5,G12_L-Malic_Acid,191
42.75,G12_L-Malic_Acid,188
43.0,G12_L-Malic_Acid,190
43.25,G12_L-Malic_Acid,188
43.5,G12_L-Malic_Acid,188
43.75,G12_L-Malic_Acid,188
44.0,G12_L-Malic_Acid,185
44.25,G12_L-Malic_Acid,189
44.5,G12_L-Malic_Acid,191
44.75,G12_L-Malic_Acid,189
45.0,G12_L-Malic_Acid,186
45.25,G12_L-Malic_Acid,186
45.5,G12_L-Malic_Acid,192
45.75,G12_L-Malic_Acid,185
46.0,G12_L-Malic_Acid,191
46.25,G12_L-Malic_Acid,188
46.5,G12_L-Malic_Acid,188
46.75,G12_L-Malic_Acid,190
47.0,G12_L-Malic_Acid,187
47.25,G12_L-Malic_Acid,188
47.5,G12_L-Malic_Acid,0
0.0,H1_Glycyl-L-Proline,17
0.25,H1_Glycyl-L-Proline,15
0.5,H1_Glycyl-L-Proline,15
0.75,H1_Glycyl-L-Proline,18
1.0,H1_Glycyl-L-Proline,18
1.25,H1_Glycyl-L-Proline,20
1.5,H1_Glycyl-L-Proline,17
1.75,H1_Glycyl-L-Proline,19
2.0,H1_Glycyl-L-Proline,19
2.25,H1_Glycyl-L-Proline,18
2.5,H1_Glycyl-L-Proline,17
2.75,H1_Glycyl-L-Proline,24
3.0,H1_Glycyl-L-Proline,19
3.25,H1_Glycyl-L-Proline,21
3.5,H1_Glycyl-L-Proline,18
3.75,H1_Glycyl-L-Proline,18
4.0,H1_Glycyl-L-Proline,15
4.25,H1_Glycyl-L-Proline,22
4.5,H1_Glycyl-L-Proline,20
4.75,H1_Glycyl-L-Proline,16
5.0,H1_Glycyl-L-Proline,16
5.25,H1_Glycyl-L-Proline,19
5.5,H1_Glycyl-L-Proline,16
5.75,H1_Glycyl-L-Proline,22
6.0,H1_Glycyl-L-Proline,19
6.25,H1_Glycyl-L-Proline,18
6.5,H1_Glycyl-L-Proline,21
6.75,H1_Glycyl-L-Proline,21
7.0,H1_Glycyl-L-Proline,26
7.25,H1_Glycyl-L-Proline,26
7.5,H1_Glycyl-L-Proline,28
7.75,H1_Glycyl-L-Proline,27
8.0,H1_Glycyl-L-Proline,29
8.25,H1_Glycyl-L-Proline,30
8.5,H1_Glycyl-L-Proline,30
8.75,H1_Glycyl-L-Proline,36
9.0,H1_Glycyl-L-Proline,36
9.25,H1_Glycyl-L-Proline,35
9.5,H1_Glycyl-L-Proline,42
9.75,H1_Glycyl-L-Proline,37
10.0,H1_Glycyl-L-Proline,40
10.25,H1_Glycyl-L-Proline,42
10.5,H1_Glycyl-L-Proline,44
10.75,H1_Glycyl-L-Proline,51
11.0,H1_Glycyl-L-Proline,52
11.25,H1_Glycyl-L-Proline,51
11.5,H1_Glycyl-L-Proline,58
11.75,H1_Glycyl-L-Proline,63
12.0,H1_Glycyl-L-Proline,61
12.25,H1_Glycyl-L-Proline,62
12.5,H1_Glycyl-L-Proline,65
12.75,H1_Glycyl-L-Proline,66
13.0,H1_Glycyl-L-Proline,67
13.25,H1_Glycyl-L-Proline,67
13.5,H1_Glycyl-L-Proline,69
13.75,H1_Glycyl-L-Proline,72
14.0,H1_Glycyl-L-Proline,73
14.25,H1_Glycyl-L-Proline,77
14.5,H1_Glycyl-L-Proline,74
14.75,H1_Glycyl-L-Proline,85
15.0,H1_Glycyl-L-Proline,84
15.25,H1_Glycyl-L-Proline,85
15.5,H1_Glycyl-L-Proline,82
15.75,H1_Glycyl-L-Proline,86
16.0,H1_Glycyl-L-Proline,90
16.25,H1_Glycyl-L-Proline,94
16.5,H1_Glycyl-L-Proline,94
16.75,H1_Glycyl-L-Proline,94
17.0,H1_Glycyl-L-Proline,96
17.25,H1_Glycyl-L-Proline,99
17.5,H1_Glycyl-L-Proline,99
17.75,H1_Glycyl-L-Proline,106
18.0,H1_Glycyl-L-Proline,105
18.25,H1_Glycyl-L-Proline,111
18.5,H1_Glycyl-L-Proline,115
18.75,H1_Glycyl-L-Proline,115
19.0,H1_Glycyl-L-Proline,112
19.25,H1_Glycyl-L-Proline,111
19.5,H1_Glycyl-L-Proline,106
19.75,H1_Glycyl-L-Proline,111
20.0,H1_Glycyl-L-Proline,116
20.25,H1_Glycyl-L-Proline,118
20.5,H1_Glycyl-L-Proline,117
20.75,H1_Glycyl-L-Proline,114
21.0,H1_Glycyl-L-Proline,123
21.25,H1_Glycyl-L-Proline,122
21.5,H1_Glycyl-L-Proline,124
21.75,H1_Glycyl-L-Proline,126
22.0,H1_Glycyl-L-Proline,129
22.25,H1_Glycyl-L-Proline,134
22.5,H1_Glycyl-L-Proline,140
22.75,H1_Glycyl-L-Proline,139
23.0,H1_Glycyl-L-Proline,147
23.25,H1_Glycyl-L-Proline,152
23.5,H1_Glycyl-L-Proline,154
23.75,H1_Glycyl-L-Proline,153
24.0,H1_Glycyl-L-Proline,151
24.25,H1_Glycyl-L-Proline,156
24.5,H1_Glycyl-L-Proline,163
24.75,H1_Glycyl-L-Proline,161
25.0,H1_Glycyl-L-Proline,168
25.25,H1_Glycyl-L-Proline,170
25.5,H1_Glycyl-L-Proline,176
25.75,H1_Glycyl-L-Proline,182
26.0,H1_Glycyl-L-Proline,180
26.25,H1_Glycyl-L-Proline,185
26.5,H1_Glycyl-L-Proline,189
26.75,H1_Glycyl-L-Proline,188
27.0,H1_Glycyl-L-Proline,194
27.25,H1_Glycyl-L-Proline,193
27.5,H1_Glycyl-L-Proline,194
27.75,H1_Glycyl-L-Proline,198
28.0,H1_Glycyl-L-Proline,201
28.25,H1_Glycyl-L-Proline,206
28.5,H1_Glycyl-L-Proline,201
28.75,H1_Glycyl-L-Proline,206
29.0,H1_Glycyl-L-Proline,207
29.25,H1_Glycyl-L-Proline,211
29.5,H1_Glycyl-L-Proline,215
29.75,H1_Glycyl-L-Proline,215
30.0,H1_Glycyl-L-Proline,222
30.25,H1_Glycyl-L-Proline,222
30.5,H1_Glycyl-L-Proline,222
30.75,H1_Glycyl-L-Proline,224
31.0,H1_Glycyl-L-Proline,227
31.25,H1_Glycyl-L-Proline,232
31.5,H1_Glycyl-L-Proline,234
31.75,H1_Glycyl-L-Proline,229
32.0,H1_Glycyl-L-Proline,239
32.25,H1_Glycyl-L-Proline,233
32.5,H1_Glycyl-L-Proline,236
32.75,H1_Glycyl-L-Proline,240
33.0,H1_Glycyl-L-Proline,243
33.25,H1_Glycyl-L-Proline,242
33.5,H1_Glycyl-L-Proline,242
33.75,H1_Glycyl-L-Proline,249
34.0,H1_Glycyl-L-Proline,250
34.25,H1_Glycyl-L-Proline,246
34.5,H1_Glycyl-L-Proline,244
34.75,H1_Glycyl-L-Proline,252
35.0,H1_Glycyl-L-Proline,249
35.25,H1_Glycyl-L-Proline,255
35.5,H1_Glycyl-L-Proline,256
35.75,H1_Glycyl-L-Proline,258
36.0,H1_Glycyl-L-Proline,262
36.25,H1_Glycyl-L-Proline,252
36.5,H1_Glycyl-L-Proline,258
36.75,H1_Glycyl-L-Proline,259
37.0,H1_Glycyl-L-Proline,257
37.25,H1_Glycyl-L-Proline,257
37.5,H1_Glycyl-L-Proline,258
37.75,H1_Glycyl-L-Proline,264
38.0,H1_Glycyl-L-Proline,261
38.25,H1_Glycyl-L-Proline,265
38.5,H1_Glycyl-L-Proline,261
38.75,H1_Glycyl-L-Proline,263
39.0,H1_Glycyl-L-Proline,261
39.25,H1_Glycyl-L-Proline,262
39.5,H1_Glycyl-L-Proline,264
39.75,H1_Glycyl-L-Proline,263
40.0,H1_Glycyl-L-Proline,266
40.25,H1_Glycyl-L-Proline,265
40.5,H1_Glycyl-L-Proline,263
40.75,H1_Glycyl-L-Proline,266
41.0,H1_Glycyl-L-Proline,267
41.25,H1_Glycyl-L-Proline,262
41.5,H1_Glycyl-L-Proline,259
41.75,H1_Glycyl-L-Proline,263
42.0,H1_Glycyl-L-Proline,262
42.25,H1_Glycyl-L-Proline,263
42.5,H1_Glycyl-L-Proline,258
42.75,H1_Glycyl-L-Proline,264
43.0,H1_Glycyl-L-Proline,261
43.25,H1_Glycyl-L-Proline,259
43.5,H1_Glycyl-L-Proline,260
43.75,H1_Glycyl-L-Proline,258
44.0,H1_Glycyl-L-Proline,255
44.25,H1_Glycyl-L-Proline,258
44.5,H1_Glycyl-L-Proline,261
44.75,H1_Glycyl-L-Proline,260
45.0,H1_Glycyl-L-Proline,258
45.25,H1_Glycyl-L-Proline,257
45.5,H1_Glycyl-L-Proline,257
45.75,H1_Glycyl-L-Proline,257
46.0,H1_Glycyl-L-Proline,256
46.25,H1_Glycyl-L-Proline,256
46.5,H1_Glycyl-L-Proline,260
46.75,H1_Glycyl-L-Proline,256
47.0,H1_Glycyl-L-Proline,254
47.25,H1_Glycyl-L-Proline,258
47.5,H1_Glycyl-L-Proline,0
0.0,H2_p-Hydroxy_Phenyl_AceticAcid,39
0.25,H2_p-Hydroxy_Phenyl_AceticAcid,27
0.5,H2_p-Hydroxy_Phenyl_AceticAcid,24
0.75,H2_p-Hydroxy_Phenyl_AceticAcid,29
1.0,H2_p-Hydroxy_Phenyl_AceticAcid,25
1.25,H2_p-Hydroxy_Phenyl_AceticAcid,18
1.5,H2_p-Hydroxy_Phenyl_AceticAcid,18
1.75,H2_p-Hydroxy_Phenyl_AceticAcid,19
2.0,H2_p-Hydroxy_Phenyl_AceticAcid,16
2.25,H2_p-Hydroxy_Phenyl_AceticAcid,16
2.5,H2_p-Hydroxy_Phenyl_AceticAcid,16
2.75,H2_p-Hydroxy_Phenyl_AceticAcid,16
3.0,H2_p-Hydroxy_Phenyl_AceticAcid,20
3.25,H2_p-Hydroxy_Phenyl_AceticAcid,15
3.5,H2_p-Hydroxy_Phenyl_AceticAcid,14
3.75,H2_p-Hydroxy_Phenyl_AceticAcid,18
4.0,H2_p-Hydroxy_Phenyl_AceticAcid,14
4.25,H2_p-Hydroxy_Phenyl_AceticAcid,16
4.5,H2_p-Hydroxy_Phenyl_AceticAcid,19
4.75,H2_p-Hydroxy_Phenyl_AceticAcid,15
5.0,H2_p-Hydroxy_Phenyl_AceticAcid,16
5.25,H2_p-Hydroxy_Phenyl_AceticAcid,17
5.5,H2_p-Hydroxy_Phenyl_AceticAcid,16
5.75,H2_p-Hydroxy_Phenyl_AceticAcid,17
6.0,H2_p-Hydroxy_Phenyl_AceticAcid,20
6.25,H2_p-Hydroxy_Phenyl_AceticAcid,23
6.5,H2_p-Hydroxy_Phenyl_AceticAcid,25
6.75,H2_p-Hydroxy_Phenyl_AceticAcid,21
7.0,H2_p-Hydroxy_Phenyl_AceticAcid,24
7.25,H2_p-Hydroxy_Phenyl_AceticAcid,23
7.5,H2_p-Hydroxy_Phenyl_AceticAcid,22
7.75,H2_p-Hydroxy_Phenyl_AceticAcid,27
8.0,H2_p-Hydroxy_Phenyl_AceticAcid,27
8.25,H2_p-Hydroxy_Phenyl_AceticAcid,30
8.5,H2_p-Hydroxy_Phenyl_AceticAcid,26
8.75,H2_p-Hydroxy_Phenyl_AceticAcid,23
9.0,H2_p-Hydroxy_Phenyl_AceticAcid,31
9.25,H2_p-Hydroxy_Phenyl_AceticAcid,29
9.5,H2_p-Hydroxy_Phenyl_AceticAcid,33
9.75,H2_p-Hydroxy_Phenyl_AceticAcid,33
10.0,H2_p-Hydroxy_Phenyl_AceticAcid,30
10.25,H2_p-Hydroxy_Phenyl_AceticAcid,34
10.5,H2_p-Hydroxy_Phenyl_AceticAcid,31
10.75,H2_p-Hydroxy_Phenyl_AceticAcid,32
11.0,H2_p-Hydroxy_Phenyl_AceticAcid,34
11.25,H2_p-Hydroxy_Phenyl_AceticAcid,32
11.5,H2_p-Hydroxy_Phenyl_AceticAcid,33
11.75,H2_p-Hydroxy_Phenyl_AceticAcid,31
12.0,H2_p-Hydroxy_Phenyl_AceticAcid,30
12.25,H2_p-Hydroxy_Phenyl_AceticAcid,37
12.5,H2_p-Hydroxy_Phenyl_AceticAcid,31
12.75,H2_p-Hydroxy_Phenyl_AceticAcid,36
13.0,H2_p-Hydroxy_Phenyl_AceticAcid,32
13.25,H2_p-Hydroxy_Phenyl_AceticAcid,37
13.5,H2_p-Hydroxy_Phenyl_AceticAcid,35
13.75,H2_p-Hydroxy_Phenyl_AceticAcid,36
14.0,H2_p-Hydroxy_Phenyl_AceticAcid,31
14.25,H2_p-Hydroxy_Phenyl_AceticAcid,32
14.5,H2_p-Hydroxy_Phenyl_AceticAcid,34
14.75,H2_p-Hydroxy_Phenyl_AceticAcid,37
15.0,H2_p-Hydroxy_Phenyl_AceticAcid,33
15.25,H2_p-Hydroxy_Phenyl_AceticAcid,33
15.5,H2_p-Hydroxy_Phenyl_AceticAcid,35
15.75,H2_p-Hydroxy_Phenyl_AceticAcid,38
16.0,H2_p-Hydroxy_Phenyl_AceticAcid,36
16.25,H2_p-Hydroxy_Phenyl_AceticAcid,40
16.5,H2_p-Hydroxy_Phenyl_AceticAcid,37
16.75,H2_p-Hydroxy_Phenyl_AceticAcid,35
17.0,H2_p-Hydroxy_Phenyl_AceticAcid,33
17.25,H2_p-Hydroxy_Phenyl_AceticAcid,36
17.5,H2_p-Hydroxy_Phenyl_AceticAcid,35
17.75,H2_p-Hydroxy_Phenyl_AceticAcid,36
18.0,H2_p-Hydroxy_Phenyl_AceticAcid,35
18.25,H2_p-Hydroxy_Phenyl_AceticAcid,37
18.5,H2_p-Hydroxy_Phenyl_AceticAcid,36
18.75,H2_p-Hydroxy_Phenyl_AceticAcid,37
19.0,H2_p-Hydroxy_Phenyl_AceticAcid,40
19.25,H2_p-Hydroxy_Phenyl_AceticAcid,40
19.5,H2_p-Hydroxy_Phenyl_AceticAcid,39
19.75,H2_p-Hydroxy_Phenyl_AceticAcid,38
20.0,H2_p-Hydroxy_Phenyl_AceticAcid,38
20.25,H2_p-Hydroxy_Phenyl_AceticAcid,37
20.5,H2_p-Hydroxy_Phenyl_AceticAcid,38
20.75,H2_p-Hydroxy_Phenyl_AceticAcid,39
21.0,H2_p-Hydroxy_Phenyl_AceticAcid,37
21.25,H2_p-Hydroxy_Phenyl_AceticAcid,38
21.5,H2_p-Hydroxy_Phenyl_AceticAcid,32
21.75,H2_p-Hydroxy_Phenyl_AceticAcid,37
22.0,H2_p-Hydroxy_Phenyl_AceticAcid,36
22.25,H2_p-Hydroxy_Phenyl_AceticAcid,37
22.5,H2_p-Hydroxy_Phenyl_AceticAcid,36
22.75,H2_p-Hydroxy_Phenyl_AceticAcid,38
23.0,H2_p-Hydroxy_Phenyl_AceticAcid,33
23.25,H2_p-Hydroxy_Phenyl_AceticAcid,36
23.5,H2_p-Hydroxy_Phenyl_AceticAcid,36
23.75,H2_p-Hydroxy_Phenyl_AceticAcid,37
24.0,H2_p-Hydroxy_Phenyl_AceticAcid,40
24.25,H2_p-Hydroxy_Phenyl_AceticAcid,33
24.5,H2_p-Hydroxy_Phenyl_AceticAcid,32
24.75,H2_p-Hydroxy_Phenyl_AceticAcid,40
25.0,H2_p-Hydroxy_Phenyl_AceticAcid,36
25.25,H2_p-Hydroxy_Phenyl_AceticAcid,40
25.5,H2_p-Hydroxy_Phenyl_AceticAcid,37
25.75,H2_p-Hydroxy_Phenyl_AceticAcid,33
26.0,H2_p-Hydroxy_Phenyl_AceticAcid,33
26.25,H2_p-Hydroxy_Phenyl_AceticAcid,40
26.5,H2_p-Hydroxy_Phenyl_AceticAcid,33
26.75,H2_p-Hydroxy_Phenyl_AceticAcid,37
27.0,H2_p-Hydroxy_Phenyl_AceticAcid,37
27.25,H2_p-Hydroxy_Phenyl_AceticAcid,33
27.5,H2_p-Hydroxy_Phenyl_AceticAcid,42
27.75,H2_p-Hydroxy_Phenyl_AceticAcid,35
28.0,H2_p-Hydroxy_Phenyl_AceticAcid,36
28.25,H2_p-Hydroxy_Phenyl_AceticAcid,33
28.5,H2_p-Hydroxy_Phenyl_AceticAcid,31
28.75,H2_p-Hydroxy_Phenyl_AceticAcid,37
29.0,H2_p-Hydroxy_Phenyl_AceticAcid,35
29.25,H2_p-Hydroxy_Phenyl_AceticAcid,36
29.5,H2_p-Hydroxy_Phenyl_AceticAcid,37
29.75,H2_p-Hydroxy_Phenyl_AceticAcid,33
30.0,H2_p-Hydroxy_Phenyl_AceticAcid,36
30.25,H2_p-Hydroxy_Phenyl_AceticAcid,36
30.5,H2_p-Hydroxy_Phenyl_AceticAcid,39
30.75,H2_p-Hydroxy_Phenyl_AceticAcid,34
31.0,H2_p-Hydroxy_Phenyl_AceticAcid,38
31.25,H2_p-Hydroxy_Phenyl_AceticAcid,35
31.5,H2_p-Hydroxy_Phenyl_AceticAcid,34
31.75,H2_p-Hydroxy_Phenyl_AceticAcid,31
32.0,H2_p-Hydroxy_Phenyl_AceticAcid,38
32.25,H2_p-Hydroxy_Phenyl_AceticAcid,40
32.5,H2_p-Hydroxy_Phenyl_AceticAcid,37
32.75,H2_p-Hydroxy_Phenyl_AceticAcid,35
33.0,H2_p-Hydroxy_Phenyl_AceticAcid,35
33.25,H2_p-Hydroxy_Phenyl_AceticAcid,38
33.5,H2_p-Hydroxy_Phenyl_AceticAcid,38
33.75,H2_p-Hydroxy_Phenyl_AceticAcid,36
34.0,H2_p-Hydroxy_Phenyl_AceticAcid,33
34.25,H2_p-Hydroxy_Phenyl_AceticAcid,35
34.5,H2_p-Hydroxy_Phenyl_AceticAcid,34
34.75,H2_p-Hydroxy_Phenyl_AceticAcid,37
35.0,H2_p-Hydroxy_Phenyl_AceticAcid,36
35.25,H2_p-Hydroxy_Phenyl_AceticAcid,35
35.5,H2_p-Hydroxy_Phenyl_AceticAcid,39
35.75,H2_p-Hydroxy_Phenyl_AceticAcid,38
36.0,H2_p-Hydroxy_Phenyl_AceticAcid,35
36.25,H2_p-Hydroxy_Phenyl_AceticAcid,28
36.5,H2_p-Hydroxy_Phenyl_AceticAcid,32
36.75,H2_p-Hydroxy_Phenyl_AceticAcid,37
37.0,H2_p-Hydroxy_Phenyl_AceticAcid,34
37.25,H2_p-Hydroxy_Phenyl_AceticAcid,34
37.5,H2_p-Hydroxy_Phenyl_AceticAcid,33
37.75,H2_p-Hydroxy_Phenyl_AceticAcid,35
38.0,H2_p-Hydroxy_Phenyl_AceticAcid,36
38.25,H2_p-Hydroxy_Phenyl_AceticAcid,33
38.5,H2_p-Hydroxy_Phenyl_AceticAcid,32
38.75,H2_p-Hydroxy_Phenyl_AceticAcid,37
39.0,H2_p-Hydroxy_Phenyl_AceticAcid,33
39.25,H2_p-Hydroxy_Phenyl_AceticAcid,33
39.5,H2_p-Hydroxy_Phenyl_AceticAcid,39
39.75,H2_p-Hydroxy_Phenyl_AceticAcid,36
40.0,H2_p-Hydroxy_Phenyl_AceticAcid,31
40.25,H2_p-Hydroxy_Phenyl_AceticAcid,32
40.5,H2_p-Hydroxy_Phenyl_AceticAcid,32
40.75,H2_p-Hydroxy_Phenyl_AceticAcid,32
41.0,H2_p-Hydroxy_Phenyl_AceticAcid,35
41.25,H2_p-Hydroxy_Phenyl_AceticAcid,32
41.5,H2_p-Hydroxy_Phenyl_AceticAcid,28
41.75,H2_p-Hydroxy_Phenyl_AceticAcid,34
42.0,H2_p-Hydroxy_Phenyl_AceticAcid,31
42.25,H2_p-Hydroxy_Phenyl_AceticAcid,36
42.5,H2_p-Hydroxy_Phenyl_AceticAcid,34
42.75,H2_p-Hydroxy_Phenyl_AceticAcid,35
43.0,H2_p-Hydroxy_Phenyl_AceticAcid,35
43.25,H2_p-Hydroxy_Phenyl_AceticAcid,33
43.5,H2_p-Hydroxy_Phenyl_AceticAcid,36
43.75,H2_p-Hydroxy_Phenyl_AceticAcid,33
44.0,H2_p-Hydroxy_Phenyl_AceticAcid,32
44.25,H2_p-Hydroxy_Phenyl_AceticAcid,34
44.5,H2_p-Hydroxy_Phenyl_AceticAcid,35
44.75,H2_p-Hydroxy_Phenyl_AceticAcid,36
45.0,H2_p-Hydroxy_Phenyl_AceticAcid,34
45.25,H2_p-Hydroxy_Phenyl_AceticAcid,36
45.5,H2_p-Hydroxy_Phenyl_AceticAcid,37
45.75,H2_p-Hydroxy_Phenyl_AceticAcid,34
46.0,H2_p-Hydroxy_Phenyl_AceticAcid,34
46.25,H2_p-Hydroxy_Phenyl_AceticAcid,33
46.5,H2_p-Hydroxy_Phenyl_AceticAcid,33
46.75,H2_p-Hydroxy_Phenyl_AceticAcid,31
47.0,H2_p-Hydroxy_Phenyl_AceticAcid,31
47.25,H2_p-Hydroxy_Phenyl_AceticAcid,28
47.5,H2_p-Hydroxy_Phenyl_AceticAcid,0
0.0,H3_m-Hydroxy_Phenyl_AceticAcid,15
0.25,H3_m-Hydroxy_Phenyl_AceticAcid,11
0.5,H3_m-Hydroxy_Phenyl_AceticAcid,29
0.75,H3_m-Hydroxy_Phenyl_AceticAcid,16
1.0,H3_m-Hydroxy_Phenyl_AceticAcid,11
1.25,H3_m-Hydroxy_Phenyl_AceticAcid,15
1.5,H3_m-Hydroxy_Phenyl_AceticAcid,14
1.75,H3_m-Hydroxy_Phenyl_AceticAcid,13
2.0,H3_m-Hydroxy_Phenyl_AceticAcid,12
2.25,H3_m-Hydroxy_Phenyl_AceticAcid,15
2.5,H3_m-Hydroxy_Phenyl_AceticAcid,11
2.75,H3_m-Hydroxy_Phenyl_AceticAcid,12
3.0,H3_m-Hydroxy_Phenyl_AceticAcid,18
3.25,H3_m-Hydroxy_Phenyl_AceticAcid,11
3.5,H3_m-Hydroxy_Phenyl_AceticAcid,18
3.75,H3_m-Hydroxy_Phenyl_AceticAcid,19
4.0,H3_m-Hydroxy_Phenyl_AceticAcid,11
4.25,H3_m-Hydroxy_Phenyl_AceticAcid,14
4.5,H3_m-Hydroxy_Phenyl_AceticAcid,13
4.75,H3_m-Hydroxy_Phenyl_AceticAcid,15
5.0,H3_m-Hydroxy_Phenyl_AceticAcid,14
5.25,H3_m-Hydroxy_Phenyl_AceticAcid,16
5.5,H3_m-Hydroxy_Phenyl_AceticAcid,16
5.75,H3_m-Hydroxy_Phenyl_AceticAcid,11
6.0,H3_m-Hydroxy_Phenyl_AceticAcid,15
6.25,H3_m-Hydroxy_Phenyl_AceticAcid,15
6.5,H3_m-Hydroxy_Phenyl_AceticAcid,19
6.75,H3_m-Hydroxy_Phenyl_AceticAcid,18
7.0,H3_m-Hydroxy_Phenyl_AceticAcid,20
7.25,H3_m-Hydroxy_Phenyl_AceticAcid,16
7.5,H3_m-Hydroxy_Phenyl_AceticAcid,19
7.75,H3_m-Hydroxy_Phenyl_AceticAcid,20
8.0,H3_m-Hydroxy_Phenyl_AceticAcid,23
8.25,H3_m-Hydroxy_Phenyl_AceticAcid,22
8.5,H3_m-Hydroxy_Phenyl_AceticAcid,22
8.75,H3_m-Hydroxy_Phenyl_AceticAcid,24
9.0,H3_m-Hydroxy_Phenyl_AceticAcid,24
9.25,H3_m-Hydroxy_Phenyl_AceticAcid,24
9.5,H3_m-Hydroxy_Phenyl_AceticAcid,26
9.75,H3_m-Hydroxy_Phenyl_AceticAcid,27
10.0,H3_m-Hydroxy_Phenyl_AceticAcid,27
10.25,H3_m-Hydroxy_Phenyl_AceticAcid,27
10.5,H3_m-Hydroxy_Phenyl_AceticAcid,32
10.75,H3_m-Hydroxy_Phenyl_AceticAcid,27
11.0,H3_m-Hydroxy_Phenyl_AceticAcid,30
11.25,H3_m-Hydroxy_Phenyl_AceticAcid,33
11.5,H3_m-Hydroxy_Phenyl_AceticAcid,37
11.75,H3_m-Hydroxy_Phenyl_AceticAcid,41
12.0,H3_m-Hydroxy_Phenyl_AceticAcid,41
12.25,H3_m-Hydroxy_Phenyl_AceticAcid,40
12.5,H3_m-Hydroxy_Phenyl_AceticAcid,40
12.75,H3_m-Hydroxy_Phenyl_AceticAcid,43
13.0,H3_m-Hydroxy_Phenyl_AceticAcid,47
13.25,H3_m-Hydroxy_Phenyl_AceticAcid,46
13.5,H3_m-Hydroxy_Phenyl_AceticAcid,53
13.75,H3_m-Hydroxy_Phenyl_AceticAcid,55
14.0,H3_m-Hydroxy_Phenyl_AceticAcid,58
14.25,H3_m-Hydroxy_Phenyl_AceticAcid,61
14.5,H3_m-Hydroxy_Phenyl_AceticAcid,62
14.75,H3_m-Hydroxy_Phenyl_AceticAcid,66
15.0,H3_m-Hydroxy_Phenyl_AceticAcid,61
15.25,H3_m-Hydroxy_Phenyl_AceticAcid,70
15.5,H3_m-Hydroxy_Phenyl_AceticAcid,70
15.75,H3_m-Hydroxy_Phenyl_AceticAcid,71
16.0,H3_m-Hydroxy_Phenyl_AceticAcid,73
16.25,H3_m-Hydroxy_Phenyl_AceticAcid,74
16.5,H3_m-Hydroxy_Phenyl_AceticAcid,78
16.75,H3_m-Hydroxy_Phenyl_AceticAcid,79
17.0,H3_m-Hydroxy_Phenyl_AceticAcid,75
17.25,H3_m-Hydroxy_Phenyl_AceticAcid,83
17.5,H3_m-Hydroxy_Phenyl_AceticAcid,79
17.75,H3_m-Hydroxy_Phenyl_AceticAcid,82
18.0,H3_m-Hydroxy_Phenyl_AceticAcid,88
18.25,H3_m-Hydroxy_Phenyl_AceticAcid,87
18.5,H3_m-Hydroxy_Phenyl_AceticAcid,89
18.75,H3_m-Hydroxy_Phenyl_AceticAcid,89
19.0,H3_m-Hydroxy_Phenyl_AceticAcid,90
19.25,H3_m-Hydroxy_Phenyl_AceticAcid,95
19.5,H3_m-Hydroxy_Phenyl_AceticAcid,94
19.75,H3_m-Hydroxy_Phenyl_AceticAcid,94
20.0,H3_m-Hydroxy_Phenyl_AceticAcid,94
20.25,H3_m-Hydroxy_Phenyl_AceticAcid,95
20.5,H3_m-Hydroxy_Phenyl_AceticAcid,98
20.75,H3_m-Hydroxy_Phenyl_AceticAcid,102
21.0,H3_m-Hydroxy_Phenyl_AceticAcid,98
21.25,H3_m-Hydroxy_Phenyl_AceticAcid,98
21.5,H3_m-Hydroxy_Phenyl_AceticAcid,97
21.75,H3_m-Hydroxy_Phenyl_AceticAcid,96
22.0,H3_m-Hydroxy_Phenyl_AceticAcid,100
22.25,H3_m-Hydroxy_Phenyl_AceticAcid,102
22.5,H3_m-Hydroxy_Phenyl_AceticAcid,100
22.75,H3_m-Hydroxy_Phenyl_AceticAcid,103
23.0,H3_m-Hydroxy_Phenyl_AceticAcid,105
23.25,H3_m-Hydroxy_Phenyl_AceticAcid,105
23.5,H3_m-Hydroxy_Phenyl_AceticAcid,105
23.75,H3_m-Hydroxy_Phenyl_AceticAcid,106
24.0,H3_m-Hydroxy_Phenyl_AceticAcid,108
24.25,H3_m-Hydroxy_Phenyl_AceticAcid,107
24.5,H3_m-Hydroxy_Phenyl_AceticAcid,109
24.75,H3_m-Hydroxy_Phenyl_AceticAcid,111
25.0,H3_m-Hydroxy_Phenyl_AceticAcid,114
25.25,H3_m-Hydroxy_Phenyl_AceticAcid,114
25.5,H3_m-Hydroxy_Phenyl_AceticAcid,112
25.75,H3_m-Hydroxy_Phenyl_AceticAcid,115
26.0,H3_m-Hydroxy_Phenyl_AceticAcid,111
26.25,H3_m-Hydroxy_Phenyl_AceticAcid,115
26.5,H3_m-Hydroxy_Phenyl_AceticAcid,116
26.75,H3_m-Hydroxy_Phenyl_AceticAcid,112
27.0,H3_m-Hydroxy_Phenyl_AceticAcid,113
27.25,H3_m-Hydroxy_Phenyl_AceticAcid,117
27.5,H3_m-Hydroxy_Phenyl_AceticAcid,116
27.75,H3_m-Hydroxy_Phenyl_AceticAcid,119
28.0,H3_m-Hydroxy_Phenyl_AceticAcid,116
28.25,H3_m-Hydroxy_Phenyl_AceticAcid,112
28.5,H3_m-Hydroxy_Phenyl_AceticAcid,116
28.75,H3_m-Hydroxy_Phenyl_AceticAcid,117
29.0,H3_m-Hydroxy_Phenyl_AceticAcid,117
29.25,H3_m-Hydroxy_Phenyl_AceticAcid,121
29.5,H3_m-Hydroxy_Phenyl_AceticAcid,121
29.75,H3_m-Hydroxy_Phenyl_AceticAcid,116
30.0,H3_m-Hydroxy_Phenyl_AceticAcid,121
30.25,H3_m-Hydroxy_Phenyl_AceticAcid,119
30.5,H3_m-Hydroxy_Phenyl_AceticAcid,123
30.75,H3_m-Hydroxy_Phenyl_AceticAcid,121
31.0,H3_m-Hydroxy_Phenyl_AceticAcid,124
31.25,H3_m-Hydroxy_Phenyl_AceticAcid,123
31.5,H3_m-Hydroxy_Phenyl_AceticAcid,126
31.75,H3_m-Hydroxy_Phenyl_AceticAcid,125
32.0,H3_m-Hydroxy_Phenyl_AceticAcid,127
32.25,H3_m-Hydroxy_Phenyl_AceticAcid,127
32.5,H3_m-Hydroxy_Phenyl_AceticAcid,126
32.75,H3_m-Hydroxy_Phenyl_AceticAcid,128
33.0,H3_m-Hydroxy_Phenyl_AceticAcid,126
33.25,H3_m-Hydroxy_Phenyl_AceticAcid,130
33.5,H3_m-Hydroxy_Phenyl_AceticAcid,125
33.75,H3_m-Hydroxy_Phenyl_AceticAcid,134
34.0,H3_m-Hydroxy_Phenyl_AceticAcid,128
34.25,H3_m-Hydroxy_Phenyl_AceticAcid,129
34.5,H3_m-Hydroxy_Phenyl_AceticAcid,129
34.75,H3_m-Hydroxy_Phenyl_AceticAcid,131
35.0,H3_m-Hydroxy_Phenyl_AceticAcid,134
35.25,H3_m-Hydroxy_Phenyl_AceticAcid,131
35.5,H3_m-Hydroxy_Phenyl_AceticAcid,133
35.75,H3_m-Hydroxy_Phenyl_AceticAcid,134
36.0,H3_m-Hydroxy_Phenyl_AceticAcid,133
36.25,H3_m-Hydroxy_Phenyl_AceticAcid,131
36.5,H3_m-Hydroxy_Phenyl_AceticAcid,132
36.75,H3_m-Hydroxy_Phenyl_AceticAcid,136
37.0,H3_m-Hydroxy_Phenyl_AceticAcid,135
37.25,H3_m-Hydroxy_Phenyl_AceticAcid,131
37.5,H3_m-Hydroxy_Phenyl_AceticAcid,130
37.75,H3_m-Hydroxy_Phenyl_AceticAcid,135
38.0,H3_m-Hydroxy_Phenyl_AceticAcid,139
38.25,H3_m-Hydroxy_Phenyl_AceticAcid,134
38.5,H3_m-Hydroxy_Phenyl_AceticAcid,135
38.75,H3_m-Hydroxy_Phenyl_AceticAcid,131
39.0,H3_m-Hydroxy_Phenyl_AceticAcid,140
39.25,H3_m-Hydroxy_Phenyl_AceticAcid,140
39.5,H3_m-Hydroxy_Phenyl_AceticAcid,135
39.75,H3_m-Hydroxy_Phenyl_AceticAcid,139
40.0,H3_m-Hydroxy_Phenyl_AceticAcid,136
40.25,H3_m-Hydroxy_Phenyl_AceticAcid,135
40.5,H3_m-Hydroxy_Phenyl_AceticAcid,139
40.75,H3_m-Hydroxy_Phenyl_AceticAcid,138
41.0,H3_m-Hydroxy_Phenyl_AceticAcid,137
41.25,H3_m-Hydroxy_Phenyl_AceticAcid,139
41.5,H3_m-Hydroxy_Phenyl_AceticAcid,141
41.75,H3_m-Hydroxy_Phenyl_AceticAcid,138
42.0,H3_m-Hydroxy_Phenyl_AceticAcid,137
42.25,H3_m-Hydroxy_Phenyl_AceticAcid,141
42.5,H3_m-Hydroxy_Phenyl_AceticAcid,140
42.75,H3_m-Hydroxy_Phenyl_AceticAcid,138
43.0,H3_m-Hydroxy_Phenyl_AceticAcid,139
43.25,H3_m-Hydroxy_Phenyl_AceticAcid,139
43.5,H3_m-Hydroxy_Phenyl_AceticAcid,141
43.75,H3_m-Hydroxy_Phenyl_AceticAcid,142
44.0,H3_m-Hydroxy_Phenyl_AceticAcid,144
44.25,H3_m-Hydroxy_Phenyl_AceticAcid,138
44.5,H3_m-Hydroxy_Phenyl_AceticAcid,142
44.75,H3_m-Hydroxy_Phenyl_AceticAcid,142
45.0,H3_m-Hydroxy_Phenyl_AceticAcid,142
45.25,H3_m-Hydroxy_Phenyl_AceticAcid,141
45.5,H3_m-Hydroxy_Phenyl_AceticAcid,145
45.75,H3_m-Hydroxy_Phenyl_AceticAcid,143
46.0,H3_m-Hydroxy_Phenyl_AceticAcid,142
46.25,H3_m-Hydroxy_Phenyl_AceticAcid,143
46.5,H3_m-Hydroxy_Phenyl_AceticAcid,145
46.75,H3_m-Hydroxy_Phenyl_AceticAcid,147
47.0,H3_m-Hydroxy_Phenyl_AceticAcid,144
47.25,H3_m-Hydroxy_Phenyl_AceticAcid,144
47.5,H3_m-Hydroxy_Phenyl_AceticAcid,0
0.0,H4_Tyramine,23
0.25,H4_Tyramine,14
0.5,H4_Tyramine,15
0.75,H4_Tyramine,17
1.0,H4_Tyramine,19
1.25,H4_Tyramine,14
1.5,H4_Tyramine,19
1.75,H4_Tyramine,18
2.0,H4_Tyramine,17
2.25,H4_Tyramine,17
2.5,H4_Tyramine,16
2.75,H4_Tyramine,16
3.0,H4_Tyramine,17
3.25,H4_Tyramine,15
3.5,H4_Tyramine,17
3.75,H4_Tyramine,16
4.0,H4_Tyramine,15
4.25,H4_Tyramine,19
4.5,H4_Tyramine,18
4.75,H4_Tyramine,22
5.0,H4_Tyramine,16
5.25,H4_Tyramine,19
5.5,H4_Tyramine,15
5.75,H4_Tyramine,22
6.0,H4_Tyramine,18
6.25,H4_Tyramine,19
6.5,H4_Tyramine,15
6.75,H4_Tyramine,22
7.0,H4_Tyramine,23
7.25,H4_Tyramine,20
7.5,H4_Tyramine,21
7.75,H4_Tyramine,22
8.0,H4_Tyramine,23
8.25,H4_Tyramine,24
8.5,H4_Tyramine,22
8.75,H4_Tyramine,24
9.0,H4_Tyramine,29
9.25,H4_Tyramine,27
9.5,H4_Tyramine,26
9.75,H4_Tyramine,29
10.0,H4_Tyramine,28
10.25,H4_Tyramine,25
10.5,H4_Tyramine,27
10.75,H4_Tyramine,27
11.0,H4_Tyramine,29
11.25,H4_Tyramine,30
11.5,H4_Tyramine,30
11.75,H4_Tyramine,30
12.0,H4_Tyramine,32
12.25,H4_Tyramine,30
12.5,H4_Tyramine,31
12.75,H4_Tyramine,31
13.0,H4_Tyramine,29
13.25,H4_Tyramine,32
13.5,H4_Tyramine,30
13.75,H4_Tyramine,30
14.0,H4_Tyramine,29
14.25,H4_Tyramine,30
14.5,H4_Tyramine,31
14.75,H4_Tyramine,35
15.0,H4_Tyramine,32
15.25,H4_Tyramine,35
15.5,H4_Tyramine,32
15.75,H4_Tyramine,32
16.0,H4_Tyramine,37
16.25,H4_Tyramine,30
16.5,H4_Tyramine,33
16.75,H4_Tyramine,32
17.0,H4_Tyramine,27
17.25,H4_Tyramine,35
17.5,H4_Tyramine,32
17.75,H4_Tyramine,31
18.0,H4_Tyramine,33
18.25,H4_Tyramine,32
18.5,H4_Tyramine,36
18.75,H4_Tyramine,34
19.0,H4_Tyramine,29
19.25,H4_Tyramine,34
19.5,H4_Tyramine,33
19.75,H4_Tyramine,37
20.0,H4_Tyramine,33
20.25,H4_Tyramine,32
20.5,H4_Tyramine,32
20.75,H4_Tyramine,36
21.0,H4_Tyramine,36
21.25,H4_Tyramine,29
21.5,H4_Tyramine,31
21.75,H4_Tyramine,30
22.0,H4_Tyramine,35
22.25,H4_Tyramine,31
22.5,H4_Tyramine,32
22.75,H4_Tyramine,33
23.0,H4_Tyramine,33
23.25,H4_Tyramine,34
23.5,H4_Tyramine,34
23.75,H4_Tyramine,35
24.0,H4_Tyramine,38
24.25,H4_Tyramine,35
24.5,H4_Tyramine,34
24.75,H4_Tyramine,32
25.0,H4_Tyramine,33
25.25,H4_Tyramine,34
25.5,H4_Tyramine,30
25.75,H4_Tyramine,34
26.0,H4_Tyramine,33
26.25,H4_Tyramine,35
26.5,H4_Tyramine,36
26.75,H4_Tyramine,31
27.0,H4_Tyramine,36
27.25,H4_Tyramine,33
27.5,H4_Tyramine,34
27.75,H4_Tyramine,36
28.0,H4_Tyramine,33
28.25,H4_Tyramine,35
28.5,H4_Tyramine,31
28.75,H4_Tyramine,33
29.0,H4_Tyramine,33
29.25,H4_Tyramine,34
29.5,H4_Tyramine,35
29.75,H4_Tyramine,36
30.0,H4_Tyramine,33
30.25,H4_Tyramine,33
30.5,H4_Tyramine,29
30.75,H4_Tyramine,34
31.0,H4_Tyramine,34
31.25,H4_Tyramine,36
31.5,H4_Tyramine,34
31.75,H4_Tyramine,34
32.0,H4_Tyramine,39
32.25,H4_Tyramine,36
32.5,H4_Tyramine,41
32.75,H4_Tyramine,36
33.0,H4_Tyramine,36
33.25,H4_Tyramine,34
33.5,H4_Tyramine,33
33.75,H4_Tyramine,35
34.0,H4_Tyramine,33
34.25,H4_Tyramine,33
34.5,H4_Tyramine,35
34.75,H4_Tyramine,35
35.0,H4_Tyramine,35
35.25,H4_Tyramine,36
35.5,H4_Tyramine,37
35.75,H4_Tyramine,38
36.0,H4_Tyramine,36
36.25,H4_Tyramine,36
36.5,H4_Tyramine,35
36.75,H4_Tyramine,36
37.0,H4_Tyramine,35
37.25,H4_Tyramine,39
37.5,H4_Tyramine,36
37.75,H4_Tyramine,37
38.0,H4_Tyramine,40
38.25,H4_Tyramine,35
38.5,H4_Tyramine,34
38.75,H4_Tyramine,35
39.0,H4_Tyramine,37
39.25,H4_Tyramine,37
39.5,H4_Tyramine,30
39.75,H4_Tyramine,33
40.0,H4_Tyramine,36
40.25,H4_Tyramine,33
40.5,H4_Tyramine,36
40.75,H4_Tyramine,32
41.0,H4_Tyramine,35
41.25,H4_Tyramine,36
41.5,H4_Tyramine,34
41.75,H4_Tyramine,35
42.0,H4_Tyramine,34
42.25,H4_Tyramine,34
42.5,H4_Tyramine,32
42.75,H4_Tyramine,37
43.0,H4_Tyramine,38
43.25,H4_Tyramine,35
43.5,H4_Tyramine,32
43.75,H4_Tyramine,36
44.0,H4_Tyramine,38
44.25,H4_Tyramine,31
44.5,H4_Tyramine,34
44.75,H4_Tyramine,36
45.0,H4_Tyramine,33
45.25,H4_Tyramine,35
45.5,H4_Tyramine,33
45.75,H4_Tyramine,30
46.0,H4_Tyramine,35
46.25,H4_Tyramine,36
46.5,H4_Tyramine,37
46.75,H4_Tyramine,37
47.0,H4_Tyramine,35
47.25,H4_Tyramine,37
47.5,H4_Tyramine,0
0.0,H5_D-Psicose,29
0.25,H5_D-Psicose,15
0.5,H5_D-Psicose,20
0.75,H5_D-Psicose,24
1.0,H5_D-Psicose,24
1.25,H5_D-Psicose,14
1.5,H5_D-Psicose,17
1.75,H5_D-Psicose,17
2.0,H5_D-Psicose,17
2.25,H5_D-Psicose,16
2.5,H5_D-Psicose,16
2.75,H5_D-Psicose,16
3.0,H5_D-Psicose,18
3.25,H5_D-Psicose,18
3.5,H5_D-Psicose,18
3.75,H5_D-Psicose,16
4.0,H5_D-Psicose,16
4.25,H5_D-Psicose,18
4.5,H5_D-Psicose,15
4.75,H5_D-Psicose,16
5.0,H5_D-Psicose,19
5.25,H5_D-Psicose,15
5.5,H5_D-Psicose,19
5.75,H5_D-Psicose,19
6.0,H5_D-Psicose,21
6.25,H5_D-Psicose,20
6.5,H5_D-Psicose,17
6.75,H5_D-Psicose,18
7.0,H5_D-Psicose,20
7.25,H5_D-Psicose,19
7.5,H5_D-Psicose,17
7.75,H5_D-Psicose,22
8.0,H5_D-Psicose,22
8.25,H5_D-Psicose,23
8.5,H5_D-Psicose,22
8.75,H5_D-Psicose,24
9.0,H5_D-Psicose,21
9.25,H5_D-Psicose,23
9.5,H5_D-Psicose,22
9.75,H5_D-Psicose,27
10.0,H5_D-Psicose,30
10.25,H5_D-Psicose,31
10.5,H5_D-Psicose,30
10.75,H5_D-Psicose,34
11.0,H5_D-Psicose,37
11.25,H5_D-Psicose,40
11.5,H5_D-Psicose,40
11.75,H5_D-Psicose,38
12.0,H5_D-Psicose,44
12.25,H5_D-Psicose,48
12.5,H5_D-Psicose,47
12.75,H5_D-Psicose,48
13.0,H5_D-Psicose,44
13.25,H5_D-Psicose,53
13.5,H5_D-Psicose,53
13.75,H5_D-Psicose,53
14.0,H5_D-Psicose,52
14.25,H5_D-Psicose,52
14.5,H5_D-Psicose,50
14.75,H5_D-Psicose,52
15.0,H5_D-Psicose,56
15.25,H5_D-Psicose,55
15.5,H5_D-Psicose,52
15.75,H5_D-Psicose,52
16.0,H5_D-Psicose,62
16.25,H5_D-Psicose,54
16.5,H5_D-Psicose,58
16.75,H5_D-Psicose,56
17.0,H5_D-Psicose,55
17.25,H5_D-Psicose,57
17.5,H5_D-Psicose,55
17.75,H5_D-Psicose,59
18.0,H5_D-Psicose,61
18.25,H5_D-Psicose,57
18.5,H5_D-Psicose,60
18.75,H5_D-Psicose,62
19.0,H5_D-Psicose,59
19.25,H5_D-Psicose,60
19.5,H5_D-Psicose,59
19.75,H5_D-Psicose,60
20.0,H5_D-Psicose,57
20.25,H5_D-Psicose,61
20.5,H5_D-Psicose,62
20.75,H5_D-Psicose,62
21.0,H5_D-Psicose,59
21.25,H5_D-Psicose,63
21.5,H5_D-Psicose,60
21.75,H5_D-Psicose,55
22.0,H5_D-Psicose,59
22.25,H5_D-Psicose,63
22.5,H5_D-Psicose,60
22.75,H5_D-Psicose,61
23.0,H5_D-Psicose,58
23.25,H5_D-Psicose,59
23.5,H5_D-Psicose,62
23.75,H5_D-Psicose,62
24.0,H5_D-Psicose,63
24.25,H5_D-Psicose,64
24.5,H5_D-Psicose,57
24.75,H5_D-Psicose,61
25.0,H5_D-Psicose,60
25.25,H5_D-Psicose,61
25.5,H5_D-Psicose,59
25.75,H5_D-Psicose,65
26.0,H5_D-Psicose,59
26.25,H5_D-Psicose,67
26.5,H5_D-Psicose,64
26.75,H5_D-Psicose,59
27.0,H5_D-Psicose,61
27.25,H5_D-Psicose,57
27.5,H5_D-Psicose,59
27.75,H5_D-Psicose,61
28.0,H5_D-Psicose,61
28.25,H5_D-Psicose,63
28.5,H5_D-Psicose,58
28.75,H5_D-Psicose,63
29.0,H5_D-Psicose,57
29.25,H5_D-Psicose,61
29.5,H5_D-Psicose,60
29.75,H5_D-Psicose,62
30.0,H5_D-Psicose,63
30.25,H5_D-Psicose,63
30.5,H5_D-Psicose,64
30.75,H5_D-Psicose,55
31.0,H5_D-Psicose,62
31.25,H5_D-Psicose,57
31.5,H5_D-Psicose,59
31.75,H5_D-Psicose,56
32.0,H5_D-Psicose,64
32.25,H5_D-Psicose,58
32.5,H5_D-Psicose,60
32.75,H5_D-Psicose,64
33.0,H5_D-Psicose,63
33.25,H5_D-Psicose,57
33.5,H5_D-Psicose,53
33.75,H5_D-Psicose,59
34.0,H5_D-Psicose,56
34.25,H5_D-Psicose,60
34.5,H5_D-Psicose,54
34.75,H5_D-Psicose,59
35.0,H5_D-Psicose,54
35.25,H5_D-Psicose,58
35.5,H5_D-Psicose,58
35.75,H5_D-Psicose,65
36.0,H5_D-Psicose,60
36.25,H5_D-Psicose,54
36.5,H5_D-Psicose,56
36.75,H5_D-Psicose,58
37.0,H5_D-Psicose,56
37.25,H5_D-Psicose,54
37.5,H5_D-Psicose,53
37.75,H5_D-Psicose,64
38.0,H5_D-Psicose,56
38.25,H5_D-Psicose,56
38.5,H5_D-Psicose,61
38.75,H5_D-Psicose,55
39.0,H5_D-Psicose,53
39.25,H5_D-Psicose,57
39.5,H5_D-Psicose,58
39.75,H5_D-Psicose,53
40.0,H5_D-Psicose,59
40.25,H5_D-Psicose,59
40.5,H5_D-Psicose,54
40.75,H5_D-Psicose,59
41.0,H5_D-Psicose,61
41.25,H5_D-Psicose,64
41.5,H5_D-Psicose,54
41.75,H5_D-Psicose,54
42.0,H5_D-Psicose,56
42.25,H5_D-Psicose,58
42.5,H5_D-Psicose,54
42.75,H5_D-Psicose,56
43.0,H5_D-Psicose,54
43.25,H5_D-Psicose,57
43.5,H5_D-Psicose,54
43.75,H5_D-Psicose,58
44.0,H5_D-Psicose,55
44.25,H5_D-Psicose,56
44.5,H5_D-Psicose,57
44.75,H5_D-Psicose,60
45.0,H5_D-Psicose,54
45.25,H5_D-Psicose,56
45.5,H5_D-Psicose,55
45.75,H5_D-Psicose,58
46.0,H5_D-Psicose,52
46.25,H5_D-Psicose,56
46.5,H5_D-Psicose,56
46.75,H5_D-Psicose,55
47.0,H5_D-Psicose,54
47.25,H5_D-Psicose,52
47.5,H5_D-Psicose,0
0.0,H6_L-Lyxose,100
0.25,H6_L-Lyxose,103
0.5,H6_L-Lyxose,105
0.75,H6_L-Lyxose,112
1.0,H6_L-Lyxose,112
1.25,H6_L-Lyxose,117
1.5,H6_L-Lyxose,115
1.75,H6_L-Lyxose,117
2.0,H6_L-Lyxose,116
2.25,H6_L-Lyxose,118
2.5,H6_L-Lyxose,123
2.75,H6_L-Lyxose,121
3.0,H6_L-Lyxose,123
3.25,H6_L-Lyxose,120
3.5,H6_L-Lyxose,123
3.75,H6_L-Lyxose,124
4.0,H6_L-Lyxose,124
4.25,H6_L-Lyxose,128
4.5,H6_L-Lyxose,129
4.75,H6_L-Lyxose,124
5.0,H6_L-Lyxose,124
5.25,H6_L-Lyxose,130
5.5,H6_L-Lyxose,127
5.75,H6_L-Lyxose,130
6.0,H6_L-Lyxose,129
6.25,H6_L-Lyxose,131
6.5,H6_L-Lyxose,132
6.75,H6_L-Lyxose,130
7.0,H6_L-Lyxose,134
7.25,H6_L-Lyxose,131
7.5,H6_L-Lyxose,137
7.75,H6_L-Lyxose,132
8.0,H6_L-Lyxose,135
8.25,H6_L-Lyxose,135
8.5,H6_L-Lyxose,137
8.75,H6_L-Lyxose,137
9.0,H6_L-Lyxose,139
9.25,H6_L-Lyxose,135
9.5,H6_L-Lyxose,134
9.75,H6_L-Lyxose,138
10.0,H6_L-Lyxose,140
10.25,H6_L-Lyxose,138
10.5,H6_L-Lyxose,138
10.75,H6_L-Lyxose,139
11.0,H6_L-Lyxose,140
11.25,H6_L-Lyxose,141
11.5,H6_L-Lyxose,139
11.75,H6_L-Lyxose,139
12.0,H6_L-Lyxose,139
12.25,H6_L-Lyxose,145
12.5,H6_L-Lyxose,141
12.75,H6_L-Lyxose,140
13.0,H6_L-Lyxose,141
13.25,H6_L-Lyxose,147
13.5,H6_L-Lyxose,145
13.75,H6_L-Lyxose,143
14.0,H6_L-Lyxose,143
14.25,H6_L-Lyxose,144
14.5,H6_L-Lyxose,141
14.75,H6_L-Lyxose,147
15.0,H6_L-Lyxose,146
15.25,H6_L-Lyxose,146
15.5,H6_L-Lyxose,143
15.75,H6_L-Lyxose,145
16.0,H6_L-Lyxose,147
16.25,H6_L-Lyxose,151
16.5,H6_L-Lyxose,146
16.75,H6_L-Lyxose,148
17.0,H6_L-Lyxose,148
17.25,H6_L-Lyxose,147
17.5,H6_L-Lyxose,145
17.75,H6_L-Lyxose,150
18.0,H6_L-Lyxose,151
18.25,H6_L-Lyxose,149
18.5,H6_L-Lyxose,149
18.75,H6_L-Lyxose,148
19.0,H6_L-Lyxose,152
19.25,H6_L-Lyxose,150
19.5,H6_L-Lyxose,151
19.75,H6_L-Lyxose,150
20.0,H6_L-Lyxose,150
20.25,H6_L-Lyxose,152
20.5,H6_L-Lyxose,152
20.75,H6_L-Lyxose,151
21.0,H6_L-Lyxose,154
21.25,H6_L-Lyxose,153
21.5,H6_L-Lyxose,152
21.75,H6_L-Lyxose,154
22.0,H6_L-Lyxose,149
22.25,H6_L-Lyxose,152
22.5,H6_L-Lyxose,152
22.75,H6_L-Lyxose,153
23.0,H6_L-Lyxose,151
23.25,H6_L-Lyxose,153
23.5,H6_L-Lyxose,154
23.75,H6_L-Lyxose,156
24.0,H6_L-Lyxose,154
24.25,H6_L-Lyxose,158
24.5,H6_L-Lyxose,154
24.75,H6_L-Lyxose,156
25.0,H6_L-Lyxose,156
25.25,H6_L-Lyxose,153
25.5,H6_L-Lyxose,155
25.75,H6_L-Lyxose,155
26.0,H6_L-Lyxose,154
26.25,H6_L-Lyxose,157
26.5,H6_L-Lyxose,157
26.75,H6_L-Lyxose,155
27.0,H6_L-Lyxose,156
27.25,H6_L-Lyxose,159
27.5,H6_L-Lyxose,157
27.75,H6_L-Lyxose,157
28.0,H6_L-Lyxose,163
28.25,H6_L-Lyxose,158
28.5,H6_L-Lyxose,158
28.75,H6_L-Lyxose,158
29.0,H6_L-Lyxose,158
29.25,H6_L-Lyxose,160
29.5,H6_L-Lyxose,157
29.75,H6_L-Lyxose,160
30.0,H6_L-Lyxose,160
30.25,H6_L-Lyxose,159
30.5,H6_L-Lyxose,161
30.75,H6_L-Lyxose,159
31.0,H6_L-Lyxose,157
31.25,H6_L-Lyxose,161
31.5,H6_L-Lyxose,161
31.75,H6_L-Lyxose,159
32.0,H6_L-Lyxose,158
32.25,H6_L-Lyxose,157
32.5,H6_L-Lyxose,162
32.75,H6_L-Lyxose,160
33.0,H6_L-Lyxose,160
33.25,H6_L-Lyxose,160
33.5,H6_L-Lyxose,160
33.75,H6_L-Lyxose,161
34.0,H6_L-Lyxose,161
34.25,H6_L-Lyxose,157
34.5,H6_L-Lyxose,161
34.75,H6_L-Lyxose,162
35.0,H6_L-Lyxose,164
35.25,H6_L-Lyxose,162
35.5,H6_L-Lyxose,162
35.75,H6_L-Lyxose,164
36.0,H6_L-Lyxose,163
36.25,H6_L-Lyxose,162
36.5,H6_L-Lyxose,163
36.75,H6_L-Lyxose,162
37.0,H6_L-Lyxose,164
37.25,H6_L-Lyxose,159
37.5,H6_L-Lyxose,157
37.75,H6_L-Lyxose,168
38.0,H6_L-Lyxose,167
38.25,H6_L-Lyxose,166
38.5,H6_L-Lyxose,161
38.75,H6_L-Lyxose,164
39.0,H6_L-Lyxose,163
39.25,H6_L-Lyxose,162
39.5,H6_L-Lyxose,165
39.75,H6_L-Lyxose,164
40.0,H6_L-Lyxose,163
40.25,H6_L-Lyxose,165
40.5,H6_L-Lyxose,162
40.75,H6_L-Lyxose,168
41.0,H6_L-Lyxose,167
41.25,H6_L-Lyxose,161
41.5,H6_L-Lyxose,166
41.75,H6_L-Lyxose,167
42.0,H6_L-Lyxose,159
42.25,H6_L-Lyxose,166
42.5,H6_L-Lyxose,164
42.75,H6_L-Lyxose,165
43.0,H6_L-Lyxose,169
43.25,H6_L-Lyxose,163
43.5,H6_L-Lyxose,164
43.75,H6_L-Lyxose,166
44.0,H6_L-Lyxose,164
44.25,H6_L-Lyxose,164
44.5,H6_L-Lyxose,164
44.75,H6_L-Lyxose,170
45.0,H6_L-Lyxose,162
45.25,H6_L-Lyxose,164
45.5,H6_L-Lyxose,169
45.75,H6_L-Lyxose,165
46.0,H6_L-Lyxose,170
46.25,H6_L-Lyxose,167
46.5,H6_L-Lyxose,166
46.75,H6_L-Lyxose,167
47.0,H6_L-Lyxose,165
47.25,H6_L-Lyxose,166
47.5,H6_L-Lyxose,0
0.0,H7_Glucuronamide,34
0.25,H7_Glucuronamide,11
0.5,H7_Glucuronamide,13
0.75,H7_Glucuronamide,20
1.0,H7_Glucuronamide,16
1.25,H7_Glucuronamide,13
1.5,H7_Glucuronamide,16
1.75,H7_Glucuronamide,19
2.0,H7_Glucuronamide,18
2.25,H7_Glucuronamide,16
2.5,H7_Glucuronamide,15
2.75,H7_Glucuronamide,19
3.0,H7_Glucuronamide,16
3.25,H7_Glucuronamide,15
3.5,H7_Glucuronamide,16
3.75,H7_Glucuronamide,13
4.0,H7_Glucuronamide,15
4.25,H7_Glucuronamide,22
4.5,H7_Glucuronamide,20
4.75,H7_Glucuronamide,18
5.0,H7_Glucuronamide,18
5.25,H7_Glucuronamide,19
5.5,H7_Glucuronamide,21
5.75,H7_Glucuronamide,21
6.0,H7_Glucuronamide,20
6.25,H7_Glucuronamide,19
6.5,H7_Glucuronamide,17
6.75,H7_Glucuronamide,22
7.0,H7_Glucuronamide,18
7.25,H7_Glucuronamide,21
7.5,H7_Glucuronamide,23
7.75,H7_Glucuronamide,25
8.0,H7_Glucuronamide,25
8.25,H7_Glucuronamide,27
8.5,H7_Glucuronamide,28
8.75,H7_Glucuronamide,28
9.0,H7_Glucuronamide,27
9.25,H7_Glucuronamide,27
9.5,H7_Glucuronamide,31
9.75,H7_Glucuronamide,28
10.0,H7_Glucuronamide,32
10.25,H7_Glucuronamide,33
10.5,H7_Glucuronamide,30
10.75,H7_Glucuronamide,28
11.0,H7_Glucuronamide,29
11.25,H7_Glucuronamide,28
11.5,H7_Glucuronamide,31
11.75,H7_Glucuronamide,31
12.0,H7_Glucuronamide,30
12.25,H7_Glucuronamide,34
12.5,H7_Glucuronamide,33
12.75,H7_Glucuronamide,31
13.0,H7_Glucuronamide,32
13.25,H7_Glucuronamide,33
13.5,H7_Glucuronamide,36
13.75,H7_Glucuronamide,35
14.0,H7_Glucuronamide,30
14.25,H7_Glucuronamide,36
14.5,H7_Glucuronamide,35
14.75,H7_Glucuronamide,36
15.0,H7_Glucuronamide,37
15.25,H7_Glucuronamide,40
15.5,H7_Glucuronamide,36
15.75,H7_Glucuronamide,36
16.0,H7_Glucuronamide,38
16.25,H7_Glucuronamide,39
16.5,H7_Glucuronamide,37
16.75,H7_Glucuronamide,32
17.0,H7_Glucuronamide,35
17.25,H7_Glucuronamide,39
17.5,H7_Glucuronamide,35
17.75,H7_Glucuronamide,38
18.0,H7_Glucuronamide,40
18.25,H7_Glucuronamide,39
18.5,H7_Glucuronamide,40
18.75,H7_Glucuronamide,40
19.0,H7_Glucuronamide,39
19.25,H7_Glucuronamide,41
19.5,H7_Glucuronamide,40
19.75,H7_Glucuronamide,44
20.0,H7_Glucuronamide,39
20.25,H7_Glucuronamide,38
20.5,H7_Glucuronamide,39
20.75,H7_Glucuronamide,40
21.0,H7_Glucuronamide,39
21.25,H7_Glucuronamide,39
21.5,H7_Glucuronamide,38
21.75,H7_Glucuronamide,39
22.0,H7_Glucuronamide,44
22.25,H7_Glucuronamide,41
22.5,H7_Glucuronamide,43
22.75,H7_Glucuronamide,39
23.0,H7_Glucuronamide,45
23.25,H7_Glucuronamide,40
23.5,H7_Glucuronamide,40
23.75,H7_Glucuronamide,44
24.0,H7_Glucuronamide,43
24.25,H7_Glucuronamide,46
24.5,H7_Glucuronamide,42
24.75,H7_Glucuronamide,40
25.0,H7_Glucuronamide,46
25.25,H7_Glucuronamide,42
25.5,H7_Glucuronamide,42
25.75,H7_Glucuronamide,47
26.0,H7_Glucuronamide,38
26.25,H7_Glucuronamide,45
26.5,H7_Glucuronamide,45
26.75,H7_Glucuronamide,40
27.0,H7_Glucuronamide,44
27.25,H7_Glucuronamide,44
27.5,H7_Glucuronamide,43
27.75,H7_Glucuronamide,42
28.0,H7_Glucuronamide,43
28.25,H7_Glucuronamide,41
28.5,H7_Glucuronamide,43
28.75,H7_Glucuronamide,44
29.0,H7_Glucuronamide,41
29.25,H7_Glucuronamide,45
29.5,H7_Glucuronamide,46
29.75,H7_Glucuronamide,46
30.0,H7_Glucuronamide,42
30.25,H7_Glucuronamide,46
30.5,H7_Glucuronamide,44
30.75,H7_Glucuronamide,42
31.0,H7_Glucuronamide,44
31.25,H7_Glucuronamide,44
31.5,H7_Glucuronamide,48
31.75,H7_Glucuronamide,44
32.0,H7_Glucuronamide,46
32.25,H7_Glucuronamide,45
32.5,H7_Glucuronamide,45
32.75,H7_Glucuronamide,41
33.0,H7_Glucuronamide,42
33.25,H7_Glucuronamide,44
33.5,H7_Glucuronamide,45
33.75,H7_Glucuronamide,48
34.0,H7_Glucuronamide,45
34.25,H7_Glucuronamide,44
34.5,H7_Glucuronamide,41
34.75,H7_Glucuronamide,46
35.0,H7_Glucuronamide,45
35.25,H7_Glucuronamide,46
35.5,H7_Glucuronamide,47
35.75,H7_Glucuronamide,48
36.0,H7_Glucuronamide,47
36.25,H7_Glucuronamide,42
36.5,H7_Glucuronamide,45
36.75,H7_Glucuronamide,47
37.0,H7_Glucuronamide,41
37.25,H7_Glucuronamide,40
37.5,H7_Glucuronamide,42
37.75,H7_Glucuronamide,43
38.0,H7_Glucuronamide,42
38.25,H7_Glucuronamide,47
38.5,H7_Glucuronamide,41
38.75,H7_Glucuronamide,45
39.0,H7_Glucuronamide,43
39.25,H7_Glucuronamide,44
39.5,H7_Glucuronamide,44
39.75,H7_Glucuronamide,46
40.0,H7_Glucuronamide,44
40.25,H7_Glucuronamide,44
40.5,H7_Glucuronamide,45
40.75,H7_Glucuronamide,47
41.0,H7_Glucuronamide,50
41.25,H7_Glucuronamide,43
41.5,H7_Glucuronamide,48
41.75,H7_Glucuronamide,46
42.0,H7_Glucuronamide,43
42.25,H7_Glucuronamide,45
42.5,H7_Glucuronamide,40
42.75,H7_Glucuronamide,46
43.0,H7_Glucuronamide,49
43.25,H7_Glucuronamide,44
43.5,H7_Glucuronamide,45
43.75,H7_Glucuronamide,47
44.0,H7_Glucuronamide,44
44.25,H7_Glucuronamide,43
44.5,H7_Glucuronamide,48
44.75,H7_Glucuronamide,47
45.0,H7_Glucuronamide,44
45.25,H7_Glucuronamide,44
45.5,H7_Glucuronamide,44
45.75,H7_Glucuronamide,42
46.0,H7_Glucuronamide,46
46.25,H7_Glucuronamide,50
46.5,H7_Glucuronamide,44
46.75,H7_Glucuronamide,44
47.0,H7_Glucuronamide,45
47.25,H7_Glucuronamide,43
47.5,H7_Glucuronamide,0
0.0,H8_Pyruvic_Acid,13
0.25,H8_Pyruvic_Acid,11
0.5,H8_Pyruvic_Acid,18
0.75,H8_Pyruvic_Acid,13
1.0,H8_Pyruvic_Acid,17
1.25,H8_Pyruvic_Acid,15
1.5,H8_Pyruvic_Acid,15
1.75,H8_Pyruvic_Acid,17
2.0,H8_Pyruvic_Acid,16
2.25,H8_Pyruvic_Acid,16
2.5,H8_Pyruvic_Acid,17
2.75,H8_Pyruvic_Acid,16
3.0,H8_Pyruvic_Acid,12
3.25,H8_Pyruvic_Acid,15
3.5,H8_Pyruvic_Acid,13
3.75,H8_Pyruvic_Acid,15
4.0,H8_Pyruvic_Acid,17
4.25,H8_Pyruvic_Acid,17
4.5,H8_Pyruvic_Acid,20
4.75,H8_Pyruvic_Acid,18
5.0,H8_Pyruvic_Acid,18
5.25,H8_Pyruvic_Acid,21
5.5,H8_Pyruvic_Acid,19
5.75,H8_Pyruvic_Acid,22
6.0,H8_Pyruvic_Acid,17
6.25,H8_Pyruvic_Acid,18
6.5,H8_Pyruvic_Acid,21
6.75,H8_Pyruvic_Acid,24
7.0,H8_Pyruvic_Acid,24
7.25,H8_Pyruvic_Acid,25
7.5,H8_Pyruvic_Acid,26
7.75,H8_Pyruvic_Acid,31
8.0,H8_Pyruvic_Acid,32
8.25,H8_Pyruvic_Acid,32
8.5,H8_Pyruvic_Acid,35
8.75,H8_Pyruvic_Acid,31
9.0,H8_Pyruvic_Acid,34
9.25,H8_Pyruvic_Acid,30
9.5,H8_Pyruvic_Acid,38
9.75,H8_Pyruvic_Acid,42
10.0,H8_Pyruvic_Acid,37
10.25,H8_Pyruvic_Acid,38
10.5,H8_Pyruvic_Acid,39
10.75,H8_Pyruvic_Acid,41
11.0,H8_Pyruvic_Acid,39
11.25,H8_Pyruvic_Acid,44
11.5,H8_Pyruvic_Acid,44
11.75,H8_Pyruvic_Acid,47
12.0,H8_Pyruvic_Acid,46
12.25,H8_Pyruvic_Acid,53
12.5,H8_Pyruvic_Acid,44
12.75,H8_Pyruvic_Acid,50
13.0,H8_Pyruvic_Acid,48
13.25,H8_Pyruvic_Acid,48
13.5,H8_Pyruvic_Acid,51
13.75,H8_Pyruvic_Acid,57
14.0,H8_Pyruvic_Acid,57
14.25,H8_Pyruvic_Acid,56
14.5,H8_Pyruvic_Acid,53
14.75,H8_Pyruvic_Acid,59
15.0,H8_Pyruvic_Acid,59
15.25,H8_Pyruvic_Acid,63
15.5,H8_Pyruvic_Acid,61
15.75,H8_Pyruvic_Acid,64
16.0,H8_Pyruvic_Acid,65
16.25,H8_Pyruvic_Acid,70
16.5,H8_Pyruvic_Acid,65
16.75,H8_Pyruvic_Acid,71
17.0,H8_Pyruvic_Acid,72
17.25,H8_Pyruvic_Acid,68
17.5,H8_Pyruvic_Acid,73
17.75,H8_Pyruvic_Acid,76
18.0,H8_Pyruvic_Acid,73
18.25,H8_Pyruvic_Acid,76
18.5,H8_Pyruvic_Acid,81
18.75,H8_Pyruvic_Acid,80
19.0,H8_Pyruvic_Acid,84
19.25,H8_Pyruvic_Acid,84
19.5,H8_Pyruvic_Acid,81
19.75,H8_Pyruvic_Acid,86
20.0,H8_Pyruvic_Acid,88
20.25,H8_Pyruvic_Acid,91
20.5,H8_Pyruvic_Acid,91
20.75,H8_Pyruvic_Acid,87
21.0,H8_Pyruvic_Acid,88
21.25,H8_Pyruvic_Acid,91
21.5,H8_Pyruvic_Acid,92
21.75,H8_Pyruvic_Acid,94
22.0,H8_Pyruvic_Acid,98
22.25,H8_Pyruvic_Acid,99
22.5,H8_Pyruvic_Acid,100
22.75,H8_Pyruvic_Acid,107
23.0,H8_Pyruvic_Acid,104
23.25,H8_Pyruvic_Acid,105
23.5,H8_Pyruvic_Acid,108
23.75,H8_Pyruvic_Acid,110
24.0,H8_Pyruvic_Acid,112
24.25,H8_Pyruvic_Acid,112
24.5,H8_Pyruvic_Acid,117
24.75,H8_Pyruvic_Acid,114
25.0,H8_Pyruvic_Acid,117
25.25,H8_Pyruvic_Acid,121
25.5,H8_Pyruvic_Acid,122
25.75,H8_Pyruvic_Acid,125
26.0,H8_Pyruvic_Acid,129
26.25,H8_Pyruvic_Acid,125
26.5,H8_Pyruvic_Acid,127
26.75,H8_Pyruvic_Acid,131
27.0,H8_Pyruvic_Acid,134
27.25,H8_Pyruvic_Acid,135
27.5,H8_Pyruvic_Acid,134
27.75,H8_Pyruvic_Acid,134
28.0,H8_Pyruvic_Acid,136
28.25,H8_Pyruvic_Acid,139
28.5,H8_Pyruvic_Acid,144
28.75,H8_Pyruvic_Acid,142
29.0,H8_Pyruvic_Acid,143
29.25,H8_Pyruvic_Acid,147
29.5,H8_Pyruvic_Acid,150
29.75,H8_Pyruvic_Acid,151
30.0,H8_Pyruvic_Acid,153
30.25,H8_Pyruvic_Acid,156
30.5,H8_Pyruvic_Acid,158
30.75,H8_Pyruvic_Acid,163
31.0,H8_Pyruvic_Acid,161
31.25,H8_Pyruvic_Acid,162
31.5,H8_Pyruvic_Acid,169
31.75,H8_Pyruvic_Acid,163
32.0,H8_Pyruvic_Acid,175
32.25,H8_Pyruvic_Acid,176
32.5,H8_Pyruvic_Acid,177
32.75,H8_Pyruvic_Acid,175
33.0,H8_Pyruvic_Acid,178
33.25,H8_Pyruvic_Acid,183
33.5,H8_Pyruvic_Acid,182
33.75,H8_Pyruvic_Acid,185
34.0,H8_Pyruvic_Acid,185
34.25,H8_Pyruvic_Acid,188
34.5,H8_Pyruvic_Acid,191
34.75,H8_Pyruvic_Acid,191
35.0,H8_Pyruvic_Acid,194
35.25,H8_Pyruvic_Acid,195
35.5,H8_Pyruvic_Acid,198
35.75,H8_Pyruvic_Acid,198
36.0,H8_Pyruvic_Acid,204
36.25,H8_Pyruvic_Acid,203
36.5,H8_Pyruvic_Acid,201
36.75,H8_Pyruvic_Acid,207
37.0,H8_Pyruvic_Acid,208
37.25,H8_Pyruvic_Acid,208
37.5,H8_Pyruvic_Acid,212
37.75,H8_Pyruvic_Acid,215
38.0,H8_Pyruvic_Acid,221
38.25,H8_Pyruvic_Acid,216
38.5,H8_Pyruvic_Acid,217
38.75,H8_Pyruvic_Acid,219
39.0,H8_Pyruvic_Acid,219
39.25,H8_Pyruvic_Acid,219
39.5,H8_Pyruvic_Acid,217
39.75,H8_Pyruvic_Acid,217
40.0,H8_Pyruvic_Acid,218
40.25,H8_Pyruvic_Acid,214
40.5,H8_Pyruvic_Acid,215
40.75,H8_Pyruvic_Acid,217
41.0,H8_Pyruvic_Acid,217
41.25,H8_Pyruvic_Acid,212
41.5,H8_Pyruvic_Acid,217
41.75,H8_Pyruvic_Acid,219
42.0,H8_Pyruvic_Acid,216
42.25,H8_Pyruvic_Acid,216
42.5,H8_Pyruvic_Acid,214
42.75,H8_Pyruvic_Acid,213
43.0,H8_Pyruvic_Acid,217
43.25,H8_Pyruvic_Acid,216
43.5,H8_Pyruvic_Acid,216
43.75,H8_Pyruvic_Acid,216
44.0,H8_Pyruvic_Acid,219
44.25,H8_Pyruvic_Acid,212
44.5,H8_Pyruvic_Acid,216
44.75,H8_Pyruvic_Acid,216
45.0,H8_Pyruvic_Acid,214
45.25,H8_Pyruvic_Acid,219
45.5,H8_Pyruvic_Acid,215
45.75,H8_Pyruvic_Acid,215
46.0,H8_Pyruvic_Acid,214
46.25,H8_Pyruvic_Acid,214
46.5,H8_Pyruvic_Acid,213
46.75,H8_Pyruvic_Acid,216
47.0,H8_Pyruvic_Acid,212
47.25,H8_Pyruvic_Acid,213
47.5,H8_Pyruvic_Acid,0
0.0,H9_L-Galactonic_Acid-g-Lactone,28
0.25,H9_L-Galactonic_Acid-g-Lactone,14
0.5,H9_L-Galactonic_Acid-g-Lactone,11
0.75,H9_L-Galactonic_Acid-g-Lactone,12
1.0,H9_L-Galactonic_Acid-g-Lactone,14
1.25,H9_L-Galactonic_Acid-g-Lactone,13
1.5,H9_L-Galactonic_Acid-g-Lactone,13
1.75,H9_L-Galactonic_Acid-g-Lactone,15
2.0,H9_L-Galactonic_Acid-g-Lactone,11
2.25,H9_L-Galactonic_Acid-g-Lactone,12
2.5,H9_L-Galactonic_Acid-g-Lactone,11
2.75,H9_L-Galactonic_Acid-g-Lactone,15
3.0,H9_L-Galactonic_Acid-g-Lactone,13
3.25,H9_L-Galactonic_Acid-g-Lactone,11
3.5,H9_L-Galactonic_Acid-g-Lactone,12
3.75,H9_L-Galactonic_Acid-g-Lactone,17
4.0,H9_L-Galactonic_Acid-g-Lactone,11
4.25,H9_L-Galactonic_Acid-g-Lactone,14
4.5,H9_L-Galactonic_Acid-g-Lactone,16
4.75,H9_L-Galactonic_Acid-g-Lactone,18
5.0,H9_L-Galactonic_Acid-g-Lactone,12
5.25,H9_L-Galactonic_Acid-g-Lactone,12
5.5,H9_L-Galactonic_Acid-g-Lactone,12
5.75,H9_L-Galactonic_Acid-g-Lactone,16
6.0,H9_L-Galactonic_Acid-g-Lactone,12
6.25,H9_L-Galactonic_Acid-g-Lactone,14
6.5,H9_L-Galactonic_Acid-g-Lactone,20
6.75,H9_L-Galactonic_Acid-g-Lactone,14
7.0,H9_L-Galactonic_Acid-g-Lactone,19
7.25,H9_L-Galactonic_Acid-g-Lactone,19
7.5,H9_L-Galactonic_Acid-g-Lactone,19
7.75,H9_L-Galactonic_Acid-g-Lactone,21
8.0,H9_L-Galactonic_Acid-g-Lactone,21
8.25,H9_L-Galactonic_Acid-g-Lactone,24
8.5,H9_L-Galactonic_Acid-g-Lactone,26
8.75,H9_L-Galactonic_Acid-g-Lactone,27
9.0,H9_L-Galactonic_Acid-g-Lactone,21
9.25,H9_L-Galactonic_Acid-g-Lactone,25
9.5,H9_L-Galactonic_Acid-g-Lactone,28
9.75,H9_L-Galactonic_Acid-g-Lactone,26
10.0,H9_L-Galactonic_Acid-g-Lactone,31
10.25,H9_L-Galactonic_Acid-g-Lactone,30
10.5,H9_L-Galactonic_Acid-g-Lactone,26
10.75,H9_L-Galactonic_Acid-g-Lactone,31
11.0,H9_L-Galactonic_Acid-g-Lactone,27
11.25,H9_L-Galactonic_Acid-g-Lactone,27
11.5,H9_L-Galactonic_Acid-g-Lactone,26
11.75,H9_L-Galactonic_Acid-g-Lactone,28
12.0,H9_L-Galactonic_Acid-g-Lactone,25
12.25,H9_L-Galactonic_Acid-g-Lactone,27
12.5,H9_L-Galactonic_Acid-g-Lactone,34
12.75,H9_L-Galactonic_Acid-g-Lactone,28
13.0,H9_L-Galactonic_Acid-g-Lactone,30
13.25,H9_L-Galactonic_Acid-g-Lactone,25
13.5,H9_L-Galactonic_Acid-g-Lactone,29
13.75,H9_L-Galactonic_Acid-g-Lactone,30
14.0,H9_L-Galactonic_Acid-g-Lactone,32
14.25,H9_L-Galactonic_Acid-g-Lactone,32
14.5,H9_L-Galactonic_Acid-g-Lactone,27
14.75,H9_L-Galactonic_Acid-g-Lactone,31
15.0,H9_L-Galactonic_Acid-g-Lactone,30
15.25,H9_L-Galactonic_Acid-g-Lactone,31
15.5,H9_L-Galactonic_Acid-g-Lactone,27
15.75,H9_L-Galactonic_Acid-g-Lactone,29
16.0,H9_L-Galactonic_Acid-g-Lactone,36
16.25,H9_L-Galactonic_Acid-g-Lactone,33
16.5,H9_L-Galactonic_Acid-g-Lactone,28
16.75,H9_L-Galactonic_Acid-g-Lactone,30
17.0,H9_L-Galactonic_Acid-g-Lactone,32
17.25,H9_L-Galactonic_Acid-g-Lactone,31
17.5,H9_L-Galactonic_Acid-g-Lactone,32
17.75,H9_L-Galactonic_Acid-g-Lactone,34
18.0,H9_L-Galactonic_Acid-g-Lactone,38
18.25,H9_L-Galactonic_Acid-g-Lactone,33
18.5,H9_L-Galactonic_Acid-g-Lactone,36
18.75,H9_L-Galactonic_Acid-g-Lactone,35
19.0,H9_L-Galactonic_Acid-g-Lactone,34
19.25,H9_L-Galactonic_Acid-g-Lactone,33
19.5,H9_L-Galactonic_Acid-g-Lactone,37
19.75,H9_L-Galactonic_Acid-g-Lactone,33
20.0,H9_L-Galactonic_Acid-g-Lactone,31
20.25,H9_L-Galactonic_Acid-g-Lactone,32
20.5,H9_L-Galactonic_Acid-g-Lactone,34
20.75,H9_L-Galactonic_Acid-g-Lactone,34
21.0,H9_L-Galactonic_Acid-g-Lactone,38
21.25,H9_L-Galactonic_Acid-g-Lactone,36
21.5,H9_L-Galactonic_Acid-g-Lactone,34
21.75,H9_L-Galactonic_Acid-g-Lactone,33
22.0,H9_L-Galactonic_Acid-g-Lactone,40
22.25,H9_L-Galactonic_Acid-g-Lactone,33
22.5,H9_L-Galactonic_Acid-g-Lactone,38
22.75,H9_L-Galactonic_Acid-g-Lactone,32
23.0,H9_L-Galactonic_Acid-g-Lactone,34
23.25,H9_L-Galactonic_Acid-g-Lactone,36
23.5,H9_L-Galactonic_Acid-g-Lactone,35
23.75,H9_L-Galactonic_Acid-g-Lactone,36
24.0,H9_L-Galactonic_Acid-g-Lactone,38
24.25,H9_L-Galactonic_Acid-g-Lactone,36
24.5,H9_L-Galactonic_Acid-g-Lactone,36
24.75,H9_L-Galactonic_Acid-g-Lactone,38
25.0,H9_L-Galactonic_Acid-g-Lactone,34
25.25,H9_L-Galactonic_Acid-g-Lactone,38
25.5,H9_L-Galactonic_Acid-g-Lactone,34
25.75,H9_L-Galactonic_Acid-g-Lactone,38
26.0,H9_L-Galactonic_Acid-g-Lactone,32
26.25,H9_L-Galactonic_Acid-g-Lactone,38
26.5,H9_L-Galactonic_Acid-g-Lactone,30
26.75,H9_L-Galactonic_Acid-g-Lactone,38
27.0,H9_L-Galactonic_Acid-g-Lactone,34
27.25,H9_L-Galactonic_Acid-g-Lactone,33
27.5,H9_L-Galactonic_Acid-g-Lactone,35
27.75,H9_L-Galactonic_Acid-g-Lactone,36
28.0,H9_L-Galactonic_Acid-g-Lactone,39
28.25,H9_L-Galactonic_Acid-g-Lactone,33
28.5,H9_L-Galactonic_Acid-g-Lactone,35
28.75,H9_L-Galactonic_Acid-g-Lactone,37
29.0,H9_L-Galactonic_Acid-g-Lactone,33
29.25,H9_L-Galactonic_Acid-g-Lactone,37
29.5,H9_L-Galactonic_Acid-g-Lactone,34
29.75,H9_L-Galactonic_Acid-g-Lactone,35
30.0,H9_L-Galactonic_Acid-g-Lactone,35
30.25,H9_L-Galactonic_Acid-g-Lactone,37
30.5,H9_L-Galactonic_Acid-g-Lactone,36
30.75,H9_L-Galactonic_Acid-g-Lactone,37
31.0,H9_L-Galactonic_Acid-g-Lactone,39
31.25,H9_L-Galactonic_Acid-g-Lactone,36
31.5,H9_L-Galactonic_Acid-g-Lactone,38
31.75,H9_L-Galactonic_Acid-g-Lactone,34
32.0,H9_L-Galactonic_Acid-g-Lactone,39
32.25,H9_L-Galactonic_Acid-g-Lactone,36
32.5,H9_L-Galactonic_Acid-g-Lactone,38
32.75,H9_L-Galactonic_Acid-g-Lactone,40
33.0,H9_L-Galactonic_Acid-g-Lactone,39
33.25,H9_L-Galactonic_Acid-g-Lactone,38
33.5,H9_L-Galactonic_Acid-g-Lactone,40
33.75,H9_L-Galactonic_Acid-g-Lactone,43
34.0,H9_L-Galactonic_Acid-g-Lactone,37
34.25,H9_L-Galactonic_Acid-g-Lactone,35
34.5,H9_L-Galactonic_Acid-g-Lactone,35
34.75,H9_L-Galactonic_Acid-g-Lactone,36
35.0,H9_L-Galactonic_Acid-g-Lactone,37
35.25,H9_L-Galactonic_Acid-g-Lactone,41
35.5,H9_L-Galactonic_Acid-g-Lactone,37
35.75,H9_L-Galactonic_Acid-g-Lactone,39
36.0,H9_L-Galactonic_Acid-g-Lactone,42
36.25,H9_L-Galactonic_Acid-g-Lactone,37
36.5,H9_L-Galactonic_Acid-g-Lactone,40
36.75,H9_L-Galactonic_Acid-g-Lactone,40
37.0,H9_L-Galactonic_Acid-g-Lactone,41
37.25,H9_L-Galactonic_Acid-g-Lactone,40
37.5,H9_L-Galactonic_Acid-g-Lactone,35
37.75,H9_L-Galactonic_Acid-g-Lactone,39
38.0,H9_L-Galactonic_Acid-g-Lactone,43
38.25,H9_L-Galactonic_Acid-g-Lactone,38
38.5,H9_L-Galactonic_Acid-g-Lactone,36
38.75,H9_L-Galactonic_Acid-g-Lactone,36
39.0,H9_L-Galactonic_Acid-g-Lactone,37
39.25,H9_L-Galactonic_Acid-g-Lactone,36
39.5,H9_L-Galactonic_Acid-g-Lactone,35
39.75,H9_L-Galactonic_Acid-g-Lactone,38
40.0,H9_L-Galactonic_Acid-g-Lactone,36
40.25,H9_L-Galactonic_Acid-g-Lactone,39
40.5,H9_L-Galactonic_Acid-g-Lactone,37
40.75,H9_L-Galactonic_Acid-g-Lactone,39
41.0,H9_L-Galactonic_Acid-g-Lactone,36
41.25,H9_L-Galactonic_Acid-g-Lactone,40
41.5,H9_L-Galactonic_Acid-g-Lactone,37
41.75,H9_L-Galactonic_Acid-g-Lactone,42
42.0,H9_L-Galactonic_Acid-g-Lactone,40
42.25,H9_L-Galactonic_Acid-g-Lactone,39
42.5,H9_L-Galactonic_Acid-g-Lactone,39
42.75,H9_L-Galactonic_Acid-g-Lactone,40
43.0,H9_L-Galactonic_Acid-g-Lactone,38
43.25,H9_L-Galactonic_Acid-g-Lactone,39
43.5,H9_L-Galactonic_Acid-g-Lactone,37
43.75,H9_L-Galactonic_Acid-g-Lactone,37
44.0,H9_L-Galactonic_Acid-g-Lactone,39
44.25,H9_L-Galactonic_Acid-g-Lactone,36
44.5,H9_L-Galactonic_Acid-g-Lactone,38
44.75,H9_L-Galactonic_Acid-g-Lactone,40
45.0,H9_L-Galactonic_Acid-g-Lactone,37
45.25,H9_L-Galactonic_Acid-g-Lactone,39
45.5,H9_L-Galactonic_Acid-g-Lactone,41
45.75,H9_L-Galactonic_Acid-g-Lactone,37
46.0,H9_L-Galactonic_Acid-g-Lactone,41
46.25,H9_L-Galactonic_Acid-g-Lactone,39
46.5,H9_L-Galactonic_Acid-g-Lactone,40
46.75,H9_L-Galactonic_Acid-g-Lactone,39
47.0,H9_L-Galactonic_Acid-g-Lactone,43
47.25,H9_L-Galactonic_Acid-g-Lactone,38
47.5,H9_L-Galactonic_Acid-g-Lactone,0
0.0,H10_D-GalacturonicAcid,25
0.25,H10_D-GalacturonicAcid,18
0.5,H10_D-GalacturonicAcid,14
0.75,H10_D-GalacturonicAcid,11
1.0,H10_D-GalacturonicAcid,14
1.25,H10_D-GalacturonicAcid,15
1.5,H10_D-GalacturonicAcid,18
1.75,H10_D-GalacturonicAcid,14
2.0,H10_D-GalacturonicAcid,14
2.25,H10_D-GalacturonicAcid,13
2.5,H10_D-GalacturonicAcid,15
2.75,H10_D-GalacturonicAcid,15
3.0,H10_D-GalacturonicAcid,13
3.25,H10_D-GalacturonicAcid,12
3.5,H10_D-GalacturonicAcid,17
3.75,H10_D-GalacturonicAcid,17
4.0,H10_D-GalacturonicAcid,15
4.25,H10_D-GalacturonicAcid,23
4.5,H10_D-GalacturonicAcid,20
4.75,H10_D-GalacturonicAcid,15
5.0,H10_D-GalacturonicAcid,17
5.25,H10_D-GalacturonicAcid,13
5.5,H10_D-GalacturonicAcid,14
5.75,H10_D-GalacturonicAcid,12
6.0,H10_D-GalacturonicAcid,16
6.25,H10_D-GalacturonicAcid,16
6.5,H10_D-GalacturonicAcid,20
6.75,H10_D-GalacturonicAcid,19
7.0,H10_D-GalacturonicAcid,15
7.25,H10_D-GalacturonicAcid,22
7.5,H10_D-GalacturonicAcid,16
7.75,H10_D-GalacturonicAcid,22
8.0,H10_D-GalacturonicAcid,25
8.25,H10_D-GalacturonicAcid,29
8.5,H10_D-GalacturonicAcid,25
8.75,H10_D-GalacturonicAcid,28
9.0,H10_D-GalacturonicAcid,28
9.25,H10_D-GalacturonicAcid,27
9.5,H10_D-GalacturonicAcid,31
9.75,H10_D-GalacturonicAcid,29
10.0,H10_D-GalacturonicAcid,27
10.25,H10_D-GalacturonicAcid,31
10.5,H10_D-GalacturonicAcid,26
10.75,H10_D-GalacturonicAcid,29
11.0,H10_D-GalacturonicAcid,26
11.25,H10_D-GalacturonicAcid,30
11.5,H10_D-GalacturonicAcid,26
11.75,H10_D-GalacturonicAcid,26
12.0,H10_D-GalacturonicAcid,28
12.25,H10_D-GalacturonicAcid,30
12.5,H10_D-GalacturonicAcid,33
12.75,H10_D-GalacturonicAcid,26
13.0,H10_D-GalacturonicAcid,26
13.25,H10_D-GalacturonicAcid,29
13.5,H10_D-GalacturonicAcid,32
13.75,H10_D-GalacturonicAcid,36
14.0,H10_D-GalacturonicAcid,27
14.25,H10_D-GalacturonicAcid,33
14.5,H10_D-GalacturonicAcid,30
14.75,H10_D-GalacturonicAcid,31
15.0,H10_D-GalacturonicAcid,31
15.25,H10_D-GalacturonicAcid,30
15.5,H10_D-GalacturonicAcid,33
15.75,H10_D-GalacturonicAcid,33
16.0,H10_D-GalacturonicAcid,37
16.25,H10_D-GalacturonicAcid,30
16.5,H10_D-GalacturonicAcid,31
16.75,H10_D-GalacturonicAcid,29
17.0,H10_D-GalacturonicAcid,32
17.25,H10_D-GalacturonicAcid,35
17.5,H10_D-GalacturonicAcid,34
17.75,H10_D-GalacturonicAcid,34
18.0,H10_D-GalacturonicAcid,37
18.25,H10_D-GalacturonicAcid,34
18.5,H10_D-GalacturonicAcid,35
18.75,H10_D-GalacturonicAcid,35
19.0,H10_D-GalacturonicAcid,34
19.25,H10_D-GalacturonicAcid,33
19.5,H10_D-GalacturonicAcid,37
19.75,H10_D-GalacturonicAcid,32
20.0,H10_D-GalacturonicAcid,34
20.25,H10_D-GalacturonicAcid,35
20.5,H10_D-GalacturonicAcid,33
20.75,H10_D-GalacturonicAcid,38
21.0,H10_D-GalacturonicAcid,35
21.25,H10_D-GalacturonicAcid,37
21.5,H10_D-GalacturonicAcid,32
21.75,H10_D-GalacturonicAcid,30
22.0,H10_D-GalacturonicAcid,37
22.25,H10_D-GalacturonicAcid,37
22.5,H10_D-GalacturonicAcid,40
22.75,H10_D-GalacturonicAcid,35
23.0,H10_D-GalacturonicAcid,35
23.25,H10_D-GalacturonicAcid,38
23.5,H10_D-GalacturonicAcid,38
23.75,H10_D-GalacturonicAcid,35
24.0,H10_D-GalacturonicAcid,42
24.25,H10_D-GalacturonicAcid,37
24.5,H10_D-GalacturonicAcid,37
24.75,H10_D-GalacturonicAcid,37
25.0,H10_D-GalacturonicAcid,36
25.25,H10_D-GalacturonicAcid,37
25.5,H10_D-GalacturonicAcid,38
25.75,H10_D-GalacturonicAcid,38
26.0,H10_D-GalacturonicAcid,36
26.25,H10_D-GalacturonicAcid,36
26.5,H10_D-GalacturonicAcid,37
26.75,H10_D-GalacturonicAcid,35
27.0,H10_D-GalacturonicAcid,33
27.25,H10_D-GalacturonicAcid,32
27.5,H10_D-GalacturonicAcid,39
27.75,H10_D-GalacturonicAcid,35
28.0,H10_D-GalacturonicAcid,32
28.25,H10_D-GalacturonicAcid,34
28.5,H10_D-GalacturonicAcid,35
28.75,H10_D-GalacturonicAcid,36
29.0,H10_D-GalacturonicAcid,38
29.25,H10_D-GalacturonicAcid,36
29.5,H10_D-GalacturonicAcid,34
29.75,H10_D-GalacturonicAcid,36
30.0,H10_D-GalacturonicAcid,39
30.25,H10_D-GalacturonicAcid,41
30.5,H10_D-GalacturonicAcid,40
30.75,H10_D-GalacturonicAcid,36
31.0,H10_D-GalacturonicAcid,39
31.25,H10_D-GalacturonicAcid,37
31.5,H10_D-GalacturonicAcid,36
31.75,H10_D-GalacturonicAcid,41
32.0,H10_D-GalacturonicAcid,40
32.25,H10_D-GalacturonicAcid,37
32.5,H10_D-GalacturonicAcid,37
32.75,H10_D-GalacturonicAcid,39
33.0,H10_D-GalacturonicAcid,40
33.25,H10_D-GalacturonicAcid,31
33.5,H10_D-GalacturonicAcid,31
33.75,H10_D-GalacturonicAcid,36
34.0,H10_D-GalacturonicAcid,38
34.25,H10_D-GalacturonicAcid,36
34.5,H10_D-GalacturonicAcid,34
34.75,H10_D-GalacturonicAcid,35
35.0,H10_D-GalacturonicAcid,36
35.25,H10_D-GalacturonicAcid,42
35.5,H10_D-GalacturonicAcid,35
35.75,H10_D-GalacturonicAcid,41
36.0,H10_D-GalacturonicAcid,40
36.25,H10_D-GalacturonicAcid,38
36.5,H10_D-GalacturonicAcid,40
36.75,H10_D-GalacturonicAcid,38
37.0,H10_D-GalacturonicAcid,41
37.25,H10_D-GalacturonicAcid,34
37.5,H10_D-GalacturonicAcid,32
37.75,H10_D-GalacturonicAcid,39
38.0,H10_D-GalacturonicAcid,38
38.25,H10_D-GalacturonicAcid,38
38.5,H10_D-GalacturonicAcid,37
38.75,H10_D-GalacturonicAcid,35
39.0,H10_D-GalacturonicAcid,38
39.25,H10_D-GalacturonicAcid,33
39.5,H10_D-GalacturonicAcid,35
39.75,H10_D-GalacturonicAcid,37
40.0,H10_D-GalacturonicAcid,35
40.25,H10_D-GalacturonicAcid,38
40.5,H10_D-GalacturonicAcid,36
40.75,H10_D-GalacturonicAcid,35
41.0,H10_D-GalacturonicAcid,37
41.25,H10_D-GalacturonicAcid,37
41.5,H10_D-GalacturonicAcid,35
41.75,H10_D-GalacturonicAcid,37
42.0,H10_D-GalacturonicAcid,38
42.25,H10_D-GalacturonicAcid,37
42.5,H10_D-GalacturonicAcid,33
42.75,H10_D-GalacturonicAcid,38
43.0,H10_D-GalacturonicAcid,37
43.25,H10_D-GalacturonicAcid,35
43.5,H10_D-GalacturonicAcid,33
43.75,H10_D-GalacturonicAcid,38
44.0,H10_D-GalacturonicAcid,33
44.25,H10_D-GalacturonicAcid,36
44.5,H10_D-GalacturonicAcid,38
44.75,H10_D-GalacturonicAcid,37
45.0,H10_D-GalacturonicAcid,33
45.25,H10_D-GalacturonicAcid,37
45.5,H10_D-GalacturonicAcid,37
45.75,H10_D-GalacturonicAcid,36
46.0,H10_D-GalacturonicAcid,38
46.25,H10_D-GalacturonicAcid,38
46.5,H10_D-GalacturonicAcid,38
46.75,H10_D-GalacturonicAcid,36
47.0,H10_D-GalacturonicAcid,33
47.25,H10_D-GalacturonicAcid,37
47.5,H10_D-GalacturonicAcid,0
0.0,H11_Phenylethylamine,28
0.25,H11_Phenylethylamine,11
0.5,H11_Phenylethylamine,15
0.75,H11_Phenylethylamine,13
1.0,H11_Phenylethylamine,14
1.25,H11_Phenylethylamine,13
1.5,H11_Phenylethylamine,14
1.75,H11_Phenylethylamine,15
2.0,H11_Phenylethylamine,11
2.25,H11_Phenylethylamine,16
2.5,H11_Phenylethylamine,12
2.75,H11_Phenylethylamine,15
3.0,H11_Phenylethylamine,20
3.25,H11_Phenylethylamine,11
3.5,H11_Phenylethylamine,17
3.75,H11_Phenylethylamine,20
4.0,H11_Phenylethylamine,15
4.25,H11_Phenylethylamine,16
4.5,H11_Phenylethylamine,15
4.75,H11_Phenylethylamine,15
5.0,H11_Phenylethylamine,16
5.25,H11_Phenylethylamine,15
5.5,H11_Phenylethylamine,13
5.75,H11_Phenylethylamine,13
6.0,H11_Phenylethylamine,14
6.25,H11_Phenylethylamine,17
6.5,H11_Phenylethylamine,19
6.75,H11_Phenylethylamine,15
7.0,H11_Phenylethylamine,17
7.25,H11_Phenylethylamine,21
7.5,H11_Phenylethylamine,21
7.75,H11_Phenylethylamine,21
8.0,H11_Phenylethylamine,20
8.25,H11_Phenylethylamine,20
8.5,H11_Phenylethylamine,22
8.75,H11_Phenylethylamine,24
9.0,H11_Phenylethylamine,27
9.25,H11_Phenylethylamine,19
9.5,H11_Phenylethylamine,25
9.75,H11_Phenylethylamine,24
10.0,H11_Phenylethylamine,26
10.25,H11_Phenylethylamine,24
10.5,H11_Phenylethylamine,28
10.75,H11_Phenylethylamine,28
11.0,H11_Phenylethylamine,28
11.25,H11_Phenylethylamine,30
11.5,H11_Phenylethylamine,33
11.75,H11_Phenylethylamine,29
12.0,H11_Phenylethylamine,33
12.25,H11_Phenylethylamine,31
12.5,H11_Phenylethylamine,29
12.75,H11_Phenylethylamine,29
13.0,H11_Phenylethylamine,30
13.25,H11_Phenylethylamine,29
13.5,H11_Phenylethylamine,30
13.75,H11_Phenylethylamine,31
14.0,H11_Phenylethylamine,31
14.25,H11_Phenylethylamine,33
14.5,H11_Phenylethylamine,32
14.75,H11_Phenylethylamine,34
15.0,H11_Phenylethylamine,29
15.25,H11_Phenylethylamine,33
15.5,H11_Phenylethylamine,30
15.75,H11_Phenylethylamine,30
16.0,H11_Phenylethylamine,33
16.25,H11_Phenylethylamine,34
16.5,H11_Phenylethylamine,33
16.75,H11_Phenylethylamine,31
17.0,H11_Phenylethylamine,32
17.25,H11_Phenylethylamine,32
17.5,H11_Phenylethylamine,32
17.75,H11_Phenylethylamine,33
18.0,H11_Phenylethylamine,32
18.25,H11_Phenylethylamine,34
18.5,H11_Phenylethylamine,36
18.75,H11_Phenylethylamine,36
19.0,H11_Phenylethylamine,39
19.25,H11_Phenylethylamine,35
19.5,H11_Phenylethylamine,29
19.75,H11_Phenylethylamine,32
20.0,H11_Phenylethylamine,34
20.25,H11_Phenylethylamine,28
20.5,H11_Phenylethylamine,35
20.75,H11_Phenylethylamine,30
21.0,H11_Phenylethylamine,36
21.25,H11_Phenylethylamine,32
21.5,H11_Phenylethylamine,33
21.75,H11_Phenylethylamine,34
22.0,H11_Phenylethylamine,34
22.25,H11_Phenylethylamine,31
22.5,H11_Phenylethylamine,35
22.75,H11_Phenylethylamine,32
23.0,H11_Phenylethylamine,34
23.25,H11_Phenylethylamine,33
23.5,H11_Phenylethylamine,34
23.75,H11_Phenylethylamine,31
24.0,H11_Phenylethylamine,35
24.25,H11_Phenylethylamine,35
24.5,H11_Phenylethylamine,35
24.75,H11_Phenylethylamine,35
25.0,H11_Phenylethylamine,32
25.25,H11_Phenylethylamine,36
25.5,H11_Phenylethylamine,30
25.75,H11_Phenylethylamine,34
26.0,H11_Phenylethylamine,34
26.25,H11_Phenylethylamine,34
26.5,H11_Phenylethylamine,34
26.75,H11_Phenylethylamine,33
27.0,H11_Phenylethylamine,33
27.25,H11_Phenylethylamine,32
27.5,H11_Phenylethylamine,35
27.75,H11_Phenylethylamine,30
28.0,H11_Phenylethylamine,32
28.25,H11_Phenylethylamine,34
28.5,H11_Phenylethylamine,31
28.75,H11_Phenylethylamine,33
29.0,H11_Phenylethylamine,32
29.25,H11_Phenylethylamine,33
29.5,H11_Phenylethylamine,37
29.75,H11_Phenylethylamine,32
30.0,H11_Phenylethylamine,34
30.25,H11_Phenylethylamine,32
30.5,H11_Phenylethylamine,31
30.75,H11_Phenylethylamine,41
31.0,H11_Phenylethylamine,31
31.25,H11_Phenylethylamine,29
31.5,H11_Phenylethylamine,34
31.75,H11_Phenylethylamine,32
32.0,H11_Phenylethylamine,31
32.25,H11_Phenylethylamine,37
32.5,H11_Phenylethylamine,39
32.75,H11_Phenylethylamine,37
33.0,H11_Phenylethylamine,33
33.25,H11_Phenylethylamine,39
33.5,H11_Phenylethylamine,36
33.75,H11_Phenylethylamine,33
34.0,H11_Phenylethylamine,34
34.25,H11_Phenylethylamine,35
34.5,H11_Phenylethylamine,34
34.75,H11_Phenylethylamine,37
35.0,H11_Phenylethylamine,35
35.25,H11_Phenylethylamine,34
35.5,H11_Phenylethylamine,34
35.75,H11_Phenylethylamine,35
36.0,H11_Phenylethylamine,39
36.25,H11_Phenylethylamine,35
36.5,H11_Phenylethylamine,32
36.75,H11_Phenylethylamine,34
37.0,H11_Phenylethylamine,43
37.25,H11_Phenylethylamine,32
37.5,H11_Phenylethylamine,37
37.75,H11_Phenylethylamine,36
38.0,H11_Phenylethylamine,37
38.25,H11_Phenylethylamine,39
38.5,H11_Phenylethylamine,38
38.75,H11_Phenylethylamine,35
39.0,H11_Phenylethylamine,35
39.25,H11_Phenylethylamine,34
39.5,H11_Phenylethylamine,33
39.75,H11_Phenylethylamine,35
40.0,H11_Phenylethylamine,34
40.25,H11_Phenylethylamine,34
40.5,H11_Phenylethylamine,33
40.75,H11_Phenylethylamine,32
41.0,H11_Phenylethylamine,36
41.25,H11_Phenylethylamine,36
41.5,H11_Phenylethylamine,33
41.75,H11_Phenylethylamine,39
42.0,H11_Phenylethylamine,32
42.25,H11_Phenylethylamine,34
42.5,H11_Phenylethylamine,33
42.75,H11_Phenylethylamine,32
43.0,H11_Phenylethylamine,39
43.25,H11_Phenylethylamine,34
43.5,H11_Phenylethylamine,34
43.75,H11_Phenylethylamine,33
44.0,H11_Phenylethylamine,38
44.25,H11_Phenylethylamine,33
44.5,H11_Phenylethylamine,38
44.75,H11_Phenylethylamine,39
45.0,H11_Phenylethylamine,37
45.25,H11_Phenylethylamine,41
45.5,H11_Phenylethylamine,30
45.75,H11_Phenylethylamine,37
46.0,H11_Phenylethylamine,38
46.25,H11_Phenylethylamine,38
46.5,H11_Phenylethylamine,36
46.75,H11_Phenylethylamine,36
47.0,H11_Phenylethylamine,36
47.25,H11_Phenylethylamine,38
47.5,H11_Phenylethylamine,0
0.0,H12_2-Aminoethanol,20
0.25,H12_2-Aminoethanol,23
0.5,H12_2-Aminoethanol,25
0.75,H12_2-Aminoethanol,20
1.0,H12_2-Aminoethanol,24
1.25,H12_2-Aminoethanol,23
1.5,H12_2-Aminoethanol,22
1.75,H12_2-Aminoethanol,26
2.0,H12_2-Aminoethanol,23
2.25,H12_2-Aminoethanol,23
2.5,H12_2-Aminoethanol,21
2.75,H12_2-Aminoethanol,24
3.0,H12_2-Aminoethanol,24
3.25,H12_2-Aminoethanol,23
3.5,H12_2-Aminoethanol,22
3.75,H12_2-Aminoethanol,29
4.0,H12_2-Aminoethanol,24
4.25,H12_2-Aminoethanol,24
4.5,H12_2-Aminoethanol,24
4.75,H12_2-Aminoethanol,29
5.0,H12_2-Aminoethanol,23
5.25,H12_2-Aminoethanol,27
5.5,H12_2-Aminoethanol,25
5.75,H12_2-Aminoethanol,28
6.0,H12_2-Aminoethanol,24
6.25,H12_2-Aminoethanol,25
6.5,H12_2-Aminoethanol,31
6.75,H12_2-Aminoethanol,26
7.0,H12_2-Aminoethanol,30
7.25,H12_2-Aminoethanol,29
7.5,H12_2-Aminoethanol,33
7.75,H12_2-Aminoethanol,35
8.0,H12_2-Aminoethanol,37
8.25,H12_2-Aminoethanol,37
8.5,H12_2-Aminoethanol,35
8.75,H12_2-Aminoethanol,39
9.0,H12_2-Aminoethanol,37
9.25,H12_2-Aminoethanol,37
9.5,H12_2-Aminoethanol,37
9.75,H12_2-Aminoethanol,35
10.0,H12_2-Aminoethanol,40
10.25,H12_2-Aminoethanol,35
10.5,H12_2-Aminoethanol,37
10.75,H12_2-Aminoethanol,44
11.0,H12_2-Aminoethanol,42
11.25,H12_2-Aminoethanol,43
11.5,H12_2-Aminoethanol,42
11.75,H12_2-Aminoethanol,46
12.0,H12_2-Aminoethanol,44
12.25,H12_2-Aminoethanol,42
12.5,H12_2-Aminoethanol,42
12.75,H12_2-Aminoethanol,44
13.0,H12_2-Aminoethanol,46
13.25,H12_2-Aminoethanol,42
13.5,H12_2-Aminoethanol,41
13.75,H12_2-Aminoethanol,39
14.0,H12_2-Aminoethanol,38
14.25,H12_2-Aminoethanol,38
14.5,H12_2-Aminoethanol,40
14.75,H12_2-Aminoethanol,47
15.0,H12_2-Aminoethanol,41
15.25,H12_2-Aminoethanol,41
15.5,H12_2-Aminoethanol,43
15.75,H12_2-Aminoethanol,45
16.0,H12_2-Aminoethanol,42
16.25,H12_2-Aminoethanol,42
16.5,H12_2-Aminoethanol,42
16.75,H12_2-Aminoethanol,45
17.0,H12_2-Aminoethanol,39
17.25,H12_2-Aminoethanol,39
17.5,H12_2-Aminoethanol,41
17.75,H12_2-Aminoethanol,43
18.0,H12_2-Aminoethanol,43
18.25,H12_2-Aminoethanol,43
18.5,H12_2-Aminoethanol,45
18.75,H12_2-Aminoethanol,46
19.0,H12_2-Aminoethanol,46
19.25,H12_2-Aminoethanol,46
19.5,H12_2-Aminoethanol,42
19.75,H12_2-Aminoethanol,40
20.0,H12_2-Aminoethanol,42
20.25,H12_2-Aminoethanol,44
20.5,H12_2-Aminoethanol,40
20.75,H12_2-Aminoethanol,38
21.0,H12_2-Aminoethanol,43
21.25,H12_2-Aminoethanol,45
21.5,H12_2-Aminoethanol,44
21.75,H12_2-Aminoethanol,46
22.0,H12_2-Aminoethanol,42
22.25,H12_2-Aminoethanol,43
22.5,H12_2-Aminoethanol,40
22.75,H12_2-Aminoethanol,42
23.0,H12_2-Aminoethanol,38
23.25,H12_2-Aminoethanol,47
23.5,H12_2-Aminoethanol,45
23.75,H12_2-Aminoethanol,47
24.0,H12_2-Aminoethanol,43
24.25,H12_2-Aminoethanol,41
24.5,H12_2-Aminoethanol,41
24.75,H12_2-Aminoethanol,47
25.0,H12_2-Aminoethanol,45
25.25,H12_2-Aminoethanol,39
25.5,H12_2-Aminoethanol,44
25.75,H12_2-Aminoethanol,47
26.0,H12_2-Aminoethanol,49
26.25,H12_2-Aminoethanol,42
26.5,H12_2-Aminoethanol,45
26.75,H12_2-Aminoethanol,42
27.0,H12_2-Aminoethanol,45
27.25,H12_2-Aminoethanol,44
27.5,H12_2-Aminoethanol,43
27.75,H12_2-Aminoethanol,41
28.0,H12_2-Aminoethanol,43
28.25,H12_2-Aminoethanol,49
28.5,H12_2-Aminoethanol,42
28.75,H12_2-Aminoethanol,41
29.0,H12_2-Aminoethanol,44
29.25,H12_2-Aminoethanol,42
29.5,H12_2-Aminoethanol,48
29.75,H12_2-Aminoethanol,44
30.0,H12_2-Aminoethanol,41
30.25,H12_2-Aminoethanol,41
30.5,H12_2-Aminoethanol,43
30.75,H12_2-Aminoethanol,54
31.0,H12_2-Aminoethanol,44
31.25,H12_2-Aminoethanol,45
31.5,H12_2-Aminoethanol,51
31.75,H12_2-Aminoethanol,44
32.0,H12_2-Aminoethanol,48
32.25,H12_2-Aminoethanol,46
32.5,H12_2-Aminoethanol,44
32.75,H12_2-Aminoethanol,42
33.0,H12_2-Aminoethanol,44
33.25,H12_2-Aminoethanol,49
33.5,H12_2-Aminoethanol,43
33.75,H12_2-Aminoethanol,44
34.0,H12_2-Aminoethanol,45
34.25,H12_2-Aminoethanol,51
34.5,H12_2-Aminoethanol,46
34.75,H12_2-Aminoethanol,52
35.0,H12_2-Aminoethanol,46
35.25,H12_2-Aminoethanol,43
35.5,H12_2-Aminoethanol,51
35.75,H12_2-Aminoethanol,49
36.0,H12_2-Aminoethanol,51
36.25,H12_2-Aminoethanol,46
36.5,H12_2-Aminoethanol,44
36.75,H12_2-Aminoethanol,45
37.0,H12_2-Aminoethanol,52
37.25,H12_2-Aminoethanol,48
37.5,H12_2-Aminoethanol,47
37.75,H12_2-Aminoethanol,51
38.0,H12_2-Aminoethanol,52
38.25,H12_2-Aminoethanol,49
38.5,H12_2-Aminoethanol,51
38.75,H12_2-Aminoethanol,48
39.0,H12_2-Aminoethanol,45
39.25,H12_2-Aminoethanol,47
39.5,H12_2-Aminoethanol,52
39.75,H12_2-Aminoethanol,44
40.0,H12_2-Aminoethanol,45
40.25,H12_2-Aminoethanol,46
40.5,H12_2-Aminoethanol,55
40.75,H12_2-Aminoethanol,48
41.0,H12_2-Aminoethanol,54
41.25,H12_2-Aminoethanol,48
41.5,H12_2-Aminoethanol,45
41.75,H12_2-Aminoethanol,58
42.0,H12_2-Aminoethanol,45
42.25,H12_2-Aminoethanol,46
42.5,H12_2-Aminoethanol,50
42.75,H12_2-Aminoethanol,46
43.0,H12_2-Aminoethanol,48
43.25,H12_2-Aminoethanol,50
43.5,H12_2-Aminoethanol,50
43.75,H12_2-Aminoethanol,42
44.0,H12_2-Aminoethanol,50
44.25,H12_2-Aminoethanol,51
44.5,H12_2-Aminoethanol,52
44.75,H12_2-Aminoethanol,54
45.0,H12_2-Aminoethanol,46
45.25,H12_2-Aminoethanol,49
45.5,H12_2-Aminoethanol,47
45.75,H12_2-Aminoethanol,50
46.0,H12_2-Aminoethanol,46
46.25,H12_2-Aminoethanol,48
46.5,H12_2-Aminoethanol,52
46.75,H12_2-Aminoethanol,54
47.0,H12_2-Aminoethanol,53
47.25,H12_2-Aminoethanol,53
47.5,H12_2-Aminoethanol,0
