Hour,Type,Value
0.0,A1_Negative_Control,18
0.25,A1_Negative_Control,17
0.5,A1_Negative_Control,16
0.75,A1_Negative_Control,22
1.0,A1_Negative_Control,22
1.25,A1_Negative_Control,18
1.5,A1_Negative_Control,22
1.75,A1_Negative_Control,19
2.0,A1_Negative_Control,18
2.25,A1_Negative_Control,19
2.5,A1_Negative_Control,20
2.75,A1_Negative_Control,23
3.0,A1_Negative_Control,19
3.25,A1_Negative_Control,20
3.5,A1_Negative_Control,25
3.75,A1_Negative_Control,22
4.0,A1_Negative_Control,28
4.25,A1_Negative_Control,27
4.5,A1_Negative_Control,26
4.75,A1_Negative_Control,22
5.0,A1_Negative_Control,25
5.25,A1_Negative_Control,25
5.5,A1_Negative_Control,28
5.75,A1_Negative_Control,30
6.0,A1_Negative_Control,30
6.25,A1_Negative_Control,32
6.5,A1_Negative_Control,26
6.75,A1_Negative_Control,33
7.0,A1_Negative_Control,36
7.25,A1_Negative_Control,30
7.5,A1_Negative_Control,32
7.75,A1_Negative_Control,34
8.0,A1_Negative_Control,34
8.25,A1_Negative_Control,36
8.5,A1_Negative_Control,33
8.75,A1_Negative_Control,37
9.0,A1_Negative_Control,35
9.25,A1_Negative_Control,35
9.5,A1_Negative_Control,35
9.75,A1_Negative_Control,34
10.0,A1_Negative_Control,36
10.25,A1_Negative_Control,33
10.5,A1_Negative_Control,36
10.75,A1_Negative_Control,36
11.0,A1_Negative_Control,39
11.25,A1_Negative_Control,39
11.5,A1_Negative_Control,38
11.75,A1_Negative_Control,35
12.0,A1_Negative_Control,40
12.25,A1_Negative_Control,29
12.5,A1_Negative_Control,35
12.75,A1_Negative_Control,38
13.0,A1_Negative_Control,35
13.25,A1_Negative_Control,38
13.5,A1_Negative_Control,38
13.75,A1_Negative_Control,43
14.0,A1_Negative_Control,32
14.25,A1_Negative_Control,38
14.5,A1_Negative_Control,41
14.75,A1_Negative_Control,39
15.0,A1_Negative_Control,38
15.25,A1_Negative_Control,41
15.5,A1_Negative_Control,40
15.75,A1_Negative_Control,38
16.0,A1_Negative_Control,35
16.25,A1_Negative_Control,36
16.5,A1_Negative_Control,39
16.75,A1_Negative_Control,39
17.0,A1_Negative_Control,38
17.25,A1_Negative_Control,39
17.5,A1_Negative_Control,41
17.75,A1_Negative_Control,42
18.0,A1_Negative_Control,36
18.25,A1_Negative_Control,53
18.5,A1_Negative_Control,52
18.75,A1_Negative_Control,46
19.0,A1_Negative_Control,46
19.25,A1_Negative_Control,45
19.5,A1_Negative_Control,48
19.75,A1_Negative_Control,52
20.0,A1_Negative_Control,40
20.25,A1_Negative_Control,44
20.5,A1_Negative_Control,41
20.75,A1_Negative_Control,51
21.0,A1_Negative_Control,48
21.25,A1_Negative_Control,43
21.5,A1_Negative_Control,44
21.75,A1_Negative_Control,48
22.0,A1_Negative_Control,47
22.25,A1_Negative_Control,47
22.5,A1_Negative_Control,53
22.75,A1_Negative_Control,45
23.0,A1_Negative_Control,42
23.25,A1_Negative_Control,41
23.5,A1_Negative_Control,41
23.75,A1_Negative_Control,42
24.0,A1_Negative_Control,50
24.25,A1_Negative_Control,46
24.5,A1_Negative_Control,50
24.75,A1_Negative_Control,45
25.0,A1_Negative_Control,47
25.25,A1_Negative_Control,48
25.5,A1_Negative_Control,52
25.75,A1_Negative_Control,49
26.0,A1_Negative_Control,49
26.25,A1_Negative_Control,43
26.5,A1_Negative_Control,46
26.75,A1_Negative_Control,52
27.0,A1_Negative_Control,55
27.25,A1_Negative_Control,44
27.5,A1_Negative_Control,51
27.75,A1_Negative_Control,54
28.0,A1_Negative_Control,56
28.25,A1_Negative_Control,47
28.5,A1_Negative_Control,45
28.75,A1_Negative_Control,50
29.0,A1_Negative_Control,51
29.25,A1_Negative_Control,52
29.5,A1_Negative_Control,52
29.75,A1_Negative_Control,46
30.0,A1_Negative_Control,57
30.25,A1_Negative_Control,47
30.5,A1_Negative_Control,56
30.75,A1_Negative_Control,47
31.0,A1_Negative_Control,50
31.25,A1_Negative_Control,52
31.5,A1_Negative_Control,54
31.75,A1_Negative_Control,54
32.0,A1_Negative_Control,53
32.25,A1_Negative_Control,53
32.5,A1_Negative_Control,44
32.75,A1_Negative_Control,45
33.0,A1_Negative_Control,49
33.25,A1_Negative_Control,58
33.5,A1_Negative_Control,54
33.75,A1_Negative_Control,55
34.0,A1_Negative_Control,51
34.25,A1_Negative_Control,58
34.5,A1_Negative_Control,55
34.75,A1_Negative_Control,51
35.0,A1_Negative_Control,53
35.25,A1_Negative_Control,39
35.5,A1_Negative_Control,45
35.75,A1_Negative_Control,58
36.0,A1_Negative_Control,52
36.25,A1_Negative_Control,47
36.5,A1_Negative_Control,42
36.75,A1_Negative_Control,56
37.0,A1_Negative_Control,44
37.25,A1_Negative_Control,54
37.5,A1_Negative_Control,45
37.75,A1_Negative_Control,45
38.0,A1_Negative_Control,39
38.25,A1_Negative_Control,49
38.5,A1_Negative_Control,47
38.75,A1_Negative_Control,55
39.0,A1_Negative_Control,60
39.25,A1_Negative_Control,59
39.5,A1_Negative_Control,52
39.75,A1_Negative_Control,46
40.0,A1_Negative_Control,38
40.25,A1_Negative_Control,46
40.5,A1_Negative_Control,47
40.75,A1_Negative_Control,56
41.0,A1_Negative_Control,50
41.25,A1_Negative_Control,43
41.5,A1_Negative_Control,47
41.75,A1_Negative_Control,54
42.0,A1_Negative_Control,56
42.25,A1_Negative_Control,60
42.5,A1_Negative_Control,57
42.75,A1_Negative_Control,40
43.0,A1_Negative_Control,56
43.25,A1_Negative_Control,46
43.5,A1_Negative_Control,58
43.75,A1_Negative_Control,63
44.0,A1_Negative_Control,61
44.25,A1_Negative_Control,59
44.5,A1_Negative_Control,42
44.75,A1_Negative_Control,55
45.0,A1_Negative_Control,59
45.25,A1_Negative_Control,54
45.5,A1_Negative_Control,62
45.75,A1_Negative_Control,47
46.0,A1_Negative_Control,60
46.25,A1_Negative_Control,47
46.5,A1_Negative_Control,44
46.75,A1_Negative_Control,57
47.0,A1_Negative_Control,51
47.25,A1_Negative_Control,47
47.5,A1_Negative_Control,0
0.0,A2_L-Arabinose,46
0.25,A2_L-Arabinose,49
0.5,A2_L-Arabinose,52
0.75,A2_L-Arabinose,53
1.0,A2_L-Arabinose,59
1.25,A2_L-Arabinose,58
1.5,A2_L-Arabinose,59
1.75,A2_L-Arabinose,54
2.0,A2_L-Arabinose,59
2.25,A2_L-Arabinose,57
2.5,A2_L-Arabinose,59
2.75,A2_L-Arabinose,59
3.0,A2_L-Arabinose,63
3.25,A2_L-Arabinose,62
3.5,A2_L-Arabinose,63
3.75,A2_L-Arabinose,62
4.0,A2_L-Arabinose,63
4.25,A2_L-Arabinose,65
4.5,A2_L-Arabinose,60
4.75,A2_L-Arabinose,60
5.0,A2_L-Arabinose,63
5.25,A2_L-Arabinose,64
5.5,A2_L-Arabinose,59
5.75,A2_L-Arabinose,64
6.0,A2_L-Arabinose,66
6.25,A2_L-Arabinose,65
6.5,A2_L-Arabinose,64
6.75,A2_L-Arabinose,66
7.0,A2_L-Arabinose,66
7.25,A2_L-Arabinose,67
7.5,A2_L-Arabinose,64
7.75,A2_L-Arabinose,66
8.0,A2_L-Arabinose,66
8.25,A2_L-Arabinose,71
8.5,A2_L-Arabinose,62
8.75,A2_L-Arabinose,69
9.0,A2_L-Arabinose,69
9.25,A2_L-Arabinose,67
9.5,A2_L-Arabinose,67
9.75,A2_L-Arabinose,65
10.0,A2_L-Arabinose,70
10.25,A2_L-Arabinose,71
10.5,A2_L-Arabinose,69
10.75,A2_L-Arabinose,73
11.0,A2_L-Arabinose,73
11.25,A2_L-Arabinose,72
11.5,A2_L-Arabinose,70
11.75,A2_L-Arabinose,71
12.0,A2_L-Arabinose,69
12.25,A2_L-Arabinose,69
12.5,A2_L-Arabinose,71
12.75,A2_L-Arabinose,72
13.0,A2_L-Arabinose,65
13.25,A2_L-Arabinose,71
13.5,A2_L-Arabinose,71
13.75,A2_L-Arabinose,77
14.0,A2_L-Arabinose,74
14.25,A2_L-Arabinose,74
14.5,A2_L-Arabinose,73
14.75,A2_L-Arabinose,73
15.0,A2_L-Arabinose,72
15.25,A2_L-Arabinose,76
15.5,A2_L-Arabinose,73
15.75,A2_L-Arabinose,74
16.0,A2_L-Arabinose,75
16.25,A2_L-Arabinose,75
16.5,A2_L-Arabinose,72
16.75,A2_L-Arabinose,70
17.0,A2_L-Arabinose,75
17.25,A2_L-Arabinose,74
17.5,A2_L-Arabinose,72
17.75,A2_L-Arabinose,75
18.0,A2_L-Arabinose,70
18.25,A2_L-Arabinose,80
18.5,A2_L-Arabinose,77
18.75,A2_L-Arabinose,81
19.0,A2_L-Arabinose,78
19.25,A2_L-Arabinose,78
19.5,A2_L-Arabinose,76
19.75,A2_L-Arabinose,80
20.0,A2_L-Arabinose,78
20.25,A2_L-Arabinose,79
20.5,A2_L-Arabinose,76
20.75,A2_L-Arabinose,81
21.0,A2_L-Arabinose,84
21.25,A2_L-Arabinose,77
21.5,A2_L-Arabinose,83
21.75,A2_L-Arabinose,78
22.0,A2_L-Arabinose,80
22.25,A2_L-Arabinose,79
22.5,A2_L-Arabinose,84
22.75,A2_L-Arabinose,80
23.0,A2_L-Arabinose,79
23.25,A2_L-Arabinose,77
23.5,A2_L-Arabinose,74
23.75,A2_L-Arabinose,76
24.0,A2_L-Arabinose,85
24.25,A2_L-Arabinose,81
24.5,A2_L-Arabinose,82
24.75,A2_L-Arabinose,81
25.0,A2_L-Arabinose,78
25.25,A2_L-Arabinose,81
25.5,A2_L-Arabinose,85
25.75,A2_L-Arabinose,83
26.0,A2_L-Arabinose,84
26.25,A2_L-Arabinose,77
26.5,A2_L-Arabinose,77
26.75,A2_L-Arabinose,90
27.0,A2_L-Arabinose,88
27.25,A2_L-Arabinose,85
27.5,A2_L-Arabinose,85
27.75,A2_L-Arabinose,88
28.0,A2_L-Arabinose,92
28.25,A2_L-Arabinose,83
28.5,A2_L-Arabinose,79
28.75,A2_L-Arabinose,88
29.0,A2_L-Arabinose,84
29.25,A2_L-Arabinose,86
29.5,A2_L-Arabinose,84
29.75,A2_L-Arabinose,82
30.0,A2_L-Arabinose,88
30.25,A2_L-Arabinose,82
30.5,A2_L-Arabinose,93
30.75,A2_L-Arabinose,78
31.0,A2_L-Arabinose,79
31.25,A2_L-Arabinose,83
31.5,A2_L-Arabinose,88
31.75,A2_L-Arabinose,88
32.0,A2_L-Arabinose,88
32.25,A2_L-Arabinose,86
32.5,A2_L-Arabinose,75
32.75,A2_L-Arabinose,77
33.0,A2_L-Arabinose,86
33.25,A2_L-Arabinose,91
33.5,A2_L-Arabinose,92
33.75,A2_L-Arabinose,91
34.0,A2_L-Arabinose,89
34.25,A2_L-Arabinose,91
34.5,A2_L-Arabinose,85
34.75,A2_L-Arabinose,85
35.0,A2_L-Arabinose,87
35.25,A2_L-Arabinose,74
35.5,A2_L-Arabinose,80
35.75,A2_L-Arabinose,91
36.0,A2_L-Arabinose,92
36.25,A2_L-Arabinose,81
36.5,A2_L-Arabinose,78
36.75,A2_L-Arabinose,87
37.0,A2_L-Arabinose,82
37.25,A2_L-Arabinose,88
37.5,A2_L-Arabinose,79
37.75,A2_L-Arabinose,82
38.0,A2_L-Arabinose,77
38.25,A2_L-Arabinose,80
38.5,A2_L-Arabinose,82
38.75,A2_L-Arabinose,86
39.0,A2_L-Arabinose,92
39.25,A2_L-Arabinose,89
39.5,A2_L-Arabinose,84
39.75,A2_L-Arabinose,85
40.0,A2_L-Arabinose,79
40.25,A2_L-Arabinose,82
40.5,A2_L-Arabinose,78
40.75,A2_L-Arabinose,93
41.0,A2_L-Arabinose,90
41.25,A2_L-Arabinose,79
41.5,A2_L-Arabinose,77
41.75,A2_L-Arabinose,89
42.0,A2_L-Arabinose,90
42.25,A2_L-Arabinose,91
42.5,A2_L-Arabinose,96
42.75,A2_L-Arabinose,76
43.0,A2_L-Arabinose,92
43.25,A2_L-Arabinose,84
43.5,A2_L-Arabinose,93
43.75,A2_L-Arabinose,98
44.0,A2_L-Arabinose,97
44.25,A2_L-Arabinose,91
44.5,A2_L-Arabinose,81
44.75,A2_L-Arabinose,90
45.0,A2_L-Arabinose,96
45.25,A2_L-Arabinose,89
45.5,A2_L-Arabinose,94
45.75,A2_L-Arabinose,83
46.0,A2_L-Arabinose,92
46.25,A2_L-Arabinose,82
46.5,A2_L-Arabinose,83
46.75,A2_L-Arabinose,90
47.0,A2_L-Arabinose,82
47.25,A2_L-Arabinose,86
47.5,A2_L-Arabinose,0
0.0,A3_N-Acetyl-D_Glucosamine,21
0.25,A3_N-Acetyl-D_Glucosamine,11
0.5,A3_N-Acetyl-D_Glucosamine,11
0.75,A3_N-Acetyl-D_Glucosamine,11
1.0,A3_N-Acetyl-D_Glucosamine,11
1.25,A3_N-Acetyl-D_Glucosamine,11
1.5,A3_N-Acetyl-D_Glucosamine,11
1.75,A3_N-Acetyl-D_Glucosamine,11
2.0,A3_N-Acetyl-D_Glucosamine,11
2.25,A3_N-Acetyl-D_Glucosamine,11
2.5,A3_N-Acetyl-D_Glucosamine,11
2.75,A3_N-Acetyl-D_Glucosamine,11
3.0,A3_N-Acetyl-D_Glucosamine,11
3.25,A3_N-Acetyl-D_Glucosamine,12
3.5,A3_N-Acetyl-D_Glucosamine,11
3.75,A3_N-Acetyl-D_Glucosamine,11
4.0,A3_N-Acetyl-D_Glucosamine,11
4.25,A3_N-Acetyl-D_Glucosamine,11
4.5,A3_N-Acetyl-D_Glucosamine,11
4.75,A3_N-Acetyl-D_Glucosamine,16
5.0,A3_N-Acetyl-D_Glucosamine,12
5.25,A3_N-Acetyl-D_Glucosamine,19
5.5,A3_N-Acetyl-D_Glucosamine,11
5.75,A3_N-Acetyl-D_Glucosamine,24
6.0,A3_N-Acetyl-D_Glucosamine,25
6.25,A3_N-Acetyl-D_Glucosamine,25
6.5,A3_N-Acetyl-D_Glucosamine,21
6.75,A3_N-Acetyl-D_Glucosamine,29
7.0,A3_N-Acetyl-D_Glucosamine,37
7.25,A3_N-Acetyl-D_Glucosamine,29
7.5,A3_N-Acetyl-D_Glucosamine,37
7.75,A3_N-Acetyl-D_Glucosamine,39
8.0,A3_N-Acetyl-D_Glucosamine,40
8.25,A3_N-Acetyl-D_Glucosamine,45
8.5,A3_N-Acetyl-D_Glucosamine,44
8.75,A3_N-Acetyl-D_Glucosamine,51
9.0,A3_N-Acetyl-D_Glucosamine,53
9.25,A3_N-Acetyl-D_Glucosamine,58
9.5,A3_N-Acetyl-D_Glucosamine,67
9.75,A3_N-Acetyl-D_Glucosamine,68
10.0,A3_N-Acetyl-D_Glucosamine,67
10.25,A3_N-Acetyl-D_Glucosamine,67
10.5,A3_N-Acetyl-D_Glucosamine,73
10.75,A3_N-Acetyl-D_Glucosamine,83
11.0,A3_N-Acetyl-D_Glucosamine,92
11.25,A3_N-Acetyl-D_Glucosamine,91
11.5,A3_N-Acetyl-D_Glucosamine,93
11.75,A3_N-Acetyl-D_Glucosamine,98
12.0,A3_N-Acetyl-D_Glucosamine,97
12.25,A3_N-Acetyl-D_Glucosamine,102
12.5,A3_N-Acetyl-D_Glucosamine,103
12.75,A3_N-Acetyl-D_Glucosamine,116
13.0,A3_N-Acetyl-D_Glucosamine,115
13.25,A3_N-Acetyl-D_Glucosamine,119
13.5,A3_N-Acetyl-D_Glucosamine,120
13.75,A3_N-Acetyl-D_Glucosamine,135
14.0,A3_N-Acetyl-D_Glucosamine,132
14.25,A3_N-Acetyl-D_Glucosamine,141
14.5,A3_N-Acetyl-D_Glucosamine,144
14.75,A3_N-Acetyl-D_Glucosamine,147
15.0,A3_N-Acetyl-D_Glucosamine,146
15.25,A3_N-Acetyl-D_Glucosamine,154
15.5,A3_N-Acetyl-D_Glucosamine,159
15.75,A3_N-Acetyl-D_Glucosamine,161
16.0,A3_N-Acetyl-D_Glucosamine,162
16.25,A3_N-Acetyl-D_Glucosamine,163
16.5,A3_N-Acetyl-D_Glucosamine,167
16.75,A3_N-Acetyl-D_Glucosamine,175
17.0,A3_N-Acetyl-D_Glucosamine,182
17.25,A3_N-Acetyl-D_Glucosamine,181
17.5,A3_N-Acetyl-D_Glucosamine,186
17.75,A3_N-Acetyl-D_Glucosamine,192
18.0,A3_N-Acetyl-D_Glucosamine,190
18.25,A3_N-Acetyl-D_Glucosamine,201
18.5,A3_N-Acetyl-D_Glucosamine,204
18.75,A3_N-Acetyl-D_Glucosamine,205
19.0,A3_N-Acetyl-D_Glucosamine,208
19.25,A3_N-Acetyl-D_Glucosamine,212
19.5,A3_N-Acetyl-D_Glucosamine,215
19.75,A3_N-Acetyl-D_Glucosamine,219
20.0,A3_N-Acetyl-D_Glucosamine,221
20.25,A3_N-Acetyl-D_Glucosamine,223
20.5,A3_N-Acetyl-D_Glucosamine,227
20.75,A3_N-Acetyl-D_Glucosamine,228
21.0,A3_N-Acetyl-D_Glucosamine,230
21.25,A3_N-Acetyl-D_Glucosamine,230
21.5,A3_N-Acetyl-D_Glucosamine,234
21.75,A3_N-Acetyl-D_Glucosamine,239
22.0,A3_N-Acetyl-D_Glucosamine,239
22.25,A3_N-Acetyl-D_Glucosamine,241
22.5,A3_N-Acetyl-D_Glucosamine,244
22.75,A3_N-Acetyl-D_Glucosamine,244
23.0,A3_N-Acetyl-D_Glucosamine,247
23.25,A3_N-Acetyl-D_Glucosamine,246
23.5,A3_N-Acetyl-D_Glucosamine,251
23.75,A3_N-Acetyl-D_Glucosamine,250
24.0,A3_N-Acetyl-D_Glucosamine,255
24.25,A3_N-Acetyl-D_Glucosamine,255
24.5,A3_N-Acetyl-D_Glucosamine,258
24.75,A3_N-Acetyl-D_Glucosamine,257
25.0,A3_N-Acetyl-D_Glucosamine,262
25.25,A3_N-Acetyl-D_Glucosamine,262
25.5,A3_N-Acetyl-D_Glucosamine,266
25.75,A3_N-Acetyl-D_Glucosamine,263
26.0,A3_N-Acetyl-D_Glucosamine,267
26.25,A3_N-Acetyl-D_Glucosamine,261
26.5,A3_N-Acetyl-D_Glucosamine,266
26.75,A3_N-Acetyl-D_Glucosamine,269
27.0,A3_N-Acetyl-D_Glucosamine,271
27.25,A3_N-Acetyl-D_Glucosamine,270
27.5,A3_N-Acetyl-D_Glucosamine,275
27.75,A3_N-Acetyl-D_Glucosamine,274
28.0,A3_N-Acetyl-D_Glucosamine,274
28.25,A3_N-Acetyl-D_Glucosamine,270
28.5,A3_N-Acetyl-D_Glucosamine,268
28.75,A3_N-Acetyl-D_Glucosamine,275
29.0,A3_N-Acetyl-D_Glucosamine,275
29.25,A3_N-Acetyl-D_Glucosamine,278
29.5,A3_N-Acetyl-D_Glucosamine,275
29.75,A3_N-Acetyl-D_Glucosamine,274
30.0,A3_N-Acetyl-D_Glucosamine,281
30.25,A3_N-Acetyl-D_Glucosamine,275
30.5,A3_N-Acetyl-D_Glucosamine,282
30.75,A3_N-Acetyl-D_Glucosamine,273
31.0,A3_N-Acetyl-D_Glucosamine,271
31.25,A3_N-Acetyl-D_Glucosamine,277
31.5,A3_N-Acetyl-D_Glucosamine,281
31.75,A3_N-Acetyl-D_Glucosamine,280
32.0,A3_N-Acetyl-D_Glucosamine,279
32.25,A3_N-Acetyl-D_Glucosamine,278
32.5,A3_N-Acetyl-D_Glucosamine,276
32.75,A3_N-Acetyl-D_Glucosamine,273
33.0,A3_N-Acetyl-D_Glucosamine,276
33.25,A3_N-Acetyl-D_Glucosamine,285
33.5,A3_N-Acetyl-D_Glucosamine,281
33.75,A3_N-Acetyl-D_Glucosamine,281
34.0,A3_N-Acetyl-D_Glucosamine,282
34.25,A3_N-Acetyl-D_Glucosamine,286
34.5,A3_N-Acetyl-D_Glucosamine,283
34.75,A3_N-Acetyl-D_Glucosamine,283
35.0,A3_N-Acetyl-D_Glucosamine,283
35.25,A3_N-Acetyl-D_Glucosamine,275
35.5,A3_N-Acetyl-D_Glucosamine,277
35.75,A3_N-Acetyl-D_Glucosamine,287
36.0,A3_N-Acetyl-D_Glucosamine,288
36.25,A3_N-Acetyl-D_Glucosamine,280
36.5,A3_N-Acetyl-D_Glucosamine,278
36.75,A3_N-Acetyl-D_Glucosamine,283
37.0,A3_N-Acetyl-D_Glucosamine,280
37.25,A3_N-Acetyl-D_Glucosamine,284
37.5,A3_N-Acetyl-D_Glucosamine,278
37.75,A3_N-Acetyl-D_Glucosamine,280
38.0,A3_N-Acetyl-D_Glucosamine,281
38.25,A3_N-Acetyl-D_Glucosamine,284
38.5,A3_N-Acetyl-D_Glucosamine,281
38.75,A3_N-Acetyl-D_Glucosamine,289
39.0,A3_N-Acetyl-D_Glucosamine,288
39.25,A3_N-Acetyl-D_Glucosamine,287
39.5,A3_N-Acetyl-D_Glucosamine,284
39.75,A3_N-Acetyl-D_Glucosamine,280
40.0,A3_N-Acetyl-D_Glucosamine,283
40.25,A3_N-Acetyl-D_Glucosamine,286
40.5,A3_N-Acetyl-D_Glucosamine,285
40.75,A3_N-Acetyl-D_Glucosamine,292
41.0,A3_N-Acetyl-D_Glucosamine,288
41.25,A3_N-Acetyl-D_Glucosamine,282
41.5,A3_N-Acetyl-D_Glucosamine,284
41.75,A3_N-Acetyl-D_Glucosamine,290
42.0,A3_N-Acetyl-D_Glucosamine,292
42.25,A3_N-Acetyl-D_Glucosamine,293
42.5,A3_N-Acetyl-D_Glucosamine,293
42.75,A3_N-Acetyl-D_Glucosamine,284
43.0,A3_N-Acetyl-D_Glucosamine,294
43.25,A3_N-Acetyl-D_Glucosamine,287
43.5,A3_N-Acetyl-D_Glucosamine,297
43.75,A3_N-Acetyl-D_Glucosamine,299
44.0,A3_N-Acetyl-D_Glucosamine,298
44.25,A3_N-Acetyl-D_Glucosamine,299
44.5,A3_N-Acetyl-D_Glucosamine,287
44.75,A3_N-Acetyl-D_Glucosamine,300
45.0,A3_N-Acetyl-D_Glucosamine,299
45.25,A3_N-Acetyl-D_Glucosamine,295
45.5,A3_N-Acetyl-D_Glucosamine,299
45.75,A3_N-Acetyl-D_Glucosamine,293
46.0,A3_N-Acetyl-D_Glucosamine,303
46.25,A3_N-Acetyl-D_Glucosamine,293
46.5,A3_N-Acetyl-D_Glucosamine,293
46.75,A3_N-Acetyl-D_Glucosamine,300
47.0,A3_N-Acetyl-D_Glucosamine,298
47.25,A3_N-Acetyl-D_Glucosamine,295
47.5,A3_N-Acetyl-D_Glucosamine,0
0.0,A4_D-Saccharic_Acid,21
0.25,A4_D-Saccharic_Acid,20
0.5,A4_D-Saccharic_Acid,11
0.75,A4_D-Saccharic_Acid,14
1.0,A4_D-Saccharic_Acid,11
1.25,A4_D-Saccharic_Acid,11
1.5,A4_D-Saccharic_Acid,14
1.75,A4_D-Saccharic_Acid,13
2.0,A4_D-Saccharic_Acid,11
2.25,A4_D-Saccharic_Acid,11
2.5,A4_D-Saccharic_Acid,11
2.75,A4_D-Saccharic_Acid,11
3.0,A4_D-Saccharic_Acid,13
3.25,A4_D-Saccharic_Acid,11
3.5,A4_D-Saccharic_Acid,15
3.75,A4_D-Saccharic_Acid,11
4.0,A4_D-Saccharic_Acid,18
4.25,A4_D-Saccharic_Acid,17
4.5,A4_D-Saccharic_Acid,21
4.75,A4_D-Saccharic_Acid,19
5.0,A4_D-Saccharic_Acid,20
5.25,A4_D-Saccharic_Acid,17
5.5,A4_D-Saccharic_Acid,17
5.75,A4_D-Saccharic_Acid,23
6.0,A4_D-Saccharic_Acid,27
6.25,A4_D-Saccharic_Acid,26
6.5,A4_D-Saccharic_Acid,30
6.75,A4_D-Saccharic_Acid,24
7.0,A4_D-Saccharic_Acid,38
7.25,A4_D-Saccharic_Acid,30
7.5,A4_D-Saccharic_Acid,32
7.75,A4_D-Saccharic_Acid,36
8.0,A4_D-Saccharic_Acid,35
8.25,A4_D-Saccharic_Acid,35
8.5,A4_D-Saccharic_Acid,32
8.75,A4_D-Saccharic_Acid,36
9.0,A4_D-Saccharic_Acid,28
9.25,A4_D-Saccharic_Acid,32
9.5,A4_D-Saccharic_Acid,32
9.75,A4_D-Saccharic_Acid,31
10.0,A4_D-Saccharic_Acid,31
10.25,A4_D-Saccharic_Acid,28
10.5,A4_D-Saccharic_Acid,31
10.75,A4_D-Saccharic_Acid,34
11.0,A4_D-Saccharic_Acid,33
11.25,A4_D-Saccharic_Acid,32
11.5,A4_D-Saccharic_Acid,30
11.75,A4_D-Saccharic_Acid,35
12.0,A4_D-Saccharic_Acid,38
12.25,A4_D-Saccharic_Acid,26
12.5,A4_D-Saccharic_Acid,38
12.75,A4_D-Saccharic_Acid,32
13.0,A4_D-Saccharic_Acid,30
13.25,A4_D-Saccharic_Acid,33
13.5,A4_D-Saccharic_Acid,36
13.75,A4_D-Saccharic_Acid,39
14.0,A4_D-Saccharic_Acid,31
14.25,A4_D-Saccharic_Acid,36
14.5,A4_D-Saccharic_Acid,35
14.75,A4_D-Saccharic_Acid,40
15.0,A4_D-Saccharic_Acid,37
15.25,A4_D-Saccharic_Acid,37
15.5,A4_D-Saccharic_Acid,37
15.75,A4_D-Saccharic_Acid,30
16.0,A4_D-Saccharic_Acid,37
16.25,A4_D-Saccharic_Acid,37
16.5,A4_D-Saccharic_Acid,40
16.75,A4_D-Saccharic_Acid,35
17.0,A4_D-Saccharic_Acid,40
17.25,A4_D-Saccharic_Acid,34
17.5,A4_D-Saccharic_Acid,39
17.75,A4_D-Saccharic_Acid,43
18.0,A4_D-Saccharic_Acid,29
18.25,A4_D-Saccharic_Acid,53
18.5,A4_D-Saccharic_Acid,46
18.75,A4_D-Saccharic_Acid,49
19.0,A4_D-Saccharic_Acid,45
19.25,A4_D-Saccharic_Acid,48
19.5,A4_D-Saccharic_Acid,47
19.75,A4_D-Saccharic_Acid,59
20.0,A4_D-Saccharic_Acid,47
20.25,A4_D-Saccharic_Acid,46
20.5,A4_D-Saccharic_Acid,44
20.75,A4_D-Saccharic_Acid,55
21.0,A4_D-Saccharic_Acid,58
21.25,A4_D-Saccharic_Acid,43
21.5,A4_D-Saccharic_Acid,45
21.75,A4_D-Saccharic_Acid,57
22.0,A4_D-Saccharic_Acid,48
22.25,A4_D-Saccharic_Acid,53
22.5,A4_D-Saccharic_Acid,58
22.75,A4_D-Saccharic_Acid,45
23.0,A4_D-Saccharic_Acid,43
23.25,A4_D-Saccharic_Acid,47
23.5,A4_D-Saccharic_Acid,46
23.75,A4_D-Saccharic_Acid,46
24.0,A4_D-Saccharic_Acid,57
24.25,A4_D-Saccharic_Acid,49
24.5,A4_D-Saccharic_Acid,53
24.75,A4_D-Saccharic_Acid,45
25.0,A4_D-Saccharic_Acid,54
25.25,A4_D-Saccharic_Acid,57
25.5,A4_D-Saccharic_Acid,61
25.75,A4_D-Saccharic_Acid,54
26.0,A4_D-Saccharic_Acid,59
26.25,A4_D-Saccharic_Acid,44
26.5,A4_D-Saccharic_Acid,51
26.75,A4_D-Saccharic_Acid,55
27.0,A4_D-Saccharic_Acid,61
27.25,A4_D-Saccharic_Acid,50
27.5,A4_D-Saccharic_Acid,58
27.75,A4_D-Saccharic_Acid,67
28.0,A4_D-Saccharic_Acid,61
28.25,A4_D-Saccharic_Acid,54
28.5,A4_D-Saccharic_Acid,47
28.75,A4_D-Saccharic_Acid,57
29.0,A4_D-Saccharic_Acid,58
29.25,A4_D-Saccharic_Acid,54
29.5,A4_D-Saccharic_Acid,60
29.75,A4_D-Saccharic_Acid,53
30.0,A4_D-Saccharic_Acid,63
30.25,A4_D-Saccharic_Acid,46
30.5,A4_D-Saccharic_Acid,63
30.75,A4_D-Saccharic_Acid,49
31.0,A4_D-Saccharic_Acid,50
31.25,A4_D-Saccharic_Acid,60
31.5,A4_D-Saccharic_Acid,64
31.75,A4_D-Saccharic_Acid,68
32.0,A4_D-Saccharic_Acid,55
32.25,A4_D-Saccharic_Acid,59
32.5,A4_D-Saccharic_Acid,47
32.75,A4_D-Saccharic_Acid,47
33.0,A4_D-Saccharic_Acid,48
33.25,A4_D-Saccharic_Acid,61
33.5,A4_D-Saccharic_Acid,61
33.75,A4_D-Saccharic_Acid,62
34.0,A4_D-Saccharic_Acid,62
34.25,A4_D-Saccharic_Acid,69
34.5,A4_D-Saccharic_Acid,59
34.75,A4_D-Saccharic_Acid,61
35.0,A4_D-Saccharic_Acid,63
35.25,A4_D-Saccharic_Acid,41
35.5,A4_D-Saccharic_Acid,48
35.75,A4_D-Saccharic_Acid,69
36.0,A4_D-Saccharic_Acid,60
36.25,A4_D-Saccharic_Acid,44
36.5,A4_D-Saccharic_Acid,49
36.75,A4_D-Saccharic_Acid,60
37.0,A4_D-Saccharic_Acid,48
37.25,A4_D-Saccharic_Acid,60
37.5,A4_D-Saccharic_Acid,43
37.75,A4_D-Saccharic_Acid,46
38.0,A4_D-Saccharic_Acid,46
38.25,A4_D-Saccharic_Acid,53
38.5,A4_D-Saccharic_Acid,52
38.75,A4_D-Saccharic_Acid,57
39.0,A4_D-Saccharic_Acid,61
39.25,A4_D-Saccharic_Acid,66
39.5,A4_D-Saccharic_Acid,55
39.75,A4_D-Saccharic_Acid,48
40.0,A4_D-Saccharic_Acid,40
40.25,A4_D-Saccharic_Acid,44
40.5,A4_D-Saccharic_Acid,51
40.75,A4_D-Saccharic_Acid,63
41.0,A4_D-Saccharic_Acid,58
41.25,A4_D-Saccharic_Acid,47
41.5,A4_D-Saccharic_Acid,52
41.75,A4_D-Saccharic_Acid,61
42.0,A4_D-Saccharic_Acid,65
42.25,A4_D-Saccharic_Acid,61
42.5,A4_D-Saccharic_Acid,64
42.75,A4_D-Saccharic_Acid,46
43.0,A4_D-Saccharic_Acid,60
43.25,A4_D-Saccharic_Acid,48
43.5,A4_D-Saccharic_Acid,63
43.75,A4_D-Saccharic_Acid,71
44.0,A4_D-Saccharic_Acid,69
44.25,A4_D-Saccharic_Acid,67
44.5,A4_D-Saccharic_Acid,44
44.75,A4_D-Saccharic_Acid,63
45.0,A4_D-Saccharic_Acid,68
45.25,A4_D-Saccharic_Acid,60
45.5,A4_D-Saccharic_Acid,67
45.75,A4_D-Saccharic_Acid,46
46.0,A4_D-Saccharic_Acid,64
46.25,A4_D-Saccharic_Acid,53
46.5,A4_D-Saccharic_Acid,48
46.75,A4_D-Saccharic_Acid,67
47.0,A4_D-Saccharic_Acid,56
47.25,A4_D-Saccharic_Acid,52
47.5,A4_D-Saccharic_Acid,0
0.0,A5_Succinic_Acid,11
0.25,A5_Succinic_Acid,11
0.5,A5_Succinic_Acid,11
0.75,A5_Succinic_Acid,11
1.0,A5_Succinic_Acid,11
1.25,A5_Succinic_Acid,11
1.5,A5_Succinic_Acid,11
1.75,A5_Succinic_Acid,11
2.0,A5_Succinic_Acid,11
2.25,A5_Succinic_Acid,11
2.5,A5_Succinic_Acid,11
2.75,A5_Succinic_Acid,11
3.0,A5_Succinic_Acid,11
3.25,A5_Succinic_Acid,11
3.5,A5_Succinic_Acid,11
3.75,A5_Succinic_Acid,11
4.0,A5_Succinic_Acid,12
4.25,A5_Succinic_Acid,11
4.5,A5_Succinic_Acid,13
4.75,A5_Succinic_Acid,11
5.0,A5_Succinic_Acid,14
5.25,A5_Succinic_Acid,14
5.5,A5_Succinic_Acid,16
5.75,A5_Succinic_Acid,20
6.0,A5_Succinic_Acid,25
6.25,A5_Succinic_Acid,24
6.5,A5_Succinic_Acid,28
6.75,A5_Succinic_Acid,29
7.0,A5_Succinic_Acid,32
7.25,A5_Succinic_Acid,33
7.5,A5_Succinic_Acid,33
7.75,A5_Succinic_Acid,44
8.0,A5_Succinic_Acid,43
8.25,A5_Succinic_Acid,46
8.5,A5_Succinic_Acid,48
8.75,A5_Succinic_Acid,60
9.0,A5_Succinic_Acid,54
9.25,A5_Succinic_Acid,56
9.5,A5_Succinic_Acid,60
9.75,A5_Succinic_Acid,66
10.0,A5_Succinic_Acid,69
10.25,A5_Succinic_Acid,75
10.5,A5_Succinic_Acid,79
10.75,A5_Succinic_Acid,83
11.0,A5_Succinic_Acid,90
11.25,A5_Succinic_Acid,89
11.5,A5_Succinic_Acid,96
11.75,A5_Succinic_Acid,96
12.0,A5_Succinic_Acid,102
12.25,A5_Succinic_Acid,100
12.5,A5_Succinic_Acid,106
12.75,A5_Succinic_Acid,104
13.0,A5_Succinic_Acid,109
13.25,A5_Succinic_Acid,118
13.5,A5_Succinic_Acid,120
13.75,A5_Succinic_Acid,121
14.0,A5_Succinic_Acid,121
14.25,A5_Succinic_Acid,136
14.5,A5_Succinic_Acid,136
14.75,A5_Succinic_Acid,142
15.0,A5_Succinic_Acid,138
15.25,A5_Succinic_Acid,139
15.5,A5_Succinic_Acid,140
15.75,A5_Succinic_Acid,135
16.0,A5_Succinic_Acid,137
16.25,A5_Succinic_Acid,136
16.5,A5_Succinic_Acid,138
16.75,A5_Succinic_Acid,136
17.0,A5_Succinic_Acid,136
17.25,A5_Succinic_Acid,133
17.5,A5_Succinic_Acid,133
17.75,A5_Succinic_Acid,134
18.0,A5_Succinic_Acid,126
18.25,A5_Succinic_Acid,138
18.5,A5_Succinic_Acid,143
18.75,A5_Succinic_Acid,138
19.0,A5_Succinic_Acid,135
19.25,A5_Succinic_Acid,134
19.5,A5_Succinic_Acid,140
19.75,A5_Succinic_Acid,146
20.0,A5_Succinic_Acid,138
20.25,A5_Succinic_Acid,136
20.5,A5_Succinic_Acid,135
20.75,A5_Succinic_Acid,142
21.0,A5_Succinic_Acid,147
21.25,A5_Succinic_Acid,134
21.5,A5_Succinic_Acid,133
21.75,A5_Succinic_Acid,139
22.0,A5_Succinic_Acid,139
22.25,A5_Succinic_Acid,134
22.5,A5_Succinic_Acid,144
22.75,A5_Succinic_Acid,137
23.0,A5_Succinic_Acid,134
23.25,A5_Succinic_Acid,137
23.5,A5_Succinic_Acid,131
23.75,A5_Succinic_Acid,132
24.0,A5_Succinic_Acid,141
24.25,A5_Succinic_Acid,134
24.5,A5_Succinic_Acid,137
24.75,A5_Succinic_Acid,133
25.0,A5_Succinic_Acid,136
25.25,A5_Succinic_Acid,140
25.5,A5_Succinic_Acid,134
25.75,A5_Succinic_Acid,136
26.0,A5_Succinic_Acid,139
26.25,A5_Succinic_Acid,130
26.5,A5_Succinic_Acid,129
26.75,A5_Succinic_Acid,136
27.0,A5_Succinic_Acid,140
27.25,A5_Succinic_Acid,134
27.5,A5_Succinic_Acid,141
27.75,A5_Succinic_Acid,139
28.0,A5_Succinic_Acid,140
28.25,A5_Succinic_Acid,136
28.5,A5_Succinic_Acid,130
28.75,A5_Succinic_Acid,138
29.0,A5_Succinic_Acid,134
29.25,A5_Succinic_Acid,138
29.5,A5_Succinic_Acid,139
29.75,A5_Succinic_Acid,133
30.0,A5_Succinic_Acid,140
30.25,A5_Succinic_Acid,129
30.5,A5_Succinic_Acid,141
30.75,A5_Succinic_Acid,130
31.0,A5_Succinic_Acid,133
31.25,A5_Succinic_Acid,138
31.5,A5_Succinic_Acid,138
31.75,A5_Succinic_Acid,140
32.0,A5_Succinic_Acid,133
32.25,A5_Succinic_Acid,139
32.5,A5_Succinic_Acid,126
32.75,A5_Succinic_Acid,128
33.0,A5_Succinic_Acid,132
33.25,A5_Succinic_Acid,142
33.5,A5_Succinic_Acid,138
33.75,A5_Succinic_Acid,137
34.0,A5_Succinic_Acid,136
34.25,A5_Succinic_Acid,145
34.5,A5_Succinic_Acid,135
34.75,A5_Succinic_Acid,138
35.0,A5_Succinic_Acid,139
35.25,A5_Succinic_Acid,126
35.5,A5_Succinic_Acid,128
35.75,A5_Succinic_Acid,142
36.0,A5_Succinic_Acid,135
36.25,A5_Succinic_Acid,126
36.5,A5_Succinic_Acid,127
36.75,A5_Succinic_Acid,133
37.0,A5_Succinic_Acid,129
37.25,A5_Succinic_Acid,135
37.5,A5_Succinic_Acid,124
37.75,A5_Succinic_Acid,128
38.0,A5_Succinic_Acid,127
38.25,A5_Succinic_Acid,131
38.5,A5_Succinic_Acid,127
38.75,A5_Succinic_Acid,139
39.0,A5_Succinic_Acid,138
39.25,A5_Succinic_Acid,140
39.5,A5_Succinic_Acid,132
39.75,A5_Succinic_Acid,133
40.0,A5_Succinic_Acid,127
40.25,A5_Succinic_Acid,129
40.5,A5_Succinic_Acid,129
40.75,A5_Succinic_Acid,141
41.0,A5_Succinic_Acid,135
41.25,A5_Succinic_Acid,127
41.5,A5_Succinic_Acid,128
41.75,A5_Succinic_Acid,136
42.0,A5_Succinic_Acid,141
42.25,A5_Succinic_Acid,139
42.5,A5_Succinic_Acid,142
42.75,A5_Succinic_Acid,121
43.0,A5_Succinic_Acid,136
43.25,A5_Succinic_Acid,129
43.5,A5_Succinic_Acid,137
43.75,A5_Succinic_Acid,146
44.0,A5_Succinic_Acid,141
44.25,A5_Succinic_Acid,141
44.5,A5_Succinic_Acid,127
44.75,A5_Succinic_Acid,140
45.0,A5_Succinic_Acid,146
45.25,A5_Succinic_Acid,131
45.5,A5_Succinic_Acid,143
45.75,A5_Succinic_Acid,124
46.0,A5_Succinic_Acid,143
46.25,A5_Succinic_Acid,129
46.5,A5_Succinic_Acid,124
46.75,A5_Succinic_Acid,138
47.0,A5_Succinic_Acid,133
47.25,A5_Succinic_Acid,129
47.5,A5_Succinic_Acid,0
0.0,A6_D-Galactose,11
0.25,A6_D-Galactose,11
0.5,A6_D-Galactose,11
0.75,A6_D-Galactose,14
1.0,A6_D-Galactose,11
1.25,A6_D-Galactose,11
1.5,A6_D-Galactose,11
1.75,A6_D-Galactose,11
2.0,A6_D-Galactose,11
2.25,A6_D-Galactose,11
2.5,A6_D-Galactose,11
2.75,A6_D-Galactose,11
3.0,A6_D-Galactose,11
3.25,A6_D-Galactose,11
3.5,A6_D-Galactose,11
3.75,A6_D-Galactose,11
4.0,A6_D-Galactose,11
4.25,A6_D-Galactose,11
4.5,A6_D-Galactose,11
4.75,A6_D-Galactose,11
5.0,A6_D-Galactose,11
5.25,A6_D-Galactose,15
5.5,A6_D-Galactose,18
5.75,A6_D-Galactose,18
6.0,A6_D-Galactose,19
6.25,A6_D-Galactose,17
6.5,A6_D-Galactose,20
6.75,A6_D-Galactose,23
7.0,A6_D-Galactose,26
7.25,A6_D-Galactose,30
7.5,A6_D-Galactose,27
7.75,A6_D-Galactose,27
8.0,A6_D-Galactose,35
8.25,A6_D-Galactose,29
8.5,A6_D-Galactose,38
8.75,A6_D-Galactose,41
9.0,A6_D-Galactose,37
9.25,A6_D-Galactose,37
9.5,A6_D-Galactose,34
9.75,A6_D-Galactose,36
10.0,A6_D-Galactose,39
10.25,A6_D-Galactose,41
10.5,A6_D-Galactose,48
10.75,A6_D-Galactose,46
11.0,A6_D-Galactose,48
11.25,A6_D-Galactose,50
11.5,A6_D-Galactose,50
11.75,A6_D-Galactose,49
12.0,A6_D-Galactose,54
12.25,A6_D-Galactose,57
12.5,A6_D-Galactose,63
12.75,A6_D-Galactose,53
13.0,A6_D-Galactose,59
13.25,A6_D-Galactose,64
13.5,A6_D-Galactose,64
13.75,A6_D-Galactose,64
14.0,A6_D-Galactose,66
14.25,A6_D-Galactose,65
14.5,A6_D-Galactose,70
14.75,A6_D-Galactose,75
15.0,A6_D-Galactose,75
15.25,A6_D-Galactose,75
15.5,A6_D-Galactose,76
15.75,A6_D-Galactose,76
16.0,A6_D-Galactose,81
16.25,A6_D-Galactose,81
16.5,A6_D-Galactose,82
16.75,A6_D-Galactose,83
17.0,A6_D-Galactose,87
17.25,A6_D-Galactose,86
17.5,A6_D-Galactose,87
17.75,A6_D-Galactose,86
18.0,A6_D-Galactose,86
18.25,A6_D-Galactose,97
18.5,A6_D-Galactose,102
18.75,A6_D-Galactose,100
19.0,A6_D-Galactose,102
19.25,A6_D-Galactose,107
19.5,A6_D-Galactose,105
19.75,A6_D-Galactose,108
20.0,A6_D-Galactose,108
20.25,A6_D-Galactose,112
20.5,A6_D-Galactose,108
20.75,A6_D-Galactose,116
21.0,A6_D-Galactose,119
21.25,A6_D-Galactose,110
21.5,A6_D-Galactose,112
21.75,A6_D-Galactose,117
22.0,A6_D-Galactose,117
22.25,A6_D-Galactose,118
22.5,A6_D-Galactose,131
22.75,A6_D-Galactose,120
23.0,A6_D-Galactose,121
23.25,A6_D-Galactose,124
23.5,A6_D-Galactose,129
23.75,A6_D-Galactose,133
24.0,A6_D-Galactose,139
24.25,A6_D-Galactose,134
24.5,A6_D-Galactose,133
24.75,A6_D-Galactose,134
25.0,A6_D-Galactose,141
25.25,A6_D-Galactose,144
25.5,A6_D-Galactose,152
25.75,A6_D-Galactose,147
26.0,A6_D-Galactose,154
26.25,A6_D-Galactose,144
26.5,A6_D-Galactose,150
26.75,A6_D-Galactose,157
27.0,A6_D-Galactose,163
27.25,A6_D-Galactose,160
27.5,A6_D-Galactose,165
27.75,A6_D-Galactose,170
28.0,A6_D-Galactose,171
28.25,A6_D-Galactose,173
28.5,A6_D-Galactose,176
28.75,A6_D-Galactose,174
29.0,A6_D-Galactose,178
29.25,A6_D-Galactose,180
29.5,A6_D-Galactose,185
29.75,A6_D-Galactose,183
30.0,A6_D-Galactose,188
30.25,A6_D-Galactose,183
30.5,A6_D-Galactose,191
30.75,A6_D-Galactose,193
31.0,A6_D-Galactose,195
31.25,A6_D-Galactose,193
31.5,A6_D-Galactose,197
31.75,A6_D-Galactose,204
32.0,A6_D-Galactose,202
32.25,A6_D-Galactose,205
32.5,A6_D-Galactose,203
32.75,A6_D-Galactose,210
33.0,A6_D-Galactose,210
33.25,A6_D-Galactose,218
33.5,A6_D-Galactose,220
33.75,A6_D-Galactose,221
34.0,A6_D-Galactose,226
34.25,A6_D-Galactose,228
34.5,A6_D-Galactose,229
34.75,A6_D-Galactose,230
35.0,A6_D-Galactose,233
35.25,A6_D-Galactose,227
35.5,A6_D-Galactose,235
35.75,A6_D-Galactose,241
36.0,A6_D-Galactose,237
36.25,A6_D-Galactose,238
36.5,A6_D-Galactose,241
36.75,A6_D-Galactose,244
37.0,A6_D-Galactose,247
37.25,A6_D-Galactose,248
37.5,A6_D-Galactose,247
37.75,A6_D-Galactose,250
38.0,A6_D-Galactose,253
38.25,A6_D-Galactose,257
38.5,A6_D-Galactose,256
38.75,A6_D-Galactose,261
39.0,A6_D-Galactose,263
39.25,A6_D-Galactose,263
39.5,A6_D-Galactose,263
39.75,A6_D-Galactose,264
40.0,A6_D-Galactose,260
40.25,A6_D-Galactose,264
40.5,A6_D-Galactose,268
40.75,A6_D-Galactose,273
41.0,A6_D-Galactose,267
41.25,A6_D-Galactose,270
41.5,A6_D-Galactose,275
41.75,A6_D-Galactose,272
42.0,A6_D-Galactose,276
42.25,A6_D-Galactose,281
42.5,A6_D-Galactose,279
42.75,A6_D-Galactose,272
43.0,A6_D-Galactose,281
43.25,A6_D-Galactose,280
43.5,A6_D-Galactose,284
43.75,A6_D-Galactose,287
44.0,A6_D-Galactose,284
44.25,A6_D-Galactose,287
44.5,A6_D-Galactose,278
44.75,A6_D-Galactose,287
45.0,A6_D-Galactose,289
45.25,A6_D-Galactose,287
45.5,A6_D-Galactose,289
45.75,A6_D-Galactose,286
46.0,A6_D-Galactose,288
46.25,A6_D-Galactose,289
46.5,A6_D-Galactose,284
46.75,A6_D-Galactose,291
47.0,A6_D-Galactose,287
47.25,A6_D-Galactose,286
47.5,A6_D-Galactose,0
0.0,A7_L-Aspartic_Acid,11
0.25,A7_L-Aspartic_Acid,11
0.5,A7_L-Aspartic_Acid,11
0.75,A7_L-Aspartic_Acid,11
1.0,A7_L-Aspartic_Acid,11
1.25,A7_L-Aspartic_Acid,11
1.5,A7_L-Aspartic_Acid,11
1.75,A7_L-Aspartic_Acid,11
2.0,A7_L-Aspartic_Acid,11
2.25,A7_L-Aspartic_Acid,11
2.5,A7_L-Aspartic_Acid,11
2.75,A7_L-Aspartic_Acid,11
3.0,A7_L-Aspartic_Acid,11
3.25,A7_L-Aspartic_Acid,11
3.5,A7_L-Aspartic_Acid,11
3.75,A7_L-Aspartic_Acid,11
4.0,A7_L-Aspartic_Acid,11
4.25,A7_L-Aspartic_Acid,11
4.5,A7_L-Aspartic_Acid,11
4.75,A7_L-Aspartic_Acid,12
5.0,A7_L-Aspartic_Acid,16
5.25,A7_L-Aspartic_Acid,17
5.5,A7_L-Aspartic_Acid,11
5.75,A7_L-Aspartic_Acid,16
6.0,A7_L-Aspartic_Acid,16
6.25,A7_L-Aspartic_Acid,15
6.5,A7_L-Aspartic_Acid,17
6.75,A7_L-Aspartic_Acid,17
7.0,A7_L-Aspartic_Acid,22
7.25,A7_L-Aspartic_Acid,18
7.5,A7_L-Aspartic_Acid,21
7.75,A7_L-Aspartic_Acid,22
8.0,A7_L-Aspartic_Acid,26
8.25,A7_L-Aspartic_Acid,23
8.5,A7_L-Aspartic_Acid,26
8.75,A7_L-Aspartic_Acid,27
9.0,A7_L-Aspartic_Acid,27
9.25,A7_L-Aspartic_Acid,28
9.5,A7_L-Aspartic_Acid,27
9.75,A7_L-Aspartic_Acid,30
10.0,A7_L-Aspartic_Acid,32
10.25,A7_L-Aspartic_Acid,31
10.5,A7_L-Aspartic_Acid,32
10.75,A7_L-Aspartic_Acid,35
11.0,A7_L-Aspartic_Acid,33
11.25,A7_L-Aspartic_Acid,36
11.5,A7_L-Aspartic_Acid,33
11.75,A7_L-Aspartic_Acid,36
12.0,A7_L-Aspartic_Acid,41
12.25,A7_L-Aspartic_Acid,40
12.5,A7_L-Aspartic_Acid,38
12.75,A7_L-Aspartic_Acid,36
13.0,A7_L-Aspartic_Acid,37
13.25,A7_L-Aspartic_Acid,45
13.5,A7_L-Aspartic_Acid,45
13.75,A7_L-Aspartic_Acid,41
14.0,A7_L-Aspartic_Acid,45
14.25,A7_L-Aspartic_Acid,43
14.5,A7_L-Aspartic_Acid,43
14.75,A7_L-Aspartic_Acid,48
15.0,A7_L-Aspartic_Acid,49
15.25,A7_L-Aspartic_Acid,49
15.5,A7_L-Aspartic_Acid,44
15.75,A7_L-Aspartic_Acid,51
16.0,A7_L-Aspartic_Acid,52
16.25,A7_L-Aspartic_Acid,53
16.5,A7_L-Aspartic_Acid,57
16.75,A7_L-Aspartic_Acid,56
17.0,A7_L-Aspartic_Acid,54
17.25,A7_L-Aspartic_Acid,61
17.5,A7_L-Aspartic_Acid,58
17.75,A7_L-Aspartic_Acid,60
18.0,A7_L-Aspartic_Acid,58
18.25,A7_L-Aspartic_Acid,67
18.5,A7_L-Aspartic_Acid,70
18.75,A7_L-Aspartic_Acid,66
19.0,A7_L-Aspartic_Acid,69
19.25,A7_L-Aspartic_Acid,71
19.5,A7_L-Aspartic_Acid,70
19.75,A7_L-Aspartic_Acid,75
20.0,A7_L-Aspartic_Acid,73
20.25,A7_L-Aspartic_Acid,71
20.5,A7_L-Aspartic_Acid,72
20.75,A7_L-Aspartic_Acid,77
21.0,A7_L-Aspartic_Acid,82
21.25,A7_L-Aspartic_Acid,73
21.5,A7_L-Aspartic_Acid,75
21.75,A7_L-Aspartic_Acid,85
22.0,A7_L-Aspartic_Acid,77
22.25,A7_L-Aspartic_Acid,81
22.5,A7_L-Aspartic_Acid,91
22.75,A7_L-Aspartic_Acid,82
23.0,A7_L-Aspartic_Acid,82
23.25,A7_L-Aspartic_Acid,82
23.5,A7_L-Aspartic_Acid,83
23.75,A7_L-Aspartic_Acid,93
24.0,A7_L-Aspartic_Acid,90
24.25,A7_L-Aspartic_Acid,88
24.5,A7_L-Aspartic_Acid,89
24.75,A7_L-Aspartic_Acid,94
25.0,A7_L-Aspartic_Acid,90
25.25,A7_L-Aspartic_Acid,96
25.5,A7_L-Aspartic_Acid,95
25.75,A7_L-Aspartic_Acid,99
26.0,A7_L-Aspartic_Acid,103
26.25,A7_L-Aspartic_Acid,98
26.5,A7_L-Aspartic_Acid,97
26.75,A7_L-Aspartic_Acid,102
27.0,A7_L-Aspartic_Acid,108
27.25,A7_L-Aspartic_Acid,105
27.5,A7_L-Aspartic_Acid,109
27.75,A7_L-Aspartic_Acid,113
28.0,A7_L-Aspartic_Acid,113
28.25,A7_L-Aspartic_Acid,111
28.5,A7_L-Aspartic_Acid,113
28.75,A7_L-Aspartic_Acid,114
29.0,A7_L-Aspartic_Acid,115
29.25,A7_L-Aspartic_Acid,111
29.5,A7_L-Aspartic_Acid,119
29.75,A7_L-Aspartic_Acid,117
30.0,A7_L-Aspartic_Acid,125
30.25,A7_L-Aspartic_Acid,119
30.5,A7_L-Aspartic_Acid,126
30.75,A7_L-Aspartic_Acid,122
31.0,A7_L-Aspartic_Acid,124
31.25,A7_L-Aspartic_Acid,123
31.5,A7_L-Aspartic_Acid,130
31.75,A7_L-Aspartic_Acid,131
32.0,A7_L-Aspartic_Acid,131
32.25,A7_L-Aspartic_Acid,128
32.5,A7_L-Aspartic_Acid,128
32.75,A7_L-Aspartic_Acid,134
33.0,A7_L-Aspartic_Acid,129
33.25,A7_L-Aspartic_Acid,137
33.5,A7_L-Aspartic_Acid,141
33.75,A7_L-Aspartic_Acid,139
34.0,A7_L-Aspartic_Acid,139
34.25,A7_L-Aspartic_Acid,145
34.5,A7_L-Aspartic_Acid,146
34.75,A7_L-Aspartic_Acid,147
35.0,A7_L-Aspartic_Acid,150
35.25,A7_L-Aspartic_Acid,143
35.5,A7_L-Aspartic_Acid,146
35.75,A7_L-Aspartic_Acid,155
36.0,A7_L-Aspartic_Acid,153
36.25,A7_L-Aspartic_Acid,152
36.5,A7_L-Aspartic_Acid,156
36.75,A7_L-Aspartic_Acid,156
37.0,A7_L-Aspartic_Acid,156
37.25,A7_L-Aspartic_Acid,160
37.5,A7_L-Aspartic_Acid,158
37.75,A7_L-Aspartic_Acid,161
38.0,A7_L-Aspartic_Acid,165
38.25,A7_L-Aspartic_Acid,171
38.5,A7_L-Aspartic_Acid,167
38.75,A7_L-Aspartic_Acid,174
39.0,A7_L-Aspartic_Acid,169
39.25,A7_L-Aspartic_Acid,170
39.5,A7_L-Aspartic_Acid,162
39.75,A7_L-Aspartic_Acid,166
40.0,A7_L-Aspartic_Acid,160
40.25,A7_L-Aspartic_Acid,161
40.5,A7_L-Aspartic_Acid,165
40.75,A7_L-Aspartic_Acid,166
41.0,A7_L-Aspartic_Acid,164
41.25,A7_L-Aspartic_Acid,161
41.5,A7_L-Aspartic_Acid,161
41.75,A7_L-Aspartic_Acid,160
42.0,A7_L-Aspartic_Acid,163
42.25,A7_L-Aspartic_Acid,162
42.5,A7_L-Aspartic_Acid,168
42.75,A7_L-Aspartic_Acid,155
43.0,A7_L-Aspartic_Acid,162
43.25,A7_L-Aspartic_Acid,159
43.5,A7_L-Aspartic_Acid,164
43.75,A7_L-Aspartic_Acid,166
44.0,A7_L-Aspartic_Acid,165
44.25,A7_L-Aspartic_Acid,162
44.5,A7_L-Aspartic_Acid,156
44.75,A7_L-Aspartic_Acid,161
45.0,A7_L-Aspartic_Acid,160
45.25,A7_L-Aspartic_Acid,159
45.5,A7_L-Aspartic_Acid,164
45.75,A7_L-Aspartic_Acid,154
46.0,A7_L-Aspartic_Acid,163
46.25,A7_L-Aspartic_Acid,155
46.5,A7_L-Aspartic_Acid,152
46.75,A7_L-Aspartic_Acid,158
47.0,A7_L-Aspartic_Acid,157
47.25,A7_L-Aspartic_Acid,155
47.5,A7_L-Aspartic_Acid,0
0.0,A8_L-Proline,11
0.25,A8_L-Proline,11
0.5,A8_L-Proline,11
0.75,A8_L-Proline,11
1.0,A8_L-Proline,11
1.25,A8_L-Proline,11
1.5,A8_L-Proline,11
1.75,A8_L-Proline,11
2.0,A8_L-Proline,11
2.25,A8_L-Proline,11
2.5,A8_L-Proline,11
2.75,A8_L-Proline,11
3.0,A8_L-Proline,11
3.25,A8_L-Proline,11
3.5,A8_L-Proline,11
3.75,A8_L-Proline,11
4.0,A8_L-Proline,11
4.25,A8_L-Proline,11
4.5,A8_L-Proline,11
4.75,A8_L-Proline,12
5.0,A8_L-Proline,12
5.25,A8_L-Proline,11
5.5,A8_L-Proline,11
5.75,A8_L-Proline,11
6.0,A8_L-Proline,11
6.25,A8_L-Proline,12
6.5,A8_L-Proline,16
6.75,A8_L-Proline,13
7.0,A8_L-Proline,17
7.25,A8_L-Proline,20
7.5,A8_L-Proline,21
7.75,A8_L-Proline,22
8.0,A8_L-Proline,23
8.25,A8_L-Proline,24
8.5,A8_L-Proline,27
8.75,A8_L-Proline,25
9.0,A8_L-Proline,27
9.25,A8_L-Proline,28
9.5,A8_L-Proline,30
9.75,A8_L-Proline,31
10.0,A8_L-Proline,31
10.25,A8_L-Proline,31
10.5,A8_L-Proline,34
10.75,A8_L-Proline,39
11.0,A8_L-Proline,42
11.25,A8_L-Proline,44
11.5,A8_L-Proline,45
11.75,A8_L-Proline,44
12.0,A8_L-Proline,47
12.25,A8_L-Proline,50
12.5,A8_L-Proline,46
12.75,A8_L-Proline,55
13.0,A8_L-Proline,50
13.25,A8_L-Proline,52
13.5,A8_L-Proline,57
13.75,A8_L-Proline,62
14.0,A8_L-Proline,62
14.25,A8_L-Proline,66
14.5,A8_L-Proline,68
14.75,A8_L-Proline,67
15.0,A8_L-Proline,69
15.25,A8_L-Proline,76
15.5,A8_L-Proline,76
15.75,A8_L-Proline,80
16.0,A8_L-Proline,83
16.25,A8_L-Proline,83
16.5,A8_L-Proline,88
16.75,A8_L-Proline,92
17.0,A8_L-Proline,94
17.25,A8_L-Proline,96
17.5,A8_L-Proline,100
17.75,A8_L-Proline,104
18.0,A8_L-Proline,105
18.25,A8_L-Proline,116
18.5,A8_L-Proline,123
18.75,A8_L-Proline,123
19.0,A8_L-Proline,127
19.25,A8_L-Proline,130
19.5,A8_L-Proline,134
19.75,A8_L-Proline,137
20.0,A8_L-Proline,142
20.25,A8_L-Proline,145
20.5,A8_L-Proline,146
20.75,A8_L-Proline,151
21.0,A8_L-Proline,159
21.25,A8_L-Proline,158
21.5,A8_L-Proline,161
21.75,A8_L-Proline,167
22.0,A8_L-Proline,172
22.25,A8_L-Proline,174
22.5,A8_L-Proline,180
22.75,A8_L-Proline,181
23.0,A8_L-Proline,183
23.25,A8_L-Proline,188
23.5,A8_L-Proline,193
23.75,A8_L-Proline,194
24.0,A8_L-Proline,200
24.25,A8_L-Proline,201
24.5,A8_L-Proline,206
24.75,A8_L-Proline,206
25.0,A8_L-Proline,210
25.25,A8_L-Proline,215
25.5,A8_L-Proline,219
25.75,A8_L-Proline,219
26.0,A8_L-Proline,227
26.25,A8_L-Proline,224
26.5,A8_L-Proline,226
26.75,A8_L-Proline,232
27.0,A8_L-Proline,236
27.25,A8_L-Proline,237
27.5,A8_L-Proline,238
27.75,A8_L-Proline,242
28.0,A8_L-Proline,241
28.25,A8_L-Proline,243
28.5,A8_L-Proline,245
28.75,A8_L-Proline,248
29.0,A8_L-Proline,248
29.25,A8_L-Proline,249
29.5,A8_L-Proline,255
29.75,A8_L-Proline,250
30.0,A8_L-Proline,257
30.25,A8_L-Proline,252
30.5,A8_L-Proline,256
30.75,A8_L-Proline,255
31.0,A8_L-Proline,254
31.25,A8_L-Proline,257
31.5,A8_L-Proline,260
31.75,A8_L-Proline,264
32.0,A8_L-Proline,262
32.25,A8_L-Proline,260
32.5,A8_L-Proline,256
32.75,A8_L-Proline,261
33.0,A8_L-Proline,260
33.25,A8_L-Proline,265
33.5,A8_L-Proline,266
33.75,A8_L-Proline,264
34.0,A8_L-Proline,267
34.25,A8_L-Proline,265
34.5,A8_L-Proline,268
34.75,A8_L-Proline,267
35.0,A8_L-Proline,265
35.25,A8_L-Proline,262
35.5,A8_L-Proline,262
35.75,A8_L-Proline,267
36.0,A8_L-Proline,269
36.25,A8_L-Proline,267
36.5,A8_L-Proline,265
36.75,A8_L-Proline,270
37.0,A8_L-Proline,267
37.25,A8_L-Proline,269
37.5,A8_L-Proline,266
37.75,A8_L-Proline,263
38.0,A8_L-Proline,268
38.25,A8_L-Proline,268
38.5,A8_L-Proline,268
38.75,A8_L-Proline,269
39.0,A8_L-Proline,269
39.25,A8_L-Proline,269
39.5,A8_L-Proline,271
39.75,A8_L-Proline,268
40.0,A8_L-Proline,265
40.25,A8_L-Proline,268
40.5,A8_L-Proline,268
40.75,A8_L-Proline,272
41.0,A8_L-Proline,271
41.25,A8_L-Proline,267
41.5,A8_L-Proline,269
41.75,A8_L-Proline,269
42.0,A8_L-Proline,272
42.25,A8_L-Proline,272
42.5,A8_L-Proline,273
42.75,A8_L-Proline,267
43.0,A8_L-Proline,273
43.25,A8_L-Proline,269
43.5,A8_L-Proline,275
43.75,A8_L-Proline,273
44.0,A8_L-Proline,276
44.25,A8_L-Proline,273
44.5,A8_L-Proline,269
44.75,A8_L-Proline,275
45.0,A8_L-Proline,275
45.25,A8_L-Proline,273
45.5,A8_L-Proline,276
45.75,A8_L-Proline,271
46.0,A8_L-Proline,275
46.25,A8_L-Proline,268
46.5,A8_L-Proline,268
46.75,A8_L-Proline,275
47.0,A8_L-Proline,274
47.25,A8_L-Proline,272
47.5,A8_L-Proline,0
0.0,A9_D-Alanine,11
0.25,A9_D-Alanine,12
0.5,A9_D-Alanine,11
0.75,A9_D-Alanine,11
1.0,A9_D-Alanine,13
1.25,A9_D-Alanine,11
1.5,A9_D-Alanine,16
1.75,A9_D-Alanine,11
2.0,A9_D-Alanine,11
2.25,A9_D-Alanine,12
2.5,A9_D-Alanine,11
2.75,A9_D-Alanine,11
3.0,A9_D-Alanine,11
3.25,A9_D-Alanine,12
3.5,A9_D-Alanine,11
3.75,A9_D-Alanine,12
4.0,A9_D-Alanine,15
4.25,A9_D-Alanine,17
4.5,A9_D-Alanine,17
4.75,A9_D-Alanine,11
5.0,A9_D-Alanine,17
5.25,A9_D-Alanine,16
5.5,A9_D-Alanine,15
5.75,A9_D-Alanine,17
6.0,A9_D-Alanine,18
6.25,A9_D-Alanine,17
6.5,A9_D-Alanine,15
6.75,A9_D-Alanine,16
7.0,A9_D-Alanine,20
7.25,A9_D-Alanine,16
7.5,A9_D-Alanine,21
7.75,A9_D-Alanine,21
8.0,A9_D-Alanine,19
8.25,A9_D-Alanine,21
8.5,A9_D-Alanine,22
8.75,A9_D-Alanine,23
9.0,A9_D-Alanine,18
9.25,A9_D-Alanine,21
9.5,A9_D-Alanine,21
9.75,A9_D-Alanine,21
10.0,A9_D-Alanine,14
10.25,A9_D-Alanine,18
10.5,A9_D-Alanine,18
10.75,A9_D-Alanine,27
11.0,A9_D-Alanine,20
11.25,A9_D-Alanine,22
11.5,A9_D-Alanine,22
11.75,A9_D-Alanine,24
12.0,A9_D-Alanine,17
12.25,A9_D-Alanine,19
12.5,A9_D-Alanine,23
12.75,A9_D-Alanine,21
13.0,A9_D-Alanine,21
13.25,A9_D-Alanine,23
13.5,A9_D-Alanine,24
13.75,A9_D-Alanine,23
14.0,A9_D-Alanine,23
14.25,A9_D-Alanine,23
14.5,A9_D-Alanine,25
14.75,A9_D-Alanine,25
15.0,A9_D-Alanine,23
15.25,A9_D-Alanine,24
15.5,A9_D-Alanine,26
15.75,A9_D-Alanine,23
16.0,A9_D-Alanine,26
16.25,A9_D-Alanine,29
16.5,A9_D-Alanine,27
16.75,A9_D-Alanine,23
17.0,A9_D-Alanine,22
17.25,A9_D-Alanine,24
17.5,A9_D-Alanine,24
17.75,A9_D-Alanine,27
18.0,A9_D-Alanine,22
18.25,A9_D-Alanine,25
18.5,A9_D-Alanine,26
18.75,A9_D-Alanine,31
19.0,A9_D-Alanine,29
19.25,A9_D-Alanine,29
19.5,A9_D-Alanine,32
19.75,A9_D-Alanine,25
20.0,A9_D-Alanine,29
20.25,A9_D-Alanine,31
20.5,A9_D-Alanine,31
20.75,A9_D-Alanine,30
21.0,A9_D-Alanine,25
21.25,A9_D-Alanine,25
21.5,A9_D-Alanine,32
21.75,A9_D-Alanine,28
22.0,A9_D-Alanine,26
22.25,A9_D-Alanine,30
22.5,A9_D-Alanine,26
22.75,A9_D-Alanine,27
23.0,A9_D-Alanine,28
23.25,A9_D-Alanine,27
23.5,A9_D-Alanine,28
23.75,A9_D-Alanine,30
24.0,A9_D-Alanine,28
24.25,A9_D-Alanine,27
24.5,A9_D-Alanine,27
24.75,A9_D-Alanine,26
25.0,A9_D-Alanine,27
25.25,A9_D-Alanine,32
25.5,A9_D-Alanine,32
25.75,A9_D-Alanine,30
26.0,A9_D-Alanine,27
26.25,A9_D-Alanine,27
26.5,A9_D-Alanine,27
26.75,A9_D-Alanine,34
27.0,A9_D-Alanine,37
27.25,A9_D-Alanine,32
27.5,A9_D-Alanine,33
27.75,A9_D-Alanine,31
28.0,A9_D-Alanine,27
28.25,A9_D-Alanine,30
28.5,A9_D-Alanine,27
28.75,A9_D-Alanine,31
29.0,A9_D-Alanine,34
29.25,A9_D-Alanine,31
29.5,A9_D-Alanine,29
29.75,A9_D-Alanine,32
30.0,A9_D-Alanine,32
30.25,A9_D-Alanine,31
30.5,A9_D-Alanine,31
30.75,A9_D-Alanine,26
31.0,A9_D-Alanine,29
31.25,A9_D-Alanine,29
31.5,A9_D-Alanine,31
31.75,A9_D-Alanine,31
32.0,A9_D-Alanine,30
32.25,A9_D-Alanine,30
32.5,A9_D-Alanine,23
32.75,A9_D-Alanine,28
33.0,A9_D-Alanine,30
33.25,A9_D-Alanine,31
33.5,A9_D-Alanine,30
33.75,A9_D-Alanine,32
34.0,A9_D-Alanine,30
34.25,A9_D-Alanine,30
34.5,A9_D-Alanine,32
34.75,A9_D-Alanine,31
35.0,A9_D-Alanine,31
35.25,A9_D-Alanine,24
35.5,A9_D-Alanine,31
35.75,A9_D-Alanine,33
36.0,A9_D-Alanine,31
36.25,A9_D-Alanine,29
36.5,A9_D-Alanine,28
36.75,A9_D-Alanine,32
37.0,A9_D-Alanine,32
37.25,A9_D-Alanine,30
37.5,A9_D-Alanine,27
37.75,A9_D-Alanine,29
38.0,A9_D-Alanine,31
38.25,A9_D-Alanine,32
38.5,A9_D-Alanine,27
38.75,A9_D-Alanine,33
39.0,A9_D-Alanine,28
39.25,A9_D-Alanine,27
39.5,A9_D-Alanine,28
39.75,A9_D-Alanine,31
40.0,A9_D-Alanine,26
40.25,A9_D-Alanine,30
40.5,A9_D-Alanine,28
40.75,A9_D-Alanine,31
41.0,A9_D-Alanine,31
41.25,A9_D-Alanine,29
41.5,A9_D-Alanine,34
41.75,A9_D-Alanine,28
42.0,A9_D-Alanine,34
42.25,A9_D-Alanine,31
42.5,A9_D-Alanine,31
42.75,A9_D-Alanine,29
43.0,A9_D-Alanine,35
43.25,A9_D-Alanine,30
43.5,A9_D-Alanine,33
43.75,A9_D-Alanine,33
44.0,A9_D-Alanine,35
44.25,A9_D-Alanine,34
44.5,A9_D-Alanine,34
44.75,A9_D-Alanine,36
45.0,A9_D-Alanine,34
45.25,A9_D-Alanine,30
45.5,A9_D-Alanine,36
45.75,A9_D-Alanine,33
46.0,A9_D-Alanine,35
46.25,A9_D-Alanine,30
46.5,A9_D-Alanine,29
46.75,A9_D-Alanine,35
47.0,A9_D-Alanine,31
47.25,A9_D-Alanine,31
47.5,A9_D-Alanine,0
0.0,A10_D-Trehalose,11
0.25,A10_D-Trehalose,11
0.5,A10_D-Trehalose,11
0.75,A10_D-Trehalose,11
1.0,A10_D-Trehalose,11
1.25,A10_D-Trehalose,11
1.5,A10_D-Trehalose,11
1.75,A10_D-Trehalose,11
2.0,A10_D-Trehalose,11
2.25,A10_D-Trehalose,11
2.5,A10_D-Trehalose,11
2.75,A10_D-Trehalose,11
3.0,A10_D-Trehalose,11
3.25,A10_D-Trehalose,11
3.5,A10_D-Trehalose,11
3.75,A10_D-Trehalose,11
4.0,A10_D-Trehalose,11
4.25,A10_D-Trehalose,11
4.5,A10_D-Trehalose,11
4.75,A10_D-Trehalose,11
5.0,A10_D-Trehalose,11
5.25,A10_D-Trehalose,11
5.5,A10_D-Trehalose,11
5.75,A10_D-Trehalose,11
6.0,A10_D-Trehalose,11
6.25,A10_D-Trehalose,11
6.5,A10_D-Trehalose,16
6.75,A10_D-Trehalose,12
7.0,A10_D-Trehalose,13
7.25,A10_D-Trehalose,12
7.5,A10_D-Trehalose,14
7.75,A10_D-Trehalose,11
8.0,A10_D-Trehalose,12
8.25,A10_D-Trehalose,16
8.5,A10_D-Trehalose,17
8.75,A10_D-Trehalose,15
9.0,A10_D-Trehalose,14
9.25,A10_D-Trehalose,13
9.5,A10_D-Trehalose,15
9.75,A10_D-Trehalose,15
10.0,A10_D-Trehalose,17
10.25,A10_D-Trehalose,15
10.5,A10_D-Trehalose,19
10.75,A10_D-Trehalose,19
11.0,A10_D-Trehalose,16
11.25,A10_D-Trehalose,20
11.5,A10_D-Trehalose,21
11.75,A10_D-Trehalose,18
12.0,A10_D-Trehalose,19
12.25,A10_D-Trehalose,21
12.5,A10_D-Trehalose,21
12.75,A10_D-Trehalose,21
13.0,A10_D-Trehalose,22
13.25,A10_D-Trehalose,22
13.5,A10_D-Trehalose,24
13.75,A10_D-Trehalose,25
14.0,A10_D-Trehalose,27
14.25,A10_D-Trehalose,23
14.5,A10_D-Trehalose,22
14.75,A10_D-Trehalose,29
15.0,A10_D-Trehalose,25
15.25,A10_D-Trehalose,24
15.5,A10_D-Trehalose,26
15.75,A10_D-Trehalose,25
16.0,A10_D-Trehalose,30
16.25,A10_D-Trehalose,33
16.5,A10_D-Trehalose,31
16.75,A10_D-Trehalose,29
17.0,A10_D-Trehalose,27
17.25,A10_D-Trehalose,29
17.5,A10_D-Trehalose,31
17.75,A10_D-Trehalose,34
18.0,A10_D-Trehalose,37
18.25,A10_D-Trehalose,39
18.5,A10_D-Trehalose,39
18.75,A10_D-Trehalose,32
19.0,A10_D-Trehalose,34
19.25,A10_D-Trehalose,38
19.5,A10_D-Trehalose,35
19.75,A10_D-Trehalose,45
20.0,A10_D-Trehalose,40
20.25,A10_D-Trehalose,38
20.5,A10_D-Trehalose,42
20.75,A10_D-Trehalose,42
21.0,A10_D-Trehalose,47
21.25,A10_D-Trehalose,41
21.5,A10_D-Trehalose,38
21.75,A10_D-Trehalose,45
22.0,A10_D-Trehalose,46
22.25,A10_D-Trehalose,48
22.5,A10_D-Trehalose,53
22.75,A10_D-Trehalose,49
23.0,A10_D-Trehalose,47
23.25,A10_D-Trehalose,45
23.5,A10_D-Trehalose,45
23.75,A10_D-Trehalose,52
24.0,A10_D-Trehalose,55
24.25,A10_D-Trehalose,52
24.5,A10_D-Trehalose,49
24.75,A10_D-Trehalose,50
25.0,A10_D-Trehalose,53
25.25,A10_D-Trehalose,57
25.5,A10_D-Trehalose,56
25.75,A10_D-Trehalose,53
26.0,A10_D-Trehalose,60
26.25,A10_D-Trehalose,55
26.5,A10_D-Trehalose,54
26.75,A10_D-Trehalose,58
27.0,A10_D-Trehalose,66
27.25,A10_D-Trehalose,59
27.5,A10_D-Trehalose,62
27.75,A10_D-Trehalose,65
28.0,A10_D-Trehalose,63
28.25,A10_D-Trehalose,67
28.5,A10_D-Trehalose,61
28.75,A10_D-Trehalose,65
29.0,A10_D-Trehalose,69
29.25,A10_D-Trehalose,65
29.5,A10_D-Trehalose,68
29.75,A10_D-Trehalose,69
30.0,A10_D-Trehalose,73
30.25,A10_D-Trehalose,68
30.5,A10_D-Trehalose,71
30.75,A10_D-Trehalose,68
31.0,A10_D-Trehalose,69
31.25,A10_D-Trehalose,71
31.5,A10_D-Trehalose,72
31.75,A10_D-Trehalose,76
32.0,A10_D-Trehalose,74
32.25,A10_D-Trehalose,73
32.5,A10_D-Trehalose,69
32.75,A10_D-Trehalose,73
33.0,A10_D-Trehalose,74
33.25,A10_D-Trehalose,86
33.5,A10_D-Trehalose,83
33.75,A10_D-Trehalose,82
34.0,A10_D-Trehalose,84
34.25,A10_D-Trehalose,86
34.5,A10_D-Trehalose,87
34.75,A10_D-Trehalose,88
35.0,A10_D-Trehalose,86
35.25,A10_D-Trehalose,82
35.5,A10_D-Trehalose,84
35.75,A10_D-Trehalose,96
36.0,A10_D-Trehalose,93
36.25,A10_D-Trehalose,96
36.5,A10_D-Trehalose,94
36.75,A10_D-Trehalose,98
37.0,A10_D-Trehalose,100
37.25,A10_D-Trehalose,103
37.5,A10_D-Trehalose,106
37.75,A10_D-Trehalose,110
38.0,A10_D-Trehalose,108
38.25,A10_D-Trehalose,114
38.5,A10_D-Trehalose,117
38.75,A10_D-Trehalose,122
39.0,A10_D-Trehalose,122
39.25,A10_D-Trehalose,126
39.5,A10_D-Trehalose,129
39.75,A10_D-Trehalose,126
40.0,A10_D-Trehalose,130
40.25,A10_D-Trehalose,133
40.5,A10_D-Trehalose,132
40.75,A10_D-Trehalose,139
41.0,A10_D-Trehalose,139
41.25,A10_D-Trehalose,136
41.5,A10_D-Trehalose,140
41.75,A10_D-Trehalose,142
42.0,A10_D-Trehalose,147
42.25,A10_D-Trehalose,147
42.5,A10_D-Trehalose,160
42.75,A10_D-Trehalose,152
43.0,A10_D-Trehalose,159
43.25,A10_D-Trehalose,161
43.5,A10_D-Trehalose,165
43.75,A10_D-Trehalose,171
44.0,A10_D-Trehalose,174
44.25,A10_D-Trehalose,173
44.5,A10_D-Trehalose,172
44.75,A10_D-Trehalose,179
45.0,A10_D-Trehalose,185
45.25,A10_D-Trehalose,183
45.5,A10_D-Trehalose,184
45.75,A10_D-Trehalose,183
46.0,A10_D-Trehalose,192
46.25,A10_D-Trehalose,189
46.5,A10_D-Trehalose,190
46.75,A10_D-Trehalose,199
47.0,A10_D-Trehalose,199
47.25,A10_D-Trehalose,200
47.5,A10_D-Trehalose,0
0.0,A11_D-Mannose,14
0.25,A11_D-Mannose,13
0.5,A11_D-Mannose,16
0.75,A11_D-Mannose,15
1.0,A11_D-Mannose,14
1.25,A11_D-Mannose,11
1.5,A11_D-Mannose,16
1.75,A11_D-Mannose,15
2.0,A11_D-Mannose,13
2.25,A11_D-Mannose,15
2.5,A11_D-Mannose,11
2.75,A11_D-Mannose,12
3.0,A11_D-Mannose,18
3.25,A11_D-Mannose,13
3.5,A11_D-Mannose,16
3.75,A11_D-Mannose,17
4.0,A11_D-Mannose,14
4.25,A11_D-Mannose,18
4.5,A11_D-Mannose,15
4.75,A11_D-Mannose,18
5.0,A11_D-Mannose,22
5.25,A11_D-Mannose,23
5.5,A11_D-Mannose,22
5.75,A11_D-Mannose,20
6.0,A11_D-Mannose,20
6.25,A11_D-Mannose,25
6.5,A11_D-Mannose,23
6.75,A11_D-Mannose,28
7.0,A11_D-Mannose,30
7.25,A11_D-Mannose,29
7.5,A11_D-Mannose,34
7.75,A11_D-Mannose,33
8.0,A11_D-Mannose,39
8.25,A11_D-Mannose,38
8.5,A11_D-Mannose,46
8.75,A11_D-Mannose,47
9.0,A11_D-Mannose,38
9.25,A11_D-Mannose,45
9.5,A11_D-Mannose,48
9.75,A11_D-Mannose,51
10.0,A11_D-Mannose,52
10.25,A11_D-Mannose,52
10.5,A11_D-Mannose,58
10.75,A11_D-Mannose,59
11.0,A11_D-Mannose,64
11.25,A11_D-Mannose,65
11.5,A11_D-Mannose,67
11.75,A11_D-Mannose,72
12.0,A11_D-Mannose,77
12.25,A11_D-Mannose,77
12.5,A11_D-Mannose,84
12.75,A11_D-Mannose,79
13.0,A11_D-Mannose,91
13.25,A11_D-Mannose,91
13.5,A11_D-Mannose,97
13.75,A11_D-Mannose,98
14.0,A11_D-Mannose,101
14.25,A11_D-Mannose,102
14.5,A11_D-Mannose,110
14.75,A11_D-Mannose,117
15.0,A11_D-Mannose,116
15.25,A11_D-Mannose,114
15.5,A11_D-Mannose,121
15.75,A11_D-Mannose,120
16.0,A11_D-Mannose,130
16.25,A11_D-Mannose,130
16.5,A11_D-Mannose,138
16.75,A11_D-Mannose,139
17.0,A11_D-Mannose,138
17.25,A11_D-Mannose,148
17.5,A11_D-Mannose,147
17.75,A11_D-Mannose,156
18.0,A11_D-Mannose,153
18.25,A11_D-Mannose,170
18.5,A11_D-Mannose,173
18.75,A11_D-Mannose,172
19.0,A11_D-Mannose,180
19.25,A11_D-Mannose,184
19.5,A11_D-Mannose,187
19.75,A11_D-Mannose,202
20.0,A11_D-Mannose,197
20.25,A11_D-Mannose,198
20.5,A11_D-Mannose,198
20.75,A11_D-Mannose,209
21.0,A11_D-Mannose,219
21.25,A11_D-Mannose,213
21.5,A11_D-Mannose,216
21.75,A11_D-Mannose,225
22.0,A11_D-Mannose,225
22.25,A11_D-Mannose,228
22.5,A11_D-Mannose,238
22.75,A11_D-Mannose,232
23.0,A11_D-Mannose,231
23.25,A11_D-Mannose,236
23.5,A11_D-Mannose,234
23.75,A11_D-Mannose,241
24.0,A11_D-Mannose,248
24.25,A11_D-Mannose,246
24.5,A11_D-Mannose,242
24.75,A11_D-Mannose,241
25.0,A11_D-Mannose,247
25.25,A11_D-Mannose,249
25.5,A11_D-Mannose,255
25.75,A11_D-Mannose,251
26.0,A11_D-Mannose,256
26.25,A11_D-Mannose,252
26.5,A11_D-Mannose,252
26.75,A11_D-Mannose,255
27.0,A11_D-Mannose,262
27.25,A11_D-Mannose,257
27.5,A11_D-Mannose,262
27.75,A11_D-Mannose,262
28.0,A11_D-Mannose,261
28.25,A11_D-Mannose,262
28.5,A11_D-Mannose,260
28.75,A11_D-Mannose,263
29.0,A11_D-Mannose,264
29.25,A11_D-Mannose,261
29.5,A11_D-Mannose,266
29.75,A11_D-Mannose,261
30.0,A11_D-Mannose,269
30.25,A11_D-Mannose,264
30.5,A11_D-Mannose,264
30.75,A11_D-Mannose,262
31.0,A11_D-Mannose,264
31.25,A11_D-Mannose,265
31.5,A11_D-Mannose,266
31.75,A11_D-Mannose,270
32.0,A11_D-Mannose,261
32.25,A11_D-Mannose,262
32.5,A11_D-Mannose,265
32.75,A11_D-Mannose,263
33.0,A11_D-Mannose,260
33.25,A11_D-Mannose,265
33.5,A11_D-Mannose,267
33.75,A11_D-Mannose,266
34.0,A11_D-Mannose,268
34.25,A11_D-Mannose,268
34.5,A11_D-Mannose,268
34.75,A11_D-Mannose,270
35.0,A11_D-Mannose,266
35.25,A11_D-Mannose,262
35.5,A11_D-Mannose,263
35.75,A11_D-Mannose,269
36.0,A11_D-Mannose,268
36.25,A11_D-Mannose,265
36.5,A11_D-Mannose,265
36.75,A11_D-Mannose,267
37.0,A11_D-Mannose,264
37.25,A11_D-Mannose,267
37.5,A11_D-Mannose,262
37.75,A11_D-Mannose,265
38.0,A11_D-Mannose,265
38.25,A11_D-Mannose,269
38.5,A11_D-Mannose,266
38.75,A11_D-Mannose,271
39.0,A11_D-Mannose,271
39.25,A11_D-Mannose,269
39.5,A11_D-Mannose,268
39.75,A11_D-Mannose,264
40.0,A11_D-Mannose,263
40.25,A11_D-Mannose,264
40.5,A11_D-Mannose,267
40.75,A11_D-Mannose,266
41.0,A11_D-Mannose,266
41.25,A11_D-Mannose,262
41.5,A11_D-Mannose,264
41.75,A11_D-Mannose,264
42.0,A11_D-Mannose,264
42.25,A11_D-Mannose,262
42.5,A11_D-Mannose,264
42.75,A11_D-Mannose,252
43.0,A11_D-Mannose,261
43.25,A11_D-Mannose,256
43.5,A11_D-Mannose,260
43.75,A11_D-Mannose,261
44.0,A11_D-Mannose,259
44.25,A11_D-Mannose,257
44.5,A11_D-Mannose,248
44.75,A11_D-Mannose,256
45.0,A11_D-Mannose,257
45.25,A11_D-Mannose,254
45.5,A11_D-Mannose,259
45.75,A11_D-Mannose,252
46.0,A11_D-Mannose,255
46.25,A11_D-Mannose,250
46.5,A11_D-Mannose,247
46.75,A11_D-Mannose,254
47.0,A11_D-Mannose,250
47.25,A11_D-Mannose,248
47.5,A11_D-Mannose,0
0.0,A12_Dulcitol,29
0.25,A12_Dulcitol,16
0.5,A12_Dulcitol,22
0.75,A12_Dulcitol,24
1.0,A12_Dulcitol,20
1.25,A12_Dulcitol,18
1.5,A12_Dulcitol,25
1.75,A12_Dulcitol,19
2.0,A12_Dulcitol,21
2.25,A12_Dulcitol,19
2.5,A12_Dulcitol,19
2.75,A12_Dulcitol,23
3.0,A12_Dulcitol,26
3.25,A12_Dulcitol,20
3.5,A12_Dulcitol,21
3.75,A12_Dulcitol,24
4.0,A12_Dulcitol,21
4.25,A12_Dulcitol,27
4.5,A12_Dulcitol,23
4.75,A12_Dulcitol,26
5.0,A12_Dulcitol,25
5.25,A12_Dulcitol,29
5.5,A12_Dulcitol,31
5.75,A12_Dulcitol,27
6.0,A12_Dulcitol,32
6.25,A12_Dulcitol,30
6.5,A12_Dulcitol,32
6.75,A12_Dulcitol,36
7.0,A12_Dulcitol,33
7.25,A12_Dulcitol,36
7.5,A12_Dulcitol,37
7.75,A12_Dulcitol,32
8.0,A12_Dulcitol,35
8.25,A12_Dulcitol,36
8.5,A12_Dulcitol,34
8.75,A12_Dulcitol,35
9.0,A12_Dulcitol,34
9.25,A12_Dulcitol,36
9.5,A12_Dulcitol,33
9.75,A12_Dulcitol,36
10.0,A12_Dulcitol,34
10.25,A12_Dulcitol,36
10.5,A12_Dulcitol,37
10.75,A12_Dulcitol,38
11.0,A12_Dulcitol,35
11.25,A12_Dulcitol,35
11.5,A12_Dulcitol,33
11.75,A12_Dulcitol,36
12.0,A12_Dulcitol,36
12.25,A12_Dulcitol,35
12.5,A12_Dulcitol,37
12.75,A12_Dulcitol,35
13.0,A12_Dulcitol,33
13.25,A12_Dulcitol,34
13.5,A12_Dulcitol,34
13.75,A12_Dulcitol,37
14.0,A12_Dulcitol,38
14.25,A12_Dulcitol,34
14.5,A12_Dulcitol,37
14.75,A12_Dulcitol,38
15.0,A12_Dulcitol,38
15.25,A12_Dulcitol,39
15.5,A12_Dulcitol,36
15.75,A12_Dulcitol,36
16.0,A12_Dulcitol,35
16.25,A12_Dulcitol,39
16.5,A12_Dulcitol,39
16.75,A12_Dulcitol,36
17.0,A12_Dulcitol,37
17.25,A12_Dulcitol,38
17.5,A12_Dulcitol,39
17.75,A12_Dulcitol,37
18.0,A12_Dulcitol,41
18.25,A12_Dulcitol,39
18.5,A12_Dulcitol,42
18.75,A12_Dulcitol,42
19.0,A12_Dulcitol,42
19.25,A12_Dulcitol,43
19.5,A12_Dulcitol,43
19.75,A12_Dulcitol,41
20.0,A12_Dulcitol,40
20.25,A12_Dulcitol,39
20.5,A12_Dulcitol,39
20.75,A12_Dulcitol,45
21.0,A12_Dulcitol,41
21.25,A12_Dulcitol,39
21.5,A12_Dulcitol,39
21.75,A12_Dulcitol,41
22.0,A12_Dulcitol,40
22.25,A12_Dulcitol,41
22.5,A12_Dulcitol,45
22.75,A12_Dulcitol,38
23.0,A12_Dulcitol,41
23.25,A12_Dulcitol,38
23.5,A12_Dulcitol,36
23.75,A12_Dulcitol,42
24.0,A12_Dulcitol,44
24.25,A12_Dulcitol,36
24.5,A12_Dulcitol,39
24.75,A12_Dulcitol,40
25.0,A12_Dulcitol,37
25.25,A12_Dulcitol,40
25.5,A12_Dulcitol,44
25.75,A12_Dulcitol,38
26.0,A12_Dulcitol,39
26.25,A12_Dulcitol,39
26.5,A12_Dulcitol,40
26.75,A12_Dulcitol,40
27.0,A12_Dulcitol,43
27.25,A12_Dulcitol,42
27.5,A12_Dulcitol,43
27.75,A12_Dulcitol,43
28.0,A12_Dulcitol,43
28.25,A12_Dulcitol,44
28.5,A12_Dulcitol,44
28.75,A12_Dulcitol,40
29.0,A12_Dulcitol,42
29.25,A12_Dulcitol,42
29.5,A12_Dulcitol,44
29.75,A12_Dulcitol,42
30.0,A12_Dulcitol,43
30.25,A12_Dulcitol,42
30.5,A12_Dulcitol,44
30.75,A12_Dulcitol,51
31.0,A12_Dulcitol,45
31.25,A12_Dulcitol,43
31.5,A12_Dulcitol,45
31.75,A12_Dulcitol,43
32.0,A12_Dulcitol,44
32.25,A12_Dulcitol,39
32.5,A12_Dulcitol,45
32.75,A12_Dulcitol,43
33.0,A12_Dulcitol,43
33.25,A12_Dulcitol,41
33.5,A12_Dulcitol,46
33.75,A12_Dulcitol,45
34.0,A12_Dulcitol,42
34.25,A12_Dulcitol,47
34.5,A12_Dulcitol,43
34.75,A12_Dulcitol,46
35.0,A12_Dulcitol,43
35.25,A12_Dulcitol,38
35.5,A12_Dulcitol,45
35.75,A12_Dulcitol,43
36.0,A12_Dulcitol,40
36.25,A12_Dulcitol,41
36.5,A12_Dulcitol,42
36.75,A12_Dulcitol,41
37.0,A12_Dulcitol,43
37.25,A12_Dulcitol,41
37.5,A12_Dulcitol,43
37.75,A12_Dulcitol,43
38.0,A12_Dulcitol,47
38.25,A12_Dulcitol,45
38.5,A12_Dulcitol,44
38.75,A12_Dulcitol,41
39.0,A12_Dulcitol,38
39.25,A12_Dulcitol,44
39.5,A12_Dulcitol,42
39.75,A12_Dulcitol,43
40.0,A12_Dulcitol,37
40.25,A12_Dulcitol,38
40.5,A12_Dulcitol,51
40.75,A12_Dulcitol,41
41.0,A12_Dulcitol,41
41.25,A12_Dulcitol,45
41.5,A12_Dulcitol,47
41.75,A12_Dulcitol,41
42.0,A12_Dulcitol,45
42.25,A12_Dulcitol,45
42.5,A12_Dulcitol,47
42.75,A12_Dulcitol,37
43.0,A12_Dulcitol,43
43.25,A12_Dulcitol,42
43.5,A12_Dulcitol,43
43.75,A12_Dulcitol,44
44.0,A12_Dulcitol,47
44.25,A12_Dulcitol,46
44.5,A12_Dulcitol,44
44.75,A12_Dulcitol,45
45.0,A12_Dulcitol,47
45.25,A12_Dulcitol,41
45.5,A12_Dulcitol,50
45.75,A12_Dulcitol,44
46.0,A12_Dulcitol,48
46.25,A12_Dulcitol,46
46.5,A12_Dulcitol,44
46.75,A12_Dulcitol,43
47.0,A12_Dulcitol,45
47.25,A12_Dulcitol,42
47.5,A12_Dulcitol,0
0.0,B1_D-Serine,19
0.25,B1_D-Serine,19
0.5,B1_D-Serine,17
0.75,B1_D-Serine,21
1.0,B1_D-Serine,22
1.25,B1_D-Serine,23
1.5,B1_D-Serine,14
1.75,B1_D-Serine,18
2.0,B1_D-Serine,23
2.25,B1_D-Serine,26
2.5,B1_D-Serine,23
2.75,B1_D-Serine,15
3.0,B1_D-Serine,16
3.25,B1_D-Serine,19
3.5,B1_D-Serine,18
3.75,B1_D-Serine,29
4.0,B1_D-Serine,16
4.25,B1_D-Serine,20
4.5,B1_D-Serine,20
4.75,B1_D-Serine,19
5.0,B1_D-Serine,18
5.25,B1_D-Serine,18
5.5,B1_D-Serine,22
5.75,B1_D-Serine,20
6.0,B1_D-Serine,17
6.25,B1_D-Serine,17
6.5,B1_D-Serine,24
6.75,B1_D-Serine,18
7.0,B1_D-Serine,22
7.25,B1_D-Serine,21
7.5,B1_D-Serine,18
7.75,B1_D-Serine,17
8.0,B1_D-Serine,20
8.25,B1_D-Serine,22
8.5,B1_D-Serine,21
8.75,B1_D-Serine,21
9.0,B1_D-Serine,20
9.25,B1_D-Serine,20
9.5,B1_D-Serine,15
9.75,B1_D-Serine,20
10.0,B1_D-Serine,22
10.25,B1_D-Serine,18
10.5,B1_D-Serine,26
10.75,B1_D-Serine,23
11.0,B1_D-Serine,24
11.25,B1_D-Serine,21
11.5,B1_D-Serine,24
11.75,B1_D-Serine,20
12.0,B1_D-Serine,25
12.25,B1_D-Serine,24
12.5,B1_D-Serine,21
12.75,B1_D-Serine,22
13.0,B1_D-Serine,25
13.25,B1_D-Serine,26
13.5,B1_D-Serine,25
13.75,B1_D-Serine,27
14.0,B1_D-Serine,23
14.25,B1_D-Serine,22
14.5,B1_D-Serine,26
14.75,B1_D-Serine,26
15.0,B1_D-Serine,25
15.25,B1_D-Serine,29
15.5,B1_D-Serine,30
15.75,B1_D-Serine,25
16.0,B1_D-Serine,32
16.25,B1_D-Serine,27
16.5,B1_D-Serine,24
16.75,B1_D-Serine,27
17.0,B1_D-Serine,30
17.25,B1_D-Serine,30
17.5,B1_D-Serine,25
17.75,B1_D-Serine,29
18.0,B1_D-Serine,23
18.25,B1_D-Serine,28
18.5,B1_D-Serine,30
18.75,B1_D-Serine,34
19.0,B1_D-Serine,30
19.25,B1_D-Serine,33
19.5,B1_D-Serine,31
19.75,B1_D-Serine,31
20.0,B1_D-Serine,29
20.25,B1_D-Serine,26
20.5,B1_D-Serine,23
20.75,B1_D-Serine,31
21.0,B1_D-Serine,30
21.25,B1_D-Serine,24
21.5,B1_D-Serine,29
21.75,B1_D-Serine,25
22.0,B1_D-Serine,29
22.25,B1_D-Serine,34
22.5,B1_D-Serine,33
22.75,B1_D-Serine,30
23.0,B1_D-Serine,29
23.25,B1_D-Serine,27
23.5,B1_D-Serine,28
23.75,B1_D-Serine,32
24.0,B1_D-Serine,28
24.25,B1_D-Serine,30
24.5,B1_D-Serine,31
24.75,B1_D-Serine,31
25.0,B1_D-Serine,33
25.25,B1_D-Serine,30
25.5,B1_D-Serine,32
25.75,B1_D-Serine,32
26.0,B1_D-Serine,32
26.25,B1_D-Serine,30
26.5,B1_D-Serine,25
26.75,B1_D-Serine,32
27.0,B1_D-Serine,34
27.25,B1_D-Serine,30
27.5,B1_D-Serine,38
27.75,B1_D-Serine,30
28.0,B1_D-Serine,33
28.25,B1_D-Serine,39
28.5,B1_D-Serine,36
28.75,B1_D-Serine,35
29.0,B1_D-Serine,33
29.25,B1_D-Serine,31
29.5,B1_D-Serine,35
29.75,B1_D-Serine,32
30.0,B1_D-Serine,38
30.25,B1_D-Serine,34
30.5,B1_D-Serine,37
30.75,B1_D-Serine,41
31.0,B1_D-Serine,34
31.25,B1_D-Serine,34
31.5,B1_D-Serine,36
31.75,B1_D-Serine,36
32.0,B1_D-Serine,34
32.25,B1_D-Serine,30
32.5,B1_D-Serine,33
32.75,B1_D-Serine,33
33.0,B1_D-Serine,33
33.25,B1_D-Serine,37
33.5,B1_D-Serine,35
33.75,B1_D-Serine,34
34.0,B1_D-Serine,35
34.25,B1_D-Serine,37
34.5,B1_D-Serine,35
34.75,B1_D-Serine,35
35.0,B1_D-Serine,34
35.25,B1_D-Serine,31
35.5,B1_D-Serine,35
35.75,B1_D-Serine,39
36.0,B1_D-Serine,36
36.25,B1_D-Serine,31
36.5,B1_D-Serine,32
36.75,B1_D-Serine,35
37.0,B1_D-Serine,30
37.25,B1_D-Serine,36
37.5,B1_D-Serine,29
37.75,B1_D-Serine,31
38.0,B1_D-Serine,39
38.25,B1_D-Serine,36
38.5,B1_D-Serine,35
38.75,B1_D-Serine,38
39.0,B1_D-Serine,37
39.25,B1_D-Serine,37
39.5,B1_D-Serine,31
39.75,B1_D-Serine,31
40.0,B1_D-Serine,29
40.25,B1_D-Serine,32
40.5,B1_D-Serine,34
40.75,B1_D-Serine,37
41.0,B1_D-Serine,32
41.25,B1_D-Serine,29
41.5,B1_D-Serine,35
41.75,B1_D-Serine,31
42.0,B1_D-Serine,33
42.25,B1_D-Serine,33
42.5,B1_D-Serine,38
42.75,B1_D-Serine,32
43.0,B1_D-Serine,34
43.25,B1_D-Serine,35
43.5,B1_D-Serine,38
43.75,B1_D-Serine,38
44.0,B1_D-Serine,36
44.25,B1_D-Serine,36
44.5,B1_D-Serine,33
44.75,B1_D-Serine,35
45.0,B1_D-Serine,35
45.25,B1_D-Serine,36
45.5,B1_D-Serine,37
45.75,B1_D-Serine,39
46.0,B1_D-Serine,37
46.25,B1_D-Serine,35
46.5,B1_D-Serine,33
46.75,B1_D-Serine,39
47.0,B1_D-Serine,39
47.25,B1_D-Serine,34
47.5,B1_D-Serine,0
0.0,B2_D-Sorbitol,11
0.25,B2_D-Sorbitol,11
0.5,B2_D-Sorbitol,15
0.75,B2_D-Sorbitol,11
1.0,B2_D-Sorbitol,12
1.25,B2_D-Sorbitol,11
1.5,B2_D-Sorbitol,11
1.75,B2_D-Sorbitol,11
2.0,B2_D-Sorbitol,11
2.25,B2_D-Sorbitol,12
2.5,B2_D-Sorbitol,11
2.75,B2_D-Sorbitol,11
3.0,B2_D-Sorbitol,16
3.25,B2_D-Sorbitol,13
3.5,B2_D-Sorbitol,14
3.75,B2_D-Sorbitol,16
4.0,B2_D-Sorbitol,17
4.25,B2_D-Sorbitol,16
4.5,B2_D-Sorbitol,16
4.75,B2_D-Sorbitol,22
5.0,B2_D-Sorbitol,25
5.25,B2_D-Sorbitol,24
5.5,B2_D-Sorbitol,21
5.75,B2_D-Sorbitol,22
6.0,B2_D-Sorbitol,28
6.25,B2_D-Sorbitol,30
6.5,B2_D-Sorbitol,28
6.75,B2_D-Sorbitol,28
7.0,B2_D-Sorbitol,30
7.25,B2_D-Sorbitol,35
7.5,B2_D-Sorbitol,27
7.75,B2_D-Sorbitol,32
8.0,B2_D-Sorbitol,29
8.25,B2_D-Sorbitol,29
8.5,B2_D-Sorbitol,33
8.75,B2_D-Sorbitol,29
9.0,B2_D-Sorbitol,31
9.25,B2_D-Sorbitol,31
9.5,B2_D-Sorbitol,32
9.75,B2_D-Sorbitol,32
10.0,B2_D-Sorbitol,33
10.25,B2_D-Sorbitol,32
10.5,B2_D-Sorbitol,38
10.75,B2_D-Sorbitol,35
11.0,B2_D-Sorbitol,39
11.25,B2_D-Sorbitol,38
11.5,B2_D-Sorbitol,37
11.75,B2_D-Sorbitol,36
12.0,B2_D-Sorbitol,34
12.25,B2_D-Sorbitol,32
12.5,B2_D-Sorbitol,38
12.75,B2_D-Sorbitol,35
13.0,B2_D-Sorbitol,34
13.25,B2_D-Sorbitol,34
13.5,B2_D-Sorbitol,39
13.75,B2_D-Sorbitol,39
14.0,B2_D-Sorbitol,39
14.25,B2_D-Sorbitol,42
14.5,B2_D-Sorbitol,41
14.75,B2_D-Sorbitol,42
15.0,B2_D-Sorbitol,34
15.25,B2_D-Sorbitol,45
15.5,B2_D-Sorbitol,37
15.75,B2_D-Sorbitol,35
16.0,B2_D-Sorbitol,40
16.25,B2_D-Sorbitol,41
16.5,B2_D-Sorbitol,41
16.75,B2_D-Sorbitol,41
17.0,B2_D-Sorbitol,40
17.25,B2_D-Sorbitol,38
17.5,B2_D-Sorbitol,39
17.75,B2_D-Sorbitol,40
18.0,B2_D-Sorbitol,43
18.25,B2_D-Sorbitol,46
18.5,B2_D-Sorbitol,45
18.75,B2_D-Sorbitol,43
19.0,B2_D-Sorbitol,41
19.25,B2_D-Sorbitol,45
19.5,B2_D-Sorbitol,42
19.75,B2_D-Sorbitol,44
20.0,B2_D-Sorbitol,45
20.25,B2_D-Sorbitol,44
20.5,B2_D-Sorbitol,41
20.75,B2_D-Sorbitol,44
21.0,B2_D-Sorbitol,43
21.25,B2_D-Sorbitol,41
21.5,B2_D-Sorbitol,44
21.75,B2_D-Sorbitol,41
22.0,B2_D-Sorbitol,42
22.25,B2_D-Sorbitol,46
22.5,B2_D-Sorbitol,46
22.75,B2_D-Sorbitol,40
23.0,B2_D-Sorbitol,46
23.25,B2_D-Sorbitol,40
23.5,B2_D-Sorbitol,39
23.75,B2_D-Sorbitol,40
24.0,B2_D-Sorbitol,43
24.25,B2_D-Sorbitol,40
24.5,B2_D-Sorbitol,45
24.75,B2_D-Sorbitol,40
25.0,B2_D-Sorbitol,44
25.25,B2_D-Sorbitol,41
25.5,B2_D-Sorbitol,44
25.75,B2_D-Sorbitol,44
26.0,B2_D-Sorbitol,42
26.25,B2_D-Sorbitol,40
26.5,B2_D-Sorbitol,42
26.75,B2_D-Sorbitol,45
27.0,B2_D-Sorbitol,51
27.25,B2_D-Sorbitol,45
27.5,B2_D-Sorbitol,45
27.75,B2_D-Sorbitol,49
28.0,B2_D-Sorbitol,46
28.25,B2_D-Sorbitol,41
28.5,B2_D-Sorbitol,41
28.75,B2_D-Sorbitol,43
29.0,B2_D-Sorbitol,42
29.25,B2_D-Sorbitol,45
29.5,B2_D-Sorbitol,43
29.75,B2_D-Sorbitol,42
30.0,B2_D-Sorbitol,45
30.25,B2_D-Sorbitol,41
30.5,B2_D-Sorbitol,45
30.75,B2_D-Sorbitol,43
31.0,B2_D-Sorbitol,44
31.25,B2_D-Sorbitol,45
31.5,B2_D-Sorbitol,44
31.75,B2_D-Sorbitol,45
32.0,B2_D-Sorbitol,40
32.25,B2_D-Sorbitol,43
32.5,B2_D-Sorbitol,42
32.75,B2_D-Sorbitol,39
33.0,B2_D-Sorbitol,39
33.25,B2_D-Sorbitol,41
33.5,B2_D-Sorbitol,42
33.75,B2_D-Sorbitol,42
34.0,B2_D-Sorbitol,38
34.25,B2_D-Sorbitol,41
34.5,B2_D-Sorbitol,42
34.75,B2_D-Sorbitol,38
35.0,B2_D-Sorbitol,42
35.25,B2_D-Sorbitol,36
35.5,B2_D-Sorbitol,35
35.75,B2_D-Sorbitol,44
36.0,B2_D-Sorbitol,44
36.25,B2_D-Sorbitol,36
36.5,B2_D-Sorbitol,42
36.75,B2_D-Sorbitol,40
37.0,B2_D-Sorbitol,37
37.25,B2_D-Sorbitol,42
37.5,B2_D-Sorbitol,37
37.75,B2_D-Sorbitol,38
38.0,B2_D-Sorbitol,40
38.25,B2_D-Sorbitol,38
38.5,B2_D-Sorbitol,37
38.75,B2_D-Sorbitol,41
39.0,B2_D-Sorbitol,46
39.25,B2_D-Sorbitol,43
39.5,B2_D-Sorbitol,41
39.75,B2_D-Sorbitol,35
40.0,B2_D-Sorbitol,35
40.25,B2_D-Sorbitol,36
40.5,B2_D-Sorbitol,35
40.75,B2_D-Sorbitol,41
41.0,B2_D-Sorbitol,38
41.25,B2_D-Sorbitol,32
41.5,B2_D-Sorbitol,38
41.75,B2_D-Sorbitol,38
42.0,B2_D-Sorbitol,34
42.25,B2_D-Sorbitol,37
42.5,B2_D-Sorbitol,38
42.75,B2_D-Sorbitol,36
43.0,B2_D-Sorbitol,41
43.25,B2_D-Sorbitol,36
43.5,B2_D-Sorbitol,44
43.75,B2_D-Sorbitol,40
44.0,B2_D-Sorbitol,43
44.25,B2_D-Sorbitol,39
44.5,B2_D-Sorbitol,38
44.75,B2_D-Sorbitol,38
45.0,B2_D-Sorbitol,40
45.25,B2_D-Sorbitol,41
45.5,B2_D-Sorbitol,42
45.75,B2_D-Sorbitol,32
46.0,B2_D-Sorbitol,41
46.25,B2_D-Sorbitol,36
46.5,B2_D-Sorbitol,35
46.75,B2_D-Sorbitol,46
47.0,B2_D-Sorbitol,39
47.25,B2_D-Sorbitol,36
47.5,B2_D-Sorbitol,0
0.0,B3_Glycerol,18
0.25,B3_Glycerol,11
0.5,B3_Glycerol,11
0.75,B3_Glycerol,11
1.0,B3_Glycerol,11
1.25,B3_Glycerol,11
1.5,B3_Glycerol,11
1.75,B3_Glycerol,11
2.0,B3_Glycerol,11
2.25,B3_Glycerol,12
2.5,B3_Glycerol,11
2.75,B3_Glycerol,11
3.0,B3_Glycerol,11
3.25,B3_Glycerol,11
3.5,B3_Glycerol,11
3.75,B3_Glycerol,11
4.0,B3_Glycerol,11
4.25,B3_Glycerol,11
4.5,B3_Glycerol,11
4.75,B3_Glycerol,11
5.0,B3_Glycerol,12
5.25,B3_Glycerol,11
5.5,B3_Glycerol,15
5.75,B3_Glycerol,12
6.0,B3_Glycerol,13
6.25,B3_Glycerol,14
6.5,B3_Glycerol,16
6.75,B3_Glycerol,18
7.0,B3_Glycerol,21
7.25,B3_Glycerol,21
7.5,B3_Glycerol,20
7.75,B3_Glycerol,21
8.0,B3_Glycerol,25
8.25,B3_Glycerol,27
8.5,B3_Glycerol,29
8.75,B3_Glycerol,37
9.0,B3_Glycerol,34
9.25,B3_Glycerol,39
9.5,B3_Glycerol,39
9.75,B3_Glycerol,42
10.0,B3_Glycerol,48
10.25,B3_Glycerol,55
10.5,B3_Glycerol,55
10.75,B3_Glycerol,58
11.0,B3_Glycerol,65
11.25,B3_Glycerol,67
11.5,B3_Glycerol,75
11.75,B3_Glycerol,79
12.0,B3_Glycerol,81
12.25,B3_Glycerol,85
12.5,B3_Glycerol,91
12.75,B3_Glycerol,97
13.0,B3_Glycerol,103
13.25,B3_Glycerol,111
13.5,B3_Glycerol,119
13.75,B3_Glycerol,124
14.0,B3_Glycerol,126
14.25,B3_Glycerol,137
14.5,B3_Glycerol,146
14.75,B3_Glycerol,147
15.0,B3_Glycerol,152
15.25,B3_Glycerol,160
15.5,B3_Glycerol,166
15.75,B3_Glycerol,169
16.0,B3_Glycerol,171
16.25,B3_Glycerol,175
16.5,B3_Glycerol,179
16.75,B3_Glycerol,188
17.0,B3_Glycerol,193
17.25,B3_Glycerol,196
17.5,B3_Glycerol,201
17.75,B3_Glycerol,210
18.0,B3_Glycerol,209
18.25,B3_Glycerol,218
18.5,B3_Glycerol,218
18.75,B3_Glycerol,221
19.0,B3_Glycerol,222
19.25,B3_Glycerol,227
19.5,B3_Glycerol,230
19.75,B3_Glycerol,233
20.0,B3_Glycerol,232
20.25,B3_Glycerol,238
20.5,B3_Glycerol,239
20.75,B3_Glycerol,244
21.0,B3_Glycerol,248
21.25,B3_Glycerol,244
21.5,B3_Glycerol,247
21.75,B3_Glycerol,253
22.0,B3_Glycerol,253
22.25,B3_Glycerol,251
22.5,B3_Glycerol,256
22.75,B3_Glycerol,255
23.0,B3_Glycerol,258
23.25,B3_Glycerol,258
23.5,B3_Glycerol,258
23.75,B3_Glycerol,260
24.0,B3_Glycerol,263
24.25,B3_Glycerol,266
24.5,B3_Glycerol,262
24.75,B3_Glycerol,262
25.0,B3_Glycerol,267
25.25,B3_Glycerol,268
25.5,B3_Glycerol,271
25.75,B3_Glycerol,268
26.0,B3_Glycerol,272
26.25,B3_Glycerol,268
26.5,B3_Glycerol,271
26.75,B3_Glycerol,272
27.0,B3_Glycerol,275
27.25,B3_Glycerol,275
27.5,B3_Glycerol,271
27.75,B3_Glycerol,275
28.0,B3_Glycerol,276
28.25,B3_Glycerol,274
28.5,B3_Glycerol,274
28.75,B3_Glycerol,277
29.0,B3_Glycerol,275
29.25,B3_Glycerol,277
29.5,B3_Glycerol,278
29.75,B3_Glycerol,277
30.0,B3_Glycerol,278
30.25,B3_Glycerol,278
30.5,B3_Glycerol,278
30.75,B3_Glycerol,278
31.0,B3_Glycerol,276
31.25,B3_Glycerol,279
31.5,B3_Glycerol,280
31.75,B3_Glycerol,279
32.0,B3_Glycerol,280
32.25,B3_Glycerol,280
32.5,B3_Glycerol,274
32.75,B3_Glycerol,277
33.0,B3_Glycerol,277
33.25,B3_Glycerol,278
33.5,B3_Glycerol,280
33.75,B3_Glycerol,278
34.0,B3_Glycerol,279
34.25,B3_Glycerol,280
34.5,B3_Glycerol,280
34.75,B3_Glycerol,281
35.0,B3_Glycerol,281
35.25,B3_Glycerol,281
35.5,B3_Glycerol,278
35.75,B3_Glycerol,279
36.0,B3_Glycerol,280
36.25,B3_Glycerol,281
36.5,B3_Glycerol,279
36.75,B3_Glycerol,279
37.0,B3_Glycerol,283
37.25,B3_Glycerol,281
37.5,B3_Glycerol,284
37.75,B3_Glycerol,283
38.0,B3_Glycerol,285
38.25,B3_Glycerol,286
38.5,B3_Glycerol,282
38.75,B3_Glycerol,286
39.0,B3_Glycerol,286
39.25,B3_Glycerol,285
39.5,B3_Glycerol,283
39.75,B3_Glycerol,287
40.0,B3_Glycerol,284
40.25,B3_Glycerol,285
40.5,B3_Glycerol,287
40.75,B3_Glycerol,289
41.0,B3_Glycerol,286
41.25,B3_Glycerol,289
41.5,B3_Glycerol,292
41.75,B3_Glycerol,287
42.0,B3_Glycerol,289
42.25,B3_Glycerol,287
42.5,B3_Glycerol,289
42.75,B3_Glycerol,287
43.0,B3_Glycerol,290
43.25,B3_Glycerol,288
43.5,B3_Glycerol,288
43.75,B3_Glycerol,287
44.0,B3_Glycerol,290
44.25,B3_Glycerol,288
44.5,B3_Glycerol,287
44.75,B3_Glycerol,287
45.0,B3_Glycerol,289
45.25,B3_Glycerol,292
45.5,B3_Glycerol,290
45.75,B3_Glycerol,295
46.0,B3_Glycerol,293
46.25,B3_Glycerol,293
46.5,B3_Glycerol,290
46.75,B3_Glycerol,290
47.0,B3_Glycerol,293
47.25,B3_Glycerol,291
47.5,B3_Glycerol,0
0.0,B4_L-Fucose,11
0.25,B4_L-Fucose,11
0.5,B4_L-Fucose,11
0.75,B4_L-Fucose,12
1.0,B4_L-Fucose,11
1.25,B4_L-Fucose,11
1.5,B4_L-Fucose,11
1.75,B4_L-Fucose,11
2.0,B4_L-Fucose,11
2.25,B4_L-Fucose,11
2.5,B4_L-Fucose,11
2.75,B4_L-Fucose,11
3.0,B4_L-Fucose,11
3.25,B4_L-Fucose,11
3.5,B4_L-Fucose,11
3.75,B4_L-Fucose,11
4.0,B4_L-Fucose,13
4.25,B4_L-Fucose,15
4.5,B4_L-Fucose,11
4.75,B4_L-Fucose,16
5.0,B4_L-Fucose,21
5.25,B4_L-Fucose,17
5.5,B4_L-Fucose,18
5.75,B4_L-Fucose,15
6.0,B4_L-Fucose,19
6.25,B4_L-Fucose,16
6.5,B4_L-Fucose,22
6.75,B4_L-Fucose,23
7.0,B4_L-Fucose,21
7.25,B4_L-Fucose,24
7.5,B4_L-Fucose,21
7.75,B4_L-Fucose,24
8.0,B4_L-Fucose,23
8.25,B4_L-Fucose,24
8.5,B4_L-Fucose,23
8.75,B4_L-Fucose,20
9.0,B4_L-Fucose,27
9.25,B4_L-Fucose,24
9.5,B4_L-Fucose,25
9.75,B4_L-Fucose,25
10.0,B4_L-Fucose,26
10.25,B4_L-Fucose,25
10.5,B4_L-Fucose,27
10.75,B4_L-Fucose,27
11.0,B4_L-Fucose,24
11.25,B4_L-Fucose,26
11.5,B4_L-Fucose,24
11.75,B4_L-Fucose,25
12.0,B4_L-Fucose,21
12.25,B4_L-Fucose,29
12.5,B4_L-Fucose,25
12.75,B4_L-Fucose,23
13.0,B4_L-Fucose,26
13.25,B4_L-Fucose,29
13.5,B4_L-Fucose,26
13.75,B4_L-Fucose,33
14.0,B4_L-Fucose,26
14.25,B4_L-Fucose,25
14.5,B4_L-Fucose,27
14.75,B4_L-Fucose,29
15.0,B4_L-Fucose,21
15.25,B4_L-Fucose,30
15.5,B4_L-Fucose,27
15.75,B4_L-Fucose,30
16.0,B4_L-Fucose,28
16.25,B4_L-Fucose,28
16.5,B4_L-Fucose,30
16.75,B4_L-Fucose,33
17.0,B4_L-Fucose,33
17.25,B4_L-Fucose,30
17.5,B4_L-Fucose,23
17.75,B4_L-Fucose,28
18.0,B4_L-Fucose,34
18.25,B4_L-Fucose,35
18.5,B4_L-Fucose,32
18.75,B4_L-Fucose,29
19.0,B4_L-Fucose,30
19.25,B4_L-Fucose,29
19.5,B4_L-Fucose,25
19.75,B4_L-Fucose,28
20.0,B4_L-Fucose,30
20.25,B4_L-Fucose,25
20.5,B4_L-Fucose,29
20.75,B4_L-Fucose,33
21.0,B4_L-Fucose,33
21.25,B4_L-Fucose,26
21.5,B4_L-Fucose,30
21.75,B4_L-Fucose,29
22.0,B4_L-Fucose,28
22.25,B4_L-Fucose,27
22.5,B4_L-Fucose,30
22.75,B4_L-Fucose,30
23.0,B4_L-Fucose,32
23.25,B4_L-Fucose,31
23.5,B4_L-Fucose,31
23.75,B4_L-Fucose,32
24.0,B4_L-Fucose,27
24.25,B4_L-Fucose,28
24.5,B4_L-Fucose,33
24.75,B4_L-Fucose,34
25.0,B4_L-Fucose,28
25.25,B4_L-Fucose,31
25.5,B4_L-Fucose,29
25.75,B4_L-Fucose,32
26.0,B4_L-Fucose,32
26.25,B4_L-Fucose,28
26.5,B4_L-Fucose,34
26.75,B4_L-Fucose,33
27.0,B4_L-Fucose,34
27.25,B4_L-Fucose,34
27.5,B4_L-Fucose,28
27.75,B4_L-Fucose,30
28.0,B4_L-Fucose,35
28.25,B4_L-Fucose,31
28.5,B4_L-Fucose,32
28.75,B4_L-Fucose,33
29.0,B4_L-Fucose,34
29.25,B4_L-Fucose,31
29.5,B4_L-Fucose,35
29.75,B4_L-Fucose,34
30.0,B4_L-Fucose,32
30.25,B4_L-Fucose,35
30.5,B4_L-Fucose,37
30.75,B4_L-Fucose,33
31.0,B4_L-Fucose,35
31.25,B4_L-Fucose,35
31.5,B4_L-Fucose,33
31.75,B4_L-Fucose,32
32.0,B4_L-Fucose,30
32.25,B4_L-Fucose,28
32.5,B4_L-Fucose,36
32.75,B4_L-Fucose,34
33.0,B4_L-Fucose,32
33.25,B4_L-Fucose,30
33.5,B4_L-Fucose,30
33.75,B4_L-Fucose,28
34.0,B4_L-Fucose,30
34.25,B4_L-Fucose,31
34.5,B4_L-Fucose,32
34.75,B4_L-Fucose,37
35.0,B4_L-Fucose,32
35.25,B4_L-Fucose,32
35.5,B4_L-Fucose,34
35.75,B4_L-Fucose,31
36.0,B4_L-Fucose,32
36.25,B4_L-Fucose,31
36.5,B4_L-Fucose,35
36.75,B4_L-Fucose,37
37.0,B4_L-Fucose,31
37.25,B4_L-Fucose,32
37.5,B4_L-Fucose,34
37.75,B4_L-Fucose,36
38.0,B4_L-Fucose,36
38.25,B4_L-Fucose,30
38.5,B4_L-Fucose,35
38.75,B4_L-Fucose,29
39.0,B4_L-Fucose,30
39.25,B4_L-Fucose,31
39.5,B4_L-Fucose,31
39.75,B4_L-Fucose,32
40.0,B4_L-Fucose,37
40.25,B4_L-Fucose,33
40.5,B4_L-Fucose,34
40.75,B4_L-Fucose,30
41.0,B4_L-Fucose,31
41.25,B4_L-Fucose,33
41.5,B4_L-Fucose,34
41.75,B4_L-Fucose,29
42.0,B4_L-Fucose,30
42.25,B4_L-Fucose,29
42.5,B4_L-Fucose,34
42.75,B4_L-Fucose,37
43.0,B4_L-Fucose,37
43.25,B4_L-Fucose,38
43.5,B4_L-Fucose,32
43.75,B4_L-Fucose,31
44.0,B4_L-Fucose,34
44.25,B4_L-Fucose,31
44.5,B4_L-Fucose,37
44.75,B4_L-Fucose,36
45.0,B4_L-Fucose,31
45.25,B4_L-Fucose,36
45.5,B4_L-Fucose,35
45.75,B4_L-Fucose,39
46.0,B4_L-Fucose,35
46.25,B4_L-Fucose,37
46.5,B4_L-Fucose,33
46.75,B4_L-Fucose,32
47.0,B4_L-Fucose,36
47.25,B4_L-Fucose,37
47.5,B4_L-Fucose,0
0.0,B5_D-Glucuronic_Acid,11
0.25,B5_D-Glucuronic_Acid,11
0.5,B5_D-Glucuronic_Acid,11
0.75,B5_D-Glucuronic_Acid,11
1.0,B5_D-Glucuronic_Acid,11
1.25,B5_D-Glucuronic_Acid,11
1.5,B5_D-Glucuronic_Acid,11
1.75,B5_D-Glucuronic_Acid,11
2.0,B5_D-Glucuronic_Acid,11
2.25,B5_D-Glucuronic_Acid,11
2.5,B5_D-Glucuronic_Acid,11
2.75,B5_D-Glucuronic_Acid,11
3.0,B5_D-Glucuronic_Acid,11
3.25,B5_D-Glucuronic_Acid,11
3.5,B5_D-Glucuronic_Acid,11
3.75,B5_D-Glucuronic_Acid,11
4.0,B5_D-Glucuronic_Acid,11
4.25,B5_D-Glucuronic_Acid,12
4.5,B5_D-Glucuronic_Acid,11
4.75,B5_D-Glucuronic_Acid,14
5.0,B5_D-Glucuronic_Acid,14
5.25,B5_D-Glucuronic_Acid,12
5.5,B5_D-Glucuronic_Acid,11
5.75,B5_D-Glucuronic_Acid,12
6.0,B5_D-Glucuronic_Acid,11
6.25,B5_D-Glucuronic_Acid,12
6.5,B5_D-Glucuronic_Acid,13
6.75,B5_D-Glucuronic_Acid,15
7.0,B5_D-Glucuronic_Acid,17
7.25,B5_D-Glucuronic_Acid,15
7.5,B5_D-Glucuronic_Acid,13
7.75,B5_D-Glucuronic_Acid,17
8.0,B5_D-Glucuronic_Acid,21
8.25,B5_D-Glucuronic_Acid,16
8.5,B5_D-Glucuronic_Acid,17
8.75,B5_D-Glucuronic_Acid,15
9.0,B5_D-Glucuronic_Acid,18
9.25,B5_D-Glucuronic_Acid,17
9.5,B5_D-Glucuronic_Acid,20
9.75,B5_D-Glucuronic_Acid,19
10.0,B5_D-Glucuronic_Acid,19
10.25,B5_D-Glucuronic_Acid,19
10.5,B5_D-Glucuronic_Acid,20
10.75,B5_D-Glucuronic_Acid,19
11.0,B5_D-Glucuronic_Acid,23
11.25,B5_D-Glucuronic_Acid,23
11.5,B5_D-Glucuronic_Acid,24
11.75,B5_D-Glucuronic_Acid,24
12.0,B5_D-Glucuronic_Acid,20
12.25,B5_D-Glucuronic_Acid,25
12.5,B5_D-Glucuronic_Acid,22
12.75,B5_D-Glucuronic_Acid,24
13.0,B5_D-Glucuronic_Acid,23
13.25,B5_D-Glucuronic_Acid,27
13.5,B5_D-Glucuronic_Acid,26
13.75,B5_D-Glucuronic_Acid,29
14.0,B5_D-Glucuronic_Acid,27
14.25,B5_D-Glucuronic_Acid,26
14.5,B5_D-Glucuronic_Acid,27
14.75,B5_D-Glucuronic_Acid,32
15.0,B5_D-Glucuronic_Acid,27
15.25,B5_D-Glucuronic_Acid,32
15.5,B5_D-Glucuronic_Acid,34
15.75,B5_D-Glucuronic_Acid,34
16.0,B5_D-Glucuronic_Acid,34
16.25,B5_D-Glucuronic_Acid,34
16.5,B5_D-Glucuronic_Acid,33
16.75,B5_D-Glucuronic_Acid,34
17.0,B5_D-Glucuronic_Acid,38
17.25,B5_D-Glucuronic_Acid,36
17.5,B5_D-Glucuronic_Acid,40
17.75,B5_D-Glucuronic_Acid,41
18.0,B5_D-Glucuronic_Acid,44
18.25,B5_D-Glucuronic_Acid,44
18.5,B5_D-Glucuronic_Acid,42
18.75,B5_D-Glucuronic_Acid,45
19.0,B5_D-Glucuronic_Acid,43
19.25,B5_D-Glucuronic_Acid,46
19.5,B5_D-Glucuronic_Acid,48
19.75,B5_D-Glucuronic_Acid,50
20.0,B5_D-Glucuronic_Acid,46
20.25,B5_D-Glucuronic_Acid,49
20.5,B5_D-Glucuronic_Acid,46
20.75,B5_D-Glucuronic_Acid,49
21.0,B5_D-Glucuronic_Acid,53
21.25,B5_D-Glucuronic_Acid,47
21.5,B5_D-Glucuronic_Acid,55
21.75,B5_D-Glucuronic_Acid,57
22.0,B5_D-Glucuronic_Acid,53
22.25,B5_D-Glucuronic_Acid,56
22.5,B5_D-Glucuronic_Acid,64
22.75,B5_D-Glucuronic_Acid,61
23.0,B5_D-Glucuronic_Acid,65
23.25,B5_D-Glucuronic_Acid,63
23.5,B5_D-Glucuronic_Acid,69
23.75,B5_D-Glucuronic_Acid,73
24.0,B5_D-Glucuronic_Acid,72
24.25,B5_D-Glucuronic_Acid,73
24.5,B5_D-Glucuronic_Acid,80
24.75,B5_D-Glucuronic_Acid,80
25.0,B5_D-Glucuronic_Acid,86
25.25,B5_D-Glucuronic_Acid,87
25.5,B5_D-Glucuronic_Acid,92
25.75,B5_D-Glucuronic_Acid,96
26.0,B5_D-Glucuronic_Acid,97
26.25,B5_D-Glucuronic_Acid,107
26.5,B5_D-Glucuronic_Acid,107
26.75,B5_D-Glucuronic_Acid,111
27.0,B5_D-Glucuronic_Acid,116
27.25,B5_D-Glucuronic_Acid,120
27.5,B5_D-Glucuronic_Acid,124
27.75,B5_D-Glucuronic_Acid,123
28.0,B5_D-Glucuronic_Acid,131
28.25,B5_D-Glucuronic_Acid,135
28.5,B5_D-Glucuronic_Acid,140
28.75,B5_D-Glucuronic_Acid,142
29.0,B5_D-Glucuronic_Acid,151
29.25,B5_D-Glucuronic_Acid,151
29.5,B5_D-Glucuronic_Acid,157
29.75,B5_D-Glucuronic_Acid,163
30.0,B5_D-Glucuronic_Acid,164
30.25,B5_D-Glucuronic_Acid,168
30.5,B5_D-Glucuronic_Acid,170
30.75,B5_D-Glucuronic_Acid,178
31.0,B5_D-Glucuronic_Acid,177
31.25,B5_D-Glucuronic_Acid,179
31.5,B5_D-Glucuronic_Acid,186
31.75,B5_D-Glucuronic_Acid,187
32.0,B5_D-Glucuronic_Acid,193
32.25,B5_D-Glucuronic_Acid,193
32.5,B5_D-Glucuronic_Acid,199
32.75,B5_D-Glucuronic_Acid,204
33.0,B5_D-Glucuronic_Acid,206
33.25,B5_D-Glucuronic_Acid,206
33.5,B5_D-Glucuronic_Acid,209
33.75,B5_D-Glucuronic_Acid,215
34.0,B5_D-Glucuronic_Acid,214
34.25,B5_D-Glucuronic_Acid,218
34.5,B5_D-Glucuronic_Acid,221
34.75,B5_D-Glucuronic_Acid,225
35.0,B5_D-Glucuronic_Acid,224
35.25,B5_D-Glucuronic_Acid,225
35.5,B5_D-Glucuronic_Acid,234
35.75,B5_D-Glucuronic_Acid,234
36.0,B5_D-Glucuronic_Acid,234
36.25,B5_D-Glucuronic_Acid,236
36.5,B5_D-Glucuronic_Acid,238
36.75,B5_D-Glucuronic_Acid,239
37.0,B5_D-Glucuronic_Acid,240
37.25,B5_D-Glucuronic_Acid,244
37.5,B5_D-Glucuronic_Acid,243
37.75,B5_D-Glucuronic_Acid,242
38.0,B5_D-Glucuronic_Acid,250
38.25,B5_D-Glucuronic_Acid,253
38.5,B5_D-Glucuronic_Acid,251
38.75,B5_D-Glucuronic_Acid,254
39.0,B5_D-Glucuronic_Acid,255
39.25,B5_D-Glucuronic_Acid,254
39.5,B5_D-Glucuronic_Acid,253
39.75,B5_D-Glucuronic_Acid,256
40.0,B5_D-Glucuronic_Acid,254
40.25,B5_D-Glucuronic_Acid,252
40.5,B5_D-Glucuronic_Acid,258
40.75,B5_D-Glucuronic_Acid,260
41.0,B5_D-Glucuronic_Acid,257
41.25,B5_D-Glucuronic_Acid,255
41.5,B5_D-Glucuronic_Acid,261
41.75,B5_D-Glucuronic_Acid,260
42.0,B5_D-Glucuronic_Acid,263
42.25,B5_D-Glucuronic_Acid,264
42.5,B5_D-Glucuronic_Acid,266
42.75,B5_D-Glucuronic_Acid,260
43.0,B5_D-Glucuronic_Acid,266
43.25,B5_D-Glucuronic_Acid,268
43.5,B5_D-Glucuronic_Acid,269
43.75,B5_D-Glucuronic_Acid,264
44.0,B5_D-Glucuronic_Acid,269
44.25,B5_D-Glucuronic_Acid,268
44.5,B5_D-Glucuronic_Acid,261
44.75,B5_D-Glucuronic_Acid,266
45.0,B5_D-Glucuronic_Acid,268
45.25,B5_D-Glucuronic_Acid,266
45.5,B5_D-Glucuronic_Acid,266
45.75,B5_D-Glucuronic_Acid,265
46.0,B5_D-Glucuronic_Acid,267
46.25,B5_D-Glucuronic_Acid,265
46.5,B5_D-Glucuronic_Acid,262
46.75,B5_D-Glucuronic_Acid,264
47.0,B5_D-Glucuronic_Acid,265
47.25,B5_D-Glucuronic_Acid,257
47.5,B5_D-Glucuronic_Acid,0
0.0,B6_D-Gluconic_Acid,11
0.25,B6_D-Gluconic_Acid,11
0.5,B6_D-Gluconic_Acid,11
0.75,B6_D-Gluconic_Acid,11
1.0,B6_D-Gluconic_Acid,11
1.25,B6_D-Gluconic_Acid,11
1.5,B6_D-Gluconic_Acid,11
1.75,B6_D-Gluconic_Acid,11
2.0,B6_D-Gluconic_Acid,11
2.25,B6_D-Gluconic_Acid,11
2.5,B6_D-Gluconic_Acid,11
2.75,B6_D-Gluconic_Acid,11
3.0,B6_D-Gluconic_Acid,11
3.25,B6_D-Gluconic_Acid,12
3.5,B6_D-Gluconic_Acid,11
3.75,B6_D-Gluconic_Acid,11
4.0,B6_D-Gluconic_Acid,11
4.25,B6_D-Gluconic_Acid,12
4.5,B6_D-Gluconic_Acid,12
4.75,B6_D-Gluconic_Acid,12
5.0,B6_D-Gluconic_Acid,19
5.25,B6_D-Gluconic_Acid,19
5.5,B6_D-Gluconic_Acid,16
5.75,B6_D-Gluconic_Acid,20
6.0,B6_D-Gluconic_Acid,18
6.25,B6_D-Gluconic_Acid,22
6.5,B6_D-Gluconic_Acid,24
6.75,B6_D-Gluconic_Acid,29
7.0,B6_D-Gluconic_Acid,29
7.25,B6_D-Gluconic_Acid,32
7.5,B6_D-Gluconic_Acid,33
7.75,B6_D-Gluconic_Acid,36
8.0,B6_D-Gluconic_Acid,41
8.25,B6_D-Gluconic_Acid,41
8.5,B6_D-Gluconic_Acid,43
8.75,B6_D-Gluconic_Acid,47
9.0,B6_D-Gluconic_Acid,44
9.25,B6_D-Gluconic_Acid,47
9.5,B6_D-Gluconic_Acid,56
9.75,B6_D-Gluconic_Acid,67
10.0,B6_D-Gluconic_Acid,66
10.25,B6_D-Gluconic_Acid,68
10.5,B6_D-Gluconic_Acid,71
10.75,B6_D-Gluconic_Acid,77
11.0,B6_D-Gluconic_Acid,75
11.25,B6_D-Gluconic_Acid,84
11.5,B6_D-Gluconic_Acid,93
11.75,B6_D-Gluconic_Acid,93
12.0,B6_D-Gluconic_Acid,97
12.25,B6_D-Gluconic_Acid,97
12.5,B6_D-Gluconic_Acid,106
12.75,B6_D-Gluconic_Acid,108
13.0,B6_D-Gluconic_Acid,102
13.25,B6_D-Gluconic_Acid,114
13.5,B6_D-Gluconic_Acid,125
13.75,B6_D-Gluconic_Acid,125
14.0,B6_D-Gluconic_Acid,131
14.25,B6_D-Gluconic_Acid,136
14.5,B6_D-Gluconic_Acid,144
14.75,B6_D-Gluconic_Acid,147
15.0,B6_D-Gluconic_Acid,151
15.25,B6_D-Gluconic_Acid,159
15.5,B6_D-Gluconic_Acid,160
15.75,B6_D-Gluconic_Acid,168
16.0,B6_D-Gluconic_Acid,173
16.25,B6_D-Gluconic_Acid,180
16.5,B6_D-Gluconic_Acid,183
16.75,B6_D-Gluconic_Acid,188
17.0,B6_D-Gluconic_Acid,192
17.25,B6_D-Gluconic_Acid,196
17.5,B6_D-Gluconic_Acid,196
17.75,B6_D-Gluconic_Acid,208
18.0,B6_D-Gluconic_Acid,204
18.25,B6_D-Gluconic_Acid,219
18.5,B6_D-Gluconic_Acid,219
18.75,B6_D-Gluconic_Acid,223
19.0,B6_D-Gluconic_Acid,228
19.25,B6_D-Gluconic_Acid,228
19.5,B6_D-Gluconic_Acid,230
19.75,B6_D-Gluconic_Acid,238
20.0,B6_D-Gluconic_Acid,235
20.25,B6_D-Gluconic_Acid,235
20.5,B6_D-Gluconic_Acid,239
20.75,B6_D-Gluconic_Acid,246
21.0,B6_D-Gluconic_Acid,244
21.25,B6_D-Gluconic_Acid,243
21.5,B6_D-Gluconic_Acid,242
21.75,B6_D-Gluconic_Acid,247
22.0,B6_D-Gluconic_Acid,246
22.25,B6_D-Gluconic_Acid,247
22.5,B6_D-Gluconic_Acid,250
22.75,B6_D-Gluconic_Acid,248
23.0,B6_D-Gluconic_Acid,247
23.25,B6_D-Gluconic_Acid,248
23.5,B6_D-Gluconic_Acid,245
23.75,B6_D-Gluconic_Acid,247
24.0,B6_D-Gluconic_Acid,248
24.25,B6_D-Gluconic_Acid,243
24.5,B6_D-Gluconic_Acid,247
24.75,B6_D-Gluconic_Acid,242
25.0,B6_D-Gluconic_Acid,240
25.25,B6_D-Gluconic_Acid,242
25.5,B6_D-Gluconic_Acid,245
25.75,B6_D-Gluconic_Acid,243
26.0,B6_D-Gluconic_Acid,241
26.25,B6_D-Gluconic_Acid,241
26.5,B6_D-Gluconic_Acid,239
26.75,B6_D-Gluconic_Acid,243
27.0,B6_D-Gluconic_Acid,245
27.25,B6_D-Gluconic_Acid,240
27.5,B6_D-Gluconic_Acid,239
27.75,B6_D-Gluconic_Acid,240
28.0,B6_D-Gluconic_Acid,241
28.25,B6_D-Gluconic_Acid,241
28.5,B6_D-Gluconic_Acid,241
28.75,B6_D-Gluconic_Acid,244
29.0,B6_D-Gluconic_Acid,241
29.25,B6_D-Gluconic_Acid,236
29.5,B6_D-Gluconic_Acid,241
29.75,B6_D-Gluconic_Acid,237
30.0,B6_D-Gluconic_Acid,241
30.25,B6_D-Gluconic_Acid,236
30.5,B6_D-Gluconic_Acid,238
30.75,B6_D-Gluconic_Acid,234
31.0,B6_D-Gluconic_Acid,236
31.25,B6_D-Gluconic_Acid,238
31.5,B6_D-Gluconic_Acid,236
31.75,B6_D-Gluconic_Acid,237
32.0,B6_D-Gluconic_Acid,236
32.25,B6_D-Gluconic_Acid,234
32.5,B6_D-Gluconic_Acid,230
32.75,B6_D-Gluconic_Acid,231
33.0,B6_D-Gluconic_Acid,231
33.25,B6_D-Gluconic_Acid,237
33.5,B6_D-Gluconic_Acid,234
33.75,B6_D-Gluconic_Acid,235
34.0,B6_D-Gluconic_Acid,233
34.25,B6_D-Gluconic_Acid,237
34.5,B6_D-Gluconic_Acid,235
34.75,B6_D-Gluconic_Acid,233
35.0,B6_D-Gluconic_Acid,230
35.25,B6_D-Gluconic_Acid,227
35.5,B6_D-Gluconic_Acid,228
35.75,B6_D-Gluconic_Acid,235
36.0,B6_D-Gluconic_Acid,233
36.25,B6_D-Gluconic_Acid,231
36.5,B6_D-Gluconic_Acid,228
36.75,B6_D-Gluconic_Acid,230
37.0,B6_D-Gluconic_Acid,229
37.25,B6_D-Gluconic_Acid,232
37.5,B6_D-Gluconic_Acid,225
37.75,B6_D-Gluconic_Acid,227
38.0,B6_D-Gluconic_Acid,232
38.25,B6_D-Gluconic_Acid,229
38.5,B6_D-Gluconic_Acid,228
38.75,B6_D-Gluconic_Acid,229
39.0,B6_D-Gluconic_Acid,226
39.25,B6_D-Gluconic_Acid,229
39.5,B6_D-Gluconic_Acid,227
39.75,B6_D-Gluconic_Acid,228
40.0,B6_D-Gluconic_Acid,223
40.25,B6_D-Gluconic_Acid,227
40.5,B6_D-Gluconic_Acid,228
40.75,B6_D-Gluconic_Acid,230
41.0,B6_D-Gluconic_Acid,229
41.25,B6_D-Gluconic_Acid,224
41.5,B6_D-Gluconic_Acid,226
41.75,B6_D-Gluconic_Acid,231
42.0,B6_D-Gluconic_Acid,230
42.25,B6_D-Gluconic_Acid,231
42.5,B6_D-Gluconic_Acid,231
42.75,B6_D-Gluconic_Acid,221
43.0,B6_D-Gluconic_Acid,229
43.25,B6_D-Gluconic_Acid,228
43.5,B6_D-Gluconic_Acid,231
43.75,B6_D-Gluconic_Acid,230
44.0,B6_D-Gluconic_Acid,232
44.25,B6_D-Gluconic_Acid,230
44.5,B6_D-Gluconic_Acid,221
44.75,B6_D-Gluconic_Acid,228
45.0,B6_D-Gluconic_Acid,231
45.25,B6_D-Gluconic_Acid,229
45.5,B6_D-Gluconic_Acid,227
45.75,B6_D-Gluconic_Acid,222
46.0,B6_D-Gluconic_Acid,227
46.25,B6_D-Gluconic_Acid,226
46.5,B6_D-Gluconic_Acid,217
46.75,B6_D-Gluconic_Acid,230
47.0,B6_D-Gluconic_Acid,227
47.25,B6_D-Gluconic_Acid,223
47.5,B6_D-Gluconic_Acid,0
0.0,B7_D-L-a-Glycerol_Phosphate,33
0.25,B7_D-L-a-Glycerol_Phosphate,11
0.5,B7_D-L-a-Glycerol_Phosphate,11
0.75,B7_D-L-a-Glycerol_Phosphate,11
1.0,B7_D-L-a-Glycerol_Phosphate,11
1.25,B7_D-L-a-Glycerol_Phosphate,11
1.5,B7_D-L-a-Glycerol_Phosphate,11
1.75,B7_D-L-a-Glycerol_Phosphate,11
2.0,B7_D-L-a-Glycerol_Phosphate,11
2.25,B7_D-L-a-Glycerol_Phosphate,11
2.5,B7_D-L-a-Glycerol_Phosphate,11
2.75,B7_D-L-a-Glycerol_Phosphate,11
3.0,B7_D-L-a-Glycerol_Phosphate,11
3.25,B7_D-L-a-Glycerol_Phosphate,11
3.5,B7_D-L-a-Glycerol_Phosphate,11
3.75,B7_D-L-a-Glycerol_Phosphate,11
4.0,B7_D-L-a-Glycerol_Phosphate,11
4.25,B7_D-L-a-Glycerol_Phosphate,12
4.5,B7_D-L-a-Glycerol_Phosphate,11
4.75,B7_D-L-a-Glycerol_Phosphate,11
5.0,B7_D-L-a-Glycerol_Phosphate,11
5.25,B7_D-L-a-Glycerol_Phosphate,12
5.5,B7_D-L-a-Glycerol_Phosphate,11
5.75,B7_D-L-a-Glycerol_Phosphate,15
6.0,B7_D-L-a-Glycerol_Phosphate,11
6.25,B7_D-L-a-Glycerol_Phosphate,13
6.5,B7_D-L-a-Glycerol_Phosphate,11
6.75,B7_D-L-a-Glycerol_Phosphate,16
7.0,B7_D-L-a-Glycerol_Phosphate,19
7.25,B7_D-L-a-Glycerol_Phosphate,18
7.5,B7_D-L-a-Glycerol_Phosphate,19
7.75,B7_D-L-a-Glycerol_Phosphate,15
8.0,B7_D-L-a-Glycerol_Phosphate,17
8.25,B7_D-L-a-Glycerol_Phosphate,13
8.5,B7_D-L-a-Glycerol_Phosphate,15
8.75,B7_D-L-a-Glycerol_Phosphate,15
9.0,B7_D-L-a-Glycerol_Phosphate,22
9.25,B7_D-L-a-Glycerol_Phosphate,17
9.5,B7_D-L-a-Glycerol_Phosphate,13
9.75,B7_D-L-a-Glycerol_Phosphate,15
10.0,B7_D-L-a-Glycerol_Phosphate,17
10.25,B7_D-L-a-Glycerol_Phosphate,21
10.5,B7_D-L-a-Glycerol_Phosphate,16
10.75,B7_D-L-a-Glycerol_Phosphate,15
11.0,B7_D-L-a-Glycerol_Phosphate,15
11.25,B7_D-L-a-Glycerol_Phosphate,19
11.5,B7_D-L-a-Glycerol_Phosphate,20
11.75,B7_D-L-a-Glycerol_Phosphate,17
12.0,B7_D-L-a-Glycerol_Phosphate,17
12.25,B7_D-L-a-Glycerol_Phosphate,21
12.5,B7_D-L-a-Glycerol_Phosphate,15
12.75,B7_D-L-a-Glycerol_Phosphate,22
13.0,B7_D-L-a-Glycerol_Phosphate,17
13.25,B7_D-L-a-Glycerol_Phosphate,21
13.5,B7_D-L-a-Glycerol_Phosphate,19
13.75,B7_D-L-a-Glycerol_Phosphate,18
14.0,B7_D-L-a-Glycerol_Phosphate,23
14.25,B7_D-L-a-Glycerol_Phosphate,19
14.5,B7_D-L-a-Glycerol_Phosphate,17
14.75,B7_D-L-a-Glycerol_Phosphate,20
15.0,B7_D-L-a-Glycerol_Phosphate,18
15.25,B7_D-L-a-Glycerol_Phosphate,23
15.5,B7_D-L-a-Glycerol_Phosphate,24
15.75,B7_D-L-a-Glycerol_Phosphate,23
16.0,B7_D-L-a-Glycerol_Phosphate,18
16.25,B7_D-L-a-Glycerol_Phosphate,23
16.5,B7_D-L-a-Glycerol_Phosphate,26
16.75,B7_D-L-a-Glycerol_Phosphate,20
17.0,B7_D-L-a-Glycerol_Phosphate,24
17.25,B7_D-L-a-Glycerol_Phosphate,23
17.5,B7_D-L-a-Glycerol_Phosphate,20
17.75,B7_D-L-a-Glycerol_Phosphate,19
18.0,B7_D-L-a-Glycerol_Phosphate,24
18.25,B7_D-L-a-Glycerol_Phosphate,21
18.5,B7_D-L-a-Glycerol_Phosphate,24
18.75,B7_D-L-a-Glycerol_Phosphate,25
19.0,B7_D-L-a-Glycerol_Phosphate,21
19.25,B7_D-L-a-Glycerol_Phosphate,22
19.5,B7_D-L-a-Glycerol_Phosphate,22
19.75,B7_D-L-a-Glycerol_Phosphate,16
20.0,B7_D-L-a-Glycerol_Phosphate,24
20.25,B7_D-L-a-Glycerol_Phosphate,20
20.5,B7_D-L-a-Glycerol_Phosphate,28
20.75,B7_D-L-a-Glycerol_Phosphate,23
21.0,B7_D-L-a-Glycerol_Phosphate,24
21.25,B7_D-L-a-Glycerol_Phosphate,19
21.5,B7_D-L-a-Glycerol_Phosphate,24
21.75,B7_D-L-a-Glycerol_Phosphate,20
22.0,B7_D-L-a-Glycerol_Phosphate,26
22.25,B7_D-L-a-Glycerol_Phosphate,23
22.5,B7_D-L-a-Glycerol_Phosphate,23
22.75,B7_D-L-a-Glycerol_Phosphate,26
23.0,B7_D-L-a-Glycerol_Phosphate,27
23.25,B7_D-L-a-Glycerol_Phosphate,25
23.5,B7_D-L-a-Glycerol_Phosphate,26
23.75,B7_D-L-a-Glycerol_Phosphate,24
24.0,B7_D-L-a-Glycerol_Phosphate,25
24.25,B7_D-L-a-Glycerol_Phosphate,29
24.5,B7_D-L-a-Glycerol_Phosphate,26
24.75,B7_D-L-a-Glycerol_Phosphate,26
25.0,B7_D-L-a-Glycerol_Phosphate,23
25.25,B7_D-L-a-Glycerol_Phosphate,28
25.5,B7_D-L-a-Glycerol_Phosphate,28
25.75,B7_D-L-a-Glycerol_Phosphate,26
26.0,B7_D-L-a-Glycerol_Phosphate,26
26.25,B7_D-L-a-Glycerol_Phosphate,27
26.5,B7_D-L-a-Glycerol_Phosphate,27
26.75,B7_D-L-a-Glycerol_Phosphate,27
27.0,B7_D-L-a-Glycerol_Phosphate,28
27.25,B7_D-L-a-Glycerol_Phosphate,29
27.5,B7_D-L-a-Glycerol_Phosphate,29
27.75,B7_D-L-a-Glycerol_Phosphate,28
28.0,B7_D-L-a-Glycerol_Phosphate,29
28.25,B7_D-L-a-Glycerol_Phosphate,25
28.5,B7_D-L-a-Glycerol_Phosphate,27
28.75,B7_D-L-a-Glycerol_Phosphate,29
29.0,B7_D-L-a-Glycerol_Phosphate,29
29.25,B7_D-L-a-Glycerol_Phosphate,29
29.5,B7_D-L-a-Glycerol_Phosphate,29
29.75,B7_D-L-a-Glycerol_Phosphate,29
30.0,B7_D-L-a-Glycerol_Phosphate,23
30.25,B7_D-L-a-Glycerol_Phosphate,28
30.5,B7_D-L-a-Glycerol_Phosphate,28
30.75,B7_D-L-a-Glycerol_Phosphate,26
31.0,B7_D-L-a-Glycerol_Phosphate,31
31.25,B7_D-L-a-Glycerol_Phosphate,27
31.5,B7_D-L-a-Glycerol_Phosphate,27
31.75,B7_D-L-a-Glycerol_Phosphate,28
32.0,B7_D-L-a-Glycerol_Phosphate,32
32.25,B7_D-L-a-Glycerol_Phosphate,29
32.5,B7_D-L-a-Glycerol_Phosphate,23
32.75,B7_D-L-a-Glycerol_Phosphate,25
33.0,B7_D-L-a-Glycerol_Phosphate,22
33.25,B7_D-L-a-Glycerol_Phosphate,23
33.5,B7_D-L-a-Glycerol_Phosphate,25
33.75,B7_D-L-a-Glycerol_Phosphate,25
34.0,B7_D-L-a-Glycerol_Phosphate,25
34.25,B7_D-L-a-Glycerol_Phosphate,25
34.5,B7_D-L-a-Glycerol_Phosphate,27
34.75,B7_D-L-a-Glycerol_Phosphate,28
35.0,B7_D-L-a-Glycerol_Phosphate,29
35.25,B7_D-L-a-Glycerol_Phosphate,25
35.5,B7_D-L-a-Glycerol_Phosphate,28
35.75,B7_D-L-a-Glycerol_Phosphate,30
36.0,B7_D-L-a-Glycerol_Phosphate,31
36.25,B7_D-L-a-Glycerol_Phosphate,31
36.5,B7_D-L-a-Glycerol_Phosphate,25
36.75,B7_D-L-a-Glycerol_Phosphate,28
37.0,B7_D-L-a-Glycerol_Phosphate,28
37.25,B7_D-L-a-Glycerol_Phosphate,29
37.5,B7_D-L-a-Glycerol_Phosphate,26
37.75,B7_D-L-a-Glycerol_Phosphate,23
38.0,B7_D-L-a-Glycerol_Phosphate,27
38.25,B7_D-L-a-Glycerol_Phosphate,28
38.5,B7_D-L-a-Glycerol_Phosphate,24
38.75,B7_D-L-a-Glycerol_Phosphate,27
39.0,B7_D-L-a-Glycerol_Phosphate,27
39.25,B7_D-L-a-Glycerol_Phosphate,30
39.5,B7_D-L-a-Glycerol_Phosphate,27
39.75,B7_D-L-a-Glycerol_Phosphate,26
40.0,B7_D-L-a-Glycerol_Phosphate,25
40.25,B7_D-L-a-Glycerol_Phosphate,28
40.5,B7_D-L-a-Glycerol_Phosphate,31
40.75,B7_D-L-a-Glycerol_Phosphate,26
41.0,B7_D-L-a-Glycerol_Phosphate,31
41.25,B7_D-L-a-Glycerol_Phosphate,25
41.5,B7_D-L-a-Glycerol_Phosphate,26
41.75,B7_D-L-a-Glycerol_Phosphate,27
42.0,B7_D-L-a-Glycerol_Phosphate,28
42.25,B7_D-L-a-Glycerol_Phosphate,30
42.5,B7_D-L-a-Glycerol_Phosphate,30
42.75,B7_D-L-a-Glycerol_Phosphate,26
43.0,B7_D-L-a-Glycerol_Phosphate,32
43.25,B7_D-L-a-Glycerol_Phosphate,25
43.5,B7_D-L-a-Glycerol_Phosphate,29
43.75,B7_D-L-a-Glycerol_Phosphate,28
44.0,B7_D-L-a-Glycerol_Phosphate,32
44.25,B7_D-L-a-Glycerol_Phosphate,29
44.5,B7_D-L-a-Glycerol_Phosphate,34
44.75,B7_D-L-a-Glycerol_Phosphate,29
45.0,B7_D-L-a-Glycerol_Phosphate,27
45.25,B7_D-L-a-Glycerol_Phosphate,31
45.5,B7_D-L-a-Glycerol_Phosphate,29
45.75,B7_D-L-a-Glycerol_Phosphate,25
46.0,B7_D-L-a-Glycerol_Phosphate,31
46.25,B7_D-L-a-Glycerol_Phosphate,29
46.5,B7_D-L-a-Glycerol_Phosphate,26
46.75,B7_D-L-a-Glycerol_Phosphate,26
47.0,B7_D-L-a-Glycerol_Phosphate,28
47.25,B7_D-L-a-Glycerol_Phosphate,32
47.5,B7_D-L-a-Glycerol_Phosphate,0
0.0,B8_D-Xylose,65
0.25,B8_D-Xylose,63
0.5,B8_D-Xylose,66
0.75,B8_D-Xylose,69
1.0,B8_D-Xylose,70
1.25,B8_D-Xylose,70
1.5,B8_D-Xylose,72
1.75,B8_D-Xylose,70
2.0,B8_D-Xylose,76
2.25,B8_D-Xylose,73
2.5,B8_D-Xylose,77
2.75,B8_D-Xylose,75
3.0,B8_D-Xylose,79
3.25,B8_D-Xylose,74
3.5,B8_D-Xylose,82
3.75,B8_D-Xylose,79
4.0,B8_D-Xylose,79
4.25,B8_D-Xylose,81
4.5,B8_D-Xylose,77
4.75,B8_D-Xylose,80
5.0,B8_D-Xylose,79
5.25,B8_D-Xylose,81
5.5,B8_D-Xylose,77
5.75,B8_D-Xylose,81
6.0,B8_D-Xylose,77
6.25,B8_D-Xylose,79
6.5,B8_D-Xylose,80
6.75,B8_D-Xylose,82
7.0,B8_D-Xylose,82
7.25,B8_D-Xylose,83
7.5,B8_D-Xylose,85
7.75,B8_D-Xylose,78
8.0,B8_D-Xylose,79
8.25,B8_D-Xylose,86
8.5,B8_D-Xylose,82
8.75,B8_D-Xylose,81
9.0,B8_D-Xylose,85
9.25,B8_D-Xylose,82
9.5,B8_D-Xylose,84
9.75,B8_D-Xylose,88
10.0,B8_D-Xylose,85
10.25,B8_D-Xylose,83
10.5,B8_D-Xylose,85
10.75,B8_D-Xylose,88
11.0,B8_D-Xylose,90
11.25,B8_D-Xylose,87
11.5,B8_D-Xylose,92
11.75,B8_D-Xylose,87
12.0,B8_D-Xylose,90
12.25,B8_D-Xylose,89
12.5,B8_D-Xylose,85
12.75,B8_D-Xylose,87
13.0,B8_D-Xylose,90
13.25,B8_D-Xylose,94
13.5,B8_D-Xylose,87
13.75,B8_D-Xylose,90
14.0,B8_D-Xylose,91
14.25,B8_D-Xylose,90
14.5,B8_D-Xylose,89
14.75,B8_D-Xylose,91
15.0,B8_D-Xylose,90
15.25,B8_D-Xylose,94
15.5,B8_D-Xylose,93
15.75,B8_D-Xylose,91
16.0,B8_D-Xylose,93
16.25,B8_D-Xylose,95
16.5,B8_D-Xylose,94
16.75,B8_D-Xylose,92
17.0,B8_D-Xylose,94
17.25,B8_D-Xylose,94
17.5,B8_D-Xylose,96
17.75,B8_D-Xylose,97
18.0,B8_D-Xylose,95
18.25,B8_D-Xylose,96
18.5,B8_D-Xylose,98
18.75,B8_D-Xylose,101
19.0,B8_D-Xylose,97
19.25,B8_D-Xylose,98
19.5,B8_D-Xylose,97
19.75,B8_D-Xylose,96
20.0,B8_D-Xylose,101
20.25,B8_D-Xylose,98
20.5,B8_D-Xylose,94
20.75,B8_D-Xylose,98
21.0,B8_D-Xylose,98
21.25,B8_D-Xylose,99
21.5,B8_D-Xylose,97
21.75,B8_D-Xylose,98
22.0,B8_D-Xylose,102
22.25,B8_D-Xylose,97
22.5,B8_D-Xylose,100
22.75,B8_D-Xylose,103
23.0,B8_D-Xylose,100
23.25,B8_D-Xylose,102
23.5,B8_D-Xylose,101
23.75,B8_D-Xylose,100
24.0,B8_D-Xylose,100
24.25,B8_D-Xylose,105
24.5,B8_D-Xylose,104
24.75,B8_D-Xylose,103
25.0,B8_D-Xylose,100
25.25,B8_D-Xylose,103
25.5,B8_D-Xylose,102
25.75,B8_D-Xylose,103
26.0,B8_D-Xylose,99
26.25,B8_D-Xylose,104
26.5,B8_D-Xylose,103
26.75,B8_D-Xylose,101
27.0,B8_D-Xylose,103
27.25,B8_D-Xylose,100
27.5,B8_D-Xylose,106
27.75,B8_D-Xylose,102
28.0,B8_D-Xylose,107
28.25,B8_D-Xylose,105
28.5,B8_D-Xylose,103
28.75,B8_D-Xylose,107
29.0,B8_D-Xylose,107
29.25,B8_D-Xylose,102
29.5,B8_D-Xylose,106
29.75,B8_D-Xylose,102
30.0,B8_D-Xylose,105
30.25,B8_D-Xylose,104
30.5,B8_D-Xylose,106
30.75,B8_D-Xylose,103
31.0,B8_D-Xylose,100
31.25,B8_D-Xylose,103
31.5,B8_D-Xylose,106
31.75,B8_D-Xylose,107
32.0,B8_D-Xylose,106
32.25,B8_D-Xylose,103
32.5,B8_D-Xylose,106
32.75,B8_D-Xylose,106
33.0,B8_D-Xylose,105
33.25,B8_D-Xylose,104
33.5,B8_D-Xylose,105
33.75,B8_D-Xylose,106
34.0,B8_D-Xylose,107
34.25,B8_D-Xylose,108
34.5,B8_D-Xylose,105
34.75,B8_D-Xylose,106
35.0,B8_D-Xylose,108
35.25,B8_D-Xylose,101
35.5,B8_D-Xylose,110
35.75,B8_D-Xylose,109
36.0,B8_D-Xylose,109
36.25,B8_D-Xylose,109
36.5,B8_D-Xylose,104
36.75,B8_D-Xylose,105
37.0,B8_D-Xylose,107
37.25,B8_D-Xylose,101
37.5,B8_D-Xylose,103
37.75,B8_D-Xylose,105
38.0,B8_D-Xylose,104
38.25,B8_D-Xylose,106
38.5,B8_D-Xylose,105
38.75,B8_D-Xylose,110
39.0,B8_D-Xylose,105
39.25,B8_D-Xylose,107
39.5,B8_D-Xylose,105
39.75,B8_D-Xylose,102
40.0,B8_D-Xylose,106
40.25,B8_D-Xylose,108
40.5,B8_D-Xylose,105
40.75,B8_D-Xylose,107
41.0,B8_D-Xylose,105
41.25,B8_D-Xylose,108
41.5,B8_D-Xylose,106
41.75,B8_D-Xylose,107
42.0,B8_D-Xylose,107
42.25,B8_D-Xylose,106
42.5,B8_D-Xylose,111
42.75,B8_D-Xylose,103
43.0,B8_D-Xylose,110
43.25,B8_D-Xylose,107
43.5,B8_D-Xylose,110
43.75,B8_D-Xylose,112
44.0,B8_D-Xylose,119
44.25,B8_D-Xylose,114
44.5,B8_D-Xylose,110
44.75,B8_D-Xylose,111
45.0,B8_D-Xylose,109
45.25,B8_D-Xylose,106
45.5,B8_D-Xylose,108
45.75,B8_D-Xylose,106
46.0,B8_D-Xylose,105
46.25,B8_D-Xylose,109
46.5,B8_D-Xylose,106
46.75,B8_D-Xylose,110
47.0,B8_D-Xylose,105
47.25,B8_D-Xylose,112
47.5,B8_D-Xylose,0
0.0,B9_L-Lactic_Acid,11
0.25,B9_L-Lactic_Acid,11
0.5,B9_L-Lactic_Acid,11
0.75,B9_L-Lactic_Acid,11
1.0,B9_L-Lactic_Acid,11
1.25,B9_L-Lactic_Acid,11
1.5,B9_L-Lactic_Acid,11
1.75,B9_L-Lactic_Acid,11
2.0,B9_L-Lactic_Acid,11
2.25,B9_L-Lactic_Acid,11
2.5,B9_L-Lactic_Acid,11
2.75,B9_L-Lactic_Acid,11
3.0,B9_L-Lactic_Acid,11
3.25,B9_L-Lactic_Acid,11
3.5,B9_L-Lactic_Acid,11
3.75,B9_L-Lactic_Acid,11
4.0,B9_L-Lactic_Acid,12
4.25,B9_L-Lactic_Acid,14
4.5,B9_L-Lactic_Acid,14
4.75,B9_L-Lactic_Acid,14
5.0,B9_L-Lactic_Acid,18
5.25,B9_L-Lactic_Acid,17
5.5,B9_L-Lactic_Acid,14
5.75,B9_L-Lactic_Acid,13
6.0,B9_L-Lactic_Acid,15
6.25,B9_L-Lactic_Acid,18
6.5,B9_L-Lactic_Acid,19
6.75,B9_L-Lactic_Acid,17
7.0,B9_L-Lactic_Acid,19
7.25,B9_L-Lactic_Acid,22
7.5,B9_L-Lactic_Acid,20
7.75,B9_L-Lactic_Acid,21
8.0,B9_L-Lactic_Acid,22
8.25,B9_L-Lactic_Acid,21
8.5,B9_L-Lactic_Acid,19
8.75,B9_L-Lactic_Acid,25
9.0,B9_L-Lactic_Acid,23
9.25,B9_L-Lactic_Acid,20
9.5,B9_L-Lactic_Acid,20
9.75,B9_L-Lactic_Acid,23
10.0,B9_L-Lactic_Acid,24
10.25,B9_L-Lactic_Acid,21
10.5,B9_L-Lactic_Acid,22
10.75,B9_L-Lactic_Acid,25
11.0,B9_L-Lactic_Acid,21
11.25,B9_L-Lactic_Acid,21
11.5,B9_L-Lactic_Acid,23
11.75,B9_L-Lactic_Acid,24
12.0,B9_L-Lactic_Acid,21
12.25,B9_L-Lactic_Acid,28
12.5,B9_L-Lactic_Acid,23
12.75,B9_L-Lactic_Acid,20
13.0,B9_L-Lactic_Acid,22
13.25,B9_L-Lactic_Acid,26
13.5,B9_L-Lactic_Acid,23
13.75,B9_L-Lactic_Acid,25
14.0,B9_L-Lactic_Acid,23
14.25,B9_L-Lactic_Acid,25
14.5,B9_L-Lactic_Acid,25
14.75,B9_L-Lactic_Acid,27
15.0,B9_L-Lactic_Acid,24
15.25,B9_L-Lactic_Acid,27
15.5,B9_L-Lactic_Acid,27
15.75,B9_L-Lactic_Acid,25
16.0,B9_L-Lactic_Acid,30
16.25,B9_L-Lactic_Acid,28
16.5,B9_L-Lactic_Acid,26
16.75,B9_L-Lactic_Acid,26
17.0,B9_L-Lactic_Acid,31
17.25,B9_L-Lactic_Acid,27
17.5,B9_L-Lactic_Acid,28
17.75,B9_L-Lactic_Acid,29
18.0,B9_L-Lactic_Acid,27
18.25,B9_L-Lactic_Acid,29
18.5,B9_L-Lactic_Acid,28
18.75,B9_L-Lactic_Acid,26
19.0,B9_L-Lactic_Acid,29
19.25,B9_L-Lactic_Acid,26
19.5,B9_L-Lactic_Acid,29
19.75,B9_L-Lactic_Acid,29
20.0,B9_L-Lactic_Acid,31
20.25,B9_L-Lactic_Acid,30
20.5,B9_L-Lactic_Acid,29
20.75,B9_L-Lactic_Acid,32
21.0,B9_L-Lactic_Acid,25
21.25,B9_L-Lactic_Acid,27
21.5,B9_L-Lactic_Acid,28
21.75,B9_L-Lactic_Acid,23
22.0,B9_L-Lactic_Acid,31
22.25,B9_L-Lactic_Acid,30
22.5,B9_L-Lactic_Acid,29
22.75,B9_L-Lactic_Acid,32
23.0,B9_L-Lactic_Acid,32
23.25,B9_L-Lactic_Acid,28
23.5,B9_L-Lactic_Acid,28
23.75,B9_L-Lactic_Acid,35
24.0,B9_L-Lactic_Acid,29
24.25,B9_L-Lactic_Acid,30
24.5,B9_L-Lactic_Acid,34
24.75,B9_L-Lactic_Acid,33
25.0,B9_L-Lactic_Acid,29
25.25,B9_L-Lactic_Acid,31
25.5,B9_L-Lactic_Acid,30
25.75,B9_L-Lactic_Acid,30
26.0,B9_L-Lactic_Acid,33
26.25,B9_L-Lactic_Acid,34
26.5,B9_L-Lactic_Acid,29
26.75,B9_L-Lactic_Acid,35
27.0,B9_L-Lactic_Acid,32
27.25,B9_L-Lactic_Acid,34
27.5,B9_L-Lactic_Acid,32
27.75,B9_L-Lactic_Acid,32
28.0,B9_L-Lactic_Acid,32
28.25,B9_L-Lactic_Acid,33
28.5,B9_L-Lactic_Acid,32
28.75,B9_L-Lactic_Acid,32
29.0,B9_L-Lactic_Acid,34
29.25,B9_L-Lactic_Acid,28
29.5,B9_L-Lactic_Acid,28
29.75,B9_L-Lactic_Acid,30
30.0,B9_L-Lactic_Acid,28
30.25,B9_L-Lactic_Acid,31
30.5,B9_L-Lactic_Acid,28
30.75,B9_L-Lactic_Acid,35
31.0,B9_L-Lactic_Acid,31
31.25,B9_L-Lactic_Acid,32
31.5,B9_L-Lactic_Acid,30
31.75,B9_L-Lactic_Acid,30
32.0,B9_L-Lactic_Acid,35
32.25,B9_L-Lactic_Acid,34
32.5,B9_L-Lactic_Acid,31
32.75,B9_L-Lactic_Acid,35
33.0,B9_L-Lactic_Acid,32
33.25,B9_L-Lactic_Acid,34
33.5,B9_L-Lactic_Acid,33
33.75,B9_L-Lactic_Acid,33
34.0,B9_L-Lactic_Acid,32
34.25,B9_L-Lactic_Acid,33
34.5,B9_L-Lactic_Acid,32
34.75,B9_L-Lactic_Acid,34
35.0,B9_L-Lactic_Acid,35
35.25,B9_L-Lactic_Acid,33
35.5,B9_L-Lactic_Acid,34
35.75,B9_L-Lactic_Acid,34
36.0,B9_L-Lactic_Acid,37
36.25,B9_L-Lactic_Acid,30
36.5,B9_L-Lactic_Acid,32
36.75,B9_L-Lactic_Acid,31
37.0,B9_L-Lactic_Acid,29
37.25,B9_L-Lactic_Acid,32
37.5,B9_L-Lactic_Acid,37
37.75,B9_L-Lactic_Acid,29
38.0,B9_L-Lactic_Acid,34
38.25,B9_L-Lactic_Acid,34
38.5,B9_L-Lactic_Acid,29
38.75,B9_L-Lactic_Acid,34
39.0,B9_L-Lactic_Acid,33
39.25,B9_L-Lactic_Acid,30
39.5,B9_L-Lactic_Acid,29
39.75,B9_L-Lactic_Acid,34
40.0,B9_L-Lactic_Acid,33
40.25,B9_L-Lactic_Acid,36
40.5,B9_L-Lactic_Acid,31
40.75,B9_L-Lactic_Acid,31
41.0,B9_L-Lactic_Acid,35
41.25,B9_L-Lactic_Acid,34
41.5,B9_L-Lactic_Acid,38
41.75,B9_L-Lactic_Acid,33
42.0,B9_L-Lactic_Acid,31
42.25,B9_L-Lactic_Acid,37
42.5,B9_L-Lactic_Acid,37
42.75,B9_L-Lactic_Acid,31
43.0,B9_L-Lactic_Acid,38
43.25,B9_L-Lactic_Acid,34
43.5,B9_L-Lactic_Acid,34
43.75,B9_L-Lactic_Acid,36
44.0,B9_L-Lactic_Acid,38
44.25,B9_L-Lactic_Acid,34
44.5,B9_L-Lactic_Acid,36
44.75,B9_L-Lactic_Acid,36
45.0,B9_L-Lactic_Acid,35
45.25,B9_L-Lactic_Acid,36
45.5,B9_L-Lactic_Acid,35
45.75,B9_L-Lactic_Acid,36
46.0,B9_L-Lactic_Acid,35
46.25,B9_L-Lactic_Acid,34
46.5,B9_L-Lactic_Acid,35
46.75,B9_L-Lactic_Acid,35
47.0,B9_L-Lactic_Acid,37
47.25,B9_L-Lactic_Acid,33
47.5,B9_L-Lactic_Acid,0
0.0,B10_Formic_Acid,11
0.25,B10_Formic_Acid,11
0.5,B10_Formic_Acid,11
0.75,B10_Formic_Acid,11
1.0,B10_Formic_Acid,11
1.25,B10_Formic_Acid,11
1.5,B10_Formic_Acid,11
1.75,B10_Formic_Acid,11
2.0,B10_Formic_Acid,11
2.25,B10_Formic_Acid,11
2.5,B10_Formic_Acid,11
2.75,B10_Formic_Acid,11
3.0,B10_Formic_Acid,11
3.25,B10_Formic_Acid,11
3.5,B10_Formic_Acid,11
3.75,B10_Formic_Acid,11
4.0,B10_Formic_Acid,11
4.25,B10_Formic_Acid,11
4.5,B10_Formic_Acid,11
4.75,B10_Formic_Acid,11
5.0,B10_Formic_Acid,11
5.25,B10_Formic_Acid,11
5.5,B10_Formic_Acid,11
5.75,B10_Formic_Acid,11
6.0,B10_Formic_Acid,14
6.25,B10_Formic_Acid,14
6.5,B10_Formic_Acid,13
6.75,B10_Formic_Acid,14
7.0,B10_Formic_Acid,14
7.25,B10_Formic_Acid,13
7.5,B10_Formic_Acid,17
7.75,B10_Formic_Acid,16
8.0,B10_Formic_Acid,18
8.25,B10_Formic_Acid,18
8.5,B10_Formic_Acid,15
8.75,B10_Formic_Acid,16
9.0,B10_Formic_Acid,19
9.25,B10_Formic_Acid,19
9.5,B10_Formic_Acid,18
9.75,B10_Formic_Acid,17
10.0,B10_Formic_Acid,22
10.25,B10_Formic_Acid,16
10.5,B10_Formic_Acid,21
10.75,B10_Formic_Acid,20
11.0,B10_Formic_Acid,20
11.25,B10_Formic_Acid,16
11.5,B10_Formic_Acid,21
11.75,B10_Formic_Acid,18
12.0,B10_Formic_Acid,16
12.25,B10_Formic_Acid,18
12.5,B10_Formic_Acid,18
12.75,B10_Formic_Acid,18
13.0,B10_Formic_Acid,20
13.25,B10_Formic_Acid,18
13.5,B10_Formic_Acid,18
13.75,B10_Formic_Acid,18
14.0,B10_Formic_Acid,18
14.25,B10_Formic_Acid,19
14.5,B10_Formic_Acid,20
14.75,B10_Formic_Acid,23
15.0,B10_Formic_Acid,21
15.25,B10_Formic_Acid,21
15.5,B10_Formic_Acid,21
15.75,B10_Formic_Acid,21
16.0,B10_Formic_Acid,22
16.25,B10_Formic_Acid,23
16.5,B10_Formic_Acid,24
16.75,B10_Formic_Acid,23
17.0,B10_Formic_Acid,20
17.25,B10_Formic_Acid,20
17.5,B10_Formic_Acid,23
17.75,B10_Formic_Acid,25
18.0,B10_Formic_Acid,22
18.25,B10_Formic_Acid,23
18.5,B10_Formic_Acid,23
18.75,B10_Formic_Acid,20
19.0,B10_Formic_Acid,21
19.25,B10_Formic_Acid,20
19.5,B10_Formic_Acid,25
19.75,B10_Formic_Acid,25
20.0,B10_Formic_Acid,28
20.25,B10_Formic_Acid,23
20.5,B10_Formic_Acid,22
20.75,B10_Formic_Acid,27
21.0,B10_Formic_Acid,27
21.25,B10_Formic_Acid,20
21.5,B10_Formic_Acid,26
21.75,B10_Formic_Acid,23
22.0,B10_Formic_Acid,22
22.25,B10_Formic_Acid,21
22.5,B10_Formic_Acid,28
22.75,B10_Formic_Acid,23
23.0,B10_Formic_Acid,27
23.25,B10_Formic_Acid,23
23.5,B10_Formic_Acid,21
23.75,B10_Formic_Acid,30
24.0,B10_Formic_Acid,25
24.25,B10_Formic_Acid,22
24.5,B10_Formic_Acid,26
24.75,B10_Formic_Acid,28
25.0,B10_Formic_Acid,23
25.25,B10_Formic_Acid,28
25.5,B10_Formic_Acid,29
25.75,B10_Formic_Acid,27
26.0,B10_Formic_Acid,27
26.25,B10_Formic_Acid,26
26.5,B10_Formic_Acid,22
26.75,B10_Formic_Acid,22
27.0,B10_Formic_Acid,28
27.25,B10_Formic_Acid,23
27.5,B10_Formic_Acid,31
27.75,B10_Formic_Acid,28
28.0,B10_Formic_Acid,25
28.25,B10_Formic_Acid,25
28.5,B10_Formic_Acid,30
28.75,B10_Formic_Acid,25
29.0,B10_Formic_Acid,26
29.25,B10_Formic_Acid,27
29.5,B10_Formic_Acid,29
29.75,B10_Formic_Acid,24
30.0,B10_Formic_Acid,27
30.25,B10_Formic_Acid,28
30.5,B10_Formic_Acid,28
30.75,B10_Formic_Acid,28
31.0,B10_Formic_Acid,32
31.25,B10_Formic_Acid,25
31.5,B10_Formic_Acid,26
31.75,B10_Formic_Acid,30
32.0,B10_Formic_Acid,27
32.25,B10_Formic_Acid,22
32.5,B10_Formic_Acid,25
32.75,B10_Formic_Acid,29
33.0,B10_Formic_Acid,23
33.25,B10_Formic_Acid,25
33.5,B10_Formic_Acid,32
33.75,B10_Formic_Acid,32
34.0,B10_Formic_Acid,24
34.25,B10_Formic_Acid,30
34.5,B10_Formic_Acid,27
34.75,B10_Formic_Acid,25
35.0,B10_Formic_Acid,28
35.25,B10_Formic_Acid,22
35.5,B10_Formic_Acid,28
35.75,B10_Formic_Acid,26
36.0,B10_Formic_Acid,28
36.25,B10_Formic_Acid,29
36.5,B10_Formic_Acid,27
36.75,B10_Formic_Acid,27
37.0,B10_Formic_Acid,29
37.25,B10_Formic_Acid,27
37.5,B10_Formic_Acid,24
37.75,B10_Formic_Acid,30
38.0,B10_Formic_Acid,29
38.25,B10_Formic_Acid,31
38.5,B10_Formic_Acid,30
38.75,B10_Formic_Acid,33
39.0,B10_Formic_Acid,28
39.25,B10_Formic_Acid,30
39.5,B10_Formic_Acid,23
39.75,B10_Formic_Acid,29
40.0,B10_Formic_Acid,26
40.25,B10_Formic_Acid,20
40.5,B10_Formic_Acid,26
40.75,B10_Formic_Acid,29
41.0,B10_Formic_Acid,31
41.25,B10_Formic_Acid,26
41.5,B10_Formic_Acid,34
41.75,B10_Formic_Acid,19
42.0,B10_Formic_Acid,25
42.25,B10_Formic_Acid,27
42.5,B10_Formic_Acid,32
42.75,B10_Formic_Acid,32
43.0,B10_Formic_Acid,31
43.25,B10_Formic_Acid,33
43.5,B10_Formic_Acid,27
43.75,B10_Formic_Acid,34
44.0,B10_Formic_Acid,33
44.25,B10_Formic_Acid,31
44.5,B10_Formic_Acid,28
44.75,B10_Formic_Acid,29
45.0,B10_Formic_Acid,27
45.25,B10_Formic_Acid,31
45.5,B10_Formic_Acid,28
45.75,B10_Formic_Acid,30
46.0,B10_Formic_Acid,31
46.25,B10_Formic_Acid,32
46.5,B10_Formic_Acid,29
46.75,B10_Formic_Acid,28
47.0,B10_Formic_Acid,35
47.25,B10_Formic_Acid,34
47.5,B10_Formic_Acid,0
0.0,B11_D-Mannitol,15
0.25,B11_D-Mannitol,16
0.5,B11_D-Mannitol,16
0.75,B11_D-Mannitol,13
1.0,B11_D-Mannitol,17
1.25,B11_D-Mannitol,17
1.5,B11_D-Mannitol,21
1.75,B11_D-Mannitol,15
2.0,B11_D-Mannitol,17
2.25,B11_D-Mannitol,15
2.5,B11_D-Mannitol,14
2.75,B11_D-Mannitol,14
3.0,B11_D-Mannitol,17
3.25,B11_D-Mannitol,13
3.5,B11_D-Mannitol,16
3.75,B11_D-Mannitol,14
4.0,B11_D-Mannitol,12
4.25,B11_D-Mannitol,19
4.5,B11_D-Mannitol,13
4.75,B11_D-Mannitol,21
5.0,B11_D-Mannitol,24
5.25,B11_D-Mannitol,23
5.5,B11_D-Mannitol,20
5.75,B11_D-Mannitol,25
6.0,B11_D-Mannitol,26
6.25,B11_D-Mannitol,26
6.5,B11_D-Mannitol,23
6.75,B11_D-Mannitol,27
7.0,B11_D-Mannitol,36
7.25,B11_D-Mannitol,34
7.5,B11_D-Mannitol,37
7.75,B11_D-Mannitol,33
8.0,B11_D-Mannitol,38
8.25,B11_D-Mannitol,35
8.5,B11_D-Mannitol,41
8.75,B11_D-Mannitol,39
9.0,B11_D-Mannitol,45
9.25,B11_D-Mannitol,44
9.5,B11_D-Mannitol,42
9.75,B11_D-Mannitol,47
10.0,B11_D-Mannitol,48
10.25,B11_D-Mannitol,48
10.5,B11_D-Mannitol,52
10.75,B11_D-Mannitol,58
11.0,B11_D-Mannitol,59
11.25,B11_D-Mannitol,61
11.5,B11_D-Mannitol,62
11.75,B11_D-Mannitol,66
12.0,B11_D-Mannitol,66
12.25,B11_D-Mannitol,70
12.5,B11_D-Mannitol,76
12.75,B11_D-Mannitol,73
13.0,B11_D-Mannitol,73
13.25,B11_D-Mannitol,82
13.5,B11_D-Mannitol,83
13.75,B11_D-Mannitol,92
14.0,B11_D-Mannitol,94
14.25,B11_D-Mannitol,98
14.5,B11_D-Mannitol,101
14.75,B11_D-Mannitol,101
15.0,B11_D-Mannitol,105
15.25,B11_D-Mannitol,111
15.5,B11_D-Mannitol,113
15.75,B11_D-Mannitol,122
16.0,B11_D-Mannitol,124
16.25,B11_D-Mannitol,130
16.5,B11_D-Mannitol,136
16.75,B11_D-Mannitol,137
17.0,B11_D-Mannitol,140
17.25,B11_D-Mannitol,143
17.5,B11_D-Mannitol,148
17.75,B11_D-Mannitol,152
18.0,B11_D-Mannitol,156
18.25,B11_D-Mannitol,162
18.5,B11_D-Mannitol,168
18.75,B11_D-Mannitol,173
19.0,B11_D-Mannitol,172
19.25,B11_D-Mannitol,178
19.5,B11_D-Mannitol,182
19.75,B11_D-Mannitol,187
20.0,B11_D-Mannitol,188
20.25,B11_D-Mannitol,193
20.5,B11_D-Mannitol,191
20.75,B11_D-Mannitol,200
21.0,B11_D-Mannitol,202
21.25,B11_D-Mannitol,201
21.5,B11_D-Mannitol,206
21.75,B11_D-Mannitol,213
22.0,B11_D-Mannitol,216
22.25,B11_D-Mannitol,214
22.5,B11_D-Mannitol,225
22.75,B11_D-Mannitol,221
23.0,B11_D-Mannitol,222
23.25,B11_D-Mannitol,226
23.5,B11_D-Mannitol,230
23.75,B11_D-Mannitol,226
24.0,B11_D-Mannitol,230
24.25,B11_D-Mannitol,233
24.5,B11_D-Mannitol,234
24.75,B11_D-Mannitol,236
25.0,B11_D-Mannitol,238
25.25,B11_D-Mannitol,240
25.5,B11_D-Mannitol,240
25.75,B11_D-Mannitol,242
26.0,B11_D-Mannitol,246
26.25,B11_D-Mannitol,245
26.5,B11_D-Mannitol,247
26.75,B11_D-Mannitol,249
27.0,B11_D-Mannitol,255
27.25,B11_D-Mannitol,253
27.5,B11_D-Mannitol,252
27.75,B11_D-Mannitol,252
28.0,B11_D-Mannitol,253
28.25,B11_D-Mannitol,254
28.5,B11_D-Mannitol,250
28.75,B11_D-Mannitol,255
29.0,B11_D-Mannitol,253
29.25,B11_D-Mannitol,255
29.5,B11_D-Mannitol,259
29.75,B11_D-Mannitol,258
30.0,B11_D-Mannitol,261
30.25,B11_D-Mannitol,257
30.5,B11_D-Mannitol,259
30.75,B11_D-Mannitol,261
31.0,B11_D-Mannitol,258
31.25,B11_D-Mannitol,261
31.5,B11_D-Mannitol,264
31.75,B11_D-Mannitol,261
32.0,B11_D-Mannitol,260
32.25,B11_D-Mannitol,261
32.5,B11_D-Mannitol,256
32.75,B11_D-Mannitol,258
33.0,B11_D-Mannitol,261
33.25,B11_D-Mannitol,265
33.5,B11_D-Mannitol,264
33.75,B11_D-Mannitol,265
34.0,B11_D-Mannitol,262
34.25,B11_D-Mannitol,265
34.5,B11_D-Mannitol,262
34.75,B11_D-Mannitol,267
35.0,B11_D-Mannitol,265
35.25,B11_D-Mannitol,261
35.5,B11_D-Mannitol,261
35.75,B11_D-Mannitol,267
36.0,B11_D-Mannitol,265
36.25,B11_D-Mannitol,266
36.5,B11_D-Mannitol,262
36.75,B11_D-Mannitol,267
37.0,B11_D-Mannitol,263
37.25,B11_D-Mannitol,264
37.5,B11_D-Mannitol,265
37.75,B11_D-Mannitol,263
38.0,B11_D-Mannitol,266
38.25,B11_D-Mannitol,265
38.5,B11_D-Mannitol,263
38.75,B11_D-Mannitol,270
39.0,B11_D-Mannitol,267
39.25,B11_D-Mannitol,266
39.5,B11_D-Mannitol,268
39.75,B11_D-Mannitol,265
40.0,B11_D-Mannitol,264
40.25,B11_D-Mannitol,265
40.5,B11_D-Mannitol,263
40.75,B11_D-Mannitol,270
41.0,B11_D-Mannitol,267
41.25,B11_D-Mannitol,267
41.5,B11_D-Mannitol,267
41.75,B11_D-Mannitol,270
42.0,B11_D-Mannitol,267
42.25,B11_D-Mannitol,269
42.5,B11_D-Mannitol,271
42.75,B11_D-Mannitol,267
43.0,B11_D-Mannitol,271
43.25,B11_D-Mannitol,270
43.5,B11_D-Mannitol,272
43.75,B11_D-Mannitol,275
44.0,B11_D-Mannitol,273
44.25,B11_D-Mannitol,273
44.5,B11_D-Mannitol,268
44.75,B11_D-Mannitol,275
45.0,B11_D-Mannitol,276
45.25,B11_D-Mannitol,273
45.5,B11_D-Mannitol,274
45.75,B11_D-Mannitol,272
46.0,B11_D-Mannitol,275
46.25,B11_D-Mannitol,270
46.5,B11_D-Mannitol,269
46.75,B11_D-Mannitol,277
47.0,B11_D-Mannitol,271
47.25,B11_D-Mannitol,273
47.5,B11_D-Mannitol,0
0.0,B12_L-Glutamic_Acid,21
0.25,B12_L-Glutamic_Acid,19
0.5,B12_L-Glutamic_Acid,18
0.75,B12_L-Glutamic_Acid,20
1.0,B12_L-Glutamic_Acid,18
1.25,B12_L-Glutamic_Acid,17
1.5,B12_L-Glutamic_Acid,20
1.75,B12_L-Glutamic_Acid,20
2.0,B12_L-Glutamic_Acid,19
2.25,B12_L-Glutamic_Acid,18
2.5,B12_L-Glutamic_Acid,20
2.75,B12_L-Glutamic_Acid,18
3.0,B12_L-Glutamic_Acid,22
3.25,B12_L-Glutamic_Acid,23
3.5,B12_L-Glutamic_Acid,21
3.75,B12_L-Glutamic_Acid,19
4.0,B12_L-Glutamic_Acid,19
4.25,B12_L-Glutamic_Acid,24
4.5,B12_L-Glutamic_Acid,25
4.75,B12_L-Glutamic_Acid,22
5.0,B12_L-Glutamic_Acid,29
5.25,B12_L-Glutamic_Acid,26
5.5,B12_L-Glutamic_Acid,27
5.75,B12_L-Glutamic_Acid,30
6.0,B12_L-Glutamic_Acid,32
6.25,B12_L-Glutamic_Acid,31
6.5,B12_L-Glutamic_Acid,30
6.75,B12_L-Glutamic_Acid,30
7.0,B12_L-Glutamic_Acid,41
7.25,B12_L-Glutamic_Acid,35
7.5,B12_L-Glutamic_Acid,43
7.75,B12_L-Glutamic_Acid,43
8.0,B12_L-Glutamic_Acid,44
8.25,B12_L-Glutamic_Acid,49
8.5,B12_L-Glutamic_Acid,49
8.75,B12_L-Glutamic_Acid,53
9.0,B12_L-Glutamic_Acid,51
9.25,B12_L-Glutamic_Acid,59
9.5,B12_L-Glutamic_Acid,61
9.75,B12_L-Glutamic_Acid,61
10.0,B12_L-Glutamic_Acid,66
10.25,B12_L-Glutamic_Acid,69
10.5,B12_L-Glutamic_Acid,74
10.75,B12_L-Glutamic_Acid,76
11.0,B12_L-Glutamic_Acid,78
11.25,B12_L-Glutamic_Acid,81
11.5,B12_L-Glutamic_Acid,80
11.75,B12_L-Glutamic_Acid,84
12.0,B12_L-Glutamic_Acid,85
12.25,B12_L-Glutamic_Acid,89
12.5,B12_L-Glutamic_Acid,90
12.75,B12_L-Glutamic_Acid,94
13.0,B12_L-Glutamic_Acid,101
13.25,B12_L-Glutamic_Acid,103
13.5,B12_L-Glutamic_Acid,111
13.75,B12_L-Glutamic_Acid,110
14.0,B12_L-Glutamic_Acid,109
14.25,B12_L-Glutamic_Acid,113
14.5,B12_L-Glutamic_Acid,118
14.75,B12_L-Glutamic_Acid,121
15.0,B12_L-Glutamic_Acid,125
15.25,B12_L-Glutamic_Acid,122
15.5,B12_L-Glutamic_Acid,126
15.75,B12_L-Glutamic_Acid,126
16.0,B12_L-Glutamic_Acid,132
16.25,B12_L-Glutamic_Acid,138
16.5,B12_L-Glutamic_Acid,138
16.75,B12_L-Glutamic_Acid,139
17.0,B12_L-Glutamic_Acid,145
17.25,B12_L-Glutamic_Acid,143
17.5,B12_L-Glutamic_Acid,147
17.75,B12_L-Glutamic_Acid,149
18.0,B12_L-Glutamic_Acid,154
18.25,B12_L-Glutamic_Acid,156
18.5,B12_L-Glutamic_Acid,161
18.75,B12_L-Glutamic_Acid,162
19.0,B12_L-Glutamic_Acid,163
19.25,B12_L-Glutamic_Acid,164
19.5,B12_L-Glutamic_Acid,163
19.75,B12_L-Glutamic_Acid,169
20.0,B12_L-Glutamic_Acid,168
20.25,B12_L-Glutamic_Acid,171
20.5,B12_L-Glutamic_Acid,174
20.75,B12_L-Glutamic_Acid,179
21.0,B12_L-Glutamic_Acid,182
21.25,B12_L-Glutamic_Acid,177
21.5,B12_L-Glutamic_Acid,186
21.75,B12_L-Glutamic_Acid,186
22.0,B12_L-Glutamic_Acid,189
22.25,B12_L-Glutamic_Acid,189
22.5,B12_L-Glutamic_Acid,191
22.75,B12_L-Glutamic_Acid,197
23.0,B12_L-Glutamic_Acid,195
23.25,B12_L-Glutamic_Acid,200
23.5,B12_L-Glutamic_Acid,202
23.75,B12_L-Glutamic_Acid,206
24.0,B12_L-Glutamic_Acid,208
24.25,B12_L-Glutamic_Acid,204
24.5,B12_L-Glutamic_Acid,210
24.75,B12_L-Glutamic_Acid,208
25.0,B12_L-Glutamic_Acid,209
25.25,B12_L-Glutamic_Acid,209
25.5,B12_L-Glutamic_Acid,207
25.75,B12_L-Glutamic_Acid,205
26.0,B12_L-Glutamic_Acid,212
26.25,B12_L-Glutamic_Acid,210
26.5,B12_L-Glutamic_Acid,210
26.75,B12_L-Glutamic_Acid,211
27.0,B12_L-Glutamic_Acid,210
27.25,B12_L-Glutamic_Acid,208
27.5,B12_L-Glutamic_Acid,209
27.75,B12_L-Glutamic_Acid,211
28.0,B12_L-Glutamic_Acid,210
28.25,B12_L-Glutamic_Acid,208
28.5,B12_L-Glutamic_Acid,212
28.75,B12_L-Glutamic_Acid,207
29.0,B12_L-Glutamic_Acid,207
29.25,B12_L-Glutamic_Acid,204
29.5,B12_L-Glutamic_Acid,208
29.75,B12_L-Glutamic_Acid,204
30.0,B12_L-Glutamic_Acid,207
30.25,B12_L-Glutamic_Acid,206
30.5,B12_L-Glutamic_Acid,204
30.75,B12_L-Glutamic_Acid,208
31.0,B12_L-Glutamic_Acid,206
31.25,B12_L-Glutamic_Acid,202
31.5,B12_L-Glutamic_Acid,204
31.75,B12_L-Glutamic_Acid,204
32.0,B12_L-Glutamic_Acid,201
32.25,B12_L-Glutamic_Acid,201
32.5,B12_L-Glutamic_Acid,201
32.75,B12_L-Glutamic_Acid,204
33.0,B12_L-Glutamic_Acid,200
33.25,B12_L-Glutamic_Acid,199
33.5,B12_L-Glutamic_Acid,200
33.75,B12_L-Glutamic_Acid,199
34.0,B12_L-Glutamic_Acid,200
34.25,B12_L-Glutamic_Acid,200
34.5,B12_L-Glutamic_Acid,200
34.75,B12_L-Glutamic_Acid,199
35.0,B12_L-Glutamic_Acid,200
35.25,B12_L-Glutamic_Acid,199
35.5,B12_L-Glutamic_Acid,200
35.75,B12_L-Glutamic_Acid,205
36.0,B12_L-Glutamic_Acid,200
36.25,B12_L-Glutamic_Acid,199
36.5,B12_L-Glutamic_Acid,203
36.75,B12_L-Glutamic_Acid,197
37.0,B12_L-Glutamic_Acid,206
37.25,B12_L-Glutamic_Acid,198
37.5,B12_L-Glutamic_Acid,201
37.75,B12_L-Glutamic_Acid,202
38.0,B12_L-Glutamic_Acid,204
38.25,B12_L-Glutamic_Acid,205
38.5,B12_L-Glutamic_Acid,202
38.75,B12_L-Glutamic_Acid,205
39.0,B12_L-Glutamic_Acid,200
39.25,B12_L-Glutamic_Acid,198
39.5,B12_L-Glutamic_Acid,198
39.75,B12_L-Glutamic_Acid,202
40.0,B12_L-Glutamic_Acid,201
40.25,B12_L-Glutamic_Acid,200
40.5,B12_L-Glutamic_Acid,203
40.75,B12_L-Glutamic_Acid,200
41.0,B12_L-Glutamic_Acid,199
41.25,B12_L-Glutamic_Acid,201
41.5,B12_L-Glutamic_Acid,199
41.75,B12_L-Glutamic_Acid,200
42.0,B12_L-Glutamic_Acid,202
42.25,B12_L-Glutamic_Acid,201
42.5,B12_L-Glutamic_Acid,205
42.75,B12_L-Glutamic_Acid,196
43.0,B12_L-Glutamic_Acid,199
43.25,B12_L-Glutamic_Acid,206
43.5,B12_L-Glutamic_Acid,201
43.75,B12_L-Glutamic_Acid,202
44.0,B12_L-Glutamic_Acid,204
44.25,B12_L-Glutamic_Acid,202
44.5,B12_L-Glutamic_Acid,201
44.75,B12_L-Glutamic_Acid,199
45.0,B12_L-Glutamic_Acid,199
45.25,B12_L-Glutamic_Acid,197
45.5,B12_L-Glutamic_Acid,201
45.75,B12_L-Glutamic_Acid,203
46.0,B12_L-Glutamic_Acid,201
46.25,B12_L-Glutamic_Acid,201
46.5,B12_L-Glutamic_Acid,200
46.75,B12_L-Glutamic_Acid,198
47.0,B12_L-Glutamic_Acid,203
47.25,B12_L-Glutamic_Acid,200
47.5,B12_L-Glutamic_Acid,0
0.0,C1_D-Glucose-6-Phosphate,52
0.25,C1_D-Glucose-6-Phosphate,32
0.5,C1_D-Glucose-6-Phosphate,25
0.75,C1_D-Glucose-6-Phosphate,27
1.0,C1_D-Glucose-6-Phosphate,21
1.25,C1_D-Glucose-6-Phosphate,19
1.5,C1_D-Glucose-6-Phosphate,20
1.75,C1_D-Glucose-6-Phosphate,21
2.0,C1_D-Glucose-6-Phosphate,20
2.25,C1_D-Glucose-6-Phosphate,19
2.5,C1_D-Glucose-6-Phosphate,17
2.75,C1_D-Glucose-6-Phosphate,20
3.0,C1_D-Glucose-6-Phosphate,20
3.25,C1_D-Glucose-6-Phosphate,23
3.5,C1_D-Glucose-6-Phosphate,21
3.75,C1_D-Glucose-6-Phosphate,27
4.0,C1_D-Glucose-6-Phosphate,19
4.25,C1_D-Glucose-6-Phosphate,29
4.5,C1_D-Glucose-6-Phosphate,26
4.75,C1_D-Glucose-6-Phosphate,32
5.0,C1_D-Glucose-6-Phosphate,29
5.25,C1_D-Glucose-6-Phosphate,31
5.5,C1_D-Glucose-6-Phosphate,29
5.75,C1_D-Glucose-6-Phosphate,30
6.0,C1_D-Glucose-6-Phosphate,35
6.25,C1_D-Glucose-6-Phosphate,33
6.5,C1_D-Glucose-6-Phosphate,37
6.75,C1_D-Glucose-6-Phosphate,35
7.0,C1_D-Glucose-6-Phosphate,41
7.25,C1_D-Glucose-6-Phosphate,37
7.5,C1_D-Glucose-6-Phosphate,41
7.75,C1_D-Glucose-6-Phosphate,39
8.0,C1_D-Glucose-6-Phosphate,40
8.25,C1_D-Glucose-6-Phosphate,41
8.5,C1_D-Glucose-6-Phosphate,41
8.75,C1_D-Glucose-6-Phosphate,40
9.0,C1_D-Glucose-6-Phosphate,41
9.25,C1_D-Glucose-6-Phosphate,35
9.5,C1_D-Glucose-6-Phosphate,38
9.75,C1_D-Glucose-6-Phosphate,38
10.0,C1_D-Glucose-6-Phosphate,37
10.25,C1_D-Glucose-6-Phosphate,35
10.5,C1_D-Glucose-6-Phosphate,39
10.75,C1_D-Glucose-6-Phosphate,39
11.0,C1_D-Glucose-6-Phosphate,40
11.25,C1_D-Glucose-6-Phosphate,40
11.5,C1_D-Glucose-6-Phosphate,40
11.75,C1_D-Glucose-6-Phosphate,36
12.0,C1_D-Glucose-6-Phosphate,39
12.25,C1_D-Glucose-6-Phosphate,38
12.5,C1_D-Glucose-6-Phosphate,39
12.75,C1_D-Glucose-6-Phosphate,40
13.0,C1_D-Glucose-6-Phosphate,37
13.25,C1_D-Glucose-6-Phosphate,42
13.5,C1_D-Glucose-6-Phosphate,46
13.75,C1_D-Glucose-6-Phosphate,42
14.0,C1_D-Glucose-6-Phosphate,39
14.25,C1_D-Glucose-6-Phosphate,40
14.5,C1_D-Glucose-6-Phosphate,37
14.75,C1_D-Glucose-6-Phosphate,41
15.0,C1_D-Glucose-6-Phosphate,42
15.25,C1_D-Glucose-6-Phosphate,43
15.5,C1_D-Glucose-6-Phosphate,43
15.75,C1_D-Glucose-6-Phosphate,43
16.0,C1_D-Glucose-6-Phosphate,44
16.25,C1_D-Glucose-6-Phosphate,45
16.5,C1_D-Glucose-6-Phosphate,47
16.75,C1_D-Glucose-6-Phosphate,43
17.0,C1_D-Glucose-6-Phosphate,44
17.25,C1_D-Glucose-6-Phosphate,43
17.5,C1_D-Glucose-6-Phosphate,43
17.75,C1_D-Glucose-6-Phosphate,41
18.0,C1_D-Glucose-6-Phosphate,44
18.25,C1_D-Glucose-6-Phosphate,49
18.5,C1_D-Glucose-6-Phosphate,46
18.75,C1_D-Glucose-6-Phosphate,43
19.0,C1_D-Glucose-6-Phosphate,46
19.25,C1_D-Glucose-6-Phosphate,44
19.5,C1_D-Glucose-6-Phosphate,48
19.75,C1_D-Glucose-6-Phosphate,52
20.0,C1_D-Glucose-6-Phosphate,49
20.25,C1_D-Glucose-6-Phosphate,48
20.5,C1_D-Glucose-6-Phosphate,47
20.75,C1_D-Glucose-6-Phosphate,50
21.0,C1_D-Glucose-6-Phosphate,49
21.25,C1_D-Glucose-6-Phosphate,43
21.5,C1_D-Glucose-6-Phosphate,51
21.75,C1_D-Glucose-6-Phosphate,48
22.0,C1_D-Glucose-6-Phosphate,54
22.25,C1_D-Glucose-6-Phosphate,49
22.5,C1_D-Glucose-6-Phosphate,55
22.75,C1_D-Glucose-6-Phosphate,47
23.0,C1_D-Glucose-6-Phosphate,48
23.25,C1_D-Glucose-6-Phosphate,48
23.5,C1_D-Glucose-6-Phosphate,47
23.75,C1_D-Glucose-6-Phosphate,49
24.0,C1_D-Glucose-6-Phosphate,52
24.25,C1_D-Glucose-6-Phosphate,47
24.5,C1_D-Glucose-6-Phosphate,50
24.75,C1_D-Glucose-6-Phosphate,49
25.0,C1_D-Glucose-6-Phosphate,49
25.25,C1_D-Glucose-6-Phosphate,49
25.5,C1_D-Glucose-6-Phosphate,51
25.75,C1_D-Glucose-6-Phosphate,52
26.0,C1_D-Glucose-6-Phosphate,51
26.25,C1_D-Glucose-6-Phosphate,50
26.5,C1_D-Glucose-6-Phosphate,51
26.75,C1_D-Glucose-6-Phosphate,51
27.0,C1_D-Glucose-6-Phosphate,55
27.25,C1_D-Glucose-6-Phosphate,50
27.5,C1_D-Glucose-6-Phosphate,53
27.75,C1_D-Glucose-6-Phosphate,54
28.0,C1_D-Glucose-6-Phosphate,55
28.25,C1_D-Glucose-6-Phosphate,55
28.5,C1_D-Glucose-6-Phosphate,50
28.75,C1_D-Glucose-6-Phosphate,51
29.0,C1_D-Glucose-6-Phosphate,54
29.25,C1_D-Glucose-6-Phosphate,54
29.5,C1_D-Glucose-6-Phosphate,51
29.75,C1_D-Glucose-6-Phosphate,53
30.0,C1_D-Glucose-6-Phosphate,54
30.25,C1_D-Glucose-6-Phosphate,53
30.5,C1_D-Glucose-6-Phosphate,53
30.75,C1_D-Glucose-6-Phosphate,50
31.0,C1_D-Glucose-6-Phosphate,52
31.25,C1_D-Glucose-6-Phosphate,47
31.5,C1_D-Glucose-6-Phosphate,54
31.75,C1_D-Glucose-6-Phosphate,54
32.0,C1_D-Glucose-6-Phosphate,52
32.25,C1_D-Glucose-6-Phosphate,52
32.5,C1_D-Glucose-6-Phosphate,51
32.75,C1_D-Glucose-6-Phosphate,51
33.0,C1_D-Glucose-6-Phosphate,48
33.25,C1_D-Glucose-6-Phosphate,56
33.5,C1_D-Glucose-6-Phosphate,54
33.75,C1_D-Glucose-6-Phosphate,54
34.0,C1_D-Glucose-6-Phosphate,52
34.25,C1_D-Glucose-6-Phosphate,55
34.5,C1_D-Glucose-6-Phosphate,56
34.75,C1_D-Glucose-6-Phosphate,54
35.0,C1_D-Glucose-6-Phosphate,54
35.25,C1_D-Glucose-6-Phosphate,50
35.5,C1_D-Glucose-6-Phosphate,53
35.75,C1_D-Glucose-6-Phosphate,58
36.0,C1_D-Glucose-6-Phosphate,54
36.25,C1_D-Glucose-6-Phosphate,51
36.5,C1_D-Glucose-6-Phosphate,56
36.75,C1_D-Glucose-6-Phosphate,54
37.0,C1_D-Glucose-6-Phosphate,50
37.25,C1_D-Glucose-6-Phosphate,52
37.5,C1_D-Glucose-6-Phosphate,50
37.75,C1_D-Glucose-6-Phosphate,50
38.0,C1_D-Glucose-6-Phosphate,56
38.25,C1_D-Glucose-6-Phosphate,52
38.5,C1_D-Glucose-6-Phosphate,51
38.75,C1_D-Glucose-6-Phosphate,54
39.0,C1_D-Glucose-6-Phosphate,54
39.25,C1_D-Glucose-6-Phosphate,56
39.5,C1_D-Glucose-6-Phosphate,52
39.75,C1_D-Glucose-6-Phosphate,49
40.0,C1_D-Glucose-6-Phosphate,47
40.25,C1_D-Glucose-6-Phosphate,49
40.5,C1_D-Glucose-6-Phosphate,52
40.75,C1_D-Glucose-6-Phosphate,54
41.0,C1_D-Glucose-6-Phosphate,54
41.25,C1_D-Glucose-6-Phosphate,49
41.5,C1_D-Glucose-6-Phosphate,54
41.75,C1_D-Glucose-6-Phosphate,51
42.0,C1_D-Glucose-6-Phosphate,57
42.25,C1_D-Glucose-6-Phosphate,50
42.5,C1_D-Glucose-6-Phosphate,59
42.75,C1_D-Glucose-6-Phosphate,50
43.0,C1_D-Glucose-6-Phosphate,55
43.25,C1_D-Glucose-6-Phosphate,52
43.5,C1_D-Glucose-6-Phosphate,60
43.75,C1_D-Glucose-6-Phosphate,59
44.0,C1_D-Glucose-6-Phosphate,60
44.25,C1_D-Glucose-6-Phosphate,54
44.5,C1_D-Glucose-6-Phosphate,48
44.75,C1_D-Glucose-6-Phosphate,53
45.0,C1_D-Glucose-6-Phosphate,59
45.25,C1_D-Glucose-6-Phosphate,57
45.5,C1_D-Glucose-6-Phosphate,58
45.75,C1_D-Glucose-6-Phosphate,47
46.0,C1_D-Glucose-6-Phosphate,55
46.25,C1_D-Glucose-6-Phosphate,54
46.5,C1_D-Glucose-6-Phosphate,52
46.75,C1_D-Glucose-6-Phosphate,53
47.0,C1_D-Glucose-6-Phosphate,56
47.25,C1_D-Glucose-6-Phosphate,56
47.5,C1_D-Glucose-6-Phosphate,0
0.0,C2_D-GalactonicAcid-g-Lactone,11
0.25,C2_D-GalactonicAcid-g-Lactone,11
0.5,C2_D-GalactonicAcid-g-Lactone,11
0.75,C2_D-GalactonicAcid-g-Lactone,11
1.0,C2_D-GalactonicAcid-g-Lactone,11
1.25,C2_D-GalactonicAcid-g-Lactone,11
1.5,C2_D-GalactonicAcid-g-Lactone,11
1.75,C2_D-GalactonicAcid-g-Lactone,11
2.0,C2_D-GalactonicAcid-g-Lactone,11
2.25,C2_D-GalactonicAcid-g-Lactone,11
2.5,C2_D-GalactonicAcid-g-Lactone,11
2.75,C2_D-GalactonicAcid-g-Lactone,11
3.0,C2_D-GalactonicAcid-g-Lactone,11
3.25,C2_D-GalactonicAcid-g-Lactone,12
3.5,C2_D-GalactonicAcid-g-Lactone,11
3.75,C2_D-GalactonicAcid-g-Lactone,12
4.0,C2_D-GalactonicAcid-g-Lactone,11
4.25,C2_D-GalactonicAcid-g-Lactone,17
4.5,C2_D-GalactonicAcid-g-Lactone,12
4.75,C2_D-GalactonicAcid-g-Lactone,16
5.0,C2_D-GalactonicAcid-g-Lactone,18
5.25,C2_D-GalactonicAcid-g-Lactone,17
5.5,C2_D-GalactonicAcid-g-Lactone,16
5.75,C2_D-GalactonicAcid-g-Lactone,14
6.0,C2_D-GalactonicAcid-g-Lactone,16
6.25,C2_D-GalactonicAcid-g-Lactone,14
6.5,C2_D-GalactonicAcid-g-Lactone,17
6.75,C2_D-GalactonicAcid-g-Lactone,18
7.0,C2_D-GalactonicAcid-g-Lactone,18
7.25,C2_D-GalactonicAcid-g-Lactone,18
7.5,C2_D-GalactonicAcid-g-Lactone,20
7.75,C2_D-GalactonicAcid-g-Lactone,16
8.0,C2_D-GalactonicAcid-g-Lactone,16
8.25,C2_D-GalactonicAcid-g-Lactone,16
8.5,C2_D-GalactonicAcid-g-Lactone,17
8.75,C2_D-GalactonicAcid-g-Lactone,19
9.0,C2_D-GalactonicAcid-g-Lactone,21
9.25,C2_D-GalactonicAcid-g-Lactone,21
9.5,C2_D-GalactonicAcid-g-Lactone,21
9.75,C2_D-GalactonicAcid-g-Lactone,19
10.0,C2_D-GalactonicAcid-g-Lactone,22
10.25,C2_D-GalactonicAcid-g-Lactone,21
10.5,C2_D-GalactonicAcid-g-Lactone,23
10.75,C2_D-GalactonicAcid-g-Lactone,23
11.0,C2_D-GalactonicAcid-g-Lactone,20
11.25,C2_D-GalactonicAcid-g-Lactone,20
11.5,C2_D-GalactonicAcid-g-Lactone,23
11.75,C2_D-GalactonicAcid-g-Lactone,23
12.0,C2_D-GalactonicAcid-g-Lactone,19
12.25,C2_D-GalactonicAcid-g-Lactone,22
12.5,C2_D-GalactonicAcid-g-Lactone,17
12.75,C2_D-GalactonicAcid-g-Lactone,22
13.0,C2_D-GalactonicAcid-g-Lactone,22
13.25,C2_D-GalactonicAcid-g-Lactone,19
13.5,C2_D-GalactonicAcid-g-Lactone,20
13.75,C2_D-GalactonicAcid-g-Lactone,23
14.0,C2_D-GalactonicAcid-g-Lactone,21
14.25,C2_D-GalactonicAcid-g-Lactone,23
14.5,C2_D-GalactonicAcid-g-Lactone,26
14.75,C2_D-GalactonicAcid-g-Lactone,25
15.0,C2_D-GalactonicAcid-g-Lactone,18
15.25,C2_D-GalactonicAcid-g-Lactone,31
15.5,C2_D-GalactonicAcid-g-Lactone,23
15.75,C2_D-GalactonicAcid-g-Lactone,23
16.0,C2_D-GalactonicAcid-g-Lactone,25
16.25,C2_D-GalactonicAcid-g-Lactone,24
16.5,C2_D-GalactonicAcid-g-Lactone,27
16.75,C2_D-GalactonicAcid-g-Lactone,23
17.0,C2_D-GalactonicAcid-g-Lactone,24
17.25,C2_D-GalactonicAcid-g-Lactone,23
17.5,C2_D-GalactonicAcid-g-Lactone,22
17.75,C2_D-GalactonicAcid-g-Lactone,24
18.0,C2_D-GalactonicAcid-g-Lactone,22
18.25,C2_D-GalactonicAcid-g-Lactone,27
18.5,C2_D-GalactonicAcid-g-Lactone,26
18.75,C2_D-GalactonicAcid-g-Lactone,27
19.0,C2_D-GalactonicAcid-g-Lactone,24
19.25,C2_D-GalactonicAcid-g-Lactone,27
19.5,C2_D-GalactonicAcid-g-Lactone,28
19.75,C2_D-GalactonicAcid-g-Lactone,23
20.0,C2_D-GalactonicAcid-g-Lactone,22
20.25,C2_D-GalactonicAcid-g-Lactone,20
20.5,C2_D-GalactonicAcid-g-Lactone,22
20.75,C2_D-GalactonicAcid-g-Lactone,24
21.0,C2_D-GalactonicAcid-g-Lactone,22
21.25,C2_D-GalactonicAcid-g-Lactone,21
21.5,C2_D-GalactonicAcid-g-Lactone,22
21.75,C2_D-GalactonicAcid-g-Lactone,21
22.0,C2_D-GalactonicAcid-g-Lactone,21
22.25,C2_D-GalactonicAcid-g-Lactone,21
22.5,C2_D-GalactonicAcid-g-Lactone,24
22.75,C2_D-GalactonicAcid-g-Lactone,26
23.0,C2_D-GalactonicAcid-g-Lactone,27
23.25,C2_D-GalactonicAcid-g-Lactone,22
23.5,C2_D-GalactonicAcid-g-Lactone,22
23.75,C2_D-GalactonicAcid-g-Lactone,27
24.0,C2_D-GalactonicAcid-g-Lactone,20
24.25,C2_D-GalactonicAcid-g-Lactone,24
24.5,C2_D-GalactonicAcid-g-Lactone,27
24.75,C2_D-GalactonicAcid-g-Lactone,23
25.0,C2_D-GalactonicAcid-g-Lactone,23
25.25,C2_D-GalactonicAcid-g-Lactone,23
25.5,C2_D-GalactonicAcid-g-Lactone,24
25.75,C2_D-GalactonicAcid-g-Lactone,24
26.0,C2_D-GalactonicAcid-g-Lactone,22
26.25,C2_D-GalactonicAcid-g-Lactone,28
26.5,C2_D-GalactonicAcid-g-Lactone,26
26.75,C2_D-GalactonicAcid-g-Lactone,28
27.0,C2_D-GalactonicAcid-g-Lactone,24
27.25,C2_D-GalactonicAcid-g-Lactone,26
27.5,C2_D-GalactonicAcid-g-Lactone,28
27.75,C2_D-GalactonicAcid-g-Lactone,25
28.0,C2_D-GalactonicAcid-g-Lactone,26
28.25,C2_D-GalactonicAcid-g-Lactone,22
28.5,C2_D-GalactonicAcid-g-Lactone,22
28.75,C2_D-GalactonicAcid-g-Lactone,28
29.0,C2_D-GalactonicAcid-g-Lactone,27
29.25,C2_D-GalactonicAcid-g-Lactone,28
29.5,C2_D-GalactonicAcid-g-Lactone,28
29.75,C2_D-GalactonicAcid-g-Lactone,26
30.0,C2_D-GalactonicAcid-g-Lactone,25
30.25,C2_D-GalactonicAcid-g-Lactone,26
30.5,C2_D-GalactonicAcid-g-Lactone,28
30.75,C2_D-GalactonicAcid-g-Lactone,25
31.0,C2_D-GalactonicAcid-g-Lactone,27
31.25,C2_D-GalactonicAcid-g-Lactone,25
31.5,C2_D-GalactonicAcid-g-Lactone,26
31.75,C2_D-GalactonicAcid-g-Lactone,23
32.0,C2_D-GalactonicAcid-g-Lactone,29
32.25,C2_D-GalactonicAcid-g-Lactone,24
32.5,C2_D-GalactonicAcid-g-Lactone,25
32.75,C2_D-GalactonicAcid-g-Lactone,28
33.0,C2_D-GalactonicAcid-g-Lactone,25
33.25,C2_D-GalactonicAcid-g-Lactone,25
33.5,C2_D-GalactonicAcid-g-Lactone,28
33.75,C2_D-GalactonicAcid-g-Lactone,25
34.0,C2_D-GalactonicAcid-g-Lactone,24
34.25,C2_D-GalactonicAcid-g-Lactone,27
34.5,C2_D-GalactonicAcid-g-Lactone,27
34.75,C2_D-GalactonicAcid-g-Lactone,26
35.0,C2_D-GalactonicAcid-g-Lactone,22
35.25,C2_D-GalactonicAcid-g-Lactone,25
35.5,C2_D-GalactonicAcid-g-Lactone,28
35.75,C2_D-GalactonicAcid-g-Lactone,25
36.0,C2_D-GalactonicAcid-g-Lactone,23
36.25,C2_D-GalactonicAcid-g-Lactone,28
36.5,C2_D-GalactonicAcid-g-Lactone,30
36.75,C2_D-GalactonicAcid-g-Lactone,23
37.0,C2_D-GalactonicAcid-g-Lactone,22
37.25,C2_D-GalactonicAcid-g-Lactone,23
37.5,C2_D-GalactonicAcid-g-Lactone,24
37.75,C2_D-GalactonicAcid-g-Lactone,28
38.0,C2_D-GalactonicAcid-g-Lactone,28
38.25,C2_D-GalactonicAcid-g-Lactone,22
38.5,C2_D-GalactonicAcid-g-Lactone,29
38.75,C2_D-GalactonicAcid-g-Lactone,27
39.0,C2_D-GalactonicAcid-g-Lactone,26
39.25,C2_D-GalactonicAcid-g-Lactone,26
39.5,C2_D-GalactonicAcid-g-Lactone,21
39.75,C2_D-GalactonicAcid-g-Lactone,25
40.0,C2_D-GalactonicAcid-g-Lactone,30
40.25,C2_D-GalactonicAcid-g-Lactone,27
40.5,C2_D-GalactonicAcid-g-Lactone,30
40.75,C2_D-GalactonicAcid-g-Lactone,25
41.0,C2_D-GalactonicAcid-g-Lactone,25
41.25,C2_D-GalactonicAcid-g-Lactone,31
41.5,C2_D-GalactonicAcid-g-Lactone,28
41.75,C2_D-GalactonicAcid-g-Lactone,26
42.0,C2_D-GalactonicAcid-g-Lactone,26
42.25,C2_D-GalactonicAcid-g-Lactone,24
42.5,C2_D-GalactonicAcid-g-Lactone,30
42.75,C2_D-GalactonicAcid-g-Lactone,25
43.0,C2_D-GalactonicAcid-g-Lactone,29
43.25,C2_D-GalactonicAcid-g-Lactone,29
43.5,C2_D-GalactonicAcid-g-Lactone,29
43.75,C2_D-GalactonicAcid-g-Lactone,27
44.0,C2_D-GalactonicAcid-g-Lactone,29
44.25,C2_D-GalactonicAcid-g-Lactone,25
44.5,C2_D-GalactonicAcid-g-Lactone,30
44.75,C2_D-GalactonicAcid-g-Lactone,27
45.0,C2_D-GalactonicAcid-g-Lactone,27
45.25,C2_D-GalactonicAcid-g-Lactone,30
45.5,C2_D-GalactonicAcid-g-Lactone,25
45.75,C2_D-GalactonicAcid-g-Lactone,32
46.0,C2_D-GalactonicAcid-g-Lactone,28
46.25,C2_D-GalactonicAcid-g-Lactone,31
46.5,C2_D-GalactonicAcid-g-Lactone,30
46.75,C2_D-GalactonicAcid-g-Lactone,25
47.0,C2_D-GalactonicAcid-g-Lactone,26
47.25,C2_D-GalactonicAcid-g-Lactone,25
47.5,C2_D-GalactonicAcid-g-Lactone,0
0.0,C3_D-L-Malic_Acid,12
0.25,C3_D-L-Malic_Acid,11
0.5,C3_D-L-Malic_Acid,11
0.75,C3_D-L-Malic_Acid,11
1.0,C3_D-L-Malic_Acid,11
1.25,C3_D-L-Malic_Acid,11
1.5,C3_D-L-Malic_Acid,11
1.75,C3_D-L-Malic_Acid,11
2.0,C3_D-L-Malic_Acid,15
2.25,C3_D-L-Malic_Acid,11
2.5,C3_D-L-Malic_Acid,11
2.75,C3_D-L-Malic_Acid,11
3.0,C3_D-L-Malic_Acid,11
3.25,C3_D-L-Malic_Acid,11
3.5,C3_D-L-Malic_Acid,11
3.75,C3_D-L-Malic_Acid,13
4.0,C3_D-L-Malic_Acid,11
4.25,C3_D-L-Malic_Acid,15
4.5,C3_D-L-Malic_Acid,14
4.75,C3_D-L-Malic_Acid,11
5.0,C3_D-L-Malic_Acid,16
5.25,C3_D-L-Malic_Acid,17
5.5,C3_D-L-Malic_Acid,18
5.75,C3_D-L-Malic_Acid,19
6.0,C3_D-L-Malic_Acid,15
6.25,C3_D-L-Malic_Acid,17
6.5,C3_D-L-Malic_Acid,15
6.75,C3_D-L-Malic_Acid,20
7.0,C3_D-L-Malic_Acid,22
7.25,C3_D-L-Malic_Acid,23
7.5,C3_D-L-Malic_Acid,25
7.75,C3_D-L-Malic_Acid,30
8.0,C3_D-L-Malic_Acid,33
8.25,C3_D-L-Malic_Acid,36
8.5,C3_D-L-Malic_Acid,37
8.75,C3_D-L-Malic_Acid,42
9.0,C3_D-L-Malic_Acid,46
9.25,C3_D-L-Malic_Acid,46
9.5,C3_D-L-Malic_Acid,44
9.75,C3_D-L-Malic_Acid,53
10.0,C3_D-L-Malic_Acid,56
10.25,C3_D-L-Malic_Acid,61
10.5,C3_D-L-Malic_Acid,68
10.75,C3_D-L-Malic_Acid,78
11.0,C3_D-L-Malic_Acid,80
11.25,C3_D-L-Malic_Acid,87
11.5,C3_D-L-Malic_Acid,97
11.75,C3_D-L-Malic_Acid,105
12.0,C3_D-L-Malic_Acid,112
12.25,C3_D-L-Malic_Acid,107
12.5,C3_D-L-Malic_Acid,121
12.75,C3_D-L-Malic_Acid,117
13.0,C3_D-L-Malic_Acid,123
13.25,C3_D-L-Malic_Acid,129
13.5,C3_D-L-Malic_Acid,138
13.75,C3_D-L-Malic_Acid,137
14.0,C3_D-L-Malic_Acid,132
14.25,C3_D-L-Malic_Acid,138
14.5,C3_D-L-Malic_Acid,141
14.75,C3_D-L-Malic_Acid,149
15.0,C3_D-L-Malic_Acid,151
15.25,C3_D-L-Malic_Acid,154
15.5,C3_D-L-Malic_Acid,156
15.75,C3_D-L-Malic_Acid,157
16.0,C3_D-L-Malic_Acid,168
16.25,C3_D-L-Malic_Acid,167
16.5,C3_D-L-Malic_Acid,167
16.75,C3_D-L-Malic_Acid,165
17.0,C3_D-L-Malic_Acid,162
17.25,C3_D-L-Malic_Acid,160
17.5,C3_D-L-Malic_Acid,154
17.75,C3_D-L-Malic_Acid,158
18.0,C3_D-L-Malic_Acid,166
18.25,C3_D-L-Malic_Acid,169
18.5,C3_D-L-Malic_Acid,171
18.75,C3_D-L-Malic_Acid,171
19.0,C3_D-L-Malic_Acid,174
19.25,C3_D-L-Malic_Acid,175
19.5,C3_D-L-Malic_Acid,172
19.75,C3_D-L-Malic_Acid,176
20.0,C3_D-L-Malic_Acid,173
20.25,C3_D-L-Malic_Acid,178
20.5,C3_D-L-Malic_Acid,175
20.75,C3_D-L-Malic_Acid,175
21.0,C3_D-L-Malic_Acid,174
21.25,C3_D-L-Malic_Acid,174
21.5,C3_D-L-Malic_Acid,182
21.75,C3_D-L-Malic_Acid,174
22.0,C3_D-L-Malic_Acid,182
22.25,C3_D-L-Malic_Acid,181
22.5,C3_D-L-Malic_Acid,182
22.75,C3_D-L-Malic_Acid,180
23.0,C3_D-L-Malic_Acid,184
23.25,C3_D-L-Malic_Acid,180
23.5,C3_D-L-Malic_Acid,186
23.75,C3_D-L-Malic_Acid,183
24.0,C3_D-L-Malic_Acid,183
24.25,C3_D-L-Malic_Acid,186
24.5,C3_D-L-Malic_Acid,186
24.75,C3_D-L-Malic_Acid,187
25.0,C3_D-L-Malic_Acid,188
25.25,C3_D-L-Malic_Acid,185
25.5,C3_D-L-Malic_Acid,190
25.75,C3_D-L-Malic_Acid,188
26.0,C3_D-L-Malic_Acid,183
26.25,C3_D-L-Malic_Acid,188
26.5,C3_D-L-Malic_Acid,186
26.75,C3_D-L-Malic_Acid,187
27.0,C3_D-L-Malic_Acid,189
27.25,C3_D-L-Malic_Acid,190
27.5,C3_D-L-Malic_Acid,192
27.75,C3_D-L-Malic_Acid,189
28.0,C3_D-L-Malic_Acid,189
28.25,C3_D-L-Malic_Acid,190
28.5,C3_D-L-Malic_Acid,185
28.75,C3_D-L-Malic_Acid,190
29.0,C3_D-L-Malic_Acid,191
29.25,C3_D-L-Malic_Acid,192
29.5,C3_D-L-Malic_Acid,187
29.75,C3_D-L-Malic_Acid,189
30.0,C3_D-L-Malic_Acid,187
30.25,C3_D-L-Malic_Acid,192
30.5,C3_D-L-Malic_Acid,191
30.75,C3_D-L-Malic_Acid,187
31.0,C3_D-L-Malic_Acid,192
31.25,C3_D-L-Malic_Acid,190
31.5,C3_D-L-Malic_Acid,191
31.75,C3_D-L-Malic_Acid,192
32.0,C3_D-L-Malic_Acid,192
32.25,C3_D-L-Malic_Acid,190
32.5,C3_D-L-Malic_Acid,190
32.75,C3_D-L-Malic_Acid,186
33.0,C3_D-L-Malic_Acid,188
33.25,C3_D-L-Malic_Acid,188
33.5,C3_D-L-Malic_Acid,191
33.75,C3_D-L-Malic_Acid,187
34.0,C3_D-L-Malic_Acid,191
34.25,C3_D-L-Malic_Acid,190
34.5,C3_D-L-Malic_Acid,185
34.75,C3_D-L-Malic_Acid,190
35.0,C3_D-L-Malic_Acid,190
35.25,C3_D-L-Malic_Acid,188
35.5,C3_D-L-Malic_Acid,186
35.75,C3_D-L-Malic_Acid,192
36.0,C3_D-L-Malic_Acid,192
36.25,C3_D-L-Malic_Acid,189
36.5,C3_D-L-Malic_Acid,193
36.75,C3_D-L-Malic_Acid,189
37.0,C3_D-L-Malic_Acid,189
37.25,C3_D-L-Malic_Acid,189
37.5,C3_D-L-Malic_Acid,187
37.75,C3_D-L-Malic_Acid,184
38.0,C3_D-L-Malic_Acid,186
38.25,C3_D-L-Malic_Acid,189
38.5,C3_D-L-Malic_Acid,184
38.75,C3_D-L-Malic_Acid,190
39.0,C3_D-L-Malic_Acid,187
39.25,C3_D-L-Malic_Acid,191
39.5,C3_D-L-Malic_Acid,188
39.75,C3_D-L-Malic_Acid,187
40.0,C3_D-L-Malic_Acid,184
40.25,C3_D-L-Malic_Acid,187
40.5,C3_D-L-Malic_Acid,183
40.75,C3_D-L-Malic_Acid,189
41.0,C3_D-L-Malic_Acid,191
41.25,C3_D-L-Malic_Acid,190
41.5,C3_D-L-Malic_Acid,187
41.75,C3_D-L-Malic_Acid,188
42.0,C3_D-L-Malic_Acid,189
42.25,C3_D-L-Malic_Acid,187
42.5,C3_D-L-Malic_Acid,189
42.75,C3_D-L-Malic_Acid,182
43.0,C3_D-L-Malic_Acid,188
43.25,C3_D-L-Malic_Acid,188
43.5,C3_D-L-Malic_Acid,191
43.75,C3_D-L-Malic_Acid,189
44.0,C3_D-L-Malic_Acid,190
44.25,C3_D-L-Malic_Acid,188
44.5,C3_D-L-Malic_Acid,189
44.75,C3_D-L-Malic_Acid,188
45.0,C3_D-L-Malic_Acid,190
45.25,C3_D-L-Malic_Acid,184
45.5,C3_D-L-Malic_Acid,190
45.75,C3_D-L-Malic_Acid,186
46.0,C3_D-L-Malic_Acid,187
46.25,C3_D-L-Malic_Acid,188
46.5,C3_D-L-Malic_Acid,187
46.75,C3_D-L-Malic_Acid,189
47.0,C3_D-L-Malic_Acid,189
47.25,C3_D-L-Malic_Acid,185
47.5,C3_D-L-Malic_Acid,0
0.0,C4_D-Ribose,67
0.25,C4_D-Ribose,69
0.5,C4_D-Ribose,72
0.75,C4_D-Ribose,79
1.0,C4_D-Ribose,79
1.25,C4_D-Ribose,77
1.5,C4_D-Ribose,74
1.75,C4_D-Ribose,78
2.0,C4_D-Ribose,78
2.25,C4_D-Ribose,79
2.5,C4_D-Ribose,84
2.75,C4_D-Ribose,76
3.0,C4_D-Ribose,84
3.25,C4_D-Ribose,81
3.5,C4_D-Ribose,81
3.75,C4_D-Ribose,83
4.0,C4_D-Ribose,83
4.25,C4_D-Ribose,87
4.5,C4_D-Ribose,86
4.75,C4_D-Ribose,87
5.0,C4_D-Ribose,88
5.25,C4_D-Ribose,85
5.5,C4_D-Ribose,86
5.75,C4_D-Ribose,87
6.0,C4_D-Ribose,91
6.25,C4_D-Ribose,88
6.5,C4_D-Ribose,85
6.75,C4_D-Ribose,93
7.0,C4_D-Ribose,94
7.25,C4_D-Ribose,89
7.5,C4_D-Ribose,92
7.75,C4_D-Ribose,90
8.0,C4_D-Ribose,91
8.25,C4_D-Ribose,88
8.5,C4_D-Ribose,91
8.75,C4_D-Ribose,93
9.0,C4_D-Ribose,93
9.25,C4_D-Ribose,94
9.5,C4_D-Ribose,92
9.75,C4_D-Ribose,93
10.0,C4_D-Ribose,89
10.25,C4_D-Ribose,92
10.5,C4_D-Ribose,92
10.75,C4_D-Ribose,98
11.0,C4_D-Ribose,95
11.25,C4_D-Ribose,92
11.5,C4_D-Ribose,98
11.75,C4_D-Ribose,95
12.0,C4_D-Ribose,100
12.25,C4_D-Ribose,98
12.5,C4_D-Ribose,95
12.75,C4_D-Ribose,96
13.0,C4_D-Ribose,98
13.25,C4_D-Ribose,102
13.5,C4_D-Ribose,101
13.75,C4_D-Ribose,97
14.0,C4_D-Ribose,97
14.25,C4_D-Ribose,97
14.5,C4_D-Ribose,100
14.75,C4_D-Ribose,98
15.0,C4_D-Ribose,96
15.25,C4_D-Ribose,103
15.5,C4_D-Ribose,101
15.75,C4_D-Ribose,104
16.0,C4_D-Ribose,102
16.25,C4_D-Ribose,104
16.5,C4_D-Ribose,100
16.75,C4_D-Ribose,104
17.0,C4_D-Ribose,102
17.25,C4_D-Ribose,104
17.5,C4_D-Ribose,105
17.75,C4_D-Ribose,107
18.0,C4_D-Ribose,104
18.25,C4_D-Ribose,105
18.5,C4_D-Ribose,107
18.75,C4_D-Ribose,107
19.0,C4_D-Ribose,108
19.25,C4_D-Ribose,107
19.5,C4_D-Ribose,102
19.75,C4_D-Ribose,103
20.0,C4_D-Ribose,106
20.25,C4_D-Ribose,103
20.5,C4_D-Ribose,107
20.75,C4_D-Ribose,111
21.0,C4_D-Ribose,111
21.25,C4_D-Ribose,106
21.5,C4_D-Ribose,107
21.75,C4_D-Ribose,108
22.0,C4_D-Ribose,111
22.25,C4_D-Ribose,112
22.5,C4_D-Ribose,113
22.75,C4_D-Ribose,115
23.0,C4_D-Ribose,112
23.25,C4_D-Ribose,112
23.5,C4_D-Ribose,114
23.75,C4_D-Ribose,114
24.0,C4_D-Ribose,117
24.25,C4_D-Ribose,117
24.5,C4_D-Ribose,117
24.75,C4_D-Ribose,118
25.0,C4_D-Ribose,117
25.25,C4_D-Ribose,118
25.5,C4_D-Ribose,119
25.75,C4_D-Ribose,122
26.0,C4_D-Ribose,119
26.25,C4_D-Ribose,122
26.5,C4_D-Ribose,126
26.75,C4_D-Ribose,126
27.0,C4_D-Ribose,127
27.25,C4_D-Ribose,124
27.5,C4_D-Ribose,128
27.75,C4_D-Ribose,127
28.0,C4_D-Ribose,129
28.25,C4_D-Ribose,131
28.5,C4_D-Ribose,127
28.75,C4_D-Ribose,131
29.0,C4_D-Ribose,130
29.25,C4_D-Ribose,136
29.5,C4_D-Ribose,135
29.75,C4_D-Ribose,136
30.0,C4_D-Ribose,137
30.25,C4_D-Ribose,137
30.5,C4_D-Ribose,142
30.75,C4_D-Ribose,138
31.0,C4_D-Ribose,140
31.25,C4_D-Ribose,145
31.5,C4_D-Ribose,143
31.75,C4_D-Ribose,151
32.0,C4_D-Ribose,150
32.25,C4_D-Ribose,148
32.5,C4_D-Ribose,140
32.75,C4_D-Ribose,147
33.0,C4_D-Ribose,151
33.25,C4_D-Ribose,158
33.5,C4_D-Ribose,157
33.75,C4_D-Ribose,158
34.0,C4_D-Ribose,160
34.25,C4_D-Ribose,166
34.5,C4_D-Ribose,161
34.75,C4_D-Ribose,163
35.0,C4_D-Ribose,172
35.25,C4_D-Ribose,159
35.5,C4_D-Ribose,165
35.75,C4_D-Ribose,178
36.0,C4_D-Ribose,180
36.25,C4_D-Ribose,163
36.5,C4_D-Ribose,175
36.75,C4_D-Ribose,187
37.0,C4_D-Ribose,175
37.25,C4_D-Ribose,191
37.5,C4_D-Ribose,178
37.75,C4_D-Ribose,181
38.0,C4_D-Ribose,181
38.25,C4_D-Ribose,184
38.5,C4_D-Ribose,185
38.75,C4_D-Ribose,197
39.0,C4_D-Ribose,207
39.25,C4_D-Ribose,205
39.5,C4_D-Ribose,207
39.75,C4_D-Ribose,197
40.0,C4_D-Ribose,194
40.25,C4_D-Ribose,206
40.5,C4_D-Ribose,197
40.75,C4_D-Ribose,217
41.0,C4_D-Ribose,219
41.25,C4_D-Ribose,201
41.5,C4_D-Ribose,207
41.75,C4_D-Ribose,220
42.0,C4_D-Ribose,217
42.25,C4_D-Ribose,221
42.5,C4_D-Ribose,227
42.75,C4_D-Ribose,212
43.0,C4_D-Ribose,230
43.25,C4_D-Ribose,215
43.5,C4_D-Ribose,235
43.75,C4_D-Ribose,237
44.0,C4_D-Ribose,235
44.25,C4_D-Ribose,234
44.5,C4_D-Ribose,226
44.75,C4_D-Ribose,240
45.0,C4_D-Ribose,239
45.25,C4_D-Ribose,236
45.5,C4_D-Ribose,240
45.75,C4_D-Ribose,225
46.0,C4_D-Ribose,247
46.25,C4_D-Ribose,229
46.5,C4_D-Ribose,235
46.75,C4_D-Ribose,253
47.0,C4_D-Ribose,237
47.25,C4_D-Ribose,239
47.5,C4_D-Ribose,0
0.0,C5_Tween_20,11
0.25,C5_Tween_20,11
0.5,C5_Tween_20,11
0.75,C5_Tween_20,11
1.0,C5_Tween_20,11
1.25,C5_Tween_20,11
1.5,C5_Tween_20,11
1.75,C5_Tween_20,11
2.0,C5_Tween_20,11
2.25,C5_Tween_20,11
2.5,C5_Tween_20,11
2.75,C5_Tween_20,11
3.0,C5_Tween_20,11
3.25,C5_Tween_20,11
3.5,C5_Tween_20,11
3.75,C5_Tween_20,11
4.0,C5_Tween_20,11
4.25,C5_Tween_20,14
4.5,C5_Tween_20,11
4.75,C5_Tween_20,11
5.0,C5_Tween_20,11
5.25,C5_Tween_20,12
5.5,C5_Tween_20,11
5.75,C5_Tween_20,11
6.0,C5_Tween_20,11
6.25,C5_Tween_20,11
6.5,C5_Tween_20,11
6.75,C5_Tween_20,12
7.0,C5_Tween_20,11
7.25,C5_Tween_20,15
7.5,C5_Tween_20,14
7.75,C5_Tween_20,12
8.0,C5_Tween_20,14
8.25,C5_Tween_20,17
8.5,C5_Tween_20,18
8.75,C5_Tween_20,13
9.0,C5_Tween_20,23
9.25,C5_Tween_20,20
9.5,C5_Tween_20,22
9.75,C5_Tween_20,27
10.0,C5_Tween_20,25
10.25,C5_Tween_20,26
10.5,C5_Tween_20,30
10.75,C5_Tween_20,40
11.0,C5_Tween_20,41
11.25,C5_Tween_20,40
11.5,C5_Tween_20,40
11.75,C5_Tween_20,44
12.0,C5_Tween_20,44
12.25,C5_Tween_20,45
12.5,C5_Tween_20,51
12.75,C5_Tween_20,55
13.0,C5_Tween_20,55
13.25,C5_Tween_20,58
13.5,C5_Tween_20,63
13.75,C5_Tween_20,69
14.0,C5_Tween_20,66
14.25,C5_Tween_20,71
14.5,C5_Tween_20,72
14.75,C5_Tween_20,81
15.0,C5_Tween_20,78
15.25,C5_Tween_20,88
15.5,C5_Tween_20,87
15.75,C5_Tween_20,85
16.0,C5_Tween_20,98
16.25,C5_Tween_20,99
16.5,C5_Tween_20,100
16.75,C5_Tween_20,101
17.0,C5_Tween_20,100
17.25,C5_Tween_20,107
17.5,C5_Tween_20,111
17.75,C5_Tween_20,110
18.0,C5_Tween_20,113
18.25,C5_Tween_20,120
18.5,C5_Tween_20,120
18.75,C5_Tween_20,121
19.0,C5_Tween_20,124
19.25,C5_Tween_20,124
19.5,C5_Tween_20,127
19.75,C5_Tween_20,128
20.0,C5_Tween_20,133
20.25,C5_Tween_20,134
20.5,C5_Tween_20,136
20.75,C5_Tween_20,137
21.0,C5_Tween_20,137
21.25,C5_Tween_20,138
21.5,C5_Tween_20,142
21.75,C5_Tween_20,146
22.0,C5_Tween_20,146
22.25,C5_Tween_20,145
22.5,C5_Tween_20,147
22.75,C5_Tween_20,151
23.0,C5_Tween_20,146
23.25,C5_Tween_20,150
23.5,C5_Tween_20,149
23.75,C5_Tween_20,153
24.0,C5_Tween_20,154
24.25,C5_Tween_20,153
24.5,C5_Tween_20,154
24.75,C5_Tween_20,153
25.0,C5_Tween_20,153
25.25,C5_Tween_20,158
25.5,C5_Tween_20,159
25.75,C5_Tween_20,154
26.0,C5_Tween_20,160
26.25,C5_Tween_20,156
26.5,C5_Tween_20,156
26.75,C5_Tween_20,163
27.0,C5_Tween_20,162
27.25,C5_Tween_20,161
27.5,C5_Tween_20,163
27.75,C5_Tween_20,164
28.0,C5_Tween_20,161
28.25,C5_Tween_20,167
28.5,C5_Tween_20,159
28.75,C5_Tween_20,159
29.0,C5_Tween_20,163
29.25,C5_Tween_20,160
29.5,C5_Tween_20,166
29.75,C5_Tween_20,160
30.0,C5_Tween_20,162
30.25,C5_Tween_20,162
30.5,C5_Tween_20,162
30.75,C5_Tween_20,158
31.0,C5_Tween_20,158
31.25,C5_Tween_20,161
31.5,C5_Tween_20,162
31.75,C5_Tween_20,159
32.0,C5_Tween_20,162
32.25,C5_Tween_20,159
32.5,C5_Tween_20,155
32.75,C5_Tween_20,158
33.0,C5_Tween_20,156
33.25,C5_Tween_20,160
33.5,C5_Tween_20,156
33.75,C5_Tween_20,155
34.0,C5_Tween_20,161
34.25,C5_Tween_20,161
34.5,C5_Tween_20,158
34.75,C5_Tween_20,157
35.0,C5_Tween_20,157
35.25,C5_Tween_20,154
35.5,C5_Tween_20,150
35.75,C5_Tween_20,161
36.0,C5_Tween_20,161
36.25,C5_Tween_20,156
36.5,C5_Tween_20,156
36.75,C5_Tween_20,156
37.0,C5_Tween_20,155
37.25,C5_Tween_20,160
37.5,C5_Tween_20,149
37.75,C5_Tween_20,152
38.0,C5_Tween_20,155
38.25,C5_Tween_20,155
38.5,C5_Tween_20,153
38.75,C5_Tween_20,156
39.0,C5_Tween_20,159
39.25,C5_Tween_20,160
39.5,C5_Tween_20,155
39.75,C5_Tween_20,151
40.0,C5_Tween_20,148
40.25,C5_Tween_20,153
40.5,C5_Tween_20,152
40.75,C5_Tween_20,155
41.0,C5_Tween_20,152
41.25,C5_Tween_20,154
41.5,C5_Tween_20,149
41.75,C5_Tween_20,155
42.0,C5_Tween_20,156
42.25,C5_Tween_20,153
42.5,C5_Tween_20,159
42.75,C5_Tween_20,150
43.0,C5_Tween_20,158
43.25,C5_Tween_20,150
43.5,C5_Tween_20,154
43.75,C5_Tween_20,157
44.0,C5_Tween_20,157
44.25,C5_Tween_20,152
44.5,C5_Tween_20,152
44.75,C5_Tween_20,154
45.0,C5_Tween_20,160
45.25,C5_Tween_20,152
45.5,C5_Tween_20,156
45.75,C5_Tween_20,148
46.0,C5_Tween_20,156
46.25,C5_Tween_20,151
46.5,C5_Tween_20,147
46.75,C5_Tween_20,150
47.0,C5_Tween_20,150
47.25,C5_Tween_20,144
47.5,C5_Tween_20,0
0.0,C6_L-Rhamnose,13
0.25,C6_L-Rhamnose,19
0.5,C6_L-Rhamnose,21
0.75,C6_L-Rhamnose,13
1.0,C6_L-Rhamnose,12
1.25,C6_L-Rhamnose,11
1.5,C6_L-Rhamnose,15
1.75,C6_L-Rhamnose,11
2.0,C6_L-Rhamnose,11
2.25,C6_L-Rhamnose,11
2.5,C6_L-Rhamnose,12
2.75,C6_L-Rhamnose,11
3.0,C6_L-Rhamnose,11
3.25,C6_L-Rhamnose,15
3.5,C6_L-Rhamnose,11
3.75,C6_L-Rhamnose,15
4.0,C6_L-Rhamnose,12
4.25,C6_L-Rhamnose,17
4.5,C6_L-Rhamnose,16
4.75,C6_L-Rhamnose,25
5.0,C6_L-Rhamnose,22
5.25,C6_L-Rhamnose,23
5.5,C6_L-Rhamnose,23
5.75,C6_L-Rhamnose,23
6.0,C6_L-Rhamnose,25
6.25,C6_L-Rhamnose,28
6.5,C6_L-Rhamnose,32
6.75,C6_L-Rhamnose,34
7.0,C6_L-Rhamnose,38
7.25,C6_L-Rhamnose,42
7.5,C6_L-Rhamnose,40
7.75,C6_L-Rhamnose,40
8.0,C6_L-Rhamnose,49
8.25,C6_L-Rhamnose,46
8.5,C6_L-Rhamnose,54
8.75,C6_L-Rhamnose,52
9.0,C6_L-Rhamnose,58
9.25,C6_L-Rhamnose,52
9.5,C6_L-Rhamnose,53
9.75,C6_L-Rhamnose,66
10.0,C6_L-Rhamnose,68
10.25,C6_L-Rhamnose,72
10.5,C6_L-Rhamnose,78
10.75,C6_L-Rhamnose,76
11.0,C6_L-Rhamnose,78
11.25,C6_L-Rhamnose,81
11.5,C6_L-Rhamnose,89
11.75,C6_L-Rhamnose,86
12.0,C6_L-Rhamnose,94
12.25,C6_L-Rhamnose,96
12.5,C6_L-Rhamnose,106
12.75,C6_L-Rhamnose,104
13.0,C6_L-Rhamnose,105
13.25,C6_L-Rhamnose,113
13.5,C6_L-Rhamnose,118
13.75,C6_L-Rhamnose,120
14.0,C6_L-Rhamnose,124
14.25,C6_L-Rhamnose,124
14.5,C6_L-Rhamnose,132
14.75,C6_L-Rhamnose,136
15.0,C6_L-Rhamnose,144
15.25,C6_L-Rhamnose,143
15.5,C6_L-Rhamnose,150
15.75,C6_L-Rhamnose,154
16.0,C6_L-Rhamnose,160
16.25,C6_L-Rhamnose,164
16.5,C6_L-Rhamnose,174
16.75,C6_L-Rhamnose,172
17.0,C6_L-Rhamnose,178
17.25,C6_L-Rhamnose,181
17.5,C6_L-Rhamnose,180
17.75,C6_L-Rhamnose,188
18.0,C6_L-Rhamnose,191
18.25,C6_L-Rhamnose,207
18.5,C6_L-Rhamnose,205
18.75,C6_L-Rhamnose,211
19.0,C6_L-Rhamnose,209
19.25,C6_L-Rhamnose,215
19.5,C6_L-Rhamnose,223
19.75,C6_L-Rhamnose,225
20.0,C6_L-Rhamnose,225
20.25,C6_L-Rhamnose,226
20.5,C6_L-Rhamnose,224
20.75,C6_L-Rhamnose,234
21.0,C6_L-Rhamnose,238
21.25,C6_L-Rhamnose,235
21.5,C6_L-Rhamnose,235
21.75,C6_L-Rhamnose,243
22.0,C6_L-Rhamnose,247
22.25,C6_L-Rhamnose,247
22.5,C6_L-Rhamnose,252
22.75,C6_L-Rhamnose,249
23.0,C6_L-Rhamnose,250
23.25,C6_L-Rhamnose,252
23.5,C6_L-Rhamnose,254
23.75,C6_L-Rhamnose,257
24.0,C6_L-Rhamnose,261
24.25,C6_L-Rhamnose,260
24.5,C6_L-Rhamnose,260
24.75,C6_L-Rhamnose,261
25.0,C6_L-Rhamnose,262
25.25,C6_L-Rhamnose,264
25.5,C6_L-Rhamnose,268
25.75,C6_L-Rhamnose,267
26.0,C6_L-Rhamnose,268
26.25,C6_L-Rhamnose,265
26.5,C6_L-Rhamnose,268
26.75,C6_L-Rhamnose,268
27.0,C6_L-Rhamnose,270
27.25,C6_L-Rhamnose,274
27.5,C6_L-Rhamnose,272
27.75,C6_L-Rhamnose,275
28.0,C6_L-Rhamnose,276
28.25,C6_L-Rhamnose,278
28.5,C6_L-Rhamnose,273
28.75,C6_L-Rhamnose,276
29.0,C6_L-Rhamnose,276
29.25,C6_L-Rhamnose,274
29.5,C6_L-Rhamnose,280
29.75,C6_L-Rhamnose,279
30.0,C6_L-Rhamnose,279
30.25,C6_L-Rhamnose,282
30.5,C6_L-Rhamnose,279
30.75,C6_L-Rhamnose,278
31.0,C6_L-Rhamnose,279
31.25,C6_L-Rhamnose,278
31.5,C6_L-Rhamnose,278
31.75,C6_L-Rhamnose,280
32.0,C6_L-Rhamnose,281
32.25,C6_L-Rhamnose,280
32.5,C6_L-Rhamnose,278
32.75,C6_L-Rhamnose,277
33.0,C6_L-Rhamnose,281
33.25,C6_L-Rhamnose,280
33.5,C6_L-Rhamnose,284
33.75,C6_L-Rhamnose,281
34.0,C6_L-Rhamnose,281
34.25,C6_L-Rhamnose,282
34.5,C6_L-Rhamnose,283
34.75,C6_L-Rhamnose,284
35.0,C6_L-Rhamnose,283
35.25,C6_L-Rhamnose,279
35.5,C6_L-Rhamnose,281
35.75,C6_L-Rhamnose,283
36.0,C6_L-Rhamnose,282
36.25,C6_L-Rhamnose,283
36.5,C6_L-Rhamnose,283
36.75,C6_L-Rhamnose,284
37.0,C6_L-Rhamnose,282
37.25,C6_L-Rhamnose,283
37.5,C6_L-Rhamnose,283
37.75,C6_L-Rhamnose,283
38.0,C6_L-Rhamnose,286
38.25,C6_L-Rhamnose,288
38.5,C6_L-Rhamnose,283
38.75,C6_L-Rhamnose,289
39.0,C6_L-Rhamnose,285
39.25,C6_L-Rhamnose,289
39.5,C6_L-Rhamnose,289
39.75,C6_L-Rhamnose,284
40.0,C6_L-Rhamnose,286
40.25,C6_L-Rhamnose,285
40.5,C6_L-Rhamnose,288
40.75,C6_L-Rhamnose,289
41.0,C6_L-Rhamnose,286
41.25,C6_L-Rhamnose,286
41.5,C6_L-Rhamnose,290
41.75,C6_L-Rhamnose,289
42.0,C6_L-Rhamnose,291
42.25,C6_L-Rhamnose,292
42.5,C6_L-Rhamnose,291
42.75,C6_L-Rhamnose,287
43.0,C6_L-Rhamnose,294
43.25,C6_L-Rhamnose,290
43.5,C6_L-Rhamnose,295
43.75,C6_L-Rhamnose,294
44.0,C6_L-Rhamnose,292
44.25,C6_L-Rhamnose,294
44.5,C6_L-Rhamnose,291
44.75,C6_L-Rhamnose,292
45.0,C6_L-Rhamnose,293
45.25,C6_L-Rhamnose,295
45.5,C6_L-Rhamnose,294
45.75,C6_L-Rhamnose,292
46.0,C6_L-Rhamnose,296
46.25,C6_L-Rhamnose,293
46.5,C6_L-Rhamnose,291
46.75,C6_L-Rhamnose,294
47.0,C6_L-Rhamnose,290
47.25,C6_L-Rhamnose,293
47.5,C6_L-Rhamnose,0
0.0,C7_D-Fructose,11
0.25,C7_D-Fructose,11
0.5,C7_D-Fructose,11
0.75,C7_D-Fructose,11
1.0,C7_D-Fructose,11
1.25,C7_D-Fructose,11
1.5,C7_D-Fructose,13
1.75,C7_D-Fructose,11
2.0,C7_D-Fructose,11
2.25,C7_D-Fructose,11
2.5,C7_D-Fructose,11
2.75,C7_D-Fructose,11
3.0,C7_D-Fructose,11
3.25,C7_D-Fructose,11
3.5,C7_D-Fructose,11
3.75,C7_D-Fructose,11
4.0,C7_D-Fructose,11
4.25,C7_D-Fructose,11
4.5,C7_D-Fructose,12
4.75,C7_D-Fructose,13
5.0,C7_D-Fructose,15
5.25,C7_D-Fructose,14
5.5,C7_D-Fructose,11
5.75,C7_D-Fructose,13
6.0,C7_D-Fructose,14
6.25,C7_D-Fructose,14
6.5,C7_D-Fructose,14
6.75,C7_D-Fructose,20
7.0,C7_D-Fructose,18
7.25,C7_D-Fructose,22
7.5,C7_D-Fructose,21
7.75,C7_D-Fructose,21
8.0,C7_D-Fructose,23
8.25,C7_D-Fructose,20
8.5,C7_D-Fructose,24
8.75,C7_D-Fructose,25
9.0,C7_D-Fructose,29
9.25,C7_D-Fructose,29
9.5,C7_D-Fructose,27
9.75,C7_D-Fructose,28
10.0,C7_D-Fructose,29
10.25,C7_D-Fructose,24
10.5,C7_D-Fructose,28
10.75,C7_D-Fructose,30
11.0,C7_D-Fructose,32
11.25,C7_D-Fructose,32
11.5,C7_D-Fructose,33
11.75,C7_D-Fructose,33
12.0,C7_D-Fructose,32
12.25,C7_D-Fructose,30
12.5,C7_D-Fructose,37
12.75,C7_D-Fructose,33
13.0,C7_D-Fructose,33
13.25,C7_D-Fructose,37
13.5,C7_D-Fructose,44
13.75,C7_D-Fructose,37
14.0,C7_D-Fructose,36
14.25,C7_D-Fructose,36
14.5,C7_D-Fructose,39
14.75,C7_D-Fructose,40
15.0,C7_D-Fructose,43
15.25,C7_D-Fructose,42
15.5,C7_D-Fructose,49
15.75,C7_D-Fructose,49
16.0,C7_D-Fructose,46
16.25,C7_D-Fructose,53
16.5,C7_D-Fructose,53
16.75,C7_D-Fructose,56
17.0,C7_D-Fructose,59
17.25,C7_D-Fructose,60
17.5,C7_D-Fructose,61
17.75,C7_D-Fructose,60
18.0,C7_D-Fructose,58
18.25,C7_D-Fructose,69
18.5,C7_D-Fructose,72
18.75,C7_D-Fructose,79
19.0,C7_D-Fructose,78
19.25,C7_D-Fructose,82
19.5,C7_D-Fructose,80
19.75,C7_D-Fructose,88
20.0,C7_D-Fructose,92
20.25,C7_D-Fructose,93
20.5,C7_D-Fructose,98
20.75,C7_D-Fructose,104
21.0,C7_D-Fructose,113
21.25,C7_D-Fructose,110
21.5,C7_D-Fructose,116
21.75,C7_D-Fructose,125
22.0,C7_D-Fructose,124
22.25,C7_D-Fructose,129
22.5,C7_D-Fructose,141
22.75,C7_D-Fructose,136
23.0,C7_D-Fructose,143
23.25,C7_D-Fructose,150
23.5,C7_D-Fructose,149
23.75,C7_D-Fructose,158
24.0,C7_D-Fructose,164
24.25,C7_D-Fructose,165
24.5,C7_D-Fructose,169
24.75,C7_D-Fructose,175
25.0,C7_D-Fructose,178
25.25,C7_D-Fructose,181
25.5,C7_D-Fructose,188
25.75,C7_D-Fructose,191
26.0,C7_D-Fructose,194
26.25,C7_D-Fructose,195
26.5,C7_D-Fructose,200
26.75,C7_D-Fructose,203
27.0,C7_D-Fructose,209
27.25,C7_D-Fructose,205
27.5,C7_D-Fructose,209
27.75,C7_D-Fructose,215
28.0,C7_D-Fructose,218
28.25,C7_D-Fructose,222
28.5,C7_D-Fructose,221
28.75,C7_D-Fructose,225
29.0,C7_D-Fructose,224
29.25,C7_D-Fructose,231
29.5,C7_D-Fructose,232
29.75,C7_D-Fructose,233
30.0,C7_D-Fructose,236
30.25,C7_D-Fructose,234
30.5,C7_D-Fructose,241
30.75,C7_D-Fructose,236
31.0,C7_D-Fructose,238
31.25,C7_D-Fructose,244
31.5,C7_D-Fructose,244
31.75,C7_D-Fructose,243
32.0,C7_D-Fructose,246
32.25,C7_D-Fructose,248
32.5,C7_D-Fructose,247
32.75,C7_D-Fructose,246
33.0,C7_D-Fructose,246
33.25,C7_D-Fructose,253
33.5,C7_D-Fructose,253
33.75,C7_D-Fructose,254
34.0,C7_D-Fructose,253
34.25,C7_D-Fructose,251
34.5,C7_D-Fructose,254
34.75,C7_D-Fructose,254
35.0,C7_D-Fructose,258
35.25,C7_D-Fructose,253
35.5,C7_D-Fructose,254
35.75,C7_D-Fructose,258
36.0,C7_D-Fructose,257
36.25,C7_D-Fructose,257
36.5,C7_D-Fructose,256
36.75,C7_D-Fructose,260
37.0,C7_D-Fructose,259
37.25,C7_D-Fructose,260
37.5,C7_D-Fructose,260
37.75,C7_D-Fructose,258
38.0,C7_D-Fructose,257
38.25,C7_D-Fructose,263
38.5,C7_D-Fructose,259
38.75,C7_D-Fructose,263
39.0,C7_D-Fructose,263
39.25,C7_D-Fructose,262
39.5,C7_D-Fructose,263
39.75,C7_D-Fructose,260
40.0,C7_D-Fructose,261
40.25,C7_D-Fructose,261
40.5,C7_D-Fructose,260
40.75,C7_D-Fructose,261
41.0,C7_D-Fructose,263
41.25,C7_D-Fructose,262
41.5,C7_D-Fructose,265
41.75,C7_D-Fructose,264
42.0,C7_D-Fructose,266
42.25,C7_D-Fructose,266
42.5,C7_D-Fructose,268
42.75,C7_D-Fructose,262
43.0,C7_D-Fructose,271
43.25,C7_D-Fructose,270
43.5,C7_D-Fructose,269
43.75,C7_D-Fructose,270
44.0,C7_D-Fructose,271
44.25,C7_D-Fructose,270
44.5,C7_D-Fructose,265
44.75,C7_D-Fructose,271
45.0,C7_D-Fructose,272
45.25,C7_D-Fructose,268
45.5,C7_D-Fructose,272
45.75,C7_D-Fructose,269
46.0,C7_D-Fructose,276
46.25,C7_D-Fructose,271
46.5,C7_D-Fructose,268
46.75,C7_D-Fructose,272
47.0,C7_D-Fructose,272
47.25,C7_D-Fructose,272
47.5,C7_D-Fructose,0
0.0,C8_Acetic_Acid,11
0.25,C8_Acetic_Acid,11
0.5,C8_Acetic_Acid,16
0.75,C8_Acetic_Acid,12
1.0,C8_Acetic_Acid,15
1.25,C8_Acetic_Acid,12
1.5,C8_Acetic_Acid,14
1.75,C8_Acetic_Acid,12
2.0,C8_Acetic_Acid,11
2.25,C8_Acetic_Acid,11
2.5,C8_Acetic_Acid,11
2.75,C8_Acetic_Acid,14
3.0,C8_Acetic_Acid,14
3.25,C8_Acetic_Acid,16
3.5,C8_Acetic_Acid,15
3.75,C8_Acetic_Acid,17
4.0,C8_Acetic_Acid,14
4.25,C8_Acetic_Acid,21
4.5,C8_Acetic_Acid,21
4.75,C8_Acetic_Acid,21
5.0,C8_Acetic_Acid,21
5.25,C8_Acetic_Acid,21
5.5,C8_Acetic_Acid,17
5.75,C8_Acetic_Acid,20
6.0,C8_Acetic_Acid,24
6.25,C8_Acetic_Acid,23
6.5,C8_Acetic_Acid,25
6.75,C8_Acetic_Acid,27
7.0,C8_Acetic_Acid,28
7.25,C8_Acetic_Acid,22
7.5,C8_Acetic_Acid,28
7.75,C8_Acetic_Acid,25
8.0,C8_Acetic_Acid,26
8.25,C8_Acetic_Acid,25
8.5,C8_Acetic_Acid,27
8.75,C8_Acetic_Acid,26
9.0,C8_Acetic_Acid,32
9.25,C8_Acetic_Acid,29
9.5,C8_Acetic_Acid,33
9.75,C8_Acetic_Acid,32
10.0,C8_Acetic_Acid,35
10.25,C8_Acetic_Acid,39
10.5,C8_Acetic_Acid,41
10.75,C8_Acetic_Acid,45
11.0,C8_Acetic_Acid,48
11.25,C8_Acetic_Acid,47
11.5,C8_Acetic_Acid,49
11.75,C8_Acetic_Acid,53
12.0,C8_Acetic_Acid,55
12.25,C8_Acetic_Acid,59
12.5,C8_Acetic_Acid,61
12.75,C8_Acetic_Acid,66
13.0,C8_Acetic_Acid,70
13.25,C8_Acetic_Acid,73
13.5,C8_Acetic_Acid,78
13.75,C8_Acetic_Acid,78
14.0,C8_Acetic_Acid,83
14.25,C8_Acetic_Acid,88
14.5,C8_Acetic_Acid,93
14.75,C8_Acetic_Acid,93
15.0,C8_Acetic_Acid,97
15.25,C8_Acetic_Acid,103
15.5,C8_Acetic_Acid,112
15.75,C8_Acetic_Acid,113
16.0,C8_Acetic_Acid,117
16.25,C8_Acetic_Acid,119
16.5,C8_Acetic_Acid,124
16.75,C8_Acetic_Acid,125
17.0,C8_Acetic_Acid,136
17.25,C8_Acetic_Acid,138
17.5,C8_Acetic_Acid,140
17.75,C8_Acetic_Acid,146
18.0,C8_Acetic_Acid,153
18.25,C8_Acetic_Acid,158
18.5,C8_Acetic_Acid,162
18.75,C8_Acetic_Acid,165
19.0,C8_Acetic_Acid,167
19.25,C8_Acetic_Acid,175
19.5,C8_Acetic_Acid,174
19.75,C8_Acetic_Acid,181
20.0,C8_Acetic_Acid,185
20.25,C8_Acetic_Acid,186
20.5,C8_Acetic_Acid,193
20.75,C8_Acetic_Acid,197
21.0,C8_Acetic_Acid,198
21.25,C8_Acetic_Acid,200
21.5,C8_Acetic_Acid,206
21.75,C8_Acetic_Acid,207
22.0,C8_Acetic_Acid,214
22.25,C8_Acetic_Acid,214
22.5,C8_Acetic_Acid,220
22.75,C8_Acetic_Acid,224
23.0,C8_Acetic_Acid,225
23.25,C8_Acetic_Acid,226
23.5,C8_Acetic_Acid,229
23.75,C8_Acetic_Acid,230
24.0,C8_Acetic_Acid,233
24.25,C8_Acetic_Acid,234
24.5,C8_Acetic_Acid,234
24.75,C8_Acetic_Acid,236
25.0,C8_Acetic_Acid,240
25.25,C8_Acetic_Acid,240
25.5,C8_Acetic_Acid,242
25.75,C8_Acetic_Acid,243
26.0,C8_Acetic_Acid,244
26.25,C8_Acetic_Acid,245
26.5,C8_Acetic_Acid,242
26.75,C8_Acetic_Acid,240
27.0,C8_Acetic_Acid,241
27.25,C8_Acetic_Acid,240
27.5,C8_Acetic_Acid,238
27.75,C8_Acetic_Acid,236
28.0,C8_Acetic_Acid,238
28.25,C8_Acetic_Acid,239
28.5,C8_Acetic_Acid,236
28.75,C8_Acetic_Acid,239
29.0,C8_Acetic_Acid,238
29.25,C8_Acetic_Acid,235
29.5,C8_Acetic_Acid,237
29.75,C8_Acetic_Acid,234
30.0,C8_Acetic_Acid,235
30.25,C8_Acetic_Acid,233
30.5,C8_Acetic_Acid,236
30.75,C8_Acetic_Acid,234
31.0,C8_Acetic_Acid,234
31.25,C8_Acetic_Acid,232
31.5,C8_Acetic_Acid,235
31.75,C8_Acetic_Acid,235
32.0,C8_Acetic_Acid,236
32.25,C8_Acetic_Acid,234
32.5,C8_Acetic_Acid,223
32.75,C8_Acetic_Acid,229
33.0,C8_Acetic_Acid,233
33.25,C8_Acetic_Acid,234
33.5,C8_Acetic_Acid,232
33.75,C8_Acetic_Acid,232
34.0,C8_Acetic_Acid,230
34.25,C8_Acetic_Acid,230
34.5,C8_Acetic_Acid,229
34.75,C8_Acetic_Acid,231
35.0,C8_Acetic_Acid,231
35.25,C8_Acetic_Acid,229
35.5,C8_Acetic_Acid,229
35.75,C8_Acetic_Acid,231
36.0,C8_Acetic_Acid,229
36.25,C8_Acetic_Acid,228
36.5,C8_Acetic_Acid,226
36.75,C8_Acetic_Acid,227
37.0,C8_Acetic_Acid,226
37.25,C8_Acetic_Acid,229
37.5,C8_Acetic_Acid,230
37.75,C8_Acetic_Acid,228
38.0,C8_Acetic_Acid,230
38.25,C8_Acetic_Acid,226
38.5,C8_Acetic_Acid,223
38.75,C8_Acetic_Acid,232
39.0,C8_Acetic_Acid,228
39.25,C8_Acetic_Acid,230
39.5,C8_Acetic_Acid,227
39.75,C8_Acetic_Acid,223
40.0,C8_Acetic_Acid,224
40.25,C8_Acetic_Acid,229
40.5,C8_Acetic_Acid,224
40.75,C8_Acetic_Acid,228
41.0,C8_Acetic_Acid,228
41.25,C8_Acetic_Acid,224
41.5,C8_Acetic_Acid,224
41.75,C8_Acetic_Acid,223
42.0,C8_Acetic_Acid,228
42.25,C8_Acetic_Acid,222
42.5,C8_Acetic_Acid,228
42.75,C8_Acetic_Acid,225
43.0,C8_Acetic_Acid,228
43.25,C8_Acetic_Acid,228
43.5,C8_Acetic_Acid,228
43.75,C8_Acetic_Acid,223
44.0,C8_Acetic_Acid,229
44.25,C8_Acetic_Acid,225
44.5,C8_Acetic_Acid,225
44.75,C8_Acetic_Acid,226
45.0,C8_Acetic_Acid,227
45.25,C8_Acetic_Acid,222
45.5,C8_Acetic_Acid,225
45.75,C8_Acetic_Acid,225
46.0,C8_Acetic_Acid,226
46.25,C8_Acetic_Acid,224
46.5,C8_Acetic_Acid,223
46.75,C8_Acetic_Acid,224
47.0,C8_Acetic_Acid,223
47.25,C8_Acetic_Acid,222
47.5,C8_Acetic_Acid,0
0.0,C9_a-D-Glucose,11
0.25,C9_a-D-Glucose,11
0.5,C9_a-D-Glucose,11
0.75,C9_a-D-Glucose,11
1.0,C9_a-D-Glucose,11
1.25,C9_a-D-Glucose,11
1.5,C9_a-D-Glucose,13
1.75,C9_a-D-Glucose,11
2.0,C9_a-D-Glucose,12
2.25,C9_a-D-Glucose,11
2.5,C9_a-D-Glucose,11
2.75,C9_a-D-Glucose,12
3.0,C9_a-D-Glucose,12
3.25,C9_a-D-Glucose,11
3.5,C9_a-D-Glucose,14
3.75,C9_a-D-Glucose,13
4.0,C9_a-D-Glucose,11
4.25,C9_a-D-Glucose,18
4.5,C9_a-D-Glucose,20
4.75,C9_a-D-Glucose,20
5.0,C9_a-D-Glucose,21
5.25,C9_a-D-Glucose,25
5.5,C9_a-D-Glucose,17
5.75,C9_a-D-Glucose,25
6.0,C9_a-D-Glucose,24
6.25,C9_a-D-Glucose,26
6.5,C9_a-D-Glucose,30
6.75,C9_a-D-Glucose,29
7.0,C9_a-D-Glucose,34
7.25,C9_a-D-Glucose,31
7.5,C9_a-D-Glucose,35
7.75,C9_a-D-Glucose,37
8.0,C9_a-D-Glucose,38
8.25,C9_a-D-Glucose,43
8.5,C9_a-D-Glucose,42
8.75,C9_a-D-Glucose,51
9.0,C9_a-D-Glucose,49
9.25,C9_a-D-Glucose,51
9.5,C9_a-D-Glucose,53
9.75,C9_a-D-Glucose,59
10.0,C9_a-D-Glucose,63
10.25,C9_a-D-Glucose,69
10.5,C9_a-D-Glucose,75
10.75,C9_a-D-Glucose,82
11.0,C9_a-D-Glucose,83
11.25,C9_a-D-Glucose,87
11.5,C9_a-D-Glucose,101
11.75,C9_a-D-Glucose,103
12.0,C9_a-D-Glucose,110
12.25,C9_a-D-Glucose,108
12.5,C9_a-D-Glucose,123
12.75,C9_a-D-Glucose,124
13.0,C9_a-D-Glucose,130
13.25,C9_a-D-Glucose,139
13.5,C9_a-D-Glucose,146
13.75,C9_a-D-Glucose,144
14.0,C9_a-D-Glucose,154
14.25,C9_a-D-Glucose,159
14.5,C9_a-D-Glucose,166
14.75,C9_a-D-Glucose,171
15.0,C9_a-D-Glucose,177
15.25,C9_a-D-Glucose,177
15.5,C9_a-D-Glucose,178
15.75,C9_a-D-Glucose,181
16.0,C9_a-D-Glucose,192
16.25,C9_a-D-Glucose,195
16.5,C9_a-D-Glucose,200
16.75,C9_a-D-Glucose,202
17.0,C9_a-D-Glucose,208
17.25,C9_a-D-Glucose,213
17.5,C9_a-D-Glucose,214
17.75,C9_a-D-Glucose,215
18.0,C9_a-D-Glucose,218
18.25,C9_a-D-Glucose,227
18.5,C9_a-D-Glucose,224
18.75,C9_a-D-Glucose,228
19.0,C9_a-D-Glucose,229
19.25,C9_a-D-Glucose,235
19.5,C9_a-D-Glucose,237
19.75,C9_a-D-Glucose,242
20.0,C9_a-D-Glucose,239
20.25,C9_a-D-Glucose,239
20.5,C9_a-D-Glucose,242
20.75,C9_a-D-Glucose,246
21.0,C9_a-D-Glucose,248
21.25,C9_a-D-Glucose,247
21.5,C9_a-D-Glucose,249
21.75,C9_a-D-Glucose,253
22.0,C9_a-D-Glucose,253
22.25,C9_a-D-Glucose,257
22.5,C9_a-D-Glucose,257
22.75,C9_a-D-Glucose,260
23.0,C9_a-D-Glucose,261
23.25,C9_a-D-Glucose,261
23.5,C9_a-D-Glucose,264
23.75,C9_a-D-Glucose,270
24.0,C9_a-D-Glucose,268
24.25,C9_a-D-Glucose,269
24.5,C9_a-D-Glucose,269
24.75,C9_a-D-Glucose,271
25.0,C9_a-D-Glucose,273
25.25,C9_a-D-Glucose,274
25.5,C9_a-D-Glucose,276
25.75,C9_a-D-Glucose,273
26.0,C9_a-D-Glucose,277
26.25,C9_a-D-Glucose,279
26.5,C9_a-D-Glucose,276
26.75,C9_a-D-Glucose,280
27.0,C9_a-D-Glucose,285
27.25,C9_a-D-Glucose,282
27.5,C9_a-D-Glucose,281
27.75,C9_a-D-Glucose,278
28.0,C9_a-D-Glucose,282
28.25,C9_a-D-Glucose,281
28.5,C9_a-D-Glucose,283
28.75,C9_a-D-Glucose,283
29.0,C9_a-D-Glucose,284
29.25,C9_a-D-Glucose,286
29.5,C9_a-D-Glucose,284
29.75,C9_a-D-Glucose,285
30.0,C9_a-D-Glucose,286
30.25,C9_a-D-Glucose,285
30.5,C9_a-D-Glucose,286
30.75,C9_a-D-Glucose,286
31.0,C9_a-D-Glucose,285
31.25,C9_a-D-Glucose,285
31.5,C9_a-D-Glucose,286
31.75,C9_a-D-Glucose,287
32.0,C9_a-D-Glucose,288
32.25,C9_a-D-Glucose,284
32.5,C9_a-D-Glucose,283
32.75,C9_a-D-Glucose,286
33.0,C9_a-D-Glucose,285
33.25,C9_a-D-Glucose,285
33.5,C9_a-D-Glucose,287
33.75,C9_a-D-Glucose,284
34.0,C9_a-D-Glucose,287
34.25,C9_a-D-Glucose,287
34.5,C9_a-D-Glucose,289
34.75,C9_a-D-Glucose,285
35.0,C9_a-D-Glucose,286
35.25,C9_a-D-Glucose,285
35.5,C9_a-D-Glucose,286
35.75,C9_a-D-Glucose,287
36.0,C9_a-D-Glucose,289
36.25,C9_a-D-Glucose,286
36.5,C9_a-D-Glucose,287
36.75,C9_a-D-Glucose,286
37.0,C9_a-D-Glucose,287
37.25,C9_a-D-Glucose,286
37.5,C9_a-D-Glucose,285
37.75,C9_a-D-Glucose,284
38.0,C9_a-D-Glucose,287
38.25,C9_a-D-Glucose,285
38.5,C9_a-D-Glucose,284
38.75,C9_a-D-Glucose,286
39.0,C9_a-D-Glucose,284
39.25,C9_a-D-Glucose,283
39.5,C9_a-D-Glucose,280
39.75,C9_a-D-Glucose,284
40.0,C9_a-D-Glucose,280
40.25,C9_a-D-Glucose,279
40.5,C9_a-D-Glucose,282
40.75,C9_a-D-Glucose,281
41.0,C9_a-D-Glucose,280
41.25,C9_a-D-Glucose,281
41.5,C9_a-D-Glucose,280
41.75,C9_a-D-Glucose,277
42.0,C9_a-D-Glucose,277
42.25,C9_a-D-Glucose,276
42.5,C9_a-D-Glucose,276
42.75,C9_a-D-Glucose,278
43.0,C9_a-D-Glucose,276
43.25,C9_a-D-Glucose,278
43.5,C9_a-D-Glucose,274
43.75,C9_a-D-Glucose,275
44.0,C9_a-D-Glucose,273
44.25,C9_a-D-Glucose,272
44.5,C9_a-D-Glucose,272
44.75,C9_a-D-Glucose,270
45.0,C9_a-D-Glucose,271
45.25,C9_a-D-Glucose,270
45.5,C9_a-D-Glucose,272
45.75,C9_a-D-Glucose,268
46.0,C9_a-D-Glucose,270
46.25,C9_a-D-Glucose,268
46.5,C9_a-D-Glucose,268
46.75,C9_a-D-Glucose,267
47.0,C9_a-D-Glucose,269
47.25,C9_a-D-Glucose,269
47.5,C9_a-D-Glucose,0
0.0,C10_Maltose,17
0.25,C10_Maltose,11
0.5,C10_Maltose,11
0.75,C10_Maltose,11
1.0,C10_Maltose,11
1.25,C10_Maltose,11
1.5,C10_Maltose,11
1.75,C10_Maltose,11
2.0,C10_Maltose,12
2.25,C10_Maltose,12
2.5,C10_Maltose,11
2.75,C10_Maltose,11
3.0,C10_Maltose,11
3.25,C10_Maltose,13
3.5,C10_Maltose,12
3.75,C10_Maltose,11
4.0,C10_Maltose,11
4.25,C10_Maltose,11
4.5,C10_Maltose,11
4.75,C10_Maltose,14
5.0,C10_Maltose,13
5.25,C10_Maltose,14
5.5,C10_Maltose,11
5.75,C10_Maltose,13
6.0,C10_Maltose,12
6.25,C10_Maltose,12
6.5,C10_Maltose,14
6.75,C10_Maltose,18
7.0,C10_Maltose,19
7.25,C10_Maltose,20
7.5,C10_Maltose,16
7.75,C10_Maltose,19
8.0,C10_Maltose,16
8.25,C10_Maltose,21
8.5,C10_Maltose,22
8.75,C10_Maltose,20
9.0,C10_Maltose,20
9.25,C10_Maltose,20
9.5,C10_Maltose,19
9.75,C10_Maltose,22
10.0,C10_Maltose,20
10.25,C10_Maltose,19
10.5,C10_Maltose,23
10.75,C10_Maltose,21
11.0,C10_Maltose,26
11.25,C10_Maltose,23
11.5,C10_Maltose,22
11.75,C10_Maltose,26
12.0,C10_Maltose,26
12.25,C10_Maltose,26
12.5,C10_Maltose,23
12.75,C10_Maltose,24
13.0,C10_Maltose,28
13.25,C10_Maltose,26
13.5,C10_Maltose,26
13.75,C10_Maltose,30
14.0,C10_Maltose,26
14.25,C10_Maltose,25
14.5,C10_Maltose,29
14.75,C10_Maltose,25
15.0,C10_Maltose,29
15.25,C10_Maltose,26
15.5,C10_Maltose,32
15.75,C10_Maltose,30
16.0,C10_Maltose,31
16.25,C10_Maltose,27
16.5,C10_Maltose,31
16.75,C10_Maltose,32
17.0,C10_Maltose,35
17.25,C10_Maltose,36
17.5,C10_Maltose,37
17.75,C10_Maltose,35
18.0,C10_Maltose,34
18.25,C10_Maltose,38
18.5,C10_Maltose,40
18.75,C10_Maltose,39
19.0,C10_Maltose,42
19.25,C10_Maltose,43
19.5,C10_Maltose,40
19.75,C10_Maltose,46
20.0,C10_Maltose,44
20.25,C10_Maltose,48
20.5,C10_Maltose,51
20.75,C10_Maltose,55
21.0,C10_Maltose,57
21.25,C10_Maltose,54
21.5,C10_Maltose,66
21.75,C10_Maltose,66
22.0,C10_Maltose,67
22.25,C10_Maltose,73
22.5,C10_Maltose,84
22.75,C10_Maltose,79
23.0,C10_Maltose,90
23.25,C10_Maltose,88
23.5,C10_Maltose,94
23.75,C10_Maltose,97
24.0,C10_Maltose,101
24.25,C10_Maltose,100
24.5,C10_Maltose,105
24.75,C10_Maltose,107
25.0,C10_Maltose,109
25.25,C10_Maltose,109
25.5,C10_Maltose,117
25.75,C10_Maltose,116
26.0,C10_Maltose,118
26.25,C10_Maltose,122
26.5,C10_Maltose,124
26.75,C10_Maltose,125
27.0,C10_Maltose,133
27.25,C10_Maltose,134
27.5,C10_Maltose,137
27.75,C10_Maltose,139
28.0,C10_Maltose,142
28.25,C10_Maltose,145
28.5,C10_Maltose,149
28.75,C10_Maltose,155
29.0,C10_Maltose,157
29.25,C10_Maltose,161
29.5,C10_Maltose,164
29.75,C10_Maltose,165
30.0,C10_Maltose,172
30.25,C10_Maltose,172
30.5,C10_Maltose,175
30.75,C10_Maltose,174
31.0,C10_Maltose,177
31.25,C10_Maltose,185
31.5,C10_Maltose,185
31.75,C10_Maltose,189
32.0,C10_Maltose,188
32.25,C10_Maltose,192
32.5,C10_Maltose,197
32.75,C10_Maltose,200
33.0,C10_Maltose,200
33.25,C10_Maltose,204
33.5,C10_Maltose,208
33.75,C10_Maltose,212
34.0,C10_Maltose,209
34.25,C10_Maltose,213
34.5,C10_Maltose,214
34.75,C10_Maltose,217
35.0,C10_Maltose,222
35.25,C10_Maltose,219
35.5,C10_Maltose,220
35.75,C10_Maltose,223
36.0,C10_Maltose,223
36.25,C10_Maltose,223
36.5,C10_Maltose,227
36.75,C10_Maltose,226
37.0,C10_Maltose,229
37.25,C10_Maltose,232
37.5,C10_Maltose,232
37.75,C10_Maltose,231
38.0,C10_Maltose,234
38.25,C10_Maltose,240
38.5,C10_Maltose,238
38.75,C10_Maltose,240
39.0,C10_Maltose,239
39.25,C10_Maltose,241
39.5,C10_Maltose,243
39.75,C10_Maltose,242
40.0,C10_Maltose,242
40.25,C10_Maltose,244
40.5,C10_Maltose,246
40.75,C10_Maltose,246
41.0,C10_Maltose,246
41.25,C10_Maltose,245
41.5,C10_Maltose,251
41.75,C10_Maltose,250
42.0,C10_Maltose,252
42.25,C10_Maltose,251
42.5,C10_Maltose,250
42.75,C10_Maltose,249
43.0,C10_Maltose,251
43.25,C10_Maltose,250
43.5,C10_Maltose,253
43.75,C10_Maltose,254
44.0,C10_Maltose,254
44.25,C10_Maltose,251
44.5,C10_Maltose,252
44.75,C10_Maltose,255
45.0,C10_Maltose,257
45.25,C10_Maltose,253
45.5,C10_Maltose,256
45.75,C10_Maltose,255
46.0,C10_Maltose,258
46.25,C10_Maltose,253
46.5,C10_Maltose,254
46.75,C10_Maltose,259
47.0,C10_Maltose,256
47.25,C10_Maltose,255
47.5,C10_Maltose,0
0.0,C11_D-Melibiose,36
0.25,C11_D-Melibiose,11
0.5,C11_D-Melibiose,11
0.75,C11_D-Melibiose,13
1.0,C11_D-Melibiose,15
1.25,C11_D-Melibiose,11
1.5,C11_D-Melibiose,12
1.75,C11_D-Melibiose,14
2.0,C11_D-Melibiose,12
2.25,C11_D-Melibiose,12
2.5,C11_D-Melibiose,11
2.75,C11_D-Melibiose,13
3.0,C11_D-Melibiose,14
3.25,C11_D-Melibiose,13
3.5,C11_D-Melibiose,16
3.75,C11_D-Melibiose,15
4.0,C11_D-Melibiose,12
4.25,C11_D-Melibiose,18
4.5,C11_D-Melibiose,13
4.75,C11_D-Melibiose,18
5.0,C11_D-Melibiose,17
5.25,C11_D-Melibiose,16
5.5,C11_D-Melibiose,20
5.75,C11_D-Melibiose,16
6.0,C11_D-Melibiose,21
6.25,C11_D-Melibiose,24
6.5,C11_D-Melibiose,20
6.75,C11_D-Melibiose,23
7.0,C11_D-Melibiose,21
7.25,C11_D-Melibiose,25
7.5,C11_D-Melibiose,24
7.75,C11_D-Melibiose,25
8.0,C11_D-Melibiose,27
8.25,C11_D-Melibiose,21
8.5,C11_D-Melibiose,23
8.75,C11_D-Melibiose,16
9.0,C11_D-Melibiose,28
9.25,C11_D-Melibiose,21
9.5,C11_D-Melibiose,25
9.75,C11_D-Melibiose,24
10.0,C11_D-Melibiose,23
10.25,C11_D-Melibiose,25
10.5,C11_D-Melibiose,22
10.75,C11_D-Melibiose,21
11.0,C11_D-Melibiose,23
11.25,C11_D-Melibiose,26
11.5,C11_D-Melibiose,23
11.75,C11_D-Melibiose,24
12.0,C11_D-Melibiose,23
12.25,C11_D-Melibiose,29
12.5,C11_D-Melibiose,28
12.75,C11_D-Melibiose,25
13.0,C11_D-Melibiose,32
13.25,C11_D-Melibiose,30
13.5,C11_D-Melibiose,25
13.75,C11_D-Melibiose,29
14.0,C11_D-Melibiose,29
14.25,C11_D-Melibiose,28
14.5,C11_D-Melibiose,24
14.75,C11_D-Melibiose,25
15.0,C11_D-Melibiose,27
15.25,C11_D-Melibiose,28
15.5,C11_D-Melibiose,29
15.75,C11_D-Melibiose,28
16.0,C11_D-Melibiose,24
16.25,C11_D-Melibiose,31
16.5,C11_D-Melibiose,27
16.75,C11_D-Melibiose,27
17.0,C11_D-Melibiose,29
17.25,C11_D-Melibiose,31
17.5,C11_D-Melibiose,28
17.75,C11_D-Melibiose,31
18.0,C11_D-Melibiose,33
18.25,C11_D-Melibiose,34
18.5,C11_D-Melibiose,30
18.75,C11_D-Melibiose,30
19.0,C11_D-Melibiose,31
19.25,C11_D-Melibiose,29
19.5,C11_D-Melibiose,35
19.75,C11_D-Melibiose,32
20.0,C11_D-Melibiose,33
20.25,C11_D-Melibiose,29
20.5,C11_D-Melibiose,33
20.75,C11_D-Melibiose,33
21.0,C11_D-Melibiose,30
21.25,C11_D-Melibiose,29
21.5,C11_D-Melibiose,31
21.75,C11_D-Melibiose,29
22.0,C11_D-Melibiose,32
22.25,C11_D-Melibiose,31
22.5,C11_D-Melibiose,33
22.75,C11_D-Melibiose,31
23.0,C11_D-Melibiose,34
23.25,C11_D-Melibiose,30
23.5,C11_D-Melibiose,30
23.75,C11_D-Melibiose,37
24.0,C11_D-Melibiose,32
24.25,C11_D-Melibiose,33
24.5,C11_D-Melibiose,31
24.75,C11_D-Melibiose,34
25.0,C11_D-Melibiose,33
25.25,C11_D-Melibiose,35
25.5,C11_D-Melibiose,37
25.75,C11_D-Melibiose,33
26.0,C11_D-Melibiose,34
26.25,C11_D-Melibiose,36
26.5,C11_D-Melibiose,34
26.75,C11_D-Melibiose,37
27.0,C11_D-Melibiose,38
27.25,C11_D-Melibiose,37
27.5,C11_D-Melibiose,35
27.75,C11_D-Melibiose,38
28.0,C11_D-Melibiose,33
28.25,C11_D-Melibiose,36
28.5,C11_D-Melibiose,38
28.75,C11_D-Melibiose,35
29.0,C11_D-Melibiose,33
29.25,C11_D-Melibiose,32
29.5,C11_D-Melibiose,36
29.75,C11_D-Melibiose,39
30.0,C11_D-Melibiose,38
30.25,C11_D-Melibiose,37
30.5,C11_D-Melibiose,36
30.75,C11_D-Melibiose,40
31.0,C11_D-Melibiose,41
31.25,C11_D-Melibiose,35
31.5,C11_D-Melibiose,32
31.75,C11_D-Melibiose,33
32.0,C11_D-Melibiose,35
32.25,C11_D-Melibiose,38
32.5,C11_D-Melibiose,40
32.75,C11_D-Melibiose,41
33.0,C11_D-Melibiose,36
33.25,C11_D-Melibiose,32
33.5,C11_D-Melibiose,38
33.75,C11_D-Melibiose,37
34.0,C11_D-Melibiose,32
34.25,C11_D-Melibiose,34
34.5,C11_D-Melibiose,37
34.75,C11_D-Melibiose,36
35.0,C11_D-Melibiose,36
35.25,C11_D-Melibiose,40
35.5,C11_D-Melibiose,39
35.75,C11_D-Melibiose,40
36.0,C11_D-Melibiose,38
36.25,C11_D-Melibiose,44
36.5,C11_D-Melibiose,40
36.75,C11_D-Melibiose,35
37.0,C11_D-Melibiose,45
37.25,C11_D-Melibiose,32
37.5,C11_D-Melibiose,40
37.75,C11_D-Melibiose,41
38.0,C11_D-Melibiose,41
38.25,C11_D-Melibiose,42
38.5,C11_D-Melibiose,42
38.75,C11_D-Melibiose,36
39.0,C11_D-Melibiose,37
39.25,C11_D-Melibiose,40
39.5,C11_D-Melibiose,36
39.75,C11_D-Melibiose,42
40.0,C11_D-Melibiose,40
40.25,C11_D-Melibiose,39
40.5,C11_D-Melibiose,40
40.75,C11_D-Melibiose,38
41.0,C11_D-Melibiose,39
41.25,C11_D-Melibiose,43
41.5,C11_D-Melibiose,44
41.75,C11_D-Melibiose,36
42.0,C11_D-Melibiose,35
42.25,C11_D-Melibiose,39
42.5,C11_D-Melibiose,41
42.75,C11_D-Melibiose,41
43.0,C11_D-Melibiose,38
43.25,C11_D-Melibiose,44
43.5,C11_D-Melibiose,41
43.75,C11_D-Melibiose,36
44.0,C11_D-Melibiose,41
44.25,C11_D-Melibiose,39
44.5,C11_D-Melibiose,40
44.75,C11_D-Melibiose,39
45.0,C11_D-Melibiose,39
45.25,C11_D-Melibiose,41
45.5,C11_D-Melibiose,50
45.75,C11_D-Melibiose,43
46.0,C11_D-Melibiose,40
46.25,C11_D-Melibiose,44
46.5,C11_D-Melibiose,40
46.75,C11_D-Melibiose,39
47.0,C11_D-Melibiose,45
47.25,C11_D-Melibiose,46
47.5,C11_D-Melibiose,0
0.0,C12_Thymidine,17
0.25,C12_Thymidine,16
0.5,C12_Thymidine,18
0.75,C12_Thymidine,21
1.0,C12_Thymidine,19
1.25,C12_Thymidine,17
1.5,C12_Thymidine,24
1.75,C12_Thymidine,23
2.0,C12_Thymidine,21
2.25,C12_Thymidine,20
2.5,C12_Thymidine,16
2.75,C12_Thymidine,22
3.0,C12_Thymidine,20
3.25,C12_Thymidine,20
3.5,C12_Thymidine,21
3.75,C12_Thymidine,16
4.0,C12_Thymidine,24
4.25,C12_Thymidine,23
4.5,C12_Thymidine,23
4.75,C12_Thymidine,23
5.0,C12_Thymidine,21
5.25,C12_Thymidine,23
5.5,C12_Thymidine,27
5.75,C12_Thymidine,29
6.0,C12_Thymidine,26
6.25,C12_Thymidine,28
6.5,C12_Thymidine,29
6.75,C12_Thymidine,32
7.0,C12_Thymidine,34
7.25,C12_Thymidine,28
7.5,C12_Thymidine,29
7.75,C12_Thymidine,34
8.0,C12_Thymidine,33
8.25,C12_Thymidine,33
8.5,C12_Thymidine,28
8.75,C12_Thymidine,28
9.0,C12_Thymidine,32
9.25,C12_Thymidine,31
9.5,C12_Thymidine,32
9.75,C12_Thymidine,31
10.0,C12_Thymidine,33
10.25,C12_Thymidine,36
10.5,C12_Thymidine,38
10.75,C12_Thymidine,41
11.0,C12_Thymidine,39
11.25,C12_Thymidine,37
11.5,C12_Thymidine,39
11.75,C12_Thymidine,36
12.0,C12_Thymidine,35
12.25,C12_Thymidine,35
12.5,C12_Thymidine,38
12.75,C12_Thymidine,34
13.0,C12_Thymidine,37
13.25,C12_Thymidine,39
13.5,C12_Thymidine,38
13.75,C12_Thymidine,43
14.0,C12_Thymidine,43
14.25,C12_Thymidine,41
14.5,C12_Thymidine,44
14.75,C12_Thymidine,39
15.0,C12_Thymidine,36
15.25,C12_Thymidine,41
15.5,C12_Thymidine,44
15.75,C12_Thymidine,42
16.0,C12_Thymidine,45
16.25,C12_Thymidine,45
16.5,C12_Thymidine,46
16.75,C12_Thymidine,43
17.0,C12_Thymidine,43
17.25,C12_Thymidine,46
17.5,C12_Thymidine,46
17.75,C12_Thymidine,47
18.0,C12_Thymidine,46
18.25,C12_Thymidine,47
18.5,C12_Thymidine,47
18.75,C12_Thymidine,48
19.0,C12_Thymidine,49
19.25,C12_Thymidine,49
19.5,C12_Thymidine,48
19.75,C12_Thymidine,49
20.0,C12_Thymidine,51
20.25,C12_Thymidine,47
20.5,C12_Thymidine,49
20.75,C12_Thymidine,51
21.0,C12_Thymidine,46
21.25,C12_Thymidine,47
21.5,C12_Thymidine,50
21.75,C12_Thymidine,47
22.0,C12_Thymidine,50
22.25,C12_Thymidine,50
22.5,C12_Thymidine,54
22.75,C12_Thymidine,52
23.0,C12_Thymidine,53
23.25,C12_Thymidine,54
23.5,C12_Thymidine,56
23.75,C12_Thymidine,55
24.0,C12_Thymidine,50
24.25,C12_Thymidine,53
24.5,C12_Thymidine,51
24.75,C12_Thymidine,53
25.0,C12_Thymidine,54
25.25,C12_Thymidine,54
25.5,C12_Thymidine,51
25.75,C12_Thymidine,56
26.0,C12_Thymidine,60
26.25,C12_Thymidine,55
26.5,C12_Thymidine,57
26.75,C12_Thymidine,55
27.0,C12_Thymidine,58
27.25,C12_Thymidine,59
27.5,C12_Thymidine,56
27.75,C12_Thymidine,61
28.0,C12_Thymidine,59
28.25,C12_Thymidine,59
28.5,C12_Thymidine,59
28.75,C12_Thymidine,56
29.0,C12_Thymidine,56
29.25,C12_Thymidine,59
29.5,C12_Thymidine,57
29.75,C12_Thymidine,60
30.0,C12_Thymidine,59
30.25,C12_Thymidine,57
30.5,C12_Thymidine,61
30.75,C12_Thymidine,67
31.0,C12_Thymidine,64
31.25,C12_Thymidine,57
31.5,C12_Thymidine,58
31.75,C12_Thymidine,61
32.0,C12_Thymidine,60
32.25,C12_Thymidine,55
32.5,C12_Thymidine,63
32.75,C12_Thymidine,64
33.0,C12_Thymidine,58
33.25,C12_Thymidine,62
33.5,C12_Thymidine,63
33.75,C12_Thymidine,61
34.0,C12_Thymidine,62
34.25,C12_Thymidine,61
34.5,C12_Thymidine,64
34.75,C12_Thymidine,65
35.0,C12_Thymidine,62
35.25,C12_Thymidine,60
35.5,C12_Thymidine,64
35.75,C12_Thymidine,61
36.0,C12_Thymidine,61
36.25,C12_Thymidine,63
36.5,C12_Thymidine,57
36.75,C12_Thymidine,61
37.0,C12_Thymidine,64
37.25,C12_Thymidine,57
37.5,C12_Thymidine,61
37.75,C12_Thymidine,62
38.0,C12_Thymidine,60
38.25,C12_Thymidine,65
38.5,C12_Thymidine,69
38.75,C12_Thymidine,63
39.0,C12_Thymidine,62
39.25,C12_Thymidine,60
39.5,C12_Thymidine,60
39.75,C12_Thymidine,59
40.0,C12_Thymidine,61
40.25,C12_Thymidine,60
40.5,C12_Thymidine,70
40.75,C12_Thymidine,60
41.0,C12_Thymidine,62
41.25,C12_Thymidine,64
41.5,C12_Thymidine,65
41.75,C12_Thymidine,55
42.0,C12_Thymidine,60
42.25,C12_Thymidine,60
42.5,C12_Thymidine,66
42.75,C12_Thymidine,60
43.0,C12_Thymidine,66
43.25,C12_Thymidine,62
43.5,C12_Thymidine,63
43.75,C12_Thymidine,60
44.0,C12_Thymidine,67
44.25,C12_Thymidine,62
44.5,C12_Thymidine,65
44.75,C12_Thymidine,61
45.0,C12_Thymidine,65
45.25,C12_Thymidine,63
45.5,C12_Thymidine,60
45.75,C12_Thymidine,66
46.0,C12_Thymidine,67
46.25,C12_Thymidine,61
46.5,C12_Thymidine,65
46.75,C12_Thymidine,62
47.0,C12_Thymidine,67
47.25,C12_Thymidine,68
47.5,C12_Thymidine,0
0.0,D-1_L-Asparagine,21
0.25,D-1_L-Asparagine,32
0.5,D-1_L-Asparagine,21
0.75,D-1_L-Asparagine,20
1.0,D-1_L-Asparagine,24
1.25,D-1_L-Asparagine,25
1.5,D-1_L-Asparagine,21
1.75,D-1_L-Asparagine,20
2.0,D-1_L-Asparagine,24
2.25,D-1_L-Asparagine,24
2.5,D-1_L-Asparagine,22
2.75,D-1_L-Asparagine,17
3.0,D-1_L-Asparagine,19
3.25,D-1_L-Asparagine,24
3.5,D-1_L-Asparagine,18
3.75,D-1_L-Asparagine,28
4.0,D-1_L-Asparagine,24
4.25,D-1_L-Asparagine,26
4.5,D-1_L-Asparagine,27
4.75,D-1_L-Asparagine,29
5.0,D-1_L-Asparagine,37
5.25,D-1_L-Asparagine,33
5.5,D-1_L-Asparagine,40
5.75,D-1_L-Asparagine,32
6.0,D-1_L-Asparagine,35
6.25,D-1_L-Asparagine,31
6.5,D-1_L-Asparagine,39
6.75,D-1_L-Asparagine,38
7.0,D-1_L-Asparagine,39
7.25,D-1_L-Asparagine,39
7.5,D-1_L-Asparagine,35
7.75,D-1_L-Asparagine,40
8.0,D-1_L-Asparagine,44
8.25,D-1_L-Asparagine,41
8.5,D-1_L-Asparagine,43
8.75,D-1_L-Asparagine,45
9.0,D-1_L-Asparagine,43
9.25,D-1_L-Asparagine,43
9.5,D-1_L-Asparagine,42
9.75,D-1_L-Asparagine,48
10.0,D-1_L-Asparagine,44
10.25,D-1_L-Asparagine,47
10.5,D-1_L-Asparagine,48
10.75,D-1_L-Asparagine,53
11.0,D-1_L-Asparagine,53
11.25,D-1_L-Asparagine,53
11.5,D-1_L-Asparagine,53
11.75,D-1_L-Asparagine,51
12.0,D-1_L-Asparagine,52
12.25,D-1_L-Asparagine,55
12.5,D-1_L-Asparagine,57
12.75,D-1_L-Asparagine,58
13.0,D-1_L-Asparagine,60
13.25,D-1_L-Asparagine,63
13.5,D-1_L-Asparagine,64
13.75,D-1_L-Asparagine,60
14.0,D-1_L-Asparagine,62
14.25,D-1_L-Asparagine,64
14.5,D-1_L-Asparagine,64
14.75,D-1_L-Asparagine,66
15.0,D-1_L-Asparagine,69
15.25,D-1_L-Asparagine,65
15.5,D-1_L-Asparagine,69
15.75,D-1_L-Asparagine,62
16.0,D-1_L-Asparagine,71
16.25,D-1_L-Asparagine,69
16.5,D-1_L-Asparagine,75
16.75,D-1_L-Asparagine,70
17.0,D-1_L-Asparagine,70
17.25,D-1_L-Asparagine,68
17.5,D-1_L-Asparagine,68
17.75,D-1_L-Asparagine,71
18.0,D-1_L-Asparagine,71
18.25,D-1_L-Asparagine,75
18.5,D-1_L-Asparagine,74
18.75,D-1_L-Asparagine,80
19.0,D-1_L-Asparagine,77
19.25,D-1_L-Asparagine,77
19.5,D-1_L-Asparagine,79
19.75,D-1_L-Asparagine,80
20.0,D-1_L-Asparagine,79
20.25,D-1_L-Asparagine,78
20.5,D-1_L-Asparagine,78
20.75,D-1_L-Asparagine,80
21.0,D-1_L-Asparagine,85
21.25,D-1_L-Asparagine,78
21.5,D-1_L-Asparagine,78
21.75,D-1_L-Asparagine,85
22.0,D-1_L-Asparagine,83
22.25,D-1_L-Asparagine,84
22.5,D-1_L-Asparagine,88
22.75,D-1_L-Asparagine,86
23.0,D-1_L-Asparagine,89
23.25,D-1_L-Asparagine,88
23.5,D-1_L-Asparagine,88
23.75,D-1_L-Asparagine,95
24.0,D-1_L-Asparagine,90
24.25,D-1_L-Asparagine,87
24.5,D-1_L-Asparagine,93
24.75,D-1_L-Asparagine,87
25.0,D-1_L-Asparagine,93
25.25,D-1_L-Asparagine,93
25.5,D-1_L-Asparagine,94
25.75,D-1_L-Asparagine,94
26.0,D-1_L-Asparagine,91
26.25,D-1_L-Asparagine,96
26.5,D-1_L-Asparagine,98
26.75,D-1_L-Asparagine,103
27.0,D-1_L-Asparagine,104
27.25,D-1_L-Asparagine,104
27.5,D-1_L-Asparagine,103
27.75,D-1_L-Asparagine,103
28.0,D-1_L-Asparagine,104
28.25,D-1_L-Asparagine,106
28.5,D-1_L-Asparagine,110
28.75,D-1_L-Asparagine,107
29.0,D-1_L-Asparagine,108
29.25,D-1_L-Asparagine,101
29.5,D-1_L-Asparagine,104
29.75,D-1_L-Asparagine,107
30.0,D-1_L-Asparagine,109
30.25,D-1_L-Asparagine,112
30.5,D-1_L-Asparagine,111
30.75,D-1_L-Asparagine,111
31.0,D-1_L-Asparagine,107
31.25,D-1_L-Asparagine,109
31.5,D-1_L-Asparagine,110
31.75,D-1_L-Asparagine,109
32.0,D-1_L-Asparagine,112
32.25,D-1_L-Asparagine,112
32.5,D-1_L-Asparagine,114
32.75,D-1_L-Asparagine,117
33.0,D-1_L-Asparagine,109
33.25,D-1_L-Asparagine,114
33.5,D-1_L-Asparagine,114
33.75,D-1_L-Asparagine,116
34.0,D-1_L-Asparagine,116
34.25,D-1_L-Asparagine,118
34.5,D-1_L-Asparagine,119
34.75,D-1_L-Asparagine,119
35.0,D-1_L-Asparagine,118
35.25,D-1_L-Asparagine,115
35.5,D-1_L-Asparagine,119
35.75,D-1_L-Asparagine,121
36.0,D-1_L-Asparagine,121
36.25,D-1_L-Asparagine,123
36.5,D-1_L-Asparagine,124
36.75,D-1_L-Asparagine,122
37.0,D-1_L-Asparagine,122
37.25,D-1_L-Asparagine,126
37.5,D-1_L-Asparagine,122
37.75,D-1_L-Asparagine,130
38.0,D-1_L-Asparagine,133
38.25,D-1_L-Asparagine,130
38.5,D-1_L-Asparagine,131
38.75,D-1_L-Asparagine,131
39.0,D-1_L-Asparagine,129
39.25,D-1_L-Asparagine,130
39.5,D-1_L-Asparagine,128
39.75,D-1_L-Asparagine,135
40.0,D-1_L-Asparagine,129
40.25,D-1_L-Asparagine,132
40.5,D-1_L-Asparagine,135
40.75,D-1_L-Asparagine,131
41.0,D-1_L-Asparagine,133
41.25,D-1_L-Asparagine,138
41.5,D-1_L-Asparagine,135
41.75,D-1_L-Asparagine,134
42.0,D-1_L-Asparagine,138
42.25,D-1_L-Asparagine,142
42.5,D-1_L-Asparagine,149
42.75,D-1_L-Asparagine,140
43.0,D-1_L-Asparagine,144
43.25,D-1_L-Asparagine,143
43.5,D-1_L-Asparagine,143
43.75,D-1_L-Asparagine,144
44.0,D-1_L-Asparagine,149
44.25,D-1_L-Asparagine,149
44.5,D-1_L-Asparagine,149
44.75,D-1_L-Asparagine,150
45.0,D-1_L-Asparagine,150
45.25,D-1_L-Asparagine,151
45.5,D-1_L-Asparagine,155
45.75,D-1_L-Asparagine,155
46.0,D-1_L-Asparagine,154
46.25,D-1_L-Asparagine,155
46.5,D-1_L-Asparagine,153
46.75,D-1_L-Asparagine,157
47.0,D-1_L-Asparagine,160
47.25,D-1_L-Asparagine,162
47.5,D-1_L-Asparagine,0
0.0,D2_D-Aspartic_Acid,39
0.25,D2_D-Aspartic_Acid,36
0.5,D2_D-Aspartic_Acid,17
0.75,D2_D-Aspartic_Acid,15
1.0,D2_D-Aspartic_Acid,20
1.25,D2_D-Aspartic_Acid,14
1.5,D2_D-Aspartic_Acid,18
1.75,D2_D-Aspartic_Acid,11
2.0,D2_D-Aspartic_Acid,18
2.25,D2_D-Aspartic_Acid,15
2.5,D2_D-Aspartic_Acid,16
2.75,D2_D-Aspartic_Acid,14
3.0,D2_D-Aspartic_Acid,17
3.25,D2_D-Aspartic_Acid,18
3.5,D2_D-Aspartic_Acid,17
3.75,D2_D-Aspartic_Acid,16
4.0,D2_D-Aspartic_Acid,13
4.25,D2_D-Aspartic_Acid,25
4.5,D2_D-Aspartic_Acid,20
4.75,D2_D-Aspartic_Acid,23
5.0,D2_D-Aspartic_Acid,24
5.25,D2_D-Aspartic_Acid,26
5.5,D2_D-Aspartic_Acid,23
5.75,D2_D-Aspartic_Acid,22
6.0,D2_D-Aspartic_Acid,21
6.25,D2_D-Aspartic_Acid,21
6.5,D2_D-Aspartic_Acid,24
6.75,D2_D-Aspartic_Acid,28
7.0,D2_D-Aspartic_Acid,21
7.25,D2_D-Aspartic_Acid,26
7.5,D2_D-Aspartic_Acid,25
7.75,D2_D-Aspartic_Acid,22
8.0,D2_D-Aspartic_Acid,24
8.25,D2_D-Aspartic_Acid,23
8.5,D2_D-Aspartic_Acid,21
8.75,D2_D-Aspartic_Acid,18
9.0,D2_D-Aspartic_Acid,29
9.25,D2_D-Aspartic_Acid,25
9.5,D2_D-Aspartic_Acid,23
9.75,D2_D-Aspartic_Acid,19
10.0,D2_D-Aspartic_Acid,21
10.25,D2_D-Aspartic_Acid,19
10.5,D2_D-Aspartic_Acid,23
10.75,D2_D-Aspartic_Acid,23
11.0,D2_D-Aspartic_Acid,21
11.25,D2_D-Aspartic_Acid,24
11.5,D2_D-Aspartic_Acid,22
11.75,D2_D-Aspartic_Acid,24
12.0,D2_D-Aspartic_Acid,20
12.25,D2_D-Aspartic_Acid,23
12.5,D2_D-Aspartic_Acid,18
12.75,D2_D-Aspartic_Acid,26
13.0,D2_D-Aspartic_Acid,30
13.25,D2_D-Aspartic_Acid,30
13.5,D2_D-Aspartic_Acid,26
13.75,D2_D-Aspartic_Acid,27
14.0,D2_D-Aspartic_Acid,27
14.25,D2_D-Aspartic_Acid,25
14.5,D2_D-Aspartic_Acid,27
14.75,D2_D-Aspartic_Acid,25
15.0,D2_D-Aspartic_Acid,22
15.25,D2_D-Aspartic_Acid,24
15.5,D2_D-Aspartic_Acid,30
15.75,D2_D-Aspartic_Acid,27
16.0,D2_D-Aspartic_Acid,23
16.25,D2_D-Aspartic_Acid,33
16.5,D2_D-Aspartic_Acid,23
16.75,D2_D-Aspartic_Acid,23
17.0,D2_D-Aspartic_Acid,27
17.25,D2_D-Aspartic_Acid,30
17.5,D2_D-Aspartic_Acid,26
17.75,D2_D-Aspartic_Acid,31
18.0,D2_D-Aspartic_Acid,30
18.25,D2_D-Aspartic_Acid,24
18.5,D2_D-Aspartic_Acid,25
18.75,D2_D-Aspartic_Acid,27
19.0,D2_D-Aspartic_Acid,26
19.25,D2_D-Aspartic_Acid,26
19.5,D2_D-Aspartic_Acid,25
19.75,D2_D-Aspartic_Acid,28
20.0,D2_D-Aspartic_Acid,25
20.25,D2_D-Aspartic_Acid,26
20.5,D2_D-Aspartic_Acid,27
20.75,D2_D-Aspartic_Acid,27
21.0,D2_D-Aspartic_Acid,21
21.25,D2_D-Aspartic_Acid,25
21.5,D2_D-Aspartic_Acid,28
21.75,D2_D-Aspartic_Acid,26
22.0,D2_D-Aspartic_Acid,22
22.25,D2_D-Aspartic_Acid,27
22.5,D2_D-Aspartic_Acid,21
22.75,D2_D-Aspartic_Acid,23
23.0,D2_D-Aspartic_Acid,26
23.25,D2_D-Aspartic_Acid,26
23.5,D2_D-Aspartic_Acid,28
23.75,D2_D-Aspartic_Acid,26
24.0,D2_D-Aspartic_Acid,26
24.25,D2_D-Aspartic_Acid,28
24.5,D2_D-Aspartic_Acid,30
24.75,D2_D-Aspartic_Acid,30
25.0,D2_D-Aspartic_Acid,28
25.25,D2_D-Aspartic_Acid,24
25.5,D2_D-Aspartic_Acid,26
25.75,D2_D-Aspartic_Acid,25
26.0,D2_D-Aspartic_Acid,26
26.25,D2_D-Aspartic_Acid,26
26.5,D2_D-Aspartic_Acid,24
26.75,D2_D-Aspartic_Acid,30
27.0,D2_D-Aspartic_Acid,27
27.25,D2_D-Aspartic_Acid,33
27.5,D2_D-Aspartic_Acid,29
27.75,D2_D-Aspartic_Acid,27
28.0,D2_D-Aspartic_Acid,30
28.25,D2_D-Aspartic_Acid,26
28.5,D2_D-Aspartic_Acid,27
28.75,D2_D-Aspartic_Acid,29
29.0,D2_D-Aspartic_Acid,28
29.25,D2_D-Aspartic_Acid,28
29.5,D2_D-Aspartic_Acid,23
29.75,D2_D-Aspartic_Acid,25
30.0,D2_D-Aspartic_Acid,27
30.25,D2_D-Aspartic_Acid,29
30.5,D2_D-Aspartic_Acid,29
30.75,D2_D-Aspartic_Acid,32
31.0,D2_D-Aspartic_Acid,33
31.25,D2_D-Aspartic_Acid,34
31.5,D2_D-Aspartic_Acid,29
31.75,D2_D-Aspartic_Acid,27
32.0,D2_D-Aspartic_Acid,29
32.25,D2_D-Aspartic_Acid,29
32.5,D2_D-Aspartic_Acid,29
32.75,D2_D-Aspartic_Acid,32
33.0,D2_D-Aspartic_Acid,31
33.25,D2_D-Aspartic_Acid,29
33.5,D2_D-Aspartic_Acid,27
33.75,D2_D-Aspartic_Acid,29
34.0,D2_D-Aspartic_Acid,28
34.25,D2_D-Aspartic_Acid,27
34.5,D2_D-Aspartic_Acid,24
34.75,D2_D-Aspartic_Acid,30
35.0,D2_D-Aspartic_Acid,28
35.25,D2_D-Aspartic_Acid,31
35.5,D2_D-Aspartic_Acid,30
35.75,D2_D-Aspartic_Acid,26
36.0,D2_D-Aspartic_Acid,28
36.25,D2_D-Aspartic_Acid,34
36.5,D2_D-Aspartic_Acid,33
36.75,D2_D-Aspartic_Acid,29
37.0,D2_D-Aspartic_Acid,34
37.25,D2_D-Aspartic_Acid,27
37.5,D2_D-Aspartic_Acid,31
37.75,D2_D-Aspartic_Acid,30
38.0,D2_D-Aspartic_Acid,34
38.25,D2_D-Aspartic_Acid,31
38.5,D2_D-Aspartic_Acid,29
38.75,D2_D-Aspartic_Acid,26
39.0,D2_D-Aspartic_Acid,27
39.25,D2_D-Aspartic_Acid,27
39.5,D2_D-Aspartic_Acid,28
39.75,D2_D-Aspartic_Acid,29
40.0,D2_D-Aspartic_Acid,37
40.25,D2_D-Aspartic_Acid,27
40.5,D2_D-Aspartic_Acid,30
40.75,D2_D-Aspartic_Acid,28
41.0,D2_D-Aspartic_Acid,28
41.25,D2_D-Aspartic_Acid,34
41.5,D2_D-Aspartic_Acid,34
41.75,D2_D-Aspartic_Acid,29
42.0,D2_D-Aspartic_Acid,33
42.25,D2_D-Aspartic_Acid,30
42.5,D2_D-Aspartic_Acid,34
42.75,D2_D-Aspartic_Acid,33
43.0,D2_D-Aspartic_Acid,32
43.25,D2_D-Aspartic_Acid,35
43.5,D2_D-Aspartic_Acid,28
43.75,D2_D-Aspartic_Acid,30
44.0,D2_D-Aspartic_Acid,33
44.25,D2_D-Aspartic_Acid,30
44.5,D2_D-Aspartic_Acid,36
44.75,D2_D-Aspartic_Acid,27
45.0,D2_D-Aspartic_Acid,28
45.25,D2_D-Aspartic_Acid,33
45.5,D2_D-Aspartic_Acid,31
45.75,D2_D-Aspartic_Acid,35
46.0,D2_D-Aspartic_Acid,30
46.25,D2_D-Aspartic_Acid,38
46.5,D2_D-Aspartic_Acid,33
46.75,D2_D-Aspartic_Acid,32
47.0,D2_D-Aspartic_Acid,36
47.25,D2_D-Aspartic_Acid,40
47.5,D2_D-Aspartic_Acid,0
0.0,D3_D-Glucosaminic_Acid,36
0.25,D3_D-Glucosaminic_Acid,45
0.5,D3_D-Glucosaminic_Acid,34
0.75,D3_D-Glucosaminic_Acid,26
1.0,D3_D-Glucosaminic_Acid,19
1.25,D3_D-Glucosaminic_Acid,14
1.5,D3_D-Glucosaminic_Acid,18
1.75,D3_D-Glucosaminic_Acid,19
2.0,D3_D-Glucosaminic_Acid,11
2.25,D3_D-Glucosaminic_Acid,14
2.5,D3_D-Glucosaminic_Acid,16
2.75,D3_D-Glucosaminic_Acid,15
3.0,D3_D-Glucosaminic_Acid,19
3.25,D3_D-Glucosaminic_Acid,18
3.5,D3_D-Glucosaminic_Acid,24
3.75,D3_D-Glucosaminic_Acid,20
4.0,D3_D-Glucosaminic_Acid,21
4.25,D3_D-Glucosaminic_Acid,25
4.5,D3_D-Glucosaminic_Acid,24
4.75,D3_D-Glucosaminic_Acid,21
5.0,D3_D-Glucosaminic_Acid,24
5.25,D3_D-Glucosaminic_Acid,25
5.5,D3_D-Glucosaminic_Acid,27
5.75,D3_D-Glucosaminic_Acid,30
6.0,D3_D-Glucosaminic_Acid,34
6.25,D3_D-Glucosaminic_Acid,35
6.5,D3_D-Glucosaminic_Acid,41
6.75,D3_D-Glucosaminic_Acid,44
7.0,D3_D-Glucosaminic_Acid,48
7.25,D3_D-Glucosaminic_Acid,51
7.5,D3_D-Glucosaminic_Acid,51
7.75,D3_D-Glucosaminic_Acid,58
8.0,D3_D-Glucosaminic_Acid,65
8.25,D3_D-Glucosaminic_Acid,61
8.5,D3_D-Glucosaminic_Acid,72
8.75,D3_D-Glucosaminic_Acid,77
9.0,D3_D-Glucosaminic_Acid,73
9.25,D3_D-Glucosaminic_Acid,81
9.5,D3_D-Glucosaminic_Acid,87
9.75,D3_D-Glucosaminic_Acid,93
10.0,D3_D-Glucosaminic_Acid,95
10.25,D3_D-Glucosaminic_Acid,100
10.5,D3_D-Glucosaminic_Acid,108
10.75,D3_D-Glucosaminic_Acid,117
11.0,D3_D-Glucosaminic_Acid,123
11.25,D3_D-Glucosaminic_Acid,125
11.5,D3_D-Glucosaminic_Acid,133
11.75,D3_D-Glucosaminic_Acid,135
12.0,D3_D-Glucosaminic_Acid,143
12.25,D3_D-Glucosaminic_Acid,143
12.5,D3_D-Glucosaminic_Acid,156
12.75,D3_D-Glucosaminic_Acid,158
13.0,D3_D-Glucosaminic_Acid,163
13.25,D3_D-Glucosaminic_Acid,168
13.5,D3_D-Glucosaminic_Acid,174
13.75,D3_D-Glucosaminic_Acid,173
14.0,D3_D-Glucosaminic_Acid,180
14.25,D3_D-Glucosaminic_Acid,182
14.5,D3_D-Glucosaminic_Acid,187
14.75,D3_D-Glucosaminic_Acid,191
15.0,D3_D-Glucosaminic_Acid,194
15.25,D3_D-Glucosaminic_Acid,200
15.5,D3_D-Glucosaminic_Acid,202
15.75,D3_D-Glucosaminic_Acid,203
16.0,D3_D-Glucosaminic_Acid,209
16.25,D3_D-Glucosaminic_Acid,213
16.5,D3_D-Glucosaminic_Acid,218
16.75,D3_D-Glucosaminic_Acid,219
17.0,D3_D-Glucosaminic_Acid,216
17.25,D3_D-Glucosaminic_Acid,222
17.5,D3_D-Glucosaminic_Acid,223
17.75,D3_D-Glucosaminic_Acid,227
18.0,D3_D-Glucosaminic_Acid,228
18.25,D3_D-Glucosaminic_Acid,233
18.5,D3_D-Glucosaminic_Acid,234
18.75,D3_D-Glucosaminic_Acid,234
19.0,D3_D-Glucosaminic_Acid,235
19.25,D3_D-Glucosaminic_Acid,236
19.5,D3_D-Glucosaminic_Acid,238
19.75,D3_D-Glucosaminic_Acid,244
20.0,D3_D-Glucosaminic_Acid,242
20.25,D3_D-Glucosaminic_Acid,247
20.5,D3_D-Glucosaminic_Acid,251
20.75,D3_D-Glucosaminic_Acid,251
21.0,D3_D-Glucosaminic_Acid,253
21.25,D3_D-Glucosaminic_Acid,252
21.5,D3_D-Glucosaminic_Acid,254
21.75,D3_D-Glucosaminic_Acid,252
22.0,D3_D-Glucosaminic_Acid,252
22.25,D3_D-Glucosaminic_Acid,255
22.5,D3_D-Glucosaminic_Acid,255
22.75,D3_D-Glucosaminic_Acid,252
23.0,D3_D-Glucosaminic_Acid,258
23.25,D3_D-Glucosaminic_Acid,257
23.5,D3_D-Glucosaminic_Acid,256
23.75,D3_D-Glucosaminic_Acid,264
24.0,D3_D-Glucosaminic_Acid,259
24.25,D3_D-Glucosaminic_Acid,260
24.5,D3_D-Glucosaminic_Acid,260
24.75,D3_D-Glucosaminic_Acid,264
25.0,D3_D-Glucosaminic_Acid,262
25.25,D3_D-Glucosaminic_Acid,265
25.5,D3_D-Glucosaminic_Acid,268
25.75,D3_D-Glucosaminic_Acid,264
26.0,D3_D-Glucosaminic_Acid,267
26.25,D3_D-Glucosaminic_Acid,265
26.5,D3_D-Glucosaminic_Acid,268
26.75,D3_D-Glucosaminic_Acid,266
27.0,D3_D-Glucosaminic_Acid,270
27.25,D3_D-Glucosaminic_Acid,273
27.5,D3_D-Glucosaminic_Acid,273
27.75,D3_D-Glucosaminic_Acid,271
28.0,D3_D-Glucosaminic_Acid,271
28.25,D3_D-Glucosaminic_Acid,274
28.5,D3_D-Glucosaminic_Acid,273
28.75,D3_D-Glucosaminic_Acid,273
29.0,D3_D-Glucosaminic_Acid,274
29.25,D3_D-Glucosaminic_Acid,272
29.5,D3_D-Glucosaminic_Acid,274
29.75,D3_D-Glucosaminic_Acid,275
30.0,D3_D-Glucosaminic_Acid,273
30.25,D3_D-Glucosaminic_Acid,275
30.5,D3_D-Glucosaminic_Acid,275
30.75,D3_D-Glucosaminic_Acid,273
31.0,D3_D-Glucosaminic_Acid,274
31.25,D3_D-Glucosaminic_Acid,272
31.5,D3_D-Glucosaminic_Acid,277
31.75,D3_D-Glucosaminic_Acid,274
32.0,D3_D-Glucosaminic_Acid,275
32.25,D3_D-Glucosaminic_Acid,277
32.5,D3_D-Glucosaminic_Acid,273
32.75,D3_D-Glucosaminic_Acid,274
33.0,D3_D-Glucosaminic_Acid,273
33.25,D3_D-Glucosaminic_Acid,274
33.5,D3_D-Glucosaminic_Acid,276
33.75,D3_D-Glucosaminic_Acid,273
34.0,D3_D-Glucosaminic_Acid,275
34.25,D3_D-Glucosaminic_Acid,273
34.5,D3_D-Glucosaminic_Acid,275
34.75,D3_D-Glucosaminic_Acid,275
35.0,D3_D-Glucosaminic_Acid,276
35.25,D3_D-Glucosaminic_Acid,271
35.5,D3_D-Glucosaminic_Acid,273
35.75,D3_D-Glucosaminic_Acid,275
36.0,D3_D-Glucosaminic_Acid,271
36.25,D3_D-Glucosaminic_Acid,272
36.5,D3_D-Glucosaminic_Acid,274
36.75,D3_D-Glucosaminic_Acid,272
37.0,D3_D-Glucosaminic_Acid,276
37.25,D3_D-Glucosaminic_Acid,273
37.5,D3_D-Glucosaminic_Acid,273
37.75,D3_D-Glucosaminic_Acid,273
38.0,D3_D-Glucosaminic_Acid,278
38.25,D3_D-Glucosaminic_Acid,277
38.5,D3_D-Glucosaminic_Acid,274
38.75,D3_D-Glucosaminic_Acid,279
39.0,D3_D-Glucosaminic_Acid,271
39.25,D3_D-Glucosaminic_Acid,276
39.5,D3_D-Glucosaminic_Acid,274
39.75,D3_D-Glucosaminic_Acid,273
40.0,D3_D-Glucosaminic_Acid,273
40.25,D3_D-Glucosaminic_Acid,271
40.5,D3_D-Glucosaminic_Acid,273
40.75,D3_D-Glucosaminic_Acid,275
41.0,D3_D-Glucosaminic_Acid,270
41.25,D3_D-Glucosaminic_Acid,272
41.5,D3_D-Glucosaminic_Acid,274
41.75,D3_D-Glucosaminic_Acid,269
42.0,D3_D-Glucosaminic_Acid,273
42.25,D3_D-Glucosaminic_Acid,269
42.5,D3_D-Glucosaminic_Acid,274
42.75,D3_D-Glucosaminic_Acid,270
43.0,D3_D-Glucosaminic_Acid,275
43.25,D3_D-Glucosaminic_Acid,273
43.5,D3_D-Glucosaminic_Acid,274
43.75,D3_D-Glucosaminic_Acid,273
44.0,D3_D-Glucosaminic_Acid,274
44.25,D3_D-Glucosaminic_Acid,274
44.5,D3_D-Glucosaminic_Acid,274
44.75,D3_D-Glucosaminic_Acid,271
45.0,D3_D-Glucosaminic_Acid,271
45.25,D3_D-Glucosaminic_Acid,268
45.5,D3_D-Glucosaminic_Acid,270
45.75,D3_D-Glucosaminic_Acid,268
46.0,D3_D-Glucosaminic_Acid,269
46.25,D3_D-Glucosaminic_Acid,269
46.5,D3_D-Glucosaminic_Acid,262
46.75,D3_D-Glucosaminic_Acid,263
47.0,D3_D-Glucosaminic_Acid,265
47.25,D3_D-Glucosaminic_Acid,264
47.5,D3_D-Glucosaminic_Acid,0
0.0,D4_1-2-Propanediol,11
0.25,D4_1-2-Propanediol,20
0.5,D4_1-2-Propanediol,22
0.75,D4_1-2-Propanediol,26
1.0,D4_1-2-Propanediol,25
1.25,D4_1-2-Propanediol,23
1.5,D4_1-2-Propanediol,22
1.75,D4_1-2-Propanediol,19
2.0,D4_1-2-Propanediol,27
2.25,D4_1-2-Propanediol,24
2.5,D4_1-2-Propanediol,20
2.75,D4_1-2-Propanediol,21
3.0,D4_1-2-Propanediol,22
3.25,D4_1-2-Propanediol,20
3.5,D4_1-2-Propanediol,18
3.75,D4_1-2-Propanediol,21
4.0,D4_1-2-Propanediol,18
4.25,D4_1-2-Propanediol,19
4.5,D4_1-2-Propanediol,13
4.75,D4_1-2-Propanediol,19
5.0,D4_1-2-Propanediol,19
5.25,D4_1-2-Propanediol,19
5.5,D4_1-2-Propanediol,17
5.75,D4_1-2-Propanediol,18
6.0,D4_1-2-Propanediol,15
6.25,D4_1-2-Propanediol,20
6.5,D4_1-2-Propanediol,23
6.75,D4_1-2-Propanediol,24
7.0,D4_1-2-Propanediol,26
7.25,D4_1-2-Propanediol,28
7.5,D4_1-2-Propanediol,28
7.75,D4_1-2-Propanediol,26
8.0,D4_1-2-Propanediol,26
8.25,D4_1-2-Propanediol,23
8.5,D4_1-2-Propanediol,26
8.75,D4_1-2-Propanediol,26
9.0,D4_1-2-Propanediol,24
9.25,D4_1-2-Propanediol,24
9.5,D4_1-2-Propanediol,27
9.75,D4_1-2-Propanediol,28
10.0,D4_1-2-Propanediol,30
10.25,D4_1-2-Propanediol,30
10.5,D4_1-2-Propanediol,29
10.75,D4_1-2-Propanediol,28
11.0,D4_1-2-Propanediol,28
11.25,D4_1-2-Propanediol,32
11.5,D4_1-2-Propanediol,31
11.75,D4_1-2-Propanediol,31
12.0,D4_1-2-Propanediol,26
12.25,D4_1-2-Propanediol,29
12.5,D4_1-2-Propanediol,27
12.75,D4_1-2-Propanediol,30
13.0,D4_1-2-Propanediol,29
13.25,D4_1-2-Propanediol,34
13.5,D4_1-2-Propanediol,33
13.75,D4_1-2-Propanediol,29
14.0,D4_1-2-Propanediol,28
14.25,D4_1-2-Propanediol,32
14.5,D4_1-2-Propanediol,31
14.75,D4_1-2-Propanediol,30
15.0,D4_1-2-Propanediol,32
15.25,D4_1-2-Propanediol,34
15.5,D4_1-2-Propanediol,30
15.75,D4_1-2-Propanediol,30
16.0,D4_1-2-Propanediol,35
16.25,D4_1-2-Propanediol,36
16.5,D4_1-2-Propanediol,33
16.75,D4_1-2-Propanediol,33
17.0,D4_1-2-Propanediol,35
17.25,D4_1-2-Propanediol,36
17.5,D4_1-2-Propanediol,34
17.75,D4_1-2-Propanediol,32
18.0,D4_1-2-Propanediol,35
18.25,D4_1-2-Propanediol,33
18.5,D4_1-2-Propanediol,38
18.75,D4_1-2-Propanediol,35
19.0,D4_1-2-Propanediol,38
19.25,D4_1-2-Propanediol,40
19.5,D4_1-2-Propanediol,34
19.75,D4_1-2-Propanediol,34
20.0,D4_1-2-Propanediol,35
20.25,D4_1-2-Propanediol,34
20.5,D4_1-2-Propanediol,37
20.75,D4_1-2-Propanediol,37
21.0,D4_1-2-Propanediol,34
21.25,D4_1-2-Propanediol,34
21.5,D4_1-2-Propanediol,35
21.75,D4_1-2-Propanediol,30
22.0,D4_1-2-Propanediol,34
22.25,D4_1-2-Propanediol,31
22.5,D4_1-2-Propanediol,34
22.75,D4_1-2-Propanediol,35
23.0,D4_1-2-Propanediol,40
23.25,D4_1-2-Propanediol,36
23.5,D4_1-2-Propanediol,36
23.75,D4_1-2-Propanediol,36
24.0,D4_1-2-Propanediol,34
24.25,D4_1-2-Propanediol,33
24.5,D4_1-2-Propanediol,31
24.75,D4_1-2-Propanediol,35
25.0,D4_1-2-Propanediol,32
25.25,D4_1-2-Propanediol,33
25.5,D4_1-2-Propanediol,36
25.75,D4_1-2-Propanediol,39
26.0,D4_1-2-Propanediol,35
26.25,D4_1-2-Propanediol,36
26.5,D4_1-2-Propanediol,35
26.75,D4_1-2-Propanediol,38
27.0,D4_1-2-Propanediol,37
27.25,D4_1-2-Propanediol,35
27.5,D4_1-2-Propanediol,39
27.75,D4_1-2-Propanediol,34
28.0,D4_1-2-Propanediol,37
28.25,D4_1-2-Propanediol,38
28.5,D4_1-2-Propanediol,40
28.75,D4_1-2-Propanediol,39
29.0,D4_1-2-Propanediol,39
29.25,D4_1-2-Propanediol,37
29.5,D4_1-2-Propanediol,38
29.75,D4_1-2-Propanediol,40
30.0,D4_1-2-Propanediol,34
30.25,D4_1-2-Propanediol,33
30.5,D4_1-2-Propanediol,35
30.75,D4_1-2-Propanediol,40
31.0,D4_1-2-Propanediol,39
31.25,D4_1-2-Propanediol,37
31.5,D4_1-2-Propanediol,39
31.75,D4_1-2-Propanediol,34
32.0,D4_1-2-Propanediol,36
32.25,D4_1-2-Propanediol,34
32.5,D4_1-2-Propanediol,37
32.75,D4_1-2-Propanediol,38
33.0,D4_1-2-Propanediol,35
33.25,D4_1-2-Propanediol,35
33.5,D4_1-2-Propanediol,36
33.75,D4_1-2-Propanediol,37
34.0,D4_1-2-Propanediol,37
34.25,D4_1-2-Propanediol,41
34.5,D4_1-2-Propanediol,37
34.75,D4_1-2-Propanediol,35
35.0,D4_1-2-Propanediol,34
35.25,D4_1-2-Propanediol,32
35.5,D4_1-2-Propanediol,36
35.75,D4_1-2-Propanediol,36
36.0,D4_1-2-Propanediol,38
36.25,D4_1-2-Propanediol,37
36.5,D4_1-2-Propanediol,40
36.75,D4_1-2-Propanediol,37
37.0,D4_1-2-Propanediol,36
37.25,D4_1-2-Propanediol,36
37.5,D4_1-2-Propanediol,33
37.75,D4_1-2-Propanediol,36
38.0,D4_1-2-Propanediol,40
38.25,D4_1-2-Propanediol,36
38.5,D4_1-2-Propanediol,39
38.75,D4_1-2-Propanediol,38
39.0,D4_1-2-Propanediol,36
39.25,D4_1-2-Propanediol,34
39.5,D4_1-2-Propanediol,35
39.75,D4_1-2-Propanediol,36
40.0,D4_1-2-Propanediol,34
40.25,D4_1-2-Propanediol,36
40.5,D4_1-2-Propanediol,35
40.75,D4_1-2-Propanediol,36
41.0,D4_1-2-Propanediol,36
41.25,D4_1-2-Propanediol,36
41.5,D4_1-2-Propanediol,40
41.75,D4_1-2-Propanediol,34
42.0,D4_1-2-Propanediol,34
42.25,D4_1-2-Propanediol,36
42.5,D4_1-2-Propanediol,41
42.75,D4_1-2-Propanediol,36
43.0,D4_1-2-Propanediol,37
43.25,D4_1-2-Propanediol,40
43.5,D4_1-2-Propanediol,34
43.75,D4_1-2-Propanediol,36
44.0,D4_1-2-Propanediol,36
44.25,D4_1-2-Propanediol,34
44.5,D4_1-2-Propanediol,39
44.75,D4_1-2-Propanediol,37
45.0,D4_1-2-Propanediol,39
45.25,D4_1-2-Propanediol,36
45.5,D4_1-2-Propanediol,38
45.75,D4_1-2-Propanediol,36
46.0,D4_1-2-Propanediol,42
46.25,D4_1-2-Propanediol,34
46.5,D4_1-2-Propanediol,35
46.75,D4_1-2-Propanediol,30
47.0,D4_1-2-Propanediol,37
47.25,D4_1-2-Propanediol,35
47.5,D4_1-2-Propanediol,0
0.0,D5_Tween_40,13
0.25,D5_Tween_40,11
0.5,D5_Tween_40,11
0.75,D5_Tween_40,11
1.0,D5_Tween_40,11
1.25,D5_Tween_40,11
1.5,D5_Tween_40,13
1.75,D5_Tween_40,11
2.0,D5_Tween_40,11
2.25,D5_Tween_40,11
2.5,D5_Tween_40,11
2.75,D5_Tween_40,11
3.0,D5_Tween_40,11
3.25,D5_Tween_40,11
3.5,D5_Tween_40,11
3.75,D5_Tween_40,11
4.0,D5_Tween_40,11
4.25,D5_Tween_40,12
4.5,D5_Tween_40,14
4.75,D5_Tween_40,12
5.0,D5_Tween_40,13
5.25,D5_Tween_40,15
5.5,D5_Tween_40,13
5.75,D5_Tween_40,18
6.0,D5_Tween_40,19
6.25,D5_Tween_40,18
6.5,D5_Tween_40,18
6.75,D5_Tween_40,23
7.0,D5_Tween_40,28
7.25,D5_Tween_40,28
7.5,D5_Tween_40,32
7.75,D5_Tween_40,29
8.0,D5_Tween_40,35
8.25,D5_Tween_40,34
8.5,D5_Tween_40,40
8.75,D5_Tween_40,40
9.0,D5_Tween_40,40
9.25,D5_Tween_40,43
9.5,D5_Tween_40,43
9.75,D5_Tween_40,49
10.0,D5_Tween_40,45
10.25,D5_Tween_40,50
10.5,D5_Tween_40,54
10.75,D5_Tween_40,58
11.0,D5_Tween_40,61
11.25,D5_Tween_40,59
11.5,D5_Tween_40,64
11.75,D5_Tween_40,65
12.0,D5_Tween_40,71
12.25,D5_Tween_40,71
12.5,D5_Tween_40,71
12.75,D5_Tween_40,75
13.0,D5_Tween_40,76
13.25,D5_Tween_40,79
13.5,D5_Tween_40,84
13.75,D5_Tween_40,92
14.0,D5_Tween_40,90
14.25,D5_Tween_40,97
14.5,D5_Tween_40,100
14.75,D5_Tween_40,100
15.0,D5_Tween_40,104
15.25,D5_Tween_40,110
15.5,D5_Tween_40,113
15.75,D5_Tween_40,111
16.0,D5_Tween_40,119
16.25,D5_Tween_40,123
16.5,D5_Tween_40,127
16.75,D5_Tween_40,125
17.0,D5_Tween_40,128
17.25,D5_Tween_40,129
17.5,D5_Tween_40,129
17.75,D5_Tween_40,130
18.0,D5_Tween_40,138
18.25,D5_Tween_40,144
18.5,D5_Tween_40,144
18.75,D5_Tween_40,149
19.0,D5_Tween_40,149
19.25,D5_Tween_40,154
19.5,D5_Tween_40,150
19.75,D5_Tween_40,155
20.0,D5_Tween_40,156
20.25,D5_Tween_40,157
20.5,D5_Tween_40,157
20.75,D5_Tween_40,164
21.0,D5_Tween_40,161
21.25,D5_Tween_40,164
21.5,D5_Tween_40,167
21.75,D5_Tween_40,170
22.0,D5_Tween_40,170
22.25,D5_Tween_40,173
22.5,D5_Tween_40,173
22.75,D5_Tween_40,175
23.0,D5_Tween_40,178
23.25,D5_Tween_40,178
23.5,D5_Tween_40,176
23.75,D5_Tween_40,180
24.0,D5_Tween_40,180
24.25,D5_Tween_40,179
24.5,D5_Tween_40,185
24.75,D5_Tween_40,183
25.0,D5_Tween_40,183
25.25,D5_Tween_40,180
25.5,D5_Tween_40,187
25.75,D5_Tween_40,185
26.0,D5_Tween_40,187
26.25,D5_Tween_40,188
26.5,D5_Tween_40,185
26.75,D5_Tween_40,189
27.0,D5_Tween_40,191
27.25,D5_Tween_40,187
27.5,D5_Tween_40,188
27.75,D5_Tween_40,192
28.0,D5_Tween_40,192
28.25,D5_Tween_40,190
28.5,D5_Tween_40,190
28.75,D5_Tween_40,194
29.0,D5_Tween_40,195
29.25,D5_Tween_40,192
29.5,D5_Tween_40,193
29.75,D5_Tween_40,194
30.0,D5_Tween_40,192
30.25,D5_Tween_40,194
30.5,D5_Tween_40,196
30.75,D5_Tween_40,198
31.0,D5_Tween_40,196
31.25,D5_Tween_40,192
31.5,D5_Tween_40,191
31.75,D5_Tween_40,193
32.0,D5_Tween_40,193
32.25,D5_Tween_40,196
32.5,D5_Tween_40,191
32.75,D5_Tween_40,194
33.0,D5_Tween_40,195
33.25,D5_Tween_40,194
33.5,D5_Tween_40,196
33.75,D5_Tween_40,196
34.0,D5_Tween_40,193
34.25,D5_Tween_40,193
34.5,D5_Tween_40,195
34.75,D5_Tween_40,197
35.0,D5_Tween_40,195
35.25,D5_Tween_40,195
35.5,D5_Tween_40,193
35.75,D5_Tween_40,194
36.0,D5_Tween_40,191
36.25,D5_Tween_40,199
36.5,D5_Tween_40,199
36.75,D5_Tween_40,196
37.0,D5_Tween_40,193
37.25,D5_Tween_40,196
37.5,D5_Tween_40,199
37.75,D5_Tween_40,198
38.0,D5_Tween_40,198
38.25,D5_Tween_40,198
38.5,D5_Tween_40,191
38.75,D5_Tween_40,195
39.0,D5_Tween_40,197
39.25,D5_Tween_40,197
39.5,D5_Tween_40,194
39.75,D5_Tween_40,191
40.0,D5_Tween_40,193
40.25,D5_Tween_40,193
40.5,D5_Tween_40,198
40.75,D5_Tween_40,194
41.0,D5_Tween_40,193
41.25,D5_Tween_40,194
41.5,D5_Tween_40,197
41.75,D5_Tween_40,191
42.0,D5_Tween_40,191
42.25,D5_Tween_40,196
42.5,D5_Tween_40,195
42.75,D5_Tween_40,195
43.0,D5_Tween_40,196
43.25,D5_Tween_40,196
43.5,D5_Tween_40,191
43.75,D5_Tween_40,192
44.0,D5_Tween_40,197
44.25,D5_Tween_40,192
44.5,D5_Tween_40,196
44.75,D5_Tween_40,196
45.0,D5_Tween_40,193
45.25,D5_Tween_40,189
45.5,D5_Tween_40,190
45.75,D5_Tween_40,192
46.0,D5_Tween_40,192
46.25,D5_Tween_40,192
46.5,D5_Tween_40,191
46.75,D5_Tween_40,190
47.0,D5_Tween_40,191
47.25,D5_Tween_40,191
47.5,D5_Tween_40,0
0.0,D6_a-Keto-Glutaric_Acid,11
0.25,D6_a-Keto-Glutaric_Acid,11
0.5,D6_a-Keto-Glutaric_Acid,11
0.75,D6_a-Keto-Glutaric_Acid,11
1.0,D6_a-Keto-Glutaric_Acid,11
1.25,D6_a-Keto-Glutaric_Acid,11
1.5,D6_a-Keto-Glutaric_Acid,11
1.75,D6_a-Keto-Glutaric_Acid,11
2.0,D6_a-Keto-Glutaric_Acid,11
2.25,D6_a-Keto-Glutaric_Acid,11
2.5,D6_a-Keto-Glutaric_Acid,11
2.75,D6_a-Keto-Glutaric_Acid,11
3.0,D6_a-Keto-Glutaric_Acid,11
3.25,D6_a-Keto-Glutaric_Acid,11
3.5,D6_a-Keto-Glutaric_Acid,11
3.75,D6_a-Keto-Glutaric_Acid,11
4.0,D6_a-Keto-Glutaric_Acid,11
4.25,D6_a-Keto-Glutaric_Acid,12
4.5,D6_a-Keto-Glutaric_Acid,11
4.75,D6_a-Keto-Glutaric_Acid,17
5.0,D6_a-Keto-Glutaric_Acid,17
5.25,D6_a-Keto-Glutaric_Acid,16
5.5,D6_a-Keto-Glutaric_Acid,12
5.75,D6_a-Keto-Glutaric_Acid,18
6.0,D6_a-Keto-Glutaric_Acid,15
6.25,D6_a-Keto-Glutaric_Acid,19
6.5,D6_a-Keto-Glutaric_Acid,20
6.75,D6_a-Keto-Glutaric_Acid,22
7.0,D6_a-Keto-Glutaric_Acid,26
7.25,D6_a-Keto-Glutaric_Acid,21
7.5,D6_a-Keto-Glutaric_Acid,25
7.75,D6_a-Keto-Glutaric_Acid,28
8.0,D6_a-Keto-Glutaric_Acid,24
8.25,D6_a-Keto-Glutaric_Acid,21
8.5,D6_a-Keto-Glutaric_Acid,23
8.75,D6_a-Keto-Glutaric_Acid,26
9.0,D6_a-Keto-Glutaric_Acid,26
9.25,D6_a-Keto-Glutaric_Acid,22
9.5,D6_a-Keto-Glutaric_Acid,29
9.75,D6_a-Keto-Glutaric_Acid,27
10.0,D6_a-Keto-Glutaric_Acid,29
10.25,D6_a-Keto-Glutaric_Acid,29
10.5,D6_a-Keto-Glutaric_Acid,30
10.75,D6_a-Keto-Glutaric_Acid,29
11.0,D6_a-Keto-Glutaric_Acid,31
11.25,D6_a-Keto-Glutaric_Acid,30
11.5,D6_a-Keto-Glutaric_Acid,30
11.75,D6_a-Keto-Glutaric_Acid,28
12.0,D6_a-Keto-Glutaric_Acid,32
12.25,D6_a-Keto-Glutaric_Acid,32
12.5,D6_a-Keto-Glutaric_Acid,30
12.75,D6_a-Keto-Glutaric_Acid,34
13.0,D6_a-Keto-Glutaric_Acid,33
13.25,D6_a-Keto-Glutaric_Acid,33
13.5,D6_a-Keto-Glutaric_Acid,33
13.75,D6_a-Keto-Glutaric_Acid,36
14.0,D6_a-Keto-Glutaric_Acid,33
14.25,D6_a-Keto-Glutaric_Acid,40
14.5,D6_a-Keto-Glutaric_Acid,38
14.75,D6_a-Keto-Glutaric_Acid,38
15.0,D6_a-Keto-Glutaric_Acid,35
15.25,D6_a-Keto-Glutaric_Acid,39
15.5,D6_a-Keto-Glutaric_Acid,41
15.75,D6_a-Keto-Glutaric_Acid,41
16.0,D6_a-Keto-Glutaric_Acid,42
16.25,D6_a-Keto-Glutaric_Acid,40
16.5,D6_a-Keto-Glutaric_Acid,45
16.75,D6_a-Keto-Glutaric_Acid,43
17.0,D6_a-Keto-Glutaric_Acid,46
17.25,D6_a-Keto-Glutaric_Acid,46
17.5,D6_a-Keto-Glutaric_Acid,44
17.75,D6_a-Keto-Glutaric_Acid,45
18.0,D6_a-Keto-Glutaric_Acid,49
18.25,D6_a-Keto-Glutaric_Acid,46
18.5,D6_a-Keto-Glutaric_Acid,54
18.75,D6_a-Keto-Glutaric_Acid,48
19.0,D6_a-Keto-Glutaric_Acid,47
19.25,D6_a-Keto-Glutaric_Acid,51
19.5,D6_a-Keto-Glutaric_Acid,49
19.75,D6_a-Keto-Glutaric_Acid,55
20.0,D6_a-Keto-Glutaric_Acid,51
20.25,D6_a-Keto-Glutaric_Acid,53
20.5,D6_a-Keto-Glutaric_Acid,54
20.75,D6_a-Keto-Glutaric_Acid,54
21.0,D6_a-Keto-Glutaric_Acid,57
21.25,D6_a-Keto-Glutaric_Acid,54
21.5,D6_a-Keto-Glutaric_Acid,58
21.75,D6_a-Keto-Glutaric_Acid,57
22.0,D6_a-Keto-Glutaric_Acid,58
22.25,D6_a-Keto-Glutaric_Acid,62
22.5,D6_a-Keto-Glutaric_Acid,64
22.75,D6_a-Keto-Glutaric_Acid,60
23.0,D6_a-Keto-Glutaric_Acid,60
23.25,D6_a-Keto-Glutaric_Acid,59
23.5,D6_a-Keto-Glutaric_Acid,61
23.75,D6_a-Keto-Glutaric_Acid,62
24.0,D6_a-Keto-Glutaric_Acid,63
24.25,D6_a-Keto-Glutaric_Acid,61
24.5,D6_a-Keto-Glutaric_Acid,61
24.75,D6_a-Keto-Glutaric_Acid,63
25.0,D6_a-Keto-Glutaric_Acid,65
25.25,D6_a-Keto-Glutaric_Acid,62
25.5,D6_a-Keto-Glutaric_Acid,68
25.75,D6_a-Keto-Glutaric_Acid,64
26.0,D6_a-Keto-Glutaric_Acid,67
26.25,D6_a-Keto-Glutaric_Acid,68
26.5,D6_a-Keto-Glutaric_Acid,68
26.75,D6_a-Keto-Glutaric_Acid,72
27.0,D6_a-Keto-Glutaric_Acid,72
27.25,D6_a-Keto-Glutaric_Acid,70
27.5,D6_a-Keto-Glutaric_Acid,71
27.75,D6_a-Keto-Glutaric_Acid,68
28.0,D6_a-Keto-Glutaric_Acid,71
28.25,D6_a-Keto-Glutaric_Acid,71
28.5,D6_a-Keto-Glutaric_Acid,74
28.75,D6_a-Keto-Glutaric_Acid,73
29.0,D6_a-Keto-Glutaric_Acid,79
29.25,D6_a-Keto-Glutaric_Acid,69
29.5,D6_a-Keto-Glutaric_Acid,75
29.75,D6_a-Keto-Glutaric_Acid,77
30.0,D6_a-Keto-Glutaric_Acid,78
30.25,D6_a-Keto-Glutaric_Acid,75
30.5,D6_a-Keto-Glutaric_Acid,76
30.75,D6_a-Keto-Glutaric_Acid,75
31.0,D6_a-Keto-Glutaric_Acid,75
31.25,D6_a-Keto-Glutaric_Acid,72
31.5,D6_a-Keto-Glutaric_Acid,71
31.75,D6_a-Keto-Glutaric_Acid,75
32.0,D6_a-Keto-Glutaric_Acid,76
32.25,D6_a-Keto-Glutaric_Acid,76
32.5,D6_a-Keto-Glutaric_Acid,77
32.75,D6_a-Keto-Glutaric_Acid,77
33.0,D6_a-Keto-Glutaric_Acid,76
33.25,D6_a-Keto-Glutaric_Acid,79
33.5,D6_a-Keto-Glutaric_Acid,82
33.75,D6_a-Keto-Glutaric_Acid,80
34.0,D6_a-Keto-Glutaric_Acid,78
34.25,D6_a-Keto-Glutaric_Acid,78
34.5,D6_a-Keto-Glutaric_Acid,76
34.75,D6_a-Keto-Glutaric_Acid,77
35.0,D6_a-Keto-Glutaric_Acid,77
35.25,D6_a-Keto-Glutaric_Acid,75
35.5,D6_a-Keto-Glutaric_Acid,77
35.75,D6_a-Keto-Glutaric_Acid,80
36.0,D6_a-Keto-Glutaric_Acid,79
36.25,D6_a-Keto-Glutaric_Acid,77
36.5,D6_a-Keto-Glutaric_Acid,78
36.75,D6_a-Keto-Glutaric_Acid,80
37.0,D6_a-Keto-Glutaric_Acid,80
37.25,D6_a-Keto-Glutaric_Acid,84
37.5,D6_a-Keto-Glutaric_Acid,79
37.75,D6_a-Keto-Glutaric_Acid,77
38.0,D6_a-Keto-Glutaric_Acid,84
38.25,D6_a-Keto-Glutaric_Acid,85
38.5,D6_a-Keto-Glutaric_Acid,85
38.75,D6_a-Keto-Glutaric_Acid,83
39.0,D6_a-Keto-Glutaric_Acid,84
39.25,D6_a-Keto-Glutaric_Acid,84
39.5,D6_a-Keto-Glutaric_Acid,80
39.75,D6_a-Keto-Glutaric_Acid,82
40.0,D6_a-Keto-Glutaric_Acid,79
40.25,D6_a-Keto-Glutaric_Acid,84
40.5,D6_a-Keto-Glutaric_Acid,84
40.75,D6_a-Keto-Glutaric_Acid,85
41.0,D6_a-Keto-Glutaric_Acid,81
41.25,D6_a-Keto-Glutaric_Acid,84
41.5,D6_a-Keto-Glutaric_Acid,90
41.75,D6_a-Keto-Glutaric_Acid,83
42.0,D6_a-Keto-Glutaric_Acid,87
42.25,D6_a-Keto-Glutaric_Acid,83
42.5,D6_a-Keto-Glutaric_Acid,92
42.75,D6_a-Keto-Glutaric_Acid,80
43.0,D6_a-Keto-Glutaric_Acid,90
43.25,D6_a-Keto-Glutaric_Acid,88
43.5,D6_a-Keto-Glutaric_Acid,93
43.75,D6_a-Keto-Glutaric_Acid,92
44.0,D6_a-Keto-Glutaric_Acid,92
44.25,D6_a-Keto-Glutaric_Acid,89
44.5,D6_a-Keto-Glutaric_Acid,85
44.75,D6_a-Keto-Glutaric_Acid,90
45.0,D6_a-Keto-Glutaric_Acid,92
45.25,D6_a-Keto-Glutaric_Acid,90
45.5,D6_a-Keto-Glutaric_Acid,94
45.75,D6_a-Keto-Glutaric_Acid,87
46.0,D6_a-Keto-Glutaric_Acid,90
46.25,D6_a-Keto-Glutaric_Acid,90
46.5,D6_a-Keto-Glutaric_Acid,92
46.75,D6_a-Keto-Glutaric_Acid,93
47.0,D6_a-Keto-Glutaric_Acid,94
47.25,D6_a-Keto-Glutaric_Acid,96
47.5,D6_a-Keto-Glutaric_Acid,0
0.0,D7_a-Keto-Butyric_Acid,11
0.25,D7_a-Keto-Butyric_Acid,11
0.5,D7_a-Keto-Butyric_Acid,11
0.75,D7_a-Keto-Butyric_Acid,11
1.0,D7_a-Keto-Butyric_Acid,11
1.25,D7_a-Keto-Butyric_Acid,11
1.5,D7_a-Keto-Butyric_Acid,11
1.75,D7_a-Keto-Butyric_Acid,11
2.0,D7_a-Keto-Butyric_Acid,11
2.25,D7_a-Keto-Butyric_Acid,11
2.5,D7_a-Keto-Butyric_Acid,11
2.75,D7_a-Keto-Butyric_Acid,11
3.0,D7_a-Keto-Butyric_Acid,11
3.25,D7_a-Keto-Butyric_Acid,11
3.5,D7_a-Keto-Butyric_Acid,11
3.75,D7_a-Keto-Butyric_Acid,11
4.0,D7_a-Keto-Butyric_Acid,11
4.25,D7_a-Keto-Butyric_Acid,13
4.5,D7_a-Keto-Butyric_Acid,11
4.75,D7_a-Keto-Butyric_Acid,13
5.0,D7_a-Keto-Butyric_Acid,14
5.25,D7_a-Keto-Butyric_Acid,16
5.5,D7_a-Keto-Butyric_Acid,15
5.75,D7_a-Keto-Butyric_Acid,15
6.0,D7_a-Keto-Butyric_Acid,13
6.25,D7_a-Keto-Butyric_Acid,16
6.5,D7_a-Keto-Butyric_Acid,17
6.75,D7_a-Keto-Butyric_Acid,21
7.0,D7_a-Keto-Butyric_Acid,22
7.25,D7_a-Keto-Butyric_Acid,24
7.5,D7_a-Keto-Butyric_Acid,23
7.75,D7_a-Keto-Butyric_Acid,26
8.0,D7_a-Keto-Butyric_Acid,23
8.25,D7_a-Keto-Butyric_Acid,25
8.5,D7_a-Keto-Butyric_Acid,27
8.75,D7_a-Keto-Butyric_Acid,28
9.0,D7_a-Keto-Butyric_Acid,32
9.25,D7_a-Keto-Butyric_Acid,30
9.5,D7_a-Keto-Butyric_Acid,30
9.75,D7_a-Keto-Butyric_Acid,36
10.0,D7_a-Keto-Butyric_Acid,31
10.25,D7_a-Keto-Butyric_Acid,33
10.5,D7_a-Keto-Butyric_Acid,34
10.75,D7_a-Keto-Butyric_Acid,35
11.0,D7_a-Keto-Butyric_Acid,35
11.25,D7_a-Keto-Butyric_Acid,37
11.5,D7_a-Keto-Butyric_Acid,39
11.75,D7_a-Keto-Butyric_Acid,38
12.0,D7_a-Keto-Butyric_Acid,40
12.25,D7_a-Keto-Butyric_Acid,40
12.5,D7_a-Keto-Butyric_Acid,39
12.75,D7_a-Keto-Butyric_Acid,41
13.0,D7_a-Keto-Butyric_Acid,48
13.25,D7_a-Keto-Butyric_Acid,48
13.5,D7_a-Keto-Butyric_Acid,46
13.75,D7_a-Keto-Butyric_Acid,47
14.0,D7_a-Keto-Butyric_Acid,43
14.25,D7_a-Keto-Butyric_Acid,41
14.5,D7_a-Keto-Butyric_Acid,46
14.75,D7_a-Keto-Butyric_Acid,45
15.0,D7_a-Keto-Butyric_Acid,43
15.25,D7_a-Keto-Butyric_Acid,49
15.5,D7_a-Keto-Butyric_Acid,44
15.75,D7_a-Keto-Butyric_Acid,48
16.0,D7_a-Keto-Butyric_Acid,45
16.25,D7_a-Keto-Butyric_Acid,47
16.5,D7_a-Keto-Butyric_Acid,50
16.75,D7_a-Keto-Butyric_Acid,49
17.0,D7_a-Keto-Butyric_Acid,48
17.25,D7_a-Keto-Butyric_Acid,45
17.5,D7_a-Keto-Butyric_Acid,44
17.75,D7_a-Keto-Butyric_Acid,48
18.0,D7_a-Keto-Butyric_Acid,50
18.25,D7_a-Keto-Butyric_Acid,48
18.5,D7_a-Keto-Butyric_Acid,50
18.75,D7_a-Keto-Butyric_Acid,49
19.0,D7_a-Keto-Butyric_Acid,48
19.25,D7_a-Keto-Butyric_Acid,48
19.5,D7_a-Keto-Butyric_Acid,47
19.75,D7_a-Keto-Butyric_Acid,48
20.0,D7_a-Keto-Butyric_Acid,52
20.25,D7_a-Keto-Butyric_Acid,49
20.5,D7_a-Keto-Butyric_Acid,48
20.75,D7_a-Keto-Butyric_Acid,54
21.0,D7_a-Keto-Butyric_Acid,50
21.25,D7_a-Keto-Butyric_Acid,48
21.5,D7_a-Keto-Butyric_Acid,51
21.75,D7_a-Keto-Butyric_Acid,50
22.0,D7_a-Keto-Butyric_Acid,55
22.25,D7_a-Keto-Butyric_Acid,52
22.5,D7_a-Keto-Butyric_Acid,54
22.75,D7_a-Keto-Butyric_Acid,56
23.0,D7_a-Keto-Butyric_Acid,53
23.25,D7_a-Keto-Butyric_Acid,57
23.5,D7_a-Keto-Butyric_Acid,57
23.75,D7_a-Keto-Butyric_Acid,58
24.0,D7_a-Keto-Butyric_Acid,63
24.25,D7_a-Keto-Butyric_Acid,60
24.5,D7_a-Keto-Butyric_Acid,64
24.75,D7_a-Keto-Butyric_Acid,58
25.0,D7_a-Keto-Butyric_Acid,60
25.25,D7_a-Keto-Butyric_Acid,60
25.5,D7_a-Keto-Butyric_Acid,60
25.75,D7_a-Keto-Butyric_Acid,62
26.0,D7_a-Keto-Butyric_Acid,65
26.25,D7_a-Keto-Butyric_Acid,62
26.5,D7_a-Keto-Butyric_Acid,62
26.75,D7_a-Keto-Butyric_Acid,63
27.0,D7_a-Keto-Butyric_Acid,66
27.25,D7_a-Keto-Butyric_Acid,67
27.5,D7_a-Keto-Butyric_Acid,70
27.75,D7_a-Keto-Butyric_Acid,70
28.0,D7_a-Keto-Butyric_Acid,69
28.25,D7_a-Keto-Butyric_Acid,71
28.5,D7_a-Keto-Butyric_Acid,67
28.75,D7_a-Keto-Butyric_Acid,71
29.0,D7_a-Keto-Butyric_Acid,72
29.25,D7_a-Keto-Butyric_Acid,70
29.5,D7_a-Keto-Butyric_Acid,75
29.75,D7_a-Keto-Butyric_Acid,73
30.0,D7_a-Keto-Butyric_Acid,71
30.25,D7_a-Keto-Butyric_Acid,74
30.5,D7_a-Keto-Butyric_Acid,72
30.75,D7_a-Keto-Butyric_Acid,73
31.0,D7_a-Keto-Butyric_Acid,74
31.25,D7_a-Keto-Butyric_Acid,77
31.5,D7_a-Keto-Butyric_Acid,77
31.75,D7_a-Keto-Butyric_Acid,74
32.0,D7_a-Keto-Butyric_Acid,76
32.25,D7_a-Keto-Butyric_Acid,79
32.5,D7_a-Keto-Butyric_Acid,78
32.75,D7_a-Keto-Butyric_Acid,81
33.0,D7_a-Keto-Butyric_Acid,79
33.25,D7_a-Keto-Butyric_Acid,84
33.5,D7_a-Keto-Butyric_Acid,85
33.75,D7_a-Keto-Butyric_Acid,86
34.0,D7_a-Keto-Butyric_Acid,80
34.25,D7_a-Keto-Butyric_Acid,81
34.5,D7_a-Keto-Butyric_Acid,85
34.75,D7_a-Keto-Butyric_Acid,88
35.0,D7_a-Keto-Butyric_Acid,86
35.25,D7_a-Keto-Butyric_Acid,85
35.5,D7_a-Keto-Butyric_Acid,88
35.75,D7_a-Keto-Butyric_Acid,88
36.0,D7_a-Keto-Butyric_Acid,88
36.25,D7_a-Keto-Butyric_Acid,90
36.5,D7_a-Keto-Butyric_Acid,93
36.75,D7_a-Keto-Butyric_Acid,92
37.0,D7_a-Keto-Butyric_Acid,94
37.25,D7_a-Keto-Butyric_Acid,92
37.5,D7_a-Keto-Butyric_Acid,93
37.75,D7_a-Keto-Butyric_Acid,93
38.0,D7_a-Keto-Butyric_Acid,94
38.25,D7_a-Keto-Butyric_Acid,98
38.5,D7_a-Keto-Butyric_Acid,94
38.75,D7_a-Keto-Butyric_Acid,97
39.0,D7_a-Keto-Butyric_Acid,98
39.25,D7_a-Keto-Butyric_Acid,101
39.5,D7_a-Keto-Butyric_Acid,99
39.75,D7_a-Keto-Butyric_Acid,98
40.0,D7_a-Keto-Butyric_Acid,99
40.25,D7_a-Keto-Butyric_Acid,101
40.5,D7_a-Keto-Butyric_Acid,105
40.75,D7_a-Keto-Butyric_Acid,101
41.0,D7_a-Keto-Butyric_Acid,106
41.25,D7_a-Keto-Butyric_Acid,106
41.5,D7_a-Keto-Butyric_Acid,111
41.75,D7_a-Keto-Butyric_Acid,109
42.0,D7_a-Keto-Butyric_Acid,108
42.25,D7_a-Keto-Butyric_Acid,112
42.5,D7_a-Keto-Butyric_Acid,114
42.75,D7_a-Keto-Butyric_Acid,107
43.0,D7_a-Keto-Butyric_Acid,116
43.25,D7_a-Keto-Butyric_Acid,114
43.5,D7_a-Keto-Butyric_Acid,116
43.75,D7_a-Keto-Butyric_Acid,117
44.0,D7_a-Keto-Butyric_Acid,117
44.25,D7_a-Keto-Butyric_Acid,119
44.5,D7_a-Keto-Butyric_Acid,115
44.75,D7_a-Keto-Butyric_Acid,122
45.0,D7_a-Keto-Butyric_Acid,121
45.25,D7_a-Keto-Butyric_Acid,124
45.5,D7_a-Keto-Butyric_Acid,121
45.75,D7_a-Keto-Butyric_Acid,120
46.0,D7_a-Keto-Butyric_Acid,125
46.25,D7_a-Keto-Butyric_Acid,125
46.5,D7_a-Keto-Butyric_Acid,122
46.75,D7_a-Keto-Butyric_Acid,124
47.0,D7_a-Keto-Butyric_Acid,125
47.25,D7_a-Keto-Butyric_Acid,126
47.5,D7_a-Keto-Butyric_Acid,0
0.0,D8_a-Methyl-D_Galactoside,16
0.25,D8_a-Methyl-D_Galactoside,11
0.5,D8_a-Methyl-D_Galactoside,11
0.75,D8_a-Methyl-D_Galactoside,11
1.0,D8_a-Methyl-D_Galactoside,11
1.25,D8_a-Methyl-D_Galactoside,11
1.5,D8_a-Methyl-D_Galactoside,11
1.75,D8_a-Methyl-D_Galactoside,11
2.0,D8_a-Methyl-D_Galactoside,11
2.25,D8_a-Methyl-D_Galactoside,11
2.5,D8_a-Methyl-D_Galactoside,11
2.75,D8_a-Methyl-D_Galactoside,11
3.0,D8_a-Methyl-D_Galactoside,11
3.25,D8_a-Methyl-D_Galactoside,11
3.5,D8_a-Methyl-D_Galactoside,11
3.75,D8_a-Methyl-D_Galactoside,15
4.0,D8_a-Methyl-D_Galactoside,11
4.25,D8_a-Methyl-D_Galactoside,11
4.5,D8_a-Methyl-D_Galactoside,14
4.75,D8_a-Methyl-D_Galactoside,17
5.0,D8_a-Methyl-D_Galactoside,14
5.25,D8_a-Methyl-D_Galactoside,15
5.5,D8_a-Methyl-D_Galactoside,14
5.75,D8_a-Methyl-D_Galactoside,13
6.0,D8_a-Methyl-D_Galactoside,16
6.25,D8_a-Methyl-D_Galactoside,22
6.5,D8_a-Methyl-D_Galactoside,14
6.75,D8_a-Methyl-D_Galactoside,21
7.0,D8_a-Methyl-D_Galactoside,24
7.25,D8_a-Methyl-D_Galactoside,21
7.5,D8_a-Methyl-D_Galactoside,21
7.75,D8_a-Methyl-D_Galactoside,21
8.0,D8_a-Methyl-D_Galactoside,18
8.25,D8_a-Methyl-D_Galactoside,22
8.5,D8_a-Methyl-D_Galactoside,21
8.75,D8_a-Methyl-D_Galactoside,20
9.0,D8_a-Methyl-D_Galactoside,20
9.25,D8_a-Methyl-D_Galactoside,19
9.5,D8_a-Methyl-D_Galactoside,21
9.75,D8_a-Methyl-D_Galactoside,20
10.0,D8_a-Methyl-D_Galactoside,23
10.25,D8_a-Methyl-D_Galactoside,24
10.5,D8_a-Methyl-D_Galactoside,25
10.75,D8_a-Methyl-D_Galactoside,25
11.0,D8_a-Methyl-D_Galactoside,22
11.25,D8_a-Methyl-D_Galactoside,22
11.5,D8_a-Methyl-D_Galactoside,20
11.75,D8_a-Methyl-D_Galactoside,22
12.0,D8_a-Methyl-D_Galactoside,21
12.25,D8_a-Methyl-D_Galactoside,23
12.5,D8_a-Methyl-D_Galactoside,21
12.75,D8_a-Methyl-D_Galactoside,21
13.0,D8_a-Methyl-D_Galactoside,27
13.25,D8_a-Methyl-D_Galactoside,22
13.5,D8_a-Methyl-D_Galactoside,23
13.75,D8_a-Methyl-D_Galactoside,20
14.0,D8_a-Methyl-D_Galactoside,23
14.25,D8_a-Methyl-D_Galactoside,26
14.5,D8_a-Methyl-D_Galactoside,26
14.75,D8_a-Methyl-D_Galactoside,22
15.0,D8_a-Methyl-D_Galactoside,17
15.25,D8_a-Methyl-D_Galactoside,21
15.5,D8_a-Methyl-D_Galactoside,27
15.75,D8_a-Methyl-D_Galactoside,22
16.0,D8_a-Methyl-D_Galactoside,26
16.25,D8_a-Methyl-D_Galactoside,27
16.5,D8_a-Methyl-D_Galactoside,24
16.75,D8_a-Methyl-D_Galactoside,23
17.0,D8_a-Methyl-D_Galactoside,31
17.25,D8_a-Methyl-D_Galactoside,25
17.5,D8_a-Methyl-D_Galactoside,25
17.75,D8_a-Methyl-D_Galactoside,26
18.0,D8_a-Methyl-D_Galactoside,27
18.25,D8_a-Methyl-D_Galactoside,27
18.5,D8_a-Methyl-D_Galactoside,26
18.75,D8_a-Methyl-D_Galactoside,29
19.0,D8_a-Methyl-D_Galactoside,31
19.25,D8_a-Methyl-D_Galactoside,30
19.5,D8_a-Methyl-D_Galactoside,27
19.75,D8_a-Methyl-D_Galactoside,30
20.0,D8_a-Methyl-D_Galactoside,30
20.25,D8_a-Methyl-D_Galactoside,25
20.5,D8_a-Methyl-D_Galactoside,30
20.75,D8_a-Methyl-D_Galactoside,32
21.0,D8_a-Methyl-D_Galactoside,28
21.25,D8_a-Methyl-D_Galactoside,26
21.5,D8_a-Methyl-D_Galactoside,34
21.75,D8_a-Methyl-D_Galactoside,25
22.0,D8_a-Methyl-D_Galactoside,23
22.25,D8_a-Methyl-D_Galactoside,29
22.5,D8_a-Methyl-D_Galactoside,30
22.75,D8_a-Methyl-D_Galactoside,28
23.0,D8_a-Methyl-D_Galactoside,30
23.25,D8_a-Methyl-D_Galactoside,29
23.5,D8_a-Methyl-D_Galactoside,27
23.75,D8_a-Methyl-D_Galactoside,32
24.0,D8_a-Methyl-D_Galactoside,29
24.25,D8_a-Methyl-D_Galactoside,27
24.5,D8_a-Methyl-D_Galactoside,29
24.75,D8_a-Methyl-D_Galactoside,31
25.0,D8_a-Methyl-D_Galactoside,28
25.25,D8_a-Methyl-D_Galactoside,32
25.5,D8_a-Methyl-D_Galactoside,28
25.75,D8_a-Methyl-D_Galactoside,30
26.0,D8_a-Methyl-D_Galactoside,30
26.25,D8_a-Methyl-D_Galactoside,30
26.5,D8_a-Methyl-D_Galactoside,28
26.75,D8_a-Methyl-D_Galactoside,29
27.0,D8_a-Methyl-D_Galactoside,37
27.25,D8_a-Methyl-D_Galactoside,31
27.5,D8_a-Methyl-D_Galactoside,29
27.75,D8_a-Methyl-D_Galactoside,30
28.0,D8_a-Methyl-D_Galactoside,31
28.25,D8_a-Methyl-D_Galactoside,30
28.5,D8_a-Methyl-D_Galactoside,30
28.75,D8_a-Methyl-D_Galactoside,36
29.0,D8_a-Methyl-D_Galactoside,33
29.25,D8_a-Methyl-D_Galactoside,27
29.5,D8_a-Methyl-D_Galactoside,31
29.75,D8_a-Methyl-D_Galactoside,31
30.0,D8_a-Methyl-D_Galactoside,28
30.25,D8_a-Methyl-D_Galactoside,29
30.5,D8_a-Methyl-D_Galactoside,29
30.75,D8_a-Methyl-D_Galactoside,32
31.0,D8_a-Methyl-D_Galactoside,32
31.25,D8_a-Methyl-D_Galactoside,35
31.5,D8_a-Methyl-D_Galactoside,32
31.75,D8_a-Methyl-D_Galactoside,29
32.0,D8_a-Methyl-D_Galactoside,34
32.25,D8_a-Methyl-D_Galactoside,33
32.5,D8_a-Methyl-D_Galactoside,32
32.75,D8_a-Methyl-D_Galactoside,32
33.0,D8_a-Methyl-D_Galactoside,31
33.25,D8_a-Methyl-D_Galactoside,26
33.5,D8_a-Methyl-D_Galactoside,30
33.75,D8_a-Methyl-D_Galactoside,26
34.0,D8_a-Methyl-D_Galactoside,29
34.25,D8_a-Methyl-D_Galactoside,30
34.5,D8_a-Methyl-D_Galactoside,29
34.75,D8_a-Methyl-D_Galactoside,31
35.0,D8_a-Methyl-D_Galactoside,31
35.25,D8_a-Methyl-D_Galactoside,30
35.5,D8_a-Methyl-D_Galactoside,34
35.75,D8_a-Methyl-D_Galactoside,33
36.0,D8_a-Methyl-D_Galactoside,31
36.25,D8_a-Methyl-D_Galactoside,37
36.5,D8_a-Methyl-D_Galactoside,32
36.75,D8_a-Methyl-D_Galactoside,34
37.0,D8_a-Methyl-D_Galactoside,32
37.25,D8_a-Methyl-D_Galactoside,31
37.5,D8_a-Methyl-D_Galactoside,32
37.75,D8_a-Methyl-D_Galactoside,29
38.0,D8_a-Methyl-D_Galactoside,32
38.25,D8_a-Methyl-D_Galactoside,33
38.5,D8_a-Methyl-D_Galactoside,31
38.75,D8_a-Methyl-D_Galactoside,34
39.0,D8_a-Methyl-D_Galactoside,32
39.25,D8_a-Methyl-D_Galactoside,32
39.5,D8_a-Methyl-D_Galactoside,30
39.75,D8_a-Methyl-D_Galactoside,29
40.0,D8_a-Methyl-D_Galactoside,35
40.25,D8_a-Methyl-D_Galactoside,30
40.5,D8_a-Methyl-D_Galactoside,30
40.75,D8_a-Methyl-D_Galactoside,28
41.0,D8_a-Methyl-D_Galactoside,32
41.25,D8_a-Methyl-D_Galactoside,32
41.5,D8_a-Methyl-D_Galactoside,32
41.75,D8_a-Methyl-D_Galactoside,28
42.0,D8_a-Methyl-D_Galactoside,32
42.25,D8_a-Methyl-D_Galactoside,31
42.5,D8_a-Methyl-D_Galactoside,33
42.75,D8_a-Methyl-D_Galactoside,34
43.0,D8_a-Methyl-D_Galactoside,32
43.25,D8_a-Methyl-D_Galactoside,31
43.5,D8_a-Methyl-D_Galactoside,32
43.75,D8_a-Methyl-D_Galactoside,32
44.0,D8_a-Methyl-D_Galactoside,36
44.25,D8_a-Methyl-D_Galactoside,32
44.5,D8_a-Methyl-D_Galactoside,36
44.75,D8_a-Methyl-D_Galactoside,26
45.0,D8_a-Methyl-D_Galactoside,30
45.25,D8_a-Methyl-D_Galactoside,31
45.5,D8_a-Methyl-D_Galactoside,31
45.75,D8_a-Methyl-D_Galactoside,35
46.0,D8_a-Methyl-D_Galactoside,35
46.25,D8_a-Methyl-D_Galactoside,33
46.5,D8_a-Methyl-D_Galactoside,31
46.75,D8_a-Methyl-D_Galactoside,27
47.0,D8_a-Methyl-D_Galactoside,37
47.25,D8_a-Methyl-D_Galactoside,35
47.5,D8_a-Methyl-D_Galactoside,0
0.0,D9_a-D-Lactose,11
0.25,D9_a-D-Lactose,11
0.5,D9_a-D-Lactose,11
0.75,D9_a-D-Lactose,11
1.0,D9_a-D-Lactose,11
1.25,D9_a-D-Lactose,11
1.5,D9_a-D-Lactose,12
1.75,D9_a-D-Lactose,11
2.0,D9_a-D-Lactose,11
2.25,D9_a-D-Lactose,11
2.5,D9_a-D-Lactose,11
2.75,D9_a-D-Lactose,11
3.0,D9_a-D-Lactose,12
3.25,D9_a-D-Lactose,11
3.5,D9_a-D-Lactose,14
3.75,D9_a-D-Lactose,12
4.0,D9_a-D-Lactose,12
4.25,D9_a-D-Lactose,13
4.5,D9_a-D-Lactose,13
4.75,D9_a-D-Lactose,12
5.0,D9_a-D-Lactose,12
5.25,D9_a-D-Lactose,16
5.5,D9_a-D-Lactose,13
5.75,D9_a-D-Lactose,18
6.0,D9_a-D-Lactose,20
6.25,D9_a-D-Lactose,19
6.5,D9_a-D-Lactose,19
6.75,D9_a-D-Lactose,24
7.0,D9_a-D-Lactose,23
7.25,D9_a-D-Lactose,26
7.5,D9_a-D-Lactose,24
7.75,D9_a-D-Lactose,25
8.0,D9_a-D-Lactose,25
8.25,D9_a-D-Lactose,27
8.5,D9_a-D-Lactose,28
8.75,D9_a-D-Lactose,30
9.0,D9_a-D-Lactose,35
9.25,D9_a-D-Lactose,34
9.5,D9_a-D-Lactose,36
9.75,D9_a-D-Lactose,39
10.0,D9_a-D-Lactose,40
10.25,D9_a-D-Lactose,43
10.5,D9_a-D-Lactose,49
10.75,D9_a-D-Lactose,48
11.0,D9_a-D-Lactose,57
11.25,D9_a-D-Lactose,56
11.5,D9_a-D-Lactose,62
11.75,D9_a-D-Lactose,63
12.0,D9_a-D-Lactose,62
12.25,D9_a-D-Lactose,72
12.5,D9_a-D-Lactose,74
12.75,D9_a-D-Lactose,83
13.0,D9_a-D-Lactose,82
13.25,D9_a-D-Lactose,83
13.5,D9_a-D-Lactose,87
13.75,D9_a-D-Lactose,101
14.0,D9_a-D-Lactose,95
14.25,D9_a-D-Lactose,107
14.5,D9_a-D-Lactose,112
14.75,D9_a-D-Lactose,109
15.0,D9_a-D-Lactose,115
15.25,D9_a-D-Lactose,128
15.5,D9_a-D-Lactose,130
15.75,D9_a-D-Lactose,135
16.0,D9_a-D-Lactose,140
16.25,D9_a-D-Lactose,145
16.5,D9_a-D-Lactose,150
16.75,D9_a-D-Lactose,156
17.0,D9_a-D-Lactose,163
17.25,D9_a-D-Lactose,167
17.5,D9_a-D-Lactose,174
17.75,D9_a-D-Lactose,180
18.0,D9_a-D-Lactose,188
18.25,D9_a-D-Lactose,195
18.5,D9_a-D-Lactose,191
18.75,D9_a-D-Lactose,203
19.0,D9_a-D-Lactose,210
19.25,D9_a-D-Lactose,212
19.5,D9_a-D-Lactose,213
19.75,D9_a-D-Lactose,219
20.0,D9_a-D-Lactose,219
20.25,D9_a-D-Lactose,226
20.5,D9_a-D-Lactose,230
20.75,D9_a-D-Lactose,235
21.0,D9_a-D-Lactose,234
21.25,D9_a-D-Lactose,233
21.5,D9_a-D-Lactose,237
21.75,D9_a-D-Lactose,237
22.0,D9_a-D-Lactose,242
22.25,D9_a-D-Lactose,247
22.5,D9_a-D-Lactose,247
22.75,D9_a-D-Lactose,246
23.0,D9_a-D-Lactose,254
23.25,D9_a-D-Lactose,252
23.5,D9_a-D-Lactose,254
23.75,D9_a-D-Lactose,256
24.0,D9_a-D-Lactose,256
24.25,D9_a-D-Lactose,255
24.5,D9_a-D-Lactose,256
24.75,D9_a-D-Lactose,260
25.0,D9_a-D-Lactose,259
25.25,D9_a-D-Lactose,262
25.5,D9_a-D-Lactose,261
25.75,D9_a-D-Lactose,261
26.0,D9_a-D-Lactose,262
26.25,D9_a-D-Lactose,262
26.5,D9_a-D-Lactose,265
26.75,D9_a-D-Lactose,267
27.0,D9_a-D-Lactose,265
27.25,D9_a-D-Lactose,266
27.5,D9_a-D-Lactose,269
27.75,D9_a-D-Lactose,269
28.0,D9_a-D-Lactose,269
28.25,D9_a-D-Lactose,274
28.5,D9_a-D-Lactose,269
28.75,D9_a-D-Lactose,270
29.0,D9_a-D-Lactose,269
29.25,D9_a-D-Lactose,270
29.5,D9_a-D-Lactose,272
29.75,D9_a-D-Lactose,274
30.0,D9_a-D-Lactose,270
30.25,D9_a-D-Lactose,274
30.5,D9_a-D-Lactose,272
30.75,D9_a-D-Lactose,274
31.0,D9_a-D-Lactose,271
31.25,D9_a-D-Lactose,271
31.5,D9_a-D-Lactose,272
31.75,D9_a-D-Lactose,269
32.0,D9_a-D-Lactose,273
32.25,D9_a-D-Lactose,274
32.5,D9_a-D-Lactose,271
32.75,D9_a-D-Lactose,272
33.0,D9_a-D-Lactose,273
33.25,D9_a-D-Lactose,273
33.5,D9_a-D-Lactose,274
33.75,D9_a-D-Lactose,273
34.0,D9_a-D-Lactose,272
34.25,D9_a-D-Lactose,272
34.5,D9_a-D-Lactose,275
34.75,D9_a-D-Lactose,275
35.0,D9_a-D-Lactose,273
35.25,D9_a-D-Lactose,273
35.5,D9_a-D-Lactose,274
35.75,D9_a-D-Lactose,276
36.0,D9_a-D-Lactose,275
36.25,D9_a-D-Lactose,272
36.5,D9_a-D-Lactose,273
36.75,D9_a-D-Lactose,273
37.0,D9_a-D-Lactose,277
37.25,D9_a-D-Lactose,276
37.5,D9_a-D-Lactose,282
37.75,D9_a-D-Lactose,277
38.0,D9_a-D-Lactose,280
38.25,D9_a-D-Lactose,279
38.5,D9_a-D-Lactose,280
38.75,D9_a-D-Lactose,282
39.0,D9_a-D-Lactose,280
39.25,D9_a-D-Lactose,277
39.5,D9_a-D-Lactose,276
39.75,D9_a-D-Lactose,276
40.0,D9_a-D-Lactose,280
40.25,D9_a-D-Lactose,282
40.5,D9_a-D-Lactose,278
40.75,D9_a-D-Lactose,281
41.0,D9_a-D-Lactose,278
41.25,D9_a-D-Lactose,278
41.5,D9_a-D-Lactose,282
41.75,D9_a-D-Lactose,279
42.0,D9_a-D-Lactose,280
42.25,D9_a-D-Lactose,280
42.5,D9_a-D-Lactose,282
42.75,D9_a-D-Lactose,282
43.0,D9_a-D-Lactose,285
43.25,D9_a-D-Lactose,282
43.5,D9_a-D-Lactose,281
43.75,D9_a-D-Lactose,283
44.0,D9_a-D-Lactose,280
44.25,D9_a-D-Lactose,283
44.5,D9_a-D-Lactose,283
44.75,D9_a-D-Lactose,282
45.0,D9_a-D-Lactose,282
45.25,D9_a-D-Lactose,283
45.5,D9_a-D-Lactose,281
45.75,D9_a-D-Lactose,282
46.0,D9_a-D-Lactose,284
46.25,D9_a-D-Lactose,282
46.5,D9_a-D-Lactose,280
46.75,D9_a-D-Lactose,279
47.0,D9_a-D-Lactose,284
47.25,D9_a-D-Lactose,287
47.5,D9_a-D-Lactose,0
0.0,D10_Lactulose,20
0.25,D10_Lactulose,11
0.5,D10_Lactulose,13
0.75,D10_Lactulose,11
1.0,D10_Lactulose,11
1.25,D10_Lactulose,11
1.5,D10_Lactulose,11
1.75,D10_Lactulose,11
2.0,D10_Lactulose,11
2.25,D10_Lactulose,11
2.5,D10_Lactulose,11
2.75,D10_Lactulose,11
3.0,D10_Lactulose,11
3.25,D10_Lactulose,11
3.5,D10_Lactulose,11
3.75,D10_Lactulose,11
4.0,D10_Lactulose,11
4.25,D10_Lactulose,11
4.5,D10_Lactulose,11
4.75,D10_Lactulose,12
5.0,D10_Lactulose,13
5.25,D10_Lactulose,15
5.5,D10_Lactulose,14
5.75,D10_Lactulose,11
6.0,D10_Lactulose,12
6.25,D10_Lactulose,15
6.5,D10_Lactulose,13
6.75,D10_Lactulose,16
7.0,D10_Lactulose,17
7.25,D10_Lactulose,20
7.5,D10_Lactulose,21
7.75,D10_Lactulose,20
8.0,D10_Lactulose,20
8.25,D10_Lactulose,18
8.5,D10_Lactulose,21
8.75,D10_Lactulose,21
9.0,D10_Lactulose,24
9.25,D10_Lactulose,20
9.5,D10_Lactulose,21
9.75,D10_Lactulose,22
10.0,D10_Lactulose,23
10.25,D10_Lactulose,22
10.5,D10_Lactulose,25
10.75,D10_Lactulose,25
11.0,D10_Lactulose,24
11.25,D10_Lactulose,30
11.5,D10_Lactulose,26
11.75,D10_Lactulose,31
12.0,D10_Lactulose,26
12.25,D10_Lactulose,27
12.5,D10_Lactulose,27
12.75,D10_Lactulose,33
13.0,D10_Lactulose,35
13.25,D10_Lactulose,30
13.5,D10_Lactulose,28
13.75,D10_Lactulose,31
14.0,D10_Lactulose,36
14.25,D10_Lactulose,32
14.5,D10_Lactulose,32
14.75,D10_Lactulose,33
15.0,D10_Lactulose,35
15.25,D10_Lactulose,36
15.5,D10_Lactulose,44
15.75,D10_Lactulose,42
16.0,D10_Lactulose,42
16.25,D10_Lactulose,47
16.5,D10_Lactulose,54
16.75,D10_Lactulose,48
17.0,D10_Lactulose,58
17.25,D10_Lactulose,61
17.5,D10_Lactulose,62
17.75,D10_Lactulose,65
18.0,D10_Lactulose,68
18.25,D10_Lactulose,71
18.5,D10_Lactulose,78
18.75,D10_Lactulose,84
19.0,D10_Lactulose,90
19.25,D10_Lactulose,91
19.5,D10_Lactulose,92
19.75,D10_Lactulose,99
20.0,D10_Lactulose,105
20.25,D10_Lactulose,104
20.5,D10_Lactulose,110
20.75,D10_Lactulose,113
21.0,D10_Lactulose,116
21.25,D10_Lactulose,120
21.5,D10_Lactulose,127
21.75,D10_Lactulose,135
22.0,D10_Lactulose,134
22.25,D10_Lactulose,143
22.5,D10_Lactulose,147
22.75,D10_Lactulose,153
23.0,D10_Lactulose,158
23.25,D10_Lactulose,162
23.5,D10_Lactulose,164
23.75,D10_Lactulose,169
24.0,D10_Lactulose,171
24.25,D10_Lactulose,178
24.5,D10_Lactulose,182
24.75,D10_Lactulose,188
25.0,D10_Lactulose,189
25.25,D10_Lactulose,192
25.5,D10_Lactulose,198
25.75,D10_Lactulose,202
26.0,D10_Lactulose,209
26.25,D10_Lactulose,213
26.5,D10_Lactulose,210
26.75,D10_Lactulose,215
27.0,D10_Lactulose,218
27.25,D10_Lactulose,222
27.5,D10_Lactulose,224
27.75,D10_Lactulose,228
28.0,D10_Lactulose,225
28.25,D10_Lactulose,231
28.5,D10_Lactulose,235
28.75,D10_Lactulose,232
29.0,D10_Lactulose,237
29.25,D10_Lactulose,237
29.5,D10_Lactulose,241
29.75,D10_Lactulose,242
30.0,D10_Lactulose,244
30.25,D10_Lactulose,246
30.5,D10_Lactulose,248
30.75,D10_Lactulose,249
31.0,D10_Lactulose,248
31.25,D10_Lactulose,250
31.5,D10_Lactulose,248
31.75,D10_Lactulose,250
32.0,D10_Lactulose,253
32.25,D10_Lactulose,251
32.5,D10_Lactulose,252
32.75,D10_Lactulose,254
33.0,D10_Lactulose,253
33.25,D10_Lactulose,256
33.5,D10_Lactulose,255
33.75,D10_Lactulose,258
34.0,D10_Lactulose,255
34.25,D10_Lactulose,256
34.5,D10_Lactulose,258
34.75,D10_Lactulose,258
35.0,D10_Lactulose,257
35.25,D10_Lactulose,262
35.5,D10_Lactulose,260
35.75,D10_Lactulose,262
36.0,D10_Lactulose,260
36.25,D10_Lactulose,257
36.5,D10_Lactulose,261
36.75,D10_Lactulose,261
37.0,D10_Lactulose,262
37.25,D10_Lactulose,260
37.5,D10_Lactulose,264
37.75,D10_Lactulose,264
38.0,D10_Lactulose,265
38.25,D10_Lactulose,266
38.5,D10_Lactulose,267
38.75,D10_Lactulose,266
39.0,D10_Lactulose,259
39.25,D10_Lactulose,263
39.5,D10_Lactulose,262
39.75,D10_Lactulose,265
40.0,D10_Lactulose,263
40.25,D10_Lactulose,263
40.5,D10_Lactulose,265
40.75,D10_Lactulose,266
41.0,D10_Lactulose,263
41.25,D10_Lactulose,266
41.5,D10_Lactulose,270
41.75,D10_Lactulose,264
42.0,D10_Lactulose,266
42.25,D10_Lactulose,267
42.5,D10_Lactulose,267
42.75,D10_Lactulose,268
43.0,D10_Lactulose,268
43.25,D10_Lactulose,272
43.5,D10_Lactulose,272
43.75,D10_Lactulose,270
44.0,D10_Lactulose,272
44.25,D10_Lactulose,272
44.5,D10_Lactulose,270
44.75,D10_Lactulose,271
45.0,D10_Lactulose,271
45.25,D10_Lactulose,271
45.5,D10_Lactulose,274
45.75,D10_Lactulose,276
46.0,D10_Lactulose,273
46.25,D10_Lactulose,277
46.5,D10_Lactulose,274
46.75,D10_Lactulose,273
47.0,D10_Lactulose,279
47.25,D10_Lactulose,275
47.5,D10_Lactulose,0
0.0,D11_Sucrose,21
0.25,D11_Sucrose,11
0.5,D11_Sucrose,11
0.75,D11_Sucrose,11
1.0,D11_Sucrose,11
1.25,D11_Sucrose,11
1.5,D11_Sucrose,13
1.75,D11_Sucrose,11
2.0,D11_Sucrose,12
2.25,D11_Sucrose,11
2.5,D11_Sucrose,11
2.75,D11_Sucrose,11
3.0,D11_Sucrose,11
3.25,D11_Sucrose,11
3.5,D11_Sucrose,11
3.75,D11_Sucrose,11
4.0,D11_Sucrose,11
4.25,D11_Sucrose,15
4.5,D11_Sucrose,12
4.75,D11_Sucrose,13
5.0,D11_Sucrose,16
5.25,D11_Sucrose,16
5.5,D11_Sucrose,11
5.75,D11_Sucrose,18
6.0,D11_Sucrose,11
6.25,D11_Sucrose,20
6.5,D11_Sucrose,18
6.75,D11_Sucrose,17
7.0,D11_Sucrose,20
7.25,D11_Sucrose,18
7.5,D11_Sucrose,25
7.75,D11_Sucrose,24
8.0,D11_Sucrose,23
8.25,D11_Sucrose,19
8.5,D11_Sucrose,20
8.75,D11_Sucrose,19
9.0,D11_Sucrose,23
9.25,D11_Sucrose,23
9.5,D11_Sucrose,26
9.75,D11_Sucrose,20
10.0,D11_Sucrose,21
10.25,D11_Sucrose,18
10.5,D11_Sucrose,23
10.75,D11_Sucrose,25
11.0,D11_Sucrose,27
11.25,D11_Sucrose,29
11.5,D11_Sucrose,25
11.75,D11_Sucrose,25
12.0,D11_Sucrose,25
12.25,D11_Sucrose,23
12.5,D11_Sucrose,24
12.75,D11_Sucrose,26
13.0,D11_Sucrose,26
13.25,D11_Sucrose,24
13.5,D11_Sucrose,24
13.75,D11_Sucrose,27
14.0,D11_Sucrose,25
14.25,D11_Sucrose,28
14.5,D11_Sucrose,25
14.75,D11_Sucrose,24
15.0,D11_Sucrose,23
15.25,D11_Sucrose,29
15.5,D11_Sucrose,26
15.75,D11_Sucrose,28
16.0,D11_Sucrose,27
16.25,D11_Sucrose,28
16.5,D11_Sucrose,27
16.75,D11_Sucrose,24
17.0,D11_Sucrose,27
17.25,D11_Sucrose,23
17.5,D11_Sucrose,25
17.75,D11_Sucrose,28
18.0,D11_Sucrose,28
18.25,D11_Sucrose,27
18.5,D11_Sucrose,28
18.75,D11_Sucrose,24
19.0,D11_Sucrose,28
19.25,D11_Sucrose,25
19.5,D11_Sucrose,25
19.75,D11_Sucrose,25
20.0,D11_Sucrose,33
20.25,D11_Sucrose,30
20.5,D11_Sucrose,26
20.75,D11_Sucrose,32
21.0,D11_Sucrose,26
21.25,D11_Sucrose,26
21.5,D11_Sucrose,27
21.75,D11_Sucrose,27
22.0,D11_Sucrose,23
22.25,D11_Sucrose,27
22.5,D11_Sucrose,30
22.75,D11_Sucrose,29
23.0,D11_Sucrose,32
23.25,D11_Sucrose,26
23.5,D11_Sucrose,31
23.75,D11_Sucrose,27
24.0,D11_Sucrose,25
24.25,D11_Sucrose,26
24.5,D11_Sucrose,29
24.75,D11_Sucrose,30
25.0,D11_Sucrose,24
25.25,D11_Sucrose,27
25.5,D11_Sucrose,28
25.75,D11_Sucrose,31
26.0,D11_Sucrose,31
26.25,D11_Sucrose,32
26.5,D11_Sucrose,27
26.75,D11_Sucrose,29
27.0,D11_Sucrose,34
27.25,D11_Sucrose,29
27.5,D11_Sucrose,32
27.75,D11_Sucrose,31
28.0,D11_Sucrose,35
28.25,D11_Sucrose,32
28.5,D11_Sucrose,24
28.75,D11_Sucrose,31
29.0,D11_Sucrose,33
29.25,D11_Sucrose,31
29.5,D11_Sucrose,30
29.75,D11_Sucrose,29
30.0,D11_Sucrose,30
30.25,D11_Sucrose,36
30.5,D11_Sucrose,31
30.75,D11_Sucrose,32
31.0,D11_Sucrose,30
31.25,D11_Sucrose,31
31.5,D11_Sucrose,30
31.75,D11_Sucrose,26
32.0,D11_Sucrose,28
32.25,D11_Sucrose,30
32.5,D11_Sucrose,28
32.75,D11_Sucrose,34
33.0,D11_Sucrose,33
33.25,D11_Sucrose,28
33.5,D11_Sucrose,29
33.75,D11_Sucrose,30
34.0,D11_Sucrose,31
34.25,D11_Sucrose,27
34.5,D11_Sucrose,32
34.75,D11_Sucrose,31
35.0,D11_Sucrose,31
35.25,D11_Sucrose,26
35.5,D11_Sucrose,32
35.75,D11_Sucrose,34
36.0,D11_Sucrose,33
36.25,D11_Sucrose,32
36.5,D11_Sucrose,33
36.75,D11_Sucrose,35
37.0,D11_Sucrose,29
37.25,D11_Sucrose,32
37.5,D11_Sucrose,31
37.75,D11_Sucrose,27
38.0,D11_Sucrose,33
38.25,D11_Sucrose,32
38.5,D11_Sucrose,30
38.75,D11_Sucrose,35
39.0,D11_Sucrose,32
39.25,D11_Sucrose,28
39.5,D11_Sucrose,28
39.75,D11_Sucrose,31
40.0,D11_Sucrose,30
40.25,D11_Sucrose,32
40.5,D11_Sucrose,32
40.75,D11_Sucrose,28
41.0,D11_Sucrose,29
41.25,D11_Sucrose,27
41.5,D11_Sucrose,35
41.75,D11_Sucrose,27
42.0,D11_Sucrose,29
42.25,D11_Sucrose,27
42.5,D11_Sucrose,31
42.75,D11_Sucrose,28
43.0,D11_Sucrose,33
43.25,D11_Sucrose,32
43.5,D11_Sucrose,34
43.75,D11_Sucrose,30
44.0,D11_Sucrose,36
44.25,D11_Sucrose,29
44.5,D11_Sucrose,33
44.75,D11_Sucrose,31
45.0,D11_Sucrose,30
45.25,D11_Sucrose,33
45.5,D11_Sucrose,30
45.75,D11_Sucrose,30
46.0,D11_Sucrose,34
46.25,D11_Sucrose,33
46.5,D11_Sucrose,32
46.75,D11_Sucrose,27
47.0,D11_Sucrose,30
47.25,D11_Sucrose,29
47.5,D11_Sucrose,0
0.0,D12_Uridine,48
0.25,D12_Uridine,12
0.5,D12_Uridine,17
0.75,D12_Uridine,18
1.0,D12_Uridine,18
1.25,D12_Uridine,13
1.5,D12_Uridine,20
1.75,D12_Uridine,15
2.0,D12_Uridine,18
2.25,D12_Uridine,18
2.5,D12_Uridine,17
2.75,D12_Uridine,18
3.0,D12_Uridine,22
3.25,D12_Uridine,16
3.5,D12_Uridine,21
3.75,D12_Uridine,15
4.0,D12_Uridine,20
4.25,D12_Uridine,22
4.5,D12_Uridine,23
4.75,D12_Uridine,24
5.0,D12_Uridine,25
5.25,D12_Uridine,27
5.5,D12_Uridine,23
5.75,D12_Uridine,28
6.0,D12_Uridine,28
6.25,D12_Uridine,26
6.5,D12_Uridine,31
6.75,D12_Uridine,31
7.0,D12_Uridine,33
7.25,D12_Uridine,29
7.5,D12_Uridine,35
7.75,D12_Uridine,29
8.0,D12_Uridine,35
8.25,D12_Uridine,35
8.5,D12_Uridine,35
8.75,D12_Uridine,28
9.0,D12_Uridine,36
9.25,D12_Uridine,38
9.5,D12_Uridine,33
9.75,D12_Uridine,32
10.0,D12_Uridine,35
10.25,D12_Uridine,35
10.5,D12_Uridine,37
10.75,D12_Uridine,36
11.0,D12_Uridine,34
11.25,D12_Uridine,35
11.5,D12_Uridine,33
11.75,D12_Uridine,36
12.0,D12_Uridine,34
12.25,D12_Uridine,37
12.5,D12_Uridine,35
12.75,D12_Uridine,35
13.0,D12_Uridine,38
13.25,D12_Uridine,38
13.5,D12_Uridine,38
13.75,D12_Uridine,36
14.0,D12_Uridine,41
14.25,D12_Uridine,39
14.5,D12_Uridine,39
14.75,D12_Uridine,38
15.0,D12_Uridine,37
15.25,D12_Uridine,37
15.5,D12_Uridine,39
15.75,D12_Uridine,36
16.0,D12_Uridine,39
16.25,D12_Uridine,42
16.5,D12_Uridine,39
16.75,D12_Uridine,37
17.0,D12_Uridine,41
17.25,D12_Uridine,43
17.5,D12_Uridine,42
17.75,D12_Uridine,40
18.0,D12_Uridine,42
18.25,D12_Uridine,41
18.5,D12_Uridine,45
18.75,D12_Uridine,45
19.0,D12_Uridine,44
19.25,D12_Uridine,45
19.5,D12_Uridine,42
19.75,D12_Uridine,40
20.0,D12_Uridine,41
20.25,D12_Uridine,39
20.5,D12_Uridine,41
20.75,D12_Uridine,43
21.0,D12_Uridine,42
21.25,D12_Uridine,38
21.5,D12_Uridine,43
21.75,D12_Uridine,41
22.0,D12_Uridine,42
22.25,D12_Uridine,39
22.5,D12_Uridine,42
22.75,D12_Uridine,42
23.0,D12_Uridine,46
23.25,D12_Uridine,42
23.5,D12_Uridine,42
23.75,D12_Uridine,48
24.0,D12_Uridine,41
24.25,D12_Uridine,43
24.5,D12_Uridine,45
24.75,D12_Uridine,45
25.0,D12_Uridine,42
25.25,D12_Uridine,42
25.5,D12_Uridine,47
25.75,D12_Uridine,42
26.0,D12_Uridine,43
26.25,D12_Uridine,44
26.5,D12_Uridine,43
26.75,D12_Uridine,48
27.0,D12_Uridine,51
27.25,D12_Uridine,43
27.5,D12_Uridine,44
27.75,D12_Uridine,46
28.0,D12_Uridine,45
28.25,D12_Uridine,43
28.5,D12_Uridine,48
28.75,D12_Uridine,45
29.0,D12_Uridine,45
29.25,D12_Uridine,46
29.5,D12_Uridine,48
29.75,D12_Uridine,47
30.0,D12_Uridine,47
30.25,D12_Uridine,49
30.5,D12_Uridine,49
30.75,D12_Uridine,49
31.0,D12_Uridine,47
31.25,D12_Uridine,48
31.5,D12_Uridine,48
31.75,D12_Uridine,47
32.0,D12_Uridine,47
32.25,D12_Uridine,44
32.5,D12_Uridine,48
32.75,D12_Uridine,49
33.0,D12_Uridine,42
33.25,D12_Uridine,44
33.5,D12_Uridine,46
33.75,D12_Uridine,44
34.0,D12_Uridine,45
34.25,D12_Uridine,46
34.5,D12_Uridine,49
34.75,D12_Uridine,49
35.0,D12_Uridine,47
35.25,D12_Uridine,50
35.5,D12_Uridine,52
35.75,D12_Uridine,49
36.0,D12_Uridine,48
36.25,D12_Uridine,48
36.5,D12_Uridine,50
36.75,D12_Uridine,45
37.0,D12_Uridine,48
37.25,D12_Uridine,48
37.5,D12_Uridine,46
37.75,D12_Uridine,47
38.0,D12_Uridine,52
38.25,D12_Uridine,49
38.5,D12_Uridine,53
38.75,D12_Uridine,47
39.0,D12_Uridine,46
39.25,D12_Uridine,50
39.5,D12_Uridine,48
39.75,D12_Uridine,47
40.0,D12_Uridine,47
40.25,D12_Uridine,47
40.5,D12_Uridine,52
40.75,D12_Uridine,52
41.0,D12_Uridine,47
41.25,D12_Uridine,51
41.5,D12_Uridine,54
41.75,D12_Uridine,47
42.0,D12_Uridine,48
42.25,D12_Uridine,45
42.5,D12_Uridine,50
42.75,D12_Uridine,52
43.0,D12_Uridine,53
43.25,D12_Uridine,53
43.5,D12_Uridine,53
43.75,D12_Uridine,55
44.0,D12_Uridine,52
44.25,D12_Uridine,49
44.5,D12_Uridine,54
44.75,D12_Uridine,51
45.0,D12_Uridine,50
45.25,D12_Uridine,48
45.5,D12_Uridine,51
45.75,D12_Uridine,53
46.0,D12_Uridine,48
46.25,D12_Uridine,55
46.5,D12_Uridine,52
46.75,D12_Uridine,50
47.0,D12_Uridine,57
47.25,D12_Uridine,55
47.5,D12_Uridine,0
0.0,E1_L-Glutamine,17
0.25,E1_L-Glutamine,15
0.5,E1_L-Glutamine,25
0.75,E1_L-Glutamine,15
1.0,E1_L-Glutamine,18
1.25,E1_L-Glutamine,21
1.5,E1_L-Glutamine,16
1.75,E1_L-Glutamine,16
2.0,E1_L-Glutamine,18
2.25,E1_L-Glutamine,22
2.5,E1_L-Glutamine,15
2.75,E1_L-Glutamine,11
3.0,E1_L-Glutamine,14
3.25,E1_L-Glutamine,19
3.5,E1_L-Glutamine,11
3.75,E1_L-Glutamine,20
4.0,E1_L-Glutamine,12
4.25,E1_L-Glutamine,17
4.5,E1_L-Glutamine,13
4.75,E1_L-Glutamine,18
5.0,E1_L-Glutamine,22
5.25,E1_L-Glutamine,24
5.5,E1_L-Glutamine,28
5.75,E1_L-Glutamine,26
6.0,E1_L-Glutamine,32
6.25,E1_L-Glutamine,30
6.5,E1_L-Glutamine,31
6.75,E1_L-Glutamine,32
7.0,E1_L-Glutamine,35
7.25,E1_L-Glutamine,41
7.5,E1_L-Glutamine,35
7.75,E1_L-Glutamine,43
8.0,E1_L-Glutamine,45
8.25,E1_L-Glutamine,42
8.5,E1_L-Glutamine,48
8.75,E1_L-Glutamine,51
9.0,E1_L-Glutamine,42
9.25,E1_L-Glutamine,43
9.5,E1_L-Glutamine,47
9.75,E1_L-Glutamine,46
10.0,E1_L-Glutamine,52
10.25,E1_L-Glutamine,51
10.5,E1_L-Glutamine,52
10.75,E1_L-Glutamine,57
11.0,E1_L-Glutamine,53
11.25,E1_L-Glutamine,55
11.5,E1_L-Glutamine,54
11.75,E1_L-Glutamine,58
12.0,E1_L-Glutamine,63
12.25,E1_L-Glutamine,58
12.5,E1_L-Glutamine,63
12.75,E1_L-Glutamine,61
13.0,E1_L-Glutamine,62
13.25,E1_L-Glutamine,68
13.5,E1_L-Glutamine,71
13.75,E1_L-Glutamine,67
14.0,E1_L-Glutamine,72
14.25,E1_L-Glutamine,74
14.5,E1_L-Glutamine,78
14.75,E1_L-Glutamine,80
15.0,E1_L-Glutamine,79
15.25,E1_L-Glutamine,82
15.5,E1_L-Glutamine,83
15.75,E1_L-Glutamine,80
16.0,E1_L-Glutamine,89
16.25,E1_L-Glutamine,89
16.5,E1_L-Glutamine,94
16.75,E1_L-Glutamine,95
17.0,E1_L-Glutamine,97
17.25,E1_L-Glutamine,95
17.5,E1_L-Glutamine,97
17.75,E1_L-Glutamine,106
18.0,E1_L-Glutamine,107
18.25,E1_L-Glutamine,114
18.5,E1_L-Glutamine,119
18.75,E1_L-Glutamine,122
19.0,E1_L-Glutamine,122
19.25,E1_L-Glutamine,125
19.5,E1_L-Glutamine,128
19.75,E1_L-Glutamine,138
20.0,E1_L-Glutamine,137
20.25,E1_L-Glutamine,136
20.5,E1_L-Glutamine,140
20.75,E1_L-Glutamine,148
21.0,E1_L-Glutamine,152
21.25,E1_L-Glutamine,149
21.5,E1_L-Glutamine,151
21.75,E1_L-Glutamine,163
22.0,E1_L-Glutamine,160
22.25,E1_L-Glutamine,165
22.5,E1_L-Glutamine,173
22.75,E1_L-Glutamine,176
23.0,E1_L-Glutamine,176
23.25,E1_L-Glutamine,181
23.5,E1_L-Glutamine,184
23.75,E1_L-Glutamine,190
24.0,E1_L-Glutamine,192
24.25,E1_L-Glutamine,194
24.5,E1_L-Glutamine,196
24.75,E1_L-Glutamine,200
25.0,E1_L-Glutamine,200
25.25,E1_L-Glutamine,206
25.5,E1_L-Glutamine,211
25.75,E1_L-Glutamine,211
26.0,E1_L-Glutamine,216
26.25,E1_L-Glutamine,214
26.5,E1_L-Glutamine,215
26.75,E1_L-Glutamine,221
27.0,E1_L-Glutamine,227
27.25,E1_L-Glutamine,222
27.5,E1_L-Glutamine,226
27.75,E1_L-Glutamine,229
28.0,E1_L-Glutamine,232
28.25,E1_L-Glutamine,232
28.5,E1_L-Glutamine,231
28.75,E1_L-Glutamine,237
29.0,E1_L-Glutamine,236
29.25,E1_L-Glutamine,237
29.5,E1_L-Glutamine,243
29.75,E1_L-Glutamine,241
30.0,E1_L-Glutamine,243
30.25,E1_L-Glutamine,244
30.5,E1_L-Glutamine,248
30.75,E1_L-Glutamine,244
31.0,E1_L-Glutamine,247
31.25,E1_L-Glutamine,247
31.5,E1_L-Glutamine,249
31.75,E1_L-Glutamine,252
32.0,E1_L-Glutamine,248
32.25,E1_L-Glutamine,254
32.5,E1_L-Glutamine,247
32.75,E1_L-Glutamine,251
33.0,E1_L-Glutamine,248
33.25,E1_L-Glutamine,257
33.5,E1_L-Glutamine,256
33.75,E1_L-Glutamine,255
34.0,E1_L-Glutamine,257
34.25,E1_L-Glutamine,260
34.5,E1_L-Glutamine,260
34.75,E1_L-Glutamine,257
35.0,E1_L-Glutamine,259
35.25,E1_L-Glutamine,252
35.5,E1_L-Glutamine,258
35.75,E1_L-Glutamine,259
36.0,E1_L-Glutamine,256
36.25,E1_L-Glutamine,255
36.5,E1_L-Glutamine,258
36.75,E1_L-Glutamine,257
37.0,E1_L-Glutamine,260
37.25,E1_L-Glutamine,261
37.5,E1_L-Glutamine,259
37.75,E1_L-Glutamine,258
38.0,E1_L-Glutamine,261
38.25,E1_L-Glutamine,263
38.5,E1_L-Glutamine,257
38.75,E1_L-Glutamine,260
39.0,E1_L-Glutamine,260
39.25,E1_L-Glutamine,262
39.5,E1_L-Glutamine,259
39.75,E1_L-Glutamine,260
40.0,E1_L-Glutamine,256
40.25,E1_L-Glutamine,256
40.5,E1_L-Glutamine,262
40.75,E1_L-Glutamine,263
41.0,E1_L-Glutamine,260
41.25,E1_L-Glutamine,257
41.5,E1_L-Glutamine,264
41.75,E1_L-Glutamine,263
42.0,E1_L-Glutamine,262
42.25,E1_L-Glutamine,263
42.5,E1_L-Glutamine,265
42.75,E1_L-Glutamine,258
43.0,E1_L-Glutamine,267
43.25,E1_L-Glutamine,263
43.5,E1_L-Glutamine,268
43.75,E1_L-Glutamine,267
44.0,E1_L-Glutamine,268
44.25,E1_L-Glutamine,266
44.5,E1_L-Glutamine,262
44.75,E1_L-Glutamine,266
45.0,E1_L-Glutamine,267
45.25,E1_L-Glutamine,265
45.5,E1_L-Glutamine,270
45.75,E1_L-Glutamine,267
46.0,E1_L-Glutamine,269
46.25,E1_L-Glutamine,270
46.5,E1_L-Glutamine,263
46.75,E1_L-Glutamine,268
47.0,E1_L-Glutamine,267
47.25,E1_L-Glutamine,266
47.5,E1_L-Glutamine,0
0.0,E2_m-Tartaric_Acid,11
0.25,E2_m-Tartaric_Acid,15
0.5,E2_m-Tartaric_Acid,18
0.75,E2_m-Tartaric_Acid,11
1.0,E2_m-Tartaric_Acid,11
1.25,E2_m-Tartaric_Acid,11
1.5,E2_m-Tartaric_Acid,14
1.75,E2_m-Tartaric_Acid,11
2.0,E2_m-Tartaric_Acid,11
2.25,E2_m-Tartaric_Acid,11
2.5,E2_m-Tartaric_Acid,11
2.75,E2_m-Tartaric_Acid,11
3.0,E2_m-Tartaric_Acid,12
3.25,E2_m-Tartaric_Acid,12
3.5,E2_m-Tartaric_Acid,11
3.75,E2_m-Tartaric_Acid,13
4.0,E2_m-Tartaric_Acid,11
4.25,E2_m-Tartaric_Acid,14
4.5,E2_m-Tartaric_Acid,14
4.75,E2_m-Tartaric_Acid,17
5.0,E2_m-Tartaric_Acid,17
5.25,E2_m-Tartaric_Acid,18
5.5,E2_m-Tartaric_Acid,11
5.75,E2_m-Tartaric_Acid,15
6.0,E2_m-Tartaric_Acid,15
6.25,E2_m-Tartaric_Acid,17
6.5,E2_m-Tartaric_Acid,14
6.75,E2_m-Tartaric_Acid,15
7.0,E2_m-Tartaric_Acid,19
7.25,E2_m-Tartaric_Acid,13
7.5,E2_m-Tartaric_Acid,18
7.75,E2_m-Tartaric_Acid,19
8.0,E2_m-Tartaric_Acid,16
8.25,E2_m-Tartaric_Acid,12
8.5,E2_m-Tartaric_Acid,16
8.75,E2_m-Tartaric_Acid,14
9.0,E2_m-Tartaric_Acid,21
9.25,E2_m-Tartaric_Acid,16
9.5,E2_m-Tartaric_Acid,21
9.75,E2_m-Tartaric_Acid,19
10.0,E2_m-Tartaric_Acid,15
10.25,E2_m-Tartaric_Acid,17
10.5,E2_m-Tartaric_Acid,18
10.75,E2_m-Tartaric_Acid,19
11.0,E2_m-Tartaric_Acid,24
11.25,E2_m-Tartaric_Acid,20
11.5,E2_m-Tartaric_Acid,16
11.75,E2_m-Tartaric_Acid,23
12.0,E2_m-Tartaric_Acid,17
12.25,E2_m-Tartaric_Acid,21
12.5,E2_m-Tartaric_Acid,17
12.75,E2_m-Tartaric_Acid,19
13.0,E2_m-Tartaric_Acid,21
13.25,E2_m-Tartaric_Acid,26
13.5,E2_m-Tartaric_Acid,21
13.75,E2_m-Tartaric_Acid,21
14.0,E2_m-Tartaric_Acid,21
14.25,E2_m-Tartaric_Acid,23
14.5,E2_m-Tartaric_Acid,24
14.75,E2_m-Tartaric_Acid,22
15.0,E2_m-Tartaric_Acid,18
15.25,E2_m-Tartaric_Acid,23
15.5,E2_m-Tartaric_Acid,23
15.75,E2_m-Tartaric_Acid,22
16.0,E2_m-Tartaric_Acid,19
16.25,E2_m-Tartaric_Acid,20
16.5,E2_m-Tartaric_Acid,20
16.75,E2_m-Tartaric_Acid,22
17.0,E2_m-Tartaric_Acid,23
17.25,E2_m-Tartaric_Acid,23
17.5,E2_m-Tartaric_Acid,28
17.75,E2_m-Tartaric_Acid,24
18.0,E2_m-Tartaric_Acid,21
18.25,E2_m-Tartaric_Acid,25
18.5,E2_m-Tartaric_Acid,22
18.75,E2_m-Tartaric_Acid,28
19.0,E2_m-Tartaric_Acid,26
19.25,E2_m-Tartaric_Acid,24
19.5,E2_m-Tartaric_Acid,20
19.75,E2_m-Tartaric_Acid,26
20.0,E2_m-Tartaric_Acid,25
20.25,E2_m-Tartaric_Acid,22
20.5,E2_m-Tartaric_Acid,20
20.75,E2_m-Tartaric_Acid,27
21.0,E2_m-Tartaric_Acid,22
21.25,E2_m-Tartaric_Acid,25
21.5,E2_m-Tartaric_Acid,26
21.75,E2_m-Tartaric_Acid,23
22.0,E2_m-Tartaric_Acid,23
22.25,E2_m-Tartaric_Acid,24
22.5,E2_m-Tartaric_Acid,25
22.75,E2_m-Tartaric_Acid,27
23.0,E2_m-Tartaric_Acid,30
23.25,E2_m-Tartaric_Acid,25
23.5,E2_m-Tartaric_Acid,27
23.75,E2_m-Tartaric_Acid,24
24.0,E2_m-Tartaric_Acid,26
24.25,E2_m-Tartaric_Acid,26
24.5,E2_m-Tartaric_Acid,29
24.75,E2_m-Tartaric_Acid,30
25.0,E2_m-Tartaric_Acid,21
25.25,E2_m-Tartaric_Acid,21
25.5,E2_m-Tartaric_Acid,26
25.75,E2_m-Tartaric_Acid,29
26.0,E2_m-Tartaric_Acid,24
26.25,E2_m-Tartaric_Acid,29
26.5,E2_m-Tartaric_Acid,28
26.75,E2_m-Tartaric_Acid,26
27.0,E2_m-Tartaric_Acid,37
27.25,E2_m-Tartaric_Acid,32
27.5,E2_m-Tartaric_Acid,28
27.75,E2_m-Tartaric_Acid,29
28.0,E2_m-Tartaric_Acid,34
28.25,E2_m-Tartaric_Acid,26
28.5,E2_m-Tartaric_Acid,26
28.75,E2_m-Tartaric_Acid,27
29.0,E2_m-Tartaric_Acid,31
29.25,E2_m-Tartaric_Acid,32
29.5,E2_m-Tartaric_Acid,32
29.75,E2_m-Tartaric_Acid,26
30.0,E2_m-Tartaric_Acid,30
30.25,E2_m-Tartaric_Acid,28
30.5,E2_m-Tartaric_Acid,30
30.75,E2_m-Tartaric_Acid,30
31.0,E2_m-Tartaric_Acid,29
31.25,E2_m-Tartaric_Acid,31
31.5,E2_m-Tartaric_Acid,33
31.75,E2_m-Tartaric_Acid,32
32.0,E2_m-Tartaric_Acid,29
32.25,E2_m-Tartaric_Acid,34
32.5,E2_m-Tartaric_Acid,33
32.75,E2_m-Tartaric_Acid,29
33.0,E2_m-Tartaric_Acid,28
33.25,E2_m-Tartaric_Acid,31
33.5,E2_m-Tartaric_Acid,32
33.75,E2_m-Tartaric_Acid,27
34.0,E2_m-Tartaric_Acid,31
34.25,E2_m-Tartaric_Acid,36
34.5,E2_m-Tartaric_Acid,31
34.75,E2_m-Tartaric_Acid,30
35.0,E2_m-Tartaric_Acid,31
35.25,E2_m-Tartaric_Acid,28
35.5,E2_m-Tartaric_Acid,32
35.75,E2_m-Tartaric_Acid,33
36.0,E2_m-Tartaric_Acid,32
36.25,E2_m-Tartaric_Acid,28
36.5,E2_m-Tartaric_Acid,31
36.75,E2_m-Tartaric_Acid,26
37.0,E2_m-Tartaric_Acid,31
37.25,E2_m-Tartaric_Acid,31
37.5,E2_m-Tartaric_Acid,26
37.75,E2_m-Tartaric_Acid,32
38.0,E2_m-Tartaric_Acid,32
38.25,E2_m-Tartaric_Acid,32
38.5,E2_m-Tartaric_Acid,28
38.75,E2_m-Tartaric_Acid,35
39.0,E2_m-Tartaric_Acid,35
39.25,E2_m-Tartaric_Acid,31
39.5,E2_m-Tartaric_Acid,29
39.75,E2_m-Tartaric_Acid,28
40.0,E2_m-Tartaric_Acid,34
40.25,E2_m-Tartaric_Acid,35
40.5,E2_m-Tartaric_Acid,28
40.75,E2_m-Tartaric_Acid,32
41.0,E2_m-Tartaric_Acid,29
41.25,E2_m-Tartaric_Acid,29
41.5,E2_m-Tartaric_Acid,32
41.75,E2_m-Tartaric_Acid,33
42.0,E2_m-Tartaric_Acid,30
42.25,E2_m-Tartaric_Acid,32
42.5,E2_m-Tartaric_Acid,32
42.75,E2_m-Tartaric_Acid,30
43.0,E2_m-Tartaric_Acid,33
43.25,E2_m-Tartaric_Acid,33
43.5,E2_m-Tartaric_Acid,31
43.75,E2_m-Tartaric_Acid,35
44.0,E2_m-Tartaric_Acid,37
44.25,E2_m-Tartaric_Acid,35
44.5,E2_m-Tartaric_Acid,33
44.75,E2_m-Tartaric_Acid,34
45.0,E2_m-Tartaric_Acid,32
45.25,E2_m-Tartaric_Acid,31
45.5,E2_m-Tartaric_Acid,34
45.75,E2_m-Tartaric_Acid,27
46.0,E2_m-Tartaric_Acid,36
46.25,E2_m-Tartaric_Acid,37
46.5,E2_m-Tartaric_Acid,30
46.75,E2_m-Tartaric_Acid,34
47.0,E2_m-Tartaric_Acid,33
47.25,E2_m-Tartaric_Acid,30
47.5,E2_m-Tartaric_Acid,0
0.0,E3_D-Glucose-1-Phosphate,29
0.25,E3_D-Glucose-1-Phosphate,24
0.5,E3_D-Glucose-1-Phosphate,14
0.75,E3_D-Glucose-1-Phosphate,17
1.0,E3_D-Glucose-1-Phosphate,14
1.25,E3_D-Glucose-1-Phosphate,13
1.5,E3_D-Glucose-1-Phosphate,17
1.75,E3_D-Glucose-1-Phosphate,14
2.0,E3_D-Glucose-1-Phosphate,15
2.25,E3_D-Glucose-1-Phosphate,14
2.5,E3_D-Glucose-1-Phosphate,15
2.75,E3_D-Glucose-1-Phosphate,15
3.0,E3_D-Glucose-1-Phosphate,18
3.25,E3_D-Glucose-1-Phosphate,16
3.5,E3_D-Glucose-1-Phosphate,16
3.75,E3_D-Glucose-1-Phosphate,19
4.0,E3_D-Glucose-1-Phosphate,18
4.25,E3_D-Glucose-1-Phosphate,21
4.5,E3_D-Glucose-1-Phosphate,20
4.75,E3_D-Glucose-1-Phosphate,24
5.0,E3_D-Glucose-1-Phosphate,26
5.25,E3_D-Glucose-1-Phosphate,26
5.5,E3_D-Glucose-1-Phosphate,23
5.75,E3_D-Glucose-1-Phosphate,22
6.0,E3_D-Glucose-1-Phosphate,25
6.25,E3_D-Glucose-1-Phosphate,29
6.5,E3_D-Glucose-1-Phosphate,27
6.75,E3_D-Glucose-1-Phosphate,29
7.0,E3_D-Glucose-1-Phosphate,32
7.25,E3_D-Glucose-1-Phosphate,30
7.5,E3_D-Glucose-1-Phosphate,34
7.75,E3_D-Glucose-1-Phosphate,34
8.0,E3_D-Glucose-1-Phosphate,33
8.25,E3_D-Glucose-1-Phosphate,35
8.5,E3_D-Glucose-1-Phosphate,34
8.75,E3_D-Glucose-1-Phosphate,35
9.0,E3_D-Glucose-1-Phosphate,34
9.25,E3_D-Glucose-1-Phosphate,31
9.5,E3_D-Glucose-1-Phosphate,30
9.75,E3_D-Glucose-1-Phosphate,36
10.0,E3_D-Glucose-1-Phosphate,33
10.25,E3_D-Glucose-1-Phosphate,34
10.5,E3_D-Glucose-1-Phosphate,36
10.75,E3_D-Glucose-1-Phosphate,36
11.0,E3_D-Glucose-1-Phosphate,37
11.25,E3_D-Glucose-1-Phosphate,38
11.5,E3_D-Glucose-1-Phosphate,36
11.75,E3_D-Glucose-1-Phosphate,34
12.0,E3_D-Glucose-1-Phosphate,35
12.25,E3_D-Glucose-1-Phosphate,33
12.5,E3_D-Glucose-1-Phosphate,37
12.75,E3_D-Glucose-1-Phosphate,33
13.0,E3_D-Glucose-1-Phosphate,39
13.25,E3_D-Glucose-1-Phosphate,34
13.5,E3_D-Glucose-1-Phosphate,34
13.75,E3_D-Glucose-1-Phosphate,35
14.0,E3_D-Glucose-1-Phosphate,32
14.25,E3_D-Glucose-1-Phosphate,33
14.5,E3_D-Glucose-1-Phosphate,34
14.75,E3_D-Glucose-1-Phosphate,39
15.0,E3_D-Glucose-1-Phosphate,36
15.25,E3_D-Glucose-1-Phosphate,39
15.5,E3_D-Glucose-1-Phosphate,37
15.75,E3_D-Glucose-1-Phosphate,40
16.0,E3_D-Glucose-1-Phosphate,43
16.25,E3_D-Glucose-1-Phosphate,40
16.5,E3_D-Glucose-1-Phosphate,41
16.75,E3_D-Glucose-1-Phosphate,38
17.0,E3_D-Glucose-1-Phosphate,38
17.25,E3_D-Glucose-1-Phosphate,41
17.5,E3_D-Glucose-1-Phosphate,40
17.75,E3_D-Glucose-1-Phosphate,35
18.0,E3_D-Glucose-1-Phosphate,41
18.25,E3_D-Glucose-1-Phosphate,41
18.5,E3_D-Glucose-1-Phosphate,40
18.75,E3_D-Glucose-1-Phosphate,43
19.0,E3_D-Glucose-1-Phosphate,42
19.25,E3_D-Glucose-1-Phosphate,42
19.5,E3_D-Glucose-1-Phosphate,39
19.75,E3_D-Glucose-1-Phosphate,43
20.0,E3_D-Glucose-1-Phosphate,45
20.25,E3_D-Glucose-1-Phosphate,43
20.5,E3_D-Glucose-1-Phosphate,40
20.75,E3_D-Glucose-1-Phosphate,41
21.0,E3_D-Glucose-1-Phosphate,40
21.25,E3_D-Glucose-1-Phosphate,40
21.5,E3_D-Glucose-1-Phosphate,42
21.75,E3_D-Glucose-1-Phosphate,38
22.0,E3_D-Glucose-1-Phosphate,45
22.25,E3_D-Glucose-1-Phosphate,40
22.5,E3_D-Glucose-1-Phosphate,40
22.75,E3_D-Glucose-1-Phosphate,41
23.0,E3_D-Glucose-1-Phosphate,46
23.25,E3_D-Glucose-1-Phosphate,43
23.5,E3_D-Glucose-1-Phosphate,42
23.75,E3_D-Glucose-1-Phosphate,41
24.0,E3_D-Glucose-1-Phosphate,40
24.25,E3_D-Glucose-1-Phosphate,42
24.5,E3_D-Glucose-1-Phosphate,39
24.75,E3_D-Glucose-1-Phosphate,43
25.0,E3_D-Glucose-1-Phosphate,41
25.25,E3_D-Glucose-1-Phosphate,38
25.5,E3_D-Glucose-1-Phosphate,41
25.75,E3_D-Glucose-1-Phosphate,44
26.0,E3_D-Glucose-1-Phosphate,44
26.25,E3_D-Glucose-1-Phosphate,46
26.5,E3_D-Glucose-1-Phosphate,42
26.75,E3_D-Glucose-1-Phosphate,46
27.0,E3_D-Glucose-1-Phosphate,48
27.25,E3_D-Glucose-1-Phosphate,46
27.5,E3_D-Glucose-1-Phosphate,42
27.75,E3_D-Glucose-1-Phosphate,45
28.0,E3_D-Glucose-1-Phosphate,47
28.25,E3_D-Glucose-1-Phosphate,43
28.5,E3_D-Glucose-1-Phosphate,43
28.75,E3_D-Glucose-1-Phosphate,45
29.0,E3_D-Glucose-1-Phosphate,47
29.25,E3_D-Glucose-1-Phosphate,45
29.5,E3_D-Glucose-1-Phosphate,42
29.75,E3_D-Glucose-1-Phosphate,45
30.0,E3_D-Glucose-1-Phosphate,44
30.25,E3_D-Glucose-1-Phosphate,45
30.5,E3_D-Glucose-1-Phosphate,43
30.75,E3_D-Glucose-1-Phosphate,44
31.0,E3_D-Glucose-1-Phosphate,46
31.25,E3_D-Glucose-1-Phosphate,49
31.5,E3_D-Glucose-1-Phosphate,49
31.75,E3_D-Glucose-1-Phosphate,48
32.0,E3_D-Glucose-1-Phosphate,48
32.25,E3_D-Glucose-1-Phosphate,45
32.5,E3_D-Glucose-1-Phosphate,45
32.75,E3_D-Glucose-1-Phosphate,43
33.0,E3_D-Glucose-1-Phosphate,46
33.25,E3_D-Glucose-1-Phosphate,41
33.5,E3_D-Glucose-1-Phosphate,46
33.75,E3_D-Glucose-1-Phosphate,44
34.0,E3_D-Glucose-1-Phosphate,46
34.25,E3_D-Glucose-1-Phosphate,44
34.5,E3_D-Glucose-1-Phosphate,43
34.75,E3_D-Glucose-1-Phosphate,44
35.0,E3_D-Glucose-1-Phosphate,47
35.25,E3_D-Glucose-1-Phosphate,46
35.5,E3_D-Glucose-1-Phosphate,49
35.75,E3_D-Glucose-1-Phosphate,45
36.0,E3_D-Glucose-1-Phosphate,50
36.25,E3_D-Glucose-1-Phosphate,47
36.5,E3_D-Glucose-1-Phosphate,49
36.75,E3_D-Glucose-1-Phosphate,47
37.0,E3_D-Glucose-1-Phosphate,46
37.25,E3_D-Glucose-1-Phosphate,46
37.5,E3_D-Glucose-1-Phosphate,49
37.75,E3_D-Glucose-1-Phosphate,48
38.0,E3_D-Glucose-1-Phosphate,49
38.25,E3_D-Glucose-1-Phosphate,45
38.5,E3_D-Glucose-1-Phosphate,48
38.75,E3_D-Glucose-1-Phosphate,46
39.0,E3_D-Glucose-1-Phosphate,47
39.25,E3_D-Glucose-1-Phosphate,48
39.5,E3_D-Glucose-1-Phosphate,45
39.75,E3_D-Glucose-1-Phosphate,46
40.0,E3_D-Glucose-1-Phosphate,46
40.25,E3_D-Glucose-1-Phosphate,47
40.5,E3_D-Glucose-1-Phosphate,43
40.75,E3_D-Glucose-1-Phosphate,45
41.0,E3_D-Glucose-1-Phosphate,50
41.25,E3_D-Glucose-1-Phosphate,46
41.5,E3_D-Glucose-1-Phosphate,46
41.75,E3_D-Glucose-1-Phosphate,43
42.0,E3_D-Glucose-1-Phosphate,39
42.25,E3_D-Glucose-1-Phosphate,45
42.5,E3_D-Glucose-1-Phosphate,47
42.75,E3_D-Glucose-1-Phosphate,45
43.0,E3_D-Glucose-1-Phosphate,51
43.25,E3_D-Glucose-1-Phosphate,44
43.5,E3_D-Glucose-1-Phosphate,49
43.75,E3_D-Glucose-1-Phosphate,47
44.0,E3_D-Glucose-1-Phosphate,55
44.25,E3_D-Glucose-1-Phosphate,48
44.5,E3_D-Glucose-1-Phosphate,50
44.75,E3_D-Glucose-1-Phosphate,49
45.0,E3_D-Glucose-1-Phosphate,48
45.25,E3_D-Glucose-1-Phosphate,49
45.5,E3_D-Glucose-1-Phosphate,46
45.75,E3_D-Glucose-1-Phosphate,46
46.0,E3_D-Glucose-1-Phosphate,49
46.25,E3_D-Glucose-1-Phosphate,46
46.5,E3_D-Glucose-1-Phosphate,45
46.75,E3_D-Glucose-1-Phosphate,47
47.0,E3_D-Glucose-1-Phosphate,49
47.25,E3_D-Glucose-1-Phosphate,50
47.5,E3_D-Glucose-1-Phosphate,0
0.0,E4_D-Fructose-6-Phosphate,38
0.25,E4_D-Fructose-6-Phosphate,40
0.5,E4_D-Fructose-6-Phosphate,14
0.75,E4_D-Fructose-6-Phosphate,15
1.0,E4_D-Fructose-6-Phosphate,14
1.25,E4_D-Fructose-6-Phosphate,12
1.5,E4_D-Fructose-6-Phosphate,15
1.75,E4_D-Fructose-6-Phosphate,15
2.0,E4_D-Fructose-6-Phosphate,14
2.25,E4_D-Fructose-6-Phosphate,17
2.5,E4_D-Fructose-6-Phosphate,15
2.75,E4_D-Fructose-6-Phosphate,11
3.0,E4_D-Fructose-6-Phosphate,15
3.25,E4_D-Fructose-6-Phosphate,13
3.5,E4_D-Fructose-6-Phosphate,11
3.75,E4_D-Fructose-6-Phosphate,15
4.0,E4_D-Fructose-6-Phosphate,12
4.25,E4_D-Fructose-6-Phosphate,16
4.5,E4_D-Fructose-6-Phosphate,14
4.75,E4_D-Fructose-6-Phosphate,18
5.0,E4_D-Fructose-6-Phosphate,14
5.25,E4_D-Fructose-6-Phosphate,17
5.5,E4_D-Fructose-6-Phosphate,12
5.75,E4_D-Fructose-6-Phosphate,15
6.0,E4_D-Fructose-6-Phosphate,14
6.25,E4_D-Fructose-6-Phosphate,17
6.5,E4_D-Fructose-6-Phosphate,14
6.75,E4_D-Fructose-6-Phosphate,23
7.0,E4_D-Fructose-6-Phosphate,21
7.25,E4_D-Fructose-6-Phosphate,20
7.5,E4_D-Fructose-6-Phosphate,20
7.75,E4_D-Fructose-6-Phosphate,25
8.0,E4_D-Fructose-6-Phosphate,27
8.25,E4_D-Fructose-6-Phosphate,20
8.5,E4_D-Fructose-6-Phosphate,25
8.75,E4_D-Fructose-6-Phosphate,25
9.0,E4_D-Fructose-6-Phosphate,29
9.25,E4_D-Fructose-6-Phosphate,25
9.5,E4_D-Fructose-6-Phosphate,31
9.75,E4_D-Fructose-6-Phosphate,30
10.0,E4_D-Fructose-6-Phosphate,31
10.25,E4_D-Fructose-6-Phosphate,34
10.5,E4_D-Fructose-6-Phosphate,37
10.75,E4_D-Fructose-6-Phosphate,36
11.0,E4_D-Fructose-6-Phosphate,34
11.25,E4_D-Fructose-6-Phosphate,36
11.5,E4_D-Fructose-6-Phosphate,35
11.75,E4_D-Fructose-6-Phosphate,35
12.0,E4_D-Fructose-6-Phosphate,33
12.25,E4_D-Fructose-6-Phosphate,36
12.5,E4_D-Fructose-6-Phosphate,33
12.75,E4_D-Fructose-6-Phosphate,36
13.0,E4_D-Fructose-6-Phosphate,36
13.25,E4_D-Fructose-6-Phosphate,37
13.5,E4_D-Fructose-6-Phosphate,33
13.75,E4_D-Fructose-6-Phosphate,38
14.0,E4_D-Fructose-6-Phosphate,36
14.25,E4_D-Fructose-6-Phosphate,36
14.5,E4_D-Fructose-6-Phosphate,34
14.75,E4_D-Fructose-6-Phosphate,33
15.0,E4_D-Fructose-6-Phosphate,36
15.25,E4_D-Fructose-6-Phosphate,36
15.5,E4_D-Fructose-6-Phosphate,37
15.75,E4_D-Fructose-6-Phosphate,36
16.0,E4_D-Fructose-6-Phosphate,39
16.25,E4_D-Fructose-6-Phosphate,39
16.5,E4_D-Fructose-6-Phosphate,39
16.75,E4_D-Fructose-6-Phosphate,37
17.0,E4_D-Fructose-6-Phosphate,40
17.25,E4_D-Fructose-6-Phosphate,40
17.5,E4_D-Fructose-6-Phosphate,33
17.75,E4_D-Fructose-6-Phosphate,35
18.0,E4_D-Fructose-6-Phosphate,39
18.25,E4_D-Fructose-6-Phosphate,41
18.5,E4_D-Fructose-6-Phosphate,42
18.75,E4_D-Fructose-6-Phosphate,39
19.0,E4_D-Fructose-6-Phosphate,38
19.25,E4_D-Fructose-6-Phosphate,39
19.5,E4_D-Fructose-6-Phosphate,37
19.75,E4_D-Fructose-6-Phosphate,33
20.0,E4_D-Fructose-6-Phosphate,42
20.25,E4_D-Fructose-6-Phosphate,37
20.5,E4_D-Fructose-6-Phosphate,38
20.75,E4_D-Fructose-6-Phosphate,38
21.0,E4_D-Fructose-6-Phosphate,38
21.25,E4_D-Fructose-6-Phosphate,38
21.5,E4_D-Fructose-6-Phosphate,39
21.75,E4_D-Fructose-6-Phosphate,37
22.0,E4_D-Fructose-6-Phosphate,39
22.25,E4_D-Fructose-6-Phosphate,38
22.5,E4_D-Fructose-6-Phosphate,37
22.75,E4_D-Fructose-6-Phosphate,43
23.0,E4_D-Fructose-6-Phosphate,41
23.25,E4_D-Fructose-6-Phosphate,38
23.5,E4_D-Fructose-6-Phosphate,43
23.75,E4_D-Fructose-6-Phosphate,45
24.0,E4_D-Fructose-6-Phosphate,38
24.25,E4_D-Fructose-6-Phosphate,43
24.5,E4_D-Fructose-6-Phosphate,40
24.75,E4_D-Fructose-6-Phosphate,41
25.0,E4_D-Fructose-6-Phosphate,40
25.25,E4_D-Fructose-6-Phosphate,42
25.5,E4_D-Fructose-6-Phosphate,42
25.75,E4_D-Fructose-6-Phosphate,44
26.0,E4_D-Fructose-6-Phosphate,44
26.25,E4_D-Fructose-6-Phosphate,43
26.5,E4_D-Fructose-6-Phosphate,42
26.75,E4_D-Fructose-6-Phosphate,45
27.0,E4_D-Fructose-6-Phosphate,43
27.25,E4_D-Fructose-6-Phosphate,41
27.5,E4_D-Fructose-6-Phosphate,45
27.75,E4_D-Fructose-6-Phosphate,41
28.0,E4_D-Fructose-6-Phosphate,41
28.25,E4_D-Fructose-6-Phosphate,44
28.5,E4_D-Fructose-6-Phosphate,39
28.75,E4_D-Fructose-6-Phosphate,43
29.0,E4_D-Fructose-6-Phosphate,42
29.25,E4_D-Fructose-6-Phosphate,37
29.5,E4_D-Fructose-6-Phosphate,43
29.75,E4_D-Fructose-6-Phosphate,47
30.0,E4_D-Fructose-6-Phosphate,41
30.25,E4_D-Fructose-6-Phosphate,45
30.5,E4_D-Fructose-6-Phosphate,46
30.75,E4_D-Fructose-6-Phosphate,45
31.0,E4_D-Fructose-6-Phosphate,45
31.25,E4_D-Fructose-6-Phosphate,40
31.5,E4_D-Fructose-6-Phosphate,42
31.75,E4_D-Fructose-6-Phosphate,42
32.0,E4_D-Fructose-6-Phosphate,48
32.25,E4_D-Fructose-6-Phosphate,43
32.5,E4_D-Fructose-6-Phosphate,45
32.75,E4_D-Fructose-6-Phosphate,43
33.0,E4_D-Fructose-6-Phosphate,44
33.25,E4_D-Fructose-6-Phosphate,40
33.5,E4_D-Fructose-6-Phosphate,46
33.75,E4_D-Fructose-6-Phosphate,47
34.0,E4_D-Fructose-6-Phosphate,47
34.25,E4_D-Fructose-6-Phosphate,44
34.5,E4_D-Fructose-6-Phosphate,46
34.75,E4_D-Fructose-6-Phosphate,47
35.0,E4_D-Fructose-6-Phosphate,47
35.25,E4_D-Fructose-6-Phosphate,48
35.5,E4_D-Fructose-6-Phosphate,46
35.75,E4_D-Fructose-6-Phosphate,46
36.0,E4_D-Fructose-6-Phosphate,50
36.25,E4_D-Fructose-6-Phosphate,46
36.5,E4_D-Fructose-6-Phosphate,47
36.75,E4_D-Fructose-6-Phosphate,45
37.0,E4_D-Fructose-6-Phosphate,49
37.25,E4_D-Fructose-6-Phosphate,50
37.5,E4_D-Fructose-6-Phosphate,49
37.75,E4_D-Fructose-6-Phosphate,49
38.0,E4_D-Fructose-6-Phosphate,51
38.25,E4_D-Fructose-6-Phosphate,46
38.5,E4_D-Fructose-6-Phosphate,43
38.75,E4_D-Fructose-6-Phosphate,48
39.0,E4_D-Fructose-6-Phosphate,44
39.25,E4_D-Fructose-6-Phosphate,46
39.5,E4_D-Fructose-6-Phosphate,46
39.75,E4_D-Fructose-6-Phosphate,46
40.0,E4_D-Fructose-6-Phosphate,48
40.25,E4_D-Fructose-6-Phosphate,48
40.5,E4_D-Fructose-6-Phosphate,51
40.75,E4_D-Fructose-6-Phosphate,47
41.0,E4_D-Fructose-6-Phosphate,46
41.25,E4_D-Fructose-6-Phosphate,46
41.5,E4_D-Fructose-6-Phosphate,50
41.75,E4_D-Fructose-6-Phosphate,42
42.0,E4_D-Fructose-6-Phosphate,44
42.25,E4_D-Fructose-6-Phosphate,41
42.5,E4_D-Fructose-6-Phosphate,49
42.75,E4_D-Fructose-6-Phosphate,49
43.0,E4_D-Fructose-6-Phosphate,47
43.25,E4_D-Fructose-6-Phosphate,50
43.5,E4_D-Fructose-6-Phosphate,51
43.75,E4_D-Fructose-6-Phosphate,46
44.0,E4_D-Fructose-6-Phosphate,48
44.25,E4_D-Fructose-6-Phosphate,46
44.5,E4_D-Fructose-6-Phosphate,55
44.75,E4_D-Fructose-6-Phosphate,52
45.0,E4_D-Fructose-6-Phosphate,45
45.25,E4_D-Fructose-6-Phosphate,45
45.5,E4_D-Fructose-6-Phosphate,50
45.75,E4_D-Fructose-6-Phosphate,49
46.0,E4_D-Fructose-6-Phosphate,51
46.25,E4_D-Fructose-6-Phosphate,49
46.5,E4_D-Fructose-6-Phosphate,53
46.75,E4_D-Fructose-6-Phosphate,49
47.0,E4_D-Fructose-6-Phosphate,49
47.25,E4_D-Fructose-6-Phosphate,54
47.5,E4_D-Fructose-6-Phosphate,0
0.0,E5_Tween_80,11
0.25,E5_Tween_80,11
0.5,E5_Tween_80,11
0.75,E5_Tween_80,11
1.0,E5_Tween_80,11
1.25,E5_Tween_80,11
1.5,E5_Tween_80,16
1.75,E5_Tween_80,12
2.0,E5_Tween_80,11
2.25,E5_Tween_80,11
2.5,E5_Tween_80,11
2.75,E5_Tween_80,11
3.0,E5_Tween_80,11
3.25,E5_Tween_80,12
3.5,E5_Tween_80,15
3.75,E5_Tween_80,11
4.0,E5_Tween_80,16
4.25,E5_Tween_80,18
4.5,E5_Tween_80,15
4.75,E5_Tween_80,12
5.0,E5_Tween_80,18
5.25,E5_Tween_80,21
5.5,E5_Tween_80,19
5.75,E5_Tween_80,21
6.0,E5_Tween_80,21
6.25,E5_Tween_80,18
6.5,E5_Tween_80,20
6.75,E5_Tween_80,22
7.0,E5_Tween_80,28
7.25,E5_Tween_80,26
7.5,E5_Tween_80,30
7.75,E5_Tween_80,28
8.0,E5_Tween_80,30
8.25,E5_Tween_80,27
8.5,E5_Tween_80,29
8.75,E5_Tween_80,29
9.0,E5_Tween_80,33
9.25,E5_Tween_80,34
9.5,E5_Tween_80,38
9.75,E5_Tween_80,36
10.0,E5_Tween_80,34
10.25,E5_Tween_80,38
10.5,E5_Tween_80,39
10.75,E5_Tween_80,45
11.0,E5_Tween_80,43
11.25,E5_Tween_80,44
11.5,E5_Tween_80,42
11.75,E5_Tween_80,49
12.0,E5_Tween_80,54
12.25,E5_Tween_80,51
12.5,E5_Tween_80,56
12.75,E5_Tween_80,55
13.0,E5_Tween_80,60
13.25,E5_Tween_80,65
13.5,E5_Tween_80,66
13.75,E5_Tween_80,68
14.0,E5_Tween_80,65
14.25,E5_Tween_80,74
14.5,E5_Tween_80,74
14.75,E5_Tween_80,75
15.0,E5_Tween_80,78
15.25,E5_Tween_80,84
15.5,E5_Tween_80,91
15.75,E5_Tween_80,87
16.0,E5_Tween_80,92
16.25,E5_Tween_80,95
16.5,E5_Tween_80,93
16.75,E5_Tween_80,96
17.0,E5_Tween_80,95
17.25,E5_Tween_80,105
17.5,E5_Tween_80,104
17.75,E5_Tween_80,107
18.0,E5_Tween_80,110
18.25,E5_Tween_80,113
18.5,E5_Tween_80,119
18.75,E5_Tween_80,115
19.0,E5_Tween_80,116
19.25,E5_Tween_80,120
19.5,E5_Tween_80,120
19.75,E5_Tween_80,123
20.0,E5_Tween_80,125
20.25,E5_Tween_80,120
20.5,E5_Tween_80,127
20.75,E5_Tween_80,128
21.0,E5_Tween_80,129
21.25,E5_Tween_80,129
21.5,E5_Tween_80,132
21.75,E5_Tween_80,130
22.0,E5_Tween_80,133
22.25,E5_Tween_80,130
22.5,E5_Tween_80,133
22.75,E5_Tween_80,136
23.0,E5_Tween_80,133
23.25,E5_Tween_80,136
23.5,E5_Tween_80,136
23.75,E5_Tween_80,137
24.0,E5_Tween_80,137
24.25,E5_Tween_80,139
24.5,E5_Tween_80,139
24.75,E5_Tween_80,138
25.0,E5_Tween_80,141
25.25,E5_Tween_80,143
25.5,E5_Tween_80,138
25.75,E5_Tween_80,141
26.0,E5_Tween_80,140
26.25,E5_Tween_80,143
26.5,E5_Tween_80,143
26.75,E5_Tween_80,143
27.0,E5_Tween_80,150
27.25,E5_Tween_80,145
27.5,E5_Tween_80,146
27.75,E5_Tween_80,144
28.0,E5_Tween_80,148
28.25,E5_Tween_80,146
28.5,E5_Tween_80,147
28.75,E5_Tween_80,150
29.0,E5_Tween_80,148
29.25,E5_Tween_80,143
29.5,E5_Tween_80,146
29.75,E5_Tween_80,144
30.0,E5_Tween_80,148
30.25,E5_Tween_80,147
30.5,E5_Tween_80,146
30.75,E5_Tween_80,148
31.0,E5_Tween_80,146
31.25,E5_Tween_80,145
31.5,E5_Tween_80,145
31.75,E5_Tween_80,146
32.0,E5_Tween_80,148
32.25,E5_Tween_80,146
32.5,E5_Tween_80,147
32.75,E5_Tween_80,145
33.0,E5_Tween_80,142
33.25,E5_Tween_80,147
33.5,E5_Tween_80,147
33.75,E5_Tween_80,148
34.0,E5_Tween_80,148
34.25,E5_Tween_80,144
34.5,E5_Tween_80,145
34.75,E5_Tween_80,145
35.0,E5_Tween_80,150
35.25,E5_Tween_80,145
35.5,E5_Tween_80,145
35.75,E5_Tween_80,146
36.0,E5_Tween_80,148
36.25,E5_Tween_80,152
36.5,E5_Tween_80,146
36.75,E5_Tween_80,152
37.0,E5_Tween_80,146
37.25,E5_Tween_80,149
37.5,E5_Tween_80,144
37.75,E5_Tween_80,145
38.0,E5_Tween_80,151
38.25,E5_Tween_80,147
38.5,E5_Tween_80,145
38.75,E5_Tween_80,150
39.0,E5_Tween_80,145
39.25,E5_Tween_80,149
39.5,E5_Tween_80,144
39.75,E5_Tween_80,144
40.0,E5_Tween_80,146
40.25,E5_Tween_80,147
40.5,E5_Tween_80,149
40.75,E5_Tween_80,144
41.0,E5_Tween_80,148
41.25,E5_Tween_80,147
41.5,E5_Tween_80,151
41.75,E5_Tween_80,147
42.0,E5_Tween_80,147
42.25,E5_Tween_80,146
42.5,E5_Tween_80,150
42.75,E5_Tween_80,149
43.0,E5_Tween_80,150
43.25,E5_Tween_80,148
43.5,E5_Tween_80,148
43.75,E5_Tween_80,151
44.0,E5_Tween_80,147
44.25,E5_Tween_80,144
44.5,E5_Tween_80,144
44.75,E5_Tween_80,147
45.0,E5_Tween_80,146
45.25,E5_Tween_80,146
45.5,E5_Tween_80,147
45.75,E5_Tween_80,148
46.0,E5_Tween_80,147
46.25,E5_Tween_80,145
46.5,E5_Tween_80,144
46.75,E5_Tween_80,145
47.0,E5_Tween_80,150
47.25,E5_Tween_80,146
47.5,E5_Tween_80,0
0.0,E6_a-Hydroxy_Glutaric_Acid-g_Lactone,11
0.25,E6_a-Hydroxy_Glutaric_Acid-g_Lactone,11
0.5,E6_a-Hydroxy_Glutaric_Acid-g_Lactone,11
0.75,E6_a-Hydroxy_Glutaric_Acid-g_Lactone,11
1.0,E6_a-Hydroxy_Glutaric_Acid-g_Lactone,11
1.25,E6_a-Hydroxy_Glutaric_Acid-g_Lactone,11
1.5,E6_a-Hydroxy_Glutaric_Acid-g_Lactone,11
1.75,E6_a-Hydroxy_Glutaric_Acid-g_Lactone,11
2.0,E6_a-Hydroxy_Glutaric_Acid-g_Lactone,11
2.25,E6_a-Hydroxy_Glutaric_Acid-g_Lactone,11
2.5,E6_a-Hydroxy_Glutaric_Acid-g_Lactone,11
2.75,E6_a-Hydroxy_Glutaric_Acid-g_Lactone,11
3.0,E6_a-Hydroxy_Glutaric_Acid-g_Lactone,11
3.25,E6_a-Hydroxy_Glutaric_Acid-g_Lactone,11
3.5,E6_a-Hydroxy_Glutaric_Acid-g_Lactone,11
3.75,E6_a-Hydroxy_Glutaric_Acid-g_Lactone,11
4.0,E6_a-Hydroxy_Glutaric_Acid-g_Lactone,11
4.25,E6_a-Hydroxy_Glutaric_Acid-g_Lactone,13
4.5,E6_a-Hydroxy_Glutaric_Acid-g_Lactone,11
4.75,E6_a-Hydroxy_Glutaric_Acid-g_Lactone,13
5.0,E6_a-Hydroxy_Glutaric_Acid-g_Lactone,16
5.25,E6_a-Hydroxy_Glutaric_Acid-g_Lactone,15
5.5,E6_a-Hydroxy_Glutaric_Acid-g_Lactone,11
5.75,E6_a-Hydroxy_Glutaric_Acid-g_Lactone,18
6.0,E6_a-Hydroxy_Glutaric_Acid-g_Lactone,12
6.25,E6_a-Hydroxy_Glutaric_Acid-g_Lactone,19
6.5,E6_a-Hydroxy_Glutaric_Acid-g_Lactone,17
6.75,E6_a-Hydroxy_Glutaric_Acid-g_Lactone,19
7.0,E6_a-Hydroxy_Glutaric_Acid-g_Lactone,20
7.25,E6_a-Hydroxy_Glutaric_Acid-g_Lactone,18
7.5,E6_a-Hydroxy_Glutaric_Acid-g_Lactone,22
7.75,E6_a-Hydroxy_Glutaric_Acid-g_Lactone,23
8.0,E6_a-Hydroxy_Glutaric_Acid-g_Lactone,19
8.25,E6_a-Hydroxy_Glutaric_Acid-g_Lactone,18
8.5,E6_a-Hydroxy_Glutaric_Acid-g_Lactone,20
8.75,E6_a-Hydroxy_Glutaric_Acid-g_Lactone,17
9.0,E6_a-Hydroxy_Glutaric_Acid-g_Lactone,20
9.25,E6_a-Hydroxy_Glutaric_Acid-g_Lactone,24
9.5,E6_a-Hydroxy_Glutaric_Acid-g_Lactone,22
9.75,E6_a-Hydroxy_Glutaric_Acid-g_Lactone,23
10.0,E6_a-Hydroxy_Glutaric_Acid-g_Lactone,25
10.25,E6_a-Hydroxy_Glutaric_Acid-g_Lactone,20
10.5,E6_a-Hydroxy_Glutaric_Acid-g_Lactone,23
10.75,E6_a-Hydroxy_Glutaric_Acid-g_Lactone,24
11.0,E6_a-Hydroxy_Glutaric_Acid-g_Lactone,23
11.25,E6_a-Hydroxy_Glutaric_Acid-g_Lactone,23
11.5,E6_a-Hydroxy_Glutaric_Acid-g_Lactone,26
11.75,E6_a-Hydroxy_Glutaric_Acid-g_Lactone,23
12.0,E6_a-Hydroxy_Glutaric_Acid-g_Lactone,24
12.25,E6_a-Hydroxy_Glutaric_Acid-g_Lactone,21
12.5,E6_a-Hydroxy_Glutaric_Acid-g_Lactone,19
12.75,E6_a-Hydroxy_Glutaric_Acid-g_Lactone,20
13.0,E6_a-Hydroxy_Glutaric_Acid-g_Lactone,22
13.25,E6_a-Hydroxy_Glutaric_Acid-g_Lactone,26
13.5,E6_a-Hydroxy_Glutaric_Acid-g_Lactone,21
13.75,E6_a-Hydroxy_Glutaric_Acid-g_Lactone,25
14.0,E6_a-Hydroxy_Glutaric_Acid-g_Lactone,28
14.25,E6_a-Hydroxy_Glutaric_Acid-g_Lactone,25
14.5,E6_a-Hydroxy_Glutaric_Acid-g_Lactone,27
14.75,E6_a-Hydroxy_Glutaric_Acid-g_Lactone,25
15.0,E6_a-Hydroxy_Glutaric_Acid-g_Lactone,21
15.25,E6_a-Hydroxy_Glutaric_Acid-g_Lactone,25
15.5,E6_a-Hydroxy_Glutaric_Acid-g_Lactone,24
15.75,E6_a-Hydroxy_Glutaric_Acid-g_Lactone,25
16.0,E6_a-Hydroxy_Glutaric_Acid-g_Lactone,23
16.25,E6_a-Hydroxy_Glutaric_Acid-g_Lactone,27
16.5,E6_a-Hydroxy_Glutaric_Acid-g_Lactone,21
16.75,E6_a-Hydroxy_Glutaric_Acid-g_Lactone,24
17.0,E6_a-Hydroxy_Glutaric_Acid-g_Lactone,26
17.25,E6_a-Hydroxy_Glutaric_Acid-g_Lactone,25
17.5,E6_a-Hydroxy_Glutaric_Acid-g_Lactone,29
17.75,E6_a-Hydroxy_Glutaric_Acid-g_Lactone,31
18.0,E6_a-Hydroxy_Glutaric_Acid-g_Lactone,34
18.25,E6_a-Hydroxy_Glutaric_Acid-g_Lactone,31
18.5,E6_a-Hydroxy_Glutaric_Acid-g_Lactone,26
18.75,E6_a-Hydroxy_Glutaric_Acid-g_Lactone,30
19.0,E6_a-Hydroxy_Glutaric_Acid-g_Lactone,29
19.25,E6_a-Hydroxy_Glutaric_Acid-g_Lactone,30
19.5,E6_a-Hydroxy_Glutaric_Acid-g_Lactone,31
19.75,E6_a-Hydroxy_Glutaric_Acid-g_Lactone,27
20.0,E6_a-Hydroxy_Glutaric_Acid-g_Lactone,24
20.25,E6_a-Hydroxy_Glutaric_Acid-g_Lactone,29
20.5,E6_a-Hydroxy_Glutaric_Acid-g_Lactone,26
20.75,E6_a-Hydroxy_Glutaric_Acid-g_Lactone,30
21.0,E6_a-Hydroxy_Glutaric_Acid-g_Lactone,28
21.25,E6_a-Hydroxy_Glutaric_Acid-g_Lactone,23
21.5,E6_a-Hydroxy_Glutaric_Acid-g_Lactone,26
21.75,E6_a-Hydroxy_Glutaric_Acid-g_Lactone,28
22.0,E6_a-Hydroxy_Glutaric_Acid-g_Lactone,27
22.25,E6_a-Hydroxy_Glutaric_Acid-g_Lactone,26
22.5,E6_a-Hydroxy_Glutaric_Acid-g_Lactone,26
22.75,E6_a-Hydroxy_Glutaric_Acid-g_Lactone,32
23.0,E6_a-Hydroxy_Glutaric_Acid-g_Lactone,29
23.25,E6_a-Hydroxy_Glutaric_Acid-g_Lactone,26
23.5,E6_a-Hydroxy_Glutaric_Acid-g_Lactone,29
23.75,E6_a-Hydroxy_Glutaric_Acid-g_Lactone,30
24.0,E6_a-Hydroxy_Glutaric_Acid-g_Lactone,25
24.25,E6_a-Hydroxy_Glutaric_Acid-g_Lactone,31
24.5,E6_a-Hydroxy_Glutaric_Acid-g_Lactone,31
24.75,E6_a-Hydroxy_Glutaric_Acid-g_Lactone,29
25.0,E6_a-Hydroxy_Glutaric_Acid-g_Lactone,25
25.25,E6_a-Hydroxy_Glutaric_Acid-g_Lactone,29
25.5,E6_a-Hydroxy_Glutaric_Acid-g_Lactone,27
25.75,E6_a-Hydroxy_Glutaric_Acid-g_Lactone,28
26.0,E6_a-Hydroxy_Glutaric_Acid-g_Lactone,26
26.25,E6_a-Hydroxy_Glutaric_Acid-g_Lactone,28
26.5,E6_a-Hydroxy_Glutaric_Acid-g_Lactone,31
26.75,E6_a-Hydroxy_Glutaric_Acid-g_Lactone,29
27.0,E6_a-Hydroxy_Glutaric_Acid-g_Lactone,32
27.25,E6_a-Hydroxy_Glutaric_Acid-g_Lactone,33
27.5,E6_a-Hydroxy_Glutaric_Acid-g_Lactone,29
27.75,E6_a-Hydroxy_Glutaric_Acid-g_Lactone,26
28.0,E6_a-Hydroxy_Glutaric_Acid-g_Lactone,30
28.25,E6_a-Hydroxy_Glutaric_Acid-g_Lactone,30
28.5,E6_a-Hydroxy_Glutaric_Acid-g_Lactone,31
28.75,E6_a-Hydroxy_Glutaric_Acid-g_Lactone,32
29.0,E6_a-Hydroxy_Glutaric_Acid-g_Lactone,27
29.25,E6_a-Hydroxy_Glutaric_Acid-g_Lactone,32
29.5,E6_a-Hydroxy_Glutaric_Acid-g_Lactone,31
29.75,E6_a-Hydroxy_Glutaric_Acid-g_Lactone,27
30.0,E6_a-Hydroxy_Glutaric_Acid-g_Lactone,27
30.25,E6_a-Hydroxy_Glutaric_Acid-g_Lactone,33
30.5,E6_a-Hydroxy_Glutaric_Acid-g_Lactone,28
30.75,E6_a-Hydroxy_Glutaric_Acid-g_Lactone,27
31.0,E6_a-Hydroxy_Glutaric_Acid-g_Lactone,32
31.25,E6_a-Hydroxy_Glutaric_Acid-g_Lactone,30
31.5,E6_a-Hydroxy_Glutaric_Acid-g_Lactone,31
31.75,E6_a-Hydroxy_Glutaric_Acid-g_Lactone,31
32.0,E6_a-Hydroxy_Glutaric_Acid-g_Lactone,31
32.25,E6_a-Hydroxy_Glutaric_Acid-g_Lactone,30
32.5,E6_a-Hydroxy_Glutaric_Acid-g_Lactone,30
32.75,E6_a-Hydroxy_Glutaric_Acid-g_Lactone,27
33.0,E6_a-Hydroxy_Glutaric_Acid-g_Lactone,28
33.25,E6_a-Hydroxy_Glutaric_Acid-g_Lactone,28
33.5,E6_a-Hydroxy_Glutaric_Acid-g_Lactone,28
33.75,E6_a-Hydroxy_Glutaric_Acid-g_Lactone,28
34.0,E6_a-Hydroxy_Glutaric_Acid-g_Lactone,28
34.25,E6_a-Hydroxy_Glutaric_Acid-g_Lactone,32
34.5,E6_a-Hydroxy_Glutaric_Acid-g_Lactone,29
34.75,E6_a-Hydroxy_Glutaric_Acid-g_Lactone,35
35.0,E6_a-Hydroxy_Glutaric_Acid-g_Lactone,32
35.25,E6_a-Hydroxy_Glutaric_Acid-g_Lactone,32
35.5,E6_a-Hydroxy_Glutaric_Acid-g_Lactone,30
35.75,E6_a-Hydroxy_Glutaric_Acid-g_Lactone,30
36.0,E6_a-Hydroxy_Glutaric_Acid-g_Lactone,32
36.25,E6_a-Hydroxy_Glutaric_Acid-g_Lactone,33
36.5,E6_a-Hydroxy_Glutaric_Acid-g_Lactone,30
36.75,E6_a-Hydroxy_Glutaric_Acid-g_Lactone,27
37.0,E6_a-Hydroxy_Glutaric_Acid-g_Lactone,31
37.25,E6_a-Hydroxy_Glutaric_Acid-g_Lactone,33
37.5,E6_a-Hydroxy_Glutaric_Acid-g_Lactone,30
37.75,E6_a-Hydroxy_Glutaric_Acid-g_Lactone,33
38.0,E6_a-Hydroxy_Glutaric_Acid-g_Lactone,30
38.25,E6_a-Hydroxy_Glutaric_Acid-g_Lactone,30
38.5,E6_a-Hydroxy_Glutaric_Acid-g_Lactone,29
38.75,E6_a-Hydroxy_Glutaric_Acid-g_Lactone,31
39.0,E6_a-Hydroxy_Glutaric_Acid-g_Lactone,30
39.25,E6_a-Hydroxy_Glutaric_Acid-g_Lactone,29
39.5,E6_a-Hydroxy_Glutaric_Acid-g_Lactone,31
39.75,E6_a-Hydroxy_Glutaric_Acid-g_Lactone,31
40.0,E6_a-Hydroxy_Glutaric_Acid-g_Lactone,30
40.25,E6_a-Hydroxy_Glutaric_Acid-g_Lactone,32
40.5,E6_a-Hydroxy_Glutaric_Acid-g_Lactone,29
40.75,E6_a-Hydroxy_Glutaric_Acid-g_Lactone,31
41.0,E6_a-Hydroxy_Glutaric_Acid-g_Lactone,30
41.25,E6_a-Hydroxy_Glutaric_Acid-g_Lactone,29
41.5,E6_a-Hydroxy_Glutaric_Acid-g_Lactone,30
41.75,E6_a-Hydroxy_Glutaric_Acid-g_Lactone,25
42.0,E6_a-Hydroxy_Glutaric_Acid-g_Lactone,30
42.25,E6_a-Hydroxy_Glutaric_Acid-g_Lactone,27
42.5,E6_a-Hydroxy_Glutaric_Acid-g_Lactone,28
42.75,E6_a-Hydroxy_Glutaric_Acid-g_Lactone,28
43.0,E6_a-Hydroxy_Glutaric_Acid-g_Lactone,31
43.25,E6_a-Hydroxy_Glutaric_Acid-g_Lactone,30
43.5,E6_a-Hydroxy_Glutaric_Acid-g_Lactone,30
43.75,E6_a-Hydroxy_Glutaric_Acid-g_Lactone,34
44.0,E6_a-Hydroxy_Glutaric_Acid-g_Lactone,33
44.25,E6_a-Hydroxy_Glutaric_Acid-g_Lactone,33
44.5,E6_a-Hydroxy_Glutaric_Acid-g_Lactone,31
44.75,E6_a-Hydroxy_Glutaric_Acid-g_Lactone,29
45.0,E6_a-Hydroxy_Glutaric_Acid-g_Lactone,29
45.25,E6_a-Hydroxy_Glutaric_Acid-g_Lactone,28
45.5,E6_a-Hydroxy_Glutaric_Acid-g_Lactone,37
45.75,E6_a-Hydroxy_Glutaric_Acid-g_Lactone,33
46.0,E6_a-Hydroxy_Glutaric_Acid-g_Lactone,30
46.25,E6_a-Hydroxy_Glutaric_Acid-g_Lactone,30
46.5,E6_a-Hydroxy_Glutaric_Acid-g_Lactone,28
46.75,E6_a-Hydroxy_Glutaric_Acid-g_Lactone,29
47.0,E6_a-Hydroxy_Glutaric_Acid-g_Lactone,31
47.25,E6_a-Hydroxy_Glutaric_Acid-g_Lactone,33
47.5,E6_a-Hydroxy_Glutaric_Acid-g_Lactone,0
0.0,E7_a-Hydroxy_Butyric_Acid,21
0.25,E7_a-Hydroxy_Butyric_Acid,11
0.5,E7_a-Hydroxy_Butyric_Acid,21
0.75,E7_a-Hydroxy_Butyric_Acid,24
1.0,E7_a-Hydroxy_Butyric_Acid,19
1.25,E7_a-Hydroxy_Butyric_Acid,16
1.5,E7_a-Hydroxy_Butyric_Acid,17
1.75,E7_a-Hydroxy_Butyric_Acid,18
2.0,E7_a-Hydroxy_Butyric_Acid,24
2.25,E7_a-Hydroxy_Butyric_Acid,21
2.5,E7_a-Hydroxy_Butyric_Acid,17
2.75,E7_a-Hydroxy_Butyric_Acid,21
3.0,E7_a-Hydroxy_Butyric_Acid,18
3.25,E7_a-Hydroxy_Butyric_Acid,12
3.5,E7_a-Hydroxy_Butyric_Acid,16
3.75,E7_a-Hydroxy_Butyric_Acid,19
4.0,E7_a-Hydroxy_Butyric_Acid,11
4.25,E7_a-Hydroxy_Butyric_Acid,16
4.5,E7_a-Hydroxy_Butyric_Acid,15
4.75,E7_a-Hydroxy_Butyric_Acid,13
5.0,E7_a-Hydroxy_Butyric_Acid,20
5.25,E7_a-Hydroxy_Butyric_Acid,22
5.5,E7_a-Hydroxy_Butyric_Acid,16
5.75,E7_a-Hydroxy_Butyric_Acid,17
6.0,E7_a-Hydroxy_Butyric_Acid,18
6.25,E7_a-Hydroxy_Butyric_Acid,21
6.5,E7_a-Hydroxy_Butyric_Acid,21
6.75,E7_a-Hydroxy_Butyric_Acid,22
7.0,E7_a-Hydroxy_Butyric_Acid,25
7.25,E7_a-Hydroxy_Butyric_Acid,24
7.5,E7_a-Hydroxy_Butyric_Acid,25
7.75,E7_a-Hydroxy_Butyric_Acid,25
8.0,E7_a-Hydroxy_Butyric_Acid,27
8.25,E7_a-Hydroxy_Butyric_Acid,27
8.5,E7_a-Hydroxy_Butyric_Acid,30
8.75,E7_a-Hydroxy_Butyric_Acid,26
9.0,E7_a-Hydroxy_Butyric_Acid,28
9.25,E7_a-Hydroxy_Butyric_Acid,27
9.5,E7_a-Hydroxy_Butyric_Acid,29
9.75,E7_a-Hydroxy_Butyric_Acid,26
10.0,E7_a-Hydroxy_Butyric_Acid,27
10.25,E7_a-Hydroxy_Butyric_Acid,29
10.5,E7_a-Hydroxy_Butyric_Acid,27
10.75,E7_a-Hydroxy_Butyric_Acid,29
11.0,E7_a-Hydroxy_Butyric_Acid,31
11.25,E7_a-Hydroxy_Butyric_Acid,32
11.5,E7_a-Hydroxy_Butyric_Acid,28
11.75,E7_a-Hydroxy_Butyric_Acid,32
12.0,E7_a-Hydroxy_Butyric_Acid,27
12.25,E7_a-Hydroxy_Butyric_Acid,33
12.5,E7_a-Hydroxy_Butyric_Acid,29
12.75,E7_a-Hydroxy_Butyric_Acid,31
13.0,E7_a-Hydroxy_Butyric_Acid,31
13.25,E7_a-Hydroxy_Butyric_Acid,34
13.5,E7_a-Hydroxy_Butyric_Acid,30
13.75,E7_a-Hydroxy_Butyric_Acid,36
14.0,E7_a-Hydroxy_Butyric_Acid,36
14.25,E7_a-Hydroxy_Butyric_Acid,32
14.5,E7_a-Hydroxy_Butyric_Acid,29
14.75,E7_a-Hydroxy_Butyric_Acid,35
15.0,E7_a-Hydroxy_Butyric_Acid,30
15.25,E7_a-Hydroxy_Butyric_Acid,34
15.5,E7_a-Hydroxy_Butyric_Acid,32
15.75,E7_a-Hydroxy_Butyric_Acid,31
16.0,E7_a-Hydroxy_Butyric_Acid,33
16.25,E7_a-Hydroxy_Butyric_Acid,33
16.5,E7_a-Hydroxy_Butyric_Acid,34
16.75,E7_a-Hydroxy_Butyric_Acid,34
17.0,E7_a-Hydroxy_Butyric_Acid,36
17.25,E7_a-Hydroxy_Butyric_Acid,35
17.5,E7_a-Hydroxy_Butyric_Acid,36
17.75,E7_a-Hydroxy_Butyric_Acid,39
18.0,E7_a-Hydroxy_Butyric_Acid,37
18.25,E7_a-Hydroxy_Butyric_Acid,38
18.5,E7_a-Hydroxy_Butyric_Acid,34
18.75,E7_a-Hydroxy_Butyric_Acid,35
19.0,E7_a-Hydroxy_Butyric_Acid,36
19.25,E7_a-Hydroxy_Butyric_Acid,38
19.5,E7_a-Hydroxy_Butyric_Acid,38
19.75,E7_a-Hydroxy_Butyric_Acid,37
20.0,E7_a-Hydroxy_Butyric_Acid,33
20.25,E7_a-Hydroxy_Butyric_Acid,38
20.5,E7_a-Hydroxy_Butyric_Acid,35
20.75,E7_a-Hydroxy_Butyric_Acid,39
21.0,E7_a-Hydroxy_Butyric_Acid,31
21.25,E7_a-Hydroxy_Butyric_Acid,34
21.5,E7_a-Hydroxy_Butyric_Acid,38
21.75,E7_a-Hydroxy_Butyric_Acid,32
22.0,E7_a-Hydroxy_Butyric_Acid,37
22.25,E7_a-Hydroxy_Butyric_Acid,32
22.5,E7_a-Hydroxy_Butyric_Acid,36
22.75,E7_a-Hydroxy_Butyric_Acid,38
23.0,E7_a-Hydroxy_Butyric_Acid,39
23.25,E7_a-Hydroxy_Butyric_Acid,34
23.5,E7_a-Hydroxy_Butyric_Acid,36
23.75,E7_a-Hydroxy_Butyric_Acid,39
24.0,E7_a-Hydroxy_Butyric_Acid,38
24.25,E7_a-Hydroxy_Butyric_Acid,35
24.5,E7_a-Hydroxy_Butyric_Acid,39
24.75,E7_a-Hydroxy_Butyric_Acid,40
25.0,E7_a-Hydroxy_Butyric_Acid,37
25.25,E7_a-Hydroxy_Butyric_Acid,39
25.5,E7_a-Hydroxy_Butyric_Acid,36
25.75,E7_a-Hydroxy_Butyric_Acid,39
26.0,E7_a-Hydroxy_Butyric_Acid,39
26.25,E7_a-Hydroxy_Butyric_Acid,40
26.5,E7_a-Hydroxy_Butyric_Acid,37
26.75,E7_a-Hydroxy_Butyric_Acid,38
27.0,E7_a-Hydroxy_Butyric_Acid,41
27.25,E7_a-Hydroxy_Butyric_Acid,39
27.5,E7_a-Hydroxy_Butyric_Acid,39
27.75,E7_a-Hydroxy_Butyric_Acid,39
28.0,E7_a-Hydroxy_Butyric_Acid,42
28.25,E7_a-Hydroxy_Butyric_Acid,41
28.5,E7_a-Hydroxy_Butyric_Acid,37
28.75,E7_a-Hydroxy_Butyric_Acid,36
29.0,E7_a-Hydroxy_Butyric_Acid,37
29.25,E7_a-Hydroxy_Butyric_Acid,40
29.5,E7_a-Hydroxy_Butyric_Acid,37
29.75,E7_a-Hydroxy_Butyric_Acid,42
30.0,E7_a-Hydroxy_Butyric_Acid,39
30.25,E7_a-Hydroxy_Butyric_Acid,41
30.5,E7_a-Hydroxy_Butyric_Acid,39
30.75,E7_a-Hydroxy_Butyric_Acid,40
31.0,E7_a-Hydroxy_Butyric_Acid,43
31.25,E7_a-Hydroxy_Butyric_Acid,43
31.5,E7_a-Hydroxy_Butyric_Acid,42
31.75,E7_a-Hydroxy_Butyric_Acid,41
32.0,E7_a-Hydroxy_Butyric_Acid,43
32.25,E7_a-Hydroxy_Butyric_Acid,38
32.5,E7_a-Hydroxy_Butyric_Acid,41
32.75,E7_a-Hydroxy_Butyric_Acid,42
33.0,E7_a-Hydroxy_Butyric_Acid,41
33.25,E7_a-Hydroxy_Butyric_Acid,38
33.5,E7_a-Hydroxy_Butyric_Acid,40
33.75,E7_a-Hydroxy_Butyric_Acid,43
34.0,E7_a-Hydroxy_Butyric_Acid,43
34.25,E7_a-Hydroxy_Butyric_Acid,39
34.5,E7_a-Hydroxy_Butyric_Acid,35
34.75,E7_a-Hydroxy_Butyric_Acid,32
35.0,E7_a-Hydroxy_Butyric_Acid,37
35.25,E7_a-Hydroxy_Butyric_Acid,37
35.5,E7_a-Hydroxy_Butyric_Acid,39
35.75,E7_a-Hydroxy_Butyric_Acid,41
36.0,E7_a-Hydroxy_Butyric_Acid,40
36.25,E7_a-Hydroxy_Butyric_Acid,43
36.5,E7_a-Hydroxy_Butyric_Acid,44
36.75,E7_a-Hydroxy_Butyric_Acid,40
37.0,E7_a-Hydroxy_Butyric_Acid,38
37.25,E7_a-Hydroxy_Butyric_Acid,38
37.5,E7_a-Hydroxy_Butyric_Acid,43
37.75,E7_a-Hydroxy_Butyric_Acid,41
38.0,E7_a-Hydroxy_Butyric_Acid,43
38.25,E7_a-Hydroxy_Butyric_Acid,40
38.5,E7_a-Hydroxy_Butyric_Acid,39
38.75,E7_a-Hydroxy_Butyric_Acid,40
39.0,E7_a-Hydroxy_Butyric_Acid,39
39.25,E7_a-Hydroxy_Butyric_Acid,39
39.5,E7_a-Hydroxy_Butyric_Acid,40
39.75,E7_a-Hydroxy_Butyric_Acid,42
40.0,E7_a-Hydroxy_Butyric_Acid,41
40.25,E7_a-Hydroxy_Butyric_Acid,40
40.5,E7_a-Hydroxy_Butyric_Acid,39
40.75,E7_a-Hydroxy_Butyric_Acid,45
41.0,E7_a-Hydroxy_Butyric_Acid,42
41.25,E7_a-Hydroxy_Butyric_Acid,42
41.5,E7_a-Hydroxy_Butyric_Acid,41
41.75,E7_a-Hydroxy_Butyric_Acid,38
42.0,E7_a-Hydroxy_Butyric_Acid,39
42.25,E7_a-Hydroxy_Butyric_Acid,38
42.5,E7_a-Hydroxy_Butyric_Acid,40
42.75,E7_a-Hydroxy_Butyric_Acid,37
43.0,E7_a-Hydroxy_Butyric_Acid,40
43.25,E7_a-Hydroxy_Butyric_Acid,43
43.5,E7_a-Hydroxy_Butyric_Acid,41
43.75,E7_a-Hydroxy_Butyric_Acid,41
44.0,E7_a-Hydroxy_Butyric_Acid,40
44.25,E7_a-Hydroxy_Butyric_Acid,41
44.5,E7_a-Hydroxy_Butyric_Acid,51
44.75,E7_a-Hydroxy_Butyric_Acid,41
45.0,E7_a-Hydroxy_Butyric_Acid,42
45.25,E7_a-Hydroxy_Butyric_Acid,40
45.5,E7_a-Hydroxy_Butyric_Acid,47
45.75,E7_a-Hydroxy_Butyric_Acid,43
46.0,E7_a-Hydroxy_Butyric_Acid,39
46.25,E7_a-Hydroxy_Butyric_Acid,42
46.5,E7_a-Hydroxy_Butyric_Acid,39
46.75,E7_a-Hydroxy_Butyric_Acid,39
47.0,E7_a-Hydroxy_Butyric_Acid,46
47.25,E7_a-Hydroxy_Butyric_Acid,44
47.5,E7_a-Hydroxy_Butyric_Acid,0
0.0,E8_B-Methyl-D_Glucoside,38
0.25,E8_B-Methyl-D_Glucoside,11
0.5,E8_B-Methyl-D_Glucoside,11
0.75,E8_B-Methyl-D_Glucoside,11
1.0,E8_B-Methyl-D_Glucoside,11
1.25,E8_B-Methyl-D_Glucoside,11
1.5,E8_B-Methyl-D_Glucoside,11
1.75,E8_B-Methyl-D_Glucoside,11
2.0,E8_B-Methyl-D_Glucoside,11
2.25,E8_B-Methyl-D_Glucoside,11
2.5,E8_B-Methyl-D_Glucoside,11
2.75,E8_B-Methyl-D_Glucoside,11
3.0,E8_B-Methyl-D_Glucoside,11
3.25,E8_B-Methyl-D_Glucoside,11
3.5,E8_B-Methyl-D_Glucoside,11
3.75,E8_B-Methyl-D_Glucoside,11
4.0,E8_B-Methyl-D_Glucoside,11
4.25,E8_B-Methyl-D_Glucoside,11
4.5,E8_B-Methyl-D_Glucoside,11
4.75,E8_B-Methyl-D_Glucoside,14
5.0,E8_B-Methyl-D_Glucoside,12
5.25,E8_B-Methyl-D_Glucoside,16
5.5,E8_B-Methyl-D_Glucoside,12
5.75,E8_B-Methyl-D_Glucoside,19
6.0,E8_B-Methyl-D_Glucoside,18
6.25,E8_B-Methyl-D_Glucoside,17
6.5,E8_B-Methyl-D_Glucoside,16
6.75,E8_B-Methyl-D_Glucoside,20
7.0,E8_B-Methyl-D_Glucoside,22
7.25,E8_B-Methyl-D_Glucoside,18
7.5,E8_B-Methyl-D_Glucoside,19
7.75,E8_B-Methyl-D_Glucoside,21
8.0,E8_B-Methyl-D_Glucoside,22
8.25,E8_B-Methyl-D_Glucoside,21
8.5,E8_B-Methyl-D_Glucoside,22
8.75,E8_B-Methyl-D_Glucoside,23
9.0,E8_B-Methyl-D_Glucoside,20
9.25,E8_B-Methyl-D_Glucoside,23
9.5,E8_B-Methyl-D_Glucoside,25
9.75,E8_B-Methyl-D_Glucoside,26
10.0,E8_B-Methyl-D_Glucoside,23
10.25,E8_B-Methyl-D_Glucoside,22
10.5,E8_B-Methyl-D_Glucoside,24
10.75,E8_B-Methyl-D_Glucoside,22
11.0,E8_B-Methyl-D_Glucoside,24
11.25,E8_B-Methyl-D_Glucoside,23
11.5,E8_B-Methyl-D_Glucoside,22
11.75,E8_B-Methyl-D_Glucoside,23
12.0,E8_B-Methyl-D_Glucoside,22
12.25,E8_B-Methyl-D_Glucoside,22
12.5,E8_B-Methyl-D_Glucoside,22
12.75,E8_B-Methyl-D_Glucoside,26
13.0,E8_B-Methyl-D_Glucoside,20
13.25,E8_B-Methyl-D_Glucoside,23
13.5,E8_B-Methyl-D_Glucoside,24
13.75,E8_B-Methyl-D_Glucoside,28
14.0,E8_B-Methyl-D_Glucoside,26
14.25,E8_B-Methyl-D_Glucoside,25
14.5,E8_B-Methyl-D_Glucoside,27
14.75,E8_B-Methyl-D_Glucoside,25
15.0,E8_B-Methyl-D_Glucoside,23
15.25,E8_B-Methyl-D_Glucoside,29
15.5,E8_B-Methyl-D_Glucoside,29
15.75,E8_B-Methyl-D_Glucoside,27
16.0,E8_B-Methyl-D_Glucoside,31
16.25,E8_B-Methyl-D_Glucoside,27
16.5,E8_B-Methyl-D_Glucoside,28
16.75,E8_B-Methyl-D_Glucoside,27
17.0,E8_B-Methyl-D_Glucoside,25
17.25,E8_B-Methyl-D_Glucoside,28
17.5,E8_B-Methyl-D_Glucoside,25
17.75,E8_B-Methyl-D_Glucoside,28
18.0,E8_B-Methyl-D_Glucoside,27
18.25,E8_B-Methyl-D_Glucoside,31
18.5,E8_B-Methyl-D_Glucoside,29
18.75,E8_B-Methyl-D_Glucoside,29
19.0,E8_B-Methyl-D_Glucoside,27
19.25,E8_B-Methyl-D_Glucoside,28
19.5,E8_B-Methyl-D_Glucoside,28
19.75,E8_B-Methyl-D_Glucoside,31
20.0,E8_B-Methyl-D_Glucoside,32
20.25,E8_B-Methyl-D_Glucoside,29
20.5,E8_B-Methyl-D_Glucoside,29
20.75,E8_B-Methyl-D_Glucoside,31
21.0,E8_B-Methyl-D_Glucoside,29
21.25,E8_B-Methyl-D_Glucoside,31
21.5,E8_B-Methyl-D_Glucoside,30
21.75,E8_B-Methyl-D_Glucoside,27
22.0,E8_B-Methyl-D_Glucoside,29
22.25,E8_B-Methyl-D_Glucoside,31
22.5,E8_B-Methyl-D_Glucoside,32
22.75,E8_B-Methyl-D_Glucoside,27
23.0,E8_B-Methyl-D_Glucoside,27
23.25,E8_B-Methyl-D_Glucoside,31
23.5,E8_B-Methyl-D_Glucoside,33
23.75,E8_B-Methyl-D_Glucoside,30
24.0,E8_B-Methyl-D_Glucoside,29
24.25,E8_B-Methyl-D_Glucoside,30
24.5,E8_B-Methyl-D_Glucoside,33
24.75,E8_B-Methyl-D_Glucoside,31
25.0,E8_B-Methyl-D_Glucoside,32
25.25,E8_B-Methyl-D_Glucoside,30
25.5,E8_B-Methyl-D_Glucoside,34
25.75,E8_B-Methyl-D_Glucoside,32
26.0,E8_B-Methyl-D_Glucoside,29
26.25,E8_B-Methyl-D_Glucoside,32
26.5,E8_B-Methyl-D_Glucoside,31
26.75,E8_B-Methyl-D_Glucoside,36
27.0,E8_B-Methyl-D_Glucoside,31
27.25,E8_B-Methyl-D_Glucoside,34
27.5,E8_B-Methyl-D_Glucoside,31
27.75,E8_B-Methyl-D_Glucoside,32
28.0,E8_B-Methyl-D_Glucoside,33
28.25,E8_B-Methyl-D_Glucoside,34
28.5,E8_B-Methyl-D_Glucoside,34
28.75,E8_B-Methyl-D_Glucoside,38
29.0,E8_B-Methyl-D_Glucoside,33
29.25,E8_B-Methyl-D_Glucoside,35
29.5,E8_B-Methyl-D_Glucoside,38
29.75,E8_B-Methyl-D_Glucoside,35
30.0,E8_B-Methyl-D_Glucoside,36
30.25,E8_B-Methyl-D_Glucoside,31
30.5,E8_B-Methyl-D_Glucoside,33
30.75,E8_B-Methyl-D_Glucoside,38
31.0,E8_B-Methyl-D_Glucoside,37
31.25,E8_B-Methyl-D_Glucoside,36
31.5,E8_B-Methyl-D_Glucoside,35
31.75,E8_B-Methyl-D_Glucoside,37
32.0,E8_B-Methyl-D_Glucoside,37
32.25,E8_B-Methyl-D_Glucoside,35
32.5,E8_B-Methyl-D_Glucoside,36
32.75,E8_B-Methyl-D_Glucoside,33
33.0,E8_B-Methyl-D_Glucoside,42
33.25,E8_B-Methyl-D_Glucoside,35
33.5,E8_B-Methyl-D_Glucoside,37
33.75,E8_B-Methyl-D_Glucoside,37
34.0,E8_B-Methyl-D_Glucoside,38
34.25,E8_B-Methyl-D_Glucoside,38
34.5,E8_B-Methyl-D_Glucoside,40
34.75,E8_B-Methyl-D_Glucoside,39
35.0,E8_B-Methyl-D_Glucoside,38
35.25,E8_B-Methyl-D_Glucoside,37
35.5,E8_B-Methyl-D_Glucoside,36
35.75,E8_B-Methyl-D_Glucoside,42
36.0,E8_B-Methyl-D_Glucoside,43
36.25,E8_B-Methyl-D_Glucoside,39
36.5,E8_B-Methyl-D_Glucoside,34
36.75,E8_B-Methyl-D_Glucoside,43
37.0,E8_B-Methyl-D_Glucoside,40
37.25,E8_B-Methyl-D_Glucoside,42
37.5,E8_B-Methyl-D_Glucoside,37
37.75,E8_B-Methyl-D_Glucoside,39
38.0,E8_B-Methyl-D_Glucoside,40
38.25,E8_B-Methyl-D_Glucoside,38
38.5,E8_B-Methyl-D_Glucoside,43
38.75,E8_B-Methyl-D_Glucoside,48
39.0,E8_B-Methyl-D_Glucoside,43
39.25,E8_B-Methyl-D_Glucoside,44
39.5,E8_B-Methyl-D_Glucoside,42
39.75,E8_B-Methyl-D_Glucoside,42
40.0,E8_B-Methyl-D_Glucoside,38
40.25,E8_B-Methyl-D_Glucoside,41
40.5,E8_B-Methyl-D_Glucoside,43
40.75,E8_B-Methyl-D_Glucoside,41
41.0,E8_B-Methyl-D_Glucoside,44
41.25,E8_B-Methyl-D_Glucoside,42
41.5,E8_B-Methyl-D_Glucoside,46
41.75,E8_B-Methyl-D_Glucoside,45
42.0,E8_B-Methyl-D_Glucoside,47
42.25,E8_B-Methyl-D_Glucoside,48
42.5,E8_B-Methyl-D_Glucoside,50
42.75,E8_B-Methyl-D_Glucoside,46
43.0,E8_B-Methyl-D_Glucoside,52
43.25,E8_B-Methyl-D_Glucoside,51
43.5,E8_B-Methyl-D_Glucoside,47
43.75,E8_B-Methyl-D_Glucoside,55
44.0,E8_B-Methyl-D_Glucoside,56
44.25,E8_B-Methyl-D_Glucoside,51
44.5,E8_B-Methyl-D_Glucoside,51
44.75,E8_B-Methyl-D_Glucoside,54
45.0,E8_B-Methyl-D_Glucoside,53
45.25,E8_B-Methyl-D_Glucoside,51
45.5,E8_B-Methyl-D_Glucoside,56
45.75,E8_B-Methyl-D_Glucoside,56
46.0,E8_B-Methyl-D_Glucoside,58
46.25,E8_B-Methyl-D_Glucoside,52
46.5,E8_B-Methyl-D_Glucoside,51
46.75,E8_B-Methyl-D_Glucoside,57
47.0,E8_B-Methyl-D_Glucoside,56
47.25,E8_B-Methyl-D_Glucoside,58
47.5,E8_B-Methyl-D_Glucoside,0
0.0,E9_Adonitol,13
0.25,E9_Adonitol,11
0.5,E9_Adonitol,11
0.75,E9_Adonitol,16
1.0,E9_Adonitol,15
1.25,E9_Adonitol,17
1.5,E9_Adonitol,16
1.75,E9_Adonitol,16
2.0,E9_Adonitol,16
2.25,E9_Adonitol,15
2.5,E9_Adonitol,14
2.75,E9_Adonitol,12
3.0,E9_Adonitol,13
3.25,E9_Adonitol,17
3.5,E9_Adonitol,18
3.75,E9_Adonitol,20
4.0,E9_Adonitol,16
4.25,E9_Adonitol,19
4.5,E9_Adonitol,18
4.75,E9_Adonitol,23
5.0,E9_Adonitol,22
5.25,E9_Adonitol,22
5.5,E9_Adonitol,22
5.75,E9_Adonitol,20
6.0,E9_Adonitol,22
6.25,E9_Adonitol,23
6.5,E9_Adonitol,26
6.75,E9_Adonitol,25
7.0,E9_Adonitol,30
7.25,E9_Adonitol,26
7.5,E9_Adonitol,27
7.75,E9_Adonitol,24
8.0,E9_Adonitol,29
8.25,E9_Adonitol,28
8.5,E9_Adonitol,29
8.75,E9_Adonitol,28
9.0,E9_Adonitol,33
9.25,E9_Adonitol,29
9.5,E9_Adonitol,27
9.75,E9_Adonitol,28
10.0,E9_Adonitol,27
10.25,E9_Adonitol,24
10.5,E9_Adonitol,31
10.75,E9_Adonitol,34
11.0,E9_Adonitol,29
11.25,E9_Adonitol,29
11.5,E9_Adonitol,30
11.75,E9_Adonitol,31
12.0,E9_Adonitol,30
12.25,E9_Adonitol,26
12.5,E9_Adonitol,33
12.75,E9_Adonitol,30
13.0,E9_Adonitol,32
13.25,E9_Adonitol,37
13.5,E9_Adonitol,32
13.75,E9_Adonitol,32
14.0,E9_Adonitol,35
14.25,E9_Adonitol,32
14.5,E9_Adonitol,34
14.75,E9_Adonitol,32
15.0,E9_Adonitol,30
15.25,E9_Adonitol,32
15.5,E9_Adonitol,39
15.75,E9_Adonitol,32
16.0,E9_Adonitol,34
16.25,E9_Adonitol,37
16.5,E9_Adonitol,37
16.75,E9_Adonitol,36
17.0,E9_Adonitol,35
17.25,E9_Adonitol,33
17.5,E9_Adonitol,36
17.75,E9_Adonitol,35
18.0,E9_Adonitol,36
18.25,E9_Adonitol,39
18.5,E9_Adonitol,38
18.75,E9_Adonitol,36
19.0,E9_Adonitol,37
19.25,E9_Adonitol,37
19.5,E9_Adonitol,35
19.75,E9_Adonitol,36
20.0,E9_Adonitol,39
20.25,E9_Adonitol,39
20.5,E9_Adonitol,41
20.75,E9_Adonitol,41
21.0,E9_Adonitol,33
21.25,E9_Adonitol,36
21.5,E9_Adonitol,38
21.75,E9_Adonitol,35
22.0,E9_Adonitol,37
22.25,E9_Adonitol,36
22.5,E9_Adonitol,42
22.75,E9_Adonitol,40
23.0,E9_Adonitol,41
23.25,E9_Adonitol,38
23.5,E9_Adonitol,36
23.75,E9_Adonitol,44
24.0,E9_Adonitol,37
24.25,E9_Adonitol,40
24.5,E9_Adonitol,40
24.75,E9_Adonitol,41
25.0,E9_Adonitol,41
25.25,E9_Adonitol,38
25.5,E9_Adonitol,40
25.75,E9_Adonitol,39
26.0,E9_Adonitol,42
26.25,E9_Adonitol,39
26.5,E9_Adonitol,38
26.75,E9_Adonitol,41
27.0,E9_Adonitol,42
27.25,E9_Adonitol,42
27.5,E9_Adonitol,41
27.75,E9_Adonitol,39
28.0,E9_Adonitol,43
28.25,E9_Adonitol,43
28.5,E9_Adonitol,38
28.75,E9_Adonitol,42
29.0,E9_Adonitol,40
29.25,E9_Adonitol,40
29.5,E9_Adonitol,44
29.75,E9_Adonitol,41
30.0,E9_Adonitol,39
30.25,E9_Adonitol,41
30.5,E9_Adonitol,43
30.75,E9_Adonitol,48
31.0,E9_Adonitol,45
31.25,E9_Adonitol,43
31.5,E9_Adonitol,43
31.75,E9_Adonitol,43
32.0,E9_Adonitol,43
32.25,E9_Adonitol,41
32.5,E9_Adonitol,44
32.75,E9_Adonitol,45
33.0,E9_Adonitol,40
33.25,E9_Adonitol,41
33.5,E9_Adonitol,42
33.75,E9_Adonitol,39
34.0,E9_Adonitol,42
34.25,E9_Adonitol,41
34.5,E9_Adonitol,41
34.75,E9_Adonitol,44
35.0,E9_Adonitol,41
35.25,E9_Adonitol,41
35.5,E9_Adonitol,42
35.75,E9_Adonitol,44
36.0,E9_Adonitol,44
36.25,E9_Adonitol,44
36.5,E9_Adonitol,43
36.75,E9_Adonitol,41
37.0,E9_Adonitol,46
37.25,E9_Adonitol,43
37.5,E9_Adonitol,42
37.75,E9_Adonitol,42
38.0,E9_Adonitol,44
38.25,E9_Adonitol,44
38.5,E9_Adonitol,41
38.75,E9_Adonitol,41
39.0,E9_Adonitol,43
39.25,E9_Adonitol,41
39.5,E9_Adonitol,41
39.75,E9_Adonitol,43
40.0,E9_Adonitol,42
40.25,E9_Adonitol,41
40.5,E9_Adonitol,42
40.75,E9_Adonitol,41
41.0,E9_Adonitol,42
41.25,E9_Adonitol,42
41.5,E9_Adonitol,45
41.75,E9_Adonitol,34
42.0,E9_Adonitol,35
42.25,E9_Adonitol,37
42.5,E9_Adonitol,43
42.75,E9_Adonitol,41
43.0,E9_Adonitol,46
43.25,E9_Adonitol,44
43.5,E9_Adonitol,43
43.75,E9_Adonitol,42
44.0,E9_Adonitol,40
44.25,E9_Adonitol,41
44.5,E9_Adonitol,45
44.75,E9_Adonitol,42
45.0,E9_Adonitol,43
45.25,E9_Adonitol,43
45.5,E9_Adonitol,44
45.75,E9_Adonitol,45
46.0,E9_Adonitol,44
46.25,E9_Adonitol,46
46.5,E9_Adonitol,41
46.75,E9_Adonitol,42
47.0,E9_Adonitol,44
47.25,E9_Adonitol,42
47.5,E9_Adonitol,0
0.0,E10_Maltotriose,11
0.25,E10_Maltotriose,11
0.5,E10_Maltotriose,11
0.75,E10_Maltotriose,11
1.0,E10_Maltotriose,11
1.25,E10_Maltotriose,11
1.5,E10_Maltotriose,16
1.75,E10_Maltotriose,12
2.0,E10_Maltotriose,11
2.25,E10_Maltotriose,11
2.5,E10_Maltotriose,11
2.75,E10_Maltotriose,14
3.0,E10_Maltotriose,11
3.25,E10_Maltotriose,11
3.5,E10_Maltotriose,11
3.75,E10_Maltotriose,11
4.0,E10_Maltotriose,12
4.25,E10_Maltotriose,14
4.5,E10_Maltotriose,13
4.75,E10_Maltotriose,21
5.0,E10_Maltotriose,17
5.25,E10_Maltotriose,22
5.5,E10_Maltotriose,17
5.75,E10_Maltotriose,22
6.0,E10_Maltotriose,18
6.25,E10_Maltotriose,22
6.5,E10_Maltotriose,26
6.75,E10_Maltotriose,29
7.0,E10_Maltotriose,28
7.25,E10_Maltotriose,29
7.5,E10_Maltotriose,39
7.75,E10_Maltotriose,35
8.0,E10_Maltotriose,43
8.25,E10_Maltotriose,48
8.5,E10_Maltotriose,50
8.75,E10_Maltotriose,49
9.0,E10_Maltotriose,59
9.25,E10_Maltotriose,60
9.5,E10_Maltotriose,64
9.75,E10_Maltotriose,67
10.0,E10_Maltotriose,74
10.25,E10_Maltotriose,82
10.5,E10_Maltotriose,87
10.75,E10_Maltotriose,86
11.0,E10_Maltotriose,95
11.25,E10_Maltotriose,96
11.5,E10_Maltotriose,97
11.75,E10_Maltotriose,102
12.0,E10_Maltotriose,111
12.25,E10_Maltotriose,121
12.5,E10_Maltotriose,120
12.75,E10_Maltotriose,122
13.0,E10_Maltotriose,134
13.25,E10_Maltotriose,138
13.5,E10_Maltotriose,135
13.75,E10_Maltotriose,137
14.0,E10_Maltotriose,137
14.25,E10_Maltotriose,136
14.5,E10_Maltotriose,141
14.75,E10_Maltotriose,151
15.0,E10_Maltotriose,151
15.25,E10_Maltotriose,156
15.5,E10_Maltotriose,161
15.75,E10_Maltotriose,164
16.0,E10_Maltotriose,170
16.25,E10_Maltotriose,174
16.5,E10_Maltotriose,175
16.75,E10_Maltotriose,178
17.0,E10_Maltotriose,187
17.25,E10_Maltotriose,182
17.5,E10_Maltotriose,190
17.75,E10_Maltotriose,193
18.0,E10_Maltotriose,199
18.25,E10_Maltotriose,202
18.5,E10_Maltotriose,205
18.75,E10_Maltotriose,209
19.0,E10_Maltotriose,213
19.25,E10_Maltotriose,217
19.5,E10_Maltotriose,218
19.75,E10_Maltotriose,222
20.0,E10_Maltotriose,224
20.25,E10_Maltotriose,225
20.5,E10_Maltotriose,231
20.75,E10_Maltotriose,228
21.0,E10_Maltotriose,232
21.25,E10_Maltotriose,231
21.5,E10_Maltotriose,232
21.75,E10_Maltotriose,233
22.0,E10_Maltotriose,238
22.25,E10_Maltotriose,239
22.5,E10_Maltotriose,242
22.75,E10_Maltotriose,239
23.0,E10_Maltotriose,245
23.25,E10_Maltotriose,244
23.5,E10_Maltotriose,246
23.75,E10_Maltotriose,252
24.0,E10_Maltotriose,253
24.25,E10_Maltotriose,250
24.5,E10_Maltotriose,251
24.75,E10_Maltotriose,250
25.0,E10_Maltotriose,255
25.25,E10_Maltotriose,256
25.5,E10_Maltotriose,255
25.75,E10_Maltotriose,256
26.0,E10_Maltotriose,255
26.25,E10_Maltotriose,255
26.5,E10_Maltotriose,258
26.75,E10_Maltotriose,261
27.0,E10_Maltotriose,265
27.25,E10_Maltotriose,259
27.5,E10_Maltotriose,261
27.75,E10_Maltotriose,263
28.0,E10_Maltotriose,266
28.25,E10_Maltotriose,265
28.5,E10_Maltotriose,264
28.75,E10_Maltotriose,264
29.0,E10_Maltotriose,267
29.25,E10_Maltotriose,265
29.5,E10_Maltotriose,268
29.75,E10_Maltotriose,266
30.0,E10_Maltotriose,272
30.25,E10_Maltotriose,271
30.5,E10_Maltotriose,268
30.75,E10_Maltotriose,267
31.0,E10_Maltotriose,269
31.25,E10_Maltotriose,267
31.5,E10_Maltotriose,271
31.75,E10_Maltotriose,268
32.0,E10_Maltotriose,270
32.25,E10_Maltotriose,265
32.5,E10_Maltotriose,268
32.75,E10_Maltotriose,271
33.0,E10_Maltotriose,267
33.25,E10_Maltotriose,269
33.5,E10_Maltotriose,271
33.75,E10_Maltotriose,271
34.0,E10_Maltotriose,272
34.25,E10_Maltotriose,273
34.5,E10_Maltotriose,272
34.75,E10_Maltotriose,277
35.0,E10_Maltotriose,272
35.25,E10_Maltotriose,271
35.5,E10_Maltotriose,271
35.75,E10_Maltotriose,273
36.0,E10_Maltotriose,272
36.25,E10_Maltotriose,276
36.5,E10_Maltotriose,272
36.75,E10_Maltotriose,271
37.0,E10_Maltotriose,274
37.25,E10_Maltotriose,275
37.5,E10_Maltotriose,276
37.75,E10_Maltotriose,273
38.0,E10_Maltotriose,280
38.25,E10_Maltotriose,278
38.5,E10_Maltotriose,276
38.75,E10_Maltotriose,275
39.0,E10_Maltotriose,275
39.25,E10_Maltotriose,272
39.5,E10_Maltotriose,271
39.75,E10_Maltotriose,275
40.0,E10_Maltotriose,275
40.25,E10_Maltotriose,274
40.5,E10_Maltotriose,276
40.75,E10_Maltotriose,274
41.0,E10_Maltotriose,273
41.25,E10_Maltotriose,274
41.5,E10_Maltotriose,276
41.75,E10_Maltotriose,273
42.0,E10_Maltotriose,275
42.25,E10_Maltotriose,274
42.5,E10_Maltotriose,281
42.75,E10_Maltotriose,277
43.0,E10_Maltotriose,279
43.25,E10_Maltotriose,279
43.5,E10_Maltotriose,280
43.75,E10_Maltotriose,280
44.0,E10_Maltotriose,279
44.25,E10_Maltotriose,277
44.5,E10_Maltotriose,281
44.75,E10_Maltotriose,277
45.0,E10_Maltotriose,278
45.25,E10_Maltotriose,279
45.5,E10_Maltotriose,282
45.75,E10_Maltotriose,280
46.0,E10_Maltotriose,277
46.25,E10_Maltotriose,281
46.5,E10_Maltotriose,277
46.75,E10_Maltotriose,275
47.0,E10_Maltotriose,280
47.25,E10_Maltotriose,280
47.5,E10_Maltotriose,0
0.0,E11_2-DeoxyAdenosine,11
0.25,E11_2-DeoxyAdenosine,11
0.5,E11_2-DeoxyAdenosine,13
0.75,E11_2-DeoxyAdenosine,11
1.0,E11_2-DeoxyAdenosine,14
1.25,E11_2-DeoxyAdenosine,11
1.5,E11_2-DeoxyAdenosine,15
1.75,E11_2-DeoxyAdenosine,14
2.0,E11_2-DeoxyAdenosine,15
2.25,E11_2-DeoxyAdenosine,15
2.5,E11_2-DeoxyAdenosine,16
2.75,E11_2-DeoxyAdenosine,14
3.0,E11_2-DeoxyAdenosine,15
3.25,E11_2-DeoxyAdenosine,13
3.5,E11_2-DeoxyAdenosine,15
3.75,E11_2-DeoxyAdenosine,17
4.0,E11_2-DeoxyAdenosine,12
4.25,E11_2-DeoxyAdenosine,16
4.5,E11_2-DeoxyAdenosine,16
4.75,E11_2-DeoxyAdenosine,17
5.0,E11_2-DeoxyAdenosine,19
5.25,E11_2-DeoxyAdenosine,21
5.5,E11_2-DeoxyAdenosine,19
5.75,E11_2-DeoxyAdenosine,21
6.0,E11_2-DeoxyAdenosine,22
6.25,E11_2-DeoxyAdenosine,19
6.5,E11_2-DeoxyAdenosine,25
6.75,E11_2-DeoxyAdenosine,24
7.0,E11_2-DeoxyAdenosine,27
7.25,E11_2-DeoxyAdenosine,28
7.5,E11_2-DeoxyAdenosine,28
7.75,E11_2-DeoxyAdenosine,31
8.0,E11_2-DeoxyAdenosine,30
8.25,E11_2-DeoxyAdenosine,27
8.5,E11_2-DeoxyAdenosine,28
8.75,E11_2-DeoxyAdenosine,35
9.0,E11_2-DeoxyAdenosine,28
9.25,E11_2-DeoxyAdenosine,31
9.5,E11_2-DeoxyAdenosine,37
9.75,E11_2-DeoxyAdenosine,35
10.0,E11_2-DeoxyAdenosine,37
10.25,E11_2-DeoxyAdenosine,36
10.5,E11_2-DeoxyAdenosine,39
10.75,E11_2-DeoxyAdenosine,43
11.0,E11_2-DeoxyAdenosine,44
11.25,E11_2-DeoxyAdenosine,45
11.5,E11_2-DeoxyAdenosine,49
11.75,E11_2-DeoxyAdenosine,47
12.0,E11_2-DeoxyAdenosine,47
12.25,E11_2-DeoxyAdenosine,53
12.5,E11_2-DeoxyAdenosine,55
12.75,E11_2-DeoxyAdenosine,51
13.0,E11_2-DeoxyAdenosine,50
13.25,E11_2-DeoxyAdenosine,59
13.5,E11_2-DeoxyAdenosine,61
13.75,E11_2-DeoxyAdenosine,62
14.0,E11_2-DeoxyAdenosine,68
14.25,E11_2-DeoxyAdenosine,63
14.5,E11_2-DeoxyAdenosine,66
14.75,E11_2-DeoxyAdenosine,72
15.0,E11_2-DeoxyAdenosine,70
15.25,E11_2-DeoxyAdenosine,76
15.5,E11_2-DeoxyAdenosine,81
15.75,E11_2-DeoxyAdenosine,80
16.0,E11_2-DeoxyAdenosine,81
16.25,E11_2-DeoxyAdenosine,88
16.5,E11_2-DeoxyAdenosine,89
16.75,E11_2-DeoxyAdenosine,91
17.0,E11_2-DeoxyAdenosine,98
17.25,E11_2-DeoxyAdenosine,93
17.5,E11_2-DeoxyAdenosine,99
17.75,E11_2-DeoxyAdenosine,101
18.0,E11_2-DeoxyAdenosine,102
18.25,E11_2-DeoxyAdenosine,111
18.5,E11_2-DeoxyAdenosine,112
18.75,E11_2-DeoxyAdenosine,112
19.0,E11_2-DeoxyAdenosine,117
19.25,E11_2-DeoxyAdenosine,117
19.5,E11_2-DeoxyAdenosine,117
19.75,E11_2-DeoxyAdenosine,129
20.0,E11_2-DeoxyAdenosine,131
20.25,E11_2-DeoxyAdenosine,127
20.5,E11_2-DeoxyAdenosine,128
20.75,E11_2-DeoxyAdenosine,135
21.0,E11_2-DeoxyAdenosine,138
21.25,E11_2-DeoxyAdenosine,134
21.5,E11_2-DeoxyAdenosine,137
21.75,E11_2-DeoxyAdenosine,146
22.0,E11_2-DeoxyAdenosine,141
22.25,E11_2-DeoxyAdenosine,148
22.5,E11_2-DeoxyAdenosine,152
22.75,E11_2-DeoxyAdenosine,152
23.0,E11_2-DeoxyAdenosine,153
23.25,E11_2-DeoxyAdenosine,155
23.5,E11_2-DeoxyAdenosine,155
23.75,E11_2-DeoxyAdenosine,161
24.0,E11_2-DeoxyAdenosine,162
24.25,E11_2-DeoxyAdenosine,163
24.5,E11_2-DeoxyAdenosine,164
24.75,E11_2-DeoxyAdenosine,165
25.0,E11_2-DeoxyAdenosine,168
25.25,E11_2-DeoxyAdenosine,171
25.5,E11_2-DeoxyAdenosine,170
25.75,E11_2-DeoxyAdenosine,172
26.0,E11_2-DeoxyAdenosine,175
26.25,E11_2-DeoxyAdenosine,173
26.5,E11_2-DeoxyAdenosine,177
26.75,E11_2-DeoxyAdenosine,173
27.0,E11_2-DeoxyAdenosine,176
27.25,E11_2-DeoxyAdenosine,180
27.5,E11_2-DeoxyAdenosine,177
27.75,E11_2-DeoxyAdenosine,180
28.0,E11_2-DeoxyAdenosine,180
28.25,E11_2-DeoxyAdenosine,185
28.5,E11_2-DeoxyAdenosine,185
28.75,E11_2-DeoxyAdenosine,185
29.0,E11_2-DeoxyAdenosine,183
29.25,E11_2-DeoxyAdenosine,182
29.5,E11_2-DeoxyAdenosine,189
29.75,E11_2-DeoxyAdenosine,189
30.0,E11_2-DeoxyAdenosine,194
30.25,E11_2-DeoxyAdenosine,191
30.5,E11_2-DeoxyAdenosine,193
30.75,E11_2-DeoxyAdenosine,189
31.0,E11_2-DeoxyAdenosine,194
31.25,E11_2-DeoxyAdenosine,194
31.5,E11_2-DeoxyAdenosine,197
31.75,E11_2-DeoxyAdenosine,198
32.0,E11_2-DeoxyAdenosine,194
32.25,E11_2-DeoxyAdenosine,197
32.5,E11_2-DeoxyAdenosine,199
32.75,E11_2-DeoxyAdenosine,199
33.0,E11_2-DeoxyAdenosine,201
33.25,E11_2-DeoxyAdenosine,203
33.5,E11_2-DeoxyAdenosine,202
33.75,E11_2-DeoxyAdenosine,205
34.0,E11_2-DeoxyAdenosine,207
34.25,E11_2-DeoxyAdenosine,209
34.5,E11_2-DeoxyAdenosine,212
34.75,E11_2-DeoxyAdenosine,216
35.0,E11_2-DeoxyAdenosine,212
35.25,E11_2-DeoxyAdenosine,212
35.5,E11_2-DeoxyAdenosine,212
35.75,E11_2-DeoxyAdenosine,220
36.0,E11_2-DeoxyAdenosine,221
36.25,E11_2-DeoxyAdenosine,219
36.5,E11_2-DeoxyAdenosine,220
36.75,E11_2-DeoxyAdenosine,224
37.0,E11_2-DeoxyAdenosine,225
37.25,E11_2-DeoxyAdenosine,227
37.5,E11_2-DeoxyAdenosine,224
37.75,E11_2-DeoxyAdenosine,229
38.0,E11_2-DeoxyAdenosine,231
38.25,E11_2-DeoxyAdenosine,232
38.5,E11_2-DeoxyAdenosine,233
38.75,E11_2-DeoxyAdenosine,235
39.0,E11_2-DeoxyAdenosine,239
39.25,E11_2-DeoxyAdenosine,240
39.5,E11_2-DeoxyAdenosine,240
39.75,E11_2-DeoxyAdenosine,237
40.0,E11_2-DeoxyAdenosine,238
40.25,E11_2-DeoxyAdenosine,237
40.5,E11_2-DeoxyAdenosine,240
40.75,E11_2-DeoxyAdenosine,242
41.0,E11_2-DeoxyAdenosine,242
41.25,E11_2-DeoxyAdenosine,244
41.5,E11_2-DeoxyAdenosine,243
41.75,E11_2-DeoxyAdenosine,244
42.0,E11_2-DeoxyAdenosine,245
42.25,E11_2-DeoxyAdenosine,244
42.5,E11_2-DeoxyAdenosine,247
42.75,E11_2-DeoxyAdenosine,240
43.0,E11_2-DeoxyAdenosine,248
43.25,E11_2-DeoxyAdenosine,243
43.5,E11_2-DeoxyAdenosine,247
43.75,E11_2-DeoxyAdenosine,246
44.0,E11_2-DeoxyAdenosine,249
44.25,E11_2-DeoxyAdenosine,245
44.5,E11_2-DeoxyAdenosine,242
44.75,E11_2-DeoxyAdenosine,245
45.0,E11_2-DeoxyAdenosine,246
45.25,E11_2-DeoxyAdenosine,245
45.5,E11_2-DeoxyAdenosine,248
45.75,E11_2-DeoxyAdenosine,245
46.0,E11_2-DeoxyAdenosine,250
46.25,E11_2-DeoxyAdenosine,249
46.5,E11_2-DeoxyAdenosine,242
46.75,E11_2-DeoxyAdenosine,245
47.0,E11_2-DeoxyAdenosine,244
47.25,E11_2-DeoxyAdenosine,245
47.5,E11_2-DeoxyAdenosine,0
0.0,E12_Adenosine,19
0.25,E12_Adenosine,17
0.5,E12_Adenosine,20
0.75,E12_Adenosine,20
1.0,E12_Adenosine,18
1.25,E12_Adenosine,19
1.5,E12_Adenosine,23
1.75,E12_Adenosine,18
2.0,E12_Adenosine,24
2.25,E12_Adenosine,21
2.5,E12_Adenosine,20
2.75,E12_Adenosine,19
3.0,E12_Adenosine,23
3.25,E12_Adenosine,22
3.5,E12_Adenosine,23
3.75,E12_Adenosine,20
4.0,E12_Adenosine,22
4.25,E12_Adenosine,24
4.5,E12_Adenosine,21
4.75,E12_Adenosine,27
5.0,E12_Adenosine,29
5.25,E12_Adenosine,30
5.5,E12_Adenosine,32
5.75,E12_Adenosine,32
6.0,E12_Adenosine,34
6.25,E12_Adenosine,34
6.5,E12_Adenosine,38
6.75,E12_Adenosine,42
7.0,E12_Adenosine,44
7.25,E12_Adenosine,47
7.5,E12_Adenosine,48
7.75,E12_Adenosine,51
8.0,E12_Adenosine,53
8.25,E12_Adenosine,51
8.5,E12_Adenosine,57
8.75,E12_Adenosine,57
9.0,E12_Adenosine,59
9.25,E12_Adenosine,54
9.5,E12_Adenosine,61
9.75,E12_Adenosine,64
10.0,E12_Adenosine,65
10.25,E12_Adenosine,65
10.5,E12_Adenosine,71
10.75,E12_Adenosine,70
11.0,E12_Adenosine,71
11.25,E12_Adenosine,72
11.5,E12_Adenosine,74
11.75,E12_Adenosine,78
12.0,E12_Adenosine,80
12.25,E12_Adenosine,85
12.5,E12_Adenosine,86
12.75,E12_Adenosine,84
13.0,E12_Adenosine,86
13.25,E12_Adenosine,90
13.5,E12_Adenosine,97
13.75,E12_Adenosine,97
14.0,E12_Adenosine,96
14.25,E12_Adenosine,97
14.5,E12_Adenosine,97
14.75,E12_Adenosine,100
15.0,E12_Adenosine,100
15.25,E12_Adenosine,103
15.5,E12_Adenosine,104
15.75,E12_Adenosine,102
16.0,E12_Adenosine,112
16.25,E12_Adenosine,112
16.5,E12_Adenosine,111
16.75,E12_Adenosine,108
17.0,E12_Adenosine,110
17.25,E12_Adenosine,109
17.5,E12_Adenosine,113
17.75,E12_Adenosine,114
18.0,E12_Adenosine,116
18.25,E12_Adenosine,125
18.5,E12_Adenosine,122
18.75,E12_Adenosine,124
19.0,E12_Adenosine,120
19.25,E12_Adenosine,126
19.5,E12_Adenosine,126
19.75,E12_Adenosine,127
20.0,E12_Adenosine,130
20.25,E12_Adenosine,128
20.5,E12_Adenosine,131
20.75,E12_Adenosine,132
21.0,E12_Adenosine,137
21.25,E12_Adenosine,134
21.5,E12_Adenosine,138
21.75,E12_Adenosine,141
22.0,E12_Adenosine,139
22.25,E12_Adenosine,144
22.5,E12_Adenosine,151
22.75,E12_Adenosine,147
23.0,E12_Adenosine,147
23.25,E12_Adenosine,156
23.5,E12_Adenosine,152
23.75,E12_Adenosine,162
24.0,E12_Adenosine,162
24.25,E12_Adenosine,164
24.5,E12_Adenosine,163
24.75,E12_Adenosine,164
25.0,E12_Adenosine,171
25.25,E12_Adenosine,179
25.5,E12_Adenosine,181
25.75,E12_Adenosine,181
26.0,E12_Adenosine,184
26.25,E12_Adenosine,185
26.5,E12_Adenosine,190
26.75,E12_Adenosine,192
27.0,E12_Adenosine,196
27.25,E12_Adenosine,197
27.5,E12_Adenosine,202
27.75,E12_Adenosine,206
28.0,E12_Adenosine,205
28.25,E12_Adenosine,210
28.5,E12_Adenosine,212
28.75,E12_Adenosine,215
29.0,E12_Adenosine,217
29.25,E12_Adenosine,214
29.5,E12_Adenosine,223
29.75,E12_Adenosine,220
30.0,E12_Adenosine,225
30.25,E12_Adenosine,230
30.5,E12_Adenosine,227
30.75,E12_Adenosine,226
31.0,E12_Adenosine,230
31.25,E12_Adenosine,233
31.5,E12_Adenosine,237
31.75,E12_Adenosine,239
32.0,E12_Adenosine,239
32.25,E12_Adenosine,238
32.5,E12_Adenosine,238
32.75,E12_Adenosine,235
33.0,E12_Adenosine,231
33.25,E12_Adenosine,236
33.5,E12_Adenosine,233
33.75,E12_Adenosine,231
34.0,E12_Adenosine,227
34.25,E12_Adenosine,231
34.5,E12_Adenosine,230
34.75,E12_Adenosine,231
35.0,E12_Adenosine,231
35.25,E12_Adenosine,224
35.5,E12_Adenosine,228
35.75,E12_Adenosine,228
36.0,E12_Adenosine,223
36.25,E12_Adenosine,223
36.5,E12_Adenosine,223
36.75,E12_Adenosine,225
37.0,E12_Adenosine,225
37.25,E12_Adenosine,223
37.5,E12_Adenosine,222
37.75,E12_Adenosine,219
38.0,E12_Adenosine,222
38.25,E12_Adenosine,224
38.5,E12_Adenosine,224
38.75,E12_Adenosine,225
39.0,E12_Adenosine,221
39.25,E12_Adenosine,223
39.5,E12_Adenosine,221
39.75,E12_Adenosine,221
40.0,E12_Adenosine,220
40.25,E12_Adenosine,220
40.5,E12_Adenosine,221
40.75,E12_Adenosine,220
41.0,E12_Adenosine,222
41.25,E12_Adenosine,217
41.5,E12_Adenosine,222
41.75,E12_Adenosine,218
42.0,E12_Adenosine,222
42.25,E12_Adenosine,220
42.5,E12_Adenosine,222
42.75,E12_Adenosine,217
43.0,E12_Adenosine,221
43.25,E12_Adenosine,218
43.5,E12_Adenosine,219
43.75,E12_Adenosine,220
44.0,E12_Adenosine,224
44.25,E12_Adenosine,220
44.5,E12_Adenosine,220
44.75,E12_Adenosine,217
45.0,E12_Adenosine,219
45.25,E12_Adenosine,223
45.5,E12_Adenosine,221
45.75,E12_Adenosine,219
46.0,E12_Adenosine,224
46.25,E12_Adenosine,218
46.5,E12_Adenosine,217
46.75,E12_Adenosine,216
47.0,E12_Adenosine,218
47.25,E12_Adenosine,216
47.5,E12_Adenosine,0
0.0,F1_Glycyl-L-Aspartic_Acid,39
0.25,F1_Glycyl-L-Aspartic_Acid,17
0.5,F1_Glycyl-L-Aspartic_Acid,19
0.75,F1_Glycyl-L-Aspartic_Acid,15
1.0,F1_Glycyl-L-Aspartic_Acid,22
1.25,F1_Glycyl-L-Aspartic_Acid,23
1.5,F1_Glycyl-L-Aspartic_Acid,23
1.75,F1_Glycyl-L-Aspartic_Acid,21
2.0,F1_Glycyl-L-Aspartic_Acid,18
2.25,F1_Glycyl-L-Aspartic_Acid,19
2.5,F1_Glycyl-L-Aspartic_Acid,19
2.75,F1_Glycyl-L-Aspartic_Acid,18
3.0,F1_Glycyl-L-Aspartic_Acid,14
3.25,F1_Glycyl-L-Aspartic_Acid,17
3.5,F1_Glycyl-L-Aspartic_Acid,22
3.75,F1_Glycyl-L-Aspartic_Acid,25
4.0,F1_Glycyl-L-Aspartic_Acid,21
4.25,F1_Glycyl-L-Aspartic_Acid,19
4.5,F1_Glycyl-L-Aspartic_Acid,21
4.75,F1_Glycyl-L-Aspartic_Acid,25
5.0,F1_Glycyl-L-Aspartic_Acid,22
5.25,F1_Glycyl-L-Aspartic_Acid,29
5.5,F1_Glycyl-L-Aspartic_Acid,30
5.75,F1_Glycyl-L-Aspartic_Acid,30
6.0,F1_Glycyl-L-Aspartic_Acid,32
6.25,F1_Glycyl-L-Aspartic_Acid,29
6.5,F1_Glycyl-L-Aspartic_Acid,33
6.75,F1_Glycyl-L-Aspartic_Acid,39
7.0,F1_Glycyl-L-Aspartic_Acid,37
7.25,F1_Glycyl-L-Aspartic_Acid,35
7.5,F1_Glycyl-L-Aspartic_Acid,35
7.75,F1_Glycyl-L-Aspartic_Acid,35
8.0,F1_Glycyl-L-Aspartic_Acid,39
8.25,F1_Glycyl-L-Aspartic_Acid,41
8.5,F1_Glycyl-L-Aspartic_Acid,41
8.75,F1_Glycyl-L-Aspartic_Acid,37
9.0,F1_Glycyl-L-Aspartic_Acid,42
9.25,F1_Glycyl-L-Aspartic_Acid,37
9.5,F1_Glycyl-L-Aspartic_Acid,41
9.75,F1_Glycyl-L-Aspartic_Acid,42
10.0,F1_Glycyl-L-Aspartic_Acid,41
10.25,F1_Glycyl-L-Aspartic_Acid,45
10.5,F1_Glycyl-L-Aspartic_Acid,46
10.75,F1_Glycyl-L-Aspartic_Acid,46
11.0,F1_Glycyl-L-Aspartic_Acid,48
11.25,F1_Glycyl-L-Aspartic_Acid,44
11.5,F1_Glycyl-L-Aspartic_Acid,48
11.75,F1_Glycyl-L-Aspartic_Acid,43
12.0,F1_Glycyl-L-Aspartic_Acid,47
12.25,F1_Glycyl-L-Aspartic_Acid,47
12.5,F1_Glycyl-L-Aspartic_Acid,41
12.75,F1_Glycyl-L-Aspartic_Acid,46
13.0,F1_Glycyl-L-Aspartic_Acid,44
13.25,F1_Glycyl-L-Aspartic_Acid,47
13.5,F1_Glycyl-L-Aspartic_Acid,48
13.75,F1_Glycyl-L-Aspartic_Acid,48
14.0,F1_Glycyl-L-Aspartic_Acid,51
14.25,F1_Glycyl-L-Aspartic_Acid,53
14.5,F1_Glycyl-L-Aspartic_Acid,51
14.75,F1_Glycyl-L-Aspartic_Acid,49
15.0,F1_Glycyl-L-Aspartic_Acid,48
15.25,F1_Glycyl-L-Aspartic_Acid,50
15.5,F1_Glycyl-L-Aspartic_Acid,52
15.75,F1_Glycyl-L-Aspartic_Acid,49
16.0,F1_Glycyl-L-Aspartic_Acid,50
16.25,F1_Glycyl-L-Aspartic_Acid,51
16.5,F1_Glycyl-L-Aspartic_Acid,52
16.75,F1_Glycyl-L-Aspartic_Acid,50
17.0,F1_Glycyl-L-Aspartic_Acid,56
17.25,F1_Glycyl-L-Aspartic_Acid,49
17.5,F1_Glycyl-L-Aspartic_Acid,55
17.75,F1_Glycyl-L-Aspartic_Acid,57
18.0,F1_Glycyl-L-Aspartic_Acid,53
18.25,F1_Glycyl-L-Aspartic_Acid,57
18.5,F1_Glycyl-L-Aspartic_Acid,54
18.75,F1_Glycyl-L-Aspartic_Acid,54
19.0,F1_Glycyl-L-Aspartic_Acid,53
19.25,F1_Glycyl-L-Aspartic_Acid,53
19.5,F1_Glycyl-L-Aspartic_Acid,56
19.75,F1_Glycyl-L-Aspartic_Acid,53
20.0,F1_Glycyl-L-Aspartic_Acid,56
20.25,F1_Glycyl-L-Aspartic_Acid,52
20.5,F1_Glycyl-L-Aspartic_Acid,57
20.75,F1_Glycyl-L-Aspartic_Acid,58
21.0,F1_Glycyl-L-Aspartic_Acid,56
21.25,F1_Glycyl-L-Aspartic_Acid,52
21.5,F1_Glycyl-L-Aspartic_Acid,52
21.75,F1_Glycyl-L-Aspartic_Acid,49
22.0,F1_Glycyl-L-Aspartic_Acid,55
22.25,F1_Glycyl-L-Aspartic_Acid,55
22.5,F1_Glycyl-L-Aspartic_Acid,57
22.75,F1_Glycyl-L-Aspartic_Acid,54
23.0,F1_Glycyl-L-Aspartic_Acid,61
23.25,F1_Glycyl-L-Aspartic_Acid,55
23.5,F1_Glycyl-L-Aspartic_Acid,56
23.75,F1_Glycyl-L-Aspartic_Acid,52
24.0,F1_Glycyl-L-Aspartic_Acid,59
24.25,F1_Glycyl-L-Aspartic_Acid,61
24.5,F1_Glycyl-L-Aspartic_Acid,62
24.75,F1_Glycyl-L-Aspartic_Acid,58
25.0,F1_Glycyl-L-Aspartic_Acid,54
25.25,F1_Glycyl-L-Aspartic_Acid,57
25.5,F1_Glycyl-L-Aspartic_Acid,61
25.75,F1_Glycyl-L-Aspartic_Acid,61
26.0,F1_Glycyl-L-Aspartic_Acid,58
26.25,F1_Glycyl-L-Aspartic_Acid,56
26.5,F1_Glycyl-L-Aspartic_Acid,60
26.75,F1_Glycyl-L-Aspartic_Acid,67
27.0,F1_Glycyl-L-Aspartic_Acid,64
27.25,F1_Glycyl-L-Aspartic_Acid,59
27.5,F1_Glycyl-L-Aspartic_Acid,65
27.75,F1_Glycyl-L-Aspartic_Acid,65
28.0,F1_Glycyl-L-Aspartic_Acid,61
28.25,F1_Glycyl-L-Aspartic_Acid,60
28.5,F1_Glycyl-L-Aspartic_Acid,56
28.75,F1_Glycyl-L-Aspartic_Acid,65
29.0,F1_Glycyl-L-Aspartic_Acid,64
29.25,F1_Glycyl-L-Aspartic_Acid,66
29.5,F1_Glycyl-L-Aspartic_Acid,64
29.75,F1_Glycyl-L-Aspartic_Acid,59
30.0,F1_Glycyl-L-Aspartic_Acid,59
30.25,F1_Glycyl-L-Aspartic_Acid,58
30.5,F1_Glycyl-L-Aspartic_Acid,68
30.75,F1_Glycyl-L-Aspartic_Acid,57
31.0,F1_Glycyl-L-Aspartic_Acid,62
31.25,F1_Glycyl-L-Aspartic_Acid,66
31.5,F1_Glycyl-L-Aspartic_Acid,62
31.75,F1_Glycyl-L-Aspartic_Acid,63
32.0,F1_Glycyl-L-Aspartic_Acid,63
32.25,F1_Glycyl-L-Aspartic_Acid,61
32.5,F1_Glycyl-L-Aspartic_Acid,64
32.75,F1_Glycyl-L-Aspartic_Acid,64
33.0,F1_Glycyl-L-Aspartic_Acid,66
33.25,F1_Glycyl-L-Aspartic_Acid,69
33.5,F1_Glycyl-L-Aspartic_Acid,64
33.75,F1_Glycyl-L-Aspartic_Acid,65
34.0,F1_Glycyl-L-Aspartic_Acid,65
34.25,F1_Glycyl-L-Aspartic_Acid,67
34.5,F1_Glycyl-L-Aspartic_Acid,66
34.75,F1_Glycyl-L-Aspartic_Acid,63
35.0,F1_Glycyl-L-Aspartic_Acid,67
35.25,F1_Glycyl-L-Aspartic_Acid,61
35.5,F1_Glycyl-L-Aspartic_Acid,64
35.75,F1_Glycyl-L-Aspartic_Acid,71
36.0,F1_Glycyl-L-Aspartic_Acid,68
36.25,F1_Glycyl-L-Aspartic_Acid,64
36.5,F1_Glycyl-L-Aspartic_Acid,70
36.75,F1_Glycyl-L-Aspartic_Acid,66
37.0,F1_Glycyl-L-Aspartic_Acid,65
37.25,F1_Glycyl-L-Aspartic_Acid,67
37.5,F1_Glycyl-L-Aspartic_Acid,64
37.75,F1_Glycyl-L-Aspartic_Acid,66
38.0,F1_Glycyl-L-Aspartic_Acid,65
38.25,F1_Glycyl-L-Aspartic_Acid,63
38.5,F1_Glycyl-L-Aspartic_Acid,64
38.75,F1_Glycyl-L-Aspartic_Acid,64
39.0,F1_Glycyl-L-Aspartic_Acid,67
39.25,F1_Glycyl-L-Aspartic_Acid,72
39.5,F1_Glycyl-L-Aspartic_Acid,69
39.75,F1_Glycyl-L-Aspartic_Acid,62
40.0,F1_Glycyl-L-Aspartic_Acid,65
40.25,F1_Glycyl-L-Aspartic_Acid,66
40.5,F1_Glycyl-L-Aspartic_Acid,67
40.75,F1_Glycyl-L-Aspartic_Acid,68
41.0,F1_Glycyl-L-Aspartic_Acid,70
41.25,F1_Glycyl-L-Aspartic_Acid,66
41.5,F1_Glycyl-L-Aspartic_Acid,62
41.75,F1_Glycyl-L-Aspartic_Acid,72
42.0,F1_Glycyl-L-Aspartic_Acid,69
42.25,F1_Glycyl-L-Aspartic_Acid,69
42.5,F1_Glycyl-L-Aspartic_Acid,72
42.75,F1_Glycyl-L-Aspartic_Acid,64
43.0,F1_Glycyl-L-Aspartic_Acid,70
43.25,F1_Glycyl-L-Aspartic_Acid,68
43.5,F1_Glycyl-L-Aspartic_Acid,71
43.75,F1_Glycyl-L-Aspartic_Acid,72
44.0,F1_Glycyl-L-Aspartic_Acid,71
44.25,F1_Glycyl-L-Aspartic_Acid,69
44.5,F1_Glycyl-L-Aspartic_Acid,65
44.75,F1_Glycyl-L-Aspartic_Acid,72
45.0,F1_Glycyl-L-Aspartic_Acid,73
45.25,F1_Glycyl-L-Aspartic_Acid,69
45.5,F1_Glycyl-L-Aspartic_Acid,69
45.75,F1_Glycyl-L-Aspartic_Acid,71
46.0,F1_Glycyl-L-Aspartic_Acid,73
46.25,F1_Glycyl-L-Aspartic_Acid,67
46.5,F1_Glycyl-L-Aspartic_Acid,70
46.75,F1_Glycyl-L-Aspartic_Acid,70
47.0,F1_Glycyl-L-Aspartic_Acid,66
47.25,F1_Glycyl-L-Aspartic_Acid,69
47.5,F1_Glycyl-L-Aspartic_Acid,0
0.0,F2_Citric_Acid,47
0.25,F2_Citric_Acid,30
0.5,F2_Citric_Acid,15
0.75,F2_Citric_Acid,12
1.0,F2_Citric_Acid,13
1.25,F2_Citric_Acid,13
1.5,F2_Citric_Acid,17
1.75,F2_Citric_Acid,15
2.0,F2_Citric_Acid,11
2.25,F2_Citric_Acid,13
2.5,F2_Citric_Acid,13
2.75,F2_Citric_Acid,14
3.0,F2_Citric_Acid,16
3.25,F2_Citric_Acid,18
3.5,F2_Citric_Acid,17
3.75,F2_Citric_Acid,18
4.0,F2_Citric_Acid,20
4.25,F2_Citric_Acid,24
4.5,F2_Citric_Acid,20
4.75,F2_Citric_Acid,22
5.0,F2_Citric_Acid,28
5.25,F2_Citric_Acid,28
5.5,F2_Citric_Acid,32
5.75,F2_Citric_Acid,29
6.0,F2_Citric_Acid,30
6.25,F2_Citric_Acid,27
6.5,F2_Citric_Acid,38
6.75,F2_Citric_Acid,34
7.0,F2_Citric_Acid,33
7.25,F2_Citric_Acid,43
7.5,F2_Citric_Acid,42
7.75,F2_Citric_Acid,42
8.0,F2_Citric_Acid,50
8.25,F2_Citric_Acid,45
8.5,F2_Citric_Acid,55
8.75,F2_Citric_Acid,56
9.0,F2_Citric_Acid,53
9.25,F2_Citric_Acid,55
9.5,F2_Citric_Acid,57
9.75,F2_Citric_Acid,58
10.0,F2_Citric_Acid,63
10.25,F2_Citric_Acid,66
10.5,F2_Citric_Acid,69
10.75,F2_Citric_Acid,69
11.0,F2_Citric_Acid,71
11.25,F2_Citric_Acid,69
11.5,F2_Citric_Acid,72
11.75,F2_Citric_Acid,78
12.0,F2_Citric_Acid,78
12.25,F2_Citric_Acid,78
12.5,F2_Citric_Acid,82
12.75,F2_Citric_Acid,77
13.0,F2_Citric_Acid,85
13.25,F2_Citric_Acid,89
13.5,F2_Citric_Acid,95
13.75,F2_Citric_Acid,93
14.0,F2_Citric_Acid,93
14.25,F2_Citric_Acid,97
14.5,F2_Citric_Acid,101
14.75,F2_Citric_Acid,103
15.0,F2_Citric_Acid,107
15.25,F2_Citric_Acid,111
15.5,F2_Citric_Acid,115
15.75,F2_Citric_Acid,115
16.0,F2_Citric_Acid,123
16.25,F2_Citric_Acid,120
16.5,F2_Citric_Acid,122
16.75,F2_Citric_Acid,122
17.0,F2_Citric_Acid,125
17.25,F2_Citric_Acid,127
17.5,F2_Citric_Acid,125
17.75,F2_Citric_Acid,130
18.0,F2_Citric_Acid,136
18.25,F2_Citric_Acid,140
18.5,F2_Citric_Acid,142
18.75,F2_Citric_Acid,145
19.0,F2_Citric_Acid,145
19.25,F2_Citric_Acid,153
19.5,F2_Citric_Acid,146
19.75,F2_Citric_Acid,157
20.0,F2_Citric_Acid,154
20.25,F2_Citric_Acid,155
20.5,F2_Citric_Acid,156
20.75,F2_Citric_Acid,164
21.0,F2_Citric_Acid,167
21.25,F2_Citric_Acid,168
21.5,F2_Citric_Acid,168
21.75,F2_Citric_Acid,177
22.0,F2_Citric_Acid,176
22.25,F2_Citric_Acid,180
22.5,F2_Citric_Acid,191
22.75,F2_Citric_Acid,191
23.0,F2_Citric_Acid,191
23.25,F2_Citric_Acid,192
23.5,F2_Citric_Acid,189
23.75,F2_Citric_Acid,200
24.0,F2_Citric_Acid,202
24.25,F2_Citric_Acid,196
24.5,F2_Citric_Acid,197
24.75,F2_Citric_Acid,194
25.0,F2_Citric_Acid,197
25.25,F2_Citric_Acid,197
25.5,F2_Citric_Acid,203
25.75,F2_Citric_Acid,196
26.0,F2_Citric_Acid,205
26.25,F2_Citric_Acid,198
26.5,F2_Citric_Acid,196
26.75,F2_Citric_Acid,202
27.0,F2_Citric_Acid,203
27.25,F2_Citric_Acid,197
27.5,F2_Citric_Acid,201
27.75,F2_Citric_Acid,199
28.0,F2_Citric_Acid,201
28.25,F2_Citric_Acid,204
28.5,F2_Citric_Acid,208
28.75,F2_Citric_Acid,198
29.0,F2_Citric_Acid,198
29.25,F2_Citric_Acid,192
29.5,F2_Citric_Acid,200
29.75,F2_Citric_Acid,198
30.0,F2_Citric_Acid,201
30.25,F2_Citric_Acid,199
30.5,F2_Citric_Acid,201
30.75,F2_Citric_Acid,200
31.0,F2_Citric_Acid,198
31.25,F2_Citric_Acid,199
31.5,F2_Citric_Acid,203
31.75,F2_Citric_Acid,202
32.0,F2_Citric_Acid,199
32.25,F2_Citric_Acid,201
32.5,F2_Citric_Acid,193
32.75,F2_Citric_Acid,196
33.0,F2_Citric_Acid,191
33.25,F2_Citric_Acid,199
33.5,F2_Citric_Acid,203
33.75,F2_Citric_Acid,199
34.0,F2_Citric_Acid,197
34.25,F2_Citric_Acid,202
34.5,F2_Citric_Acid,201
34.75,F2_Citric_Acid,202
35.0,F2_Citric_Acid,197
35.25,F2_Citric_Acid,193
35.5,F2_Citric_Acid,198
35.75,F2_Citric_Acid,201
36.0,F2_Citric_Acid,196
36.25,F2_Citric_Acid,188
36.5,F2_Citric_Acid,194
36.75,F2_Citric_Acid,195
37.0,F2_Citric_Acid,196
37.25,F2_Citric_Acid,192
37.5,F2_Citric_Acid,192
37.75,F2_Citric_Acid,193
38.0,F2_Citric_Acid,193
38.25,F2_Citric_Acid,200
38.5,F2_Citric_Acid,193
38.75,F2_Citric_Acid,198
39.0,F2_Citric_Acid,197
39.25,F2_Citric_Acid,196
39.5,F2_Citric_Acid,197
39.75,F2_Citric_Acid,192
40.0,F2_Citric_Acid,188
40.25,F2_Citric_Acid,191
40.5,F2_Citric_Acid,195
40.75,F2_Citric_Acid,193
41.0,F2_Citric_Acid,194
41.25,F2_Citric_Acid,194
41.5,F2_Citric_Acid,194
41.75,F2_Citric_Acid,189
42.0,F2_Citric_Acid,194
42.25,F2_Citric_Acid,193
42.5,F2_Citric_Acid,197
42.75,F2_Citric_Acid,191
43.0,F2_Citric_Acid,193
43.25,F2_Citric_Acid,192
43.5,F2_Citric_Acid,198
43.75,F2_Citric_Acid,196
44.0,F2_Citric_Acid,202
44.25,F2_Citric_Acid,195
44.5,F2_Citric_Acid,192
44.75,F2_Citric_Acid,199
45.0,F2_Citric_Acid,194
45.25,F2_Citric_Acid,196
45.5,F2_Citric_Acid,196
45.75,F2_Citric_Acid,195
46.0,F2_Citric_Acid,200
46.25,F2_Citric_Acid,196
46.5,F2_Citric_Acid,188
46.75,F2_Citric_Acid,195
47.0,F2_Citric_Acid,194
47.25,F2_Citric_Acid,189
47.5,F2_Citric_Acid,0
0.0,F3_myo-Inositol,17
0.25,F3_myo-Inositol,14
0.5,F3_myo-Inositol,11
0.75,F3_myo-Inositol,14
1.0,F3_myo-Inositol,14
1.25,F3_myo-Inositol,12
1.5,F3_myo-Inositol,14
1.75,F3_myo-Inositol,16
2.0,F3_myo-Inositol,15
2.25,F3_myo-Inositol,12
2.5,F3_myo-Inositol,15
2.75,F3_myo-Inositol,15
3.0,F3_myo-Inositol,14
3.25,F3_myo-Inositol,17
3.5,F3_myo-Inositol,17
3.75,F3_myo-Inositol,18
4.0,F3_myo-Inositol,11
4.25,F3_myo-Inositol,22
4.5,F3_myo-Inositol,17
4.75,F3_myo-Inositol,22
5.0,F3_myo-Inositol,18
5.25,F3_myo-Inositol,23
5.5,F3_myo-Inositol,17
5.75,F3_myo-Inositol,22
6.0,F3_myo-Inositol,23
6.25,F3_myo-Inositol,24
6.5,F3_myo-Inositol,24
6.75,F3_myo-Inositol,29
7.0,F3_myo-Inositol,32
7.25,F3_myo-Inositol,32
7.5,F3_myo-Inositol,29
7.75,F3_myo-Inositol,31
8.0,F3_myo-Inositol,30
8.25,F3_myo-Inositol,34
8.5,F3_myo-Inositol,33
8.75,F3_myo-Inositol,29
9.0,F3_myo-Inositol,31
9.25,F3_myo-Inositol,28
9.5,F3_myo-Inositol,33
9.75,F3_myo-Inositol,33
10.0,F3_myo-Inositol,33
10.25,F3_myo-Inositol,31
10.5,F3_myo-Inositol,32
10.75,F3_myo-Inositol,32
11.0,F3_myo-Inositol,29
11.25,F3_myo-Inositol,34
11.5,F3_myo-Inositol,33
11.75,F3_myo-Inositol,38
12.0,F3_myo-Inositol,37
12.25,F3_myo-Inositol,32
12.5,F3_myo-Inositol,37
12.75,F3_myo-Inositol,38
13.0,F3_myo-Inositol,40
13.25,F3_myo-Inositol,42
13.5,F3_myo-Inositol,41
13.75,F3_myo-Inositol,45
14.0,F3_myo-Inositol,48
14.25,F3_myo-Inositol,46
14.5,F3_myo-Inositol,52
14.75,F3_myo-Inositol,53
15.0,F3_myo-Inositol,57
15.25,F3_myo-Inositol,62
15.5,F3_myo-Inositol,68
15.75,F3_myo-Inositol,66
16.0,F3_myo-Inositol,74
16.25,F3_myo-Inositol,75
16.5,F3_myo-Inositol,82
16.75,F3_myo-Inositol,79
17.0,F3_myo-Inositol,86
17.25,F3_myo-Inositol,93
17.5,F3_myo-Inositol,96
17.75,F3_myo-Inositol,101
18.0,F3_myo-Inositol,101
18.25,F3_myo-Inositol,113
18.5,F3_myo-Inositol,113
18.75,F3_myo-Inositol,116
19.0,F3_myo-Inositol,119
19.25,F3_myo-Inositol,126
19.5,F3_myo-Inositol,124
19.75,F3_myo-Inositol,137
20.0,F3_myo-Inositol,136
20.25,F3_myo-Inositol,139
20.5,F3_myo-Inositol,143
20.75,F3_myo-Inositol,148
21.0,F3_myo-Inositol,154
21.25,F3_myo-Inositol,155
21.5,F3_myo-Inositol,162
21.75,F3_myo-Inositol,168
22.0,F3_myo-Inositol,169
22.25,F3_myo-Inositol,173
22.5,F3_myo-Inositol,183
22.75,F3_myo-Inositol,184
23.0,F3_myo-Inositol,184
23.25,F3_myo-Inositol,189
23.5,F3_myo-Inositol,191
23.75,F3_myo-Inositol,198
24.0,F3_myo-Inositol,201
24.25,F3_myo-Inositol,205
24.5,F3_myo-Inositol,205
24.75,F3_myo-Inositol,211
25.0,F3_myo-Inositol,215
25.25,F3_myo-Inositol,216
25.5,F3_myo-Inositol,218
25.75,F3_myo-Inositol,217
26.0,F3_myo-Inositol,220
26.25,F3_myo-Inositol,225
26.5,F3_myo-Inositol,225
26.75,F3_myo-Inositol,229
27.0,F3_myo-Inositol,230
27.25,F3_myo-Inositol,231
27.5,F3_myo-Inositol,237
27.75,F3_myo-Inositol,235
28.0,F3_myo-Inositol,240
28.25,F3_myo-Inositol,240
28.5,F3_myo-Inositol,243
28.75,F3_myo-Inositol,242
29.0,F3_myo-Inositol,243
29.25,F3_myo-Inositol,240
29.5,F3_myo-Inositol,245
29.75,F3_myo-Inositol,247
30.0,F3_myo-Inositol,248
30.25,F3_myo-Inositol,246
30.5,F3_myo-Inositol,247
30.75,F3_myo-Inositol,248
31.0,F3_myo-Inositol,248
31.25,F3_myo-Inositol,248
31.5,F3_myo-Inositol,248
31.75,F3_myo-Inositol,249
32.0,F3_myo-Inositol,251
32.25,F3_myo-Inositol,249
32.5,F3_myo-Inositol,247
32.75,F3_myo-Inositol,248
33.0,F3_myo-Inositol,247
33.25,F3_myo-Inositol,251
33.5,F3_myo-Inositol,253
33.75,F3_myo-Inositol,253
34.0,F3_myo-Inositol,255
34.25,F3_myo-Inositol,256
34.5,F3_myo-Inositol,255
34.75,F3_myo-Inositol,255
35.0,F3_myo-Inositol,253
35.25,F3_myo-Inositol,250
35.5,F3_myo-Inositol,251
35.75,F3_myo-Inositol,256
36.0,F3_myo-Inositol,249
36.25,F3_myo-Inositol,252
36.5,F3_myo-Inositol,254
36.75,F3_myo-Inositol,249
37.0,F3_myo-Inositol,255
37.25,F3_myo-Inositol,252
37.5,F3_myo-Inositol,252
37.75,F3_myo-Inositol,252
38.0,F3_myo-Inositol,256
38.25,F3_myo-Inositol,255
38.5,F3_myo-Inositol,253
38.75,F3_myo-Inositol,258
39.0,F3_myo-Inositol,258
39.25,F3_myo-Inositol,256
39.5,F3_myo-Inositol,254
39.75,F3_myo-Inositol,257
40.0,F3_myo-Inositol,253
40.25,F3_myo-Inositol,258
40.5,F3_myo-Inositol,256
40.75,F3_myo-Inositol,259
41.0,F3_myo-Inositol,256
41.25,F3_myo-Inositol,254
41.5,F3_myo-Inositol,261
41.75,F3_myo-Inositol,258
42.0,F3_myo-Inositol,260
42.25,F3_myo-Inositol,260
42.5,F3_myo-Inositol,265
42.75,F3_myo-Inositol,257
43.0,F3_myo-Inositol,264
43.25,F3_myo-Inositol,260
43.5,F3_myo-Inositol,259
43.75,F3_myo-Inositol,263
44.0,F3_myo-Inositol,265
44.25,F3_myo-Inositol,262
44.5,F3_myo-Inositol,261
44.75,F3_myo-Inositol,264
45.0,F3_myo-Inositol,262
45.25,F3_myo-Inositol,266
45.5,F3_myo-Inositol,268
45.75,F3_myo-Inositol,265
46.0,F3_myo-Inositol,267
46.25,F3_myo-Inositol,267
46.5,F3_myo-Inositol,264
46.75,F3_myo-Inositol,267
47.0,F3_myo-Inositol,266
47.25,F3_myo-Inositol,264
47.5,F3_myo-Inositol,0
0.0,F4_D-Threonine,38
0.25,F4_D-Threonine,32
0.5,F4_D-Threonine,30
0.75,F4_D-Threonine,15
1.0,F4_D-Threonine,17
1.25,F4_D-Threonine,11
1.5,F4_D-Threonine,18
1.75,F4_D-Threonine,15
2.0,F4_D-Threonine,18
2.25,F4_D-Threonine,14
2.5,F4_D-Threonine,18
2.75,F4_D-Threonine,16
3.0,F4_D-Threonine,14
3.25,F4_D-Threonine,16
3.5,F4_D-Threonine,17
3.75,F4_D-Threonine,22
4.0,F4_D-Threonine,16
4.25,F4_D-Threonine,22
4.5,F4_D-Threonine,19
4.75,F4_D-Threonine,22
5.0,F4_D-Threonine,25
5.25,F4_D-Threonine,25
5.5,F4_D-Threonine,20
5.75,F4_D-Threonine,25
6.0,F4_D-Threonine,24
6.25,F4_D-Threonine,23
6.5,F4_D-Threonine,20
6.75,F4_D-Threonine,28
7.0,F4_D-Threonine,29
7.25,F4_D-Threonine,25
7.5,F4_D-Threonine,27
7.75,F4_D-Threonine,24
8.0,F4_D-Threonine,28
8.25,F4_D-Threonine,23
8.5,F4_D-Threonine,29
8.75,F4_D-Threonine,25
9.0,F4_D-Threonine,30
9.25,F4_D-Threonine,31
9.5,F4_D-Threonine,31
9.75,F4_D-Threonine,31
10.0,F4_D-Threonine,28
10.25,F4_D-Threonine,29
10.5,F4_D-Threonine,31
10.75,F4_D-Threonine,30
11.0,F4_D-Threonine,34
11.25,F4_D-Threonine,29
11.5,F4_D-Threonine,32
11.75,F4_D-Threonine,32
12.0,F4_D-Threonine,34
12.25,F4_D-Threonine,31
12.5,F4_D-Threonine,31
12.75,F4_D-Threonine,35
13.0,F4_D-Threonine,32
13.25,F4_D-Threonine,36
13.5,F4_D-Threonine,37
13.75,F4_D-Threonine,41
14.0,F4_D-Threonine,39
14.25,F4_D-Threonine,39
14.5,F4_D-Threonine,44
14.75,F4_D-Threonine,40
15.0,F4_D-Threonine,39
15.25,F4_D-Threonine,42
15.5,F4_D-Threonine,43
15.75,F4_D-Threonine,40
16.0,F4_D-Threonine,45
16.25,F4_D-Threonine,47
16.5,F4_D-Threonine,46
16.75,F4_D-Threonine,45
17.0,F4_D-Threonine,48
17.25,F4_D-Threonine,50
17.5,F4_D-Threonine,44
17.75,F4_D-Threonine,48
18.0,F4_D-Threonine,50
18.25,F4_D-Threonine,51
18.5,F4_D-Threonine,55
18.75,F4_D-Threonine,52
19.0,F4_D-Threonine,49
19.25,F4_D-Threonine,52
19.5,F4_D-Threonine,50
19.75,F4_D-Threonine,53
20.0,F4_D-Threonine,52
20.25,F4_D-Threonine,49
20.5,F4_D-Threonine,53
20.75,F4_D-Threonine,54
21.0,F4_D-Threonine,53
21.25,F4_D-Threonine,51
21.5,F4_D-Threonine,54
21.75,F4_D-Threonine,56
22.0,F4_D-Threonine,51
22.25,F4_D-Threonine,57
22.5,F4_D-Threonine,57
22.75,F4_D-Threonine,58
23.0,F4_D-Threonine,60
23.25,F4_D-Threonine,59
23.5,F4_D-Threonine,57
23.75,F4_D-Threonine,57
24.0,F4_D-Threonine,60
24.25,F4_D-Threonine,58
24.5,F4_D-Threonine,59
24.75,F4_D-Threonine,58
25.0,F4_D-Threonine,58
25.25,F4_D-Threonine,57
25.5,F4_D-Threonine,61
25.75,F4_D-Threonine,63
26.0,F4_D-Threonine,62
26.25,F4_D-Threonine,60
26.5,F4_D-Threonine,63
26.75,F4_D-Threonine,62
27.0,F4_D-Threonine,68
27.25,F4_D-Threonine,61
27.5,F4_D-Threonine,64
27.75,F4_D-Threonine,65
28.0,F4_D-Threonine,60
28.25,F4_D-Threonine,66
28.5,F4_D-Threonine,62
28.75,F4_D-Threonine,64
29.0,F4_D-Threonine,66
29.25,F4_D-Threonine,59
29.5,F4_D-Threonine,62
29.75,F4_D-Threonine,72
30.0,F4_D-Threonine,65
30.25,F4_D-Threonine,65
30.5,F4_D-Threonine,66
30.75,F4_D-Threonine,68
31.0,F4_D-Threonine,67
31.25,F4_D-Threonine,62
31.5,F4_D-Threonine,64
31.75,F4_D-Threonine,65
32.0,F4_D-Threonine,69
32.25,F4_D-Threonine,62
32.5,F4_D-Threonine,66
32.75,F4_D-Threonine,64
33.0,F4_D-Threonine,65
33.25,F4_D-Threonine,68
33.5,F4_D-Threonine,70
33.75,F4_D-Threonine,69
34.0,F4_D-Threonine,68
34.25,F4_D-Threonine,67
34.5,F4_D-Threonine,72
34.75,F4_D-Threonine,71
35.0,F4_D-Threonine,71
35.25,F4_D-Threonine,67
35.5,F4_D-Threonine,67
35.75,F4_D-Threonine,70
36.0,F4_D-Threonine,70
36.25,F4_D-Threonine,72
36.5,F4_D-Threonine,71
36.75,F4_D-Threonine,65
37.0,F4_D-Threonine,73
37.25,F4_D-Threonine,71
37.5,F4_D-Threonine,69
37.75,F4_D-Threonine,73
38.0,F4_D-Threonine,71
38.25,F4_D-Threonine,72
38.5,F4_D-Threonine,72
38.75,F4_D-Threonine,72
39.0,F4_D-Threonine,66
39.25,F4_D-Threonine,73
39.5,F4_D-Threonine,70
39.75,F4_D-Threonine,66
40.0,F4_D-Threonine,69
40.25,F4_D-Threonine,73
40.5,F4_D-Threonine,74
40.75,F4_D-Threonine,73
41.0,F4_D-Threonine,76
41.25,F4_D-Threonine,68
41.5,F4_D-Threonine,72
41.75,F4_D-Threonine,67
42.0,F4_D-Threonine,73
42.25,F4_D-Threonine,70
42.5,F4_D-Threonine,74
42.75,F4_D-Threonine,66
43.0,F4_D-Threonine,75
43.25,F4_D-Threonine,71
43.5,F4_D-Threonine,76
43.75,F4_D-Threonine,72
44.0,F4_D-Threonine,78
44.25,F4_D-Threonine,74
44.5,F4_D-Threonine,75
44.75,F4_D-Threonine,73
45.0,F4_D-Threonine,73
45.25,F4_D-Threonine,77
45.5,F4_D-Threonine,78
45.75,F4_D-Threonine,78
46.0,F4_D-Threonine,80
46.25,F4_D-Threonine,76
46.5,F4_D-Threonine,73
46.75,F4_D-Threonine,74
47.0,F4_D-Threonine,80
47.25,F4_D-Threonine,80
47.5,F4_D-Threonine,0
0.0,F5_Fumaric_Acid,13
0.25,F5_Fumaric_Acid,11
0.5,F5_Fumaric_Acid,13
0.75,F5_Fumaric_Acid,15
1.0,F5_Fumaric_Acid,20
1.25,F5_Fumaric_Acid,20
1.5,F5_Fumaric_Acid,20
1.75,F5_Fumaric_Acid,17
2.0,F5_Fumaric_Acid,17
2.25,F5_Fumaric_Acid,19
2.5,F5_Fumaric_Acid,16
2.75,F5_Fumaric_Acid,14
3.0,F5_Fumaric_Acid,15
3.25,F5_Fumaric_Acid,16
3.5,F5_Fumaric_Acid,17
3.75,F5_Fumaric_Acid,15
4.0,F5_Fumaric_Acid,17
4.25,F5_Fumaric_Acid,23
4.5,F5_Fumaric_Acid,23
4.75,F5_Fumaric_Acid,23
5.0,F5_Fumaric_Acid,26
5.25,F5_Fumaric_Acid,25
5.5,F5_Fumaric_Acid,22
5.75,F5_Fumaric_Acid,28
6.0,F5_Fumaric_Acid,30
6.25,F5_Fumaric_Acid,33
6.5,F5_Fumaric_Acid,32
6.75,F5_Fumaric_Acid,36
7.0,F5_Fumaric_Acid,42
7.25,F5_Fumaric_Acid,43
7.5,F5_Fumaric_Acid,43
7.75,F5_Fumaric_Acid,47
8.0,F5_Fumaric_Acid,49
8.25,F5_Fumaric_Acid,53
8.5,F5_Fumaric_Acid,56
8.75,F5_Fumaric_Acid,54
9.0,F5_Fumaric_Acid,58
9.25,F5_Fumaric_Acid,57
9.5,F5_Fumaric_Acid,63
9.75,F5_Fumaric_Acid,66
10.0,F5_Fumaric_Acid,70
10.25,F5_Fumaric_Acid,71
10.5,F5_Fumaric_Acid,72
10.75,F5_Fumaric_Acid,79
11.0,F5_Fumaric_Acid,80
11.25,F5_Fumaric_Acid,86
11.5,F5_Fumaric_Acid,85
11.75,F5_Fumaric_Acid,88
12.0,F5_Fumaric_Acid,90
12.25,F5_Fumaric_Acid,92
12.5,F5_Fumaric_Acid,96
12.75,F5_Fumaric_Acid,98
13.0,F5_Fumaric_Acid,101
13.25,F5_Fumaric_Acid,109
13.5,F5_Fumaric_Acid,113
13.75,F5_Fumaric_Acid,113
14.0,F5_Fumaric_Acid,114
14.25,F5_Fumaric_Acid,121
14.5,F5_Fumaric_Acid,125
14.75,F5_Fumaric_Acid,130
15.0,F5_Fumaric_Acid,129
15.25,F5_Fumaric_Acid,133
15.5,F5_Fumaric_Acid,139
15.75,F5_Fumaric_Acid,141
16.0,F5_Fumaric_Acid,145
16.25,F5_Fumaric_Acid,149
16.5,F5_Fumaric_Acid,153
16.75,F5_Fumaric_Acid,153
17.0,F5_Fumaric_Acid,158
17.25,F5_Fumaric_Acid,159
17.5,F5_Fumaric_Acid,158
17.75,F5_Fumaric_Acid,163
18.0,F5_Fumaric_Acid,166
18.25,F5_Fumaric_Acid,176
18.5,F5_Fumaric_Acid,175
18.75,F5_Fumaric_Acid,179
19.0,F5_Fumaric_Acid,182
19.25,F5_Fumaric_Acid,184
19.5,F5_Fumaric_Acid,188
19.75,F5_Fumaric_Acid,189
20.0,F5_Fumaric_Acid,193
20.25,F5_Fumaric_Acid,195
20.5,F5_Fumaric_Acid,196
20.75,F5_Fumaric_Acid,199
21.0,F5_Fumaric_Acid,204
21.25,F5_Fumaric_Acid,205
21.5,F5_Fumaric_Acid,206
21.75,F5_Fumaric_Acid,209
22.0,F5_Fumaric_Acid,208
22.25,F5_Fumaric_Acid,212
22.5,F5_Fumaric_Acid,216
22.75,F5_Fumaric_Acid,220
23.0,F5_Fumaric_Acid,222
23.25,F5_Fumaric_Acid,220
23.5,F5_Fumaric_Acid,225
23.75,F5_Fumaric_Acid,226
24.0,F5_Fumaric_Acid,227
24.25,F5_Fumaric_Acid,230
24.5,F5_Fumaric_Acid,232
24.75,F5_Fumaric_Acid,230
25.0,F5_Fumaric_Acid,236
25.25,F5_Fumaric_Acid,234
25.5,F5_Fumaric_Acid,236
25.75,F5_Fumaric_Acid,239
26.0,F5_Fumaric_Acid,238
26.25,F5_Fumaric_Acid,241
26.5,F5_Fumaric_Acid,241
26.75,F5_Fumaric_Acid,244
27.0,F5_Fumaric_Acid,248
27.25,F5_Fumaric_Acid,248
27.5,F5_Fumaric_Acid,247
27.75,F5_Fumaric_Acid,246
28.0,F5_Fumaric_Acid,249
28.25,F5_Fumaric_Acid,250
28.5,F5_Fumaric_Acid,252
28.75,F5_Fumaric_Acid,252
29.0,F5_Fumaric_Acid,254
29.25,F5_Fumaric_Acid,251
29.5,F5_Fumaric_Acid,258
29.75,F5_Fumaric_Acid,258
30.0,F5_Fumaric_Acid,257
30.25,F5_Fumaric_Acid,259
30.5,F5_Fumaric_Acid,260
30.75,F5_Fumaric_Acid,259
31.0,F5_Fumaric_Acid,262
31.25,F5_Fumaric_Acid,260
31.5,F5_Fumaric_Acid,262
31.75,F5_Fumaric_Acid,263
32.0,F5_Fumaric_Acid,261
32.25,F5_Fumaric_Acid,263
32.5,F5_Fumaric_Acid,262
32.75,F5_Fumaric_Acid,264
33.0,F5_Fumaric_Acid,262
33.25,F5_Fumaric_Acid,263
33.5,F5_Fumaric_Acid,265
33.75,F5_Fumaric_Acid,266
34.0,F5_Fumaric_Acid,267
34.25,F5_Fumaric_Acid,269
34.5,F5_Fumaric_Acid,271
34.75,F5_Fumaric_Acid,268
35.0,F5_Fumaric_Acid,266
35.25,F5_Fumaric_Acid,265
35.5,F5_Fumaric_Acid,267
35.75,F5_Fumaric_Acid,267
36.0,F5_Fumaric_Acid,264
36.25,F5_Fumaric_Acid,264
36.5,F5_Fumaric_Acid,263
36.75,F5_Fumaric_Acid,264
37.0,F5_Fumaric_Acid,264
37.25,F5_Fumaric_Acid,265
37.5,F5_Fumaric_Acid,265
37.75,F5_Fumaric_Acid,262
38.0,F5_Fumaric_Acid,266
38.25,F5_Fumaric_Acid,263
38.5,F5_Fumaric_Acid,263
38.75,F5_Fumaric_Acid,262
39.0,F5_Fumaric_Acid,262
39.25,F5_Fumaric_Acid,264
39.5,F5_Fumaric_Acid,260
39.75,F5_Fumaric_Acid,265
40.0,F5_Fumaric_Acid,261
40.25,F5_Fumaric_Acid,262
40.5,F5_Fumaric_Acid,261
40.75,F5_Fumaric_Acid,263
41.0,F5_Fumaric_Acid,259
41.25,F5_Fumaric_Acid,262
41.5,F5_Fumaric_Acid,262
41.75,F5_Fumaric_Acid,259
42.0,F5_Fumaric_Acid,260
42.25,F5_Fumaric_Acid,257
42.5,F5_Fumaric_Acid,258
42.75,F5_Fumaric_Acid,257
43.0,F5_Fumaric_Acid,261
43.25,F5_Fumaric_Acid,260
43.5,F5_Fumaric_Acid,262
43.75,F5_Fumaric_Acid,260
44.0,F5_Fumaric_Acid,262
44.25,F5_Fumaric_Acid,258
44.5,F5_Fumaric_Acid,256
44.75,F5_Fumaric_Acid,259
45.0,F5_Fumaric_Acid,261
45.25,F5_Fumaric_Acid,260
45.5,F5_Fumaric_Acid,261
45.75,F5_Fumaric_Acid,259
46.0,F5_Fumaric_Acid,259
46.25,F5_Fumaric_Acid,258
46.5,F5_Fumaric_Acid,256
46.75,F5_Fumaric_Acid,260
47.0,F5_Fumaric_Acid,256
47.25,F5_Fumaric_Acid,255
47.5,F5_Fumaric_Acid,0
0.0,F6_Bromo_Succinic_Acid,13
0.25,F6_Bromo_Succinic_Acid,11
0.5,F6_Bromo_Succinic_Acid,11
0.75,F6_Bromo_Succinic_Acid,12
1.0,F6_Bromo_Succinic_Acid,13
1.25,F6_Bromo_Succinic_Acid,11
1.5,F6_Bromo_Succinic_Acid,13
1.75,F6_Bromo_Succinic_Acid,12
2.0,F6_Bromo_Succinic_Acid,12
2.25,F6_Bromo_Succinic_Acid,11
2.5,F6_Bromo_Succinic_Acid,11
2.75,F6_Bromo_Succinic_Acid,11
3.0,F6_Bromo_Succinic_Acid,11
3.25,F6_Bromo_Succinic_Acid,15
3.5,F6_Bromo_Succinic_Acid,16
3.75,F6_Bromo_Succinic_Acid,12
4.0,F6_Bromo_Succinic_Acid,14
4.25,F6_Bromo_Succinic_Acid,15
4.5,F6_Bromo_Succinic_Acid,17
4.75,F6_Bromo_Succinic_Acid,19
5.0,F6_Bromo_Succinic_Acid,25
5.25,F6_Bromo_Succinic_Acid,22
5.5,F6_Bromo_Succinic_Acid,17
5.75,F6_Bromo_Succinic_Acid,28
6.0,F6_Bromo_Succinic_Acid,24
6.25,F6_Bromo_Succinic_Acid,30
6.5,F6_Bromo_Succinic_Acid,27
6.75,F6_Bromo_Succinic_Acid,36
7.0,F6_Bromo_Succinic_Acid,34
7.25,F6_Bromo_Succinic_Acid,37
7.5,F6_Bromo_Succinic_Acid,40
7.75,F6_Bromo_Succinic_Acid,40
8.0,F6_Bromo_Succinic_Acid,44
8.25,F6_Bromo_Succinic_Acid,49
8.5,F6_Bromo_Succinic_Acid,53
8.75,F6_Bromo_Succinic_Acid,59
9.0,F6_Bromo_Succinic_Acid,68
9.25,F6_Bromo_Succinic_Acid,71
9.5,F6_Bromo_Succinic_Acid,77
9.75,F6_Bromo_Succinic_Acid,80
10.0,F6_Bromo_Succinic_Acid,80
10.25,F6_Bromo_Succinic_Acid,86
10.5,F6_Bromo_Succinic_Acid,87
10.75,F6_Bromo_Succinic_Acid,89
11.0,F6_Bromo_Succinic_Acid,99
11.25,F6_Bromo_Succinic_Acid,94
11.5,F6_Bromo_Succinic_Acid,95
11.75,F6_Bromo_Succinic_Acid,98
12.0,F6_Bromo_Succinic_Acid,99
12.25,F6_Bromo_Succinic_Acid,102
12.5,F6_Bromo_Succinic_Acid,100
12.75,F6_Bromo_Succinic_Acid,107
13.0,F6_Bromo_Succinic_Acid,109
13.25,F6_Bromo_Succinic_Acid,108
13.5,F6_Bromo_Succinic_Acid,108
13.75,F6_Bromo_Succinic_Acid,111
14.0,F6_Bromo_Succinic_Acid,108
14.25,F6_Bromo_Succinic_Acid,115
14.5,F6_Bromo_Succinic_Acid,114
14.75,F6_Bromo_Succinic_Acid,109
15.0,F6_Bromo_Succinic_Acid,109
15.25,F6_Bromo_Succinic_Acid,114
15.5,F6_Bromo_Succinic_Acid,115
15.75,F6_Bromo_Succinic_Acid,115
16.0,F6_Bromo_Succinic_Acid,115
16.25,F6_Bromo_Succinic_Acid,111
16.5,F6_Bromo_Succinic_Acid,114
16.75,F6_Bromo_Succinic_Acid,112
17.0,F6_Bromo_Succinic_Acid,117
17.25,F6_Bromo_Succinic_Acid,115
17.5,F6_Bromo_Succinic_Acid,117
17.75,F6_Bromo_Succinic_Acid,119
18.0,F6_Bromo_Succinic_Acid,120
18.25,F6_Bromo_Succinic_Acid,116
18.5,F6_Bromo_Succinic_Acid,117
18.75,F6_Bromo_Succinic_Acid,119
19.0,F6_Bromo_Succinic_Acid,121
19.25,F6_Bromo_Succinic_Acid,122
19.5,F6_Bromo_Succinic_Acid,119
19.75,F6_Bromo_Succinic_Acid,115
20.0,F6_Bromo_Succinic_Acid,114
20.25,F6_Bromo_Succinic_Acid,120
20.5,F6_Bromo_Succinic_Acid,117
20.75,F6_Bromo_Succinic_Acid,118
21.0,F6_Bromo_Succinic_Acid,116
21.25,F6_Bromo_Succinic_Acid,121
21.5,F6_Bromo_Succinic_Acid,120
21.75,F6_Bromo_Succinic_Acid,116
22.0,F6_Bromo_Succinic_Acid,119
22.25,F6_Bromo_Succinic_Acid,117
22.5,F6_Bromo_Succinic_Acid,115
22.75,F6_Bromo_Succinic_Acid,118
23.0,F6_Bromo_Succinic_Acid,120
23.25,F6_Bromo_Succinic_Acid,119
23.5,F6_Bromo_Succinic_Acid,122
23.75,F6_Bromo_Succinic_Acid,119
24.0,F6_Bromo_Succinic_Acid,119
24.25,F6_Bromo_Succinic_Acid,115
24.5,F6_Bromo_Succinic_Acid,123
24.75,F6_Bromo_Succinic_Acid,122
25.0,F6_Bromo_Succinic_Acid,120
25.25,F6_Bromo_Succinic_Acid,120
25.5,F6_Bromo_Succinic_Acid,122
25.75,F6_Bromo_Succinic_Acid,121
26.0,F6_Bromo_Succinic_Acid,120
26.25,F6_Bromo_Succinic_Acid,122
26.5,F6_Bromo_Succinic_Acid,121
26.75,F6_Bromo_Succinic_Acid,120
27.0,F6_Bromo_Succinic_Acid,122
27.25,F6_Bromo_Succinic_Acid,123
27.5,F6_Bromo_Succinic_Acid,118
27.75,F6_Bromo_Succinic_Acid,117
28.0,F6_Bromo_Succinic_Acid,123
28.25,F6_Bromo_Succinic_Acid,118
28.5,F6_Bromo_Succinic_Acid,118
28.75,F6_Bromo_Succinic_Acid,121
29.0,F6_Bromo_Succinic_Acid,121
29.25,F6_Bromo_Succinic_Acid,117
29.5,F6_Bromo_Succinic_Acid,120
29.75,F6_Bromo_Succinic_Acid,118
30.0,F6_Bromo_Succinic_Acid,118
30.25,F6_Bromo_Succinic_Acid,121
30.5,F6_Bromo_Succinic_Acid,119
30.75,F6_Bromo_Succinic_Acid,124
31.0,F6_Bromo_Succinic_Acid,120
31.25,F6_Bromo_Succinic_Acid,121
31.5,F6_Bromo_Succinic_Acid,121
31.75,F6_Bromo_Succinic_Acid,117
32.0,F6_Bromo_Succinic_Acid,116
32.25,F6_Bromo_Succinic_Acid,119
32.5,F6_Bromo_Succinic_Acid,119
32.75,F6_Bromo_Succinic_Acid,118
33.0,F6_Bromo_Succinic_Acid,119
33.25,F6_Bromo_Succinic_Acid,118
33.5,F6_Bromo_Succinic_Acid,119
33.75,F6_Bromo_Succinic_Acid,117
34.0,F6_Bromo_Succinic_Acid,114
34.25,F6_Bromo_Succinic_Acid,117
34.5,F6_Bromo_Succinic_Acid,116
34.75,F6_Bromo_Succinic_Acid,117
35.0,F6_Bromo_Succinic_Acid,118
35.25,F6_Bromo_Succinic_Acid,116
35.5,F6_Bromo_Succinic_Acid,120
35.75,F6_Bromo_Succinic_Acid,118
36.0,F6_Bromo_Succinic_Acid,116
36.25,F6_Bromo_Succinic_Acid,122
36.5,F6_Bromo_Succinic_Acid,115
36.75,F6_Bromo_Succinic_Acid,115
37.0,F6_Bromo_Succinic_Acid,116
37.25,F6_Bromo_Succinic_Acid,115
37.5,F6_Bromo_Succinic_Acid,115
37.75,F6_Bromo_Succinic_Acid,120
38.0,F6_Bromo_Succinic_Acid,120
38.25,F6_Bromo_Succinic_Acid,120
38.5,F6_Bromo_Succinic_Acid,116
38.75,F6_Bromo_Succinic_Acid,118
39.0,F6_Bromo_Succinic_Acid,118
39.25,F6_Bromo_Succinic_Acid,117
39.5,F6_Bromo_Succinic_Acid,116
39.75,F6_Bromo_Succinic_Acid,114
40.0,F6_Bromo_Succinic_Acid,113
40.25,F6_Bromo_Succinic_Acid,118
40.5,F6_Bromo_Succinic_Acid,119
40.75,F6_Bromo_Succinic_Acid,116
41.0,F6_Bromo_Succinic_Acid,114
41.25,F6_Bromo_Succinic_Acid,118
41.5,F6_Bromo_Succinic_Acid,118
41.75,F6_Bromo_Succinic_Acid,115
42.0,F6_Bromo_Succinic_Acid,114
42.25,F6_Bromo_Succinic_Acid,113
42.5,F6_Bromo_Succinic_Acid,119
42.75,F6_Bromo_Succinic_Acid,114
43.0,F6_Bromo_Succinic_Acid,120
43.25,F6_Bromo_Succinic_Acid,121
43.5,F6_Bromo_Succinic_Acid,116
43.75,F6_Bromo_Succinic_Acid,113
44.0,F6_Bromo_Succinic_Acid,118
44.25,F6_Bromo_Succinic_Acid,120
44.5,F6_Bromo_Succinic_Acid,120
44.75,F6_Bromo_Succinic_Acid,113
45.0,F6_Bromo_Succinic_Acid,119
45.25,F6_Bromo_Succinic_Acid,116
45.5,F6_Bromo_Succinic_Acid,119
45.75,F6_Bromo_Succinic_Acid,117
46.0,F6_Bromo_Succinic_Acid,114
46.25,F6_Bromo_Succinic_Acid,119
46.5,F6_Bromo_Succinic_Acid,118
46.75,F6_Bromo_Succinic_Acid,118
47.0,F6_Bromo_Succinic_Acid,117
47.25,F6_Bromo_Succinic_Acid,118
47.5,F6_Bromo_Succinic_Acid,0
0.0,F7_Propionic_Acid,23
0.25,F7_Propionic_Acid,20
0.5,F7_Propionic_Acid,14
0.75,F7_Propionic_Acid,17
1.0,F7_Propionic_Acid,19
1.25,F7_Propionic_Acid,13
1.5,F7_Propionic_Acid,18
1.75,F7_Propionic_Acid,12
2.0,F7_Propionic_Acid,16
2.25,F7_Propionic_Acid,15
2.5,F7_Propionic_Acid,16
2.75,F7_Propionic_Acid,18
3.0,F7_Propionic_Acid,20
3.25,F7_Propionic_Acid,12
3.5,F7_Propionic_Acid,15
3.75,F7_Propionic_Acid,13
4.0,F7_Propionic_Acid,17
4.25,F7_Propionic_Acid,20
4.5,F7_Propionic_Acid,20
4.75,F7_Propionic_Acid,25
5.0,F7_Propionic_Acid,25
5.25,F7_Propionic_Acid,26
5.5,F7_Propionic_Acid,21
5.75,F7_Propionic_Acid,20
6.0,F7_Propionic_Acid,24
6.25,F7_Propionic_Acid,21
6.5,F7_Propionic_Acid,25
6.75,F7_Propionic_Acid,28
7.0,F7_Propionic_Acid,30
7.25,F7_Propionic_Acid,29
7.5,F7_Propionic_Acid,34
7.75,F7_Propionic_Acid,32
8.0,F7_Propionic_Acid,31
8.25,F7_Propionic_Acid,34
8.5,F7_Propionic_Acid,35
8.75,F7_Propionic_Acid,32
9.0,F7_Propionic_Acid,42
9.25,F7_Propionic_Acid,40
9.5,F7_Propionic_Acid,42
9.75,F7_Propionic_Acid,46
10.0,F7_Propionic_Acid,48
10.25,F7_Propionic_Acid,47
10.5,F7_Propionic_Acid,52
10.75,F7_Propionic_Acid,51
11.0,F7_Propionic_Acid,51
11.25,F7_Propionic_Acid,57
11.5,F7_Propionic_Acid,55
11.75,F7_Propionic_Acid,59
12.0,F7_Propionic_Acid,62
12.25,F7_Propionic_Acid,63
12.5,F7_Propionic_Acid,61
12.75,F7_Propionic_Acid,73
13.0,F7_Propionic_Acid,71
13.25,F7_Propionic_Acid,74
13.5,F7_Propionic_Acid,71
13.75,F7_Propionic_Acid,80
14.0,F7_Propionic_Acid,84
14.25,F7_Propionic_Acid,84
14.5,F7_Propionic_Acid,88
14.75,F7_Propionic_Acid,85
15.0,F7_Propionic_Acid,96
15.25,F7_Propionic_Acid,102
15.5,F7_Propionic_Acid,103
15.75,F7_Propionic_Acid,107
16.0,F7_Propionic_Acid,107
16.25,F7_Propionic_Acid,114
16.5,F7_Propionic_Acid,118
16.75,F7_Propionic_Acid,116
17.0,F7_Propionic_Acid,121
17.25,F7_Propionic_Acid,125
17.5,F7_Propionic_Acid,131
17.75,F7_Propionic_Acid,136
18.0,F7_Propionic_Acid,143
18.25,F7_Propionic_Acid,141
18.5,F7_Propionic_Acid,146
18.75,F7_Propionic_Acid,152
19.0,F7_Propionic_Acid,152
19.25,F7_Propionic_Acid,159
19.5,F7_Propionic_Acid,160
19.75,F7_Propionic_Acid,163
20.0,F7_Propionic_Acid,167
20.25,F7_Propionic_Acid,168
20.5,F7_Propionic_Acid,180
20.75,F7_Propionic_Acid,180
21.0,F7_Propionic_Acid,184
21.25,F7_Propionic_Acid,184
21.5,F7_Propionic_Acid,190
21.75,F7_Propionic_Acid,192
22.0,F7_Propionic_Acid,190
22.25,F7_Propionic_Acid,197
22.5,F7_Propionic_Acid,202
22.75,F7_Propionic_Acid,206
23.0,F7_Propionic_Acid,209
23.25,F7_Propionic_Acid,211
23.5,F7_Propionic_Acid,213
23.75,F7_Propionic_Acid,214
24.0,F7_Propionic_Acid,219
24.25,F7_Propionic_Acid,219
24.5,F7_Propionic_Acid,222
24.75,F7_Propionic_Acid,223
25.0,F7_Propionic_Acid,224
25.25,F7_Propionic_Acid,226
25.5,F7_Propionic_Acid,229
25.75,F7_Propionic_Acid,228
26.0,F7_Propionic_Acid,231
26.25,F7_Propionic_Acid,230
26.5,F7_Propionic_Acid,235
26.75,F7_Propionic_Acid,237
27.0,F7_Propionic_Acid,238
27.25,F7_Propionic_Acid,241
27.5,F7_Propionic_Acid,242
27.75,F7_Propionic_Acid,238
28.0,F7_Propionic_Acid,239
28.25,F7_Propionic_Acid,242
28.5,F7_Propionic_Acid,246
28.75,F7_Propionic_Acid,242
29.0,F7_Propionic_Acid,245
29.25,F7_Propionic_Acid,242
29.5,F7_Propionic_Acid,246
29.75,F7_Propionic_Acid,246
30.0,F7_Propionic_Acid,247
30.25,F7_Propionic_Acid,249
30.5,F7_Propionic_Acid,247
30.75,F7_Propionic_Acid,249
31.0,F7_Propionic_Acid,249
31.25,F7_Propionic_Acid,248
31.5,F7_Propionic_Acid,247
31.75,F7_Propionic_Acid,247
32.0,F7_Propionic_Acid,250
32.25,F7_Propionic_Acid,249
32.5,F7_Propionic_Acid,249
32.75,F7_Propionic_Acid,251
33.0,F7_Propionic_Acid,250
33.25,F7_Propionic_Acid,249
33.5,F7_Propionic_Acid,253
33.75,F7_Propionic_Acid,251
34.0,F7_Propionic_Acid,250
34.25,F7_Propionic_Acid,248
34.5,F7_Propionic_Acid,252
34.75,F7_Propionic_Acid,253
35.0,F7_Propionic_Acid,250
35.25,F7_Propionic_Acid,251
35.5,F7_Propionic_Acid,252
35.75,F7_Propionic_Acid,254
36.0,F7_Propionic_Acid,252
36.25,F7_Propionic_Acid,251
36.5,F7_Propionic_Acid,252
36.75,F7_Propionic_Acid,252
37.0,F7_Propionic_Acid,252
37.25,F7_Propionic_Acid,253
37.5,F7_Propionic_Acid,251
37.75,F7_Propionic_Acid,255
38.0,F7_Propionic_Acid,257
38.25,F7_Propionic_Acid,253
38.5,F7_Propionic_Acid,254
38.75,F7_Propionic_Acid,257
39.0,F7_Propionic_Acid,254
39.25,F7_Propionic_Acid,255
39.5,F7_Propionic_Acid,257
39.75,F7_Propionic_Acid,255
40.0,F7_Propionic_Acid,256
40.25,F7_Propionic_Acid,256
40.5,F7_Propionic_Acid,253
40.75,F7_Propionic_Acid,255
41.0,F7_Propionic_Acid,256
41.25,F7_Propionic_Acid,257
41.5,F7_Propionic_Acid,259
41.75,F7_Propionic_Acid,257
42.0,F7_Propionic_Acid,259
42.25,F7_Propionic_Acid,255
42.5,F7_Propionic_Acid,262
42.75,F7_Propionic_Acid,256
43.0,F7_Propionic_Acid,259
43.25,F7_Propionic_Acid,260
43.5,F7_Propionic_Acid,261
43.75,F7_Propionic_Acid,260
44.0,F7_Propionic_Acid,264
44.25,F7_Propionic_Acid,260
44.5,F7_Propionic_Acid,262
44.75,F7_Propionic_Acid,265
45.0,F7_Propionic_Acid,261
45.25,F7_Propionic_Acid,261
45.5,F7_Propionic_Acid,263
45.75,F7_Propionic_Acid,266
46.0,F7_Propionic_Acid,265
46.25,F7_Propionic_Acid,262
46.5,F7_Propionic_Acid,261
46.75,F7_Propionic_Acid,259
47.0,F7_Propionic_Acid,263
47.25,F7_Propionic_Acid,261
47.5,F7_Propionic_Acid,0
0.0,F8_Mucic_Acid,11
0.25,F8_Mucic_Acid,11
0.5,F8_Mucic_Acid,11
0.75,F8_Mucic_Acid,12
1.0,F8_Mucic_Acid,11
1.25,F8_Mucic_Acid,11
1.5,F8_Mucic_Acid,11
1.75,F8_Mucic_Acid,11
2.0,F8_Mucic_Acid,11
2.25,F8_Mucic_Acid,11
2.5,F8_Mucic_Acid,11
2.75,F8_Mucic_Acid,11
3.0,F8_Mucic_Acid,11
3.25,F8_Mucic_Acid,11
3.5,F8_Mucic_Acid,13
3.75,F8_Mucic_Acid,12
4.0,F8_Mucic_Acid,11
4.25,F8_Mucic_Acid,15
4.5,F8_Mucic_Acid,12
4.75,F8_Mucic_Acid,18
5.0,F8_Mucic_Acid,17
5.25,F8_Mucic_Acid,15
5.5,F8_Mucic_Acid,11
5.75,F8_Mucic_Acid,15
6.0,F8_Mucic_Acid,17
6.25,F8_Mucic_Acid,15
6.5,F8_Mucic_Acid,13
6.75,F8_Mucic_Acid,24
7.0,F8_Mucic_Acid,24
7.25,F8_Mucic_Acid,26
7.5,F8_Mucic_Acid,25
7.75,F8_Mucic_Acid,20
8.0,F8_Mucic_Acid,19
8.25,F8_Mucic_Acid,22
8.5,F8_Mucic_Acid,25
8.75,F8_Mucic_Acid,20
9.0,F8_Mucic_Acid,24
9.25,F8_Mucic_Acid,22
9.5,F8_Mucic_Acid,21
9.75,F8_Mucic_Acid,21
10.0,F8_Mucic_Acid,21
10.25,F8_Mucic_Acid,23
10.5,F8_Mucic_Acid,22
10.75,F8_Mucic_Acid,30
11.0,F8_Mucic_Acid,26
11.25,F8_Mucic_Acid,24
11.5,F8_Mucic_Acid,24
11.75,F8_Mucic_Acid,21
12.0,F8_Mucic_Acid,26
12.25,F8_Mucic_Acid,25
12.5,F8_Mucic_Acid,24
12.75,F8_Mucic_Acid,23
13.0,F8_Mucic_Acid,22
13.25,F8_Mucic_Acid,29
13.5,F8_Mucic_Acid,29
13.75,F8_Mucic_Acid,26
14.0,F8_Mucic_Acid,24
14.25,F8_Mucic_Acid,23
14.5,F8_Mucic_Acid,24
14.75,F8_Mucic_Acid,24
15.0,F8_Mucic_Acid,22
15.25,F8_Mucic_Acid,25
15.5,F8_Mucic_Acid,29
15.75,F8_Mucic_Acid,25
16.0,F8_Mucic_Acid,29
16.25,F8_Mucic_Acid,26
16.5,F8_Mucic_Acid,26
16.75,F8_Mucic_Acid,30
17.0,F8_Mucic_Acid,30
17.25,F8_Mucic_Acid,28
17.5,F8_Mucic_Acid,26
17.75,F8_Mucic_Acid,26
18.0,F8_Mucic_Acid,28
18.25,F8_Mucic_Acid,30
18.5,F8_Mucic_Acid,29
18.75,F8_Mucic_Acid,32
19.0,F8_Mucic_Acid,31
19.25,F8_Mucic_Acid,32
19.5,F8_Mucic_Acid,27
19.75,F8_Mucic_Acid,30
20.0,F8_Mucic_Acid,31
20.25,F8_Mucic_Acid,29
20.5,F8_Mucic_Acid,26
20.75,F8_Mucic_Acid,28
21.0,F8_Mucic_Acid,27
21.25,F8_Mucic_Acid,27
21.5,F8_Mucic_Acid,29
21.75,F8_Mucic_Acid,25
22.0,F8_Mucic_Acid,29
22.25,F8_Mucic_Acid,27
22.5,F8_Mucic_Acid,32
22.75,F8_Mucic_Acid,31
23.0,F8_Mucic_Acid,33
23.25,F8_Mucic_Acid,26
23.5,F8_Mucic_Acid,30
23.75,F8_Mucic_Acid,32
24.0,F8_Mucic_Acid,26
24.25,F8_Mucic_Acid,27
24.5,F8_Mucic_Acid,29
24.75,F8_Mucic_Acid,29
25.0,F8_Mucic_Acid,30
25.25,F8_Mucic_Acid,31
25.5,F8_Mucic_Acid,30
25.75,F8_Mucic_Acid,27
26.0,F8_Mucic_Acid,29
26.25,F8_Mucic_Acid,27
26.5,F8_Mucic_Acid,28
26.75,F8_Mucic_Acid,33
27.0,F8_Mucic_Acid,31
27.25,F8_Mucic_Acid,38
27.5,F8_Mucic_Acid,28
27.75,F8_Mucic_Acid,29
28.0,F8_Mucic_Acid,29
28.25,F8_Mucic_Acid,32
28.5,F8_Mucic_Acid,34
28.75,F8_Mucic_Acid,34
29.0,F8_Mucic_Acid,33
29.25,F8_Mucic_Acid,29
29.5,F8_Mucic_Acid,29
29.75,F8_Mucic_Acid,33
30.0,F8_Mucic_Acid,33
30.25,F8_Mucic_Acid,31
30.5,F8_Mucic_Acid,32
30.75,F8_Mucic_Acid,32
31.0,F8_Mucic_Acid,33
31.25,F8_Mucic_Acid,30
31.5,F8_Mucic_Acid,32
31.75,F8_Mucic_Acid,28
32.0,F8_Mucic_Acid,33
32.25,F8_Mucic_Acid,30
32.5,F8_Mucic_Acid,32
32.75,F8_Mucic_Acid,37
33.0,F8_Mucic_Acid,32
33.25,F8_Mucic_Acid,31
33.5,F8_Mucic_Acid,32
33.75,F8_Mucic_Acid,31
34.0,F8_Mucic_Acid,34
34.25,F8_Mucic_Acid,33
34.5,F8_Mucic_Acid,29
34.75,F8_Mucic_Acid,33
35.0,F8_Mucic_Acid,35
35.25,F8_Mucic_Acid,27
35.5,F8_Mucic_Acid,33
35.75,F8_Mucic_Acid,31
36.0,F8_Mucic_Acid,33
36.25,F8_Mucic_Acid,34
36.5,F8_Mucic_Acid,29
36.75,F8_Mucic_Acid,30
37.0,F8_Mucic_Acid,27
37.25,F8_Mucic_Acid,31
37.5,F8_Mucic_Acid,29
37.75,F8_Mucic_Acid,33
38.0,F8_Mucic_Acid,34
38.25,F8_Mucic_Acid,31
38.5,F8_Mucic_Acid,36
38.75,F8_Mucic_Acid,32
39.0,F8_Mucic_Acid,33
39.25,F8_Mucic_Acid,32
39.5,F8_Mucic_Acid,28
39.75,F8_Mucic_Acid,29
40.0,F8_Mucic_Acid,30
40.25,F8_Mucic_Acid,31
40.5,F8_Mucic_Acid,35
40.75,F8_Mucic_Acid,30
41.0,F8_Mucic_Acid,33
41.25,F8_Mucic_Acid,30
41.5,F8_Mucic_Acid,34
41.75,F8_Mucic_Acid,27
42.0,F8_Mucic_Acid,30
42.25,F8_Mucic_Acid,26
42.5,F8_Mucic_Acid,34
42.75,F8_Mucic_Acid,26
43.0,F8_Mucic_Acid,33
43.25,F8_Mucic_Acid,31
43.5,F8_Mucic_Acid,30
43.75,F8_Mucic_Acid,34
44.0,F8_Mucic_Acid,38
44.25,F8_Mucic_Acid,31
44.5,F8_Mucic_Acid,32
44.75,F8_Mucic_Acid,29
45.0,F8_Mucic_Acid,30
45.25,F8_Mucic_Acid,30
45.5,F8_Mucic_Acid,33
45.75,F8_Mucic_Acid,29
46.0,F8_Mucic_Acid,31
46.25,F8_Mucic_Acid,33
46.5,F8_Mucic_Acid,37
46.75,F8_Mucic_Acid,30
47.0,F8_Mucic_Acid,35
47.25,F8_Mucic_Acid,37
47.5,F8_Mucic_Acid,0
0.0,F9_Glycolic_Acid,18
0.25,F9_Glycolic_Acid,15
0.5,F9_Glycolic_Acid,22
0.75,F9_Glycolic_Acid,20
1.0,F9_Glycolic_Acid,15
1.25,F9_Glycolic_Acid,12
1.5,F9_Glycolic_Acid,18
1.75,F9_Glycolic_Acid,14
2.0,F9_Glycolic_Acid,16
2.25,F9_Glycolic_Acid,15
2.5,F9_Glycolic_Acid,12
2.75,F9_Glycolic_Acid,16
3.0,F9_Glycolic_Acid,19
3.25,F9_Glycolic_Acid,17
3.5,F9_Glycolic_Acid,17
3.75,F9_Glycolic_Acid,17
4.0,F9_Glycolic_Acid,18
4.25,F9_Glycolic_Acid,20
4.5,F9_Glycolic_Acid,23
4.75,F9_Glycolic_Acid,26
5.0,F9_Glycolic_Acid,22
5.25,F9_Glycolic_Acid,21
5.5,F9_Glycolic_Acid,19
5.75,F9_Glycolic_Acid,25
6.0,F9_Glycolic_Acid,25
6.25,F9_Glycolic_Acid,25
6.5,F9_Glycolic_Acid,21
6.75,F9_Glycolic_Acid,31
7.0,F9_Glycolic_Acid,29
7.25,F9_Glycolic_Acid,30
7.5,F9_Glycolic_Acid,37
7.75,F9_Glycolic_Acid,30
8.0,F9_Glycolic_Acid,30
8.25,F9_Glycolic_Acid,34
8.5,F9_Glycolic_Acid,30
8.75,F9_Glycolic_Acid,30
9.0,F9_Glycolic_Acid,38
9.25,F9_Glycolic_Acid,31
9.5,F9_Glycolic_Acid,32
9.75,F9_Glycolic_Acid,30
10.0,F9_Glycolic_Acid,31
10.25,F9_Glycolic_Acid,29
10.5,F9_Glycolic_Acid,32
10.75,F9_Glycolic_Acid,33
11.0,F9_Glycolic_Acid,33
11.25,F9_Glycolic_Acid,32
11.5,F9_Glycolic_Acid,32
11.75,F9_Glycolic_Acid,33
12.0,F9_Glycolic_Acid,30
12.25,F9_Glycolic_Acid,31
12.5,F9_Glycolic_Acid,29
12.75,F9_Glycolic_Acid,29
13.0,F9_Glycolic_Acid,34
13.25,F9_Glycolic_Acid,37
13.5,F9_Glycolic_Acid,33
13.75,F9_Glycolic_Acid,34
14.0,F9_Glycolic_Acid,36
14.25,F9_Glycolic_Acid,34
14.5,F9_Glycolic_Acid,30
14.75,F9_Glycolic_Acid,31
15.0,F9_Glycolic_Acid,29
15.25,F9_Glycolic_Acid,35
15.5,F9_Glycolic_Acid,33
15.75,F9_Glycolic_Acid,30
16.0,F9_Glycolic_Acid,32
16.25,F9_Glycolic_Acid,34
16.5,F9_Glycolic_Acid,30
16.75,F9_Glycolic_Acid,29
17.0,F9_Glycolic_Acid,34
17.25,F9_Glycolic_Acid,33
17.5,F9_Glycolic_Acid,31
17.75,F9_Glycolic_Acid,32
18.0,F9_Glycolic_Acid,31
18.25,F9_Glycolic_Acid,33
18.5,F9_Glycolic_Acid,32
18.75,F9_Glycolic_Acid,34
19.0,F9_Glycolic_Acid,36
19.25,F9_Glycolic_Acid,31
19.5,F9_Glycolic_Acid,34
19.75,F9_Glycolic_Acid,32
20.0,F9_Glycolic_Acid,32
20.25,F9_Glycolic_Acid,30
20.5,F9_Glycolic_Acid,33
20.75,F9_Glycolic_Acid,36
21.0,F9_Glycolic_Acid,29
21.25,F9_Glycolic_Acid,29
21.5,F9_Glycolic_Acid,31
21.75,F9_Glycolic_Acid,27
22.0,F9_Glycolic_Acid,32
22.25,F9_Glycolic_Acid,27
22.5,F9_Glycolic_Acid,30
22.75,F9_Glycolic_Acid,32
23.0,F9_Glycolic_Acid,31
23.25,F9_Glycolic_Acid,28
23.5,F9_Glycolic_Acid,33
23.75,F9_Glycolic_Acid,29
24.0,F9_Glycolic_Acid,25
24.25,F9_Glycolic_Acid,31
24.5,F9_Glycolic_Acid,32
24.75,F9_Glycolic_Acid,32
25.0,F9_Glycolic_Acid,28
25.25,F9_Glycolic_Acid,31
25.5,F9_Glycolic_Acid,31
25.75,F9_Glycolic_Acid,31
26.0,F9_Glycolic_Acid,27
26.25,F9_Glycolic_Acid,31
26.5,F9_Glycolic_Acid,31
26.75,F9_Glycolic_Acid,31
27.0,F9_Glycolic_Acid,32
27.25,F9_Glycolic_Acid,33
27.5,F9_Glycolic_Acid,31
27.75,F9_Glycolic_Acid,32
28.0,F9_Glycolic_Acid,33
28.25,F9_Glycolic_Acid,31
28.5,F9_Glycolic_Acid,30
28.75,F9_Glycolic_Acid,32
29.0,F9_Glycolic_Acid,31
29.25,F9_Glycolic_Acid,27
29.5,F9_Glycolic_Acid,28
29.75,F9_Glycolic_Acid,32
30.0,F9_Glycolic_Acid,30
30.25,F9_Glycolic_Acid,28
30.5,F9_Glycolic_Acid,29
30.75,F9_Glycolic_Acid,28
31.0,F9_Glycolic_Acid,31
31.25,F9_Glycolic_Acid,29
31.5,F9_Glycolic_Acid,30
31.75,F9_Glycolic_Acid,28
32.0,F9_Glycolic_Acid,26
32.25,F9_Glycolic_Acid,32
32.5,F9_Glycolic_Acid,29
32.75,F9_Glycolic_Acid,30
33.0,F9_Glycolic_Acid,32
33.25,F9_Glycolic_Acid,23
33.5,F9_Glycolic_Acid,30
33.75,F9_Glycolic_Acid,30
34.0,F9_Glycolic_Acid,29
34.25,F9_Glycolic_Acid,30
34.5,F9_Glycolic_Acid,29
34.75,F9_Glycolic_Acid,28
35.0,F9_Glycolic_Acid,26
35.25,F9_Glycolic_Acid,28
35.5,F9_Glycolic_Acid,33
35.75,F9_Glycolic_Acid,28
36.0,F9_Glycolic_Acid,33
36.25,F9_Glycolic_Acid,32
36.5,F9_Glycolic_Acid,31
36.75,F9_Glycolic_Acid,31
37.0,F9_Glycolic_Acid,30
37.25,F9_Glycolic_Acid,30
37.5,F9_Glycolic_Acid,29
37.75,F9_Glycolic_Acid,28
38.0,F9_Glycolic_Acid,34
38.25,F9_Glycolic_Acid,28
38.5,F9_Glycolic_Acid,32
38.75,F9_Glycolic_Acid,28
39.0,F9_Glycolic_Acid,29
39.25,F9_Glycolic_Acid,25
39.5,F9_Glycolic_Acid,28
39.75,F9_Glycolic_Acid,27
40.0,F9_Glycolic_Acid,30
40.25,F9_Glycolic_Acid,29
40.5,F9_Glycolic_Acid,27
40.75,F9_Glycolic_Acid,27
41.0,F9_Glycolic_Acid,28
41.25,F9_Glycolic_Acid,26
41.5,F9_Glycolic_Acid,30
41.75,F9_Glycolic_Acid,26
42.0,F9_Glycolic_Acid,27
42.25,F9_Glycolic_Acid,27
42.5,F9_Glycolic_Acid,27
42.75,F9_Glycolic_Acid,30
43.0,F9_Glycolic_Acid,32
43.25,F9_Glycolic_Acid,31
43.5,F9_Glycolic_Acid,29
43.75,F9_Glycolic_Acid,32
44.0,F9_Glycolic_Acid,29
44.25,F9_Glycolic_Acid,29
44.5,F9_Glycolic_Acid,35
44.75,F9_Glycolic_Acid,28
45.0,F9_Glycolic_Acid,30
45.25,F9_Glycolic_Acid,30
45.5,F9_Glycolic_Acid,32
45.75,F9_Glycolic_Acid,33
46.0,F9_Glycolic_Acid,30
46.25,F9_Glycolic_Acid,35
46.5,F9_Glycolic_Acid,30
46.75,F9_Glycolic_Acid,25
47.0,F9_Glycolic_Acid,33
47.25,F9_Glycolic_Acid,36
47.5,F9_Glycolic_Acid,0
0.0,F10_Glyoxylic_Acid,11
0.25,F10_Glyoxylic_Acid,11
0.5,F10_Glyoxylic_Acid,13
0.75,F10_Glyoxylic_Acid,12
1.0,F10_Glyoxylic_Acid,15
1.25,F10_Glyoxylic_Acid,13
1.5,F10_Glyoxylic_Acid,15
1.75,F10_Glyoxylic_Acid,11
2.0,F10_Glyoxylic_Acid,16
2.25,F10_Glyoxylic_Acid,11
2.5,F10_Glyoxylic_Acid,11
2.75,F10_Glyoxylic_Acid,16
3.0,F10_Glyoxylic_Acid,12
3.25,F10_Glyoxylic_Acid,14
3.5,F10_Glyoxylic_Acid,14
3.75,F10_Glyoxylic_Acid,16
4.0,F10_Glyoxylic_Acid,15
4.25,F10_Glyoxylic_Acid,20
4.5,F10_Glyoxylic_Acid,11
4.75,F10_Glyoxylic_Acid,16
5.0,F10_Glyoxylic_Acid,18
5.25,F10_Glyoxylic_Acid,19
5.5,F10_Glyoxylic_Acid,13
5.75,F10_Glyoxylic_Acid,14
6.0,F10_Glyoxylic_Acid,16
6.25,F10_Glyoxylic_Acid,18
6.5,F10_Glyoxylic_Acid,18
6.75,F10_Glyoxylic_Acid,18
7.0,F10_Glyoxylic_Acid,20
7.25,F10_Glyoxylic_Acid,20
7.5,F10_Glyoxylic_Acid,20
7.75,F10_Glyoxylic_Acid,18
8.0,F10_Glyoxylic_Acid,24
8.25,F10_Glyoxylic_Acid,21
8.5,F10_Glyoxylic_Acid,18
8.75,F10_Glyoxylic_Acid,19
9.0,F10_Glyoxylic_Acid,21
9.25,F10_Glyoxylic_Acid,18
9.5,F10_Glyoxylic_Acid,22
9.75,F10_Glyoxylic_Acid,22
10.0,F10_Glyoxylic_Acid,22
10.25,F10_Glyoxylic_Acid,25
10.5,F10_Glyoxylic_Acid,23
10.75,F10_Glyoxylic_Acid,27
11.0,F10_Glyoxylic_Acid,24
11.25,F10_Glyoxylic_Acid,24
11.5,F10_Glyoxylic_Acid,26
11.75,F10_Glyoxylic_Acid,25
12.0,F10_Glyoxylic_Acid,29
12.25,F10_Glyoxylic_Acid,29
12.5,F10_Glyoxylic_Acid,25
12.75,F10_Glyoxylic_Acid,27
13.0,F10_Glyoxylic_Acid,29
13.25,F10_Glyoxylic_Acid,30
13.5,F10_Glyoxylic_Acid,32
13.75,F10_Glyoxylic_Acid,28
14.0,F10_Glyoxylic_Acid,28
14.25,F10_Glyoxylic_Acid,27
14.5,F10_Glyoxylic_Acid,32
14.75,F10_Glyoxylic_Acid,27
15.0,F10_Glyoxylic_Acid,29
15.25,F10_Glyoxylic_Acid,29
15.5,F10_Glyoxylic_Acid,31
15.75,F10_Glyoxylic_Acid,30
16.0,F10_Glyoxylic_Acid,30
16.25,F10_Glyoxylic_Acid,35
16.5,F10_Glyoxylic_Acid,30
16.75,F10_Glyoxylic_Acid,32
17.0,F10_Glyoxylic_Acid,34
17.25,F10_Glyoxylic_Acid,30
17.5,F10_Glyoxylic_Acid,33
17.75,F10_Glyoxylic_Acid,29
18.0,F10_Glyoxylic_Acid,33
18.25,F10_Glyoxylic_Acid,34
18.5,F10_Glyoxylic_Acid,35
18.75,F10_Glyoxylic_Acid,34
19.0,F10_Glyoxylic_Acid,32
19.25,F10_Glyoxylic_Acid,34
19.5,F10_Glyoxylic_Acid,31
19.75,F10_Glyoxylic_Acid,37
20.0,F10_Glyoxylic_Acid,37
20.25,F10_Glyoxylic_Acid,31
20.5,F10_Glyoxylic_Acid,36
20.75,F10_Glyoxylic_Acid,40
21.0,F10_Glyoxylic_Acid,39
21.25,F10_Glyoxylic_Acid,35
21.5,F10_Glyoxylic_Acid,35
21.75,F10_Glyoxylic_Acid,35
22.0,F10_Glyoxylic_Acid,32
22.25,F10_Glyoxylic_Acid,35
22.5,F10_Glyoxylic_Acid,43
22.75,F10_Glyoxylic_Acid,40
23.0,F10_Glyoxylic_Acid,38
23.25,F10_Glyoxylic_Acid,42
23.5,F10_Glyoxylic_Acid,39
23.75,F10_Glyoxylic_Acid,40
24.0,F10_Glyoxylic_Acid,43
24.25,F10_Glyoxylic_Acid,39
24.5,F10_Glyoxylic_Acid,42
24.75,F10_Glyoxylic_Acid,40
25.0,F10_Glyoxylic_Acid,40
25.25,F10_Glyoxylic_Acid,38
25.5,F10_Glyoxylic_Acid,38
25.75,F10_Glyoxylic_Acid,40
26.0,F10_Glyoxylic_Acid,43
26.25,F10_Glyoxylic_Acid,40
26.5,F10_Glyoxylic_Acid,43
26.75,F10_Glyoxylic_Acid,45
27.0,F10_Glyoxylic_Acid,41
27.25,F10_Glyoxylic_Acid,45
27.5,F10_Glyoxylic_Acid,44
27.75,F10_Glyoxylic_Acid,45
28.0,F10_Glyoxylic_Acid,46
28.25,F10_Glyoxylic_Acid,47
28.5,F10_Glyoxylic_Acid,49
28.75,F10_Glyoxylic_Acid,50
29.0,F10_Glyoxylic_Acid,50
29.25,F10_Glyoxylic_Acid,48
29.5,F10_Glyoxylic_Acid,52
29.75,F10_Glyoxylic_Acid,49
30.0,F10_Glyoxylic_Acid,46
30.25,F10_Glyoxylic_Acid,50
30.5,F10_Glyoxylic_Acid,54
30.75,F10_Glyoxylic_Acid,51
31.0,F10_Glyoxylic_Acid,50
31.25,F10_Glyoxylic_Acid,46
31.5,F10_Glyoxylic_Acid,47
31.75,F10_Glyoxylic_Acid,48
32.0,F10_Glyoxylic_Acid,51
32.25,F10_Glyoxylic_Acid,51
32.5,F10_Glyoxylic_Acid,50
32.75,F10_Glyoxylic_Acid,52
33.0,F10_Glyoxylic_Acid,49
33.25,F10_Glyoxylic_Acid,48
33.5,F10_Glyoxylic_Acid,57
33.75,F10_Glyoxylic_Acid,54
34.0,F10_Glyoxylic_Acid,52
34.25,F10_Glyoxylic_Acid,54
34.5,F10_Glyoxylic_Acid,54
34.75,F10_Glyoxylic_Acid,52
35.0,F10_Glyoxylic_Acid,56
35.25,F10_Glyoxylic_Acid,58
35.5,F10_Glyoxylic_Acid,60
35.75,F10_Glyoxylic_Acid,57
36.0,F10_Glyoxylic_Acid,60
36.25,F10_Glyoxylic_Acid,58
36.5,F10_Glyoxylic_Acid,57
36.75,F10_Glyoxylic_Acid,62
37.0,F10_Glyoxylic_Acid,59
37.25,F10_Glyoxylic_Acid,58
37.5,F10_Glyoxylic_Acid,60
37.75,F10_Glyoxylic_Acid,59
38.0,F10_Glyoxylic_Acid,63
38.25,F10_Glyoxylic_Acid,62
38.5,F10_Glyoxylic_Acid,63
38.75,F10_Glyoxylic_Acid,65
39.0,F10_Glyoxylic_Acid,62
39.25,F10_Glyoxylic_Acid,67
39.5,F10_Glyoxylic_Acid,63
39.75,F10_Glyoxylic_Acid,65
40.0,F10_Glyoxylic_Acid,65
40.25,F10_Glyoxylic_Acid,65
40.5,F10_Glyoxylic_Acid,65
40.75,F10_Glyoxylic_Acid,66
41.0,F10_Glyoxylic_Acid,68
41.25,F10_Glyoxylic_Acid,67
41.5,F10_Glyoxylic_Acid,70
41.75,F10_Glyoxylic_Acid,66
42.0,F10_Glyoxylic_Acid,72
42.25,F10_Glyoxylic_Acid,65
42.5,F10_Glyoxylic_Acid,71
42.75,F10_Glyoxylic_Acid,69
43.0,F10_Glyoxylic_Acid,71
43.25,F10_Glyoxylic_Acid,72
43.5,F10_Glyoxylic_Acid,72
43.75,F10_Glyoxylic_Acid,75
44.0,F10_Glyoxylic_Acid,80
44.25,F10_Glyoxylic_Acid,74
44.5,F10_Glyoxylic_Acid,80
44.75,F10_Glyoxylic_Acid,77
45.0,F10_Glyoxylic_Acid,79
45.25,F10_Glyoxylic_Acid,78
45.5,F10_Glyoxylic_Acid,86
45.75,F10_Glyoxylic_Acid,85
46.0,F10_Glyoxylic_Acid,82
46.25,F10_Glyoxylic_Acid,90
46.5,F10_Glyoxylic_Acid,85
46.75,F10_Glyoxylic_Acid,87
47.0,F10_Glyoxylic_Acid,89
47.25,F10_Glyoxylic_Acid,87
47.5,F10_Glyoxylic_Acid,0
0.0,F11_D-Cellobiose,17
0.25,F11_D-Cellobiose,18
0.5,F11_D-Cellobiose,16
0.75,F11_D-Cellobiose,18
1.0,F11_D-Cellobiose,18
1.25,F11_D-Cellobiose,20
1.5,F11_D-Cellobiose,23
1.75,F11_D-Cellobiose,24
2.0,F11_D-Cellobiose,24
2.25,F11_D-Cellobiose,19
2.5,F11_D-Cellobiose,20
2.75,F11_D-Cellobiose,18
3.0,F11_D-Cellobiose,18
3.25,F11_D-Cellobiose,19
3.5,F11_D-Cellobiose,22
3.75,F11_D-Cellobiose,19
4.0,F11_D-Cellobiose,21
4.25,F11_D-Cellobiose,24
4.5,F11_D-Cellobiose,23
4.75,F11_D-Cellobiose,22
5.0,F11_D-Cellobiose,26
5.25,F11_D-Cellobiose,24
5.5,F11_D-Cellobiose,28
5.75,F11_D-Cellobiose,30
6.0,F11_D-Cellobiose,29
6.25,F11_D-Cellobiose,33
6.5,F11_D-Cellobiose,31
6.75,F11_D-Cellobiose,37
7.0,F11_D-Cellobiose,40
7.25,F11_D-Cellobiose,43
7.5,F11_D-Cellobiose,37
7.75,F11_D-Cellobiose,41
8.0,F11_D-Cellobiose,47
8.25,F11_D-Cellobiose,50
8.5,F11_D-Cellobiose,52
8.75,F11_D-Cellobiose,51
9.0,F11_D-Cellobiose,51
9.25,F11_D-Cellobiose,54
9.5,F11_D-Cellobiose,60
9.75,F11_D-Cellobiose,61
10.0,F11_D-Cellobiose,64
10.25,F11_D-Cellobiose,70
10.5,F11_D-Cellobiose,72
10.75,F11_D-Cellobiose,72
11.0,F11_D-Cellobiose,72
11.25,F11_D-Cellobiose,78
11.5,F11_D-Cellobiose,83
11.75,F11_D-Cellobiose,94
12.0,F11_D-Cellobiose,98
12.25,F11_D-Cellobiose,99
12.5,F11_D-Cellobiose,110
12.75,F11_D-Cellobiose,111
13.0,F11_D-Cellobiose,114
13.25,F11_D-Cellobiose,117
13.5,F11_D-Cellobiose,127
13.75,F11_D-Cellobiose,131
14.0,F11_D-Cellobiose,134
14.25,F11_D-Cellobiose,134
14.5,F11_D-Cellobiose,138
14.75,F11_D-Cellobiose,143
15.0,F11_D-Cellobiose,148
15.25,F11_D-Cellobiose,150
15.5,F11_D-Cellobiose,162
15.75,F11_D-Cellobiose,160
16.0,F11_D-Cellobiose,170
16.25,F11_D-Cellobiose,177
16.5,F11_D-Cellobiose,176
16.75,F11_D-Cellobiose,176
17.0,F11_D-Cellobiose,182
17.25,F11_D-Cellobiose,184
17.5,F11_D-Cellobiose,187
17.75,F11_D-Cellobiose,188
18.0,F11_D-Cellobiose,193
18.25,F11_D-Cellobiose,200
18.5,F11_D-Cellobiose,209
18.75,F11_D-Cellobiose,210
19.0,F11_D-Cellobiose,210
19.25,F11_D-Cellobiose,215
19.5,F11_D-Cellobiose,216
19.75,F11_D-Cellobiose,225
20.0,F11_D-Cellobiose,224
20.25,F11_D-Cellobiose,224
20.5,F11_D-Cellobiose,230
20.75,F11_D-Cellobiose,233
21.0,F11_D-Cellobiose,233
21.25,F11_D-Cellobiose,232
21.5,F11_D-Cellobiose,236
21.75,F11_D-Cellobiose,242
22.0,F11_D-Cellobiose,239
22.25,F11_D-Cellobiose,243
22.5,F11_D-Cellobiose,244
22.75,F11_D-Cellobiose,246
23.0,F11_D-Cellobiose,252
23.25,F11_D-Cellobiose,249
23.5,F11_D-Cellobiose,250
23.75,F11_D-Cellobiose,255
24.0,F11_D-Cellobiose,253
24.25,F11_D-Cellobiose,256
24.5,F11_D-Cellobiose,254
24.75,F11_D-Cellobiose,253
25.0,F11_D-Cellobiose,258
25.25,F11_D-Cellobiose,258
25.5,F11_D-Cellobiose,258
25.75,F11_D-Cellobiose,259
26.0,F11_D-Cellobiose,258
26.25,F11_D-Cellobiose,259
26.5,F11_D-Cellobiose,260
26.75,F11_D-Cellobiose,263
27.0,F11_D-Cellobiose,266
27.25,F11_D-Cellobiose,265
27.5,F11_D-Cellobiose,265
27.75,F11_D-Cellobiose,266
28.0,F11_D-Cellobiose,265
28.25,F11_D-Cellobiose,264
28.5,F11_D-Cellobiose,266
28.75,F11_D-Cellobiose,266
29.0,F11_D-Cellobiose,265
29.25,F11_D-Cellobiose,266
29.5,F11_D-Cellobiose,267
29.75,F11_D-Cellobiose,267
30.0,F11_D-Cellobiose,266
30.25,F11_D-Cellobiose,268
30.5,F11_D-Cellobiose,268
30.75,F11_D-Cellobiose,271
31.0,F11_D-Cellobiose,268
31.25,F11_D-Cellobiose,268
31.5,F11_D-Cellobiose,267
31.75,F11_D-Cellobiose,266
32.0,F11_D-Cellobiose,269
32.25,F11_D-Cellobiose,268
32.5,F11_D-Cellobiose,267
32.75,F11_D-Cellobiose,267
33.0,F11_D-Cellobiose,267
33.25,F11_D-Cellobiose,269
33.5,F11_D-Cellobiose,269
33.75,F11_D-Cellobiose,269
34.0,F11_D-Cellobiose,268
34.25,F11_D-Cellobiose,267
34.5,F11_D-Cellobiose,269
34.75,F11_D-Cellobiose,271
35.0,F11_D-Cellobiose,271
35.25,F11_D-Cellobiose,270
35.5,F11_D-Cellobiose,272
35.75,F11_D-Cellobiose,270
36.0,F11_D-Cellobiose,275
36.25,F11_D-Cellobiose,268
36.5,F11_D-Cellobiose,271
36.75,F11_D-Cellobiose,274
37.0,F11_D-Cellobiose,271
37.25,F11_D-Cellobiose,271
37.5,F11_D-Cellobiose,274
37.75,F11_D-Cellobiose,271
38.0,F11_D-Cellobiose,272
38.25,F11_D-Cellobiose,274
38.5,F11_D-Cellobiose,274
38.75,F11_D-Cellobiose,272
39.0,F11_D-Cellobiose,271
39.25,F11_D-Cellobiose,273
39.5,F11_D-Cellobiose,272
39.75,F11_D-Cellobiose,272
40.0,F11_D-Cellobiose,271
40.25,F11_D-Cellobiose,274
40.5,F11_D-Cellobiose,274
40.75,F11_D-Cellobiose,272
41.0,F11_D-Cellobiose,274
41.25,F11_D-Cellobiose,274
41.5,F11_D-Cellobiose,276
41.75,F11_D-Cellobiose,274
42.0,F11_D-Cellobiose,273
42.25,F11_D-Cellobiose,275
42.5,F11_D-Cellobiose,273
42.75,F11_D-Cellobiose,274
43.0,F11_D-Cellobiose,278
43.25,F11_D-Cellobiose,278
43.5,F11_D-Cellobiose,276
43.75,F11_D-Cellobiose,276
44.0,F11_D-Cellobiose,278
44.25,F11_D-Cellobiose,278
44.5,F11_D-Cellobiose,277
44.75,F11_D-Cellobiose,276
45.0,F11_D-Cellobiose,282
45.25,F11_D-Cellobiose,276
45.5,F11_D-Cellobiose,277
45.75,F11_D-Cellobiose,279
46.0,F11_D-Cellobiose,278
46.25,F11_D-Cellobiose,273
46.5,F11_D-Cellobiose,275
46.75,F11_D-Cellobiose,274
47.0,F11_D-Cellobiose,275
47.25,F11_D-Cellobiose,278
47.5,F11_D-Cellobiose,0
0.0,F12_Inosine,38
0.25,F12_Inosine,28
0.5,F12_Inosine,26
0.75,F12_Inosine,26
1.0,F12_Inosine,26
1.25,F12_Inosine,27
1.5,F12_Inosine,29
1.75,F12_Inosine,26
2.0,F12_Inosine,28
2.25,F12_Inosine,27
2.5,F12_Inosine,28
2.75,F12_Inosine,32
3.0,F12_Inosine,31
3.25,F12_Inosine,24
3.5,F12_Inosine,32
3.75,F12_Inosine,28
4.0,F12_Inosine,30
4.25,F12_Inosine,41
4.5,F12_Inosine,36
4.75,F12_Inosine,41
5.0,F12_Inosine,35
5.25,F12_Inosine,39
5.5,F12_Inosine,35
5.75,F12_Inosine,41
6.0,F12_Inosine,42
6.25,F12_Inosine,43
6.5,F12_Inosine,44
6.75,F12_Inosine,49
7.0,F12_Inosine,48
7.25,F12_Inosine,52
7.5,F12_Inosine,47
7.75,F12_Inosine,50
8.0,F12_Inosine,54
8.25,F12_Inosine,49
8.5,F12_Inosine,51
8.75,F12_Inosine,53
9.0,F12_Inosine,53
9.25,F12_Inosine,48
9.5,F12_Inosine,50
9.75,F12_Inosine,49
10.0,F12_Inosine,54
10.25,F12_Inosine,55
10.5,F12_Inosine,58
10.75,F12_Inosine,61
11.0,F12_Inosine,58
11.25,F12_Inosine,56
11.5,F12_Inosine,61
11.75,F12_Inosine,60
12.0,F12_Inosine,59
12.25,F12_Inosine,55
12.5,F12_Inosine,62
12.75,F12_Inosine,66
13.0,F12_Inosine,56
13.25,F12_Inosine,62
13.5,F12_Inosine,65
13.75,F12_Inosine,68
14.0,F12_Inosine,68
14.25,F12_Inosine,69
14.5,F12_Inosine,65
14.75,F12_Inosine,67
15.0,F12_Inosine,68
15.25,F12_Inosine,72
15.5,F12_Inosine,70
15.75,F12_Inosine,72
16.0,F12_Inosine,69
16.25,F12_Inosine,71
16.5,F12_Inosine,74
16.75,F12_Inosine,73
17.0,F12_Inosine,79
17.25,F12_Inosine,75
17.5,F12_Inosine,77
17.75,F12_Inosine,78
18.0,F12_Inosine,80
18.25,F12_Inosine,84
18.5,F12_Inosine,81
18.75,F12_Inosine,81
19.0,F12_Inosine,83
19.25,F12_Inosine,81
19.5,F12_Inosine,83
19.75,F12_Inosine,89
20.0,F12_Inosine,90
20.25,F12_Inosine,87
20.5,F12_Inosine,93
20.75,F12_Inosine,94
21.0,F12_Inosine,93
21.25,F12_Inosine,96
21.5,F12_Inosine,99
21.75,F12_Inosine,99
22.0,F12_Inosine,98
22.25,F12_Inosine,101
22.5,F12_Inosine,113
22.75,F12_Inosine,112
23.0,F12_Inosine,117
23.25,F12_Inosine,120
23.5,F12_Inosine,125
23.75,F12_Inosine,120
24.0,F12_Inosine,130
24.25,F12_Inosine,134
24.5,F12_Inosine,137
24.75,F12_Inosine,145
25.0,F12_Inosine,148
25.25,F12_Inosine,152
25.5,F12_Inosine,159
25.75,F12_Inosine,157
26.0,F12_Inosine,158
26.25,F12_Inosine,162
26.5,F12_Inosine,167
26.75,F12_Inosine,172
27.0,F12_Inosine,181
27.25,F12_Inosine,182
27.5,F12_Inosine,186
27.75,F12_Inosine,193
28.0,F12_Inosine,195
28.25,F12_Inosine,201
28.5,F12_Inosine,199
28.75,F12_Inosine,206
29.0,F12_Inosine,207
29.25,F12_Inosine,211
29.5,F12_Inosine,216
29.75,F12_Inosine,217
30.0,F12_Inosine,224
30.25,F12_Inosine,222
30.5,F12_Inosine,228
30.75,F12_Inosine,229
31.0,F12_Inosine,231
31.25,F12_Inosine,234
31.5,F12_Inosine,237
31.75,F12_Inosine,242
32.0,F12_Inosine,244
32.25,F12_Inosine,246
32.5,F12_Inosine,244
32.75,F12_Inosine,245
33.0,F12_Inosine,248
33.25,F12_Inosine,251
33.5,F12_Inosine,253
33.75,F12_Inosine,256
34.0,F12_Inosine,254
34.25,F12_Inosine,260
34.5,F12_Inosine,259
34.75,F12_Inosine,261
35.0,F12_Inosine,259
35.25,F12_Inosine,256
35.5,F12_Inosine,258
35.75,F12_Inosine,263
36.0,F12_Inosine,265
36.25,F12_Inosine,260
36.5,F12_Inosine,260
36.75,F12_Inosine,265
37.0,F12_Inosine,262
37.25,F12_Inosine,266
37.5,F12_Inosine,261
37.75,F12_Inosine,261
38.0,F12_Inosine,265
38.25,F12_Inosine,267
38.5,F12_Inosine,265
38.75,F12_Inosine,267
39.0,F12_Inosine,264
39.25,F12_Inosine,264
39.5,F12_Inosine,265
39.75,F12_Inosine,266
40.0,F12_Inosine,260
40.25,F12_Inosine,265
40.5,F12_Inosine,267
40.75,F12_Inosine,267
41.0,F12_Inosine,271
41.25,F12_Inosine,264
41.5,F12_Inosine,268
41.75,F12_Inosine,270
42.0,F12_Inosine,268
42.25,F12_Inosine,268
42.5,F12_Inosine,273
42.75,F12_Inosine,267
43.0,F12_Inosine,272
43.25,F12_Inosine,268
43.5,F12_Inosine,272
43.75,F12_Inosine,274
44.0,F12_Inosine,276
44.25,F12_Inosine,270
44.5,F12_Inosine,273
44.75,F12_Inosine,275
45.0,F12_Inosine,275
45.25,F12_Inosine,274
45.5,F12_Inosine,276
45.75,F12_Inosine,273
46.0,F12_Inosine,275
46.25,F12_Inosine,276
46.5,F12_Inosine,270
46.75,F12_Inosine,277
47.0,F12_Inosine,276
47.25,F12_Inosine,274
47.5,F12_Inosine,0
0.0,G1_Glycyl-L-Glutamic_Acid,69
0.25,G1_Glycyl-L-Glutamic_Acid,28
0.5,G1_Glycyl-L-Glutamic_Acid,29
0.75,G1_Glycyl-L-Glutamic_Acid,32
1.0,G1_Glycyl-L-Glutamic_Acid,27
1.25,G1_Glycyl-L-Glutamic_Acid,31
1.5,G1_Glycyl-L-Glutamic_Acid,24
1.75,G1_Glycyl-L-Glutamic_Acid,33
2.0,G1_Glycyl-L-Glutamic_Acid,31
2.25,G1_Glycyl-L-Glutamic_Acid,28
2.5,G1_Glycyl-L-Glutamic_Acid,26
2.75,G1_Glycyl-L-Glutamic_Acid,26
3.0,G1_Glycyl-L-Glutamic_Acid,27
3.25,G1_Glycyl-L-Glutamic_Acid,29
3.5,G1_Glycyl-L-Glutamic_Acid,28
3.75,G1_Glycyl-L-Glutamic_Acid,29
4.0,G1_Glycyl-L-Glutamic_Acid,30
4.25,G1_Glycyl-L-Glutamic_Acid,32
4.5,G1_Glycyl-L-Glutamic_Acid,32
4.75,G1_Glycyl-L-Glutamic_Acid,35
5.0,G1_Glycyl-L-Glutamic_Acid,39
5.25,G1_Glycyl-L-Glutamic_Acid,37
5.5,G1_Glycyl-L-Glutamic_Acid,38
5.75,G1_Glycyl-L-Glutamic_Acid,38
6.0,G1_Glycyl-L-Glutamic_Acid,41
6.25,G1_Glycyl-L-Glutamic_Acid,45
6.5,G1_Glycyl-L-Glutamic_Acid,45
6.75,G1_Glycyl-L-Glutamic_Acid,43
7.0,G1_Glycyl-L-Glutamic_Acid,52
7.25,G1_Glycyl-L-Glutamic_Acid,48
7.5,G1_Glycyl-L-Glutamic_Acid,53
7.75,G1_Glycyl-L-Glutamic_Acid,51
8.0,G1_Glycyl-L-Glutamic_Acid,50
8.25,G1_Glycyl-L-Glutamic_Acid,55
8.5,G1_Glycyl-L-Glutamic_Acid,55
8.75,G1_Glycyl-L-Glutamic_Acid,61
9.0,G1_Glycyl-L-Glutamic_Acid,64
9.25,G1_Glycyl-L-Glutamic_Acid,67
9.5,G1_Glycyl-L-Glutamic_Acid,65
9.75,G1_Glycyl-L-Glutamic_Acid,57
10.0,G1_Glycyl-L-Glutamic_Acid,61
10.25,G1_Glycyl-L-Glutamic_Acid,66
10.5,G1_Glycyl-L-Glutamic_Acid,64
10.75,G1_Glycyl-L-Glutamic_Acid,62
11.0,G1_Glycyl-L-Glutamic_Acid,67
11.25,G1_Glycyl-L-Glutamic_Acid,65
11.5,G1_Glycyl-L-Glutamic_Acid,62
11.75,G1_Glycyl-L-Glutamic_Acid,67
12.0,G1_Glycyl-L-Glutamic_Acid,63
12.25,G1_Glycyl-L-Glutamic_Acid,67
12.5,G1_Glycyl-L-Glutamic_Acid,62
12.75,G1_Glycyl-L-Glutamic_Acid,66
13.0,G1_Glycyl-L-Glutamic_Acid,69
13.25,G1_Glycyl-L-Glutamic_Acid,70
13.5,G1_Glycyl-L-Glutamic_Acid,67
13.75,G1_Glycyl-L-Glutamic_Acid,70
14.0,G1_Glycyl-L-Glutamic_Acid,66
14.25,G1_Glycyl-L-Glutamic_Acid,77
14.5,G1_Glycyl-L-Glutamic_Acid,73
14.75,G1_Glycyl-L-Glutamic_Acid,71
15.0,G1_Glycyl-L-Glutamic_Acid,72
15.25,G1_Glycyl-L-Glutamic_Acid,80
15.5,G1_Glycyl-L-Glutamic_Acid,83
15.75,G1_Glycyl-L-Glutamic_Acid,82
16.0,G1_Glycyl-L-Glutamic_Acid,77
16.25,G1_Glycyl-L-Glutamic_Acid,80
16.5,G1_Glycyl-L-Glutamic_Acid,81
16.75,G1_Glycyl-L-Glutamic_Acid,79
17.0,G1_Glycyl-L-Glutamic_Acid,81
17.25,G1_Glycyl-L-Glutamic_Acid,77
17.5,G1_Glycyl-L-Glutamic_Acid,90
17.75,G1_Glycyl-L-Glutamic_Acid,89
18.0,G1_Glycyl-L-Glutamic_Acid,82
18.25,G1_Glycyl-L-Glutamic_Acid,92
18.5,G1_Glycyl-L-Glutamic_Acid,88
18.75,G1_Glycyl-L-Glutamic_Acid,93
19.0,G1_Glycyl-L-Glutamic_Acid,95
19.25,G1_Glycyl-L-Glutamic_Acid,92
19.5,G1_Glycyl-L-Glutamic_Acid,94
19.75,G1_Glycyl-L-Glutamic_Acid,89
20.0,G1_Glycyl-L-Glutamic_Acid,96
20.25,G1_Glycyl-L-Glutamic_Acid,96
20.5,G1_Glycyl-L-Glutamic_Acid,94
20.75,G1_Glycyl-L-Glutamic_Acid,104
21.0,G1_Glycyl-L-Glutamic_Acid,98
21.25,G1_Glycyl-L-Glutamic_Acid,96
21.5,G1_Glycyl-L-Glutamic_Acid,102
21.75,G1_Glycyl-L-Glutamic_Acid,98
22.0,G1_Glycyl-L-Glutamic_Acid,101
22.25,G1_Glycyl-L-Glutamic_Acid,100
22.5,G1_Glycyl-L-Glutamic_Acid,102
22.75,G1_Glycyl-L-Glutamic_Acid,105
23.0,G1_Glycyl-L-Glutamic_Acid,103
23.25,G1_Glycyl-L-Glutamic_Acid,103
23.5,G1_Glycyl-L-Glutamic_Acid,107
23.75,G1_Glycyl-L-Glutamic_Acid,107
24.0,G1_Glycyl-L-Glutamic_Acid,107
24.25,G1_Glycyl-L-Glutamic_Acid,109
24.5,G1_Glycyl-L-Glutamic_Acid,116
24.75,G1_Glycyl-L-Glutamic_Acid,114
25.0,G1_Glycyl-L-Glutamic_Acid,113
25.25,G1_Glycyl-L-Glutamic_Acid,111
25.5,G1_Glycyl-L-Glutamic_Acid,116
25.75,G1_Glycyl-L-Glutamic_Acid,112
26.0,G1_Glycyl-L-Glutamic_Acid,113
26.25,G1_Glycyl-L-Glutamic_Acid,115
26.5,G1_Glycyl-L-Glutamic_Acid,112
26.75,G1_Glycyl-L-Glutamic_Acid,120
27.0,G1_Glycyl-L-Glutamic_Acid,122
27.25,G1_Glycyl-L-Glutamic_Acid,119
27.5,G1_Glycyl-L-Glutamic_Acid,121
27.75,G1_Glycyl-L-Glutamic_Acid,122
28.0,G1_Glycyl-L-Glutamic_Acid,128
28.25,G1_Glycyl-L-Glutamic_Acid,122
28.5,G1_Glycyl-L-Glutamic_Acid,120
28.75,G1_Glycyl-L-Glutamic_Acid,128
29.0,G1_Glycyl-L-Glutamic_Acid,123
29.25,G1_Glycyl-L-Glutamic_Acid,127
29.5,G1_Glycyl-L-Glutamic_Acid,121
29.75,G1_Glycyl-L-Glutamic_Acid,124
30.0,G1_Glycyl-L-Glutamic_Acid,128
30.25,G1_Glycyl-L-Glutamic_Acid,124
30.5,G1_Glycyl-L-Glutamic_Acid,126
30.75,G1_Glycyl-L-Glutamic_Acid,128
31.0,G1_Glycyl-L-Glutamic_Acid,128
31.25,G1_Glycyl-L-Glutamic_Acid,134
31.5,G1_Glycyl-L-Glutamic_Acid,129
31.75,G1_Glycyl-L-Glutamic_Acid,130
32.0,G1_Glycyl-L-Glutamic_Acid,128
32.25,G1_Glycyl-L-Glutamic_Acid,133
32.5,G1_Glycyl-L-Glutamic_Acid,130
32.75,G1_Glycyl-L-Glutamic_Acid,130
33.0,G1_Glycyl-L-Glutamic_Acid,136
33.25,G1_Glycyl-L-Glutamic_Acid,135
33.5,G1_Glycyl-L-Glutamic_Acid,135
33.75,G1_Glycyl-L-Glutamic_Acid,134
34.0,G1_Glycyl-L-Glutamic_Acid,133
34.25,G1_Glycyl-L-Glutamic_Acid,139
34.5,G1_Glycyl-L-Glutamic_Acid,134
34.75,G1_Glycyl-L-Glutamic_Acid,134
35.0,G1_Glycyl-L-Glutamic_Acid,139
35.25,G1_Glycyl-L-Glutamic_Acid,132
35.5,G1_Glycyl-L-Glutamic_Acid,138
35.75,G1_Glycyl-L-Glutamic_Acid,143
36.0,G1_Glycyl-L-Glutamic_Acid,145
36.25,G1_Glycyl-L-Glutamic_Acid,140
36.5,G1_Glycyl-L-Glutamic_Acid,141
36.75,G1_Glycyl-L-Glutamic_Acid,150
37.0,G1_Glycyl-L-Glutamic_Acid,142
37.25,G1_Glycyl-L-Glutamic_Acid,150
37.5,G1_Glycyl-L-Glutamic_Acid,145
37.75,G1_Glycyl-L-Glutamic_Acid,149
38.0,G1_Glycyl-L-Glutamic_Acid,151
38.25,G1_Glycyl-L-Glutamic_Acid,150
38.5,G1_Glycyl-L-Glutamic_Acid,152
38.75,G1_Glycyl-L-Glutamic_Acid,156
39.0,G1_Glycyl-L-Glutamic_Acid,159
39.25,G1_Glycyl-L-Glutamic_Acid,158
39.5,G1_Glycyl-L-Glutamic_Acid,158
39.75,G1_Glycyl-L-Glutamic_Acid,158
40.0,G1_Glycyl-L-Glutamic_Acid,155
40.25,G1_Glycyl-L-Glutamic_Acid,167
40.5,G1_Glycyl-L-Glutamic_Acid,163
40.75,G1_Glycyl-L-Glutamic_Acid,172
41.0,G1_Glycyl-L-Glutamic_Acid,169
41.25,G1_Glycyl-L-Glutamic_Acid,164
41.5,G1_Glycyl-L-Glutamic_Acid,165
41.75,G1_Glycyl-L-Glutamic_Acid,173
42.0,G1_Glycyl-L-Glutamic_Acid,174
42.25,G1_Glycyl-L-Glutamic_Acid,174
42.5,G1_Glycyl-L-Glutamic_Acid,177
42.75,G1_Glycyl-L-Glutamic_Acid,169
43.0,G1_Glycyl-L-Glutamic_Acid,175
43.25,G1_Glycyl-L-Glutamic_Acid,176
43.5,G1_Glycyl-L-Glutamic_Acid,181
43.75,G1_Glycyl-L-Glutamic_Acid,186
44.0,G1_Glycyl-L-Glutamic_Acid,182
44.25,G1_Glycyl-L-Glutamic_Acid,186
44.5,G1_Glycyl-L-Glutamic_Acid,179
44.75,G1_Glycyl-L-Glutamic_Acid,185
45.0,G1_Glycyl-L-Glutamic_Acid,187
45.25,G1_Glycyl-L-Glutamic_Acid,186
45.5,G1_Glycyl-L-Glutamic_Acid,186
45.75,G1_Glycyl-L-Glutamic_Acid,183
46.0,G1_Glycyl-L-Glutamic_Acid,193
46.25,G1_Glycyl-L-Glutamic_Acid,187
46.5,G1_Glycyl-L-Glutamic_Acid,187
46.75,G1_Glycyl-L-Glutamic_Acid,197
47.0,G1_Glycyl-L-Glutamic_Acid,191
47.25,G1_Glycyl-L-Glutamic_Acid,193
47.5,G1_Glycyl-L-Glutamic_Acid,0
0.0,G2_Tricarballylic_Acid,51
0.25,G2_Tricarballylic_Acid,21
0.5,G2_Tricarballylic_Acid,19
0.75,G2_Tricarballylic_Acid,20
1.0,G2_Tricarballylic_Acid,26
1.25,G2_Tricarballylic_Acid,20
1.5,G2_Tricarballylic_Acid,20
1.75,G2_Tricarballylic_Acid,17
2.0,G2_Tricarballylic_Acid,24
2.25,G2_Tricarballylic_Acid,22
2.5,G2_Tricarballylic_Acid,20
2.75,G2_Tricarballylic_Acid,22
3.0,G2_Tricarballylic_Acid,20
3.25,G2_Tricarballylic_Acid,25
3.5,G2_Tricarballylic_Acid,19
3.75,G2_Tricarballylic_Acid,25
4.0,G2_Tricarballylic_Acid,21
4.25,G2_Tricarballylic_Acid,34
4.5,G2_Tricarballylic_Acid,25
4.75,G2_Tricarballylic_Acid,29
5.0,G2_Tricarballylic_Acid,30
5.25,G2_Tricarballylic_Acid,31
5.5,G2_Tricarballylic_Acid,31
5.75,G2_Tricarballylic_Acid,31
6.0,G2_Tricarballylic_Acid,30
6.25,G2_Tricarballylic_Acid,29
6.5,G2_Tricarballylic_Acid,31
6.75,G2_Tricarballylic_Acid,35
7.0,G2_Tricarballylic_Acid,36
7.25,G2_Tricarballylic_Acid,37
7.5,G2_Tricarballylic_Acid,35
7.75,G2_Tricarballylic_Acid,35
8.0,G2_Tricarballylic_Acid,39
8.25,G2_Tricarballylic_Acid,37
8.5,G2_Tricarballylic_Acid,41
8.75,G2_Tricarballylic_Acid,40
9.0,G2_Tricarballylic_Acid,39
9.25,G2_Tricarballylic_Acid,42
9.5,G2_Tricarballylic_Acid,37
9.75,G2_Tricarballylic_Acid,40
10.0,G2_Tricarballylic_Acid,34
10.25,G2_Tricarballylic_Acid,36
10.5,G2_Tricarballylic_Acid,39
10.75,G2_Tricarballylic_Acid,40
11.0,G2_Tricarballylic_Acid,37
11.25,G2_Tricarballylic_Acid,39
11.5,G2_Tricarballylic_Acid,44
11.75,G2_Tricarballylic_Acid,39
12.0,G2_Tricarballylic_Acid,40
12.25,G2_Tricarballylic_Acid,40
12.5,G2_Tricarballylic_Acid,37
12.75,G2_Tricarballylic_Acid,36
13.0,G2_Tricarballylic_Acid,43
13.25,G2_Tricarballylic_Acid,43
13.5,G2_Tricarballylic_Acid,44
13.75,G2_Tricarballylic_Acid,40
14.0,G2_Tricarballylic_Acid,39
14.25,G2_Tricarballylic_Acid,39
14.5,G2_Tricarballylic_Acid,38
14.75,G2_Tricarballylic_Acid,38
15.0,G2_Tricarballylic_Acid,38
15.25,G2_Tricarballylic_Acid,45
15.5,G2_Tricarballylic_Acid,43
15.75,G2_Tricarballylic_Acid,41
16.0,G2_Tricarballylic_Acid,43
16.25,G2_Tricarballylic_Acid,45
16.5,G2_Tricarballylic_Acid,41
16.75,G2_Tricarballylic_Acid,40
17.0,G2_Tricarballylic_Acid,42
17.25,G2_Tricarballylic_Acid,44
17.5,G2_Tricarballylic_Acid,45
17.75,G2_Tricarballylic_Acid,42
18.0,G2_Tricarballylic_Acid,42
18.25,G2_Tricarballylic_Acid,44
18.5,G2_Tricarballylic_Acid,49
18.75,G2_Tricarballylic_Acid,44
19.0,G2_Tricarballylic_Acid,42
19.25,G2_Tricarballylic_Acid,45
19.5,G2_Tricarballylic_Acid,46
19.75,G2_Tricarballylic_Acid,41
20.0,G2_Tricarballylic_Acid,46
20.25,G2_Tricarballylic_Acid,46
20.5,G2_Tricarballylic_Acid,44
20.75,G2_Tricarballylic_Acid,49
21.0,G2_Tricarballylic_Acid,38
21.25,G2_Tricarballylic_Acid,49
21.5,G2_Tricarballylic_Acid,44
21.75,G2_Tricarballylic_Acid,45
22.0,G2_Tricarballylic_Acid,43
22.25,G2_Tricarballylic_Acid,44
22.5,G2_Tricarballylic_Acid,48
22.75,G2_Tricarballylic_Acid,49
23.0,G2_Tricarballylic_Acid,46
23.25,G2_Tricarballylic_Acid,46
23.5,G2_Tricarballylic_Acid,49
23.75,G2_Tricarballylic_Acid,47
24.0,G2_Tricarballylic_Acid,45
24.25,G2_Tricarballylic_Acid,48
24.5,G2_Tricarballylic_Acid,42
24.75,G2_Tricarballylic_Acid,48
25.0,G2_Tricarballylic_Acid,45
25.25,G2_Tricarballylic_Acid,44
25.5,G2_Tricarballylic_Acid,45
25.75,G2_Tricarballylic_Acid,46
26.0,G2_Tricarballylic_Acid,48
26.25,G2_Tricarballylic_Acid,51
26.5,G2_Tricarballylic_Acid,45
26.75,G2_Tricarballylic_Acid,52
27.0,G2_Tricarballylic_Acid,50
27.25,G2_Tricarballylic_Acid,47
27.5,G2_Tricarballylic_Acid,48
27.75,G2_Tricarballylic_Acid,49
28.0,G2_Tricarballylic_Acid,52
28.25,G2_Tricarballylic_Acid,50
28.5,G2_Tricarballylic_Acid,45
28.75,G2_Tricarballylic_Acid,46
29.0,G2_Tricarballylic_Acid,45
29.25,G2_Tricarballylic_Acid,47
29.5,G2_Tricarballylic_Acid,48
29.75,G2_Tricarballylic_Acid,49
30.0,G2_Tricarballylic_Acid,47
30.25,G2_Tricarballylic_Acid,47
30.5,G2_Tricarballylic_Acid,46
30.75,G2_Tricarballylic_Acid,49
31.0,G2_Tricarballylic_Acid,50
31.25,G2_Tricarballylic_Acid,50
31.5,G2_Tricarballylic_Acid,53
31.75,G2_Tricarballylic_Acid,50
32.0,G2_Tricarballylic_Acid,50
32.25,G2_Tricarballylic_Acid,49
32.5,G2_Tricarballylic_Acid,52
32.75,G2_Tricarballylic_Acid,52
33.0,G2_Tricarballylic_Acid,50
33.25,G2_Tricarballylic_Acid,47
33.5,G2_Tricarballylic_Acid,48
33.75,G2_Tricarballylic_Acid,44
34.0,G2_Tricarballylic_Acid,44
34.25,G2_Tricarballylic_Acid,45
34.5,G2_Tricarballylic_Acid,45
34.75,G2_Tricarballylic_Acid,48
35.0,G2_Tricarballylic_Acid,45
35.25,G2_Tricarballylic_Acid,50
35.5,G2_Tricarballylic_Acid,47
35.75,G2_Tricarballylic_Acid,49
36.0,G2_Tricarballylic_Acid,51
36.25,G2_Tricarballylic_Acid,54
36.5,G2_Tricarballylic_Acid,50
36.75,G2_Tricarballylic_Acid,47
37.0,G2_Tricarballylic_Acid,45
37.25,G2_Tricarballylic_Acid,48
37.5,G2_Tricarballylic_Acid,49
37.75,G2_Tricarballylic_Acid,53
38.0,G2_Tricarballylic_Acid,50
38.25,G2_Tricarballylic_Acid,50
38.5,G2_Tricarballylic_Acid,48
38.75,G2_Tricarballylic_Acid,46
39.0,G2_Tricarballylic_Acid,46
39.25,G2_Tricarballylic_Acid,50
39.5,G2_Tricarballylic_Acid,45
39.75,G2_Tricarballylic_Acid,46
40.0,G2_Tricarballylic_Acid,49
40.25,G2_Tricarballylic_Acid,47
40.5,G2_Tricarballylic_Acid,46
40.75,G2_Tricarballylic_Acid,45
41.0,G2_Tricarballylic_Acid,47
41.25,G2_Tricarballylic_Acid,53
41.5,G2_Tricarballylic_Acid,51
41.75,G2_Tricarballylic_Acid,41
42.0,G2_Tricarballylic_Acid,42
42.25,G2_Tricarballylic_Acid,44
42.5,G2_Tricarballylic_Acid,44
42.75,G2_Tricarballylic_Acid,50
43.0,G2_Tricarballylic_Acid,49
43.25,G2_Tricarballylic_Acid,50
43.5,G2_Tricarballylic_Acid,46
43.75,G2_Tricarballylic_Acid,48
44.0,G2_Tricarballylic_Acid,49
44.25,G2_Tricarballylic_Acid,47
44.5,G2_Tricarballylic_Acid,51
44.75,G2_Tricarballylic_Acid,47
45.0,G2_Tricarballylic_Acid,52
45.25,G2_Tricarballylic_Acid,46
45.5,G2_Tricarballylic_Acid,44
45.75,G2_Tricarballylic_Acid,51
46.0,G2_Tricarballylic_Acid,46
46.25,G2_Tricarballylic_Acid,52
46.5,G2_Tricarballylic_Acid,50
46.75,G2_Tricarballylic_Acid,48
47.0,G2_Tricarballylic_Acid,50
47.25,G2_Tricarballylic_Acid,48
47.5,G2_Tricarballylic_Acid,0
0.0,G3_L-Serine,15
0.25,G3_L-Serine,13
0.5,G3_L-Serine,13
0.75,G3_L-Serine,20
1.0,G3_L-Serine,18
1.25,G3_L-Serine,14
1.5,G3_L-Serine,16
1.75,G3_L-Serine,18
2.0,G3_L-Serine,22
2.25,G3_L-Serine,16
2.5,G3_L-Serine,18
2.75,G3_L-Serine,15
3.0,G3_L-Serine,17
3.25,G3_L-Serine,17
3.5,G3_L-Serine,18
3.75,G3_L-Serine,20
4.0,G3_L-Serine,21
4.25,G3_L-Serine,25
4.5,G3_L-Serine,19
4.75,G3_L-Serine,22
5.0,G3_L-Serine,24
5.25,G3_L-Serine,29
5.5,G3_L-Serine,22
5.75,G3_L-Serine,23
6.0,G3_L-Serine,24
6.25,G3_L-Serine,27
6.5,G3_L-Serine,27
6.75,G3_L-Serine,32
7.0,G3_L-Serine,26
7.25,G3_L-Serine,34
7.5,G3_L-Serine,31
7.75,G3_L-Serine,29
8.0,G3_L-Serine,30
8.25,G3_L-Serine,32
8.5,G3_L-Serine,34
8.75,G3_L-Serine,32
9.0,G3_L-Serine,32
9.25,G3_L-Serine,33
9.5,G3_L-Serine,30
9.75,G3_L-Serine,35
10.0,G3_L-Serine,38
10.25,G3_L-Serine,35
10.5,G3_L-Serine,37
10.75,G3_L-Serine,39
11.0,G3_L-Serine,43
11.25,G3_L-Serine,40
11.5,G3_L-Serine,41
11.75,G3_L-Serine,36
12.0,G3_L-Serine,42
12.25,G3_L-Serine,43
12.5,G3_L-Serine,41
12.75,G3_L-Serine,46
13.0,G3_L-Serine,47
13.25,G3_L-Serine,49
13.5,G3_L-Serine,47
13.75,G3_L-Serine,53
14.0,G3_L-Serine,51
14.25,G3_L-Serine,55
14.5,G3_L-Serine,55
14.75,G3_L-Serine,62
15.0,G3_L-Serine,54
15.25,G3_L-Serine,61
15.5,G3_L-Serine,66
15.75,G3_L-Serine,64
16.0,G3_L-Serine,67
16.25,G3_L-Serine,70
16.5,G3_L-Serine,76
16.75,G3_L-Serine,72
17.0,G3_L-Serine,71
17.25,G3_L-Serine,75
17.5,G3_L-Serine,77
17.75,G3_L-Serine,84
18.0,G3_L-Serine,84
18.25,G3_L-Serine,82
18.5,G3_L-Serine,85
18.75,G3_L-Serine,90
19.0,G3_L-Serine,92
19.25,G3_L-Serine,94
19.5,G3_L-Serine,91
19.75,G3_L-Serine,99
20.0,G3_L-Serine,101
20.25,G3_L-Serine,96
20.5,G3_L-Serine,107
20.75,G3_L-Serine,110
21.0,G3_L-Serine,110
21.25,G3_L-Serine,109
21.5,G3_L-Serine,111
21.75,G3_L-Serine,119
22.0,G3_L-Serine,118
22.25,G3_L-Serine,125
22.5,G3_L-Serine,129
22.75,G3_L-Serine,132
23.0,G3_L-Serine,134
23.25,G3_L-Serine,136
23.5,G3_L-Serine,138
23.75,G3_L-Serine,144
24.0,G3_L-Serine,144
24.25,G3_L-Serine,149
24.5,G3_L-Serine,146
24.75,G3_L-Serine,151
25.0,G3_L-Serine,157
25.25,G3_L-Serine,161
25.5,G3_L-Serine,167
25.75,G3_L-Serine,165
26.0,G3_L-Serine,168
26.25,G3_L-Serine,174
26.5,G3_L-Serine,180
26.75,G3_L-Serine,181
27.0,G3_L-Serine,186
27.25,G3_L-Serine,185
27.5,G3_L-Serine,191
27.75,G3_L-Serine,196
28.0,G3_L-Serine,196
28.25,G3_L-Serine,203
28.5,G3_L-Serine,209
28.75,G3_L-Serine,203
29.0,G3_L-Serine,207
29.25,G3_L-Serine,206
29.5,G3_L-Serine,215
29.75,G3_L-Serine,212
30.0,G3_L-Serine,215
30.25,G3_L-Serine,214
30.5,G3_L-Serine,219
30.75,G3_L-Serine,224
31.0,G3_L-Serine,222
31.25,G3_L-Serine,224
31.5,G3_L-Serine,228
31.75,G3_L-Serine,227
32.0,G3_L-Serine,233
32.25,G3_L-Serine,231
32.5,G3_L-Serine,233
32.75,G3_L-Serine,234
33.0,G3_L-Serine,230
33.25,G3_L-Serine,240
33.5,G3_L-Serine,238
33.75,G3_L-Serine,240
34.0,G3_L-Serine,241
34.25,G3_L-Serine,242
34.5,G3_L-Serine,243
34.75,G3_L-Serine,245
35.0,G3_L-Serine,246
35.25,G3_L-Serine,247
35.5,G3_L-Serine,247
35.75,G3_L-Serine,247
36.0,G3_L-Serine,244
36.25,G3_L-Serine,244
36.5,G3_L-Serine,249
36.75,G3_L-Serine,247
37.0,G3_L-Serine,248
37.25,G3_L-Serine,248
37.5,G3_L-Serine,249
37.75,G3_L-Serine,254
38.0,G3_L-Serine,256
38.25,G3_L-Serine,256
38.5,G3_L-Serine,253
38.75,G3_L-Serine,254
39.0,G3_L-Serine,250
39.25,G3_L-Serine,252
39.5,G3_L-Serine,250
39.75,G3_L-Serine,255
40.0,G3_L-Serine,251
40.25,G3_L-Serine,252
40.5,G3_L-Serine,258
40.75,G3_L-Serine,255
41.0,G3_L-Serine,255
41.25,G3_L-Serine,255
41.5,G3_L-Serine,257
41.75,G3_L-Serine,258
42.0,G3_L-Serine,257
42.25,G3_L-Serine,257
42.5,G3_L-Serine,258
42.75,G3_L-Serine,258
43.0,G3_L-Serine,259
43.25,G3_L-Serine,257
43.5,G3_L-Serine,259
43.75,G3_L-Serine,261
44.0,G3_L-Serine,261
44.25,G3_L-Serine,260
44.5,G3_L-Serine,261
44.75,G3_L-Serine,259
45.0,G3_L-Serine,262
45.25,G3_L-Serine,259
45.5,G3_L-Serine,264
45.75,G3_L-Serine,262
46.0,G3_L-Serine,264
46.25,G3_L-Serine,262
46.5,G3_L-Serine,258
46.75,G3_L-Serine,259
47.0,G3_L-Serine,262
47.25,G3_L-Serine,261
47.5,G3_L-Serine,0
0.0,G4_L-Threonine,41
0.25,G4_L-Threonine,12
0.5,G4_L-Threonine,16
0.75,G4_L-Threonine,17
1.0,G4_L-Threonine,16
1.25,G4_L-Threonine,13
1.5,G4_L-Threonine,15
1.75,G4_L-Threonine,11
2.0,G4_L-Threonine,13
2.25,G4_L-Threonine,11
2.5,G4_L-Threonine,15
2.75,G4_L-Threonine,14
3.0,G4_L-Threonine,16
3.25,G4_L-Threonine,14
3.5,G4_L-Threonine,19
3.75,G4_L-Threonine,17
4.0,G4_L-Threonine,19
4.25,G4_L-Threonine,17
4.5,G4_L-Threonine,16
4.75,G4_L-Threonine,26
5.0,G4_L-Threonine,24
5.25,G4_L-Threonine,24
5.5,G4_L-Threonine,20
5.75,G4_L-Threonine,25
6.0,G4_L-Threonine,19
6.25,G4_L-Threonine,26
6.5,G4_L-Threonine,24
6.75,G4_L-Threonine,31
7.0,G4_L-Threonine,28
7.25,G4_L-Threonine,26
7.5,G4_L-Threonine,34
7.75,G4_L-Threonine,30
8.0,G4_L-Threonine,32
8.25,G4_L-Threonine,28
8.5,G4_L-Threonine,28
8.75,G4_L-Threonine,33
9.0,G4_L-Threonine,37
9.25,G4_L-Threonine,33
9.5,G4_L-Threonine,32
9.75,G4_L-Threonine,36
10.0,G4_L-Threonine,39
10.25,G4_L-Threonine,38
10.5,G4_L-Threonine,38
10.75,G4_L-Threonine,40
11.0,G4_L-Threonine,43
11.25,G4_L-Threonine,43
11.5,G4_L-Threonine,47
11.75,G4_L-Threonine,48
12.0,G4_L-Threonine,44
12.25,G4_L-Threonine,56
12.5,G4_L-Threonine,45
12.75,G4_L-Threonine,55
13.0,G4_L-Threonine,59
13.25,G4_L-Threonine,60
13.5,G4_L-Threonine,57
13.75,G4_L-Threonine,56
14.0,G4_L-Threonine,58
14.25,G4_L-Threonine,63
14.5,G4_L-Threonine,66
14.75,G4_L-Threonine,64
15.0,G4_L-Threonine,66
15.25,G4_L-Threonine,73
15.5,G4_L-Threonine,77
15.75,G4_L-Threonine,78
16.0,G4_L-Threonine,78
16.25,G4_L-Threonine,84
16.5,G4_L-Threonine,80
16.75,G4_L-Threonine,85
17.0,G4_L-Threonine,91
17.25,G4_L-Threonine,92
17.5,G4_L-Threonine,100
17.75,G4_L-Threonine,102
18.0,G4_L-Threonine,105
18.25,G4_L-Threonine,102
18.5,G4_L-Threonine,109
18.75,G4_L-Threonine,112
19.0,G4_L-Threonine,114
19.25,G4_L-Threonine,117
19.5,G4_L-Threonine,119
19.75,G4_L-Threonine,124
20.0,G4_L-Threonine,127
20.25,G4_L-Threonine,124
20.5,G4_L-Threonine,133
20.75,G4_L-Threonine,139
21.0,G4_L-Threonine,138
21.25,G4_L-Threonine,143
21.5,G4_L-Threonine,147
21.75,G4_L-Threonine,147
22.0,G4_L-Threonine,147
22.25,G4_L-Threonine,155
22.5,G4_L-Threonine,159
22.75,G4_L-Threonine,164
23.0,G4_L-Threonine,169
23.25,G4_L-Threonine,171
23.5,G4_L-Threonine,171
23.75,G4_L-Threonine,180
24.0,G4_L-Threonine,177
24.25,G4_L-Threonine,178
24.5,G4_L-Threonine,183
24.75,G4_L-Threonine,187
25.0,G4_L-Threonine,192
25.25,G4_L-Threonine,197
25.5,G4_L-Threonine,199
25.75,G4_L-Threonine,201
26.0,G4_L-Threonine,205
26.25,G4_L-Threonine,205
26.5,G4_L-Threonine,208
26.75,G4_L-Threonine,216
27.0,G4_L-Threonine,217
27.25,G4_L-Threonine,219
27.5,G4_L-Threonine,223
27.75,G4_L-Threonine,225
28.0,G4_L-Threonine,226
28.25,G4_L-Threonine,226
28.5,G4_L-Threonine,233
28.75,G4_L-Threonine,230
29.0,G4_L-Threonine,233
29.25,G4_L-Threonine,235
29.5,G4_L-Threonine,237
29.75,G4_L-Threonine,241
30.0,G4_L-Threonine,238
30.25,G4_L-Threonine,242
30.5,G4_L-Threonine,247
30.75,G4_L-Threonine,250
31.0,G4_L-Threonine,248
31.25,G4_L-Threonine,249
31.5,G4_L-Threonine,251
31.75,G4_L-Threonine,250
32.0,G4_L-Threonine,252
32.25,G4_L-Threonine,251
32.5,G4_L-Threonine,256
32.75,G4_L-Threonine,254
33.0,G4_L-Threonine,255
33.25,G4_L-Threonine,253
33.5,G4_L-Threonine,255
33.75,G4_L-Threonine,252
34.0,G4_L-Threonine,256
34.25,G4_L-Threonine,257
34.5,G4_L-Threonine,258
34.75,G4_L-Threonine,258
35.0,G4_L-Threonine,255
35.25,G4_L-Threonine,260
35.5,G4_L-Threonine,260
35.75,G4_L-Threonine,259
36.0,G4_L-Threonine,261
36.25,G4_L-Threonine,261
36.5,G4_L-Threonine,261
36.75,G4_L-Threonine,259
37.0,G4_L-Threonine,258
37.25,G4_L-Threonine,261
37.5,G4_L-Threonine,263
37.75,G4_L-Threonine,260
38.0,G4_L-Threonine,262
38.25,G4_L-Threonine,263
38.5,G4_L-Threonine,262
38.75,G4_L-Threonine,261
39.0,G4_L-Threonine,265
39.25,G4_L-Threonine,263
39.5,G4_L-Threonine,262
39.75,G4_L-Threonine,263
40.0,G4_L-Threonine,262
40.25,G4_L-Threonine,263
40.5,G4_L-Threonine,264
40.75,G4_L-Threonine,264
41.0,G4_L-Threonine,262
41.25,G4_L-Threonine,267
41.5,G4_L-Threonine,270
41.75,G4_L-Threonine,264
42.0,G4_L-Threonine,266
42.25,G4_L-Threonine,265
42.5,G4_L-Threonine,269
42.75,G4_L-Threonine,264
43.0,G4_L-Threonine,272
43.25,G4_L-Threonine,267
43.5,G4_L-Threonine,269
43.75,G4_L-Threonine,275
44.0,G4_L-Threonine,272
44.25,G4_L-Threonine,270
44.5,G4_L-Threonine,272
44.75,G4_L-Threonine,272
45.0,G4_L-Threonine,272
45.25,G4_L-Threonine,272
45.5,G4_L-Threonine,271
45.75,G4_L-Threonine,274
46.0,G4_L-Threonine,274
46.25,G4_L-Threonine,272
46.5,G4_L-Threonine,275
46.75,G4_L-Threonine,273
47.0,G4_L-Threonine,274
47.25,G4_L-Threonine,275
47.5,G4_L-Threonine,0
0.0,G5_L-Alanine,19
0.25,G5_L-Alanine,11
0.5,G5_L-Alanine,13
0.75,G5_L-Alanine,16
1.0,G5_L-Alanine,13
1.25,G5_L-Alanine,13
1.5,G5_L-Alanine,18
1.75,G5_L-Alanine,17
2.0,G5_L-Alanine,17
2.25,G5_L-Alanine,15
2.5,G5_L-Alanine,18
2.75,G5_L-Alanine,16
3.0,G5_L-Alanine,14
3.25,G5_L-Alanine,19
3.5,G5_L-Alanine,15
3.75,G5_L-Alanine,21
4.0,G5_L-Alanine,18
4.25,G5_L-Alanine,24
4.5,G5_L-Alanine,20
4.75,G5_L-Alanine,18
5.0,G5_L-Alanine,26
5.25,G5_L-Alanine,28
5.5,G5_L-Alanine,25
5.75,G5_L-Alanine,21
6.0,G5_L-Alanine,24
6.25,G5_L-Alanine,28
6.5,G5_L-Alanine,26
6.75,G5_L-Alanine,28
7.0,G5_L-Alanine,33
7.25,G5_L-Alanine,31
7.5,G5_L-Alanine,31
7.75,G5_L-Alanine,33
8.0,G5_L-Alanine,33
8.25,G5_L-Alanine,33
8.5,G5_L-Alanine,39
8.75,G5_L-Alanine,40
9.0,G5_L-Alanine,40
9.25,G5_L-Alanine,41
9.5,G5_L-Alanine,41
9.75,G5_L-Alanine,43
10.0,G5_L-Alanine,41
10.25,G5_L-Alanine,47
10.5,G5_L-Alanine,48
10.75,G5_L-Alanine,50
11.0,G5_L-Alanine,53
11.25,G5_L-Alanine,49
11.5,G5_L-Alanine,51
11.75,G5_L-Alanine,53
12.0,G5_L-Alanine,54
12.25,G5_L-Alanine,60
12.5,G5_L-Alanine,58
12.75,G5_L-Alanine,61
13.0,G5_L-Alanine,66
13.25,G5_L-Alanine,65
13.5,G5_L-Alanine,64
13.75,G5_L-Alanine,69
14.0,G5_L-Alanine,70
14.25,G5_L-Alanine,76
14.5,G5_L-Alanine,79
14.75,G5_L-Alanine,78
15.0,G5_L-Alanine,74
15.25,G5_L-Alanine,84
15.5,G5_L-Alanine,86
15.75,G5_L-Alanine,86
16.0,G5_L-Alanine,92
16.25,G5_L-Alanine,95
16.5,G5_L-Alanine,97
16.75,G5_L-Alanine,100
17.0,G5_L-Alanine,105
17.25,G5_L-Alanine,105
17.5,G5_L-Alanine,109
17.75,G5_L-Alanine,114
18.0,G5_L-Alanine,117
18.25,G5_L-Alanine,124
18.5,G5_L-Alanine,122
18.75,G5_L-Alanine,134
19.0,G5_L-Alanine,134
19.25,G5_L-Alanine,139
19.5,G5_L-Alanine,140
19.75,G5_L-Alanine,145
20.0,G5_L-Alanine,143
20.25,G5_L-Alanine,147
20.5,G5_L-Alanine,150
20.75,G5_L-Alanine,156
21.0,G5_L-Alanine,159
21.25,G5_L-Alanine,163
21.5,G5_L-Alanine,168
21.75,G5_L-Alanine,169
22.0,G5_L-Alanine,170
22.25,G5_L-Alanine,173
22.5,G5_L-Alanine,179
22.75,G5_L-Alanine,181
23.0,G5_L-Alanine,187
23.25,G5_L-Alanine,188
23.5,G5_L-Alanine,188
23.75,G5_L-Alanine,189
24.0,G5_L-Alanine,197
24.25,G5_L-Alanine,198
24.5,G5_L-Alanine,206
24.75,G5_L-Alanine,206
25.0,G5_L-Alanine,208
25.25,G5_L-Alanine,212
25.5,G5_L-Alanine,211
25.75,G5_L-Alanine,219
26.0,G5_L-Alanine,219
26.25,G5_L-Alanine,223
26.5,G5_L-Alanine,222
26.75,G5_L-Alanine,229
27.0,G5_L-Alanine,227
27.25,G5_L-Alanine,232
27.5,G5_L-Alanine,235
27.75,G5_L-Alanine,234
28.0,G5_L-Alanine,237
28.25,G5_L-Alanine,234
28.5,G5_L-Alanine,239
28.75,G5_L-Alanine,239
29.0,G5_L-Alanine,241
29.25,G5_L-Alanine,243
29.5,G5_L-Alanine,245
29.75,G5_L-Alanine,248
30.0,G5_L-Alanine,247
30.25,G5_L-Alanine,248
30.5,G5_L-Alanine,252
30.75,G5_L-Alanine,253
31.0,G5_L-Alanine,251
31.25,G5_L-Alanine,250
31.5,G5_L-Alanine,254
31.75,G5_L-Alanine,256
32.0,G5_L-Alanine,253
32.25,G5_L-Alanine,256
32.5,G5_L-Alanine,254
32.75,G5_L-Alanine,253
33.0,G5_L-Alanine,258
33.25,G5_L-Alanine,258
33.5,G5_L-Alanine,258
33.75,G5_L-Alanine,258
34.0,G5_L-Alanine,259
34.25,G5_L-Alanine,257
34.5,G5_L-Alanine,260
34.75,G5_L-Alanine,260
35.0,G5_L-Alanine,261
35.25,G5_L-Alanine,258
35.5,G5_L-Alanine,263
35.75,G5_L-Alanine,260
36.0,G5_L-Alanine,265
36.25,G5_L-Alanine,260
36.5,G5_L-Alanine,264
36.75,G5_L-Alanine,268
37.0,G5_L-Alanine,265
37.25,G5_L-Alanine,266
37.5,G5_L-Alanine,266
37.75,G5_L-Alanine,261
38.0,G5_L-Alanine,266
38.25,G5_L-Alanine,268
38.5,G5_L-Alanine,264
38.75,G5_L-Alanine,268
39.0,G5_L-Alanine,266
39.25,G5_L-Alanine,268
39.5,G5_L-Alanine,267
39.75,G5_L-Alanine,270
40.0,G5_L-Alanine,267
40.25,G5_L-Alanine,268
40.5,G5_L-Alanine,268
40.75,G5_L-Alanine,271
41.0,G5_L-Alanine,269
41.25,G5_L-Alanine,270
41.5,G5_L-Alanine,273
41.75,G5_L-Alanine,273
42.0,G5_L-Alanine,272
42.25,G5_L-Alanine,270
42.5,G5_L-Alanine,273
42.75,G5_L-Alanine,272
43.0,G5_L-Alanine,277
43.25,G5_L-Alanine,271
43.5,G5_L-Alanine,276
43.75,G5_L-Alanine,275
44.0,G5_L-Alanine,276
44.25,G5_L-Alanine,276
44.5,G5_L-Alanine,273
44.75,G5_L-Alanine,276
45.0,G5_L-Alanine,280
45.25,G5_L-Alanine,274
45.5,G5_L-Alanine,277
45.75,G5_L-Alanine,275
46.0,G5_L-Alanine,279
46.25,G5_L-Alanine,277
46.5,G5_L-Alanine,275
46.75,G5_L-Alanine,276
47.0,G5_L-Alanine,276
47.25,G5_L-Alanine,276
47.5,G5_L-Alanine,0
0.0,G6_L-Alanyl-Glycine,44
0.25,G6_L-Alanyl-Glycine,11
0.5,G6_L-Alanyl-Glycine,12
0.75,G6_L-Alanyl-Glycine,16
1.0,G6_L-Alanyl-Glycine,16
1.25,G6_L-Alanyl-Glycine,18
1.5,G6_L-Alanyl-Glycine,15
1.75,G6_L-Alanyl-Glycine,14
2.0,G6_L-Alanyl-Glycine,14
2.25,G6_L-Alanyl-Glycine,16
2.5,G6_L-Alanyl-Glycine,13
2.75,G6_L-Alanyl-Glycine,11
3.0,G6_L-Alanyl-Glycine,12
3.25,G6_L-Alanyl-Glycine,12
3.5,G6_L-Alanyl-Glycine,14
3.75,G6_L-Alanyl-Glycine,18
4.0,G6_L-Alanyl-Glycine,13
4.25,G6_L-Alanyl-Glycine,15
4.5,G6_L-Alanyl-Glycine,18
4.75,G6_L-Alanyl-Glycine,20
5.0,G6_L-Alanyl-Glycine,17
5.25,G6_L-Alanyl-Glycine,20
5.5,G6_L-Alanyl-Glycine,20
5.75,G6_L-Alanyl-Glycine,19
6.0,G6_L-Alanyl-Glycine,22
6.25,G6_L-Alanyl-Glycine,21
6.5,G6_L-Alanyl-Glycine,24
6.75,G6_L-Alanyl-Glycine,28
7.0,G6_L-Alanyl-Glycine,31
7.25,G6_L-Alanyl-Glycine,32
7.5,G6_L-Alanyl-Glycine,33
7.75,G6_L-Alanyl-Glycine,34
8.0,G6_L-Alanyl-Glycine,36
8.25,G6_L-Alanyl-Glycine,35
8.5,G6_L-Alanyl-Glycine,42
8.75,G6_L-Alanyl-Glycine,39
9.0,G6_L-Alanyl-Glycine,45
9.25,G6_L-Alanyl-Glycine,41
9.5,G6_L-Alanyl-Glycine,42
9.75,G6_L-Alanyl-Glycine,45
10.0,G6_L-Alanyl-Glycine,43
10.25,G6_L-Alanyl-Glycine,48
10.5,G6_L-Alanyl-Glycine,52
10.75,G6_L-Alanyl-Glycine,58
11.0,G6_L-Alanyl-Glycine,61
11.25,G6_L-Alanyl-Glycine,59
11.5,G6_L-Alanyl-Glycine,62
11.75,G6_L-Alanyl-Glycine,64
12.0,G6_L-Alanyl-Glycine,69
12.25,G6_L-Alanyl-Glycine,78
12.5,G6_L-Alanyl-Glycine,70
12.75,G6_L-Alanyl-Glycine,81
13.0,G6_L-Alanyl-Glycine,83
13.25,G6_L-Alanyl-Glycine,86
13.5,G6_L-Alanyl-Glycine,85
13.75,G6_L-Alanyl-Glycine,94
14.0,G6_L-Alanyl-Glycine,97
14.25,G6_L-Alanyl-Glycine,101
14.5,G6_L-Alanyl-Glycine,106
14.75,G6_L-Alanyl-Glycine,104
15.0,G6_L-Alanyl-Glycine,107
15.25,G6_L-Alanyl-Glycine,114
15.5,G6_L-Alanyl-Glycine,119
15.75,G6_L-Alanyl-Glycine,125
16.0,G6_L-Alanyl-Glycine,123
16.25,G6_L-Alanyl-Glycine,126
16.5,G6_L-Alanyl-Glycine,126
16.75,G6_L-Alanyl-Glycine,134
17.0,G6_L-Alanyl-Glycine,141
17.25,G6_L-Alanyl-Glycine,141
17.5,G6_L-Alanyl-Glycine,152
17.75,G6_L-Alanyl-Glycine,153
18.0,G6_L-Alanyl-Glycine,152
18.25,G6_L-Alanyl-Glycine,158
18.5,G6_L-Alanyl-Glycine,155
18.75,G6_L-Alanyl-Glycine,165
19.0,G6_L-Alanyl-Glycine,168
19.25,G6_L-Alanyl-Glycine,170
19.5,G6_L-Alanyl-Glycine,173
19.75,G6_L-Alanyl-Glycine,173
20.0,G6_L-Alanyl-Glycine,176
20.25,G6_L-Alanyl-Glycine,184
20.5,G6_L-Alanyl-Glycine,184
20.75,G6_L-Alanyl-Glycine,187
21.0,G6_L-Alanyl-Glycine,190
21.25,G6_L-Alanyl-Glycine,188
21.5,G6_L-Alanyl-Glycine,192
21.75,G6_L-Alanyl-Glycine,192
22.0,G6_L-Alanyl-Glycine,196
22.25,G6_L-Alanyl-Glycine,201
22.5,G6_L-Alanyl-Glycine,206
22.75,G6_L-Alanyl-Glycine,207
23.0,G6_L-Alanyl-Glycine,212
23.25,G6_L-Alanyl-Glycine,211
23.5,G6_L-Alanyl-Glycine,216
23.75,G6_L-Alanyl-Glycine,219
24.0,G6_L-Alanyl-Glycine,216
24.25,G6_L-Alanyl-Glycine,220
24.5,G6_L-Alanyl-Glycine,224
24.75,G6_L-Alanyl-Glycine,227
25.0,G6_L-Alanyl-Glycine,228
25.25,G6_L-Alanyl-Glycine,227
25.5,G6_L-Alanyl-Glycine,229
25.75,G6_L-Alanyl-Glycine,234
26.0,G6_L-Alanyl-Glycine,237
26.25,G6_L-Alanyl-Glycine,238
26.5,G6_L-Alanyl-Glycine,238
26.75,G6_L-Alanyl-Glycine,241
27.0,G6_L-Alanyl-Glycine,242
27.25,G6_L-Alanyl-Glycine,244
27.5,G6_L-Alanyl-Glycine,245
27.75,G6_L-Alanyl-Glycine,244
28.0,G6_L-Alanyl-Glycine,247
28.25,G6_L-Alanyl-Glycine,248
28.5,G6_L-Alanyl-Glycine,250
28.75,G6_L-Alanyl-Glycine,249
29.0,G6_L-Alanyl-Glycine,252
29.25,G6_L-Alanyl-Glycine,252
29.5,G6_L-Alanyl-Glycine,254
29.75,G6_L-Alanyl-Glycine,253
30.0,G6_L-Alanyl-Glycine,252
30.25,G6_L-Alanyl-Glycine,255
30.5,G6_L-Alanyl-Glycine,256
30.75,G6_L-Alanyl-Glycine,256
31.0,G6_L-Alanyl-Glycine,258
31.25,G6_L-Alanyl-Glycine,255
31.5,G6_L-Alanyl-Glycine,257
31.75,G6_L-Alanyl-Glycine,257
32.0,G6_L-Alanyl-Glycine,257
32.25,G6_L-Alanyl-Glycine,258
32.5,G6_L-Alanyl-Glycine,259
32.75,G6_L-Alanyl-Glycine,258
33.0,G6_L-Alanyl-Glycine,258
33.25,G6_L-Alanyl-Glycine,260
33.5,G6_L-Alanyl-Glycine,254
33.75,G6_L-Alanyl-Glycine,260
34.0,G6_L-Alanyl-Glycine,265
34.25,G6_L-Alanyl-Glycine,260
34.5,G6_L-Alanyl-Glycine,257
34.75,G6_L-Alanyl-Glycine,260
35.0,G6_L-Alanyl-Glycine,260
35.25,G6_L-Alanyl-Glycine,259
35.5,G6_L-Alanyl-Glycine,258
35.75,G6_L-Alanyl-Glycine,265
36.0,G6_L-Alanyl-Glycine,264
36.25,G6_L-Alanyl-Glycine,261
36.5,G6_L-Alanyl-Glycine,259
36.75,G6_L-Alanyl-Glycine,263
37.0,G6_L-Alanyl-Glycine,260
37.25,G6_L-Alanyl-Glycine,263
37.5,G6_L-Alanyl-Glycine,260
37.75,G6_L-Alanyl-Glycine,261
38.0,G6_L-Alanyl-Glycine,267
38.25,G6_L-Alanyl-Glycine,263
38.5,G6_L-Alanyl-Glycine,261
38.75,G6_L-Alanyl-Glycine,264
39.0,G6_L-Alanyl-Glycine,266
39.25,G6_L-Alanyl-Glycine,262
39.5,G6_L-Alanyl-Glycine,262
39.75,G6_L-Alanyl-Glycine,263
40.0,G6_L-Alanyl-Glycine,262
40.25,G6_L-Alanyl-Glycine,265
40.5,G6_L-Alanyl-Glycine,263
40.75,G6_L-Alanyl-Glycine,268
41.0,G6_L-Alanyl-Glycine,265
41.25,G6_L-Alanyl-Glycine,263
41.5,G6_L-Alanyl-Glycine,265
41.75,G6_L-Alanyl-Glycine,265
42.0,G6_L-Alanyl-Glycine,265
42.25,G6_L-Alanyl-Glycine,264
42.5,G6_L-Alanyl-Glycine,268
42.75,G6_L-Alanyl-Glycine,266
43.0,G6_L-Alanyl-Glycine,269
43.25,G6_L-Alanyl-Glycine,266
43.5,G6_L-Alanyl-Glycine,271
43.75,G6_L-Alanyl-Glycine,269
44.0,G6_L-Alanyl-Glycine,271
44.25,G6_L-Alanyl-Glycine,269
44.5,G6_L-Alanyl-Glycine,265
44.75,G6_L-Alanyl-Glycine,271
45.0,G6_L-Alanyl-Glycine,267
45.25,G6_L-Alanyl-Glycine,267
45.5,G6_L-Alanyl-Glycine,272
45.75,G6_L-Alanyl-Glycine,270
46.0,G6_L-Alanyl-Glycine,271
46.25,G6_L-Alanyl-Glycine,270
46.5,G6_L-Alanyl-Glycine,266
46.75,G6_L-Alanyl-Glycine,265
47.0,G6_L-Alanyl-Glycine,268
47.25,G6_L-Alanyl-Glycine,271
47.5,G6_L-Alanyl-Glycine,0
0.0,G7_Acetoacetic_Acid,12
0.25,G7_Acetoacetic_Acid,11
0.5,G7_Acetoacetic_Acid,15
0.75,G7_Acetoacetic_Acid,18
1.0,G7_Acetoacetic_Acid,16
1.25,G7_Acetoacetic_Acid,15
1.5,G7_Acetoacetic_Acid,13
1.75,G7_Acetoacetic_Acid,15
2.0,G7_Acetoacetic_Acid,18
2.25,G7_Acetoacetic_Acid,13
2.5,G7_Acetoacetic_Acid,16
2.75,G7_Acetoacetic_Acid,11
3.0,G7_Acetoacetic_Acid,13
3.25,G7_Acetoacetic_Acid,18
3.5,G7_Acetoacetic_Acid,11
3.75,G7_Acetoacetic_Acid,19
4.0,G7_Acetoacetic_Acid,12
4.25,G7_Acetoacetic_Acid,19
4.5,G7_Acetoacetic_Acid,14
4.75,G7_Acetoacetic_Acid,17
5.0,G7_Acetoacetic_Acid,19
5.25,G7_Acetoacetic_Acid,19
5.5,G7_Acetoacetic_Acid,23
5.75,G7_Acetoacetic_Acid,16
6.0,G7_Acetoacetic_Acid,25
6.25,G7_Acetoacetic_Acid,24
6.5,G7_Acetoacetic_Acid,27
6.75,G7_Acetoacetic_Acid,26
7.0,G7_Acetoacetic_Acid,31
7.25,G7_Acetoacetic_Acid,33
7.5,G7_Acetoacetic_Acid,35
7.75,G7_Acetoacetic_Acid,39
8.0,G7_Acetoacetic_Acid,49
8.25,G7_Acetoacetic_Acid,44
8.5,G7_Acetoacetic_Acid,55
8.75,G7_Acetoacetic_Acid,50
9.0,G7_Acetoacetic_Acid,52
9.25,G7_Acetoacetic_Acid,54
9.5,G7_Acetoacetic_Acid,53
9.75,G7_Acetoacetic_Acid,59
10.0,G7_Acetoacetic_Acid,57
10.25,G7_Acetoacetic_Acid,56
10.5,G7_Acetoacetic_Acid,57
10.75,G7_Acetoacetic_Acid,58
11.0,G7_Acetoacetic_Acid,56
11.25,G7_Acetoacetic_Acid,53
11.5,G7_Acetoacetic_Acid,58
11.75,G7_Acetoacetic_Acid,56
12.0,G7_Acetoacetic_Acid,54
12.25,G7_Acetoacetic_Acid,53
12.5,G7_Acetoacetic_Acid,55
12.75,G7_Acetoacetic_Acid,54
13.0,G7_Acetoacetic_Acid,52
13.25,G7_Acetoacetic_Acid,56
13.5,G7_Acetoacetic_Acid,54
13.75,G7_Acetoacetic_Acid,57
14.0,G7_Acetoacetic_Acid,54
14.25,G7_Acetoacetic_Acid,56
14.5,G7_Acetoacetic_Acid,58
14.75,G7_Acetoacetic_Acid,59
15.0,G7_Acetoacetic_Acid,54
15.25,G7_Acetoacetic_Acid,55
15.5,G7_Acetoacetic_Acid,54
15.75,G7_Acetoacetic_Acid,56
16.0,G7_Acetoacetic_Acid,57
16.25,G7_Acetoacetic_Acid,53
16.5,G7_Acetoacetic_Acid,58
16.75,G7_Acetoacetic_Acid,57
17.0,G7_Acetoacetic_Acid,60
17.25,G7_Acetoacetic_Acid,54
17.5,G7_Acetoacetic_Acid,59
17.75,G7_Acetoacetic_Acid,56
18.0,G7_Acetoacetic_Acid,63
18.25,G7_Acetoacetic_Acid,60
18.5,G7_Acetoacetic_Acid,61
18.75,G7_Acetoacetic_Acid,63
19.0,G7_Acetoacetic_Acid,61
19.25,G7_Acetoacetic_Acid,59
19.5,G7_Acetoacetic_Acid,55
19.75,G7_Acetoacetic_Acid,60
20.0,G7_Acetoacetic_Acid,61
20.25,G7_Acetoacetic_Acid,59
20.5,G7_Acetoacetic_Acid,59
20.75,G7_Acetoacetic_Acid,61
21.0,G7_Acetoacetic_Acid,64
21.25,G7_Acetoacetic_Acid,59
21.5,G7_Acetoacetic_Acid,61
21.75,G7_Acetoacetic_Acid,61
22.0,G7_Acetoacetic_Acid,63
22.25,G7_Acetoacetic_Acid,61
22.5,G7_Acetoacetic_Acid,63
22.75,G7_Acetoacetic_Acid,62
23.0,G7_Acetoacetic_Acid,64
23.25,G7_Acetoacetic_Acid,60
23.5,G7_Acetoacetic_Acid,60
23.75,G7_Acetoacetic_Acid,62
24.0,G7_Acetoacetic_Acid,61
24.25,G7_Acetoacetic_Acid,58
24.5,G7_Acetoacetic_Acid,61
24.75,G7_Acetoacetic_Acid,61
25.0,G7_Acetoacetic_Acid,59
25.25,G7_Acetoacetic_Acid,61
25.5,G7_Acetoacetic_Acid,63
25.75,G7_Acetoacetic_Acid,62
26.0,G7_Acetoacetic_Acid,61
26.25,G7_Acetoacetic_Acid,64
26.5,G7_Acetoacetic_Acid,62
26.75,G7_Acetoacetic_Acid,65
27.0,G7_Acetoacetic_Acid,63
27.25,G7_Acetoacetic_Acid,61
27.5,G7_Acetoacetic_Acid,66
27.75,G7_Acetoacetic_Acid,62
28.0,G7_Acetoacetic_Acid,63
28.25,G7_Acetoacetic_Acid,64
28.5,G7_Acetoacetic_Acid,62
28.75,G7_Acetoacetic_Acid,64
29.0,G7_Acetoacetic_Acid,62
29.25,G7_Acetoacetic_Acid,64
29.5,G7_Acetoacetic_Acid,67
29.75,G7_Acetoacetic_Acid,72
30.0,G7_Acetoacetic_Acid,65
30.25,G7_Acetoacetic_Acid,61
30.5,G7_Acetoacetic_Acid,63
30.75,G7_Acetoacetic_Acid,67
31.0,G7_Acetoacetic_Acid,61
31.25,G7_Acetoacetic_Acid,60
31.5,G7_Acetoacetic_Acid,64
31.75,G7_Acetoacetic_Acid,64
32.0,G7_Acetoacetic_Acid,64
32.25,G7_Acetoacetic_Acid,61
32.5,G7_Acetoacetic_Acid,60
32.75,G7_Acetoacetic_Acid,65
33.0,G7_Acetoacetic_Acid,59
33.25,G7_Acetoacetic_Acid,63
33.5,G7_Acetoacetic_Acid,64
33.75,G7_Acetoacetic_Acid,66
34.0,G7_Acetoacetic_Acid,62
34.25,G7_Acetoacetic_Acid,63
34.5,G7_Acetoacetic_Acid,63
34.75,G7_Acetoacetic_Acid,64
35.0,G7_Acetoacetic_Acid,62
35.25,G7_Acetoacetic_Acid,61
35.5,G7_Acetoacetic_Acid,63
35.75,G7_Acetoacetic_Acid,63
36.0,G7_Acetoacetic_Acid,60
36.25,G7_Acetoacetic_Acid,62
36.5,G7_Acetoacetic_Acid,60
36.75,G7_Acetoacetic_Acid,62
37.0,G7_Acetoacetic_Acid,64
37.25,G7_Acetoacetic_Acid,61
37.5,G7_Acetoacetic_Acid,64
37.75,G7_Acetoacetic_Acid,61
38.0,G7_Acetoacetic_Acid,67
38.25,G7_Acetoacetic_Acid,63
38.5,G7_Acetoacetic_Acid,60
38.75,G7_Acetoacetic_Acid,65
39.0,G7_Acetoacetic_Acid,60
39.25,G7_Acetoacetic_Acid,65
39.5,G7_Acetoacetic_Acid,62
39.75,G7_Acetoacetic_Acid,63
40.0,G7_Acetoacetic_Acid,64
40.25,G7_Acetoacetic_Acid,60
40.5,G7_Acetoacetic_Acid,63
40.75,G7_Acetoacetic_Acid,64
41.0,G7_Acetoacetic_Acid,60
41.25,G7_Acetoacetic_Acid,63
41.5,G7_Acetoacetic_Acid,62
41.75,G7_Acetoacetic_Acid,60
42.0,G7_Acetoacetic_Acid,63
42.25,G7_Acetoacetic_Acid,57
42.5,G7_Acetoacetic_Acid,59
42.75,G7_Acetoacetic_Acid,65
43.0,G7_Acetoacetic_Acid,62
43.25,G7_Acetoacetic_Acid,65
43.5,G7_Acetoacetic_Acid,56
43.75,G7_Acetoacetic_Acid,62
44.0,G7_Acetoacetic_Acid,69
44.25,G7_Acetoacetic_Acid,59
44.5,G7_Acetoacetic_Acid,67
44.75,G7_Acetoacetic_Acid,62
45.0,G7_Acetoacetic_Acid,63
45.25,G7_Acetoacetic_Acid,59
45.5,G7_Acetoacetic_Acid,62
45.75,G7_Acetoacetic_Acid,64
46.0,G7_Acetoacetic_Acid,63
46.25,G7_Acetoacetic_Acid,65
46.5,G7_Acetoacetic_Acid,66
46.75,G7_Acetoacetic_Acid,64
47.0,G7_Acetoacetic_Acid,60
47.25,G7_Acetoacetic_Acid,62
47.5,G7_Acetoacetic_Acid,0
0.0,G8_N-Acetyl-B-D_Mannosamine,32
0.25,G8_N-Acetyl-B-D_Mannosamine,12
0.5,G8_N-Acetyl-B-D_Mannosamine,13
0.75,G8_N-Acetyl-B-D_Mannosamine,14
1.0,G8_N-Acetyl-B-D_Mannosamine,18
1.25,G8_N-Acetyl-B-D_Mannosamine,11
1.5,G8_N-Acetyl-B-D_Mannosamine,24
1.75,G8_N-Acetyl-B-D_Mannosamine,17
2.0,G8_N-Acetyl-B-D_Mannosamine,23
2.25,G8_N-Acetyl-B-D_Mannosamine,16
2.5,G8_N-Acetyl-B-D_Mannosamine,15
2.75,G8_N-Acetyl-B-D_Mannosamine,21
3.0,G8_N-Acetyl-B-D_Mannosamine,23
3.25,G8_N-Acetyl-B-D_Mannosamine,19
3.5,G8_N-Acetyl-B-D_Mannosamine,23
3.75,G8_N-Acetyl-B-D_Mannosamine,23
4.0,G8_N-Acetyl-B-D_Mannosamine,21
4.25,G8_N-Acetyl-B-D_Mannosamine,24
4.5,G8_N-Acetyl-B-D_Mannosamine,23
4.75,G8_N-Acetyl-B-D_Mannosamine,25
5.0,G8_N-Acetyl-B-D_Mannosamine,27
5.25,G8_N-Acetyl-B-D_Mannosamine,28
5.5,G8_N-Acetyl-B-D_Mannosamine,27
5.75,G8_N-Acetyl-B-D_Mannosamine,30
6.0,G8_N-Acetyl-B-D_Mannosamine,28
6.25,G8_N-Acetyl-B-D_Mannosamine,27
6.5,G8_N-Acetyl-B-D_Mannosamine,30
6.75,G8_N-Acetyl-B-D_Mannosamine,32
7.0,G8_N-Acetyl-B-D_Mannosamine,35
7.25,G8_N-Acetyl-B-D_Mannosamine,37
7.5,G8_N-Acetyl-B-D_Mannosamine,39
7.75,G8_N-Acetyl-B-D_Mannosamine,35
8.0,G8_N-Acetyl-B-D_Mannosamine,39
8.25,G8_N-Acetyl-B-D_Mannosamine,35
8.5,G8_N-Acetyl-B-D_Mannosamine,35
8.75,G8_N-Acetyl-B-D_Mannosamine,33
9.0,G8_N-Acetyl-B-D_Mannosamine,43
9.25,G8_N-Acetyl-B-D_Mannosamine,40
9.5,G8_N-Acetyl-B-D_Mannosamine,38
9.75,G8_N-Acetyl-B-D_Mannosamine,38
10.0,G8_N-Acetyl-B-D_Mannosamine,34
10.25,G8_N-Acetyl-B-D_Mannosamine,35
10.5,G8_N-Acetyl-B-D_Mannosamine,38
10.75,G8_N-Acetyl-B-D_Mannosamine,37
11.0,G8_N-Acetyl-B-D_Mannosamine,39
11.25,G8_N-Acetyl-B-D_Mannosamine,39
11.5,G8_N-Acetyl-B-D_Mannosamine,39
11.75,G8_N-Acetyl-B-D_Mannosamine,37
12.0,G8_N-Acetyl-B-D_Mannosamine,36
12.25,G8_N-Acetyl-B-D_Mannosamine,38
12.5,G8_N-Acetyl-B-D_Mannosamine,33
12.75,G8_N-Acetyl-B-D_Mannosamine,40
13.0,G8_N-Acetyl-B-D_Mannosamine,34
13.25,G8_N-Acetyl-B-D_Mannosamine,39
13.5,G8_N-Acetyl-B-D_Mannosamine,35
13.75,G8_N-Acetyl-B-D_Mannosamine,36
14.0,G8_N-Acetyl-B-D_Mannosamine,40
14.25,G8_N-Acetyl-B-D_Mannosamine,37
14.5,G8_N-Acetyl-B-D_Mannosamine,40
14.75,G8_N-Acetyl-B-D_Mannosamine,32
15.0,G8_N-Acetyl-B-D_Mannosamine,41
15.25,G8_N-Acetyl-B-D_Mannosamine,38
15.5,G8_N-Acetyl-B-D_Mannosamine,37
15.75,G8_N-Acetyl-B-D_Mannosamine,39
16.0,G8_N-Acetyl-B-D_Mannosamine,40
16.25,G8_N-Acetyl-B-D_Mannosamine,38
16.5,G8_N-Acetyl-B-D_Mannosamine,36
16.75,G8_N-Acetyl-B-D_Mannosamine,36
17.0,G8_N-Acetyl-B-D_Mannosamine,40
17.25,G8_N-Acetyl-B-D_Mannosamine,36
17.5,G8_N-Acetyl-B-D_Mannosamine,36
17.75,G8_N-Acetyl-B-D_Mannosamine,39
18.0,G8_N-Acetyl-B-D_Mannosamine,41
18.25,G8_N-Acetyl-B-D_Mannosamine,46
18.5,G8_N-Acetyl-B-D_Mannosamine,34
18.75,G8_N-Acetyl-B-D_Mannosamine,42
19.0,G8_N-Acetyl-B-D_Mannosamine,42
19.25,G8_N-Acetyl-B-D_Mannosamine,41
19.5,G8_N-Acetyl-B-D_Mannosamine,43
19.75,G8_N-Acetyl-B-D_Mannosamine,36
20.0,G8_N-Acetyl-B-D_Mannosamine,41
20.25,G8_N-Acetyl-B-D_Mannosamine,43
20.5,G8_N-Acetyl-B-D_Mannosamine,42
20.75,G8_N-Acetyl-B-D_Mannosamine,41
21.0,G8_N-Acetyl-B-D_Mannosamine,41
21.25,G8_N-Acetyl-B-D_Mannosamine,33
21.5,G8_N-Acetyl-B-D_Mannosamine,35
21.75,G8_N-Acetyl-B-D_Mannosamine,36
22.0,G8_N-Acetyl-B-D_Mannosamine,39
22.25,G8_N-Acetyl-B-D_Mannosamine,40
22.5,G8_N-Acetyl-B-D_Mannosamine,35
22.75,G8_N-Acetyl-B-D_Mannosamine,39
23.0,G8_N-Acetyl-B-D_Mannosamine,41
23.25,G8_N-Acetyl-B-D_Mannosamine,37
23.5,G8_N-Acetyl-B-D_Mannosamine,37
23.75,G8_N-Acetyl-B-D_Mannosamine,38
24.0,G8_N-Acetyl-B-D_Mannosamine,33
24.25,G8_N-Acetyl-B-D_Mannosamine,40
24.5,G8_N-Acetyl-B-D_Mannosamine,40
24.75,G8_N-Acetyl-B-D_Mannosamine,38
25.0,G8_N-Acetyl-B-D_Mannosamine,39
25.25,G8_N-Acetyl-B-D_Mannosamine,39
25.5,G8_N-Acetyl-B-D_Mannosamine,39
25.75,G8_N-Acetyl-B-D_Mannosamine,41
26.0,G8_N-Acetyl-B-D_Mannosamine,40
26.25,G8_N-Acetyl-B-D_Mannosamine,41
26.5,G8_N-Acetyl-B-D_Mannosamine,37
26.75,G8_N-Acetyl-B-D_Mannosamine,46
27.0,G8_N-Acetyl-B-D_Mannosamine,42
27.25,G8_N-Acetyl-B-D_Mannosamine,39
27.5,G8_N-Acetyl-B-D_Mannosamine,43
27.75,G8_N-Acetyl-B-D_Mannosamine,41
28.0,G8_N-Acetyl-B-D_Mannosamine,38
28.25,G8_N-Acetyl-B-D_Mannosamine,41
28.5,G8_N-Acetyl-B-D_Mannosamine,42
28.75,G8_N-Acetyl-B-D_Mannosamine,44
29.0,G8_N-Acetyl-B-D_Mannosamine,41
29.25,G8_N-Acetyl-B-D_Mannosamine,44
29.5,G8_N-Acetyl-B-D_Mannosamine,40
29.75,G8_N-Acetyl-B-D_Mannosamine,40
30.0,G8_N-Acetyl-B-D_Mannosamine,41
30.25,G8_N-Acetyl-B-D_Mannosamine,39
30.5,G8_N-Acetyl-B-D_Mannosamine,40
30.75,G8_N-Acetyl-B-D_Mannosamine,42
31.0,G8_N-Acetyl-B-D_Mannosamine,41
31.25,G8_N-Acetyl-B-D_Mannosamine,37
31.5,G8_N-Acetyl-B-D_Mannosamine,39
31.75,G8_N-Acetyl-B-D_Mannosamine,40
32.0,G8_N-Acetyl-B-D_Mannosamine,42
32.25,G8_N-Acetyl-B-D_Mannosamine,40
32.5,G8_N-Acetyl-B-D_Mannosamine,44
32.75,G8_N-Acetyl-B-D_Mannosamine,39
33.0,G8_N-Acetyl-B-D_Mannosamine,40
33.25,G8_N-Acetyl-B-D_Mannosamine,37
33.5,G8_N-Acetyl-B-D_Mannosamine,37
33.75,G8_N-Acetyl-B-D_Mannosamine,38
34.0,G8_N-Acetyl-B-D_Mannosamine,40
34.25,G8_N-Acetyl-B-D_Mannosamine,36
34.5,G8_N-Acetyl-B-D_Mannosamine,34
34.75,G8_N-Acetyl-B-D_Mannosamine,42
35.0,G8_N-Acetyl-B-D_Mannosamine,41
35.25,G8_N-Acetyl-B-D_Mannosamine,39
35.5,G8_N-Acetyl-B-D_Mannosamine,39
35.75,G8_N-Acetyl-B-D_Mannosamine,37
36.0,G8_N-Acetyl-B-D_Mannosamine,39
36.25,G8_N-Acetyl-B-D_Mannosamine,38
36.5,G8_N-Acetyl-B-D_Mannosamine,45
36.75,G8_N-Acetyl-B-D_Mannosamine,41
37.0,G8_N-Acetyl-B-D_Mannosamine,41
37.25,G8_N-Acetyl-B-D_Mannosamine,40
37.5,G8_N-Acetyl-B-D_Mannosamine,38
37.75,G8_N-Acetyl-B-D_Mannosamine,43
38.0,G8_N-Acetyl-B-D_Mannosamine,45
38.25,G8_N-Acetyl-B-D_Mannosamine,41
38.5,G8_N-Acetyl-B-D_Mannosamine,38
38.75,G8_N-Acetyl-B-D_Mannosamine,45
39.0,G8_N-Acetyl-B-D_Mannosamine,40
39.25,G8_N-Acetyl-B-D_Mannosamine,41
39.5,G8_N-Acetyl-B-D_Mannosamine,39
39.75,G8_N-Acetyl-B-D_Mannosamine,45
40.0,G8_N-Acetyl-B-D_Mannosamine,38
40.25,G8_N-Acetyl-B-D_Mannosamine,42
40.5,G8_N-Acetyl-B-D_Mannosamine,41
40.75,G8_N-Acetyl-B-D_Mannosamine,36
41.0,G8_N-Acetyl-B-D_Mannosamine,41
41.25,G8_N-Acetyl-B-D_Mannosamine,38
41.5,G8_N-Acetyl-B-D_Mannosamine,40
41.75,G8_N-Acetyl-B-D_Mannosamine,35
42.0,G8_N-Acetyl-B-D_Mannosamine,37
42.25,G8_N-Acetyl-B-D_Mannosamine,35
42.5,G8_N-Acetyl-B-D_Mannosamine,43
42.75,G8_N-Acetyl-B-D_Mannosamine,38
43.0,G8_N-Acetyl-B-D_Mannosamine,42
43.25,G8_N-Acetyl-B-D_Mannosamine,45
43.5,G8_N-Acetyl-B-D_Mannosamine,39
43.75,G8_N-Acetyl-B-D_Mannosamine,37
44.0,G8_N-Acetyl-B-D_Mannosamine,43
44.25,G8_N-Acetyl-B-D_Mannosamine,43
44.5,G8_N-Acetyl-B-D_Mannosamine,47
44.75,G8_N-Acetyl-B-D_Mannosamine,38
45.0,G8_N-Acetyl-B-D_Mannosamine,42
45.25,G8_N-Acetyl-B-D_Mannosamine,41
45.5,G8_N-Acetyl-B-D_Mannosamine,40
45.75,G8_N-Acetyl-B-D_Mannosamine,43
46.0,G8_N-Acetyl-B-D_Mannosamine,40
46.25,G8_N-Acetyl-B-D_Mannosamine,42
46.5,G8_N-Acetyl-B-D_Mannosamine,43
46.75,G8_N-Acetyl-B-D_Mannosamine,40
47.0,G8_N-Acetyl-B-D_Mannosamine,41
47.25,G8_N-Acetyl-B-D_Mannosamine,44
47.5,G8_N-Acetyl-B-D_Mannosamine,0
0.0,G9_Mono_Methyl_Succinate,39
0.25,G9_Mono_Methyl_Succinate,12
0.5,G9_Mono_Methyl_Succinate,12
0.75,G9_Mono_Methyl_Succinate,16
1.0,G9_Mono_Methyl_Succinate,19
1.25,G9_Mono_Methyl_Succinate,15
1.5,G9_Mono_Methyl_Succinate,16
1.75,G9_Mono_Methyl_Succinate,18
2.0,G9_Mono_Methyl_Succinate,13
2.25,G9_Mono_Methyl_Succinate,14
2.5,G9_Mono_Methyl_Succinate,16
2.75,G9_Mono_Methyl_Succinate,11
3.0,G9_Mono_Methyl_Succinate,17
3.25,G9_Mono_Methyl_Succinate,15
3.5,G9_Mono_Methyl_Succinate,13
3.75,G9_Mono_Methyl_Succinate,16
4.0,G9_Mono_Methyl_Succinate,16
4.25,G9_Mono_Methyl_Succinate,22
4.5,G9_Mono_Methyl_Succinate,19
4.75,G9_Mono_Methyl_Succinate,17
5.0,G9_Mono_Methyl_Succinate,20
5.25,G9_Mono_Methyl_Succinate,23
5.5,G9_Mono_Methyl_Succinate,24
5.75,G9_Mono_Methyl_Succinate,23
6.0,G9_Mono_Methyl_Succinate,28
6.25,G9_Mono_Methyl_Succinate,28
6.5,G9_Mono_Methyl_Succinate,32
6.75,G9_Mono_Methyl_Succinate,33
7.0,G9_Mono_Methyl_Succinate,34
7.25,G9_Mono_Methyl_Succinate,41
7.5,G9_Mono_Methyl_Succinate,38
7.75,G9_Mono_Methyl_Succinate,43
8.0,G9_Mono_Methyl_Succinate,55
8.25,G9_Mono_Methyl_Succinate,49
8.5,G9_Mono_Methyl_Succinate,57
8.75,G9_Mono_Methyl_Succinate,49
9.0,G9_Mono_Methyl_Succinate,53
9.25,G9_Mono_Methyl_Succinate,50
9.5,G9_Mono_Methyl_Succinate,50
9.75,G9_Mono_Methyl_Succinate,51
10.0,G9_Mono_Methyl_Succinate,53
10.25,G9_Mono_Methyl_Succinate,55
10.5,G9_Mono_Methyl_Succinate,55
10.75,G9_Mono_Methyl_Succinate,61
11.0,G9_Mono_Methyl_Succinate,56
11.25,G9_Mono_Methyl_Succinate,59
11.5,G9_Mono_Methyl_Succinate,59
11.75,G9_Mono_Methyl_Succinate,58
12.0,G9_Mono_Methyl_Succinate,56
12.25,G9_Mono_Methyl_Succinate,63
12.5,G9_Mono_Methyl_Succinate,60
12.75,G9_Mono_Methyl_Succinate,56
13.0,G9_Mono_Methyl_Succinate,62
13.25,G9_Mono_Methyl_Succinate,60
13.5,G9_Mono_Methyl_Succinate,59
13.75,G9_Mono_Methyl_Succinate,61
14.0,G9_Mono_Methyl_Succinate,61
14.25,G9_Mono_Methyl_Succinate,59
14.5,G9_Mono_Methyl_Succinate,60
14.75,G9_Mono_Methyl_Succinate,61
15.0,G9_Mono_Methyl_Succinate,58
15.25,G9_Mono_Methyl_Succinate,62
15.5,G9_Mono_Methyl_Succinate,61
15.75,G9_Mono_Methyl_Succinate,59
16.0,G9_Mono_Methyl_Succinate,72
16.25,G9_Mono_Methyl_Succinate,63
16.5,G9_Mono_Methyl_Succinate,64
16.75,G9_Mono_Methyl_Succinate,66
17.0,G9_Mono_Methyl_Succinate,62
17.25,G9_Mono_Methyl_Succinate,67
17.5,G9_Mono_Methyl_Succinate,63
17.75,G9_Mono_Methyl_Succinate,68
18.0,G9_Mono_Methyl_Succinate,65
18.25,G9_Mono_Methyl_Succinate,65
18.5,G9_Mono_Methyl_Succinate,63
18.75,G9_Mono_Methyl_Succinate,70
19.0,G9_Mono_Methyl_Succinate,68
19.25,G9_Mono_Methyl_Succinate,68
19.5,G9_Mono_Methyl_Succinate,68
19.75,G9_Mono_Methyl_Succinate,67
20.0,G9_Mono_Methyl_Succinate,68
20.25,G9_Mono_Methyl_Succinate,67
20.5,G9_Mono_Methyl_Succinate,68
20.75,G9_Mono_Methyl_Succinate,70
21.0,G9_Mono_Methyl_Succinate,70
21.25,G9_Mono_Methyl_Succinate,67
21.5,G9_Mono_Methyl_Succinate,63
21.75,G9_Mono_Methyl_Succinate,65
22.0,G9_Mono_Methyl_Succinate,68
22.25,G9_Mono_Methyl_Succinate,71
22.5,G9_Mono_Methyl_Succinate,70
22.75,G9_Mono_Methyl_Succinate,70
23.0,G9_Mono_Methyl_Succinate,72
23.25,G9_Mono_Methyl_Succinate,70
23.5,G9_Mono_Methyl_Succinate,70
23.75,G9_Mono_Methyl_Succinate,78
24.0,G9_Mono_Methyl_Succinate,71
24.25,G9_Mono_Methyl_Succinate,74
24.5,G9_Mono_Methyl_Succinate,66
24.75,G9_Mono_Methyl_Succinate,71
25.0,G9_Mono_Methyl_Succinate,74
25.25,G9_Mono_Methyl_Succinate,70
25.5,G9_Mono_Methyl_Succinate,77
25.75,G9_Mono_Methyl_Succinate,74
26.0,G9_Mono_Methyl_Succinate,74
26.25,G9_Mono_Methyl_Succinate,75
26.5,G9_Mono_Methyl_Succinate,76
26.75,G9_Mono_Methyl_Succinate,74
27.0,G9_Mono_Methyl_Succinate,74
27.25,G9_Mono_Methyl_Succinate,75
27.5,G9_Mono_Methyl_Succinate,76
27.75,G9_Mono_Methyl_Succinate,78
28.0,G9_Mono_Methyl_Succinate,78
28.25,G9_Mono_Methyl_Succinate,81
28.5,G9_Mono_Methyl_Succinate,83
28.75,G9_Mono_Methyl_Succinate,77
29.0,G9_Mono_Methyl_Succinate,80
29.25,G9_Mono_Methyl_Succinate,78
29.5,G9_Mono_Methyl_Succinate,84
29.75,G9_Mono_Methyl_Succinate,81
30.0,G9_Mono_Methyl_Succinate,81
30.25,G9_Mono_Methyl_Succinate,78
30.5,G9_Mono_Methyl_Succinate,79
30.75,G9_Mono_Methyl_Succinate,86
31.0,G9_Mono_Methyl_Succinate,86
31.25,G9_Mono_Methyl_Succinate,74
31.5,G9_Mono_Methyl_Succinate,78
31.75,G9_Mono_Methyl_Succinate,76
32.0,G9_Mono_Methyl_Succinate,84
32.25,G9_Mono_Methyl_Succinate,78
32.5,G9_Mono_Methyl_Succinate,86
32.75,G9_Mono_Methyl_Succinate,90
33.0,G9_Mono_Methyl_Succinate,80
33.25,G9_Mono_Methyl_Succinate,81
33.5,G9_Mono_Methyl_Succinate,81
33.75,G9_Mono_Methyl_Succinate,86
34.0,G9_Mono_Methyl_Succinate,80
34.25,G9_Mono_Methyl_Succinate,82
34.5,G9_Mono_Methyl_Succinate,86
34.75,G9_Mono_Methyl_Succinate,85
35.0,G9_Mono_Methyl_Succinate,82
35.25,G9_Mono_Methyl_Succinate,87
35.5,G9_Mono_Methyl_Succinate,88
35.75,G9_Mono_Methyl_Succinate,82
36.0,G9_Mono_Methyl_Succinate,83
36.25,G9_Mono_Methyl_Succinate,87
36.5,G9_Mono_Methyl_Succinate,89
36.75,G9_Mono_Methyl_Succinate,84
37.0,G9_Mono_Methyl_Succinate,92
37.25,G9_Mono_Methyl_Succinate,84
37.5,G9_Mono_Methyl_Succinate,93
37.75,G9_Mono_Methyl_Succinate,93
38.0,G9_Mono_Methyl_Succinate,93
38.25,G9_Mono_Methyl_Succinate,97
38.5,G9_Mono_Methyl_Succinate,90
38.75,G9_Mono_Methyl_Succinate,93
39.0,G9_Mono_Methyl_Succinate,84
39.25,G9_Mono_Methyl_Succinate,89
39.5,G9_Mono_Methyl_Succinate,90
39.75,G9_Mono_Methyl_Succinate,93
40.0,G9_Mono_Methyl_Succinate,92
40.25,G9_Mono_Methyl_Succinate,85
40.5,G9_Mono_Methyl_Succinate,97
40.75,G9_Mono_Methyl_Succinate,93
41.0,G9_Mono_Methyl_Succinate,92
41.25,G9_Mono_Methyl_Succinate,95
41.5,G9_Mono_Methyl_Succinate,99
41.75,G9_Mono_Methyl_Succinate,85
42.0,G9_Mono_Methyl_Succinate,94
42.25,G9_Mono_Methyl_Succinate,90
42.5,G9_Mono_Methyl_Succinate,95
42.75,G9_Mono_Methyl_Succinate,98
43.0,G9_Mono_Methyl_Succinate,94
43.25,G9_Mono_Methyl_Succinate,100
43.5,G9_Mono_Methyl_Succinate,94
43.75,G9_Mono_Methyl_Succinate,96
44.0,G9_Mono_Methyl_Succinate,100
44.25,G9_Mono_Methyl_Succinate,95
44.5,G9_Mono_Methyl_Succinate,101
44.75,G9_Mono_Methyl_Succinate,98
45.0,G9_Mono_Methyl_Succinate,99
45.25,G9_Mono_Methyl_Succinate,100
45.5,G9_Mono_Methyl_Succinate,103
45.75,G9_Mono_Methyl_Succinate,105
46.0,G9_Mono_Methyl_Succinate,100
46.25,G9_Mono_Methyl_Succinate,103
46.5,G9_Mono_Methyl_Succinate,102
46.75,G9_Mono_Methyl_Succinate,97
47.0,G9_Mono_Methyl_Succinate,104
47.25,G9_Mono_Methyl_Succinate,102
47.5,G9_Mono_Methyl_Succinate,0
0.0,G10_Methyl_Pyruvate,18
0.25,G10_Methyl_Pyruvate,22
0.5,G10_Methyl_Pyruvate,19
0.75,G10_Methyl_Pyruvate,18
1.0,G10_Methyl_Pyruvate,18
1.25,G10_Methyl_Pyruvate,15
1.5,G10_Methyl_Pyruvate,17
1.75,G10_Methyl_Pyruvate,19
2.0,G10_Methyl_Pyruvate,22
2.25,G10_Methyl_Pyruvate,21
2.5,G10_Methyl_Pyruvate,19
2.75,G10_Methyl_Pyruvate,18
3.0,G10_Methyl_Pyruvate,21
3.25,G10_Methyl_Pyruvate,20
3.5,G10_Methyl_Pyruvate,19
3.75,G10_Methyl_Pyruvate,23
4.0,G10_Methyl_Pyruvate,19
4.25,G10_Methyl_Pyruvate,20
4.5,G10_Methyl_Pyruvate,24
4.75,G10_Methyl_Pyruvate,22
5.0,G10_Methyl_Pyruvate,24
5.25,G10_Methyl_Pyruvate,28
5.5,G10_Methyl_Pyruvate,24
5.75,G10_Methyl_Pyruvate,25
6.0,G10_Methyl_Pyruvate,29
6.25,G10_Methyl_Pyruvate,32
6.5,G10_Methyl_Pyruvate,29
6.75,G10_Methyl_Pyruvate,33
7.0,G10_Methyl_Pyruvate,36
7.25,G10_Methyl_Pyruvate,35
7.5,G10_Methyl_Pyruvate,35
7.75,G10_Methyl_Pyruvate,40
8.0,G10_Methyl_Pyruvate,39
8.25,G10_Methyl_Pyruvate,37
8.5,G10_Methyl_Pyruvate,37
8.75,G10_Methyl_Pyruvate,41
9.0,G10_Methyl_Pyruvate,37
9.25,G10_Methyl_Pyruvate,38
9.5,G10_Methyl_Pyruvate,35
9.75,G10_Methyl_Pyruvate,37
10.0,G10_Methyl_Pyruvate,37
10.25,G10_Methyl_Pyruvate,39
10.5,G10_Methyl_Pyruvate,40
10.75,G10_Methyl_Pyruvate,43
11.0,G10_Methyl_Pyruvate,39
11.25,G10_Methyl_Pyruvate,43
11.5,G10_Methyl_Pyruvate,46
11.75,G10_Methyl_Pyruvate,46
12.0,G10_Methyl_Pyruvate,45
12.25,G10_Methyl_Pyruvate,43
12.5,G10_Methyl_Pyruvate,49
12.75,G10_Methyl_Pyruvate,48
13.0,G10_Methyl_Pyruvate,44
13.25,G10_Methyl_Pyruvate,54
13.5,G10_Methyl_Pyruvate,54
13.75,G10_Methyl_Pyruvate,58
14.0,G10_Methyl_Pyruvate,60
14.25,G10_Methyl_Pyruvate,59
14.5,G10_Methyl_Pyruvate,63
14.75,G10_Methyl_Pyruvate,61
15.0,G10_Methyl_Pyruvate,66
15.25,G10_Methyl_Pyruvate,69
15.5,G10_Methyl_Pyruvate,73
15.75,G10_Methyl_Pyruvate,74
16.0,G10_Methyl_Pyruvate,79
16.25,G10_Methyl_Pyruvate,78
16.5,G10_Methyl_Pyruvate,84
16.75,G10_Methyl_Pyruvate,82
17.0,G10_Methyl_Pyruvate,89
17.25,G10_Methyl_Pyruvate,91
17.5,G10_Methyl_Pyruvate,92
17.75,G10_Methyl_Pyruvate,95
18.0,G10_Methyl_Pyruvate,103
18.25,G10_Methyl_Pyruvate,103
18.5,G10_Methyl_Pyruvate,105
18.75,G10_Methyl_Pyruvate,107
19.0,G10_Methyl_Pyruvate,111
19.25,G10_Methyl_Pyruvate,115
19.5,G10_Methyl_Pyruvate,118
19.75,G10_Methyl_Pyruvate,117
20.0,G10_Methyl_Pyruvate,121
20.25,G10_Methyl_Pyruvate,120
20.5,G10_Methyl_Pyruvate,128
20.75,G10_Methyl_Pyruvate,126
21.0,G10_Methyl_Pyruvate,129
21.25,G10_Methyl_Pyruvate,133
21.5,G10_Methyl_Pyruvate,133
21.75,G10_Methyl_Pyruvate,138
22.0,G10_Methyl_Pyruvate,142
22.25,G10_Methyl_Pyruvate,142
22.5,G10_Methyl_Pyruvate,147
22.75,G10_Methyl_Pyruvate,149
23.0,G10_Methyl_Pyruvate,153
23.25,G10_Methyl_Pyruvate,153
23.5,G10_Methyl_Pyruvate,155
23.75,G10_Methyl_Pyruvate,158
24.0,G10_Methyl_Pyruvate,162
24.25,G10_Methyl_Pyruvate,165
24.5,G10_Methyl_Pyruvate,164
24.75,G10_Methyl_Pyruvate,169
25.0,G10_Methyl_Pyruvate,168
25.25,G10_Methyl_Pyruvate,171
25.5,G10_Methyl_Pyruvate,171
25.75,G10_Methyl_Pyruvate,175
26.0,G10_Methyl_Pyruvate,173
26.25,G10_Methyl_Pyruvate,172
26.5,G10_Methyl_Pyruvate,174
26.75,G10_Methyl_Pyruvate,177
27.0,G10_Methyl_Pyruvate,171
27.25,G10_Methyl_Pyruvate,169
27.5,G10_Methyl_Pyruvate,169
27.75,G10_Methyl_Pyruvate,168
28.0,G10_Methyl_Pyruvate,165
28.25,G10_Methyl_Pyruvate,167
28.5,G10_Methyl_Pyruvate,166
28.75,G10_Methyl_Pyruvate,169
29.0,G10_Methyl_Pyruvate,163
29.25,G10_Methyl_Pyruvate,162
29.5,G10_Methyl_Pyruvate,166
29.75,G10_Methyl_Pyruvate,166
30.0,G10_Methyl_Pyruvate,166
30.25,G10_Methyl_Pyruvate,164
30.5,G10_Methyl_Pyruvate,166
30.75,G10_Methyl_Pyruvate,162
31.0,G10_Methyl_Pyruvate,164
31.25,G10_Methyl_Pyruvate,162
31.5,G10_Methyl_Pyruvate,161
31.75,G10_Methyl_Pyruvate,164
32.0,G10_Methyl_Pyruvate,164
32.25,G10_Methyl_Pyruvate,161
32.5,G10_Methyl_Pyruvate,162
32.75,G10_Methyl_Pyruvate,164
33.0,G10_Methyl_Pyruvate,157
33.25,G10_Methyl_Pyruvate,159
33.5,G10_Methyl_Pyruvate,161
33.75,G10_Methyl_Pyruvate,162
34.0,G10_Methyl_Pyruvate,161
34.25,G10_Methyl_Pyruvate,159
34.5,G10_Methyl_Pyruvate,162
34.75,G10_Methyl_Pyruvate,160
35.0,G10_Methyl_Pyruvate,158
35.25,G10_Methyl_Pyruvate,164
35.5,G10_Methyl_Pyruvate,162
35.75,G10_Methyl_Pyruvate,159
36.0,G10_Methyl_Pyruvate,157
36.25,G10_Methyl_Pyruvate,160
36.5,G10_Methyl_Pyruvate,158
36.75,G10_Methyl_Pyruvate,160
37.0,G10_Methyl_Pyruvate,159
37.25,G10_Methyl_Pyruvate,160
37.5,G10_Methyl_Pyruvate,160
37.75,G10_Methyl_Pyruvate,157
38.0,G10_Methyl_Pyruvate,163
38.25,G10_Methyl_Pyruvate,160
38.5,G10_Methyl_Pyruvate,157
38.75,G10_Methyl_Pyruvate,160
39.0,G10_Methyl_Pyruvate,158
39.25,G10_Methyl_Pyruvate,158
39.5,G10_Methyl_Pyruvate,156
39.75,G10_Methyl_Pyruvate,161
40.0,G10_Methyl_Pyruvate,164
40.25,G10_Methyl_Pyruvate,160
40.5,G10_Methyl_Pyruvate,163
40.75,G10_Methyl_Pyruvate,161
41.0,G10_Methyl_Pyruvate,161
41.25,G10_Methyl_Pyruvate,161
41.5,G10_Methyl_Pyruvate,164
41.75,G10_Methyl_Pyruvate,161
42.0,G10_Methyl_Pyruvate,159
42.25,G10_Methyl_Pyruvate,158
42.5,G10_Methyl_Pyruvate,161
42.75,G10_Methyl_Pyruvate,161
43.0,G10_Methyl_Pyruvate,167
43.25,G10_Methyl_Pyruvate,164
43.5,G10_Methyl_Pyruvate,158
43.75,G10_Methyl_Pyruvate,165
44.0,G10_Methyl_Pyruvate,164
44.25,G10_Methyl_Pyruvate,163
44.5,G10_Methyl_Pyruvate,160
44.75,G10_Methyl_Pyruvate,165
45.0,G10_Methyl_Pyruvate,165
45.25,G10_Methyl_Pyruvate,159
45.5,G10_Methyl_Pyruvate,157
45.75,G10_Methyl_Pyruvate,163
46.0,G10_Methyl_Pyruvate,163
46.25,G10_Methyl_Pyruvate,162
46.5,G10_Methyl_Pyruvate,159
46.75,G10_Methyl_Pyruvate,161
47.0,G10_Methyl_Pyruvate,164
47.25,G10_Methyl_Pyruvate,159
47.5,G10_Methyl_Pyruvate,0
0.0,G11_D-Malic_Acid,17
0.25,G11_D-Malic_Acid,14
0.5,G11_D-Malic_Acid,23
0.75,G11_D-Malic_Acid,22
1.0,G11_D-Malic_Acid,16
1.25,G11_D-Malic_Acid,18
1.5,G11_D-Malic_Acid,18
1.75,G11_D-Malic_Acid,20
2.0,G11_D-Malic_Acid,22
2.25,G11_D-Malic_Acid,16
2.5,G11_D-Malic_Acid,22
2.75,G11_D-Malic_Acid,18
3.0,G11_D-Malic_Acid,18
3.25,G11_D-Malic_Acid,21
3.5,G11_D-Malic_Acid,20
3.75,G11_D-Malic_Acid,21
4.0,G11_D-Malic_Acid,20
4.25,G11_D-Malic_Acid,24
4.5,G11_D-Malic_Acid,22
4.75,G11_D-Malic_Acid,22
5.0,G11_D-Malic_Acid,24
5.25,G11_D-Malic_Acid,22
5.5,G11_D-Malic_Acid,21
5.75,G11_D-Malic_Acid,26
6.0,G11_D-Malic_Acid,26
6.25,G11_D-Malic_Acid,29
6.5,G11_D-Malic_Acid,24
6.75,G11_D-Malic_Acid,29
7.0,G11_D-Malic_Acid,28
7.25,G11_D-Malic_Acid,30
7.5,G11_D-Malic_Acid,32
7.75,G11_D-Malic_Acid,30
8.0,G11_D-Malic_Acid,31
8.25,G11_D-Malic_Acid,31
8.5,G11_D-Malic_Acid,27
8.75,G11_D-Malic_Acid,28
9.0,G11_D-Malic_Acid,31
9.25,G11_D-Malic_Acid,32
9.5,G11_D-Malic_Acid,34
9.75,G11_D-Malic_Acid,33
10.0,G11_D-Malic_Acid,34
10.25,G11_D-Malic_Acid,28
10.5,G11_D-Malic_Acid,38
10.75,G11_D-Malic_Acid,38
11.0,G11_D-Malic_Acid,38
11.25,G11_D-Malic_Acid,41
11.5,G11_D-Malic_Acid,38
11.75,G11_D-Malic_Acid,41
12.0,G11_D-Malic_Acid,39
12.25,G11_D-Malic_Acid,42
12.5,G11_D-Malic_Acid,40
12.75,G11_D-Malic_Acid,40
13.0,G11_D-Malic_Acid,43
13.25,G11_D-Malic_Acid,42
13.5,G11_D-Malic_Acid,40
13.75,G11_D-Malic_Acid,41
14.0,G11_D-Malic_Acid,41
14.25,G11_D-Malic_Acid,41
14.5,G11_D-Malic_Acid,44
14.75,G11_D-Malic_Acid,46
15.0,G11_D-Malic_Acid,45
15.25,G11_D-Malic_Acid,48
15.5,G11_D-Malic_Acid,49
15.75,G11_D-Malic_Acid,40
16.0,G11_D-Malic_Acid,46
16.25,G11_D-Malic_Acid,48
16.5,G11_D-Malic_Acid,44
16.75,G11_D-Malic_Acid,45
17.0,G11_D-Malic_Acid,43
17.25,G11_D-Malic_Acid,50
17.5,G11_D-Malic_Acid,45
17.75,G11_D-Malic_Acid,48
18.0,G11_D-Malic_Acid,51
18.25,G11_D-Malic_Acid,52
18.5,G11_D-Malic_Acid,54
18.75,G11_D-Malic_Acid,53
19.0,G11_D-Malic_Acid,51
19.25,G11_D-Malic_Acid,52
19.5,G11_D-Malic_Acid,46
19.75,G11_D-Malic_Acid,53
20.0,G11_D-Malic_Acid,52
20.25,G11_D-Malic_Acid,48
20.5,G11_D-Malic_Acid,51
20.75,G11_D-Malic_Acid,51
21.0,G11_D-Malic_Acid,53
21.25,G11_D-Malic_Acid,54
21.5,G11_D-Malic_Acid,54
21.75,G11_D-Malic_Acid,50
22.0,G11_D-Malic_Acid,54
22.25,G11_D-Malic_Acid,54
22.5,G11_D-Malic_Acid,57
22.75,G11_D-Malic_Acid,58
23.0,G11_D-Malic_Acid,59
23.25,G11_D-Malic_Acid,53
23.5,G11_D-Malic_Acid,56
23.75,G11_D-Malic_Acid,61
24.0,G11_D-Malic_Acid,59
24.25,G11_D-Malic_Acid,55
24.5,G11_D-Malic_Acid,59
24.75,G11_D-Malic_Acid,57
25.0,G11_D-Malic_Acid,60
25.25,G11_D-Malic_Acid,58
25.5,G11_D-Malic_Acid,62
25.75,G11_D-Malic_Acid,60
26.0,G11_D-Malic_Acid,58
26.25,G11_D-Malic_Acid,59
26.5,G11_D-Malic_Acid,61
26.75,G11_D-Malic_Acid,63
27.0,G11_D-Malic_Acid,67
27.25,G11_D-Malic_Acid,66
27.5,G11_D-Malic_Acid,65
27.75,G11_D-Malic_Acid,64
28.0,G11_D-Malic_Acid,67
28.25,G11_D-Malic_Acid,65
28.5,G11_D-Malic_Acid,70
28.75,G11_D-Malic_Acid,68
29.0,G11_D-Malic_Acid,65
29.25,G11_D-Malic_Acid,67
29.5,G11_D-Malic_Acid,72
29.75,G11_D-Malic_Acid,72
30.0,G11_D-Malic_Acid,70
30.25,G11_D-Malic_Acid,69
30.5,G11_D-Malic_Acid,68
30.75,G11_D-Malic_Acid,69
31.0,G11_D-Malic_Acid,70
31.25,G11_D-Malic_Acid,69
31.5,G11_D-Malic_Acid,64
31.75,G11_D-Malic_Acid,68
32.0,G11_D-Malic_Acid,74
32.25,G11_D-Malic_Acid,73
32.5,G11_D-Malic_Acid,71
32.75,G11_D-Malic_Acid,73
33.0,G11_D-Malic_Acid,72
33.25,G11_D-Malic_Acid,71
33.5,G11_D-Malic_Acid,67
33.75,G11_D-Malic_Acid,70
34.0,G11_D-Malic_Acid,70
34.25,G11_D-Malic_Acid,72
34.5,G11_D-Malic_Acid,75
34.75,G11_D-Malic_Acid,72
35.0,G11_D-Malic_Acid,74
35.25,G11_D-Malic_Acid,72
35.5,G11_D-Malic_Acid,78
35.75,G11_D-Malic_Acid,78
36.0,G11_D-Malic_Acid,74
36.25,G11_D-Malic_Acid,75
36.5,G11_D-Malic_Acid,76
36.75,G11_D-Malic_Acid,77
37.0,G11_D-Malic_Acid,81
37.25,G11_D-Malic_Acid,77
37.5,G11_D-Malic_Acid,77
37.75,G11_D-Malic_Acid,79
38.0,G11_D-Malic_Acid,81
38.25,G11_D-Malic_Acid,83
38.5,G11_D-Malic_Acid,81
38.75,G11_D-Malic_Acid,78
39.0,G11_D-Malic_Acid,80
39.25,G11_D-Malic_Acid,83
39.5,G11_D-Malic_Acid,79
39.75,G11_D-Malic_Acid,80
40.0,G11_D-Malic_Acid,76
40.25,G11_D-Malic_Acid,81
40.5,G11_D-Malic_Acid,84
40.75,G11_D-Malic_Acid,83
41.0,G11_D-Malic_Acid,83
41.25,G11_D-Malic_Acid,81
41.5,G11_D-Malic_Acid,82
41.75,G11_D-Malic_Acid,77
42.0,G11_D-Malic_Acid,83
42.25,G11_D-Malic_Acid,80
42.5,G11_D-Malic_Acid,84
42.75,G11_D-Malic_Acid,81
43.0,G11_D-Malic_Acid,85
43.25,G11_D-Malic_Acid,83
43.5,G11_D-Malic_Acid,86
43.75,G11_D-Malic_Acid,86
44.0,G11_D-Malic_Acid,85
44.25,G11_D-Malic_Acid,84
44.5,G11_D-Malic_Acid,86
44.75,G11_D-Malic_Acid,89
45.0,G11_D-Malic_Acid,84
45.25,G11_D-Malic_Acid,86
45.5,G11_D-Malic_Acid,91
45.75,G11_D-Malic_Acid,92
46.0,G11_D-Malic_Acid,89
46.25,G11_D-Malic_Acid,91
46.5,G11_D-Malic_Acid,85
46.75,G11_D-Malic_Acid,92
47.0,G11_D-Malic_Acid,92
47.25,G11_D-Malic_Acid,88
47.5,G11_D-Malic_Acid,0
0.0,G12_L-Malic_Acid,30
0.25,G12_L-Malic_Acid,22
0.5,G12_L-Malic_Acid,25
0.75,G12_L-Malic_Acid,30
1.0,G12_L-Malic_Acid,29
1.25,G12_L-Malic_Acid,27
1.5,G12_L-Malic_Acid,30
1.75,G12_L-Malic_Acid,24
2.0,G12_L-Malic_Acid,29
2.25,G12_L-Malic_Acid,25
2.5,G12_L-Malic_Acid,26
2.75,G12_L-Malic_Acid,29
3.0,G12_L-Malic_Acid,28
3.25,G12_L-Malic_Acid,27
3.5,G12_L-Malic_Acid,29
3.75,G12_L-Malic_Acid,32
4.0,G12_L-Malic_Acid,30
4.25,G12_L-Malic_Acid,36
4.5,G12_L-Malic_Acid,34
4.75,G12_L-Malic_Acid,32
5.0,G12_L-Malic_Acid,38
5.25,G12_L-Malic_Acid,39
5.5,G12_L-Malic_Acid,38
5.75,G12_L-Malic_Acid,40
6.0,G12_L-Malic_Acid,43
6.25,G12_L-Malic_Acid,45
6.5,G12_L-Malic_Acid,46
6.75,G12_L-Malic_Acid,44
7.0,G12_L-Malic_Acid,52
7.25,G12_L-Malic_Acid,55
7.5,G12_L-Malic_Acid,52
7.75,G12_L-Malic_Acid,59
8.0,G12_L-Malic_Acid,64
8.25,G12_L-Malic_Acid,67
8.5,G12_L-Malic_Acid,72
8.75,G12_L-Malic_Acid,74
9.0,G12_L-Malic_Acid,80
9.25,G12_L-Malic_Acid,89
9.5,G12_L-Malic_Acid,93
9.75,G12_L-Malic_Acid,103
10.0,G12_L-Malic_Acid,108
10.25,G12_L-Malic_Acid,115
10.5,G12_L-Malic_Acid,125
10.75,G12_L-Malic_Acid,131
11.0,G12_L-Malic_Acid,131
11.25,G12_L-Malic_Acid,143
11.5,G12_L-Malic_Acid,148
11.75,G12_L-Malic_Acid,152
12.0,G12_L-Malic_Acid,162
12.25,G12_L-Malic_Acid,161
12.5,G12_L-Malic_Acid,177
12.75,G12_L-Malic_Acid,172
13.0,G12_L-Malic_Acid,181
13.25,G12_L-Malic_Acid,196
13.5,G12_L-Malic_Acid,200
13.75,G12_L-Malic_Acid,203
14.0,G12_L-Malic_Acid,210
14.25,G12_L-Malic_Acid,212
14.5,G12_L-Malic_Acid,219
14.75,G12_L-Malic_Acid,222
15.0,G12_L-Malic_Acid,228
15.25,G12_L-Malic_Acid,223
15.5,G12_L-Malic_Acid,229
15.75,G12_L-Malic_Acid,227
16.0,G12_L-Malic_Acid,233
16.25,G12_L-Malic_Acid,234
16.5,G12_L-Malic_Acid,239
16.75,G12_L-Malic_Acid,234
17.0,G12_L-Malic_Acid,235
17.25,G12_L-Malic_Acid,238
17.5,G12_L-Malic_Acid,234
17.75,G12_L-Malic_Acid,233
18.0,G12_L-Malic_Acid,235
18.25,G12_L-Malic_Acid,238
18.5,G12_L-Malic_Acid,238
18.75,G12_L-Malic_Acid,236
19.0,G12_L-Malic_Acid,238
19.25,G12_L-Malic_Acid,234
19.5,G12_L-Malic_Acid,236
19.75,G12_L-Malic_Acid,234
20.0,G12_L-Malic_Acid,232
20.25,G12_L-Malic_Acid,235
20.5,G12_L-Malic_Acid,230
20.75,G12_L-Malic_Acid,236
21.0,G12_L-Malic_Acid,235
21.25,G12_L-Malic_Acid,232
21.5,G12_L-Malic_Acid,233
21.75,G12_L-Malic_Acid,235
22.0,G12_L-Malic_Acid,233
22.25,G12_L-Malic_Acid,232
22.5,G12_L-Malic_Acid,231
22.75,G12_L-Malic_Acid,230
23.0,G12_L-Malic_Acid,232
23.25,G12_L-Malic_Acid,230
23.5,G12_L-Malic_Acid,231
23.75,G12_L-Malic_Acid,232
24.0,G12_L-Malic_Acid,231
24.25,G12_L-Malic_Acid,233
24.5,G12_L-Malic_Acid,229
24.75,G12_L-Malic_Acid,231
25.0,G12_L-Malic_Acid,229
25.25,G12_L-Malic_Acid,232
25.5,G12_L-Malic_Acid,234
25.75,G12_L-Malic_Acid,233
26.0,G12_L-Malic_Acid,231
26.25,G12_L-Malic_Acid,233
26.5,G12_L-Malic_Acid,232
26.75,G12_L-Malic_Acid,231
27.0,G12_L-Malic_Acid,231
27.25,G12_L-Malic_Acid,230
27.5,G12_L-Malic_Acid,232
27.75,G12_L-Malic_Acid,230
28.0,G12_L-Malic_Acid,232
28.25,G12_L-Malic_Acid,230
28.5,G12_L-Malic_Acid,231
28.75,G12_L-Malic_Acid,231
29.0,G12_L-Malic_Acid,230
29.25,G12_L-Malic_Acid,229
29.5,G12_L-Malic_Acid,232
29.75,G12_L-Malic_Acid,228
30.0,G12_L-Malic_Acid,233
30.25,G12_L-Malic_Acid,230
30.5,G12_L-Malic_Acid,228
30.75,G12_L-Malic_Acid,226
31.0,G12_L-Malic_Acid,229
31.25,G12_L-Malic_Acid,230
31.5,G12_L-Malic_Acid,233
31.75,G12_L-Malic_Acid,230
32.0,G12_L-Malic_Acid,232
32.25,G12_L-Malic_Acid,227
32.5,G12_L-Malic_Acid,229
32.75,G12_L-Malic_Acid,227
33.0,G12_L-Malic_Acid,225
33.25,G12_L-Malic_Acid,228
33.5,G12_L-Malic_Acid,224
33.75,G12_L-Malic_Acid,225
34.0,G12_L-Malic_Acid,228
34.25,G12_L-Malic_Acid,229
34.5,G12_L-Malic_Acid,227
34.75,G12_L-Malic_Acid,231
35.0,G12_L-Malic_Acid,227
35.25,G12_L-Malic_Acid,224
35.5,G12_L-Malic_Acid,221
35.75,G12_L-Malic_Acid,226
36.0,G12_L-Malic_Acid,224
36.25,G12_L-Malic_Acid,225
36.5,G12_L-Malic_Acid,224
36.75,G12_L-Malic_Acid,226
37.0,G12_L-Malic_Acid,224
37.25,G12_L-Malic_Acid,225
37.5,G12_L-Malic_Acid,222
37.75,G12_L-Malic_Acid,226
38.0,G12_L-Malic_Acid,222
38.25,G12_L-Malic_Acid,224
38.5,G12_L-Malic_Acid,224
38.75,G12_L-Malic_Acid,222
39.0,G12_L-Malic_Acid,228
39.25,G12_L-Malic_Acid,225
39.5,G12_L-Malic_Acid,224
39.75,G12_L-Malic_Acid,223
40.0,G12_L-Malic_Acid,223
40.25,G12_L-Malic_Acid,226
40.5,G12_L-Malic_Acid,223
40.75,G12_L-Malic_Acid,223
41.0,G12_L-Malic_Acid,223
41.25,G12_L-Malic_Acid,219
41.5,G12_L-Malic_Acid,224
41.75,G12_L-Malic_Acid,221
42.0,G12_L-Malic_Acid,224
42.25,G12_L-Malic_Acid,225
42.5,G12_L-Malic_Acid,226
42.75,G12_L-Malic_Acid,220
43.0,G12_L-Malic_Acid,226
43.25,G12_L-Malic_Acid,218
43.5,G12_L-Malic_Acid,223
43.75,G12_L-Malic_Acid,223
44.0,G12_L-Malic_Acid,225
44.25,G12_L-Malic_Acid,224
44.5,G12_L-Malic_Acid,222
44.75,G12_L-Malic_Acid,226
45.0,G12_L-Malic_Acid,220
45.25,G12_L-Malic_Acid,225
45.5,G12_L-Malic_Acid,225
45.75,G12_L-Malic_Acid,221
46.0,G12_L-Malic_Acid,223
46.25,G12_L-Malic_Acid,219
46.5,G12_L-Malic_Acid,219
46.75,G12_L-Malic_Acid,223
47.0,G12_L-Malic_Acid,221
47.25,G12_L-Malic_Acid,219
47.5,G12_L-Malic_Acid,0
0.0,H1_Glycyl-L-Proline,24
0.25,H1_Glycyl-L-Proline,23
0.5,H1_Glycyl-L-Proline,27
0.75,H1_Glycyl-L-Proline,25
1.0,H1_Glycyl-L-Proline,24
1.25,H1_Glycyl-L-Proline,24
1.5,H1_Glycyl-L-Proline,22
1.75,H1_Glycyl-L-Proline,27
2.0,H1_Glycyl-L-Proline,27
2.25,H1_Glycyl-L-Proline,26
2.5,H1_Glycyl-L-Proline,26
2.75,H1_Glycyl-L-Proline,24
3.0,H1_Glycyl-L-Proline,24
3.25,H1_Glycyl-L-Proline,31
3.5,H1_Glycyl-L-Proline,25
3.75,H1_Glycyl-L-Proline,32
4.0,H1_Glycyl-L-Proline,29
4.25,H1_Glycyl-L-Proline,26
4.5,H1_Glycyl-L-Proline,31
4.75,H1_Glycyl-L-Proline,30
5.0,H1_Glycyl-L-Proline,33
5.25,H1_Glycyl-L-Proline,37
5.5,H1_Glycyl-L-Proline,37
5.75,H1_Glycyl-L-Proline,40
6.0,H1_Glycyl-L-Proline,42
6.25,H1_Glycyl-L-Proline,38
6.5,H1_Glycyl-L-Proline,39
6.75,H1_Glycyl-L-Proline,48
7.0,H1_Glycyl-L-Proline,47
7.25,H1_Glycyl-L-Proline,48
7.5,H1_Glycyl-L-Proline,54
7.75,H1_Glycyl-L-Proline,61
8.0,H1_Glycyl-L-Proline,60
8.25,H1_Glycyl-L-Proline,69
8.5,H1_Glycyl-L-Proline,67
8.75,H1_Glycyl-L-Proline,66
9.0,H1_Glycyl-L-Proline,77
9.25,H1_Glycyl-L-Proline,82
9.5,H1_Glycyl-L-Proline,81
9.75,H1_Glycyl-L-Proline,89
10.0,H1_Glycyl-L-Proline,90
10.25,H1_Glycyl-L-Proline,94
10.5,H1_Glycyl-L-Proline,100
10.75,H1_Glycyl-L-Proline,105
11.0,H1_Glycyl-L-Proline,112
11.25,H1_Glycyl-L-Proline,113
11.5,H1_Glycyl-L-Proline,117
11.75,H1_Glycyl-L-Proline,118
12.0,H1_Glycyl-L-Proline,126
12.25,H1_Glycyl-L-Proline,129
12.5,H1_Glycyl-L-Proline,130
12.75,H1_Glycyl-L-Proline,140
13.0,H1_Glycyl-L-Proline,139
13.25,H1_Glycyl-L-Proline,141
13.5,H1_Glycyl-L-Proline,147
13.75,H1_Glycyl-L-Proline,158
14.0,H1_Glycyl-L-Proline,154
14.25,H1_Glycyl-L-Proline,169
14.5,H1_Glycyl-L-Proline,173
14.75,H1_Glycyl-L-Proline,169
15.0,H1_Glycyl-L-Proline,173
15.25,H1_Glycyl-L-Proline,180
15.5,H1_Glycyl-L-Proline,185
15.75,H1_Glycyl-L-Proline,187
16.0,H1_Glycyl-L-Proline,188
16.25,H1_Glycyl-L-Proline,191
16.5,H1_Glycyl-L-Proline,197
16.75,H1_Glycyl-L-Proline,198
17.0,H1_Glycyl-L-Proline,205
17.25,H1_Glycyl-L-Proline,205
17.5,H1_Glycyl-L-Proline,211
17.75,H1_Glycyl-L-Proline,217
18.0,H1_Glycyl-L-Proline,215
18.25,H1_Glycyl-L-Proline,224
18.5,H1_Glycyl-L-Proline,223
18.75,H1_Glycyl-L-Proline,226
19.0,H1_Glycyl-L-Proline,231
19.25,H1_Glycyl-L-Proline,234
19.5,H1_Glycyl-L-Proline,236
19.75,H1_Glycyl-L-Proline,241
20.0,H1_Glycyl-L-Proline,243
20.25,H1_Glycyl-L-Proline,242
20.5,H1_Glycyl-L-Proline,243
20.75,H1_Glycyl-L-Proline,250
21.0,H1_Glycyl-L-Proline,248
21.25,H1_Glycyl-L-Proline,251
21.5,H1_Glycyl-L-Proline,250
21.75,H1_Glycyl-L-Proline,254
22.0,H1_Glycyl-L-Proline,256
22.25,H1_Glycyl-L-Proline,257
22.5,H1_Glycyl-L-Proline,261
22.75,H1_Glycyl-L-Proline,262
23.0,H1_Glycyl-L-Proline,262
23.25,H1_Glycyl-L-Proline,260
23.5,H1_Glycyl-L-Proline,261
23.75,H1_Glycyl-L-Proline,263
24.0,H1_Glycyl-L-Proline,265
24.25,H1_Glycyl-L-Proline,268
24.5,H1_Glycyl-L-Proline,270
24.75,H1_Glycyl-L-Proline,268
25.0,H1_Glycyl-L-Proline,268
25.25,H1_Glycyl-L-Proline,274
25.5,H1_Glycyl-L-Proline,272
25.75,H1_Glycyl-L-Proline,273
26.0,H1_Glycyl-L-Proline,274
26.25,H1_Glycyl-L-Proline,272
26.5,H1_Glycyl-L-Proline,271
26.75,H1_Glycyl-L-Proline,278
27.0,H1_Glycyl-L-Proline,277
27.25,H1_Glycyl-L-Proline,274
27.5,H1_Glycyl-L-Proline,276
27.75,H1_Glycyl-L-Proline,277
28.0,H1_Glycyl-L-Proline,279
28.25,H1_Glycyl-L-Proline,279
28.5,H1_Glycyl-L-Proline,275
28.75,H1_Glycyl-L-Proline,277
29.0,H1_Glycyl-L-Proline,279
29.25,H1_Glycyl-L-Proline,282
29.5,H1_Glycyl-L-Proline,280
29.75,H1_Glycyl-L-Proline,277
30.0,H1_Glycyl-L-Proline,281
30.25,H1_Glycyl-L-Proline,280
30.5,H1_Glycyl-L-Proline,282
30.75,H1_Glycyl-L-Proline,280
31.0,H1_Glycyl-L-Proline,284
31.25,H1_Glycyl-L-Proline,282
31.5,H1_Glycyl-L-Proline,282
31.75,H1_Glycyl-L-Proline,282
32.0,H1_Glycyl-L-Proline,283
32.25,H1_Glycyl-L-Proline,283
32.5,H1_Glycyl-L-Proline,282
32.75,H1_Glycyl-L-Proline,282
33.0,H1_Glycyl-L-Proline,283
33.25,H1_Glycyl-L-Proline,283
33.5,H1_Glycyl-L-Proline,283
33.75,H1_Glycyl-L-Proline,281
34.0,H1_Glycyl-L-Proline,282
34.25,H1_Glycyl-L-Proline,287
34.5,H1_Glycyl-L-Proline,287
34.75,H1_Glycyl-L-Proline,284
35.0,H1_Glycyl-L-Proline,282
35.25,H1_Glycyl-L-Proline,279
35.5,H1_Glycyl-L-Proline,286
35.75,H1_Glycyl-L-Proline,286
36.0,H1_Glycyl-L-Proline,285
36.25,H1_Glycyl-L-Proline,283
36.5,H1_Glycyl-L-Proline,289
36.75,H1_Glycyl-L-Proline,286
37.0,H1_Glycyl-L-Proline,282
37.25,H1_Glycyl-L-Proline,285
37.5,H1_Glycyl-L-Proline,286
37.75,H1_Glycyl-L-Proline,284
38.0,H1_Glycyl-L-Proline,286
38.25,H1_Glycyl-L-Proline,287
38.5,H1_Glycyl-L-Proline,282
38.75,H1_Glycyl-L-Proline,282
39.0,H1_Glycyl-L-Proline,285
39.25,H1_Glycyl-L-Proline,280
39.5,H1_Glycyl-L-Proline,276
39.75,H1_Glycyl-L-Proline,273
40.0,H1_Glycyl-L-Proline,273
40.25,H1_Glycyl-L-Proline,272
40.5,H1_Glycyl-L-Proline,274
40.75,H1_Glycyl-L-Proline,278
41.0,H1_Glycyl-L-Proline,276
41.25,H1_Glycyl-L-Proline,270
41.5,H1_Glycyl-L-Proline,273
41.75,H1_Glycyl-L-Proline,271
42.0,H1_Glycyl-L-Proline,271
42.25,H1_Glycyl-L-Proline,269
42.5,H1_Glycyl-L-Proline,270
42.75,H1_Glycyl-L-Proline,268
43.0,H1_Glycyl-L-Proline,270
43.25,H1_Glycyl-L-Proline,270
43.5,H1_Glycyl-L-Proline,270
43.75,H1_Glycyl-L-Proline,270
44.0,H1_Glycyl-L-Proline,270
44.25,H1_Glycyl-L-Proline,267
44.5,H1_Glycyl-L-Proline,268
44.75,H1_Glycyl-L-Proline,267
45.0,H1_Glycyl-L-Proline,268
45.25,H1_Glycyl-L-Proline,266
45.5,H1_Glycyl-L-Proline,265
45.75,H1_Glycyl-L-Proline,266
46.0,H1_Glycyl-L-Proline,269
46.25,H1_Glycyl-L-Proline,262
46.5,H1_Glycyl-L-Proline,260
46.75,H1_Glycyl-L-Proline,265
47.0,H1_Glycyl-L-Proline,265
47.25,H1_Glycyl-L-Proline,262
47.5,H1_Glycyl-L-Proline,0
0.0,H2_p-Hydroxy_Phenyl_AceticAcid,34
0.25,H2_p-Hydroxy_Phenyl_AceticAcid,27
0.5,H2_p-Hydroxy_Phenyl_AceticAcid,27
0.75,H2_p-Hydroxy_Phenyl_AceticAcid,33
1.0,H2_p-Hydroxy_Phenyl_AceticAcid,28
1.25,H2_p-Hydroxy_Phenyl_AceticAcid,32
1.5,H2_p-Hydroxy_Phenyl_AceticAcid,32
1.75,H2_p-Hydroxy_Phenyl_AceticAcid,31
2.0,H2_p-Hydroxy_Phenyl_AceticAcid,31
2.25,H2_p-Hydroxy_Phenyl_AceticAcid,29
2.5,H2_p-Hydroxy_Phenyl_AceticAcid,33
2.75,H2_p-Hydroxy_Phenyl_AceticAcid,28
3.0,H2_p-Hydroxy_Phenyl_AceticAcid,28
3.25,H2_p-Hydroxy_Phenyl_AceticAcid,37
3.5,H2_p-Hydroxy_Phenyl_AceticAcid,29
3.75,H2_p-Hydroxy_Phenyl_AceticAcid,37
4.0,H2_p-Hydroxy_Phenyl_AceticAcid,32
4.25,H2_p-Hydroxy_Phenyl_AceticAcid,31
4.5,H2_p-Hydroxy_Phenyl_AceticAcid,33
4.75,H2_p-Hydroxy_Phenyl_AceticAcid,33
5.0,H2_p-Hydroxy_Phenyl_AceticAcid,37
5.25,H2_p-Hydroxy_Phenyl_AceticAcid,34
5.5,H2_p-Hydroxy_Phenyl_AceticAcid,35
5.75,H2_p-Hydroxy_Phenyl_AceticAcid,35
6.0,H2_p-Hydroxy_Phenyl_AceticAcid,36
6.25,H2_p-Hydroxy_Phenyl_AceticAcid,38
6.5,H2_p-Hydroxy_Phenyl_AceticAcid,38
6.75,H2_p-Hydroxy_Phenyl_AceticAcid,43
7.0,H2_p-Hydroxy_Phenyl_AceticAcid,40
7.25,H2_p-Hydroxy_Phenyl_AceticAcid,44
7.5,H2_p-Hydroxy_Phenyl_AceticAcid,41
7.75,H2_p-Hydroxy_Phenyl_AceticAcid,42
8.0,H2_p-Hydroxy_Phenyl_AceticAcid,45
8.25,H2_p-Hydroxy_Phenyl_AceticAcid,44
8.5,H2_p-Hydroxy_Phenyl_AceticAcid,45
8.75,H2_p-Hydroxy_Phenyl_AceticAcid,44
9.0,H2_p-Hydroxy_Phenyl_AceticAcid,50
9.25,H2_p-Hydroxy_Phenyl_AceticAcid,43
9.5,H2_p-Hydroxy_Phenyl_AceticAcid,46
9.75,H2_p-Hydroxy_Phenyl_AceticAcid,44
10.0,H2_p-Hydroxy_Phenyl_AceticAcid,47
10.25,H2_p-Hydroxy_Phenyl_AceticAcid,48
10.5,H2_p-Hydroxy_Phenyl_AceticAcid,46
10.75,H2_p-Hydroxy_Phenyl_AceticAcid,50
11.0,H2_p-Hydroxy_Phenyl_AceticAcid,49
11.25,H2_p-Hydroxy_Phenyl_AceticAcid,44
11.5,H2_p-Hydroxy_Phenyl_AceticAcid,50
11.75,H2_p-Hydroxy_Phenyl_AceticAcid,44
12.0,H2_p-Hydroxy_Phenyl_AceticAcid,44
12.25,H2_p-Hydroxy_Phenyl_AceticAcid,42
12.5,H2_p-Hydroxy_Phenyl_AceticAcid,51
12.75,H2_p-Hydroxy_Phenyl_AceticAcid,49
13.0,H2_p-Hydroxy_Phenyl_AceticAcid,40
13.25,H2_p-Hydroxy_Phenyl_AceticAcid,49
13.5,H2_p-Hydroxy_Phenyl_AceticAcid,47
13.75,H2_p-Hydroxy_Phenyl_AceticAcid,44
14.0,H2_p-Hydroxy_Phenyl_AceticAcid,44
14.25,H2_p-Hydroxy_Phenyl_AceticAcid,47
14.5,H2_p-Hydroxy_Phenyl_AceticAcid,45
14.75,H2_p-Hydroxy_Phenyl_AceticAcid,48
15.0,H2_p-Hydroxy_Phenyl_AceticAcid,45
15.25,H2_p-Hydroxy_Phenyl_AceticAcid,49
15.5,H2_p-Hydroxy_Phenyl_AceticAcid,46
15.75,H2_p-Hydroxy_Phenyl_AceticAcid,44
16.0,H2_p-Hydroxy_Phenyl_AceticAcid,50
16.25,H2_p-Hydroxy_Phenyl_AceticAcid,46
16.5,H2_p-Hydroxy_Phenyl_AceticAcid,49
16.75,H2_p-Hydroxy_Phenyl_AceticAcid,42
17.0,H2_p-Hydroxy_Phenyl_AceticAcid,46
17.25,H2_p-Hydroxy_Phenyl_AceticAcid,50
17.5,H2_p-Hydroxy_Phenyl_AceticAcid,42
17.75,H2_p-Hydroxy_Phenyl_AceticAcid,49
18.0,H2_p-Hydroxy_Phenyl_AceticAcid,47
18.25,H2_p-Hydroxy_Phenyl_AceticAcid,48
18.5,H2_p-Hydroxy_Phenyl_AceticAcid,51
18.75,H2_p-Hydroxy_Phenyl_AceticAcid,48
19.0,H2_p-Hydroxy_Phenyl_AceticAcid,44
19.25,H2_p-Hydroxy_Phenyl_AceticAcid,53
19.5,H2_p-Hydroxy_Phenyl_AceticAcid,51
19.75,H2_p-Hydroxy_Phenyl_AceticAcid,54
20.0,H2_p-Hydroxy_Phenyl_AceticAcid,49
20.25,H2_p-Hydroxy_Phenyl_AceticAcid,46
20.5,H2_p-Hydroxy_Phenyl_AceticAcid,45
20.75,H2_p-Hydroxy_Phenyl_AceticAcid,50
21.0,H2_p-Hydroxy_Phenyl_AceticAcid,52
21.25,H2_p-Hydroxy_Phenyl_AceticAcid,46
21.5,H2_p-Hydroxy_Phenyl_AceticAcid,46
21.75,H2_p-Hydroxy_Phenyl_AceticAcid,49
22.0,H2_p-Hydroxy_Phenyl_AceticAcid,46
22.25,H2_p-Hydroxy_Phenyl_AceticAcid,53
22.5,H2_p-Hydroxy_Phenyl_AceticAcid,51
22.75,H2_p-Hydroxy_Phenyl_AceticAcid,49
23.0,H2_p-Hydroxy_Phenyl_AceticAcid,45
23.25,H2_p-Hydroxy_Phenyl_AceticAcid,45
23.5,H2_p-Hydroxy_Phenyl_AceticAcid,46
23.75,H2_p-Hydroxy_Phenyl_AceticAcid,44
24.0,H2_p-Hydroxy_Phenyl_AceticAcid,49
24.25,H2_p-Hydroxy_Phenyl_AceticAcid,48
24.5,H2_p-Hydroxy_Phenyl_AceticAcid,47
24.75,H2_p-Hydroxy_Phenyl_AceticAcid,47
25.0,H2_p-Hydroxy_Phenyl_AceticAcid,49
25.25,H2_p-Hydroxy_Phenyl_AceticAcid,48
25.5,H2_p-Hydroxy_Phenyl_AceticAcid,55
25.75,H2_p-Hydroxy_Phenyl_AceticAcid,49
26.0,H2_p-Hydroxy_Phenyl_AceticAcid,52
26.25,H2_p-Hydroxy_Phenyl_AceticAcid,50
26.5,H2_p-Hydroxy_Phenyl_AceticAcid,48
26.75,H2_p-Hydroxy_Phenyl_AceticAcid,49
27.0,H2_p-Hydroxy_Phenyl_AceticAcid,53
27.25,H2_p-Hydroxy_Phenyl_AceticAcid,52
27.5,H2_p-Hydroxy_Phenyl_AceticAcid,53
27.75,H2_p-Hydroxy_Phenyl_AceticAcid,48
28.0,H2_p-Hydroxy_Phenyl_AceticAcid,53
28.25,H2_p-Hydroxy_Phenyl_AceticAcid,53
28.5,H2_p-Hydroxy_Phenyl_AceticAcid,47
28.75,H2_p-Hydroxy_Phenyl_AceticAcid,50
29.0,H2_p-Hydroxy_Phenyl_AceticAcid,50
29.25,H2_p-Hydroxy_Phenyl_AceticAcid,47
29.5,H2_p-Hydroxy_Phenyl_AceticAcid,51
29.75,H2_p-Hydroxy_Phenyl_AceticAcid,51
30.0,H2_p-Hydroxy_Phenyl_AceticAcid,51
30.25,H2_p-Hydroxy_Phenyl_AceticAcid,50
30.5,H2_p-Hydroxy_Phenyl_AceticAcid,52
30.75,H2_p-Hydroxy_Phenyl_AceticAcid,46
31.0,H2_p-Hydroxy_Phenyl_AceticAcid,48
31.25,H2_p-Hydroxy_Phenyl_AceticAcid,48
31.5,H2_p-Hydroxy_Phenyl_AceticAcid,49
31.75,H2_p-Hydroxy_Phenyl_AceticAcid,50
32.0,H2_p-Hydroxy_Phenyl_AceticAcid,49
32.25,H2_p-Hydroxy_Phenyl_AceticAcid,50
32.5,H2_p-Hydroxy_Phenyl_AceticAcid,48
32.75,H2_p-Hydroxy_Phenyl_AceticAcid,48
33.0,H2_p-Hydroxy_Phenyl_AceticAcid,50
33.25,H2_p-Hydroxy_Phenyl_AceticAcid,50
33.5,H2_p-Hydroxy_Phenyl_AceticAcid,50
33.75,H2_p-Hydroxy_Phenyl_AceticAcid,49
34.0,H2_p-Hydroxy_Phenyl_AceticAcid,49
34.25,H2_p-Hydroxy_Phenyl_AceticAcid,50
34.5,H2_p-Hydroxy_Phenyl_AceticAcid,50
34.75,H2_p-Hydroxy_Phenyl_AceticAcid,45
35.0,H2_p-Hydroxy_Phenyl_AceticAcid,49
35.25,H2_p-Hydroxy_Phenyl_AceticAcid,44
35.5,H2_p-Hydroxy_Phenyl_AceticAcid,47
35.75,H2_p-Hydroxy_Phenyl_AceticAcid,49
36.0,H2_p-Hydroxy_Phenyl_AceticAcid,50
36.25,H2_p-Hydroxy_Phenyl_AceticAcid,47
36.5,H2_p-Hydroxy_Phenyl_AceticAcid,44
36.75,H2_p-Hydroxy_Phenyl_AceticAcid,50
37.0,H2_p-Hydroxy_Phenyl_AceticAcid,50
37.25,H2_p-Hydroxy_Phenyl_AceticAcid,49
37.5,H2_p-Hydroxy_Phenyl_AceticAcid,53
37.75,H2_p-Hydroxy_Phenyl_AceticAcid,51
38.0,H2_p-Hydroxy_Phenyl_AceticAcid,46
38.25,H2_p-Hydroxy_Phenyl_AceticAcid,49
38.5,H2_p-Hydroxy_Phenyl_AceticAcid,41
38.75,H2_p-Hydroxy_Phenyl_AceticAcid,50
39.0,H2_p-Hydroxy_Phenyl_AceticAcid,53
39.25,H2_p-Hydroxy_Phenyl_AceticAcid,49
39.5,H2_p-Hydroxy_Phenyl_AceticAcid,46
39.75,H2_p-Hydroxy_Phenyl_AceticAcid,48
40.0,H2_p-Hydroxy_Phenyl_AceticAcid,45
40.25,H2_p-Hydroxy_Phenyl_AceticAcid,45
40.5,H2_p-Hydroxy_Phenyl_AceticAcid,40
40.75,H2_p-Hydroxy_Phenyl_AceticAcid,51
41.0,H2_p-Hydroxy_Phenyl_AceticAcid,47
41.25,H2_p-Hydroxy_Phenyl_AceticAcid,42
41.5,H2_p-Hydroxy_Phenyl_AceticAcid,50
41.75,H2_p-Hydroxy_Phenyl_AceticAcid,45
42.0,H2_p-Hydroxy_Phenyl_AceticAcid,48
42.25,H2_p-Hydroxy_Phenyl_AceticAcid,48
42.5,H2_p-Hydroxy_Phenyl_AceticAcid,49
42.75,H2_p-Hydroxy_Phenyl_AceticAcid,45
43.0,H2_p-Hydroxy_Phenyl_AceticAcid,51
43.25,H2_p-Hydroxy_Phenyl_AceticAcid,48
43.5,H2_p-Hydroxy_Phenyl_AceticAcid,49
43.75,H2_p-Hydroxy_Phenyl_AceticAcid,49
44.0,H2_p-Hydroxy_Phenyl_AceticAcid,50
44.25,H2_p-Hydroxy_Phenyl_AceticAcid,46
44.5,H2_p-Hydroxy_Phenyl_AceticAcid,45
44.75,H2_p-Hydroxy_Phenyl_AceticAcid,44
45.0,H2_p-Hydroxy_Phenyl_AceticAcid,50
45.25,H2_p-Hydroxy_Phenyl_AceticAcid,45
45.5,H2_p-Hydroxy_Phenyl_AceticAcid,51
45.75,H2_p-Hydroxy_Phenyl_AceticAcid,48
46.0,H2_p-Hydroxy_Phenyl_AceticAcid,50
46.25,H2_p-Hydroxy_Phenyl_AceticAcid,46
46.5,H2_p-Hydroxy_Phenyl_AceticAcid,49
46.75,H2_p-Hydroxy_Phenyl_AceticAcid,44
47.0,H2_p-Hydroxy_Phenyl_AceticAcid,46
47.25,H2_p-Hydroxy_Phenyl_AceticAcid,46
47.5,H2_p-Hydroxy_Phenyl_AceticAcid,0
0.0,H3_m-Hydroxy_Phenyl_AceticAcid,47
0.25,H3_m-Hydroxy_Phenyl_AceticAcid,29
0.5,H3_m-Hydroxy_Phenyl_AceticAcid,17
0.75,H3_m-Hydroxy_Phenyl_AceticAcid,19
1.0,H3_m-Hydroxy_Phenyl_AceticAcid,16
1.25,H3_m-Hydroxy_Phenyl_AceticAcid,14
1.5,H3_m-Hydroxy_Phenyl_AceticAcid,20
1.75,H3_m-Hydroxy_Phenyl_AceticAcid,23
2.0,H3_m-Hydroxy_Phenyl_AceticAcid,22
2.25,H3_m-Hydroxy_Phenyl_AceticAcid,15
2.5,H3_m-Hydroxy_Phenyl_AceticAcid,21
2.75,H3_m-Hydroxy_Phenyl_AceticAcid,25
3.0,H3_m-Hydroxy_Phenyl_AceticAcid,18
3.25,H3_m-Hydroxy_Phenyl_AceticAcid,25
3.5,H3_m-Hydroxy_Phenyl_AceticAcid,20
3.75,H3_m-Hydroxy_Phenyl_AceticAcid,31
4.0,H3_m-Hydroxy_Phenyl_AceticAcid,23
4.25,H3_m-Hydroxy_Phenyl_AceticAcid,27
4.5,H3_m-Hydroxy_Phenyl_AceticAcid,25
4.75,H3_m-Hydroxy_Phenyl_AceticAcid,30
5.0,H3_m-Hydroxy_Phenyl_AceticAcid,32
5.25,H3_m-Hydroxy_Phenyl_AceticAcid,34
5.5,H3_m-Hydroxy_Phenyl_AceticAcid,30
5.75,H3_m-Hydroxy_Phenyl_AceticAcid,33
6.0,H3_m-Hydroxy_Phenyl_AceticAcid,32
6.25,H3_m-Hydroxy_Phenyl_AceticAcid,32
6.5,H3_m-Hydroxy_Phenyl_AceticAcid,37
6.75,H3_m-Hydroxy_Phenyl_AceticAcid,37
7.0,H3_m-Hydroxy_Phenyl_AceticAcid,38
7.25,H3_m-Hydroxy_Phenyl_AceticAcid,41
7.5,H3_m-Hydroxy_Phenyl_AceticAcid,40
7.75,H3_m-Hydroxy_Phenyl_AceticAcid,42
8.0,H3_m-Hydroxy_Phenyl_AceticAcid,47
8.25,H3_m-Hydroxy_Phenyl_AceticAcid,42
8.5,H3_m-Hydroxy_Phenyl_AceticAcid,47
8.75,H3_m-Hydroxy_Phenyl_AceticAcid,46
9.0,H3_m-Hydroxy_Phenyl_AceticAcid,44
9.25,H3_m-Hydroxy_Phenyl_AceticAcid,42
9.5,H3_m-Hydroxy_Phenyl_AceticAcid,45
9.75,H3_m-Hydroxy_Phenyl_AceticAcid,45
10.0,H3_m-Hydroxy_Phenyl_AceticAcid,47
10.25,H3_m-Hydroxy_Phenyl_AceticAcid,52
10.5,H3_m-Hydroxy_Phenyl_AceticAcid,54
10.75,H3_m-Hydroxy_Phenyl_AceticAcid,54
11.0,H3_m-Hydroxy_Phenyl_AceticAcid,56
11.25,H3_m-Hydroxy_Phenyl_AceticAcid,55
11.5,H3_m-Hydroxy_Phenyl_AceticAcid,58
11.75,H3_m-Hydroxy_Phenyl_AceticAcid,64
12.0,H3_m-Hydroxy_Phenyl_AceticAcid,62
12.25,H3_m-Hydroxy_Phenyl_AceticAcid,66
12.5,H3_m-Hydroxy_Phenyl_AceticAcid,73
12.75,H3_m-Hydroxy_Phenyl_AceticAcid,69
13.0,H3_m-Hydroxy_Phenyl_AceticAcid,71
13.25,H3_m-Hydroxy_Phenyl_AceticAcid,75
13.5,H3_m-Hydroxy_Phenyl_AceticAcid,81
13.75,H3_m-Hydroxy_Phenyl_AceticAcid,77
14.0,H3_m-Hydroxy_Phenyl_AceticAcid,77
14.25,H3_m-Hydroxy_Phenyl_AceticAcid,80
14.5,H3_m-Hydroxy_Phenyl_AceticAcid,83
14.75,H3_m-Hydroxy_Phenyl_AceticAcid,89
15.0,H3_m-Hydroxy_Phenyl_AceticAcid,85
15.25,H3_m-Hydroxy_Phenyl_AceticAcid,86
15.5,H3_m-Hydroxy_Phenyl_AceticAcid,88
15.75,H3_m-Hydroxy_Phenyl_AceticAcid,88
16.0,H3_m-Hydroxy_Phenyl_AceticAcid,96
16.25,H3_m-Hydroxy_Phenyl_AceticAcid,100
16.5,H3_m-Hydroxy_Phenyl_AceticAcid,97
16.75,H3_m-Hydroxy_Phenyl_AceticAcid,97
17.0,H3_m-Hydroxy_Phenyl_AceticAcid,99
17.25,H3_m-Hydroxy_Phenyl_AceticAcid,98
17.5,H3_m-Hydroxy_Phenyl_AceticAcid,92
17.75,H3_m-Hydroxy_Phenyl_AceticAcid,96
18.0,H3_m-Hydroxy_Phenyl_AceticAcid,101
18.25,H3_m-Hydroxy_Phenyl_AceticAcid,107
18.5,H3_m-Hydroxy_Phenyl_AceticAcid,108
18.75,H3_m-Hydroxy_Phenyl_AceticAcid,108
19.0,H3_m-Hydroxy_Phenyl_AceticAcid,108
19.25,H3_m-Hydroxy_Phenyl_AceticAcid,111
19.5,H3_m-Hydroxy_Phenyl_AceticAcid,106
19.75,H3_m-Hydroxy_Phenyl_AceticAcid,114
20.0,H3_m-Hydroxy_Phenyl_AceticAcid,113
20.25,H3_m-Hydroxy_Phenyl_AceticAcid,114
20.5,H3_m-Hydroxy_Phenyl_AceticAcid,114
20.75,H3_m-Hydroxy_Phenyl_AceticAcid,119
21.0,H3_m-Hydroxy_Phenyl_AceticAcid,122
21.25,H3_m-Hydroxy_Phenyl_AceticAcid,115
21.5,H3_m-Hydroxy_Phenyl_AceticAcid,117
21.75,H3_m-Hydroxy_Phenyl_AceticAcid,120
22.0,H3_m-Hydroxy_Phenyl_AceticAcid,119
22.25,H3_m-Hydroxy_Phenyl_AceticAcid,120
22.5,H3_m-Hydroxy_Phenyl_AceticAcid,128
22.75,H3_m-Hydroxy_Phenyl_AceticAcid,123
23.0,H3_m-Hydroxy_Phenyl_AceticAcid,119
23.25,H3_m-Hydroxy_Phenyl_AceticAcid,127
23.5,H3_m-Hydroxy_Phenyl_AceticAcid,124
23.75,H3_m-Hydroxy_Phenyl_AceticAcid,125
24.0,H3_m-Hydroxy_Phenyl_AceticAcid,125
24.25,H3_m-Hydroxy_Phenyl_AceticAcid,124
24.5,H3_m-Hydroxy_Phenyl_AceticAcid,127
24.75,H3_m-Hydroxy_Phenyl_AceticAcid,123
25.0,H3_m-Hydroxy_Phenyl_AceticAcid,128
25.25,H3_m-Hydroxy_Phenyl_AceticAcid,129
25.5,H3_m-Hydroxy_Phenyl_AceticAcid,132
25.75,H3_m-Hydroxy_Phenyl_AceticAcid,129
26.0,H3_m-Hydroxy_Phenyl_AceticAcid,130
26.25,H3_m-Hydroxy_Phenyl_AceticAcid,130
26.5,H3_m-Hydroxy_Phenyl_AceticAcid,131
26.75,H3_m-Hydroxy_Phenyl_AceticAcid,133
27.0,H3_m-Hydroxy_Phenyl_AceticAcid,136
27.25,H3_m-Hydroxy_Phenyl_AceticAcid,137
27.5,H3_m-Hydroxy_Phenyl_AceticAcid,131
27.75,H3_m-Hydroxy_Phenyl_AceticAcid,136
28.0,H3_m-Hydroxy_Phenyl_AceticAcid,134
28.25,H3_m-Hydroxy_Phenyl_AceticAcid,142
28.5,H3_m-Hydroxy_Phenyl_AceticAcid,144
28.75,H3_m-Hydroxy_Phenyl_AceticAcid,136
29.0,H3_m-Hydroxy_Phenyl_AceticAcid,141
29.25,H3_m-Hydroxy_Phenyl_AceticAcid,136
29.5,H3_m-Hydroxy_Phenyl_AceticAcid,143
29.75,H3_m-Hydroxy_Phenyl_AceticAcid,139
30.0,H3_m-Hydroxy_Phenyl_AceticAcid,144
30.25,H3_m-Hydroxy_Phenyl_AceticAcid,140
30.5,H3_m-Hydroxy_Phenyl_AceticAcid,140
30.75,H3_m-Hydroxy_Phenyl_AceticAcid,138
31.0,H3_m-Hydroxy_Phenyl_AceticAcid,137
31.25,H3_m-Hydroxy_Phenyl_AceticAcid,139
31.5,H3_m-Hydroxy_Phenyl_AceticAcid,142
31.75,H3_m-Hydroxy_Phenyl_AceticAcid,144
32.0,H3_m-Hydroxy_Phenyl_AceticAcid,143
32.25,H3_m-Hydroxy_Phenyl_AceticAcid,146
32.5,H3_m-Hydroxy_Phenyl_AceticAcid,137
32.75,H3_m-Hydroxy_Phenyl_AceticAcid,145
33.0,H3_m-Hydroxy_Phenyl_AceticAcid,137
33.25,H3_m-Hydroxy_Phenyl_AceticAcid,147
33.5,H3_m-Hydroxy_Phenyl_AceticAcid,144
33.75,H3_m-Hydroxy_Phenyl_AceticAcid,143
34.0,H3_m-Hydroxy_Phenyl_AceticAcid,146
34.25,H3_m-Hydroxy_Phenyl_AceticAcid,146
34.5,H3_m-Hydroxy_Phenyl_AceticAcid,142
34.75,H3_m-Hydroxy_Phenyl_AceticAcid,148
35.0,H3_m-Hydroxy_Phenyl_AceticAcid,148
35.25,H3_m-Hydroxy_Phenyl_AceticAcid,140
35.5,H3_m-Hydroxy_Phenyl_AceticAcid,145
35.75,H3_m-Hydroxy_Phenyl_AceticAcid,148
36.0,H3_m-Hydroxy_Phenyl_AceticAcid,148
36.25,H3_m-Hydroxy_Phenyl_AceticAcid,142
36.5,H3_m-Hydroxy_Phenyl_AceticAcid,146
36.75,H3_m-Hydroxy_Phenyl_AceticAcid,149
37.0,H3_m-Hydroxy_Phenyl_AceticAcid,146
37.25,H3_m-Hydroxy_Phenyl_AceticAcid,150
37.5,H3_m-Hydroxy_Phenyl_AceticAcid,146
37.75,H3_m-Hydroxy_Phenyl_AceticAcid,149
38.0,H3_m-Hydroxy_Phenyl_AceticAcid,150
38.25,H3_m-Hydroxy_Phenyl_AceticAcid,150
38.5,H3_m-Hydroxy_Phenyl_AceticAcid,147
38.75,H3_m-Hydroxy_Phenyl_AceticAcid,154
39.0,H3_m-Hydroxy_Phenyl_AceticAcid,149
39.25,H3_m-Hydroxy_Phenyl_AceticAcid,150
39.5,H3_m-Hydroxy_Phenyl_AceticAcid,149
39.75,H3_m-Hydroxy_Phenyl_AceticAcid,152
40.0,H3_m-Hydroxy_Phenyl_AceticAcid,147
40.25,H3_m-Hydroxy_Phenyl_AceticAcid,149
40.5,H3_m-Hydroxy_Phenyl_AceticAcid,152
40.75,H3_m-Hydroxy_Phenyl_AceticAcid,153
41.0,H3_m-Hydroxy_Phenyl_AceticAcid,148
41.25,H3_m-Hydroxy_Phenyl_AceticAcid,146
41.5,H3_m-Hydroxy_Phenyl_AceticAcid,159
41.75,H3_m-Hydroxy_Phenyl_AceticAcid,149
42.0,H3_m-Hydroxy_Phenyl_AceticAcid,156
42.25,H3_m-Hydroxy_Phenyl_AceticAcid,152
42.5,H3_m-Hydroxy_Phenyl_AceticAcid,160
42.75,H3_m-Hydroxy_Phenyl_AceticAcid,150
43.0,H3_m-Hydroxy_Phenyl_AceticAcid,159
43.25,H3_m-Hydroxy_Phenyl_AceticAcid,155
43.5,H3_m-Hydroxy_Phenyl_AceticAcid,157
43.75,H3_m-Hydroxy_Phenyl_AceticAcid,155
44.0,H3_m-Hydroxy_Phenyl_AceticAcid,158
44.25,H3_m-Hydroxy_Phenyl_AceticAcid,153
44.5,H3_m-Hydroxy_Phenyl_AceticAcid,156
44.75,H3_m-Hydroxy_Phenyl_AceticAcid,158
45.0,H3_m-Hydroxy_Phenyl_AceticAcid,160
45.25,H3_m-Hydroxy_Phenyl_AceticAcid,160
45.5,H3_m-Hydroxy_Phenyl_AceticAcid,161
45.75,H3_m-Hydroxy_Phenyl_AceticAcid,154
46.0,H3_m-Hydroxy_Phenyl_AceticAcid,160
46.25,H3_m-Hydroxy_Phenyl_AceticAcid,157
46.5,H3_m-Hydroxy_Phenyl_AceticAcid,155
46.75,H3_m-Hydroxy_Phenyl_AceticAcid,163
47.0,H3_m-Hydroxy_Phenyl_AceticAcid,159
47.25,H3_m-Hydroxy_Phenyl_AceticAcid,155
47.5,H3_m-Hydroxy_Phenyl_AceticAcid,0
0.0,H4_Tyramine,43
0.25,H4_Tyramine,16
0.5,H4_Tyramine,19
0.75,H4_Tyramine,17
1.0,H4_Tyramine,13
1.25,H4_Tyramine,14
1.5,H4_Tyramine,18
1.75,H4_Tyramine,18
2.0,H4_Tyramine,19
2.25,H4_Tyramine,15
2.5,H4_Tyramine,18
2.75,H4_Tyramine,16
3.0,H4_Tyramine,17
3.25,H4_Tyramine,22
3.5,H4_Tyramine,19
3.75,H4_Tyramine,21
4.0,H4_Tyramine,24
4.25,H4_Tyramine,25
4.5,H4_Tyramine,21
4.75,H4_Tyramine,20
5.0,H4_Tyramine,27
5.25,H4_Tyramine,27
5.5,H4_Tyramine,24
5.75,H4_Tyramine,32
6.0,H4_Tyramine,30
6.25,H4_Tyramine,32
6.5,H4_Tyramine,27
6.75,H4_Tyramine,31
7.0,H4_Tyramine,34
7.25,H4_Tyramine,37
7.5,H4_Tyramine,36
7.75,H4_Tyramine,37
8.0,H4_Tyramine,34
8.25,H4_Tyramine,37
8.5,H4_Tyramine,34
8.75,H4_Tyramine,39
9.0,H4_Tyramine,41
9.25,H4_Tyramine,40
9.5,H4_Tyramine,35
9.75,H4_Tyramine,42
10.0,H4_Tyramine,40
10.25,H4_Tyramine,36
10.5,H4_Tyramine,38
10.75,H4_Tyramine,43
11.0,H4_Tyramine,40
11.25,H4_Tyramine,42
11.5,H4_Tyramine,40
11.75,H4_Tyramine,40
12.0,H4_Tyramine,41
12.25,H4_Tyramine,35
12.5,H4_Tyramine,40
12.75,H4_Tyramine,42
13.0,H4_Tyramine,40
13.25,H4_Tyramine,39
13.5,H4_Tyramine,43
13.75,H4_Tyramine,42
14.0,H4_Tyramine,34
14.25,H4_Tyramine,39
14.5,H4_Tyramine,43
14.75,H4_Tyramine,44
15.0,H4_Tyramine,40
15.25,H4_Tyramine,38
15.5,H4_Tyramine,40
15.75,H4_Tyramine,42
16.0,H4_Tyramine,40
16.25,H4_Tyramine,43
16.5,H4_Tyramine,40
16.75,H4_Tyramine,43
17.0,H4_Tyramine,43
17.25,H4_Tyramine,44
17.5,H4_Tyramine,42
17.75,H4_Tyramine,41
18.0,H4_Tyramine,42
18.25,H4_Tyramine,46
18.5,H4_Tyramine,45
18.75,H4_Tyramine,46
19.0,H4_Tyramine,42
19.25,H4_Tyramine,42
19.5,H4_Tyramine,47
19.75,H4_Tyramine,45
20.0,H4_Tyramine,44
20.25,H4_Tyramine,37
20.5,H4_Tyramine,42
20.75,H4_Tyramine,45
21.0,H4_Tyramine,45
21.25,H4_Tyramine,45
21.5,H4_Tyramine,45
21.75,H4_Tyramine,46
22.0,H4_Tyramine,44
22.25,H4_Tyramine,52
22.5,H4_Tyramine,47
22.75,H4_Tyramine,45
23.0,H4_Tyramine,49
23.25,H4_Tyramine,45
23.5,H4_Tyramine,46
23.75,H4_Tyramine,46
24.0,H4_Tyramine,50
24.25,H4_Tyramine,46
24.5,H4_Tyramine,44
24.75,H4_Tyramine,43
25.0,H4_Tyramine,48
25.25,H4_Tyramine,44
25.5,H4_Tyramine,50
25.75,H4_Tyramine,47
26.0,H4_Tyramine,44
26.25,H4_Tyramine,47
26.5,H4_Tyramine,43
26.75,H4_Tyramine,52
27.0,H4_Tyramine,49
27.25,H4_Tyramine,52
27.5,H4_Tyramine,51
27.75,H4_Tyramine,49
28.0,H4_Tyramine,50
28.25,H4_Tyramine,49
28.5,H4_Tyramine,45
28.75,H4_Tyramine,50
29.0,H4_Tyramine,44
29.25,H4_Tyramine,46
29.5,H4_Tyramine,54
29.75,H4_Tyramine,51
30.0,H4_Tyramine,52
30.25,H4_Tyramine,46
30.5,H4_Tyramine,49
30.75,H4_Tyramine,46
31.0,H4_Tyramine,48
31.25,H4_Tyramine,49
31.5,H4_Tyramine,48
31.75,H4_Tyramine,52
32.0,H4_Tyramine,49
32.25,H4_Tyramine,47
32.5,H4_Tyramine,44
32.75,H4_Tyramine,49
33.0,H4_Tyramine,46
33.25,H4_Tyramine,49
33.5,H4_Tyramine,48
33.75,H4_Tyramine,50
34.0,H4_Tyramine,47
34.25,H4_Tyramine,51
34.5,H4_Tyramine,47
34.75,H4_Tyramine,49
35.0,H4_Tyramine,51
35.25,H4_Tyramine,44
35.5,H4_Tyramine,46
35.75,H4_Tyramine,52
36.0,H4_Tyramine,47
36.25,H4_Tyramine,44
36.5,H4_Tyramine,44
36.75,H4_Tyramine,48
37.0,H4_Tyramine,45
37.25,H4_Tyramine,46
37.5,H4_Tyramine,46
37.75,H4_Tyramine,48
38.0,H4_Tyramine,48
38.25,H4_Tyramine,49
38.5,H4_Tyramine,41
38.75,H4_Tyramine,46
39.0,H4_Tyramine,44
39.25,H4_Tyramine,52
39.5,H4_Tyramine,47
39.75,H4_Tyramine,44
40.0,H4_Tyramine,39
40.25,H4_Tyramine,44
40.5,H4_Tyramine,44
40.75,H4_Tyramine,48
41.0,H4_Tyramine,51
41.25,H4_Tyramine,46
41.5,H4_Tyramine,47
41.75,H4_Tyramine,51
42.0,H4_Tyramine,55
42.25,H4_Tyramine,52
42.5,H4_Tyramine,55
42.75,H4_Tyramine,44
43.0,H4_Tyramine,50
43.25,H4_Tyramine,42
43.5,H4_Tyramine,51
43.75,H4_Tyramine,52
44.0,H4_Tyramine,51
44.25,H4_Tyramine,49
44.5,H4_Tyramine,47
44.75,H4_Tyramine,51
45.0,H4_Tyramine,52
45.25,H4_Tyramine,51
45.5,H4_Tyramine,48
45.75,H4_Tyramine,45
46.0,H4_Tyramine,54
46.25,H4_Tyramine,47
46.5,H4_Tyramine,45
46.75,H4_Tyramine,48
47.0,H4_Tyramine,47
47.25,H4_Tyramine,45
47.5,H4_Tyramine,0
0.0,H5_D-Psicose,45
0.25,H5_D-Psicose,24
0.5,H5_D-Psicose,35
0.75,H5_D-Psicose,32
1.0,H5_D-Psicose,35
1.25,H5_D-Psicose,30
1.5,H5_D-Psicose,34
1.75,H5_D-Psicose,40
2.0,H5_D-Psicose,36
2.25,H5_D-Psicose,35
2.5,H5_D-Psicose,33
2.75,H5_D-Psicose,34
3.0,H5_D-Psicose,31
3.25,H5_D-Psicose,35
3.5,H5_D-Psicose,31
3.75,H5_D-Psicose,34
4.0,H5_D-Psicose,28
4.25,H5_D-Psicose,32
4.5,H5_D-Psicose,30
4.75,H5_D-Psicose,38
5.0,H5_D-Psicose,34
5.25,H5_D-Psicose,35
5.5,H5_D-Psicose,34
5.75,H5_D-Psicose,31
6.0,H5_D-Psicose,36
6.25,H5_D-Psicose,35
6.5,H5_D-Psicose,30
6.75,H5_D-Psicose,40
7.0,H5_D-Psicose,40
7.25,H5_D-Psicose,38
7.5,H5_D-Psicose,41
7.75,H5_D-Psicose,42
8.0,H5_D-Psicose,44
8.25,H5_D-Psicose,41
8.5,H5_D-Psicose,49
8.75,H5_D-Psicose,46
9.0,H5_D-Psicose,54
9.25,H5_D-Psicose,51
9.5,H5_D-Psicose,52
9.75,H5_D-Psicose,58
10.0,H5_D-Psicose,57
10.25,H5_D-Psicose,60
10.5,H5_D-Psicose,58
10.75,H5_D-Psicose,64
11.0,H5_D-Psicose,62
11.25,H5_D-Psicose,59
11.5,H5_D-Psicose,63
11.75,H5_D-Psicose,60
12.0,H5_D-Psicose,59
12.25,H5_D-Psicose,65
12.5,H5_D-Psicose,56
12.75,H5_D-Psicose,63
13.0,H5_D-Psicose,64
13.25,H5_D-Psicose,65
13.5,H5_D-Psicose,60
13.75,H5_D-Psicose,67
14.0,H5_D-Psicose,67
14.25,H5_D-Psicose,63
14.5,H5_D-Psicose,66
14.75,H5_D-Psicose,67
15.0,H5_D-Psicose,67
15.25,H5_D-Psicose,70
15.5,H5_D-Psicose,67
15.75,H5_D-Psicose,70
16.0,H5_D-Psicose,68
16.25,H5_D-Psicose,68
16.5,H5_D-Psicose,67
16.75,H5_D-Psicose,75
17.0,H5_D-Psicose,72
17.25,H5_D-Psicose,74
17.5,H5_D-Psicose,73
17.75,H5_D-Psicose,75
18.0,H5_D-Psicose,72
18.25,H5_D-Psicose,70
18.5,H5_D-Psicose,73
18.75,H5_D-Psicose,72
19.0,H5_D-Psicose,71
19.25,H5_D-Psicose,70
19.5,H5_D-Psicose,70
19.75,H5_D-Psicose,73
20.0,H5_D-Psicose,73
20.25,H5_D-Psicose,73
20.5,H5_D-Psicose,72
20.75,H5_D-Psicose,75
21.0,H5_D-Psicose,66
21.25,H5_D-Psicose,65
21.5,H5_D-Psicose,73
21.75,H5_D-Psicose,68
22.0,H5_D-Psicose,73
22.25,H5_D-Psicose,72
22.5,H5_D-Psicose,72
22.75,H5_D-Psicose,70
23.0,H5_D-Psicose,77
23.25,H5_D-Psicose,72
23.5,H5_D-Psicose,75
23.75,H5_D-Psicose,73
24.0,H5_D-Psicose,65
24.25,H5_D-Psicose,74
24.5,H5_D-Psicose,75
24.75,H5_D-Psicose,75
25.0,H5_D-Psicose,72
25.25,H5_D-Psicose,73
25.5,H5_D-Psicose,75
25.75,H5_D-Psicose,72
26.0,H5_D-Psicose,72
26.25,H5_D-Psicose,72
26.5,H5_D-Psicose,73
26.75,H5_D-Psicose,75
27.0,H5_D-Psicose,76
27.25,H5_D-Psicose,78
27.5,H5_D-Psicose,80
27.75,H5_D-Psicose,72
28.0,H5_D-Psicose,77
28.25,H5_D-Psicose,73
28.5,H5_D-Psicose,70
28.75,H5_D-Psicose,74
29.0,H5_D-Psicose,78
29.25,H5_D-Psicose,72
29.5,H5_D-Psicose,76
29.75,H5_D-Psicose,76
30.0,H5_D-Psicose,75
30.25,H5_D-Psicose,77
30.5,H5_D-Psicose,78
30.75,H5_D-Psicose,72
31.0,H5_D-Psicose,73
31.25,H5_D-Psicose,73
31.5,H5_D-Psicose,73
31.75,H5_D-Psicose,71
32.0,H5_D-Psicose,75
32.25,H5_D-Psicose,70
32.5,H5_D-Psicose,73
32.75,H5_D-Psicose,75
33.0,H5_D-Psicose,78
33.25,H5_D-Psicose,68
33.5,H5_D-Psicose,78
33.75,H5_D-Psicose,74
34.0,H5_D-Psicose,72
34.25,H5_D-Psicose,69
34.5,H5_D-Psicose,75
34.75,H5_D-Psicose,72
35.0,H5_D-Psicose,70
35.25,H5_D-Psicose,71
35.5,H5_D-Psicose,76
35.75,H5_D-Psicose,74
36.0,H5_D-Psicose,77
36.25,H5_D-Psicose,72
36.5,H5_D-Psicose,75
36.75,H5_D-Psicose,76
37.0,H5_D-Psicose,77
37.25,H5_D-Psicose,75
37.5,H5_D-Psicose,72
37.75,H5_D-Psicose,77
38.0,H5_D-Psicose,70
38.25,H5_D-Psicose,70
38.5,H5_D-Psicose,73
38.75,H5_D-Psicose,74
39.0,H5_D-Psicose,72
39.25,H5_D-Psicose,76
39.5,H5_D-Psicose,74
39.75,H5_D-Psicose,68
40.0,H5_D-Psicose,74
40.25,H5_D-Psicose,72
40.5,H5_D-Psicose,75
40.75,H5_D-Psicose,70
41.0,H5_D-Psicose,78
41.25,H5_D-Psicose,69
41.5,H5_D-Psicose,73
41.75,H5_D-Psicose,75
42.0,H5_D-Psicose,71
42.25,H5_D-Psicose,71
42.5,H5_D-Psicose,75
42.75,H5_D-Psicose,69
43.0,H5_D-Psicose,77
43.25,H5_D-Psicose,76
43.5,H5_D-Psicose,71
43.75,H5_D-Psicose,74
44.0,H5_D-Psicose,76
44.25,H5_D-Psicose,72
44.5,H5_D-Psicose,72
44.75,H5_D-Psicose,71
45.0,H5_D-Psicose,72
45.25,H5_D-Psicose,74
45.5,H5_D-Psicose,76
45.75,H5_D-Psicose,74
46.0,H5_D-Psicose,72
46.25,H5_D-Psicose,76
46.5,H5_D-Psicose,72
46.75,H5_D-Psicose,77
47.0,H5_D-Psicose,72
47.25,H5_D-Psicose,75
47.5,H5_D-Psicose,0
0.0,H6_L-Lyxose,113
0.25,H6_L-Lyxose,121
0.5,H6_L-Lyxose,125
0.75,H6_L-Lyxose,123
1.0,H6_L-Lyxose,123
1.25,H6_L-Lyxose,129
1.5,H6_L-Lyxose,130
1.75,H6_L-Lyxose,129
2.0,H6_L-Lyxose,132
2.25,H6_L-Lyxose,128
2.5,H6_L-Lyxose,132
2.75,H6_L-Lyxose,132
3.0,H6_L-Lyxose,132
3.25,H6_L-Lyxose,130
3.5,H6_L-Lyxose,133
3.75,H6_L-Lyxose,134
4.0,H6_L-Lyxose,132
4.25,H6_L-Lyxose,135
4.5,H6_L-Lyxose,136
4.75,H6_L-Lyxose,135
5.0,H6_L-Lyxose,139
5.25,H6_L-Lyxose,139
5.5,H6_L-Lyxose,135
5.75,H6_L-Lyxose,138
6.0,H6_L-Lyxose,141
6.25,H6_L-Lyxose,139
6.5,H6_L-Lyxose,140
6.75,H6_L-Lyxose,142
7.0,H6_L-Lyxose,145
7.25,H6_L-Lyxose,143
7.5,H6_L-Lyxose,143
7.75,H6_L-Lyxose,146
8.0,H6_L-Lyxose,143
8.25,H6_L-Lyxose,145
8.5,H6_L-Lyxose,145
8.75,H6_L-Lyxose,144
9.0,H6_L-Lyxose,147
9.25,H6_L-Lyxose,144
9.5,H6_L-Lyxose,144
9.75,H6_L-Lyxose,145
10.0,H6_L-Lyxose,143
10.25,H6_L-Lyxose,144
10.5,H6_L-Lyxose,146
10.75,H6_L-Lyxose,148
11.0,H6_L-Lyxose,146
11.25,H6_L-Lyxose,153
11.5,H6_L-Lyxose,147
11.75,H6_L-Lyxose,150
12.0,H6_L-Lyxose,152
12.25,H6_L-Lyxose,149
12.5,H6_L-Lyxose,150
12.75,H6_L-Lyxose,147
13.0,H6_L-Lyxose,148
13.25,H6_L-Lyxose,152
13.5,H6_L-Lyxose,151
13.75,H6_L-Lyxose,154
14.0,H6_L-Lyxose,150
14.25,H6_L-Lyxose,153
14.5,H6_L-Lyxose,154
14.75,H6_L-Lyxose,156
15.0,H6_L-Lyxose,154
15.25,H6_L-Lyxose,152
15.5,H6_L-Lyxose,156
15.75,H6_L-Lyxose,158
16.0,H6_L-Lyxose,155
16.25,H6_L-Lyxose,162
16.5,H6_L-Lyxose,157
16.75,H6_L-Lyxose,154
17.0,H6_L-Lyxose,159
17.25,H6_L-Lyxose,156
17.5,H6_L-Lyxose,162
17.75,H6_L-Lyxose,159
18.0,H6_L-Lyxose,161
18.25,H6_L-Lyxose,164
18.5,H6_L-Lyxose,164
18.75,H6_L-Lyxose,158
19.0,H6_L-Lyxose,161
19.25,H6_L-Lyxose,159
19.5,H6_L-Lyxose,159
19.75,H6_L-Lyxose,167
20.0,H6_L-Lyxose,164
20.25,H6_L-Lyxose,160
20.5,H6_L-Lyxose,166
20.75,H6_L-Lyxose,165
21.0,H6_L-Lyxose,165
21.25,H6_L-Lyxose,166
21.5,H6_L-Lyxose,165
21.75,H6_L-Lyxose,159
22.0,H6_L-Lyxose,163
22.25,H6_L-Lyxose,166
22.5,H6_L-Lyxose,164
22.75,H6_L-Lyxose,169
23.0,H6_L-Lyxose,164
23.25,H6_L-Lyxose,163
23.5,H6_L-Lyxose,163
23.75,H6_L-Lyxose,167
24.0,H6_L-Lyxose,162
24.25,H6_L-Lyxose,162
24.5,H6_L-Lyxose,168
24.75,H6_L-Lyxose,164
25.0,H6_L-Lyxose,170
25.25,H6_L-Lyxose,170
25.5,H6_L-Lyxose,165
25.75,H6_L-Lyxose,167
26.0,H6_L-Lyxose,167
26.25,H6_L-Lyxose,171
26.5,H6_L-Lyxose,164
26.75,H6_L-Lyxose,169
27.0,H6_L-Lyxose,169
27.25,H6_L-Lyxose,169
27.5,H6_L-Lyxose,168
27.75,H6_L-Lyxose,171
28.0,H6_L-Lyxose,170
28.25,H6_L-Lyxose,171
28.5,H6_L-Lyxose,169
28.75,H6_L-Lyxose,171
29.0,H6_L-Lyxose,175
29.25,H6_L-Lyxose,168
29.5,H6_L-Lyxose,170
29.75,H6_L-Lyxose,174
30.0,H6_L-Lyxose,171
30.25,H6_L-Lyxose,170
30.5,H6_L-Lyxose,175
30.75,H6_L-Lyxose,169
31.0,H6_L-Lyxose,170
31.25,H6_L-Lyxose,175
31.5,H6_L-Lyxose,173
31.75,H6_L-Lyxose,172
32.0,H6_L-Lyxose,172
32.25,H6_L-Lyxose,173
32.5,H6_L-Lyxose,170
32.75,H6_L-Lyxose,172
33.0,H6_L-Lyxose,173
33.25,H6_L-Lyxose,170
33.5,H6_L-Lyxose,173
33.75,H6_L-Lyxose,169
34.0,H6_L-Lyxose,173
34.25,H6_L-Lyxose,172
34.5,H6_L-Lyxose,175
34.75,H6_L-Lyxose,172
35.0,H6_L-Lyxose,175
35.25,H6_L-Lyxose,172
35.5,H6_L-Lyxose,175
35.75,H6_L-Lyxose,174
36.0,H6_L-Lyxose,171
36.25,H6_L-Lyxose,172
36.5,H6_L-Lyxose,171
36.75,H6_L-Lyxose,173
37.0,H6_L-Lyxose,171
37.25,H6_L-Lyxose,172
37.5,H6_L-Lyxose,172
37.75,H6_L-Lyxose,173
38.0,H6_L-Lyxose,171
38.25,H6_L-Lyxose,174
38.5,H6_L-Lyxose,170
38.75,H6_L-Lyxose,175
39.0,H6_L-Lyxose,174
39.25,H6_L-Lyxose,177
39.5,H6_L-Lyxose,174
39.75,H6_L-Lyxose,174
40.0,H6_L-Lyxose,170
40.25,H6_L-Lyxose,176
40.5,H6_L-Lyxose,173
40.75,H6_L-Lyxose,175
41.0,H6_L-Lyxose,174
41.25,H6_L-Lyxose,172
41.5,H6_L-Lyxose,171
41.75,H6_L-Lyxose,176
42.0,H6_L-Lyxose,176
42.25,H6_L-Lyxose,175
42.5,H6_L-Lyxose,178
42.75,H6_L-Lyxose,177
43.0,H6_L-Lyxose,181
43.25,H6_L-Lyxose,173
43.5,H6_L-Lyxose,176
43.75,H6_L-Lyxose,176
44.0,H6_L-Lyxose,181
44.25,H6_L-Lyxose,175
44.5,H6_L-Lyxose,176
44.75,H6_L-Lyxose,178
45.0,H6_L-Lyxose,177
45.25,H6_L-Lyxose,179
45.5,H6_L-Lyxose,178
45.75,H6_L-Lyxose,180
46.0,H6_L-Lyxose,179
46.25,H6_L-Lyxose,174
46.5,H6_L-Lyxose,172
46.75,H6_L-Lyxose,179
47.0,H6_L-Lyxose,177
47.25,H6_L-Lyxose,176
47.5,H6_L-Lyxose,0
0.0,H7_Glucuronamide,22
0.25,H7_Glucuronamide,17
0.5,H7_Glucuronamide,14
0.75,H7_Glucuronamide,20
1.0,H7_Glucuronamide,22
1.25,H7_Glucuronamide,17
1.5,H7_Glucuronamide,22
1.75,H7_Glucuronamide,19
2.0,H7_Glucuronamide,20
2.25,H7_Glucuronamide,20
2.5,H7_Glucuronamide,22
2.75,H7_Glucuronamide,20
3.0,H7_Glucuronamide,25
3.25,H7_Glucuronamide,24
3.5,H7_Glucuronamide,20
3.75,H7_Glucuronamide,26
4.0,H7_Glucuronamide,22
4.25,H7_Glucuronamide,27
4.5,H7_Glucuronamide,21
4.75,H7_Glucuronamide,21
5.0,H7_Glucuronamide,30
5.25,H7_Glucuronamide,29
5.5,H7_Glucuronamide,24
5.75,H7_Glucuronamide,31
6.0,H7_Glucuronamide,28
6.25,H7_Glucuronamide,32
6.5,H7_Glucuronamide,32
6.75,H7_Glucuronamide,34
7.0,H7_Glucuronamide,41
7.25,H7_Glucuronamide,37
7.5,H7_Glucuronamide,37
7.75,H7_Glucuronamide,38
8.0,H7_Glucuronamide,38
8.25,H7_Glucuronamide,42
8.5,H7_Glucuronamide,38
8.75,H7_Glucuronamide,40
9.0,H7_Glucuronamide,41
9.25,H7_Glucuronamide,36
9.5,H7_Glucuronamide,40
9.75,H7_Glucuronamide,41
10.0,H7_Glucuronamide,40
10.25,H7_Glucuronamide,41
10.5,H7_Glucuronamide,39
10.75,H7_Glucuronamide,46
11.0,H7_Glucuronamide,45
11.25,H7_Glucuronamide,45
11.5,H7_Glucuronamide,44
11.75,H7_Glucuronamide,45
12.0,H7_Glucuronamide,43
12.25,H7_Glucuronamide,46
12.5,H7_Glucuronamide,41
12.75,H7_Glucuronamide,44
13.0,H7_Glucuronamide,45
13.25,H7_Glucuronamide,42
13.5,H7_Glucuronamide,43
13.75,H7_Glucuronamide,43
14.0,H7_Glucuronamide,40
14.25,H7_Glucuronamide,43
14.5,H7_Glucuronamide,44
14.75,H7_Glucuronamide,44
15.0,H7_Glucuronamide,41
15.25,H7_Glucuronamide,50
15.5,H7_Glucuronamide,52
15.75,H7_Glucuronamide,52
16.0,H7_Glucuronamide,47
16.25,H7_Glucuronamide,42
16.5,H7_Glucuronamide,46
16.75,H7_Glucuronamide,47
17.0,H7_Glucuronamide,49
17.25,H7_Glucuronamide,48
17.5,H7_Glucuronamide,46
17.75,H7_Glucuronamide,45
18.0,H7_Glucuronamide,50
18.25,H7_Glucuronamide,47
18.5,H7_Glucuronamide,50
18.75,H7_Glucuronamide,49
19.0,H7_Glucuronamide,49
19.25,H7_Glucuronamide,49
19.5,H7_Glucuronamide,43
19.75,H7_Glucuronamide,45
20.0,H7_Glucuronamide,47
20.25,H7_Glucuronamide,45
20.5,H7_Glucuronamide,49
20.75,H7_Glucuronamide,52
21.0,H7_Glucuronamide,47
21.25,H7_Glucuronamide,46
21.5,H7_Glucuronamide,47
21.75,H7_Glucuronamide,47
22.0,H7_Glucuronamide,49
22.25,H7_Glucuronamide,47
22.5,H7_Glucuronamide,47
22.75,H7_Glucuronamide,47
23.0,H7_Glucuronamide,48
23.25,H7_Glucuronamide,48
23.5,H7_Glucuronamide,49
23.75,H7_Glucuronamide,53
24.0,H7_Glucuronamide,47
24.25,H7_Glucuronamide,51
24.5,H7_Glucuronamide,51
24.75,H7_Glucuronamide,48
25.0,H7_Glucuronamide,52
25.25,H7_Glucuronamide,52
25.5,H7_Glucuronamide,47
25.75,H7_Glucuronamide,50
26.0,H7_Glucuronamide,48
26.25,H7_Glucuronamide,52
26.5,H7_Glucuronamide,49
26.75,H7_Glucuronamide,55
27.0,H7_Glucuronamide,53
27.25,H7_Glucuronamide,54
27.5,H7_Glucuronamide,53
27.75,H7_Glucuronamide,52
28.0,H7_Glucuronamide,54
28.25,H7_Glucuronamide,55
28.5,H7_Glucuronamide,56
28.75,H7_Glucuronamide,53
29.0,H7_Glucuronamide,56
29.25,H7_Glucuronamide,54
29.5,H7_Glucuronamide,56
29.75,H7_Glucuronamide,56
30.0,H7_Glucuronamide,58
30.25,H7_Glucuronamide,54
30.5,H7_Glucuronamide,54
30.75,H7_Glucuronamide,57
31.0,H7_Glucuronamide,56
31.25,H7_Glucuronamide,53
31.5,H7_Glucuronamide,56
31.75,H7_Glucuronamide,55
32.0,H7_Glucuronamide,56
32.25,H7_Glucuronamide,53
32.5,H7_Glucuronamide,51
32.75,H7_Glucuronamide,57
33.0,H7_Glucuronamide,53
33.25,H7_Glucuronamide,54
33.5,H7_Glucuronamide,59
33.75,H7_Glucuronamide,57
34.0,H7_Glucuronamide,57
34.25,H7_Glucuronamide,54
34.5,H7_Glucuronamide,56
34.75,H7_Glucuronamide,56
35.0,H7_Glucuronamide,56
35.25,H7_Glucuronamide,56
35.5,H7_Glucuronamide,58
35.75,H7_Glucuronamide,54
36.0,H7_Glucuronamide,53
36.25,H7_Glucuronamide,56
36.5,H7_Glucuronamide,60
36.75,H7_Glucuronamide,55
37.0,H7_Glucuronamide,59
37.25,H7_Glucuronamide,58
37.5,H7_Glucuronamide,57
37.75,H7_Glucuronamide,61
38.0,H7_Glucuronamide,58
38.25,H7_Glucuronamide,60
38.5,H7_Glucuronamide,58
38.75,H7_Glucuronamide,55
39.0,H7_Glucuronamide,56
39.25,H7_Glucuronamide,59
39.5,H7_Glucuronamide,55
39.75,H7_Glucuronamide,60
40.0,H7_Glucuronamide,58
40.25,H7_Glucuronamide,60
40.5,H7_Glucuronamide,59
40.75,H7_Glucuronamide,57
41.0,H7_Glucuronamide,58
41.25,H7_Glucuronamide,61
41.5,H7_Glucuronamide,61
41.75,H7_Glucuronamide,56
42.0,H7_Glucuronamide,61
42.25,H7_Glucuronamide,59
42.5,H7_Glucuronamide,60
42.75,H7_Glucuronamide,62
43.0,H7_Glucuronamide,65
43.25,H7_Glucuronamide,61
43.5,H7_Glucuronamide,62
43.75,H7_Glucuronamide,56
44.0,H7_Glucuronamide,63
44.25,H7_Glucuronamide,60
44.5,H7_Glucuronamide,59
44.75,H7_Glucuronamide,61
45.0,H7_Glucuronamide,61
45.25,H7_Glucuronamide,62
45.5,H7_Glucuronamide,64
45.75,H7_Glucuronamide,62
46.0,H7_Glucuronamide,57
46.25,H7_Glucuronamide,66
46.5,H7_Glucuronamide,65
46.75,H7_Glucuronamide,61
47.0,H7_Glucuronamide,60
47.25,H7_Glucuronamide,65
47.5,H7_Glucuronamide,0
0.0,H8_Pyruvic_Acid,24
0.25,H8_Pyruvic_Acid,17
0.5,H8_Pyruvic_Acid,22
0.75,H8_Pyruvic_Acid,20
1.0,H8_Pyruvic_Acid,17
1.25,H8_Pyruvic_Acid,18
1.5,H8_Pyruvic_Acid,23
1.75,H8_Pyruvic_Acid,17
2.0,H8_Pyruvic_Acid,20
2.25,H8_Pyruvic_Acid,15
2.5,H8_Pyruvic_Acid,18
2.75,H8_Pyruvic_Acid,21
3.0,H8_Pyruvic_Acid,25
3.25,H8_Pyruvic_Acid,25
3.5,H8_Pyruvic_Acid,23
3.75,H8_Pyruvic_Acid,25
4.0,H8_Pyruvic_Acid,24
4.25,H8_Pyruvic_Acid,23
4.5,H8_Pyruvic_Acid,28
4.75,H8_Pyruvic_Acid,26
5.0,H8_Pyruvic_Acid,29
5.25,H8_Pyruvic_Acid,32
5.5,H8_Pyruvic_Acid,28
5.75,H8_Pyruvic_Acid,33
6.0,H8_Pyruvic_Acid,34
6.25,H8_Pyruvic_Acid,37
6.5,H8_Pyruvic_Acid,30
6.75,H8_Pyruvic_Acid,36
7.0,H8_Pyruvic_Acid,40
7.25,H8_Pyruvic_Acid,37
7.5,H8_Pyruvic_Acid,40
7.75,H8_Pyruvic_Acid,41
8.0,H8_Pyruvic_Acid,41
8.25,H8_Pyruvic_Acid,38
8.5,H8_Pyruvic_Acid,38
8.75,H8_Pyruvic_Acid,40
9.0,H8_Pyruvic_Acid,42
9.25,H8_Pyruvic_Acid,39
9.5,H8_Pyruvic_Acid,42
9.75,H8_Pyruvic_Acid,39
10.0,H8_Pyruvic_Acid,36
10.25,H8_Pyruvic_Acid,37
10.5,H8_Pyruvic_Acid,41
10.75,H8_Pyruvic_Acid,45
11.0,H8_Pyruvic_Acid,50
11.25,H8_Pyruvic_Acid,50
11.5,H8_Pyruvic_Acid,53
11.75,H8_Pyruvic_Acid,54
12.0,H8_Pyruvic_Acid,58
12.25,H8_Pyruvic_Acid,65
12.5,H8_Pyruvic_Acid,62
12.75,H8_Pyruvic_Acid,66
13.0,H8_Pyruvic_Acid,74
13.25,H8_Pyruvic_Acid,74
13.5,H8_Pyruvic_Acid,74
13.75,H8_Pyruvic_Acid,82
14.0,H8_Pyruvic_Acid,88
14.25,H8_Pyruvic_Acid,93
14.5,H8_Pyruvic_Acid,95
14.75,H8_Pyruvic_Acid,98
15.0,H8_Pyruvic_Acid,100
15.25,H8_Pyruvic_Acid,105
15.5,H8_Pyruvic_Acid,111
15.75,H8_Pyruvic_Acid,112
16.0,H8_Pyruvic_Acid,119
16.25,H8_Pyruvic_Acid,124
16.5,H8_Pyruvic_Acid,125
16.75,H8_Pyruvic_Acid,128
17.0,H8_Pyruvic_Acid,134
17.25,H8_Pyruvic_Acid,137
17.5,H8_Pyruvic_Acid,145
17.75,H8_Pyruvic_Acid,146
18.0,H8_Pyruvic_Acid,154
18.25,H8_Pyruvic_Acid,160
18.5,H8_Pyruvic_Acid,161
18.75,H8_Pyruvic_Acid,165
19.0,H8_Pyruvic_Acid,171
19.25,H8_Pyruvic_Acid,173
19.5,H8_Pyruvic_Acid,177
19.75,H8_Pyruvic_Acid,172
20.0,H8_Pyruvic_Acid,182
20.25,H8_Pyruvic_Acid,186
20.5,H8_Pyruvic_Acid,193
20.75,H8_Pyruvic_Acid,196
21.0,H8_Pyruvic_Acid,195
21.25,H8_Pyruvic_Acid,202
21.5,H8_Pyruvic_Acid,203
21.75,H8_Pyruvic_Acid,209
22.0,H8_Pyruvic_Acid,211
22.25,H8_Pyruvic_Acid,215
22.5,H8_Pyruvic_Acid,221
22.75,H8_Pyruvic_Acid,220
23.0,H8_Pyruvic_Acid,221
23.25,H8_Pyruvic_Acid,226
23.5,H8_Pyruvic_Acid,227
23.75,H8_Pyruvic_Acid,234
24.0,H8_Pyruvic_Acid,230
24.25,H8_Pyruvic_Acid,236
24.5,H8_Pyruvic_Acid,242
24.75,H8_Pyruvic_Acid,240
25.0,H8_Pyruvic_Acid,242
25.25,H8_Pyruvic_Acid,244
25.5,H8_Pyruvic_Acid,245
25.75,H8_Pyruvic_Acid,249
26.0,H8_Pyruvic_Acid,245
26.25,H8_Pyruvic_Acid,251
26.5,H8_Pyruvic_Acid,249
26.75,H8_Pyruvic_Acid,250
27.0,H8_Pyruvic_Acid,252
27.25,H8_Pyruvic_Acid,252
27.5,H8_Pyruvic_Acid,251
27.75,H8_Pyruvic_Acid,249
28.0,H8_Pyruvic_Acid,256
28.25,H8_Pyruvic_Acid,253
28.5,H8_Pyruvic_Acid,254
28.75,H8_Pyruvic_Acid,256
29.0,H8_Pyruvic_Acid,255
29.25,H8_Pyruvic_Acid,253
29.5,H8_Pyruvic_Acid,254
29.75,H8_Pyruvic_Acid,256
30.0,H8_Pyruvic_Acid,259
30.25,H8_Pyruvic_Acid,257
30.5,H8_Pyruvic_Acid,259
30.75,H8_Pyruvic_Acid,257
31.0,H8_Pyruvic_Acid,260
31.25,H8_Pyruvic_Acid,259
31.5,H8_Pyruvic_Acid,260
31.75,H8_Pyruvic_Acid,260
32.0,H8_Pyruvic_Acid,262
32.25,H8_Pyruvic_Acid,261
32.5,H8_Pyruvic_Acid,262
32.75,H8_Pyruvic_Acid,257
33.0,H8_Pyruvic_Acid,263
33.25,H8_Pyruvic_Acid,258
33.5,H8_Pyruvic_Acid,262
33.75,H8_Pyruvic_Acid,256
34.0,H8_Pyruvic_Acid,259
34.25,H8_Pyruvic_Acid,260
34.5,H8_Pyruvic_Acid,254
34.75,H8_Pyruvic_Acid,255
35.0,H8_Pyruvic_Acid,254
35.25,H8_Pyruvic_Acid,251
35.5,H8_Pyruvic_Acid,251
35.75,H8_Pyruvic_Acid,247
36.0,H8_Pyruvic_Acid,250
36.25,H8_Pyruvic_Acid,248
36.5,H8_Pyruvic_Acid,245
36.75,H8_Pyruvic_Acid,247
37.0,H8_Pyruvic_Acid,246
37.25,H8_Pyruvic_Acid,243
37.5,H8_Pyruvic_Acid,242
37.75,H8_Pyruvic_Acid,241
38.0,H8_Pyruvic_Acid,241
38.25,H8_Pyruvic_Acid,241
38.5,H8_Pyruvic_Acid,242
38.75,H8_Pyruvic_Acid,242
39.0,H8_Pyruvic_Acid,244
39.25,H8_Pyruvic_Acid,241
39.5,H8_Pyruvic_Acid,240
39.75,H8_Pyruvic_Acid,241
40.0,H8_Pyruvic_Acid,237
40.25,H8_Pyruvic_Acid,237
40.5,H8_Pyruvic_Acid,238
40.75,H8_Pyruvic_Acid,240
41.0,H8_Pyruvic_Acid,239
41.25,H8_Pyruvic_Acid,235
41.5,H8_Pyruvic_Acid,236
41.75,H8_Pyruvic_Acid,235
42.0,H8_Pyruvic_Acid,234
42.25,H8_Pyruvic_Acid,236
42.5,H8_Pyruvic_Acid,237
42.75,H8_Pyruvic_Acid,235
43.0,H8_Pyruvic_Acid,235
43.25,H8_Pyruvic_Acid,235
43.5,H8_Pyruvic_Acid,234
43.75,H8_Pyruvic_Acid,234
44.0,H8_Pyruvic_Acid,234
44.25,H8_Pyruvic_Acid,232
44.5,H8_Pyruvic_Acid,229
44.75,H8_Pyruvic_Acid,231
45.0,H8_Pyruvic_Acid,232
45.25,H8_Pyruvic_Acid,232
45.5,H8_Pyruvic_Acid,232
45.75,H8_Pyruvic_Acid,230
46.0,H8_Pyruvic_Acid,230
46.25,H8_Pyruvic_Acid,232
46.5,H8_Pyruvic_Acid,229
46.75,H8_Pyruvic_Acid,227
47.0,H8_Pyruvic_Acid,227
47.25,H8_Pyruvic_Acid,224
47.5,H8_Pyruvic_Acid,0
0.0,H9_L-Galactonic_Acid-g-Lactone,62
0.25,H9_L-Galactonic_Acid-g-Lactone,38
0.5,H9_L-Galactonic_Acid-g-Lactone,18
0.75,H9_L-Galactonic_Acid-g-Lactone,23
1.0,H9_L-Galactonic_Acid-g-Lactone,26
1.25,H9_L-Galactonic_Acid-g-Lactone,27
1.5,H9_L-Galactonic_Acid-g-Lactone,24
1.75,H9_L-Galactonic_Acid-g-Lactone,27
2.0,H9_L-Galactonic_Acid-g-Lactone,22
2.25,H9_L-Galactonic_Acid-g-Lactone,20
2.5,H9_L-Galactonic_Acid-g-Lactone,26
2.75,H9_L-Galactonic_Acid-g-Lactone,24
3.0,H9_L-Galactonic_Acid-g-Lactone,27
3.25,H9_L-Galactonic_Acid-g-Lactone,27
3.5,H9_L-Galactonic_Acid-g-Lactone,23
3.75,H9_L-Galactonic_Acid-g-Lactone,27
4.0,H9_L-Galactonic_Acid-g-Lactone,25
4.25,H9_L-Galactonic_Acid-g-Lactone,29
4.5,H9_L-Galactonic_Acid-g-Lactone,29
4.75,H9_L-Galactonic_Acid-g-Lactone,26
5.0,H9_L-Galactonic_Acid-g-Lactone,30
5.25,H9_L-Galactonic_Acid-g-Lactone,32
5.5,H9_L-Galactonic_Acid-g-Lactone,32
5.75,H9_L-Galactonic_Acid-g-Lactone,32
6.0,H9_L-Galactonic_Acid-g-Lactone,32
6.25,H9_L-Galactonic_Acid-g-Lactone,37
6.5,H9_L-Galactonic_Acid-g-Lactone,37
6.75,H9_L-Galactonic_Acid-g-Lactone,41
7.0,H9_L-Galactonic_Acid-g-Lactone,43
7.25,H9_L-Galactonic_Acid-g-Lactone,45
7.5,H9_L-Galactonic_Acid-g-Lactone,43
7.75,H9_L-Galactonic_Acid-g-Lactone,43
8.0,H9_L-Galactonic_Acid-g-Lactone,48
8.25,H9_L-Galactonic_Acid-g-Lactone,44
8.5,H9_L-Galactonic_Acid-g-Lactone,47
8.75,H9_L-Galactonic_Acid-g-Lactone,45
9.0,H9_L-Galactonic_Acid-g-Lactone,50
9.25,H9_L-Galactonic_Acid-g-Lactone,41
9.5,H9_L-Galactonic_Acid-g-Lactone,43
9.75,H9_L-Galactonic_Acid-g-Lactone,45
10.0,H9_L-Galactonic_Acid-g-Lactone,45
10.25,H9_L-Galactonic_Acid-g-Lactone,45
10.5,H9_L-Galactonic_Acid-g-Lactone,46
10.75,H9_L-Galactonic_Acid-g-Lactone,49
11.0,H9_L-Galactonic_Acid-g-Lactone,48
11.25,H9_L-Galactonic_Acid-g-Lactone,44
11.5,H9_L-Galactonic_Acid-g-Lactone,47
11.75,H9_L-Galactonic_Acid-g-Lactone,46
12.0,H9_L-Galactonic_Acid-g-Lactone,49
12.25,H9_L-Galactonic_Acid-g-Lactone,44
12.5,H9_L-Galactonic_Acid-g-Lactone,44
12.75,H9_L-Galactonic_Acid-g-Lactone,49
13.0,H9_L-Galactonic_Acid-g-Lactone,56
13.25,H9_L-Galactonic_Acid-g-Lactone,52
13.5,H9_L-Galactonic_Acid-g-Lactone,49
13.75,H9_L-Galactonic_Acid-g-Lactone,47
14.0,H9_L-Galactonic_Acid-g-Lactone,46
14.25,H9_L-Galactonic_Acid-g-Lactone,48
14.5,H9_L-Galactonic_Acid-g-Lactone,47
14.75,H9_L-Galactonic_Acid-g-Lactone,49
15.0,H9_L-Galactonic_Acid-g-Lactone,47
15.25,H9_L-Galactonic_Acid-g-Lactone,54
15.5,H9_L-Galactonic_Acid-g-Lactone,50
15.75,H9_L-Galactonic_Acid-g-Lactone,48
16.0,H9_L-Galactonic_Acid-g-Lactone,51
16.25,H9_L-Galactonic_Acid-g-Lactone,50
16.5,H9_L-Galactonic_Acid-g-Lactone,54
16.75,H9_L-Galactonic_Acid-g-Lactone,51
17.0,H9_L-Galactonic_Acid-g-Lactone,54
17.25,H9_L-Galactonic_Acid-g-Lactone,51
17.5,H9_L-Galactonic_Acid-g-Lactone,48
17.75,H9_L-Galactonic_Acid-g-Lactone,54
18.0,H9_L-Galactonic_Acid-g-Lactone,52
18.25,H9_L-Galactonic_Acid-g-Lactone,56
18.5,H9_L-Galactonic_Acid-g-Lactone,55
18.75,H9_L-Galactonic_Acid-g-Lactone,58
19.0,H9_L-Galactonic_Acid-g-Lactone,58
19.25,H9_L-Galactonic_Acid-g-Lactone,53
19.5,H9_L-Galactonic_Acid-g-Lactone,52
19.75,H9_L-Galactonic_Acid-g-Lactone,53
20.0,H9_L-Galactonic_Acid-g-Lactone,53
20.25,H9_L-Galactonic_Acid-g-Lactone,52
20.5,H9_L-Galactonic_Acid-g-Lactone,55
20.75,H9_L-Galactonic_Acid-g-Lactone,51
21.0,H9_L-Galactonic_Acid-g-Lactone,55
21.25,H9_L-Galactonic_Acid-g-Lactone,51
21.5,H9_L-Galactonic_Acid-g-Lactone,53
21.75,H9_L-Galactonic_Acid-g-Lactone,51
22.0,H9_L-Galactonic_Acid-g-Lactone,55
22.25,H9_L-Galactonic_Acid-g-Lactone,57
22.5,H9_L-Galactonic_Acid-g-Lactone,52
22.75,H9_L-Galactonic_Acid-g-Lactone,53
23.0,H9_L-Galactonic_Acid-g-Lactone,58
23.25,H9_L-Galactonic_Acid-g-Lactone,53
23.5,H9_L-Galactonic_Acid-g-Lactone,51
23.75,H9_L-Galactonic_Acid-g-Lactone,60
24.0,H9_L-Galactonic_Acid-g-Lactone,57
24.25,H9_L-Galactonic_Acid-g-Lactone,54
24.5,H9_L-Galactonic_Acid-g-Lactone,49
24.75,H9_L-Galactonic_Acid-g-Lactone,59
25.0,H9_L-Galactonic_Acid-g-Lactone,56
25.25,H9_L-Galactonic_Acid-g-Lactone,54
25.5,H9_L-Galactonic_Acid-g-Lactone,57
25.75,H9_L-Galactonic_Acid-g-Lactone,58
26.0,H9_L-Galactonic_Acid-g-Lactone,54
26.25,H9_L-Galactonic_Acid-g-Lactone,59
26.5,H9_L-Galactonic_Acid-g-Lactone,54
26.75,H9_L-Galactonic_Acid-g-Lactone,60
27.0,H9_L-Galactonic_Acid-g-Lactone,59
27.25,H9_L-Galactonic_Acid-g-Lactone,53
27.5,H9_L-Galactonic_Acid-g-Lactone,59
27.75,H9_L-Galactonic_Acid-g-Lactone,59
28.0,H9_L-Galactonic_Acid-g-Lactone,63
28.25,H9_L-Galactonic_Acid-g-Lactone,56
28.5,H9_L-Galactonic_Acid-g-Lactone,64
28.75,H9_L-Galactonic_Acid-g-Lactone,61
29.0,H9_L-Galactonic_Acid-g-Lactone,60
29.25,H9_L-Galactonic_Acid-g-Lactone,58
29.5,H9_L-Galactonic_Acid-g-Lactone,56
29.75,H9_L-Galactonic_Acid-g-Lactone,55
30.0,H9_L-Galactonic_Acid-g-Lactone,57
30.25,H9_L-Galactonic_Acid-g-Lactone,61
30.5,H9_L-Galactonic_Acid-g-Lactone,62
30.75,H9_L-Galactonic_Acid-g-Lactone,60
31.0,H9_L-Galactonic_Acid-g-Lactone,59
31.25,H9_L-Galactonic_Acid-g-Lactone,59
31.5,H9_L-Galactonic_Acid-g-Lactone,56
31.75,H9_L-Galactonic_Acid-g-Lactone,56
32.0,H9_L-Galactonic_Acid-g-Lactone,60
32.25,H9_L-Galactonic_Acid-g-Lactone,59
32.5,H9_L-Galactonic_Acid-g-Lactone,65
32.75,H9_L-Galactonic_Acid-g-Lactone,62
33.0,H9_L-Galactonic_Acid-g-Lactone,60
33.25,H9_L-Galactonic_Acid-g-Lactone,54
33.5,H9_L-Galactonic_Acid-g-Lactone,59
33.75,H9_L-Galactonic_Acid-g-Lactone,59
34.0,H9_L-Galactonic_Acid-g-Lactone,55
34.25,H9_L-Galactonic_Acid-g-Lactone,58
34.5,H9_L-Galactonic_Acid-g-Lactone,59
34.75,H9_L-Galactonic_Acid-g-Lactone,58
35.0,H9_L-Galactonic_Acid-g-Lactone,60
35.25,H9_L-Galactonic_Acid-g-Lactone,58
35.5,H9_L-Galactonic_Acid-g-Lactone,64
35.75,H9_L-Galactonic_Acid-g-Lactone,57
36.0,H9_L-Galactonic_Acid-g-Lactone,59
36.25,H9_L-Galactonic_Acid-g-Lactone,65
36.5,H9_L-Galactonic_Acid-g-Lactone,63
36.75,H9_L-Galactonic_Acid-g-Lactone,57
37.0,H9_L-Galactonic_Acid-g-Lactone,63
37.25,H9_L-Galactonic_Acid-g-Lactone,62
37.5,H9_L-Galactonic_Acid-g-Lactone,62
37.75,H9_L-Galactonic_Acid-g-Lactone,60
38.0,H9_L-Galactonic_Acid-g-Lactone,68
38.25,H9_L-Galactonic_Acid-g-Lactone,62
38.5,H9_L-Galactonic_Acid-g-Lactone,63
38.75,H9_L-Galactonic_Acid-g-Lactone,64
39.0,H9_L-Galactonic_Acid-g-Lactone,59
39.25,H9_L-Galactonic_Acid-g-Lactone,61
39.5,H9_L-Galactonic_Acid-g-Lactone,61
39.75,H9_L-Galactonic_Acid-g-Lactone,62
40.0,H9_L-Galactonic_Acid-g-Lactone,62
40.25,H9_L-Galactonic_Acid-g-Lactone,59
40.5,H9_L-Galactonic_Acid-g-Lactone,63
40.75,H9_L-Galactonic_Acid-g-Lactone,59
41.0,H9_L-Galactonic_Acid-g-Lactone,59
41.25,H9_L-Galactonic_Acid-g-Lactone,64
41.5,H9_L-Galactonic_Acid-g-Lactone,64
41.75,H9_L-Galactonic_Acid-g-Lactone,52
42.0,H9_L-Galactonic_Acid-g-Lactone,53
42.25,H9_L-Galactonic_Acid-g-Lactone,59
42.5,H9_L-Galactonic_Acid-g-Lactone,60
42.75,H9_L-Galactonic_Acid-g-Lactone,62
43.0,H9_L-Galactonic_Acid-g-Lactone,59
43.25,H9_L-Galactonic_Acid-g-Lactone,65
43.5,H9_L-Galactonic_Acid-g-Lactone,62
43.75,H9_L-Galactonic_Acid-g-Lactone,62
44.0,H9_L-Galactonic_Acid-g-Lactone,60
44.25,H9_L-Galactonic_Acid-g-Lactone,61
44.5,H9_L-Galactonic_Acid-g-Lactone,63
44.75,H9_L-Galactonic_Acid-g-Lactone,59
45.0,H9_L-Galactonic_Acid-g-Lactone,62
45.25,H9_L-Galactonic_Acid-g-Lactone,61
45.5,H9_L-Galactonic_Acid-g-Lactone,62
45.75,H9_L-Galactonic_Acid-g-Lactone,64
46.0,H9_L-Galactonic_Acid-g-Lactone,63
46.25,H9_L-Galactonic_Acid-g-Lactone,67
46.5,H9_L-Galactonic_Acid-g-Lactone,64
46.75,H9_L-Galactonic_Acid-g-Lactone,65
47.0,H9_L-Galactonic_Acid-g-Lactone,66
47.25,H9_L-Galactonic_Acid-g-Lactone,66
47.5,H9_L-Galactonic_Acid-g-Lactone,0
0.0,H10_D-GalacturonicAcid,50
0.25,H10_D-GalacturonicAcid,17
0.5,H10_D-GalacturonicAcid,19
0.75,H10_D-GalacturonicAcid,27
1.0,H10_D-GalacturonicAcid,28
1.25,H10_D-GalacturonicAcid,19
1.5,H10_D-GalacturonicAcid,21
1.75,H10_D-GalacturonicAcid,23
2.0,H10_D-GalacturonicAcid,29
2.25,H10_D-GalacturonicAcid,26
2.5,H10_D-GalacturonicAcid,28
2.75,H10_D-GalacturonicAcid,23
3.0,H10_D-GalacturonicAcid,27
3.25,H10_D-GalacturonicAcid,23
3.5,H10_D-GalacturonicAcid,26
3.75,H10_D-GalacturonicAcid,26
4.0,H10_D-GalacturonicAcid,21
4.25,H10_D-GalacturonicAcid,29
4.5,H10_D-GalacturonicAcid,27
4.75,H10_D-GalacturonicAcid,28
5.0,H10_D-GalacturonicAcid,30
5.25,H10_D-GalacturonicAcid,32
5.5,H10_D-GalacturonicAcid,31
5.75,H10_D-GalacturonicAcid,33
6.0,H10_D-GalacturonicAcid,33
6.25,H10_D-GalacturonicAcid,33
6.5,H10_D-GalacturonicAcid,44
6.75,H10_D-GalacturonicAcid,33
7.0,H10_D-GalacturonicAcid,46
7.25,H10_D-GalacturonicAcid,43
7.5,H10_D-GalacturonicAcid,41
7.75,H10_D-GalacturonicAcid,38
8.0,H10_D-GalacturonicAcid,41
8.25,H10_D-GalacturonicAcid,44
8.5,H10_D-GalacturonicAcid,43
8.75,H10_D-GalacturonicAcid,48
9.0,H10_D-GalacturonicAcid,42
9.25,H10_D-GalacturonicAcid,38
9.5,H10_D-GalacturonicAcid,36
9.75,H10_D-GalacturonicAcid,45
10.0,H10_D-GalacturonicAcid,45
10.25,H10_D-GalacturonicAcid,43
10.5,H10_D-GalacturonicAcid,48
10.75,H10_D-GalacturonicAcid,47
11.0,H10_D-GalacturonicAcid,42
11.25,H10_D-GalacturonicAcid,46
11.5,H10_D-GalacturonicAcid,45
11.75,H10_D-GalacturonicAcid,44
12.0,H10_D-GalacturonicAcid,48
12.25,H10_D-GalacturonicAcid,43
12.5,H10_D-GalacturonicAcid,49
12.75,H10_D-GalacturonicAcid,42
13.0,H10_D-GalacturonicAcid,43
13.25,H10_D-GalacturonicAcid,49
13.5,H10_D-GalacturonicAcid,54
13.75,H10_D-GalacturonicAcid,47
14.0,H10_D-GalacturonicAcid,45
14.25,H10_D-GalacturonicAcid,49
14.5,H10_D-GalacturonicAcid,50
14.75,H10_D-GalacturonicAcid,48
15.0,H10_D-GalacturonicAcid,50
15.25,H10_D-GalacturonicAcid,50
15.5,H10_D-GalacturonicAcid,50
15.75,H10_D-GalacturonicAcid,49
16.0,H10_D-GalacturonicAcid,55
16.25,H10_D-GalacturonicAcid,58
16.5,H10_D-GalacturonicAcid,59
16.75,H10_D-GalacturonicAcid,54
17.0,H10_D-GalacturonicAcid,51
17.25,H10_D-GalacturonicAcid,52
17.5,H10_D-GalacturonicAcid,48
17.75,H10_D-GalacturonicAcid,52
18.0,H10_D-GalacturonicAcid,55
18.25,H10_D-GalacturonicAcid,57
18.5,H10_D-GalacturonicAcid,59
18.75,H10_D-GalacturonicAcid,54
19.0,H10_D-GalacturonicAcid,50
19.25,H10_D-GalacturonicAcid,56
19.5,H10_D-GalacturonicAcid,52
19.75,H10_D-GalacturonicAcid,54
20.0,H10_D-GalacturonicAcid,57
20.25,H10_D-GalacturonicAcid,57
20.5,H10_D-GalacturonicAcid,59
20.75,H10_D-GalacturonicAcid,61
21.0,H10_D-GalacturonicAcid,57
21.25,H10_D-GalacturonicAcid,56
21.5,H10_D-GalacturonicAcid,55
21.75,H10_D-GalacturonicAcid,57
22.0,H10_D-GalacturonicAcid,56
22.25,H10_D-GalacturonicAcid,56
22.5,H10_D-GalacturonicAcid,57
22.75,H10_D-GalacturonicAcid,59
23.0,H10_D-GalacturonicAcid,56
23.25,H10_D-GalacturonicAcid,59
23.5,H10_D-GalacturonicAcid,61
23.75,H10_D-GalacturonicAcid,58
24.0,H10_D-GalacturonicAcid,59
24.25,H10_D-GalacturonicAcid,60
24.5,H10_D-GalacturonicAcid,54
24.75,H10_D-GalacturonicAcid,57
25.0,H10_D-GalacturonicAcid,56
25.25,H10_D-GalacturonicAcid,57
25.5,H10_D-GalacturonicAcid,58
25.75,H10_D-GalacturonicAcid,59
26.0,H10_D-GalacturonicAcid,55
26.25,H10_D-GalacturonicAcid,60
26.5,H10_D-GalacturonicAcid,57
26.75,H10_D-GalacturonicAcid,60
27.0,H10_D-GalacturonicAcid,60
27.25,H10_D-GalacturonicAcid,60
27.5,H10_D-GalacturonicAcid,61
27.75,H10_D-GalacturonicAcid,58
28.0,H10_D-GalacturonicAcid,61
28.25,H10_D-GalacturonicAcid,59
28.5,H10_D-GalacturonicAcid,57
28.75,H10_D-GalacturonicAcid,61
29.0,H10_D-GalacturonicAcid,63
29.25,H10_D-GalacturonicAcid,60
29.5,H10_D-GalacturonicAcid,58
29.75,H10_D-GalacturonicAcid,62
30.0,H10_D-GalacturonicAcid,68
30.25,H10_D-GalacturonicAcid,60
30.5,H10_D-GalacturonicAcid,64
30.75,H10_D-GalacturonicAcid,57
31.0,H10_D-GalacturonicAcid,57
31.25,H10_D-GalacturonicAcid,57
31.5,H10_D-GalacturonicAcid,62
31.75,H10_D-GalacturonicAcid,62
32.0,H10_D-GalacturonicAcid,60
32.25,H10_D-GalacturonicAcid,60
32.5,H10_D-GalacturonicAcid,54
32.75,H10_D-GalacturonicAcid,53
33.0,H10_D-GalacturonicAcid,61
33.25,H10_D-GalacturonicAcid,56
33.5,H10_D-GalacturonicAcid,53
33.75,H10_D-GalacturonicAcid,54
34.0,H10_D-GalacturonicAcid,59
34.25,H10_D-GalacturonicAcid,60
34.5,H10_D-GalacturonicAcid,58
34.75,H10_D-GalacturonicAcid,58
35.0,H10_D-GalacturonicAcid,58
35.25,H10_D-GalacturonicAcid,53
35.5,H10_D-GalacturonicAcid,57
35.75,H10_D-GalacturonicAcid,58
36.0,H10_D-GalacturonicAcid,60
36.25,H10_D-GalacturonicAcid,58
36.5,H10_D-GalacturonicAcid,59
36.75,H10_D-GalacturonicAcid,58
37.0,H10_D-GalacturonicAcid,57
37.25,H10_D-GalacturonicAcid,59
37.5,H10_D-GalacturonicAcid,56
37.75,H10_D-GalacturonicAcid,56
38.0,H10_D-GalacturonicAcid,63
38.25,H10_D-GalacturonicAcid,59
38.5,H10_D-GalacturonicAcid,55
38.75,H10_D-GalacturonicAcid,60
39.0,H10_D-GalacturonicAcid,58
39.25,H10_D-GalacturonicAcid,58
39.5,H10_D-GalacturonicAcid,56
39.75,H10_D-GalacturonicAcid,60
40.0,H10_D-GalacturonicAcid,55
40.25,H10_D-GalacturonicAcid,61
40.5,H10_D-GalacturonicAcid,57
40.75,H10_D-GalacturonicAcid,62
41.0,H10_D-GalacturonicAcid,64
41.25,H10_D-GalacturonicAcid,56
41.5,H10_D-GalacturonicAcid,58
41.75,H10_D-GalacturonicAcid,58
42.0,H10_D-GalacturonicAcid,62
42.25,H10_D-GalacturonicAcid,58
42.5,H10_D-GalacturonicAcid,61
42.75,H10_D-GalacturonicAcid,54
43.0,H10_D-GalacturonicAcid,59
43.25,H10_D-GalacturonicAcid,60
43.5,H10_D-GalacturonicAcid,59
43.75,H10_D-GalacturonicAcid,62
44.0,H10_D-GalacturonicAcid,67
44.25,H10_D-GalacturonicAcid,60
44.5,H10_D-GalacturonicAcid,60
44.75,H10_D-GalacturonicAcid,63
45.0,H10_D-GalacturonicAcid,55
45.25,H10_D-GalacturonicAcid,64
45.5,H10_D-GalacturonicAcid,66
45.75,H10_D-GalacturonicAcid,60
46.0,H10_D-GalacturonicAcid,62
46.25,H10_D-GalacturonicAcid,63
46.5,H10_D-GalacturonicAcid,56
46.75,H10_D-GalacturonicAcid,61
47.0,H10_D-GalacturonicAcid,61
47.25,H10_D-GalacturonicAcid,62
47.5,H10_D-GalacturonicAcid,0
0.0,H11_Phenylethylamine,29
0.25,H11_Phenylethylamine,24
0.5,H11_Phenylethylamine,29
0.75,H11_Phenylethylamine,32
1.0,H11_Phenylethylamine,31
1.25,H11_Phenylethylamine,31
1.5,H11_Phenylethylamine,32
1.75,H11_Phenylethylamine,31
2.0,H11_Phenylethylamine,39
2.25,H11_Phenylethylamine,36
2.5,H11_Phenylethylamine,37
2.75,H11_Phenylethylamine,30
3.0,H11_Phenylethylamine,27
3.25,H11_Phenylethylamine,30
3.5,H11_Phenylethylamine,32
3.75,H11_Phenylethylamine,37
4.0,H11_Phenylethylamine,29
4.25,H11_Phenylethylamine,36
4.5,H11_Phenylethylamine,32
4.75,H11_Phenylethylamine,31
5.0,H11_Phenylethylamine,34
5.25,H11_Phenylethylamine,32
5.5,H11_Phenylethylamine,34
5.75,H11_Phenylethylamine,28
6.0,H11_Phenylethylamine,29
6.25,H11_Phenylethylamine,32
6.5,H11_Phenylethylamine,33
6.75,H11_Phenylethylamine,36
7.0,H11_Phenylethylamine,35
7.25,H11_Phenylethylamine,39
7.5,H11_Phenylethylamine,38
7.75,H11_Phenylethylamine,33
8.0,H11_Phenylethylamine,36
8.25,H11_Phenylethylamine,38
8.5,H11_Phenylethylamine,37
8.75,H11_Phenylethylamine,35
9.0,H11_Phenylethylamine,36
9.25,H11_Phenylethylamine,38
9.5,H11_Phenylethylamine,40
9.75,H11_Phenylethylamine,38
10.0,H11_Phenylethylamine,37
10.25,H11_Phenylethylamine,39
10.5,H11_Phenylethylamine,39
10.75,H11_Phenylethylamine,44
11.0,H11_Phenylethylamine,44
11.25,H11_Phenylethylamine,45
11.5,H11_Phenylethylamine,46
11.75,H11_Phenylethylamine,46
12.0,H11_Phenylethylamine,48
12.25,H11_Phenylethylamine,48
12.5,H11_Phenylethylamine,47
12.75,H11_Phenylethylamine,44
13.0,H11_Phenylethylamine,45
13.25,H11_Phenylethylamine,49
13.5,H11_Phenylethylamine,46
13.75,H11_Phenylethylamine,46
14.0,H11_Phenylethylamine,50
14.25,H11_Phenylethylamine,44
14.5,H11_Phenylethylamine,50
14.75,H11_Phenylethylamine,48
15.0,H11_Phenylethylamine,44
15.25,H11_Phenylethylamine,46
15.5,H11_Phenylethylamine,52
15.75,H11_Phenylethylamine,49
16.0,H11_Phenylethylamine,50
16.25,H11_Phenylethylamine,50
16.5,H11_Phenylethylamine,50
16.75,H11_Phenylethylamine,49
17.0,H11_Phenylethylamine,47
17.25,H11_Phenylethylamine,48
17.5,H11_Phenylethylamine,52
17.75,H11_Phenylethylamine,49
18.0,H11_Phenylethylamine,53
18.25,H11_Phenylethylamine,54
18.5,H11_Phenylethylamine,49
18.75,H11_Phenylethylamine,51
19.0,H11_Phenylethylamine,54
19.25,H11_Phenylethylamine,56
19.5,H11_Phenylethylamine,47
19.75,H11_Phenylethylamine,49
20.0,H11_Phenylethylamine,46
20.25,H11_Phenylethylamine,48
20.5,H11_Phenylethylamine,51
20.75,H11_Phenylethylamine,51
21.0,H11_Phenylethylamine,49
21.25,H11_Phenylethylamine,44
21.5,H11_Phenylethylamine,51
21.75,H11_Phenylethylamine,48
22.0,H11_Phenylethylamine,49
22.25,H11_Phenylethylamine,50
22.5,H11_Phenylethylamine,53
22.75,H11_Phenylethylamine,50
23.0,H11_Phenylethylamine,47
23.25,H11_Phenylethylamine,51
23.5,H11_Phenylethylamine,49
23.75,H11_Phenylethylamine,51
24.0,H11_Phenylethylamine,53
24.25,H11_Phenylethylamine,47
24.5,H11_Phenylethylamine,53
24.75,H11_Phenylethylamine,52
25.0,H11_Phenylethylamine,48
25.25,H11_Phenylethylamine,49
25.5,H11_Phenylethylamine,50
25.75,H11_Phenylethylamine,48
26.0,H11_Phenylethylamine,51
26.25,H11_Phenylethylamine,51
26.5,H11_Phenylethylamine,47
26.75,H11_Phenylethylamine,48
27.0,H11_Phenylethylamine,58
27.25,H11_Phenylethylamine,49
27.5,H11_Phenylethylamine,52
27.75,H11_Phenylethylamine,50
28.0,H11_Phenylethylamine,51
28.25,H11_Phenylethylamine,54
28.5,H11_Phenylethylamine,54
28.75,H11_Phenylethylamine,42
29.0,H11_Phenylethylamine,51
29.25,H11_Phenylethylamine,55
29.5,H11_Phenylethylamine,58
29.75,H11_Phenylethylamine,55
30.0,H11_Phenylethylamine,51
30.25,H11_Phenylethylamine,53
30.5,H11_Phenylethylamine,55
30.75,H11_Phenylethylamine,55
31.0,H11_Phenylethylamine,53
31.25,H11_Phenylethylamine,49
31.5,H11_Phenylethylamine,47
31.75,H11_Phenylethylamine,52
32.0,H11_Phenylethylamine,47
32.25,H11_Phenylethylamine,54
32.5,H11_Phenylethylamine,51
32.75,H11_Phenylethylamine,53
33.0,H11_Phenylethylamine,49
33.25,H11_Phenylethylamine,48
33.5,H11_Phenylethylamine,56
33.75,H11_Phenylethylamine,53
34.0,H11_Phenylethylamine,50
34.25,H11_Phenylethylamine,50
34.5,H11_Phenylethylamine,52
34.75,H11_Phenylethylamine,52
35.0,H11_Phenylethylamine,54
35.25,H11_Phenylethylamine,47
35.5,H11_Phenylethylamine,52
35.75,H11_Phenylethylamine,54
36.0,H11_Phenylethylamine,50
36.25,H11_Phenylethylamine,50
36.5,H11_Phenylethylamine,51
36.75,H11_Phenylethylamine,50
37.0,H11_Phenylethylamine,51
37.25,H11_Phenylethylamine,51
37.5,H11_Phenylethylamine,48
37.75,H11_Phenylethylamine,54
38.0,H11_Phenylethylamine,52
38.25,H11_Phenylethylamine,55
38.5,H11_Phenylethylamine,51
38.75,H11_Phenylethylamine,50
39.0,H11_Phenylethylamine,46
39.25,H11_Phenylethylamine,54
39.5,H11_Phenylethylamine,41
39.75,H11_Phenylethylamine,51
40.0,H11_Phenylethylamine,51
40.25,H11_Phenylethylamine,48
40.5,H11_Phenylethylamine,51
40.75,H11_Phenylethylamine,54
41.0,H11_Phenylethylamine,49
41.25,H11_Phenylethylamine,46
41.5,H11_Phenylethylamine,53
41.75,H11_Phenylethylamine,44
42.0,H11_Phenylethylamine,44
42.25,H11_Phenylethylamine,43
42.5,H11_Phenylethylamine,52
42.75,H11_Phenylethylamine,49
43.0,H11_Phenylethylamine,49
43.25,H11_Phenylethylamine,48
43.5,H11_Phenylethylamine,51
43.75,H11_Phenylethylamine,49
44.0,H11_Phenylethylamine,49
44.25,H11_Phenylethylamine,49
44.5,H11_Phenylethylamine,55
44.75,H11_Phenylethylamine,51
45.0,H11_Phenylethylamine,52
45.25,H11_Phenylethylamine,49
45.5,H11_Phenylethylamine,52
45.75,H11_Phenylethylamine,50
46.0,H11_Phenylethylamine,53
46.25,H11_Phenylethylamine,47
46.5,H11_Phenylethylamine,50
46.75,H11_Phenylethylamine,49
47.0,H11_Phenylethylamine,52
47.25,H11_Phenylethylamine,48
47.5,H11_Phenylethylamine,0
0.0,H12_2-Aminoethanol,48
0.25,H12_2-Aminoethanol,73
0.5,H12_2-Aminoethanol,25
0.75,H12_2-Aminoethanol,30
1.0,H12_2-Aminoethanol,29
1.25,H12_2-Aminoethanol,26
1.5,H12_2-Aminoethanol,21
1.75,H12_2-Aminoethanol,26
2.0,H12_2-Aminoethanol,30
2.25,H12_2-Aminoethanol,26
2.5,H12_2-Aminoethanol,31
2.75,H12_2-Aminoethanol,24
3.0,H12_2-Aminoethanol,31
3.25,H12_2-Aminoethanol,26
3.5,H12_2-Aminoethanol,29
3.75,H12_2-Aminoethanol,32
4.0,H12_2-Aminoethanol,29
4.25,H12_2-Aminoethanol,34
4.5,H12_2-Aminoethanol,31
4.75,H12_2-Aminoethanol,35
5.0,H12_2-Aminoethanol,34
5.25,H12_2-Aminoethanol,34
5.5,H12_2-Aminoethanol,35
5.75,H12_2-Aminoethanol,35
6.0,H12_2-Aminoethanol,38
6.25,H12_2-Aminoethanol,35
6.5,H12_2-Aminoethanol,34
6.75,H12_2-Aminoethanol,39
7.0,H12_2-Aminoethanol,39
7.25,H12_2-Aminoethanol,39
7.5,H12_2-Aminoethanol,42
7.75,H12_2-Aminoethanol,42
8.0,H12_2-Aminoethanol,42
8.25,H12_2-Aminoethanol,45
8.5,H12_2-Aminoethanol,39
8.75,H12_2-Aminoethanol,37
9.0,H12_2-Aminoethanol,46
9.25,H12_2-Aminoethanol,41
9.5,H12_2-Aminoethanol,45
9.75,H12_2-Aminoethanol,44
10.0,H12_2-Aminoethanol,43
10.25,H12_2-Aminoethanol,42
10.5,H12_2-Aminoethanol,38
10.75,H12_2-Aminoethanol,46
11.0,H12_2-Aminoethanol,47
11.25,H12_2-Aminoethanol,42
11.5,H12_2-Aminoethanol,43
11.75,H12_2-Aminoethanol,43
12.0,H12_2-Aminoethanol,43
12.25,H12_2-Aminoethanol,50
12.5,H12_2-Aminoethanol,46
12.75,H12_2-Aminoethanol,45
13.0,H12_2-Aminoethanol,50
13.25,H12_2-Aminoethanol,48
13.5,H12_2-Aminoethanol,46
13.75,H12_2-Aminoethanol,47
14.0,H12_2-Aminoethanol,45
14.25,H12_2-Aminoethanol,46
14.5,H12_2-Aminoethanol,45
14.75,H12_2-Aminoethanol,49
15.0,H12_2-Aminoethanol,46
15.25,H12_2-Aminoethanol,48
15.5,H12_2-Aminoethanol,46
15.75,H12_2-Aminoethanol,47
16.0,H12_2-Aminoethanol,47
16.25,H12_2-Aminoethanol,46
16.5,H12_2-Aminoethanol,48
16.75,H12_2-Aminoethanol,44
17.0,H12_2-Aminoethanol,49
17.25,H12_2-Aminoethanol,49
17.5,H12_2-Aminoethanol,51
17.75,H12_2-Aminoethanol,53
18.0,H12_2-Aminoethanol,52
18.25,H12_2-Aminoethanol,52
18.5,H12_2-Aminoethanol,52
18.75,H12_2-Aminoethanol,49
19.0,H12_2-Aminoethanol,53
19.25,H12_2-Aminoethanol,51
19.5,H12_2-Aminoethanol,56
19.75,H12_2-Aminoethanol,52
20.0,H12_2-Aminoethanol,54
20.25,H12_2-Aminoethanol,53
20.5,H12_2-Aminoethanol,56
20.75,H12_2-Aminoethanol,50
21.0,H12_2-Aminoethanol,51
21.25,H12_2-Aminoethanol,50
21.5,H12_2-Aminoethanol,53
21.75,H12_2-Aminoethanol,51
22.0,H12_2-Aminoethanol,53
22.25,H12_2-Aminoethanol,54
22.5,H12_2-Aminoethanol,49
22.75,H12_2-Aminoethanol,52
23.0,H12_2-Aminoethanol,53
23.25,H12_2-Aminoethanol,55
23.5,H12_2-Aminoethanol,52
23.75,H12_2-Aminoethanol,58
24.0,H12_2-Aminoethanol,52
24.25,H12_2-Aminoethanol,54
24.5,H12_2-Aminoethanol,56
24.75,H12_2-Aminoethanol,54
25.0,H12_2-Aminoethanol,58
25.25,H12_2-Aminoethanol,52
25.5,H12_2-Aminoethanol,56
25.75,H12_2-Aminoethanol,56
26.0,H12_2-Aminoethanol,55
26.25,H12_2-Aminoethanol,58
26.5,H12_2-Aminoethanol,57
26.75,H12_2-Aminoethanol,60
27.0,H12_2-Aminoethanol,58
27.25,H12_2-Aminoethanol,60
27.5,H12_2-Aminoethanol,58
27.75,H12_2-Aminoethanol,59
28.0,H12_2-Aminoethanol,55
28.25,H12_2-Aminoethanol,60
28.5,H12_2-Aminoethanol,61
28.75,H12_2-Aminoethanol,61
29.0,H12_2-Aminoethanol,60
29.25,H12_2-Aminoethanol,59
29.5,H12_2-Aminoethanol,62
29.75,H12_2-Aminoethanol,61
30.0,H12_2-Aminoethanol,60
30.25,H12_2-Aminoethanol,56
30.5,H12_2-Aminoethanol,60
30.75,H12_2-Aminoethanol,65
31.0,H12_2-Aminoethanol,60
31.25,H12_2-Aminoethanol,62
31.5,H12_2-Aminoethanol,60
31.75,H12_2-Aminoethanol,58
32.0,H12_2-Aminoethanol,63
32.25,H12_2-Aminoethanol,63
32.5,H12_2-Aminoethanol,68
32.75,H12_2-Aminoethanol,63
33.0,H12_2-Aminoethanol,63
33.25,H12_2-Aminoethanol,59
33.5,H12_2-Aminoethanol,60
33.75,H12_2-Aminoethanol,57
34.0,H12_2-Aminoethanol,63
34.25,H12_2-Aminoethanol,60
34.5,H12_2-Aminoethanol,61
34.75,H12_2-Aminoethanol,60
35.0,H12_2-Aminoethanol,60
35.25,H12_2-Aminoethanol,66
35.5,H12_2-Aminoethanol,68
35.75,H12_2-Aminoethanol,64
36.0,H12_2-Aminoethanol,65
36.25,H12_2-Aminoethanol,67
36.5,H12_2-Aminoethanol,68
36.75,H12_2-Aminoethanol,66
37.0,H12_2-Aminoethanol,70
37.25,H12_2-Aminoethanol,62
37.5,H12_2-Aminoethanol,70
37.75,H12_2-Aminoethanol,66
38.0,H12_2-Aminoethanol,70
38.25,H12_2-Aminoethanol,67
38.5,H12_2-Aminoethanol,71
38.75,H12_2-Aminoethanol,71
39.0,H12_2-Aminoethanol,67
39.25,H12_2-Aminoethanol,69
39.5,H12_2-Aminoethanol,64
39.75,H12_2-Aminoethanol,70
40.0,H12_2-Aminoethanol,73
40.25,H12_2-Aminoethanol,65
40.5,H12_2-Aminoethanol,69
40.75,H12_2-Aminoethanol,70
41.0,H12_2-Aminoethanol,66
41.25,H12_2-Aminoethanol,66
41.5,H12_2-Aminoethanol,73
41.75,H12_2-Aminoethanol,67
42.0,H12_2-Aminoethanol,68
42.25,H12_2-Aminoethanol,70
42.5,H12_2-Aminoethanol,73
42.75,H12_2-Aminoethanol,73
43.0,H12_2-Aminoethanol,68
43.25,H12_2-Aminoethanol,71
43.5,H12_2-Aminoethanol,67
43.75,H12_2-Aminoethanol,71
44.0,H12_2-Aminoethanol,71
44.25,H12_2-Aminoethanol,70
44.5,H12_2-Aminoethanol,70
44.75,H12_2-Aminoethanol,68
45.0,H12_2-Aminoethanol,75
45.25,H12_2-Aminoethanol,71
45.5,H12_2-Aminoethanol,72
45.75,H12_2-Aminoethanol,72
46.0,H12_2-Aminoethanol,73
46.25,H12_2-Aminoethanol,76
46.5,H12_2-Aminoethanol,73
46.75,H12_2-Aminoethanol,69
47.0,H12_2-Aminoethanol,78
47.25,H12_2-Aminoethanol,75
47.5,H12_2-Aminoethanol,0
