Hour,Type,Value
0.0,A1_Negative_Control,30
0.25,A1_Negative_Control,29
0.5,A1_Negative_Control,32
0.75,A1_Negative_Control,33
1.0,A1_Negative_Control,27
1.25,A1_Negative_Control,28
1.5,A1_Negative_Control,23
1.75,A1_Negative_Control,29
2.0,A1_Negative_Control,31
2.25,A1_Negative_Control,30
2.5,A1_Negative_Control,26
2.75,A1_Negative_Control,26
3.0,A1_Negative_Control,27
3.25,A1_Negative_Control,28
3.5,A1_Negative_Control,31
3.75,A1_Negative_Control,27
4.0,A1_Negative_Control,29
4.25,A1_Negative_Control,28
4.5,A1_Negative_Control,32
4.75,A1_Negative_Control,33
5.0,A1_Negative_Control,38
5.25,A1_Negative_Control,33
5.5,A1_Negative_Control,39
5.75,A1_Negative_Control,32
6.0,A1_Negative_Control,35
6.25,A1_Negative_Control,33
6.5,A1_Negative_Control,36
6.75,A1_Negative_Control,39
7.0,A1_Negative_Control,37
7.25,A1_Negative_Control,37
7.5,A1_Negative_Control,39
7.75,A1_Negative_Control,44
8.0,A1_Negative_Control,42
8.25,A1_Negative_Control,40
8.5,A1_Negative_Control,40
8.75,A1_Negative_Control,37
9.0,A1_Negative_Control,42
9.25,A1_Negative_Control,41
9.5,A1_Negative_Control,41
9.75,A1_Negative_Control,36
10.0,A1_Negative_Control,38
10.25,A1_Negative_Control,37
10.5,A1_Negative_Control,43
10.75,A1_Negative_Control,35
11.0,A1_Negative_Control,42
11.25,A1_Negative_Control,38
11.5,A1_Negative_Control,41
11.75,A1_Negative_Control,39
12.0,A1_Negative_Control,41
12.25,A1_Negative_Control,41
12.5,A1_Negative_Control,45
12.75,A1_Negative_Control,39
13.0,A1_Negative_Control,40
13.25,A1_Negative_Control,42
13.5,A1_Negative_Control,42
13.75,A1_Negative_Control,42
14.0,A1_Negative_Control,43
14.25,A1_Negative_Control,44
14.5,A1_Negative_Control,44
14.75,A1_Negative_Control,38
15.0,A1_Negative_Control,45
15.25,A1_Negative_Control,42
15.5,A1_Negative_Control,40
15.75,A1_Negative_Control,49
16.0,A1_Negative_Control,44
16.25,A1_Negative_Control,45
16.5,A1_Negative_Control,47
16.75,A1_Negative_Control,42
17.0,A1_Negative_Control,44
17.25,A1_Negative_Control,45
17.5,A1_Negative_Control,47
17.75,A1_Negative_Control,46
18.0,A1_Negative_Control,48
18.25,A1_Negative_Control,45
18.5,A1_Negative_Control,48
18.75,A1_Negative_Control,48
19.0,A1_Negative_Control,45
19.25,A1_Negative_Control,46
19.5,A1_Negative_Control,46
19.75,A1_Negative_Control,41
20.0,A1_Negative_Control,47
20.25,A1_Negative_Control,45
20.5,A1_Negative_Control,48
20.75,A1_Negative_Control,53
21.0,A1_Negative_Control,41
21.25,A1_Negative_Control,45
21.5,A1_Negative_Control,47
21.75,A1_Negative_Control,47
22.0,A1_Negative_Control,44
22.25,A1_Negative_Control,46
22.5,A1_Negative_Control,47
22.75,A1_Negative_Control,41
23.0,A1_Negative_Control,48
23.25,A1_Negative_Control,44
23.5,A1_Negative_Control,41
23.75,A1_Negative_Control,50
24.0,A1_Negative_Control,49
24.25,A1_Negative_Control,45
24.5,A1_Negative_Control,47
24.75,A1_Negative_Control,43
25.0,A1_Negative_Control,45
25.25,A1_Negative_Control,42
25.5,A1_Negative_Control,46
25.75,A1_Negative_Control,45
26.0,A1_Negative_Control,44
26.25,A1_Negative_Control,46
26.5,A1_Negative_Control,47
26.75,A1_Negative_Control,47
27.0,A1_Negative_Control,46
27.25,A1_Negative_Control,48
27.5,A1_Negative_Control,47
27.75,A1_Negative_Control,49
28.0,A1_Negative_Control,46
28.25,A1_Negative_Control,48
28.5,A1_Negative_Control,46
28.75,A1_Negative_Control,47
29.0,A1_Negative_Control,50
29.25,A1_Negative_Control,49
29.5,A1_Negative_Control,50
29.75,A1_Negative_Control,49
30.0,A1_Negative_Control,46
30.25,A1_Negative_Control,45
30.5,A1_Negative_Control,48
30.75,A1_Negative_Control,48
31.0,A1_Negative_Control,49
31.25,A1_Negative_Control,46
31.5,A1_Negative_Control,39
31.75,A1_Negative_Control,45
32.0,A1_Negative_Control,54
32.25,A1_Negative_Control,48
32.5,A1_Negative_Control,49
32.75,A1_Negative_Control,49
33.0,A1_Negative_Control,47
33.25,A1_Negative_Control,48
33.5,A1_Negative_Control,50
33.75,A1_Negative_Control,46
34.0,A1_Negative_Control,48
34.25,A1_Negative_Control,51
34.5,A1_Negative_Control,51
34.75,A1_Negative_Control,45
35.0,A1_Negative_Control,48
35.25,A1_Negative_Control,45
35.5,A1_Negative_Control,52
35.75,A1_Negative_Control,50
36.0,A1_Negative_Control,47
36.25,A1_Negative_Control,48
36.5,A1_Negative_Control,44
36.75,A1_Negative_Control,51
37.0,A1_Negative_Control,44
37.25,A1_Negative_Control,47
37.5,A1_Negative_Control,45
37.75,A1_Negative_Control,49
38.0,A1_Negative_Control,51
38.25,A1_Negative_Control,45
38.5,A1_Negative_Control,47
38.75,A1_Negative_Control,46
39.0,A1_Negative_Control,51
39.25,A1_Negative_Control,49
39.5,A1_Negative_Control,42
39.75,A1_Negative_Control,51
40.0,A1_Negative_Control,47
40.25,A1_Negative_Control,47
40.5,A1_Negative_Control,48
40.75,A1_Negative_Control,53
41.0,A1_Negative_Control,49
41.25,A1_Negative_Control,51
41.5,A1_Negative_Control,50
41.75,A1_Negative_Control,49
42.0,A1_Negative_Control,46
42.25,A1_Negative_Control,47
42.5,A1_Negative_Control,46
42.75,A1_Negative_Control,47
43.0,A1_Negative_Control,47
43.25,A1_Negative_Control,49
43.5,A1_Negative_Control,45
43.75,A1_Negative_Control,49
44.0,A1_Negative_Control,47
44.25,A1_Negative_Control,49
44.5,A1_Negative_Control,47
44.75,A1_Negative_Control,46
45.0,A1_Negative_Control,47
45.25,A1_Negative_Control,41
45.5,A1_Negative_Control,53
45.75,A1_Negative_Control,50
46.0,A1_Negative_Control,55
46.25,A1_Negative_Control,47
46.5,A1_Negative_Control,51
46.75,A1_Negative_Control,52
47.0,A1_Negative_Control,49
47.25,A1_Negative_Control,48
47.5,A1_Negative_Control,0
0.0,A2_L-Arabinose,100
0.25,A2_L-Arabinose,103
0.5,A2_L-Arabinose,107
0.75,A2_L-Arabinose,106
1.0,A2_L-Arabinose,106
1.25,A2_L-Arabinose,110
1.5,A2_L-Arabinose,107
1.75,A2_L-Arabinose,111
2.0,A2_L-Arabinose,112
2.25,A2_L-Arabinose,108
2.5,A2_L-Arabinose,110
2.75,A2_L-Arabinose,111
3.0,A2_L-Arabinose,115
3.25,A2_L-Arabinose,113
3.5,A2_L-Arabinose,114
3.75,A2_L-Arabinose,111
4.0,A2_L-Arabinose,109
4.25,A2_L-Arabinose,112
4.5,A2_L-Arabinose,114
4.75,A2_L-Arabinose,113
5.0,A2_L-Arabinose,111
5.25,A2_L-Arabinose,114
5.5,A2_L-Arabinose,110
5.75,A2_L-Arabinose,114
6.0,A2_L-Arabinose,112
6.25,A2_L-Arabinose,114
6.5,A2_L-Arabinose,114
6.75,A2_L-Arabinose,116
7.0,A2_L-Arabinose,121
7.25,A2_L-Arabinose,116
7.5,A2_L-Arabinose,118
7.75,A2_L-Arabinose,117
8.0,A2_L-Arabinose,117
8.25,A2_L-Arabinose,119
8.5,A2_L-Arabinose,123
8.75,A2_L-Arabinose,119
9.0,A2_L-Arabinose,124
9.25,A2_L-Arabinose,120
9.5,A2_L-Arabinose,122
9.75,A2_L-Arabinose,118
10.0,A2_L-Arabinose,121
10.25,A2_L-Arabinose,119
10.5,A2_L-Arabinose,121
10.75,A2_L-Arabinose,124
11.0,A2_L-Arabinose,123
11.25,A2_L-Arabinose,122
11.5,A2_L-Arabinose,120
11.75,A2_L-Arabinose,126
12.0,A2_L-Arabinose,122
12.25,A2_L-Arabinose,127
12.5,A2_L-Arabinose,123
12.75,A2_L-Arabinose,121
13.0,A2_L-Arabinose,127
13.25,A2_L-Arabinose,124
13.5,A2_L-Arabinose,124
13.75,A2_L-Arabinose,123
14.0,A2_L-Arabinose,124
14.25,A2_L-Arabinose,127
14.5,A2_L-Arabinose,128
14.75,A2_L-Arabinose,127
15.0,A2_L-Arabinose,127
15.25,A2_L-Arabinose,128
15.5,A2_L-Arabinose,126
15.75,A2_L-Arabinose,127
16.0,A2_L-Arabinose,127
16.25,A2_L-Arabinose,128
16.5,A2_L-Arabinose,132
16.75,A2_L-Arabinose,125
17.0,A2_L-Arabinose,131
17.25,A2_L-Arabinose,131
17.5,A2_L-Arabinose,132
17.75,A2_L-Arabinose,131
18.0,A2_L-Arabinose,129
18.25,A2_L-Arabinose,133
18.5,A2_L-Arabinose,128
18.75,A2_L-Arabinose,131
19.0,A2_L-Arabinose,129
19.25,A2_L-Arabinose,130
19.5,A2_L-Arabinose,133
19.75,A2_L-Arabinose,130
20.0,A2_L-Arabinose,132
20.25,A2_L-Arabinose,128
20.5,A2_L-Arabinose,133
20.75,A2_L-Arabinose,140
21.0,A2_L-Arabinose,134
21.25,A2_L-Arabinose,134
21.5,A2_L-Arabinose,136
21.75,A2_L-Arabinose,133
22.0,A2_L-Arabinose,133
22.25,A2_L-Arabinose,137
22.5,A2_L-Arabinose,133
22.75,A2_L-Arabinose,130
23.0,A2_L-Arabinose,137
23.25,A2_L-Arabinose,132
23.5,A2_L-Arabinose,131
23.75,A2_L-Arabinose,136
24.0,A2_L-Arabinose,137
24.25,A2_L-Arabinose,130
24.5,A2_L-Arabinose,133
24.75,A2_L-Arabinose,132
25.0,A2_L-Arabinose,134
25.25,A2_L-Arabinose,129
25.5,A2_L-Arabinose,139
25.75,A2_L-Arabinose,133
26.0,A2_L-Arabinose,133
26.25,A2_L-Arabinose,136
26.5,A2_L-Arabinose,135
26.75,A2_L-Arabinose,135
27.0,A2_L-Arabinose,140
27.25,A2_L-Arabinose,136
27.5,A2_L-Arabinose,135
27.75,A2_L-Arabinose,135
28.0,A2_L-Arabinose,134
28.25,A2_L-Arabinose,137
28.5,A2_L-Arabinose,133
28.75,A2_L-Arabinose,136
29.0,A2_L-Arabinose,133
29.25,A2_L-Arabinose,138
29.5,A2_L-Arabinose,140
29.75,A2_L-Arabinose,133
30.0,A2_L-Arabinose,137
30.25,A2_L-Arabinose,137
30.5,A2_L-Arabinose,134
30.75,A2_L-Arabinose,138
31.0,A2_L-Arabinose,140
31.25,A2_L-Arabinose,140
31.5,A2_L-Arabinose,138
31.75,A2_L-Arabinose,136
32.0,A2_L-Arabinose,139
32.25,A2_L-Arabinose,138
32.5,A2_L-Arabinose,138
32.75,A2_L-Arabinose,137
33.0,A2_L-Arabinose,138
33.25,A2_L-Arabinose,137
33.5,A2_L-Arabinose,142
33.75,A2_L-Arabinose,140
34.0,A2_L-Arabinose,137
34.25,A2_L-Arabinose,140
34.5,A2_L-Arabinose,139
34.75,A2_L-Arabinose,142
35.0,A2_L-Arabinose,139
35.25,A2_L-Arabinose,139
35.5,A2_L-Arabinose,138
35.75,A2_L-Arabinose,137
36.0,A2_L-Arabinose,135
36.25,A2_L-Arabinose,137
36.5,A2_L-Arabinose,137
36.75,A2_L-Arabinose,138
37.0,A2_L-Arabinose,138
37.25,A2_L-Arabinose,134
37.5,A2_L-Arabinose,134
37.75,A2_L-Arabinose,135
38.0,A2_L-Arabinose,142
38.25,A2_L-Arabinose,137
38.5,A2_L-Arabinose,138
38.75,A2_L-Arabinose,134
39.0,A2_L-Arabinose,138
39.25,A2_L-Arabinose,137
39.5,A2_L-Arabinose,140
39.75,A2_L-Arabinose,139
40.0,A2_L-Arabinose,134
40.25,A2_L-Arabinose,140
40.5,A2_L-Arabinose,142
40.75,A2_L-Arabinose,140
41.0,A2_L-Arabinose,141
41.25,A2_L-Arabinose,140
41.5,A2_L-Arabinose,136
41.75,A2_L-Arabinose,138
42.0,A2_L-Arabinose,136
42.25,A2_L-Arabinose,138
42.5,A2_L-Arabinose,143
42.75,A2_L-Arabinose,142
43.0,A2_L-Arabinose,139
43.25,A2_L-Arabinose,140
43.5,A2_L-Arabinose,140
43.75,A2_L-Arabinose,143
44.0,A2_L-Arabinose,140
44.25,A2_L-Arabinose,140
44.5,A2_L-Arabinose,142
44.75,A2_L-Arabinose,139
45.0,A2_L-Arabinose,139
45.25,A2_L-Arabinose,137
45.5,A2_L-Arabinose,140
45.75,A2_L-Arabinose,139
46.0,A2_L-Arabinose,142
46.25,A2_L-Arabinose,136
46.5,A2_L-Arabinose,142
46.75,A2_L-Arabinose,142
47.0,A2_L-Arabinose,140
47.25,A2_L-Arabinose,143
47.5,A2_L-Arabinose,0
0.0,A3_N-Acetyl-D_Glucosamine,27
0.25,A3_N-Acetyl-D_Glucosamine,22
0.5,A3_N-Acetyl-D_Glucosamine,26
0.75,A3_N-Acetyl-D_Glucosamine,26
1.0,A3_N-Acetyl-D_Glucosamine,22
1.25,A3_N-Acetyl-D_Glucosamine,20
1.5,A3_N-Acetyl-D_Glucosamine,18
1.75,A3_N-Acetyl-D_Glucosamine,18
2.0,A3_N-Acetyl-D_Glucosamine,23
2.25,A3_N-Acetyl-D_Glucosamine,25
2.5,A3_N-Acetyl-D_Glucosamine,25
2.75,A3_N-Acetyl-D_Glucosamine,24
3.0,A3_N-Acetyl-D_Glucosamine,24
3.25,A3_N-Acetyl-D_Glucosamine,23
3.5,A3_N-Acetyl-D_Glucosamine,24
3.75,A3_N-Acetyl-D_Glucosamine,24
4.0,A3_N-Acetyl-D_Glucosamine,23
4.25,A3_N-Acetyl-D_Glucosamine,28
4.5,A3_N-Acetyl-D_Glucosamine,27
4.75,A3_N-Acetyl-D_Glucosamine,30
5.0,A3_N-Acetyl-D_Glucosamine,31
5.25,A3_N-Acetyl-D_Glucosamine,33
5.5,A3_N-Acetyl-D_Glucosamine,28
5.75,A3_N-Acetyl-D_Glucosamine,31
6.0,A3_N-Acetyl-D_Glucosamine,35
6.25,A3_N-Acetyl-D_Glucosamine,34
6.5,A3_N-Acetyl-D_Glucosamine,34
6.75,A3_N-Acetyl-D_Glucosamine,41
7.0,A3_N-Acetyl-D_Glucosamine,43
7.25,A3_N-Acetyl-D_Glucosamine,40
7.5,A3_N-Acetyl-D_Glucosamine,43
7.75,A3_N-Acetyl-D_Glucosamine,47
8.0,A3_N-Acetyl-D_Glucosamine,47
8.25,A3_N-Acetyl-D_Glucosamine,54
8.5,A3_N-Acetyl-D_Glucosamine,52
8.75,A3_N-Acetyl-D_Glucosamine,58
9.0,A3_N-Acetyl-D_Glucosamine,55
9.25,A3_N-Acetyl-D_Glucosamine,56
9.5,A3_N-Acetyl-D_Glucosamine,66
9.75,A3_N-Acetyl-D_Glucosamine,67
10.0,A3_N-Acetyl-D_Glucosamine,66
10.25,A3_N-Acetyl-D_Glucosamine,69
10.5,A3_N-Acetyl-D_Glucosamine,68
10.75,A3_N-Acetyl-D_Glucosamine,74
11.0,A3_N-Acetyl-D_Glucosamine,79
11.25,A3_N-Acetyl-D_Glucosamine,81
11.5,A3_N-Acetyl-D_Glucosamine,87
11.75,A3_N-Acetyl-D_Glucosamine,91
12.0,A3_N-Acetyl-D_Glucosamine,95
12.25,A3_N-Acetyl-D_Glucosamine,105
12.5,A3_N-Acetyl-D_Glucosamine,105
12.75,A3_N-Acetyl-D_Glucosamine,108
13.0,A3_N-Acetyl-D_Glucosamine,111
13.25,A3_N-Acetyl-D_Glucosamine,113
13.5,A3_N-Acetyl-D_Glucosamine,123
13.75,A3_N-Acetyl-D_Glucosamine,128
14.0,A3_N-Acetyl-D_Glucosamine,129
14.25,A3_N-Acetyl-D_Glucosamine,138
14.5,A3_N-Acetyl-D_Glucosamine,142
14.75,A3_N-Acetyl-D_Glucosamine,148
15.0,A3_N-Acetyl-D_Glucosamine,147
15.25,A3_N-Acetyl-D_Glucosamine,152
15.5,A3_N-Acetyl-D_Glucosamine,156
15.75,A3_N-Acetyl-D_Glucosamine,163
16.0,A3_N-Acetyl-D_Glucosamine,161
16.25,A3_N-Acetyl-D_Glucosamine,167
16.5,A3_N-Acetyl-D_Glucosamine,172
16.75,A3_N-Acetyl-D_Glucosamine,165
17.0,A3_N-Acetyl-D_Glucosamine,170
17.25,A3_N-Acetyl-D_Glucosamine,172
17.5,A3_N-Acetyl-D_Glucosamine,171
17.75,A3_N-Acetyl-D_Glucosamine,173
18.0,A3_N-Acetyl-D_Glucosamine,181
18.25,A3_N-Acetyl-D_Glucosamine,178
18.5,A3_N-Acetyl-D_Glucosamine,177
18.75,A3_N-Acetyl-D_Glucosamine,178
19.0,A3_N-Acetyl-D_Glucosamine,186
19.25,A3_N-Acetyl-D_Glucosamine,190
19.5,A3_N-Acetyl-D_Glucosamine,192
19.75,A3_N-Acetyl-D_Glucosamine,196
20.0,A3_N-Acetyl-D_Glucosamine,196
20.25,A3_N-Acetyl-D_Glucosamine,202
20.5,A3_N-Acetyl-D_Glucosamine,202
20.75,A3_N-Acetyl-D_Glucosamine,207
21.0,A3_N-Acetyl-D_Glucosamine,210
21.25,A3_N-Acetyl-D_Glucosamine,213
21.5,A3_N-Acetyl-D_Glucosamine,217
21.75,A3_N-Acetyl-D_Glucosamine,215
22.0,A3_N-Acetyl-D_Glucosamine,219
22.25,A3_N-Acetyl-D_Glucosamine,227
22.5,A3_N-Acetyl-D_Glucosamine,227
22.75,A3_N-Acetyl-D_Glucosamine,224
23.0,A3_N-Acetyl-D_Glucosamine,230
23.25,A3_N-Acetyl-D_Glucosamine,231
23.5,A3_N-Acetyl-D_Glucosamine,233
23.75,A3_N-Acetyl-D_Glucosamine,237
24.0,A3_N-Acetyl-D_Glucosamine,241
24.25,A3_N-Acetyl-D_Glucosamine,236
24.5,A3_N-Acetyl-D_Glucosamine,241
24.75,A3_N-Acetyl-D_Glucosamine,245
25.0,A3_N-Acetyl-D_Glucosamine,243
25.25,A3_N-Acetyl-D_Glucosamine,247
25.5,A3_N-Acetyl-D_Glucosamine,249
25.75,A3_N-Acetyl-D_Glucosamine,251
26.0,A3_N-Acetyl-D_Glucosamine,248
26.25,A3_N-Acetyl-D_Glucosamine,253
26.5,A3_N-Acetyl-D_Glucosamine,251
26.75,A3_N-Acetyl-D_Glucosamine,253
27.0,A3_N-Acetyl-D_Glucosamine,254
27.25,A3_N-Acetyl-D_Glucosamine,248
27.5,A3_N-Acetyl-D_Glucosamine,255
27.75,A3_N-Acetyl-D_Glucosamine,253
28.0,A3_N-Acetyl-D_Glucosamine,254
28.25,A3_N-Acetyl-D_Glucosamine,257
28.5,A3_N-Acetyl-D_Glucosamine,252
28.75,A3_N-Acetyl-D_Glucosamine,257
29.0,A3_N-Acetyl-D_Glucosamine,256
29.25,A3_N-Acetyl-D_Glucosamine,257
29.5,A3_N-Acetyl-D_Glucosamine,258
29.75,A3_N-Acetyl-D_Glucosamine,260
30.0,A3_N-Acetyl-D_Glucosamine,261
30.25,A3_N-Acetyl-D_Glucosamine,261
30.5,A3_N-Acetyl-D_Glucosamine,263
30.75,A3_N-Acetyl-D_Glucosamine,262
31.0,A3_N-Acetyl-D_Glucosamine,263
31.25,A3_N-Acetyl-D_Glucosamine,266
31.5,A3_N-Acetyl-D_Glucosamine,258
31.75,A3_N-Acetyl-D_Glucosamine,264
32.0,A3_N-Acetyl-D_Glucosamine,266
32.25,A3_N-Acetyl-D_Glucosamine,265
32.5,A3_N-Acetyl-D_Glucosamine,264
32.75,A3_N-Acetyl-D_Glucosamine,269
33.0,A3_N-Acetyl-D_Glucosamine,267
33.25,A3_N-Acetyl-D_Glucosamine,267
33.5,A3_N-Acetyl-D_Glucosamine,267
33.75,A3_N-Acetyl-D_Glucosamine,267
34.0,A3_N-Acetyl-D_Glucosamine,265
34.25,A3_N-Acetyl-D_Glucosamine,271
34.5,A3_N-Acetyl-D_Glucosamine,268
34.75,A3_N-Acetyl-D_Glucosamine,266
35.0,A3_N-Acetyl-D_Glucosamine,267
35.25,A3_N-Acetyl-D_Glucosamine,268
35.5,A3_N-Acetyl-D_Glucosamine,267
35.75,A3_N-Acetyl-D_Glucosamine,269
36.0,A3_N-Acetyl-D_Glucosamine,269
36.25,A3_N-Acetyl-D_Glucosamine,266
36.5,A3_N-Acetyl-D_Glucosamine,265
36.75,A3_N-Acetyl-D_Glucosamine,267
37.0,A3_N-Acetyl-D_Glucosamine,263
37.25,A3_N-Acetyl-D_Glucosamine,265
37.5,A3_N-Acetyl-D_Glucosamine,262
37.75,A3_N-Acetyl-D_Glucosamine,264
38.0,A3_N-Acetyl-D_Glucosamine,265
38.25,A3_N-Acetyl-D_Glucosamine,261
38.5,A3_N-Acetyl-D_Glucosamine,267
38.75,A3_N-Acetyl-D_Glucosamine,262
39.0,A3_N-Acetyl-D_Glucosamine,265
39.25,A3_N-Acetyl-D_Glucosamine,267
39.5,A3_N-Acetyl-D_Glucosamine,264
39.75,A3_N-Acetyl-D_Glucosamine,261
40.0,A3_N-Acetyl-D_Glucosamine,264
40.25,A3_N-Acetyl-D_Glucosamine,265
40.5,A3_N-Acetyl-D_Glucosamine,265
40.75,A3_N-Acetyl-D_Glucosamine,263
41.0,A3_N-Acetyl-D_Glucosamine,260
41.25,A3_N-Acetyl-D_Glucosamine,261
41.5,A3_N-Acetyl-D_Glucosamine,260
41.75,A3_N-Acetyl-D_Glucosamine,258
42.0,A3_N-Acetyl-D_Glucosamine,259
42.25,A3_N-Acetyl-D_Glucosamine,260
42.5,A3_N-Acetyl-D_Glucosamine,258
42.75,A3_N-Acetyl-D_Glucosamine,257
43.0,A3_N-Acetyl-D_Glucosamine,257
43.25,A3_N-Acetyl-D_Glucosamine,258
43.5,A3_N-Acetyl-D_Glucosamine,255
43.75,A3_N-Acetyl-D_Glucosamine,257
44.0,A3_N-Acetyl-D_Glucosamine,257
44.25,A3_N-Acetyl-D_Glucosamine,256
44.5,A3_N-Acetyl-D_Glucosamine,252
44.75,A3_N-Acetyl-D_Glucosamine,252
45.0,A3_N-Acetyl-D_Glucosamine,249
45.25,A3_N-Acetyl-D_Glucosamine,253
45.5,A3_N-Acetyl-D_Glucosamine,254
45.75,A3_N-Acetyl-D_Glucosamine,253
46.0,A3_N-Acetyl-D_Glucosamine,252
46.25,A3_N-Acetyl-D_Glucosamine,252
46.5,A3_N-Acetyl-D_Glucosamine,256
46.75,A3_N-Acetyl-D_Glucosamine,254
47.0,A3_N-Acetyl-D_Glucosamine,255
47.25,A3_N-Acetyl-D_Glucosamine,254
47.5,A3_N-Acetyl-D_Glucosamine,0
0.0,A4_D-Saccharic_Acid,29
0.25,A4_D-Saccharic_Acid,34
0.5,A4_D-Saccharic_Acid,31
0.75,A4_D-Saccharic_Acid,22
1.0,A4_D-Saccharic_Acid,21
1.25,A4_D-Saccharic_Acid,20
1.5,A4_D-Saccharic_Acid,22
1.75,A4_D-Saccharic_Acid,23
2.0,A4_D-Saccharic_Acid,19
2.25,A4_D-Saccharic_Acid,24
2.5,A4_D-Saccharic_Acid,21
2.75,A4_D-Saccharic_Acid,28
3.0,A4_D-Saccharic_Acid,23
3.25,A4_D-Saccharic_Acid,20
3.5,A4_D-Saccharic_Acid,24
3.75,A4_D-Saccharic_Acid,27
4.0,A4_D-Saccharic_Acid,26
4.25,A4_D-Saccharic_Acid,29
4.5,A4_D-Saccharic_Acid,27
4.75,A4_D-Saccharic_Acid,25
5.0,A4_D-Saccharic_Acid,30
5.25,A4_D-Saccharic_Acid,28
5.5,A4_D-Saccharic_Acid,32
5.75,A4_D-Saccharic_Acid,35
6.0,A4_D-Saccharic_Acid,34
6.25,A4_D-Saccharic_Acid,37
6.5,A4_D-Saccharic_Acid,40
6.75,A4_D-Saccharic_Acid,37
7.0,A4_D-Saccharic_Acid,37
7.25,A4_D-Saccharic_Acid,38
7.5,A4_D-Saccharic_Acid,38
7.75,A4_D-Saccharic_Acid,47
8.0,A4_D-Saccharic_Acid,45
8.25,A4_D-Saccharic_Acid,43
8.5,A4_D-Saccharic_Acid,43
8.75,A4_D-Saccharic_Acid,41
9.0,A4_D-Saccharic_Acid,45
9.25,A4_D-Saccharic_Acid,44
9.5,A4_D-Saccharic_Acid,42
9.75,A4_D-Saccharic_Acid,42
10.0,A4_D-Saccharic_Acid,44
10.25,A4_D-Saccharic_Acid,40
10.5,A4_D-Saccharic_Acid,43
10.75,A4_D-Saccharic_Acid,43
11.0,A4_D-Saccharic_Acid,48
11.25,A4_D-Saccharic_Acid,43
11.5,A4_D-Saccharic_Acid,42
11.75,A4_D-Saccharic_Acid,44
12.0,A4_D-Saccharic_Acid,44
12.25,A4_D-Saccharic_Acid,45
12.5,A4_D-Saccharic_Acid,46
12.75,A4_D-Saccharic_Acid,43
13.0,A4_D-Saccharic_Acid,50
13.25,A4_D-Saccharic_Acid,49
13.5,A4_D-Saccharic_Acid,45
13.75,A4_D-Saccharic_Acid,47
14.0,A4_D-Saccharic_Acid,47
14.25,A4_D-Saccharic_Acid,48
14.5,A4_D-Saccharic_Acid,44
14.75,A4_D-Saccharic_Acid,45
15.0,A4_D-Saccharic_Acid,43
15.25,A4_D-Saccharic_Acid,43
15.5,A4_D-Saccharic_Acid,46
15.75,A4_D-Saccharic_Acid,48
16.0,A4_D-Saccharic_Acid,49
16.25,A4_D-Saccharic_Acid,47
16.5,A4_D-Saccharic_Acid,48
16.75,A4_D-Saccharic_Acid,40
17.0,A4_D-Saccharic_Acid,50
17.25,A4_D-Saccharic_Acid,43
17.5,A4_D-Saccharic_Acid,48
17.75,A4_D-Saccharic_Acid,51
18.0,A4_D-Saccharic_Acid,55
18.25,A4_D-Saccharic_Acid,50
18.5,A4_D-Saccharic_Acid,54
18.75,A4_D-Saccharic_Acid,53
19.0,A4_D-Saccharic_Acid,49
19.25,A4_D-Saccharic_Acid,54
19.5,A4_D-Saccharic_Acid,51
19.75,A4_D-Saccharic_Acid,47
20.0,A4_D-Saccharic_Acid,49
20.25,A4_D-Saccharic_Acid,49
20.5,A4_D-Saccharic_Acid,45
20.75,A4_D-Saccharic_Acid,52
21.0,A4_D-Saccharic_Acid,47
21.25,A4_D-Saccharic_Acid,50
21.5,A4_D-Saccharic_Acid,56
21.75,A4_D-Saccharic_Acid,50
22.0,A4_D-Saccharic_Acid,54
22.25,A4_D-Saccharic_Acid,50
22.5,A4_D-Saccharic_Acid,51
22.75,A4_D-Saccharic_Acid,44
23.0,A4_D-Saccharic_Acid,50
23.25,A4_D-Saccharic_Acid,55
23.5,A4_D-Saccharic_Acid,47
23.75,A4_D-Saccharic_Acid,53
24.0,A4_D-Saccharic_Acid,56
24.25,A4_D-Saccharic_Acid,49
24.5,A4_D-Saccharic_Acid,53
24.75,A4_D-Saccharic_Acid,48
25.0,A4_D-Saccharic_Acid,53
25.25,A4_D-Saccharic_Acid,41
25.5,A4_D-Saccharic_Acid,55
25.75,A4_D-Saccharic_Acid,48
26.0,A4_D-Saccharic_Acid,50
26.25,A4_D-Saccharic_Acid,55
26.5,A4_D-Saccharic_Acid,46
26.75,A4_D-Saccharic_Acid,58
27.0,A4_D-Saccharic_Acid,55
27.25,A4_D-Saccharic_Acid,49
27.5,A4_D-Saccharic_Acid,58
27.75,A4_D-Saccharic_Acid,48
28.0,A4_D-Saccharic_Acid,50
28.25,A4_D-Saccharic_Acid,46
28.5,A4_D-Saccharic_Acid,49
28.75,A4_D-Saccharic_Acid,59
29.0,A4_D-Saccharic_Acid,48
29.25,A4_D-Saccharic_Acid,55
29.5,A4_D-Saccharic_Acid,59
29.75,A4_D-Saccharic_Acid,52
30.0,A4_D-Saccharic_Acid,56
30.25,A4_D-Saccharic_Acid,51
30.5,A4_D-Saccharic_Acid,54
30.75,A4_D-Saccharic_Acid,54
31.0,A4_D-Saccharic_Acid,54
31.25,A4_D-Saccharic_Acid,51
31.5,A4_D-Saccharic_Acid,46
31.75,A4_D-Saccharic_Acid,52
32.0,A4_D-Saccharic_Acid,57
32.25,A4_D-Saccharic_Acid,55
32.5,A4_D-Saccharic_Acid,56
32.75,A4_D-Saccharic_Acid,48
33.0,A4_D-Saccharic_Acid,53
33.25,A4_D-Saccharic_Acid,57
33.5,A4_D-Saccharic_Acid,58
33.75,A4_D-Saccharic_Acid,53
34.0,A4_D-Saccharic_Acid,52
34.25,A4_D-Saccharic_Acid,55
34.5,A4_D-Saccharic_Acid,53
34.75,A4_D-Saccharic_Acid,51
35.0,A4_D-Saccharic_Acid,50
35.25,A4_D-Saccharic_Acid,48
35.5,A4_D-Saccharic_Acid,55
35.75,A4_D-Saccharic_Acid,54
36.0,A4_D-Saccharic_Acid,52
36.25,A4_D-Saccharic_Acid,57
36.5,A4_D-Saccharic_Acid,46
36.75,A4_D-Saccharic_Acid,51
37.0,A4_D-Saccharic_Acid,49
37.25,A4_D-Saccharic_Acid,51
37.5,A4_D-Saccharic_Acid,45
37.75,A4_D-Saccharic_Acid,54
38.0,A4_D-Saccharic_Acid,59
38.25,A4_D-Saccharic_Acid,44
38.5,A4_D-Saccharic_Acid,48
38.75,A4_D-Saccharic_Acid,46
39.0,A4_D-Saccharic_Acid,54
39.25,A4_D-Saccharic_Acid,53
39.5,A4_D-Saccharic_Acid,48
39.75,A4_D-Saccharic_Acid,55
40.0,A4_D-Saccharic_Acid,53
40.25,A4_D-Saccharic_Acid,56
40.5,A4_D-Saccharic_Acid,53
40.75,A4_D-Saccharic_Acid,58
41.0,A4_D-Saccharic_Acid,49
41.25,A4_D-Saccharic_Acid,53
41.5,A4_D-Saccharic_Acid,52
41.75,A4_D-Saccharic_Acid,56
42.0,A4_D-Saccharic_Acid,53
42.25,A4_D-Saccharic_Acid,48
42.5,A4_D-Saccharic_Acid,52
42.75,A4_D-Saccharic_Acid,53
43.0,A4_D-Saccharic_Acid,55
43.25,A4_D-Saccharic_Acid,50
43.5,A4_D-Saccharic_Acid,42
43.75,A4_D-Saccharic_Acid,54
44.0,A4_D-Saccharic_Acid,52
44.25,A4_D-Saccharic_Acid,55
44.5,A4_D-Saccharic_Acid,53
44.75,A4_D-Saccharic_Acid,52
45.0,A4_D-Saccharic_Acid,49
45.25,A4_D-Saccharic_Acid,44
45.5,A4_D-Saccharic_Acid,53
45.75,A4_D-Saccharic_Acid,53
46.0,A4_D-Saccharic_Acid,57
46.25,A4_D-Saccharic_Acid,50
46.5,A4_D-Saccharic_Acid,56
46.75,A4_D-Saccharic_Acid,53
47.0,A4_D-Saccharic_Acid,55
47.25,A4_D-Saccharic_Acid,55
47.5,A4_D-Saccharic_Acid,0
0.0,A5_Succinic_Acid,24
0.25,A5_Succinic_Acid,15
0.5,A5_Succinic_Acid,26
0.75,A5_Succinic_Acid,21
1.0,A5_Succinic_Acid,19
1.25,A5_Succinic_Acid,17
1.5,A5_Succinic_Acid,15
1.75,A5_Succinic_Acid,20
2.0,A5_Succinic_Acid,21
2.25,A5_Succinic_Acid,18
2.5,A5_Succinic_Acid,17
2.75,A5_Succinic_Acid,20
3.0,A5_Succinic_Acid,22
3.25,A5_Succinic_Acid,19
3.5,A5_Succinic_Acid,20
3.75,A5_Succinic_Acid,20
4.0,A5_Succinic_Acid,20
4.25,A5_Succinic_Acid,23
4.5,A5_Succinic_Acid,28
4.75,A5_Succinic_Acid,21
5.0,A5_Succinic_Acid,22
5.25,A5_Succinic_Acid,25
5.5,A5_Succinic_Acid,25
5.75,A5_Succinic_Acid,33
6.0,A5_Succinic_Acid,30
6.25,A5_Succinic_Acid,37
6.5,A5_Succinic_Acid,35
6.75,A5_Succinic_Acid,38
7.0,A5_Succinic_Acid,37
7.25,A5_Succinic_Acid,35
7.5,A5_Succinic_Acid,40
7.75,A5_Succinic_Acid,53
8.0,A5_Succinic_Acid,47
8.25,A5_Succinic_Acid,44
8.5,A5_Succinic_Acid,49
8.75,A5_Succinic_Acid,53
9.0,A5_Succinic_Acid,60
9.25,A5_Succinic_Acid,62
9.5,A5_Succinic_Acid,63
9.75,A5_Succinic_Acid,66
10.0,A5_Succinic_Acid,66
10.25,A5_Succinic_Acid,72
10.5,A5_Succinic_Acid,74
10.75,A5_Succinic_Acid,78
11.0,A5_Succinic_Acid,82
11.25,A5_Succinic_Acid,82
11.5,A5_Succinic_Acid,93
11.75,A5_Succinic_Acid,92
12.0,A5_Succinic_Acid,94
12.25,A5_Succinic_Acid,107
12.5,A5_Succinic_Acid,103
12.75,A5_Succinic_Acid,100
13.0,A5_Succinic_Acid,106
13.25,A5_Succinic_Acid,106
13.5,A5_Succinic_Acid,106
13.75,A5_Succinic_Acid,115
14.0,A5_Succinic_Acid,116
14.25,A5_Succinic_Acid,115
14.5,A5_Succinic_Acid,114
14.75,A5_Succinic_Acid,111
15.0,A5_Succinic_Acid,116
15.25,A5_Succinic_Acid,116
15.5,A5_Succinic_Acid,118
15.75,A5_Succinic_Acid,122
16.0,A5_Succinic_Acid,115
16.25,A5_Succinic_Acid,115
16.5,A5_Succinic_Acid,117
16.75,A5_Succinic_Acid,114
17.0,A5_Succinic_Acid,117
17.25,A5_Succinic_Acid,113
17.5,A5_Succinic_Acid,111
17.75,A5_Succinic_Acid,113
18.0,A5_Succinic_Acid,113
18.25,A5_Succinic_Acid,116
18.5,A5_Succinic_Acid,111
18.75,A5_Succinic_Acid,105
19.0,A5_Succinic_Acid,103
19.25,A5_Succinic_Acid,110
19.5,A5_Succinic_Acid,106
19.75,A5_Succinic_Acid,106
20.0,A5_Succinic_Acid,104
20.25,A5_Succinic_Acid,106
20.5,A5_Succinic_Acid,104
20.75,A5_Succinic_Acid,111
21.0,A5_Succinic_Acid,105
21.25,A5_Succinic_Acid,108
21.5,A5_Succinic_Acid,109
21.75,A5_Succinic_Acid,109
22.0,A5_Succinic_Acid,112
22.25,A5_Succinic_Acid,105
22.5,A5_Succinic_Acid,106
22.75,A5_Succinic_Acid,97
23.0,A5_Succinic_Acid,107
23.25,A5_Succinic_Acid,106
23.5,A5_Succinic_Acid,103
23.75,A5_Succinic_Acid,109
24.0,A5_Succinic_Acid,111
24.25,A5_Succinic_Acid,97
24.5,A5_Succinic_Acid,104
24.75,A5_Succinic_Acid,100
25.0,A5_Succinic_Acid,105
25.25,A5_Succinic_Acid,100
25.5,A5_Succinic_Acid,106
25.75,A5_Succinic_Acid,103
26.0,A5_Succinic_Acid,98
26.25,A5_Succinic_Acid,111
26.5,A5_Succinic_Acid,107
26.75,A5_Succinic_Acid,108
27.0,A5_Succinic_Acid,111
27.25,A5_Succinic_Acid,103
27.5,A5_Succinic_Acid,113
27.75,A5_Succinic_Acid,104
28.0,A5_Succinic_Acid,105
28.25,A5_Succinic_Acid,107
28.5,A5_Succinic_Acid,103
28.75,A5_Succinic_Acid,111
29.0,A5_Succinic_Acid,104
29.25,A5_Succinic_Acid,109
29.5,A5_Succinic_Acid,111
29.75,A5_Succinic_Acid,112
30.0,A5_Succinic_Acid,115
30.25,A5_Succinic_Acid,110
30.5,A5_Succinic_Acid,113
30.75,A5_Succinic_Acid,110
31.0,A5_Succinic_Acid,113
31.25,A5_Succinic_Acid,106
31.5,A5_Succinic_Acid,106
31.75,A5_Succinic_Acid,110
32.0,A5_Succinic_Acid,113
32.25,A5_Succinic_Acid,111
32.5,A5_Succinic_Acid,116
32.75,A5_Succinic_Acid,110
33.0,A5_Succinic_Acid,115
33.25,A5_Succinic_Acid,109
33.5,A5_Succinic_Acid,111
33.75,A5_Succinic_Acid,109
34.0,A5_Succinic_Acid,111
34.25,A5_Succinic_Acid,112
34.5,A5_Succinic_Acid,108
34.75,A5_Succinic_Acid,109
35.0,A5_Succinic_Acid,113
35.25,A5_Succinic_Acid,106
35.5,A5_Succinic_Acid,110
35.75,A5_Succinic_Acid,112
36.0,A5_Succinic_Acid,107
36.25,A5_Succinic_Acid,114
36.5,A5_Succinic_Acid,104
36.75,A5_Succinic_Acid,114
37.0,A5_Succinic_Acid,102
37.25,A5_Succinic_Acid,109
37.5,A5_Succinic_Acid,103
37.75,A5_Succinic_Acid,109
38.0,A5_Succinic_Acid,114
38.25,A5_Succinic_Acid,108
38.5,A5_Succinic_Acid,108
38.75,A5_Succinic_Acid,108
39.0,A5_Succinic_Acid,111
39.25,A5_Succinic_Acid,112
39.5,A5_Succinic_Acid,102
39.75,A5_Succinic_Acid,108
40.0,A5_Succinic_Acid,112
40.25,A5_Succinic_Acid,112
40.5,A5_Succinic_Acid,112
40.75,A5_Succinic_Acid,111
41.0,A5_Succinic_Acid,109
41.25,A5_Succinic_Acid,112
41.5,A5_Succinic_Acid,113
41.75,A5_Succinic_Acid,111
42.0,A5_Succinic_Acid,110
42.25,A5_Succinic_Acid,107
42.5,A5_Succinic_Acid,108
42.75,A5_Succinic_Acid,109
43.0,A5_Succinic_Acid,113
43.25,A5_Succinic_Acid,110
43.5,A5_Succinic_Acid,107
43.75,A5_Succinic_Acid,110
44.0,A5_Succinic_Acid,108
44.25,A5_Succinic_Acid,109
44.5,A5_Succinic_Acid,107
44.75,A5_Succinic_Acid,112
45.0,A5_Succinic_Acid,106
45.25,A5_Succinic_Acid,105
45.5,A5_Succinic_Acid,109
45.75,A5_Succinic_Acid,111
46.0,A5_Succinic_Acid,117
46.25,A5_Succinic_Acid,104
46.5,A5_Succinic_Acid,116
46.75,A5_Succinic_Acid,108
47.0,A5_Succinic_Acid,109
47.25,A5_Succinic_Acid,112
47.5,A5_Succinic_Acid,0
0.0,A6_D-Galactose,18
0.25,A6_D-Galactose,20
0.5,A6_D-Galactose,22
0.75,A6_D-Galactose,23
1.0,A6_D-Galactose,22
1.25,A6_D-Galactose,21
1.5,A6_D-Galactose,19
1.75,A6_D-Galactose,22
2.0,A6_D-Galactose,21
2.25,A6_D-Galactose,23
2.5,A6_D-Galactose,22
2.75,A6_D-Galactose,20
3.0,A6_D-Galactose,20
3.25,A6_D-Galactose,22
3.5,A6_D-Galactose,17
3.75,A6_D-Galactose,20
4.0,A6_D-Galactose,23
4.25,A6_D-Galactose,18
4.5,A6_D-Galactose,24
4.75,A6_D-Galactose,22
5.0,A6_D-Galactose,26
5.25,A6_D-Galactose,24
5.5,A6_D-Galactose,30
5.75,A6_D-Galactose,31
6.0,A6_D-Galactose,28
6.25,A6_D-Galactose,32
6.5,A6_D-Galactose,36
6.75,A6_D-Galactose,34
7.0,A6_D-Galactose,40
7.25,A6_D-Galactose,41
7.5,A6_D-Galactose,41
7.75,A6_D-Galactose,50
8.0,A6_D-Galactose,48
8.25,A6_D-Galactose,48
8.5,A6_D-Galactose,54
8.75,A6_D-Galactose,49
9.0,A6_D-Galactose,61
9.25,A6_D-Galactose,55
9.5,A6_D-Galactose,54
9.75,A6_D-Galactose,60
10.0,A6_D-Galactose,58
10.25,A6_D-Galactose,62
10.5,A6_D-Galactose,64
10.75,A6_D-Galactose,67
11.0,A6_D-Galactose,74
11.25,A6_D-Galactose,67
11.5,A6_D-Galactose,74
11.75,A6_D-Galactose,79
12.0,A6_D-Galactose,76
12.25,A6_D-Galactose,83
12.5,A6_D-Galactose,85
12.75,A6_D-Galactose,83
13.0,A6_D-Galactose,86
13.25,A6_D-Galactose,94
13.5,A6_D-Galactose,97
13.75,A6_D-Galactose,97
14.0,A6_D-Galactose,94
14.25,A6_D-Galactose,99
14.5,A6_D-Galactose,98
14.75,A6_D-Galactose,102
15.0,A6_D-Galactose,102
15.25,A6_D-Galactose,102
15.5,A6_D-Galactose,108
15.75,A6_D-Galactose,114
16.0,A6_D-Galactose,112
16.25,A6_D-Galactose,117
16.5,A6_D-Galactose,121
16.75,A6_D-Galactose,115
17.0,A6_D-Galactose,124
17.25,A6_D-Galactose,122
17.5,A6_D-Galactose,126
17.75,A6_D-Galactose,127
18.0,A6_D-Galactose,129
18.25,A6_D-Galactose,131
18.5,A6_D-Galactose,133
18.75,A6_D-Galactose,132
19.0,A6_D-Galactose,130
19.25,A6_D-Galactose,135
19.5,A6_D-Galactose,136
19.75,A6_D-Galactose,132
20.0,A6_D-Galactose,141
20.25,A6_D-Galactose,142
20.5,A6_D-Galactose,142
20.75,A6_D-Galactose,149
21.0,A6_D-Galactose,145
21.25,A6_D-Galactose,148
21.5,A6_D-Galactose,149
21.75,A6_D-Galactose,158
22.0,A6_D-Galactose,156
22.25,A6_D-Galactose,157
22.5,A6_D-Galactose,157
22.75,A6_D-Galactose,153
23.0,A6_D-Galactose,160
23.25,A6_D-Galactose,161
23.5,A6_D-Galactose,163
23.75,A6_D-Galactose,168
24.0,A6_D-Galactose,172
24.25,A6_D-Galactose,159
24.5,A6_D-Galactose,168
24.75,A6_D-Galactose,170
25.0,A6_D-Galactose,169
25.25,A6_D-Galactose,173
25.5,A6_D-Galactose,182
25.75,A6_D-Galactose,182
26.0,A6_D-Galactose,179
26.25,A6_D-Galactose,190
26.5,A6_D-Galactose,188
26.75,A6_D-Galactose,197
27.0,A6_D-Galactose,193
27.25,A6_D-Galactose,194
27.5,A6_D-Galactose,200
27.75,A6_D-Galactose,194
28.0,A6_D-Galactose,200
28.25,A6_D-Galactose,203
28.5,A6_D-Galactose,204
28.75,A6_D-Galactose,207
29.0,A6_D-Galactose,201
29.25,A6_D-Galactose,211
29.5,A6_D-Galactose,216
29.75,A6_D-Galactose,210
30.0,A6_D-Galactose,220
30.25,A6_D-Galactose,217
30.5,A6_D-Galactose,224
30.75,A6_D-Galactose,223
31.0,A6_D-Galactose,227
31.25,A6_D-Galactose,225
31.5,A6_D-Galactose,222
31.75,A6_D-Galactose,230
32.0,A6_D-Galactose,234
32.25,A6_D-Galactose,232
32.5,A6_D-Galactose,235
32.75,A6_D-Galactose,234
33.0,A6_D-Galactose,238
33.25,A6_D-Galactose,242
33.5,A6_D-Galactose,244
33.75,A6_D-Galactose,241
34.0,A6_D-Galactose,246
34.25,A6_D-Galactose,246
34.5,A6_D-Galactose,246
34.75,A6_D-Galactose,243
35.0,A6_D-Galactose,251
35.25,A6_D-Galactose,246
35.5,A6_D-Galactose,256
35.75,A6_D-Galactose,254
36.0,A6_D-Galactose,254
36.25,A6_D-Galactose,259
36.5,A6_D-Galactose,253
36.75,A6_D-Galactose,260
37.0,A6_D-Galactose,258
37.25,A6_D-Galactose,261
37.5,A6_D-Galactose,258
37.75,A6_D-Galactose,265
38.0,A6_D-Galactose,268
38.25,A6_D-Galactose,263
38.5,A6_D-Galactose,267
38.75,A6_D-Galactose,266
39.0,A6_D-Galactose,272
39.25,A6_D-Galactose,270
39.5,A6_D-Galactose,271
39.75,A6_D-Galactose,270
40.0,A6_D-Galactose,275
40.25,A6_D-Galactose,274
40.5,A6_D-Galactose,276
40.75,A6_D-Galactose,279
41.0,A6_D-Galactose,276
41.25,A6_D-Galactose,279
41.5,A6_D-Galactose,280
41.75,A6_D-Galactose,279
42.0,A6_D-Galactose,278
42.25,A6_D-Galactose,279
42.5,A6_D-Galactose,283
42.75,A6_D-Galactose,282
43.0,A6_D-Galactose,284
43.25,A6_D-Galactose,283
43.5,A6_D-Galactose,279
43.75,A6_D-Galactose,283
44.0,A6_D-Galactose,282
44.25,A6_D-Galactose,286
44.5,A6_D-Galactose,284
44.75,A6_D-Galactose,283
45.0,A6_D-Galactose,285
45.25,A6_D-Galactose,283
45.5,A6_D-Galactose,287
45.75,A6_D-Galactose,288
46.0,A6_D-Galactose,288
46.25,A6_D-Galactose,284
46.5,A6_D-Galactose,289
46.75,A6_D-Galactose,289
47.0,A6_D-Galactose,292
47.25,A6_D-Galactose,288
47.5,A6_D-Galactose,0
0.0,A7_L-Aspartic_Acid,21
0.25,A7_L-Aspartic_Acid,26
0.5,A7_L-Aspartic_Acid,29
0.75,A7_L-Aspartic_Acid,27
1.0,A7_L-Aspartic_Acid,19
1.25,A7_L-Aspartic_Acid,21
1.5,A7_L-Aspartic_Acid,19
1.75,A7_L-Aspartic_Acid,27
2.0,A7_L-Aspartic_Acid,19
2.25,A7_L-Aspartic_Acid,19
2.5,A7_L-Aspartic_Acid,27
2.75,A7_L-Aspartic_Acid,28
3.0,A7_L-Aspartic_Acid,26
3.25,A7_L-Aspartic_Acid,28
3.5,A7_L-Aspartic_Acid,27
3.75,A7_L-Aspartic_Acid,25
4.0,A7_L-Aspartic_Acid,25
4.25,A7_L-Aspartic_Acid,26
4.5,A7_L-Aspartic_Acid,27
4.75,A7_L-Aspartic_Acid,28
5.0,A7_L-Aspartic_Acid,26
5.25,A7_L-Aspartic_Acid,29
5.5,A7_L-Aspartic_Acid,32
5.75,A7_L-Aspartic_Acid,34
6.0,A7_L-Aspartic_Acid,34
6.25,A7_L-Aspartic_Acid,38
6.5,A7_L-Aspartic_Acid,38
6.75,A7_L-Aspartic_Acid,42
7.0,A7_L-Aspartic_Acid,38
7.25,A7_L-Aspartic_Acid,39
7.5,A7_L-Aspartic_Acid,40
7.75,A7_L-Aspartic_Acid,47
8.0,A7_L-Aspartic_Acid,48
8.25,A7_L-Aspartic_Acid,50
8.5,A7_L-Aspartic_Acid,51
8.75,A7_L-Aspartic_Acid,54
9.0,A7_L-Aspartic_Acid,58
9.25,A7_L-Aspartic_Acid,54
9.5,A7_L-Aspartic_Acid,58
9.75,A7_L-Aspartic_Acid,52
10.0,A7_L-Aspartic_Acid,61
10.25,A7_L-Aspartic_Acid,58
10.5,A7_L-Aspartic_Acid,57
10.75,A7_L-Aspartic_Acid,58
11.0,A7_L-Aspartic_Acid,60
11.25,A7_L-Aspartic_Acid,65
11.5,A7_L-Aspartic_Acid,65
11.75,A7_L-Aspartic_Acid,67
12.0,A7_L-Aspartic_Acid,67
12.25,A7_L-Aspartic_Acid,70
12.5,A7_L-Aspartic_Acid,67
12.75,A7_L-Aspartic_Acid,72
13.0,A7_L-Aspartic_Acid,75
13.25,A7_L-Aspartic_Acid,71
13.5,A7_L-Aspartic_Acid,74
13.75,A7_L-Aspartic_Acid,78
14.0,A7_L-Aspartic_Acid,78
14.25,A7_L-Aspartic_Acid,80
14.5,A7_L-Aspartic_Acid,79
14.75,A7_L-Aspartic_Acid,79
15.0,A7_L-Aspartic_Acid,83
15.25,A7_L-Aspartic_Acid,83
15.5,A7_L-Aspartic_Acid,86
15.75,A7_L-Aspartic_Acid,96
16.0,A7_L-Aspartic_Acid,91
16.25,A7_L-Aspartic_Acid,90
16.5,A7_L-Aspartic_Acid,94
16.75,A7_L-Aspartic_Acid,91
17.0,A7_L-Aspartic_Acid,94
17.25,A7_L-Aspartic_Acid,99
17.5,A7_L-Aspartic_Acid,99
17.75,A7_L-Aspartic_Acid,103
18.0,A7_L-Aspartic_Acid,105
18.25,A7_L-Aspartic_Acid,104
18.5,A7_L-Aspartic_Acid,108
18.75,A7_L-Aspartic_Acid,108
19.0,A7_L-Aspartic_Acid,110
19.25,A7_L-Aspartic_Acid,108
19.5,A7_L-Aspartic_Acid,114
19.75,A7_L-Aspartic_Acid,109
20.0,A7_L-Aspartic_Acid,115
20.25,A7_L-Aspartic_Acid,116
20.5,A7_L-Aspartic_Acid,117
20.75,A7_L-Aspartic_Acid,127
21.0,A7_L-Aspartic_Acid,124
21.25,A7_L-Aspartic_Acid,122
21.5,A7_L-Aspartic_Acid,126
21.75,A7_L-Aspartic_Acid,125
22.0,A7_L-Aspartic_Acid,134
22.25,A7_L-Aspartic_Acid,131
22.5,A7_L-Aspartic_Acid,134
22.75,A7_L-Aspartic_Acid,132
23.0,A7_L-Aspartic_Acid,137
23.25,A7_L-Aspartic_Acid,139
23.5,A7_L-Aspartic_Acid,140
23.75,A7_L-Aspartic_Acid,146
24.0,A7_L-Aspartic_Acid,144
24.25,A7_L-Aspartic_Acid,140
24.5,A7_L-Aspartic_Acid,146
24.75,A7_L-Aspartic_Acid,149
25.0,A7_L-Aspartic_Acid,154
25.25,A7_L-Aspartic_Acid,149
25.5,A7_L-Aspartic_Acid,157
25.75,A7_L-Aspartic_Acid,154
26.0,A7_L-Aspartic_Acid,162
26.25,A7_L-Aspartic_Acid,165
26.5,A7_L-Aspartic_Acid,164
26.75,A7_L-Aspartic_Acid,168
27.0,A7_L-Aspartic_Acid,168
27.25,A7_L-Aspartic_Acid,172
27.5,A7_L-Aspartic_Acid,174
27.75,A7_L-Aspartic_Acid,173
28.0,A7_L-Aspartic_Acid,175
28.25,A7_L-Aspartic_Acid,179
28.5,A7_L-Aspartic_Acid,182
28.75,A7_L-Aspartic_Acid,184
29.0,A7_L-Aspartic_Acid,183
29.25,A7_L-Aspartic_Acid,184
29.5,A7_L-Aspartic_Acid,191
29.75,A7_L-Aspartic_Acid,189
30.0,A7_L-Aspartic_Acid,191
30.25,A7_L-Aspartic_Acid,188
30.5,A7_L-Aspartic_Acid,192
30.75,A7_L-Aspartic_Acid,195
31.0,A7_L-Aspartic_Acid,195
31.25,A7_L-Aspartic_Acid,199
31.5,A7_L-Aspartic_Acid,194
31.75,A7_L-Aspartic_Acid,203
32.0,A7_L-Aspartic_Acid,207
32.25,A7_L-Aspartic_Acid,202
32.5,A7_L-Aspartic_Acid,207
32.75,A7_L-Aspartic_Acid,201
33.0,A7_L-Aspartic_Acid,203
33.25,A7_L-Aspartic_Acid,200
33.5,A7_L-Aspartic_Acid,203
33.75,A7_L-Aspartic_Acid,198
34.0,A7_L-Aspartic_Acid,197
34.25,A7_L-Aspartic_Acid,197
34.5,A7_L-Aspartic_Acid,194
34.75,A7_L-Aspartic_Acid,191
35.0,A7_L-Aspartic_Acid,196
35.25,A7_L-Aspartic_Acid,195
35.5,A7_L-Aspartic_Acid,200
35.75,A7_L-Aspartic_Acid,197
36.0,A7_L-Aspartic_Acid,191
36.25,A7_L-Aspartic_Acid,196
36.5,A7_L-Aspartic_Acid,193
36.75,A7_L-Aspartic_Acid,198
37.0,A7_L-Aspartic_Acid,195
37.25,A7_L-Aspartic_Acid,190
37.5,A7_L-Aspartic_Acid,187
37.75,A7_L-Aspartic_Acid,194
38.0,A7_L-Aspartic_Acid,193
38.25,A7_L-Aspartic_Acid,194
38.5,A7_L-Aspartic_Acid,189
38.75,A7_L-Aspartic_Acid,188
39.0,A7_L-Aspartic_Acid,195
39.25,A7_L-Aspartic_Acid,189
39.5,A7_L-Aspartic_Acid,193
39.75,A7_L-Aspartic_Acid,191
40.0,A7_L-Aspartic_Acid,188
40.25,A7_L-Aspartic_Acid,189
40.5,A7_L-Aspartic_Acid,189
40.75,A7_L-Aspartic_Acid,193
41.0,A7_L-Aspartic_Acid,190
41.25,A7_L-Aspartic_Acid,186
41.5,A7_L-Aspartic_Acid,190
41.75,A7_L-Aspartic_Acid,191
42.0,A7_L-Aspartic_Acid,189
42.25,A7_L-Aspartic_Acid,185
42.5,A7_L-Aspartic_Acid,187
42.75,A7_L-Aspartic_Acid,190
43.0,A7_L-Aspartic_Acid,193
43.25,A7_L-Aspartic_Acid,189
43.5,A7_L-Aspartic_Acid,185
43.75,A7_L-Aspartic_Acid,187
44.0,A7_L-Aspartic_Acid,188
44.25,A7_L-Aspartic_Acid,188
44.5,A7_L-Aspartic_Acid,189
44.75,A7_L-Aspartic_Acid,191
45.0,A7_L-Aspartic_Acid,183
45.25,A7_L-Aspartic_Acid,182
45.5,A7_L-Aspartic_Acid,183
45.75,A7_L-Aspartic_Acid,184
46.0,A7_L-Aspartic_Acid,193
46.25,A7_L-Aspartic_Acid,182
46.5,A7_L-Aspartic_Acid,189
46.75,A7_L-Aspartic_Acid,185
47.0,A7_L-Aspartic_Acid,187
47.25,A7_L-Aspartic_Acid,187
47.5,A7_L-Aspartic_Acid,0
0.0,A8_L-Proline,49
0.25,A8_L-Proline,16
0.5,A8_L-Proline,16
0.75,A8_L-Proline,24
1.0,A8_L-Proline,18
1.25,A8_L-Proline,18
1.5,A8_L-Proline,18
1.75,A8_L-Proline,20
2.0,A8_L-Proline,15
2.25,A8_L-Proline,18
2.5,A8_L-Proline,21
2.75,A8_L-Proline,18
3.0,A8_L-Proline,19
3.25,A8_L-Proline,23
3.5,A8_L-Proline,19
3.75,A8_L-Proline,20
4.0,A8_L-Proline,19
4.25,A8_L-Proline,22
4.5,A8_L-Proline,22
4.75,A8_L-Proline,24
5.0,A8_L-Proline,26
5.25,A8_L-Proline,25
5.5,A8_L-Proline,22
5.75,A8_L-Proline,26
6.0,A8_L-Proline,22
6.25,A8_L-Proline,24
6.5,A8_L-Proline,22
6.75,A8_L-Proline,34
7.0,A8_L-Proline,30
7.25,A8_L-Proline,32
7.5,A8_L-Proline,33
7.75,A8_L-Proline,42
8.0,A8_L-Proline,46
8.25,A8_L-Proline,45
8.5,A8_L-Proline,44
8.75,A8_L-Proline,41
9.0,A8_L-Proline,50
9.25,A8_L-Proline,53
9.5,A8_L-Proline,53
9.75,A8_L-Proline,56
10.0,A8_L-Proline,58
10.25,A8_L-Proline,62
10.5,A8_L-Proline,63
10.75,A8_L-Proline,70
11.0,A8_L-Proline,72
11.25,A8_L-Proline,69
11.5,A8_L-Proline,79
11.75,A8_L-Proline,76
12.0,A8_L-Proline,82
12.25,A8_L-Proline,86
12.5,A8_L-Proline,91
12.75,A8_L-Proline,89
13.0,A8_L-Proline,98
13.25,A8_L-Proline,103
13.5,A8_L-Proline,103
13.75,A8_L-Proline,106
14.0,A8_L-Proline,107
14.25,A8_L-Proline,105
14.5,A8_L-Proline,114
14.75,A8_L-Proline,114
15.0,A8_L-Proline,120
15.25,A8_L-Proline,118
15.5,A8_L-Proline,127
15.75,A8_L-Proline,132
16.0,A8_L-Proline,142
16.25,A8_L-Proline,135
16.5,A8_L-Proline,145
16.75,A8_L-Proline,136
17.0,A8_L-Proline,144
17.25,A8_L-Proline,142
17.5,A8_L-Proline,144
17.75,A8_L-Proline,153
18.0,A8_L-Proline,154
18.25,A8_L-Proline,158
18.5,A8_L-Proline,164
18.75,A8_L-Proline,161
19.0,A8_L-Proline,163
19.25,A8_L-Proline,170
19.5,A8_L-Proline,168
19.75,A8_L-Proline,167
20.0,A8_L-Proline,176
20.25,A8_L-Proline,177
20.5,A8_L-Proline,178
20.75,A8_L-Proline,185
21.0,A8_L-Proline,182
21.25,A8_L-Proline,184
21.5,A8_L-Proline,192
21.75,A8_L-Proline,189
22.0,A8_L-Proline,196
22.25,A8_L-Proline,193
22.5,A8_L-Proline,198
22.75,A8_L-Proline,193
23.0,A8_L-Proline,196
23.25,A8_L-Proline,202
23.5,A8_L-Proline,203
23.75,A8_L-Proline,205
24.0,A8_L-Proline,206
24.25,A8_L-Proline,201
24.5,A8_L-Proline,212
24.75,A8_L-Proline,208
25.0,A8_L-Proline,216
25.25,A8_L-Proline,213
25.5,A8_L-Proline,219
25.75,A8_L-Proline,218
26.0,A8_L-Proline,219
26.25,A8_L-Proline,221
26.5,A8_L-Proline,224
26.75,A8_L-Proline,229
27.0,A8_L-Proline,232
27.25,A8_L-Proline,230
27.5,A8_L-Proline,232
27.75,A8_L-Proline,231
28.0,A8_L-Proline,233
28.25,A8_L-Proline,234
28.5,A8_L-Proline,240
28.75,A8_L-Proline,245
29.0,A8_L-Proline,239
29.25,A8_L-Proline,243
29.5,A8_L-Proline,245
29.75,A8_L-Proline,248
30.0,A8_L-Proline,251
30.25,A8_L-Proline,249
30.5,A8_L-Proline,250
30.75,A8_L-Proline,253
31.0,A8_L-Proline,253
31.25,A8_L-Proline,251
31.5,A8_L-Proline,258
31.75,A8_L-Proline,256
32.0,A8_L-Proline,257
32.25,A8_L-Proline,259
32.5,A8_L-Proline,257
32.75,A8_L-Proline,260
33.0,A8_L-Proline,265
33.25,A8_L-Proline,260
33.5,A8_L-Proline,268
33.75,A8_L-Proline,264
34.0,A8_L-Proline,266
34.25,A8_L-Proline,264
34.5,A8_L-Proline,268
34.75,A8_L-Proline,267
35.0,A8_L-Proline,269
35.25,A8_L-Proline,267
35.5,A8_L-Proline,272
35.75,A8_L-Proline,271
36.0,A8_L-Proline,269
36.25,A8_L-Proline,276
36.5,A8_L-Proline,273
36.75,A8_L-Proline,274
37.0,A8_L-Proline,274
37.25,A8_L-Proline,275
37.5,A8_L-Proline,274
37.75,A8_L-Proline,277
38.0,A8_L-Proline,277
38.25,A8_L-Proline,273
38.5,A8_L-Proline,275
38.75,A8_L-Proline,272
39.0,A8_L-Proline,277
39.25,A8_L-Proline,275
39.5,A8_L-Proline,275
39.75,A8_L-Proline,278
40.0,A8_L-Proline,276
40.25,A8_L-Proline,276
40.5,A8_L-Proline,280
40.75,A8_L-Proline,278
41.0,A8_L-Proline,280
41.25,A8_L-Proline,286
41.5,A8_L-Proline,282
41.75,A8_L-Proline,281
42.0,A8_L-Proline,281
42.25,A8_L-Proline,282
42.5,A8_L-Proline,288
42.75,A8_L-Proline,280
43.0,A8_L-Proline,286
43.25,A8_L-Proline,284
43.5,A8_L-Proline,283
43.75,A8_L-Proline,281
44.0,A8_L-Proline,282
44.25,A8_L-Proline,280
44.5,A8_L-Proline,284
44.75,A8_L-Proline,283
45.0,A8_L-Proline,285
45.25,A8_L-Proline,283
45.5,A8_L-Proline,284
45.75,A8_L-Proline,285
46.0,A8_L-Proline,289
46.25,A8_L-Proline,282
46.5,A8_L-Proline,285
46.75,A8_L-Proline,283
47.0,A8_L-Proline,281
47.25,A8_L-Proline,284
47.5,A8_L-Proline,0
0.0,A9_D-Alanine,27
0.25,A9_D-Alanine,16
0.5,A9_D-Alanine,20
0.75,A9_D-Alanine,23
1.0,A9_D-Alanine,19
1.25,A9_D-Alanine,20
1.5,A9_D-Alanine,16
1.75,A9_D-Alanine,18
2.0,A9_D-Alanine,17
2.25,A9_D-Alanine,19
2.5,A9_D-Alanine,18
2.75,A9_D-Alanine,18
3.0,A9_D-Alanine,22
3.25,A9_D-Alanine,17
3.5,A9_D-Alanine,22
3.75,A9_D-Alanine,24
4.0,A9_D-Alanine,20
4.25,A9_D-Alanine,22
4.5,A9_D-Alanine,21
4.75,A9_D-Alanine,27
5.0,A9_D-Alanine,26
5.25,A9_D-Alanine,25
5.5,A9_D-Alanine,24
5.75,A9_D-Alanine,25
6.0,A9_D-Alanine,26
6.25,A9_D-Alanine,23
6.5,A9_D-Alanine,28
6.75,A9_D-Alanine,21
7.0,A9_D-Alanine,26
7.25,A9_D-Alanine,23
7.5,A9_D-Alanine,27
7.75,A9_D-Alanine,28
8.0,A9_D-Alanine,24
8.25,A9_D-Alanine,32
8.5,A9_D-Alanine,25
8.75,A9_D-Alanine,25
9.0,A9_D-Alanine,28
9.25,A9_D-Alanine,28
9.5,A9_D-Alanine,26
9.75,A9_D-Alanine,29
10.0,A9_D-Alanine,27
10.25,A9_D-Alanine,33
10.5,A9_D-Alanine,29
10.75,A9_D-Alanine,31
11.0,A9_D-Alanine,32
11.25,A9_D-Alanine,34
11.5,A9_D-Alanine,33
11.75,A9_D-Alanine,33
12.0,A9_D-Alanine,33
12.25,A9_D-Alanine,33
12.5,A9_D-Alanine,31
12.75,A9_D-Alanine,30
13.0,A9_D-Alanine,35
13.25,A9_D-Alanine,35
13.5,A9_D-Alanine,32
13.75,A9_D-Alanine,32
14.0,A9_D-Alanine,36
14.25,A9_D-Alanine,33
14.5,A9_D-Alanine,32
14.75,A9_D-Alanine,37
15.0,A9_D-Alanine,34
15.25,A9_D-Alanine,31
15.5,A9_D-Alanine,36
15.75,A9_D-Alanine,38
16.0,A9_D-Alanine,35
16.25,A9_D-Alanine,35
16.5,A9_D-Alanine,35
16.75,A9_D-Alanine,36
17.0,A9_D-Alanine,37
17.25,A9_D-Alanine,41
17.5,A9_D-Alanine,40
17.75,A9_D-Alanine,40
18.0,A9_D-Alanine,39
18.25,A9_D-Alanine,42
18.5,A9_D-Alanine,43
18.75,A9_D-Alanine,37
19.0,A9_D-Alanine,39
19.25,A9_D-Alanine,37
19.5,A9_D-Alanine,43
19.75,A9_D-Alanine,38
20.0,A9_D-Alanine,39
20.25,A9_D-Alanine,39
20.5,A9_D-Alanine,38
20.75,A9_D-Alanine,40
21.0,A9_D-Alanine,39
21.25,A9_D-Alanine,39
21.5,A9_D-Alanine,43
21.75,A9_D-Alanine,34
22.0,A9_D-Alanine,42
22.25,A9_D-Alanine,40
22.5,A9_D-Alanine,40
22.75,A9_D-Alanine,41
23.0,A9_D-Alanine,41
23.25,A9_D-Alanine,36
23.5,A9_D-Alanine,37
23.75,A9_D-Alanine,43
24.0,A9_D-Alanine,41
24.25,A9_D-Alanine,35
24.5,A9_D-Alanine,39
24.75,A9_D-Alanine,39
25.0,A9_D-Alanine,44
25.25,A9_D-Alanine,38
25.5,A9_D-Alanine,40
25.75,A9_D-Alanine,38
26.0,A9_D-Alanine,42
26.25,A9_D-Alanine,42
26.5,A9_D-Alanine,39
26.75,A9_D-Alanine,43
27.0,A9_D-Alanine,44
27.25,A9_D-Alanine,40
27.5,A9_D-Alanine,42
27.75,A9_D-Alanine,35
28.0,A9_D-Alanine,39
28.25,A9_D-Alanine,38
28.5,A9_D-Alanine,40
28.75,A9_D-Alanine,41
29.0,A9_D-Alanine,41
29.25,A9_D-Alanine,39
29.5,A9_D-Alanine,38
29.75,A9_D-Alanine,39
30.0,A9_D-Alanine,40
30.25,A9_D-Alanine,39
30.5,A9_D-Alanine,42
30.75,A9_D-Alanine,42
31.0,A9_D-Alanine,40
31.25,A9_D-Alanine,45
31.5,A9_D-Alanine,42
31.75,A9_D-Alanine,44
32.0,A9_D-Alanine,44
32.25,A9_D-Alanine,40
32.5,A9_D-Alanine,40
32.75,A9_D-Alanine,36
33.0,A9_D-Alanine,35
33.25,A9_D-Alanine,39
33.5,A9_D-Alanine,44
33.75,A9_D-Alanine,44
34.0,A9_D-Alanine,38
34.25,A9_D-Alanine,37
34.5,A9_D-Alanine,43
34.75,A9_D-Alanine,39
35.0,A9_D-Alanine,39
35.25,A9_D-Alanine,38
35.5,A9_D-Alanine,38
35.75,A9_D-Alanine,42
36.0,A9_D-Alanine,39
36.25,A9_D-Alanine,40
36.5,A9_D-Alanine,38
36.75,A9_D-Alanine,41
37.0,A9_D-Alanine,39
37.25,A9_D-Alanine,40
37.5,A9_D-Alanine,37
37.75,A9_D-Alanine,40
38.0,A9_D-Alanine,42
38.25,A9_D-Alanine,36
38.5,A9_D-Alanine,36
38.75,A9_D-Alanine,36
39.0,A9_D-Alanine,38
39.25,A9_D-Alanine,43
39.5,A9_D-Alanine,36
39.75,A9_D-Alanine,40
40.0,A9_D-Alanine,38
40.25,A9_D-Alanine,41
40.5,A9_D-Alanine,44
40.75,A9_D-Alanine,47
41.0,A9_D-Alanine,43
41.25,A9_D-Alanine,44
41.5,A9_D-Alanine,42
41.75,A9_D-Alanine,41
42.0,A9_D-Alanine,41
42.25,A9_D-Alanine,43
42.5,A9_D-Alanine,38
42.75,A9_D-Alanine,39
43.0,A9_D-Alanine,43
43.25,A9_D-Alanine,40
43.5,A9_D-Alanine,44
43.75,A9_D-Alanine,41
44.0,A9_D-Alanine,42
44.25,A9_D-Alanine,38
44.5,A9_D-Alanine,40
44.75,A9_D-Alanine,40
45.0,A9_D-Alanine,38
45.25,A9_D-Alanine,38
45.5,A9_D-Alanine,41
45.75,A9_D-Alanine,39
46.0,A9_D-Alanine,42
46.25,A9_D-Alanine,39
46.5,A9_D-Alanine,44
46.75,A9_D-Alanine,41
47.0,A9_D-Alanine,46
47.25,A9_D-Alanine,48
47.5,A9_D-Alanine,0
0.0,A10_D-Trehalose,31
0.25,A10_D-Trehalose,17
0.5,A10_D-Trehalose,19
0.75,A10_D-Trehalose,17
1.0,A10_D-Trehalose,17
1.25,A10_D-Trehalose,14
1.5,A10_D-Trehalose,14
1.75,A10_D-Trehalose,16
2.0,A10_D-Trehalose,17
2.25,A10_D-Trehalose,16
2.5,A10_D-Trehalose,14
2.75,A10_D-Trehalose,16
3.0,A10_D-Trehalose,17
3.25,A10_D-Trehalose,19
3.5,A10_D-Trehalose,18
3.75,A10_D-Trehalose,24
4.0,A10_D-Trehalose,21
4.25,A10_D-Trehalose,17
4.5,A10_D-Trehalose,18
4.75,A10_D-Trehalose,23
5.0,A10_D-Trehalose,22
5.25,A10_D-Trehalose,24
5.5,A10_D-Trehalose,27
5.75,A10_D-Trehalose,33
6.0,A10_D-Trehalose,24
6.25,A10_D-Trehalose,29
6.5,A10_D-Trehalose,29
6.75,A10_D-Trehalose,30
7.0,A10_D-Trehalose,28
7.25,A10_D-Trehalose,29
7.5,A10_D-Trehalose,30
7.75,A10_D-Trehalose,35
8.0,A10_D-Trehalose,37
8.25,A10_D-Trehalose,36
8.5,A10_D-Trehalose,37
8.75,A10_D-Trehalose,36
9.0,A10_D-Trehalose,40
9.25,A10_D-Trehalose,42
9.5,A10_D-Trehalose,38
9.75,A10_D-Trehalose,34
10.0,A10_D-Trehalose,40
10.25,A10_D-Trehalose,41
10.5,A10_D-Trehalose,43
10.75,A10_D-Trehalose,42
11.0,A10_D-Trehalose,40
11.25,A10_D-Trehalose,43
11.5,A10_D-Trehalose,44
11.75,A10_D-Trehalose,42
12.0,A10_D-Trehalose,43
12.25,A10_D-Trehalose,47
12.5,A10_D-Trehalose,47
12.75,A10_D-Trehalose,47
13.0,A10_D-Trehalose,45
13.25,A10_D-Trehalose,48
13.5,A10_D-Trehalose,47
13.75,A10_D-Trehalose,47
14.0,A10_D-Trehalose,49
14.25,A10_D-Trehalose,51
14.5,A10_D-Trehalose,48
14.75,A10_D-Trehalose,51
15.0,A10_D-Trehalose,49
15.25,A10_D-Trehalose,50
15.5,A10_D-Trehalose,53
15.75,A10_D-Trehalose,53
16.0,A10_D-Trehalose,57
16.25,A10_D-Trehalose,56
16.5,A10_D-Trehalose,59
16.75,A10_D-Trehalose,52
17.0,A10_D-Trehalose,56
17.25,A10_D-Trehalose,58
17.5,A10_D-Trehalose,55
17.75,A10_D-Trehalose,61
18.0,A10_D-Trehalose,59
18.25,A10_D-Trehalose,63
18.5,A10_D-Trehalose,64
18.75,A10_D-Trehalose,61
19.0,A10_D-Trehalose,63
19.25,A10_D-Trehalose,64
19.5,A10_D-Trehalose,62
19.75,A10_D-Trehalose,58
20.0,A10_D-Trehalose,66
20.25,A10_D-Trehalose,67
20.5,A10_D-Trehalose,65
20.75,A10_D-Trehalose,71
21.0,A10_D-Trehalose,68
21.25,A10_D-Trehalose,64
21.5,A10_D-Trehalose,72
21.75,A10_D-Trehalose,67
22.0,A10_D-Trehalose,75
22.25,A10_D-Trehalose,65
22.5,A10_D-Trehalose,69
22.75,A10_D-Trehalose,63
23.0,A10_D-Trehalose,70
23.25,A10_D-Trehalose,73
23.5,A10_D-Trehalose,70
23.75,A10_D-Trehalose,74
24.0,A10_D-Trehalose,77
24.25,A10_D-Trehalose,64
24.5,A10_D-Trehalose,70
24.75,A10_D-Trehalose,69
25.0,A10_D-Trehalose,77
25.25,A10_D-Trehalose,71
25.5,A10_D-Trehalose,79
25.75,A10_D-Trehalose,75
26.0,A10_D-Trehalose,74
26.25,A10_D-Trehalose,78
26.5,A10_D-Trehalose,71
26.75,A10_D-Trehalose,79
27.0,A10_D-Trehalose,78
27.25,A10_D-Trehalose,81
27.5,A10_D-Trehalose,85
27.75,A10_D-Trehalose,77
28.0,A10_D-Trehalose,78
28.25,A10_D-Trehalose,76
28.5,A10_D-Trehalose,82
28.75,A10_D-Trehalose,84
29.0,A10_D-Trehalose,79
29.25,A10_D-Trehalose,83
29.5,A10_D-Trehalose,85
29.75,A10_D-Trehalose,83
30.0,A10_D-Trehalose,87
30.25,A10_D-Trehalose,81
30.5,A10_D-Trehalose,85
30.75,A10_D-Trehalose,89
31.0,A10_D-Trehalose,91
31.25,A10_D-Trehalose,82
31.5,A10_D-Trehalose,86
31.75,A10_D-Trehalose,87
32.0,A10_D-Trehalose,97
32.25,A10_D-Trehalose,95
32.5,A10_D-Trehalose,92
32.75,A10_D-Trehalose,87
33.0,A10_D-Trehalose,95
33.25,A10_D-Trehalose,94
33.5,A10_D-Trehalose,97
33.75,A10_D-Trehalose,95
34.0,A10_D-Trehalose,93
34.25,A10_D-Trehalose,93
34.5,A10_D-Trehalose,94
34.75,A10_D-Trehalose,89
35.0,A10_D-Trehalose,92
35.25,A10_D-Trehalose,91
35.5,A10_D-Trehalose,101
35.75,A10_D-Trehalose,103
36.0,A10_D-Trehalose,101
36.25,A10_D-Trehalose,103
36.5,A10_D-Trehalose,95
36.75,A10_D-Trehalose,103
37.0,A10_D-Trehalose,103
37.25,A10_D-Trehalose,96
37.5,A10_D-Trehalose,94
37.75,A10_D-Trehalose,106
38.0,A10_D-Trehalose,108
38.25,A10_D-Trehalose,101
38.5,A10_D-Trehalose,102
38.75,A10_D-Trehalose,99
39.0,A10_D-Trehalose,107
39.25,A10_D-Trehalose,102
39.5,A10_D-Trehalose,103
39.75,A10_D-Trehalose,108
40.0,A10_D-Trehalose,112
40.25,A10_D-Trehalose,108
40.5,A10_D-Trehalose,114
40.75,A10_D-Trehalose,114
41.0,A10_D-Trehalose,112
41.25,A10_D-Trehalose,120
41.5,A10_D-Trehalose,116
41.75,A10_D-Trehalose,116
42.0,A10_D-Trehalose,116
42.25,A10_D-Trehalose,116
42.5,A10_D-Trehalose,119
42.75,A10_D-Trehalose,118
43.0,A10_D-Trehalose,129
43.25,A10_D-Trehalose,120
43.5,A10_D-Trehalose,121
43.75,A10_D-Trehalose,122
44.0,A10_D-Trehalose,125
44.25,A10_D-Trehalose,129
44.5,A10_D-Trehalose,130
44.75,A10_D-Trehalose,133
45.0,A10_D-Trehalose,123
45.25,A10_D-Trehalose,128
45.5,A10_D-Trehalose,130
45.75,A10_D-Trehalose,130
46.0,A10_D-Trehalose,139
46.25,A10_D-Trehalose,132
46.5,A10_D-Trehalose,139
46.75,A10_D-Trehalose,138
47.0,A10_D-Trehalose,144
47.25,A10_D-Trehalose,143
47.5,A10_D-Trehalose,0
0.0,A11_D-Mannose,24
0.25,A11_D-Mannose,21
0.5,A11_D-Mannose,25
0.75,A11_D-Mannose,30
1.0,A11_D-Mannose,16
1.25,A11_D-Mannose,23
1.5,A11_D-Mannose,22
1.75,A11_D-Mannose,26
2.0,A11_D-Mannose,24
2.25,A11_D-Mannose,25
2.5,A11_D-Mannose,25
2.75,A11_D-Mannose,24
3.0,A11_D-Mannose,24
3.25,A11_D-Mannose,27
3.5,A11_D-Mannose,26
3.75,A11_D-Mannose,26
4.0,A11_D-Mannose,20
4.25,A11_D-Mannose,28
4.5,A11_D-Mannose,24
4.75,A11_D-Mannose,28
5.0,A11_D-Mannose,30
5.25,A11_D-Mannose,30
5.5,A11_D-Mannose,28
5.75,A11_D-Mannose,30
6.0,A11_D-Mannose,28
6.25,A11_D-Mannose,35
6.5,A11_D-Mannose,34
6.75,A11_D-Mannose,31
7.0,A11_D-Mannose,36
7.25,A11_D-Mannose,37
7.5,A11_D-Mannose,37
7.75,A11_D-Mannose,45
8.0,A11_D-Mannose,50
8.25,A11_D-Mannose,48
8.5,A11_D-Mannose,47
8.75,A11_D-Mannose,50
9.0,A11_D-Mannose,59
9.25,A11_D-Mannose,55
9.5,A11_D-Mannose,65
9.75,A11_D-Mannose,66
10.0,A11_D-Mannose,70
10.25,A11_D-Mannose,73
10.5,A11_D-Mannose,80
10.75,A11_D-Mannose,84
11.0,A11_D-Mannose,89
11.25,A11_D-Mannose,91
11.5,A11_D-Mannose,94
11.75,A11_D-Mannose,104
12.0,A11_D-Mannose,109
12.25,A11_D-Mannose,115
12.5,A11_D-Mannose,118
12.75,A11_D-Mannose,120
13.0,A11_D-Mannose,124
13.25,A11_D-Mannose,128
13.5,A11_D-Mannose,138
13.75,A11_D-Mannose,142
14.0,A11_D-Mannose,143
14.25,A11_D-Mannose,154
14.5,A11_D-Mannose,155
14.75,A11_D-Mannose,162
15.0,A11_D-Mannose,169
15.25,A11_D-Mannose,167
15.5,A11_D-Mannose,178
15.75,A11_D-Mannose,175
16.0,A11_D-Mannose,181
16.25,A11_D-Mannose,187
16.5,A11_D-Mannose,191
16.75,A11_D-Mannose,204
17.0,A11_D-Mannose,205
17.25,A11_D-Mannose,209
17.5,A11_D-Mannose,214
17.75,A11_D-Mannose,213
18.0,A11_D-Mannose,224
18.25,A11_D-Mannose,225
18.5,A11_D-Mannose,223
18.75,A11_D-Mannose,229
19.0,A11_D-Mannose,232
19.25,A11_D-Mannose,230
19.5,A11_D-Mannose,236
19.75,A11_D-Mannose,239
20.0,A11_D-Mannose,245
20.25,A11_D-Mannose,243
20.5,A11_D-Mannose,250
20.75,A11_D-Mannose,251
21.0,A11_D-Mannose,259
21.25,A11_D-Mannose,258
21.5,A11_D-Mannose,255
21.75,A11_D-Mannose,258
22.0,A11_D-Mannose,262
22.25,A11_D-Mannose,266
22.5,A11_D-Mannose,264
22.75,A11_D-Mannose,266
23.0,A11_D-Mannose,266
23.25,A11_D-Mannose,265
23.5,A11_D-Mannose,267
23.75,A11_D-Mannose,269
24.0,A11_D-Mannose,269
24.25,A11_D-Mannose,269
24.5,A11_D-Mannose,271
24.75,A11_D-Mannose,273
25.0,A11_D-Mannose,271
25.25,A11_D-Mannose,273
25.5,A11_D-Mannose,276
25.75,A11_D-Mannose,273
26.0,A11_D-Mannose,277
26.25,A11_D-Mannose,278
26.5,A11_D-Mannose,274
26.75,A11_D-Mannose,276
27.0,A11_D-Mannose,281
27.25,A11_D-Mannose,280
27.5,A11_D-Mannose,277
27.75,A11_D-Mannose,282
28.0,A11_D-Mannose,277
28.25,A11_D-Mannose,279
28.5,A11_D-Mannose,278
28.75,A11_D-Mannose,281
29.0,A11_D-Mannose,283
29.25,A11_D-Mannose,277
29.5,A11_D-Mannose,275
29.75,A11_D-Mannose,282
30.0,A11_D-Mannose,279
30.25,A11_D-Mannose,279
30.5,A11_D-Mannose,277
30.75,A11_D-Mannose,276
31.0,A11_D-Mannose,278
31.25,A11_D-Mannose,284
31.5,A11_D-Mannose,285
31.75,A11_D-Mannose,279
32.0,A11_D-Mannose,282
32.25,A11_D-Mannose,278
32.5,A11_D-Mannose,281
32.75,A11_D-Mannose,280
33.0,A11_D-Mannose,281
33.25,A11_D-Mannose,281
33.5,A11_D-Mannose,280
33.75,A11_D-Mannose,281
34.0,A11_D-Mannose,279
34.25,A11_D-Mannose,280
34.5,A11_D-Mannose,283
34.75,A11_D-Mannose,282
35.0,A11_D-Mannose,279
35.25,A11_D-Mannose,283
35.5,A11_D-Mannose,276
35.75,A11_D-Mannose,275
36.0,A11_D-Mannose,276
36.25,A11_D-Mannose,273
36.5,A11_D-Mannose,277
36.75,A11_D-Mannose,268
37.0,A11_D-Mannose,272
37.25,A11_D-Mannose,269
37.5,A11_D-Mannose,274
37.75,A11_D-Mannose,268
38.0,A11_D-Mannose,268
38.25,A11_D-Mannose,271
38.5,A11_D-Mannose,272
38.75,A11_D-Mannose,272
39.0,A11_D-Mannose,268
39.25,A11_D-Mannose,268
39.5,A11_D-Mannose,269
39.75,A11_D-Mannose,267
40.0,A11_D-Mannose,265
40.25,A11_D-Mannose,266
40.5,A11_D-Mannose,269
40.75,A11_D-Mannose,268
41.0,A11_D-Mannose,274
41.25,A11_D-Mannose,266
41.5,A11_D-Mannose,265
41.75,A11_D-Mannose,266
42.0,A11_D-Mannose,266
42.25,A11_D-Mannose,271
42.5,A11_D-Mannose,265
42.75,A11_D-Mannose,268
43.0,A11_D-Mannose,262
43.25,A11_D-Mannose,266
43.5,A11_D-Mannose,272
43.75,A11_D-Mannose,265
44.0,A11_D-Mannose,269
44.25,A11_D-Mannose,262
44.5,A11_D-Mannose,263
44.75,A11_D-Mannose,260
45.0,A11_D-Mannose,272
45.25,A11_D-Mannose,268
45.5,A11_D-Mannose,266
45.75,A11_D-Mannose,270
46.0,A11_D-Mannose,265
46.25,A11_D-Mannose,266
46.5,A11_D-Mannose,264
46.75,A11_D-Mannose,267
47.0,A11_D-Mannose,261
47.25,A11_D-Mannose,263
47.5,A11_D-Mannose,0
0.0,A12_Dulcitol,22
0.25,A12_Dulcitol,24
0.5,A12_Dulcitol,24
0.75,A12_Dulcitol,26
1.0,A12_Dulcitol,18
1.25,A12_Dulcitol,20
1.5,A12_Dulcitol,30
1.75,A12_Dulcitol,25
2.0,A12_Dulcitol,22
2.25,A12_Dulcitol,24
2.5,A12_Dulcitol,26
2.75,A12_Dulcitol,24
3.0,A12_Dulcitol,26
3.25,A12_Dulcitol,20
3.5,A12_Dulcitol,24
3.75,A12_Dulcitol,26
4.0,A12_Dulcitol,21
4.25,A12_Dulcitol,25
4.5,A12_Dulcitol,25
4.75,A12_Dulcitol,28
5.0,A12_Dulcitol,28
5.25,A12_Dulcitol,30
5.5,A12_Dulcitol,25
5.75,A12_Dulcitol,33
6.0,A12_Dulcitol,31
6.25,A12_Dulcitol,28
6.5,A12_Dulcitol,35
6.75,A12_Dulcitol,36
7.0,A12_Dulcitol,36
7.25,A12_Dulcitol,35
7.5,A12_Dulcitol,39
7.75,A12_Dulcitol,45
8.0,A12_Dulcitol,44
8.25,A12_Dulcitol,45
8.5,A12_Dulcitol,41
8.75,A12_Dulcitol,43
9.0,A12_Dulcitol,43
9.25,A12_Dulcitol,42
9.5,A12_Dulcitol,44
9.75,A12_Dulcitol,43
10.0,A12_Dulcitol,43
10.25,A12_Dulcitol,40
10.5,A12_Dulcitol,40
10.75,A12_Dulcitol,39
11.0,A12_Dulcitol,45
11.25,A12_Dulcitol,44
11.5,A12_Dulcitol,44
11.75,A12_Dulcitol,45
12.0,A12_Dulcitol,39
12.25,A12_Dulcitol,44
12.5,A12_Dulcitol,44
12.75,A12_Dulcitol,43
13.0,A12_Dulcitol,41
13.25,A12_Dulcitol,44
13.5,A12_Dulcitol,42
13.75,A12_Dulcitol,45
14.0,A12_Dulcitol,46
14.25,A12_Dulcitol,46
14.5,A12_Dulcitol,44
14.75,A12_Dulcitol,47
15.0,A12_Dulcitol,45
15.25,A12_Dulcitol,44
15.5,A12_Dulcitol,46
15.75,A12_Dulcitol,50
16.0,A12_Dulcitol,49
16.25,A12_Dulcitol,49
16.5,A12_Dulcitol,47
16.75,A12_Dulcitol,47
17.0,A12_Dulcitol,48
17.25,A12_Dulcitol,46
17.5,A12_Dulcitol,47
17.75,A12_Dulcitol,49
18.0,A12_Dulcitol,49
18.25,A12_Dulcitol,47
18.5,A12_Dulcitol,49
18.75,A12_Dulcitol,45
19.0,A12_Dulcitol,49
19.25,A12_Dulcitol,49
19.5,A12_Dulcitol,49
19.75,A12_Dulcitol,49
20.0,A12_Dulcitol,48
20.25,A12_Dulcitol,45
20.5,A12_Dulcitol,50
20.75,A12_Dulcitol,52
21.0,A12_Dulcitol,48
21.25,A12_Dulcitol,47
21.5,A12_Dulcitol,49
21.75,A12_Dulcitol,48
22.0,A12_Dulcitol,51
22.25,A12_Dulcitol,47
22.5,A12_Dulcitol,52
22.75,A12_Dulcitol,41
23.0,A12_Dulcitol,48
23.25,A12_Dulcitol,47
23.5,A12_Dulcitol,46
23.75,A12_Dulcitol,49
24.0,A12_Dulcitol,52
24.25,A12_Dulcitol,48
24.5,A12_Dulcitol,48
24.75,A12_Dulcitol,49
25.0,A12_Dulcitol,48
25.25,A12_Dulcitol,47
25.5,A12_Dulcitol,48
25.75,A12_Dulcitol,49
26.0,A12_Dulcitol,53
26.25,A12_Dulcitol,51
26.5,A12_Dulcitol,48
26.75,A12_Dulcitol,47
27.0,A12_Dulcitol,51
27.25,A12_Dulcitol,51
27.5,A12_Dulcitol,50
27.75,A12_Dulcitol,50
28.0,A12_Dulcitol,47
28.25,A12_Dulcitol,49
28.5,A12_Dulcitol,54
28.75,A12_Dulcitol,49
29.0,A12_Dulcitol,47
29.25,A12_Dulcitol,46
29.5,A12_Dulcitol,49
29.75,A12_Dulcitol,46
30.0,A12_Dulcitol,51
30.25,A12_Dulcitol,50
30.5,A12_Dulcitol,50
30.75,A12_Dulcitol,45
31.0,A12_Dulcitol,49
31.25,A12_Dulcitol,51
31.5,A12_Dulcitol,49
31.75,A12_Dulcitol,49
32.0,A12_Dulcitol,52
32.25,A12_Dulcitol,48
32.5,A12_Dulcitol,50
32.75,A12_Dulcitol,48
33.0,A12_Dulcitol,51
33.25,A12_Dulcitol,51
33.5,A12_Dulcitol,49
33.75,A12_Dulcitol,49
34.0,A12_Dulcitol,43
34.25,A12_Dulcitol,44
34.5,A12_Dulcitol,49
34.75,A12_Dulcitol,49
35.0,A12_Dulcitol,48
35.25,A12_Dulcitol,48
35.5,A12_Dulcitol,48
35.75,A12_Dulcitol,50
36.0,A12_Dulcitol,49
36.25,A12_Dulcitol,52
36.5,A12_Dulcitol,46
36.75,A12_Dulcitol,45
37.0,A12_Dulcitol,49
37.25,A12_Dulcitol,45
37.5,A12_Dulcitol,41
37.75,A12_Dulcitol,51
38.0,A12_Dulcitol,44
38.25,A12_Dulcitol,46
38.5,A12_Dulcitol,42
38.75,A12_Dulcitol,47
39.0,A12_Dulcitol,50
39.25,A12_Dulcitol,44
39.5,A12_Dulcitol,45
39.75,A12_Dulcitol,51
40.0,A12_Dulcitol,46
40.25,A12_Dulcitol,50
40.5,A12_Dulcitol,51
40.75,A12_Dulcitol,46
41.0,A12_Dulcitol,51
41.25,A12_Dulcitol,47
41.5,A12_Dulcitol,49
41.75,A12_Dulcitol,49
42.0,A12_Dulcitol,48
42.25,A12_Dulcitol,49
42.5,A12_Dulcitol,45
42.75,A12_Dulcitol,48
43.0,A12_Dulcitol,47
43.25,A12_Dulcitol,46
43.5,A12_Dulcitol,47
43.75,A12_Dulcitol,45
44.0,A12_Dulcitol,47
44.25,A12_Dulcitol,45
44.5,A12_Dulcitol,47
44.75,A12_Dulcitol,47
45.0,A12_Dulcitol,48
45.25,A12_Dulcitol,41
45.5,A12_Dulcitol,47
45.75,A12_Dulcitol,44
46.0,A12_Dulcitol,51
46.25,A12_Dulcitol,43
46.5,A12_Dulcitol,51
46.75,A12_Dulcitol,42
47.0,A12_Dulcitol,46
47.25,A12_Dulcitol,47
47.5,A12_Dulcitol,0
0.0,B1_D-Serine,27
0.25,B1_D-Serine,27
0.5,B1_D-Serine,28
0.75,B1_D-Serine,35
1.0,B1_D-Serine,30
1.25,B1_D-Serine,30
1.5,B1_D-Serine,32
1.75,B1_D-Serine,28
2.0,B1_D-Serine,30
2.25,B1_D-Serine,30
2.5,B1_D-Serine,26
2.75,B1_D-Serine,30
3.0,B1_D-Serine,27
3.25,B1_D-Serine,30
3.5,B1_D-Serine,31
3.75,B1_D-Serine,28
4.0,B1_D-Serine,30
4.25,B1_D-Serine,30
4.5,B1_D-Serine,30
4.75,B1_D-Serine,30
5.0,B1_D-Serine,30
5.25,B1_D-Serine,29
5.5,B1_D-Serine,26
5.75,B1_D-Serine,25
6.0,B1_D-Serine,30
6.25,B1_D-Serine,29
6.5,B1_D-Serine,28
6.75,B1_D-Serine,26
7.0,B1_D-Serine,30
7.25,B1_D-Serine,25
7.5,B1_D-Serine,31
7.75,B1_D-Serine,28
8.0,B1_D-Serine,29
8.25,B1_D-Serine,29
8.5,B1_D-Serine,32
8.75,B1_D-Serine,29
9.0,B1_D-Serine,30
9.25,B1_D-Serine,28
9.5,B1_D-Serine,32
9.75,B1_D-Serine,29
10.0,B1_D-Serine,31
10.25,B1_D-Serine,32
10.5,B1_D-Serine,28
10.75,B1_D-Serine,28
11.0,B1_D-Serine,31
11.25,B1_D-Serine,27
11.5,B1_D-Serine,27
11.75,B1_D-Serine,31
12.0,B1_D-Serine,32
12.25,B1_D-Serine,31
12.5,B1_D-Serine,31
12.75,B1_D-Serine,28
13.0,B1_D-Serine,28
13.25,B1_D-Serine,31
13.5,B1_D-Serine,34
13.75,B1_D-Serine,33
14.0,B1_D-Serine,31
14.25,B1_D-Serine,36
14.5,B1_D-Serine,33
14.75,B1_D-Serine,31
15.0,B1_D-Serine,32
15.25,B1_D-Serine,28
15.5,B1_D-Serine,33
15.75,B1_D-Serine,32
16.0,B1_D-Serine,31
16.25,B1_D-Serine,30
16.5,B1_D-Serine,29
16.75,B1_D-Serine,31
17.0,B1_D-Serine,31
17.25,B1_D-Serine,33
17.5,B1_D-Serine,35
17.75,B1_D-Serine,34
18.0,B1_D-Serine,32
18.25,B1_D-Serine,30
18.5,B1_D-Serine,36
18.75,B1_D-Serine,29
19.0,B1_D-Serine,31
19.25,B1_D-Serine,34
19.5,B1_D-Serine,33
19.75,B1_D-Serine,31
20.0,B1_D-Serine,34
20.25,B1_D-Serine,31
20.5,B1_D-Serine,32
20.75,B1_D-Serine,32
21.0,B1_D-Serine,33
21.25,B1_D-Serine,29
21.5,B1_D-Serine,31
21.75,B1_D-Serine,32
22.0,B1_D-Serine,31
22.25,B1_D-Serine,36
22.5,B1_D-Serine,32
22.75,B1_D-Serine,32
23.0,B1_D-Serine,31
23.25,B1_D-Serine,30
23.5,B1_D-Serine,32
23.75,B1_D-Serine,32
24.0,B1_D-Serine,32
24.25,B1_D-Serine,31
24.5,B1_D-Serine,30
24.75,B1_D-Serine,32
25.0,B1_D-Serine,33
25.25,B1_D-Serine,33
25.5,B1_D-Serine,31
25.75,B1_D-Serine,35
26.0,B1_D-Serine,30
26.25,B1_D-Serine,35
26.5,B1_D-Serine,35
26.75,B1_D-Serine,32
27.0,B1_D-Serine,38
27.25,B1_D-Serine,29
27.5,B1_D-Serine,34
27.75,B1_D-Serine,36
28.0,B1_D-Serine,36
28.25,B1_D-Serine,29
28.5,B1_D-Serine,31
28.75,B1_D-Serine,30
29.0,B1_D-Serine,36
29.25,B1_D-Serine,34
29.5,B1_D-Serine,35
29.75,B1_D-Serine,35
30.0,B1_D-Serine,36
30.25,B1_D-Serine,35
30.5,B1_D-Serine,34
30.75,B1_D-Serine,35
31.0,B1_D-Serine,35
31.25,B1_D-Serine,30
31.5,B1_D-Serine,30
31.75,B1_D-Serine,32
32.0,B1_D-Serine,38
32.25,B1_D-Serine,39
32.5,B1_D-Serine,37
32.75,B1_D-Serine,37
33.0,B1_D-Serine,31
33.25,B1_D-Serine,37
33.5,B1_D-Serine,32
33.75,B1_D-Serine,34
34.0,B1_D-Serine,37
34.25,B1_D-Serine,38
34.5,B1_D-Serine,32
34.75,B1_D-Serine,33
35.0,B1_D-Serine,35
35.25,B1_D-Serine,33
35.5,B1_D-Serine,35
35.75,B1_D-Serine,34
36.0,B1_D-Serine,34
36.25,B1_D-Serine,34
36.5,B1_D-Serine,33
36.75,B1_D-Serine,34
37.0,B1_D-Serine,33
37.25,B1_D-Serine,31
37.5,B1_D-Serine,29
37.75,B1_D-Serine,33
38.0,B1_D-Serine,40
38.25,B1_D-Serine,33
38.5,B1_D-Serine,34
38.75,B1_D-Serine,37
39.0,B1_D-Serine,38
39.25,B1_D-Serine,37
39.5,B1_D-Serine,36
39.75,B1_D-Serine,37
40.0,B1_D-Serine,34
40.25,B1_D-Serine,36
40.5,B1_D-Serine,36
40.75,B1_D-Serine,36
41.0,B1_D-Serine,37
41.25,B1_D-Serine,34
41.5,B1_D-Serine,32
41.75,B1_D-Serine,38
42.0,B1_D-Serine,35
42.25,B1_D-Serine,39
42.5,B1_D-Serine,37
42.75,B1_D-Serine,36
43.0,B1_D-Serine,38
43.25,B1_D-Serine,39
43.5,B1_D-Serine,33
43.75,B1_D-Serine,38
44.0,B1_D-Serine,41
44.25,B1_D-Serine,37
44.5,B1_D-Serine,35
44.75,B1_D-Serine,36
45.0,B1_D-Serine,35
45.25,B1_D-Serine,37
45.5,B1_D-Serine,44
45.75,B1_D-Serine,39
46.0,B1_D-Serine,44
46.25,B1_D-Serine,39
46.5,B1_D-Serine,40
46.75,B1_D-Serine,39
47.0,B1_D-Serine,38
47.25,B1_D-Serine,39
47.5,B1_D-Serine,0
0.0,B2_D-Sorbitol,17
0.25,B2_D-Sorbitol,18
0.5,B2_D-Sorbitol,23
0.75,B2_D-Sorbitol,23
1.0,B2_D-Sorbitol,22
1.25,B2_D-Sorbitol,24
1.5,B2_D-Sorbitol,22
1.75,B2_D-Sorbitol,22
2.0,B2_D-Sorbitol,22
2.25,B2_D-Sorbitol,23
2.5,B2_D-Sorbitol,22
2.75,B2_D-Sorbitol,19
3.0,B2_D-Sorbitol,24
3.25,B2_D-Sorbitol,22
3.5,B2_D-Sorbitol,24
3.75,B2_D-Sorbitol,22
4.0,B2_D-Sorbitol,23
4.25,B2_D-Sorbitol,25
4.5,B2_D-Sorbitol,25
4.75,B2_D-Sorbitol,29
5.0,B2_D-Sorbitol,30
5.25,B2_D-Sorbitol,26
5.5,B2_D-Sorbitol,25
5.75,B2_D-Sorbitol,31
6.0,B2_D-Sorbitol,29
6.25,B2_D-Sorbitol,29
6.5,B2_D-Sorbitol,27
6.75,B2_D-Sorbitol,33
7.0,B2_D-Sorbitol,32
7.25,B2_D-Sorbitol,27
7.5,B2_D-Sorbitol,35
7.75,B2_D-Sorbitol,38
8.0,B2_D-Sorbitol,39
8.25,B2_D-Sorbitol,38
8.5,B2_D-Sorbitol,38
8.75,B2_D-Sorbitol,39
9.0,B2_D-Sorbitol,36
9.25,B2_D-Sorbitol,33
9.5,B2_D-Sorbitol,37
9.75,B2_D-Sorbitol,38
10.0,B2_D-Sorbitol,36
10.25,B2_D-Sorbitol,34
10.5,B2_D-Sorbitol,32
10.75,B2_D-Sorbitol,35
11.0,B2_D-Sorbitol,42
11.25,B2_D-Sorbitol,33
11.5,B2_D-Sorbitol,35
11.75,B2_D-Sorbitol,34
12.0,B2_D-Sorbitol,41
12.25,B2_D-Sorbitol,37
12.5,B2_D-Sorbitol,39
12.75,B2_D-Sorbitol,40
13.0,B2_D-Sorbitol,36
13.25,B2_D-Sorbitol,36
13.5,B2_D-Sorbitol,42
13.75,B2_D-Sorbitol,40
14.0,B2_D-Sorbitol,41
14.25,B2_D-Sorbitol,40
14.5,B2_D-Sorbitol,41
14.75,B2_D-Sorbitol,39
15.0,B2_D-Sorbitol,40
15.25,B2_D-Sorbitol,42
15.5,B2_D-Sorbitol,40
15.75,B2_D-Sorbitol,42
16.0,B2_D-Sorbitol,41
16.25,B2_D-Sorbitol,44
16.5,B2_D-Sorbitol,44
16.75,B2_D-Sorbitol,43
17.0,B2_D-Sorbitol,43
17.25,B2_D-Sorbitol,47
17.5,B2_D-Sorbitol,42
17.75,B2_D-Sorbitol,47
18.0,B2_D-Sorbitol,46
18.25,B2_D-Sorbitol,41
18.5,B2_D-Sorbitol,44
18.75,B2_D-Sorbitol,43
19.0,B2_D-Sorbitol,43
19.25,B2_D-Sorbitol,47
19.5,B2_D-Sorbitol,48
19.75,B2_D-Sorbitol,45
20.0,B2_D-Sorbitol,46
20.25,B2_D-Sorbitol,47
20.5,B2_D-Sorbitol,44
20.75,B2_D-Sorbitol,50
21.0,B2_D-Sorbitol,43
21.25,B2_D-Sorbitol,44
21.5,B2_D-Sorbitol,48
21.75,B2_D-Sorbitol,48
22.0,B2_D-Sorbitol,45
22.25,B2_D-Sorbitol,46
22.5,B2_D-Sorbitol,49
22.75,B2_D-Sorbitol,45
23.0,B2_D-Sorbitol,45
23.25,B2_D-Sorbitol,47
23.5,B2_D-Sorbitol,44
23.75,B2_D-Sorbitol,47
24.0,B2_D-Sorbitol,46
24.25,B2_D-Sorbitol,45
24.5,B2_D-Sorbitol,46
24.75,B2_D-Sorbitol,47
25.0,B2_D-Sorbitol,45
25.25,B2_D-Sorbitol,42
25.5,B2_D-Sorbitol,46
25.75,B2_D-Sorbitol,45
26.0,B2_D-Sorbitol,46
26.25,B2_D-Sorbitol,49
26.5,B2_D-Sorbitol,42
26.75,B2_D-Sorbitol,45
27.0,B2_D-Sorbitol,49
27.25,B2_D-Sorbitol,43
27.5,B2_D-Sorbitol,49
27.75,B2_D-Sorbitol,43
28.0,B2_D-Sorbitol,45
28.25,B2_D-Sorbitol,42
28.5,B2_D-Sorbitol,44
28.75,B2_D-Sorbitol,49
29.0,B2_D-Sorbitol,45
29.25,B2_D-Sorbitol,44
29.5,B2_D-Sorbitol,46
29.75,B2_D-Sorbitol,45
30.0,B2_D-Sorbitol,46
30.25,B2_D-Sorbitol,45
30.5,B2_D-Sorbitol,48
30.75,B2_D-Sorbitol,43
31.0,B2_D-Sorbitol,40
31.25,B2_D-Sorbitol,44
31.5,B2_D-Sorbitol,44
31.75,B2_D-Sorbitol,42
32.0,B2_D-Sorbitol,45
32.25,B2_D-Sorbitol,46
32.5,B2_D-Sorbitol,44
32.75,B2_D-Sorbitol,42
33.0,B2_D-Sorbitol,41
33.25,B2_D-Sorbitol,46
33.5,B2_D-Sorbitol,45
33.75,B2_D-Sorbitol,41
34.0,B2_D-Sorbitol,42
34.25,B2_D-Sorbitol,44
34.5,B2_D-Sorbitol,46
34.75,B2_D-Sorbitol,43
35.0,B2_D-Sorbitol,44
35.25,B2_D-Sorbitol,42
35.5,B2_D-Sorbitol,46
35.75,B2_D-Sorbitol,40
36.0,B2_D-Sorbitol,41
36.25,B2_D-Sorbitol,43
36.5,B2_D-Sorbitol,42
36.75,B2_D-Sorbitol,42
37.0,B2_D-Sorbitol,38
37.25,B2_D-Sorbitol,44
37.5,B2_D-Sorbitol,38
37.75,B2_D-Sorbitol,39
38.0,B2_D-Sorbitol,45
38.25,B2_D-Sorbitol,41
38.5,B2_D-Sorbitol,44
38.75,B2_D-Sorbitol,38
39.0,B2_D-Sorbitol,40
39.25,B2_D-Sorbitol,43
39.5,B2_D-Sorbitol,38
39.75,B2_D-Sorbitol,42
40.0,B2_D-Sorbitol,40
40.25,B2_D-Sorbitol,44
40.5,B2_D-Sorbitol,44
40.75,B2_D-Sorbitol,44
41.0,B2_D-Sorbitol,45
41.25,B2_D-Sorbitol,45
41.5,B2_D-Sorbitol,43
41.75,B2_D-Sorbitol,45
42.0,B2_D-Sorbitol,40
42.25,B2_D-Sorbitol,45
42.5,B2_D-Sorbitol,43
42.75,B2_D-Sorbitol,44
43.0,B2_D-Sorbitol,39
43.25,B2_D-Sorbitol,47
43.5,B2_D-Sorbitol,42
43.75,B2_D-Sorbitol,41
44.0,B2_D-Sorbitol,44
44.25,B2_D-Sorbitol,41
44.5,B2_D-Sorbitol,46
44.75,B2_D-Sorbitol,40
45.0,B2_D-Sorbitol,44
45.25,B2_D-Sorbitol,41
45.5,B2_D-Sorbitol,42
45.75,B2_D-Sorbitol,40
46.0,B2_D-Sorbitol,43
46.25,B2_D-Sorbitol,40
46.5,B2_D-Sorbitol,44
46.75,B2_D-Sorbitol,43
47.0,B2_D-Sorbitol,47
47.25,B2_D-Sorbitol,41
47.5,B2_D-Sorbitol,0
0.0,B3_Glycerol,31
0.25,B3_Glycerol,42
0.5,B3_Glycerol,22
0.75,B3_Glycerol,24
1.0,B3_Glycerol,14
1.25,B3_Glycerol,19
1.5,B3_Glycerol,13
1.75,B3_Glycerol,20
2.0,B3_Glycerol,16
2.25,B3_Glycerol,19
2.5,B3_Glycerol,19
2.75,B3_Glycerol,20
3.0,B3_Glycerol,19
3.25,B3_Glycerol,21
3.5,B3_Glycerol,19
3.75,B3_Glycerol,15
4.0,B3_Glycerol,20
4.25,B3_Glycerol,20
4.5,B3_Glycerol,21
4.75,B3_Glycerol,21
5.0,B3_Glycerol,24
5.25,B3_Glycerol,28
5.5,B3_Glycerol,21
5.75,B3_Glycerol,23
6.0,B3_Glycerol,25
6.25,B3_Glycerol,26
6.5,B3_Glycerol,24
6.75,B3_Glycerol,26
7.0,B3_Glycerol,29
7.25,B3_Glycerol,29
7.5,B3_Glycerol,29
7.75,B3_Glycerol,36
8.0,B3_Glycerol,35
8.25,B3_Glycerol,40
8.5,B3_Glycerol,37
8.75,B3_Glycerol,41
9.0,B3_Glycerol,48
9.25,B3_Glycerol,50
9.5,B3_Glycerol,50
9.75,B3_Glycerol,51
10.0,B3_Glycerol,52
10.25,B3_Glycerol,57
10.5,B3_Glycerol,65
10.75,B3_Glycerol,66
11.0,B3_Glycerol,73
11.25,B3_Glycerol,69
11.5,B3_Glycerol,77
11.75,B3_Glycerol,87
12.0,B3_Glycerol,87
12.25,B3_Glycerol,90
12.5,B3_Glycerol,94
12.75,B3_Glycerol,101
13.0,B3_Glycerol,100
13.25,B3_Glycerol,105
13.5,B3_Glycerol,101
13.75,B3_Glycerol,113
14.0,B3_Glycerol,119
14.25,B3_Glycerol,121
14.5,B3_Glycerol,122
14.75,B3_Glycerol,132
15.0,B3_Glycerol,139
15.25,B3_Glycerol,142
15.5,B3_Glycerol,146
15.75,B3_Glycerol,154
16.0,B3_Glycerol,163
16.25,B3_Glycerol,163
16.5,B3_Glycerol,169
16.75,B3_Glycerol,171
17.0,B3_Glycerol,173
17.25,B3_Glycerol,183
17.5,B3_Glycerol,182
17.75,B3_Glycerol,188
18.0,B3_Glycerol,191
18.25,B3_Glycerol,193
18.5,B3_Glycerol,198
18.75,B3_Glycerol,198
19.0,B3_Glycerol,203
19.25,B3_Glycerol,207
19.5,B3_Glycerol,211
19.75,B3_Glycerol,210
20.0,B3_Glycerol,217
20.25,B3_Glycerol,220
20.5,B3_Glycerol,221
20.75,B3_Glycerol,223
21.0,B3_Glycerol,222
21.25,B3_Glycerol,227
21.5,B3_Glycerol,230
21.75,B3_Glycerol,232
22.0,B3_Glycerol,239
22.25,B3_Glycerol,243
22.5,B3_Glycerol,246
22.75,B3_Glycerol,246
23.0,B3_Glycerol,244
23.25,B3_Glycerol,241
23.5,B3_Glycerol,246
23.75,B3_Glycerol,246
24.0,B3_Glycerol,247
24.25,B3_Glycerol,250
24.5,B3_Glycerol,250
24.75,B3_Glycerol,250
25.0,B3_Glycerol,254
25.25,B3_Glycerol,253
25.5,B3_Glycerol,256
25.75,B3_Glycerol,257
26.0,B3_Glycerol,261
26.25,B3_Glycerol,267
26.5,B3_Glycerol,261
26.75,B3_Glycerol,260
27.0,B3_Glycerol,264
27.25,B3_Glycerol,258
27.5,B3_Glycerol,263
27.75,B3_Glycerol,265
28.0,B3_Glycerol,265
28.25,B3_Glycerol,265
28.5,B3_Glycerol,263
28.75,B3_Glycerol,264
29.0,B3_Glycerol,267
29.25,B3_Glycerol,260
29.5,B3_Glycerol,264
29.75,B3_Glycerol,267
30.0,B3_Glycerol,267
30.25,B3_Glycerol,270
30.5,B3_Glycerol,268
30.75,B3_Glycerol,264
31.0,B3_Glycerol,266
31.25,B3_Glycerol,267
31.5,B3_Glycerol,266
31.75,B3_Glycerol,267
32.0,B3_Glycerol,267
32.25,B3_Glycerol,268
32.5,B3_Glycerol,262
32.75,B3_Glycerol,267
33.0,B3_Glycerol,265
33.25,B3_Glycerol,268
33.5,B3_Glycerol,270
33.75,B3_Glycerol,267
34.0,B3_Glycerol,267
34.25,B3_Glycerol,272
34.5,B3_Glycerol,271
34.75,B3_Glycerol,271
35.0,B3_Glycerol,267
35.25,B3_Glycerol,268
35.5,B3_Glycerol,268
35.75,B3_Glycerol,269
36.0,B3_Glycerol,267
36.25,B3_Glycerol,267
36.5,B3_Glycerol,267
36.75,B3_Glycerol,269
37.0,B3_Glycerol,267
37.25,B3_Glycerol,267
37.5,B3_Glycerol,267
37.75,B3_Glycerol,270
38.0,B3_Glycerol,270
38.25,B3_Glycerol,271
38.5,B3_Glycerol,274
38.75,B3_Glycerol,269
39.0,B3_Glycerol,272
39.25,B3_Glycerol,272
39.5,B3_Glycerol,270
39.75,B3_Glycerol,270
40.0,B3_Glycerol,269
40.25,B3_Glycerol,268
40.5,B3_Glycerol,273
40.75,B3_Glycerol,271
41.0,B3_Glycerol,274
41.25,B3_Glycerol,277
41.5,B3_Glycerol,269
41.75,B3_Glycerol,272
42.0,B3_Glycerol,273
42.25,B3_Glycerol,278
42.5,B3_Glycerol,275
42.75,B3_Glycerol,278
43.0,B3_Glycerol,277
43.25,B3_Glycerol,277
43.5,B3_Glycerol,279
43.75,B3_Glycerol,274
44.0,B3_Glycerol,277
44.25,B3_Glycerol,278
44.5,B3_Glycerol,279
44.75,B3_Glycerol,278
45.0,B3_Glycerol,280
45.25,B3_Glycerol,280
45.5,B3_Glycerol,277
45.75,B3_Glycerol,279
46.0,B3_Glycerol,277
46.25,B3_Glycerol,276
46.5,B3_Glycerol,279
46.75,B3_Glycerol,279
47.0,B3_Glycerol,278
47.25,B3_Glycerol,278
47.5,B3_Glycerol,0
0.0,B4_L-Fucose,23
0.25,B4_L-Fucose,28
0.5,B4_L-Fucose,38
0.75,B4_L-Fucose,45
1.0,B4_L-Fucose,32
1.25,B4_L-Fucose,30
1.5,B4_L-Fucose,32
1.75,B4_L-Fucose,16
2.0,B4_L-Fucose,14
2.25,B4_L-Fucose,20
2.5,B4_L-Fucose,17
2.75,B4_L-Fucose,17
3.0,B4_L-Fucose,21
3.25,B4_L-Fucose,19
3.5,B4_L-Fucose,18
3.75,B4_L-Fucose,22
4.0,B4_L-Fucose,18
4.25,B4_L-Fucose,21
4.5,B4_L-Fucose,20
4.75,B4_L-Fucose,23
5.0,B4_L-Fucose,20
5.25,B4_L-Fucose,27
5.5,B4_L-Fucose,26
5.75,B4_L-Fucose,31
6.0,B4_L-Fucose,27
6.25,B4_L-Fucose,28
6.5,B4_L-Fucose,26
6.75,B4_L-Fucose,33
7.0,B4_L-Fucose,31
7.25,B4_L-Fucose,33
7.5,B4_L-Fucose,35
7.75,B4_L-Fucose,41
8.0,B4_L-Fucose,40
8.25,B4_L-Fucose,43
8.5,B4_L-Fucose,42
8.75,B4_L-Fucose,43
9.0,B4_L-Fucose,46
9.25,B4_L-Fucose,43
9.5,B4_L-Fucose,43
9.75,B4_L-Fucose,39
10.0,B4_L-Fucose,37
10.25,B4_L-Fucose,41
10.5,B4_L-Fucose,44
10.75,B4_L-Fucose,47
11.0,B4_L-Fucose,44
11.25,B4_L-Fucose,44
11.5,B4_L-Fucose,43
11.75,B4_L-Fucose,48
12.0,B4_L-Fucose,40
12.25,B4_L-Fucose,48
12.5,B4_L-Fucose,42
12.75,B4_L-Fucose,43
13.0,B4_L-Fucose,44
13.25,B4_L-Fucose,44
13.5,B4_L-Fucose,46
13.75,B4_L-Fucose,45
14.0,B4_L-Fucose,40
14.25,B4_L-Fucose,47
14.5,B4_L-Fucose,50
14.75,B4_L-Fucose,48
15.0,B4_L-Fucose,42
15.25,B4_L-Fucose,46
15.5,B4_L-Fucose,47
15.75,B4_L-Fucose,48
16.0,B4_L-Fucose,46
16.25,B4_L-Fucose,52
16.5,B4_L-Fucose,45
16.75,B4_L-Fucose,47
17.0,B4_L-Fucose,46
17.25,B4_L-Fucose,49
17.5,B4_L-Fucose,44
17.75,B4_L-Fucose,47
18.0,B4_L-Fucose,53
18.25,B4_L-Fucose,49
18.5,B4_L-Fucose,48
18.75,B4_L-Fucose,47
19.0,B4_L-Fucose,48
19.25,B4_L-Fucose,49
19.5,B4_L-Fucose,46
19.75,B4_L-Fucose,48
20.0,B4_L-Fucose,50
20.25,B4_L-Fucose,43
20.5,B4_L-Fucose,47
20.75,B4_L-Fucose,50
21.0,B4_L-Fucose,46
21.25,B4_L-Fucose,50
21.5,B4_L-Fucose,47
21.75,B4_L-Fucose,48
22.0,B4_L-Fucose,52
22.25,B4_L-Fucose,52
22.5,B4_L-Fucose,50
22.75,B4_L-Fucose,50
23.0,B4_L-Fucose,52
23.25,B4_L-Fucose,50
23.5,B4_L-Fucose,50
23.75,B4_L-Fucose,49
24.0,B4_L-Fucose,49
24.25,B4_L-Fucose,47
24.5,B4_L-Fucose,48
24.75,B4_L-Fucose,49
25.0,B4_L-Fucose,50
25.25,B4_L-Fucose,49
25.5,B4_L-Fucose,46
25.75,B4_L-Fucose,51
26.0,B4_L-Fucose,48
26.25,B4_L-Fucose,54
26.5,B4_L-Fucose,48
26.75,B4_L-Fucose,49
27.0,B4_L-Fucose,52
27.25,B4_L-Fucose,49
27.5,B4_L-Fucose,51
27.75,B4_L-Fucose,47
28.0,B4_L-Fucose,51
28.25,B4_L-Fucose,50
28.5,B4_L-Fucose,49
28.75,B4_L-Fucose,52
29.0,B4_L-Fucose,49
29.25,B4_L-Fucose,51
29.5,B4_L-Fucose,53
29.75,B4_L-Fucose,53
30.0,B4_L-Fucose,53
30.25,B4_L-Fucose,51
30.5,B4_L-Fucose,52
30.75,B4_L-Fucose,50
31.0,B4_L-Fucose,53
31.25,B4_L-Fucose,53
31.5,B4_L-Fucose,49
31.75,B4_L-Fucose,53
32.0,B4_L-Fucose,53
32.25,B4_L-Fucose,47
32.5,B4_L-Fucose,55
32.75,B4_L-Fucose,52
33.0,B4_L-Fucose,50
33.25,B4_L-Fucose,57
33.5,B4_L-Fucose,54
33.75,B4_L-Fucose,53
34.0,B4_L-Fucose,53
34.25,B4_L-Fucose,54
34.5,B4_L-Fucose,52
34.75,B4_L-Fucose,52
35.0,B4_L-Fucose,52
35.25,B4_L-Fucose,49
35.5,B4_L-Fucose,55
35.75,B4_L-Fucose,51
36.0,B4_L-Fucose,54
36.25,B4_L-Fucose,51
36.5,B4_L-Fucose,53
36.75,B4_L-Fucose,53
37.0,B4_L-Fucose,49
37.25,B4_L-Fucose,54
37.5,B4_L-Fucose,46
37.75,B4_L-Fucose,50
38.0,B4_L-Fucose,58
38.25,B4_L-Fucose,52
38.5,B4_L-Fucose,53
38.75,B4_L-Fucose,48
39.0,B4_L-Fucose,50
39.25,B4_L-Fucose,54
39.5,B4_L-Fucose,47
39.75,B4_L-Fucose,54
40.0,B4_L-Fucose,56
40.25,B4_L-Fucose,55
40.5,B4_L-Fucose,56
40.75,B4_L-Fucose,54
41.0,B4_L-Fucose,52
41.25,B4_L-Fucose,52
41.5,B4_L-Fucose,56
41.75,B4_L-Fucose,54
42.0,B4_L-Fucose,50
42.25,B4_L-Fucose,54
42.5,B4_L-Fucose,57
42.75,B4_L-Fucose,54
43.0,B4_L-Fucose,57
43.25,B4_L-Fucose,52
43.5,B4_L-Fucose,53
43.75,B4_L-Fucose,53
44.0,B4_L-Fucose,56
44.25,B4_L-Fucose,54
44.5,B4_L-Fucose,51
44.75,B4_L-Fucose,53
45.0,B4_L-Fucose,53
45.25,B4_L-Fucose,53
45.5,B4_L-Fucose,54
45.75,B4_L-Fucose,56
46.0,B4_L-Fucose,58
46.25,B4_L-Fucose,50
46.5,B4_L-Fucose,56
46.75,B4_L-Fucose,56
47.0,B4_L-Fucose,57
47.25,B4_L-Fucose,54
47.5,B4_L-Fucose,0
0.0,B5_D-Glucuronic_Acid,22
0.25,B5_D-Glucuronic_Acid,15
0.5,B5_D-Glucuronic_Acid,21
0.75,B5_D-Glucuronic_Acid,21
1.0,B5_D-Glucuronic_Acid,20
1.25,B5_D-Glucuronic_Acid,20
1.5,B5_D-Glucuronic_Acid,18
1.75,B5_D-Glucuronic_Acid,25
2.0,B5_D-Glucuronic_Acid,22
2.25,B5_D-Glucuronic_Acid,24
2.5,B5_D-Glucuronic_Acid,22
2.75,B5_D-Glucuronic_Acid,26
3.0,B5_D-Glucuronic_Acid,24
3.25,B5_D-Glucuronic_Acid,19
3.5,B5_D-Glucuronic_Acid,22
3.75,B5_D-Glucuronic_Acid,24
4.0,B5_D-Glucuronic_Acid,21
4.25,B5_D-Glucuronic_Acid,23
4.5,B5_D-Glucuronic_Acid,29
4.75,B5_D-Glucuronic_Acid,28
5.0,B5_D-Glucuronic_Acid,30
5.25,B5_D-Glucuronic_Acid,30
5.5,B5_D-Glucuronic_Acid,31
5.75,B5_D-Glucuronic_Acid,35
6.0,B5_D-Glucuronic_Acid,28
6.25,B5_D-Glucuronic_Acid,32
6.5,B5_D-Glucuronic_Acid,35
6.75,B5_D-Glucuronic_Acid,34
7.0,B5_D-Glucuronic_Acid,31
7.25,B5_D-Glucuronic_Acid,31
7.5,B5_D-Glucuronic_Acid,36
7.75,B5_D-Glucuronic_Acid,43
8.0,B5_D-Glucuronic_Acid,38
8.25,B5_D-Glucuronic_Acid,43
8.5,B5_D-Glucuronic_Acid,37
8.75,B5_D-Glucuronic_Acid,36
9.0,B5_D-Glucuronic_Acid,41
9.25,B5_D-Glucuronic_Acid,41
9.5,B5_D-Glucuronic_Acid,38
9.75,B5_D-Glucuronic_Acid,40
10.0,B5_D-Glucuronic_Acid,38
10.25,B5_D-Glucuronic_Acid,39
10.5,B5_D-Glucuronic_Acid,37
10.75,B5_D-Glucuronic_Acid,40
11.0,B5_D-Glucuronic_Acid,43
11.25,B5_D-Glucuronic_Acid,36
11.5,B5_D-Glucuronic_Acid,41
11.75,B5_D-Glucuronic_Acid,46
12.0,B5_D-Glucuronic_Acid,41
12.25,B5_D-Glucuronic_Acid,49
12.5,B5_D-Glucuronic_Acid,51
12.75,B5_D-Glucuronic_Acid,49
13.0,B5_D-Glucuronic_Acid,49
13.25,B5_D-Glucuronic_Acid,50
13.5,B5_D-Glucuronic_Acid,50
13.75,B5_D-Glucuronic_Acid,54
14.0,B5_D-Glucuronic_Acid,53
14.25,B5_D-Glucuronic_Acid,51
14.5,B5_D-Glucuronic_Acid,45
14.75,B5_D-Glucuronic_Acid,51
15.0,B5_D-Glucuronic_Acid,52
15.25,B5_D-Glucuronic_Acid,49
15.5,B5_D-Glucuronic_Acid,54
15.75,B5_D-Glucuronic_Acid,60
16.0,B5_D-Glucuronic_Acid,56
16.25,B5_D-Glucuronic_Acid,59
16.5,B5_D-Glucuronic_Acid,59
16.75,B5_D-Glucuronic_Acid,52
17.0,B5_D-Glucuronic_Acid,60
17.25,B5_D-Glucuronic_Acid,62
17.5,B5_D-Glucuronic_Acid,57
17.75,B5_D-Glucuronic_Acid,62
18.0,B5_D-Glucuronic_Acid,65
18.25,B5_D-Glucuronic_Acid,68
18.5,B5_D-Glucuronic_Acid,64
18.75,B5_D-Glucuronic_Acid,58
19.0,B5_D-Glucuronic_Acid,60
19.25,B5_D-Glucuronic_Acid,63
19.5,B5_D-Glucuronic_Acid,61
19.75,B5_D-Glucuronic_Acid,59
20.0,B5_D-Glucuronic_Acid,64
20.25,B5_D-Glucuronic_Acid,66
20.5,B5_D-Glucuronic_Acid,63
20.75,B5_D-Glucuronic_Acid,75
21.0,B5_D-Glucuronic_Acid,68
21.25,B5_D-Glucuronic_Acid,70
21.5,B5_D-Glucuronic_Acid,71
21.75,B5_D-Glucuronic_Acid,68
22.0,B5_D-Glucuronic_Acid,74
22.25,B5_D-Glucuronic_Acid,72
22.5,B5_D-Glucuronic_Acid,75
22.75,B5_D-Glucuronic_Acid,67
23.0,B5_D-Glucuronic_Acid,78
23.25,B5_D-Glucuronic_Acid,78
23.5,B5_D-Glucuronic_Acid,79
23.75,B5_D-Glucuronic_Acid,90
24.0,B5_D-Glucuronic_Acid,96
24.25,B5_D-Glucuronic_Acid,86
24.5,B5_D-Glucuronic_Acid,100
24.75,B5_D-Glucuronic_Acid,98
25.0,B5_D-Glucuronic_Acid,105
25.25,B5_D-Glucuronic_Acid,106
25.5,B5_D-Glucuronic_Acid,116
25.75,B5_D-Glucuronic_Acid,116
26.0,B5_D-Glucuronic_Acid,116
26.25,B5_D-Glucuronic_Acid,129
26.5,B5_D-Glucuronic_Acid,129
26.75,B5_D-Glucuronic_Acid,142
27.0,B5_D-Glucuronic_Acid,145
27.25,B5_D-Glucuronic_Acid,147
27.5,B5_D-Glucuronic_Acid,155
27.75,B5_D-Glucuronic_Acid,153
28.0,B5_D-Glucuronic_Acid,159
28.25,B5_D-Glucuronic_Acid,166
28.5,B5_D-Glucuronic_Acid,169
28.75,B5_D-Glucuronic_Acid,174
29.0,B5_D-Glucuronic_Acid,176
29.25,B5_D-Glucuronic_Acid,183
29.5,B5_D-Glucuronic_Acid,188
29.75,B5_D-Glucuronic_Acid,188
30.0,B5_D-Glucuronic_Acid,195
30.25,B5_D-Glucuronic_Acid,196
30.5,B5_D-Glucuronic_Acid,200
30.75,B5_D-Glucuronic_Acid,205
31.0,B5_D-Glucuronic_Acid,211
31.25,B5_D-Glucuronic_Acid,207
31.5,B5_D-Glucuronic_Acid,211
31.75,B5_D-Glucuronic_Acid,219
32.0,B5_D-Glucuronic_Acid,222
32.25,B5_D-Glucuronic_Acid,225
32.5,B5_D-Glucuronic_Acid,230
32.75,B5_D-Glucuronic_Acid,232
33.0,B5_D-Glucuronic_Acid,236
33.25,B5_D-Glucuronic_Acid,235
33.5,B5_D-Glucuronic_Acid,239
33.75,B5_D-Glucuronic_Acid,239
34.0,B5_D-Glucuronic_Acid,240
34.25,B5_D-Glucuronic_Acid,244
34.5,B5_D-Glucuronic_Acid,247
34.75,B5_D-Glucuronic_Acid,242
35.0,B5_D-Glucuronic_Acid,250
35.25,B5_D-Glucuronic_Acid,249
35.5,B5_D-Glucuronic_Acid,251
35.75,B5_D-Glucuronic_Acid,255
36.0,B5_D-Glucuronic_Acid,255
36.25,B5_D-Glucuronic_Acid,259
36.5,B5_D-Glucuronic_Acid,252
36.75,B5_D-Glucuronic_Acid,260
37.0,B5_D-Glucuronic_Acid,258
37.25,B5_D-Glucuronic_Acid,264
37.5,B5_D-Glucuronic_Acid,255
37.75,B5_D-Glucuronic_Acid,260
38.0,B5_D-Glucuronic_Acid,264
38.25,B5_D-Glucuronic_Acid,260
38.5,B5_D-Glucuronic_Acid,262
38.75,B5_D-Glucuronic_Acid,260
39.0,B5_D-Glucuronic_Acid,265
39.25,B5_D-Glucuronic_Acid,266
39.5,B5_D-Glucuronic_Acid,262
39.75,B5_D-Glucuronic_Acid,268
40.0,B5_D-Glucuronic_Acid,269
40.25,B5_D-Glucuronic_Acid,269
40.5,B5_D-Glucuronic_Acid,269
40.75,B5_D-Glucuronic_Acid,270
41.0,B5_D-Glucuronic_Acid,270
41.25,B5_D-Glucuronic_Acid,270
41.5,B5_D-Glucuronic_Acid,270
41.75,B5_D-Glucuronic_Acid,269
42.0,B5_D-Glucuronic_Acid,269
42.25,B5_D-Glucuronic_Acid,268
42.5,B5_D-Glucuronic_Acid,273
42.75,B5_D-Glucuronic_Acid,270
43.0,B5_D-Glucuronic_Acid,273
43.25,B5_D-Glucuronic_Acid,272
43.5,B5_D-Glucuronic_Acid,268
43.75,B5_D-Glucuronic_Acid,271
44.0,B5_D-Glucuronic_Acid,272
44.25,B5_D-Glucuronic_Acid,274
44.5,B5_D-Glucuronic_Acid,271
44.75,B5_D-Glucuronic_Acid,270
45.0,B5_D-Glucuronic_Acid,274
45.25,B5_D-Glucuronic_Acid,269
45.5,B5_D-Glucuronic_Acid,270
45.75,B5_D-Glucuronic_Acid,272
46.0,B5_D-Glucuronic_Acid,270
46.25,B5_D-Glucuronic_Acid,265
46.5,B5_D-Glucuronic_Acid,270
46.75,B5_D-Glucuronic_Acid,266
47.0,B5_D-Glucuronic_Acid,265
47.25,B5_D-Glucuronic_Acid,263
47.5,B5_D-Glucuronic_Acid,0
0.0,B6_D-Gluconic_Acid,18
0.25,B6_D-Gluconic_Acid,12
0.5,B6_D-Gluconic_Acid,17
0.75,B6_D-Gluconic_Acid,17
1.0,B6_D-Gluconic_Acid,14
1.25,B6_D-Gluconic_Acid,11
1.5,B6_D-Gluconic_Acid,11
1.75,B6_D-Gluconic_Acid,17
2.0,B6_D-Gluconic_Acid,17
2.25,B6_D-Gluconic_Acid,14
2.5,B6_D-Gluconic_Acid,15
2.75,B6_D-Gluconic_Acid,17
3.0,B6_D-Gluconic_Acid,14
3.25,B6_D-Gluconic_Acid,13
3.5,B6_D-Gluconic_Acid,13
3.75,B6_D-Gluconic_Acid,15
4.0,B6_D-Gluconic_Acid,16
4.25,B6_D-Gluconic_Acid,16
4.5,B6_D-Gluconic_Acid,19
4.75,B6_D-Gluconic_Acid,18
5.0,B6_D-Gluconic_Acid,18
5.25,B6_D-Gluconic_Acid,19
5.5,B6_D-Gluconic_Acid,22
5.75,B6_D-Gluconic_Acid,26
6.0,B6_D-Gluconic_Acid,22
6.25,B6_D-Gluconic_Acid,32
6.5,B6_D-Gluconic_Acid,24
6.75,B6_D-Gluconic_Acid,32
7.0,B6_D-Gluconic_Acid,32
7.25,B6_D-Gluconic_Acid,31
7.5,B6_D-Gluconic_Acid,37
7.75,B6_D-Gluconic_Acid,46
8.0,B6_D-Gluconic_Acid,42
8.25,B6_D-Gluconic_Acid,44
8.5,B6_D-Gluconic_Acid,45
8.75,B6_D-Gluconic_Acid,49
9.0,B6_D-Gluconic_Acid,56
9.25,B6_D-Gluconic_Acid,54
9.5,B6_D-Gluconic_Acid,59
9.75,B6_D-Gluconic_Acid,59
10.0,B6_D-Gluconic_Acid,61
10.25,B6_D-Gluconic_Acid,70
10.5,B6_D-Gluconic_Acid,73
10.75,B6_D-Gluconic_Acid,80
11.0,B6_D-Gluconic_Acid,87
11.25,B6_D-Gluconic_Acid,84
11.5,B6_D-Gluconic_Acid,93
11.75,B6_D-Gluconic_Acid,112
12.0,B6_D-Gluconic_Acid,107
12.25,B6_D-Gluconic_Acid,113
12.5,B6_D-Gluconic_Acid,111
12.75,B6_D-Gluconic_Acid,109
13.0,B6_D-Gluconic_Acid,116
13.25,B6_D-Gluconic_Acid,127
13.5,B6_D-Gluconic_Acid,138
13.75,B6_D-Gluconic_Acid,143
14.0,B6_D-Gluconic_Acid,147
14.25,B6_D-Gluconic_Acid,142
14.5,B6_D-Gluconic_Acid,142
14.75,B6_D-Gluconic_Acid,155
15.0,B6_D-Gluconic_Acid,161
15.25,B6_D-Gluconic_Acid,165
15.5,B6_D-Gluconic_Acid,170
15.75,B6_D-Gluconic_Acid,181
16.0,B6_D-Gluconic_Acid,186
16.25,B6_D-Gluconic_Acid,193
16.5,B6_D-Gluconic_Acid,197
16.75,B6_D-Gluconic_Acid,192
17.0,B6_D-Gluconic_Acid,205
17.25,B6_D-Gluconic_Acid,205
17.5,B6_D-Gluconic_Acid,211
17.75,B6_D-Gluconic_Acid,214
18.0,B6_D-Gluconic_Acid,217
18.25,B6_D-Gluconic_Acid,217
18.5,B6_D-Gluconic_Acid,221
18.75,B6_D-Gluconic_Acid,216
19.0,B6_D-Gluconic_Acid,222
19.25,B6_D-Gluconic_Acid,227
19.5,B6_D-Gluconic_Acid,231
19.75,B6_D-Gluconic_Acid,228
20.0,B6_D-Gluconic_Acid,227
20.25,B6_D-Gluconic_Acid,239
20.5,B6_D-Gluconic_Acid,235
20.75,B6_D-Gluconic_Acid,239
21.0,B6_D-Gluconic_Acid,238
21.25,B6_D-Gluconic_Acid,239
21.5,B6_D-Gluconic_Acid,242
21.75,B6_D-Gluconic_Acid,245
22.0,B6_D-Gluconic_Acid,248
22.25,B6_D-Gluconic_Acid,245
22.5,B6_D-Gluconic_Acid,246
22.75,B6_D-Gluconic_Acid,238
23.0,B6_D-Gluconic_Acid,247
23.25,B6_D-Gluconic_Acid,246
23.5,B6_D-Gluconic_Acid,244
23.75,B6_D-Gluconic_Acid,248
24.0,B6_D-Gluconic_Acid,249
24.25,B6_D-Gluconic_Acid,236
24.5,B6_D-Gluconic_Acid,248
24.75,B6_D-Gluconic_Acid,244
25.0,B6_D-Gluconic_Acid,244
25.25,B6_D-Gluconic_Acid,234
25.5,B6_D-Gluconic_Acid,245
25.75,B6_D-Gluconic_Acid,245
26.0,B6_D-Gluconic_Acid,240
26.25,B6_D-Gluconic_Acid,247
26.5,B6_D-Gluconic_Acid,242
26.75,B6_D-Gluconic_Acid,248
27.0,B6_D-Gluconic_Acid,243
27.25,B6_D-Gluconic_Acid,241
27.5,B6_D-Gluconic_Acid,246
27.75,B6_D-Gluconic_Acid,235
28.0,B6_D-Gluconic_Acid,237
28.25,B6_D-Gluconic_Acid,236
28.5,B6_D-Gluconic_Acid,240
28.75,B6_D-Gluconic_Acid,238
29.0,B6_D-Gluconic_Acid,231
29.25,B6_D-Gluconic_Acid,239
29.5,B6_D-Gluconic_Acid,239
29.75,B6_D-Gluconic_Acid,235
30.0,B6_D-Gluconic_Acid,241
30.25,B6_D-Gluconic_Acid,234
30.5,B6_D-Gluconic_Acid,237
30.75,B6_D-Gluconic_Acid,237
31.0,B6_D-Gluconic_Acid,236
31.25,B6_D-Gluconic_Acid,231
31.5,B6_D-Gluconic_Acid,228
31.75,B6_D-Gluconic_Acid,234
32.0,B6_D-Gluconic_Acid,240
32.25,B6_D-Gluconic_Acid,238
32.5,B6_D-Gluconic_Acid,239
32.75,B6_D-Gluconic_Acid,229
33.0,B6_D-Gluconic_Acid,235
33.25,B6_D-Gluconic_Acid,236
33.5,B6_D-Gluconic_Acid,236
33.75,B6_D-Gluconic_Acid,234
34.0,B6_D-Gluconic_Acid,234
34.25,B6_D-Gluconic_Acid,231
34.5,B6_D-Gluconic_Acid,230
34.75,B6_D-Gluconic_Acid,228
35.0,B6_D-Gluconic_Acid,230
35.25,B6_D-Gluconic_Acid,224
35.5,B6_D-Gluconic_Acid,233
35.75,B6_D-Gluconic_Acid,234
36.0,B6_D-Gluconic_Acid,227
36.25,B6_D-Gluconic_Acid,229
36.5,B6_D-Gluconic_Acid,224
36.75,B6_D-Gluconic_Acid,231
37.0,B6_D-Gluconic_Acid,229
37.25,B6_D-Gluconic_Acid,228
37.5,B6_D-Gluconic_Acid,222
37.75,B6_D-Gluconic_Acid,230
38.0,B6_D-Gluconic_Acid,231
38.25,B6_D-Gluconic_Acid,223
38.5,B6_D-Gluconic_Acid,224
38.75,B6_D-Gluconic_Acid,222
39.0,B6_D-Gluconic_Acid,231
39.25,B6_D-Gluconic_Acid,226
39.5,B6_D-Gluconic_Acid,224
39.75,B6_D-Gluconic_Acid,228
40.0,B6_D-Gluconic_Acid,232
40.25,B6_D-Gluconic_Acid,229
40.5,B6_D-Gluconic_Acid,227
40.75,B6_D-Gluconic_Acid,231
41.0,B6_D-Gluconic_Acid,221
41.25,B6_D-Gluconic_Acid,226
41.5,B6_D-Gluconic_Acid,225
41.75,B6_D-Gluconic_Acid,227
42.0,B6_D-Gluconic_Acid,227
42.25,B6_D-Gluconic_Acid,222
42.5,B6_D-Gluconic_Acid,226
42.75,B6_D-Gluconic_Acid,222
43.0,B6_D-Gluconic_Acid,227
43.25,B6_D-Gluconic_Acid,226
43.5,B6_D-Gluconic_Acid,217
43.75,B6_D-Gluconic_Acid,224
44.0,B6_D-Gluconic_Acid,221
44.25,B6_D-Gluconic_Acid,229
44.5,B6_D-Gluconic_Acid,224
44.75,B6_D-Gluconic_Acid,226
45.0,B6_D-Gluconic_Acid,218
45.25,B6_D-Gluconic_Acid,219
45.5,B6_D-Gluconic_Acid,221
45.75,B6_D-Gluconic_Acid,223
46.0,B6_D-Gluconic_Acid,227
46.25,B6_D-Gluconic_Acid,218
46.5,B6_D-Gluconic_Acid,228
46.75,B6_D-Gluconic_Acid,222
47.0,B6_D-Gluconic_Acid,225
47.25,B6_D-Gluconic_Acid,226
47.5,B6_D-Gluconic_Acid,0
0.0,B7_D-L-a-Glycerol_Phosphate,11
0.25,B7_D-L-a-Glycerol_Phosphate,12
0.5,B7_D-L-a-Glycerol_Phosphate,18
0.75,B7_D-L-a-Glycerol_Phosphate,20
1.0,B7_D-L-a-Glycerol_Phosphate,17
1.25,B7_D-L-a-Glycerol_Phosphate,23
1.5,B7_D-L-a-Glycerol_Phosphate,17
1.75,B7_D-L-a-Glycerol_Phosphate,17
2.0,B7_D-L-a-Glycerol_Phosphate,18
2.25,B7_D-L-a-Glycerol_Phosphate,16
2.5,B7_D-L-a-Glycerol_Phosphate,15
2.75,B7_D-L-a-Glycerol_Phosphate,18
3.0,B7_D-L-a-Glycerol_Phosphate,15
3.25,B7_D-L-a-Glycerol_Phosphate,17
3.5,B7_D-L-a-Glycerol_Phosphate,16
3.75,B7_D-L-a-Glycerol_Phosphate,18
4.0,B7_D-L-a-Glycerol_Phosphate,15
4.25,B7_D-L-a-Glycerol_Phosphate,16
4.5,B7_D-L-a-Glycerol_Phosphate,18
4.75,B7_D-L-a-Glycerol_Phosphate,15
5.0,B7_D-L-a-Glycerol_Phosphate,16
5.25,B7_D-L-a-Glycerol_Phosphate,17
5.5,B7_D-L-a-Glycerol_Phosphate,19
5.75,B7_D-L-a-Glycerol_Phosphate,23
6.0,B7_D-L-a-Glycerol_Phosphate,22
6.25,B7_D-L-a-Glycerol_Phosphate,25
6.5,B7_D-L-a-Glycerol_Phosphate,23
6.75,B7_D-L-a-Glycerol_Phosphate,26
7.0,B7_D-L-a-Glycerol_Phosphate,24
7.25,B7_D-L-a-Glycerol_Phosphate,28
7.5,B7_D-L-a-Glycerol_Phosphate,27
7.75,B7_D-L-a-Glycerol_Phosphate,35
8.0,B7_D-L-a-Glycerol_Phosphate,29
8.25,B7_D-L-a-Glycerol_Phosphate,28
8.5,B7_D-L-a-Glycerol_Phosphate,34
8.75,B7_D-L-a-Glycerol_Phosphate,30
9.0,B7_D-L-a-Glycerol_Phosphate,36
9.25,B7_D-L-a-Glycerol_Phosphate,30
9.5,B7_D-L-a-Glycerol_Phosphate,28
9.75,B7_D-L-a-Glycerol_Phosphate,29
10.0,B7_D-L-a-Glycerol_Phosphate,34
10.25,B7_D-L-a-Glycerol_Phosphate,31
10.5,B7_D-L-a-Glycerol_Phosphate,32
10.75,B7_D-L-a-Glycerol_Phosphate,34
11.0,B7_D-L-a-Glycerol_Phosphate,29
11.25,B7_D-L-a-Glycerol_Phosphate,31
11.5,B7_D-L-a-Glycerol_Phosphate,32
11.75,B7_D-L-a-Glycerol_Phosphate,30
12.0,B7_D-L-a-Glycerol_Phosphate,34
12.25,B7_D-L-a-Glycerol_Phosphate,35
12.5,B7_D-L-a-Glycerol_Phosphate,39
12.75,B7_D-L-a-Glycerol_Phosphate,36
13.0,B7_D-L-a-Glycerol_Phosphate,36
13.25,B7_D-L-a-Glycerol_Phosphate,37
13.5,B7_D-L-a-Glycerol_Phosphate,36
13.75,B7_D-L-a-Glycerol_Phosphate,33
14.0,B7_D-L-a-Glycerol_Phosphate,35
14.25,B7_D-L-a-Glycerol_Phosphate,39
14.5,B7_D-L-a-Glycerol_Phosphate,32
14.75,B7_D-L-a-Glycerol_Phosphate,36
15.0,B7_D-L-a-Glycerol_Phosphate,37
15.25,B7_D-L-a-Glycerol_Phosphate,34
15.5,B7_D-L-a-Glycerol_Phosphate,35
15.75,B7_D-L-a-Glycerol_Phosphate,39
16.0,B7_D-L-a-Glycerol_Phosphate,43
16.25,B7_D-L-a-Glycerol_Phosphate,35
16.5,B7_D-L-a-Glycerol_Phosphate,40
16.75,B7_D-L-a-Glycerol_Phosphate,31
17.0,B7_D-L-a-Glycerol_Phosphate,41
17.25,B7_D-L-a-Glycerol_Phosphate,35
17.5,B7_D-L-a-Glycerol_Phosphate,38
17.75,B7_D-L-a-Glycerol_Phosphate,44
18.0,B7_D-L-a-Glycerol_Phosphate,42
18.25,B7_D-L-a-Glycerol_Phosphate,41
18.5,B7_D-L-a-Glycerol_Phosphate,42
18.75,B7_D-L-a-Glycerol_Phosphate,37
19.0,B7_D-L-a-Glycerol_Phosphate,37
19.25,B7_D-L-a-Glycerol_Phosphate,41
19.5,B7_D-L-a-Glycerol_Phosphate,41
19.75,B7_D-L-a-Glycerol_Phosphate,39
20.0,B7_D-L-a-Glycerol_Phosphate,36
20.25,B7_D-L-a-Glycerol_Phosphate,43
20.5,B7_D-L-a-Glycerol_Phosphate,43
20.75,B7_D-L-a-Glycerol_Phosphate,43
21.0,B7_D-L-a-Glycerol_Phosphate,39
21.25,B7_D-L-a-Glycerol_Phosphate,40
21.5,B7_D-L-a-Glycerol_Phosphate,40
21.75,B7_D-L-a-Glycerol_Phosphate,37
22.0,B7_D-L-a-Glycerol_Phosphate,42
22.25,B7_D-L-a-Glycerol_Phosphate,43
22.5,B7_D-L-a-Glycerol_Phosphate,45
22.75,B7_D-L-a-Glycerol_Phosphate,37
23.0,B7_D-L-a-Glycerol_Phosphate,42
23.25,B7_D-L-a-Glycerol_Phosphate,44
23.5,B7_D-L-a-Glycerol_Phosphate,41
23.75,B7_D-L-a-Glycerol_Phosphate,45
24.0,B7_D-L-a-Glycerol_Phosphate,50
24.25,B7_D-L-a-Glycerol_Phosphate,36
24.5,B7_D-L-a-Glycerol_Phosphate,42
24.75,B7_D-L-a-Glycerol_Phosphate,38
25.0,B7_D-L-a-Glycerol_Phosphate,45
25.25,B7_D-L-a-Glycerol_Phosphate,39
25.5,B7_D-L-a-Glycerol_Phosphate,43
25.75,B7_D-L-a-Glycerol_Phosphate,41
26.0,B7_D-L-a-Glycerol_Phosphate,41
26.25,B7_D-L-a-Glycerol_Phosphate,47
26.5,B7_D-L-a-Glycerol_Phosphate,38
26.75,B7_D-L-a-Glycerol_Phosphate,47
27.0,B7_D-L-a-Glycerol_Phosphate,47
27.25,B7_D-L-a-Glycerol_Phosphate,43
27.5,B7_D-L-a-Glycerol_Phosphate,50
27.75,B7_D-L-a-Glycerol_Phosphate,41
28.0,B7_D-L-a-Glycerol_Phosphate,43
28.25,B7_D-L-a-Glycerol_Phosphate,38
28.5,B7_D-L-a-Glycerol_Phosphate,43
28.75,B7_D-L-a-Glycerol_Phosphate,44
29.0,B7_D-L-a-Glycerol_Phosphate,42
29.25,B7_D-L-a-Glycerol_Phosphate,50
29.5,B7_D-L-a-Glycerol_Phosphate,51
29.75,B7_D-L-a-Glycerol_Phosphate,48
30.0,B7_D-L-a-Glycerol_Phosphate,46
30.25,B7_D-L-a-Glycerol_Phosphate,43
30.5,B7_D-L-a-Glycerol_Phosphate,43
30.75,B7_D-L-a-Glycerol_Phosphate,46
31.0,B7_D-L-a-Glycerol_Phosphate,45
31.25,B7_D-L-a-Glycerol_Phosphate,40
31.5,B7_D-L-a-Glycerol_Phosphate,42
31.75,B7_D-L-a-Glycerol_Phosphate,47
32.0,B7_D-L-a-Glycerol_Phosphate,51
32.25,B7_D-L-a-Glycerol_Phosphate,45
32.5,B7_D-L-a-Glycerol_Phosphate,52
32.75,B7_D-L-a-Glycerol_Phosphate,47
33.0,B7_D-L-a-Glycerol_Phosphate,50
33.25,B7_D-L-a-Glycerol_Phosphate,45
33.5,B7_D-L-a-Glycerol_Phosphate,47
33.75,B7_D-L-a-Glycerol_Phosphate,45
34.0,B7_D-L-a-Glycerol_Phosphate,46
34.25,B7_D-L-a-Glycerol_Phosphate,44
34.5,B7_D-L-a-Glycerol_Phosphate,46
34.75,B7_D-L-a-Glycerol_Phosphate,45
35.0,B7_D-L-a-Glycerol_Phosphate,43
35.25,B7_D-L-a-Glycerol_Phosphate,41
35.5,B7_D-L-a-Glycerol_Phosphate,50
35.75,B7_D-L-a-Glycerol_Phosphate,47
36.0,B7_D-L-a-Glycerol_Phosphate,46
36.25,B7_D-L-a-Glycerol_Phosphate,48
36.5,B7_D-L-a-Glycerol_Phosphate,44
36.75,B7_D-L-a-Glycerol_Phosphate,50
37.0,B7_D-L-a-Glycerol_Phosphate,45
37.25,B7_D-L-a-Glycerol_Phosphate,47
37.5,B7_D-L-a-Glycerol_Phosphate,38
37.75,B7_D-L-a-Glycerol_Phosphate,50
38.0,B7_D-L-a-Glycerol_Phosphate,52
38.25,B7_D-L-a-Glycerol_Phosphate,45
38.5,B7_D-L-a-Glycerol_Phosphate,46
38.75,B7_D-L-a-Glycerol_Phosphate,41
39.0,B7_D-L-a-Glycerol_Phosphate,46
39.25,B7_D-L-a-Glycerol_Phosphate,42
39.5,B7_D-L-a-Glycerol_Phosphate,42
39.75,B7_D-L-a-Glycerol_Phosphate,47
40.0,B7_D-L-a-Glycerol_Phosphate,47
40.25,B7_D-L-a-Glycerol_Phosphate,45
40.5,B7_D-L-a-Glycerol_Phosphate,48
40.75,B7_D-L-a-Glycerol_Phosphate,48
41.0,B7_D-L-a-Glycerol_Phosphate,40
41.25,B7_D-L-a-Glycerol_Phosphate,50
41.5,B7_D-L-a-Glycerol_Phosphate,44
41.75,B7_D-L-a-Glycerol_Phosphate,50
42.0,B7_D-L-a-Glycerol_Phosphate,46
42.25,B7_D-L-a-Glycerol_Phosphate,47
42.5,B7_D-L-a-Glycerol_Phosphate,46
42.75,B7_D-L-a-Glycerol_Phosphate,47
43.0,B7_D-L-a-Glycerol_Phosphate,49
43.25,B7_D-L-a-Glycerol_Phosphate,42
43.5,B7_D-L-a-Glycerol_Phosphate,43
43.75,B7_D-L-a-Glycerol_Phosphate,48
44.0,B7_D-L-a-Glycerol_Phosphate,47
44.25,B7_D-L-a-Glycerol_Phosphate,47
44.5,B7_D-L-a-Glycerol_Phosphate,45
44.75,B7_D-L-a-Glycerol_Phosphate,45
45.0,B7_D-L-a-Glycerol_Phosphate,45
45.25,B7_D-L-a-Glycerol_Phosphate,46
45.5,B7_D-L-a-Glycerol_Phosphate,46
45.75,B7_D-L-a-Glycerol_Phosphate,46
46.0,B7_D-L-a-Glycerol_Phosphate,48
46.25,B7_D-L-a-Glycerol_Phosphate,41
46.5,B7_D-L-a-Glycerol_Phosphate,48
46.75,B7_D-L-a-Glycerol_Phosphate,46
47.0,B7_D-L-a-Glycerol_Phosphate,49
47.25,B7_D-L-a-Glycerol_Phosphate,52
47.5,B7_D-L-a-Glycerol_Phosphate,0
0.0,B8_D-Xylose,106
0.25,B8_D-Xylose,108
0.5,B8_D-Xylose,110
0.75,B8_D-Xylose,114
1.0,B8_D-Xylose,114
1.25,B8_D-Xylose,112
1.5,B8_D-Xylose,112
1.75,B8_D-Xylose,116
2.0,B8_D-Xylose,119
2.25,B8_D-Xylose,120
2.5,B8_D-Xylose,121
2.75,B8_D-Xylose,122
3.0,B8_D-Xylose,117
3.25,B8_D-Xylose,119
3.5,B8_D-Xylose,122
3.75,B8_D-Xylose,122
4.0,B8_D-Xylose,120
4.25,B8_D-Xylose,122
4.5,B8_D-Xylose,124
4.75,B8_D-Xylose,124
5.0,B8_D-Xylose,125
5.25,B8_D-Xylose,125
5.5,B8_D-Xylose,131
5.75,B8_D-Xylose,126
6.0,B8_D-Xylose,123
6.25,B8_D-Xylose,127
6.5,B8_D-Xylose,127
6.75,B8_D-Xylose,123
7.0,B8_D-Xylose,129
7.25,B8_D-Xylose,127
7.5,B8_D-Xylose,125
7.75,B8_D-Xylose,131
8.0,B8_D-Xylose,130
8.25,B8_D-Xylose,128
8.5,B8_D-Xylose,131
8.75,B8_D-Xylose,129
9.0,B8_D-Xylose,135
9.25,B8_D-Xylose,130
9.5,B8_D-Xylose,133
9.75,B8_D-Xylose,133
10.0,B8_D-Xylose,131
10.25,B8_D-Xylose,130
10.5,B8_D-Xylose,131
10.75,B8_D-Xylose,136
11.0,B8_D-Xylose,134
11.25,B8_D-Xylose,134
11.5,B8_D-Xylose,135
11.75,B8_D-Xylose,136
12.0,B8_D-Xylose,135
12.25,B8_D-Xylose,138
12.5,B8_D-Xylose,138
12.75,B8_D-Xylose,137
13.0,B8_D-Xylose,141
13.25,B8_D-Xylose,139
13.5,B8_D-Xylose,138
13.75,B8_D-Xylose,138
14.0,B8_D-Xylose,143
14.25,B8_D-Xylose,137
14.5,B8_D-Xylose,140
14.75,B8_D-Xylose,140
15.0,B8_D-Xylose,141
15.25,B8_D-Xylose,141
15.5,B8_D-Xylose,141
15.75,B8_D-Xylose,141
16.0,B8_D-Xylose,143
16.25,B8_D-Xylose,142
16.5,B8_D-Xylose,146
16.75,B8_D-Xylose,143
17.0,B8_D-Xylose,144
17.25,B8_D-Xylose,147
17.5,B8_D-Xylose,146
17.75,B8_D-Xylose,145
18.0,B8_D-Xylose,149
18.25,B8_D-Xylose,143
18.5,B8_D-Xylose,150
18.75,B8_D-Xylose,147
19.0,B8_D-Xylose,145
19.25,B8_D-Xylose,149
19.5,B8_D-Xylose,149
19.75,B8_D-Xylose,145
20.0,B8_D-Xylose,146
20.25,B8_D-Xylose,149
20.5,B8_D-Xylose,146
20.75,B8_D-Xylose,152
21.0,B8_D-Xylose,147
21.25,B8_D-Xylose,147
21.5,B8_D-Xylose,153
21.75,B8_D-Xylose,151
22.0,B8_D-Xylose,151
22.25,B8_D-Xylose,149
22.5,B8_D-Xylose,150
22.75,B8_D-Xylose,148
23.0,B8_D-Xylose,151
23.25,B8_D-Xylose,152
23.5,B8_D-Xylose,151
23.75,B8_D-Xylose,152
24.0,B8_D-Xylose,155
24.25,B8_D-Xylose,149
24.5,B8_D-Xylose,153
24.75,B8_D-Xylose,149
25.0,B8_D-Xylose,153
25.25,B8_D-Xylose,147
25.5,B8_D-Xylose,154
25.75,B8_D-Xylose,153
26.0,B8_D-Xylose,152
26.25,B8_D-Xylose,158
26.5,B8_D-Xylose,154
26.75,B8_D-Xylose,156
27.0,B8_D-Xylose,159
27.25,B8_D-Xylose,155
27.5,B8_D-Xylose,158
27.75,B8_D-Xylose,151
28.0,B8_D-Xylose,156
28.25,B8_D-Xylose,151
28.5,B8_D-Xylose,154
28.75,B8_D-Xylose,157
29.0,B8_D-Xylose,155
29.25,B8_D-Xylose,155
29.5,B8_D-Xylose,157
29.75,B8_D-Xylose,157
30.0,B8_D-Xylose,161
30.25,B8_D-Xylose,156
30.5,B8_D-Xylose,159
30.75,B8_D-Xylose,158
31.0,B8_D-Xylose,156
31.25,B8_D-Xylose,153
31.5,B8_D-Xylose,158
31.75,B8_D-Xylose,160
32.0,B8_D-Xylose,159
32.25,B8_D-Xylose,156
32.5,B8_D-Xylose,159
32.75,B8_D-Xylose,156
33.0,B8_D-Xylose,160
33.25,B8_D-Xylose,161
33.5,B8_D-Xylose,161
33.75,B8_D-Xylose,159
34.0,B8_D-Xylose,158
34.25,B8_D-Xylose,155
34.5,B8_D-Xylose,157
34.75,B8_D-Xylose,157
35.0,B8_D-Xylose,158
35.25,B8_D-Xylose,158
35.5,B8_D-Xylose,162
35.75,B8_D-Xylose,162
36.0,B8_D-Xylose,161
36.25,B8_D-Xylose,163
36.5,B8_D-Xylose,157
36.75,B8_D-Xylose,161
37.0,B8_D-Xylose,158
37.25,B8_D-Xylose,157
37.5,B8_D-Xylose,155
37.75,B8_D-Xylose,161
38.0,B8_D-Xylose,166
38.25,B8_D-Xylose,160
38.5,B8_D-Xylose,160
38.75,B8_D-Xylose,160
39.0,B8_D-Xylose,164
39.25,B8_D-Xylose,159
39.5,B8_D-Xylose,159
39.75,B8_D-Xylose,159
40.0,B8_D-Xylose,165
40.25,B8_D-Xylose,164
40.5,B8_D-Xylose,166
40.75,B8_D-Xylose,165
41.0,B8_D-Xylose,162
41.25,B8_D-Xylose,164
41.5,B8_D-Xylose,159
41.75,B8_D-Xylose,166
42.0,B8_D-Xylose,164
42.25,B8_D-Xylose,163
42.5,B8_D-Xylose,162
42.75,B8_D-Xylose,163
43.0,B8_D-Xylose,168
43.25,B8_D-Xylose,159
43.5,B8_D-Xylose,163
43.75,B8_D-Xylose,164
44.0,B8_D-Xylose,166
44.25,B8_D-Xylose,166
44.5,B8_D-Xylose,165
44.75,B8_D-Xylose,165
45.0,B8_D-Xylose,161
45.25,B8_D-Xylose,165
45.5,B8_D-Xylose,162
45.75,B8_D-Xylose,165
46.0,B8_D-Xylose,167
46.25,B8_D-Xylose,164
46.5,B8_D-Xylose,168
46.75,B8_D-Xylose,164
47.0,B8_D-Xylose,169
47.25,B8_D-Xylose,164
47.5,B8_D-Xylose,0
0.0,B9_L-Lactic_Acid,13
0.25,B9_L-Lactic_Acid,12
0.5,B9_L-Lactic_Acid,17
0.75,B9_L-Lactic_Acid,13
1.0,B9_L-Lactic_Acid,11
1.25,B9_L-Lactic_Acid,12
1.5,B9_L-Lactic_Acid,15
1.75,B9_L-Lactic_Acid,13
2.0,B9_L-Lactic_Acid,13
2.25,B9_L-Lactic_Acid,18
2.5,B9_L-Lactic_Acid,18
2.75,B9_L-Lactic_Acid,14
3.0,B9_L-Lactic_Acid,17
3.25,B9_L-Lactic_Acid,12
3.5,B9_L-Lactic_Acid,20
3.75,B9_L-Lactic_Acid,16
4.0,B9_L-Lactic_Acid,14
4.25,B9_L-Lactic_Acid,18
4.5,B9_L-Lactic_Acid,17
4.75,B9_L-Lactic_Acid,17
5.0,B9_L-Lactic_Acid,18
5.25,B9_L-Lactic_Acid,22
5.5,B9_L-Lactic_Acid,24
5.75,B9_L-Lactic_Acid,21
6.0,B9_L-Lactic_Acid,23
6.25,B9_L-Lactic_Acid,24
6.5,B9_L-Lactic_Acid,24
6.75,B9_L-Lactic_Acid,29
7.0,B9_L-Lactic_Acid,26
7.25,B9_L-Lactic_Acid,25
7.5,B9_L-Lactic_Acid,26
7.75,B9_L-Lactic_Acid,31
8.0,B9_L-Lactic_Acid,33
8.25,B9_L-Lactic_Acid,30
8.5,B9_L-Lactic_Acid,35
8.75,B9_L-Lactic_Acid,30
9.0,B9_L-Lactic_Acid,36
9.25,B9_L-Lactic_Acid,30
9.5,B9_L-Lactic_Acid,31
9.75,B9_L-Lactic_Acid,32
10.0,B9_L-Lactic_Acid,35
10.25,B9_L-Lactic_Acid,34
10.5,B9_L-Lactic_Acid,32
10.75,B9_L-Lactic_Acid,30
11.0,B9_L-Lactic_Acid,38
11.25,B9_L-Lactic_Acid,34
11.5,B9_L-Lactic_Acid,31
11.75,B9_L-Lactic_Acid,34
12.0,B9_L-Lactic_Acid,38
12.25,B9_L-Lactic_Acid,38
12.5,B9_L-Lactic_Acid,32
12.75,B9_L-Lactic_Acid,32
13.0,B9_L-Lactic_Acid,37
13.25,B9_L-Lactic_Acid,39
13.5,B9_L-Lactic_Acid,38
13.75,B9_L-Lactic_Acid,34
14.0,B9_L-Lactic_Acid,35
14.25,B9_L-Lactic_Acid,36
14.5,B9_L-Lactic_Acid,36
14.75,B9_L-Lactic_Acid,38
15.0,B9_L-Lactic_Acid,35
15.25,B9_L-Lactic_Acid,34
15.5,B9_L-Lactic_Acid,42
15.75,B9_L-Lactic_Acid,38
16.0,B9_L-Lactic_Acid,38
16.25,B9_L-Lactic_Acid,41
16.5,B9_L-Lactic_Acid,37
16.75,B9_L-Lactic_Acid,37
17.0,B9_L-Lactic_Acid,39
17.25,B9_L-Lactic_Acid,38
17.5,B9_L-Lactic_Acid,41
17.75,B9_L-Lactic_Acid,40
18.0,B9_L-Lactic_Acid,45
18.25,B9_L-Lactic_Acid,41
18.5,B9_L-Lactic_Acid,38
18.75,B9_L-Lactic_Acid,42
19.0,B9_L-Lactic_Acid,39
19.25,B9_L-Lactic_Acid,40
19.5,B9_L-Lactic_Acid,36
19.75,B9_L-Lactic_Acid,38
20.0,B9_L-Lactic_Acid,40
20.25,B9_L-Lactic_Acid,42
20.5,B9_L-Lactic_Acid,40
20.75,B9_L-Lactic_Acid,41
21.0,B9_L-Lactic_Acid,44
21.25,B9_L-Lactic_Acid,37
21.5,B9_L-Lactic_Acid,42
21.75,B9_L-Lactic_Acid,43
22.0,B9_L-Lactic_Acid,42
22.25,B9_L-Lactic_Acid,41
22.5,B9_L-Lactic_Acid,41
22.75,B9_L-Lactic_Acid,39
23.0,B9_L-Lactic_Acid,43
23.25,B9_L-Lactic_Acid,41
23.5,B9_L-Lactic_Acid,40
23.75,B9_L-Lactic_Acid,42
24.0,B9_L-Lactic_Acid,40
24.25,B9_L-Lactic_Acid,39
24.5,B9_L-Lactic_Acid,44
24.75,B9_L-Lactic_Acid,40
25.0,B9_L-Lactic_Acid,42
25.25,B9_L-Lactic_Acid,40
25.5,B9_L-Lactic_Acid,43
25.75,B9_L-Lactic_Acid,43
26.0,B9_L-Lactic_Acid,44
26.25,B9_L-Lactic_Acid,44
26.5,B9_L-Lactic_Acid,43
26.75,B9_L-Lactic_Acid,42
27.0,B9_L-Lactic_Acid,43
27.25,B9_L-Lactic_Acid,41
27.5,B9_L-Lactic_Acid,40
27.75,B9_L-Lactic_Acid,43
28.0,B9_L-Lactic_Acid,41
28.25,B9_L-Lactic_Acid,40
28.5,B9_L-Lactic_Acid,43
28.75,B9_L-Lactic_Acid,44
29.0,B9_L-Lactic_Acid,43
29.25,B9_L-Lactic_Acid,47
29.5,B9_L-Lactic_Acid,45
29.75,B9_L-Lactic_Acid,41
30.0,B9_L-Lactic_Acid,45
30.25,B9_L-Lactic_Acid,41
30.5,B9_L-Lactic_Acid,41
30.75,B9_L-Lactic_Acid,40
31.0,B9_L-Lactic_Acid,43
31.25,B9_L-Lactic_Acid,44
31.5,B9_L-Lactic_Acid,38
31.75,B9_L-Lactic_Acid,40
32.0,B9_L-Lactic_Acid,45
32.25,B9_L-Lactic_Acid,43
32.5,B9_L-Lactic_Acid,46
32.75,B9_L-Lactic_Acid,45
33.0,B9_L-Lactic_Acid,40
33.25,B9_L-Lactic_Acid,45
33.5,B9_L-Lactic_Acid,44
33.75,B9_L-Lactic_Acid,44
34.0,B9_L-Lactic_Acid,43
34.25,B9_L-Lactic_Acid,42
34.5,B9_L-Lactic_Acid,44
34.75,B9_L-Lactic_Acid,41
35.0,B9_L-Lactic_Acid,43
35.25,B9_L-Lactic_Acid,45
35.5,B9_L-Lactic_Acid,41
35.75,B9_L-Lactic_Acid,43
36.0,B9_L-Lactic_Acid,45
36.25,B9_L-Lactic_Acid,45
36.5,B9_L-Lactic_Acid,38
36.75,B9_L-Lactic_Acid,40
37.0,B9_L-Lactic_Acid,46
37.25,B9_L-Lactic_Acid,40
37.5,B9_L-Lactic_Acid,40
37.75,B9_L-Lactic_Acid,46
38.0,B9_L-Lactic_Acid,46
38.25,B9_L-Lactic_Acid,40
38.5,B9_L-Lactic_Acid,46
38.75,B9_L-Lactic_Acid,41
39.0,B9_L-Lactic_Acid,48
39.25,B9_L-Lactic_Acid,43
39.5,B9_L-Lactic_Acid,43
39.75,B9_L-Lactic_Acid,43
40.0,B9_L-Lactic_Acid,43
40.25,B9_L-Lactic_Acid,42
40.5,B9_L-Lactic_Acid,43
40.75,B9_L-Lactic_Acid,42
41.0,B9_L-Lactic_Acid,45
41.25,B9_L-Lactic_Acid,42
41.5,B9_L-Lactic_Acid,46
41.75,B9_L-Lactic_Acid,42
42.0,B9_L-Lactic_Acid,40
42.25,B9_L-Lactic_Acid,42
42.5,B9_L-Lactic_Acid,44
42.75,B9_L-Lactic_Acid,45
43.0,B9_L-Lactic_Acid,44
43.25,B9_L-Lactic_Acid,45
43.5,B9_L-Lactic_Acid,44
43.75,B9_L-Lactic_Acid,46
44.0,B9_L-Lactic_Acid,45
44.25,B9_L-Lactic_Acid,42
44.5,B9_L-Lactic_Acid,46
44.75,B9_L-Lactic_Acid,43
45.0,B9_L-Lactic_Acid,43
45.25,B9_L-Lactic_Acid,46
45.5,B9_L-Lactic_Acid,43
45.75,B9_L-Lactic_Acid,48
46.0,B9_L-Lactic_Acid,46
46.25,B9_L-Lactic_Acid,42
46.5,B9_L-Lactic_Acid,46
46.75,B9_L-Lactic_Acid,43
47.0,B9_L-Lactic_Acid,46
47.25,B9_L-Lactic_Acid,44
47.5,B9_L-Lactic_Acid,0
0.0,B10_Formic_Acid,13
0.25,B10_Formic_Acid,11
0.5,B10_Formic_Acid,16
0.75,B10_Formic_Acid,14
1.0,B10_Formic_Acid,11
1.25,B10_Formic_Acid,13
1.5,B10_Formic_Acid,16
1.75,B10_Formic_Acid,12
2.0,B10_Formic_Acid,14
2.25,B10_Formic_Acid,14
2.5,B10_Formic_Acid,11
2.75,B10_Formic_Acid,11
3.0,B10_Formic_Acid,14
3.25,B10_Formic_Acid,15
3.5,B10_Formic_Acid,18
3.75,B10_Formic_Acid,11
4.0,B10_Formic_Acid,11
4.25,B10_Formic_Acid,12
4.5,B10_Formic_Acid,15
4.75,B10_Formic_Acid,17
5.0,B10_Formic_Acid,15
5.25,B10_Formic_Acid,17
5.5,B10_Formic_Acid,17
5.75,B10_Formic_Acid,12
6.0,B10_Formic_Acid,17
6.25,B10_Formic_Acid,17
6.5,B10_Formic_Acid,17
6.75,B10_Formic_Acid,18
7.0,B10_Formic_Acid,21
7.25,B10_Formic_Acid,18
7.5,B10_Formic_Acid,21
7.75,B10_Formic_Acid,21
8.0,B10_Formic_Acid,29
8.25,B10_Formic_Acid,23
8.5,B10_Formic_Acid,26
8.75,B10_Formic_Acid,22
9.0,B10_Formic_Acid,24
9.25,B10_Formic_Acid,22
9.5,B10_Formic_Acid,27
9.75,B10_Formic_Acid,21
10.0,B10_Formic_Acid,21
10.25,B10_Formic_Acid,22
10.5,B10_Formic_Acid,27
10.75,B10_Formic_Acid,24
11.0,B10_Formic_Acid,31
11.25,B10_Formic_Acid,25
11.5,B10_Formic_Acid,28
11.75,B10_Formic_Acid,27
12.0,B10_Formic_Acid,25
12.25,B10_Formic_Acid,26
12.5,B10_Formic_Acid,25
12.75,B10_Formic_Acid,26
13.0,B10_Formic_Acid,27
13.25,B10_Formic_Acid,23
13.5,B10_Formic_Acid,25
13.75,B10_Formic_Acid,23
14.0,B10_Formic_Acid,23
14.25,B10_Formic_Acid,26
14.5,B10_Formic_Acid,28
14.75,B10_Formic_Acid,35
15.0,B10_Formic_Acid,25
15.25,B10_Formic_Acid,29
15.5,B10_Formic_Acid,26
15.75,B10_Formic_Acid,31
16.0,B10_Formic_Acid,27
16.25,B10_Formic_Acid,32
16.5,B10_Formic_Acid,28
16.75,B10_Formic_Acid,30
17.0,B10_Formic_Acid,26
17.25,B10_Formic_Acid,30
17.5,B10_Formic_Acid,29
17.75,B10_Formic_Acid,29
18.0,B10_Formic_Acid,33
18.25,B10_Formic_Acid,30
18.5,B10_Formic_Acid,27
18.75,B10_Formic_Acid,34
19.0,B10_Formic_Acid,30
19.25,B10_Formic_Acid,29
19.5,B10_Formic_Acid,31
19.75,B10_Formic_Acid,33
20.0,B10_Formic_Acid,38
20.25,B10_Formic_Acid,31
20.5,B10_Formic_Acid,32
20.75,B10_Formic_Acid,29
21.0,B10_Formic_Acid,31
21.25,B10_Formic_Acid,31
21.5,B10_Formic_Acid,31
21.75,B10_Formic_Acid,30
22.0,B10_Formic_Acid,30
22.25,B10_Formic_Acid,39
22.5,B10_Formic_Acid,33
22.75,B10_Formic_Acid,33
23.0,B10_Formic_Acid,32
23.25,B10_Formic_Acid,29
23.5,B10_Formic_Acid,34
23.75,B10_Formic_Acid,29
24.0,B10_Formic_Acid,30
24.25,B10_Formic_Acid,32
24.5,B10_Formic_Acid,33
24.75,B10_Formic_Acid,30
25.0,B10_Formic_Acid,34
25.25,B10_Formic_Acid,31
25.5,B10_Formic_Acid,24
25.75,B10_Formic_Acid,35
26.0,B10_Formic_Acid,37
26.25,B10_Formic_Acid,34
26.5,B10_Formic_Acid,30
26.75,B10_Formic_Acid,33
27.0,B10_Formic_Acid,34
27.25,B10_Formic_Acid,31
27.5,B10_Formic_Acid,33
27.75,B10_Formic_Acid,37
28.0,B10_Formic_Acid,34
28.25,B10_Formic_Acid,36
28.5,B10_Formic_Acid,37
28.75,B10_Formic_Acid,35
29.0,B10_Formic_Acid,35
29.25,B10_Formic_Acid,33
29.5,B10_Formic_Acid,32
29.75,B10_Formic_Acid,36
30.0,B10_Formic_Acid,40
30.25,B10_Formic_Acid,35
30.5,B10_Formic_Acid,28
30.75,B10_Formic_Acid,37
31.0,B10_Formic_Acid,32
31.25,B10_Formic_Acid,32
31.5,B10_Formic_Acid,33
31.75,B10_Formic_Acid,31
32.0,B10_Formic_Acid,35
32.25,B10_Formic_Acid,32
32.5,B10_Formic_Acid,31
32.75,B10_Formic_Acid,35
33.0,B10_Formic_Acid,36
33.25,B10_Formic_Acid,34
33.5,B10_Formic_Acid,33
33.75,B10_Formic_Acid,29
34.0,B10_Formic_Acid,36
34.25,B10_Formic_Acid,37
34.5,B10_Formic_Acid,33
34.75,B10_Formic_Acid,36
35.0,B10_Formic_Acid,33
35.25,B10_Formic_Acid,35
35.5,B10_Formic_Acid,35
35.75,B10_Formic_Acid,32
36.0,B10_Formic_Acid,36
36.25,B10_Formic_Acid,36
36.5,B10_Formic_Acid,31
36.75,B10_Formic_Acid,31
37.0,B10_Formic_Acid,34
37.25,B10_Formic_Acid,36
37.5,B10_Formic_Acid,31
37.75,B10_Formic_Acid,31
38.0,B10_Formic_Acid,35
38.25,B10_Formic_Acid,33
38.5,B10_Formic_Acid,38
38.75,B10_Formic_Acid,33
39.0,B10_Formic_Acid,35
39.25,B10_Formic_Acid,34
39.5,B10_Formic_Acid,35
39.75,B10_Formic_Acid,32
40.0,B10_Formic_Acid,32
40.25,B10_Formic_Acid,36
40.5,B10_Formic_Acid,33
40.75,B10_Formic_Acid,30
41.0,B10_Formic_Acid,37
41.25,B10_Formic_Acid,34
41.5,B10_Formic_Acid,35
41.75,B10_Formic_Acid,37
42.0,B10_Formic_Acid,35
42.25,B10_Formic_Acid,35
42.5,B10_Formic_Acid,36
42.75,B10_Formic_Acid,35
43.0,B10_Formic_Acid,36
43.25,B10_Formic_Acid,34
43.5,B10_Formic_Acid,41
43.75,B10_Formic_Acid,37
44.0,B10_Formic_Acid,39
44.25,B10_Formic_Acid,39
44.5,B10_Formic_Acid,37
44.75,B10_Formic_Acid,31
45.0,B10_Formic_Acid,36
45.25,B10_Formic_Acid,36
45.5,B10_Formic_Acid,34
45.75,B10_Formic_Acid,37
46.0,B10_Formic_Acid,41
46.25,B10_Formic_Acid,35
46.5,B10_Formic_Acid,34
46.75,B10_Formic_Acid,37
47.0,B10_Formic_Acid,34
47.25,B10_Formic_Acid,37
47.5,B10_Formic_Acid,0
0.0,B11_D-Mannitol,17
0.25,B11_D-Mannitol,18
0.5,B11_D-Mannitol,21
0.75,B11_D-Mannitol,25
1.0,B11_D-Mannitol,17
1.25,B11_D-Mannitol,18
1.5,B11_D-Mannitol,20
1.75,B11_D-Mannitol,21
2.0,B11_D-Mannitol,22
2.25,B11_D-Mannitol,22
2.5,B11_D-Mannitol,25
2.75,B11_D-Mannitol,20
3.0,B11_D-Mannitol,26
3.25,B11_D-Mannitol,23
3.5,B11_D-Mannitol,25
3.75,B11_D-Mannitol,18
4.0,B11_D-Mannitol,23
4.25,B11_D-Mannitol,26
4.5,B11_D-Mannitol,21
4.75,B11_D-Mannitol,23
5.0,B11_D-Mannitol,28
5.25,B11_D-Mannitol,28
5.5,B11_D-Mannitol,27
5.75,B11_D-Mannitol,32
6.0,B11_D-Mannitol,30
6.25,B11_D-Mannitol,31
6.5,B11_D-Mannitol,35
6.75,B11_D-Mannitol,34
7.0,B11_D-Mannitol,33
7.25,B11_D-Mannitol,36
7.5,B11_D-Mannitol,37
7.75,B11_D-Mannitol,44
8.0,B11_D-Mannitol,49
8.25,B11_D-Mannitol,47
8.5,B11_D-Mannitol,50
8.75,B11_D-Mannitol,47
9.0,B11_D-Mannitol,58
9.25,B11_D-Mannitol,53
9.5,B11_D-Mannitol,56
9.75,B11_D-Mannitol,61
10.0,B11_D-Mannitol,60
10.25,B11_D-Mannitol,64
10.5,B11_D-Mannitol,69
10.75,B11_D-Mannitol,73
11.0,B11_D-Mannitol,74
11.25,B11_D-Mannitol,74
11.5,B11_D-Mannitol,76
11.75,B11_D-Mannitol,83
12.0,B11_D-Mannitol,89
12.25,B11_D-Mannitol,91
12.5,B11_D-Mannitol,97
12.75,B11_D-Mannitol,99
13.0,B11_D-Mannitol,101
13.25,B11_D-Mannitol,103
13.5,B11_D-Mannitol,109
13.75,B11_D-Mannitol,111
14.0,B11_D-Mannitol,118
14.25,B11_D-Mannitol,120
14.5,B11_D-Mannitol,122
14.75,B11_D-Mannitol,124
15.0,B11_D-Mannitol,122
15.25,B11_D-Mannitol,132
15.5,B11_D-Mannitol,136
15.75,B11_D-Mannitol,140
16.0,B11_D-Mannitol,145
16.25,B11_D-Mannitol,146
16.5,B11_D-Mannitol,148
16.75,B11_D-Mannitol,141
17.0,B11_D-Mannitol,150
17.25,B11_D-Mannitol,152
17.5,B11_D-Mannitol,160
17.75,B11_D-Mannitol,164
18.0,B11_D-Mannitol,168
18.25,B11_D-Mannitol,171
18.5,B11_D-Mannitol,171
18.75,B11_D-Mannitol,171
19.0,B11_D-Mannitol,178
19.25,B11_D-Mannitol,179
19.5,B11_D-Mannitol,178
19.75,B11_D-Mannitol,179
20.0,B11_D-Mannitol,185
20.25,B11_D-Mannitol,190
20.5,B11_D-Mannitol,193
20.75,B11_D-Mannitol,196
21.0,B11_D-Mannitol,196
21.25,B11_D-Mannitol,201
21.5,B11_D-Mannitol,206
21.75,B11_D-Mannitol,204
22.0,B11_D-Mannitol,209
22.25,B11_D-Mannitol,212
22.5,B11_D-Mannitol,214
22.75,B11_D-Mannitol,212
23.0,B11_D-Mannitol,215
23.25,B11_D-Mannitol,218
23.5,B11_D-Mannitol,218
23.75,B11_D-Mannitol,222
24.0,B11_D-Mannitol,226
24.25,B11_D-Mannitol,224
24.5,B11_D-Mannitol,225
24.75,B11_D-Mannitol,228
25.0,B11_D-Mannitol,232
25.25,B11_D-Mannitol,231
25.5,B11_D-Mannitol,227
25.75,B11_D-Mannitol,233
26.0,B11_D-Mannitol,239
26.25,B11_D-Mannitol,239
26.5,B11_D-Mannitol,239
26.75,B11_D-Mannitol,241
27.0,B11_D-Mannitol,241
27.25,B11_D-Mannitol,244
27.5,B11_D-Mannitol,239
27.75,B11_D-Mannitol,243
28.0,B11_D-Mannitol,241
28.25,B11_D-Mannitol,244
28.5,B11_D-Mannitol,246
28.75,B11_D-Mannitol,246
29.0,B11_D-Mannitol,247
29.25,B11_D-Mannitol,245
29.5,B11_D-Mannitol,252
29.75,B11_D-Mannitol,249
30.0,B11_D-Mannitol,250
30.25,B11_D-Mannitol,245
30.5,B11_D-Mannitol,244
30.75,B11_D-Mannitol,248
31.0,B11_D-Mannitol,249
31.25,B11_D-Mannitol,248
31.5,B11_D-Mannitol,250
31.75,B11_D-Mannitol,250
32.0,B11_D-Mannitol,253
32.25,B11_D-Mannitol,249
32.5,B11_D-Mannitol,251
32.75,B11_D-Mannitol,251
33.0,B11_D-Mannitol,251
33.25,B11_D-Mannitol,249
33.5,B11_D-Mannitol,251
33.75,B11_D-Mannitol,247
34.0,B11_D-Mannitol,249
34.25,B11_D-Mannitol,249
34.5,B11_D-Mannitol,248
34.75,B11_D-Mannitol,249
35.0,B11_D-Mannitol,247
35.25,B11_D-Mannitol,248
35.5,B11_D-Mannitol,251
35.75,B11_D-Mannitol,253
36.0,B11_D-Mannitol,249
36.25,B11_D-Mannitol,250
36.5,B11_D-Mannitol,247
36.75,B11_D-Mannitol,252
37.0,B11_D-Mannitol,251
37.25,B11_D-Mannitol,247
37.5,B11_D-Mannitol,250
37.75,B11_D-Mannitol,252
38.0,B11_D-Mannitol,254
38.25,B11_D-Mannitol,250
38.5,B11_D-Mannitol,253
38.75,B11_D-Mannitol,252
39.0,B11_D-Mannitol,255
39.25,B11_D-Mannitol,256
39.5,B11_D-Mannitol,252
39.75,B11_D-Mannitol,257
40.0,B11_D-Mannitol,258
40.25,B11_D-Mannitol,257
40.5,B11_D-Mannitol,259
40.75,B11_D-Mannitol,255
41.0,B11_D-Mannitol,260
41.25,B11_D-Mannitol,262
41.5,B11_D-Mannitol,257
41.75,B11_D-Mannitol,259
42.0,B11_D-Mannitol,257
42.25,B11_D-Mannitol,259
42.5,B11_D-Mannitol,256
42.75,B11_D-Mannitol,260
43.0,B11_D-Mannitol,261
43.25,B11_D-Mannitol,261
43.5,B11_D-Mannitol,257
43.75,B11_D-Mannitol,257
44.0,B11_D-Mannitol,259
44.25,B11_D-Mannitol,258
44.5,B11_D-Mannitol,259
44.75,B11_D-Mannitol,260
45.0,B11_D-Mannitol,257
45.25,B11_D-Mannitol,259
45.5,B11_D-Mannitol,259
45.75,B11_D-Mannitol,260
46.0,B11_D-Mannitol,265
46.25,B11_D-Mannitol,257
46.5,B11_D-Mannitol,261
46.75,B11_D-Mannitol,262
47.0,B11_D-Mannitol,261
47.25,B11_D-Mannitol,260
47.5,B11_D-Mannitol,0
0.0,B12_L-Glutamic_Acid,27
0.25,B12_L-Glutamic_Acid,30
0.5,B12_L-Glutamic_Acid,28
0.75,B12_L-Glutamic_Acid,30
1.0,B12_L-Glutamic_Acid,23
1.25,B12_L-Glutamic_Acid,24
1.5,B12_L-Glutamic_Acid,29
1.75,B12_L-Glutamic_Acid,29
2.0,B12_L-Glutamic_Acid,26
2.25,B12_L-Glutamic_Acid,31
2.5,B12_L-Glutamic_Acid,31
2.75,B12_L-Glutamic_Acid,24
3.0,B12_L-Glutamic_Acid,26
3.25,B12_L-Glutamic_Acid,28
3.5,B12_L-Glutamic_Acid,27
3.75,B12_L-Glutamic_Acid,25
4.0,B12_L-Glutamic_Acid,29
4.25,B12_L-Glutamic_Acid,30
4.5,B12_L-Glutamic_Acid,28
4.75,B12_L-Glutamic_Acid,30
5.0,B12_L-Glutamic_Acid,28
5.25,B12_L-Glutamic_Acid,31
5.5,B12_L-Glutamic_Acid,30
5.75,B12_L-Glutamic_Acid,34
6.0,B12_L-Glutamic_Acid,34
6.25,B12_L-Glutamic_Acid,32
6.5,B12_L-Glutamic_Acid,30
6.75,B12_L-Glutamic_Acid,36
7.0,B12_L-Glutamic_Acid,40
7.25,B12_L-Glutamic_Acid,43
7.5,B12_L-Glutamic_Acid,42
7.75,B12_L-Glutamic_Acid,43
8.0,B12_L-Glutamic_Acid,46
8.25,B12_L-Glutamic_Acid,49
8.5,B12_L-Glutamic_Acid,53
8.75,B12_L-Glutamic_Acid,54
9.0,B12_L-Glutamic_Acid,57
9.25,B12_L-Glutamic_Acid,56
9.5,B12_L-Glutamic_Acid,58
9.75,B12_L-Glutamic_Acid,62
10.0,B12_L-Glutamic_Acid,65
10.25,B12_L-Glutamic_Acid,70
10.5,B12_L-Glutamic_Acid,71
10.75,B12_L-Glutamic_Acid,69
11.0,B12_L-Glutamic_Acid,76
11.25,B12_L-Glutamic_Acid,72
11.5,B12_L-Glutamic_Acid,74
11.75,B12_L-Glutamic_Acid,86
12.0,B12_L-Glutamic_Acid,85
12.25,B12_L-Glutamic_Acid,90
12.5,B12_L-Glutamic_Acid,91
12.75,B12_L-Glutamic_Acid,98
13.0,B12_L-Glutamic_Acid,98
13.25,B12_L-Glutamic_Acid,102
13.5,B12_L-Glutamic_Acid,104
13.75,B12_L-Glutamic_Acid,106
14.0,B12_L-Glutamic_Acid,112
14.25,B12_L-Glutamic_Acid,112
14.5,B12_L-Glutamic_Acid,116
14.75,B12_L-Glutamic_Acid,116
15.0,B12_L-Glutamic_Acid,118
15.25,B12_L-Glutamic_Acid,124
15.5,B12_L-Glutamic_Acid,125
15.75,B12_L-Glutamic_Acid,123
16.0,B12_L-Glutamic_Acid,127
16.25,B12_L-Glutamic_Acid,131
16.5,B12_L-Glutamic_Acid,128
16.75,B12_L-Glutamic_Acid,135
17.0,B12_L-Glutamic_Acid,137
17.25,B12_L-Glutamic_Acid,139
17.5,B12_L-Glutamic_Acid,148
17.75,B12_L-Glutamic_Acid,144
18.0,B12_L-Glutamic_Acid,153
18.25,B12_L-Glutamic_Acid,151
18.5,B12_L-Glutamic_Acid,151
18.75,B12_L-Glutamic_Acid,158
19.0,B12_L-Glutamic_Acid,158
19.25,B12_L-Glutamic_Acid,156
19.5,B12_L-Glutamic_Acid,167
19.75,B12_L-Glutamic_Acid,168
20.0,B12_L-Glutamic_Acid,166
20.25,B12_L-Glutamic_Acid,173
20.5,B12_L-Glutamic_Acid,173
20.75,B12_L-Glutamic_Acid,173
21.0,B12_L-Glutamic_Acid,179
21.25,B12_L-Glutamic_Acid,183
21.5,B12_L-Glutamic_Acid,183
21.75,B12_L-Glutamic_Acid,182
22.0,B12_L-Glutamic_Acid,180
22.25,B12_L-Glutamic_Acid,184
22.5,B12_L-Glutamic_Acid,189
22.75,B12_L-Glutamic_Acid,188
23.0,B12_L-Glutamic_Acid,186
23.25,B12_L-Glutamic_Acid,185
23.5,B12_L-Glutamic_Acid,188
23.75,B12_L-Glutamic_Acid,189
24.0,B12_L-Glutamic_Acid,191
24.25,B12_L-Glutamic_Acid,191
24.5,B12_L-Glutamic_Acid,188
24.75,B12_L-Glutamic_Acid,193
25.0,B12_L-Glutamic_Acid,188
25.25,B12_L-Glutamic_Acid,190
25.5,B12_L-Glutamic_Acid,189
25.75,B12_L-Glutamic_Acid,189
26.0,B12_L-Glutamic_Acid,194
26.25,B12_L-Glutamic_Acid,189
26.5,B12_L-Glutamic_Acid,195
26.75,B12_L-Glutamic_Acid,189
27.0,B12_L-Glutamic_Acid,192
27.25,B12_L-Glutamic_Acid,192
27.5,B12_L-Glutamic_Acid,188
27.75,B12_L-Glutamic_Acid,193
28.0,B12_L-Glutamic_Acid,189
28.25,B12_L-Glutamic_Acid,190
28.5,B12_L-Glutamic_Acid,188
28.75,B12_L-Glutamic_Acid,190
29.0,B12_L-Glutamic_Acid,196
29.25,B12_L-Glutamic_Acid,191
29.5,B12_L-Glutamic_Acid,185
29.75,B12_L-Glutamic_Acid,191
30.0,B12_L-Glutamic_Acid,186
30.25,B12_L-Glutamic_Acid,191
30.5,B12_L-Glutamic_Acid,191
30.75,B12_L-Glutamic_Acid,188
31.0,B12_L-Glutamic_Acid,188
31.25,B12_L-Glutamic_Acid,188
31.5,B12_L-Glutamic_Acid,187
31.75,B12_L-Glutamic_Acid,187
32.0,B12_L-Glutamic_Acid,186
32.25,B12_L-Glutamic_Acid,183
32.5,B12_L-Glutamic_Acid,182
32.75,B12_L-Glutamic_Acid,187
33.0,B12_L-Glutamic_Acid,185
33.25,B12_L-Glutamic_Acid,186
33.5,B12_L-Glutamic_Acid,182
33.75,B12_L-Glutamic_Acid,187
34.0,B12_L-Glutamic_Acid,184
34.25,B12_L-Glutamic_Acid,187
34.5,B12_L-Glutamic_Acid,183
34.75,B12_L-Glutamic_Acid,189
35.0,B12_L-Glutamic_Acid,187
35.25,B12_L-Glutamic_Acid,185
35.5,B12_L-Glutamic_Acid,182
35.75,B12_L-Glutamic_Acid,183
36.0,B12_L-Glutamic_Acid,182
36.25,B12_L-Glutamic_Acid,182
36.5,B12_L-Glutamic_Acid,188
36.75,B12_L-Glutamic_Acid,180
37.0,B12_L-Glutamic_Acid,184
37.25,B12_L-Glutamic_Acid,183
37.5,B12_L-Glutamic_Acid,186
37.75,B12_L-Glutamic_Acid,184
38.0,B12_L-Glutamic_Acid,185
38.25,B12_L-Glutamic_Acid,183
38.5,B12_L-Glutamic_Acid,186
38.75,B12_L-Glutamic_Acid,187
39.0,B12_L-Glutamic_Acid,184
39.25,B12_L-Glutamic_Acid,185
39.5,B12_L-Glutamic_Acid,182
39.75,B12_L-Glutamic_Acid,182
40.0,B12_L-Glutamic_Acid,179
40.25,B12_L-Glutamic_Acid,181
40.5,B12_L-Glutamic_Acid,187
40.75,B12_L-Glutamic_Acid,183
41.0,B12_L-Glutamic_Acid,190
41.25,B12_L-Glutamic_Acid,187
41.5,B12_L-Glutamic_Acid,182
41.75,B12_L-Glutamic_Acid,186
42.0,B12_L-Glutamic_Acid,181
42.25,B12_L-Glutamic_Acid,187
42.5,B12_L-Glutamic_Acid,186
42.75,B12_L-Glutamic_Acid,181
43.0,B12_L-Glutamic_Acid,185
43.25,B12_L-Glutamic_Acid,182
43.5,B12_L-Glutamic_Acid,191
43.75,B12_L-Glutamic_Acid,184
44.0,B12_L-Glutamic_Acid,187
44.25,B12_L-Glutamic_Acid,179
44.5,B12_L-Glutamic_Acid,181
44.75,B12_L-Glutamic_Acid,181
45.0,B12_L-Glutamic_Acid,183
45.25,B12_L-Glutamic_Acid,187
45.5,B12_L-Glutamic_Acid,185
45.75,B12_L-Glutamic_Acid,187
46.0,B12_L-Glutamic_Acid,180
46.25,B12_L-Glutamic_Acid,185
46.5,B12_L-Glutamic_Acid,182
46.75,B12_L-Glutamic_Acid,186
47.0,B12_L-Glutamic_Acid,182
47.25,B12_L-Glutamic_Acid,183
47.5,B12_L-Glutamic_Acid,0
0.0,C1_D-Glucose-6-Phosphate,30
0.25,C1_D-Glucose-6-Phosphate,22
0.5,C1_D-Glucose-6-Phosphate,23
0.75,C1_D-Glucose-6-Phosphate,22
1.0,C1_D-Glucose-6-Phosphate,25
1.25,C1_D-Glucose-6-Phosphate,23
1.5,C1_D-Glucose-6-Phosphate,25
1.75,C1_D-Glucose-6-Phosphate,20
2.0,C1_D-Glucose-6-Phosphate,24
2.25,C1_D-Glucose-6-Phosphate,25
2.5,C1_D-Glucose-6-Phosphate,24
2.75,C1_D-Glucose-6-Phosphate,16
3.0,C1_D-Glucose-6-Phosphate,26
3.25,C1_D-Glucose-6-Phosphate,22
3.5,C1_D-Glucose-6-Phosphate,21
3.75,C1_D-Glucose-6-Phosphate,23
4.0,C1_D-Glucose-6-Phosphate,26
4.25,C1_D-Glucose-6-Phosphate,22
4.5,C1_D-Glucose-6-Phosphate,24
4.75,C1_D-Glucose-6-Phosphate,25
5.0,C1_D-Glucose-6-Phosphate,26
5.25,C1_D-Glucose-6-Phosphate,27
5.5,C1_D-Glucose-6-Phosphate,28
5.75,C1_D-Glucose-6-Phosphate,29
6.0,C1_D-Glucose-6-Phosphate,27
6.25,C1_D-Glucose-6-Phosphate,30
6.5,C1_D-Glucose-6-Phosphate,35
6.75,C1_D-Glucose-6-Phosphate,35
7.0,C1_D-Glucose-6-Phosphate,38
7.25,C1_D-Glucose-6-Phosphate,37
7.5,C1_D-Glucose-6-Phosphate,37
7.75,C1_D-Glucose-6-Phosphate,41
8.0,C1_D-Glucose-6-Phosphate,42
8.25,C1_D-Glucose-6-Phosphate,39
8.5,C1_D-Glucose-6-Phosphate,42
8.75,C1_D-Glucose-6-Phosphate,43
9.0,C1_D-Glucose-6-Phosphate,43
9.25,C1_D-Glucose-6-Phosphate,43
9.5,C1_D-Glucose-6-Phosphate,41
9.75,C1_D-Glucose-6-Phosphate,40
10.0,C1_D-Glucose-6-Phosphate,43
10.25,C1_D-Glucose-6-Phosphate,41
10.5,C1_D-Glucose-6-Phosphate,41
10.75,C1_D-Glucose-6-Phosphate,41
11.0,C1_D-Glucose-6-Phosphate,44
11.25,C1_D-Glucose-6-Phosphate,46
11.5,C1_D-Glucose-6-Phosphate,47
11.75,C1_D-Glucose-6-Phosphate,48
12.0,C1_D-Glucose-6-Phosphate,43
12.25,C1_D-Glucose-6-Phosphate,47
12.5,C1_D-Glucose-6-Phosphate,46
12.75,C1_D-Glucose-6-Phosphate,42
13.0,C1_D-Glucose-6-Phosphate,42
13.25,C1_D-Glucose-6-Phosphate,42
13.5,C1_D-Glucose-6-Phosphate,42
13.75,C1_D-Glucose-6-Phosphate,45
14.0,C1_D-Glucose-6-Phosphate,46
14.25,C1_D-Glucose-6-Phosphate,46
14.5,C1_D-Glucose-6-Phosphate,45
14.75,C1_D-Glucose-6-Phosphate,46
15.0,C1_D-Glucose-6-Phosphate,48
15.25,C1_D-Glucose-6-Phosphate,46
15.5,C1_D-Glucose-6-Phosphate,49
15.75,C1_D-Glucose-6-Phosphate,53
16.0,C1_D-Glucose-6-Phosphate,50
16.25,C1_D-Glucose-6-Phosphate,47
16.5,C1_D-Glucose-6-Phosphate,49
16.75,C1_D-Glucose-6-Phosphate,45
17.0,C1_D-Glucose-6-Phosphate,50
17.25,C1_D-Glucose-6-Phosphate,45
17.5,C1_D-Glucose-6-Phosphate,48
17.75,C1_D-Glucose-6-Phosphate,50
18.0,C1_D-Glucose-6-Phosphate,49
18.25,C1_D-Glucose-6-Phosphate,47
18.5,C1_D-Glucose-6-Phosphate,50
18.75,C1_D-Glucose-6-Phosphate,52
19.0,C1_D-Glucose-6-Phosphate,52
19.25,C1_D-Glucose-6-Phosphate,54
19.5,C1_D-Glucose-6-Phosphate,51
19.75,C1_D-Glucose-6-Phosphate,52
20.0,C1_D-Glucose-6-Phosphate,47
20.25,C1_D-Glucose-6-Phosphate,44
20.5,C1_D-Glucose-6-Phosphate,50
20.75,C1_D-Glucose-6-Phosphate,58
21.0,C1_D-Glucose-6-Phosphate,50
21.25,C1_D-Glucose-6-Phosphate,50
21.5,C1_D-Glucose-6-Phosphate,47
21.75,C1_D-Glucose-6-Phosphate,51
22.0,C1_D-Glucose-6-Phosphate,52
22.25,C1_D-Glucose-6-Phosphate,53
22.5,C1_D-Glucose-6-Phosphate,53
22.75,C1_D-Glucose-6-Phosphate,49
23.0,C1_D-Glucose-6-Phosphate,50
23.25,C1_D-Glucose-6-Phosphate,54
23.5,C1_D-Glucose-6-Phosphate,50
23.75,C1_D-Glucose-6-Phosphate,57
24.0,C1_D-Glucose-6-Phosphate,57
24.25,C1_D-Glucose-6-Phosphate,51
24.5,C1_D-Glucose-6-Phosphate,55
24.75,C1_D-Glucose-6-Phosphate,50
25.0,C1_D-Glucose-6-Phosphate,52
25.25,C1_D-Glucose-6-Phosphate,53
25.5,C1_D-Glucose-6-Phosphate,53
25.75,C1_D-Glucose-6-Phosphate,51
26.0,C1_D-Glucose-6-Phosphate,52
26.25,C1_D-Glucose-6-Phosphate,57
26.5,C1_D-Glucose-6-Phosphate,49
26.75,C1_D-Glucose-6-Phosphate,54
27.0,C1_D-Glucose-6-Phosphate,56
27.25,C1_D-Glucose-6-Phosphate,53
27.5,C1_D-Glucose-6-Phosphate,56
27.75,C1_D-Glucose-6-Phosphate,50
28.0,C1_D-Glucose-6-Phosphate,54
28.25,C1_D-Glucose-6-Phosphate,53
28.5,C1_D-Glucose-6-Phosphate,49
28.75,C1_D-Glucose-6-Phosphate,57
29.0,C1_D-Glucose-6-Phosphate,53
29.25,C1_D-Glucose-6-Phosphate,52
29.5,C1_D-Glucose-6-Phosphate,52
29.75,C1_D-Glucose-6-Phosphate,55
30.0,C1_D-Glucose-6-Phosphate,58
30.25,C1_D-Glucose-6-Phosphate,54
30.5,C1_D-Glucose-6-Phosphate,55
30.75,C1_D-Glucose-6-Phosphate,52
31.0,C1_D-Glucose-6-Phosphate,54
31.25,C1_D-Glucose-6-Phosphate,56
31.5,C1_D-Glucose-6-Phosphate,54
31.75,C1_D-Glucose-6-Phosphate,55
32.0,C1_D-Glucose-6-Phosphate,56
32.25,C1_D-Glucose-6-Phosphate,54
32.5,C1_D-Glucose-6-Phosphate,57
32.75,C1_D-Glucose-6-Phosphate,56
33.0,C1_D-Glucose-6-Phosphate,54
33.25,C1_D-Glucose-6-Phosphate,55
33.5,C1_D-Glucose-6-Phosphate,61
33.75,C1_D-Glucose-6-Phosphate,55
34.0,C1_D-Glucose-6-Phosphate,55
34.25,C1_D-Glucose-6-Phosphate,55
34.5,C1_D-Glucose-6-Phosphate,54
34.75,C1_D-Glucose-6-Phosphate,51
35.0,C1_D-Glucose-6-Phosphate,55
35.25,C1_D-Glucose-6-Phosphate,53
35.5,C1_D-Glucose-6-Phosphate,56
35.75,C1_D-Glucose-6-Phosphate,56
36.0,C1_D-Glucose-6-Phosphate,52
36.25,C1_D-Glucose-6-Phosphate,55
36.5,C1_D-Glucose-6-Phosphate,57
36.75,C1_D-Glucose-6-Phosphate,58
37.0,C1_D-Glucose-6-Phosphate,55
37.25,C1_D-Glucose-6-Phosphate,53
37.5,C1_D-Glucose-6-Phosphate,52
37.75,C1_D-Glucose-6-Phosphate,59
38.0,C1_D-Glucose-6-Phosphate,55
38.25,C1_D-Glucose-6-Phosphate,52
38.5,C1_D-Glucose-6-Phosphate,57
38.75,C1_D-Glucose-6-Phosphate,54
39.0,C1_D-Glucose-6-Phosphate,58
39.25,C1_D-Glucose-6-Phosphate,56
39.5,C1_D-Glucose-6-Phosphate,56
39.75,C1_D-Glucose-6-Phosphate,54
40.0,C1_D-Glucose-6-Phosphate,56
40.25,C1_D-Glucose-6-Phosphate,55
40.5,C1_D-Glucose-6-Phosphate,55
40.75,C1_D-Glucose-6-Phosphate,60
41.0,C1_D-Glucose-6-Phosphate,55
41.25,C1_D-Glucose-6-Phosphate,55
41.5,C1_D-Glucose-6-Phosphate,57
41.75,C1_D-Glucose-6-Phosphate,60
42.0,C1_D-Glucose-6-Phosphate,61
42.25,C1_D-Glucose-6-Phosphate,58
42.5,C1_D-Glucose-6-Phosphate,57
42.75,C1_D-Glucose-6-Phosphate,57
43.0,C1_D-Glucose-6-Phosphate,59
43.25,C1_D-Glucose-6-Phosphate,58
43.5,C1_D-Glucose-6-Phosphate,58
43.75,C1_D-Glucose-6-Phosphate,59
44.0,C1_D-Glucose-6-Phosphate,59
44.25,C1_D-Glucose-6-Phosphate,57
44.5,C1_D-Glucose-6-Phosphate,56
44.75,C1_D-Glucose-6-Phosphate,59
45.0,C1_D-Glucose-6-Phosphate,56
45.25,C1_D-Glucose-6-Phosphate,54
45.5,C1_D-Glucose-6-Phosphate,58
45.75,C1_D-Glucose-6-Phosphate,57
46.0,C1_D-Glucose-6-Phosphate,60
46.25,C1_D-Glucose-6-Phosphate,58
46.5,C1_D-Glucose-6-Phosphate,61
46.75,C1_D-Glucose-6-Phosphate,58
47.0,C1_D-Glucose-6-Phosphate,64
47.25,C1_D-Glucose-6-Phosphate,63
47.5,C1_D-Glucose-6-Phosphate,0
0.0,C2_D-GalactonicAcid-g-Lactone,17
0.25,C2_D-GalactonicAcid-g-Lactone,19
0.5,C2_D-GalactonicAcid-g-Lactone,20
0.75,C2_D-GalactonicAcid-g-Lactone,20
1.0,C2_D-GalactonicAcid-g-Lactone,17
1.25,C2_D-GalactonicAcid-g-Lactone,16
1.5,C2_D-GalactonicAcid-g-Lactone,13
1.75,C2_D-GalactonicAcid-g-Lactone,18
2.0,C2_D-GalactonicAcid-g-Lactone,18
2.25,C2_D-GalactonicAcid-g-Lactone,18
2.5,C2_D-GalactonicAcid-g-Lactone,15
2.75,C2_D-GalactonicAcid-g-Lactone,16
3.0,C2_D-GalactonicAcid-g-Lactone,18
3.25,C2_D-GalactonicAcid-g-Lactone,17
3.5,C2_D-GalactonicAcid-g-Lactone,22
3.75,C2_D-GalactonicAcid-g-Lactone,17
4.0,C2_D-GalactonicAcid-g-Lactone,20
4.25,C2_D-GalactonicAcid-g-Lactone,21
4.5,C2_D-GalactonicAcid-g-Lactone,18
4.75,C2_D-GalactonicAcid-g-Lactone,20
5.0,C2_D-GalactonicAcid-g-Lactone,22
5.25,C2_D-GalactonicAcid-g-Lactone,26
5.5,C2_D-GalactonicAcid-g-Lactone,26
5.75,C2_D-GalactonicAcid-g-Lactone,26
6.0,C2_D-GalactonicAcid-g-Lactone,26
6.25,C2_D-GalactonicAcid-g-Lactone,23
6.5,C2_D-GalactonicAcid-g-Lactone,27
6.75,C2_D-GalactonicAcid-g-Lactone,24
7.0,C2_D-GalactonicAcid-g-Lactone,29
7.25,C2_D-GalactonicAcid-g-Lactone,25
7.5,C2_D-GalactonicAcid-g-Lactone,30
7.75,C2_D-GalactonicAcid-g-Lactone,30
8.0,C2_D-GalactonicAcid-g-Lactone,32
8.25,C2_D-GalactonicAcid-g-Lactone,30
8.5,C2_D-GalactonicAcid-g-Lactone,33
8.75,C2_D-GalactonicAcid-g-Lactone,33
9.0,C2_D-GalactonicAcid-g-Lactone,31
9.25,C2_D-GalactonicAcid-g-Lactone,34
9.5,C2_D-GalactonicAcid-g-Lactone,32
9.75,C2_D-GalactonicAcid-g-Lactone,32
10.0,C2_D-GalactonicAcid-g-Lactone,36
10.25,C2_D-GalactonicAcid-g-Lactone,30
10.5,C2_D-GalactonicAcid-g-Lactone,36
10.75,C2_D-GalactonicAcid-g-Lactone,31
11.0,C2_D-GalactonicAcid-g-Lactone,31
11.25,C2_D-GalactonicAcid-g-Lactone,34
11.5,C2_D-GalactonicAcid-g-Lactone,34
11.75,C2_D-GalactonicAcid-g-Lactone,32
12.0,C2_D-GalactonicAcid-g-Lactone,33
12.25,C2_D-GalactonicAcid-g-Lactone,29
12.5,C2_D-GalactonicAcid-g-Lactone,35
12.75,C2_D-GalactonicAcid-g-Lactone,32
13.0,C2_D-GalactonicAcid-g-Lactone,32
13.25,C2_D-GalactonicAcid-g-Lactone,37
13.5,C2_D-GalactonicAcid-g-Lactone,34
13.75,C2_D-GalactonicAcid-g-Lactone,37
14.0,C2_D-GalactonicAcid-g-Lactone,36
14.25,C2_D-GalactonicAcid-g-Lactone,32
14.5,C2_D-GalactonicAcid-g-Lactone,35
14.75,C2_D-GalactonicAcid-g-Lactone,36
15.0,C2_D-GalactonicAcid-g-Lactone,37
15.25,C2_D-GalactonicAcid-g-Lactone,35
15.5,C2_D-GalactonicAcid-g-Lactone,34
15.75,C2_D-GalactonicAcid-g-Lactone,38
16.0,C2_D-GalactonicAcid-g-Lactone,36
16.25,C2_D-GalactonicAcid-g-Lactone,37
16.5,C2_D-GalactonicAcid-g-Lactone,34
16.75,C2_D-GalactonicAcid-g-Lactone,35
17.0,C2_D-GalactonicAcid-g-Lactone,37
17.25,C2_D-GalactonicAcid-g-Lactone,32
17.5,C2_D-GalactonicAcid-g-Lactone,35
17.75,C2_D-GalactonicAcid-g-Lactone,39
18.0,C2_D-GalactonicAcid-g-Lactone,39
18.25,C2_D-GalactonicAcid-g-Lactone,40
18.5,C2_D-GalactonicAcid-g-Lactone,37
18.75,C2_D-GalactonicAcid-g-Lactone,38
19.0,C2_D-GalactonicAcid-g-Lactone,37
19.25,C2_D-GalactonicAcid-g-Lactone,39
19.5,C2_D-GalactonicAcid-g-Lactone,40
19.75,C2_D-GalactonicAcid-g-Lactone,35
20.0,C2_D-GalactonicAcid-g-Lactone,38
20.25,C2_D-GalactonicAcid-g-Lactone,36
20.5,C2_D-GalactonicAcid-g-Lactone,35
20.75,C2_D-GalactonicAcid-g-Lactone,40
21.0,C2_D-GalactonicAcid-g-Lactone,37
21.25,C2_D-GalactonicAcid-g-Lactone,35
21.5,C2_D-GalactonicAcid-g-Lactone,34
21.75,C2_D-GalactonicAcid-g-Lactone,39
22.0,C2_D-GalactonicAcid-g-Lactone,42
22.25,C2_D-GalactonicAcid-g-Lactone,37
22.5,C2_D-GalactonicAcid-g-Lactone,38
22.75,C2_D-GalactonicAcid-g-Lactone,33
23.0,C2_D-GalactonicAcid-g-Lactone,31
23.25,C2_D-GalactonicAcid-g-Lactone,38
23.5,C2_D-GalactonicAcid-g-Lactone,39
23.75,C2_D-GalactonicAcid-g-Lactone,39
24.0,C2_D-GalactonicAcid-g-Lactone,40
24.25,C2_D-GalactonicAcid-g-Lactone,35
24.5,C2_D-GalactonicAcid-g-Lactone,35
24.75,C2_D-GalactonicAcid-g-Lactone,38
25.0,C2_D-GalactonicAcid-g-Lactone,38
25.25,C2_D-GalactonicAcid-g-Lactone,37
25.5,C2_D-GalactonicAcid-g-Lactone,41
25.75,C2_D-GalactonicAcid-g-Lactone,39
26.0,C2_D-GalactonicAcid-g-Lactone,38
26.25,C2_D-GalactonicAcid-g-Lactone,39
26.5,C2_D-GalactonicAcid-g-Lactone,35
26.75,C2_D-GalactonicAcid-g-Lactone,40
27.0,C2_D-GalactonicAcid-g-Lactone,40
27.25,C2_D-GalactonicAcid-g-Lactone,37
27.5,C2_D-GalactonicAcid-g-Lactone,40
27.75,C2_D-GalactonicAcid-g-Lactone,39
28.0,C2_D-GalactonicAcid-g-Lactone,36
28.25,C2_D-GalactonicAcid-g-Lactone,40
28.5,C2_D-GalactonicAcid-g-Lactone,40
28.75,C2_D-GalactonicAcid-g-Lactone,41
29.0,C2_D-GalactonicAcid-g-Lactone,37
29.25,C2_D-GalactonicAcid-g-Lactone,34
29.5,C2_D-GalactonicAcid-g-Lactone,39
29.75,C2_D-GalactonicAcid-g-Lactone,38
30.0,C2_D-GalactonicAcid-g-Lactone,38
30.25,C2_D-GalactonicAcid-g-Lactone,41
30.5,C2_D-GalactonicAcid-g-Lactone,42
30.75,C2_D-GalactonicAcid-g-Lactone,40
31.0,C2_D-GalactonicAcid-g-Lactone,41
31.25,C2_D-GalactonicAcid-g-Lactone,39
31.5,C2_D-GalactonicAcid-g-Lactone,38
31.75,C2_D-GalactonicAcid-g-Lactone,39
32.0,C2_D-GalactonicAcid-g-Lactone,42
32.25,C2_D-GalactonicAcid-g-Lactone,41
32.5,C2_D-GalactonicAcid-g-Lactone,37
32.75,C2_D-GalactonicAcid-g-Lactone,36
33.0,C2_D-GalactonicAcid-g-Lactone,36
33.25,C2_D-GalactonicAcid-g-Lactone,43
33.5,C2_D-GalactonicAcid-g-Lactone,40
33.75,C2_D-GalactonicAcid-g-Lactone,40
34.0,C2_D-GalactonicAcid-g-Lactone,37
34.25,C2_D-GalactonicAcid-g-Lactone,41
34.5,C2_D-GalactonicAcid-g-Lactone,41
34.75,C2_D-GalactonicAcid-g-Lactone,39
35.0,C2_D-GalactonicAcid-g-Lactone,39
35.25,C2_D-GalactonicAcid-g-Lactone,39
35.5,C2_D-GalactonicAcid-g-Lactone,41
35.75,C2_D-GalactonicAcid-g-Lactone,39
36.0,C2_D-GalactonicAcid-g-Lactone,40
36.25,C2_D-GalactonicAcid-g-Lactone,39
36.5,C2_D-GalactonicAcid-g-Lactone,40
36.75,C2_D-GalactonicAcid-g-Lactone,37
37.0,C2_D-GalactonicAcid-g-Lactone,40
37.25,C2_D-GalactonicAcid-g-Lactone,37
37.5,C2_D-GalactonicAcid-g-Lactone,33
37.75,C2_D-GalactonicAcid-g-Lactone,39
38.0,C2_D-GalactonicAcid-g-Lactone,44
38.25,C2_D-GalactonicAcid-g-Lactone,38
38.5,C2_D-GalactonicAcid-g-Lactone,41
38.75,C2_D-GalactonicAcid-g-Lactone,37
39.0,C2_D-GalactonicAcid-g-Lactone,43
39.25,C2_D-GalactonicAcid-g-Lactone,41
39.5,C2_D-GalactonicAcid-g-Lactone,35
39.75,C2_D-GalactonicAcid-g-Lactone,40
40.0,C2_D-GalactonicAcid-g-Lactone,36
40.25,C2_D-GalactonicAcid-g-Lactone,40
40.5,C2_D-GalactonicAcid-g-Lactone,39
40.75,C2_D-GalactonicAcid-g-Lactone,43
41.0,C2_D-GalactonicAcid-g-Lactone,43
41.25,C2_D-GalactonicAcid-g-Lactone,40
41.5,C2_D-GalactonicAcid-g-Lactone,39
41.75,C2_D-GalactonicAcid-g-Lactone,39
42.0,C2_D-GalactonicAcid-g-Lactone,35
42.25,C2_D-GalactonicAcid-g-Lactone,36
42.5,C2_D-GalactonicAcid-g-Lactone,40
42.75,C2_D-GalactonicAcid-g-Lactone,42
43.0,C2_D-GalactonicAcid-g-Lactone,40
43.25,C2_D-GalactonicAcid-g-Lactone,39
43.5,C2_D-GalactonicAcid-g-Lactone,41
43.75,C2_D-GalactonicAcid-g-Lactone,41
44.0,C2_D-GalactonicAcid-g-Lactone,42
44.25,C2_D-GalactonicAcid-g-Lactone,42
44.5,C2_D-GalactonicAcid-g-Lactone,42
44.75,C2_D-GalactonicAcid-g-Lactone,42
45.0,C2_D-GalactonicAcid-g-Lactone,39
45.25,C2_D-GalactonicAcid-g-Lactone,44
45.5,C2_D-GalactonicAcid-g-Lactone,40
45.75,C2_D-GalactonicAcid-g-Lactone,42
46.0,C2_D-GalactonicAcid-g-Lactone,39
46.25,C2_D-GalactonicAcid-g-Lactone,41
46.5,C2_D-GalactonicAcid-g-Lactone,41
46.75,C2_D-GalactonicAcid-g-Lactone,39
47.0,C2_D-GalactonicAcid-g-Lactone,40
47.25,C2_D-GalactonicAcid-g-Lactone,43
47.5,C2_D-GalactonicAcid-g-Lactone,0
0.0,C3_D-L-Malic_Acid,14
0.25,C3_D-L-Malic_Acid,14
0.5,C3_D-L-Malic_Acid,17
0.75,C3_D-L-Malic_Acid,15
1.0,C3_D-L-Malic_Acid,13
1.25,C3_D-L-Malic_Acid,12
1.5,C3_D-L-Malic_Acid,12
1.75,C3_D-L-Malic_Acid,12
2.0,C3_D-L-Malic_Acid,13
2.25,C3_D-L-Malic_Acid,14
2.5,C3_D-L-Malic_Acid,17
2.75,C3_D-L-Malic_Acid,15
3.0,C3_D-L-Malic_Acid,15
3.25,C3_D-L-Malic_Acid,14
3.5,C3_D-L-Malic_Acid,15
3.75,C3_D-L-Malic_Acid,16
4.0,C3_D-L-Malic_Acid,14
4.25,C3_D-L-Malic_Acid,13
4.5,C3_D-L-Malic_Acid,18
4.75,C3_D-L-Malic_Acid,16
5.0,C3_D-L-Malic_Acid,12
5.25,C3_D-L-Malic_Acid,14
5.5,C3_D-L-Malic_Acid,20
5.75,C3_D-L-Malic_Acid,22
6.0,C3_D-L-Malic_Acid,19
6.25,C3_D-L-Malic_Acid,24
6.5,C3_D-L-Malic_Acid,23
6.75,C3_D-L-Malic_Acid,21
7.0,C3_D-L-Malic_Acid,26
7.25,C3_D-L-Malic_Acid,22
7.5,C3_D-L-Malic_Acid,26
7.75,C3_D-L-Malic_Acid,31
8.0,C3_D-L-Malic_Acid,33
8.25,C3_D-L-Malic_Acid,37
8.5,C3_D-L-Malic_Acid,32
8.75,C3_D-L-Malic_Acid,37
9.0,C3_D-L-Malic_Acid,40
9.25,C3_D-L-Malic_Acid,41
9.5,C3_D-L-Malic_Acid,44
9.75,C3_D-L-Malic_Acid,50
10.0,C3_D-L-Malic_Acid,56
10.25,C3_D-L-Malic_Acid,53
10.5,C3_D-L-Malic_Acid,56
10.75,C3_D-L-Malic_Acid,60
11.0,C3_D-L-Malic_Acid,64
11.25,C3_D-L-Malic_Acid,66
11.5,C3_D-L-Malic_Acid,72
11.75,C3_D-L-Malic_Acid,85
12.0,C3_D-L-Malic_Acid,94
12.25,C3_D-L-Malic_Acid,89
12.5,C3_D-L-Malic_Acid,98
12.75,C3_D-L-Malic_Acid,104
13.0,C3_D-L-Malic_Acid,106
13.25,C3_D-L-Malic_Acid,108
13.5,C3_D-L-Malic_Acid,116
13.75,C3_D-L-Malic_Acid,118
14.0,C3_D-L-Malic_Acid,122
14.25,C3_D-L-Malic_Acid,124
14.5,C3_D-L-Malic_Acid,128
14.75,C3_D-L-Malic_Acid,137
15.0,C3_D-L-Malic_Acid,134
15.25,C3_D-L-Malic_Acid,139
15.5,C3_D-L-Malic_Acid,143
15.75,C3_D-L-Malic_Acid,148
16.0,C3_D-L-Malic_Acid,144
16.25,C3_D-L-Malic_Acid,147
16.5,C3_D-L-Malic_Acid,149
16.75,C3_D-L-Malic_Acid,145
17.0,C3_D-L-Malic_Acid,155
17.25,C3_D-L-Malic_Acid,152
17.5,C3_D-L-Malic_Acid,151
17.75,C3_D-L-Malic_Acid,150
18.0,C3_D-L-Malic_Acid,154
18.25,C3_D-L-Malic_Acid,157
18.5,C3_D-L-Malic_Acid,155
18.75,C3_D-L-Malic_Acid,154
19.0,C3_D-L-Malic_Acid,160
19.25,C3_D-L-Malic_Acid,161
19.5,C3_D-L-Malic_Acid,161
19.75,C3_D-L-Malic_Acid,160
20.0,C3_D-L-Malic_Acid,163
20.25,C3_D-L-Malic_Acid,164
20.5,C3_D-L-Malic_Acid,164
20.75,C3_D-L-Malic_Acid,166
21.0,C3_D-L-Malic_Acid,168
21.25,C3_D-L-Malic_Acid,171
21.5,C3_D-L-Malic_Acid,169
21.75,C3_D-L-Malic_Acid,169
22.0,C3_D-L-Malic_Acid,173
22.25,C3_D-L-Malic_Acid,170
22.5,C3_D-L-Malic_Acid,171
22.75,C3_D-L-Malic_Acid,165
23.0,C3_D-L-Malic_Acid,172
23.25,C3_D-L-Malic_Acid,175
23.5,C3_D-L-Malic_Acid,173
23.75,C3_D-L-Malic_Acid,170
24.0,C3_D-L-Malic_Acid,174
24.25,C3_D-L-Malic_Acid,168
24.5,C3_D-L-Malic_Acid,174
24.75,C3_D-L-Malic_Acid,170
25.0,C3_D-L-Malic_Acid,173
25.25,C3_D-L-Malic_Acid,172
25.5,C3_D-L-Malic_Acid,175
25.75,C3_D-L-Malic_Acid,175
26.0,C3_D-L-Malic_Acid,175
26.25,C3_D-L-Malic_Acid,184
26.5,C3_D-L-Malic_Acid,178
26.75,C3_D-L-Malic_Acid,185
27.0,C3_D-L-Malic_Acid,181
27.25,C3_D-L-Malic_Acid,180
27.5,C3_D-L-Malic_Acid,183
27.75,C3_D-L-Malic_Acid,181
28.0,C3_D-L-Malic_Acid,180
28.25,C3_D-L-Malic_Acid,180
28.5,C3_D-L-Malic_Acid,181
28.75,C3_D-L-Malic_Acid,183
29.0,C3_D-L-Malic_Acid,180
29.25,C3_D-L-Malic_Acid,185
29.5,C3_D-L-Malic_Acid,186
29.75,C3_D-L-Malic_Acid,184
30.0,C3_D-L-Malic_Acid,189
30.25,C3_D-L-Malic_Acid,187
30.5,C3_D-L-Malic_Acid,187
30.75,C3_D-L-Malic_Acid,184
31.0,C3_D-L-Malic_Acid,185
31.25,C3_D-L-Malic_Acid,186
31.5,C3_D-L-Malic_Acid,181
31.75,C3_D-L-Malic_Acid,185
32.0,C3_D-L-Malic_Acid,187
32.25,C3_D-L-Malic_Acid,189
32.5,C3_D-L-Malic_Acid,188
32.75,C3_D-L-Malic_Acid,187
33.0,C3_D-L-Malic_Acid,189
33.25,C3_D-L-Malic_Acid,188
33.5,C3_D-L-Malic_Acid,191
33.75,C3_D-L-Malic_Acid,185
34.0,C3_D-L-Malic_Acid,190
34.25,C3_D-L-Malic_Acid,187
34.5,C3_D-L-Malic_Acid,185
34.75,C3_D-L-Malic_Acid,186
35.0,C3_D-L-Malic_Acid,185
35.25,C3_D-L-Malic_Acid,181
35.5,C3_D-L-Malic_Acid,189
35.75,C3_D-L-Malic_Acid,187
36.0,C3_D-L-Malic_Acid,188
36.25,C3_D-L-Malic_Acid,186
36.5,C3_D-L-Malic_Acid,183
36.75,C3_D-L-Malic_Acid,185
37.0,C3_D-L-Malic_Acid,188
37.25,C3_D-L-Malic_Acid,183
37.5,C3_D-L-Malic_Acid,180
37.75,C3_D-L-Malic_Acid,182
38.0,C3_D-L-Malic_Acid,187
38.25,C3_D-L-Malic_Acid,181
38.5,C3_D-L-Malic_Acid,182
38.75,C3_D-L-Malic_Acid,184
39.0,C3_D-L-Malic_Acid,189
39.25,C3_D-L-Malic_Acid,189
39.5,C3_D-L-Malic_Acid,185
39.75,C3_D-L-Malic_Acid,186
40.0,C3_D-L-Malic_Acid,191
40.25,C3_D-L-Malic_Acid,189
40.5,C3_D-L-Malic_Acid,183
40.75,C3_D-L-Malic_Acid,187
41.0,C3_D-L-Malic_Acid,185
41.25,C3_D-L-Malic_Acid,181
41.5,C3_D-L-Malic_Acid,188
41.75,C3_D-L-Malic_Acid,184
42.0,C3_D-L-Malic_Acid,186
42.25,C3_D-L-Malic_Acid,185
42.5,C3_D-L-Malic_Acid,188
42.75,C3_D-L-Malic_Acid,185
43.0,C3_D-L-Malic_Acid,185
43.25,C3_D-L-Malic_Acid,185
43.5,C3_D-L-Malic_Acid,183
43.75,C3_D-L-Malic_Acid,190
44.0,C3_D-L-Malic_Acid,184
44.25,C3_D-L-Malic_Acid,190
44.5,C3_D-L-Malic_Acid,184
44.75,C3_D-L-Malic_Acid,184
45.0,C3_D-L-Malic_Acid,181
45.25,C3_D-L-Malic_Acid,180
45.5,C3_D-L-Malic_Acid,184
45.75,C3_D-L-Malic_Acid,184
46.0,C3_D-L-Malic_Acid,190
46.25,C3_D-L-Malic_Acid,185
46.5,C3_D-L-Malic_Acid,190
46.75,C3_D-L-Malic_Acid,184
47.0,C3_D-L-Malic_Acid,190
47.25,C3_D-L-Malic_Acid,186
47.5,C3_D-L-Malic_Acid,0
0.0,C4_D-Ribose,95
0.25,C4_D-Ribose,100
0.5,C4_D-Ribose,106
0.75,C4_D-Ribose,107
1.0,C4_D-Ribose,106
1.25,C4_D-Ribose,107
1.5,C4_D-Ribose,107
1.75,C4_D-Ribose,111
2.0,C4_D-Ribose,115
2.25,C4_D-Ribose,116
2.5,C4_D-Ribose,114
2.75,C4_D-Ribose,113
3.0,C4_D-Ribose,115
3.25,C4_D-Ribose,119
3.5,C4_D-Ribose,119
3.75,C4_D-Ribose,120
4.0,C4_D-Ribose,118
4.25,C4_D-Ribose,119
4.5,C4_D-Ribose,117
4.75,C4_D-Ribose,120
5.0,C4_D-Ribose,121
5.25,C4_D-Ribose,123
5.5,C4_D-Ribose,122
5.75,C4_D-Ribose,124
6.0,C4_D-Ribose,128
6.25,C4_D-Ribose,128
6.5,C4_D-Ribose,124
6.75,C4_D-Ribose,125
7.0,C4_D-Ribose,124
7.25,C4_D-Ribose,126
7.5,C4_D-Ribose,130
7.75,C4_D-Ribose,129
8.0,C4_D-Ribose,134
8.25,C4_D-Ribose,132
8.5,C4_D-Ribose,132
8.75,C4_D-Ribose,128
9.0,C4_D-Ribose,132
9.25,C4_D-Ribose,129
9.5,C4_D-Ribose,133
9.75,C4_D-Ribose,133
10.0,C4_D-Ribose,132
10.25,C4_D-Ribose,129
10.5,C4_D-Ribose,135
10.75,C4_D-Ribose,131
11.0,C4_D-Ribose,135
11.25,C4_D-Ribose,134
11.5,C4_D-Ribose,134
11.75,C4_D-Ribose,136
12.0,C4_D-Ribose,136
12.25,C4_D-Ribose,136
12.5,C4_D-Ribose,138
12.75,C4_D-Ribose,136
13.0,C4_D-Ribose,141
13.25,C4_D-Ribose,138
13.5,C4_D-Ribose,140
13.75,C4_D-Ribose,134
14.0,C4_D-Ribose,141
14.25,C4_D-Ribose,142
14.5,C4_D-Ribose,142
14.75,C4_D-Ribose,144
15.0,C4_D-Ribose,146
15.25,C4_D-Ribose,146
15.5,C4_D-Ribose,142
15.75,C4_D-Ribose,146
16.0,C4_D-Ribose,145
16.25,C4_D-Ribose,148
16.5,C4_D-Ribose,148
16.75,C4_D-Ribose,144
17.0,C4_D-Ribose,145
17.25,C4_D-Ribose,146
17.5,C4_D-Ribose,148
17.75,C4_D-Ribose,144
18.0,C4_D-Ribose,145
18.25,C4_D-Ribose,147
18.5,C4_D-Ribose,151
18.75,C4_D-Ribose,150
19.0,C4_D-Ribose,147
19.25,C4_D-Ribose,148
19.5,C4_D-Ribose,146
19.75,C4_D-Ribose,146
20.0,C4_D-Ribose,147
20.25,C4_D-Ribose,148
20.5,C4_D-Ribose,150
20.75,C4_D-Ribose,152
21.0,C4_D-Ribose,152
21.25,C4_D-Ribose,148
21.5,C4_D-Ribose,149
21.75,C4_D-Ribose,150
22.0,C4_D-Ribose,153
22.25,C4_D-Ribose,155
22.5,C4_D-Ribose,152
22.75,C4_D-Ribose,148
23.0,C4_D-Ribose,152
23.25,C4_D-Ribose,152
23.5,C4_D-Ribose,150
23.75,C4_D-Ribose,153
24.0,C4_D-Ribose,153
24.25,C4_D-Ribose,155
24.5,C4_D-Ribose,154
24.75,C4_D-Ribose,152
25.0,C4_D-Ribose,150
25.25,C4_D-Ribose,154
25.5,C4_D-Ribose,157
25.75,C4_D-Ribose,153
26.0,C4_D-Ribose,150
26.25,C4_D-Ribose,155
26.5,C4_D-Ribose,155
26.75,C4_D-Ribose,155
27.0,C4_D-Ribose,157
27.25,C4_D-Ribose,158
27.5,C4_D-Ribose,157
27.75,C4_D-Ribose,158
28.0,C4_D-Ribose,154
28.25,C4_D-Ribose,157
28.5,C4_D-Ribose,157
28.75,C4_D-Ribose,157
29.0,C4_D-Ribose,158
29.25,C4_D-Ribose,156
29.5,C4_D-Ribose,159
29.75,C4_D-Ribose,161
30.0,C4_D-Ribose,160
30.25,C4_D-Ribose,161
30.5,C4_D-Ribose,160
30.75,C4_D-Ribose,158
31.0,C4_D-Ribose,157
31.25,C4_D-Ribose,162
31.5,C4_D-Ribose,160
31.75,C4_D-Ribose,159
32.0,C4_D-Ribose,161
32.25,C4_D-Ribose,157
32.5,C4_D-Ribose,156
32.75,C4_D-Ribose,156
33.0,C4_D-Ribose,159
33.25,C4_D-Ribose,160
33.5,C4_D-Ribose,161
33.75,C4_D-Ribose,162
34.0,C4_D-Ribose,159
34.25,C4_D-Ribose,158
34.5,C4_D-Ribose,159
34.75,C4_D-Ribose,161
35.0,C4_D-Ribose,158
35.25,C4_D-Ribose,157
35.5,C4_D-Ribose,160
35.75,C4_D-Ribose,162
36.0,C4_D-Ribose,165
36.25,C4_D-Ribose,157
36.5,C4_D-Ribose,158
36.75,C4_D-Ribose,159
37.0,C4_D-Ribose,159
37.25,C4_D-Ribose,161
37.5,C4_D-Ribose,161
37.75,C4_D-Ribose,159
38.0,C4_D-Ribose,162
38.25,C4_D-Ribose,163
38.5,C4_D-Ribose,165
38.75,C4_D-Ribose,158
39.0,C4_D-Ribose,163
39.25,C4_D-Ribose,160
39.5,C4_D-Ribose,160
39.75,C4_D-Ribose,163
40.0,C4_D-Ribose,161
40.25,C4_D-Ribose,163
40.5,C4_D-Ribose,164
40.75,C4_D-Ribose,164
41.0,C4_D-Ribose,165
41.25,C4_D-Ribose,160
41.5,C4_D-Ribose,159
41.75,C4_D-Ribose,162
42.0,C4_D-Ribose,164
42.25,C4_D-Ribose,163
42.5,C4_D-Ribose,163
42.75,C4_D-Ribose,162
43.0,C4_D-Ribose,162
43.25,C4_D-Ribose,163
43.5,C4_D-Ribose,163
43.75,C4_D-Ribose,162
44.0,C4_D-Ribose,165
44.25,C4_D-Ribose,164
44.5,C4_D-Ribose,166
44.75,C4_D-Ribose,164
45.0,C4_D-Ribose,163
45.25,C4_D-Ribose,165
45.5,C4_D-Ribose,165
45.75,C4_D-Ribose,165
46.0,C4_D-Ribose,166
46.25,C4_D-Ribose,164
46.5,C4_D-Ribose,164
46.75,C4_D-Ribose,165
47.0,C4_D-Ribose,170
47.25,C4_D-Ribose,168
47.5,C4_D-Ribose,0
0.0,C5_Tween_20,11
0.25,C5_Tween_20,12
0.5,C5_Tween_20,17
0.75,C5_Tween_20,14
1.0,C5_Tween_20,17
1.25,C5_Tween_20,12
1.5,C5_Tween_20,11
1.75,C5_Tween_20,15
2.0,C5_Tween_20,18
2.25,C5_Tween_20,19
2.5,C5_Tween_20,11
2.75,C5_Tween_20,14
3.0,C5_Tween_20,14
3.25,C5_Tween_20,13
3.5,C5_Tween_20,12
3.75,C5_Tween_20,16
4.0,C5_Tween_20,11
4.25,C5_Tween_20,14
4.5,C5_Tween_20,17
4.75,C5_Tween_20,15
5.0,C5_Tween_20,19
5.25,C5_Tween_20,16
5.5,C5_Tween_20,19
5.75,C5_Tween_20,19
6.0,C5_Tween_20,15
6.25,C5_Tween_20,21
6.5,C5_Tween_20,16
6.75,C5_Tween_20,21
7.0,C5_Tween_20,21
7.25,C5_Tween_20,21
7.5,C5_Tween_20,15
7.75,C5_Tween_20,29
8.0,C5_Tween_20,24
8.25,C5_Tween_20,21
8.5,C5_Tween_20,23
8.75,C5_Tween_20,24
9.0,C5_Tween_20,31
9.25,C5_Tween_20,25
9.5,C5_Tween_20,27
9.75,C5_Tween_20,30
10.0,C5_Tween_20,25
10.25,C5_Tween_20,27
10.5,C5_Tween_20,29
10.75,C5_Tween_20,32
11.0,C5_Tween_20,33
11.25,C5_Tween_20,29
11.5,C5_Tween_20,39
11.75,C5_Tween_20,41
12.0,C5_Tween_20,40
12.25,C5_Tween_20,45
12.5,C5_Tween_20,44
12.75,C5_Tween_20,42
13.0,C5_Tween_20,48
13.25,C5_Tween_20,51
13.5,C5_Tween_20,49
13.75,C5_Tween_20,52
14.0,C5_Tween_20,53
14.25,C5_Tween_20,50
14.5,C5_Tween_20,52
14.75,C5_Tween_20,51
15.0,C5_Tween_20,54
15.25,C5_Tween_20,58
15.5,C5_Tween_20,56
15.75,C5_Tween_20,69
16.0,C5_Tween_20,67
16.25,C5_Tween_20,68
16.5,C5_Tween_20,71
16.75,C5_Tween_20,65
17.0,C5_Tween_20,70
17.25,C5_Tween_20,76
17.5,C5_Tween_20,75
17.75,C5_Tween_20,81
18.0,C5_Tween_20,85
18.25,C5_Tween_20,85
18.5,C5_Tween_20,86
18.75,C5_Tween_20,88
19.0,C5_Tween_20,88
19.25,C5_Tween_20,92
19.5,C5_Tween_20,88
19.75,C5_Tween_20,85
20.0,C5_Tween_20,89
20.25,C5_Tween_20,92
20.5,C5_Tween_20,88
20.75,C5_Tween_20,98
21.0,C5_Tween_20,90
21.25,C5_Tween_20,95
21.5,C5_Tween_20,99
21.75,C5_Tween_20,97
22.0,C5_Tween_20,104
22.25,C5_Tween_20,96
22.5,C5_Tween_20,98
22.75,C5_Tween_20,90
23.0,C5_Tween_20,101
23.25,C5_Tween_20,105
23.5,C5_Tween_20,98
23.75,C5_Tween_20,105
24.0,C5_Tween_20,106
24.25,C5_Tween_20,96
24.5,C5_Tween_20,105
24.75,C5_Tween_20,99
25.0,C5_Tween_20,109
25.25,C5_Tween_20,99
25.5,C5_Tween_20,105
25.75,C5_Tween_20,103
26.0,C5_Tween_20,102
26.25,C5_Tween_20,106
26.5,C5_Tween_20,99
26.75,C5_Tween_20,114
27.0,C5_Tween_20,112
27.25,C5_Tween_20,108
27.5,C5_Tween_20,114
27.75,C5_Tween_20,105
28.0,C5_Tween_20,109
28.25,C5_Tween_20,104
28.5,C5_Tween_20,109
28.75,C5_Tween_20,111
29.0,C5_Tween_20,104
29.25,C5_Tween_20,111
29.5,C5_Tween_20,117
29.75,C5_Tween_20,110
30.0,C5_Tween_20,114
30.25,C5_Tween_20,108
30.5,C5_Tween_20,117
30.75,C5_Tween_20,115
31.0,C5_Tween_20,114
31.25,C5_Tween_20,108
31.5,C5_Tween_20,108
31.75,C5_Tween_20,112
32.0,C5_Tween_20,117
32.25,C5_Tween_20,115
32.5,C5_Tween_20,115
32.75,C5_Tween_20,110
33.0,C5_Tween_20,112
33.25,C5_Tween_20,110
33.5,C5_Tween_20,118
33.75,C5_Tween_20,111
34.0,C5_Tween_20,112
34.25,C5_Tween_20,111
34.5,C5_Tween_20,110
34.75,C5_Tween_20,109
35.0,C5_Tween_20,111
35.25,C5_Tween_20,104
35.5,C5_Tween_20,118
35.75,C5_Tween_20,115
36.0,C5_Tween_20,113
36.25,C5_Tween_20,115
36.5,C5_Tween_20,110
36.75,C5_Tween_20,111
37.0,C5_Tween_20,109
37.25,C5_Tween_20,109
37.5,C5_Tween_20,102
37.75,C5_Tween_20,112
38.0,C5_Tween_20,114
38.25,C5_Tween_20,105
38.5,C5_Tween_20,106
38.75,C5_Tween_20,102
39.0,C5_Tween_20,109
39.25,C5_Tween_20,110
39.5,C5_Tween_20,104
39.75,C5_Tween_20,108
40.0,C5_Tween_20,113
40.25,C5_Tween_20,112
40.5,C5_Tween_20,110
40.75,C5_Tween_20,112
41.0,C5_Tween_20,104
41.25,C5_Tween_20,108
41.5,C5_Tween_20,111
41.75,C5_Tween_20,111
42.0,C5_Tween_20,108
42.25,C5_Tween_20,107
42.5,C5_Tween_20,109
42.75,C5_Tween_20,109
43.0,C5_Tween_20,111
43.25,C5_Tween_20,112
43.5,C5_Tween_20,105
43.75,C5_Tween_20,107
44.0,C5_Tween_20,102
44.25,C5_Tween_20,109
44.5,C5_Tween_20,108
44.75,C5_Tween_20,110
45.0,C5_Tween_20,104
45.25,C5_Tween_20,101
45.5,C5_Tween_20,108
45.75,C5_Tween_20,106
46.0,C5_Tween_20,117
46.25,C5_Tween_20,102
46.5,C5_Tween_20,110
46.75,C5_Tween_20,110
47.0,C5_Tween_20,114
47.25,C5_Tween_20,113
47.5,C5_Tween_20,0
0.0,C6_L-Rhamnose,14
0.25,C6_L-Rhamnose,22
0.5,C6_L-Rhamnose,21
0.75,C6_L-Rhamnose,28
1.0,C6_L-Rhamnose,16
1.25,C6_L-Rhamnose,19
1.5,C6_L-Rhamnose,19
1.75,C6_L-Rhamnose,20
2.0,C6_L-Rhamnose,21
2.25,C6_L-Rhamnose,16
2.5,C6_L-Rhamnose,21
2.75,C6_L-Rhamnose,17
3.0,C6_L-Rhamnose,20
3.25,C6_L-Rhamnose,19
3.5,C6_L-Rhamnose,20
3.75,C6_L-Rhamnose,17
4.0,C6_L-Rhamnose,18
4.25,C6_L-Rhamnose,16
4.5,C6_L-Rhamnose,18
4.75,C6_L-Rhamnose,18
5.0,C6_L-Rhamnose,20
5.25,C6_L-Rhamnose,22
5.5,C6_L-Rhamnose,25
5.75,C6_L-Rhamnose,28
6.0,C6_L-Rhamnose,25
6.25,C6_L-Rhamnose,24
6.5,C6_L-Rhamnose,24
6.75,C6_L-Rhamnose,26
7.0,C6_L-Rhamnose,31
7.25,C6_L-Rhamnose,34
7.5,C6_L-Rhamnose,34
7.75,C6_L-Rhamnose,39
8.0,C6_L-Rhamnose,43
8.25,C6_L-Rhamnose,42
8.5,C6_L-Rhamnose,48
8.75,C6_L-Rhamnose,49
9.0,C6_L-Rhamnose,50
9.25,C6_L-Rhamnose,54
9.5,C6_L-Rhamnose,60
9.75,C6_L-Rhamnose,62
10.0,C6_L-Rhamnose,66
10.25,C6_L-Rhamnose,65
10.5,C6_L-Rhamnose,72
10.75,C6_L-Rhamnose,78
11.0,C6_L-Rhamnose,77
11.25,C6_L-Rhamnose,80
11.5,C6_L-Rhamnose,91
11.75,C6_L-Rhamnose,103
12.0,C6_L-Rhamnose,102
12.25,C6_L-Rhamnose,113
12.5,C6_L-Rhamnose,109
12.75,C6_L-Rhamnose,118
13.0,C6_L-Rhamnose,121
13.25,C6_L-Rhamnose,130
13.5,C6_L-Rhamnose,135
13.75,C6_L-Rhamnose,138
14.0,C6_L-Rhamnose,149
14.25,C6_L-Rhamnose,147
14.5,C6_L-Rhamnose,147
14.75,C6_L-Rhamnose,150
15.0,C6_L-Rhamnose,155
15.25,C6_L-Rhamnose,168
15.5,C6_L-Rhamnose,180
15.75,C6_L-Rhamnose,192
16.0,C6_L-Rhamnose,196
16.25,C6_L-Rhamnose,195
16.5,C6_L-Rhamnose,200
16.75,C6_L-Rhamnose,202
17.0,C6_L-Rhamnose,213
17.25,C6_L-Rhamnose,214
17.5,C6_L-Rhamnose,212
17.75,C6_L-Rhamnose,221
18.0,C6_L-Rhamnose,224
18.25,C6_L-Rhamnose,232
18.5,C6_L-Rhamnose,232
18.75,C6_L-Rhamnose,238
19.0,C6_L-Rhamnose,240
19.25,C6_L-Rhamnose,240
19.5,C6_L-Rhamnose,242
19.75,C6_L-Rhamnose,244
20.0,C6_L-Rhamnose,246
20.25,C6_L-Rhamnose,249
20.5,C6_L-Rhamnose,253
20.75,C6_L-Rhamnose,257
21.0,C6_L-Rhamnose,257
21.25,C6_L-Rhamnose,254
21.5,C6_L-Rhamnose,256
21.75,C6_L-Rhamnose,260
22.0,C6_L-Rhamnose,263
22.25,C6_L-Rhamnose,259
22.5,C6_L-Rhamnose,261
22.75,C6_L-Rhamnose,259
23.0,C6_L-Rhamnose,266
23.25,C6_L-Rhamnose,267
23.5,C6_L-Rhamnose,268
23.75,C6_L-Rhamnose,267
24.0,C6_L-Rhamnose,272
24.25,C6_L-Rhamnose,267
24.5,C6_L-Rhamnose,270
24.75,C6_L-Rhamnose,269
25.0,C6_L-Rhamnose,269
25.25,C6_L-Rhamnose,266
25.5,C6_L-Rhamnose,272
25.75,C6_L-Rhamnose,268
26.0,C6_L-Rhamnose,268
26.25,C6_L-Rhamnose,272
26.5,C6_L-Rhamnose,271
26.75,C6_L-Rhamnose,275
27.0,C6_L-Rhamnose,278
27.25,C6_L-Rhamnose,273
27.5,C6_L-Rhamnose,275
27.75,C6_L-Rhamnose,273
28.0,C6_L-Rhamnose,274
28.25,C6_L-Rhamnose,275
28.5,C6_L-Rhamnose,275
28.75,C6_L-Rhamnose,277
29.0,C6_L-Rhamnose,272
29.25,C6_L-Rhamnose,277
29.5,C6_L-Rhamnose,278
29.75,C6_L-Rhamnose,276
30.0,C6_L-Rhamnose,278
30.25,C6_L-Rhamnose,277
30.5,C6_L-Rhamnose,276
30.75,C6_L-Rhamnose,279
31.0,C6_L-Rhamnose,279
31.25,C6_L-Rhamnose,273
31.5,C6_L-Rhamnose,272
31.75,C6_L-Rhamnose,274
32.0,C6_L-Rhamnose,282
32.25,C6_L-Rhamnose,278
32.5,C6_L-Rhamnose,281
32.75,C6_L-Rhamnose,277
33.0,C6_L-Rhamnose,281
33.25,C6_L-Rhamnose,276
33.5,C6_L-Rhamnose,275
33.75,C6_L-Rhamnose,278
34.0,C6_L-Rhamnose,274
34.25,C6_L-Rhamnose,274
34.5,C6_L-Rhamnose,278
34.75,C6_L-Rhamnose,278
35.0,C6_L-Rhamnose,282
35.25,C6_L-Rhamnose,278
35.5,C6_L-Rhamnose,278
35.75,C6_L-Rhamnose,277
36.0,C6_L-Rhamnose,281
36.25,C6_L-Rhamnose,283
36.5,C6_L-Rhamnose,278
36.75,C6_L-Rhamnose,281
37.0,C6_L-Rhamnose,278
37.25,C6_L-Rhamnose,278
37.5,C6_L-Rhamnose,277
37.75,C6_L-Rhamnose,280
38.0,C6_L-Rhamnose,280
38.25,C6_L-Rhamnose,278
38.5,C6_L-Rhamnose,281
38.75,C6_L-Rhamnose,280
39.0,C6_L-Rhamnose,282
39.25,C6_L-Rhamnose,279
39.5,C6_L-Rhamnose,279
39.75,C6_L-Rhamnose,276
40.0,C6_L-Rhamnose,281
40.25,C6_L-Rhamnose,281
40.5,C6_L-Rhamnose,285
40.75,C6_L-Rhamnose,284
41.0,C6_L-Rhamnose,284
41.25,C6_L-Rhamnose,283
41.5,C6_L-Rhamnose,277
41.75,C6_L-Rhamnose,279
42.0,C6_L-Rhamnose,278
42.25,C6_L-Rhamnose,282
42.5,C6_L-Rhamnose,283
42.75,C6_L-Rhamnose,284
43.0,C6_L-Rhamnose,284
43.25,C6_L-Rhamnose,284
43.5,C6_L-Rhamnose,279
43.75,C6_L-Rhamnose,283
44.0,C6_L-Rhamnose,283
44.25,C6_L-Rhamnose,284
44.5,C6_L-Rhamnose,286
44.75,C6_L-Rhamnose,280
45.0,C6_L-Rhamnose,285
45.25,C6_L-Rhamnose,286
45.5,C6_L-Rhamnose,287
45.75,C6_L-Rhamnose,285
46.0,C6_L-Rhamnose,285
46.25,C6_L-Rhamnose,283
46.5,C6_L-Rhamnose,285
46.75,C6_L-Rhamnose,287
47.0,C6_L-Rhamnose,285
47.25,C6_L-Rhamnose,286
47.5,C6_L-Rhamnose,0
0.0,C7_D-Fructose,12
0.25,C7_D-Fructose,11
0.5,C7_D-Fructose,14
0.75,C7_D-Fructose,13
1.0,C7_D-Fructose,12
1.25,C7_D-Fructose,12
1.5,C7_D-Fructose,11
1.75,C7_D-Fructose,14
2.0,C7_D-Fructose,11
2.25,C7_D-Fructose,12
2.5,C7_D-Fructose,11
2.75,C7_D-Fructose,13
3.0,C7_D-Fructose,14
3.25,C7_D-Fructose,14
3.5,C7_D-Fructose,16
3.75,C7_D-Fructose,14
4.0,C7_D-Fructose,16
4.25,C7_D-Fructose,16
4.5,C7_D-Fructose,13
4.75,C7_D-Fructose,14
5.0,C7_D-Fructose,17
5.25,C7_D-Fructose,21
5.5,C7_D-Fructose,14
5.75,C7_D-Fructose,19
6.0,C7_D-Fructose,17
6.25,C7_D-Fructose,21
6.5,C7_D-Fructose,20
6.75,C7_D-Fructose,24
7.0,C7_D-Fructose,25
7.25,C7_D-Fructose,26
7.5,C7_D-Fructose,29
7.75,C7_D-Fructose,34
8.0,C7_D-Fructose,33
8.25,C7_D-Fructose,33
8.5,C7_D-Fructose,34
8.75,C7_D-Fructose,36
9.0,C7_D-Fructose,39
9.25,C7_D-Fructose,41
9.5,C7_D-Fructose,41
9.75,C7_D-Fructose,36
10.0,C7_D-Fructose,37
10.25,C7_D-Fructose,39
10.5,C7_D-Fructose,41
10.75,C7_D-Fructose,39
11.0,C7_D-Fructose,46
11.25,C7_D-Fructose,45
11.5,C7_D-Fructose,47
11.75,C7_D-Fructose,52
12.0,C7_D-Fructose,46
12.25,C7_D-Fructose,53
12.5,C7_D-Fructose,60
12.75,C7_D-Fructose,58
13.0,C7_D-Fructose,59
13.25,C7_D-Fructose,61
13.5,C7_D-Fructose,63
13.75,C7_D-Fructose,63
14.0,C7_D-Fructose,64
14.25,C7_D-Fructose,67
14.5,C7_D-Fructose,71
14.75,C7_D-Fructose,71
15.0,C7_D-Fructose,71
15.25,C7_D-Fructose,77
15.5,C7_D-Fructose,75
15.75,C7_D-Fructose,83
16.0,C7_D-Fructose,84
16.25,C7_D-Fructose,83
16.5,C7_D-Fructose,88
16.75,C7_D-Fructose,92
17.0,C7_D-Fructose,92
17.25,C7_D-Fructose,95
17.5,C7_D-Fructose,95
17.75,C7_D-Fructose,101
18.0,C7_D-Fructose,105
18.25,C7_D-Fructose,105
18.5,C7_D-Fructose,112
18.75,C7_D-Fructose,112
19.0,C7_D-Fructose,116
19.25,C7_D-Fructose,117
19.5,C7_D-Fructose,122
19.75,C7_D-Fructose,126
20.0,C7_D-Fructose,127
20.25,C7_D-Fructose,135
20.5,C7_D-Fructose,136
20.75,C7_D-Fructose,144
21.0,C7_D-Fructose,146
21.25,C7_D-Fructose,147
21.5,C7_D-Fructose,154
21.75,C7_D-Fructose,155
22.0,C7_D-Fructose,164
22.25,C7_D-Fructose,165
22.5,C7_D-Fructose,171
22.75,C7_D-Fructose,171
23.0,C7_D-Fructose,178
23.25,C7_D-Fructose,182
23.5,C7_D-Fructose,182
23.75,C7_D-Fructose,190
24.0,C7_D-Fructose,194
24.25,C7_D-Fructose,195
24.5,C7_D-Fructose,199
24.75,C7_D-Fructose,200
25.0,C7_D-Fructose,205
25.25,C7_D-Fructose,209
25.5,C7_D-Fructose,209
25.75,C7_D-Fructose,213
26.0,C7_D-Fructose,217
26.25,C7_D-Fructose,222
26.5,C7_D-Fructose,221
26.75,C7_D-Fructose,225
27.0,C7_D-Fructose,227
27.25,C7_D-Fructose,230
27.5,C7_D-Fructose,233
27.75,C7_D-Fructose,231
28.0,C7_D-Fructose,236
28.25,C7_D-Fructose,237
28.5,C7_D-Fructose,241
28.75,C7_D-Fructose,240
29.0,C7_D-Fructose,243
29.25,C7_D-Fructose,241
29.5,C7_D-Fructose,247
29.75,C7_D-Fructose,248
30.0,C7_D-Fructose,250
30.25,C7_D-Fructose,247
30.5,C7_D-Fructose,250
30.75,C7_D-Fructose,249
31.0,C7_D-Fructose,253
31.25,C7_D-Fructose,253
31.5,C7_D-Fructose,250
31.75,C7_D-Fructose,252
32.0,C7_D-Fructose,254
32.25,C7_D-Fructose,256
32.5,C7_D-Fructose,259
32.75,C7_D-Fructose,255
33.0,C7_D-Fructose,259
33.25,C7_D-Fructose,258
33.5,C7_D-Fructose,257
33.75,C7_D-Fructose,257
34.0,C7_D-Fructose,255
34.25,C7_D-Fructose,258
34.5,C7_D-Fructose,260
34.75,C7_D-Fructose,261
35.0,C7_D-Fructose,259
35.25,C7_D-Fructose,256
35.5,C7_D-Fructose,264
35.75,C7_D-Fructose,261
36.0,C7_D-Fructose,262
36.25,C7_D-Fructose,264
36.5,C7_D-Fructose,258
36.75,C7_D-Fructose,264
37.0,C7_D-Fructose,261
37.25,C7_D-Fructose,262
37.5,C7_D-Fructose,262
37.75,C7_D-Fructose,265
38.0,C7_D-Fructose,266
38.25,C7_D-Fructose,262
38.5,C7_D-Fructose,263
38.75,C7_D-Fructose,263
39.0,C7_D-Fructose,265
39.25,C7_D-Fructose,266
39.5,C7_D-Fructose,267
39.75,C7_D-Fructose,266
40.0,C7_D-Fructose,264
40.25,C7_D-Fructose,267
40.5,C7_D-Fructose,267
40.75,C7_D-Fructose,269
41.0,C7_D-Fructose,269
41.25,C7_D-Fructose,270
41.5,C7_D-Fructose,267
41.75,C7_D-Fructose,269
42.0,C7_D-Fructose,267
42.25,C7_D-Fructose,272
42.5,C7_D-Fructose,267
42.75,C7_D-Fructose,269
43.0,C7_D-Fructose,272
43.25,C7_D-Fructose,270
43.5,C7_D-Fructose,272
43.75,C7_D-Fructose,269
44.0,C7_D-Fructose,272
44.25,C7_D-Fructose,272
44.5,C7_D-Fructose,271
44.75,C7_D-Fructose,272
45.0,C7_D-Fructose,273
45.25,C7_D-Fructose,273
45.5,C7_D-Fructose,273
45.75,C7_D-Fructose,270
46.0,C7_D-Fructose,276
46.25,C7_D-Fructose,274
46.5,C7_D-Fructose,274
46.75,C7_D-Fructose,272
47.0,C7_D-Fructose,271
47.25,C7_D-Fructose,277
47.5,C7_D-Fructose,0
0.0,C8_Acetic_Acid,18
0.25,C8_Acetic_Acid,15
0.5,C8_Acetic_Acid,14
0.75,C8_Acetic_Acid,15
1.0,C8_Acetic_Acid,11
1.25,C8_Acetic_Acid,15
1.5,C8_Acetic_Acid,11
1.75,C8_Acetic_Acid,14
2.0,C8_Acetic_Acid,15
2.25,C8_Acetic_Acid,16
2.5,C8_Acetic_Acid,18
2.75,C8_Acetic_Acid,18
3.0,C8_Acetic_Acid,20
3.25,C8_Acetic_Acid,15
3.5,C8_Acetic_Acid,17
3.75,C8_Acetic_Acid,15
4.0,C8_Acetic_Acid,14
4.25,C8_Acetic_Acid,15
4.5,C8_Acetic_Acid,17
4.75,C8_Acetic_Acid,19
5.0,C8_Acetic_Acid,19
5.25,C8_Acetic_Acid,19
5.5,C8_Acetic_Acid,18
5.75,C8_Acetic_Acid,22
6.0,C8_Acetic_Acid,17
6.25,C8_Acetic_Acid,20
6.5,C8_Acetic_Acid,26
6.75,C8_Acetic_Acid,21
7.0,C8_Acetic_Acid,29
7.25,C8_Acetic_Acid,28
7.5,C8_Acetic_Acid,27
7.75,C8_Acetic_Acid,27
8.0,C8_Acetic_Acid,31
8.25,C8_Acetic_Acid,32
8.5,C8_Acetic_Acid,34
8.75,C8_Acetic_Acid,34
9.0,C8_Acetic_Acid,35
9.25,C8_Acetic_Acid,35
9.5,C8_Acetic_Acid,38
9.75,C8_Acetic_Acid,36
10.0,C8_Acetic_Acid,40
10.25,C8_Acetic_Acid,40
10.5,C8_Acetic_Acid,44
10.75,C8_Acetic_Acid,44
11.0,C8_Acetic_Acid,45
11.25,C8_Acetic_Acid,50
11.5,C8_Acetic_Acid,50
11.75,C8_Acetic_Acid,51
12.0,C8_Acetic_Acid,53
12.25,C8_Acetic_Acid,54
12.5,C8_Acetic_Acid,62
12.75,C8_Acetic_Acid,61
13.0,C8_Acetic_Acid,67
13.25,C8_Acetic_Acid,72
13.5,C8_Acetic_Acid,70
13.75,C8_Acetic_Acid,74
14.0,C8_Acetic_Acid,79
14.25,C8_Acetic_Acid,78
14.5,C8_Acetic_Acid,84
14.75,C8_Acetic_Acid,86
15.0,C8_Acetic_Acid,88
15.25,C8_Acetic_Acid,91
15.5,C8_Acetic_Acid,90
15.75,C8_Acetic_Acid,99
16.0,C8_Acetic_Acid,105
16.25,C8_Acetic_Acid,107
16.5,C8_Acetic_Acid,108
16.75,C8_Acetic_Acid,111
17.0,C8_Acetic_Acid,116
17.25,C8_Acetic_Acid,119
17.5,C8_Acetic_Acid,124
17.75,C8_Acetic_Acid,129
18.0,C8_Acetic_Acid,131
18.25,C8_Acetic_Acid,137
18.5,C8_Acetic_Acid,139
18.75,C8_Acetic_Acid,145
19.0,C8_Acetic_Acid,151
19.25,C8_Acetic_Acid,152
19.5,C8_Acetic_Acid,155
19.75,C8_Acetic_Acid,155
20.0,C8_Acetic_Acid,160
20.25,C8_Acetic_Acid,167
20.5,C8_Acetic_Acid,169
20.75,C8_Acetic_Acid,176
21.0,C8_Acetic_Acid,177
21.25,C8_Acetic_Acid,183
21.5,C8_Acetic_Acid,187
21.75,C8_Acetic_Acid,188
22.0,C8_Acetic_Acid,193
22.25,C8_Acetic_Acid,195
22.5,C8_Acetic_Acid,193
22.75,C8_Acetic_Acid,197
23.0,C8_Acetic_Acid,204
23.25,C8_Acetic_Acid,208
23.5,C8_Acetic_Acid,212
23.75,C8_Acetic_Acid,215
24.0,C8_Acetic_Acid,217
24.25,C8_Acetic_Acid,218
24.5,C8_Acetic_Acid,220
24.75,C8_Acetic_Acid,221
25.0,C8_Acetic_Acid,225
25.25,C8_Acetic_Acid,224
25.5,C8_Acetic_Acid,226
25.75,C8_Acetic_Acid,229
26.0,C8_Acetic_Acid,231
26.25,C8_Acetic_Acid,234
26.5,C8_Acetic_Acid,227
26.75,C8_Acetic_Acid,231
27.0,C8_Acetic_Acid,226
27.25,C8_Acetic_Acid,231
27.5,C8_Acetic_Acid,230
27.75,C8_Acetic_Acid,220
28.0,C8_Acetic_Acid,224
28.25,C8_Acetic_Acid,224
28.5,C8_Acetic_Acid,223
28.75,C8_Acetic_Acid,226
29.0,C8_Acetic_Acid,219
29.25,C8_Acetic_Acid,224
29.5,C8_Acetic_Acid,225
29.75,C8_Acetic_Acid,221
30.0,C8_Acetic_Acid,222
30.25,C8_Acetic_Acid,220
30.5,C8_Acetic_Acid,221
30.75,C8_Acetic_Acid,220
31.0,C8_Acetic_Acid,218
31.25,C8_Acetic_Acid,218
31.5,C8_Acetic_Acid,213
31.75,C8_Acetic_Acid,218
32.0,C8_Acetic_Acid,220
32.25,C8_Acetic_Acid,217
32.5,C8_Acetic_Acid,220
32.75,C8_Acetic_Acid,218
33.0,C8_Acetic_Acid,221
33.25,C8_Acetic_Acid,218
33.5,C8_Acetic_Acid,219
33.75,C8_Acetic_Acid,220
34.0,C8_Acetic_Acid,216
34.25,C8_Acetic_Acid,220
34.5,C8_Acetic_Acid,215
34.75,C8_Acetic_Acid,217
35.0,C8_Acetic_Acid,223
35.25,C8_Acetic_Acid,215
35.5,C8_Acetic_Acid,220
35.75,C8_Acetic_Acid,219
36.0,C8_Acetic_Acid,219
36.25,C8_Acetic_Acid,219
36.5,C8_Acetic_Acid,212
36.75,C8_Acetic_Acid,218
37.0,C8_Acetic_Acid,215
37.25,C8_Acetic_Acid,216
37.5,C8_Acetic_Acid,213
37.75,C8_Acetic_Acid,214
38.0,C8_Acetic_Acid,214
38.25,C8_Acetic_Acid,214
38.5,C8_Acetic_Acid,212
38.75,C8_Acetic_Acid,217
39.0,C8_Acetic_Acid,219
39.25,C8_Acetic_Acid,215
39.5,C8_Acetic_Acid,215
39.75,C8_Acetic_Acid,215
40.0,C8_Acetic_Acid,217
40.25,C8_Acetic_Acid,213
40.5,C8_Acetic_Acid,216
40.75,C8_Acetic_Acid,214
41.0,C8_Acetic_Acid,214
41.25,C8_Acetic_Acid,215
41.5,C8_Acetic_Acid,214
41.75,C8_Acetic_Acid,216
42.0,C8_Acetic_Acid,213
42.25,C8_Acetic_Acid,211
42.5,C8_Acetic_Acid,215
42.75,C8_Acetic_Acid,212
43.0,C8_Acetic_Acid,214
43.25,C8_Acetic_Acid,213
43.5,C8_Acetic_Acid,209
43.75,C8_Acetic_Acid,211
44.0,C8_Acetic_Acid,216
44.25,C8_Acetic_Acid,214
44.5,C8_Acetic_Acid,211
44.75,C8_Acetic_Acid,214
45.0,C8_Acetic_Acid,210
45.25,C8_Acetic_Acid,212
45.5,C8_Acetic_Acid,210
45.75,C8_Acetic_Acid,211
46.0,C8_Acetic_Acid,214
46.25,C8_Acetic_Acid,211
46.5,C8_Acetic_Acid,214
46.75,C8_Acetic_Acid,213
47.0,C8_Acetic_Acid,216
47.25,C8_Acetic_Acid,218
47.5,C8_Acetic_Acid,0
0.0,C9_a-D-Glucose,14
0.25,C9_a-D-Glucose,14
0.5,C9_a-D-Glucose,12
0.75,C9_a-D-Glucose,19
1.0,C9_a-D-Glucose,13
1.25,C9_a-D-Glucose,17
1.5,C9_a-D-Glucose,16
1.75,C9_a-D-Glucose,16
2.0,C9_a-D-Glucose,14
2.25,C9_a-D-Glucose,17
2.5,C9_a-D-Glucose,12
2.75,C9_a-D-Glucose,16
3.0,C9_a-D-Glucose,14
3.25,C9_a-D-Glucose,14
3.5,C9_a-D-Glucose,17
3.75,C9_a-D-Glucose,14
4.0,C9_a-D-Glucose,17
4.25,C9_a-D-Glucose,18
4.5,C9_a-D-Glucose,17
4.75,C9_a-D-Glucose,18
5.0,C9_a-D-Glucose,19
5.25,C9_a-D-Glucose,22
5.5,C9_a-D-Glucose,22
5.75,C9_a-D-Glucose,18
6.0,C9_a-D-Glucose,24
6.25,C9_a-D-Glucose,25
6.5,C9_a-D-Glucose,23
6.75,C9_a-D-Glucose,26
7.0,C9_a-D-Glucose,27
7.25,C9_a-D-Glucose,27
7.5,C9_a-D-Glucose,30
7.75,C9_a-D-Glucose,36
8.0,C9_a-D-Glucose,37
8.25,C9_a-D-Glucose,36
8.5,C9_a-D-Glucose,38
8.75,C9_a-D-Glucose,42
9.0,C9_a-D-Glucose,47
9.25,C9_a-D-Glucose,48
9.5,C9_a-D-Glucose,48
9.75,C9_a-D-Glucose,50
10.0,C9_a-D-Glucose,57
10.25,C9_a-D-Glucose,63
10.5,C9_a-D-Glucose,67
10.75,C9_a-D-Glucose,70
11.0,C9_a-D-Glucose,75
11.25,C9_a-D-Glucose,82
11.5,C9_a-D-Glucose,85
11.75,C9_a-D-Glucose,88
12.0,C9_a-D-Glucose,97
12.25,C9_a-D-Glucose,99
12.5,C9_a-D-Glucose,94
12.75,C9_a-D-Glucose,96
13.0,C9_a-D-Glucose,108
13.25,C9_a-D-Glucose,109
13.5,C9_a-D-Glucose,117
13.75,C9_a-D-Glucose,121
14.0,C9_a-D-Glucose,130
14.25,C9_a-D-Glucose,145
14.5,C9_a-D-Glucose,147
14.75,C9_a-D-Glucose,152
15.0,C9_a-D-Glucose,148
15.25,C9_a-D-Glucose,158
15.5,C9_a-D-Glucose,162
15.75,C9_a-D-Glucose,164
16.0,C9_a-D-Glucose,168
16.25,C9_a-D-Glucose,162
16.5,C9_a-D-Glucose,180
16.75,C9_a-D-Glucose,187
17.0,C9_a-D-Glucose,189
17.25,C9_a-D-Glucose,187
17.5,C9_a-D-Glucose,193
17.75,C9_a-D-Glucose,199
18.0,C9_a-D-Glucose,203
18.25,C9_a-D-Glucose,203
18.5,C9_a-D-Glucose,205
18.75,C9_a-D-Glucose,210
19.0,C9_a-D-Glucose,218
19.25,C9_a-D-Glucose,218
19.5,C9_a-D-Glucose,223
19.75,C9_a-D-Glucose,222
20.0,C9_a-D-Glucose,229
20.25,C9_a-D-Glucose,234
20.5,C9_a-D-Glucose,229
20.75,C9_a-D-Glucose,233
21.0,C9_a-D-Glucose,234
21.25,C9_a-D-Glucose,236
21.5,C9_a-D-Glucose,245
21.75,C9_a-D-Glucose,240
22.0,C9_a-D-Glucose,243
22.25,C9_a-D-Glucose,244
22.5,C9_a-D-Glucose,243
22.75,C9_a-D-Glucose,244
23.0,C9_a-D-Glucose,245
23.25,C9_a-D-Glucose,250
23.5,C9_a-D-Glucose,251
23.75,C9_a-D-Glucose,249
24.0,C9_a-D-Glucose,249
24.25,C9_a-D-Glucose,250
24.5,C9_a-D-Glucose,253
24.75,C9_a-D-Glucose,255
25.0,C9_a-D-Glucose,260
25.25,C9_a-D-Glucose,260
25.5,C9_a-D-Glucose,263
25.75,C9_a-D-Glucose,262
26.0,C9_a-D-Glucose,261
26.25,C9_a-D-Glucose,263
26.5,C9_a-D-Glucose,264
26.75,C9_a-D-Glucose,269
27.0,C9_a-D-Glucose,271
27.25,C9_a-D-Glucose,267
27.5,C9_a-D-Glucose,271
27.75,C9_a-D-Glucose,266
28.0,C9_a-D-Glucose,265
28.25,C9_a-D-Glucose,267
28.5,C9_a-D-Glucose,264
28.75,C9_a-D-Glucose,268
29.0,C9_a-D-Glucose,266
29.25,C9_a-D-Glucose,269
29.5,C9_a-D-Glucose,271
29.75,C9_a-D-Glucose,270
30.0,C9_a-D-Glucose,268
30.25,C9_a-D-Glucose,268
30.5,C9_a-D-Glucose,271
30.75,C9_a-D-Glucose,269
31.0,C9_a-D-Glucose,271
31.25,C9_a-D-Glucose,271
31.5,C9_a-D-Glucose,274
31.75,C9_a-D-Glucose,270
32.0,C9_a-D-Glucose,272
32.25,C9_a-D-Glucose,271
32.5,C9_a-D-Glucose,272
32.75,C9_a-D-Glucose,272
33.0,C9_a-D-Glucose,274
33.25,C9_a-D-Glucose,275
33.5,C9_a-D-Glucose,275
33.75,C9_a-D-Glucose,268
34.0,C9_a-D-Glucose,268
34.25,C9_a-D-Glucose,267
34.5,C9_a-D-Glucose,268
34.75,C9_a-D-Glucose,272
35.0,C9_a-D-Glucose,271
35.25,C9_a-D-Glucose,269
35.5,C9_a-D-Glucose,268
35.75,C9_a-D-Glucose,271
36.0,C9_a-D-Glucose,272
36.25,C9_a-D-Glucose,270
36.5,C9_a-D-Glucose,271
36.75,C9_a-D-Glucose,270
37.0,C9_a-D-Glucose,273
37.25,C9_a-D-Glucose,269
37.5,C9_a-D-Glucose,274
37.75,C9_a-D-Glucose,268
38.0,C9_a-D-Glucose,273
38.25,C9_a-D-Glucose,271
38.5,C9_a-D-Glucose,272
38.75,C9_a-D-Glucose,269
39.0,C9_a-D-Glucose,272
39.25,C9_a-D-Glucose,273
39.5,C9_a-D-Glucose,276
39.75,C9_a-D-Glucose,279
40.0,C9_a-D-Glucose,276
40.25,C9_a-D-Glucose,271
40.5,C9_a-D-Glucose,273
40.75,C9_a-D-Glucose,277
41.0,C9_a-D-Glucose,280
41.25,C9_a-D-Glucose,278
41.5,C9_a-D-Glucose,275
41.75,C9_a-D-Glucose,277
42.0,C9_a-D-Glucose,277
42.25,C9_a-D-Glucose,277
42.5,C9_a-D-Glucose,277
42.75,C9_a-D-Glucose,275
43.0,C9_a-D-Glucose,275
43.25,C9_a-D-Glucose,278
43.5,C9_a-D-Glucose,278
43.75,C9_a-D-Glucose,277
44.0,C9_a-D-Glucose,277
44.25,C9_a-D-Glucose,279
44.5,C9_a-D-Glucose,277
44.75,C9_a-D-Glucose,272
45.0,C9_a-D-Glucose,278
45.25,C9_a-D-Glucose,276
45.5,C9_a-D-Glucose,276
45.75,C9_a-D-Glucose,282
46.0,C9_a-D-Glucose,275
46.25,C9_a-D-Glucose,272
46.5,C9_a-D-Glucose,276
46.75,C9_a-D-Glucose,277
47.0,C9_a-D-Glucose,276
47.25,C9_a-D-Glucose,277
47.5,C9_a-D-Glucose,0
0.0,C10_Maltose,28
0.25,C10_Maltose,19
0.5,C10_Maltose,35
0.75,C10_Maltose,21
1.0,C10_Maltose,17
1.25,C10_Maltose,14
1.5,C10_Maltose,17
1.75,C10_Maltose,13
2.0,C10_Maltose,17
2.25,C10_Maltose,17
2.5,C10_Maltose,14
2.75,C10_Maltose,15
3.0,C10_Maltose,13
3.25,C10_Maltose,11
3.5,C10_Maltose,14
3.75,C10_Maltose,16
4.0,C10_Maltose,14
4.25,C10_Maltose,14
4.5,C10_Maltose,17
4.75,C10_Maltose,16
5.0,C10_Maltose,20
5.25,C10_Maltose,21
5.5,C10_Maltose,18
5.75,C10_Maltose,18
6.0,C10_Maltose,20
6.25,C10_Maltose,20
6.5,C10_Maltose,23
6.75,C10_Maltose,25
7.0,C10_Maltose,24
7.25,C10_Maltose,26
7.5,C10_Maltose,28
7.75,C10_Maltose,26
8.0,C10_Maltose,30
8.25,C10_Maltose,29
8.5,C10_Maltose,34
8.75,C10_Maltose,34
9.0,C10_Maltose,31
9.25,C10_Maltose,34
9.5,C10_Maltose,37
9.75,C10_Maltose,33
10.0,C10_Maltose,33
10.25,C10_Maltose,31
10.5,C10_Maltose,37
10.75,C10_Maltose,33
11.0,C10_Maltose,35
11.25,C10_Maltose,33
11.5,C10_Maltose,35
11.75,C10_Maltose,38
12.0,C10_Maltose,36
12.25,C10_Maltose,34
12.5,C10_Maltose,35
12.75,C10_Maltose,34
13.0,C10_Maltose,31
13.25,C10_Maltose,35
13.5,C10_Maltose,37
13.75,C10_Maltose,38
14.0,C10_Maltose,37
14.25,C10_Maltose,42
14.5,C10_Maltose,38
14.75,C10_Maltose,42
15.0,C10_Maltose,37
15.25,C10_Maltose,37
15.5,C10_Maltose,39
15.75,C10_Maltose,46
16.0,C10_Maltose,42
16.25,C10_Maltose,39
16.5,C10_Maltose,43
16.75,C10_Maltose,42
17.0,C10_Maltose,46
17.25,C10_Maltose,48
17.5,C10_Maltose,47
17.75,C10_Maltose,46
18.0,C10_Maltose,50
18.25,C10_Maltose,47
18.5,C10_Maltose,47
18.75,C10_Maltose,49
19.0,C10_Maltose,54
19.25,C10_Maltose,51
19.5,C10_Maltose,51
19.75,C10_Maltose,53
20.0,C10_Maltose,59
20.25,C10_Maltose,53
20.5,C10_Maltose,59
20.75,C10_Maltose,66
21.0,C10_Maltose,69
21.25,C10_Maltose,66
21.5,C10_Maltose,78
21.75,C10_Maltose,80
22.0,C10_Maltose,89
22.25,C10_Maltose,95
22.5,C10_Maltose,98
22.75,C10_Maltose,100
23.0,C10_Maltose,108
23.25,C10_Maltose,112
23.5,C10_Maltose,114
23.75,C10_Maltose,123
24.0,C10_Maltose,129
24.25,C10_Maltose,128
24.5,C10_Maltose,134
24.75,C10_Maltose,136
25.0,C10_Maltose,144
25.25,C10_Maltose,142
25.5,C10_Maltose,150
25.75,C10_Maltose,152
26.0,C10_Maltose,153
26.25,C10_Maltose,160
26.5,C10_Maltose,161
26.75,C10_Maltose,167
27.0,C10_Maltose,173
27.25,C10_Maltose,173
27.5,C10_Maltose,176
27.75,C10_Maltose,176
28.0,C10_Maltose,179
28.25,C10_Maltose,187
28.5,C10_Maltose,191
28.75,C10_Maltose,192
29.0,C10_Maltose,191
29.25,C10_Maltose,196
29.5,C10_Maltose,199
29.75,C10_Maltose,201
30.0,C10_Maltose,205
30.25,C10_Maltose,202
30.5,C10_Maltose,203
30.75,C10_Maltose,209
31.0,C10_Maltose,210
31.25,C10_Maltose,213
31.5,C10_Maltose,214
31.75,C10_Maltose,215
32.0,C10_Maltose,220
32.25,C10_Maltose,221
32.5,C10_Maltose,221
32.75,C10_Maltose,223
33.0,C10_Maltose,227
33.25,C10_Maltose,226
33.5,C10_Maltose,227
33.75,C10_Maltose,228
34.0,C10_Maltose,228
34.25,C10_Maltose,230
34.5,C10_Maltose,226
34.75,C10_Maltose,228
35.0,C10_Maltose,229
35.25,C10_Maltose,231
35.5,C10_Maltose,231
35.75,C10_Maltose,232
36.0,C10_Maltose,235
36.25,C10_Maltose,236
36.5,C10_Maltose,232
36.75,C10_Maltose,236
37.0,C10_Maltose,234
37.25,C10_Maltose,238
37.5,C10_Maltose,234
37.75,C10_Maltose,241
38.0,C10_Maltose,244
38.25,C10_Maltose,238
38.5,C10_Maltose,241
38.75,C10_Maltose,241
39.0,C10_Maltose,244
39.25,C10_Maltose,246
39.5,C10_Maltose,243
39.75,C10_Maltose,245
40.0,C10_Maltose,243
40.25,C10_Maltose,246
40.5,C10_Maltose,247
40.75,C10_Maltose,249
41.0,C10_Maltose,247
41.25,C10_Maltose,246
41.5,C10_Maltose,244
41.75,C10_Maltose,246
42.0,C10_Maltose,246
42.25,C10_Maltose,246
42.5,C10_Maltose,245
42.75,C10_Maltose,246
43.0,C10_Maltose,247
43.25,C10_Maltose,245
43.5,C10_Maltose,245
43.75,C10_Maltose,249
44.0,C10_Maltose,247
44.25,C10_Maltose,246
44.5,C10_Maltose,251
44.75,C10_Maltose,248
45.0,C10_Maltose,248
45.25,C10_Maltose,250
45.5,C10_Maltose,248
45.75,C10_Maltose,248
46.0,C10_Maltose,247
46.25,C10_Maltose,246
46.5,C10_Maltose,251
46.75,C10_Maltose,248
47.0,C10_Maltose,248
47.25,C10_Maltose,250
47.5,C10_Maltose,0
0.0,C11_D-Melibiose,52
0.25,C11_D-Melibiose,23
0.5,C11_D-Melibiose,17
0.75,C11_D-Melibiose,19
1.0,C11_D-Melibiose,16
1.25,C11_D-Melibiose,18
1.5,C11_D-Melibiose,20
1.75,C11_D-Melibiose,14
2.0,C11_D-Melibiose,17
2.25,C11_D-Melibiose,19
2.5,C11_D-Melibiose,15
2.75,C11_D-Melibiose,16
3.0,C11_D-Melibiose,17
3.25,C11_D-Melibiose,18
3.5,C11_D-Melibiose,15
3.75,C11_D-Melibiose,17
4.0,C11_D-Melibiose,13
4.25,C11_D-Melibiose,15
4.5,C11_D-Melibiose,18
4.75,C11_D-Melibiose,19
5.0,C11_D-Melibiose,22
5.25,C11_D-Melibiose,22
5.5,C11_D-Melibiose,20
5.75,C11_D-Melibiose,19
6.0,C11_D-Melibiose,18
6.25,C11_D-Melibiose,21
6.5,C11_D-Melibiose,21
6.75,C11_D-Melibiose,19
7.0,C11_D-Melibiose,22
7.25,C11_D-Melibiose,23
7.5,C11_D-Melibiose,24
7.75,C11_D-Melibiose,30
8.0,C11_D-Melibiose,28
8.25,C11_D-Melibiose,31
8.5,C11_D-Melibiose,30
8.75,C11_D-Melibiose,24
9.0,C11_D-Melibiose,26
9.25,C11_D-Melibiose,22
9.5,C11_D-Melibiose,29
9.75,C11_D-Melibiose,28
10.0,C11_D-Melibiose,26
10.25,C11_D-Melibiose,25
10.5,C11_D-Melibiose,27
10.75,C11_D-Melibiose,27
11.0,C11_D-Melibiose,29
11.25,C11_D-Melibiose,29
11.5,C11_D-Melibiose,30
11.75,C11_D-Melibiose,32
12.0,C11_D-Melibiose,31
12.25,C11_D-Melibiose,27
12.5,C11_D-Melibiose,34
12.75,C11_D-Melibiose,34
13.0,C11_D-Melibiose,31
13.25,C11_D-Melibiose,31
13.5,C11_D-Melibiose,33
13.75,C11_D-Melibiose,29
14.0,C11_D-Melibiose,28
14.25,C11_D-Melibiose,34
14.5,C11_D-Melibiose,32
14.75,C11_D-Melibiose,35
15.0,C11_D-Melibiose,35
15.25,C11_D-Melibiose,30
15.5,C11_D-Melibiose,37
15.75,C11_D-Melibiose,30
16.0,C11_D-Melibiose,32
16.25,C11_D-Melibiose,32
16.5,C11_D-Melibiose,33
16.75,C11_D-Melibiose,35
17.0,C11_D-Melibiose,36
17.25,C11_D-Melibiose,39
17.5,C11_D-Melibiose,35
17.75,C11_D-Melibiose,33
18.0,C11_D-Melibiose,35
18.25,C11_D-Melibiose,36
18.5,C11_D-Melibiose,36
18.75,C11_D-Melibiose,38
19.0,C11_D-Melibiose,36
19.25,C11_D-Melibiose,39
19.5,C11_D-Melibiose,37
19.75,C11_D-Melibiose,39
20.0,C11_D-Melibiose,36
20.25,C11_D-Melibiose,37
20.5,C11_D-Melibiose,39
20.75,C11_D-Melibiose,38
21.0,C11_D-Melibiose,35
21.25,C11_D-Melibiose,37
21.5,C11_D-Melibiose,37
21.75,C11_D-Melibiose,40
22.0,C11_D-Melibiose,39
22.25,C11_D-Melibiose,38
22.5,C11_D-Melibiose,38
22.75,C11_D-Melibiose,34
23.0,C11_D-Melibiose,39
23.25,C11_D-Melibiose,38
23.5,C11_D-Melibiose,38
23.75,C11_D-Melibiose,37
24.0,C11_D-Melibiose,38
24.25,C11_D-Melibiose,35
24.5,C11_D-Melibiose,39
24.75,C11_D-Melibiose,40
25.0,C11_D-Melibiose,38
25.25,C11_D-Melibiose,38
25.5,C11_D-Melibiose,37
25.75,C11_D-Melibiose,41
26.0,C11_D-Melibiose,40
26.25,C11_D-Melibiose,45
26.5,C11_D-Melibiose,39
26.75,C11_D-Melibiose,39
27.0,C11_D-Melibiose,43
27.25,C11_D-Melibiose,40
27.5,C11_D-Melibiose,43
27.75,C11_D-Melibiose,42
28.0,C11_D-Melibiose,43
28.25,C11_D-Melibiose,43
28.5,C11_D-Melibiose,41
28.75,C11_D-Melibiose,39
29.0,C11_D-Melibiose,42
29.25,C11_D-Melibiose,43
29.5,C11_D-Melibiose,41
29.75,C11_D-Melibiose,43
30.0,C11_D-Melibiose,39
30.25,C11_D-Melibiose,41
30.5,C11_D-Melibiose,42
30.75,C11_D-Melibiose,42
31.0,C11_D-Melibiose,40
31.25,C11_D-Melibiose,43
31.5,C11_D-Melibiose,44
31.75,C11_D-Melibiose,47
32.0,C11_D-Melibiose,45
32.25,C11_D-Melibiose,43
32.5,C11_D-Melibiose,41
32.75,C11_D-Melibiose,41
33.0,C11_D-Melibiose,44
33.25,C11_D-Melibiose,42
33.5,C11_D-Melibiose,43
33.75,C11_D-Melibiose,45
34.0,C11_D-Melibiose,41
34.25,C11_D-Melibiose,42
34.5,C11_D-Melibiose,45
34.75,C11_D-Melibiose,46
35.0,C11_D-Melibiose,44
35.25,C11_D-Melibiose,47
35.5,C11_D-Melibiose,43
35.75,C11_D-Melibiose,48
36.0,C11_D-Melibiose,46
36.25,C11_D-Melibiose,44
36.5,C11_D-Melibiose,42
36.75,C11_D-Melibiose,42
37.0,C11_D-Melibiose,46
37.25,C11_D-Melibiose,46
37.5,C11_D-Melibiose,43
37.75,C11_D-Melibiose,47
38.0,C11_D-Melibiose,44
38.25,C11_D-Melibiose,46
38.5,C11_D-Melibiose,47
38.75,C11_D-Melibiose,46
39.0,C11_D-Melibiose,44
39.25,C11_D-Melibiose,42
39.5,C11_D-Melibiose,47
39.75,C11_D-Melibiose,44
40.0,C11_D-Melibiose,45
40.25,C11_D-Melibiose,47
40.5,C11_D-Melibiose,47
40.75,C11_D-Melibiose,50
41.0,C11_D-Melibiose,47
41.25,C11_D-Melibiose,46
41.5,C11_D-Melibiose,46
41.75,C11_D-Melibiose,43
42.0,C11_D-Melibiose,41
42.25,C11_D-Melibiose,43
42.5,C11_D-Melibiose,45
42.75,C11_D-Melibiose,47
43.0,C11_D-Melibiose,50
43.25,C11_D-Melibiose,45
43.5,C11_D-Melibiose,47
43.75,C11_D-Melibiose,47
44.0,C11_D-Melibiose,53
44.25,C11_D-Melibiose,48
44.5,C11_D-Melibiose,48
44.75,C11_D-Melibiose,46
45.0,C11_D-Melibiose,47
45.25,C11_D-Melibiose,47
45.5,C11_D-Melibiose,45
45.75,C11_D-Melibiose,47
46.0,C11_D-Melibiose,52
46.25,C11_D-Melibiose,50
46.5,C11_D-Melibiose,50
46.75,C11_D-Melibiose,47
47.0,C11_D-Melibiose,45
47.25,C11_D-Melibiose,46
47.5,C11_D-Melibiose,0
0.0,C12_Thymidine,22
0.25,C12_Thymidine,23
0.5,C12_Thymidine,25
0.75,C12_Thymidine,28
1.0,C12_Thymidine,22
1.25,C12_Thymidine,22
1.5,C12_Thymidine,27
1.75,C12_Thymidine,24
2.0,C12_Thymidine,20
2.25,C12_Thymidine,24
2.5,C12_Thymidine,24
2.75,C12_Thymidine,23
3.0,C12_Thymidine,24
3.25,C12_Thymidine,25
3.5,C12_Thymidine,22
3.75,C12_Thymidine,27
4.0,C12_Thymidine,23
4.25,C12_Thymidine,25
4.5,C12_Thymidine,26
4.75,C12_Thymidine,29
5.0,C12_Thymidine,25
5.25,C12_Thymidine,27
5.5,C12_Thymidine,28
5.75,C12_Thymidine,31
6.0,C12_Thymidine,32
6.25,C12_Thymidine,32
6.5,C12_Thymidine,31
6.75,C12_Thymidine,34
7.0,C12_Thymidine,38
7.25,C12_Thymidine,33
7.5,C12_Thymidine,37
7.75,C12_Thymidine,41
8.0,C12_Thymidine,43
8.25,C12_Thymidine,39
8.5,C12_Thymidine,42
8.75,C12_Thymidine,38
9.0,C12_Thymidine,42
9.25,C12_Thymidine,43
9.5,C12_Thymidine,40
9.75,C12_Thymidine,34
10.0,C12_Thymidine,44
10.25,C12_Thymidine,45
10.5,C12_Thymidine,44
10.75,C12_Thymidine,45
11.0,C12_Thymidine,43
11.25,C12_Thymidine,44
11.5,C12_Thymidine,44
11.75,C12_Thymidine,41
12.0,C12_Thymidine,48
12.25,C12_Thymidine,48
12.5,C12_Thymidine,47
12.75,C12_Thymidine,50
13.0,C12_Thymidine,45
13.25,C12_Thymidine,49
13.5,C12_Thymidine,48
13.75,C12_Thymidine,43
14.0,C12_Thymidine,47
14.25,C12_Thymidine,50
14.5,C12_Thymidine,48
14.75,C12_Thymidine,52
15.0,C12_Thymidine,52
15.25,C12_Thymidine,49
15.5,C12_Thymidine,53
15.75,C12_Thymidine,55
16.0,C12_Thymidine,53
16.25,C12_Thymidine,49
16.5,C12_Thymidine,52
16.75,C12_Thymidine,52
17.0,C12_Thymidine,57
17.25,C12_Thymidine,58
17.5,C12_Thymidine,54
17.75,C12_Thymidine,60
18.0,C12_Thymidine,58
18.25,C12_Thymidine,56
18.5,C12_Thymidine,55
18.75,C12_Thymidine,59
19.0,C12_Thymidine,57
19.25,C12_Thymidine,60
19.5,C12_Thymidine,57
19.75,C12_Thymidine,59
20.0,C12_Thymidine,55
20.25,C12_Thymidine,58
20.5,C12_Thymidine,63
20.75,C12_Thymidine,62
21.0,C12_Thymidine,59
21.25,C12_Thymidine,59
21.5,C12_Thymidine,59
21.75,C12_Thymidine,55
22.0,C12_Thymidine,64
22.25,C12_Thymidine,63
22.5,C12_Thymidine,60
22.75,C12_Thymidine,57
23.0,C12_Thymidine,61
23.25,C12_Thymidine,59
23.5,C12_Thymidine,61
23.75,C12_Thymidine,63
24.0,C12_Thymidine,62
24.25,C12_Thymidine,61
24.5,C12_Thymidine,61
24.75,C12_Thymidine,62
25.0,C12_Thymidine,65
25.25,C12_Thymidine,61
25.5,C12_Thymidine,63
25.75,C12_Thymidine,64
26.0,C12_Thymidine,64
26.25,C12_Thymidine,64
26.5,C12_Thymidine,63
26.75,C12_Thymidine,63
27.0,C12_Thymidine,67
27.25,C12_Thymidine,64
27.5,C12_Thymidine,64
27.75,C12_Thymidine,64
28.0,C12_Thymidine,63
28.25,C12_Thymidine,65
28.5,C12_Thymidine,68
28.75,C12_Thymidine,64
29.0,C12_Thymidine,65
29.25,C12_Thymidine,65
29.5,C12_Thymidine,68
29.75,C12_Thymidine,68
30.0,C12_Thymidine,68
30.25,C12_Thymidine,62
30.5,C12_Thymidine,66
30.75,C12_Thymidine,69
31.0,C12_Thymidine,67
31.25,C12_Thymidine,64
31.5,C12_Thymidine,63
31.75,C12_Thymidine,64
32.0,C12_Thymidine,69
32.25,C12_Thymidine,66
32.5,C12_Thymidine,64
32.75,C12_Thymidine,65
33.0,C12_Thymidine,66
33.25,C12_Thymidine,66
33.5,C12_Thymidine,66
33.75,C12_Thymidine,66
34.0,C12_Thymidine,65
34.25,C12_Thymidine,63
34.5,C12_Thymidine,66
34.75,C12_Thymidine,68
35.0,C12_Thymidine,65
35.25,C12_Thymidine,61
35.5,C12_Thymidine,65
35.75,C12_Thymidine,68
36.0,C12_Thymidine,67
36.25,C12_Thymidine,64
36.5,C12_Thymidine,63
36.75,C12_Thymidine,62
37.0,C12_Thymidine,64
37.25,C12_Thymidine,62
37.5,C12_Thymidine,61
37.75,C12_Thymidine,69
38.0,C12_Thymidine,68
38.25,C12_Thymidine,63
38.5,C12_Thymidine,65
38.75,C12_Thymidine,60
39.0,C12_Thymidine,65
39.25,C12_Thymidine,65
39.5,C12_Thymidine,66
39.75,C12_Thymidine,66
40.0,C12_Thymidine,64
40.25,C12_Thymidine,66
40.5,C12_Thymidine,66
40.75,C12_Thymidine,63
41.0,C12_Thymidine,66
41.25,C12_Thymidine,68
41.5,C12_Thymidine,63
41.75,C12_Thymidine,64
42.0,C12_Thymidine,66
42.25,C12_Thymidine,67
42.5,C12_Thymidine,63
42.75,C12_Thymidine,65
43.0,C12_Thymidine,67
43.25,C12_Thymidine,63
43.5,C12_Thymidine,63
43.75,C12_Thymidine,67
44.0,C12_Thymidine,70
44.25,C12_Thymidine,65
44.5,C12_Thymidine,64
44.75,C12_Thymidine,62
45.0,C12_Thymidine,65
45.25,C12_Thymidine,68
45.5,C12_Thymidine,66
45.75,C12_Thymidine,66
46.0,C12_Thymidine,69
46.25,C12_Thymidine,69
46.5,C12_Thymidine,66
46.75,C12_Thymidine,64
47.0,C12_Thymidine,63
47.25,C12_Thymidine,68
47.5,C12_Thymidine,0
0.0,D-1_L-Asparagine,17
0.25,D-1_L-Asparagine,16
0.5,D-1_L-Asparagine,20
0.75,D-1_L-Asparagine,19
1.0,D-1_L-Asparagine,20
1.25,D-1_L-Asparagine,19
1.5,D-1_L-Asparagine,19
1.75,D-1_L-Asparagine,15
2.0,D-1_L-Asparagine,16
2.25,D-1_L-Asparagine,19
2.5,D-1_L-Asparagine,22
2.75,D-1_L-Asparagine,15
3.0,D-1_L-Asparagine,18
3.25,D-1_L-Asparagine,18
3.5,D-1_L-Asparagine,18
3.75,D-1_L-Asparagine,15
4.0,D-1_L-Asparagine,18
4.25,D-1_L-Asparagine,22
4.5,D-1_L-Asparagine,19
4.75,D-1_L-Asparagine,23
5.0,D-1_L-Asparagine,23
5.25,D-1_L-Asparagine,26
5.5,D-1_L-Asparagine,26
5.75,D-1_L-Asparagine,33
6.0,D-1_L-Asparagine,27
6.25,D-1_L-Asparagine,26
6.5,D-1_L-Asparagine,28
6.75,D-1_L-Asparagine,34
7.0,D-1_L-Asparagine,32
7.25,D-1_L-Asparagine,32
7.5,D-1_L-Asparagine,35
7.75,D-1_L-Asparagine,42
8.0,D-1_L-Asparagine,39
8.25,D-1_L-Asparagine,37
8.5,D-1_L-Asparagine,42
8.75,D-1_L-Asparagine,41
9.0,D-1_L-Asparagine,44
9.25,D-1_L-Asparagine,45
9.5,D-1_L-Asparagine,41
9.75,D-1_L-Asparagine,41
10.0,D-1_L-Asparagine,44
10.25,D-1_L-Asparagine,47
10.5,D-1_L-Asparagine,48
10.75,D-1_L-Asparagine,46
11.0,D-1_L-Asparagine,48
11.25,D-1_L-Asparagine,48
11.5,D-1_L-Asparagine,52
11.75,D-1_L-Asparagine,49
12.0,D-1_L-Asparagine,52
12.25,D-1_L-Asparagine,58
12.5,D-1_L-Asparagine,54
12.75,D-1_L-Asparagine,54
13.0,D-1_L-Asparagine,58
13.25,D-1_L-Asparagine,54
13.5,D-1_L-Asparagine,59
13.75,D-1_L-Asparagine,56
14.0,D-1_L-Asparagine,58
14.25,D-1_L-Asparagine,63
14.5,D-1_L-Asparagine,59
14.75,D-1_L-Asparagine,62
15.0,D-1_L-Asparagine,62
15.25,D-1_L-Asparagine,60
15.5,D-1_L-Asparagine,60
15.75,D-1_L-Asparagine,68
16.0,D-1_L-Asparagine,65
16.25,D-1_L-Asparagine,63
16.5,D-1_L-Asparagine,67
16.75,D-1_L-Asparagine,64
17.0,D-1_L-Asparagine,67
17.25,D-1_L-Asparagine,67
17.5,D-1_L-Asparagine,68
17.75,D-1_L-Asparagine,70
18.0,D-1_L-Asparagine,74
18.25,D-1_L-Asparagine,70
18.5,D-1_L-Asparagine,73
18.75,D-1_L-Asparagine,72
19.0,D-1_L-Asparagine,70
19.25,D-1_L-Asparagine,74
19.5,D-1_L-Asparagine,76
19.75,D-1_L-Asparagine,72
20.0,D-1_L-Asparagine,72
20.25,D-1_L-Asparagine,67
20.5,D-1_L-Asparagine,69
20.75,D-1_L-Asparagine,76
21.0,D-1_L-Asparagine,71
21.25,D-1_L-Asparagine,71
21.5,D-1_L-Asparagine,79
21.75,D-1_L-Asparagine,77
22.0,D-1_L-Asparagine,81
22.25,D-1_L-Asparagine,77
22.5,D-1_L-Asparagine,77
22.75,D-1_L-Asparagine,75
23.0,D-1_L-Asparagine,78
23.25,D-1_L-Asparagine,84
23.5,D-1_L-Asparagine,77
23.75,D-1_L-Asparagine,81
24.0,D-1_L-Asparagine,86
24.25,D-1_L-Asparagine,81
24.5,D-1_L-Asparagine,87
24.75,D-1_L-Asparagine,84
25.0,D-1_L-Asparagine,85
25.25,D-1_L-Asparagine,83
25.5,D-1_L-Asparagine,89
25.75,D-1_L-Asparagine,85
26.0,D-1_L-Asparagine,88
26.25,D-1_L-Asparagine,95
26.5,D-1_L-Asparagine,91
26.75,D-1_L-Asparagine,96
27.0,D-1_L-Asparagine,101
27.25,D-1_L-Asparagine,97
27.5,D-1_L-Asparagine,102
27.75,D-1_L-Asparagine,95
28.0,D-1_L-Asparagine,103
28.25,D-1_L-Asparagine,97
28.5,D-1_L-Asparagine,101
28.75,D-1_L-Asparagine,103
29.0,D-1_L-Asparagine,107
29.25,D-1_L-Asparagine,109
29.5,D-1_L-Asparagine,111
29.75,D-1_L-Asparagine,107
30.0,D-1_L-Asparagine,109
30.25,D-1_L-Asparagine,107
30.5,D-1_L-Asparagine,109
30.75,D-1_L-Asparagine,109
31.0,D-1_L-Asparagine,112
31.25,D-1_L-Asparagine,112
31.5,D-1_L-Asparagine,114
31.75,D-1_L-Asparagine,114
32.0,D-1_L-Asparagine,122
32.25,D-1_L-Asparagine,119
32.5,D-1_L-Asparagine,126
32.75,D-1_L-Asparagine,120
33.0,D-1_L-Asparagine,122
33.25,D-1_L-Asparagine,123
33.5,D-1_L-Asparagine,128
33.75,D-1_L-Asparagine,125
34.0,D-1_L-Asparagine,127
34.25,D-1_L-Asparagine,126
34.5,D-1_L-Asparagine,129
34.75,D-1_L-Asparagine,124
35.0,D-1_L-Asparagine,134
35.25,D-1_L-Asparagine,128
35.5,D-1_L-Asparagine,133
35.75,D-1_L-Asparagine,132
36.0,D-1_L-Asparagine,132
36.25,D-1_L-Asparagine,134
36.5,D-1_L-Asparagine,133
36.75,D-1_L-Asparagine,140
37.0,D-1_L-Asparagine,139
37.25,D-1_L-Asparagine,142
37.5,D-1_L-Asparagine,138
37.75,D-1_L-Asparagine,144
38.0,D-1_L-Asparagine,153
38.25,D-1_L-Asparagine,148
38.5,D-1_L-Asparagine,151
38.75,D-1_L-Asparagine,150
39.0,D-1_L-Asparagine,151
39.25,D-1_L-Asparagine,154
39.5,D-1_L-Asparagine,155
39.75,D-1_L-Asparagine,155
40.0,D-1_L-Asparagine,160
40.25,D-1_L-Asparagine,160
40.5,D-1_L-Asparagine,158
40.75,D-1_L-Asparagine,164
41.0,D-1_L-Asparagine,161
41.25,D-1_L-Asparagine,160
41.5,D-1_L-Asparagine,163
41.75,D-1_L-Asparagine,162
42.0,D-1_L-Asparagine,166
42.25,D-1_L-Asparagine,164
42.5,D-1_L-Asparagine,169
42.75,D-1_L-Asparagine,163
43.0,D-1_L-Asparagine,171
43.25,D-1_L-Asparagine,171
43.5,D-1_L-Asparagine,166
43.75,D-1_L-Asparagine,178
44.0,D-1_L-Asparagine,175
44.25,D-1_L-Asparagine,178
44.5,D-1_L-Asparagine,175
44.75,D-1_L-Asparagine,178
45.0,D-1_L-Asparagine,176
45.25,D-1_L-Asparagine,169
45.5,D-1_L-Asparagine,176
45.75,D-1_L-Asparagine,176
46.0,D-1_L-Asparagine,182
46.25,D-1_L-Asparagine,174
46.5,D-1_L-Asparagine,179
46.75,D-1_L-Asparagine,179
47.0,D-1_L-Asparagine,178
47.25,D-1_L-Asparagine,184
47.5,D-1_L-Asparagine,0
0.0,D2_D-Aspartic_Acid,20
0.25,D2_D-Aspartic_Acid,11
0.5,D2_D-Aspartic_Acid,14
0.75,D2_D-Aspartic_Acid,19
1.0,D2_D-Aspartic_Acid,16
1.25,D2_D-Aspartic_Acid,11
1.5,D2_D-Aspartic_Acid,12
1.75,D2_D-Aspartic_Acid,23
2.0,D2_D-Aspartic_Acid,24
2.25,D2_D-Aspartic_Acid,27
2.5,D2_D-Aspartic_Acid,29
2.75,D2_D-Aspartic_Acid,31
3.0,D2_D-Aspartic_Acid,32
3.25,D2_D-Aspartic_Acid,31
3.5,D2_D-Aspartic_Acid,30
3.75,D2_D-Aspartic_Acid,30
4.0,D2_D-Aspartic_Acid,17
4.25,D2_D-Aspartic_Acid,16
4.5,D2_D-Aspartic_Acid,19
4.75,D2_D-Aspartic_Acid,26
5.0,D2_D-Aspartic_Acid,20
5.25,D2_D-Aspartic_Acid,19
5.5,D2_D-Aspartic_Acid,19
5.75,D2_D-Aspartic_Acid,21
6.0,D2_D-Aspartic_Acid,26
6.25,D2_D-Aspartic_Acid,23
6.5,D2_D-Aspartic_Acid,23
6.75,D2_D-Aspartic_Acid,27
7.0,D2_D-Aspartic_Acid,27
7.25,D2_D-Aspartic_Acid,25
7.5,D2_D-Aspartic_Acid,22
7.75,D2_D-Aspartic_Acid,28
8.0,D2_D-Aspartic_Acid,28
8.25,D2_D-Aspartic_Acid,27
8.5,D2_D-Aspartic_Acid,33
8.75,D2_D-Aspartic_Acid,25
9.0,D2_D-Aspartic_Acid,31
9.25,D2_D-Aspartic_Acid,31
9.5,D2_D-Aspartic_Acid,27
9.75,D2_D-Aspartic_Acid,30
10.0,D2_D-Aspartic_Acid,29
10.25,D2_D-Aspartic_Acid,26
10.5,D2_D-Aspartic_Acid,28
10.75,D2_D-Aspartic_Acid,28
11.0,D2_D-Aspartic_Acid,31
11.25,D2_D-Aspartic_Acid,27
11.5,D2_D-Aspartic_Acid,25
11.75,D2_D-Aspartic_Acid,21
12.0,D2_D-Aspartic_Acid,28
12.25,D2_D-Aspartic_Acid,28
12.5,D2_D-Aspartic_Acid,29
12.75,D2_D-Aspartic_Acid,28
13.0,D2_D-Aspartic_Acid,25
13.25,D2_D-Aspartic_Acid,26
13.5,D2_D-Aspartic_Acid,26
13.75,D2_D-Aspartic_Acid,27
14.0,D2_D-Aspartic_Acid,28
14.25,D2_D-Aspartic_Acid,26
14.5,D2_D-Aspartic_Acid,26
14.75,D2_D-Aspartic_Acid,29
15.0,D2_D-Aspartic_Acid,24
15.25,D2_D-Aspartic_Acid,27
15.5,D2_D-Aspartic_Acid,27
15.75,D2_D-Aspartic_Acid,29
16.0,D2_D-Aspartic_Acid,31
16.25,D2_D-Aspartic_Acid,25
16.5,D2_D-Aspartic_Acid,30
16.75,D2_D-Aspartic_Acid,28
17.0,D2_D-Aspartic_Acid,33
17.25,D2_D-Aspartic_Acid,32
17.5,D2_D-Aspartic_Acid,32
17.75,D2_D-Aspartic_Acid,29
18.0,D2_D-Aspartic_Acid,36
18.25,D2_D-Aspartic_Acid,33
18.5,D2_D-Aspartic_Acid,31
18.75,D2_D-Aspartic_Acid,29
19.0,D2_D-Aspartic_Acid,32
19.25,D2_D-Aspartic_Acid,28
19.5,D2_D-Aspartic_Acid,35
19.75,D2_D-Aspartic_Acid,32
20.0,D2_D-Aspartic_Acid,31
20.25,D2_D-Aspartic_Acid,30
20.5,D2_D-Aspartic_Acid,31
20.75,D2_D-Aspartic_Acid,32
21.0,D2_D-Aspartic_Acid,32
21.25,D2_D-Aspartic_Acid,33
21.5,D2_D-Aspartic_Acid,33
21.75,D2_D-Aspartic_Acid,30
22.0,D2_D-Aspartic_Acid,32
22.25,D2_D-Aspartic_Acid,33
22.5,D2_D-Aspartic_Acid,33
22.75,D2_D-Aspartic_Acid,30
23.0,D2_D-Aspartic_Acid,34
23.25,D2_D-Aspartic_Acid,35
23.5,D2_D-Aspartic_Acid,33
23.75,D2_D-Aspartic_Acid,36
24.0,D2_D-Aspartic_Acid,33
24.25,D2_D-Aspartic_Acid,34
24.5,D2_D-Aspartic_Acid,35
24.75,D2_D-Aspartic_Acid,33
25.0,D2_D-Aspartic_Acid,32
25.25,D2_D-Aspartic_Acid,34
25.5,D2_D-Aspartic_Acid,31
25.75,D2_D-Aspartic_Acid,38
26.0,D2_D-Aspartic_Acid,38
26.25,D2_D-Aspartic_Acid,40
26.5,D2_D-Aspartic_Acid,36
26.75,D2_D-Aspartic_Acid,35
27.0,D2_D-Aspartic_Acid,40
27.25,D2_D-Aspartic_Acid,42
27.5,D2_D-Aspartic_Acid,39
27.75,D2_D-Aspartic_Acid,42
28.0,D2_D-Aspartic_Acid,38
28.25,D2_D-Aspartic_Acid,39
28.5,D2_D-Aspartic_Acid,36
28.75,D2_D-Aspartic_Acid,33
29.0,D2_D-Aspartic_Acid,40
29.25,D2_D-Aspartic_Acid,35
29.5,D2_D-Aspartic_Acid,36
29.75,D2_D-Aspartic_Acid,38
30.0,D2_D-Aspartic_Acid,37
30.25,D2_D-Aspartic_Acid,39
30.5,D2_D-Aspartic_Acid,38
30.75,D2_D-Aspartic_Acid,38
31.0,D2_D-Aspartic_Acid,43
31.25,D2_D-Aspartic_Acid,38
31.5,D2_D-Aspartic_Acid,38
31.75,D2_D-Aspartic_Acid,39
32.0,D2_D-Aspartic_Acid,42
32.25,D2_D-Aspartic_Acid,37
32.5,D2_D-Aspartic_Acid,40
32.75,D2_D-Aspartic_Acid,40
33.0,D2_D-Aspartic_Acid,41
33.25,D2_D-Aspartic_Acid,42
33.5,D2_D-Aspartic_Acid,40
33.75,D2_D-Aspartic_Acid,42
34.0,D2_D-Aspartic_Acid,39
34.25,D2_D-Aspartic_Acid,42
34.5,D2_D-Aspartic_Acid,42
34.75,D2_D-Aspartic_Acid,39
35.0,D2_D-Aspartic_Acid,41
35.25,D2_D-Aspartic_Acid,40
35.5,D2_D-Aspartic_Acid,40
35.75,D2_D-Aspartic_Acid,36
36.0,D2_D-Aspartic_Acid,40
36.25,D2_D-Aspartic_Acid,40
36.5,D2_D-Aspartic_Acid,42
36.75,D2_D-Aspartic_Acid,37
37.0,D2_D-Aspartic_Acid,42
37.25,D2_D-Aspartic_Acid,39
37.5,D2_D-Aspartic_Acid,36
37.75,D2_D-Aspartic_Acid,43
38.0,D2_D-Aspartic_Acid,35
38.25,D2_D-Aspartic_Acid,38
38.5,D2_D-Aspartic_Acid,44
38.75,D2_D-Aspartic_Acid,39
39.0,D2_D-Aspartic_Acid,43
39.25,D2_D-Aspartic_Acid,42
39.5,D2_D-Aspartic_Acid,37
39.75,D2_D-Aspartic_Acid,37
40.0,D2_D-Aspartic_Acid,40
40.25,D2_D-Aspartic_Acid,39
40.5,D2_D-Aspartic_Acid,40
40.75,D2_D-Aspartic_Acid,41
41.0,D2_D-Aspartic_Acid,43
41.25,D2_D-Aspartic_Acid,40
41.5,D2_D-Aspartic_Acid,39
41.75,D2_D-Aspartic_Acid,49
42.0,D2_D-Aspartic_Acid,44
42.25,D2_D-Aspartic_Acid,48
42.5,D2_D-Aspartic_Acid,43
42.75,D2_D-Aspartic_Acid,45
43.0,D2_D-Aspartic_Acid,40
43.25,D2_D-Aspartic_Acid,38
43.5,D2_D-Aspartic_Acid,47
43.75,D2_D-Aspartic_Acid,41
44.0,D2_D-Aspartic_Acid,47
44.25,D2_D-Aspartic_Acid,42
44.5,D2_D-Aspartic_Acid,41
44.75,D2_D-Aspartic_Acid,40
45.0,D2_D-Aspartic_Acid,40
45.25,D2_D-Aspartic_Acid,45
45.5,D2_D-Aspartic_Acid,43
45.75,D2_D-Aspartic_Acid,42
46.0,D2_D-Aspartic_Acid,44
46.25,D2_D-Aspartic_Acid,40
46.5,D2_D-Aspartic_Acid,42
46.75,D2_D-Aspartic_Acid,42
47.0,D2_D-Aspartic_Acid,42
47.25,D2_D-Aspartic_Acid,44
47.5,D2_D-Aspartic_Acid,0
0.0,D3_D-Glucosaminic_Acid,29
0.25,D3_D-Glucosaminic_Acid,27
0.5,D3_D-Glucosaminic_Acid,33
0.75,D3_D-Glucosaminic_Acid,15
1.0,D3_D-Glucosaminic_Acid,12
1.25,D3_D-Glucosaminic_Acid,11
1.5,D3_D-Glucosaminic_Acid,11
1.75,D3_D-Glucosaminic_Acid,12
2.0,D3_D-Glucosaminic_Acid,11
2.25,D3_D-Glucosaminic_Acid,12
2.5,D3_D-Glucosaminic_Acid,15
2.75,D3_D-Glucosaminic_Acid,12
3.0,D3_D-Glucosaminic_Acid,16
3.25,D3_D-Glucosaminic_Acid,14
3.5,D3_D-Glucosaminic_Acid,15
3.75,D3_D-Glucosaminic_Acid,12
4.0,D3_D-Glucosaminic_Acid,15
4.25,D3_D-Glucosaminic_Acid,18
4.5,D3_D-Glucosaminic_Acid,17
4.75,D3_D-Glucosaminic_Acid,19
5.0,D3_D-Glucosaminic_Acid,21
5.25,D3_D-Glucosaminic_Acid,25
5.5,D3_D-Glucosaminic_Acid,21
5.75,D3_D-Glucosaminic_Acid,26
6.0,D3_D-Glucosaminic_Acid,27
6.25,D3_D-Glucosaminic_Acid,28
6.5,D3_D-Glucosaminic_Acid,30
6.75,D3_D-Glucosaminic_Acid,37
7.0,D3_D-Glucosaminic_Acid,33
7.25,D3_D-Glucosaminic_Acid,34
7.5,D3_D-Glucosaminic_Acid,38
7.75,D3_D-Glucosaminic_Acid,43
8.0,D3_D-Glucosaminic_Acid,47
8.25,D3_D-Glucosaminic_Acid,49
8.5,D3_D-Glucosaminic_Acid,52
8.75,D3_D-Glucosaminic_Acid,50
9.0,D3_D-Glucosaminic_Acid,61
9.25,D3_D-Glucosaminic_Acid,64
9.5,D3_D-Glucosaminic_Acid,62
9.75,D3_D-Glucosaminic_Acid,68
10.0,D3_D-Glucosaminic_Acid,65
10.25,D3_D-Glucosaminic_Acid,74
10.5,D3_D-Glucosaminic_Acid,76
10.75,D3_D-Glucosaminic_Acid,85
11.0,D3_D-Glucosaminic_Acid,89
11.25,D3_D-Glucosaminic_Acid,83
11.5,D3_D-Glucosaminic_Acid,94
11.75,D3_D-Glucosaminic_Acid,96
12.0,D3_D-Glucosaminic_Acid,106
12.25,D3_D-Glucosaminic_Acid,112
12.5,D3_D-Glucosaminic_Acid,117
12.75,D3_D-Glucosaminic_Acid,123
13.0,D3_D-Glucosaminic_Acid,123
13.25,D3_D-Glucosaminic_Acid,133
13.5,D3_D-Glucosaminic_Acid,133
13.75,D3_D-Glucosaminic_Acid,140
14.0,D3_D-Glucosaminic_Acid,145
14.25,D3_D-Glucosaminic_Acid,153
14.5,D3_D-Glucosaminic_Acid,158
14.75,D3_D-Glucosaminic_Acid,161
15.0,D3_D-Glucosaminic_Acid,164
15.25,D3_D-Glucosaminic_Acid,170
15.5,D3_D-Glucosaminic_Acid,173
15.75,D3_D-Glucosaminic_Acid,177
16.0,D3_D-Glucosaminic_Acid,179
16.25,D3_D-Glucosaminic_Acid,186
16.5,D3_D-Glucosaminic_Acid,188
16.75,D3_D-Glucosaminic_Acid,186
17.0,D3_D-Glucosaminic_Acid,197
17.25,D3_D-Glucosaminic_Acid,197
17.5,D3_D-Glucosaminic_Acid,204
17.75,D3_D-Glucosaminic_Acid,210
18.0,D3_D-Glucosaminic_Acid,213
18.25,D3_D-Glucosaminic_Acid,218
18.5,D3_D-Glucosaminic_Acid,217
18.75,D3_D-Glucosaminic_Acid,217
19.0,D3_D-Glucosaminic_Acid,222
19.25,D3_D-Glucosaminic_Acid,225
19.5,D3_D-Glucosaminic_Acid,228
19.75,D3_D-Glucosaminic_Acid,225
20.0,D3_D-Glucosaminic_Acid,227
20.25,D3_D-Glucosaminic_Acid,232
20.5,D3_D-Glucosaminic_Acid,230
20.75,D3_D-Glucosaminic_Acid,235
21.0,D3_D-Glucosaminic_Acid,237
21.25,D3_D-Glucosaminic_Acid,236
21.5,D3_D-Glucosaminic_Acid,236
21.75,D3_D-Glucosaminic_Acid,240
22.0,D3_D-Glucosaminic_Acid,241
22.25,D3_D-Glucosaminic_Acid,246
22.5,D3_D-Glucosaminic_Acid,245
22.75,D3_D-Glucosaminic_Acid,245
23.0,D3_D-Glucosaminic_Acid,247
23.25,D3_D-Glucosaminic_Acid,250
23.5,D3_D-Glucosaminic_Acid,249
23.75,D3_D-Glucosaminic_Acid,251
24.0,D3_D-Glucosaminic_Acid,252
24.25,D3_D-Glucosaminic_Acid,251
24.5,D3_D-Glucosaminic_Acid,250
24.75,D3_D-Glucosaminic_Acid,252
25.0,D3_D-Glucosaminic_Acid,257
25.25,D3_D-Glucosaminic_Acid,254
25.5,D3_D-Glucosaminic_Acid,256
25.75,D3_D-Glucosaminic_Acid,254
26.0,D3_D-Glucosaminic_Acid,256
26.25,D3_D-Glucosaminic_Acid,258
26.5,D3_D-Glucosaminic_Acid,254
26.75,D3_D-Glucosaminic_Acid,260
27.0,D3_D-Glucosaminic_Acid,260
27.25,D3_D-Glucosaminic_Acid,259
27.5,D3_D-Glucosaminic_Acid,263
27.75,D3_D-Glucosaminic_Acid,260
28.0,D3_D-Glucosaminic_Acid,258
28.25,D3_D-Glucosaminic_Acid,259
28.5,D3_D-Glucosaminic_Acid,258
28.75,D3_D-Glucosaminic_Acid,258
29.0,D3_D-Glucosaminic_Acid,258
29.25,D3_D-Glucosaminic_Acid,262
29.5,D3_D-Glucosaminic_Acid,265
29.75,D3_D-Glucosaminic_Acid,261
30.0,D3_D-Glucosaminic_Acid,261
30.25,D3_D-Glucosaminic_Acid,261
30.5,D3_D-Glucosaminic_Acid,262
30.75,D3_D-Glucosaminic_Acid,263
31.0,D3_D-Glucosaminic_Acid,261
31.25,D3_D-Glucosaminic_Acid,261
31.5,D3_D-Glucosaminic_Acid,258
31.75,D3_D-Glucosaminic_Acid,257
32.0,D3_D-Glucosaminic_Acid,261
32.25,D3_D-Glucosaminic_Acid,260
32.5,D3_D-Glucosaminic_Acid,259
32.75,D3_D-Glucosaminic_Acid,253
33.0,D3_D-Glucosaminic_Acid,258
33.25,D3_D-Glucosaminic_Acid,256
33.5,D3_D-Glucosaminic_Acid,258
33.75,D3_D-Glucosaminic_Acid,254
34.0,D3_D-Glucosaminic_Acid,254
34.25,D3_D-Glucosaminic_Acid,257
34.5,D3_D-Glucosaminic_Acid,256
34.75,D3_D-Glucosaminic_Acid,252
35.0,D3_D-Glucosaminic_Acid,255
35.25,D3_D-Glucosaminic_Acid,252
35.5,D3_D-Glucosaminic_Acid,253
35.75,D3_D-Glucosaminic_Acid,252
36.0,D3_D-Glucosaminic_Acid,254
36.25,D3_D-Glucosaminic_Acid,253
36.5,D3_D-Glucosaminic_Acid,253
36.75,D3_D-Glucosaminic_Acid,256
37.0,D3_D-Glucosaminic_Acid,253
37.25,D3_D-Glucosaminic_Acid,254
37.5,D3_D-Glucosaminic_Acid,250
37.75,D3_D-Glucosaminic_Acid,252
38.0,D3_D-Glucosaminic_Acid,252
38.25,D3_D-Glucosaminic_Acid,251
38.5,D3_D-Glucosaminic_Acid,248
38.75,D3_D-Glucosaminic_Acid,253
39.0,D3_D-Glucosaminic_Acid,254
39.25,D3_D-Glucosaminic_Acid,251
39.5,D3_D-Glucosaminic_Acid,249
39.75,D3_D-Glucosaminic_Acid,251
40.0,D3_D-Glucosaminic_Acid,253
40.25,D3_D-Glucosaminic_Acid,255
40.5,D3_D-Glucosaminic_Acid,248
40.75,D3_D-Glucosaminic_Acid,251
41.0,D3_D-Glucosaminic_Acid,250
41.25,D3_D-Glucosaminic_Acid,249
41.5,D3_D-Glucosaminic_Acid,249
41.75,D3_D-Glucosaminic_Acid,251
42.0,D3_D-Glucosaminic_Acid,251
42.25,D3_D-Glucosaminic_Acid,249
42.5,D3_D-Glucosaminic_Acid,251
42.75,D3_D-Glucosaminic_Acid,249
43.0,D3_D-Glucosaminic_Acid,252
43.25,D3_D-Glucosaminic_Acid,247
43.5,D3_D-Glucosaminic_Acid,249
43.75,D3_D-Glucosaminic_Acid,246
44.0,D3_D-Glucosaminic_Acid,246
44.25,D3_D-Glucosaminic_Acid,248
44.5,D3_D-Glucosaminic_Acid,243
44.75,D3_D-Glucosaminic_Acid,246
45.0,D3_D-Glucosaminic_Acid,246
45.25,D3_D-Glucosaminic_Acid,244
45.5,D3_D-Glucosaminic_Acid,243
45.75,D3_D-Glucosaminic_Acid,246
46.0,D3_D-Glucosaminic_Acid,246
46.25,D3_D-Glucosaminic_Acid,244
46.5,D3_D-Glucosaminic_Acid,246
46.75,D3_D-Glucosaminic_Acid,244
47.0,D3_D-Glucosaminic_Acid,246
47.25,D3_D-Glucosaminic_Acid,246
47.5,D3_D-Glucosaminic_Acid,0
0.0,D4_1-2-Propanediol,11
0.25,D4_1-2-Propanediol,11
0.5,D4_1-2-Propanediol,13
0.75,D4_1-2-Propanediol,16
1.0,D4_1-2-Propanediol,14
1.25,D4_1-2-Propanediol,11
1.5,D4_1-2-Propanediol,11
1.75,D4_1-2-Propanediol,14
2.0,D4_1-2-Propanediol,12
2.25,D4_1-2-Propanediol,14
2.5,D4_1-2-Propanediol,15
2.75,D4_1-2-Propanediol,11
3.0,D4_1-2-Propanediol,14
3.25,D4_1-2-Propanediol,15
3.5,D4_1-2-Propanediol,16
3.75,D4_1-2-Propanediol,13
4.0,D4_1-2-Propanediol,13
4.25,D4_1-2-Propanediol,13
4.5,D4_1-2-Propanediol,17
4.75,D4_1-2-Propanediol,13
5.0,D4_1-2-Propanediol,16
5.25,D4_1-2-Propanediol,16
5.5,D4_1-2-Propanediol,15
5.75,D4_1-2-Propanediol,15
6.0,D4_1-2-Propanediol,20
6.25,D4_1-2-Propanediol,18
6.5,D4_1-2-Propanediol,22
6.75,D4_1-2-Propanediol,24
7.0,D4_1-2-Propanediol,26
7.25,D4_1-2-Propanediol,22
7.5,D4_1-2-Propanediol,23
7.75,D4_1-2-Propanediol,31
8.0,D4_1-2-Propanediol,28
8.25,D4_1-2-Propanediol,26
8.5,D4_1-2-Propanediol,30
8.75,D4_1-2-Propanediol,29
9.0,D4_1-2-Propanediol,30
9.25,D4_1-2-Propanediol,23
9.5,D4_1-2-Propanediol,26
9.75,D4_1-2-Propanediol,27
10.0,D4_1-2-Propanediol,25
10.25,D4_1-2-Propanediol,26
10.5,D4_1-2-Propanediol,24
10.75,D4_1-2-Propanediol,30
11.0,D4_1-2-Propanediol,27
11.25,D4_1-2-Propanediol,27
11.5,D4_1-2-Propanediol,30
11.75,D4_1-2-Propanediol,29
12.0,D4_1-2-Propanediol,30
12.25,D4_1-2-Propanediol,28
12.5,D4_1-2-Propanediol,30
12.75,D4_1-2-Propanediol,28
13.0,D4_1-2-Propanediol,30
13.25,D4_1-2-Propanediol,23
13.5,D4_1-2-Propanediol,31
13.75,D4_1-2-Propanediol,32
14.0,D4_1-2-Propanediol,28
14.25,D4_1-2-Propanediol,33
14.5,D4_1-2-Propanediol,32
14.75,D4_1-2-Propanediol,36
15.0,D4_1-2-Propanediol,29
15.25,D4_1-2-Propanediol,31
15.5,D4_1-2-Propanediol,29
15.75,D4_1-2-Propanediol,29
16.0,D4_1-2-Propanediol,37
16.25,D4_1-2-Propanediol,34
16.5,D4_1-2-Propanediol,36
16.75,D4_1-2-Propanediol,32
17.0,D4_1-2-Propanediol,33
17.25,D4_1-2-Propanediol,39
17.5,D4_1-2-Propanediol,35
17.75,D4_1-2-Propanediol,35
18.0,D4_1-2-Propanediol,37
18.25,D4_1-2-Propanediol,34
18.5,D4_1-2-Propanediol,36
18.75,D4_1-2-Propanediol,36
19.0,D4_1-2-Propanediol,36
19.25,D4_1-2-Propanediol,36
19.5,D4_1-2-Propanediol,40
19.75,D4_1-2-Propanediol,40
20.0,D4_1-2-Propanediol,38
20.25,D4_1-2-Propanediol,38
20.5,D4_1-2-Propanediol,39
20.75,D4_1-2-Propanediol,39
21.0,D4_1-2-Propanediol,40
21.25,D4_1-2-Propanediol,40
21.5,D4_1-2-Propanediol,39
21.75,D4_1-2-Propanediol,40
22.0,D4_1-2-Propanediol,39
22.25,D4_1-2-Propanediol,39
22.5,D4_1-2-Propanediol,45
22.75,D4_1-2-Propanediol,36
23.0,D4_1-2-Propanediol,41
23.25,D4_1-2-Propanediol,38
23.5,D4_1-2-Propanediol,37
23.75,D4_1-2-Propanediol,38
24.0,D4_1-2-Propanediol,39
24.25,D4_1-2-Propanediol,34
24.5,D4_1-2-Propanediol,42
24.75,D4_1-2-Propanediol,37
25.0,D4_1-2-Propanediol,35
25.25,D4_1-2-Propanediol,35
25.5,D4_1-2-Propanediol,36
25.75,D4_1-2-Propanediol,39
26.0,D4_1-2-Propanediol,40
26.25,D4_1-2-Propanediol,41
26.5,D4_1-2-Propanediol,39
26.75,D4_1-2-Propanediol,38
27.0,D4_1-2-Propanediol,37
27.25,D4_1-2-Propanediol,43
27.5,D4_1-2-Propanediol,37
27.75,D4_1-2-Propanediol,40
28.0,D4_1-2-Propanediol,40
28.25,D4_1-2-Propanediol,40
28.5,D4_1-2-Propanediol,38
28.75,D4_1-2-Propanediol,41
29.0,D4_1-2-Propanediol,40
29.25,D4_1-2-Propanediol,41
29.5,D4_1-2-Propanediol,40
29.75,D4_1-2-Propanediol,42
30.0,D4_1-2-Propanediol,39
30.25,D4_1-2-Propanediol,40
30.5,D4_1-2-Propanediol,42
30.75,D4_1-2-Propanediol,39
31.0,D4_1-2-Propanediol,42
31.25,D4_1-2-Propanediol,39
31.5,D4_1-2-Propanediol,38
31.75,D4_1-2-Propanediol,40
32.0,D4_1-2-Propanediol,45
32.25,D4_1-2-Propanediol,38
32.5,D4_1-2-Propanediol,38
32.75,D4_1-2-Propanediol,39
33.0,D4_1-2-Propanediol,37
33.25,D4_1-2-Propanediol,40
33.5,D4_1-2-Propanediol,39
33.75,D4_1-2-Propanediol,40
34.0,D4_1-2-Propanediol,33
34.25,D4_1-2-Propanediol,37
34.5,D4_1-2-Propanediol,39
34.75,D4_1-2-Propanediol,39
35.0,D4_1-2-Propanediol,39
35.25,D4_1-2-Propanediol,38
35.5,D4_1-2-Propanediol,40
35.75,D4_1-2-Propanediol,40
36.0,D4_1-2-Propanediol,37
36.25,D4_1-2-Propanediol,41
36.5,D4_1-2-Propanediol,43
36.75,D4_1-2-Propanediol,36
37.0,D4_1-2-Propanediol,36
37.25,D4_1-2-Propanediol,42
37.5,D4_1-2-Propanediol,31
37.75,D4_1-2-Propanediol,38
38.0,D4_1-2-Propanediol,42
38.25,D4_1-2-Propanediol,39
38.5,D4_1-2-Propanediol,41
38.75,D4_1-2-Propanediol,37
39.0,D4_1-2-Propanediol,41
39.25,D4_1-2-Propanediol,39
39.5,D4_1-2-Propanediol,41
39.75,D4_1-2-Propanediol,43
40.0,D4_1-2-Propanediol,36
40.25,D4_1-2-Propanediol,39
40.5,D4_1-2-Propanediol,42
40.75,D4_1-2-Propanediol,41
41.0,D4_1-2-Propanediol,41
41.25,D4_1-2-Propanediol,41
41.5,D4_1-2-Propanediol,42
41.75,D4_1-2-Propanediol,38
42.0,D4_1-2-Propanediol,34
42.25,D4_1-2-Propanediol,40
42.5,D4_1-2-Propanediol,40
42.75,D4_1-2-Propanediol,42
43.0,D4_1-2-Propanediol,40
43.25,D4_1-2-Propanediol,37
43.5,D4_1-2-Propanediol,41
43.75,D4_1-2-Propanediol,39
44.0,D4_1-2-Propanediol,43
44.25,D4_1-2-Propanediol,37
44.5,D4_1-2-Propanediol,37
44.75,D4_1-2-Propanediol,34
45.0,D4_1-2-Propanediol,39
45.25,D4_1-2-Propanediol,42
45.5,D4_1-2-Propanediol,37
45.75,D4_1-2-Propanediol,44
46.0,D4_1-2-Propanediol,41
46.25,D4_1-2-Propanediol,42
46.5,D4_1-2-Propanediol,38
46.75,D4_1-2-Propanediol,40
47.0,D4_1-2-Propanediol,39
47.25,D4_1-2-Propanediol,42
47.5,D4_1-2-Propanediol,0
0.0,D5_Tween_40,11
0.25,D5_Tween_40,23
0.5,D5_Tween_40,11
0.75,D5_Tween_40,13
1.0,D5_Tween_40,11
1.25,D5_Tween_40,11
1.5,D5_Tween_40,11
1.75,D5_Tween_40,11
2.0,D5_Tween_40,11
2.25,D5_Tween_40,12
2.5,D5_Tween_40,13
2.75,D5_Tween_40,11
3.0,D5_Tween_40,12
3.25,D5_Tween_40,11
3.5,D5_Tween_40,12
3.75,D5_Tween_40,11
4.0,D5_Tween_40,11
4.25,D5_Tween_40,11
4.5,D5_Tween_40,13
4.75,D5_Tween_40,12
5.0,D5_Tween_40,11
5.25,D5_Tween_40,18
5.5,D5_Tween_40,12
5.75,D5_Tween_40,14
6.0,D5_Tween_40,12
6.25,D5_Tween_40,16
6.5,D5_Tween_40,16
6.75,D5_Tween_40,18
7.0,D5_Tween_40,17
7.25,D5_Tween_40,18
7.5,D5_Tween_40,24
7.75,D5_Tween_40,25
8.0,D5_Tween_40,26
8.25,D5_Tween_40,28
8.5,D5_Tween_40,28
8.75,D5_Tween_40,28
9.0,D5_Tween_40,32
9.25,D5_Tween_40,33
9.5,D5_Tween_40,37
9.75,D5_Tween_40,34
10.0,D5_Tween_40,37
10.25,D5_Tween_40,39
10.5,D5_Tween_40,41
10.75,D5_Tween_40,46
11.0,D5_Tween_40,49
11.25,D5_Tween_40,49
11.5,D5_Tween_40,55
11.75,D5_Tween_40,54
12.0,D5_Tween_40,57
12.25,D5_Tween_40,63
12.5,D5_Tween_40,69
12.75,D5_Tween_40,69
13.0,D5_Tween_40,70
13.25,D5_Tween_40,71
13.5,D5_Tween_40,73
13.75,D5_Tween_40,78
14.0,D5_Tween_40,84
14.25,D5_Tween_40,87
14.5,D5_Tween_40,89
14.75,D5_Tween_40,92
15.0,D5_Tween_40,93
15.25,D5_Tween_40,97
15.5,D5_Tween_40,103
15.75,D5_Tween_40,109
16.0,D5_Tween_40,113
16.25,D5_Tween_40,111
16.5,D5_Tween_40,120
16.75,D5_Tween_40,122
17.0,D5_Tween_40,125
17.25,D5_Tween_40,127
17.5,D5_Tween_40,133
17.75,D5_Tween_40,137
18.0,D5_Tween_40,134
18.25,D5_Tween_40,140
18.5,D5_Tween_40,145
18.75,D5_Tween_40,146
19.0,D5_Tween_40,143
19.25,D5_Tween_40,151
19.5,D5_Tween_40,150
19.75,D5_Tween_40,147
20.0,D5_Tween_40,154
20.25,D5_Tween_40,155
20.5,D5_Tween_40,159
20.75,D5_Tween_40,166
21.0,D5_Tween_40,162
21.25,D5_Tween_40,166
21.5,D5_Tween_40,169
21.75,D5_Tween_40,168
22.0,D5_Tween_40,173
22.25,D5_Tween_40,170
22.5,D5_Tween_40,175
22.75,D5_Tween_40,170
23.0,D5_Tween_40,176
23.25,D5_Tween_40,175
23.5,D5_Tween_40,177
23.75,D5_Tween_40,183
24.0,D5_Tween_40,184
24.25,D5_Tween_40,179
24.5,D5_Tween_40,181
24.75,D5_Tween_40,183
25.0,D5_Tween_40,185
25.25,D5_Tween_40,185
25.5,D5_Tween_40,186
25.75,D5_Tween_40,186
26.0,D5_Tween_40,186
26.25,D5_Tween_40,188
26.5,D5_Tween_40,187
26.75,D5_Tween_40,192
27.0,D5_Tween_40,192
27.25,D5_Tween_40,190
27.5,D5_Tween_40,194
27.75,D5_Tween_40,191
28.0,D5_Tween_40,192
28.25,D5_Tween_40,192
28.5,D5_Tween_40,192
28.75,D5_Tween_40,197
29.0,D5_Tween_40,193
29.25,D5_Tween_40,196
29.5,D5_Tween_40,194
29.75,D5_Tween_40,193
30.0,D5_Tween_40,193
30.25,D5_Tween_40,192
30.5,D5_Tween_40,192
30.75,D5_Tween_40,198
31.0,D5_Tween_40,193
31.25,D5_Tween_40,196
31.5,D5_Tween_40,190
31.75,D5_Tween_40,195
32.0,D5_Tween_40,198
32.25,D5_Tween_40,193
32.5,D5_Tween_40,196
32.75,D5_Tween_40,194
33.0,D5_Tween_40,194
33.25,D5_Tween_40,193
33.5,D5_Tween_40,196
33.75,D5_Tween_40,196
34.0,D5_Tween_40,195
34.25,D5_Tween_40,194
34.5,D5_Tween_40,189
34.75,D5_Tween_40,194
35.0,D5_Tween_40,193
35.25,D5_Tween_40,190
35.5,D5_Tween_40,197
35.75,D5_Tween_40,192
36.0,D5_Tween_40,193
36.25,D5_Tween_40,194
36.5,D5_Tween_40,194
36.75,D5_Tween_40,198
37.0,D5_Tween_40,192
37.25,D5_Tween_40,193
37.5,D5_Tween_40,189
37.75,D5_Tween_40,191
38.0,D5_Tween_40,195
38.25,D5_Tween_40,193
38.5,D5_Tween_40,190
38.75,D5_Tween_40,190
39.0,D5_Tween_40,196
39.25,D5_Tween_40,193
39.5,D5_Tween_40,191
39.75,D5_Tween_40,194
40.0,D5_Tween_40,193
40.25,D5_Tween_40,191
40.5,D5_Tween_40,195
40.75,D5_Tween_40,193
41.0,D5_Tween_40,191
41.25,D5_Tween_40,194
41.5,D5_Tween_40,197
41.75,D5_Tween_40,191
42.0,D5_Tween_40,190
42.25,D5_Tween_40,191
42.5,D5_Tween_40,196
42.75,D5_Tween_40,193
43.0,D5_Tween_40,193
43.25,D5_Tween_40,192
43.5,D5_Tween_40,190
43.75,D5_Tween_40,190
44.0,D5_Tween_40,188
44.25,D5_Tween_40,192
44.5,D5_Tween_40,193
44.75,D5_Tween_40,194
45.0,D5_Tween_40,190
45.25,D5_Tween_40,189
45.5,D5_Tween_40,194
45.75,D5_Tween_40,192
46.0,D5_Tween_40,196
46.25,D5_Tween_40,187
46.5,D5_Tween_40,193
46.75,D5_Tween_40,194
47.0,D5_Tween_40,192
47.25,D5_Tween_40,194
47.5,D5_Tween_40,0
0.0,D6_a-Keto-Glutaric_Acid,11
0.25,D6_a-Keto-Glutaric_Acid,11
0.5,D6_a-Keto-Glutaric_Acid,16
0.75,D6_a-Keto-Glutaric_Acid,16
1.0,D6_a-Keto-Glutaric_Acid,11
1.25,D6_a-Keto-Glutaric_Acid,11
1.5,D6_a-Keto-Glutaric_Acid,11
1.75,D6_a-Keto-Glutaric_Acid,14
2.0,D6_a-Keto-Glutaric_Acid,13
2.25,D6_a-Keto-Glutaric_Acid,12
2.5,D6_a-Keto-Glutaric_Acid,13
2.75,D6_a-Keto-Glutaric_Acid,12
3.0,D6_a-Keto-Glutaric_Acid,14
3.25,D6_a-Keto-Glutaric_Acid,11
3.5,D6_a-Keto-Glutaric_Acid,11
3.75,D6_a-Keto-Glutaric_Acid,11
4.0,D6_a-Keto-Glutaric_Acid,12
4.25,D6_a-Keto-Glutaric_Acid,18
4.5,D6_a-Keto-Glutaric_Acid,15
4.75,D6_a-Keto-Glutaric_Acid,16
5.0,D6_a-Keto-Glutaric_Acid,14
5.25,D6_a-Keto-Glutaric_Acid,16
5.5,D6_a-Keto-Glutaric_Acid,19
5.75,D6_a-Keto-Glutaric_Acid,22
6.0,D6_a-Keto-Glutaric_Acid,18
6.25,D6_a-Keto-Glutaric_Acid,19
6.5,D6_a-Keto-Glutaric_Acid,21
6.75,D6_a-Keto-Glutaric_Acid,21
7.0,D6_a-Keto-Glutaric_Acid,21
7.25,D6_a-Keto-Glutaric_Acid,28
7.5,D6_a-Keto-Glutaric_Acid,23
7.75,D6_a-Keto-Glutaric_Acid,31
8.0,D6_a-Keto-Glutaric_Acid,34
8.25,D6_a-Keto-Glutaric_Acid,25
8.5,D6_a-Keto-Glutaric_Acid,33
8.75,D6_a-Keto-Glutaric_Acid,27
9.0,D6_a-Keto-Glutaric_Acid,31
9.25,D6_a-Keto-Glutaric_Acid,26
9.5,D6_a-Keto-Glutaric_Acid,28
9.75,D6_a-Keto-Glutaric_Acid,30
10.0,D6_a-Keto-Glutaric_Acid,29
10.25,D6_a-Keto-Glutaric_Acid,28
10.5,D6_a-Keto-Glutaric_Acid,30
10.75,D6_a-Keto-Glutaric_Acid,30
11.0,D6_a-Keto-Glutaric_Acid,32
11.25,D6_a-Keto-Glutaric_Acid,31
11.5,D6_a-Keto-Glutaric_Acid,34
11.75,D6_a-Keto-Glutaric_Acid,33
12.0,D6_a-Keto-Glutaric_Acid,31
12.25,D6_a-Keto-Glutaric_Acid,30
12.5,D6_a-Keto-Glutaric_Acid,36
12.75,D6_a-Keto-Glutaric_Acid,34
13.0,D6_a-Keto-Glutaric_Acid,35
13.25,D6_a-Keto-Glutaric_Acid,35
13.5,D6_a-Keto-Glutaric_Acid,37
13.75,D6_a-Keto-Glutaric_Acid,34
14.0,D6_a-Keto-Glutaric_Acid,34
14.25,D6_a-Keto-Glutaric_Acid,38
14.5,D6_a-Keto-Glutaric_Acid,37
14.75,D6_a-Keto-Glutaric_Acid,37
15.0,D6_a-Keto-Glutaric_Acid,36
15.25,D6_a-Keto-Glutaric_Acid,41
15.5,D6_a-Keto-Glutaric_Acid,40
15.75,D6_a-Keto-Glutaric_Acid,46
16.0,D6_a-Keto-Glutaric_Acid,40
16.25,D6_a-Keto-Glutaric_Acid,41
16.5,D6_a-Keto-Glutaric_Acid,41
16.75,D6_a-Keto-Glutaric_Acid,40
17.0,D6_a-Keto-Glutaric_Acid,41
17.25,D6_a-Keto-Glutaric_Acid,45
17.5,D6_a-Keto-Glutaric_Acid,43
17.75,D6_a-Keto-Glutaric_Acid,45
18.0,D6_a-Keto-Glutaric_Acid,46
18.25,D6_a-Keto-Glutaric_Acid,48
18.5,D6_a-Keto-Glutaric_Acid,51
18.75,D6_a-Keto-Glutaric_Acid,45
19.0,D6_a-Keto-Glutaric_Acid,50
19.25,D6_a-Keto-Glutaric_Acid,49
19.5,D6_a-Keto-Glutaric_Acid,47
19.75,D6_a-Keto-Glutaric_Acid,44
20.0,D6_a-Keto-Glutaric_Acid,47
20.25,D6_a-Keto-Glutaric_Acid,48
20.5,D6_a-Keto-Glutaric_Acid,47
20.75,D6_a-Keto-Glutaric_Acid,50
21.0,D6_a-Keto-Glutaric_Acid,54
21.25,D6_a-Keto-Glutaric_Acid,51
21.5,D6_a-Keto-Glutaric_Acid,58
21.75,D6_a-Keto-Glutaric_Acid,51
22.0,D6_a-Keto-Glutaric_Acid,57
22.25,D6_a-Keto-Glutaric_Acid,56
22.5,D6_a-Keto-Glutaric_Acid,56
22.75,D6_a-Keto-Glutaric_Acid,53
23.0,D6_a-Keto-Glutaric_Acid,57
23.25,D6_a-Keto-Glutaric_Acid,60
23.5,D6_a-Keto-Glutaric_Acid,57
23.75,D6_a-Keto-Glutaric_Acid,58
24.0,D6_a-Keto-Glutaric_Acid,59
24.25,D6_a-Keto-Glutaric_Acid,52
24.5,D6_a-Keto-Glutaric_Acid,58
24.75,D6_a-Keto-Glutaric_Acid,56
25.0,D6_a-Keto-Glutaric_Acid,63
25.25,D6_a-Keto-Glutaric_Acid,59
25.5,D6_a-Keto-Glutaric_Acid,59
25.75,D6_a-Keto-Glutaric_Acid,57
26.0,D6_a-Keto-Glutaric_Acid,62
26.25,D6_a-Keto-Glutaric_Acid,66
26.5,D6_a-Keto-Glutaric_Acid,64
26.75,D6_a-Keto-Glutaric_Acid,66
27.0,D6_a-Keto-Glutaric_Acid,64
27.25,D6_a-Keto-Glutaric_Acid,65
27.5,D6_a-Keto-Glutaric_Acid,67
27.75,D6_a-Keto-Glutaric_Acid,62
28.0,D6_a-Keto-Glutaric_Acid,66
28.25,D6_a-Keto-Glutaric_Acid,64
28.5,D6_a-Keto-Glutaric_Acid,66
28.75,D6_a-Keto-Glutaric_Acid,70
29.0,D6_a-Keto-Glutaric_Acid,64
29.25,D6_a-Keto-Glutaric_Acid,66
29.5,D6_a-Keto-Glutaric_Acid,71
29.75,D6_a-Keto-Glutaric_Acid,68
30.0,D6_a-Keto-Glutaric_Acid,68
30.25,D6_a-Keto-Glutaric_Acid,69
30.5,D6_a-Keto-Glutaric_Acid,70
30.75,D6_a-Keto-Glutaric_Acid,69
31.0,D6_a-Keto-Glutaric_Acid,70
31.25,D6_a-Keto-Glutaric_Acid,68
31.5,D6_a-Keto-Glutaric_Acid,67
31.75,D6_a-Keto-Glutaric_Acid,70
32.0,D6_a-Keto-Glutaric_Acid,73
32.25,D6_a-Keto-Glutaric_Acid,72
32.5,D6_a-Keto-Glutaric_Acid,73
32.75,D6_a-Keto-Glutaric_Acid,71
33.0,D6_a-Keto-Glutaric_Acid,72
33.25,D6_a-Keto-Glutaric_Acid,72
33.5,D6_a-Keto-Glutaric_Acid,76
33.75,D6_a-Keto-Glutaric_Acid,72
34.0,D6_a-Keto-Glutaric_Acid,74
34.25,D6_a-Keto-Glutaric_Acid,75
34.5,D6_a-Keto-Glutaric_Acid,74
34.75,D6_a-Keto-Glutaric_Acid,73
35.0,D6_a-Keto-Glutaric_Acid,75
35.25,D6_a-Keto-Glutaric_Acid,72
35.5,D6_a-Keto-Glutaric_Acid,73
35.75,D6_a-Keto-Glutaric_Acid,74
36.0,D6_a-Keto-Glutaric_Acid,74
36.25,D6_a-Keto-Glutaric_Acid,81
36.5,D6_a-Keto-Glutaric_Acid,69
36.75,D6_a-Keto-Glutaric_Acid,76
37.0,D6_a-Keto-Glutaric_Acid,77
37.25,D6_a-Keto-Glutaric_Acid,72
37.5,D6_a-Keto-Glutaric_Acid,72
37.75,D6_a-Keto-Glutaric_Acid,79
38.0,D6_a-Keto-Glutaric_Acid,83
38.25,D6_a-Keto-Glutaric_Acid,75
38.5,D6_a-Keto-Glutaric_Acid,77
38.75,D6_a-Keto-Glutaric_Acid,73
39.0,D6_a-Keto-Glutaric_Acid,81
39.25,D6_a-Keto-Glutaric_Acid,77
39.5,D6_a-Keto-Glutaric_Acid,78
39.75,D6_a-Keto-Glutaric_Acid,80
40.0,D6_a-Keto-Glutaric_Acid,79
40.25,D6_a-Keto-Glutaric_Acid,81
40.5,D6_a-Keto-Glutaric_Acid,80
40.75,D6_a-Keto-Glutaric_Acid,80
41.0,D6_a-Keto-Glutaric_Acid,77
41.25,D6_a-Keto-Glutaric_Acid,83
41.5,D6_a-Keto-Glutaric_Acid,82
41.75,D6_a-Keto-Glutaric_Acid,82
42.0,D6_a-Keto-Glutaric_Acid,79
42.25,D6_a-Keto-Glutaric_Acid,80
42.5,D6_a-Keto-Glutaric_Acid,79
42.75,D6_a-Keto-Glutaric_Acid,82
43.0,D6_a-Keto-Glutaric_Acid,82
43.25,D6_a-Keto-Glutaric_Acid,83
43.5,D6_a-Keto-Glutaric_Acid,80
43.75,D6_a-Keto-Glutaric_Acid,82
44.0,D6_a-Keto-Glutaric_Acid,86
44.25,D6_a-Keto-Glutaric_Acid,81
44.5,D6_a-Keto-Glutaric_Acid,88
44.75,D6_a-Keto-Glutaric_Acid,83
45.0,D6_a-Keto-Glutaric_Acid,82
45.25,D6_a-Keto-Glutaric_Acid,83
45.5,D6_a-Keto-Glutaric_Acid,86
45.75,D6_a-Keto-Glutaric_Acid,85
46.0,D6_a-Keto-Glutaric_Acid,88
46.25,D6_a-Keto-Glutaric_Acid,82
46.5,D6_a-Keto-Glutaric_Acid,91
46.75,D6_a-Keto-Glutaric_Acid,86
47.0,D6_a-Keto-Glutaric_Acid,85
47.25,D6_a-Keto-Glutaric_Acid,87
47.5,D6_a-Keto-Glutaric_Acid,0
0.0,D7_a-Keto-Butyric_Acid,15
0.25,D7_a-Keto-Butyric_Acid,25
0.5,D7_a-Keto-Butyric_Acid,16
0.75,D7_a-Keto-Butyric_Acid,19
1.0,D7_a-Keto-Butyric_Acid,11
1.25,D7_a-Keto-Butyric_Acid,13
1.5,D7_a-Keto-Butyric_Acid,11
1.75,D7_a-Keto-Butyric_Acid,14
2.0,D7_a-Keto-Butyric_Acid,14
2.25,D7_a-Keto-Butyric_Acid,12
2.5,D7_a-Keto-Butyric_Acid,15
2.75,D7_a-Keto-Butyric_Acid,14
3.0,D7_a-Keto-Butyric_Acid,18
3.25,D7_a-Keto-Butyric_Acid,17
3.5,D7_a-Keto-Butyric_Acid,13
3.75,D7_a-Keto-Butyric_Acid,14
4.0,D7_a-Keto-Butyric_Acid,15
4.25,D7_a-Keto-Butyric_Acid,17
4.5,D7_a-Keto-Butyric_Acid,15
4.75,D7_a-Keto-Butyric_Acid,20
5.0,D7_a-Keto-Butyric_Acid,21
5.25,D7_a-Keto-Butyric_Acid,21
5.5,D7_a-Keto-Butyric_Acid,19
5.75,D7_a-Keto-Butyric_Acid,21
6.0,D7_a-Keto-Butyric_Acid,23
6.25,D7_a-Keto-Butyric_Acid,22
6.5,D7_a-Keto-Butyric_Acid,23
6.75,D7_a-Keto-Butyric_Acid,20
7.0,D7_a-Keto-Butyric_Acid,24
7.25,D7_a-Keto-Butyric_Acid,23
7.5,D7_a-Keto-Butyric_Acid,27
7.75,D7_a-Keto-Butyric_Acid,29
8.0,D7_a-Keto-Butyric_Acid,29
8.25,D7_a-Keto-Butyric_Acid,31
8.5,D7_a-Keto-Butyric_Acid,31
8.75,D7_a-Keto-Butyric_Acid,31
9.0,D7_a-Keto-Butyric_Acid,34
9.25,D7_a-Keto-Butyric_Acid,27
9.5,D7_a-Keto-Butyric_Acid,30
9.75,D7_a-Keto-Butyric_Acid,36
10.0,D7_a-Keto-Butyric_Acid,38
10.25,D7_a-Keto-Butyric_Acid,38
10.5,D7_a-Keto-Butyric_Acid,36
10.75,D7_a-Keto-Butyric_Acid,40
11.0,D7_a-Keto-Butyric_Acid,37
11.25,D7_a-Keto-Butyric_Acid,39
11.5,D7_a-Keto-Butyric_Acid,39
11.75,D7_a-Keto-Butyric_Acid,45
12.0,D7_a-Keto-Butyric_Acid,46
12.25,D7_a-Keto-Butyric_Acid,42
12.5,D7_a-Keto-Butyric_Acid,49
12.75,D7_a-Keto-Butyric_Acid,43
13.0,D7_a-Keto-Butyric_Acid,49
13.25,D7_a-Keto-Butyric_Acid,50
13.5,D7_a-Keto-Butyric_Acid,50
13.75,D7_a-Keto-Butyric_Acid,50
14.0,D7_a-Keto-Butyric_Acid,48
14.25,D7_a-Keto-Butyric_Acid,49
14.5,D7_a-Keto-Butyric_Acid,53
14.75,D7_a-Keto-Butyric_Acid,53
15.0,D7_a-Keto-Butyric_Acid,51
15.25,D7_a-Keto-Butyric_Acid,55
15.5,D7_a-Keto-Butyric_Acid,53
15.75,D7_a-Keto-Butyric_Acid,56
16.0,D7_a-Keto-Butyric_Acid,56
16.25,D7_a-Keto-Butyric_Acid,54
16.5,D7_a-Keto-Butyric_Acid,54
16.75,D7_a-Keto-Butyric_Acid,53
17.0,D7_a-Keto-Butyric_Acid,60
17.25,D7_a-Keto-Butyric_Acid,50
17.5,D7_a-Keto-Butyric_Acid,55
17.75,D7_a-Keto-Butyric_Acid,55
18.0,D7_a-Keto-Butyric_Acid,58
18.25,D7_a-Keto-Butyric_Acid,55
18.5,D7_a-Keto-Butyric_Acid,56
18.75,D7_a-Keto-Butyric_Acid,61
19.0,D7_a-Keto-Butyric_Acid,62
19.25,D7_a-Keto-Butyric_Acid,62
19.5,D7_a-Keto-Butyric_Acid,56
19.75,D7_a-Keto-Butyric_Acid,56
20.0,D7_a-Keto-Butyric_Acid,63
20.25,D7_a-Keto-Butyric_Acid,59
20.5,D7_a-Keto-Butyric_Acid,58
20.75,D7_a-Keto-Butyric_Acid,63
21.0,D7_a-Keto-Butyric_Acid,61
21.25,D7_a-Keto-Butyric_Acid,60
21.5,D7_a-Keto-Butyric_Acid,59
21.75,D7_a-Keto-Butyric_Acid,57
22.0,D7_a-Keto-Butyric_Acid,59
22.25,D7_a-Keto-Butyric_Acid,65
22.5,D7_a-Keto-Butyric_Acid,63
22.75,D7_a-Keto-Butyric_Acid,58
23.0,D7_a-Keto-Butyric_Acid,65
23.25,D7_a-Keto-Butyric_Acid,63
23.5,D7_a-Keto-Butyric_Acid,64
23.75,D7_a-Keto-Butyric_Acid,67
24.0,D7_a-Keto-Butyric_Acid,60
24.25,D7_a-Keto-Butyric_Acid,58
24.5,D7_a-Keto-Butyric_Acid,65
24.75,D7_a-Keto-Butyric_Acid,63
25.0,D7_a-Keto-Butyric_Acid,66
25.25,D7_a-Keto-Butyric_Acid,65
25.5,D7_a-Keto-Butyric_Acid,63
25.75,D7_a-Keto-Butyric_Acid,63
26.0,D7_a-Keto-Butyric_Acid,63
26.25,D7_a-Keto-Butyric_Acid,67
26.5,D7_a-Keto-Butyric_Acid,64
26.75,D7_a-Keto-Butyric_Acid,67
27.0,D7_a-Keto-Butyric_Acid,70
27.25,D7_a-Keto-Butyric_Acid,70
27.5,D7_a-Keto-Butyric_Acid,75
27.75,D7_a-Keto-Butyric_Acid,64
28.0,D7_a-Keto-Butyric_Acid,65
28.25,D7_a-Keto-Butyric_Acid,67
28.5,D7_a-Keto-Butyric_Acid,71
28.75,D7_a-Keto-Butyric_Acid,68
29.0,D7_a-Keto-Butyric_Acid,68
29.25,D7_a-Keto-Butyric_Acid,71
29.5,D7_a-Keto-Butyric_Acid,73
29.75,D7_a-Keto-Butyric_Acid,68
30.0,D7_a-Keto-Butyric_Acid,70
30.25,D7_a-Keto-Butyric_Acid,69
30.5,D7_a-Keto-Butyric_Acid,71
30.75,D7_a-Keto-Butyric_Acid,71
31.0,D7_a-Keto-Butyric_Acid,73
31.25,D7_a-Keto-Butyric_Acid,73
31.5,D7_a-Keto-Butyric_Acid,67
31.75,D7_a-Keto-Butyric_Acid,73
32.0,D7_a-Keto-Butyric_Acid,75
32.25,D7_a-Keto-Butyric_Acid,72
32.5,D7_a-Keto-Butyric_Acid,74
32.75,D7_a-Keto-Butyric_Acid,74
33.0,D7_a-Keto-Butyric_Acid,72
33.25,D7_a-Keto-Butyric_Acid,75
33.5,D7_a-Keto-Butyric_Acid,75
33.75,D7_a-Keto-Butyric_Acid,76
34.0,D7_a-Keto-Butyric_Acid,74
34.25,D7_a-Keto-Butyric_Acid,77
34.5,D7_a-Keto-Butyric_Acid,75
34.75,D7_a-Keto-Butyric_Acid,71
35.0,D7_a-Keto-Butyric_Acid,76
35.25,D7_a-Keto-Butyric_Acid,72
35.5,D7_a-Keto-Butyric_Acid,79
35.75,D7_a-Keto-Butyric_Acid,76
36.0,D7_a-Keto-Butyric_Acid,76
36.25,D7_a-Keto-Butyric_Acid,82
36.5,D7_a-Keto-Butyric_Acid,71
36.75,D7_a-Keto-Butyric_Acid,83
37.0,D7_a-Keto-Butyric_Acid,79
37.25,D7_a-Keto-Butyric_Acid,74
37.5,D7_a-Keto-Butyric_Acid,74
37.75,D7_a-Keto-Butyric_Acid,80
38.0,D7_a-Keto-Butyric_Acid,80
38.25,D7_a-Keto-Butyric_Acid,74
38.5,D7_a-Keto-Butyric_Acid,74
38.75,D7_a-Keto-Butyric_Acid,76
39.0,D7_a-Keto-Butyric_Acid,81
39.25,D7_a-Keto-Butyric_Acid,81
39.5,D7_a-Keto-Butyric_Acid,74
39.75,D7_a-Keto-Butyric_Acid,79
40.0,D7_a-Keto-Butyric_Acid,83
40.25,D7_a-Keto-Butyric_Acid,81
40.5,D7_a-Keto-Butyric_Acid,83
40.75,D7_a-Keto-Butyric_Acid,84
41.0,D7_a-Keto-Butyric_Acid,85
41.25,D7_a-Keto-Butyric_Acid,84
41.5,D7_a-Keto-Butyric_Acid,82
41.75,D7_a-Keto-Butyric_Acid,87
42.0,D7_a-Keto-Butyric_Acid,86
42.25,D7_a-Keto-Butyric_Acid,87
42.5,D7_a-Keto-Butyric_Acid,86
42.75,D7_a-Keto-Butyric_Acid,87
43.0,D7_a-Keto-Butyric_Acid,88
43.25,D7_a-Keto-Butyric_Acid,82
43.5,D7_a-Keto-Butyric_Acid,87
43.75,D7_a-Keto-Butyric_Acid,84
44.0,D7_a-Keto-Butyric_Acid,83
44.25,D7_a-Keto-Butyric_Acid,91
44.5,D7_a-Keto-Butyric_Acid,85
44.75,D7_a-Keto-Butyric_Acid,88
45.0,D7_a-Keto-Butyric_Acid,87
45.25,D7_a-Keto-Butyric_Acid,89
45.5,D7_a-Keto-Butyric_Acid,89
45.75,D7_a-Keto-Butyric_Acid,88
46.0,D7_a-Keto-Butyric_Acid,92
46.25,D7_a-Keto-Butyric_Acid,87
46.5,D7_a-Keto-Butyric_Acid,96
46.75,D7_a-Keto-Butyric_Acid,92
47.0,D7_a-Keto-Butyric_Acid,87
47.25,D7_a-Keto-Butyric_Acid,93
47.5,D7_a-Keto-Butyric_Acid,0
0.0,D8_a-Methyl-D_Galactoside,11
0.25,D8_a-Methyl-D_Galactoside,11
0.5,D8_a-Methyl-D_Galactoside,11
0.75,D8_a-Methyl-D_Galactoside,11
1.0,D8_a-Methyl-D_Galactoside,11
1.25,D8_a-Methyl-D_Galactoside,11
1.5,D8_a-Methyl-D_Galactoside,13
1.75,D8_a-Methyl-D_Galactoside,13
2.0,D8_a-Methyl-D_Galactoside,11
2.25,D8_a-Methyl-D_Galactoside,17
2.5,D8_a-Methyl-D_Galactoside,15
2.75,D8_a-Methyl-D_Galactoside,14
3.0,D8_a-Methyl-D_Galactoside,11
3.25,D8_a-Methyl-D_Galactoside,14
3.5,D8_a-Methyl-D_Galactoside,13
3.75,D8_a-Methyl-D_Galactoside,14
4.0,D8_a-Methyl-D_Galactoside,15
4.25,D8_a-Methyl-D_Galactoside,11
4.5,D8_a-Methyl-D_Galactoside,17
4.75,D8_a-Methyl-D_Galactoside,15
5.0,D8_a-Methyl-D_Galactoside,15
5.25,D8_a-Methyl-D_Galactoside,15
5.5,D8_a-Methyl-D_Galactoside,14
5.75,D8_a-Methyl-D_Galactoside,13
6.0,D8_a-Methyl-D_Galactoside,22
6.25,D8_a-Methyl-D_Galactoside,21
6.5,D8_a-Methyl-D_Galactoside,21
6.75,D8_a-Methyl-D_Galactoside,18
7.0,D8_a-Methyl-D_Galactoside,19
7.25,D8_a-Methyl-D_Galactoside,18
7.5,D8_a-Methyl-D_Galactoside,22
7.75,D8_a-Methyl-D_Galactoside,22
8.0,D8_a-Methyl-D_Galactoside,27
8.25,D8_a-Methyl-D_Galactoside,24
8.5,D8_a-Methyl-D_Galactoside,24
8.75,D8_a-Methyl-D_Galactoside,21
9.0,D8_a-Methyl-D_Galactoside,24
9.25,D8_a-Methyl-D_Galactoside,24
9.5,D8_a-Methyl-D_Galactoside,28
9.75,D8_a-Methyl-D_Galactoside,26
10.0,D8_a-Methyl-D_Galactoside,22
10.25,D8_a-Methyl-D_Galactoside,23
10.5,D8_a-Methyl-D_Galactoside,22
10.75,D8_a-Methyl-D_Galactoside,25
11.0,D8_a-Methyl-D_Galactoside,24
11.25,D8_a-Methyl-D_Galactoside,21
11.5,D8_a-Methyl-D_Galactoside,22
11.75,D8_a-Methyl-D_Galactoside,24
12.0,D8_a-Methyl-D_Galactoside,22
12.25,D8_a-Methyl-D_Galactoside,23
12.5,D8_a-Methyl-D_Galactoside,25
12.75,D8_a-Methyl-D_Galactoside,24
13.0,D8_a-Methyl-D_Galactoside,26
13.25,D8_a-Methyl-D_Galactoside,21
13.5,D8_a-Methyl-D_Galactoside,23
13.75,D8_a-Methyl-D_Galactoside,22
14.0,D8_a-Methyl-D_Galactoside,22
14.25,D8_a-Methyl-D_Galactoside,28
14.5,D8_a-Methyl-D_Galactoside,26
14.75,D8_a-Methyl-D_Galactoside,29
15.0,D8_a-Methyl-D_Galactoside,29
15.25,D8_a-Methyl-D_Galactoside,30
15.5,D8_a-Methyl-D_Galactoside,28
15.75,D8_a-Methyl-D_Galactoside,29
16.0,D8_a-Methyl-D_Galactoside,29
16.25,D8_a-Methyl-D_Galactoside,30
16.5,D8_a-Methyl-D_Galactoside,29
16.75,D8_a-Methyl-D_Galactoside,30
17.0,D8_a-Methyl-D_Galactoside,29
17.25,D8_a-Methyl-D_Galactoside,32
17.5,D8_a-Methyl-D_Galactoside,30
17.75,D8_a-Methyl-D_Galactoside,28
18.0,D8_a-Methyl-D_Galactoside,30
18.25,D8_a-Methyl-D_Galactoside,28
18.5,D8_a-Methyl-D_Galactoside,28
18.75,D8_a-Methyl-D_Galactoside,30
19.0,D8_a-Methyl-D_Galactoside,32
19.25,D8_a-Methyl-D_Galactoside,30
19.5,D8_a-Methyl-D_Galactoside,32
19.75,D8_a-Methyl-D_Galactoside,29
20.0,D8_a-Methyl-D_Galactoside,34
20.25,D8_a-Methyl-D_Galactoside,25
20.5,D8_a-Methyl-D_Galactoside,32
20.75,D8_a-Methyl-D_Galactoside,35
21.0,D8_a-Methyl-D_Galactoside,39
21.25,D8_a-Methyl-D_Galactoside,33
21.5,D8_a-Methyl-D_Galactoside,32
21.75,D8_a-Methyl-D_Galactoside,30
22.0,D8_a-Methyl-D_Galactoside,33
22.25,D8_a-Methyl-D_Galactoside,35
22.5,D8_a-Methyl-D_Galactoside,32
22.75,D8_a-Methyl-D_Galactoside,31
23.0,D8_a-Methyl-D_Galactoside,33
23.25,D8_a-Methyl-D_Galactoside,35
23.5,D8_a-Methyl-D_Galactoside,32
23.75,D8_a-Methyl-D_Galactoside,34
24.0,D8_a-Methyl-D_Galactoside,35
24.25,D8_a-Methyl-D_Galactoside,30
24.5,D8_a-Methyl-D_Galactoside,32
24.75,D8_a-Methyl-D_Galactoside,30
25.0,D8_a-Methyl-D_Galactoside,33
25.25,D8_a-Methyl-D_Galactoside,33
25.5,D8_a-Methyl-D_Galactoside,32
25.75,D8_a-Methyl-D_Galactoside,34
26.0,D8_a-Methyl-D_Galactoside,36
26.25,D8_a-Methyl-D_Galactoside,38
26.5,D8_a-Methyl-D_Galactoside,34
26.75,D8_a-Methyl-D_Galactoside,35
27.0,D8_a-Methyl-D_Galactoside,32
27.25,D8_a-Methyl-D_Galactoside,35
27.5,D8_a-Methyl-D_Galactoside,29
27.75,D8_a-Methyl-D_Galactoside,33
28.0,D8_a-Methyl-D_Galactoside,32
28.25,D8_a-Methyl-D_Galactoside,36
28.5,D8_a-Methyl-D_Galactoside,33
28.75,D8_a-Methyl-D_Galactoside,36
29.0,D8_a-Methyl-D_Galactoside,36
29.25,D8_a-Methyl-D_Galactoside,38
29.5,D8_a-Methyl-D_Galactoside,38
29.75,D8_a-Methyl-D_Galactoside,39
30.0,D8_a-Methyl-D_Galactoside,34
30.25,D8_a-Methyl-D_Galactoside,38
30.5,D8_a-Methyl-D_Galactoside,36
30.75,D8_a-Methyl-D_Galactoside,35
31.0,D8_a-Methyl-D_Galactoside,34
31.25,D8_a-Methyl-D_Galactoside,32
31.5,D8_a-Methyl-D_Galactoside,31
31.75,D8_a-Methyl-D_Galactoside,31
32.0,D8_a-Methyl-D_Galactoside,34
32.25,D8_a-Methyl-D_Galactoside,34
32.5,D8_a-Methyl-D_Galactoside,35
32.75,D8_a-Methyl-D_Galactoside,38
33.0,D8_a-Methyl-D_Galactoside,32
33.25,D8_a-Methyl-D_Galactoside,36
33.5,D8_a-Methyl-D_Galactoside,33
33.75,D8_a-Methyl-D_Galactoside,36
34.0,D8_a-Methyl-D_Galactoside,33
34.25,D8_a-Methyl-D_Galactoside,33
34.5,D8_a-Methyl-D_Galactoside,36
34.75,D8_a-Methyl-D_Galactoside,37
35.0,D8_a-Methyl-D_Galactoside,33
35.25,D8_a-Methyl-D_Galactoside,36
35.5,D8_a-Methyl-D_Galactoside,32
35.75,D8_a-Methyl-D_Galactoside,34
36.0,D8_a-Methyl-D_Galactoside,36
36.25,D8_a-Methyl-D_Galactoside,32
36.5,D8_a-Methyl-D_Galactoside,32
36.75,D8_a-Methyl-D_Galactoside,31
37.0,D8_a-Methyl-D_Galactoside,34
37.25,D8_a-Methyl-D_Galactoside,31
37.5,D8_a-Methyl-D_Galactoside,34
37.75,D8_a-Methyl-D_Galactoside,34
38.0,D8_a-Methyl-D_Galactoside,32
38.25,D8_a-Methyl-D_Galactoside,34
38.5,D8_a-Methyl-D_Galactoside,38
38.75,D8_a-Methyl-D_Galactoside,39
39.0,D8_a-Methyl-D_Galactoside,34
39.25,D8_a-Methyl-D_Galactoside,33
39.5,D8_a-Methyl-D_Galactoside,32
39.75,D8_a-Methyl-D_Galactoside,36
40.0,D8_a-Methyl-D_Galactoside,37
40.25,D8_a-Methyl-D_Galactoside,36
40.5,D8_a-Methyl-D_Galactoside,35
40.75,D8_a-Methyl-D_Galactoside,37
41.0,D8_a-Methyl-D_Galactoside,38
41.25,D8_a-Methyl-D_Galactoside,37
41.5,D8_a-Methyl-D_Galactoside,31
41.75,D8_a-Methyl-D_Galactoside,35
42.0,D8_a-Methyl-D_Galactoside,33
42.25,D8_a-Methyl-D_Galactoside,35
42.5,D8_a-Methyl-D_Galactoside,38
42.75,D8_a-Methyl-D_Galactoside,33
43.0,D8_a-Methyl-D_Galactoside,36
43.25,D8_a-Methyl-D_Galactoside,38
43.5,D8_a-Methyl-D_Galactoside,38
43.75,D8_a-Methyl-D_Galactoside,35
44.0,D8_a-Methyl-D_Galactoside,40
44.25,D8_a-Methyl-D_Galactoside,36
44.5,D8_a-Methyl-D_Galactoside,39
44.75,D8_a-Methyl-D_Galactoside,34
45.0,D8_a-Methyl-D_Galactoside,38
45.25,D8_a-Methyl-D_Galactoside,42
45.5,D8_a-Methyl-D_Galactoside,34
45.75,D8_a-Methyl-D_Galactoside,36
46.0,D8_a-Methyl-D_Galactoside,38
46.25,D8_a-Methyl-D_Galactoside,35
46.5,D8_a-Methyl-D_Galactoside,39
46.75,D8_a-Methyl-D_Galactoside,38
47.0,D8_a-Methyl-D_Galactoside,38
47.25,D8_a-Methyl-D_Galactoside,38
47.5,D8_a-Methyl-D_Galactoside,0
0.0,D9_a-D-Lactose,21
0.25,D9_a-D-Lactose,11
0.5,D9_a-D-Lactose,11
0.75,D9_a-D-Lactose,13
1.0,D9_a-D-Lactose,11
1.25,D9_a-D-Lactose,11
1.5,D9_a-D-Lactose,15
1.75,D9_a-D-Lactose,11
2.0,D9_a-D-Lactose,12
2.25,D9_a-D-Lactose,14
2.5,D9_a-D-Lactose,12
2.75,D9_a-D-Lactose,11
3.0,D9_a-D-Lactose,11
3.25,D9_a-D-Lactose,11
3.5,D9_a-D-Lactose,12
3.75,D9_a-D-Lactose,11
4.0,D9_a-D-Lactose,13
4.25,D9_a-D-Lactose,11
4.5,D9_a-D-Lactose,15
4.75,D9_a-D-Lactose,15
5.0,D9_a-D-Lactose,16
5.25,D9_a-D-Lactose,16
5.5,D9_a-D-Lactose,14
5.75,D9_a-D-Lactose,13
6.0,D9_a-D-Lactose,15
6.25,D9_a-D-Lactose,14
6.5,D9_a-D-Lactose,18
6.75,D9_a-D-Lactose,13
7.0,D9_a-D-Lactose,22
7.25,D9_a-D-Lactose,23
7.5,D9_a-D-Lactose,20
7.75,D9_a-D-Lactose,22
8.0,D9_a-D-Lactose,25
8.25,D9_a-D-Lactose,26
8.5,D9_a-D-Lactose,29
8.75,D9_a-D-Lactose,34
9.0,D9_a-D-Lactose,34
9.25,D9_a-D-Lactose,35
9.5,D9_a-D-Lactose,40
9.75,D9_a-D-Lactose,43
10.0,D9_a-D-Lactose,46
10.25,D9_a-D-Lactose,49
10.5,D9_a-D-Lactose,55
10.75,D9_a-D-Lactose,59
11.0,D9_a-D-Lactose,62
11.25,D9_a-D-Lactose,67
11.5,D9_a-D-Lactose,70
11.75,D9_a-D-Lactose,70
12.0,D9_a-D-Lactose,80
12.25,D9_a-D-Lactose,85
12.5,D9_a-D-Lactose,89
12.75,D9_a-D-Lactose,95
13.0,D9_a-D-Lactose,101
13.25,D9_a-D-Lactose,110
13.5,D9_a-D-Lactose,113
13.75,D9_a-D-Lactose,119
14.0,D9_a-D-Lactose,127
14.25,D9_a-D-Lactose,128
14.5,D9_a-D-Lactose,137
14.75,D9_a-D-Lactose,137
15.0,D9_a-D-Lactose,145
15.25,D9_a-D-Lactose,149
15.5,D9_a-D-Lactose,155
15.75,D9_a-D-Lactose,160
16.0,D9_a-D-Lactose,164
16.25,D9_a-D-Lactose,173
16.5,D9_a-D-Lactose,172
16.75,D9_a-D-Lactose,177
17.0,D9_a-D-Lactose,184
17.25,D9_a-D-Lactose,192
17.5,D9_a-D-Lactose,194
17.75,D9_a-D-Lactose,197
18.0,D9_a-D-Lactose,201
18.25,D9_a-D-Lactose,204
18.5,D9_a-D-Lactose,206
18.75,D9_a-D-Lactose,213
19.0,D9_a-D-Lactose,212
19.25,D9_a-D-Lactose,215
19.5,D9_a-D-Lactose,219
19.75,D9_a-D-Lactose,220
20.0,D9_a-D-Lactose,227
20.25,D9_a-D-Lactose,226
20.5,D9_a-D-Lactose,230
20.75,D9_a-D-Lactose,233
21.0,D9_a-D-Lactose,234
21.25,D9_a-D-Lactose,232
21.5,D9_a-D-Lactose,234
21.75,D9_a-D-Lactose,237
22.0,D9_a-D-Lactose,240
22.25,D9_a-D-Lactose,243
22.5,D9_a-D-Lactose,245
22.75,D9_a-D-Lactose,245
23.0,D9_a-D-Lactose,246
23.25,D9_a-D-Lactose,249
23.5,D9_a-D-Lactose,247
23.75,D9_a-D-Lactose,250
24.0,D9_a-D-Lactose,251
24.25,D9_a-D-Lactose,252
24.5,D9_a-D-Lactose,252
24.75,D9_a-D-Lactose,255
25.0,D9_a-D-Lactose,255
25.25,D9_a-D-Lactose,259
25.5,D9_a-D-Lactose,255
25.75,D9_a-D-Lactose,258
26.0,D9_a-D-Lactose,257
26.25,D9_a-D-Lactose,259
26.5,D9_a-D-Lactose,255
26.75,D9_a-D-Lactose,256
27.0,D9_a-D-Lactose,266
27.25,D9_a-D-Lactose,263
27.5,D9_a-D-Lactose,263
27.75,D9_a-D-Lactose,263
28.0,D9_a-D-Lactose,262
28.25,D9_a-D-Lactose,263
28.5,D9_a-D-Lactose,267
28.75,D9_a-D-Lactose,266
29.0,D9_a-D-Lactose,269
29.25,D9_a-D-Lactose,264
29.5,D9_a-D-Lactose,266
29.75,D9_a-D-Lactose,266
30.0,D9_a-D-Lactose,266
30.25,D9_a-D-Lactose,267
30.5,D9_a-D-Lactose,270
30.75,D9_a-D-Lactose,271
31.0,D9_a-D-Lactose,268
31.25,D9_a-D-Lactose,265
31.5,D9_a-D-Lactose,267
31.75,D9_a-D-Lactose,267
32.0,D9_a-D-Lactose,265
32.25,D9_a-D-Lactose,265
32.5,D9_a-D-Lactose,266
32.75,D9_a-D-Lactose,270
33.0,D9_a-D-Lactose,270
33.25,D9_a-D-Lactose,266
33.5,D9_a-D-Lactose,268
33.75,D9_a-D-Lactose,268
34.0,D9_a-D-Lactose,267
34.25,D9_a-D-Lactose,266
34.5,D9_a-D-Lactose,269
34.75,D9_a-D-Lactose,269
35.0,D9_a-D-Lactose,267
35.25,D9_a-D-Lactose,268
35.5,D9_a-D-Lactose,268
35.75,D9_a-D-Lactose,266
36.0,D9_a-D-Lactose,270
36.25,D9_a-D-Lactose,270
36.5,D9_a-D-Lactose,268
36.75,D9_a-D-Lactose,268
37.0,D9_a-D-Lactose,266
37.25,D9_a-D-Lactose,267
37.5,D9_a-D-Lactose,266
37.75,D9_a-D-Lactose,267
38.0,D9_a-D-Lactose,269
38.25,D9_a-D-Lactose,269
38.5,D9_a-D-Lactose,271
38.75,D9_a-D-Lactose,269
39.0,D9_a-D-Lactose,269
39.25,D9_a-D-Lactose,268
39.5,D9_a-D-Lactose,267
39.75,D9_a-D-Lactose,266
40.0,D9_a-D-Lactose,268
40.25,D9_a-D-Lactose,264
40.5,D9_a-D-Lactose,270
40.75,D9_a-D-Lactose,270
41.0,D9_a-D-Lactose,275
41.25,D9_a-D-Lactose,274
41.5,D9_a-D-Lactose,269
41.75,D9_a-D-Lactose,273
42.0,D9_a-D-Lactose,270
42.25,D9_a-D-Lactose,277
42.5,D9_a-D-Lactose,274
42.75,D9_a-D-Lactose,275
43.0,D9_a-D-Lactose,275
43.25,D9_a-D-Lactose,274
43.5,D9_a-D-Lactose,271
43.75,D9_a-D-Lactose,273
44.0,D9_a-D-Lactose,275
44.25,D9_a-D-Lactose,271
44.5,D9_a-D-Lactose,272
44.75,D9_a-D-Lactose,268
45.0,D9_a-D-Lactose,275
45.25,D9_a-D-Lactose,275
45.5,D9_a-D-Lactose,272
45.75,D9_a-D-Lactose,278
46.0,D9_a-D-Lactose,275
46.25,D9_a-D-Lactose,274
46.5,D9_a-D-Lactose,270
46.75,D9_a-D-Lactose,272
47.0,D9_a-D-Lactose,271
47.25,D9_a-D-Lactose,275
47.5,D9_a-D-Lactose,0
0.0,D10_Lactulose,55
0.25,D10_Lactulose,14
0.5,D10_Lactulose,12
0.75,D10_Lactulose,14
1.0,D10_Lactulose,11
1.25,D10_Lactulose,11
1.5,D10_Lactulose,11
1.75,D10_Lactulose,13
2.0,D10_Lactulose,11
2.25,D10_Lactulose,14
2.5,D10_Lactulose,16
2.75,D10_Lactulose,11
3.0,D10_Lactulose,11
3.25,D10_Lactulose,13
3.5,D10_Lactulose,13
3.75,D10_Lactulose,11
4.0,D10_Lactulose,14
4.25,D10_Lactulose,13
4.5,D10_Lactulose,14
4.75,D10_Lactulose,15
5.0,D10_Lactulose,15
5.25,D10_Lactulose,18
5.5,D10_Lactulose,18
5.75,D10_Lactulose,18
6.0,D10_Lactulose,18
6.25,D10_Lactulose,20
6.5,D10_Lactulose,20
6.75,D10_Lactulose,23
7.0,D10_Lactulose,21
7.25,D10_Lactulose,24
7.5,D10_Lactulose,24
7.75,D10_Lactulose,25
8.0,D10_Lactulose,24
8.25,D10_Lactulose,27
8.5,D10_Lactulose,33
8.75,D10_Lactulose,28
9.0,D10_Lactulose,31
9.25,D10_Lactulose,29
9.5,D10_Lactulose,31
9.75,D10_Lactulose,31
10.0,D10_Lactulose,31
10.25,D10_Lactulose,28
10.5,D10_Lactulose,38
10.75,D10_Lactulose,36
11.0,D10_Lactulose,37
11.25,D10_Lactulose,35
11.5,D10_Lactulose,40
11.75,D10_Lactulose,41
12.0,D10_Lactulose,37
12.25,D10_Lactulose,39
12.5,D10_Lactulose,40
12.75,D10_Lactulose,35
13.0,D10_Lactulose,41
13.25,D10_Lactulose,47
13.5,D10_Lactulose,50
13.75,D10_Lactulose,49
14.0,D10_Lactulose,56
14.25,D10_Lactulose,60
14.5,D10_Lactulose,66
14.75,D10_Lactulose,71
15.0,D10_Lactulose,66
15.25,D10_Lactulose,73
15.5,D10_Lactulose,77
15.75,D10_Lactulose,86
16.0,D10_Lactulose,92
16.25,D10_Lactulose,95
16.5,D10_Lactulose,97
16.75,D10_Lactulose,102
17.0,D10_Lactulose,108
17.25,D10_Lactulose,110
17.5,D10_Lactulose,114
17.75,D10_Lactulose,122
18.0,D10_Lactulose,127
18.25,D10_Lactulose,132
18.5,D10_Lactulose,134
18.75,D10_Lactulose,134
19.0,D10_Lactulose,140
19.25,D10_Lactulose,145
19.5,D10_Lactulose,149
19.75,D10_Lactulose,148
20.0,D10_Lactulose,154
20.25,D10_Lactulose,155
20.5,D10_Lactulose,164
20.75,D10_Lactulose,170
21.0,D10_Lactulose,171
21.25,D10_Lactulose,177
21.5,D10_Lactulose,185
21.75,D10_Lactulose,187
22.0,D10_Lactulose,197
22.25,D10_Lactulose,195
22.5,D10_Lactulose,200
22.75,D10_Lactulose,203
23.0,D10_Lactulose,204
23.25,D10_Lactulose,206
23.5,D10_Lactulose,211
23.75,D10_Lactulose,215
24.0,D10_Lactulose,219
24.25,D10_Lactulose,218
24.5,D10_Lactulose,225
24.75,D10_Lactulose,224
25.0,D10_Lactulose,227
25.25,D10_Lactulose,228
25.5,D10_Lactulose,227
25.75,D10_Lactulose,233
26.0,D10_Lactulose,238
26.25,D10_Lactulose,237
26.5,D10_Lactulose,236
26.75,D10_Lactulose,235
27.0,D10_Lactulose,233
27.25,D10_Lactulose,233
27.5,D10_Lactulose,238
27.75,D10_Lactulose,238
28.0,D10_Lactulose,241
28.25,D10_Lactulose,242
28.5,D10_Lactulose,243
28.75,D10_Lactulose,243
29.0,D10_Lactulose,243
29.25,D10_Lactulose,241
29.5,D10_Lactulose,243
29.75,D10_Lactulose,246
30.0,D10_Lactulose,244
30.25,D10_Lactulose,247
30.5,D10_Lactulose,245
30.75,D10_Lactulose,249
31.0,D10_Lactulose,246
31.25,D10_Lactulose,246
31.5,D10_Lactulose,250
31.75,D10_Lactulose,247
32.0,D10_Lactulose,248
32.25,D10_Lactulose,249
32.5,D10_Lactulose,254
32.75,D10_Lactulose,249
33.0,D10_Lactulose,249
33.25,D10_Lactulose,252
33.5,D10_Lactulose,251
33.75,D10_Lactulose,254
34.0,D10_Lactulose,253
34.25,D10_Lactulose,253
34.5,D10_Lactulose,255
34.75,D10_Lactulose,257
35.0,D10_Lactulose,254
35.25,D10_Lactulose,253
35.5,D10_Lactulose,253
35.75,D10_Lactulose,254
36.0,D10_Lactulose,254
36.25,D10_Lactulose,254
36.5,D10_Lactulose,254
36.75,D10_Lactulose,257
37.0,D10_Lactulose,255
37.25,D10_Lactulose,258
37.5,D10_Lactulose,256
37.75,D10_Lactulose,256
38.0,D10_Lactulose,260
38.25,D10_Lactulose,258
38.5,D10_Lactulose,260
38.75,D10_Lactulose,261
39.0,D10_Lactulose,260
39.25,D10_Lactulose,259
39.5,D10_Lactulose,260
39.75,D10_Lactulose,260
40.0,D10_Lactulose,258
40.25,D10_Lactulose,261
40.5,D10_Lactulose,265
40.75,D10_Lactulose,261
41.0,D10_Lactulose,264
41.25,D10_Lactulose,264
41.5,D10_Lactulose,259
41.75,D10_Lactulose,263
42.0,D10_Lactulose,263
42.25,D10_Lactulose,268
42.5,D10_Lactulose,265
42.75,D10_Lactulose,265
43.0,D10_Lactulose,268
43.25,D10_Lactulose,267
43.5,D10_Lactulose,271
43.75,D10_Lactulose,268
44.0,D10_Lactulose,272
44.25,D10_Lactulose,269
44.5,D10_Lactulose,272
44.75,D10_Lactulose,268
45.0,D10_Lactulose,273
45.25,D10_Lactulose,275
45.5,D10_Lactulose,271
45.75,D10_Lactulose,272
46.0,D10_Lactulose,274
46.25,D10_Lactulose,272
46.5,D10_Lactulose,273
46.75,D10_Lactulose,276
47.0,D10_Lactulose,274
47.25,D10_Lactulose,275
47.5,D10_Lactulose,0
0.0,D11_Sucrose,33
0.25,D11_Sucrose,11
0.5,D11_Sucrose,17
0.75,D11_Sucrose,20
1.0,D11_Sucrose,11
1.25,D11_Sucrose,14
1.5,D11_Sucrose,20
1.75,D11_Sucrose,16
2.0,D11_Sucrose,15
2.25,D11_Sucrose,13
2.5,D11_Sucrose,15
2.75,D11_Sucrose,13
3.0,D11_Sucrose,15
3.25,D11_Sucrose,16
3.5,D11_Sucrose,16
3.75,D11_Sucrose,14
4.0,D11_Sucrose,15
4.25,D11_Sucrose,18
4.5,D11_Sucrose,20
4.75,D11_Sucrose,14
5.0,D11_Sucrose,17
5.25,D11_Sucrose,21
5.5,D11_Sucrose,18
5.75,D11_Sucrose,21
6.0,D11_Sucrose,25
6.25,D11_Sucrose,18
6.5,D11_Sucrose,28
6.75,D11_Sucrose,28
7.0,D11_Sucrose,33
7.25,D11_Sucrose,27
7.5,D11_Sucrose,26
7.75,D11_Sucrose,32
8.0,D11_Sucrose,33
8.25,D11_Sucrose,32
8.5,D11_Sucrose,28
8.75,D11_Sucrose,30
9.0,D11_Sucrose,31
9.25,D11_Sucrose,30
9.5,D11_Sucrose,36
9.75,D11_Sucrose,34
10.0,D11_Sucrose,29
10.25,D11_Sucrose,29
10.5,D11_Sucrose,30
10.75,D11_Sucrose,32
11.0,D11_Sucrose,32
11.25,D11_Sucrose,31
11.5,D11_Sucrose,33
11.75,D11_Sucrose,34
12.0,D11_Sucrose,32
12.25,D11_Sucrose,33
12.5,D11_Sucrose,30
12.75,D11_Sucrose,34
13.0,D11_Sucrose,35
13.25,D11_Sucrose,32
13.5,D11_Sucrose,35
13.75,D11_Sucrose,37
14.0,D11_Sucrose,36
14.25,D11_Sucrose,34
14.5,D11_Sucrose,32
14.75,D11_Sucrose,35
15.0,D11_Sucrose,38
15.25,D11_Sucrose,37
15.5,D11_Sucrose,37
15.75,D11_Sucrose,38
16.0,D11_Sucrose,34
16.25,D11_Sucrose,36
16.5,D11_Sucrose,40
16.75,D11_Sucrose,36
17.0,D11_Sucrose,43
17.25,D11_Sucrose,39
17.5,D11_Sucrose,41
17.75,D11_Sucrose,39
18.0,D11_Sucrose,42
18.25,D11_Sucrose,40
18.5,D11_Sucrose,39
18.75,D11_Sucrose,45
19.0,D11_Sucrose,40
19.25,D11_Sucrose,42
19.5,D11_Sucrose,38
19.75,D11_Sucrose,41
20.0,D11_Sucrose,40
20.25,D11_Sucrose,40
20.5,D11_Sucrose,40
20.75,D11_Sucrose,46
21.0,D11_Sucrose,43
21.25,D11_Sucrose,43
21.5,D11_Sucrose,37
21.75,D11_Sucrose,41
22.0,D11_Sucrose,41
22.25,D11_Sucrose,45
22.5,D11_Sucrose,43
22.75,D11_Sucrose,40
23.0,D11_Sucrose,42
23.25,D11_Sucrose,45
23.5,D11_Sucrose,42
23.75,D11_Sucrose,42
24.0,D11_Sucrose,46
24.25,D11_Sucrose,40
24.5,D11_Sucrose,39
24.75,D11_Sucrose,43
25.0,D11_Sucrose,44
25.25,D11_Sucrose,44
25.5,D11_Sucrose,41
25.75,D11_Sucrose,47
26.0,D11_Sucrose,44
26.25,D11_Sucrose,41
26.5,D11_Sucrose,47
26.75,D11_Sucrose,44
27.0,D11_Sucrose,47
27.25,D11_Sucrose,46
27.5,D11_Sucrose,45
27.75,D11_Sucrose,47
28.0,D11_Sucrose,47
28.25,D11_Sucrose,42
28.5,D11_Sucrose,43
28.75,D11_Sucrose,49
29.0,D11_Sucrose,47
29.25,D11_Sucrose,44
29.5,D11_Sucrose,42
29.75,D11_Sucrose,47
30.0,D11_Sucrose,43
30.25,D11_Sucrose,44
30.5,D11_Sucrose,47
30.75,D11_Sucrose,44
31.0,D11_Sucrose,45
31.25,D11_Sucrose,43
31.5,D11_Sucrose,42
31.75,D11_Sucrose,41
32.0,D11_Sucrose,45
32.25,D11_Sucrose,45
32.5,D11_Sucrose,43
32.75,D11_Sucrose,45
33.0,D11_Sucrose,43
33.25,D11_Sucrose,45
33.5,D11_Sucrose,44
33.75,D11_Sucrose,45
34.0,D11_Sucrose,38
34.25,D11_Sucrose,39
34.5,D11_Sucrose,44
34.75,D11_Sucrose,47
35.0,D11_Sucrose,43
35.25,D11_Sucrose,42
35.5,D11_Sucrose,44
35.75,D11_Sucrose,45
36.0,D11_Sucrose,45
36.25,D11_Sucrose,42
36.5,D11_Sucrose,40
36.75,D11_Sucrose,42
37.0,D11_Sucrose,45
37.25,D11_Sucrose,41
37.5,D11_Sucrose,42
37.75,D11_Sucrose,43
38.0,D11_Sucrose,42
38.25,D11_Sucrose,43
38.5,D11_Sucrose,44
38.75,D11_Sucrose,39
39.0,D11_Sucrose,42
39.25,D11_Sucrose,45
39.5,D11_Sucrose,44
39.75,D11_Sucrose,50
40.0,D11_Sucrose,43
40.25,D11_Sucrose,45
40.5,D11_Sucrose,47
40.75,D11_Sucrose,46
41.0,D11_Sucrose,50
41.25,D11_Sucrose,45
41.5,D11_Sucrose,45
41.75,D11_Sucrose,44
42.0,D11_Sucrose,44
42.25,D11_Sucrose,43
42.5,D11_Sucrose,46
42.75,D11_Sucrose,42
43.0,D11_Sucrose,47
43.25,D11_Sucrose,42
43.5,D11_Sucrose,49
43.75,D11_Sucrose,45
44.0,D11_Sucrose,50
44.25,D11_Sucrose,47
44.5,D11_Sucrose,49
44.75,D11_Sucrose,44
45.0,D11_Sucrose,43
45.25,D11_Sucrose,49
45.5,D11_Sucrose,41
45.75,D11_Sucrose,50
46.0,D11_Sucrose,49
46.25,D11_Sucrose,46
46.5,D11_Sucrose,47
46.75,D11_Sucrose,46
47.0,D11_Sucrose,45
47.25,D11_Sucrose,44
47.5,D11_Sucrose,0
0.0,D12_Uridine,25
0.25,D12_Uridine,24
0.5,D12_Uridine,24
0.75,D12_Uridine,24
1.0,D12_Uridine,23
1.25,D12_Uridine,18
1.5,D12_Uridine,21
1.75,D12_Uridine,22
2.0,D12_Uridine,22
2.25,D12_Uridine,26
2.5,D12_Uridine,22
2.75,D12_Uridine,23
3.0,D12_Uridine,20
3.25,D12_Uridine,22
3.5,D12_Uridine,23
3.75,D12_Uridine,21
4.0,D12_Uridine,22
4.25,D12_Uridine,26
4.5,D12_Uridine,22
4.75,D12_Uridine,22
5.0,D12_Uridine,24
5.25,D12_Uridine,28
5.5,D12_Uridine,24
5.75,D12_Uridine,27
6.0,D12_Uridine,27
6.25,D12_Uridine,31
6.5,D12_Uridine,27
6.75,D12_Uridine,27
7.0,D12_Uridine,31
7.25,D12_Uridine,27
7.5,D12_Uridine,28
7.75,D12_Uridine,34
8.0,D12_Uridine,36
8.25,D12_Uridine,37
8.5,D12_Uridine,35
8.75,D12_Uridine,34
9.0,D12_Uridine,37
9.25,D12_Uridine,32
9.5,D12_Uridine,34
9.75,D12_Uridine,38
10.0,D12_Uridine,39
10.25,D12_Uridine,38
10.5,D12_Uridine,38
10.75,D12_Uridine,34
11.0,D12_Uridine,35
11.25,D12_Uridine,40
11.5,D12_Uridine,33
11.75,D12_Uridine,32
12.0,D12_Uridine,38
12.25,D12_Uridine,37
12.5,D12_Uridine,36
12.75,D12_Uridine,38
13.0,D12_Uridine,38
13.25,D12_Uridine,40
13.5,D12_Uridine,37
13.75,D12_Uridine,39
14.0,D12_Uridine,37
14.25,D12_Uridine,40
14.5,D12_Uridine,40
14.75,D12_Uridine,42
15.0,D12_Uridine,40
15.25,D12_Uridine,38
15.5,D12_Uridine,43
15.75,D12_Uridine,43
16.0,D12_Uridine,42
16.25,D12_Uridine,39
16.5,D12_Uridine,44
16.75,D12_Uridine,39
17.0,D12_Uridine,45
17.25,D12_Uridine,41
17.5,D12_Uridine,45
17.75,D12_Uridine,46
18.0,D12_Uridine,39
18.25,D12_Uridine,45
18.5,D12_Uridine,47
18.75,D12_Uridine,41
19.0,D12_Uridine,45
19.25,D12_Uridine,46
19.5,D12_Uridine,43
19.75,D12_Uridine,46
20.0,D12_Uridine,46
20.25,D12_Uridine,47
20.5,D12_Uridine,43
20.75,D12_Uridine,46
21.0,D12_Uridine,47
21.25,D12_Uridine,44
21.5,D12_Uridine,49
21.75,D12_Uridine,43
22.0,D12_Uridine,53
22.25,D12_Uridine,47
22.5,D12_Uridine,50
22.75,D12_Uridine,41
23.0,D12_Uridine,44
23.25,D12_Uridine,47
23.5,D12_Uridine,46
23.75,D12_Uridine,46
24.0,D12_Uridine,48
24.25,D12_Uridine,47
24.5,D12_Uridine,44
24.75,D12_Uridine,46
25.0,D12_Uridine,48
25.25,D12_Uridine,44
25.5,D12_Uridine,44
25.75,D12_Uridine,45
26.0,D12_Uridine,48
26.25,D12_Uridine,49
26.5,D12_Uridine,43
26.75,D12_Uridine,51
27.0,D12_Uridine,48
27.25,D12_Uridine,47
27.5,D12_Uridine,47
27.75,D12_Uridine,44
28.0,D12_Uridine,43
28.25,D12_Uridine,42
28.5,D12_Uridine,47
28.75,D12_Uridine,46
29.0,D12_Uridine,47
29.25,D12_Uridine,49
29.5,D12_Uridine,46
29.75,D12_Uridine,41
30.0,D12_Uridine,51
30.25,D12_Uridine,47
30.5,D12_Uridine,48
30.75,D12_Uridine,47
31.0,D12_Uridine,46
31.25,D12_Uridine,48
31.5,D12_Uridine,46
31.75,D12_Uridine,51
32.0,D12_Uridine,51
32.25,D12_Uridine,47
32.5,D12_Uridine,50
32.75,D12_Uridine,49
33.0,D12_Uridine,47
33.25,D12_Uridine,51
33.5,D12_Uridine,49
33.75,D12_Uridine,51
34.0,D12_Uridine,47
34.25,D12_Uridine,48
34.5,D12_Uridine,54
34.75,D12_Uridine,51
35.0,D12_Uridine,52
35.25,D12_Uridine,47
35.5,D12_Uridine,48
35.75,D12_Uridine,49
36.0,D12_Uridine,48
36.25,D12_Uridine,50
36.5,D12_Uridine,45
36.75,D12_Uridine,47
37.0,D12_Uridine,50
37.25,D12_Uridine,47
37.5,D12_Uridine,42
37.75,D12_Uridine,53
38.0,D12_Uridine,51
38.25,D12_Uridine,48
38.5,D12_Uridine,51
38.75,D12_Uridine,49
39.0,D12_Uridine,52
39.25,D12_Uridine,46
39.5,D12_Uridine,47
39.75,D12_Uridine,47
40.0,D12_Uridine,49
40.25,D12_Uridine,48
40.5,D12_Uridine,50
40.75,D12_Uridine,51
41.0,D12_Uridine,51
41.25,D12_Uridine,47
41.5,D12_Uridine,48
41.75,D12_Uridine,49
42.0,D12_Uridine,49
42.25,D12_Uridine,48
42.5,D12_Uridine,52
42.75,D12_Uridine,54
43.0,D12_Uridine,48
43.25,D12_Uridine,51
43.5,D12_Uridine,48
43.75,D12_Uridine,49
44.0,D12_Uridine,45
44.25,D12_Uridine,52
44.5,D12_Uridine,50
44.75,D12_Uridine,50
45.0,D12_Uridine,47
45.25,D12_Uridine,51
45.5,D12_Uridine,46
45.75,D12_Uridine,49
46.0,D12_Uridine,53
46.25,D12_Uridine,47
46.5,D12_Uridine,48
46.75,D12_Uridine,55
47.0,D12_Uridine,55
47.25,D12_Uridine,53
47.5,D12_Uridine,0
0.0,E1_L-Glutamine,21
0.25,E1_L-Glutamine,18
0.5,E1_L-Glutamine,21
0.75,E1_L-Glutamine,25
1.0,E1_L-Glutamine,20
1.25,E1_L-Glutamine,25
1.5,E1_L-Glutamine,21
1.75,E1_L-Glutamine,20
2.0,E1_L-Glutamine,25
2.25,E1_L-Glutamine,23
2.5,E1_L-Glutamine,22
2.75,E1_L-Glutamine,19
3.0,E1_L-Glutamine,16
3.25,E1_L-Glutamine,23
3.5,E1_L-Glutamine,21
3.75,E1_L-Glutamine,21
4.0,E1_L-Glutamine,18
4.25,E1_L-Glutamine,22
4.5,E1_L-Glutamine,24
4.75,E1_L-Glutamine,26
5.0,E1_L-Glutamine,25
5.25,E1_L-Glutamine,28
5.5,E1_L-Glutamine,30
5.75,E1_L-Glutamine,33
6.0,E1_L-Glutamine,31
6.25,E1_L-Glutamine,36
6.5,E1_L-Glutamine,32
6.75,E1_L-Glutamine,35
7.0,E1_L-Glutamine,39
7.25,E1_L-Glutamine,38
7.5,E1_L-Glutamine,39
7.75,E1_L-Glutamine,38
8.0,E1_L-Glutamine,40
8.25,E1_L-Glutamine,38
8.5,E1_L-Glutamine,42
8.75,E1_L-Glutamine,44
9.0,E1_L-Glutamine,42
9.25,E1_L-Glutamine,43
9.5,E1_L-Glutamine,47
9.75,E1_L-Glutamine,49
10.0,E1_L-Glutamine,46
10.25,E1_L-Glutamine,46
10.5,E1_L-Glutamine,50
10.75,E1_L-Glutamine,46
11.0,E1_L-Glutamine,54
11.25,E1_L-Glutamine,51
11.5,E1_L-Glutamine,54
11.75,E1_L-Glutamine,57
12.0,E1_L-Glutamine,54
12.25,E1_L-Glutamine,60
12.5,E1_L-Glutamine,57
12.75,E1_L-Glutamine,60
13.0,E1_L-Glutamine,58
13.25,E1_L-Glutamine,63
13.5,E1_L-Glutamine,61
13.75,E1_L-Glutamine,66
14.0,E1_L-Glutamine,66
14.25,E1_L-Glutamine,69
14.5,E1_L-Glutamine,69
14.75,E1_L-Glutamine,66
15.0,E1_L-Glutamine,69
15.25,E1_L-Glutamine,68
15.5,E1_L-Glutamine,72
15.75,E1_L-Glutamine,75
16.0,E1_L-Glutamine,73
16.25,E1_L-Glutamine,79
16.5,E1_L-Glutamine,76
16.75,E1_L-Glutamine,75
17.0,E1_L-Glutamine,83
17.25,E1_L-Glutamine,81
17.5,E1_L-Glutamine,78
17.75,E1_L-Glutamine,78
18.0,E1_L-Glutamine,86
18.25,E1_L-Glutamine,85
18.5,E1_L-Glutamine,89
18.75,E1_L-Glutamine,87
19.0,E1_L-Glutamine,87
19.25,E1_L-Glutamine,95
19.5,E1_L-Glutamine,95
19.75,E1_L-Glutamine,95
20.0,E1_L-Glutamine,92
20.25,E1_L-Glutamine,102
20.5,E1_L-Glutamine,100
20.75,E1_L-Glutamine,106
21.0,E1_L-Glutamine,104
21.25,E1_L-Glutamine,105
21.5,E1_L-Glutamine,108
21.75,E1_L-Glutamine,112
22.0,E1_L-Glutamine,115
22.25,E1_L-Glutamine,118
22.5,E1_L-Glutamine,115
22.75,E1_L-Glutamine,116
23.0,E1_L-Glutamine,123
23.25,E1_L-Glutamine,121
23.5,E1_L-Glutamine,121
23.75,E1_L-Glutamine,130
24.0,E1_L-Glutamine,136
24.25,E1_L-Glutamine,126
24.5,E1_L-Glutamine,135
24.75,E1_L-Glutamine,139
25.0,E1_L-Glutamine,142
25.25,E1_L-Glutamine,142
25.5,E1_L-Glutamine,146
25.75,E1_L-Glutamine,150
26.0,E1_L-Glutamine,150
26.25,E1_L-Glutamine,155
26.5,E1_L-Glutamine,154
26.75,E1_L-Glutamine,156
27.0,E1_L-Glutamine,158
27.25,E1_L-Glutamine,154
27.5,E1_L-Glutamine,166
27.75,E1_L-Glutamine,159
28.0,E1_L-Glutamine,161
28.25,E1_L-Glutamine,165
28.5,E1_L-Glutamine,165
28.75,E1_L-Glutamine,171
29.0,E1_L-Glutamine,169
29.25,E1_L-Glutamine,172
29.5,E1_L-Glutamine,175
29.75,E1_L-Glutamine,176
30.0,E1_L-Glutamine,178
30.25,E1_L-Glutamine,176
30.5,E1_L-Glutamine,180
30.75,E1_L-Glutamine,183
31.0,E1_L-Glutamine,183
31.25,E1_L-Glutamine,187
31.5,E1_L-Glutamine,188
31.75,E1_L-Glutamine,189
32.0,E1_L-Glutamine,194
32.25,E1_L-Glutamine,196
32.5,E1_L-Glutamine,200
32.75,E1_L-Glutamine,200
33.0,E1_L-Glutamine,204
33.25,E1_L-Glutamine,202
33.5,E1_L-Glutamine,207
33.75,E1_L-Glutamine,206
34.0,E1_L-Glutamine,212
34.25,E1_L-Glutamine,213
34.5,E1_L-Glutamine,213
34.75,E1_L-Glutamine,211
35.0,E1_L-Glutamine,215
35.25,E1_L-Glutamine,218
35.5,E1_L-Glutamine,224
35.75,E1_L-Glutamine,227
36.0,E1_L-Glutamine,228
36.25,E1_L-Glutamine,229
36.5,E1_L-Glutamine,232
36.75,E1_L-Glutamine,238
37.0,E1_L-Glutamine,233
37.25,E1_L-Glutamine,234
37.5,E1_L-Glutamine,236
37.75,E1_L-Glutamine,240
38.0,E1_L-Glutamine,247
38.25,E1_L-Glutamine,246
38.5,E1_L-Glutamine,249
38.75,E1_L-Glutamine,245
39.0,E1_L-Glutamine,252
39.25,E1_L-Glutamine,255
39.5,E1_L-Glutamine,249
39.75,E1_L-Glutamine,251
40.0,E1_L-Glutamine,254
40.25,E1_L-Glutamine,256
40.5,E1_L-Glutamine,250
40.75,E1_L-Glutamine,256
41.0,E1_L-Glutamine,246
41.25,E1_L-Glutamine,254
41.5,E1_L-Glutamine,251
41.75,E1_L-Glutamine,251
42.0,E1_L-Glutamine,247
42.25,E1_L-Glutamine,245
42.5,E1_L-Glutamine,249
42.75,E1_L-Glutamine,245
43.0,E1_L-Glutamine,246
43.25,E1_L-Glutamine,249
43.5,E1_L-Glutamine,242
43.75,E1_L-Glutamine,246
44.0,E1_L-Glutamine,241
44.25,E1_L-Glutamine,243
44.5,E1_L-Glutamine,239
44.75,E1_L-Glutamine,241
45.0,E1_L-Glutamine,239
45.25,E1_L-Glutamine,239
45.5,E1_L-Glutamine,243
45.75,E1_L-Glutamine,243
46.0,E1_L-Glutamine,243
46.25,E1_L-Glutamine,237
46.5,E1_L-Glutamine,242
46.75,E1_L-Glutamine,242
47.0,E1_L-Glutamine,240
47.25,E1_L-Glutamine,244
47.5,E1_L-Glutamine,0
0.0,E2_m-Tartaric_Acid,12
0.25,E2_m-Tartaric_Acid,14
0.5,E2_m-Tartaric_Acid,14
0.75,E2_m-Tartaric_Acid,13
1.0,E2_m-Tartaric_Acid,11
1.25,E2_m-Tartaric_Acid,12
1.5,E2_m-Tartaric_Acid,11
1.75,E2_m-Tartaric_Acid,12
2.0,E2_m-Tartaric_Acid,14
2.25,E2_m-Tartaric_Acid,14
2.5,E2_m-Tartaric_Acid,18
2.75,E2_m-Tartaric_Acid,15
3.0,E2_m-Tartaric_Acid,11
3.25,E2_m-Tartaric_Acid,19
3.5,E2_m-Tartaric_Acid,14
3.75,E2_m-Tartaric_Acid,15
4.0,E2_m-Tartaric_Acid,18
4.25,E2_m-Tartaric_Acid,17
4.5,E2_m-Tartaric_Acid,16
4.75,E2_m-Tartaric_Acid,21
5.0,E2_m-Tartaric_Acid,16
5.25,E2_m-Tartaric_Acid,22
5.5,E2_m-Tartaric_Acid,12
5.75,E2_m-Tartaric_Acid,21
6.0,E2_m-Tartaric_Acid,14
6.25,E2_m-Tartaric_Acid,14
6.5,E2_m-Tartaric_Acid,20
6.75,E2_m-Tartaric_Acid,14
7.0,E2_m-Tartaric_Acid,17
7.25,E2_m-Tartaric_Acid,14
7.5,E2_m-Tartaric_Acid,20
7.75,E2_m-Tartaric_Acid,19
8.0,E2_m-Tartaric_Acid,22
8.25,E2_m-Tartaric_Acid,17
8.5,E2_m-Tartaric_Acid,19
8.75,E2_m-Tartaric_Acid,16
9.0,E2_m-Tartaric_Acid,21
9.25,E2_m-Tartaric_Acid,16
9.5,E2_m-Tartaric_Acid,23
9.75,E2_m-Tartaric_Acid,16
10.0,E2_m-Tartaric_Acid,18
10.25,E2_m-Tartaric_Acid,19
10.5,E2_m-Tartaric_Acid,18
10.75,E2_m-Tartaric_Acid,21
11.0,E2_m-Tartaric_Acid,19
11.25,E2_m-Tartaric_Acid,18
11.5,E2_m-Tartaric_Acid,18
11.75,E2_m-Tartaric_Acid,22
12.0,E2_m-Tartaric_Acid,23
12.25,E2_m-Tartaric_Acid,19
12.5,E2_m-Tartaric_Acid,22
12.75,E2_m-Tartaric_Acid,21
13.0,E2_m-Tartaric_Acid,24
13.25,E2_m-Tartaric_Acid,22
13.5,E2_m-Tartaric_Acid,22
13.75,E2_m-Tartaric_Acid,23
14.0,E2_m-Tartaric_Acid,22
14.25,E2_m-Tartaric_Acid,24
14.5,E2_m-Tartaric_Acid,25
14.75,E2_m-Tartaric_Acid,23
15.0,E2_m-Tartaric_Acid,29
15.25,E2_m-Tartaric_Acid,22
15.5,E2_m-Tartaric_Acid,25
15.75,E2_m-Tartaric_Acid,26
16.0,E2_m-Tartaric_Acid,23
16.25,E2_m-Tartaric_Acid,24
16.5,E2_m-Tartaric_Acid,25
16.75,E2_m-Tartaric_Acid,22
17.0,E2_m-Tartaric_Acid,27
17.25,E2_m-Tartaric_Acid,27
17.5,E2_m-Tartaric_Acid,28
17.75,E2_m-Tartaric_Acid,25
18.0,E2_m-Tartaric_Acid,27
18.25,E2_m-Tartaric_Acid,24
18.5,E2_m-Tartaric_Acid,29
18.75,E2_m-Tartaric_Acid,27
19.0,E2_m-Tartaric_Acid,26
19.25,E2_m-Tartaric_Acid,25
19.5,E2_m-Tartaric_Acid,27
19.75,E2_m-Tartaric_Acid,22
20.0,E2_m-Tartaric_Acid,28
20.25,E2_m-Tartaric_Acid,26
20.5,E2_m-Tartaric_Acid,28
20.75,E2_m-Tartaric_Acid,30
21.0,E2_m-Tartaric_Acid,31
21.25,E2_m-Tartaric_Acid,27
21.5,E2_m-Tartaric_Acid,27
21.75,E2_m-Tartaric_Acid,28
22.0,E2_m-Tartaric_Acid,27
22.25,E2_m-Tartaric_Acid,28
22.5,E2_m-Tartaric_Acid,24
22.75,E2_m-Tartaric_Acid,26
23.0,E2_m-Tartaric_Acid,26
23.25,E2_m-Tartaric_Acid,27
23.5,E2_m-Tartaric_Acid,24
23.75,E2_m-Tartaric_Acid,27
24.0,E2_m-Tartaric_Acid,35
24.25,E2_m-Tartaric_Acid,30
24.5,E2_m-Tartaric_Acid,26
24.75,E2_m-Tartaric_Acid,26
25.0,E2_m-Tartaric_Acid,29
25.25,E2_m-Tartaric_Acid,30
25.5,E2_m-Tartaric_Acid,30
25.75,E2_m-Tartaric_Acid,29
26.0,E2_m-Tartaric_Acid,28
26.25,E2_m-Tartaric_Acid,30
26.5,E2_m-Tartaric_Acid,31
26.75,E2_m-Tartaric_Acid,32
27.0,E2_m-Tartaric_Acid,33
27.25,E2_m-Tartaric_Acid,35
27.5,E2_m-Tartaric_Acid,30
27.75,E2_m-Tartaric_Acid,28
28.0,E2_m-Tartaric_Acid,32
28.25,E2_m-Tartaric_Acid,30
28.5,E2_m-Tartaric_Acid,31
28.75,E2_m-Tartaric_Acid,35
29.0,E2_m-Tartaric_Acid,28
29.25,E2_m-Tartaric_Acid,34
29.5,E2_m-Tartaric_Acid,33
29.75,E2_m-Tartaric_Acid,30
30.0,E2_m-Tartaric_Acid,34
30.25,E2_m-Tartaric_Acid,34
30.5,E2_m-Tartaric_Acid,32
30.75,E2_m-Tartaric_Acid,32
31.0,E2_m-Tartaric_Acid,31
31.25,E2_m-Tartaric_Acid,29
31.5,E2_m-Tartaric_Acid,32
31.75,E2_m-Tartaric_Acid,29
32.0,E2_m-Tartaric_Acid,32
32.25,E2_m-Tartaric_Acid,30
32.5,E2_m-Tartaric_Acid,31
32.75,E2_m-Tartaric_Acid,30
33.0,E2_m-Tartaric_Acid,32
33.25,E2_m-Tartaric_Acid,36
33.5,E2_m-Tartaric_Acid,34
33.75,E2_m-Tartaric_Acid,34
34.0,E2_m-Tartaric_Acid,31
34.25,E2_m-Tartaric_Acid,33
34.5,E2_m-Tartaric_Acid,33
34.75,E2_m-Tartaric_Acid,33
35.0,E2_m-Tartaric_Acid,29
35.25,E2_m-Tartaric_Acid,29
35.5,E2_m-Tartaric_Acid,31
35.75,E2_m-Tartaric_Acid,31
36.0,E2_m-Tartaric_Acid,32
36.25,E2_m-Tartaric_Acid,28
36.5,E2_m-Tartaric_Acid,29
36.75,E2_m-Tartaric_Acid,33
37.0,E2_m-Tartaric_Acid,30
37.25,E2_m-Tartaric_Acid,28
37.5,E2_m-Tartaric_Acid,30
37.75,E2_m-Tartaric_Acid,33
38.0,E2_m-Tartaric_Acid,35
38.25,E2_m-Tartaric_Acid,32
38.5,E2_m-Tartaric_Acid,34
38.75,E2_m-Tartaric_Acid,30
39.0,E2_m-Tartaric_Acid,30
39.25,E2_m-Tartaric_Acid,32
39.5,E2_m-Tartaric_Acid,31
39.75,E2_m-Tartaric_Acid,33
40.0,E2_m-Tartaric_Acid,29
40.25,E2_m-Tartaric_Acid,35
40.5,E2_m-Tartaric_Acid,34
40.75,E2_m-Tartaric_Acid,34
41.0,E2_m-Tartaric_Acid,35
41.25,E2_m-Tartaric_Acid,32
41.5,E2_m-Tartaric_Acid,34
41.75,E2_m-Tartaric_Acid,31
42.0,E2_m-Tartaric_Acid,27
42.25,E2_m-Tartaric_Acid,31
42.5,E2_m-Tartaric_Acid,34
42.75,E2_m-Tartaric_Acid,32
43.0,E2_m-Tartaric_Acid,35
43.25,E2_m-Tartaric_Acid,33
43.5,E2_m-Tartaric_Acid,33
43.75,E2_m-Tartaric_Acid,32
44.0,E2_m-Tartaric_Acid,36
44.25,E2_m-Tartaric_Acid,31
44.5,E2_m-Tartaric_Acid,34
44.75,E2_m-Tartaric_Acid,28
45.0,E2_m-Tartaric_Acid,34
45.25,E2_m-Tartaric_Acid,34
45.5,E2_m-Tartaric_Acid,36
45.75,E2_m-Tartaric_Acid,34
46.0,E2_m-Tartaric_Acid,36
46.25,E2_m-Tartaric_Acid,30
46.5,E2_m-Tartaric_Acid,31
46.75,E2_m-Tartaric_Acid,32
47.0,E2_m-Tartaric_Acid,37
47.25,E2_m-Tartaric_Acid,33
47.5,E2_m-Tartaric_Acid,0
0.0,E3_D-Glucose-1-Phosphate,18
0.25,E3_D-Glucose-1-Phosphate,20
0.5,E3_D-Glucose-1-Phosphate,22
0.75,E3_D-Glucose-1-Phosphate,27
1.0,E3_D-Glucose-1-Phosphate,19
1.25,E3_D-Glucose-1-Phosphate,16
1.5,E3_D-Glucose-1-Phosphate,24
1.75,E3_D-Glucose-1-Phosphate,17
2.0,E3_D-Glucose-1-Phosphate,23
2.25,E3_D-Glucose-1-Phosphate,26
2.5,E3_D-Glucose-1-Phosphate,25
2.75,E3_D-Glucose-1-Phosphate,16
3.0,E3_D-Glucose-1-Phosphate,22
3.25,E3_D-Glucose-1-Phosphate,23
3.5,E3_D-Glucose-1-Phosphate,21
3.75,E3_D-Glucose-1-Phosphate,18
4.0,E3_D-Glucose-1-Phosphate,15
4.25,E3_D-Glucose-1-Phosphate,20
4.5,E3_D-Glucose-1-Phosphate,24
4.75,E3_D-Glucose-1-Phosphate,23
5.0,E3_D-Glucose-1-Phosphate,20
5.25,E3_D-Glucose-1-Phosphate,22
5.5,E3_D-Glucose-1-Phosphate,20
5.75,E3_D-Glucose-1-Phosphate,23
6.0,E3_D-Glucose-1-Phosphate,24
6.25,E3_D-Glucose-1-Phosphate,24
6.5,E3_D-Glucose-1-Phosphate,23
6.75,E3_D-Glucose-1-Phosphate,24
7.0,E3_D-Glucose-1-Phosphate,30
7.25,E3_D-Glucose-1-Phosphate,27
7.5,E3_D-Glucose-1-Phosphate,25
7.75,E3_D-Glucose-1-Phosphate,22
8.0,E3_D-Glucose-1-Phosphate,29
8.25,E3_D-Glucose-1-Phosphate,31
8.5,E3_D-Glucose-1-Phosphate,34
8.75,E3_D-Glucose-1-Phosphate,29
9.0,E3_D-Glucose-1-Phosphate,32
9.25,E3_D-Glucose-1-Phosphate,23
9.5,E3_D-Glucose-1-Phosphate,30
9.75,E3_D-Glucose-1-Phosphate,30
10.0,E3_D-Glucose-1-Phosphate,33
10.25,E3_D-Glucose-1-Phosphate,34
10.5,E3_D-Glucose-1-Phosphate,31
10.75,E3_D-Glucose-1-Phosphate,31
11.0,E3_D-Glucose-1-Phosphate,27
11.25,E3_D-Glucose-1-Phosphate,30
11.5,E3_D-Glucose-1-Phosphate,33
11.75,E3_D-Glucose-1-Phosphate,32
12.0,E3_D-Glucose-1-Phosphate,33
12.25,E3_D-Glucose-1-Phosphate,32
12.5,E3_D-Glucose-1-Phosphate,27
12.75,E3_D-Glucose-1-Phosphate,30
13.0,E3_D-Glucose-1-Phosphate,30
13.25,E3_D-Glucose-1-Phosphate,26
13.5,E3_D-Glucose-1-Phosphate,28
13.75,E3_D-Glucose-1-Phosphate,29
14.0,E3_D-Glucose-1-Phosphate,33
14.25,E3_D-Glucose-1-Phosphate,35
14.5,E3_D-Glucose-1-Phosphate,36
14.75,E3_D-Glucose-1-Phosphate,40
15.0,E3_D-Glucose-1-Phosphate,35
15.25,E3_D-Glucose-1-Phosphate,35
15.5,E3_D-Glucose-1-Phosphate,37
15.75,E3_D-Glucose-1-Phosphate,33
16.0,E3_D-Glucose-1-Phosphate,36
16.25,E3_D-Glucose-1-Phosphate,32
16.5,E3_D-Glucose-1-Phosphate,36
16.75,E3_D-Glucose-1-Phosphate,42
17.0,E3_D-Glucose-1-Phosphate,37
17.25,E3_D-Glucose-1-Phosphate,34
17.5,E3_D-Glucose-1-Phosphate,41
17.75,E3_D-Glucose-1-Phosphate,33
18.0,E3_D-Glucose-1-Phosphate,38
18.25,E3_D-Glucose-1-Phosphate,41
18.5,E3_D-Glucose-1-Phosphate,38
18.75,E3_D-Glucose-1-Phosphate,38
19.0,E3_D-Glucose-1-Phosphate,40
19.25,E3_D-Glucose-1-Phosphate,37
19.5,E3_D-Glucose-1-Phosphate,39
19.75,E3_D-Glucose-1-Phosphate,41
20.0,E3_D-Glucose-1-Phosphate,40
20.25,E3_D-Glucose-1-Phosphate,36
20.5,E3_D-Glucose-1-Phosphate,43
20.75,E3_D-Glucose-1-Phosphate,38
21.0,E3_D-Glucose-1-Phosphate,41
21.25,E3_D-Glucose-1-Phosphate,42
21.5,E3_D-Glucose-1-Phosphate,38
21.75,E3_D-Glucose-1-Phosphate,38
22.0,E3_D-Glucose-1-Phosphate,39
22.25,E3_D-Glucose-1-Phosphate,42
22.5,E3_D-Glucose-1-Phosphate,42
22.75,E3_D-Glucose-1-Phosphate,44
23.0,E3_D-Glucose-1-Phosphate,47
23.25,E3_D-Glucose-1-Phosphate,36
23.5,E3_D-Glucose-1-Phosphate,38
23.75,E3_D-Glucose-1-Phosphate,42
24.0,E3_D-Glucose-1-Phosphate,40
24.25,E3_D-Glucose-1-Phosphate,44
24.5,E3_D-Glucose-1-Phosphate,43
24.75,E3_D-Glucose-1-Phosphate,45
25.0,E3_D-Glucose-1-Phosphate,43
25.25,E3_D-Glucose-1-Phosphate,49
25.5,E3_D-Glucose-1-Phosphate,39
25.75,E3_D-Glucose-1-Phosphate,45
26.0,E3_D-Glucose-1-Phosphate,45
26.25,E3_D-Glucose-1-Phosphate,44
26.5,E3_D-Glucose-1-Phosphate,45
26.75,E3_D-Glucose-1-Phosphate,41
27.0,E3_D-Glucose-1-Phosphate,42
27.25,E3_D-Glucose-1-Phosphate,43
27.5,E3_D-Glucose-1-Phosphate,42
27.75,E3_D-Glucose-1-Phosphate,49
28.0,E3_D-Glucose-1-Phosphate,48
28.25,E3_D-Glucose-1-Phosphate,43
28.5,E3_D-Glucose-1-Phosphate,44
28.75,E3_D-Glucose-1-Phosphate,44
29.0,E3_D-Glucose-1-Phosphate,53
29.25,E3_D-Glucose-1-Phosphate,45
29.5,E3_D-Glucose-1-Phosphate,42
29.75,E3_D-Glucose-1-Phosphate,46
30.0,E3_D-Glucose-1-Phosphate,45
30.25,E3_D-Glucose-1-Phosphate,48
30.5,E3_D-Glucose-1-Phosphate,47
30.75,E3_D-Glucose-1-Phosphate,42
31.0,E3_D-Glucose-1-Phosphate,43
31.25,E3_D-Glucose-1-Phosphate,46
31.5,E3_D-Glucose-1-Phosphate,44
31.75,E3_D-Glucose-1-Phosphate,44
32.0,E3_D-Glucose-1-Phosphate,48
32.25,E3_D-Glucose-1-Phosphate,44
32.5,E3_D-Glucose-1-Phosphate,46
32.75,E3_D-Glucose-1-Phosphate,48
33.0,E3_D-Glucose-1-Phosphate,48
33.25,E3_D-Glucose-1-Phosphate,45
33.5,E3_D-Glucose-1-Phosphate,44
33.75,E3_D-Glucose-1-Phosphate,46
34.0,E3_D-Glucose-1-Phosphate,44
34.25,E3_D-Glucose-1-Phosphate,49
34.5,E3_D-Glucose-1-Phosphate,48
34.75,E3_D-Glucose-1-Phosphate,47
35.0,E3_D-Glucose-1-Phosphate,48
35.25,E3_D-Glucose-1-Phosphate,47
35.5,E3_D-Glucose-1-Phosphate,42
35.75,E3_D-Glucose-1-Phosphate,43
36.0,E3_D-Glucose-1-Phosphate,46
36.25,E3_D-Glucose-1-Phosphate,42
36.5,E3_D-Glucose-1-Phosphate,47
36.75,E3_D-Glucose-1-Phosphate,41
37.0,E3_D-Glucose-1-Phosphate,45
37.25,E3_D-Glucose-1-Phosphate,43
37.5,E3_D-Glucose-1-Phosphate,45
37.75,E3_D-Glucose-1-Phosphate,48
38.0,E3_D-Glucose-1-Phosphate,46
38.25,E3_D-Glucose-1-Phosphate,46
38.5,E3_D-Glucose-1-Phosphate,46
38.75,E3_D-Glucose-1-Phosphate,48
39.0,E3_D-Glucose-1-Phosphate,47
39.25,E3_D-Glucose-1-Phosphate,45
39.5,E3_D-Glucose-1-Phosphate,47
39.75,E3_D-Glucose-1-Phosphate,46
40.0,E3_D-Glucose-1-Phosphate,45
40.25,E3_D-Glucose-1-Phosphate,45
40.5,E3_D-Glucose-1-Phosphate,50
40.75,E3_D-Glucose-1-Phosphate,47
41.0,E3_D-Glucose-1-Phosphate,53
41.25,E3_D-Glucose-1-Phosphate,45
41.5,E3_D-Glucose-1-Phosphate,43
41.75,E3_D-Glucose-1-Phosphate,45
42.0,E3_D-Glucose-1-Phosphate,45
42.25,E3_D-Glucose-1-Phosphate,47
42.5,E3_D-Glucose-1-Phosphate,48
42.75,E3_D-Glucose-1-Phosphate,47
43.0,E3_D-Glucose-1-Phosphate,51
43.25,E3_D-Glucose-1-Phosphate,44
43.5,E3_D-Glucose-1-Phosphate,51
43.75,E3_D-Glucose-1-Phosphate,44
44.0,E3_D-Glucose-1-Phosphate,50
44.25,E3_D-Glucose-1-Phosphate,43
44.5,E3_D-Glucose-1-Phosphate,47
44.75,E3_D-Glucose-1-Phosphate,48
45.0,E3_D-Glucose-1-Phosphate,47
45.25,E3_D-Glucose-1-Phosphate,52
45.5,E3_D-Glucose-1-Phosphate,47
45.75,E3_D-Glucose-1-Phosphate,50
46.0,E3_D-Glucose-1-Phosphate,45
46.25,E3_D-Glucose-1-Phosphate,49
46.5,E3_D-Glucose-1-Phosphate,50
46.75,E3_D-Glucose-1-Phosphate,49
47.0,E3_D-Glucose-1-Phosphate,46
47.25,E3_D-Glucose-1-Phosphate,48
47.5,E3_D-Glucose-1-Phosphate,0
0.0,E4_D-Fructose-6-Phosphate,26
0.25,E4_D-Fructose-6-Phosphate,27
0.5,E4_D-Fructose-6-Phosphate,19
0.75,E4_D-Fructose-6-Phosphate,17
1.0,E4_D-Fructose-6-Phosphate,19
1.25,E4_D-Fructose-6-Phosphate,17
1.5,E4_D-Fructose-6-Phosphate,16
1.75,E4_D-Fructose-6-Phosphate,14
2.0,E4_D-Fructose-6-Phosphate,18
2.25,E4_D-Fructose-6-Phosphate,22
2.5,E4_D-Fructose-6-Phosphate,20
2.75,E4_D-Fructose-6-Phosphate,20
3.0,E4_D-Fructose-6-Phosphate,18
3.25,E4_D-Fructose-6-Phosphate,20
3.5,E4_D-Fructose-6-Phosphate,20
3.75,E4_D-Fructose-6-Phosphate,19
4.0,E4_D-Fructose-6-Phosphate,16
4.25,E4_D-Fructose-6-Phosphate,21
4.5,E4_D-Fructose-6-Phosphate,21
4.75,E4_D-Fructose-6-Phosphate,21
5.0,E4_D-Fructose-6-Phosphate,21
5.25,E4_D-Fructose-6-Phosphate,22
5.5,E4_D-Fructose-6-Phosphate,15
5.75,E4_D-Fructose-6-Phosphate,19
6.0,E4_D-Fructose-6-Phosphate,18
6.25,E4_D-Fructose-6-Phosphate,21
6.5,E4_D-Fructose-6-Phosphate,22
6.75,E4_D-Fructose-6-Phosphate,19
7.0,E4_D-Fructose-6-Phosphate,23
7.25,E4_D-Fructose-6-Phosphate,21
7.5,E4_D-Fructose-6-Phosphate,23
7.75,E4_D-Fructose-6-Phosphate,25
8.0,E4_D-Fructose-6-Phosphate,24
8.25,E4_D-Fructose-6-Phosphate,24
8.5,E4_D-Fructose-6-Phosphate,22
8.75,E4_D-Fructose-6-Phosphate,24
9.0,E4_D-Fructose-6-Phosphate,22
9.25,E4_D-Fructose-6-Phosphate,21
9.5,E4_D-Fructose-6-Phosphate,22
9.75,E4_D-Fructose-6-Phosphate,23
10.0,E4_D-Fructose-6-Phosphate,26
10.25,E4_D-Fructose-6-Phosphate,26
10.5,E4_D-Fructose-6-Phosphate,27
10.75,E4_D-Fructose-6-Phosphate,28
11.0,E4_D-Fructose-6-Phosphate,31
11.25,E4_D-Fructose-6-Phosphate,24
11.5,E4_D-Fructose-6-Phosphate,27
11.75,E4_D-Fructose-6-Phosphate,30
12.0,E4_D-Fructose-6-Phosphate,34
12.25,E4_D-Fructose-6-Phosphate,36
12.5,E4_D-Fructose-6-Phosphate,33
12.75,E4_D-Fructose-6-Phosphate,31
13.0,E4_D-Fructose-6-Phosphate,34
13.25,E4_D-Fructose-6-Phosphate,34
13.5,E4_D-Fructose-6-Phosphate,36
13.75,E4_D-Fructose-6-Phosphate,30
14.0,E4_D-Fructose-6-Phosphate,37
14.25,E4_D-Fructose-6-Phosphate,37
14.5,E4_D-Fructose-6-Phosphate,32
14.75,E4_D-Fructose-6-Phosphate,36
15.0,E4_D-Fructose-6-Phosphate,36
15.25,E4_D-Fructose-6-Phosphate,34
15.5,E4_D-Fructose-6-Phosphate,33
15.75,E4_D-Fructose-6-Phosphate,35
16.0,E4_D-Fructose-6-Phosphate,35
16.25,E4_D-Fructose-6-Phosphate,36
16.5,E4_D-Fructose-6-Phosphate,37
16.75,E4_D-Fructose-6-Phosphate,36
17.0,E4_D-Fructose-6-Phosphate,38
17.25,E4_D-Fructose-6-Phosphate,38
17.5,E4_D-Fructose-6-Phosphate,38
17.75,E4_D-Fructose-6-Phosphate,39
18.0,E4_D-Fructose-6-Phosphate,39
18.25,E4_D-Fructose-6-Phosphate,38
18.5,E4_D-Fructose-6-Phosphate,36
18.75,E4_D-Fructose-6-Phosphate,33
19.0,E4_D-Fructose-6-Phosphate,35
19.25,E4_D-Fructose-6-Phosphate,38
19.5,E4_D-Fructose-6-Phosphate,39
19.75,E4_D-Fructose-6-Phosphate,36
20.0,E4_D-Fructose-6-Phosphate,41
20.25,E4_D-Fructose-6-Phosphate,38
20.5,E4_D-Fructose-6-Phosphate,38
20.75,E4_D-Fructose-6-Phosphate,39
21.0,E4_D-Fructose-6-Phosphate,38
21.25,E4_D-Fructose-6-Phosphate,42
21.5,E4_D-Fructose-6-Phosphate,38
21.75,E4_D-Fructose-6-Phosphate,38
22.0,E4_D-Fructose-6-Phosphate,43
22.25,E4_D-Fructose-6-Phosphate,43
22.5,E4_D-Fructose-6-Phosphate,43
22.75,E4_D-Fructose-6-Phosphate,38
23.0,E4_D-Fructose-6-Phosphate,42
23.25,E4_D-Fructose-6-Phosphate,42
23.5,E4_D-Fructose-6-Phosphate,40
23.75,E4_D-Fructose-6-Phosphate,44
24.0,E4_D-Fructose-6-Phosphate,40
24.25,E4_D-Fructose-6-Phosphate,39
24.5,E4_D-Fructose-6-Phosphate,38
24.75,E4_D-Fructose-6-Phosphate,42
25.0,E4_D-Fructose-6-Phosphate,40
25.25,E4_D-Fructose-6-Phosphate,46
25.5,E4_D-Fructose-6-Phosphate,43
25.75,E4_D-Fructose-6-Phosphate,41
26.0,E4_D-Fructose-6-Phosphate,46
26.25,E4_D-Fructose-6-Phosphate,48
26.5,E4_D-Fructose-6-Phosphate,46
26.75,E4_D-Fructose-6-Phosphate,40
27.0,E4_D-Fructose-6-Phosphate,43
27.25,E4_D-Fructose-6-Phosphate,45
27.5,E4_D-Fructose-6-Phosphate,45
27.75,E4_D-Fructose-6-Phosphate,44
28.0,E4_D-Fructose-6-Phosphate,44
28.25,E4_D-Fructose-6-Phosphate,43
28.5,E4_D-Fructose-6-Phosphate,47
28.75,E4_D-Fructose-6-Phosphate,48
29.0,E4_D-Fructose-6-Phosphate,46
29.25,E4_D-Fructose-6-Phosphate,48
29.5,E4_D-Fructose-6-Phosphate,44
29.75,E4_D-Fructose-6-Phosphate,48
30.0,E4_D-Fructose-6-Phosphate,46
30.25,E4_D-Fructose-6-Phosphate,47
30.5,E4_D-Fructose-6-Phosphate,48
30.75,E4_D-Fructose-6-Phosphate,47
31.0,E4_D-Fructose-6-Phosphate,47
31.25,E4_D-Fructose-6-Phosphate,48
31.5,E4_D-Fructose-6-Phosphate,45
31.75,E4_D-Fructose-6-Phosphate,48
32.0,E4_D-Fructose-6-Phosphate,44
32.25,E4_D-Fructose-6-Phosphate,47
32.5,E4_D-Fructose-6-Phosphate,47
32.75,E4_D-Fructose-6-Phosphate,44
33.0,E4_D-Fructose-6-Phosphate,44
33.25,E4_D-Fructose-6-Phosphate,45
33.5,E4_D-Fructose-6-Phosphate,44
33.75,E4_D-Fructose-6-Phosphate,45
34.0,E4_D-Fructose-6-Phosphate,47
34.25,E4_D-Fructose-6-Phosphate,46
34.5,E4_D-Fructose-6-Phosphate,48
34.75,E4_D-Fructose-6-Phosphate,50
35.0,E4_D-Fructose-6-Phosphate,46
35.25,E4_D-Fructose-6-Phosphate,44
35.5,E4_D-Fructose-6-Phosphate,49
35.75,E4_D-Fructose-6-Phosphate,46
36.0,E4_D-Fructose-6-Phosphate,47
36.25,E4_D-Fructose-6-Phosphate,45
36.5,E4_D-Fructose-6-Phosphate,45
36.75,E4_D-Fructose-6-Phosphate,46
37.0,E4_D-Fructose-6-Phosphate,49
37.25,E4_D-Fructose-6-Phosphate,48
37.5,E4_D-Fructose-6-Phosphate,48
37.75,E4_D-Fructose-6-Phosphate,48
38.0,E4_D-Fructose-6-Phosphate,45
38.25,E4_D-Fructose-6-Phosphate,46
38.5,E4_D-Fructose-6-Phosphate,47
38.75,E4_D-Fructose-6-Phosphate,49
39.0,E4_D-Fructose-6-Phosphate,50
39.25,E4_D-Fructose-6-Phosphate,49
39.5,E4_D-Fructose-6-Phosphate,48
39.75,E4_D-Fructose-6-Phosphate,46
40.0,E4_D-Fructose-6-Phosphate,45
40.25,E4_D-Fructose-6-Phosphate,48
40.5,E4_D-Fructose-6-Phosphate,50
40.75,E4_D-Fructose-6-Phosphate,47
41.0,E4_D-Fructose-6-Phosphate,51
41.25,E4_D-Fructose-6-Phosphate,50
41.5,E4_D-Fructose-6-Phosphate,50
41.75,E4_D-Fructose-6-Phosphate,46
42.0,E4_D-Fructose-6-Phosphate,44
42.25,E4_D-Fructose-6-Phosphate,48
42.5,E4_D-Fructose-6-Phosphate,50
42.75,E4_D-Fructose-6-Phosphate,49
43.0,E4_D-Fructose-6-Phosphate,52
43.25,E4_D-Fructose-6-Phosphate,46
43.5,E4_D-Fructose-6-Phosphate,49
43.75,E4_D-Fructose-6-Phosphate,52
44.0,E4_D-Fructose-6-Phosphate,51
44.25,E4_D-Fructose-6-Phosphate,48
44.5,E4_D-Fructose-6-Phosphate,51
44.75,E4_D-Fructose-6-Phosphate,45
45.0,E4_D-Fructose-6-Phosphate,49
45.25,E4_D-Fructose-6-Phosphate,51
45.5,E4_D-Fructose-6-Phosphate,49
45.75,E4_D-Fructose-6-Phosphate,49
46.0,E4_D-Fructose-6-Phosphate,51
46.25,E4_D-Fructose-6-Phosphate,50
46.5,E4_D-Fructose-6-Phosphate,46
46.75,E4_D-Fructose-6-Phosphate,49
47.0,E4_D-Fructose-6-Phosphate,52
47.25,E4_D-Fructose-6-Phosphate,53
47.5,E4_D-Fructose-6-Phosphate,0
0.0,E5_Tween_80,11
0.25,E5_Tween_80,11
0.5,E5_Tween_80,11
0.75,E5_Tween_80,11
1.0,E5_Tween_80,11
1.25,E5_Tween_80,11
1.5,E5_Tween_80,11
1.75,E5_Tween_80,11
2.0,E5_Tween_80,15
2.25,E5_Tween_80,15
2.5,E5_Tween_80,12
2.75,E5_Tween_80,11
3.0,E5_Tween_80,11
3.25,E5_Tween_80,11
3.5,E5_Tween_80,11
3.75,E5_Tween_80,11
4.0,E5_Tween_80,11
4.25,E5_Tween_80,12
4.5,E5_Tween_80,11
4.75,E5_Tween_80,11
5.0,E5_Tween_80,18
5.25,E5_Tween_80,17
5.5,E5_Tween_80,13
5.75,E5_Tween_80,12
6.0,E5_Tween_80,15
6.25,E5_Tween_80,14
6.5,E5_Tween_80,18
6.75,E5_Tween_80,17
7.0,E5_Tween_80,21
7.25,E5_Tween_80,18
7.5,E5_Tween_80,22
7.75,E5_Tween_80,22
8.0,E5_Tween_80,26
8.25,E5_Tween_80,28
8.5,E5_Tween_80,30
8.75,E5_Tween_80,25
9.0,E5_Tween_80,30
9.25,E5_Tween_80,32
9.5,E5_Tween_80,32
9.75,E5_Tween_80,32
10.0,E5_Tween_80,36
10.25,E5_Tween_80,33
10.5,E5_Tween_80,38
10.75,E5_Tween_80,37
11.0,E5_Tween_80,34
11.25,E5_Tween_80,41
11.5,E5_Tween_80,41
11.75,E5_Tween_80,46
12.0,E5_Tween_80,48
12.25,E5_Tween_80,46
12.5,E5_Tween_80,49
12.75,E5_Tween_80,53
13.0,E5_Tween_80,53
13.25,E5_Tween_80,52
13.5,E5_Tween_80,58
13.75,E5_Tween_80,57
14.0,E5_Tween_80,63
14.25,E5_Tween_80,66
14.5,E5_Tween_80,71
14.75,E5_Tween_80,76
15.0,E5_Tween_80,73
15.25,E5_Tween_80,79
15.5,E5_Tween_80,79
15.75,E5_Tween_80,80
16.0,E5_Tween_80,85
16.25,E5_Tween_80,86
16.5,E5_Tween_80,89
16.75,E5_Tween_80,87
17.0,E5_Tween_80,94
17.25,E5_Tween_80,97
17.5,E5_Tween_80,97
17.75,E5_Tween_80,99
18.0,E5_Tween_80,100
18.25,E5_Tween_80,99
18.5,E5_Tween_80,105
18.75,E5_Tween_80,107
19.0,E5_Tween_80,110
19.25,E5_Tween_80,111
19.5,E5_Tween_80,114
19.75,E5_Tween_80,114
20.0,E5_Tween_80,116
20.25,E5_Tween_80,118
20.5,E5_Tween_80,121
20.75,E5_Tween_80,119
21.0,E5_Tween_80,125
21.25,E5_Tween_80,122
21.5,E5_Tween_80,123
21.75,E5_Tween_80,126
22.0,E5_Tween_80,126
22.25,E5_Tween_80,127
22.5,E5_Tween_80,129
22.75,E5_Tween_80,129
23.0,E5_Tween_80,130
23.25,E5_Tween_80,129
23.5,E5_Tween_80,129
23.75,E5_Tween_80,131
24.0,E5_Tween_80,131
24.25,E5_Tween_80,136
24.5,E5_Tween_80,129
24.75,E5_Tween_80,133
25.0,E5_Tween_80,133
25.25,E5_Tween_80,136
25.5,E5_Tween_80,130
25.75,E5_Tween_80,134
26.0,E5_Tween_80,136
26.25,E5_Tween_80,135
26.5,E5_Tween_80,137
26.75,E5_Tween_80,134
27.0,E5_Tween_80,137
27.25,E5_Tween_80,142
27.5,E5_Tween_80,137
27.75,E5_Tween_80,143
28.0,E5_Tween_80,140
28.25,E5_Tween_80,140
28.5,E5_Tween_80,139
28.75,E5_Tween_80,144
29.0,E5_Tween_80,140
29.25,E5_Tween_80,139
29.5,E5_Tween_80,139
29.75,E5_Tween_80,146
30.0,E5_Tween_80,139
30.25,E5_Tween_80,143
30.5,E5_Tween_80,141
30.75,E5_Tween_80,141
31.0,E5_Tween_80,145
31.25,E5_Tween_80,143
31.5,E5_Tween_80,143
31.75,E5_Tween_80,141
32.0,E5_Tween_80,143
32.25,E5_Tween_80,138
32.5,E5_Tween_80,141
32.75,E5_Tween_80,144
33.0,E5_Tween_80,144
33.25,E5_Tween_80,135
33.5,E5_Tween_80,141
33.75,E5_Tween_80,142
34.0,E5_Tween_80,140
34.25,E5_Tween_80,140
34.5,E5_Tween_80,142
34.75,E5_Tween_80,141
35.0,E5_Tween_80,139
35.25,E5_Tween_80,144
35.5,E5_Tween_80,138
35.75,E5_Tween_80,142
36.0,E5_Tween_80,141
36.25,E5_Tween_80,142
36.5,E5_Tween_80,139
36.75,E5_Tween_80,142
37.0,E5_Tween_80,144
37.25,E5_Tween_80,140
37.5,E5_Tween_80,139
37.75,E5_Tween_80,145
38.0,E5_Tween_80,141
38.25,E5_Tween_80,142
38.5,E5_Tween_80,143
38.75,E5_Tween_80,142
39.0,E5_Tween_80,145
39.25,E5_Tween_80,144
39.5,E5_Tween_80,141
39.75,E5_Tween_80,142
40.0,E5_Tween_80,138
40.25,E5_Tween_80,143
40.5,E5_Tween_80,146
40.75,E5_Tween_80,145
41.0,E5_Tween_80,148
41.25,E5_Tween_80,143
41.5,E5_Tween_80,141
41.75,E5_Tween_80,143
42.0,E5_Tween_80,144
42.25,E5_Tween_80,147
42.5,E5_Tween_80,142
42.75,E5_Tween_80,145
43.0,E5_Tween_80,145
43.25,E5_Tween_80,143
43.5,E5_Tween_80,145
43.75,E5_Tween_80,144
44.0,E5_Tween_80,143
44.25,E5_Tween_80,146
44.5,E5_Tween_80,147
44.75,E5_Tween_80,141
45.0,E5_Tween_80,143
45.25,E5_Tween_80,142
45.5,E5_Tween_80,143
45.75,E5_Tween_80,144
46.0,E5_Tween_80,144
46.25,E5_Tween_80,142
46.5,E5_Tween_80,141
46.75,E5_Tween_80,144
47.0,E5_Tween_80,144
47.25,E5_Tween_80,144
47.5,E5_Tween_80,0
0.0,E6_a-Hydroxy_Glutaric_Acid-g_Lactone,11
0.25,E6_a-Hydroxy_Glutaric_Acid-g_Lactone,11
0.5,E6_a-Hydroxy_Glutaric_Acid-g_Lactone,11
0.75,E6_a-Hydroxy_Glutaric_Acid-g_Lactone,11
1.0,E6_a-Hydroxy_Glutaric_Acid-g_Lactone,11
1.25,E6_a-Hydroxy_Glutaric_Acid-g_Lactone,11
1.5,E6_a-Hydroxy_Glutaric_Acid-g_Lactone,11
1.75,E6_a-Hydroxy_Glutaric_Acid-g_Lactone,11
2.0,E6_a-Hydroxy_Glutaric_Acid-g_Lactone,12
2.25,E6_a-Hydroxy_Glutaric_Acid-g_Lactone,13
2.5,E6_a-Hydroxy_Glutaric_Acid-g_Lactone,11
2.75,E6_a-Hydroxy_Glutaric_Acid-g_Lactone,12
3.0,E6_a-Hydroxy_Glutaric_Acid-g_Lactone,12
3.25,E6_a-Hydroxy_Glutaric_Acid-g_Lactone,11
3.5,E6_a-Hydroxy_Glutaric_Acid-g_Lactone,11
3.75,E6_a-Hydroxy_Glutaric_Acid-g_Lactone,11
4.0,E6_a-Hydroxy_Glutaric_Acid-g_Lactone,11
4.25,E6_a-Hydroxy_Glutaric_Acid-g_Lactone,12
4.5,E6_a-Hydroxy_Glutaric_Acid-g_Lactone,11
4.75,E6_a-Hydroxy_Glutaric_Acid-g_Lactone,11
5.0,E6_a-Hydroxy_Glutaric_Acid-g_Lactone,11
5.25,E6_a-Hydroxy_Glutaric_Acid-g_Lactone,11
5.5,E6_a-Hydroxy_Glutaric_Acid-g_Lactone,11
5.75,E6_a-Hydroxy_Glutaric_Acid-g_Lactone,11
6.0,E6_a-Hydroxy_Glutaric_Acid-g_Lactone,13
6.25,E6_a-Hydroxy_Glutaric_Acid-g_Lactone,14
6.5,E6_a-Hydroxy_Glutaric_Acid-g_Lactone,15
6.75,E6_a-Hydroxy_Glutaric_Acid-g_Lactone,21
7.0,E6_a-Hydroxy_Glutaric_Acid-g_Lactone,15
7.25,E6_a-Hydroxy_Glutaric_Acid-g_Lactone,17
7.5,E6_a-Hydroxy_Glutaric_Acid-g_Lactone,19
7.75,E6_a-Hydroxy_Glutaric_Acid-g_Lactone,24
8.0,E6_a-Hydroxy_Glutaric_Acid-g_Lactone,24
8.25,E6_a-Hydroxy_Glutaric_Acid-g_Lactone,24
8.5,E6_a-Hydroxy_Glutaric_Acid-g_Lactone,26
8.75,E6_a-Hydroxy_Glutaric_Acid-g_Lactone,24
9.0,E6_a-Hydroxy_Glutaric_Acid-g_Lactone,24
9.25,E6_a-Hydroxy_Glutaric_Acid-g_Lactone,21
9.5,E6_a-Hydroxy_Glutaric_Acid-g_Lactone,24
9.75,E6_a-Hydroxy_Glutaric_Acid-g_Lactone,22
10.0,E6_a-Hydroxy_Glutaric_Acid-g_Lactone,21
10.25,E6_a-Hydroxy_Glutaric_Acid-g_Lactone,23
10.5,E6_a-Hydroxy_Glutaric_Acid-g_Lactone,22
10.75,E6_a-Hydroxy_Glutaric_Acid-g_Lactone,20
11.0,E6_a-Hydroxy_Glutaric_Acid-g_Lactone,19
11.25,E6_a-Hydroxy_Glutaric_Acid-g_Lactone,19
11.5,E6_a-Hydroxy_Glutaric_Acid-g_Lactone,19
11.75,E6_a-Hydroxy_Glutaric_Acid-g_Lactone,25
12.0,E6_a-Hydroxy_Glutaric_Acid-g_Lactone,21
12.25,E6_a-Hydroxy_Glutaric_Acid-g_Lactone,25
12.5,E6_a-Hydroxy_Glutaric_Acid-g_Lactone,26
12.75,E6_a-Hydroxy_Glutaric_Acid-g_Lactone,23
13.0,E6_a-Hydroxy_Glutaric_Acid-g_Lactone,21
13.25,E6_a-Hydroxy_Glutaric_Acid-g_Lactone,21
13.5,E6_a-Hydroxy_Glutaric_Acid-g_Lactone,25
13.75,E6_a-Hydroxy_Glutaric_Acid-g_Lactone,21
14.0,E6_a-Hydroxy_Glutaric_Acid-g_Lactone,22
14.25,E6_a-Hydroxy_Glutaric_Acid-g_Lactone,26
14.5,E6_a-Hydroxy_Glutaric_Acid-g_Lactone,25
14.75,E6_a-Hydroxy_Glutaric_Acid-g_Lactone,28
15.0,E6_a-Hydroxy_Glutaric_Acid-g_Lactone,24
15.25,E6_a-Hydroxy_Glutaric_Acid-g_Lactone,25
15.5,E6_a-Hydroxy_Glutaric_Acid-g_Lactone,27
15.75,E6_a-Hydroxy_Glutaric_Acid-g_Lactone,24
16.0,E6_a-Hydroxy_Glutaric_Acid-g_Lactone,26
16.25,E6_a-Hydroxy_Glutaric_Acid-g_Lactone,25
16.5,E6_a-Hydroxy_Glutaric_Acid-g_Lactone,29
16.75,E6_a-Hydroxy_Glutaric_Acid-g_Lactone,25
17.0,E6_a-Hydroxy_Glutaric_Acid-g_Lactone,29
17.25,E6_a-Hydroxy_Glutaric_Acid-g_Lactone,27
17.5,E6_a-Hydroxy_Glutaric_Acid-g_Lactone,25
17.75,E6_a-Hydroxy_Glutaric_Acid-g_Lactone,27
18.0,E6_a-Hydroxy_Glutaric_Acid-g_Lactone,28
18.25,E6_a-Hydroxy_Glutaric_Acid-g_Lactone,24
18.5,E6_a-Hydroxy_Glutaric_Acid-g_Lactone,29
18.75,E6_a-Hydroxy_Glutaric_Acid-g_Lactone,22
19.0,E6_a-Hydroxy_Glutaric_Acid-g_Lactone,25
19.25,E6_a-Hydroxy_Glutaric_Acid-g_Lactone,25
19.5,E6_a-Hydroxy_Glutaric_Acid-g_Lactone,29
19.75,E6_a-Hydroxy_Glutaric_Acid-g_Lactone,33
20.0,E6_a-Hydroxy_Glutaric_Acid-g_Lactone,22
20.25,E6_a-Hydroxy_Glutaric_Acid-g_Lactone,26
20.5,E6_a-Hydroxy_Glutaric_Acid-g_Lactone,30
20.75,E6_a-Hydroxy_Glutaric_Acid-g_Lactone,31
21.0,E6_a-Hydroxy_Glutaric_Acid-g_Lactone,27
21.25,E6_a-Hydroxy_Glutaric_Acid-g_Lactone,27
21.5,E6_a-Hydroxy_Glutaric_Acid-g_Lactone,27
21.75,E6_a-Hydroxy_Glutaric_Acid-g_Lactone,27
22.0,E6_a-Hydroxy_Glutaric_Acid-g_Lactone,32
22.25,E6_a-Hydroxy_Glutaric_Acid-g_Lactone,25
22.5,E6_a-Hydroxy_Glutaric_Acid-g_Lactone,25
22.75,E6_a-Hydroxy_Glutaric_Acid-g_Lactone,27
23.0,E6_a-Hydroxy_Glutaric_Acid-g_Lactone,31
23.25,E6_a-Hydroxy_Glutaric_Acid-g_Lactone,26
23.5,E6_a-Hydroxy_Glutaric_Acid-g_Lactone,29
23.75,E6_a-Hydroxy_Glutaric_Acid-g_Lactone,29
24.0,E6_a-Hydroxy_Glutaric_Acid-g_Lactone,30
24.25,E6_a-Hydroxy_Glutaric_Acid-g_Lactone,26
24.5,E6_a-Hydroxy_Glutaric_Acid-g_Lactone,27
24.75,E6_a-Hydroxy_Glutaric_Acid-g_Lactone,32
25.0,E6_a-Hydroxy_Glutaric_Acid-g_Lactone,25
25.25,E6_a-Hydroxy_Glutaric_Acid-g_Lactone,27
25.5,E6_a-Hydroxy_Glutaric_Acid-g_Lactone,27
25.75,E6_a-Hydroxy_Glutaric_Acid-g_Lactone,31
26.0,E6_a-Hydroxy_Glutaric_Acid-g_Lactone,33
26.25,E6_a-Hydroxy_Glutaric_Acid-g_Lactone,37
26.5,E6_a-Hydroxy_Glutaric_Acid-g_Lactone,26
26.75,E6_a-Hydroxy_Glutaric_Acid-g_Lactone,30
27.0,E6_a-Hydroxy_Glutaric_Acid-g_Lactone,32
27.25,E6_a-Hydroxy_Glutaric_Acid-g_Lactone,29
27.5,E6_a-Hydroxy_Glutaric_Acid-g_Lactone,32
27.75,E6_a-Hydroxy_Glutaric_Acid-g_Lactone,32
28.0,E6_a-Hydroxy_Glutaric_Acid-g_Lactone,27
28.25,E6_a-Hydroxy_Glutaric_Acid-g_Lactone,29
28.5,E6_a-Hydroxy_Glutaric_Acid-g_Lactone,29
28.75,E6_a-Hydroxy_Glutaric_Acid-g_Lactone,33
29.0,E6_a-Hydroxy_Glutaric_Acid-g_Lactone,30
29.25,E6_a-Hydroxy_Glutaric_Acid-g_Lactone,30
29.5,E6_a-Hydroxy_Glutaric_Acid-g_Lactone,26
29.75,E6_a-Hydroxy_Glutaric_Acid-g_Lactone,34
30.0,E6_a-Hydroxy_Glutaric_Acid-g_Lactone,31
30.25,E6_a-Hydroxy_Glutaric_Acid-g_Lactone,32
30.5,E6_a-Hydroxy_Glutaric_Acid-g_Lactone,30
30.75,E6_a-Hydroxy_Glutaric_Acid-g_Lactone,30
31.0,E6_a-Hydroxy_Glutaric_Acid-g_Lactone,33
31.25,E6_a-Hydroxy_Glutaric_Acid-g_Lactone,33
31.5,E6_a-Hydroxy_Glutaric_Acid-g_Lactone,29
31.75,E6_a-Hydroxy_Glutaric_Acid-g_Lactone,33
32.0,E6_a-Hydroxy_Glutaric_Acid-g_Lactone,36
32.25,E6_a-Hydroxy_Glutaric_Acid-g_Lactone,31
32.5,E6_a-Hydroxy_Glutaric_Acid-g_Lactone,30
32.75,E6_a-Hydroxy_Glutaric_Acid-g_Lactone,30
33.0,E6_a-Hydroxy_Glutaric_Acid-g_Lactone,29
33.25,E6_a-Hydroxy_Glutaric_Acid-g_Lactone,34
33.5,E6_a-Hydroxy_Glutaric_Acid-g_Lactone,28
33.75,E6_a-Hydroxy_Glutaric_Acid-g_Lactone,31
34.0,E6_a-Hydroxy_Glutaric_Acid-g_Lactone,30
34.25,E6_a-Hydroxy_Glutaric_Acid-g_Lactone,30
34.5,E6_a-Hydroxy_Glutaric_Acid-g_Lactone,32
34.75,E6_a-Hydroxy_Glutaric_Acid-g_Lactone,28
35.0,E6_a-Hydroxy_Glutaric_Acid-g_Lactone,34
35.25,E6_a-Hydroxy_Glutaric_Acid-g_Lactone,28
35.5,E6_a-Hydroxy_Glutaric_Acid-g_Lactone,32
35.75,E6_a-Hydroxy_Glutaric_Acid-g_Lactone,33
36.0,E6_a-Hydroxy_Glutaric_Acid-g_Lactone,32
36.25,E6_a-Hydroxy_Glutaric_Acid-g_Lactone,29
36.5,E6_a-Hydroxy_Glutaric_Acid-g_Lactone,31
36.75,E6_a-Hydroxy_Glutaric_Acid-g_Lactone,30
37.0,E6_a-Hydroxy_Glutaric_Acid-g_Lactone,28
37.25,E6_a-Hydroxy_Glutaric_Acid-g_Lactone,29
37.5,E6_a-Hydroxy_Glutaric_Acid-g_Lactone,25
37.75,E6_a-Hydroxy_Glutaric_Acid-g_Lactone,34
38.0,E6_a-Hydroxy_Glutaric_Acid-g_Lactone,32
38.25,E6_a-Hydroxy_Glutaric_Acid-g_Lactone,31
38.5,E6_a-Hydroxy_Glutaric_Acid-g_Lactone,29
38.75,E6_a-Hydroxy_Glutaric_Acid-g_Lactone,31
39.0,E6_a-Hydroxy_Glutaric_Acid-g_Lactone,30
39.25,E6_a-Hydroxy_Glutaric_Acid-g_Lactone,35
39.5,E6_a-Hydroxy_Glutaric_Acid-g_Lactone,34
39.75,E6_a-Hydroxy_Glutaric_Acid-g_Lactone,31
40.0,E6_a-Hydroxy_Glutaric_Acid-g_Lactone,29
40.25,E6_a-Hydroxy_Glutaric_Acid-g_Lactone,32
40.5,E6_a-Hydroxy_Glutaric_Acid-g_Lactone,32
40.75,E6_a-Hydroxy_Glutaric_Acid-g_Lactone,35
41.0,E6_a-Hydroxy_Glutaric_Acid-g_Lactone,35
41.25,E6_a-Hydroxy_Glutaric_Acid-g_Lactone,32
41.5,E6_a-Hydroxy_Glutaric_Acid-g_Lactone,30
41.75,E6_a-Hydroxy_Glutaric_Acid-g_Lactone,35
42.0,E6_a-Hydroxy_Glutaric_Acid-g_Lactone,33
42.25,E6_a-Hydroxy_Glutaric_Acid-g_Lactone,33
42.5,E6_a-Hydroxy_Glutaric_Acid-g_Lactone,32
42.75,E6_a-Hydroxy_Glutaric_Acid-g_Lactone,30
43.0,E6_a-Hydroxy_Glutaric_Acid-g_Lactone,33
43.25,E6_a-Hydroxy_Glutaric_Acid-g_Lactone,31
43.5,E6_a-Hydroxy_Glutaric_Acid-g_Lactone,33
43.75,E6_a-Hydroxy_Glutaric_Acid-g_Lactone,32
44.0,E6_a-Hydroxy_Glutaric_Acid-g_Lactone,35
44.25,E6_a-Hydroxy_Glutaric_Acid-g_Lactone,30
44.5,E6_a-Hydroxy_Glutaric_Acid-g_Lactone,30
44.75,E6_a-Hydroxy_Glutaric_Acid-g_Lactone,30
45.0,E6_a-Hydroxy_Glutaric_Acid-g_Lactone,34
45.25,E6_a-Hydroxy_Glutaric_Acid-g_Lactone,34
45.5,E6_a-Hydroxy_Glutaric_Acid-g_Lactone,35
45.75,E6_a-Hydroxy_Glutaric_Acid-g_Lactone,33
46.0,E6_a-Hydroxy_Glutaric_Acid-g_Lactone,36
46.25,E6_a-Hydroxy_Glutaric_Acid-g_Lactone,31
46.5,E6_a-Hydroxy_Glutaric_Acid-g_Lactone,31
46.75,E6_a-Hydroxy_Glutaric_Acid-g_Lactone,35
47.0,E6_a-Hydroxy_Glutaric_Acid-g_Lactone,30
47.25,E6_a-Hydroxy_Glutaric_Acid-g_Lactone,34
47.5,E6_a-Hydroxy_Glutaric_Acid-g_Lactone,0
0.0,E7_a-Hydroxy_Butyric_Acid,11
0.25,E7_a-Hydroxy_Butyric_Acid,11
0.5,E7_a-Hydroxy_Butyric_Acid,11
0.75,E7_a-Hydroxy_Butyric_Acid,11
1.0,E7_a-Hydroxy_Butyric_Acid,11
1.25,E7_a-Hydroxy_Butyric_Acid,11
1.5,E7_a-Hydroxy_Butyric_Acid,11
1.75,E7_a-Hydroxy_Butyric_Acid,13
2.0,E7_a-Hydroxy_Butyric_Acid,13
2.25,E7_a-Hydroxy_Butyric_Acid,13
2.5,E7_a-Hydroxy_Butyric_Acid,12
2.75,E7_a-Hydroxy_Butyric_Acid,12
3.0,E7_a-Hydroxy_Butyric_Acid,14
3.25,E7_a-Hydroxy_Butyric_Acid,13
3.5,E7_a-Hydroxy_Butyric_Acid,13
3.75,E7_a-Hydroxy_Butyric_Acid,13
4.0,E7_a-Hydroxy_Butyric_Acid,12
4.25,E7_a-Hydroxy_Butyric_Acid,14
4.5,E7_a-Hydroxy_Butyric_Acid,17
4.75,E7_a-Hydroxy_Butyric_Acid,14
5.0,E7_a-Hydroxy_Butyric_Acid,20
5.25,E7_a-Hydroxy_Butyric_Acid,20
5.5,E7_a-Hydroxy_Butyric_Acid,16
5.75,E7_a-Hydroxy_Butyric_Acid,18
6.0,E7_a-Hydroxy_Butyric_Acid,17
6.25,E7_a-Hydroxy_Butyric_Acid,15
6.5,E7_a-Hydroxy_Butyric_Acid,19
6.75,E7_a-Hydroxy_Butyric_Acid,21
7.0,E7_a-Hydroxy_Butyric_Acid,22
7.25,E7_a-Hydroxy_Butyric_Acid,19
7.5,E7_a-Hydroxy_Butyric_Acid,24
7.75,E7_a-Hydroxy_Butyric_Acid,27
8.0,E7_a-Hydroxy_Butyric_Acid,28
8.25,E7_a-Hydroxy_Butyric_Acid,24
8.5,E7_a-Hydroxy_Butyric_Acid,25
8.75,E7_a-Hydroxy_Butyric_Acid,23
9.0,E7_a-Hydroxy_Butyric_Acid,23
9.25,E7_a-Hydroxy_Butyric_Acid,24
9.5,E7_a-Hydroxy_Butyric_Acid,28
9.75,E7_a-Hydroxy_Butyric_Acid,24
10.0,E7_a-Hydroxy_Butyric_Acid,25
10.25,E7_a-Hydroxy_Butyric_Acid,30
10.5,E7_a-Hydroxy_Butyric_Acid,29
10.75,E7_a-Hydroxy_Butyric_Acid,28
11.0,E7_a-Hydroxy_Butyric_Acid,31
11.25,E7_a-Hydroxy_Butyric_Acid,26
11.5,E7_a-Hydroxy_Butyric_Acid,29
11.75,E7_a-Hydroxy_Butyric_Acid,29
12.0,E7_a-Hydroxy_Butyric_Acid,30
12.25,E7_a-Hydroxy_Butyric_Acid,28
12.5,E7_a-Hydroxy_Butyric_Acid,30
12.75,E7_a-Hydroxy_Butyric_Acid,27
13.0,E7_a-Hydroxy_Butyric_Acid,30
13.25,E7_a-Hydroxy_Butyric_Acid,33
13.5,E7_a-Hydroxy_Butyric_Acid,31
13.75,E7_a-Hydroxy_Butyric_Acid,30
14.0,E7_a-Hydroxy_Butyric_Acid,29
14.25,E7_a-Hydroxy_Butyric_Acid,29
14.5,E7_a-Hydroxy_Butyric_Acid,29
14.75,E7_a-Hydroxy_Butyric_Acid,36
15.0,E7_a-Hydroxy_Butyric_Acid,33
15.25,E7_a-Hydroxy_Butyric_Acid,32
15.5,E7_a-Hydroxy_Butyric_Acid,32
15.75,E7_a-Hydroxy_Butyric_Acid,35
16.0,E7_a-Hydroxy_Butyric_Acid,34
16.25,E7_a-Hydroxy_Butyric_Acid,32
16.5,E7_a-Hydroxy_Butyric_Acid,32
16.75,E7_a-Hydroxy_Butyric_Acid,33
17.0,E7_a-Hydroxy_Butyric_Acid,36
17.25,E7_a-Hydroxy_Butyric_Acid,36
17.5,E7_a-Hydroxy_Butyric_Acid,32
17.75,E7_a-Hydroxy_Butyric_Acid,34
18.0,E7_a-Hydroxy_Butyric_Acid,35
18.25,E7_a-Hydroxy_Butyric_Acid,34
18.5,E7_a-Hydroxy_Butyric_Acid,32
18.75,E7_a-Hydroxy_Butyric_Acid,40
19.0,E7_a-Hydroxy_Butyric_Acid,37
19.25,E7_a-Hydroxy_Butyric_Acid,38
19.5,E7_a-Hydroxy_Butyric_Acid,41
19.75,E7_a-Hydroxy_Butyric_Acid,36
20.0,E7_a-Hydroxy_Butyric_Acid,36
20.25,E7_a-Hydroxy_Butyric_Acid,37
20.5,E7_a-Hydroxy_Butyric_Acid,37
20.75,E7_a-Hydroxy_Butyric_Acid,38
21.0,E7_a-Hydroxy_Butyric_Acid,41
21.25,E7_a-Hydroxy_Butyric_Acid,40
21.5,E7_a-Hydroxy_Butyric_Acid,41
21.75,E7_a-Hydroxy_Butyric_Acid,38
22.0,E7_a-Hydroxy_Butyric_Acid,39
22.25,E7_a-Hydroxy_Butyric_Acid,37
22.5,E7_a-Hydroxy_Butyric_Acid,36
22.75,E7_a-Hydroxy_Butyric_Acid,36
23.0,E7_a-Hydroxy_Butyric_Acid,36
23.25,E7_a-Hydroxy_Butyric_Acid,38
23.5,E7_a-Hydroxy_Butyric_Acid,37
23.75,E7_a-Hydroxy_Butyric_Acid,36
24.0,E7_a-Hydroxy_Butyric_Acid,37
24.25,E7_a-Hydroxy_Butyric_Acid,35
24.5,E7_a-Hydroxy_Butyric_Acid,37
24.75,E7_a-Hydroxy_Butyric_Acid,34
25.0,E7_a-Hydroxy_Butyric_Acid,38
25.25,E7_a-Hydroxy_Butyric_Acid,35
25.5,E7_a-Hydroxy_Butyric_Acid,36
25.75,E7_a-Hydroxy_Butyric_Acid,38
26.0,E7_a-Hydroxy_Butyric_Acid,37
26.25,E7_a-Hydroxy_Butyric_Acid,41
26.5,E7_a-Hydroxy_Butyric_Acid,38
26.75,E7_a-Hydroxy_Butyric_Acid,40
27.0,E7_a-Hydroxy_Butyric_Acid,42
27.25,E7_a-Hydroxy_Butyric_Acid,41
27.5,E7_a-Hydroxy_Butyric_Acid,41
27.75,E7_a-Hydroxy_Butyric_Acid,40
28.0,E7_a-Hydroxy_Butyric_Acid,47
28.25,E7_a-Hydroxy_Butyric_Acid,40
28.5,E7_a-Hydroxy_Butyric_Acid,42
28.75,E7_a-Hydroxy_Butyric_Acid,44
29.0,E7_a-Hydroxy_Butyric_Acid,43
29.25,E7_a-Hydroxy_Butyric_Acid,48
29.5,E7_a-Hydroxy_Butyric_Acid,45
29.75,E7_a-Hydroxy_Butyric_Acid,45
30.0,E7_a-Hydroxy_Butyric_Acid,40
30.25,E7_a-Hydroxy_Butyric_Acid,40
30.5,E7_a-Hydroxy_Butyric_Acid,39
30.75,E7_a-Hydroxy_Butyric_Acid,40
31.0,E7_a-Hydroxy_Butyric_Acid,42
31.25,E7_a-Hydroxy_Butyric_Acid,43
31.5,E7_a-Hydroxy_Butyric_Acid,43
31.75,E7_a-Hydroxy_Butyric_Acid,41
32.0,E7_a-Hydroxy_Butyric_Acid,47
32.25,E7_a-Hydroxy_Butyric_Acid,43
32.5,E7_a-Hydroxy_Butyric_Acid,43
32.75,E7_a-Hydroxy_Butyric_Acid,45
33.0,E7_a-Hydroxy_Butyric_Acid,44
33.25,E7_a-Hydroxy_Butyric_Acid,42
33.5,E7_a-Hydroxy_Butyric_Acid,43
33.75,E7_a-Hydroxy_Butyric_Acid,44
34.0,E7_a-Hydroxy_Butyric_Acid,40
34.25,E7_a-Hydroxy_Butyric_Acid,39
34.5,E7_a-Hydroxy_Butyric_Acid,45
34.75,E7_a-Hydroxy_Butyric_Acid,43
35.0,E7_a-Hydroxy_Butyric_Acid,41
35.25,E7_a-Hydroxy_Butyric_Acid,44
35.5,E7_a-Hydroxy_Butyric_Acid,42
35.75,E7_a-Hydroxy_Butyric_Acid,42
36.0,E7_a-Hydroxy_Butyric_Acid,44
36.25,E7_a-Hydroxy_Butyric_Acid,41
36.5,E7_a-Hydroxy_Butyric_Acid,43
36.75,E7_a-Hydroxy_Butyric_Acid,41
37.0,E7_a-Hydroxy_Butyric_Acid,45
37.25,E7_a-Hydroxy_Butyric_Acid,41
37.5,E7_a-Hydroxy_Butyric_Acid,39
37.75,E7_a-Hydroxy_Butyric_Acid,44
38.0,E7_a-Hydroxy_Butyric_Acid,43
38.25,E7_a-Hydroxy_Butyric_Acid,40
38.5,E7_a-Hydroxy_Butyric_Acid,47
38.75,E7_a-Hydroxy_Butyric_Acid,44
39.0,E7_a-Hydroxy_Butyric_Acid,46
39.25,E7_a-Hydroxy_Butyric_Acid,43
39.5,E7_a-Hydroxy_Butyric_Acid,43
39.75,E7_a-Hydroxy_Butyric_Acid,43
40.0,E7_a-Hydroxy_Butyric_Acid,44
40.25,E7_a-Hydroxy_Butyric_Acid,40
40.5,E7_a-Hydroxy_Butyric_Acid,47
40.75,E7_a-Hydroxy_Butyric_Acid,46
41.0,E7_a-Hydroxy_Butyric_Acid,47
41.25,E7_a-Hydroxy_Butyric_Acid,42
41.5,E7_a-Hydroxy_Butyric_Acid,42
41.75,E7_a-Hydroxy_Butyric_Acid,47
42.0,E7_a-Hydroxy_Butyric_Acid,45
42.25,E7_a-Hydroxy_Butyric_Acid,47
42.5,E7_a-Hydroxy_Butyric_Acid,41
42.75,E7_a-Hydroxy_Butyric_Acid,42
43.0,E7_a-Hydroxy_Butyric_Acid,46
43.25,E7_a-Hydroxy_Butyric_Acid,46
43.5,E7_a-Hydroxy_Butyric_Acid,44
43.75,E7_a-Hydroxy_Butyric_Acid,48
44.0,E7_a-Hydroxy_Butyric_Acid,49
44.25,E7_a-Hydroxy_Butyric_Acid,46
44.5,E7_a-Hydroxy_Butyric_Acid,48
44.75,E7_a-Hydroxy_Butyric_Acid,43
45.0,E7_a-Hydroxy_Butyric_Acid,41
45.25,E7_a-Hydroxy_Butyric_Acid,44
45.5,E7_a-Hydroxy_Butyric_Acid,45
45.75,E7_a-Hydroxy_Butyric_Acid,42
46.0,E7_a-Hydroxy_Butyric_Acid,47
46.25,E7_a-Hydroxy_Butyric_Acid,43
46.5,E7_a-Hydroxy_Butyric_Acid,49
46.75,E7_a-Hydroxy_Butyric_Acid,44
47.0,E7_a-Hydroxy_Butyric_Acid,49
47.25,E7_a-Hydroxy_Butyric_Acid,45
47.5,E7_a-Hydroxy_Butyric_Acid,0
0.0,E8_B-Methyl-D_Glucoside,20
0.25,E8_B-Methyl-D_Glucoside,11
0.5,E8_B-Methyl-D_Glucoside,11
0.75,E8_B-Methyl-D_Glucoside,11
1.0,E8_B-Methyl-D_Glucoside,11
1.25,E8_B-Methyl-D_Glucoside,11
1.5,E8_B-Methyl-D_Glucoside,11
1.75,E8_B-Methyl-D_Glucoside,11
2.0,E8_B-Methyl-D_Glucoside,11
2.25,E8_B-Methyl-D_Glucoside,13
2.5,E8_B-Methyl-D_Glucoside,11
2.75,E8_B-Methyl-D_Glucoside,11
3.0,E8_B-Methyl-D_Glucoside,11
3.25,E8_B-Methyl-D_Glucoside,11
3.5,E8_B-Methyl-D_Glucoside,11
3.75,E8_B-Methyl-D_Glucoside,11
4.0,E8_B-Methyl-D_Glucoside,11
4.25,E8_B-Methyl-D_Glucoside,11
4.5,E8_B-Methyl-D_Glucoside,16
4.75,E8_B-Methyl-D_Glucoside,14
5.0,E8_B-Methyl-D_Glucoside,19
5.25,E8_B-Methyl-D_Glucoside,17
5.5,E8_B-Methyl-D_Glucoside,13
5.75,E8_B-Methyl-D_Glucoside,14
6.0,E8_B-Methyl-D_Glucoside,16
6.25,E8_B-Methyl-D_Glucoside,15
6.5,E8_B-Methyl-D_Glucoside,19
6.75,E8_B-Methyl-D_Glucoside,19
7.0,E8_B-Methyl-D_Glucoside,23
7.25,E8_B-Methyl-D_Glucoside,21
7.5,E8_B-Methyl-D_Glucoside,24
7.75,E8_B-Methyl-D_Glucoside,23
8.0,E8_B-Methyl-D_Glucoside,23
8.25,E8_B-Methyl-D_Glucoside,25
8.5,E8_B-Methyl-D_Glucoside,26
8.75,E8_B-Methyl-D_Glucoside,26
9.0,E8_B-Methyl-D_Glucoside,23
9.25,E8_B-Methyl-D_Glucoside,25
9.5,E8_B-Methyl-D_Glucoside,26
9.75,E8_B-Methyl-D_Glucoside,27
10.0,E8_B-Methyl-D_Glucoside,30
10.25,E8_B-Methyl-D_Glucoside,30
10.5,E8_B-Methyl-D_Glucoside,30
10.75,E8_B-Methyl-D_Glucoside,25
11.0,E8_B-Methyl-D_Glucoside,26
11.25,E8_B-Methyl-D_Glucoside,28
11.5,E8_B-Methyl-D_Glucoside,25
11.75,E8_B-Methyl-D_Glucoside,28
12.0,E8_B-Methyl-D_Glucoside,25
12.25,E8_B-Methyl-D_Glucoside,28
12.5,E8_B-Methyl-D_Glucoside,28
12.75,E8_B-Methyl-D_Glucoside,25
13.0,E8_B-Methyl-D_Glucoside,25
13.25,E8_B-Methyl-D_Glucoside,22
13.5,E8_B-Methyl-D_Glucoside,23
13.75,E8_B-Methyl-D_Glucoside,27
14.0,E8_B-Methyl-D_Glucoside,31
14.25,E8_B-Methyl-D_Glucoside,28
14.5,E8_B-Methyl-D_Glucoside,31
14.75,E8_B-Methyl-D_Glucoside,34
15.0,E8_B-Methyl-D_Glucoside,29
15.25,E8_B-Methyl-D_Glucoside,30
15.5,E8_B-Methyl-D_Glucoside,30
15.75,E8_B-Methyl-D_Glucoside,27
16.0,E8_B-Methyl-D_Glucoside,30
16.25,E8_B-Methyl-D_Glucoside,29
16.5,E8_B-Methyl-D_Glucoside,27
16.75,E8_B-Methyl-D_Glucoside,32
17.0,E8_B-Methyl-D_Glucoside,34
17.25,E8_B-Methyl-D_Glucoside,32
17.5,E8_B-Methyl-D_Glucoside,33
17.75,E8_B-Methyl-D_Glucoside,27
18.0,E8_B-Methyl-D_Glucoside,32
18.25,E8_B-Methyl-D_Glucoside,29
18.5,E8_B-Methyl-D_Glucoside,33
18.75,E8_B-Methyl-D_Glucoside,35
19.0,E8_B-Methyl-D_Glucoside,29
19.25,E8_B-Methyl-D_Glucoside,33
19.5,E8_B-Methyl-D_Glucoside,32
19.75,E8_B-Methyl-D_Glucoside,33
20.0,E8_B-Methyl-D_Glucoside,33
20.25,E8_B-Methyl-D_Glucoside,33
20.5,E8_B-Methyl-D_Glucoside,33
20.75,E8_B-Methyl-D_Glucoside,38
21.0,E8_B-Methyl-D_Glucoside,35
21.25,E8_B-Methyl-D_Glucoside,32
21.5,E8_B-Methyl-D_Glucoside,31
21.75,E8_B-Methyl-D_Glucoside,31
22.0,E8_B-Methyl-D_Glucoside,34
22.25,E8_B-Methyl-D_Glucoside,37
22.5,E8_B-Methyl-D_Glucoside,33
22.75,E8_B-Methyl-D_Glucoside,38
23.0,E8_B-Methyl-D_Glucoside,37
23.25,E8_B-Methyl-D_Glucoside,33
23.5,E8_B-Methyl-D_Glucoside,36
23.75,E8_B-Methyl-D_Glucoside,32
24.0,E8_B-Methyl-D_Glucoside,32
24.25,E8_B-Methyl-D_Glucoside,34
24.5,E8_B-Methyl-D_Glucoside,32
24.75,E8_B-Methyl-D_Glucoside,34
25.0,E8_B-Methyl-D_Glucoside,35
25.25,E8_B-Methyl-D_Glucoside,38
25.5,E8_B-Methyl-D_Glucoside,33
25.75,E8_B-Methyl-D_Glucoside,35
26.0,E8_B-Methyl-D_Glucoside,41
26.25,E8_B-Methyl-D_Glucoside,35
26.5,E8_B-Methyl-D_Glucoside,34
26.75,E8_B-Methyl-D_Glucoside,37
27.0,E8_B-Methyl-D_Glucoside,38
27.25,E8_B-Methyl-D_Glucoside,38
27.5,E8_B-Methyl-D_Glucoside,36
27.75,E8_B-Methyl-D_Glucoside,37
28.0,E8_B-Methyl-D_Glucoside,35
28.25,E8_B-Methyl-D_Glucoside,36
28.5,E8_B-Methyl-D_Glucoside,37
28.75,E8_B-Methyl-D_Glucoside,35
29.0,E8_B-Methyl-D_Glucoside,40
29.25,E8_B-Methyl-D_Glucoside,33
29.5,E8_B-Methyl-D_Glucoside,36
29.75,E8_B-Methyl-D_Glucoside,35
30.0,E8_B-Methyl-D_Glucoside,33
30.25,E8_B-Methyl-D_Glucoside,36
30.5,E8_B-Methyl-D_Glucoside,31
30.75,E8_B-Methyl-D_Glucoside,34
31.0,E8_B-Methyl-D_Glucoside,35
31.25,E8_B-Methyl-D_Glucoside,40
31.5,E8_B-Methyl-D_Glucoside,39
31.75,E8_B-Methyl-D_Glucoside,37
32.0,E8_B-Methyl-D_Glucoside,40
32.25,E8_B-Methyl-D_Glucoside,33
32.5,E8_B-Methyl-D_Glucoside,34
32.75,E8_B-Methyl-D_Glucoside,36
33.0,E8_B-Methyl-D_Glucoside,29
33.25,E8_B-Methyl-D_Glucoside,35
33.5,E8_B-Methyl-D_Glucoside,39
33.75,E8_B-Methyl-D_Glucoside,39
34.0,E8_B-Methyl-D_Glucoside,32
34.25,E8_B-Methyl-D_Glucoside,38
34.5,E8_B-Methyl-D_Glucoside,35
34.75,E8_B-Methyl-D_Glucoside,37
35.0,E8_B-Methyl-D_Glucoside,39
35.25,E8_B-Methyl-D_Glucoside,34
35.5,E8_B-Methyl-D_Glucoside,33
35.75,E8_B-Methyl-D_Glucoside,35
36.0,E8_B-Methyl-D_Glucoside,34
36.25,E8_B-Methyl-D_Glucoside,35
36.5,E8_B-Methyl-D_Glucoside,39
36.75,E8_B-Methyl-D_Glucoside,35
37.0,E8_B-Methyl-D_Glucoside,36
37.25,E8_B-Methyl-D_Glucoside,35
37.5,E8_B-Methyl-D_Glucoside,38
37.75,E8_B-Methyl-D_Glucoside,33
38.0,E8_B-Methyl-D_Glucoside,33
38.25,E8_B-Methyl-D_Glucoside,35
38.5,E8_B-Methyl-D_Glucoside,37
38.75,E8_B-Methyl-D_Glucoside,37
39.0,E8_B-Methyl-D_Glucoside,35
39.25,E8_B-Methyl-D_Glucoside,39
39.5,E8_B-Methyl-D_Glucoside,40
39.75,E8_B-Methyl-D_Glucoside,37
40.0,E8_B-Methyl-D_Glucoside,38
40.25,E8_B-Methyl-D_Glucoside,39
40.5,E8_B-Methyl-D_Glucoside,40
40.75,E8_B-Methyl-D_Glucoside,37
41.0,E8_B-Methyl-D_Glucoside,47
41.25,E8_B-Methyl-D_Glucoside,40
41.5,E8_B-Methyl-D_Glucoside,38
41.75,E8_B-Methyl-D_Glucoside,40
42.0,E8_B-Methyl-D_Glucoside,40
42.25,E8_B-Methyl-D_Glucoside,41
42.5,E8_B-Methyl-D_Glucoside,41
42.75,E8_B-Methyl-D_Glucoside,39
43.0,E8_B-Methyl-D_Glucoside,39
43.25,E8_B-Methyl-D_Glucoside,41
43.5,E8_B-Methyl-D_Glucoside,42
43.75,E8_B-Methyl-D_Glucoside,37
44.0,E8_B-Methyl-D_Glucoside,41
44.25,E8_B-Methyl-D_Glucoside,34
44.5,E8_B-Methyl-D_Glucoside,42
44.75,E8_B-Methyl-D_Glucoside,41
45.0,E8_B-Methyl-D_Glucoside,43
45.25,E8_B-Methyl-D_Glucoside,48
45.5,E8_B-Methyl-D_Glucoside,44
45.75,E8_B-Methyl-D_Glucoside,45
46.0,E8_B-Methyl-D_Glucoside,45
46.25,E8_B-Methyl-D_Glucoside,47
46.5,E8_B-Methyl-D_Glucoside,42
46.75,E8_B-Methyl-D_Glucoside,49
47.0,E8_B-Methyl-D_Glucoside,45
47.25,E8_B-Methyl-D_Glucoside,49
47.5,E8_B-Methyl-D_Glucoside,0
0.0,E9_Adonitol,26
0.25,E9_Adonitol,21
0.5,E9_Adonitol,26
0.75,E9_Adonitol,13
1.0,E9_Adonitol,12
1.25,E9_Adonitol,11
1.5,E9_Adonitol,11
1.75,E9_Adonitol,11
2.0,E9_Adonitol,13
2.25,E9_Adonitol,16
2.5,E9_Adonitol,14
2.75,E9_Adonitol,12
3.0,E9_Adonitol,13
3.25,E9_Adonitol,16
3.5,E9_Adonitol,14
3.75,E9_Adonitol,12
4.0,E9_Adonitol,13
4.25,E9_Adonitol,12
4.5,E9_Adonitol,14
4.75,E9_Adonitol,17
5.0,E9_Adonitol,19
5.25,E9_Adonitol,19
5.5,E9_Adonitol,16
5.75,E9_Adonitol,17
6.0,E9_Adonitol,23
6.25,E9_Adonitol,23
6.5,E9_Adonitol,21
6.75,E9_Adonitol,24
7.0,E9_Adonitol,21
7.25,E9_Adonitol,24
7.5,E9_Adonitol,24
7.75,E9_Adonitol,28
8.0,E9_Adonitol,30
8.25,E9_Adonitol,26
8.5,E9_Adonitol,27
8.75,E9_Adonitol,22
9.0,E9_Adonitol,27
9.25,E9_Adonitol,23
9.5,E9_Adonitol,27
9.75,E9_Adonitol,25
10.0,E9_Adonitol,27
10.25,E9_Adonitol,25
10.5,E9_Adonitol,25
10.75,E9_Adonitol,25
11.0,E9_Adonitol,29
11.25,E9_Adonitol,23
11.5,E9_Adonitol,27
11.75,E9_Adonitol,30
12.0,E9_Adonitol,21
12.25,E9_Adonitol,29
12.5,E9_Adonitol,30
12.75,E9_Adonitol,23
13.0,E9_Adonitol,21
13.25,E9_Adonitol,24
13.5,E9_Adonitol,28
13.75,E9_Adonitol,28
14.0,E9_Adonitol,23
14.25,E9_Adonitol,33
14.5,E9_Adonitol,29
14.75,E9_Adonitol,37
15.0,E9_Adonitol,31
15.25,E9_Adonitol,30
15.5,E9_Adonitol,29
15.75,E9_Adonitol,30
16.0,E9_Adonitol,31
16.25,E9_Adonitol,33
16.5,E9_Adonitol,29
16.75,E9_Adonitol,33
17.0,E9_Adonitol,34
17.25,E9_Adonitol,34
17.5,E9_Adonitol,33
17.75,E9_Adonitol,34
18.0,E9_Adonitol,35
18.25,E9_Adonitol,32
18.5,E9_Adonitol,34
18.75,E9_Adonitol,39
19.0,E9_Adonitol,35
19.25,E9_Adonitol,35
19.5,E9_Adonitol,33
19.75,E9_Adonitol,35
20.0,E9_Adonitol,31
20.25,E9_Adonitol,35
20.5,E9_Adonitol,32
20.75,E9_Adonitol,35
21.0,E9_Adonitol,39
21.25,E9_Adonitol,37
21.5,E9_Adonitol,34
21.75,E9_Adonitol,37
22.0,E9_Adonitol,38
22.25,E9_Adonitol,37
22.5,E9_Adonitol,35
22.75,E9_Adonitol,34
23.0,E9_Adonitol,35
23.25,E9_Adonitol,39
23.5,E9_Adonitol,35
23.75,E9_Adonitol,35
24.0,E9_Adonitol,34
24.25,E9_Adonitol,32
24.5,E9_Adonitol,36
24.75,E9_Adonitol,36
25.0,E9_Adonitol,38
25.25,E9_Adonitol,37
25.5,E9_Adonitol,36
25.75,E9_Adonitol,39
26.0,E9_Adonitol,41
26.25,E9_Adonitol,37
26.5,E9_Adonitol,39
26.75,E9_Adonitol,38
27.0,E9_Adonitol,42
27.25,E9_Adonitol,37
27.5,E9_Adonitol,37
27.75,E9_Adonitol,38
28.0,E9_Adonitol,36
28.25,E9_Adonitol,39
28.5,E9_Adonitol,37
28.75,E9_Adonitol,38
29.0,E9_Adonitol,38
29.25,E9_Adonitol,36
29.5,E9_Adonitol,39
29.75,E9_Adonitol,40
30.0,E9_Adonitol,37
30.25,E9_Adonitol,37
30.5,E9_Adonitol,42
30.75,E9_Adonitol,37
31.0,E9_Adonitol,40
31.25,E9_Adonitol,39
31.5,E9_Adonitol,39
31.75,E9_Adonitol,39
32.0,E9_Adonitol,40
32.25,E9_Adonitol,40
32.5,E9_Adonitol,40
32.75,E9_Adonitol,38
33.0,E9_Adonitol,37
33.25,E9_Adonitol,39
33.5,E9_Adonitol,38
33.75,E9_Adonitol,38
34.0,E9_Adonitol,36
34.25,E9_Adonitol,39
34.5,E9_Adonitol,36
34.75,E9_Adonitol,38
35.0,E9_Adonitol,41
35.25,E9_Adonitol,35
35.5,E9_Adonitol,39
35.75,E9_Adonitol,40
36.0,E9_Adonitol,39
36.25,E9_Adonitol,36
36.5,E9_Adonitol,39
36.75,E9_Adonitol,34
37.0,E9_Adonitol,38
37.25,E9_Adonitol,37
37.5,E9_Adonitol,36
37.75,E9_Adonitol,37
38.0,E9_Adonitol,39
38.25,E9_Adonitol,37
38.5,E9_Adonitol,39
38.75,E9_Adonitol,36
39.0,E9_Adonitol,39
39.25,E9_Adonitol,40
39.5,E9_Adonitol,34
39.75,E9_Adonitol,39
40.0,E9_Adonitol,36
40.25,E9_Adonitol,36
40.5,E9_Adonitol,36
40.75,E9_Adonitol,40
41.0,E9_Adonitol,43
41.25,E9_Adonitol,36
41.5,E9_Adonitol,36
41.75,E9_Adonitol,37
42.0,E9_Adonitol,38
42.25,E9_Adonitol,42
42.5,E9_Adonitol,40
42.75,E9_Adonitol,38
43.0,E9_Adonitol,43
43.25,E9_Adonitol,36
43.5,E9_Adonitol,43
43.75,E9_Adonitol,37
44.0,E9_Adonitol,39
44.25,E9_Adonitol,36
44.5,E9_Adonitol,38
44.75,E9_Adonitol,35
45.0,E9_Adonitol,36
45.25,E9_Adonitol,40
45.5,E9_Adonitol,40
45.75,E9_Adonitol,39
46.0,E9_Adonitol,39
46.25,E9_Adonitol,38
46.5,E9_Adonitol,41
46.75,E9_Adonitol,41
47.0,E9_Adonitol,36
47.25,E9_Adonitol,41
47.5,E9_Adonitol,0
0.0,E10_Maltotriose,24
0.25,E10_Maltotriose,16
0.5,E10_Maltotriose,11
0.75,E10_Maltotriose,11
1.0,E10_Maltotriose,11
1.25,E10_Maltotriose,11
1.5,E10_Maltotriose,11
1.75,E10_Maltotriose,11
2.0,E10_Maltotriose,11
2.25,E10_Maltotriose,15
2.5,E10_Maltotriose,11
2.75,E10_Maltotriose,11
3.0,E10_Maltotriose,11
3.25,E10_Maltotriose,11
3.5,E10_Maltotriose,11
3.75,E10_Maltotriose,11
4.0,E10_Maltotriose,11
4.25,E10_Maltotriose,11
4.5,E10_Maltotriose,11
4.75,E10_Maltotriose,11
5.0,E10_Maltotriose,12
5.25,E10_Maltotriose,16
5.5,E10_Maltotriose,14
5.75,E10_Maltotriose,16
6.0,E10_Maltotriose,14
6.25,E10_Maltotriose,19
6.5,E10_Maltotriose,21
6.75,E10_Maltotriose,22
7.0,E10_Maltotriose,23
7.25,E10_Maltotriose,22
7.5,E10_Maltotriose,24
7.75,E10_Maltotriose,31
8.0,E10_Maltotriose,35
8.25,E10_Maltotriose,37
8.5,E10_Maltotriose,41
8.75,E10_Maltotriose,45
9.0,E10_Maltotriose,50
9.25,E10_Maltotriose,49
9.5,E10_Maltotriose,56
9.75,E10_Maltotriose,57
10.0,E10_Maltotriose,65
10.25,E10_Maltotriose,68
10.5,E10_Maltotriose,73
10.75,E10_Maltotriose,78
11.0,E10_Maltotriose,83
11.25,E10_Maltotriose,86
11.5,E10_Maltotriose,88
11.75,E10_Maltotriose,97
12.0,E10_Maltotriose,94
12.25,E10_Maltotriose,95
12.5,E10_Maltotriose,105
12.75,E10_Maltotriose,110
13.0,E10_Maltotriose,113
13.25,E10_Maltotriose,118
13.5,E10_Maltotriose,125
13.75,E10_Maltotriose,123
14.0,E10_Maltotriose,128
14.25,E10_Maltotriose,135
14.5,E10_Maltotriose,146
14.75,E10_Maltotriose,147
15.0,E10_Maltotriose,149
15.25,E10_Maltotriose,160
15.5,E10_Maltotriose,166
15.75,E10_Maltotriose,174
16.0,E10_Maltotriose,182
16.25,E10_Maltotriose,181
16.5,E10_Maltotriose,188
16.75,E10_Maltotriose,189
17.0,E10_Maltotriose,194
17.25,E10_Maltotriose,193
17.5,E10_Maltotriose,201
17.75,E10_Maltotriose,206
18.0,E10_Maltotriose,211
18.25,E10_Maltotriose,204
18.5,E10_Maltotriose,209
18.75,E10_Maltotriose,212
19.0,E10_Maltotriose,220
19.25,E10_Maltotriose,222
19.5,E10_Maltotriose,221
19.75,E10_Maltotriose,229
20.0,E10_Maltotriose,229
20.25,E10_Maltotriose,233
20.5,E10_Maltotriose,235
20.75,E10_Maltotriose,236
21.0,E10_Maltotriose,237
21.25,E10_Maltotriose,237
21.5,E10_Maltotriose,241
21.75,E10_Maltotriose,242
22.0,E10_Maltotriose,246
22.25,E10_Maltotriose,245
22.5,E10_Maltotriose,244
22.75,E10_Maltotriose,244
23.0,E10_Maltotriose,245
23.25,E10_Maltotriose,247
23.5,E10_Maltotriose,249
23.75,E10_Maltotriose,250
24.0,E10_Maltotriose,252
24.25,E10_Maltotriose,249
24.5,E10_Maltotriose,251
24.75,E10_Maltotriose,256
25.0,E10_Maltotriose,258
25.25,E10_Maltotriose,260
25.5,E10_Maltotriose,257
25.75,E10_Maltotriose,258
26.0,E10_Maltotriose,256
26.25,E10_Maltotriose,262
26.5,E10_Maltotriose,259
26.75,E10_Maltotriose,259
27.0,E10_Maltotriose,264
27.25,E10_Maltotriose,263
27.5,E10_Maltotriose,266
27.75,E10_Maltotriose,268
28.0,E10_Maltotriose,266
28.25,E10_Maltotriose,268
28.5,E10_Maltotriose,267
28.75,E10_Maltotriose,269
29.0,E10_Maltotriose,268
29.25,E10_Maltotriose,268
29.5,E10_Maltotriose,268
29.75,E10_Maltotriose,274
30.0,E10_Maltotriose,271
30.25,E10_Maltotriose,270
30.5,E10_Maltotriose,270
30.75,E10_Maltotriose,270
31.0,E10_Maltotriose,269
31.25,E10_Maltotriose,272
31.5,E10_Maltotriose,272
31.75,E10_Maltotriose,274
32.0,E10_Maltotriose,277
32.25,E10_Maltotriose,269
32.5,E10_Maltotriose,272
32.75,E10_Maltotriose,273
33.0,E10_Maltotriose,272
33.25,E10_Maltotriose,273
33.5,E10_Maltotriose,269
33.75,E10_Maltotriose,271
34.0,E10_Maltotriose,269
34.25,E10_Maltotriose,268
34.5,E10_Maltotriose,271
34.75,E10_Maltotriose,271
35.0,E10_Maltotriose,273
35.25,E10_Maltotriose,275
35.5,E10_Maltotriose,273
35.75,E10_Maltotriose,275
36.0,E10_Maltotriose,274
36.25,E10_Maltotriose,274
36.5,E10_Maltotriose,274
36.75,E10_Maltotriose,274
37.0,E10_Maltotriose,276
37.25,E10_Maltotriose,275
37.5,E10_Maltotriose,275
37.75,E10_Maltotriose,271
38.0,E10_Maltotriose,273
38.25,E10_Maltotriose,274
38.5,E10_Maltotriose,277
38.75,E10_Maltotriose,276
39.0,E10_Maltotriose,275
39.25,E10_Maltotriose,274
39.5,E10_Maltotriose,275
39.75,E10_Maltotriose,275
40.0,E10_Maltotriose,275
40.25,E10_Maltotriose,273
40.5,E10_Maltotriose,277
40.75,E10_Maltotriose,279
41.0,E10_Maltotriose,283
41.25,E10_Maltotriose,281
41.5,E10_Maltotriose,277
41.75,E10_Maltotriose,279
42.0,E10_Maltotriose,275
42.25,E10_Maltotriose,278
42.5,E10_Maltotriose,274
42.75,E10_Maltotriose,278
43.0,E10_Maltotriose,277
43.25,E10_Maltotriose,278
43.5,E10_Maltotriose,280
43.75,E10_Maltotriose,278
44.0,E10_Maltotriose,278
44.25,E10_Maltotriose,274
44.5,E10_Maltotriose,277
44.75,E10_Maltotriose,276
45.0,E10_Maltotriose,278
45.25,E10_Maltotriose,281
45.5,E10_Maltotriose,283
45.75,E10_Maltotriose,281
46.0,E10_Maltotriose,279
46.25,E10_Maltotriose,278
46.5,E10_Maltotriose,282
46.75,E10_Maltotriose,278
47.0,E10_Maltotriose,278
47.25,E10_Maltotriose,277
47.5,E10_Maltotriose,0
0.0,E11_2-DeoxyAdenosine,23
0.25,E11_2-DeoxyAdenosine,22
0.5,E11_2-DeoxyAdenosine,20
0.75,E11_2-DeoxyAdenosine,26
1.0,E11_2-DeoxyAdenosine,18
1.25,E11_2-DeoxyAdenosine,19
1.5,E11_2-DeoxyAdenosine,17
1.75,E11_2-DeoxyAdenosine,24
2.0,E11_2-DeoxyAdenosine,16
2.25,E11_2-DeoxyAdenosine,15
2.5,E11_2-DeoxyAdenosine,16
2.75,E11_2-DeoxyAdenosine,16
3.0,E11_2-DeoxyAdenosine,19
3.25,E11_2-DeoxyAdenosine,18
3.5,E11_2-DeoxyAdenosine,14
3.75,E11_2-DeoxyAdenosine,14
4.0,E11_2-DeoxyAdenosine,15
4.25,E11_2-DeoxyAdenosine,18
4.5,E11_2-DeoxyAdenosine,20
4.75,E11_2-DeoxyAdenosine,14
5.0,E11_2-DeoxyAdenosine,19
5.25,E11_2-DeoxyAdenosine,19
5.5,E11_2-DeoxyAdenosine,15
5.75,E11_2-DeoxyAdenosine,20
6.0,E11_2-DeoxyAdenosine,17
6.25,E11_2-DeoxyAdenosine,21
6.5,E11_2-DeoxyAdenosine,24
6.75,E11_2-DeoxyAdenosine,24
7.0,E11_2-DeoxyAdenosine,22
7.25,E11_2-DeoxyAdenosine,22
7.5,E11_2-DeoxyAdenosine,20
7.75,E11_2-DeoxyAdenosine,29
8.0,E11_2-DeoxyAdenosine,30
8.25,E11_2-DeoxyAdenosine,26
8.5,E11_2-DeoxyAdenosine,29
8.75,E11_2-DeoxyAdenosine,29
9.0,E11_2-DeoxyAdenosine,28
9.25,E11_2-DeoxyAdenosine,27
9.5,E11_2-DeoxyAdenosine,34
9.75,E11_2-DeoxyAdenosine,35
10.0,E11_2-DeoxyAdenosine,36
10.25,E11_2-DeoxyAdenosine,37
10.5,E11_2-DeoxyAdenosine,37
10.75,E11_2-DeoxyAdenosine,39
11.0,E11_2-DeoxyAdenosine,34
11.25,E11_2-DeoxyAdenosine,38
11.5,E11_2-DeoxyAdenosine,45
11.75,E11_2-DeoxyAdenosine,41
12.0,E11_2-DeoxyAdenosine,41
12.25,E11_2-DeoxyAdenosine,44
12.5,E11_2-DeoxyAdenosine,51
12.75,E11_2-DeoxyAdenosine,47
13.0,E11_2-DeoxyAdenosine,53
13.25,E11_2-DeoxyAdenosine,54
13.5,E11_2-DeoxyAdenosine,57
13.75,E11_2-DeoxyAdenosine,59
14.0,E11_2-DeoxyAdenosine,58
14.25,E11_2-DeoxyAdenosine,59
14.5,E11_2-DeoxyAdenosine,63
14.75,E11_2-DeoxyAdenosine,67
15.0,E11_2-DeoxyAdenosine,69
15.25,E11_2-DeoxyAdenosine,66
15.5,E11_2-DeoxyAdenosine,69
15.75,E11_2-DeoxyAdenosine,71
16.0,E11_2-DeoxyAdenosine,80
16.25,E11_2-DeoxyAdenosine,78
16.5,E11_2-DeoxyAdenosine,86
16.75,E11_2-DeoxyAdenosine,83
17.0,E11_2-DeoxyAdenosine,88
17.25,E11_2-DeoxyAdenosine,91
17.5,E11_2-DeoxyAdenosine,91
17.75,E11_2-DeoxyAdenosine,95
18.0,E11_2-DeoxyAdenosine,96
18.25,E11_2-DeoxyAdenosine,105
18.5,E11_2-DeoxyAdenosine,106
18.75,E11_2-DeoxyAdenosine,105
19.0,E11_2-DeoxyAdenosine,113
19.25,E11_2-DeoxyAdenosine,112
19.5,E11_2-DeoxyAdenosine,117
19.75,E11_2-DeoxyAdenosine,116
20.0,E11_2-DeoxyAdenosine,120
20.25,E11_2-DeoxyAdenosine,123
20.5,E11_2-DeoxyAdenosine,125
20.75,E11_2-DeoxyAdenosine,133
21.0,E11_2-DeoxyAdenosine,131
21.25,E11_2-DeoxyAdenosine,135
21.5,E11_2-DeoxyAdenosine,137
21.75,E11_2-DeoxyAdenosine,136
22.0,E11_2-DeoxyAdenosine,148
22.25,E11_2-DeoxyAdenosine,143
22.5,E11_2-DeoxyAdenosine,152
22.75,E11_2-DeoxyAdenosine,149
23.0,E11_2-DeoxyAdenosine,151
23.25,E11_2-DeoxyAdenosine,155
23.5,E11_2-DeoxyAdenosine,158
23.75,E11_2-DeoxyAdenosine,164
24.0,E11_2-DeoxyAdenosine,165
24.25,E11_2-DeoxyAdenosine,165
24.5,E11_2-DeoxyAdenosine,168
24.75,E11_2-DeoxyAdenosine,171
25.0,E11_2-DeoxyAdenosine,173
25.25,E11_2-DeoxyAdenosine,174
25.5,E11_2-DeoxyAdenosine,179
25.75,E11_2-DeoxyAdenosine,183
26.0,E11_2-DeoxyAdenosine,183
26.25,E11_2-DeoxyAdenosine,184
26.5,E11_2-DeoxyAdenosine,189
26.75,E11_2-DeoxyAdenosine,193
27.0,E11_2-DeoxyAdenosine,196
27.25,E11_2-DeoxyAdenosine,197
27.5,E11_2-DeoxyAdenosine,197
27.75,E11_2-DeoxyAdenosine,198
28.0,E11_2-DeoxyAdenosine,201
28.25,E11_2-DeoxyAdenosine,202
28.5,E11_2-DeoxyAdenosine,202
28.75,E11_2-DeoxyAdenosine,206
29.0,E11_2-DeoxyAdenosine,206
29.25,E11_2-DeoxyAdenosine,211
29.5,E11_2-DeoxyAdenosine,212
29.75,E11_2-DeoxyAdenosine,213
30.0,E11_2-DeoxyAdenosine,216
30.25,E11_2-DeoxyAdenosine,216
30.5,E11_2-DeoxyAdenosine,220
30.75,E11_2-DeoxyAdenosine,219
31.0,E11_2-DeoxyAdenosine,220
31.25,E11_2-DeoxyAdenosine,218
31.5,E11_2-DeoxyAdenosine,222
31.75,E11_2-DeoxyAdenosine,224
32.0,E11_2-DeoxyAdenosine,223
32.25,E11_2-DeoxyAdenosine,226
32.5,E11_2-DeoxyAdenosine,226
32.75,E11_2-DeoxyAdenosine,226
33.0,E11_2-DeoxyAdenosine,232
33.25,E11_2-DeoxyAdenosine,233
33.5,E11_2-DeoxyAdenosine,232
33.75,E11_2-DeoxyAdenosine,235
34.0,E11_2-DeoxyAdenosine,231
34.25,E11_2-DeoxyAdenosine,230
34.5,E11_2-DeoxyAdenosine,235
34.75,E11_2-DeoxyAdenosine,234
35.0,E11_2-DeoxyAdenosine,235
35.25,E11_2-DeoxyAdenosine,234
35.5,E11_2-DeoxyAdenosine,236
35.75,E11_2-DeoxyAdenosine,235
36.0,E11_2-DeoxyAdenosine,239
36.25,E11_2-DeoxyAdenosine,239
36.5,E11_2-DeoxyAdenosine,240
36.75,E11_2-DeoxyAdenosine,243
37.0,E11_2-DeoxyAdenosine,235
37.25,E11_2-DeoxyAdenosine,241
37.5,E11_2-DeoxyAdenosine,238
37.75,E11_2-DeoxyAdenosine,243
38.0,E11_2-DeoxyAdenosine,244
38.25,E11_2-DeoxyAdenosine,245
38.5,E11_2-DeoxyAdenosine,245
38.75,E11_2-DeoxyAdenosine,242
39.0,E11_2-DeoxyAdenosine,248
39.25,E11_2-DeoxyAdenosine,245
39.5,E11_2-DeoxyAdenosine,242
39.75,E11_2-DeoxyAdenosine,245
40.0,E11_2-DeoxyAdenosine,248
40.25,E11_2-DeoxyAdenosine,248
40.5,E11_2-DeoxyAdenosine,249
40.75,E11_2-DeoxyAdenosine,249
41.0,E11_2-DeoxyAdenosine,244
41.25,E11_2-DeoxyAdenosine,251
41.5,E11_2-DeoxyAdenosine,246
41.75,E11_2-DeoxyAdenosine,248
42.0,E11_2-DeoxyAdenosine,248
42.25,E11_2-DeoxyAdenosine,246
42.5,E11_2-DeoxyAdenosine,246
42.75,E11_2-DeoxyAdenosine,247
43.0,E11_2-DeoxyAdenosine,248
43.25,E11_2-DeoxyAdenosine,245
43.5,E11_2-DeoxyAdenosine,247
43.75,E11_2-DeoxyAdenosine,248
44.0,E11_2-DeoxyAdenosine,248
44.25,E11_2-DeoxyAdenosine,251
44.5,E11_2-DeoxyAdenosine,250
44.75,E11_2-DeoxyAdenosine,247
45.0,E11_2-DeoxyAdenosine,250
45.25,E11_2-DeoxyAdenosine,248
45.5,E11_2-DeoxyAdenosine,248
45.75,E11_2-DeoxyAdenosine,250
46.0,E11_2-DeoxyAdenosine,251
46.25,E11_2-DeoxyAdenosine,249
46.5,E11_2-DeoxyAdenosine,252
46.75,E11_2-DeoxyAdenosine,250
47.0,E11_2-DeoxyAdenosine,249
47.25,E11_2-DeoxyAdenosine,249
47.5,E11_2-DeoxyAdenosine,0
0.0,E12_Adenosine,27
0.25,E12_Adenosine,17
0.5,E12_Adenosine,21
0.75,E12_Adenosine,25
1.0,E12_Adenosine,22
1.25,E12_Adenosine,18
1.5,E12_Adenosine,20
1.75,E12_Adenosine,21
2.0,E12_Adenosine,20
2.25,E12_Adenosine,21
2.5,E12_Adenosine,18
2.75,E12_Adenosine,20
3.0,E12_Adenosine,17
3.25,E12_Adenosine,21
3.5,E12_Adenosine,21
3.75,E12_Adenosine,20
4.0,E12_Adenosine,19
4.25,E12_Adenosine,20
4.5,E12_Adenosine,21
4.75,E12_Adenosine,22
5.0,E12_Adenosine,22
5.25,E12_Adenosine,23
5.5,E12_Adenosine,26
5.75,E12_Adenosine,31
6.0,E12_Adenosine,32
6.25,E12_Adenosine,32
6.5,E12_Adenosine,31
6.75,E12_Adenosine,34
7.0,E12_Adenosine,37
7.25,E12_Adenosine,33
7.5,E12_Adenosine,41
7.75,E12_Adenosine,44
8.0,E12_Adenosine,48
8.25,E12_Adenosine,49
8.5,E12_Adenosine,47
8.75,E12_Adenosine,52
9.0,E12_Adenosine,54
9.25,E12_Adenosine,57
9.5,E12_Adenosine,59
9.75,E12_Adenosine,61
10.0,E12_Adenosine,63
10.25,E12_Adenosine,68
10.5,E12_Adenosine,69
10.75,E12_Adenosine,71
11.0,E12_Adenosine,74
11.25,E12_Adenosine,77
11.5,E12_Adenosine,79
11.75,E12_Adenosine,79
12.0,E12_Adenosine,85
12.25,E12_Adenosine,84
12.5,E12_Adenosine,91
12.75,E12_Adenosine,95
13.0,E12_Adenosine,96
13.25,E12_Adenosine,101
13.5,E12_Adenosine,100
13.75,E12_Adenosine,103
14.0,E12_Adenosine,107
14.25,E12_Adenosine,112
14.5,E12_Adenosine,109
14.75,E12_Adenosine,118
15.0,E12_Adenosine,118
15.25,E12_Adenosine,118
15.5,E12_Adenosine,119
15.75,E12_Adenosine,122
16.0,E12_Adenosine,124
16.25,E12_Adenosine,118
16.5,E12_Adenosine,122
16.75,E12_Adenosine,127
17.0,E12_Adenosine,130
17.25,E12_Adenosine,131
17.5,E12_Adenosine,131
17.75,E12_Adenosine,129
18.0,E12_Adenosine,126
18.25,E12_Adenosine,134
18.5,E12_Adenosine,134
18.75,E12_Adenosine,130
19.0,E12_Adenosine,137
19.25,E12_Adenosine,140
19.5,E12_Adenosine,136
19.75,E12_Adenosine,137
20.0,E12_Adenosine,143
20.25,E12_Adenosine,136
20.5,E12_Adenosine,141
20.75,E12_Adenosine,147
21.0,E12_Adenosine,146
21.25,E12_Adenosine,145
21.5,E12_Adenosine,147
21.75,E12_Adenosine,151
22.0,E12_Adenosine,155
22.25,E12_Adenosine,158
22.5,E12_Adenosine,158
22.75,E12_Adenosine,151
23.0,E12_Adenosine,154
23.25,E12_Adenosine,161
23.5,E12_Adenosine,161
23.75,E12_Adenosine,161
24.0,E12_Adenosine,163
24.25,E12_Adenosine,161
24.5,E12_Adenosine,162
24.75,E12_Adenosine,166
25.0,E12_Adenosine,165
25.25,E12_Adenosine,168
25.5,E12_Adenosine,172
25.75,E12_Adenosine,173
26.0,E12_Adenosine,177
26.25,E12_Adenosine,180
26.5,E12_Adenosine,180
26.75,E12_Adenosine,181
27.0,E12_Adenosine,182
27.25,E12_Adenosine,183
27.5,E12_Adenosine,182
27.75,E12_Adenosine,179
28.0,E12_Adenosine,179
28.25,E12_Adenosine,177
28.5,E12_Adenosine,178
28.75,E12_Adenosine,178
29.0,E12_Adenosine,176
29.25,E12_Adenosine,179
29.5,E12_Adenosine,176
29.75,E12_Adenosine,178
30.0,E12_Adenosine,175
30.25,E12_Adenosine,176
30.5,E12_Adenosine,174
30.75,E12_Adenosine,172
31.0,E12_Adenosine,171
31.25,E12_Adenosine,171
31.5,E12_Adenosine,173
31.75,E12_Adenosine,173
32.0,E12_Adenosine,175
32.25,E12_Adenosine,170
32.5,E12_Adenosine,174
32.75,E12_Adenosine,169
33.0,E12_Adenosine,170
33.25,E12_Adenosine,172
33.5,E12_Adenosine,171
33.75,E12_Adenosine,170
34.0,E12_Adenosine,166
34.25,E12_Adenosine,164
34.5,E12_Adenosine,169
34.75,E12_Adenosine,166
35.0,E12_Adenosine,167
35.25,E12_Adenosine,161
35.5,E12_Adenosine,166
35.75,E12_Adenosine,165
36.0,E12_Adenosine,164
36.25,E12_Adenosine,164
36.5,E12_Adenosine,163
36.75,E12_Adenosine,165
37.0,E12_Adenosine,162
37.25,E12_Adenosine,165
37.5,E12_Adenosine,163
37.75,E12_Adenosine,165
38.0,E12_Adenosine,163
38.25,E12_Adenosine,161
38.5,E12_Adenosine,163
38.75,E12_Adenosine,165
39.0,E12_Adenosine,161
39.25,E12_Adenosine,160
39.5,E12_Adenosine,159
39.75,E12_Adenosine,163
40.0,E12_Adenosine,159
40.25,E12_Adenosine,161
40.5,E12_Adenosine,162
40.75,E12_Adenosine,163
41.0,E12_Adenosine,167
41.25,E12_Adenosine,161
41.5,E12_Adenosine,163
41.75,E12_Adenosine,160
42.0,E12_Adenosine,160
42.25,E12_Adenosine,159
42.5,E12_Adenosine,163
42.75,E12_Adenosine,158
43.0,E12_Adenosine,161
43.25,E12_Adenosine,161
43.5,E12_Adenosine,162
43.75,E12_Adenosine,161
44.0,E12_Adenosine,161
44.25,E12_Adenosine,157
44.5,E12_Adenosine,161
44.75,E12_Adenosine,158
45.0,E12_Adenosine,160
45.25,E12_Adenosine,159
45.5,E12_Adenosine,156
45.75,E12_Adenosine,161
46.0,E12_Adenosine,159
46.25,E12_Adenosine,161
46.5,E12_Adenosine,156
46.75,E12_Adenosine,163
47.0,E12_Adenosine,159
47.25,E12_Adenosine,159
47.5,E12_Adenosine,0
0.0,F1_Glycyl-L-Aspartic_Acid,34
0.25,F1_Glycyl-L-Aspartic_Acid,65
0.5,F1_Glycyl-L-Aspartic_Acid,14
0.75,F1_Glycyl-L-Aspartic_Acid,20
1.0,F1_Glycyl-L-Aspartic_Acid,22
1.25,F1_Glycyl-L-Aspartic_Acid,21
1.5,F1_Glycyl-L-Aspartic_Acid,21
1.75,F1_Glycyl-L-Aspartic_Acid,23
2.0,F1_Glycyl-L-Aspartic_Acid,21
2.25,F1_Glycyl-L-Aspartic_Acid,22
2.5,F1_Glycyl-L-Aspartic_Acid,21
2.75,F1_Glycyl-L-Aspartic_Acid,21
3.0,F1_Glycyl-L-Aspartic_Acid,20
3.25,F1_Glycyl-L-Aspartic_Acid,16
3.5,F1_Glycyl-L-Aspartic_Acid,16
3.75,F1_Glycyl-L-Aspartic_Acid,19
4.0,F1_Glycyl-L-Aspartic_Acid,17
4.25,F1_Glycyl-L-Aspartic_Acid,20
4.5,F1_Glycyl-L-Aspartic_Acid,22
4.75,F1_Glycyl-L-Aspartic_Acid,23
5.0,F1_Glycyl-L-Aspartic_Acid,23
5.25,F1_Glycyl-L-Aspartic_Acid,24
5.5,F1_Glycyl-L-Aspartic_Acid,29
5.75,F1_Glycyl-L-Aspartic_Acid,29
6.0,F1_Glycyl-L-Aspartic_Acid,26
6.25,F1_Glycyl-L-Aspartic_Acid,34
6.5,F1_Glycyl-L-Aspartic_Acid,35
6.75,F1_Glycyl-L-Aspartic_Acid,39
7.0,F1_Glycyl-L-Aspartic_Acid,40
7.25,F1_Glycyl-L-Aspartic_Acid,39
7.5,F1_Glycyl-L-Aspartic_Acid,44
7.75,F1_Glycyl-L-Aspartic_Acid,45
8.0,F1_Glycyl-L-Aspartic_Acid,43
8.25,F1_Glycyl-L-Aspartic_Acid,43
8.5,F1_Glycyl-L-Aspartic_Acid,46
8.75,F1_Glycyl-L-Aspartic_Acid,45
9.0,F1_Glycyl-L-Aspartic_Acid,51
9.25,F1_Glycyl-L-Aspartic_Acid,48
9.5,F1_Glycyl-L-Aspartic_Acid,48
9.75,F1_Glycyl-L-Aspartic_Acid,46
10.0,F1_Glycyl-L-Aspartic_Acid,48
10.25,F1_Glycyl-L-Aspartic_Acid,51
10.5,F1_Glycyl-L-Aspartic_Acid,49
10.75,F1_Glycyl-L-Aspartic_Acid,53
11.0,F1_Glycyl-L-Aspartic_Acid,56
11.25,F1_Glycyl-L-Aspartic_Acid,51
11.5,F1_Glycyl-L-Aspartic_Acid,52
11.75,F1_Glycyl-L-Aspartic_Acid,54
12.0,F1_Glycyl-L-Aspartic_Acid,54
12.25,F1_Glycyl-L-Aspartic_Acid,51
12.5,F1_Glycyl-L-Aspartic_Acid,51
12.75,F1_Glycyl-L-Aspartic_Acid,53
13.0,F1_Glycyl-L-Aspartic_Acid,54
13.25,F1_Glycyl-L-Aspartic_Acid,56
13.5,F1_Glycyl-L-Aspartic_Acid,55
13.75,F1_Glycyl-L-Aspartic_Acid,58
14.0,F1_Glycyl-L-Aspartic_Acid,54
14.25,F1_Glycyl-L-Aspartic_Acid,58
14.5,F1_Glycyl-L-Aspartic_Acid,59
14.75,F1_Glycyl-L-Aspartic_Acid,56
15.0,F1_Glycyl-L-Aspartic_Acid,52
15.25,F1_Glycyl-L-Aspartic_Acid,56
15.5,F1_Glycyl-L-Aspartic_Acid,57
15.75,F1_Glycyl-L-Aspartic_Acid,58
16.0,F1_Glycyl-L-Aspartic_Acid,58
16.25,F1_Glycyl-L-Aspartic_Acid,54
16.5,F1_Glycyl-L-Aspartic_Acid,58
16.75,F1_Glycyl-L-Aspartic_Acid,54
17.0,F1_Glycyl-L-Aspartic_Acid,57
17.25,F1_Glycyl-L-Aspartic_Acid,56
17.5,F1_Glycyl-L-Aspartic_Acid,57
17.75,F1_Glycyl-L-Aspartic_Acid,55
18.0,F1_Glycyl-L-Aspartic_Acid,63
18.25,F1_Glycyl-L-Aspartic_Acid,60
18.5,F1_Glycyl-L-Aspartic_Acid,61
18.75,F1_Glycyl-L-Aspartic_Acid,57
19.0,F1_Glycyl-L-Aspartic_Acid,57
19.25,F1_Glycyl-L-Aspartic_Acid,59
19.5,F1_Glycyl-L-Aspartic_Acid,61
19.75,F1_Glycyl-L-Aspartic_Acid,58
20.0,F1_Glycyl-L-Aspartic_Acid,58
20.25,F1_Glycyl-L-Aspartic_Acid,61
20.5,F1_Glycyl-L-Aspartic_Acid,58
20.75,F1_Glycyl-L-Aspartic_Acid,64
21.0,F1_Glycyl-L-Aspartic_Acid,61
21.25,F1_Glycyl-L-Aspartic_Acid,60
21.5,F1_Glycyl-L-Aspartic_Acid,60
21.75,F1_Glycyl-L-Aspartic_Acid,63
22.0,F1_Glycyl-L-Aspartic_Acid,64
22.25,F1_Glycyl-L-Aspartic_Acid,60
22.5,F1_Glycyl-L-Aspartic_Acid,57
22.75,F1_Glycyl-L-Aspartic_Acid,57
23.0,F1_Glycyl-L-Aspartic_Acid,61
23.25,F1_Glycyl-L-Aspartic_Acid,59
23.5,F1_Glycyl-L-Aspartic_Acid,60
23.75,F1_Glycyl-L-Aspartic_Acid,61
24.0,F1_Glycyl-L-Aspartic_Acid,66
24.25,F1_Glycyl-L-Aspartic_Acid,60
24.5,F1_Glycyl-L-Aspartic_Acid,66
24.75,F1_Glycyl-L-Aspartic_Acid,61
25.0,F1_Glycyl-L-Aspartic_Acid,64
25.25,F1_Glycyl-L-Aspartic_Acid,60
25.5,F1_Glycyl-L-Aspartic_Acid,62
25.75,F1_Glycyl-L-Aspartic_Acid,62
26.0,F1_Glycyl-L-Aspartic_Acid,59
26.25,F1_Glycyl-L-Aspartic_Acid,63
26.5,F1_Glycyl-L-Aspartic_Acid,65
26.75,F1_Glycyl-L-Aspartic_Acid,65
27.0,F1_Glycyl-L-Aspartic_Acid,67
27.25,F1_Glycyl-L-Aspartic_Acid,61
27.5,F1_Glycyl-L-Aspartic_Acid,63
27.75,F1_Glycyl-L-Aspartic_Acid,63
28.0,F1_Glycyl-L-Aspartic_Acid,63
28.25,F1_Glycyl-L-Aspartic_Acid,64
28.5,F1_Glycyl-L-Aspartic_Acid,64
28.75,F1_Glycyl-L-Aspartic_Acid,69
29.0,F1_Glycyl-L-Aspartic_Acid,65
29.25,F1_Glycyl-L-Aspartic_Acid,69
29.5,F1_Glycyl-L-Aspartic_Acid,67
29.75,F1_Glycyl-L-Aspartic_Acid,61
30.0,F1_Glycyl-L-Aspartic_Acid,67
30.25,F1_Glycyl-L-Aspartic_Acid,64
30.5,F1_Glycyl-L-Aspartic_Acid,67
30.75,F1_Glycyl-L-Aspartic_Acid,68
31.0,F1_Glycyl-L-Aspartic_Acid,72
31.25,F1_Glycyl-L-Aspartic_Acid,63
31.5,F1_Glycyl-L-Aspartic_Acid,65
31.75,F1_Glycyl-L-Aspartic_Acid,69
32.0,F1_Glycyl-L-Aspartic_Acid,71
32.25,F1_Glycyl-L-Aspartic_Acid,62
32.5,F1_Glycyl-L-Aspartic_Acid,66
32.75,F1_Glycyl-L-Aspartic_Acid,67
33.0,F1_Glycyl-L-Aspartic_Acid,67
33.25,F1_Glycyl-L-Aspartic_Acid,69
33.5,F1_Glycyl-L-Aspartic_Acid,69
33.75,F1_Glycyl-L-Aspartic_Acid,67
34.0,F1_Glycyl-L-Aspartic_Acid,67
34.25,F1_Glycyl-L-Aspartic_Acid,68
34.5,F1_Glycyl-L-Aspartic_Acid,67
34.75,F1_Glycyl-L-Aspartic_Acid,66
35.0,F1_Glycyl-L-Aspartic_Acid,69
35.25,F1_Glycyl-L-Aspartic_Acid,65
35.5,F1_Glycyl-L-Aspartic_Acid,68
35.75,F1_Glycyl-L-Aspartic_Acid,70
36.0,F1_Glycyl-L-Aspartic_Acid,67
36.25,F1_Glycyl-L-Aspartic_Acid,68
36.5,F1_Glycyl-L-Aspartic_Acid,61
36.75,F1_Glycyl-L-Aspartic_Acid,71
37.0,F1_Glycyl-L-Aspartic_Acid,66
37.25,F1_Glycyl-L-Aspartic_Acid,67
37.5,F1_Glycyl-L-Aspartic_Acid,61
37.75,F1_Glycyl-L-Aspartic_Acid,67
38.0,F1_Glycyl-L-Aspartic_Acid,69
38.25,F1_Glycyl-L-Aspartic_Acid,64
38.5,F1_Glycyl-L-Aspartic_Acid,69
38.75,F1_Glycyl-L-Aspartic_Acid,64
39.0,F1_Glycyl-L-Aspartic_Acid,66
39.25,F1_Glycyl-L-Aspartic_Acid,68
39.5,F1_Glycyl-L-Aspartic_Acid,66
39.75,F1_Glycyl-L-Aspartic_Acid,67
40.0,F1_Glycyl-L-Aspartic_Acid,70
40.25,F1_Glycyl-L-Aspartic_Acid,70
40.5,F1_Glycyl-L-Aspartic_Acid,67
40.75,F1_Glycyl-L-Aspartic_Acid,74
41.0,F1_Glycyl-L-Aspartic_Acid,66
41.25,F1_Glycyl-L-Aspartic_Acid,68
41.5,F1_Glycyl-L-Aspartic_Acid,71
41.75,F1_Glycyl-L-Aspartic_Acid,69
42.0,F1_Glycyl-L-Aspartic_Acid,68
42.25,F1_Glycyl-L-Aspartic_Acid,66
42.5,F1_Glycyl-L-Aspartic_Acid,68
42.75,F1_Glycyl-L-Aspartic_Acid,69
43.0,F1_Glycyl-L-Aspartic_Acid,74
43.25,F1_Glycyl-L-Aspartic_Acid,71
43.5,F1_Glycyl-L-Aspartic_Acid,67
43.75,F1_Glycyl-L-Aspartic_Acid,71
44.0,F1_Glycyl-L-Aspartic_Acid,70
44.25,F1_Glycyl-L-Aspartic_Acid,68
44.5,F1_Glycyl-L-Aspartic_Acid,70
44.75,F1_Glycyl-L-Aspartic_Acid,68
45.0,F1_Glycyl-L-Aspartic_Acid,64
45.25,F1_Glycyl-L-Aspartic_Acid,69
45.5,F1_Glycyl-L-Aspartic_Acid,69
45.75,F1_Glycyl-L-Aspartic_Acid,69
46.0,F1_Glycyl-L-Aspartic_Acid,78
46.25,F1_Glycyl-L-Aspartic_Acid,67
46.5,F1_Glycyl-L-Aspartic_Acid,71
46.75,F1_Glycyl-L-Aspartic_Acid,70
47.0,F1_Glycyl-L-Aspartic_Acid,74
47.25,F1_Glycyl-L-Aspartic_Acid,73
47.5,F1_Glycyl-L-Aspartic_Acid,0
0.0,F2_Citric_Acid,17
0.25,F2_Citric_Acid,20
0.5,F2_Citric_Acid,19
0.75,F2_Citric_Acid,17
1.0,F2_Citric_Acid,11
1.25,F2_Citric_Acid,11
1.5,F2_Citric_Acid,12
1.75,F2_Citric_Acid,14
2.0,F2_Citric_Acid,14
2.25,F2_Citric_Acid,11
2.5,F2_Citric_Acid,15
2.75,F2_Citric_Acid,14
3.0,F2_Citric_Acid,19
3.25,F2_Citric_Acid,15
3.5,F2_Citric_Acid,15
3.75,F2_Citric_Acid,19
4.0,F2_Citric_Acid,17
4.25,F2_Citric_Acid,17
4.5,F2_Citric_Acid,19
4.75,F2_Citric_Acid,17
5.0,F2_Citric_Acid,18
5.25,F2_Citric_Acid,24
5.5,F2_Citric_Acid,23
5.75,F2_Citric_Acid,26
6.0,F2_Citric_Acid,25
6.25,F2_Citric_Acid,24
6.5,F2_Citric_Acid,28
6.75,F2_Citric_Acid,28
7.0,F2_Citric_Acid,31
7.25,F2_Citric_Acid,29
7.5,F2_Citric_Acid,32
7.75,F2_Citric_Acid,41
8.0,F2_Citric_Acid,43
8.25,F2_Citric_Acid,43
8.5,F2_Citric_Acid,45
8.75,F2_Citric_Acid,45
9.0,F2_Citric_Acid,56
9.25,F2_Citric_Acid,52
9.5,F2_Citric_Acid,59
9.75,F2_Citric_Acid,61
10.0,F2_Citric_Acid,60
10.25,F2_Citric_Acid,68
10.5,F2_Citric_Acid,72
10.75,F2_Citric_Acid,80
11.0,F2_Citric_Acid,82
11.25,F2_Citric_Acid,81
11.5,F2_Citric_Acid,80
11.75,F2_Citric_Acid,92
12.0,F2_Citric_Acid,91
12.25,F2_Citric_Acid,94
12.5,F2_Citric_Acid,96
12.75,F2_Citric_Acid,95
13.0,F2_Citric_Acid,99
13.25,F2_Citric_Acid,100
13.5,F2_Citric_Acid,115
13.75,F2_Citric_Acid,119
14.0,F2_Citric_Acid,127
14.25,F2_Citric_Acid,127
14.5,F2_Citric_Acid,132
14.75,F2_Citric_Acid,139
15.0,F2_Citric_Acid,135
15.25,F2_Citric_Acid,138
15.5,F2_Citric_Acid,140
15.75,F2_Citric_Acid,140
16.0,F2_Citric_Acid,147
16.25,F2_Citric_Acid,152
16.5,F2_Citric_Acid,155
16.75,F2_Citric_Acid,159
17.0,F2_Citric_Acid,162
17.25,F2_Citric_Acid,167
17.5,F2_Citric_Acid,172
17.75,F2_Citric_Acid,172
18.0,F2_Citric_Acid,178
18.25,F2_Citric_Acid,174
18.5,F2_Citric_Acid,184
18.75,F2_Citric_Acid,181
19.0,F2_Citric_Acid,184
19.25,F2_Citric_Acid,185
19.5,F2_Citric_Acid,184
19.75,F2_Citric_Acid,184
20.0,F2_Citric_Acid,186
20.25,F2_Citric_Acid,187
20.5,F2_Citric_Acid,190
20.75,F2_Citric_Acid,190
21.0,F2_Citric_Acid,191
21.25,F2_Citric_Acid,197
21.5,F2_Citric_Acid,197
21.75,F2_Citric_Acid,199
22.0,F2_Citric_Acid,198
22.25,F2_Citric_Acid,199
22.5,F2_Citric_Acid,198
22.75,F2_Citric_Acid,197
23.0,F2_Citric_Acid,202
23.25,F2_Citric_Acid,202
23.5,F2_Citric_Acid,199
23.75,F2_Citric_Acid,198
24.0,F2_Citric_Acid,197
24.25,F2_Citric_Acid,196
24.5,F2_Citric_Acid,194
24.75,F2_Citric_Acid,194
25.0,F2_Citric_Acid,198
25.25,F2_Citric_Acid,197
25.5,F2_Citric_Acid,198
25.75,F2_Citric_Acid,198
26.0,F2_Citric_Acid,196
26.25,F2_Citric_Acid,198
26.5,F2_Citric_Acid,195
26.75,F2_Citric_Acid,197
27.0,F2_Citric_Acid,197
27.25,F2_Citric_Acid,195
27.5,F2_Citric_Acid,197
27.75,F2_Citric_Acid,198
28.0,F2_Citric_Acid,194
28.25,F2_Citric_Acid,194
28.5,F2_Citric_Acid,200
28.75,F2_Citric_Acid,193
29.0,F2_Citric_Acid,195
29.25,F2_Citric_Acid,192
29.5,F2_Citric_Acid,196
29.75,F2_Citric_Acid,195
30.0,F2_Citric_Acid,195
30.25,F2_Citric_Acid,196
30.5,F2_Citric_Acid,193
30.75,F2_Citric_Acid,192
31.0,F2_Citric_Acid,193
31.25,F2_Citric_Acid,193
31.5,F2_Citric_Acid,192
31.75,F2_Citric_Acid,191
32.0,F2_Citric_Acid,194
32.25,F2_Citric_Acid,196
32.5,F2_Citric_Acid,193
32.75,F2_Citric_Acid,191
33.0,F2_Citric_Acid,190
33.25,F2_Citric_Acid,191
33.5,F2_Citric_Acid,192
33.75,F2_Citric_Acid,192
34.0,F2_Citric_Acid,190
34.25,F2_Citric_Acid,191
34.5,F2_Citric_Acid,189
34.75,F2_Citric_Acid,192
35.0,F2_Citric_Acid,189
35.25,F2_Citric_Acid,191
35.5,F2_Citric_Acid,190
35.75,F2_Citric_Acid,190
36.0,F2_Citric_Acid,189
36.25,F2_Citric_Acid,190
36.5,F2_Citric_Acid,190
36.75,F2_Citric_Acid,189
37.0,F2_Citric_Acid,190
37.25,F2_Citric_Acid,189
37.5,F2_Citric_Acid,183
37.75,F2_Citric_Acid,189
38.0,F2_Citric_Acid,191
38.25,F2_Citric_Acid,187
38.5,F2_Citric_Acid,189
38.75,F2_Citric_Acid,188
39.0,F2_Citric_Acid,192
39.25,F2_Citric_Acid,191
39.5,F2_Citric_Acid,192
39.75,F2_Citric_Acid,192
40.0,F2_Citric_Acid,190
40.25,F2_Citric_Acid,190
40.5,F2_Citric_Acid,191
40.75,F2_Citric_Acid,188
41.0,F2_Citric_Acid,194
41.25,F2_Citric_Acid,188
41.5,F2_Citric_Acid,185
41.75,F2_Citric_Acid,187
42.0,F2_Citric_Acid,189
42.25,F2_Citric_Acid,187
42.5,F2_Citric_Acid,189
42.75,F2_Citric_Acid,192
43.0,F2_Citric_Acid,184
43.25,F2_Citric_Acid,187
43.5,F2_Citric_Acid,190
43.75,F2_Citric_Acid,189
44.0,F2_Citric_Acid,188
44.25,F2_Citric_Acid,183
44.5,F2_Citric_Acid,182
44.75,F2_Citric_Acid,190
45.0,F2_Citric_Acid,184
45.25,F2_Citric_Acid,185
45.5,F2_Citric_Acid,185
45.75,F2_Citric_Acid,184
46.0,F2_Citric_Acid,190
46.25,F2_Citric_Acid,186
46.5,F2_Citric_Acid,183
46.75,F2_Citric_Acid,188
47.0,F2_Citric_Acid,186
47.25,F2_Citric_Acid,188
47.5,F2_Citric_Acid,0
0.0,F3_myo-Inositol,14
0.25,F3_myo-Inositol,22
0.5,F3_myo-Inositol,23
0.75,F3_myo-Inositol,19
1.0,F3_myo-Inositol,13
1.25,F3_myo-Inositol,15
1.5,F3_myo-Inositol,11
1.75,F3_myo-Inositol,15
2.0,F3_myo-Inositol,15
2.25,F3_myo-Inositol,19
2.5,F3_myo-Inositol,16
2.75,F3_myo-Inositol,18
3.0,F3_myo-Inositol,16
3.25,F3_myo-Inositol,17
3.5,F3_myo-Inositol,17
3.75,F3_myo-Inositol,18
4.0,F3_myo-Inositol,19
4.25,F3_myo-Inositol,18
4.5,F3_myo-Inositol,15
4.75,F3_myo-Inositol,19
5.0,F3_myo-Inositol,21
5.25,F3_myo-Inositol,24
5.5,F3_myo-Inositol,24
5.75,F3_myo-Inositol,22
6.0,F3_myo-Inositol,22
6.25,F3_myo-Inositol,27
6.5,F3_myo-Inositol,28
6.75,F3_myo-Inositol,29
7.0,F3_myo-Inositol,30
7.25,F3_myo-Inositol,31
7.5,F3_myo-Inositol,33
7.75,F3_myo-Inositol,37
8.0,F3_myo-Inositol,36
8.25,F3_myo-Inositol,37
8.5,F3_myo-Inositol,42
8.75,F3_myo-Inositol,36
9.0,F3_myo-Inositol,39
9.25,F3_myo-Inositol,36
9.5,F3_myo-Inositol,42
9.75,F3_myo-Inositol,35
10.0,F3_myo-Inositol,34
10.25,F3_myo-Inositol,34
10.5,F3_myo-Inositol,36
10.75,F3_myo-Inositol,38
11.0,F3_myo-Inositol,40
11.25,F3_myo-Inositol,39
11.5,F3_myo-Inositol,43
11.75,F3_myo-Inositol,42
12.0,F3_myo-Inositol,43
12.25,F3_myo-Inositol,44
12.5,F3_myo-Inositol,42
12.75,F3_myo-Inositol,47
13.0,F3_myo-Inositol,48
13.25,F3_myo-Inositol,49
13.5,F3_myo-Inositol,52
13.75,F3_myo-Inositol,54
14.0,F3_myo-Inositol,58
14.25,F3_myo-Inositol,61
14.5,F3_myo-Inositol,62
14.75,F3_myo-Inositol,66
15.0,F3_myo-Inositol,69
15.25,F3_myo-Inositol,70
15.5,F3_myo-Inositol,78
15.75,F3_myo-Inositol,88
16.0,F3_myo-Inositol,84
16.25,F3_myo-Inositol,89
16.5,F3_myo-Inositol,93
16.75,F3_myo-Inositol,94
17.0,F3_myo-Inositol,105
17.25,F3_myo-Inositol,106
17.5,F3_myo-Inositol,112
17.75,F3_myo-Inositol,115
18.0,F3_myo-Inositol,116
18.25,F3_myo-Inositol,123
18.5,F3_myo-Inositol,123
18.75,F3_myo-Inositol,130
19.0,F3_myo-Inositol,135
19.25,F3_myo-Inositol,139
19.5,F3_myo-Inositol,139
19.75,F3_myo-Inositol,141
20.0,F3_myo-Inositol,148
20.25,F3_myo-Inositol,154
20.5,F3_myo-Inositol,156
20.75,F3_myo-Inositol,164
21.0,F3_myo-Inositol,164
21.25,F3_myo-Inositol,170
21.5,F3_myo-Inositol,175
21.75,F3_myo-Inositol,179
22.0,F3_myo-Inositol,181
22.25,F3_myo-Inositol,184
22.5,F3_myo-Inositol,188
22.75,F3_myo-Inositol,187
23.0,F3_myo-Inositol,197
23.25,F3_myo-Inositol,197
23.5,F3_myo-Inositol,198
23.75,F3_myo-Inositol,204
24.0,F3_myo-Inositol,206
24.25,F3_myo-Inositol,207
24.5,F3_myo-Inositol,212
24.75,F3_myo-Inositol,214
25.0,F3_myo-Inositol,216
25.25,F3_myo-Inositol,218
25.5,F3_myo-Inositol,223
25.75,F3_myo-Inositol,222
26.0,F3_myo-Inositol,226
26.25,F3_myo-Inositol,227
26.5,F3_myo-Inositol,228
26.75,F3_myo-Inositol,229
27.0,F3_myo-Inositol,235
27.25,F3_myo-Inositol,235
27.5,F3_myo-Inositol,237
27.75,F3_myo-Inositol,236
28.0,F3_myo-Inositol,238
28.25,F3_myo-Inositol,240
28.5,F3_myo-Inositol,239
28.75,F3_myo-Inositol,241
29.0,F3_myo-Inositol,239
29.25,F3_myo-Inositol,242
29.5,F3_myo-Inositol,246
29.75,F3_myo-Inositol,248
30.0,F3_myo-Inositol,247
30.25,F3_myo-Inositol,247
30.5,F3_myo-Inositol,249
30.75,F3_myo-Inositol,248
31.0,F3_myo-Inositol,249
31.25,F3_myo-Inositol,249
31.5,F3_myo-Inositol,247
31.75,F3_myo-Inositol,248
32.0,F3_myo-Inositol,250
32.25,F3_myo-Inositol,249
32.5,F3_myo-Inositol,250
32.75,F3_myo-Inositol,250
33.0,F3_myo-Inositol,252
33.25,F3_myo-Inositol,253
33.5,F3_myo-Inositol,255
33.75,F3_myo-Inositol,252
34.0,F3_myo-Inositol,252
34.25,F3_myo-Inositol,251
34.5,F3_myo-Inositol,249
34.75,F3_myo-Inositol,253
35.0,F3_myo-Inositol,251
35.25,F3_myo-Inositol,252
35.5,F3_myo-Inositol,252
35.75,F3_myo-Inositol,255
36.0,F3_myo-Inositol,255
36.25,F3_myo-Inositol,254
36.5,F3_myo-Inositol,252
36.75,F3_myo-Inositol,253
37.0,F3_myo-Inositol,252
37.25,F3_myo-Inositol,254
37.5,F3_myo-Inositol,251
37.75,F3_myo-Inositol,255
38.0,F3_myo-Inositol,255
38.25,F3_myo-Inositol,254
38.5,F3_myo-Inositol,256
38.75,F3_myo-Inositol,253
39.0,F3_myo-Inositol,253
39.25,F3_myo-Inositol,258
39.5,F3_myo-Inositol,256
39.75,F3_myo-Inositol,257
40.0,F3_myo-Inositol,255
40.25,F3_myo-Inositol,258
40.5,F3_myo-Inositol,259
40.75,F3_myo-Inositol,260
41.0,F3_myo-Inositol,258
41.25,F3_myo-Inositol,258
41.5,F3_myo-Inositol,256
41.75,F3_myo-Inositol,256
42.0,F3_myo-Inositol,258
42.25,F3_myo-Inositol,258
42.5,F3_myo-Inositol,260
42.75,F3_myo-Inositol,261
43.0,F3_myo-Inositol,262
43.25,F3_myo-Inositol,260
43.5,F3_myo-Inositol,260
43.75,F3_myo-Inositol,260
44.0,F3_myo-Inositol,259
44.25,F3_myo-Inositol,261
44.5,F3_myo-Inositol,260
44.75,F3_myo-Inositol,260
45.0,F3_myo-Inositol,261
45.25,F3_myo-Inositol,263
45.5,F3_myo-Inositol,261
45.75,F3_myo-Inositol,261
46.0,F3_myo-Inositol,261
46.25,F3_myo-Inositol,258
46.5,F3_myo-Inositol,264
46.75,F3_myo-Inositol,264
47.0,F3_myo-Inositol,262
47.25,F3_myo-Inositol,268
47.5,F3_myo-Inositol,0
0.0,F4_D-Threonine,24
0.25,F4_D-Threonine,14
0.5,F4_D-Threonine,18
0.75,F4_D-Threonine,13
1.0,F4_D-Threonine,16
1.25,F4_D-Threonine,13
1.5,F4_D-Threonine,14
1.75,F4_D-Threonine,15
2.0,F4_D-Threonine,18
2.25,F4_D-Threonine,18
2.5,F4_D-Threonine,13
2.75,F4_D-Threonine,17
3.0,F4_D-Threonine,16
3.25,F4_D-Threonine,18
3.5,F4_D-Threonine,15
3.75,F4_D-Threonine,17
4.0,F4_D-Threonine,15
4.25,F4_D-Threonine,14
4.5,F4_D-Threonine,20
4.75,F4_D-Threonine,21
5.0,F4_D-Threonine,20
5.25,F4_D-Threonine,21
5.5,F4_D-Threonine,16
5.75,F4_D-Threonine,18
6.0,F4_D-Threonine,18
6.25,F4_D-Threonine,23
6.5,F4_D-Threonine,21
6.75,F4_D-Threonine,21
7.0,F4_D-Threonine,24
7.25,F4_D-Threonine,23
7.5,F4_D-Threonine,26
7.75,F4_D-Threonine,27
8.0,F4_D-Threonine,27
8.25,F4_D-Threonine,27
8.5,F4_D-Threonine,25
8.75,F4_D-Threonine,24
9.0,F4_D-Threonine,29
9.25,F4_D-Threonine,28
9.5,F4_D-Threonine,27
9.75,F4_D-Threonine,29
10.0,F4_D-Threonine,30
10.25,F4_D-Threonine,26
10.5,F4_D-Threonine,25
10.75,F4_D-Threonine,30
11.0,F4_D-Threonine,29
11.25,F4_D-Threonine,26
11.5,F4_D-Threonine,30
11.75,F4_D-Threonine,38
12.0,F4_D-Threonine,34
12.25,F4_D-Threonine,33
12.5,F4_D-Threonine,31
12.75,F4_D-Threonine,34
13.0,F4_D-Threonine,34
13.25,F4_D-Threonine,35
13.5,F4_D-Threonine,33
13.75,F4_D-Threonine,37
14.0,F4_D-Threonine,37
14.25,F4_D-Threonine,37
14.5,F4_D-Threonine,36
14.75,F4_D-Threonine,39
15.0,F4_D-Threonine,39
15.25,F4_D-Threonine,40
15.5,F4_D-Threonine,40
15.75,F4_D-Threonine,39
16.0,F4_D-Threonine,40
16.25,F4_D-Threonine,37
16.5,F4_D-Threonine,40
16.75,F4_D-Threonine,40
17.0,F4_D-Threonine,40
17.25,F4_D-Threonine,38
17.5,F4_D-Threonine,43
17.75,F4_D-Threonine,42
18.0,F4_D-Threonine,44
18.25,F4_D-Threonine,43
18.5,F4_D-Threonine,43
18.75,F4_D-Threonine,41
19.0,F4_D-Threonine,42
19.25,F4_D-Threonine,41
19.5,F4_D-Threonine,43
19.75,F4_D-Threonine,48
20.0,F4_D-Threonine,47
20.25,F4_D-Threonine,47
20.5,F4_D-Threonine,48
20.75,F4_D-Threonine,47
21.0,F4_D-Threonine,52
21.25,F4_D-Threonine,48
21.5,F4_D-Threonine,47
21.75,F4_D-Threonine,50
22.0,F4_D-Threonine,54
22.25,F4_D-Threonine,47
22.5,F4_D-Threonine,51
22.75,F4_D-Threonine,46
23.0,F4_D-Threonine,51
23.25,F4_D-Threonine,50
23.5,F4_D-Threonine,49
23.75,F4_D-Threonine,52
24.0,F4_D-Threonine,51
24.25,F4_D-Threonine,47
24.5,F4_D-Threonine,49
24.75,F4_D-Threonine,50
25.0,F4_D-Threonine,52
25.25,F4_D-Threonine,52
25.5,F4_D-Threonine,53
25.75,F4_D-Threonine,56
26.0,F4_D-Threonine,53
26.25,F4_D-Threonine,57
26.5,F4_D-Threonine,57
26.75,F4_D-Threonine,53
27.0,F4_D-Threonine,56
27.25,F4_D-Threonine,59
27.5,F4_D-Threonine,59
27.75,F4_D-Threonine,57
28.0,F4_D-Threonine,55
28.25,F4_D-Threonine,57
28.5,F4_D-Threonine,58
28.75,F4_D-Threonine,59
29.0,F4_D-Threonine,59
29.25,F4_D-Threonine,60
29.5,F4_D-Threonine,61
29.75,F4_D-Threonine,61
30.0,F4_D-Threonine,54
30.25,F4_D-Threonine,61
30.5,F4_D-Threonine,57
30.75,F4_D-Threonine,60
31.0,F4_D-Threonine,59
31.25,F4_D-Threonine,59
31.5,F4_D-Threonine,59
31.75,F4_D-Threonine,61
32.0,F4_D-Threonine,60
32.25,F4_D-Threonine,58
32.5,F4_D-Threonine,59
32.75,F4_D-Threonine,60
33.0,F4_D-Threonine,63
33.25,F4_D-Threonine,59
33.5,F4_D-Threonine,57
33.75,F4_D-Threonine,57
34.0,F4_D-Threonine,59
34.25,F4_D-Threonine,57
34.5,F4_D-Threonine,61
34.75,F4_D-Threonine,61
35.0,F4_D-Threonine,63
35.25,F4_D-Threonine,60
35.5,F4_D-Threonine,62
35.75,F4_D-Threonine,61
36.0,F4_D-Threonine,63
36.25,F4_D-Threonine,63
36.5,F4_D-Threonine,62
36.75,F4_D-Threonine,64
37.0,F4_D-Threonine,61
37.25,F4_D-Threonine,60
37.5,F4_D-Threonine,60
37.75,F4_D-Threonine,66
38.0,F4_D-Threonine,66
38.25,F4_D-Threonine,61
38.5,F4_D-Threonine,64
38.75,F4_D-Threonine,63
39.0,F4_D-Threonine,67
39.25,F4_D-Threonine,68
39.5,F4_D-Threonine,66
39.75,F4_D-Threonine,62
40.0,F4_D-Threonine,68
40.25,F4_D-Threonine,67
40.5,F4_D-Threonine,65
40.75,F4_D-Threonine,66
41.0,F4_D-Threonine,67
41.25,F4_D-Threonine,72
41.5,F4_D-Threonine,64
41.75,F4_D-Threonine,68
42.0,F4_D-Threonine,64
42.25,F4_D-Threonine,66
42.5,F4_D-Threonine,69
42.75,F4_D-Threonine,67
43.0,F4_D-Threonine,70
43.25,F4_D-Threonine,67
43.5,F4_D-Threonine,68
43.75,F4_D-Threonine,68
44.0,F4_D-Threonine,65
44.25,F4_D-Threonine,67
44.5,F4_D-Threonine,71
44.75,F4_D-Threonine,69
45.0,F4_D-Threonine,67
45.25,F4_D-Threonine,68
45.5,F4_D-Threonine,69
45.75,F4_D-Threonine,70
46.0,F4_D-Threonine,75
46.25,F4_D-Threonine,70
46.5,F4_D-Threonine,69
46.75,F4_D-Threonine,75
47.0,F4_D-Threonine,68
47.25,F4_D-Threonine,74
47.5,F4_D-Threonine,0
0.0,F5_Fumaric_Acid,11
0.25,F5_Fumaric_Acid,19
0.5,F5_Fumaric_Acid,11
0.75,F5_Fumaric_Acid,11
1.0,F5_Fumaric_Acid,11
1.25,F5_Fumaric_Acid,11
1.5,F5_Fumaric_Acid,11
1.75,F5_Fumaric_Acid,11
2.0,F5_Fumaric_Acid,11
2.25,F5_Fumaric_Acid,11
2.5,F5_Fumaric_Acid,12
2.75,F5_Fumaric_Acid,11
3.0,F5_Fumaric_Acid,11
3.25,F5_Fumaric_Acid,11
3.5,F5_Fumaric_Acid,11
3.75,F5_Fumaric_Acid,11
4.0,F5_Fumaric_Acid,11
4.25,F5_Fumaric_Acid,11
4.5,F5_Fumaric_Acid,11
4.75,F5_Fumaric_Acid,11
5.0,F5_Fumaric_Acid,14
5.25,F5_Fumaric_Acid,17
5.5,F5_Fumaric_Acid,12
5.75,F5_Fumaric_Acid,15
6.0,F5_Fumaric_Acid,17
6.25,F5_Fumaric_Acid,16
6.5,F5_Fumaric_Acid,19
6.75,F5_Fumaric_Acid,20
7.0,F5_Fumaric_Acid,21
7.25,F5_Fumaric_Acid,26
7.5,F5_Fumaric_Acid,29
7.75,F5_Fumaric_Acid,34
8.0,F5_Fumaric_Acid,37
8.25,F5_Fumaric_Acid,39
8.5,F5_Fumaric_Acid,44
8.75,F5_Fumaric_Acid,46
9.0,F5_Fumaric_Acid,52
9.25,F5_Fumaric_Acid,54
9.5,F5_Fumaric_Acid,59
9.75,F5_Fumaric_Acid,58
10.0,F5_Fumaric_Acid,69
10.25,F5_Fumaric_Acid,70
10.5,F5_Fumaric_Acid,76
10.75,F5_Fumaric_Acid,77
11.0,F5_Fumaric_Acid,85
11.25,F5_Fumaric_Acid,82
11.5,F5_Fumaric_Acid,88
11.75,F5_Fumaric_Acid,93
12.0,F5_Fumaric_Acid,91
12.25,F5_Fumaric_Acid,100
12.5,F5_Fumaric_Acid,102
12.75,F5_Fumaric_Acid,105
13.0,F5_Fumaric_Acid,107
13.25,F5_Fumaric_Acid,114
13.5,F5_Fumaric_Acid,117
13.75,F5_Fumaric_Acid,122
14.0,F5_Fumaric_Acid,122
14.25,F5_Fumaric_Acid,129
14.5,F5_Fumaric_Acid,132
14.75,F5_Fumaric_Acid,130
15.0,F5_Fumaric_Acid,132
15.25,F5_Fumaric_Acid,140
15.5,F5_Fumaric_Acid,142
15.75,F5_Fumaric_Acid,147
16.0,F5_Fumaric_Acid,147
16.25,F5_Fumaric_Acid,147
16.5,F5_Fumaric_Acid,154
16.75,F5_Fumaric_Acid,155
17.0,F5_Fumaric_Acid,160
17.25,F5_Fumaric_Acid,163
17.5,F5_Fumaric_Acid,168
17.75,F5_Fumaric_Acid,174
18.0,F5_Fumaric_Acid,172
18.25,F5_Fumaric_Acid,177
18.5,F5_Fumaric_Acid,180
18.75,F5_Fumaric_Acid,179
19.0,F5_Fumaric_Acid,185
19.25,F5_Fumaric_Acid,190
19.5,F5_Fumaric_Acid,190
19.75,F5_Fumaric_Acid,191
20.0,F5_Fumaric_Acid,195
20.25,F5_Fumaric_Acid,198
20.5,F5_Fumaric_Acid,195
20.75,F5_Fumaric_Acid,204
21.0,F5_Fumaric_Acid,200
21.25,F5_Fumaric_Acid,204
21.5,F5_Fumaric_Acid,207
21.75,F5_Fumaric_Acid,207
22.0,F5_Fumaric_Acid,212
22.25,F5_Fumaric_Acid,210
22.5,F5_Fumaric_Acid,211
22.75,F5_Fumaric_Acid,206
23.0,F5_Fumaric_Acid,217
23.25,F5_Fumaric_Acid,217
23.5,F5_Fumaric_Acid,216
23.75,F5_Fumaric_Acid,223
24.0,F5_Fumaric_Acid,228
24.25,F5_Fumaric_Acid,217
24.5,F5_Fumaric_Acid,225
24.75,F5_Fumaric_Acid,223
25.0,F5_Fumaric_Acid,225
25.25,F5_Fumaric_Acid,225
25.5,F5_Fumaric_Acid,224
25.75,F5_Fumaric_Acid,223
26.0,F5_Fumaric_Acid,223
26.25,F5_Fumaric_Acid,227
26.5,F5_Fumaric_Acid,222
26.75,F5_Fumaric_Acid,227
27.0,F5_Fumaric_Acid,224
27.25,F5_Fumaric_Acid,222
27.5,F5_Fumaric_Acid,227
27.75,F5_Fumaric_Acid,224
28.0,F5_Fumaric_Acid,220
28.25,F5_Fumaric_Acid,222
28.5,F5_Fumaric_Acid,225
28.75,F5_Fumaric_Acid,223
29.0,F5_Fumaric_Acid,225
29.25,F5_Fumaric_Acid,221
29.5,F5_Fumaric_Acid,223
29.75,F5_Fumaric_Acid,222
30.0,F5_Fumaric_Acid,222
30.25,F5_Fumaric_Acid,221
30.5,F5_Fumaric_Acid,223
30.75,F5_Fumaric_Acid,223
31.0,F5_Fumaric_Acid,222
31.25,F5_Fumaric_Acid,221
31.5,F5_Fumaric_Acid,222
31.75,F5_Fumaric_Acid,224
32.0,F5_Fumaric_Acid,222
32.25,F5_Fumaric_Acid,224
32.5,F5_Fumaric_Acid,219
32.75,F5_Fumaric_Acid,217
33.0,F5_Fumaric_Acid,222
33.25,F5_Fumaric_Acid,219
33.5,F5_Fumaric_Acid,222
33.75,F5_Fumaric_Acid,220
34.0,F5_Fumaric_Acid,220
34.25,F5_Fumaric_Acid,219
34.5,F5_Fumaric_Acid,220
34.75,F5_Fumaric_Acid,219
35.0,F5_Fumaric_Acid,222
35.25,F5_Fumaric_Acid,219
35.5,F5_Fumaric_Acid,220
35.75,F5_Fumaric_Acid,219
36.0,F5_Fumaric_Acid,220
36.25,F5_Fumaric_Acid,218
36.5,F5_Fumaric_Acid,218
36.75,F5_Fumaric_Acid,220
37.0,F5_Fumaric_Acid,219
37.25,F5_Fumaric_Acid,220
37.5,F5_Fumaric_Acid,217
37.75,F5_Fumaric_Acid,221
38.0,F5_Fumaric_Acid,220
38.25,F5_Fumaric_Acid,218
38.5,F5_Fumaric_Acid,219
38.75,F5_Fumaric_Acid,217
39.0,F5_Fumaric_Acid,219
39.25,F5_Fumaric_Acid,216
39.5,F5_Fumaric_Acid,219
39.75,F5_Fumaric_Acid,222
40.0,F5_Fumaric_Acid,222
40.25,F5_Fumaric_Acid,219
40.5,F5_Fumaric_Acid,220
40.75,F5_Fumaric_Acid,215
41.0,F5_Fumaric_Acid,221
41.25,F5_Fumaric_Acid,221
41.5,F5_Fumaric_Acid,217
41.75,F5_Fumaric_Acid,221
42.0,F5_Fumaric_Acid,223
42.25,F5_Fumaric_Acid,218
42.5,F5_Fumaric_Acid,220
42.75,F5_Fumaric_Acid,215
43.0,F5_Fumaric_Acid,220
43.25,F5_Fumaric_Acid,216
43.5,F5_Fumaric_Acid,217
43.75,F5_Fumaric_Acid,216
44.0,F5_Fumaric_Acid,221
44.25,F5_Fumaric_Acid,216
44.5,F5_Fumaric_Acid,218
44.75,F5_Fumaric_Acid,218
45.0,F5_Fumaric_Acid,217
45.25,F5_Fumaric_Acid,216
45.5,F5_Fumaric_Acid,216
45.75,F5_Fumaric_Acid,217
46.0,F5_Fumaric_Acid,219
46.25,F5_Fumaric_Acid,213
46.5,F5_Fumaric_Acid,219
46.75,F5_Fumaric_Acid,218
47.0,F5_Fumaric_Acid,218
47.25,F5_Fumaric_Acid,219
47.5,F5_Fumaric_Acid,0
0.0,F6_Bromo_Succinic_Acid,11
0.25,F6_Bromo_Succinic_Acid,11
0.5,F6_Bromo_Succinic_Acid,12
0.75,F6_Bromo_Succinic_Acid,13
1.0,F6_Bromo_Succinic_Acid,11
1.25,F6_Bromo_Succinic_Acid,11
1.5,F6_Bromo_Succinic_Acid,13
1.75,F6_Bromo_Succinic_Acid,11
2.0,F6_Bromo_Succinic_Acid,11
2.25,F6_Bromo_Succinic_Acid,13
2.5,F6_Bromo_Succinic_Acid,11
2.75,F6_Bromo_Succinic_Acid,11
3.0,F6_Bromo_Succinic_Acid,11
3.25,F6_Bromo_Succinic_Acid,12
3.5,F6_Bromo_Succinic_Acid,11
3.75,F6_Bromo_Succinic_Acid,15
4.0,F6_Bromo_Succinic_Acid,11
4.25,F6_Bromo_Succinic_Acid,11
4.5,F6_Bromo_Succinic_Acid,15
4.75,F6_Bromo_Succinic_Acid,14
5.0,F6_Bromo_Succinic_Acid,14
5.25,F6_Bromo_Succinic_Acid,18
5.5,F6_Bromo_Succinic_Acid,16
5.75,F6_Bromo_Succinic_Acid,18
6.0,F6_Bromo_Succinic_Acid,16
6.25,F6_Bromo_Succinic_Acid,25
6.5,F6_Bromo_Succinic_Acid,21
6.75,F6_Bromo_Succinic_Acid,22
7.0,F6_Bromo_Succinic_Acid,23
7.25,F6_Bromo_Succinic_Acid,25
7.5,F6_Bromo_Succinic_Acid,26
7.75,F6_Bromo_Succinic_Acid,33
8.0,F6_Bromo_Succinic_Acid,32
8.25,F6_Bromo_Succinic_Acid,33
8.5,F6_Bromo_Succinic_Acid,39
8.75,F6_Bromo_Succinic_Acid,39
9.0,F6_Bromo_Succinic_Acid,37
9.25,F6_Bromo_Succinic_Acid,35
9.5,F6_Bromo_Succinic_Acid,36
9.75,F6_Bromo_Succinic_Acid,43
10.0,F6_Bromo_Succinic_Acid,45
10.25,F6_Bromo_Succinic_Acid,45
10.5,F6_Bromo_Succinic_Acid,50
10.75,F6_Bromo_Succinic_Acid,53
11.0,F6_Bromo_Succinic_Acid,55
11.25,F6_Bromo_Succinic_Acid,58
11.5,F6_Bromo_Succinic_Acid,65
11.75,F6_Bromo_Succinic_Acid,70
12.0,F6_Bromo_Succinic_Acid,72
12.25,F6_Bromo_Succinic_Acid,84
12.5,F6_Bromo_Succinic_Acid,84
12.75,F6_Bromo_Succinic_Acid,82
13.0,F6_Bromo_Succinic_Acid,80
13.25,F6_Bromo_Succinic_Acid,89
13.5,F6_Bromo_Succinic_Acid,92
13.75,F6_Bromo_Succinic_Acid,93
14.0,F6_Bromo_Succinic_Acid,100
14.25,F6_Bromo_Succinic_Acid,104
14.5,F6_Bromo_Succinic_Acid,105
14.75,F6_Bromo_Succinic_Acid,104
15.0,F6_Bromo_Succinic_Acid,113
15.25,F6_Bromo_Succinic_Acid,114
15.5,F6_Bromo_Succinic_Acid,111
15.75,F6_Bromo_Succinic_Acid,111
16.0,F6_Bromo_Succinic_Acid,120
16.25,F6_Bromo_Succinic_Acid,115
16.5,F6_Bromo_Succinic_Acid,119
16.75,F6_Bromo_Succinic_Acid,117
17.0,F6_Bromo_Succinic_Acid,121
17.25,F6_Bromo_Succinic_Acid,120
17.5,F6_Bromo_Succinic_Acid,126
17.75,F6_Bromo_Succinic_Acid,123
18.0,F6_Bromo_Succinic_Acid,123
18.25,F6_Bromo_Succinic_Acid,117
18.5,F6_Bromo_Succinic_Acid,123
18.75,F6_Bromo_Succinic_Acid,124
19.0,F6_Bromo_Succinic_Acid,131
19.25,F6_Bromo_Succinic_Acid,130
19.5,F6_Bromo_Succinic_Acid,128
19.75,F6_Bromo_Succinic_Acid,125
20.0,F6_Bromo_Succinic_Acid,122
20.25,F6_Bromo_Succinic_Acid,127
20.5,F6_Bromo_Succinic_Acid,130
20.75,F6_Bromo_Succinic_Acid,129
21.0,F6_Bromo_Succinic_Acid,125
21.25,F6_Bromo_Succinic_Acid,124
21.5,F6_Bromo_Succinic_Acid,129
21.75,F6_Bromo_Succinic_Acid,125
22.0,F6_Bromo_Succinic_Acid,131
22.25,F6_Bromo_Succinic_Acid,127
22.5,F6_Bromo_Succinic_Acid,126
22.75,F6_Bromo_Succinic_Acid,126
23.0,F6_Bromo_Succinic_Acid,131
23.25,F6_Bromo_Succinic_Acid,134
23.5,F6_Bromo_Succinic_Acid,125
23.75,F6_Bromo_Succinic_Acid,128
24.0,F6_Bromo_Succinic_Acid,132
24.25,F6_Bromo_Succinic_Acid,129
24.5,F6_Bromo_Succinic_Acid,131
24.75,F6_Bromo_Succinic_Acid,127
25.0,F6_Bromo_Succinic_Acid,129
25.25,F6_Bromo_Succinic_Acid,122
25.5,F6_Bromo_Succinic_Acid,128
25.75,F6_Bromo_Succinic_Acid,129
26.0,F6_Bromo_Succinic_Acid,125
26.25,F6_Bromo_Succinic_Acid,131
26.5,F6_Bromo_Succinic_Acid,125
26.75,F6_Bromo_Succinic_Acid,132
27.0,F6_Bromo_Succinic_Acid,134
27.25,F6_Bromo_Succinic_Acid,128
27.5,F6_Bromo_Succinic_Acid,131
27.75,F6_Bromo_Succinic_Acid,126
28.0,F6_Bromo_Succinic_Acid,127
28.25,F6_Bromo_Succinic_Acid,124
28.5,F6_Bromo_Succinic_Acid,131
28.75,F6_Bromo_Succinic_Acid,126
29.0,F6_Bromo_Succinic_Acid,127
29.25,F6_Bromo_Succinic_Acid,130
29.5,F6_Bromo_Succinic_Acid,132
29.75,F6_Bromo_Succinic_Acid,128
30.0,F6_Bromo_Succinic_Acid,132
30.25,F6_Bromo_Succinic_Acid,125
30.5,F6_Bromo_Succinic_Acid,127
30.75,F6_Bromo_Succinic_Acid,129
31.0,F6_Bromo_Succinic_Acid,133
31.25,F6_Bromo_Succinic_Acid,123
31.5,F6_Bromo_Succinic_Acid,123
31.75,F6_Bromo_Succinic_Acid,124
32.0,F6_Bromo_Succinic_Acid,129
32.25,F6_Bromo_Succinic_Acid,127
32.5,F6_Bromo_Succinic_Acid,130
32.75,F6_Bromo_Succinic_Acid,129
33.0,F6_Bromo_Succinic_Acid,130
33.25,F6_Bromo_Succinic_Acid,129
33.5,F6_Bromo_Succinic_Acid,128
33.75,F6_Bromo_Succinic_Acid,129
34.0,F6_Bromo_Succinic_Acid,129
34.25,F6_Bromo_Succinic_Acid,126
34.5,F6_Bromo_Succinic_Acid,131
34.75,F6_Bromo_Succinic_Acid,124
35.0,F6_Bromo_Succinic_Acid,125
35.25,F6_Bromo_Succinic_Acid,123
35.5,F6_Bromo_Succinic_Acid,130
35.75,F6_Bromo_Succinic_Acid,127
36.0,F6_Bromo_Succinic_Acid,130
36.25,F6_Bromo_Succinic_Acid,129
36.5,F6_Bromo_Succinic_Acid,125
36.75,F6_Bromo_Succinic_Acid,127
37.0,F6_Bromo_Succinic_Acid,127
37.25,F6_Bromo_Succinic_Acid,123
37.5,F6_Bromo_Succinic_Acid,120
37.75,F6_Bromo_Succinic_Acid,126
38.0,F6_Bromo_Succinic_Acid,129
38.25,F6_Bromo_Succinic_Acid,125
38.5,F6_Bromo_Succinic_Acid,125
38.75,F6_Bromo_Succinic_Acid,127
39.0,F6_Bromo_Succinic_Acid,127
39.25,F6_Bromo_Succinic_Acid,126
39.5,F6_Bromo_Succinic_Acid,121
39.75,F6_Bromo_Succinic_Acid,127
40.0,F6_Bromo_Succinic_Acid,124
40.25,F6_Bromo_Succinic_Acid,129
40.5,F6_Bromo_Succinic_Acid,124
40.75,F6_Bromo_Succinic_Acid,126
41.0,F6_Bromo_Succinic_Acid,123
41.25,F6_Bromo_Succinic_Acid,126
41.5,F6_Bromo_Succinic_Acid,126
41.75,F6_Bromo_Succinic_Acid,125
42.0,F6_Bromo_Succinic_Acid,125
42.25,F6_Bromo_Succinic_Acid,123
42.5,F6_Bromo_Succinic_Acid,127
42.75,F6_Bromo_Succinic_Acid,125
43.0,F6_Bromo_Succinic_Acid,124
43.25,F6_Bromo_Succinic_Acid,124
43.5,F6_Bromo_Succinic_Acid,125
43.75,F6_Bromo_Succinic_Acid,126
44.0,F6_Bromo_Succinic_Acid,123
44.25,F6_Bromo_Succinic_Acid,125
44.5,F6_Bromo_Succinic_Acid,127
44.75,F6_Bromo_Succinic_Acid,123
45.0,F6_Bromo_Succinic_Acid,124
45.25,F6_Bromo_Succinic_Acid,122
45.5,F6_Bromo_Succinic_Acid,124
45.75,F6_Bromo_Succinic_Acid,128
46.0,F6_Bromo_Succinic_Acid,127
46.25,F6_Bromo_Succinic_Acid,123
46.5,F6_Bromo_Succinic_Acid,124
46.75,F6_Bromo_Succinic_Acid,125
47.0,F6_Bromo_Succinic_Acid,122
47.25,F6_Bromo_Succinic_Acid,124
47.5,F6_Bromo_Succinic_Acid,0
0.0,F7_Propionic_Acid,11
0.25,F7_Propionic_Acid,18
0.5,F7_Propionic_Acid,11
0.75,F7_Propionic_Acid,16
1.0,F7_Propionic_Acid,12
1.25,F7_Propionic_Acid,11
1.5,F7_Propionic_Acid,11
1.75,F7_Propionic_Acid,11
2.0,F7_Propionic_Acid,12
2.25,F7_Propionic_Acid,15
2.5,F7_Propionic_Acid,11
2.75,F7_Propionic_Acid,13
3.0,F7_Propionic_Acid,12
3.25,F7_Propionic_Acid,11
3.5,F7_Propionic_Acid,11
3.75,F7_Propionic_Acid,13
4.0,F7_Propionic_Acid,11
4.25,F7_Propionic_Acid,11
4.5,F7_Propionic_Acid,14
4.75,F7_Propionic_Acid,15
5.0,F7_Propionic_Acid,16
5.25,F7_Propionic_Acid,17
5.5,F7_Propionic_Acid,15
5.75,F7_Propionic_Acid,18
6.0,F7_Propionic_Acid,17
6.25,F7_Propionic_Acid,19
6.5,F7_Propionic_Acid,23
6.75,F7_Propionic_Acid,22
7.0,F7_Propionic_Acid,25
7.25,F7_Propionic_Acid,22
7.5,F7_Propionic_Acid,29
7.75,F7_Propionic_Acid,25
8.0,F7_Propionic_Acid,34
8.25,F7_Propionic_Acid,37
8.5,F7_Propionic_Acid,39
8.75,F7_Propionic_Acid,36
9.0,F7_Propionic_Acid,41
9.25,F7_Propionic_Acid,42
9.5,F7_Propionic_Acid,46
9.75,F7_Propionic_Acid,47
10.0,F7_Propionic_Acid,56
10.25,F7_Propionic_Acid,53
10.5,F7_Propionic_Acid,55
10.75,F7_Propionic_Acid,56
11.0,F7_Propionic_Acid,60
11.25,F7_Propionic_Acid,65
11.5,F7_Propionic_Acid,67
11.75,F7_Propionic_Acid,69
12.0,F7_Propionic_Acid,67
12.25,F7_Propionic_Acid,77
12.5,F7_Propionic_Acid,78
12.75,F7_Propionic_Acid,80
13.0,F7_Propionic_Acid,84
13.25,F7_Propionic_Acid,88
13.5,F7_Propionic_Acid,91
13.75,F7_Propionic_Acid,91
14.0,F7_Propionic_Acid,95
14.25,F7_Propionic_Acid,99
14.5,F7_Propionic_Acid,102
14.75,F7_Propionic_Acid,107
15.0,F7_Propionic_Acid,113
15.25,F7_Propionic_Acid,113
15.5,F7_Propionic_Acid,117
15.75,F7_Propionic_Acid,119
16.0,F7_Propionic_Acid,125
16.25,F7_Propionic_Acid,128
16.5,F7_Propionic_Acid,126
16.75,F7_Propionic_Acid,136
17.0,F7_Propionic_Acid,138
17.25,F7_Propionic_Acid,140
17.5,F7_Propionic_Acid,142
17.75,F7_Propionic_Acid,147
18.0,F7_Propionic_Acid,152
18.25,F7_Propionic_Acid,156
18.5,F7_Propionic_Acid,157
18.75,F7_Propionic_Acid,157
19.0,F7_Propionic_Acid,162
19.25,F7_Propionic_Acid,170
19.5,F7_Propionic_Acid,172
19.75,F7_Propionic_Acid,172
20.0,F7_Propionic_Acid,178
20.25,F7_Propionic_Acid,176
20.5,F7_Propionic_Acid,181
20.75,F7_Propionic_Acid,187
21.0,F7_Propionic_Acid,187
21.25,F7_Propionic_Acid,189
21.5,F7_Propionic_Acid,196
21.75,F7_Propionic_Acid,194
22.0,F7_Propionic_Acid,199
22.25,F7_Propionic_Acid,200
22.5,F7_Propionic_Acid,202
22.75,F7_Propionic_Acid,203
23.0,F7_Propionic_Acid,206
23.25,F7_Propionic_Acid,208
23.5,F7_Propionic_Acid,209
23.75,F7_Propionic_Acid,214
24.0,F7_Propionic_Acid,217
24.25,F7_Propionic_Acid,219
24.5,F7_Propionic_Acid,222
24.75,F7_Propionic_Acid,224
25.0,F7_Propionic_Acid,223
25.25,F7_Propionic_Acid,222
25.5,F7_Propionic_Acid,224
25.75,F7_Propionic_Acid,227
26.0,F7_Propionic_Acid,231
26.25,F7_Propionic_Acid,233
26.5,F7_Propionic_Acid,228
26.75,F7_Propionic_Acid,233
27.0,F7_Propionic_Acid,236
27.25,F7_Propionic_Acid,237
27.5,F7_Propionic_Acid,241
27.75,F7_Propionic_Acid,234
28.0,F7_Propionic_Acid,241
28.25,F7_Propionic_Acid,239
28.5,F7_Propionic_Acid,242
28.75,F7_Propionic_Acid,243
29.0,F7_Propionic_Acid,244
29.25,F7_Propionic_Acid,244
29.5,F7_Propionic_Acid,245
29.75,F7_Propionic_Acid,246
30.0,F7_Propionic_Acid,248
30.25,F7_Propionic_Acid,246
30.5,F7_Propionic_Acid,249
30.75,F7_Propionic_Acid,249
31.0,F7_Propionic_Acid,251
31.25,F7_Propionic_Acid,251
31.5,F7_Propionic_Acid,249
31.75,F7_Propionic_Acid,250
32.0,F7_Propionic_Acid,253
32.25,F7_Propionic_Acid,254
32.5,F7_Propionic_Acid,252
32.75,F7_Propionic_Acid,251
33.0,F7_Propionic_Acid,255
33.25,F7_Propionic_Acid,253
33.5,F7_Propionic_Acid,253
33.75,F7_Propionic_Acid,254
34.0,F7_Propionic_Acid,252
34.25,F7_Propionic_Acid,253
34.5,F7_Propionic_Acid,253
34.75,F7_Propionic_Acid,254
35.0,F7_Propionic_Acid,255
35.25,F7_Propionic_Acid,256
35.5,F7_Propionic_Acid,254
35.75,F7_Propionic_Acid,255
36.0,F7_Propionic_Acid,257
36.25,F7_Propionic_Acid,258
36.5,F7_Propionic_Acid,259
36.75,F7_Propionic_Acid,257
37.0,F7_Propionic_Acid,259
37.25,F7_Propionic_Acid,257
37.5,F7_Propionic_Acid,256
37.75,F7_Propionic_Acid,258
38.0,F7_Propionic_Acid,259
38.25,F7_Propionic_Acid,261
38.5,F7_Propionic_Acid,263
38.75,F7_Propionic_Acid,258
39.0,F7_Propionic_Acid,263
39.25,F7_Propionic_Acid,261
39.5,F7_Propionic_Acid,261
39.75,F7_Propionic_Acid,263
40.0,F7_Propionic_Acid,264
40.25,F7_Propionic_Acid,264
40.5,F7_Propionic_Acid,266
40.75,F7_Propionic_Acid,267
41.0,F7_Propionic_Acid,266
41.25,F7_Propionic_Acid,266
41.5,F7_Propionic_Acid,263
41.75,F7_Propionic_Acid,268
42.0,F7_Propionic_Acid,267
42.25,F7_Propionic_Acid,268
42.5,F7_Propionic_Acid,267
42.75,F7_Propionic_Acid,264
43.0,F7_Propionic_Acid,270
43.25,F7_Propionic_Acid,263
43.5,F7_Propionic_Acid,268
43.75,F7_Propionic_Acid,267
44.0,F7_Propionic_Acid,265
44.25,F7_Propionic_Acid,265
44.5,F7_Propionic_Acid,265
44.75,F7_Propionic_Acid,262
45.0,F7_Propionic_Acid,264
45.25,F7_Propionic_Acid,256
45.5,F7_Propionic_Acid,256
45.75,F7_Propionic_Acid,258
46.0,F7_Propionic_Acid,259
46.25,F7_Propionic_Acid,258
46.5,F7_Propionic_Acid,257
46.75,F7_Propionic_Acid,258
47.0,F7_Propionic_Acid,255
47.25,F7_Propionic_Acid,255
47.5,F7_Propionic_Acid,0
0.0,F8_Mucic_Acid,11
0.25,F8_Mucic_Acid,15
0.5,F8_Mucic_Acid,17
0.75,F8_Mucic_Acid,16
1.0,F8_Mucic_Acid,12
1.25,F8_Mucic_Acid,12
1.5,F8_Mucic_Acid,11
1.75,F8_Mucic_Acid,13
2.0,F8_Mucic_Acid,16
2.25,F8_Mucic_Acid,18
2.5,F8_Mucic_Acid,11
2.75,F8_Mucic_Acid,14
3.0,F8_Mucic_Acid,13
3.25,F8_Mucic_Acid,13
3.5,F8_Mucic_Acid,11
3.75,F8_Mucic_Acid,16
4.0,F8_Mucic_Acid,13
4.25,F8_Mucic_Acid,14
4.5,F8_Mucic_Acid,16
4.75,F8_Mucic_Acid,13
5.0,F8_Mucic_Acid,22
5.25,F8_Mucic_Acid,17
5.5,F8_Mucic_Acid,18
5.75,F8_Mucic_Acid,18
6.0,F8_Mucic_Acid,18
6.25,F8_Mucic_Acid,20
6.5,F8_Mucic_Acid,20
6.75,F8_Mucic_Acid,21
7.0,F8_Mucic_Acid,23
7.25,F8_Mucic_Acid,21
7.5,F8_Mucic_Acid,22
7.75,F8_Mucic_Acid,25
8.0,F8_Mucic_Acid,22
8.25,F8_Mucic_Acid,27
8.5,F8_Mucic_Acid,28
8.75,F8_Mucic_Acid,26
9.0,F8_Mucic_Acid,27
9.25,F8_Mucic_Acid,27
9.5,F8_Mucic_Acid,26
9.75,F8_Mucic_Acid,27
10.0,F8_Mucic_Acid,28
10.25,F8_Mucic_Acid,27
10.5,F8_Mucic_Acid,25
10.75,F8_Mucic_Acid,27
11.0,F8_Mucic_Acid,25
11.25,F8_Mucic_Acid,29
11.5,F8_Mucic_Acid,25
11.75,F8_Mucic_Acid,28
12.0,F8_Mucic_Acid,25
12.25,F8_Mucic_Acid,27
12.5,F8_Mucic_Acid,32
12.75,F8_Mucic_Acid,31
13.0,F8_Mucic_Acid,27
13.25,F8_Mucic_Acid,25
13.5,F8_Mucic_Acid,31
13.75,F8_Mucic_Acid,30
14.0,F8_Mucic_Acid,29
14.25,F8_Mucic_Acid,29
14.5,F8_Mucic_Acid,30
14.75,F8_Mucic_Acid,29
15.0,F8_Mucic_Acid,29
15.25,F8_Mucic_Acid,29
15.5,F8_Mucic_Acid,29
15.75,F8_Mucic_Acid,32
16.0,F8_Mucic_Acid,29
16.25,F8_Mucic_Acid,30
16.5,F8_Mucic_Acid,34
16.75,F8_Mucic_Acid,30
17.0,F8_Mucic_Acid,34
17.25,F8_Mucic_Acid,32
17.5,F8_Mucic_Acid,34
17.75,F8_Mucic_Acid,35
18.0,F8_Mucic_Acid,34
18.25,F8_Mucic_Acid,32
18.5,F8_Mucic_Acid,32
18.75,F8_Mucic_Acid,34
19.0,F8_Mucic_Acid,36
19.25,F8_Mucic_Acid,36
19.5,F8_Mucic_Acid,32
19.75,F8_Mucic_Acid,34
20.0,F8_Mucic_Acid,33
20.25,F8_Mucic_Acid,32
20.5,F8_Mucic_Acid,35
20.75,F8_Mucic_Acid,37
21.0,F8_Mucic_Acid,29
21.25,F8_Mucic_Acid,33
21.5,F8_Mucic_Acid,34
21.75,F8_Mucic_Acid,34
22.0,F8_Mucic_Acid,35
22.25,F8_Mucic_Acid,35
22.5,F8_Mucic_Acid,36
22.75,F8_Mucic_Acid,32
23.0,F8_Mucic_Acid,34
23.25,F8_Mucic_Acid,35
23.5,F8_Mucic_Acid,36
23.75,F8_Mucic_Acid,39
24.0,F8_Mucic_Acid,38
24.25,F8_Mucic_Acid,33
24.5,F8_Mucic_Acid,37
24.75,F8_Mucic_Acid,33
25.0,F8_Mucic_Acid,37
25.25,F8_Mucic_Acid,31
25.5,F8_Mucic_Acid,35
25.75,F8_Mucic_Acid,38
26.0,F8_Mucic_Acid,33
26.25,F8_Mucic_Acid,35
26.5,F8_Mucic_Acid,40
26.75,F8_Mucic_Acid,36
27.0,F8_Mucic_Acid,38
27.25,F8_Mucic_Acid,33
27.5,F8_Mucic_Acid,38
27.75,F8_Mucic_Acid,33
28.0,F8_Mucic_Acid,29
28.25,F8_Mucic_Acid,36
28.5,F8_Mucic_Acid,37
28.75,F8_Mucic_Acid,40
29.0,F8_Mucic_Acid,37
29.25,F8_Mucic_Acid,35
29.5,F8_Mucic_Acid,35
29.75,F8_Mucic_Acid,42
30.0,F8_Mucic_Acid,39
30.25,F8_Mucic_Acid,40
30.5,F8_Mucic_Acid,36
30.75,F8_Mucic_Acid,34
31.0,F8_Mucic_Acid,38
31.25,F8_Mucic_Acid,35
31.5,F8_Mucic_Acid,34
31.75,F8_Mucic_Acid,36
32.0,F8_Mucic_Acid,38
32.25,F8_Mucic_Acid,36
32.5,F8_Mucic_Acid,38
32.75,F8_Mucic_Acid,35
33.0,F8_Mucic_Acid,39
33.25,F8_Mucic_Acid,41
33.5,F8_Mucic_Acid,39
33.75,F8_Mucic_Acid,40
34.0,F8_Mucic_Acid,37
34.25,F8_Mucic_Acid,35
34.5,F8_Mucic_Acid,33
34.75,F8_Mucic_Acid,36
35.0,F8_Mucic_Acid,37
35.25,F8_Mucic_Acid,37
35.5,F8_Mucic_Acid,36
35.75,F8_Mucic_Acid,33
36.0,F8_Mucic_Acid,36
36.25,F8_Mucic_Acid,39
36.5,F8_Mucic_Acid,36
36.75,F8_Mucic_Acid,38
37.0,F8_Mucic_Acid,38
37.25,F8_Mucic_Acid,37
37.5,F8_Mucic_Acid,28
37.75,F8_Mucic_Acid,33
38.0,F8_Mucic_Acid,39
38.25,F8_Mucic_Acid,33
38.5,F8_Mucic_Acid,36
38.75,F8_Mucic_Acid,34
39.0,F8_Mucic_Acid,36
39.25,F8_Mucic_Acid,35
39.5,F8_Mucic_Acid,39
39.75,F8_Mucic_Acid,39
40.0,F8_Mucic_Acid,37
40.25,F8_Mucic_Acid,43
40.5,F8_Mucic_Acid,36
40.75,F8_Mucic_Acid,39
41.0,F8_Mucic_Acid,40
41.25,F8_Mucic_Acid,37
41.5,F8_Mucic_Acid,35
41.75,F8_Mucic_Acid,39
42.0,F8_Mucic_Acid,35
42.25,F8_Mucic_Acid,36
42.5,F8_Mucic_Acid,38
42.75,F8_Mucic_Acid,36
43.0,F8_Mucic_Acid,39
43.25,F8_Mucic_Acid,35
43.5,F8_Mucic_Acid,38
43.75,F8_Mucic_Acid,39
44.0,F8_Mucic_Acid,43
44.25,F8_Mucic_Acid,34
44.5,F8_Mucic_Acid,37
44.75,F8_Mucic_Acid,35
45.0,F8_Mucic_Acid,35
45.25,F8_Mucic_Acid,37
45.5,F8_Mucic_Acid,38
45.75,F8_Mucic_Acid,40
46.0,F8_Mucic_Acid,39
46.25,F8_Mucic_Acid,39
46.5,F8_Mucic_Acid,40
46.75,F8_Mucic_Acid,38
47.0,F8_Mucic_Acid,39
47.25,F8_Mucic_Acid,37
47.5,F8_Mucic_Acid,0
0.0,F9_Glycolic_Acid,22
0.25,F9_Glycolic_Acid,12
0.5,F9_Glycolic_Acid,11
0.75,F9_Glycolic_Acid,11
1.0,F9_Glycolic_Acid,11
1.25,F9_Glycolic_Acid,11
1.5,F9_Glycolic_Acid,11
1.75,F9_Glycolic_Acid,11
2.0,F9_Glycolic_Acid,11
2.25,F9_Glycolic_Acid,11
2.5,F9_Glycolic_Acid,11
2.75,F9_Glycolic_Acid,11
3.0,F9_Glycolic_Acid,11
3.25,F9_Glycolic_Acid,11
3.5,F9_Glycolic_Acid,11
3.75,F9_Glycolic_Acid,11
4.0,F9_Glycolic_Acid,11
4.25,F9_Glycolic_Acid,11
4.5,F9_Glycolic_Acid,11
4.75,F9_Glycolic_Acid,11
5.0,F9_Glycolic_Acid,16
5.25,F9_Glycolic_Acid,14
5.5,F9_Glycolic_Acid,16
5.75,F9_Glycolic_Acid,18
6.0,F9_Glycolic_Acid,16
6.25,F9_Glycolic_Acid,19
6.5,F9_Glycolic_Acid,17
6.75,F9_Glycolic_Acid,19
7.0,F9_Glycolic_Acid,20
7.25,F9_Glycolic_Acid,18
7.5,F9_Glycolic_Acid,20
7.75,F9_Glycolic_Acid,22
8.0,F9_Glycolic_Acid,25
8.25,F9_Glycolic_Acid,25
8.5,F9_Glycolic_Acid,23
8.75,F9_Glycolic_Acid,23
9.0,F9_Glycolic_Acid,24
9.25,F9_Glycolic_Acid,27
9.5,F9_Glycolic_Acid,26
9.75,F9_Glycolic_Acid,25
10.0,F9_Glycolic_Acid,27
10.25,F9_Glycolic_Acid,24
10.5,F9_Glycolic_Acid,25
10.75,F9_Glycolic_Acid,29
11.0,F9_Glycolic_Acid,23
11.25,F9_Glycolic_Acid,23
11.5,F9_Glycolic_Acid,24
11.75,F9_Glycolic_Acid,26
12.0,F9_Glycolic_Acid,26
12.25,F9_Glycolic_Acid,23
12.5,F9_Glycolic_Acid,27
12.75,F9_Glycolic_Acid,30
13.0,F9_Glycolic_Acid,27
13.25,F9_Glycolic_Acid,25
13.5,F9_Glycolic_Acid,26
13.75,F9_Glycolic_Acid,25
14.0,F9_Glycolic_Acid,27
14.25,F9_Glycolic_Acid,30
14.5,F9_Glycolic_Acid,27
14.75,F9_Glycolic_Acid,26
15.0,F9_Glycolic_Acid,24
15.25,F9_Glycolic_Acid,28
15.5,F9_Glycolic_Acid,27
15.75,F9_Glycolic_Acid,27
16.0,F9_Glycolic_Acid,24
16.25,F9_Glycolic_Acid,26
16.5,F9_Glycolic_Acid,27
16.75,F9_Glycolic_Acid,27
17.0,F9_Glycolic_Acid,28
17.25,F9_Glycolic_Acid,27
17.5,F9_Glycolic_Acid,30
17.75,F9_Glycolic_Acid,30
18.0,F9_Glycolic_Acid,31
18.25,F9_Glycolic_Acid,31
18.5,F9_Glycolic_Acid,27
18.75,F9_Glycolic_Acid,30
19.0,F9_Glycolic_Acid,29
19.25,F9_Glycolic_Acid,27
19.5,F9_Glycolic_Acid,32
19.75,F9_Glycolic_Acid,31
20.0,F9_Glycolic_Acid,25
20.25,F9_Glycolic_Acid,26
20.5,F9_Glycolic_Acid,26
20.75,F9_Glycolic_Acid,33
21.0,F9_Glycolic_Acid,28
21.25,F9_Glycolic_Acid,30
21.5,F9_Glycolic_Acid,29
21.75,F9_Glycolic_Acid,28
22.0,F9_Glycolic_Acid,28
22.25,F9_Glycolic_Acid,27
22.5,F9_Glycolic_Acid,26
22.75,F9_Glycolic_Acid,24
23.0,F9_Glycolic_Acid,27
23.25,F9_Glycolic_Acid,25
23.5,F9_Glycolic_Acid,23
23.75,F9_Glycolic_Acid,25
24.0,F9_Glycolic_Acid,26
24.25,F9_Glycolic_Acid,23
24.5,F9_Glycolic_Acid,30
24.75,F9_Glycolic_Acid,29
25.0,F9_Glycolic_Acid,30
25.25,F9_Glycolic_Acid,23
25.5,F9_Glycolic_Acid,31
25.75,F9_Glycolic_Acid,24
26.0,F9_Glycolic_Acid,27
26.25,F9_Glycolic_Acid,31
26.5,F9_Glycolic_Acid,29
26.75,F9_Glycolic_Acid,30
27.0,F9_Glycolic_Acid,32
27.25,F9_Glycolic_Acid,27
27.5,F9_Glycolic_Acid,32
27.75,F9_Glycolic_Acid,33
28.0,F9_Glycolic_Acid,25
28.25,F9_Glycolic_Acid,29
28.5,F9_Glycolic_Acid,30
28.75,F9_Glycolic_Acid,25
29.0,F9_Glycolic_Acid,30
29.25,F9_Glycolic_Acid,27
29.5,F9_Glycolic_Acid,28
29.75,F9_Glycolic_Acid,30
30.0,F9_Glycolic_Acid,27
30.25,F9_Glycolic_Acid,28
30.5,F9_Glycolic_Acid,29
30.75,F9_Glycolic_Acid,29
31.0,F9_Glycolic_Acid,33
31.25,F9_Glycolic_Acid,26
31.5,F9_Glycolic_Acid,28
31.75,F9_Glycolic_Acid,26
32.0,F9_Glycolic_Acid,28
32.25,F9_Glycolic_Acid,29
32.5,F9_Glycolic_Acid,30
32.75,F9_Glycolic_Acid,29
33.0,F9_Glycolic_Acid,32
33.25,F9_Glycolic_Acid,25
33.5,F9_Glycolic_Acid,28
33.75,F9_Glycolic_Acid,26
34.0,F9_Glycolic_Acid,25
34.25,F9_Glycolic_Acid,24
34.5,F9_Glycolic_Acid,28
34.75,F9_Glycolic_Acid,27
35.0,F9_Glycolic_Acid,30
35.25,F9_Glycolic_Acid,24
35.5,F9_Glycolic_Acid,28
35.75,F9_Glycolic_Acid,25
36.0,F9_Glycolic_Acid,30
36.25,F9_Glycolic_Acid,32
36.5,F9_Glycolic_Acid,22
36.75,F9_Glycolic_Acid,29
37.0,F9_Glycolic_Acid,27
37.25,F9_Glycolic_Acid,24
37.5,F9_Glycolic_Acid,24
37.75,F9_Glycolic_Acid,31
38.0,F9_Glycolic_Acid,28
38.25,F9_Glycolic_Acid,25
38.5,F9_Glycolic_Acid,33
38.75,F9_Glycolic_Acid,26
39.0,F9_Glycolic_Acid,28
39.25,F9_Glycolic_Acid,28
39.5,F9_Glycolic_Acid,29
39.75,F9_Glycolic_Acid,25
40.0,F9_Glycolic_Acid,28
40.25,F9_Glycolic_Acid,25
40.5,F9_Glycolic_Acid,31
40.75,F9_Glycolic_Acid,31
41.0,F9_Glycolic_Acid,28
41.25,F9_Glycolic_Acid,31
41.5,F9_Glycolic_Acid,30
41.75,F9_Glycolic_Acid,29
42.0,F9_Glycolic_Acid,26
42.25,F9_Glycolic_Acid,27
42.5,F9_Glycolic_Acid,29
42.75,F9_Glycolic_Acid,26
43.0,F9_Glycolic_Acid,32
43.25,F9_Glycolic_Acid,29
43.5,F9_Glycolic_Acid,30
43.75,F9_Glycolic_Acid,26
44.0,F9_Glycolic_Acid,30
44.25,F9_Glycolic_Acid,27
44.5,F9_Glycolic_Acid,29
44.75,F9_Glycolic_Acid,26
45.0,F9_Glycolic_Acid,26
45.25,F9_Glycolic_Acid,28
45.5,F9_Glycolic_Acid,33
45.75,F9_Glycolic_Acid,24
46.0,F9_Glycolic_Acid,28
46.25,F9_Glycolic_Acid,28
46.5,F9_Glycolic_Acid,28
46.75,F9_Glycolic_Acid,31
47.0,F9_Glycolic_Acid,29
47.25,F9_Glycolic_Acid,25
47.5,F9_Glycolic_Acid,0
0.0,F10_Glyoxylic_Acid,12
0.25,F10_Glyoxylic_Acid,11
0.5,F10_Glyoxylic_Acid,13
0.75,F10_Glyoxylic_Acid,11
1.0,F10_Glyoxylic_Acid,11
1.25,F10_Glyoxylic_Acid,11
1.5,F10_Glyoxylic_Acid,12
1.75,F10_Glyoxylic_Acid,13
2.0,F10_Glyoxylic_Acid,14
2.25,F10_Glyoxylic_Acid,13
2.5,F10_Glyoxylic_Acid,11
2.75,F10_Glyoxylic_Acid,11
3.0,F10_Glyoxylic_Acid,12
3.25,F10_Glyoxylic_Acid,11
3.5,F10_Glyoxylic_Acid,11
3.75,F10_Glyoxylic_Acid,11
4.0,F10_Glyoxylic_Acid,11
4.25,F10_Glyoxylic_Acid,15
4.5,F10_Glyoxylic_Acid,11
4.75,F10_Glyoxylic_Acid,11
5.0,F10_Glyoxylic_Acid,11
5.25,F10_Glyoxylic_Acid,11
5.5,F10_Glyoxylic_Acid,13
5.75,F10_Glyoxylic_Acid,11
6.0,F10_Glyoxylic_Acid,11
6.25,F10_Glyoxylic_Acid,12
6.5,F10_Glyoxylic_Acid,12
6.75,F10_Glyoxylic_Acid,12
7.0,F10_Glyoxylic_Acid,11
7.25,F10_Glyoxylic_Acid,14
7.5,F10_Glyoxylic_Acid,12
7.75,F10_Glyoxylic_Acid,18
8.0,F10_Glyoxylic_Acid,18
8.25,F10_Glyoxylic_Acid,18
8.5,F10_Glyoxylic_Acid,21
8.75,F10_Glyoxylic_Acid,19
9.0,F10_Glyoxylic_Acid,21
9.25,F10_Glyoxylic_Acid,18
9.5,F10_Glyoxylic_Acid,18
9.75,F10_Glyoxylic_Acid,18
10.0,F10_Glyoxylic_Acid,21
10.25,F10_Glyoxylic_Acid,19
10.5,F10_Glyoxylic_Acid,24
10.75,F10_Glyoxylic_Acid,21
11.0,F10_Glyoxylic_Acid,19
11.25,F10_Glyoxylic_Acid,16
11.5,F10_Glyoxylic_Acid,20
11.75,F10_Glyoxylic_Acid,26
12.0,F10_Glyoxylic_Acid,24
12.25,F10_Glyoxylic_Acid,23
12.5,F10_Glyoxylic_Acid,22
12.75,F10_Glyoxylic_Acid,25
13.0,F10_Glyoxylic_Acid,20
13.25,F10_Glyoxylic_Acid,25
13.5,F10_Glyoxylic_Acid,25
13.75,F10_Glyoxylic_Acid,26
14.0,F10_Glyoxylic_Acid,27
14.25,F10_Glyoxylic_Acid,27
14.5,F10_Glyoxylic_Acid,29
14.75,F10_Glyoxylic_Acid,28
15.0,F10_Glyoxylic_Acid,30
15.25,F10_Glyoxylic_Acid,32
15.5,F10_Glyoxylic_Acid,25
15.75,F10_Glyoxylic_Acid,30
16.0,F10_Glyoxylic_Acid,32
16.25,F10_Glyoxylic_Acid,27
16.5,F10_Glyoxylic_Acid,28
16.75,F10_Glyoxylic_Acid,29
17.0,F10_Glyoxylic_Acid,34
17.25,F10_Glyoxylic_Acid,28
17.5,F10_Glyoxylic_Acid,33
17.75,F10_Glyoxylic_Acid,28
18.0,F10_Glyoxylic_Acid,32
18.25,F10_Glyoxylic_Acid,32
18.5,F10_Glyoxylic_Acid,32
18.75,F10_Glyoxylic_Acid,32
19.0,F10_Glyoxylic_Acid,31
19.25,F10_Glyoxylic_Acid,32
19.5,F10_Glyoxylic_Acid,29
19.75,F10_Glyoxylic_Acid,35
20.0,F10_Glyoxylic_Acid,33
20.25,F10_Glyoxylic_Acid,33
20.5,F10_Glyoxylic_Acid,29
20.75,F10_Glyoxylic_Acid,40
21.0,F10_Glyoxylic_Acid,36
21.25,F10_Glyoxylic_Acid,36
21.5,F10_Glyoxylic_Acid,37
21.75,F10_Glyoxylic_Acid,32
22.0,F10_Glyoxylic_Acid,34
22.25,F10_Glyoxylic_Acid,41
22.5,F10_Glyoxylic_Acid,34
22.75,F10_Glyoxylic_Acid,32
23.0,F10_Glyoxylic_Acid,37
23.25,F10_Glyoxylic_Acid,36
23.5,F10_Glyoxylic_Acid,36
23.75,F10_Glyoxylic_Acid,38
24.0,F10_Glyoxylic_Acid,35
24.25,F10_Glyoxylic_Acid,36
24.5,F10_Glyoxylic_Acid,38
24.75,F10_Glyoxylic_Acid,37
25.0,F10_Glyoxylic_Acid,38
25.25,F10_Glyoxylic_Acid,36
25.5,F10_Glyoxylic_Acid,34
25.75,F10_Glyoxylic_Acid,39
26.0,F10_Glyoxylic_Acid,39
26.25,F10_Glyoxylic_Acid,44
26.5,F10_Glyoxylic_Acid,45
26.75,F10_Glyoxylic_Acid,38
27.0,F10_Glyoxylic_Acid,47
27.25,F10_Glyoxylic_Acid,43
27.5,F10_Glyoxylic_Acid,42
27.75,F10_Glyoxylic_Acid,42
28.0,F10_Glyoxylic_Acid,48
28.25,F10_Glyoxylic_Acid,42
28.5,F10_Glyoxylic_Acid,42
28.75,F10_Glyoxylic_Acid,46
29.0,F10_Glyoxylic_Acid,45
29.25,F10_Glyoxylic_Acid,45
29.5,F10_Glyoxylic_Acid,44
29.75,F10_Glyoxylic_Acid,47
30.0,F10_Glyoxylic_Acid,42
30.25,F10_Glyoxylic_Acid,42
30.5,F10_Glyoxylic_Acid,44
30.75,F10_Glyoxylic_Acid,47
31.0,F10_Glyoxylic_Acid,45
31.25,F10_Glyoxylic_Acid,44
31.5,F10_Glyoxylic_Acid,45
31.75,F10_Glyoxylic_Acid,48
32.0,F10_Glyoxylic_Acid,49
32.25,F10_Glyoxylic_Acid,47
32.5,F10_Glyoxylic_Acid,44
32.75,F10_Glyoxylic_Acid,45
33.0,F10_Glyoxylic_Acid,46
33.25,F10_Glyoxylic_Acid,43
33.5,F10_Glyoxylic_Acid,43
33.75,F10_Glyoxylic_Acid,43
34.0,F10_Glyoxylic_Acid,45
34.25,F10_Glyoxylic_Acid,45
34.5,F10_Glyoxylic_Acid,50
34.75,F10_Glyoxylic_Acid,47
35.0,F10_Glyoxylic_Acid,44
35.25,F10_Glyoxylic_Acid,49
35.5,F10_Glyoxylic_Acid,46
35.75,F10_Glyoxylic_Acid,53
36.0,F10_Glyoxylic_Acid,49
36.25,F10_Glyoxylic_Acid,51
36.5,F10_Glyoxylic_Acid,49
36.75,F10_Glyoxylic_Acid,54
37.0,F10_Glyoxylic_Acid,49
37.25,F10_Glyoxylic_Acid,51
37.5,F10_Glyoxylic_Acid,46
37.75,F10_Glyoxylic_Acid,54
38.0,F10_Glyoxylic_Acid,55
38.25,F10_Glyoxylic_Acid,51
38.5,F10_Glyoxylic_Acid,48
38.75,F10_Glyoxylic_Acid,50
39.0,F10_Glyoxylic_Acid,55
39.25,F10_Glyoxylic_Acid,52
39.5,F10_Glyoxylic_Acid,53
39.75,F10_Glyoxylic_Acid,56
40.0,F10_Glyoxylic_Acid,55
40.25,F10_Glyoxylic_Acid,56
40.5,F10_Glyoxylic_Acid,59
40.75,F10_Glyoxylic_Acid,56
41.0,F10_Glyoxylic_Acid,59
41.25,F10_Glyoxylic_Acid,56
41.5,F10_Glyoxylic_Acid,60
41.75,F10_Glyoxylic_Acid,60
42.0,F10_Glyoxylic_Acid,59
42.25,F10_Glyoxylic_Acid,61
42.5,F10_Glyoxylic_Acid,62
42.75,F10_Glyoxylic_Acid,60
43.0,F10_Glyoxylic_Acid,64
43.25,F10_Glyoxylic_Acid,58
43.5,F10_Glyoxylic_Acid,61
43.75,F10_Glyoxylic_Acid,59
44.0,F10_Glyoxylic_Acid,61
44.25,F10_Glyoxylic_Acid,65
44.5,F10_Glyoxylic_Acid,62
44.75,F10_Glyoxylic_Acid,61
45.0,F10_Glyoxylic_Acid,62
45.25,F10_Glyoxylic_Acid,66
45.5,F10_Glyoxylic_Acid,67
45.75,F10_Glyoxylic_Acid,63
46.0,F10_Glyoxylic_Acid,65
46.25,F10_Glyoxylic_Acid,63
46.5,F10_Glyoxylic_Acid,67
46.75,F10_Glyoxylic_Acid,67
47.0,F10_Glyoxylic_Acid,69
47.25,F10_Glyoxylic_Acid,70
47.5,F10_Glyoxylic_Acid,0
0.0,F11_D-Cellobiose,21
0.25,F11_D-Cellobiose,32
0.5,F11_D-Cellobiose,16
0.75,F11_D-Cellobiose,18
1.0,F11_D-Cellobiose,17
1.25,F11_D-Cellobiose,13
1.5,F11_D-Cellobiose,17
1.75,F11_D-Cellobiose,14
2.0,F11_D-Cellobiose,16
2.25,F11_D-Cellobiose,19
2.5,F11_D-Cellobiose,16
2.75,F11_D-Cellobiose,17
3.0,F11_D-Cellobiose,17
3.25,F11_D-Cellobiose,18
3.5,F11_D-Cellobiose,17
3.75,F11_D-Cellobiose,15
4.0,F11_D-Cellobiose,13
4.25,F11_D-Cellobiose,18
4.5,F11_D-Cellobiose,20
4.75,F11_D-Cellobiose,22
5.0,F11_D-Cellobiose,25
5.25,F11_D-Cellobiose,26
5.5,F11_D-Cellobiose,24
5.75,F11_D-Cellobiose,27
6.0,F11_D-Cellobiose,35
6.25,F11_D-Cellobiose,29
6.5,F11_D-Cellobiose,37
6.75,F11_D-Cellobiose,39
7.0,F11_D-Cellobiose,41
7.25,F11_D-Cellobiose,37
7.5,F11_D-Cellobiose,43
7.75,F11_D-Cellobiose,49
8.0,F11_D-Cellobiose,54
8.25,F11_D-Cellobiose,56
8.5,F11_D-Cellobiose,65
8.75,F11_D-Cellobiose,66
9.0,F11_D-Cellobiose,71
9.25,F11_D-Cellobiose,67
9.5,F11_D-Cellobiose,77
9.75,F11_D-Cellobiose,80
10.0,F11_D-Cellobiose,84
10.25,F11_D-Cellobiose,91
10.5,F11_D-Cellobiose,94
10.75,F11_D-Cellobiose,99
11.0,F11_D-Cellobiose,101
11.25,F11_D-Cellobiose,109
11.5,F11_D-Cellobiose,107
11.75,F11_D-Cellobiose,112
12.0,F11_D-Cellobiose,118
12.25,F11_D-Cellobiose,127
12.5,F11_D-Cellobiose,126
12.75,F11_D-Cellobiose,131
13.0,F11_D-Cellobiose,138
13.25,F11_D-Cellobiose,148
13.5,F11_D-Cellobiose,150
13.75,F11_D-Cellobiose,148
14.0,F11_D-Cellobiose,157
14.25,F11_D-Cellobiose,156
14.5,F11_D-Cellobiose,159
14.75,F11_D-Cellobiose,164
15.0,F11_D-Cellobiose,168
15.25,F11_D-Cellobiose,173
15.5,F11_D-Cellobiose,170
15.75,F11_D-Cellobiose,176
16.0,F11_D-Cellobiose,183
16.25,F11_D-Cellobiose,185
16.5,F11_D-Cellobiose,192
16.75,F11_D-Cellobiose,189
17.0,F11_D-Cellobiose,198
17.25,F11_D-Cellobiose,198
17.5,F11_D-Cellobiose,200
17.75,F11_D-Cellobiose,194
18.0,F11_D-Cellobiose,198
18.25,F11_D-Cellobiose,201
18.5,F11_D-Cellobiose,204
18.75,F11_D-Cellobiose,209
19.0,F11_D-Cellobiose,213
19.25,F11_D-Cellobiose,217
19.5,F11_D-Cellobiose,228
19.75,F11_D-Cellobiose,231
20.0,F11_D-Cellobiose,233
20.25,F11_D-Cellobiose,231
20.5,F11_D-Cellobiose,237
20.75,F11_D-Cellobiose,238
21.0,F11_D-Cellobiose,238
21.25,F11_D-Cellobiose,245
21.5,F11_D-Cellobiose,245
21.75,F11_D-Cellobiose,247
22.0,F11_D-Cellobiose,252
22.25,F11_D-Cellobiose,256
22.5,F11_D-Cellobiose,250
22.75,F11_D-Cellobiose,250
23.0,F11_D-Cellobiose,250
23.25,F11_D-Cellobiose,250
23.5,F11_D-Cellobiose,253
23.75,F11_D-Cellobiose,252
24.0,F11_D-Cellobiose,257
24.25,F11_D-Cellobiose,255
24.5,F11_D-Cellobiose,257
24.75,F11_D-Cellobiose,258
25.0,F11_D-Cellobiose,258
25.25,F11_D-Cellobiose,260
25.5,F11_D-Cellobiose,261
25.75,F11_D-Cellobiose,265
26.0,F11_D-Cellobiose,263
26.25,F11_D-Cellobiose,264
26.5,F11_D-Cellobiose,267
26.75,F11_D-Cellobiose,266
27.0,F11_D-Cellobiose,271
27.25,F11_D-Cellobiose,271
27.5,F11_D-Cellobiose,269
27.75,F11_D-Cellobiose,271
28.0,F11_D-Cellobiose,266
28.25,F11_D-Cellobiose,268
28.5,F11_D-Cellobiose,274
28.75,F11_D-Cellobiose,274
29.0,F11_D-Cellobiose,275
29.25,F11_D-Cellobiose,275
29.5,F11_D-Cellobiose,271
29.75,F11_D-Cellobiose,273
30.0,F11_D-Cellobiose,271
30.25,F11_D-Cellobiose,277
30.5,F11_D-Cellobiose,274
30.75,F11_D-Cellobiose,274
31.0,F11_D-Cellobiose,276
31.25,F11_D-Cellobiose,276
31.5,F11_D-Cellobiose,277
31.75,F11_D-Cellobiose,274
32.0,F11_D-Cellobiose,278
32.25,F11_D-Cellobiose,277
32.5,F11_D-Cellobiose,278
32.75,F11_D-Cellobiose,278
33.0,F11_D-Cellobiose,277
33.25,F11_D-Cellobiose,279
33.5,F11_D-Cellobiose,278
33.75,F11_D-Cellobiose,275
34.0,F11_D-Cellobiose,274
34.25,F11_D-Cellobiose,275
34.5,F11_D-Cellobiose,280
34.75,F11_D-Cellobiose,279
35.0,F11_D-Cellobiose,282
35.25,F11_D-Cellobiose,281
35.5,F11_D-Cellobiose,278
35.75,F11_D-Cellobiose,276
36.0,F11_D-Cellobiose,277
36.25,F11_D-Cellobiose,277
36.5,F11_D-Cellobiose,279
36.75,F11_D-Cellobiose,277
37.0,F11_D-Cellobiose,279
37.25,F11_D-Cellobiose,278
37.5,F11_D-Cellobiose,279
37.75,F11_D-Cellobiose,280
38.0,F11_D-Cellobiose,282
38.25,F11_D-Cellobiose,282
38.5,F11_D-Cellobiose,282
38.75,F11_D-Cellobiose,282
39.0,F11_D-Cellobiose,280
39.25,F11_D-Cellobiose,282
39.5,F11_D-Cellobiose,282
39.75,F11_D-Cellobiose,281
40.0,F11_D-Cellobiose,284
40.25,F11_D-Cellobiose,278
40.5,F11_D-Cellobiose,287
40.75,F11_D-Cellobiose,283
41.0,F11_D-Cellobiose,289
41.25,F11_D-Cellobiose,283
41.5,F11_D-Cellobiose,280
41.75,F11_D-Cellobiose,287
42.0,F11_D-Cellobiose,283
42.25,F11_D-Cellobiose,288
42.5,F11_D-Cellobiose,287
42.75,F11_D-Cellobiose,283
43.0,F11_D-Cellobiose,284
43.25,F11_D-Cellobiose,283
43.5,F11_D-Cellobiose,286
43.75,F11_D-Cellobiose,282
44.0,F11_D-Cellobiose,283
44.25,F11_D-Cellobiose,284
44.5,F11_D-Cellobiose,283
44.75,F11_D-Cellobiose,283
45.0,F11_D-Cellobiose,285
45.25,F11_D-Cellobiose,287
45.5,F11_D-Cellobiose,284
45.75,F11_D-Cellobiose,286
46.0,F11_D-Cellobiose,287
46.25,F11_D-Cellobiose,284
46.5,F11_D-Cellobiose,283
46.75,F11_D-Cellobiose,287
47.0,F11_D-Cellobiose,282
47.25,F11_D-Cellobiose,283
47.5,F11_D-Cellobiose,0
0.0,F12_Inosine,53
0.25,F12_Inosine,21
0.5,F12_Inosine,18
0.75,F12_Inosine,19
1.0,F12_Inosine,20
1.25,F12_Inosine,16
1.5,F12_Inosine,20
1.75,F12_Inosine,19
2.0,F12_Inosine,15
2.25,F12_Inosine,17
2.5,F12_Inosine,21
2.75,F12_Inosine,19
3.0,F12_Inosine,18
3.25,F12_Inosine,19
3.5,F12_Inosine,18
3.75,F12_Inosine,17
4.0,F12_Inosine,14
4.25,F12_Inosine,18
4.5,F12_Inosine,25
4.75,F12_Inosine,23
5.0,F12_Inosine,24
5.25,F12_Inosine,25
5.5,F12_Inosine,25
5.75,F12_Inosine,28
6.0,F12_Inosine,28
6.25,F12_Inosine,26
6.5,F12_Inosine,34
6.75,F12_Inosine,35
7.0,F12_Inosine,37
7.25,F12_Inosine,31
7.5,F12_Inosine,36
7.75,F12_Inosine,40
8.0,F12_Inosine,45
8.25,F12_Inosine,42
8.5,F12_Inosine,45
8.75,F12_Inosine,44
9.0,F12_Inosine,45
9.25,F12_Inosine,44
9.5,F12_Inosine,46
9.75,F12_Inosine,47
10.0,F12_Inosine,49
10.25,F12_Inosine,49
10.5,F12_Inosine,47
10.75,F12_Inosine,51
11.0,F12_Inosine,48
11.25,F12_Inosine,47
11.5,F12_Inosine,55
11.75,F12_Inosine,56
12.0,F12_Inosine,56
12.25,F12_Inosine,56
12.5,F12_Inosine,64
12.75,F12_Inosine,60
13.0,F12_Inosine,62
13.25,F12_Inosine,65
13.5,F12_Inosine,68
13.75,F12_Inosine,66
14.0,F12_Inosine,74
14.25,F12_Inosine,69
14.5,F12_Inosine,73
14.75,F12_Inosine,78
15.0,F12_Inosine,78
15.25,F12_Inosine,78
15.5,F12_Inosine,78
15.75,F12_Inosine,80
16.0,F12_Inosine,84
16.25,F12_Inosine,81
16.5,F12_Inosine,83
16.75,F12_Inosine,87
17.0,F12_Inosine,88
17.25,F12_Inosine,93
17.5,F12_Inosine,91
17.75,F12_Inosine,91
18.0,F12_Inosine,98
18.25,F12_Inosine,98
18.5,F12_Inosine,103
18.75,F12_Inosine,104
19.0,F12_Inosine,108
19.25,F12_Inosine,106
19.5,F12_Inosine,107
19.75,F12_Inosine,111
20.0,F12_Inosine,114
20.25,F12_Inosine,117
20.5,F12_Inosine,120
20.75,F12_Inosine,126
21.0,F12_Inosine,127
21.25,F12_Inosine,132
21.5,F12_Inosine,131
21.75,F12_Inosine,138
22.0,F12_Inosine,147
22.25,F12_Inosine,143
22.5,F12_Inosine,155
22.75,F12_Inosine,145
23.0,F12_Inosine,154
23.25,F12_Inosine,161
23.5,F12_Inosine,164
23.75,F12_Inosine,172
24.0,F12_Inosine,175
24.25,F12_Inosine,173
24.5,F12_Inosine,179
24.75,F12_Inosine,187
25.0,F12_Inosine,194
25.25,F12_Inosine,191
25.5,F12_Inosine,203
25.75,F12_Inosine,204
26.0,F12_Inosine,211
26.25,F12_Inosine,214
26.5,F12_Inosine,219
26.75,F12_Inosine,223
27.0,F12_Inosine,226
27.25,F12_Inosine,230
27.5,F12_Inosine,239
27.75,F12_Inosine,231
28.0,F12_Inosine,231
28.25,F12_Inosine,237
28.5,F12_Inosine,242
28.75,F12_Inosine,243
29.0,F12_Inosine,239
29.25,F12_Inosine,242
29.5,F12_Inosine,247
29.75,F12_Inosine,247
30.0,F12_Inosine,253
30.25,F12_Inosine,249
30.5,F12_Inosine,247
30.75,F12_Inosine,251
31.0,F12_Inosine,253
31.25,F12_Inosine,251
31.5,F12_Inosine,253
31.75,F12_Inosine,255
32.0,F12_Inosine,260
32.25,F12_Inosine,254
32.5,F12_Inosine,258
32.75,F12_Inosine,255
33.0,F12_Inosine,255
33.25,F12_Inosine,254
33.5,F12_Inosine,258
33.75,F12_Inosine,256
34.0,F12_Inosine,255
34.25,F12_Inosine,254
34.5,F12_Inosine,255
34.75,F12_Inosine,254
35.0,F12_Inosine,255
35.25,F12_Inosine,253
35.5,F12_Inosine,258
35.75,F12_Inosine,255
36.0,F12_Inosine,259
36.25,F12_Inosine,257
36.5,F12_Inosine,254
36.75,F12_Inosine,257
37.0,F12_Inosine,256
37.25,F12_Inosine,255
37.5,F12_Inosine,253
37.75,F12_Inosine,258
38.0,F12_Inosine,257
38.25,F12_Inosine,255
38.5,F12_Inosine,255
38.75,F12_Inosine,255
39.0,F12_Inosine,257
39.25,F12_Inosine,257
39.5,F12_Inosine,254
39.75,F12_Inosine,258
40.0,F12_Inosine,259
40.25,F12_Inosine,258
40.5,F12_Inosine,261
40.75,F12_Inosine,262
41.0,F12_Inosine,259
41.25,F12_Inosine,260
41.5,F12_Inosine,261
41.75,F12_Inosine,258
42.0,F12_Inosine,259
42.25,F12_Inosine,257
42.5,F12_Inosine,262
42.75,F12_Inosine,258
43.0,F12_Inosine,262
43.25,F12_Inosine,260
43.5,F12_Inosine,262
43.75,F12_Inosine,260
44.0,F12_Inosine,262
44.25,F12_Inosine,261
44.5,F12_Inosine,263
44.75,F12_Inosine,264
45.0,F12_Inosine,262
45.25,F12_Inosine,264
45.5,F12_Inosine,263
45.75,F12_Inosine,261
46.0,F12_Inosine,258
46.25,F12_Inosine,252
46.5,F12_Inosine,253
46.75,F12_Inosine,251
47.0,F12_Inosine,251
47.25,F12_Inosine,253
47.5,F12_Inosine,0
0.0,G1_Glycyl-L-Glutamic_Acid,30
0.25,G1_Glycyl-L-Glutamic_Acid,42
0.5,G1_Glycyl-L-Glutamic_Acid,35
0.75,G1_Glycyl-L-Glutamic_Acid,21
1.0,G1_Glycyl-L-Glutamic_Acid,18
1.25,G1_Glycyl-L-Glutamic_Acid,18
1.5,G1_Glycyl-L-Glutamic_Acid,20
1.75,G1_Glycyl-L-Glutamic_Acid,18
2.0,G1_Glycyl-L-Glutamic_Acid,19
2.25,G1_Glycyl-L-Glutamic_Acid,21
2.5,G1_Glycyl-L-Glutamic_Acid,18
2.75,G1_Glycyl-L-Glutamic_Acid,19
3.0,G1_Glycyl-L-Glutamic_Acid,17
3.25,G1_Glycyl-L-Glutamic_Acid,18
3.5,G1_Glycyl-L-Glutamic_Acid,18
3.75,G1_Glycyl-L-Glutamic_Acid,16
4.0,G1_Glycyl-L-Glutamic_Acid,17
4.25,G1_Glycyl-L-Glutamic_Acid,15
4.5,G1_Glycyl-L-Glutamic_Acid,17
4.75,G1_Glycyl-L-Glutamic_Acid,16
5.0,G1_Glycyl-L-Glutamic_Acid,22
5.25,G1_Glycyl-L-Glutamic_Acid,21
5.5,G1_Glycyl-L-Glutamic_Acid,23
5.75,G1_Glycyl-L-Glutamic_Acid,20
6.0,G1_Glycyl-L-Glutamic_Acid,22
6.25,G1_Glycyl-L-Glutamic_Acid,23
6.5,G1_Glycyl-L-Glutamic_Acid,22
6.75,G1_Glycyl-L-Glutamic_Acid,29
7.0,G1_Glycyl-L-Glutamic_Acid,31
7.25,G1_Glycyl-L-Glutamic_Acid,30
7.5,G1_Glycyl-L-Glutamic_Acid,32
7.75,G1_Glycyl-L-Glutamic_Acid,39
8.0,G1_Glycyl-L-Glutamic_Acid,38
8.25,G1_Glycyl-L-Glutamic_Acid,41
8.5,G1_Glycyl-L-Glutamic_Acid,45
8.75,G1_Glycyl-L-Glutamic_Acid,45
9.0,G1_Glycyl-L-Glutamic_Acid,53
9.25,G1_Glycyl-L-Glutamic_Acid,53
9.5,G1_Glycyl-L-Glutamic_Acid,56
9.75,G1_Glycyl-L-Glutamic_Acid,56
10.0,G1_Glycyl-L-Glutamic_Acid,53
10.25,G1_Glycyl-L-Glutamic_Acid,58
10.5,G1_Glycyl-L-Glutamic_Acid,57
10.75,G1_Glycyl-L-Glutamic_Acid,59
11.0,G1_Glycyl-L-Glutamic_Acid,63
11.25,G1_Glycyl-L-Glutamic_Acid,57
11.5,G1_Glycyl-L-Glutamic_Acid,65
11.75,G1_Glycyl-L-Glutamic_Acid,65
12.0,G1_Glycyl-L-Glutamic_Acid,65
12.25,G1_Glycyl-L-Glutamic_Acid,76
12.5,G1_Glycyl-L-Glutamic_Acid,73
12.75,G1_Glycyl-L-Glutamic_Acid,76
13.0,G1_Glycyl-L-Glutamic_Acid,77
13.25,G1_Glycyl-L-Glutamic_Acid,78
13.5,G1_Glycyl-L-Glutamic_Acid,82
13.75,G1_Glycyl-L-Glutamic_Acid,83
14.0,G1_Glycyl-L-Glutamic_Acid,80
14.25,G1_Glycyl-L-Glutamic_Acid,82
14.5,G1_Glycyl-L-Glutamic_Acid,79
14.75,G1_Glycyl-L-Glutamic_Acid,79
15.0,G1_Glycyl-L-Glutamic_Acid,84
15.25,G1_Glycyl-L-Glutamic_Acid,86
15.5,G1_Glycyl-L-Glutamic_Acid,86
15.75,G1_Glycyl-L-Glutamic_Acid,94
16.0,G1_Glycyl-L-Glutamic_Acid,87
16.25,G1_Glycyl-L-Glutamic_Acid,89
16.5,G1_Glycyl-L-Glutamic_Acid,88
16.75,G1_Glycyl-L-Glutamic_Acid,84
17.0,G1_Glycyl-L-Glutamic_Acid,88
17.25,G1_Glycyl-L-Glutamic_Acid,86
17.5,G1_Glycyl-L-Glutamic_Acid,85
17.75,G1_Glycyl-L-Glutamic_Acid,87
18.0,G1_Glycyl-L-Glutamic_Acid,94
18.25,G1_Glycyl-L-Glutamic_Acid,88
18.5,G1_Glycyl-L-Glutamic_Acid,86
18.75,G1_Glycyl-L-Glutamic_Acid,88
19.0,G1_Glycyl-L-Glutamic_Acid,83
19.25,G1_Glycyl-L-Glutamic_Acid,91
19.5,G1_Glycyl-L-Glutamic_Acid,88
19.75,G1_Glycyl-L-Glutamic_Acid,81
20.0,G1_Glycyl-L-Glutamic_Acid,83
20.25,G1_Glycyl-L-Glutamic_Acid,90
20.5,G1_Glycyl-L-Glutamic_Acid,82
20.75,G1_Glycyl-L-Glutamic_Acid,95
21.0,G1_Glycyl-L-Glutamic_Acid,85
21.25,G1_Glycyl-L-Glutamic_Acid,84
21.5,G1_Glycyl-L-Glutamic_Acid,90
21.75,G1_Glycyl-L-Glutamic_Acid,88
22.0,G1_Glycyl-L-Glutamic_Acid,93
22.25,G1_Glycyl-L-Glutamic_Acid,91
22.5,G1_Glycyl-L-Glutamic_Acid,88
22.75,G1_Glycyl-L-Glutamic_Acid,87
23.0,G1_Glycyl-L-Glutamic_Acid,90
23.25,G1_Glycyl-L-Glutamic_Acid,93
23.5,G1_Glycyl-L-Glutamic_Acid,88
23.75,G1_Glycyl-L-Glutamic_Acid,94
24.0,G1_Glycyl-L-Glutamic_Acid,93
24.25,G1_Glycyl-L-Glutamic_Acid,88
24.5,G1_Glycyl-L-Glutamic_Acid,94
24.75,G1_Glycyl-L-Glutamic_Acid,92
25.0,G1_Glycyl-L-Glutamic_Acid,94
25.25,G1_Glycyl-L-Glutamic_Acid,89
25.5,G1_Glycyl-L-Glutamic_Acid,97
25.75,G1_Glycyl-L-Glutamic_Acid,91
26.0,G1_Glycyl-L-Glutamic_Acid,90
26.25,G1_Glycyl-L-Glutamic_Acid,101
26.5,G1_Glycyl-L-Glutamic_Acid,93
26.75,G1_Glycyl-L-Glutamic_Acid,99
27.0,G1_Glycyl-L-Glutamic_Acid,103
27.25,G1_Glycyl-L-Glutamic_Acid,96
27.5,G1_Glycyl-L-Glutamic_Acid,102
27.75,G1_Glycyl-L-Glutamic_Acid,95
28.0,G1_Glycyl-L-Glutamic_Acid,98
28.25,G1_Glycyl-L-Glutamic_Acid,96
28.5,G1_Glycyl-L-Glutamic_Acid,95
28.75,G1_Glycyl-L-Glutamic_Acid,101
29.0,G1_Glycyl-L-Glutamic_Acid,97
29.25,G1_Glycyl-L-Glutamic_Acid,103
29.5,G1_Glycyl-L-Glutamic_Acid,104
29.75,G1_Glycyl-L-Glutamic_Acid,102
30.0,G1_Glycyl-L-Glutamic_Acid,104
30.25,G1_Glycyl-L-Glutamic_Acid,99
30.5,G1_Glycyl-L-Glutamic_Acid,103
30.75,G1_Glycyl-L-Glutamic_Acid,106
31.0,G1_Glycyl-L-Glutamic_Acid,105
31.25,G1_Glycyl-L-Glutamic_Acid,101
31.5,G1_Glycyl-L-Glutamic_Acid,100
31.75,G1_Glycyl-L-Glutamic_Acid,101
32.0,G1_Glycyl-L-Glutamic_Acid,107
32.25,G1_Glycyl-L-Glutamic_Acid,108
32.5,G1_Glycyl-L-Glutamic_Acid,104
32.75,G1_Glycyl-L-Glutamic_Acid,102
33.0,G1_Glycyl-L-Glutamic_Acid,102
33.25,G1_Glycyl-L-Glutamic_Acid,108
33.5,G1_Glycyl-L-Glutamic_Acid,111
33.75,G1_Glycyl-L-Glutamic_Acid,104
34.0,G1_Glycyl-L-Glutamic_Acid,108
34.25,G1_Glycyl-L-Glutamic_Acid,110
34.5,G1_Glycyl-L-Glutamic_Acid,106
34.75,G1_Glycyl-L-Glutamic_Acid,104
35.0,G1_Glycyl-L-Glutamic_Acid,107
35.25,G1_Glycyl-L-Glutamic_Acid,103
35.5,G1_Glycyl-L-Glutamic_Acid,112
35.75,G1_Glycyl-L-Glutamic_Acid,109
36.0,G1_Glycyl-L-Glutamic_Acid,112
36.25,G1_Glycyl-L-Glutamic_Acid,112
36.5,G1_Glycyl-L-Glutamic_Acid,108
36.75,G1_Glycyl-L-Glutamic_Acid,113
37.0,G1_Glycyl-L-Glutamic_Acid,110
37.25,G1_Glycyl-L-Glutamic_Acid,110
37.5,G1_Glycyl-L-Glutamic_Acid,109
37.75,G1_Glycyl-L-Glutamic_Acid,114
38.0,G1_Glycyl-L-Glutamic_Acid,119
38.25,G1_Glycyl-L-Glutamic_Acid,113
38.5,G1_Glycyl-L-Glutamic_Acid,115
38.75,G1_Glycyl-L-Glutamic_Acid,115
39.0,G1_Glycyl-L-Glutamic_Acid,120
39.25,G1_Glycyl-L-Glutamic_Acid,116
39.5,G1_Glycyl-L-Glutamic_Acid,114
39.75,G1_Glycyl-L-Glutamic_Acid,117
40.0,G1_Glycyl-L-Glutamic_Acid,122
40.25,G1_Glycyl-L-Glutamic_Acid,118
40.5,G1_Glycyl-L-Glutamic_Acid,119
40.75,G1_Glycyl-L-Glutamic_Acid,121
41.0,G1_Glycyl-L-Glutamic_Acid,119
41.25,G1_Glycyl-L-Glutamic_Acid,118
41.5,G1_Glycyl-L-Glutamic_Acid,119
41.75,G1_Glycyl-L-Glutamic_Acid,119
42.0,G1_Glycyl-L-Glutamic_Acid,117
42.25,G1_Glycyl-L-Glutamic_Acid,118
42.5,G1_Glycyl-L-Glutamic_Acid,120
42.75,G1_Glycyl-L-Glutamic_Acid,122
43.0,G1_Glycyl-L-Glutamic_Acid,124
43.25,G1_Glycyl-L-Glutamic_Acid,123
43.5,G1_Glycyl-L-Glutamic_Acid,120
43.75,G1_Glycyl-L-Glutamic_Acid,122
44.0,G1_Glycyl-L-Glutamic_Acid,125
44.25,G1_Glycyl-L-Glutamic_Acid,124
44.5,G1_Glycyl-L-Glutamic_Acid,120
44.75,G1_Glycyl-L-Glutamic_Acid,123
45.0,G1_Glycyl-L-Glutamic_Acid,123
45.25,G1_Glycyl-L-Glutamic_Acid,120
45.5,G1_Glycyl-L-Glutamic_Acid,125
45.75,G1_Glycyl-L-Glutamic_Acid,124
46.0,G1_Glycyl-L-Glutamic_Acid,126
46.25,G1_Glycyl-L-Glutamic_Acid,124
46.5,G1_Glycyl-L-Glutamic_Acid,130
46.75,G1_Glycyl-L-Glutamic_Acid,123
47.0,G1_Glycyl-L-Glutamic_Acid,127
47.25,G1_Glycyl-L-Glutamic_Acid,130
47.5,G1_Glycyl-L-Glutamic_Acid,0
0.0,G2_Tricarballylic_Acid,12
0.25,G2_Tricarballylic_Acid,14
0.5,G2_Tricarballylic_Acid,14
0.75,G2_Tricarballylic_Acid,15
1.0,G2_Tricarballylic_Acid,15
1.25,G2_Tricarballylic_Acid,11
1.5,G2_Tricarballylic_Acid,14
1.75,G2_Tricarballylic_Acid,14
2.0,G2_Tricarballylic_Acid,13
2.25,G2_Tricarballylic_Acid,17
2.5,G2_Tricarballylic_Acid,21
2.75,G2_Tricarballylic_Acid,13
3.0,G2_Tricarballylic_Acid,14
3.25,G2_Tricarballylic_Acid,16
3.5,G2_Tricarballylic_Acid,15
3.75,G2_Tricarballylic_Acid,18
4.0,G2_Tricarballylic_Acid,15
4.25,G2_Tricarballylic_Acid,19
4.5,G2_Tricarballylic_Acid,18
4.75,G2_Tricarballylic_Acid,17
5.0,G2_Tricarballylic_Acid,18
5.25,G2_Tricarballylic_Acid,23
5.5,G2_Tricarballylic_Acid,22
5.75,G2_Tricarballylic_Acid,26
6.0,G2_Tricarballylic_Acid,24
6.25,G2_Tricarballylic_Acid,24
6.5,G2_Tricarballylic_Acid,27
6.75,G2_Tricarballylic_Acid,26
7.0,G2_Tricarballylic_Acid,28
7.25,G2_Tricarballylic_Acid,25
7.5,G2_Tricarballylic_Acid,27
7.75,G2_Tricarballylic_Acid,35
8.0,G2_Tricarballylic_Acid,32
8.25,G2_Tricarballylic_Acid,31
8.5,G2_Tricarballylic_Acid,34
8.75,G2_Tricarballylic_Acid,31
9.0,G2_Tricarballylic_Acid,34
9.25,G2_Tricarballylic_Acid,31
9.5,G2_Tricarballylic_Acid,32
9.75,G2_Tricarballylic_Acid,32
10.0,G2_Tricarballylic_Acid,31
10.25,G2_Tricarballylic_Acid,33
10.5,G2_Tricarballylic_Acid,29
10.75,G2_Tricarballylic_Acid,32
11.0,G2_Tricarballylic_Acid,36
11.25,G2_Tricarballylic_Acid,30
11.5,G2_Tricarballylic_Acid,29
11.75,G2_Tricarballylic_Acid,34
12.0,G2_Tricarballylic_Acid,32
12.25,G2_Tricarballylic_Acid,35
12.5,G2_Tricarballylic_Acid,30
12.75,G2_Tricarballylic_Acid,30
13.0,G2_Tricarballylic_Acid,32
13.25,G2_Tricarballylic_Acid,34
13.5,G2_Tricarballylic_Acid,31
13.75,G2_Tricarballylic_Acid,31
14.0,G2_Tricarballylic_Acid,34
14.25,G2_Tricarballylic_Acid,32
14.5,G2_Tricarballylic_Acid,30
14.75,G2_Tricarballylic_Acid,36
15.0,G2_Tricarballylic_Acid,32
15.25,G2_Tricarballylic_Acid,36
15.5,G2_Tricarballylic_Acid,35
15.75,G2_Tricarballylic_Acid,40
16.0,G2_Tricarballylic_Acid,35
16.25,G2_Tricarballylic_Acid,37
16.5,G2_Tricarballylic_Acid,37
16.75,G2_Tricarballylic_Acid,36
17.0,G2_Tricarballylic_Acid,39
17.25,G2_Tricarballylic_Acid,37
17.5,G2_Tricarballylic_Acid,41
17.75,G2_Tricarballylic_Acid,37
18.0,G2_Tricarballylic_Acid,38
18.25,G2_Tricarballylic_Acid,37
18.5,G2_Tricarballylic_Acid,34
18.75,G2_Tricarballylic_Acid,41
19.0,G2_Tricarballylic_Acid,40
19.25,G2_Tricarballylic_Acid,36
19.5,G2_Tricarballylic_Acid,39
19.75,G2_Tricarballylic_Acid,37
20.0,G2_Tricarballylic_Acid,43
20.25,G2_Tricarballylic_Acid,35
20.5,G2_Tricarballylic_Acid,42
20.75,G2_Tricarballylic_Acid,41
21.0,G2_Tricarballylic_Acid,44
21.25,G2_Tricarballylic_Acid,35
21.5,G2_Tricarballylic_Acid,38
21.75,G2_Tricarballylic_Acid,34
22.0,G2_Tricarballylic_Acid,42
22.25,G2_Tricarballylic_Acid,42
22.5,G2_Tricarballylic_Acid,41
22.75,G2_Tricarballylic_Acid,41
23.0,G2_Tricarballylic_Acid,42
23.25,G2_Tricarballylic_Acid,41
23.5,G2_Tricarballylic_Acid,43
23.75,G2_Tricarballylic_Acid,41
24.0,G2_Tricarballylic_Acid,45
24.25,G2_Tricarballylic_Acid,36
24.5,G2_Tricarballylic_Acid,42
24.75,G2_Tricarballylic_Acid,41
25.0,G2_Tricarballylic_Acid,42
25.25,G2_Tricarballylic_Acid,39
25.5,G2_Tricarballylic_Acid,42
25.75,G2_Tricarballylic_Acid,43
26.0,G2_Tricarballylic_Acid,45
26.25,G2_Tricarballylic_Acid,44
26.5,G2_Tricarballylic_Acid,40
26.75,G2_Tricarballylic_Acid,44
27.0,G2_Tricarballylic_Acid,43
27.25,G2_Tricarballylic_Acid,41
27.5,G2_Tricarballylic_Acid,42
27.75,G2_Tricarballylic_Acid,41
28.0,G2_Tricarballylic_Acid,44
28.25,G2_Tricarballylic_Acid,41
28.5,G2_Tricarballylic_Acid,43
28.75,G2_Tricarballylic_Acid,43
29.0,G2_Tricarballylic_Acid,44
29.25,G2_Tricarballylic_Acid,46
29.5,G2_Tricarballylic_Acid,45
29.75,G2_Tricarballylic_Acid,45
30.0,G2_Tricarballylic_Acid,44
30.25,G2_Tricarballylic_Acid,47
30.5,G2_Tricarballylic_Acid,49
30.75,G2_Tricarballylic_Acid,46
31.0,G2_Tricarballylic_Acid,44
31.25,G2_Tricarballylic_Acid,43
31.5,G2_Tricarballylic_Acid,43
31.75,G2_Tricarballylic_Acid,40
32.0,G2_Tricarballylic_Acid,48
32.25,G2_Tricarballylic_Acid,51
32.5,G2_Tricarballylic_Acid,47
32.75,G2_Tricarballylic_Acid,46
33.0,G2_Tricarballylic_Acid,42
33.25,G2_Tricarballylic_Acid,47
33.5,G2_Tricarballylic_Acid,49
33.75,G2_Tricarballylic_Acid,43
34.0,G2_Tricarballylic_Acid,42
34.25,G2_Tricarballylic_Acid,44
34.5,G2_Tricarballylic_Acid,47
34.75,G2_Tricarballylic_Acid,44
35.0,G2_Tricarballylic_Acid,47
35.25,G2_Tricarballylic_Acid,43
35.5,G2_Tricarballylic_Acid,46
35.75,G2_Tricarballylic_Acid,42
36.0,G2_Tricarballylic_Acid,45
36.25,G2_Tricarballylic_Acid,47
36.5,G2_Tricarballylic_Acid,42
36.75,G2_Tricarballylic_Acid,44
37.0,G2_Tricarballylic_Acid,44
37.25,G2_Tricarballylic_Acid,40
37.5,G2_Tricarballylic_Acid,42
37.75,G2_Tricarballylic_Acid,48
38.0,G2_Tricarballylic_Acid,44
38.25,G2_Tricarballylic_Acid,42
38.5,G2_Tricarballylic_Acid,45
38.75,G2_Tricarballylic_Acid,40
39.0,G2_Tricarballylic_Acid,44
39.25,G2_Tricarballylic_Acid,46
39.5,G2_Tricarballylic_Acid,45
39.75,G2_Tricarballylic_Acid,46
40.0,G2_Tricarballylic_Acid,48
40.25,G2_Tricarballylic_Acid,43
40.5,G2_Tricarballylic_Acid,42
40.75,G2_Tricarballylic_Acid,46
41.0,G2_Tricarballylic_Acid,44
41.25,G2_Tricarballylic_Acid,44
41.5,G2_Tricarballylic_Acid,46
41.75,G2_Tricarballylic_Acid,49
42.0,G2_Tricarballylic_Acid,45
42.25,G2_Tricarballylic_Acid,47
42.5,G2_Tricarballylic_Acid,42
42.75,G2_Tricarballylic_Acid,42
43.0,G2_Tricarballylic_Acid,46
43.25,G2_Tricarballylic_Acid,44
43.5,G2_Tricarballylic_Acid,47
43.75,G2_Tricarballylic_Acid,46
44.0,G2_Tricarballylic_Acid,50
44.25,G2_Tricarballylic_Acid,44
44.5,G2_Tricarballylic_Acid,46
44.75,G2_Tricarballylic_Acid,46
45.0,G2_Tricarballylic_Acid,46
45.25,G2_Tricarballylic_Acid,42
45.5,G2_Tricarballylic_Acid,44
45.75,G2_Tricarballylic_Acid,47
46.0,G2_Tricarballylic_Acid,47
46.25,G2_Tricarballylic_Acid,45
46.5,G2_Tricarballylic_Acid,47
46.75,G2_Tricarballylic_Acid,43
47.0,G2_Tricarballylic_Acid,46
47.25,G2_Tricarballylic_Acid,44
47.5,G2_Tricarballylic_Acid,0
0.0,G3_L-Serine,15
0.25,G3_L-Serine,13
0.5,G3_L-Serine,12
0.75,G3_L-Serine,16
1.0,G3_L-Serine,12
1.25,G3_L-Serine,13
1.5,G3_L-Serine,13
1.75,G3_L-Serine,11
2.0,G3_L-Serine,16
2.25,G3_L-Serine,16
2.5,G3_L-Serine,12
2.75,G3_L-Serine,13
3.0,G3_L-Serine,16
3.25,G3_L-Serine,15
3.5,G3_L-Serine,18
3.75,G3_L-Serine,13
4.0,G3_L-Serine,11
4.25,G3_L-Serine,14
4.5,G3_L-Serine,15
4.75,G3_L-Serine,14
5.0,G3_L-Serine,19
5.25,G3_L-Serine,19
5.5,G3_L-Serine,17
5.75,G3_L-Serine,17
6.0,G3_L-Serine,22
6.25,G3_L-Serine,23
6.5,G3_L-Serine,19
6.75,G3_L-Serine,21
7.0,G3_L-Serine,24
7.25,G3_L-Serine,15
7.5,G3_L-Serine,18
7.75,G3_L-Serine,20
8.0,G3_L-Serine,28
8.25,G3_L-Serine,25
8.5,G3_L-Serine,27
8.75,G3_L-Serine,26
9.0,G3_L-Serine,28
9.25,G3_L-Serine,24
9.5,G3_L-Serine,27
9.75,G3_L-Serine,26
10.0,G3_L-Serine,29
10.25,G3_L-Serine,27
10.5,G3_L-Serine,31
10.75,G3_L-Serine,29
11.0,G3_L-Serine,32
11.25,G3_L-Serine,31
11.5,G3_L-Serine,36
11.75,G3_L-Serine,40
12.0,G3_L-Serine,34
12.25,G3_L-Serine,42
12.5,G3_L-Serine,37
12.75,G3_L-Serine,39
13.0,G3_L-Serine,41
13.25,G3_L-Serine,46
13.5,G3_L-Serine,45
13.75,G3_L-Serine,47
14.0,G3_L-Serine,46
14.25,G3_L-Serine,51
14.5,G3_L-Serine,50
14.75,G3_L-Serine,53
15.0,G3_L-Serine,50
15.25,G3_L-Serine,55
15.5,G3_L-Serine,54
15.75,G3_L-Serine,61
16.0,G3_L-Serine,62
16.25,G3_L-Serine,59
16.5,G3_L-Serine,61
16.75,G3_L-Serine,60
17.0,G3_L-Serine,65
17.25,G3_L-Serine,63
17.5,G3_L-Serine,70
17.75,G3_L-Serine,72
18.0,G3_L-Serine,77
18.25,G3_L-Serine,80
18.5,G3_L-Serine,79
18.75,G3_L-Serine,77
19.0,G3_L-Serine,84
19.25,G3_L-Serine,83
19.5,G3_L-Serine,86
19.75,G3_L-Serine,86
20.0,G3_L-Serine,88
20.25,G3_L-Serine,95
20.5,G3_L-Serine,94
20.75,G3_L-Serine,103
21.0,G3_L-Serine,102
21.25,G3_L-Serine,104
21.5,G3_L-Serine,107
21.75,G3_L-Serine,105
22.0,G3_L-Serine,113
22.25,G3_L-Serine,119
22.5,G3_L-Serine,120
22.75,G3_L-Serine,120
23.0,G3_L-Serine,124
23.25,G3_L-Serine,129
23.5,G3_L-Serine,128
23.75,G3_L-Serine,137
24.0,G3_L-Serine,138
24.25,G3_L-Serine,138
24.5,G3_L-Serine,144
24.75,G3_L-Serine,148
25.0,G3_L-Serine,153
25.25,G3_L-Serine,152
25.5,G3_L-Serine,160
25.75,G3_L-Serine,161
26.0,G3_L-Serine,164
26.25,G3_L-Serine,170
26.5,G3_L-Serine,174
26.75,G3_L-Serine,174
27.0,G3_L-Serine,181
27.25,G3_L-Serine,183
27.5,G3_L-Serine,186
27.75,G3_L-Serine,182
28.0,G3_L-Serine,190
28.25,G3_L-Serine,190
28.5,G3_L-Serine,192
28.75,G3_L-Serine,199
29.0,G3_L-Serine,196
29.25,G3_L-Serine,207
29.5,G3_L-Serine,211
29.75,G3_L-Serine,210
30.0,G3_L-Serine,217
30.25,G3_L-Serine,212
30.5,G3_L-Serine,213
30.75,G3_L-Serine,219
31.0,G3_L-Serine,224
31.25,G3_L-Serine,221
31.5,G3_L-Serine,219
31.75,G3_L-Serine,230
32.0,G3_L-Serine,231
32.25,G3_L-Serine,232
32.5,G3_L-Serine,233
32.75,G3_L-Serine,232
33.0,G3_L-Serine,238
33.25,G3_L-Serine,237
33.5,G3_L-Serine,236
33.75,G3_L-Serine,238
34.0,G3_L-Serine,240
34.25,G3_L-Serine,242
34.5,G3_L-Serine,243
34.75,G3_L-Serine,243
35.0,G3_L-Serine,243
35.25,G3_L-Serine,239
35.5,G3_L-Serine,249
35.75,G3_L-Serine,249
36.0,G3_L-Serine,247
36.25,G3_L-Serine,250
36.5,G3_L-Serine,248
36.75,G3_L-Serine,253
37.0,G3_L-Serine,251
37.25,G3_L-Serine,250
37.5,G3_L-Serine,249
37.75,G3_L-Serine,255
38.0,G3_L-Serine,255
38.25,G3_L-Serine,252
38.5,G3_L-Serine,255
38.75,G3_L-Serine,253
39.0,G3_L-Serine,256
39.25,G3_L-Serine,256
39.5,G3_L-Serine,254
39.75,G3_L-Serine,260
40.0,G3_L-Serine,262
40.25,G3_L-Serine,258
40.5,G3_L-Serine,259
40.75,G3_L-Serine,262
41.0,G3_L-Serine,260
41.25,G3_L-Serine,259
41.5,G3_L-Serine,260
41.75,G3_L-Serine,261
42.0,G3_L-Serine,260
42.25,G3_L-Serine,258
42.5,G3_L-Serine,260
42.75,G3_L-Serine,260
43.0,G3_L-Serine,262
43.25,G3_L-Serine,260
43.5,G3_L-Serine,259
43.75,G3_L-Serine,257
44.0,G3_L-Serine,259
44.25,G3_L-Serine,261
44.5,G3_L-Serine,258
44.75,G3_L-Serine,261
45.0,G3_L-Serine,254
45.25,G3_L-Serine,255
45.5,G3_L-Serine,255
45.75,G3_L-Serine,254
46.0,G3_L-Serine,255
46.25,G3_L-Serine,244
46.5,G3_L-Serine,251
46.75,G3_L-Serine,248
47.0,G3_L-Serine,251
47.25,G3_L-Serine,248
47.5,G3_L-Serine,0
0.0,G4_L-Threonine,12
0.25,G4_L-Threonine,11
0.5,G4_L-Threonine,12
0.75,G4_L-Threonine,11
1.0,G4_L-Threonine,13
1.25,G4_L-Threonine,11
1.5,G4_L-Threonine,11
1.75,G4_L-Threonine,14
2.0,G4_L-Threonine,11
2.25,G4_L-Threonine,11
2.5,G4_L-Threonine,13
2.75,G4_L-Threonine,11
3.0,G4_L-Threonine,15
3.25,G4_L-Threonine,13
3.5,G4_L-Threonine,17
3.75,G4_L-Threonine,13
4.0,G4_L-Threonine,16
4.25,G4_L-Threonine,12
4.5,G4_L-Threonine,17
4.75,G4_L-Threonine,17
5.0,G4_L-Threonine,19
5.25,G4_L-Threonine,19
5.5,G4_L-Threonine,20
5.75,G4_L-Threonine,19
6.0,G4_L-Threonine,24
6.25,G4_L-Threonine,18
6.5,G4_L-Threonine,25
6.75,G4_L-Threonine,25
7.0,G4_L-Threonine,25
7.25,G4_L-Threonine,25
7.5,G4_L-Threonine,29
7.75,G4_L-Threonine,32
8.0,G4_L-Threonine,36
8.25,G4_L-Threonine,29
8.5,G4_L-Threonine,34
8.75,G4_L-Threonine,32
9.0,G4_L-Threonine,35
9.25,G4_L-Threonine,27
9.5,G4_L-Threonine,29
9.75,G4_L-Threonine,32
10.0,G4_L-Threonine,37
10.25,G4_L-Threonine,38
10.5,G4_L-Threonine,38
10.75,G4_L-Threonine,33
11.0,G4_L-Threonine,35
11.25,G4_L-Threonine,38
11.5,G4_L-Threonine,39
11.75,G4_L-Threonine,42
12.0,G4_L-Threonine,40
12.25,G4_L-Threonine,49
12.5,G4_L-Threonine,44
12.75,G4_L-Threonine,46
13.0,G4_L-Threonine,47
13.25,G4_L-Threonine,50
13.5,G4_L-Threonine,52
13.75,G4_L-Threonine,58
14.0,G4_L-Threonine,56
14.25,G4_L-Threonine,58
14.5,G4_L-Threonine,60
14.75,G4_L-Threonine,65
15.0,G4_L-Threonine,63
15.25,G4_L-Threonine,69
15.5,G4_L-Threonine,71
15.75,G4_L-Threonine,73
16.0,G4_L-Threonine,73
16.25,G4_L-Threonine,75
16.5,G4_L-Threonine,79
16.75,G4_L-Threonine,80
17.0,G4_L-Threonine,84
17.25,G4_L-Threonine,88
17.5,G4_L-Threonine,88
17.75,G4_L-Threonine,92
18.0,G4_L-Threonine,99
18.25,G4_L-Threonine,98
18.5,G4_L-Threonine,99
18.75,G4_L-Threonine,106
19.0,G4_L-Threonine,108
19.25,G4_L-Threonine,112
19.5,G4_L-Threonine,120
19.75,G4_L-Threonine,118
20.0,G4_L-Threonine,129
20.25,G4_L-Threonine,128
20.5,G4_L-Threonine,130
20.75,G4_L-Threonine,138
21.0,G4_L-Threonine,138
21.25,G4_L-Threonine,146
21.5,G4_L-Threonine,146
21.75,G4_L-Threonine,155
22.0,G4_L-Threonine,159
22.25,G4_L-Threonine,162
22.5,G4_L-Threonine,164
22.75,G4_L-Threonine,166
23.0,G4_L-Threonine,173
23.25,G4_L-Threonine,173
23.5,G4_L-Threonine,179
23.75,G4_L-Threonine,186
24.0,G4_L-Threonine,188
24.25,G4_L-Threonine,185
24.5,G4_L-Threonine,195
24.75,G4_L-Threonine,198
25.0,G4_L-Threonine,200
25.25,G4_L-Threonine,205
25.5,G4_L-Threonine,207
25.75,G4_L-Threonine,211
26.0,G4_L-Threonine,218
26.25,G4_L-Threonine,218
26.5,G4_L-Threonine,224
26.75,G4_L-Threonine,228
27.0,G4_L-Threonine,228
27.25,G4_L-Threonine,227
27.5,G4_L-Threonine,234
27.75,G4_L-Threonine,234
28.0,G4_L-Threonine,234
28.25,G4_L-Threonine,241
28.5,G4_L-Threonine,242
28.75,G4_L-Threonine,243
29.0,G4_L-Threonine,246
29.25,G4_L-Threonine,246
29.5,G4_L-Threonine,251
29.75,G4_L-Threonine,252
30.0,G4_L-Threonine,254
30.25,G4_L-Threonine,253
30.5,G4_L-Threonine,252
30.75,G4_L-Threonine,258
31.0,G4_L-Threonine,257
31.25,G4_L-Threonine,259
31.5,G4_L-Threonine,261
31.75,G4_L-Threonine,260
32.0,G4_L-Threonine,261
32.25,G4_L-Threonine,261
32.5,G4_L-Threonine,265
32.75,G4_L-Threonine,264
33.0,G4_L-Threonine,265
33.25,G4_L-Threonine,265
33.5,G4_L-Threonine,265
33.75,G4_L-Threonine,266
34.0,G4_L-Threonine,266
34.25,G4_L-Threonine,268
34.5,G4_L-Threonine,271
34.75,G4_L-Threonine,269
35.0,G4_L-Threonine,271
35.25,G4_L-Threonine,270
35.5,G4_L-Threonine,270
35.75,G4_L-Threonine,271
36.0,G4_L-Threonine,270
36.25,G4_L-Threonine,272
36.5,G4_L-Threonine,271
36.75,G4_L-Threonine,271
37.0,G4_L-Threonine,274
37.25,G4_L-Threonine,272
37.5,G4_L-Threonine,275
37.75,G4_L-Threonine,276
38.0,G4_L-Threonine,275
38.25,G4_L-Threonine,272
38.5,G4_L-Threonine,278
38.75,G4_L-Threonine,276
39.0,G4_L-Threonine,274
39.25,G4_L-Threonine,275
39.5,G4_L-Threonine,275
39.75,G4_L-Threonine,276
40.0,G4_L-Threonine,278
40.25,G4_L-Threonine,277
40.5,G4_L-Threonine,281
40.75,G4_L-Threonine,280
41.0,G4_L-Threonine,279
41.25,G4_L-Threonine,280
41.5,G4_L-Threonine,281
41.75,G4_L-Threonine,280
42.0,G4_L-Threonine,278
42.25,G4_L-Threonine,282
42.5,G4_L-Threonine,283
42.75,G4_L-Threonine,283
43.0,G4_L-Threonine,282
43.25,G4_L-Threonine,281
43.5,G4_L-Threonine,281
43.75,G4_L-Threonine,282
44.0,G4_L-Threonine,280
44.25,G4_L-Threonine,281
44.5,G4_L-Threonine,282
44.75,G4_L-Threonine,282
45.0,G4_L-Threonine,281
45.25,G4_L-Threonine,283
45.5,G4_L-Threonine,278
45.75,G4_L-Threonine,280
46.0,G4_L-Threonine,281
46.25,G4_L-Threonine,280
46.5,G4_L-Threonine,280
46.75,G4_L-Threonine,279
47.0,G4_L-Threonine,279
47.25,G4_L-Threonine,277
47.5,G4_L-Threonine,0
0.0,G5_L-Alanine,11
0.25,G5_L-Alanine,14
0.5,G5_L-Alanine,19
0.75,G5_L-Alanine,18
1.0,G5_L-Alanine,13
1.25,G5_L-Alanine,11
1.5,G5_L-Alanine,11
1.75,G5_L-Alanine,14
2.0,G5_L-Alanine,16
2.25,G5_L-Alanine,14
2.5,G5_L-Alanine,13
2.75,G5_L-Alanine,11
3.0,G5_L-Alanine,13
3.25,G5_L-Alanine,11
3.5,G5_L-Alanine,12
3.75,G5_L-Alanine,13
4.0,G5_L-Alanine,11
4.25,G5_L-Alanine,11
4.5,G5_L-Alanine,13
4.75,G5_L-Alanine,11
5.0,G5_L-Alanine,12
5.25,G5_L-Alanine,16
5.5,G5_L-Alanine,19
5.75,G5_L-Alanine,19
6.0,G5_L-Alanine,15
6.25,G5_L-Alanine,17
6.5,G5_L-Alanine,20
6.75,G5_L-Alanine,18
7.0,G5_L-Alanine,22
7.25,G5_L-Alanine,20
7.5,G5_L-Alanine,26
7.75,G5_L-Alanine,27
8.0,G5_L-Alanine,29
8.25,G5_L-Alanine,29
8.5,G5_L-Alanine,34
8.75,G5_L-Alanine,32
9.0,G5_L-Alanine,37
9.25,G5_L-Alanine,36
9.5,G5_L-Alanine,42
9.75,G5_L-Alanine,40
10.0,G5_L-Alanine,39
10.25,G5_L-Alanine,44
10.5,G5_L-Alanine,48
10.75,G5_L-Alanine,40
11.0,G5_L-Alanine,45
11.25,G5_L-Alanine,44
11.5,G5_L-Alanine,56
11.75,G5_L-Alanine,60
12.0,G5_L-Alanine,66
12.25,G5_L-Alanine,72
12.5,G5_L-Alanine,75
12.75,G5_L-Alanine,80
13.0,G5_L-Alanine,79
13.25,G5_L-Alanine,88
13.5,G5_L-Alanine,86
13.75,G5_L-Alanine,92
14.0,G5_L-Alanine,100
14.25,G5_L-Alanine,100
14.5,G5_L-Alanine,102
14.75,G5_L-Alanine,97
15.0,G5_L-Alanine,97
15.25,G5_L-Alanine,96
15.5,G5_L-Alanine,94
15.75,G5_L-Alanine,94
16.0,G5_L-Alanine,94
16.25,G5_L-Alanine,95
16.5,G5_L-Alanine,104
16.75,G5_L-Alanine,103
17.0,G5_L-Alanine,110
17.25,G5_L-Alanine,109
17.5,G5_L-Alanine,113
17.75,G5_L-Alanine,112
18.0,G5_L-Alanine,122
18.25,G5_L-Alanine,124
18.5,G5_L-Alanine,124
18.75,G5_L-Alanine,129
19.0,G5_L-Alanine,137
19.25,G5_L-Alanine,136
19.5,G5_L-Alanine,144
19.75,G5_L-Alanine,147
20.0,G5_L-Alanine,149
20.25,G5_L-Alanine,150
20.5,G5_L-Alanine,161
20.75,G5_L-Alanine,160
21.0,G5_L-Alanine,162
21.25,G5_L-Alanine,167
21.5,G5_L-Alanine,170
21.75,G5_L-Alanine,172
22.0,G5_L-Alanine,175
22.25,G5_L-Alanine,179
22.5,G5_L-Alanine,184
22.75,G5_L-Alanine,179
23.0,G5_L-Alanine,185
23.25,G5_L-Alanine,187
23.5,G5_L-Alanine,192
23.75,G5_L-Alanine,198
24.0,G5_L-Alanine,199
24.25,G5_L-Alanine,195
24.5,G5_L-Alanine,200
24.75,G5_L-Alanine,204
25.0,G5_L-Alanine,210
25.25,G5_L-Alanine,212
25.5,G5_L-Alanine,215
25.75,G5_L-Alanine,222
26.0,G5_L-Alanine,221
26.25,G5_L-Alanine,226
26.5,G5_L-Alanine,226
26.75,G5_L-Alanine,231
27.0,G5_L-Alanine,234
27.25,G5_L-Alanine,234
27.5,G5_L-Alanine,235
27.75,G5_L-Alanine,239
28.0,G5_L-Alanine,240
28.25,G5_L-Alanine,241
28.5,G5_L-Alanine,245
28.75,G5_L-Alanine,242
29.0,G5_L-Alanine,246
29.25,G5_L-Alanine,244
29.5,G5_L-Alanine,247
29.75,G5_L-Alanine,250
30.0,G5_L-Alanine,253
30.25,G5_L-Alanine,252
30.5,G5_L-Alanine,253
30.75,G5_L-Alanine,258
31.0,G5_L-Alanine,258
31.25,G5_L-Alanine,260
31.5,G5_L-Alanine,259
31.75,G5_L-Alanine,259
32.0,G5_L-Alanine,260
32.25,G5_L-Alanine,261
32.5,G5_L-Alanine,259
32.75,G5_L-Alanine,263
33.0,G5_L-Alanine,263
33.25,G5_L-Alanine,262
33.5,G5_L-Alanine,266
33.75,G5_L-Alanine,264
34.0,G5_L-Alanine,265
34.25,G5_L-Alanine,263
34.5,G5_L-Alanine,266
34.75,G5_L-Alanine,265
35.0,G5_L-Alanine,265
35.25,G5_L-Alanine,266
35.5,G5_L-Alanine,270
35.75,G5_L-Alanine,269
36.0,G5_L-Alanine,269
36.25,G5_L-Alanine,272
36.5,G5_L-Alanine,269
36.75,G5_L-Alanine,269
37.0,G5_L-Alanine,272
37.25,G5_L-Alanine,267
37.5,G5_L-Alanine,271
37.75,G5_L-Alanine,274
38.0,G5_L-Alanine,270
38.25,G5_L-Alanine,271
38.5,G5_L-Alanine,273
38.75,G5_L-Alanine,270
39.0,G5_L-Alanine,273
39.25,G5_L-Alanine,275
39.5,G5_L-Alanine,275
39.75,G5_L-Alanine,276
40.0,G5_L-Alanine,277
40.25,G5_L-Alanine,277
40.5,G5_L-Alanine,277
40.75,G5_L-Alanine,276
41.0,G5_L-Alanine,282
41.25,G5_L-Alanine,281
41.5,G5_L-Alanine,279
41.75,G5_L-Alanine,276
42.0,G5_L-Alanine,278
42.25,G5_L-Alanine,279
42.5,G5_L-Alanine,281
42.75,G5_L-Alanine,280
43.0,G5_L-Alanine,282
43.25,G5_L-Alanine,278
43.5,G5_L-Alanine,284
43.75,G5_L-Alanine,281
44.0,G5_L-Alanine,283
44.25,G5_L-Alanine,281
44.5,G5_L-Alanine,282
44.75,G5_L-Alanine,280
45.0,G5_L-Alanine,283
45.25,G5_L-Alanine,283
45.5,G5_L-Alanine,282
45.75,G5_L-Alanine,283
46.0,G5_L-Alanine,282
46.25,G5_L-Alanine,284
46.5,G5_L-Alanine,284
46.75,G5_L-Alanine,282
47.0,G5_L-Alanine,284
47.25,G5_L-Alanine,283
47.5,G5_L-Alanine,0
0.0,G6_L-Alanyl-Glycine,11
0.25,G6_L-Alanyl-Glycine,11
0.5,G6_L-Alanyl-Glycine,11
0.75,G6_L-Alanyl-Glycine,11
1.0,G6_L-Alanyl-Glycine,11
1.25,G6_L-Alanyl-Glycine,11
1.5,G6_L-Alanyl-Glycine,11
1.75,G6_L-Alanyl-Glycine,11
2.0,G6_L-Alanyl-Glycine,11
2.25,G6_L-Alanyl-Glycine,11
2.5,G6_L-Alanyl-Glycine,11
2.75,G6_L-Alanyl-Glycine,11
3.0,G6_L-Alanyl-Glycine,11
3.25,G6_L-Alanyl-Glycine,11
3.5,G6_L-Alanyl-Glycine,11
3.75,G6_L-Alanyl-Glycine,11
4.0,G6_L-Alanyl-Glycine,11
4.25,G6_L-Alanyl-Glycine,11
4.5,G6_L-Alanyl-Glycine,11
4.75,G6_L-Alanyl-Glycine,11
5.0,G6_L-Alanyl-Glycine,14
5.25,G6_L-Alanyl-Glycine,17
5.5,G6_L-Alanyl-Glycine,14
5.75,G6_L-Alanyl-Glycine,18
6.0,G6_L-Alanyl-Glycine,15
6.25,G6_L-Alanyl-Glycine,19
6.5,G6_L-Alanyl-Glycine,18
6.75,G6_L-Alanyl-Glycine,20
7.0,G6_L-Alanyl-Glycine,23
7.25,G6_L-Alanyl-Glycine,21
7.5,G6_L-Alanyl-Glycine,23
7.75,G6_L-Alanyl-Glycine,27
8.0,G6_L-Alanyl-Glycine,30
8.25,G6_L-Alanyl-Glycine,32
8.5,G6_L-Alanyl-Glycine,32
8.75,G6_L-Alanyl-Glycine,32
9.0,G6_L-Alanyl-Glycine,37
9.25,G6_L-Alanyl-Glycine,33
9.5,G6_L-Alanyl-Glycine,38
9.75,G6_L-Alanyl-Glycine,40
10.0,G6_L-Alanyl-Glycine,41
10.25,G6_L-Alanyl-Glycine,43
10.5,G6_L-Alanyl-Glycine,48
10.75,G6_L-Alanyl-Glycine,42
11.0,G6_L-Alanyl-Glycine,56
11.25,G6_L-Alanyl-Glycine,52
11.5,G6_L-Alanyl-Glycine,58
11.75,G6_L-Alanyl-Glycine,62
12.0,G6_L-Alanyl-Glycine,65
12.25,G6_L-Alanyl-Glycine,72
12.5,G6_L-Alanyl-Glycine,73
12.75,G6_L-Alanyl-Glycine,73
13.0,G6_L-Alanyl-Glycine,77
13.25,G6_L-Alanyl-Glycine,82
13.5,G6_L-Alanyl-Glycine,85
13.75,G6_L-Alanyl-Glycine,93
14.0,G6_L-Alanyl-Glycine,91
14.25,G6_L-Alanyl-Glycine,97
14.5,G6_L-Alanyl-Glycine,101
14.75,G6_L-Alanyl-Glycine,102
15.0,G6_L-Alanyl-Glycine,102
15.25,G6_L-Alanyl-Glycine,103
15.5,G6_L-Alanyl-Glycine,111
15.75,G6_L-Alanyl-Glycine,108
16.0,G6_L-Alanyl-Glycine,115
16.25,G6_L-Alanyl-Glycine,116
16.5,G6_L-Alanyl-Glycine,118
16.75,G6_L-Alanyl-Glycine,117
17.0,G6_L-Alanyl-Glycine,119
17.25,G6_L-Alanyl-Glycine,124
17.5,G6_L-Alanyl-Glycine,128
17.75,G6_L-Alanyl-Glycine,131
18.0,G6_L-Alanyl-Glycine,136
18.25,G6_L-Alanyl-Glycine,141
18.5,G6_L-Alanyl-Glycine,143
18.75,G6_L-Alanyl-Glycine,143
19.0,G6_L-Alanyl-Glycine,147
19.25,G6_L-Alanyl-Glycine,149
19.5,G6_L-Alanyl-Glycine,153
19.75,G6_L-Alanyl-Glycine,153
20.0,G6_L-Alanyl-Glycine,152
20.25,G6_L-Alanyl-Glycine,161
20.5,G6_L-Alanyl-Glycine,162
20.75,G6_L-Alanyl-Glycine,168
21.0,G6_L-Alanyl-Glycine,166
21.25,G6_L-Alanyl-Glycine,170
21.5,G6_L-Alanyl-Glycine,174
21.75,G6_L-Alanyl-Glycine,177
22.0,G6_L-Alanyl-Glycine,184
22.25,G6_L-Alanyl-Glycine,182
22.5,G6_L-Alanyl-Glycine,185
22.75,G6_L-Alanyl-Glycine,187
23.0,G6_L-Alanyl-Glycine,192
23.25,G6_L-Alanyl-Glycine,194
23.5,G6_L-Alanyl-Glycine,194
23.75,G6_L-Alanyl-Glycine,201
24.0,G6_L-Alanyl-Glycine,201
24.25,G6_L-Alanyl-Glycine,198
24.5,G6_L-Alanyl-Glycine,206
24.75,G6_L-Alanyl-Glycine,209
25.0,G6_L-Alanyl-Glycine,211
25.25,G6_L-Alanyl-Glycine,209
25.5,G6_L-Alanyl-Glycine,215
25.75,G6_L-Alanyl-Glycine,216
26.0,G6_L-Alanyl-Glycine,220
26.25,G6_L-Alanyl-Glycine,220
26.5,G6_L-Alanyl-Glycine,218
26.75,G6_L-Alanyl-Glycine,225
27.0,G6_L-Alanyl-Glycine,226
27.25,G6_L-Alanyl-Glycine,228
27.5,G6_L-Alanyl-Glycine,229
27.75,G6_L-Alanyl-Glycine,226
28.0,G6_L-Alanyl-Glycine,226
28.25,G6_L-Alanyl-Glycine,229
28.5,G6_L-Alanyl-Glycine,237
28.75,G6_L-Alanyl-Glycine,234
29.0,G6_L-Alanyl-Glycine,237
29.25,G6_L-Alanyl-Glycine,235
29.5,G6_L-Alanyl-Glycine,240
29.75,G6_L-Alanyl-Glycine,241
30.0,G6_L-Alanyl-Glycine,242
30.25,G6_L-Alanyl-Glycine,240
30.5,G6_L-Alanyl-Glycine,242
30.75,G6_L-Alanyl-Glycine,243
31.0,G6_L-Alanyl-Glycine,246
31.25,G6_L-Alanyl-Glycine,245
31.5,G6_L-Alanyl-Glycine,251
31.75,G6_L-Alanyl-Glycine,249
32.0,G6_L-Alanyl-Glycine,251
32.25,G6_L-Alanyl-Glycine,247
32.5,G6_L-Alanyl-Glycine,248
32.75,G6_L-Alanyl-Glycine,249
33.0,G6_L-Alanyl-Glycine,251
33.25,G6_L-Alanyl-Glycine,249
33.5,G6_L-Alanyl-Glycine,252
33.75,G6_L-Alanyl-Glycine,252
34.0,G6_L-Alanyl-Glycine,250
34.25,G6_L-Alanyl-Glycine,254
34.5,G6_L-Alanyl-Glycine,254
34.75,G6_L-Alanyl-Glycine,253
35.0,G6_L-Alanyl-Glycine,255
35.25,G6_L-Alanyl-Glycine,258
35.5,G6_L-Alanyl-Glycine,253
35.75,G6_L-Alanyl-Glycine,254
36.0,G6_L-Alanyl-Glycine,255
36.25,G6_L-Alanyl-Glycine,256
36.5,G6_L-Alanyl-Glycine,254
36.75,G6_L-Alanyl-Glycine,255
37.0,G6_L-Alanyl-Glycine,259
37.25,G6_L-Alanyl-Glycine,256
37.5,G6_L-Alanyl-Glycine,259
37.75,G6_L-Alanyl-Glycine,261
38.0,G6_L-Alanyl-Glycine,259
38.25,G6_L-Alanyl-Glycine,262
38.5,G6_L-Alanyl-Glycine,260
38.75,G6_L-Alanyl-Glycine,262
39.0,G6_L-Alanyl-Glycine,262
39.25,G6_L-Alanyl-Glycine,262
39.5,G6_L-Alanyl-Glycine,261
39.75,G6_L-Alanyl-Glycine,263
40.0,G6_L-Alanyl-Glycine,261
40.25,G6_L-Alanyl-Glycine,262
40.5,G6_L-Alanyl-Glycine,264
40.75,G6_L-Alanyl-Glycine,265
41.0,G6_L-Alanyl-Glycine,268
41.25,G6_L-Alanyl-Glycine,268
41.5,G6_L-Alanyl-Glycine,267
41.75,G6_L-Alanyl-Glycine,266
42.0,G6_L-Alanyl-Glycine,264
42.25,G6_L-Alanyl-Glycine,266
42.5,G6_L-Alanyl-Glycine,266
42.75,G6_L-Alanyl-Glycine,263
43.0,G6_L-Alanyl-Glycine,264
43.25,G6_L-Alanyl-Glycine,264
43.5,G6_L-Alanyl-Glycine,266
43.75,G6_L-Alanyl-Glycine,264
44.0,G6_L-Alanyl-Glycine,267
44.25,G6_L-Alanyl-Glycine,266
44.5,G6_L-Alanyl-Glycine,264
44.75,G6_L-Alanyl-Glycine,260
45.0,G6_L-Alanyl-Glycine,267
45.25,G6_L-Alanyl-Glycine,268
45.5,G6_L-Alanyl-Glycine,266
45.75,G6_L-Alanyl-Glycine,266
46.0,G6_L-Alanyl-Glycine,266
46.25,G6_L-Alanyl-Glycine,263
46.5,G6_L-Alanyl-Glycine,266
46.75,G6_L-Alanyl-Glycine,266
47.0,G6_L-Alanyl-Glycine,261
47.25,G6_L-Alanyl-Glycine,265
47.5,G6_L-Alanyl-Glycine,0
0.0,G7_Acetoacetic_Acid,11
0.25,G7_Acetoacetic_Acid,13
0.5,G7_Acetoacetic_Acid,11
0.75,G7_Acetoacetic_Acid,11
1.0,G7_Acetoacetic_Acid,11
1.25,G7_Acetoacetic_Acid,11
1.5,G7_Acetoacetic_Acid,11
1.75,G7_Acetoacetic_Acid,11
2.0,G7_Acetoacetic_Acid,11
2.25,G7_Acetoacetic_Acid,11
2.5,G7_Acetoacetic_Acid,11
2.75,G7_Acetoacetic_Acid,11
3.0,G7_Acetoacetic_Acid,11
3.25,G7_Acetoacetic_Acid,11
3.5,G7_Acetoacetic_Acid,11
3.75,G7_Acetoacetic_Acid,11
4.0,G7_Acetoacetic_Acid,11
4.25,G7_Acetoacetic_Acid,11
4.5,G7_Acetoacetic_Acid,11
4.75,G7_Acetoacetic_Acid,11
5.0,G7_Acetoacetic_Acid,11
5.25,G7_Acetoacetic_Acid,11
5.5,G7_Acetoacetic_Acid,11
5.75,G7_Acetoacetic_Acid,11
6.0,G7_Acetoacetic_Acid,11
6.25,G7_Acetoacetic_Acid,13
6.5,G7_Acetoacetic_Acid,11
6.75,G7_Acetoacetic_Acid,13
7.0,G7_Acetoacetic_Acid,15
7.25,G7_Acetoacetic_Acid,15
7.5,G7_Acetoacetic_Acid,16
7.75,G7_Acetoacetic_Acid,20
8.0,G7_Acetoacetic_Acid,24
8.25,G7_Acetoacetic_Acid,22
8.5,G7_Acetoacetic_Acid,27
8.75,G7_Acetoacetic_Acid,30
9.0,G7_Acetoacetic_Acid,37
9.25,G7_Acetoacetic_Acid,36
9.5,G7_Acetoacetic_Acid,35
9.75,G7_Acetoacetic_Acid,37
10.0,G7_Acetoacetic_Acid,34
10.25,G7_Acetoacetic_Acid,34
10.5,G7_Acetoacetic_Acid,35
10.75,G7_Acetoacetic_Acid,39
11.0,G7_Acetoacetic_Acid,35
11.25,G7_Acetoacetic_Acid,33
11.5,G7_Acetoacetic_Acid,36
11.75,G7_Acetoacetic_Acid,41
12.0,G7_Acetoacetic_Acid,34
12.25,G7_Acetoacetic_Acid,41
12.5,G7_Acetoacetic_Acid,33
12.75,G7_Acetoacetic_Acid,36
13.0,G7_Acetoacetic_Acid,34
13.25,G7_Acetoacetic_Acid,38
13.5,G7_Acetoacetic_Acid,38
13.75,G7_Acetoacetic_Acid,40
14.0,G7_Acetoacetic_Acid,41
14.25,G7_Acetoacetic_Acid,39
14.5,G7_Acetoacetic_Acid,37
14.75,G7_Acetoacetic_Acid,40
15.0,G7_Acetoacetic_Acid,39
15.25,G7_Acetoacetic_Acid,41
15.5,G7_Acetoacetic_Acid,36
15.75,G7_Acetoacetic_Acid,51
16.0,G7_Acetoacetic_Acid,44
16.25,G7_Acetoacetic_Acid,46
16.5,G7_Acetoacetic_Acid,41
16.75,G7_Acetoacetic_Acid,38
17.0,G7_Acetoacetic_Acid,42
17.25,G7_Acetoacetic_Acid,40
17.5,G7_Acetoacetic_Acid,43
17.75,G7_Acetoacetic_Acid,45
18.0,G7_Acetoacetic_Acid,49
18.25,G7_Acetoacetic_Acid,45
18.5,G7_Acetoacetic_Acid,42
18.75,G7_Acetoacetic_Acid,49
19.0,G7_Acetoacetic_Acid,46
19.25,G7_Acetoacetic_Acid,49
19.5,G7_Acetoacetic_Acid,44
19.75,G7_Acetoacetic_Acid,41
20.0,G7_Acetoacetic_Acid,44
20.25,G7_Acetoacetic_Acid,45
20.5,G7_Acetoacetic_Acid,42
20.75,G7_Acetoacetic_Acid,40
21.0,G7_Acetoacetic_Acid,46
21.25,G7_Acetoacetic_Acid,42
21.5,G7_Acetoacetic_Acid,42
21.75,G7_Acetoacetic_Acid,42
22.0,G7_Acetoacetic_Acid,43
22.25,G7_Acetoacetic_Acid,43
22.5,G7_Acetoacetic_Acid,44
22.75,G7_Acetoacetic_Acid,46
23.0,G7_Acetoacetic_Acid,47
23.25,G7_Acetoacetic_Acid,44
23.5,G7_Acetoacetic_Acid,40
23.75,G7_Acetoacetic_Acid,46
24.0,G7_Acetoacetic_Acid,45
24.25,G7_Acetoacetic_Acid,46
24.5,G7_Acetoacetic_Acid,41
24.75,G7_Acetoacetic_Acid,44
25.0,G7_Acetoacetic_Acid,45
25.25,G7_Acetoacetic_Acid,42
25.5,G7_Acetoacetic_Acid,43
25.75,G7_Acetoacetic_Acid,42
26.0,G7_Acetoacetic_Acid,47
26.25,G7_Acetoacetic_Acid,50
26.5,G7_Acetoacetic_Acid,43
26.75,G7_Acetoacetic_Acid,46
27.0,G7_Acetoacetic_Acid,44
27.25,G7_Acetoacetic_Acid,44
27.5,G7_Acetoacetic_Acid,48
27.75,G7_Acetoacetic_Acid,46
28.0,G7_Acetoacetic_Acid,45
28.25,G7_Acetoacetic_Acid,49
28.5,G7_Acetoacetic_Acid,45
28.75,G7_Acetoacetic_Acid,47
29.0,G7_Acetoacetic_Acid,44
29.25,G7_Acetoacetic_Acid,43
29.5,G7_Acetoacetic_Acid,47
29.75,G7_Acetoacetic_Acid,44
30.0,G7_Acetoacetic_Acid,46
30.25,G7_Acetoacetic_Acid,46
30.5,G7_Acetoacetic_Acid,47
30.75,G7_Acetoacetic_Acid,47
31.0,G7_Acetoacetic_Acid,50
31.25,G7_Acetoacetic_Acid,45
31.5,G7_Acetoacetic_Acid,45
31.75,G7_Acetoacetic_Acid,46
32.0,G7_Acetoacetic_Acid,49
32.25,G7_Acetoacetic_Acid,44
32.5,G7_Acetoacetic_Acid,45
32.75,G7_Acetoacetic_Acid,46
33.0,G7_Acetoacetic_Acid,43
33.25,G7_Acetoacetic_Acid,46
33.5,G7_Acetoacetic_Acid,46
33.75,G7_Acetoacetic_Acid,45
34.0,G7_Acetoacetic_Acid,45
34.25,G7_Acetoacetic_Acid,41
34.5,G7_Acetoacetic_Acid,46
34.75,G7_Acetoacetic_Acid,42
35.0,G7_Acetoacetic_Acid,45
35.25,G7_Acetoacetic_Acid,45
35.5,G7_Acetoacetic_Acid,44
35.75,G7_Acetoacetic_Acid,43
36.0,G7_Acetoacetic_Acid,43
36.25,G7_Acetoacetic_Acid,47
36.5,G7_Acetoacetic_Acid,44
36.75,G7_Acetoacetic_Acid,44
37.0,G7_Acetoacetic_Acid,45
37.25,G7_Acetoacetic_Acid,39
37.5,G7_Acetoacetic_Acid,39
37.75,G7_Acetoacetic_Acid,47
38.0,G7_Acetoacetic_Acid,47
38.25,G7_Acetoacetic_Acid,43
38.5,G7_Acetoacetic_Acid,41
38.75,G7_Acetoacetic_Acid,44
39.0,G7_Acetoacetic_Acid,47
39.25,G7_Acetoacetic_Acid,45
39.5,G7_Acetoacetic_Acid,46
39.75,G7_Acetoacetic_Acid,43
40.0,G7_Acetoacetic_Acid,46
40.25,G7_Acetoacetic_Acid,45
40.5,G7_Acetoacetic_Acid,48
40.75,G7_Acetoacetic_Acid,48
41.0,G7_Acetoacetic_Acid,47
41.25,G7_Acetoacetic_Acid,49
41.5,G7_Acetoacetic_Acid,51
41.75,G7_Acetoacetic_Acid,47
42.0,G7_Acetoacetic_Acid,44
42.25,G7_Acetoacetic_Acid,45
42.5,G7_Acetoacetic_Acid,49
42.75,G7_Acetoacetic_Acid,47
43.0,G7_Acetoacetic_Acid,47
43.25,G7_Acetoacetic_Acid,42
43.5,G7_Acetoacetic_Acid,50
43.75,G7_Acetoacetic_Acid,47
44.0,G7_Acetoacetic_Acid,45
44.25,G7_Acetoacetic_Acid,46
44.5,G7_Acetoacetic_Acid,46
44.75,G7_Acetoacetic_Acid,46
45.0,G7_Acetoacetic_Acid,43
45.25,G7_Acetoacetic_Acid,40
45.5,G7_Acetoacetic_Acid,49
45.75,G7_Acetoacetic_Acid,47
46.0,G7_Acetoacetic_Acid,50
46.25,G7_Acetoacetic_Acid,44
46.5,G7_Acetoacetic_Acid,50
46.75,G7_Acetoacetic_Acid,47
47.0,G7_Acetoacetic_Acid,45
47.25,G7_Acetoacetic_Acid,44
47.5,G7_Acetoacetic_Acid,0
0.0,G8_N-Acetyl-B-D_Mannosamine,22
0.25,G8_N-Acetyl-B-D_Mannosamine,11
0.5,G8_N-Acetyl-B-D_Mannosamine,11
0.75,G8_N-Acetyl-B-D_Mannosamine,11
1.0,G8_N-Acetyl-B-D_Mannosamine,11
1.25,G8_N-Acetyl-B-D_Mannosamine,13
1.5,G8_N-Acetyl-B-D_Mannosamine,11
1.75,G8_N-Acetyl-B-D_Mannosamine,13
2.0,G8_N-Acetyl-B-D_Mannosamine,12
2.25,G8_N-Acetyl-B-D_Mannosamine,11
2.5,G8_N-Acetyl-B-D_Mannosamine,13
2.75,G8_N-Acetyl-B-D_Mannosamine,11
3.0,G8_N-Acetyl-B-D_Mannosamine,14
3.25,G8_N-Acetyl-B-D_Mannosamine,11
3.5,G8_N-Acetyl-B-D_Mannosamine,11
3.75,G8_N-Acetyl-B-D_Mannosamine,11
4.0,G8_N-Acetyl-B-D_Mannosamine,13
4.25,G8_N-Acetyl-B-D_Mannosamine,11
4.5,G8_N-Acetyl-B-D_Mannosamine,17
4.75,G8_N-Acetyl-B-D_Mannosamine,17
5.0,G8_N-Acetyl-B-D_Mannosamine,13
5.25,G8_N-Acetyl-B-D_Mannosamine,18
5.5,G8_N-Acetyl-B-D_Mannosamine,16
5.75,G8_N-Acetyl-B-D_Mannosamine,22
6.0,G8_N-Acetyl-B-D_Mannosamine,20
6.25,G8_N-Acetyl-B-D_Mannosamine,20
6.5,G8_N-Acetyl-B-D_Mannosamine,20
6.75,G8_N-Acetyl-B-D_Mannosamine,22
7.0,G8_N-Acetyl-B-D_Mannosamine,20
7.25,G8_N-Acetyl-B-D_Mannosamine,23
7.5,G8_N-Acetyl-B-D_Mannosamine,27
7.75,G8_N-Acetyl-B-D_Mannosamine,28
8.0,G8_N-Acetyl-B-D_Mannosamine,29
8.25,G8_N-Acetyl-B-D_Mannosamine,30
8.5,G8_N-Acetyl-B-D_Mannosamine,28
8.75,G8_N-Acetyl-B-D_Mannosamine,26
9.0,G8_N-Acetyl-B-D_Mannosamine,27
9.25,G8_N-Acetyl-B-D_Mannosamine,26
9.5,G8_N-Acetyl-B-D_Mannosamine,30
9.75,G8_N-Acetyl-B-D_Mannosamine,27
10.0,G8_N-Acetyl-B-D_Mannosamine,25
10.25,G8_N-Acetyl-B-D_Mannosamine,27
10.5,G8_N-Acetyl-B-D_Mannosamine,27
10.75,G8_N-Acetyl-B-D_Mannosamine,32
11.0,G8_N-Acetyl-B-D_Mannosamine,31
11.25,G8_N-Acetyl-B-D_Mannosamine,28
11.5,G8_N-Acetyl-B-D_Mannosamine,34
11.75,G8_N-Acetyl-B-D_Mannosamine,26
12.0,G8_N-Acetyl-B-D_Mannosamine,27
12.25,G8_N-Acetyl-B-D_Mannosamine,31
12.5,G8_N-Acetyl-B-D_Mannosamine,30
12.75,G8_N-Acetyl-B-D_Mannosamine,31
13.0,G8_N-Acetyl-B-D_Mannosamine,29
13.25,G8_N-Acetyl-B-D_Mannosamine,30
13.5,G8_N-Acetyl-B-D_Mannosamine,34
13.75,G8_N-Acetyl-B-D_Mannosamine,33
14.0,G8_N-Acetyl-B-D_Mannosamine,30
14.25,G8_N-Acetyl-B-D_Mannosamine,36
14.5,G8_N-Acetyl-B-D_Mannosamine,36
14.75,G8_N-Acetyl-B-D_Mannosamine,35
15.0,G8_N-Acetyl-B-D_Mannosamine,30
15.25,G8_N-Acetyl-B-D_Mannosamine,30
15.5,G8_N-Acetyl-B-D_Mannosamine,35
15.75,G8_N-Acetyl-B-D_Mannosamine,35
16.0,G8_N-Acetyl-B-D_Mannosamine,34
16.25,G8_N-Acetyl-B-D_Mannosamine,33
16.5,G8_N-Acetyl-B-D_Mannosamine,38
16.75,G8_N-Acetyl-B-D_Mannosamine,35
17.0,G8_N-Acetyl-B-D_Mannosamine,34
17.25,G8_N-Acetyl-B-D_Mannosamine,32
17.5,G8_N-Acetyl-B-D_Mannosamine,36
17.75,G8_N-Acetyl-B-D_Mannosamine,34
18.0,G8_N-Acetyl-B-D_Mannosamine,35
18.25,G8_N-Acetyl-B-D_Mannosamine,33
18.5,G8_N-Acetyl-B-D_Mannosamine,36
18.75,G8_N-Acetyl-B-D_Mannosamine,39
19.0,G8_N-Acetyl-B-D_Mannosamine,39
19.25,G8_N-Acetyl-B-D_Mannosamine,38
19.5,G8_N-Acetyl-B-D_Mannosamine,36
19.75,G8_N-Acetyl-B-D_Mannosamine,35
20.0,G8_N-Acetyl-B-D_Mannosamine,37
20.25,G8_N-Acetyl-B-D_Mannosamine,36
20.5,G8_N-Acetyl-B-D_Mannosamine,39
20.75,G8_N-Acetyl-B-D_Mannosamine,39
21.0,G8_N-Acetyl-B-D_Mannosamine,41
21.25,G8_N-Acetyl-B-D_Mannosamine,34
21.5,G8_N-Acetyl-B-D_Mannosamine,33
21.75,G8_N-Acetyl-B-D_Mannosamine,35
22.0,G8_N-Acetyl-B-D_Mannosamine,37
22.25,G8_N-Acetyl-B-D_Mannosamine,37
22.5,G8_N-Acetyl-B-D_Mannosamine,33
22.75,G8_N-Acetyl-B-D_Mannosamine,35
23.0,G8_N-Acetyl-B-D_Mannosamine,37
23.25,G8_N-Acetyl-B-D_Mannosamine,34
23.5,G8_N-Acetyl-B-D_Mannosamine,34
23.75,G8_N-Acetyl-B-D_Mannosamine,35
24.0,G8_N-Acetyl-B-D_Mannosamine,37
24.25,G8_N-Acetyl-B-D_Mannosamine,35
24.5,G8_N-Acetyl-B-D_Mannosamine,36
24.75,G8_N-Acetyl-B-D_Mannosamine,32
25.0,G8_N-Acetyl-B-D_Mannosamine,36
25.25,G8_N-Acetyl-B-D_Mannosamine,32
25.5,G8_N-Acetyl-B-D_Mannosamine,34
25.75,G8_N-Acetyl-B-D_Mannosamine,33
26.0,G8_N-Acetyl-B-D_Mannosamine,40
26.25,G8_N-Acetyl-B-D_Mannosamine,39
26.5,G8_N-Acetyl-B-D_Mannosamine,39
26.75,G8_N-Acetyl-B-D_Mannosamine,41
27.0,G8_N-Acetyl-B-D_Mannosamine,36
27.25,G8_N-Acetyl-B-D_Mannosamine,36
27.5,G8_N-Acetyl-B-D_Mannosamine,39
27.75,G8_N-Acetyl-B-D_Mannosamine,34
28.0,G8_N-Acetyl-B-D_Mannosamine,34
28.25,G8_N-Acetyl-B-D_Mannosamine,40
28.5,G8_N-Acetyl-B-D_Mannosamine,43
28.75,G8_N-Acetyl-B-D_Mannosamine,40
29.0,G8_N-Acetyl-B-D_Mannosamine,39
29.25,G8_N-Acetyl-B-D_Mannosamine,39
29.5,G8_N-Acetyl-B-D_Mannosamine,37
29.75,G8_N-Acetyl-B-D_Mannosamine,36
30.0,G8_N-Acetyl-B-D_Mannosamine,39
30.25,G8_N-Acetyl-B-D_Mannosamine,38
30.5,G8_N-Acetyl-B-D_Mannosamine,38
30.75,G8_N-Acetyl-B-D_Mannosamine,38
31.0,G8_N-Acetyl-B-D_Mannosamine,36
31.25,G8_N-Acetyl-B-D_Mannosamine,38
31.5,G8_N-Acetyl-B-D_Mannosamine,38
31.75,G8_N-Acetyl-B-D_Mannosamine,41
32.0,G8_N-Acetyl-B-D_Mannosamine,41
32.25,G8_N-Acetyl-B-D_Mannosamine,35
32.5,G8_N-Acetyl-B-D_Mannosamine,36
32.75,G8_N-Acetyl-B-D_Mannosamine,35
33.0,G8_N-Acetyl-B-D_Mannosamine,35
33.25,G8_N-Acetyl-B-D_Mannosamine,40
33.5,G8_N-Acetyl-B-D_Mannosamine,37
33.75,G8_N-Acetyl-B-D_Mannosamine,37
34.0,G8_N-Acetyl-B-D_Mannosamine,35
34.25,G8_N-Acetyl-B-D_Mannosamine,35
34.5,G8_N-Acetyl-B-D_Mannosamine,38
34.75,G8_N-Acetyl-B-D_Mannosamine,36
35.0,G8_N-Acetyl-B-D_Mannosamine,34
35.25,G8_N-Acetyl-B-D_Mannosamine,35
35.5,G8_N-Acetyl-B-D_Mannosamine,34
35.75,G8_N-Acetyl-B-D_Mannosamine,36
36.0,G8_N-Acetyl-B-D_Mannosamine,37
36.25,G8_N-Acetyl-B-D_Mannosamine,37
36.5,G8_N-Acetyl-B-D_Mannosamine,33
36.75,G8_N-Acetyl-B-D_Mannosamine,32
37.0,G8_N-Acetyl-B-D_Mannosamine,37
37.25,G8_N-Acetyl-B-D_Mannosamine,33
37.5,G8_N-Acetyl-B-D_Mannosamine,32
37.75,G8_N-Acetyl-B-D_Mannosamine,38
38.0,G8_N-Acetyl-B-D_Mannosamine,39
38.25,G8_N-Acetyl-B-D_Mannosamine,35
38.5,G8_N-Acetyl-B-D_Mannosamine,39
38.75,G8_N-Acetyl-B-D_Mannosamine,38
39.0,G8_N-Acetyl-B-D_Mannosamine,37
39.25,G8_N-Acetyl-B-D_Mannosamine,41
39.5,G8_N-Acetyl-B-D_Mannosamine,35
39.75,G8_N-Acetyl-B-D_Mannosamine,35
40.0,G8_N-Acetyl-B-D_Mannosamine,34
40.25,G8_N-Acetyl-B-D_Mannosamine,37
40.5,G8_N-Acetyl-B-D_Mannosamine,37
40.75,G8_N-Acetyl-B-D_Mannosamine,33
41.0,G8_N-Acetyl-B-D_Mannosamine,42
41.25,G8_N-Acetyl-B-D_Mannosamine,37
41.5,G8_N-Acetyl-B-D_Mannosamine,34
41.75,G8_N-Acetyl-B-D_Mannosamine,36
42.0,G8_N-Acetyl-B-D_Mannosamine,33
42.25,G8_N-Acetyl-B-D_Mannosamine,35
42.5,G8_N-Acetyl-B-D_Mannosamine,38
42.75,G8_N-Acetyl-B-D_Mannosamine,41
43.0,G8_N-Acetyl-B-D_Mannosamine,38
43.25,G8_N-Acetyl-B-D_Mannosamine,37
43.5,G8_N-Acetyl-B-D_Mannosamine,38
43.75,G8_N-Acetyl-B-D_Mannosamine,38
44.0,G8_N-Acetyl-B-D_Mannosamine,39
44.25,G8_N-Acetyl-B-D_Mannosamine,35
44.5,G8_N-Acetyl-B-D_Mannosamine,37
44.75,G8_N-Acetyl-B-D_Mannosamine,36
45.0,G8_N-Acetyl-B-D_Mannosamine,35
45.25,G8_N-Acetyl-B-D_Mannosamine,38
45.5,G8_N-Acetyl-B-D_Mannosamine,41
45.75,G8_N-Acetyl-B-D_Mannosamine,35
46.0,G8_N-Acetyl-B-D_Mannosamine,40
46.25,G8_N-Acetyl-B-D_Mannosamine,38
46.5,G8_N-Acetyl-B-D_Mannosamine,37
46.75,G8_N-Acetyl-B-D_Mannosamine,38
47.0,G8_N-Acetyl-B-D_Mannosamine,38
47.25,G8_N-Acetyl-B-D_Mannosamine,38
47.5,G8_N-Acetyl-B-D_Mannosamine,0
0.0,G9_Mono_Methyl_Succinate,11
0.25,G9_Mono_Methyl_Succinate,11
0.5,G9_Mono_Methyl_Succinate,20
0.75,G9_Mono_Methyl_Succinate,14
1.0,G9_Mono_Methyl_Succinate,17
1.25,G9_Mono_Methyl_Succinate,11
1.5,G9_Mono_Methyl_Succinate,16
1.75,G9_Mono_Methyl_Succinate,20
2.0,G9_Mono_Methyl_Succinate,17
2.25,G9_Mono_Methyl_Succinate,17
2.5,G9_Mono_Methyl_Succinate,11
2.75,G9_Mono_Methyl_Succinate,21
3.0,G9_Mono_Methyl_Succinate,13
3.25,G9_Mono_Methyl_Succinate,14
3.5,G9_Mono_Methyl_Succinate,12
3.75,G9_Mono_Methyl_Succinate,14
4.0,G9_Mono_Methyl_Succinate,15
4.25,G9_Mono_Methyl_Succinate,13
4.5,G9_Mono_Methyl_Succinate,16
4.75,G9_Mono_Methyl_Succinate,13
5.0,G9_Mono_Methyl_Succinate,21
5.25,G9_Mono_Methyl_Succinate,16
5.5,G9_Mono_Methyl_Succinate,17
5.75,G9_Mono_Methyl_Succinate,21
6.0,G9_Mono_Methyl_Succinate,19
6.25,G9_Mono_Methyl_Succinate,21
6.5,G9_Mono_Methyl_Succinate,21
6.75,G9_Mono_Methyl_Succinate,22
7.0,G9_Mono_Methyl_Succinate,22
7.25,G9_Mono_Methyl_Succinate,24
7.5,G9_Mono_Methyl_Succinate,28
7.75,G9_Mono_Methyl_Succinate,34
8.0,G9_Mono_Methyl_Succinate,38
8.25,G9_Mono_Methyl_Succinate,36
8.5,G9_Mono_Methyl_Succinate,41
8.75,G9_Mono_Methyl_Succinate,43
9.0,G9_Mono_Methyl_Succinate,43
9.25,G9_Mono_Methyl_Succinate,47
9.5,G9_Mono_Methyl_Succinate,53
9.75,G9_Mono_Methyl_Succinate,56
10.0,G9_Mono_Methyl_Succinate,58
10.25,G9_Mono_Methyl_Succinate,57
10.5,G9_Mono_Methyl_Succinate,61
10.75,G9_Mono_Methyl_Succinate,63
11.0,G9_Mono_Methyl_Succinate,64
11.25,G9_Mono_Methyl_Succinate,67
11.5,G9_Mono_Methyl_Succinate,65
11.75,G9_Mono_Methyl_Succinate,65
12.0,G9_Mono_Methyl_Succinate,68
12.25,G9_Mono_Methyl_Succinate,66
12.5,G9_Mono_Methyl_Succinate,71
12.75,G9_Mono_Methyl_Succinate,69
13.0,G9_Mono_Methyl_Succinate,70
13.25,G9_Mono_Methyl_Succinate,69
13.5,G9_Mono_Methyl_Succinate,70
13.75,G9_Mono_Methyl_Succinate,74
14.0,G9_Mono_Methyl_Succinate,72
14.25,G9_Mono_Methyl_Succinate,69
14.5,G9_Mono_Methyl_Succinate,71
14.75,G9_Mono_Methyl_Succinate,71
15.0,G9_Mono_Methyl_Succinate,69
15.25,G9_Mono_Methyl_Succinate,72
15.5,G9_Mono_Methyl_Succinate,73
15.75,G9_Mono_Methyl_Succinate,71
16.0,G9_Mono_Methyl_Succinate,75
16.25,G9_Mono_Methyl_Succinate,67
16.5,G9_Mono_Methyl_Succinate,69
16.75,G9_Mono_Methyl_Succinate,76
17.0,G9_Mono_Methyl_Succinate,78
17.25,G9_Mono_Methyl_Succinate,76
17.5,G9_Mono_Methyl_Succinate,80
17.75,G9_Mono_Methyl_Succinate,78
18.0,G9_Mono_Methyl_Succinate,78
18.25,G9_Mono_Methyl_Succinate,79
18.5,G9_Mono_Methyl_Succinate,75
18.75,G9_Mono_Methyl_Succinate,80
19.0,G9_Mono_Methyl_Succinate,79
19.25,G9_Mono_Methyl_Succinate,78
19.5,G9_Mono_Methyl_Succinate,81
19.75,G9_Mono_Methyl_Succinate,84
20.0,G9_Mono_Methyl_Succinate,84
20.25,G9_Mono_Methyl_Succinate,81
20.5,G9_Mono_Methyl_Succinate,83
20.75,G9_Mono_Methyl_Succinate,86
21.0,G9_Mono_Methyl_Succinate,84
21.25,G9_Mono_Methyl_Succinate,83
21.5,G9_Mono_Methyl_Succinate,80
21.75,G9_Mono_Methyl_Succinate,84
22.0,G9_Mono_Methyl_Succinate,83
22.25,G9_Mono_Methyl_Succinate,86
22.5,G9_Mono_Methyl_Succinate,82
22.75,G9_Mono_Methyl_Succinate,84
23.0,G9_Mono_Methyl_Succinate,87
23.25,G9_Mono_Methyl_Succinate,82
23.5,G9_Mono_Methyl_Succinate,83
23.75,G9_Mono_Methyl_Succinate,85
24.0,G9_Mono_Methyl_Succinate,84
24.25,G9_Mono_Methyl_Succinate,86
24.5,G9_Mono_Methyl_Succinate,84
24.75,G9_Mono_Methyl_Succinate,87
25.0,G9_Mono_Methyl_Succinate,85
25.25,G9_Mono_Methyl_Succinate,93
25.5,G9_Mono_Methyl_Succinate,85
25.75,G9_Mono_Methyl_Succinate,88
26.0,G9_Mono_Methyl_Succinate,87
26.25,G9_Mono_Methyl_Succinate,88
26.5,G9_Mono_Methyl_Succinate,89
26.75,G9_Mono_Methyl_Succinate,92
27.0,G9_Mono_Methyl_Succinate,92
27.25,G9_Mono_Methyl_Succinate,93
27.5,G9_Mono_Methyl_Succinate,94
27.75,G9_Mono_Methyl_Succinate,97
28.0,G9_Mono_Methyl_Succinate,91
28.25,G9_Mono_Methyl_Succinate,90
28.5,G9_Mono_Methyl_Succinate,97
28.75,G9_Mono_Methyl_Succinate,90
29.0,G9_Mono_Methyl_Succinate,97
29.25,G9_Mono_Methyl_Succinate,93
29.5,G9_Mono_Methyl_Succinate,93
29.75,G9_Mono_Methyl_Succinate,93
30.0,G9_Mono_Methyl_Succinate,94
30.25,G9_Mono_Methyl_Succinate,94
30.5,G9_Mono_Methyl_Succinate,92
30.75,G9_Mono_Methyl_Succinate,95
31.0,G9_Mono_Methyl_Succinate,94
31.25,G9_Mono_Methyl_Succinate,95
31.5,G9_Mono_Methyl_Succinate,97
31.75,G9_Mono_Methyl_Succinate,94
32.0,G9_Mono_Methyl_Succinate,97
32.25,G9_Mono_Methyl_Succinate,94
32.5,G9_Mono_Methyl_Succinate,93
32.75,G9_Mono_Methyl_Succinate,99
33.0,G9_Mono_Methyl_Succinate,94
33.25,G9_Mono_Methyl_Succinate,97
33.5,G9_Mono_Methyl_Succinate,95
33.75,G9_Mono_Methyl_Succinate,98
34.0,G9_Mono_Methyl_Succinate,99
34.25,G9_Mono_Methyl_Succinate,101
34.5,G9_Mono_Methyl_Succinate,99
34.75,G9_Mono_Methyl_Succinate,101
35.0,G9_Mono_Methyl_Succinate,100
35.25,G9_Mono_Methyl_Succinate,102
35.5,G9_Mono_Methyl_Succinate,101
35.75,G9_Mono_Methyl_Succinate,102
36.0,G9_Mono_Methyl_Succinate,102
36.25,G9_Mono_Methyl_Succinate,100
36.5,G9_Mono_Methyl_Succinate,102
36.75,G9_Mono_Methyl_Succinate,101
37.0,G9_Mono_Methyl_Succinate,104
37.25,G9_Mono_Methyl_Succinate,106
37.5,G9_Mono_Methyl_Succinate,107
37.75,G9_Mono_Methyl_Succinate,112
38.0,G9_Mono_Methyl_Succinate,110
38.25,G9_Mono_Methyl_Succinate,106
38.5,G9_Mono_Methyl_Succinate,109
38.75,G9_Mono_Methyl_Succinate,109
39.0,G9_Mono_Methyl_Succinate,110
39.25,G9_Mono_Methyl_Succinate,110
39.5,G9_Mono_Methyl_Succinate,113
39.75,G9_Mono_Methyl_Succinate,116
40.0,G9_Mono_Methyl_Succinate,111
40.25,G9_Mono_Methyl_Succinate,111
40.5,G9_Mono_Methyl_Succinate,120
40.75,G9_Mono_Methyl_Succinate,113
41.0,G9_Mono_Methyl_Succinate,121
41.25,G9_Mono_Methyl_Succinate,123
41.5,G9_Mono_Methyl_Succinate,122
41.75,G9_Mono_Methyl_Succinate,123
42.0,G9_Mono_Methyl_Succinate,121
42.25,G9_Mono_Methyl_Succinate,122
42.5,G9_Mono_Methyl_Succinate,123
42.75,G9_Mono_Methyl_Succinate,122
43.0,G9_Mono_Methyl_Succinate,127
43.25,G9_Mono_Methyl_Succinate,121
43.5,G9_Mono_Methyl_Succinate,128
43.75,G9_Mono_Methyl_Succinate,124
44.0,G9_Mono_Methyl_Succinate,129
44.25,G9_Mono_Methyl_Succinate,127
44.5,G9_Mono_Methyl_Succinate,131
44.75,G9_Mono_Methyl_Succinate,123
45.0,G9_Mono_Methyl_Succinate,133
45.25,G9_Mono_Methyl_Succinate,131
45.5,G9_Mono_Methyl_Succinate,132
45.75,G9_Mono_Methyl_Succinate,134
46.0,G9_Mono_Methyl_Succinate,132
46.25,G9_Mono_Methyl_Succinate,135
46.5,G9_Mono_Methyl_Succinate,132
46.75,G9_Mono_Methyl_Succinate,134
47.0,G9_Mono_Methyl_Succinate,135
47.25,G9_Mono_Methyl_Succinate,137
47.5,G9_Mono_Methyl_Succinate,0
0.0,G10_Methyl_Pyruvate,11
0.25,G10_Methyl_Pyruvate,23
0.5,G10_Methyl_Pyruvate,18
0.75,G10_Methyl_Pyruvate,11
1.0,G10_Methyl_Pyruvate,16
1.25,G10_Methyl_Pyruvate,11
1.5,G10_Methyl_Pyruvate,14
1.75,G10_Methyl_Pyruvate,13
2.0,G10_Methyl_Pyruvate,17
2.25,G10_Methyl_Pyruvate,14
2.5,G10_Methyl_Pyruvate,11
2.75,G10_Methyl_Pyruvate,17
3.0,G10_Methyl_Pyruvate,11
3.25,G10_Methyl_Pyruvate,11
3.5,G10_Methyl_Pyruvate,15
3.75,G10_Methyl_Pyruvate,11
4.0,G10_Methyl_Pyruvate,11
4.25,G10_Methyl_Pyruvate,14
4.5,G10_Methyl_Pyruvate,13
4.75,G10_Methyl_Pyruvate,12
5.0,G10_Methyl_Pyruvate,18
5.25,G10_Methyl_Pyruvate,20
5.5,G10_Methyl_Pyruvate,17
5.75,G10_Methyl_Pyruvate,19
6.0,G10_Methyl_Pyruvate,17
6.25,G10_Methyl_Pyruvate,24
6.5,G10_Methyl_Pyruvate,19
6.75,G10_Methyl_Pyruvate,23
7.0,G10_Methyl_Pyruvate,24
7.25,G10_Methyl_Pyruvate,18
7.5,G10_Methyl_Pyruvate,22
7.75,G10_Methyl_Pyruvate,27
8.0,G10_Methyl_Pyruvate,28
8.25,G10_Methyl_Pyruvate,30
8.5,G10_Methyl_Pyruvate,31
8.75,G10_Methyl_Pyruvate,30
9.0,G10_Methyl_Pyruvate,32
9.25,G10_Methyl_Pyruvate,32
9.5,G10_Methyl_Pyruvate,30
9.75,G10_Methyl_Pyruvate,30
10.0,G10_Methyl_Pyruvate,33
10.25,G10_Methyl_Pyruvate,30
10.5,G10_Methyl_Pyruvate,30
10.75,G10_Methyl_Pyruvate,37
11.0,G10_Methyl_Pyruvate,34
11.25,G10_Methyl_Pyruvate,32
11.5,G10_Methyl_Pyruvate,39
11.75,G10_Methyl_Pyruvate,34
12.0,G10_Methyl_Pyruvate,38
12.25,G10_Methyl_Pyruvate,40
12.5,G10_Methyl_Pyruvate,43
12.75,G10_Methyl_Pyruvate,41
13.0,G10_Methyl_Pyruvate,41
13.25,G10_Methyl_Pyruvate,40
13.5,G10_Methyl_Pyruvate,41
13.75,G10_Methyl_Pyruvate,44
14.0,G10_Methyl_Pyruvate,50
14.25,G10_Methyl_Pyruvate,51
14.5,G10_Methyl_Pyruvate,53
14.75,G10_Methyl_Pyruvate,52
15.0,G10_Methyl_Pyruvate,54
15.25,G10_Methyl_Pyruvate,59
15.5,G10_Methyl_Pyruvate,54
15.75,G10_Methyl_Pyruvate,65
16.0,G10_Methyl_Pyruvate,67
16.25,G10_Methyl_Pyruvate,66
16.5,G10_Methyl_Pyruvate,69
16.75,G10_Methyl_Pyruvate,64
17.0,G10_Methyl_Pyruvate,76
17.25,G10_Methyl_Pyruvate,78
17.5,G10_Methyl_Pyruvate,83
17.75,G10_Methyl_Pyruvate,84
18.0,G10_Methyl_Pyruvate,81
18.25,G10_Methyl_Pyruvate,87
18.5,G10_Methyl_Pyruvate,90
18.75,G10_Methyl_Pyruvate,90
19.0,G10_Methyl_Pyruvate,95
19.25,G10_Methyl_Pyruvate,101
19.5,G10_Methyl_Pyruvate,100
19.75,G10_Methyl_Pyruvate,102
20.0,G10_Methyl_Pyruvate,105
20.25,G10_Methyl_Pyruvate,107
20.5,G10_Methyl_Pyruvate,105
20.75,G10_Methyl_Pyruvate,115
21.0,G10_Methyl_Pyruvate,115
21.25,G10_Methyl_Pyruvate,115
21.5,G10_Methyl_Pyruvate,118
21.75,G10_Methyl_Pyruvate,122
22.0,G10_Methyl_Pyruvate,126
22.25,G10_Methyl_Pyruvate,126
22.5,G10_Methyl_Pyruvate,127
22.75,G10_Methyl_Pyruvate,130
23.0,G10_Methyl_Pyruvate,131
23.25,G10_Methyl_Pyruvate,136
23.5,G10_Methyl_Pyruvate,138
23.75,G10_Methyl_Pyruvate,144
24.0,G10_Methyl_Pyruvate,145
24.25,G10_Methyl_Pyruvate,145
24.5,G10_Methyl_Pyruvate,147
24.75,G10_Methyl_Pyruvate,150
25.0,G10_Methyl_Pyruvate,153
25.25,G10_Methyl_Pyruvate,151
25.5,G10_Methyl_Pyruvate,153
25.75,G10_Methyl_Pyruvate,159
26.0,G10_Methyl_Pyruvate,160
26.25,G10_Methyl_Pyruvate,163
26.5,G10_Methyl_Pyruvate,166
26.75,G10_Methyl_Pyruvate,172
27.0,G10_Methyl_Pyruvate,174
27.25,G10_Methyl_Pyruvate,171
27.5,G10_Methyl_Pyruvate,173
27.75,G10_Methyl_Pyruvate,171
28.0,G10_Methyl_Pyruvate,176
28.25,G10_Methyl_Pyruvate,175
28.5,G10_Methyl_Pyruvate,179
28.75,G10_Methyl_Pyruvate,179
29.0,G10_Methyl_Pyruvate,181
29.25,G10_Methyl_Pyruvate,178
29.5,G10_Methyl_Pyruvate,173
29.75,G10_Methyl_Pyruvate,171
30.0,G10_Methyl_Pyruvate,168
30.25,G10_Methyl_Pyruvate,164
30.5,G10_Methyl_Pyruvate,168
30.75,G10_Methyl_Pyruvate,166
31.0,G10_Methyl_Pyruvate,167
31.25,G10_Methyl_Pyruvate,165
31.5,G10_Methyl_Pyruvate,162
31.75,G10_Methyl_Pyruvate,167
32.0,G10_Methyl_Pyruvate,171
32.25,G10_Methyl_Pyruvate,166
32.5,G10_Methyl_Pyruvate,170
32.75,G10_Methyl_Pyruvate,167
33.0,G10_Methyl_Pyruvate,167
33.25,G10_Methyl_Pyruvate,165
33.5,G10_Methyl_Pyruvate,167
33.75,G10_Methyl_Pyruvate,167
34.0,G10_Methyl_Pyruvate,163
34.25,G10_Methyl_Pyruvate,161
34.5,G10_Methyl_Pyruvate,164
34.75,G10_Methyl_Pyruvate,165
35.0,G10_Methyl_Pyruvate,164
35.25,G10_Methyl_Pyruvate,163
35.5,G10_Methyl_Pyruvate,161
35.75,G10_Methyl_Pyruvate,165
36.0,G10_Methyl_Pyruvate,165
36.25,G10_Methyl_Pyruvate,166
36.5,G10_Methyl_Pyruvate,165
36.75,G10_Methyl_Pyruvate,162
37.0,G10_Methyl_Pyruvate,160
37.25,G10_Methyl_Pyruvate,163
37.5,G10_Methyl_Pyruvate,160
37.75,G10_Methyl_Pyruvate,164
38.0,G10_Methyl_Pyruvate,165
38.25,G10_Methyl_Pyruvate,158
38.5,G10_Methyl_Pyruvate,162
38.75,G10_Methyl_Pyruvate,159
39.0,G10_Methyl_Pyruvate,163
39.25,G10_Methyl_Pyruvate,155
39.5,G10_Methyl_Pyruvate,161
39.75,G10_Methyl_Pyruvate,164
40.0,G10_Methyl_Pyruvate,163
40.25,G10_Methyl_Pyruvate,164
40.5,G10_Methyl_Pyruvate,164
40.75,G10_Methyl_Pyruvate,163
41.0,G10_Methyl_Pyruvate,168
41.25,G10_Methyl_Pyruvate,165
41.5,G10_Methyl_Pyruvate,165
41.75,G10_Methyl_Pyruvate,162
42.0,G10_Methyl_Pyruvate,161
42.25,G10_Methyl_Pyruvate,167
42.5,G10_Methyl_Pyruvate,164
42.75,G10_Methyl_Pyruvate,166
43.0,G10_Methyl_Pyruvate,166
43.25,G10_Methyl_Pyruvate,163
43.5,G10_Methyl_Pyruvate,166
43.75,G10_Methyl_Pyruvate,165
44.0,G10_Methyl_Pyruvate,168
44.25,G10_Methyl_Pyruvate,162
44.5,G10_Methyl_Pyruvate,166
44.75,G10_Methyl_Pyruvate,164
45.0,G10_Methyl_Pyruvate,166
45.25,G10_Methyl_Pyruvate,166
45.5,G10_Methyl_Pyruvate,167
45.75,G10_Methyl_Pyruvate,166
46.0,G10_Methyl_Pyruvate,169
46.25,G10_Methyl_Pyruvate,165
46.5,G10_Methyl_Pyruvate,169
46.75,G10_Methyl_Pyruvate,163
47.0,G10_Methyl_Pyruvate,167
47.25,G10_Methyl_Pyruvate,167
47.5,G10_Methyl_Pyruvate,0
0.0,G11_D-Malic_Acid,14
0.25,G11_D-Malic_Acid,15
0.5,G11_D-Malic_Acid,19
0.75,G11_D-Malic_Acid,24
1.0,G11_D-Malic_Acid,17
1.25,G11_D-Malic_Acid,15
1.5,G11_D-Malic_Acid,17
1.75,G11_D-Malic_Acid,15
2.0,G11_D-Malic_Acid,19
2.25,G11_D-Malic_Acid,21
2.5,G11_D-Malic_Acid,15
2.75,G11_D-Malic_Acid,17
3.0,G11_D-Malic_Acid,14
3.25,G11_D-Malic_Acid,15
3.5,G11_D-Malic_Acid,18
3.75,G11_D-Malic_Acid,16
4.0,G11_D-Malic_Acid,15
4.25,G11_D-Malic_Acid,16
4.5,G11_D-Malic_Acid,18
4.75,G11_D-Malic_Acid,15
5.0,G11_D-Malic_Acid,19
5.25,G11_D-Malic_Acid,20
5.5,G11_D-Malic_Acid,22
5.75,G11_D-Malic_Acid,19
6.0,G11_D-Malic_Acid,22
6.25,G11_D-Malic_Acid,21
6.5,G11_D-Malic_Acid,23
6.75,G11_D-Malic_Acid,22
7.0,G11_D-Malic_Acid,23
7.25,G11_D-Malic_Acid,25
7.5,G11_D-Malic_Acid,25
7.75,G11_D-Malic_Acid,29
8.0,G11_D-Malic_Acid,29
8.25,G11_D-Malic_Acid,24
8.5,G11_D-Malic_Acid,28
8.75,G11_D-Malic_Acid,30
9.0,G11_D-Malic_Acid,31
9.25,G11_D-Malic_Acid,24
9.5,G11_D-Malic_Acid,30
9.75,G11_D-Malic_Acid,30
10.0,G11_D-Malic_Acid,28
10.25,G11_D-Malic_Acid,27
10.5,G11_D-Malic_Acid,32
10.75,G11_D-Malic_Acid,35
11.0,G11_D-Malic_Acid,33
11.25,G11_D-Malic_Acid,36
11.5,G11_D-Malic_Acid,38
11.75,G11_D-Malic_Acid,40
12.0,G11_D-Malic_Acid,37
12.25,G11_D-Malic_Acid,41
12.5,G11_D-Malic_Acid,41
12.75,G11_D-Malic_Acid,42
13.0,G11_D-Malic_Acid,38
13.25,G11_D-Malic_Acid,44
13.5,G11_D-Malic_Acid,42
13.75,G11_D-Malic_Acid,43
14.0,G11_D-Malic_Acid,44
14.25,G11_D-Malic_Acid,38
14.5,G11_D-Malic_Acid,43
14.75,G11_D-Malic_Acid,41
15.0,G11_D-Malic_Acid,44
15.25,G11_D-Malic_Acid,44
15.5,G11_D-Malic_Acid,44
15.75,G11_D-Malic_Acid,43
16.0,G11_D-Malic_Acid,43
16.25,G11_D-Malic_Acid,46
16.5,G11_D-Malic_Acid,45
16.75,G11_D-Malic_Acid,45
17.0,G11_D-Malic_Acid,45
17.25,G11_D-Malic_Acid,51
17.5,G11_D-Malic_Acid,45
17.75,G11_D-Malic_Acid,49
18.0,G11_D-Malic_Acid,49
18.25,G11_D-Malic_Acid,51
18.5,G11_D-Malic_Acid,49
18.75,G11_D-Malic_Acid,51
19.0,G11_D-Malic_Acid,54
19.25,G11_D-Malic_Acid,52
19.5,G11_D-Malic_Acid,52
19.75,G11_D-Malic_Acid,50
20.0,G11_D-Malic_Acid,56
20.25,G11_D-Malic_Acid,51
20.5,G11_D-Malic_Acid,52
20.75,G11_D-Malic_Acid,53
21.0,G11_D-Malic_Acid,56
21.25,G11_D-Malic_Acid,53
21.5,G11_D-Malic_Acid,51
21.75,G11_D-Malic_Acid,51
22.0,G11_D-Malic_Acid,55
22.25,G11_D-Malic_Acid,50
22.5,G11_D-Malic_Acid,54
22.75,G11_D-Malic_Acid,53
23.0,G11_D-Malic_Acid,53
23.25,G11_D-Malic_Acid,56
23.5,G11_D-Malic_Acid,55
23.75,G11_D-Malic_Acid,55
24.0,G11_D-Malic_Acid,54
24.25,G11_D-Malic_Acid,55
24.5,G11_D-Malic_Acid,57
24.75,G11_D-Malic_Acid,54
25.0,G11_D-Malic_Acid,58
25.25,G11_D-Malic_Acid,55
25.5,G11_D-Malic_Acid,57
25.75,G11_D-Malic_Acid,57
26.0,G11_D-Malic_Acid,58
26.25,G11_D-Malic_Acid,56
26.5,G11_D-Malic_Acid,62
26.75,G11_D-Malic_Acid,61
27.0,G11_D-Malic_Acid,64
27.25,G11_D-Malic_Acid,62
27.5,G11_D-Malic_Acid,62
27.75,G11_D-Malic_Acid,64
28.0,G11_D-Malic_Acid,61
28.25,G11_D-Malic_Acid,61
28.5,G11_D-Malic_Acid,65
28.75,G11_D-Malic_Acid,63
29.0,G11_D-Malic_Acid,66
29.25,G11_D-Malic_Acid,67
29.5,G11_D-Malic_Acid,64
29.75,G11_D-Malic_Acid,65
30.0,G11_D-Malic_Acid,65
30.25,G11_D-Malic_Acid,64
30.5,G11_D-Malic_Acid,68
30.75,G11_D-Malic_Acid,68
31.0,G11_D-Malic_Acid,64
31.25,G11_D-Malic_Acid,69
31.5,G11_D-Malic_Acid,64
31.75,G11_D-Malic_Acid,70
32.0,G11_D-Malic_Acid,72
32.25,G11_D-Malic_Acid,69
32.5,G11_D-Malic_Acid,70
32.75,G11_D-Malic_Acid,69
33.0,G11_D-Malic_Acid,71
33.25,G11_D-Malic_Acid,69
33.5,G11_D-Malic_Acid,71
33.75,G11_D-Malic_Acid,74
34.0,G11_D-Malic_Acid,68
34.25,G11_D-Malic_Acid,73
34.5,G11_D-Malic_Acid,76
34.75,G11_D-Malic_Acid,70
35.0,G11_D-Malic_Acid,73
35.25,G11_D-Malic_Acid,72
35.5,G11_D-Malic_Acid,74
35.75,G11_D-Malic_Acid,77
36.0,G11_D-Malic_Acid,78
36.25,G11_D-Malic_Acid,77
36.5,G11_D-Malic_Acid,73
36.75,G11_D-Malic_Acid,76
37.0,G11_D-Malic_Acid,79
37.25,G11_D-Malic_Acid,79
37.5,G11_D-Malic_Acid,75
37.75,G11_D-Malic_Acid,81
38.0,G11_D-Malic_Acid,80
38.25,G11_D-Malic_Acid,79
38.5,G11_D-Malic_Acid,81
38.75,G11_D-Malic_Acid,78
39.0,G11_D-Malic_Acid,79
39.25,G11_D-Malic_Acid,77
39.5,G11_D-Malic_Acid,82
39.75,G11_D-Malic_Acid,80
40.0,G11_D-Malic_Acid,79
40.25,G11_D-Malic_Acid,79
40.5,G11_D-Malic_Acid,81
40.75,G11_D-Malic_Acid,83
41.0,G11_D-Malic_Acid,82
41.25,G11_D-Malic_Acid,85
41.5,G11_D-Malic_Acid,83
41.75,G11_D-Malic_Acid,87
42.0,G11_D-Malic_Acid,86
42.25,G11_D-Malic_Acid,88
42.5,G11_D-Malic_Acid,85
42.75,G11_D-Malic_Acid,85
43.0,G11_D-Malic_Acid,89
43.25,G11_D-Malic_Acid,87
43.5,G11_D-Malic_Acid,88
43.75,G11_D-Malic_Acid,85
44.0,G11_D-Malic_Acid,85
44.25,G11_D-Malic_Acid,94
44.5,G11_D-Malic_Acid,89
44.75,G11_D-Malic_Acid,89
45.0,G11_D-Malic_Acid,90
45.25,G11_D-Malic_Acid,89
45.5,G11_D-Malic_Acid,86
45.75,G11_D-Malic_Acid,87
46.0,G11_D-Malic_Acid,92
46.25,G11_D-Malic_Acid,91
46.5,G11_D-Malic_Acid,95
46.75,G11_D-Malic_Acid,92
47.0,G11_D-Malic_Acid,91
47.25,G11_D-Malic_Acid,91
47.5,G11_D-Malic_Acid,0
0.0,G12_L-Malic_Acid,35
0.25,G12_L-Malic_Acid,12
0.5,G12_L-Malic_Acid,19
0.75,G12_L-Malic_Acid,18
1.0,G12_L-Malic_Acid,18
1.25,G12_L-Malic_Acid,15
1.5,G12_L-Malic_Acid,23
1.75,G12_L-Malic_Acid,19
2.0,G12_L-Malic_Acid,21
2.25,G12_L-Malic_Acid,19
2.5,G12_L-Malic_Acid,15
2.75,G12_L-Malic_Acid,20
3.0,G12_L-Malic_Acid,17
3.25,G12_L-Malic_Acid,18
3.5,G12_L-Malic_Acid,14
3.75,G12_L-Malic_Acid,22
4.0,G12_L-Malic_Acid,19
4.25,G12_L-Malic_Acid,21
4.5,G12_L-Malic_Acid,27
4.75,G12_L-Malic_Acid,26
5.0,G12_L-Malic_Acid,25
5.25,G12_L-Malic_Acid,26
5.5,G12_L-Malic_Acid,30
5.75,G12_L-Malic_Acid,32
6.0,G12_L-Malic_Acid,30
6.25,G12_L-Malic_Acid,30
6.5,G12_L-Malic_Acid,29
6.75,G12_L-Malic_Acid,33
7.0,G12_L-Malic_Acid,31
7.25,G12_L-Malic_Acid,37
7.5,G12_L-Malic_Acid,36
7.75,G12_L-Malic_Acid,45
8.0,G12_L-Malic_Acid,46
8.25,G12_L-Malic_Acid,47
8.5,G12_L-Malic_Acid,53
8.75,G12_L-Malic_Acid,53
9.0,G12_L-Malic_Acid,63
9.25,G12_L-Malic_Acid,62
9.5,G12_L-Malic_Acid,63
9.75,G12_L-Malic_Acid,70
10.0,G12_L-Malic_Acid,71
10.25,G12_L-Malic_Acid,71
10.5,G12_L-Malic_Acid,72
10.75,G12_L-Malic_Acid,78
11.0,G12_L-Malic_Acid,78
11.25,G12_L-Malic_Acid,86
11.5,G12_L-Malic_Acid,94
11.75,G12_L-Malic_Acid,95
12.0,G12_L-Malic_Acid,103
12.25,G12_L-Malic_Acid,103
12.5,G12_L-Malic_Acid,107
12.75,G12_L-Malic_Acid,111
13.0,G12_L-Malic_Acid,117
13.25,G12_L-Malic_Acid,132
13.5,G12_L-Malic_Acid,131
13.75,G12_L-Malic_Acid,135
14.0,G12_L-Malic_Acid,145
14.25,G12_L-Malic_Acid,148
14.5,G12_L-Malic_Acid,153
14.75,G12_L-Malic_Acid,159
15.0,G12_L-Malic_Acid,161
15.25,G12_L-Malic_Acid,170
15.5,G12_L-Malic_Acid,173
15.75,G12_L-Malic_Acid,179
16.0,G12_L-Malic_Acid,188
16.25,G12_L-Malic_Acid,180
16.5,G12_L-Malic_Acid,188
16.75,G12_L-Malic_Acid,187
17.0,G12_L-Malic_Acid,190
17.25,G12_L-Malic_Acid,191
17.5,G12_L-Malic_Acid,191
17.75,G12_L-Malic_Acid,194
18.0,G12_L-Malic_Acid,196
18.25,G12_L-Malic_Acid,195
18.5,G12_L-Malic_Acid,195
18.75,G12_L-Malic_Acid,199
19.0,G12_L-Malic_Acid,198
19.25,G12_L-Malic_Acid,200
19.5,G12_L-Malic_Acid,199
19.75,G12_L-Malic_Acid,197
20.0,G12_L-Malic_Acid,196
20.25,G12_L-Malic_Acid,196
20.5,G12_L-Malic_Acid,193
20.75,G12_L-Malic_Acid,198
21.0,G12_L-Malic_Acid,198
21.25,G12_L-Malic_Acid,199
21.5,G12_L-Malic_Acid,197
21.75,G12_L-Malic_Acid,198
22.0,G12_L-Malic_Acid,203
22.25,G12_L-Malic_Acid,197
22.5,G12_L-Malic_Acid,200
22.75,G12_L-Malic_Acid,198
23.0,G12_L-Malic_Acid,196
23.25,G12_L-Malic_Acid,202
23.5,G12_L-Malic_Acid,194
23.75,G12_L-Malic_Acid,202
24.0,G12_L-Malic_Acid,200
24.25,G12_L-Malic_Acid,197
24.5,G12_L-Malic_Acid,200
24.75,G12_L-Malic_Acid,197
25.0,G12_L-Malic_Acid,201
25.25,G12_L-Malic_Acid,199
25.5,G12_L-Malic_Acid,199
25.75,G12_L-Malic_Acid,198
26.0,G12_L-Malic_Acid,198
26.25,G12_L-Malic_Acid,200
26.5,G12_L-Malic_Acid,200
26.75,G12_L-Malic_Acid,199
27.0,G12_L-Malic_Acid,201
27.25,G12_L-Malic_Acid,199
27.5,G12_L-Malic_Acid,204
27.75,G12_L-Malic_Acid,197
28.0,G12_L-Malic_Acid,198
28.25,G12_L-Malic_Acid,199
28.5,G12_L-Malic_Acid,200
28.75,G12_L-Malic_Acid,201
29.0,G12_L-Malic_Acid,195
29.25,G12_L-Malic_Acid,198
29.5,G12_L-Malic_Acid,200
29.75,G12_L-Malic_Acid,194
30.0,G12_L-Malic_Acid,200
30.25,G12_L-Malic_Acid,194
30.5,G12_L-Malic_Acid,197
30.75,G12_L-Malic_Acid,198
31.0,G12_L-Malic_Acid,199
31.25,G12_L-Malic_Acid,195
31.5,G12_L-Malic_Acid,194
31.75,G12_L-Malic_Acid,198
32.0,G12_L-Malic_Acid,197
32.25,G12_L-Malic_Acid,197
32.5,G12_L-Malic_Acid,194
32.75,G12_L-Malic_Acid,193
33.0,G12_L-Malic_Acid,198
33.25,G12_L-Malic_Acid,196
33.5,G12_L-Malic_Acid,194
33.75,G12_L-Malic_Acid,196
34.0,G12_L-Malic_Acid,193
34.25,G12_L-Malic_Acid,191
34.5,G12_L-Malic_Acid,192
34.75,G12_L-Malic_Acid,190
35.0,G12_L-Malic_Acid,192
35.25,G12_L-Malic_Acid,191
35.5,G12_L-Malic_Acid,190
35.75,G12_L-Malic_Acid,192
36.0,G12_L-Malic_Acid,192
36.25,G12_L-Malic_Acid,194
36.5,G12_L-Malic_Acid,188
36.75,G12_L-Malic_Acid,192
37.0,G12_L-Malic_Acid,187
37.25,G12_L-Malic_Acid,188
37.5,G12_L-Malic_Acid,185
37.75,G12_L-Malic_Acid,192
38.0,G12_L-Malic_Acid,192
38.25,G12_L-Malic_Acid,186
38.5,G12_L-Malic_Acid,187
38.75,G12_L-Malic_Acid,187
39.0,G12_L-Malic_Acid,189
39.25,G12_L-Malic_Acid,189
39.5,G12_L-Malic_Acid,182
39.75,G12_L-Malic_Acid,188
40.0,G12_L-Malic_Acid,189
40.25,G12_L-Malic_Acid,184
40.5,G12_L-Malic_Acid,186
40.75,G12_L-Malic_Acid,186
41.0,G12_L-Malic_Acid,189
41.25,G12_L-Malic_Acid,186
41.5,G12_L-Malic_Acid,186
41.75,G12_L-Malic_Acid,188
42.0,G12_L-Malic_Acid,183
42.25,G12_L-Malic_Acid,184
42.5,G12_L-Malic_Acid,188
42.75,G12_L-Malic_Acid,183
43.0,G12_L-Malic_Acid,189
43.25,G12_L-Malic_Acid,181
43.5,G12_L-Malic_Acid,183
43.75,G12_L-Malic_Acid,181
44.0,G12_L-Malic_Acid,178
44.25,G12_L-Malic_Acid,182
44.5,G12_L-Malic_Acid,183
44.75,G12_L-Malic_Acid,181
45.0,G12_L-Malic_Acid,183
45.25,G12_L-Malic_Acid,181
45.5,G12_L-Malic_Acid,182
45.75,G12_L-Malic_Acid,181
46.0,G12_L-Malic_Acid,187
46.25,G12_L-Malic_Acid,180
46.5,G12_L-Malic_Acid,178
46.75,G12_L-Malic_Acid,179
47.0,G12_L-Malic_Acid,182
47.25,G12_L-Malic_Acid,181
47.5,G12_L-Malic_Acid,0
0.0,H1_Glycyl-L-Proline,13
0.25,H1_Glycyl-L-Proline,13
0.5,H1_Glycyl-L-Proline,19
0.75,H1_Glycyl-L-Proline,21
1.0,H1_Glycyl-L-Proline,20
1.25,H1_Glycyl-L-Proline,17
1.5,H1_Glycyl-L-Proline,17
1.75,H1_Glycyl-L-Proline,13
2.0,H1_Glycyl-L-Proline,18
2.25,H1_Glycyl-L-Proline,16
2.5,H1_Glycyl-L-Proline,19
2.75,H1_Glycyl-L-Proline,18
3.0,H1_Glycyl-L-Proline,18
3.25,H1_Glycyl-L-Proline,21
3.5,H1_Glycyl-L-Proline,20
3.75,H1_Glycyl-L-Proline,16
4.0,H1_Glycyl-L-Proline,16
4.25,H1_Glycyl-L-Proline,17
4.5,H1_Glycyl-L-Proline,19
4.75,H1_Glycyl-L-Proline,16
5.0,H1_Glycyl-L-Proline,17
5.25,H1_Glycyl-L-Proline,22
5.5,H1_Glycyl-L-Proline,19
5.75,H1_Glycyl-L-Proline,23
6.0,H1_Glycyl-L-Proline,21
6.25,H1_Glycyl-L-Proline,25
6.5,H1_Glycyl-L-Proline,27
6.75,H1_Glycyl-L-Proline,26
7.0,H1_Glycyl-L-Proline,30
7.25,H1_Glycyl-L-Proline,29
7.5,H1_Glycyl-L-Proline,32
7.75,H1_Glycyl-L-Proline,37
8.0,H1_Glycyl-L-Proline,40
8.25,H1_Glycyl-L-Proline,45
8.5,H1_Glycyl-L-Proline,45
8.75,H1_Glycyl-L-Proline,48
9.0,H1_Glycyl-L-Proline,53
9.25,H1_Glycyl-L-Proline,51
9.5,H1_Glycyl-L-Proline,58
9.75,H1_Glycyl-L-Proline,57
10.0,H1_Glycyl-L-Proline,60
10.25,H1_Glycyl-L-Proline,61
10.5,H1_Glycyl-L-Proline,68
10.75,H1_Glycyl-L-Proline,72
11.0,H1_Glycyl-L-Proline,80
11.25,H1_Glycyl-L-Proline,80
11.5,H1_Glycyl-L-Proline,86
11.75,H1_Glycyl-L-Proline,93
12.0,H1_Glycyl-L-Proline,99
12.25,H1_Glycyl-L-Proline,101
12.5,H1_Glycyl-L-Proline,104
12.75,H1_Glycyl-L-Proline,110
13.0,H1_Glycyl-L-Proline,109
13.25,H1_Glycyl-L-Proline,111
13.5,H1_Glycyl-L-Proline,122
13.75,H1_Glycyl-L-Proline,124
14.0,H1_Glycyl-L-Proline,129
14.25,H1_Glycyl-L-Proline,131
14.5,H1_Glycyl-L-Proline,137
14.75,H1_Glycyl-L-Proline,140
15.0,H1_Glycyl-L-Proline,142
15.25,H1_Glycyl-L-Proline,153
15.5,H1_Glycyl-L-Proline,150
15.75,H1_Glycyl-L-Proline,162
16.0,H1_Glycyl-L-Proline,167
16.25,H1_Glycyl-L-Proline,165
16.5,H1_Glycyl-L-Proline,171
16.75,H1_Glycyl-L-Proline,174
17.0,H1_Glycyl-L-Proline,180
17.25,H1_Glycyl-L-Proline,183
17.5,H1_Glycyl-L-Proline,192
17.75,H1_Glycyl-L-Proline,191
18.0,H1_Glycyl-L-Proline,201
18.25,H1_Glycyl-L-Proline,200
18.5,H1_Glycyl-L-Proline,209
18.75,H1_Glycyl-L-Proline,206
19.0,H1_Glycyl-L-Proline,211
19.25,H1_Glycyl-L-Proline,217
19.5,H1_Glycyl-L-Proline,220
19.75,H1_Glycyl-L-Proline,222
20.0,H1_Glycyl-L-Proline,226
20.25,H1_Glycyl-L-Proline,230
20.5,H1_Glycyl-L-Proline,229
20.75,H1_Glycyl-L-Proline,234
21.0,H1_Glycyl-L-Proline,235
21.25,H1_Glycyl-L-Proline,239
21.5,H1_Glycyl-L-Proline,244
21.75,H1_Glycyl-L-Proline,241
22.0,H1_Glycyl-L-Proline,249
22.25,H1_Glycyl-L-Proline,250
22.5,H1_Glycyl-L-Proline,254
22.75,H1_Glycyl-L-Proline,249
23.0,H1_Glycyl-L-Proline,254
23.25,H1_Glycyl-L-Proline,258
23.5,H1_Glycyl-L-Proline,260
23.75,H1_Glycyl-L-Proline,261
24.0,H1_Glycyl-L-Proline,262
24.25,H1_Glycyl-L-Proline,259
24.5,H1_Glycyl-L-Proline,262
24.75,H1_Glycyl-L-Proline,261
25.0,H1_Glycyl-L-Proline,264
25.25,H1_Glycyl-L-Proline,264
25.5,H1_Glycyl-L-Proline,268
25.75,H1_Glycyl-L-Proline,263
26.0,H1_Glycyl-L-Proline,267
26.25,H1_Glycyl-L-Proline,271
26.5,H1_Glycyl-L-Proline,269
26.75,H1_Glycyl-L-Proline,272
27.0,H1_Glycyl-L-Proline,274
27.25,H1_Glycyl-L-Proline,270
27.5,H1_Glycyl-L-Proline,273
27.75,H1_Glycyl-L-Proline,272
28.0,H1_Glycyl-L-Proline,266
28.25,H1_Glycyl-L-Proline,274
28.5,H1_Glycyl-L-Proline,271
28.75,H1_Glycyl-L-Proline,273
29.0,H1_Glycyl-L-Proline,273
29.25,H1_Glycyl-L-Proline,274
29.5,H1_Glycyl-L-Proline,270
29.75,H1_Glycyl-L-Proline,266
30.0,H1_Glycyl-L-Proline,262
30.25,H1_Glycyl-L-Proline,263
30.5,H1_Glycyl-L-Proline,265
30.75,H1_Glycyl-L-Proline,259
31.0,H1_Glycyl-L-Proline,259
31.25,H1_Glycyl-L-Proline,259
31.5,H1_Glycyl-L-Proline,257
31.75,H1_Glycyl-L-Proline,258
32.0,H1_Glycyl-L-Proline,261
32.25,H1_Glycyl-L-Proline,257
32.5,H1_Glycyl-L-Proline,254
32.75,H1_Glycyl-L-Proline,250
33.0,H1_Glycyl-L-Proline,256
33.25,H1_Glycyl-L-Proline,255
33.5,H1_Glycyl-L-Proline,256
33.75,H1_Glycyl-L-Proline,250
34.0,H1_Glycyl-L-Proline,252
34.25,H1_Glycyl-L-Proline,250
34.5,H1_Glycyl-L-Proline,247
34.75,H1_Glycyl-L-Proline,245
35.0,H1_Glycyl-L-Proline,250
35.25,H1_Glycyl-L-Proline,242
35.5,H1_Glycyl-L-Proline,247
35.75,H1_Glycyl-L-Proline,245
36.0,H1_Glycyl-L-Proline,245
36.25,H1_Glycyl-L-Proline,241
36.5,H1_Glycyl-L-Proline,241
36.75,H1_Glycyl-L-Proline,243
37.0,H1_Glycyl-L-Proline,239
37.25,H1_Glycyl-L-Proline,237
37.5,H1_Glycyl-L-Proline,234
37.75,H1_Glycyl-L-Proline,239
38.0,H1_Glycyl-L-Proline,237
38.25,H1_Glycyl-L-Proline,234
38.5,H1_Glycyl-L-Proline,234
38.75,H1_Glycyl-L-Proline,229
39.0,H1_Glycyl-L-Proline,234
39.25,H1_Glycyl-L-Proline,233
39.5,H1_Glycyl-L-Proline,230
39.75,H1_Glycyl-L-Proline,229
40.0,H1_Glycyl-L-Proline,230
40.25,H1_Glycyl-L-Proline,230
40.5,H1_Glycyl-L-Proline,226
40.75,H1_Glycyl-L-Proline,228
41.0,H1_Glycyl-L-Proline,225
41.25,H1_Glycyl-L-Proline,223
41.5,H1_Glycyl-L-Proline,226
41.75,H1_Glycyl-L-Proline,223
42.0,H1_Glycyl-L-Proline,221
42.25,H1_Glycyl-L-Proline,218
42.5,H1_Glycyl-L-Proline,218
42.75,H1_Glycyl-L-Proline,217
43.0,H1_Glycyl-L-Proline,222
43.25,H1_Glycyl-L-Proline,219
43.5,H1_Glycyl-L-Proline,211
43.75,H1_Glycyl-L-Proline,215
44.0,H1_Glycyl-L-Proline,208
44.25,H1_Glycyl-L-Proline,213
44.5,H1_Glycyl-L-Proline,213
44.75,H1_Glycyl-L-Proline,212
45.0,H1_Glycyl-L-Proline,206
45.25,H1_Glycyl-L-Proline,205
45.5,H1_Glycyl-L-Proline,207
45.75,H1_Glycyl-L-Proline,207
46.0,H1_Glycyl-L-Proline,212
46.25,H1_Glycyl-L-Proline,203
46.5,H1_Glycyl-L-Proline,211
46.75,H1_Glycyl-L-Proline,206
47.0,H1_Glycyl-L-Proline,207
47.25,H1_Glycyl-L-Proline,208
47.5,H1_Glycyl-L-Proline,0
0.0,H2_p-Hydroxy_Phenyl_AceticAcid,46
0.25,H2_p-Hydroxy_Phenyl_AceticAcid,23
0.5,H2_p-Hydroxy_Phenyl_AceticAcid,12
0.75,H2_p-Hydroxy_Phenyl_AceticAcid,11
1.0,H2_p-Hydroxy_Phenyl_AceticAcid,11
1.25,H2_p-Hydroxy_Phenyl_AceticAcid,11
1.5,H2_p-Hydroxy_Phenyl_AceticAcid,11
1.75,H2_p-Hydroxy_Phenyl_AceticAcid,14
2.0,H2_p-Hydroxy_Phenyl_AceticAcid,11
2.25,H2_p-Hydroxy_Phenyl_AceticAcid,14
2.5,H2_p-Hydroxy_Phenyl_AceticAcid,11
2.75,H2_p-Hydroxy_Phenyl_AceticAcid,11
3.0,H2_p-Hydroxy_Phenyl_AceticAcid,12
3.25,H2_p-Hydroxy_Phenyl_AceticAcid,11
3.5,H2_p-Hydroxy_Phenyl_AceticAcid,11
3.75,H2_p-Hydroxy_Phenyl_AceticAcid,11
4.0,H2_p-Hydroxy_Phenyl_AceticAcid,11
4.25,H2_p-Hydroxy_Phenyl_AceticAcid,11
4.5,H2_p-Hydroxy_Phenyl_AceticAcid,15
4.75,H2_p-Hydroxy_Phenyl_AceticAcid,12
5.0,H2_p-Hydroxy_Phenyl_AceticAcid,14
5.25,H2_p-Hydroxy_Phenyl_AceticAcid,15
5.5,H2_p-Hydroxy_Phenyl_AceticAcid,15
5.75,H2_p-Hydroxy_Phenyl_AceticAcid,18
6.0,H2_p-Hydroxy_Phenyl_AceticAcid,19
6.25,H2_p-Hydroxy_Phenyl_AceticAcid,22
6.5,H2_p-Hydroxy_Phenyl_AceticAcid,26
6.75,H2_p-Hydroxy_Phenyl_AceticAcid,25
7.0,H2_p-Hydroxy_Phenyl_AceticAcid,23
7.25,H2_p-Hydroxy_Phenyl_AceticAcid,25
7.5,H2_p-Hydroxy_Phenyl_AceticAcid,25
7.75,H2_p-Hydroxy_Phenyl_AceticAcid,33
8.0,H2_p-Hydroxy_Phenyl_AceticAcid,32
8.25,H2_p-Hydroxy_Phenyl_AceticAcid,33
8.5,H2_p-Hydroxy_Phenyl_AceticAcid,32
8.75,H2_p-Hydroxy_Phenyl_AceticAcid,31
9.0,H2_p-Hydroxy_Phenyl_AceticAcid,37
9.25,H2_p-Hydroxy_Phenyl_AceticAcid,34
9.5,H2_p-Hydroxy_Phenyl_AceticAcid,37
9.75,H2_p-Hydroxy_Phenyl_AceticAcid,35
10.0,H2_p-Hydroxy_Phenyl_AceticAcid,33
10.25,H2_p-Hydroxy_Phenyl_AceticAcid,32
10.5,H2_p-Hydroxy_Phenyl_AceticAcid,33
10.75,H2_p-Hydroxy_Phenyl_AceticAcid,34
11.0,H2_p-Hydroxy_Phenyl_AceticAcid,37
11.25,H2_p-Hydroxy_Phenyl_AceticAcid,30
11.5,H2_p-Hydroxy_Phenyl_AceticAcid,32
11.75,H2_p-Hydroxy_Phenyl_AceticAcid,29
12.0,H2_p-Hydroxy_Phenyl_AceticAcid,38
12.25,H2_p-Hydroxy_Phenyl_AceticAcid,39
12.5,H2_p-Hydroxy_Phenyl_AceticAcid,34
12.75,H2_p-Hydroxy_Phenyl_AceticAcid,37
13.0,H2_p-Hydroxy_Phenyl_AceticAcid,35
13.25,H2_p-Hydroxy_Phenyl_AceticAcid,37
13.5,H2_p-Hydroxy_Phenyl_AceticAcid,37
13.75,H2_p-Hydroxy_Phenyl_AceticAcid,38
14.0,H2_p-Hydroxy_Phenyl_AceticAcid,34
14.25,H2_p-Hydroxy_Phenyl_AceticAcid,33
14.5,H2_p-Hydroxy_Phenyl_AceticAcid,33
14.75,H2_p-Hydroxy_Phenyl_AceticAcid,35
15.0,H2_p-Hydroxy_Phenyl_AceticAcid,32
15.25,H2_p-Hydroxy_Phenyl_AceticAcid,38
15.5,H2_p-Hydroxy_Phenyl_AceticAcid,34
15.75,H2_p-Hydroxy_Phenyl_AceticAcid,41
16.0,H2_p-Hydroxy_Phenyl_AceticAcid,35
16.25,H2_p-Hydroxy_Phenyl_AceticAcid,40
16.5,H2_p-Hydroxy_Phenyl_AceticAcid,38
16.75,H2_p-Hydroxy_Phenyl_AceticAcid,34
17.0,H2_p-Hydroxy_Phenyl_AceticAcid,38
17.25,H2_p-Hydroxy_Phenyl_AceticAcid,35
17.5,H2_p-Hydroxy_Phenyl_AceticAcid,37
17.75,H2_p-Hydroxy_Phenyl_AceticAcid,38
18.0,H2_p-Hydroxy_Phenyl_AceticAcid,39
18.25,H2_p-Hydroxy_Phenyl_AceticAcid,37
18.5,H2_p-Hydroxy_Phenyl_AceticAcid,40
18.75,H2_p-Hydroxy_Phenyl_AceticAcid,37
19.0,H2_p-Hydroxy_Phenyl_AceticAcid,36
19.25,H2_p-Hydroxy_Phenyl_AceticAcid,38
19.5,H2_p-Hydroxy_Phenyl_AceticAcid,35
19.75,H2_p-Hydroxy_Phenyl_AceticAcid,36
20.0,H2_p-Hydroxy_Phenyl_AceticAcid,37
20.25,H2_p-Hydroxy_Phenyl_AceticAcid,38
20.5,H2_p-Hydroxy_Phenyl_AceticAcid,37
20.75,H2_p-Hydroxy_Phenyl_AceticAcid,42
21.0,H2_p-Hydroxy_Phenyl_AceticAcid,39
21.25,H2_p-Hydroxy_Phenyl_AceticAcid,39
21.5,H2_p-Hydroxy_Phenyl_AceticAcid,34
21.75,H2_p-Hydroxy_Phenyl_AceticAcid,38
22.0,H2_p-Hydroxy_Phenyl_AceticAcid,38
22.25,H2_p-Hydroxy_Phenyl_AceticAcid,36
22.5,H2_p-Hydroxy_Phenyl_AceticAcid,40
22.75,H2_p-Hydroxy_Phenyl_AceticAcid,35
23.0,H2_p-Hydroxy_Phenyl_AceticAcid,37
23.25,H2_p-Hydroxy_Phenyl_AceticAcid,31
23.5,H2_p-Hydroxy_Phenyl_AceticAcid,32
23.75,H2_p-Hydroxy_Phenyl_AceticAcid,40
24.0,H2_p-Hydroxy_Phenyl_AceticAcid,36
24.25,H2_p-Hydroxy_Phenyl_AceticAcid,30
24.5,H2_p-Hydroxy_Phenyl_AceticAcid,36
24.75,H2_p-Hydroxy_Phenyl_AceticAcid,36
25.0,H2_p-Hydroxy_Phenyl_AceticAcid,35
25.25,H2_p-Hydroxy_Phenyl_AceticAcid,40
25.5,H2_p-Hydroxy_Phenyl_AceticAcid,35
25.75,H2_p-Hydroxy_Phenyl_AceticAcid,34
26.0,H2_p-Hydroxy_Phenyl_AceticAcid,35
26.25,H2_p-Hydroxy_Phenyl_AceticAcid,39
26.5,H2_p-Hydroxy_Phenyl_AceticAcid,34
26.75,H2_p-Hydroxy_Phenyl_AceticAcid,36
27.0,H2_p-Hydroxy_Phenyl_AceticAcid,39
27.25,H2_p-Hydroxy_Phenyl_AceticAcid,35
27.5,H2_p-Hydroxy_Phenyl_AceticAcid,39
27.75,H2_p-Hydroxy_Phenyl_AceticAcid,36
28.0,H2_p-Hydroxy_Phenyl_AceticAcid,36
28.25,H2_p-Hydroxy_Phenyl_AceticAcid,35
28.5,H2_p-Hydroxy_Phenyl_AceticAcid,39
28.75,H2_p-Hydroxy_Phenyl_AceticAcid,36
29.0,H2_p-Hydroxy_Phenyl_AceticAcid,40
29.25,H2_p-Hydroxy_Phenyl_AceticAcid,40
29.5,H2_p-Hydroxy_Phenyl_AceticAcid,38
29.75,H2_p-Hydroxy_Phenyl_AceticAcid,34
30.0,H2_p-Hydroxy_Phenyl_AceticAcid,38
30.25,H2_p-Hydroxy_Phenyl_AceticAcid,35
30.5,H2_p-Hydroxy_Phenyl_AceticAcid,36
30.75,H2_p-Hydroxy_Phenyl_AceticAcid,37
31.0,H2_p-Hydroxy_Phenyl_AceticAcid,34
31.25,H2_p-Hydroxy_Phenyl_AceticAcid,34
31.5,H2_p-Hydroxy_Phenyl_AceticAcid,33
31.75,H2_p-Hydroxy_Phenyl_AceticAcid,34
32.0,H2_p-Hydroxy_Phenyl_AceticAcid,38
32.25,H2_p-Hydroxy_Phenyl_AceticAcid,41
32.5,H2_p-Hydroxy_Phenyl_AceticAcid,34
32.75,H2_p-Hydroxy_Phenyl_AceticAcid,37
33.0,H2_p-Hydroxy_Phenyl_AceticAcid,35
33.25,H2_p-Hydroxy_Phenyl_AceticAcid,36
33.5,H2_p-Hydroxy_Phenyl_AceticAcid,34
33.75,H2_p-Hydroxy_Phenyl_AceticAcid,31
34.0,H2_p-Hydroxy_Phenyl_AceticAcid,35
34.25,H2_p-Hydroxy_Phenyl_AceticAcid,35
34.5,H2_p-Hydroxy_Phenyl_AceticAcid,33
34.75,H2_p-Hydroxy_Phenyl_AceticAcid,31
35.0,H2_p-Hydroxy_Phenyl_AceticAcid,36
35.25,H2_p-Hydroxy_Phenyl_AceticAcid,32
35.5,H2_p-Hydroxy_Phenyl_AceticAcid,35
35.75,H2_p-Hydroxy_Phenyl_AceticAcid,35
36.0,H2_p-Hydroxy_Phenyl_AceticAcid,35
36.25,H2_p-Hydroxy_Phenyl_AceticAcid,34
36.5,H2_p-Hydroxy_Phenyl_AceticAcid,33
36.75,H2_p-Hydroxy_Phenyl_AceticAcid,36
37.0,H2_p-Hydroxy_Phenyl_AceticAcid,33
37.25,H2_p-Hydroxy_Phenyl_AceticAcid,32
37.5,H2_p-Hydroxy_Phenyl_AceticAcid,27
37.75,H2_p-Hydroxy_Phenyl_AceticAcid,32
38.0,H2_p-Hydroxy_Phenyl_AceticAcid,38
38.25,H2_p-Hydroxy_Phenyl_AceticAcid,31
38.5,H2_p-Hydroxy_Phenyl_AceticAcid,33
38.75,H2_p-Hydroxy_Phenyl_AceticAcid,34
39.0,H2_p-Hydroxy_Phenyl_AceticAcid,36
39.25,H2_p-Hydroxy_Phenyl_AceticAcid,37
39.5,H2_p-Hydroxy_Phenyl_AceticAcid,35
39.75,H2_p-Hydroxy_Phenyl_AceticAcid,33
40.0,H2_p-Hydroxy_Phenyl_AceticAcid,28
40.25,H2_p-Hydroxy_Phenyl_AceticAcid,32
40.5,H2_p-Hydroxy_Phenyl_AceticAcid,34
40.75,H2_p-Hydroxy_Phenyl_AceticAcid,33
41.0,H2_p-Hydroxy_Phenyl_AceticAcid,35
41.25,H2_p-Hydroxy_Phenyl_AceticAcid,31
41.5,H2_p-Hydroxy_Phenyl_AceticAcid,30
41.75,H2_p-Hydroxy_Phenyl_AceticAcid,33
42.0,H2_p-Hydroxy_Phenyl_AceticAcid,28
42.25,H2_p-Hydroxy_Phenyl_AceticAcid,34
42.5,H2_p-Hydroxy_Phenyl_AceticAcid,33
42.75,H2_p-Hydroxy_Phenyl_AceticAcid,33
43.0,H2_p-Hydroxy_Phenyl_AceticAcid,37
43.25,H2_p-Hydroxy_Phenyl_AceticAcid,31
43.5,H2_p-Hydroxy_Phenyl_AceticAcid,32
43.75,H2_p-Hydroxy_Phenyl_AceticAcid,31
44.0,H2_p-Hydroxy_Phenyl_AceticAcid,33
44.25,H2_p-Hydroxy_Phenyl_AceticAcid,32
44.5,H2_p-Hydroxy_Phenyl_AceticAcid,32
44.75,H2_p-Hydroxy_Phenyl_AceticAcid,29
45.0,H2_p-Hydroxy_Phenyl_AceticAcid,29
45.25,H2_p-Hydroxy_Phenyl_AceticAcid,31
45.5,H2_p-Hydroxy_Phenyl_AceticAcid,30
45.75,H2_p-Hydroxy_Phenyl_AceticAcid,32
46.0,H2_p-Hydroxy_Phenyl_AceticAcid,34
46.25,H2_p-Hydroxy_Phenyl_AceticAcid,28
46.5,H2_p-Hydroxy_Phenyl_AceticAcid,30
46.75,H2_p-Hydroxy_Phenyl_AceticAcid,30
47.0,H2_p-Hydroxy_Phenyl_AceticAcid,30
47.25,H2_p-Hydroxy_Phenyl_AceticAcid,29
47.5,H2_p-Hydroxy_Phenyl_AceticAcid,0
0.0,H3_m-Hydroxy_Phenyl_AceticAcid,56
0.25,H3_m-Hydroxy_Phenyl_AceticAcid,32
0.5,H3_m-Hydroxy_Phenyl_AceticAcid,11
0.75,H3_m-Hydroxy_Phenyl_AceticAcid,11
1.0,H3_m-Hydroxy_Phenyl_AceticAcid,11
1.25,H3_m-Hydroxy_Phenyl_AceticAcid,11
1.5,H3_m-Hydroxy_Phenyl_AceticAcid,11
1.75,H3_m-Hydroxy_Phenyl_AceticAcid,11
2.0,H3_m-Hydroxy_Phenyl_AceticAcid,11
2.25,H3_m-Hydroxy_Phenyl_AceticAcid,12
2.5,H3_m-Hydroxy_Phenyl_AceticAcid,13
2.75,H3_m-Hydroxy_Phenyl_AceticAcid,11
3.0,H3_m-Hydroxy_Phenyl_AceticAcid,11
3.25,H3_m-Hydroxy_Phenyl_AceticAcid,11
3.5,H3_m-Hydroxy_Phenyl_AceticAcid,11
3.75,H3_m-Hydroxy_Phenyl_AceticAcid,11
4.0,H3_m-Hydroxy_Phenyl_AceticAcid,11
4.25,H3_m-Hydroxy_Phenyl_AceticAcid,11
4.5,H3_m-Hydroxy_Phenyl_AceticAcid,11
4.75,H3_m-Hydroxy_Phenyl_AceticAcid,12
5.0,H3_m-Hydroxy_Phenyl_AceticAcid,12
5.25,H3_m-Hydroxy_Phenyl_AceticAcid,14
5.5,H3_m-Hydroxy_Phenyl_AceticAcid,13
5.75,H3_m-Hydroxy_Phenyl_AceticAcid,13
6.0,H3_m-Hydroxy_Phenyl_AceticAcid,11
6.25,H3_m-Hydroxy_Phenyl_AceticAcid,19
6.5,H3_m-Hydroxy_Phenyl_AceticAcid,19
6.75,H3_m-Hydroxy_Phenyl_AceticAcid,22
7.0,H3_m-Hydroxy_Phenyl_AceticAcid,19
7.25,H3_m-Hydroxy_Phenyl_AceticAcid,18
7.5,H3_m-Hydroxy_Phenyl_AceticAcid,19
7.75,H3_m-Hydroxy_Phenyl_AceticAcid,29
8.0,H3_m-Hydroxy_Phenyl_AceticAcid,30
8.25,H3_m-Hydroxy_Phenyl_AceticAcid,27
8.5,H3_m-Hydroxy_Phenyl_AceticAcid,27
8.75,H3_m-Hydroxy_Phenyl_AceticAcid,24
9.0,H3_m-Hydroxy_Phenyl_AceticAcid,28
9.25,H3_m-Hydroxy_Phenyl_AceticAcid,23
9.5,H3_m-Hydroxy_Phenyl_AceticAcid,31
9.75,H3_m-Hydroxy_Phenyl_AceticAcid,29
10.0,H3_m-Hydroxy_Phenyl_AceticAcid,32
10.25,H3_m-Hydroxy_Phenyl_AceticAcid,35
10.5,H3_m-Hydroxy_Phenyl_AceticAcid,36
10.75,H3_m-Hydroxy_Phenyl_AceticAcid,34
11.0,H3_m-Hydroxy_Phenyl_AceticAcid,39
11.25,H3_m-Hydroxy_Phenyl_AceticAcid,37
11.5,H3_m-Hydroxy_Phenyl_AceticAcid,46
11.75,H3_m-Hydroxy_Phenyl_AceticAcid,51
12.0,H3_m-Hydroxy_Phenyl_AceticAcid,53
12.25,H3_m-Hydroxy_Phenyl_AceticAcid,52
12.5,H3_m-Hydroxy_Phenyl_AceticAcid,57
12.75,H3_m-Hydroxy_Phenyl_AceticAcid,53
13.0,H3_m-Hydroxy_Phenyl_AceticAcid,58
13.25,H3_m-Hydroxy_Phenyl_AceticAcid,63
13.5,H3_m-Hydroxy_Phenyl_AceticAcid,63
13.75,H3_m-Hydroxy_Phenyl_AceticAcid,67
14.0,H3_m-Hydroxy_Phenyl_AceticAcid,70
14.25,H3_m-Hydroxy_Phenyl_AceticAcid,69
14.5,H3_m-Hydroxy_Phenyl_AceticAcid,71
14.75,H3_m-Hydroxy_Phenyl_AceticAcid,75
15.0,H3_m-Hydroxy_Phenyl_AceticAcid,74
15.25,H3_m-Hydroxy_Phenyl_AceticAcid,81
15.5,H3_m-Hydroxy_Phenyl_AceticAcid,80
15.75,H3_m-Hydroxy_Phenyl_AceticAcid,82
16.0,H3_m-Hydroxy_Phenyl_AceticAcid,81
16.25,H3_m-Hydroxy_Phenyl_AceticAcid,83
16.5,H3_m-Hydroxy_Phenyl_AceticAcid,85
16.75,H3_m-Hydroxy_Phenyl_AceticAcid,84
17.0,H3_m-Hydroxy_Phenyl_AceticAcid,87
17.25,H3_m-Hydroxy_Phenyl_AceticAcid,91
17.5,H3_m-Hydroxy_Phenyl_AceticAcid,88
17.75,H3_m-Hydroxy_Phenyl_AceticAcid,87
18.0,H3_m-Hydroxy_Phenyl_AceticAcid,93
18.25,H3_m-Hydroxy_Phenyl_AceticAcid,95
18.5,H3_m-Hydroxy_Phenyl_AceticAcid,94
18.75,H3_m-Hydroxy_Phenyl_AceticAcid,97
19.0,H3_m-Hydroxy_Phenyl_AceticAcid,100
19.25,H3_m-Hydroxy_Phenyl_AceticAcid,99
19.5,H3_m-Hydroxy_Phenyl_AceticAcid,97
19.75,H3_m-Hydroxy_Phenyl_AceticAcid,96
20.0,H3_m-Hydroxy_Phenyl_AceticAcid,101
20.25,H3_m-Hydroxy_Phenyl_AceticAcid,102
20.5,H3_m-Hydroxy_Phenyl_AceticAcid,105
20.75,H3_m-Hydroxy_Phenyl_AceticAcid,109
21.0,H3_m-Hydroxy_Phenyl_AceticAcid,107
21.25,H3_m-Hydroxy_Phenyl_AceticAcid,105
21.5,H3_m-Hydroxy_Phenyl_AceticAcid,109
21.75,H3_m-Hydroxy_Phenyl_AceticAcid,105
22.0,H3_m-Hydroxy_Phenyl_AceticAcid,112
22.25,H3_m-Hydroxy_Phenyl_AceticAcid,107
22.5,H3_m-Hydroxy_Phenyl_AceticAcid,109
22.75,H3_m-Hydroxy_Phenyl_AceticAcid,111
23.0,H3_m-Hydroxy_Phenyl_AceticAcid,113
23.25,H3_m-Hydroxy_Phenyl_AceticAcid,111
23.5,H3_m-Hydroxy_Phenyl_AceticAcid,114
23.75,H3_m-Hydroxy_Phenyl_AceticAcid,114
24.0,H3_m-Hydroxy_Phenyl_AceticAcid,114
24.25,H3_m-Hydroxy_Phenyl_AceticAcid,112
24.5,H3_m-Hydroxy_Phenyl_AceticAcid,115
24.75,H3_m-Hydroxy_Phenyl_AceticAcid,119
25.0,H3_m-Hydroxy_Phenyl_AceticAcid,118
25.25,H3_m-Hydroxy_Phenyl_AceticAcid,117
25.5,H3_m-Hydroxy_Phenyl_AceticAcid,118
25.75,H3_m-Hydroxy_Phenyl_AceticAcid,117
26.0,H3_m-Hydroxy_Phenyl_AceticAcid,119
26.25,H3_m-Hydroxy_Phenyl_AceticAcid,124
26.5,H3_m-Hydroxy_Phenyl_AceticAcid,122
26.75,H3_m-Hydroxy_Phenyl_AceticAcid,122
27.0,H3_m-Hydroxy_Phenyl_AceticAcid,120
27.25,H3_m-Hydroxy_Phenyl_AceticAcid,124
27.5,H3_m-Hydroxy_Phenyl_AceticAcid,122
27.75,H3_m-Hydroxy_Phenyl_AceticAcid,125
28.0,H3_m-Hydroxy_Phenyl_AceticAcid,125
28.25,H3_m-Hydroxy_Phenyl_AceticAcid,118
28.5,H3_m-Hydroxy_Phenyl_AceticAcid,124
28.75,H3_m-Hydroxy_Phenyl_AceticAcid,122
29.0,H3_m-Hydroxy_Phenyl_AceticAcid,123
29.25,H3_m-Hydroxy_Phenyl_AceticAcid,130
29.5,H3_m-Hydroxy_Phenyl_AceticAcid,128
29.75,H3_m-Hydroxy_Phenyl_AceticAcid,128
30.0,H3_m-Hydroxy_Phenyl_AceticAcid,131
30.25,H3_m-Hydroxy_Phenyl_AceticAcid,127
30.5,H3_m-Hydroxy_Phenyl_AceticAcid,128
30.75,H3_m-Hydroxy_Phenyl_AceticAcid,126
31.0,H3_m-Hydroxy_Phenyl_AceticAcid,132
31.25,H3_m-Hydroxy_Phenyl_AceticAcid,128
31.5,H3_m-Hydroxy_Phenyl_AceticAcid,126
31.75,H3_m-Hydroxy_Phenyl_AceticAcid,129
32.0,H3_m-Hydroxy_Phenyl_AceticAcid,133
32.25,H3_m-Hydroxy_Phenyl_AceticAcid,129
32.5,H3_m-Hydroxy_Phenyl_AceticAcid,132
32.75,H3_m-Hydroxy_Phenyl_AceticAcid,128
33.0,H3_m-Hydroxy_Phenyl_AceticAcid,131
33.25,H3_m-Hydroxy_Phenyl_AceticAcid,134
33.5,H3_m-Hydroxy_Phenyl_AceticAcid,130
33.75,H3_m-Hydroxy_Phenyl_AceticAcid,129
34.0,H3_m-Hydroxy_Phenyl_AceticAcid,128
34.25,H3_m-Hydroxy_Phenyl_AceticAcid,132
34.5,H3_m-Hydroxy_Phenyl_AceticAcid,135
34.75,H3_m-Hydroxy_Phenyl_AceticAcid,134
35.0,H3_m-Hydroxy_Phenyl_AceticAcid,134
35.25,H3_m-Hydroxy_Phenyl_AceticAcid,133
35.5,H3_m-Hydroxy_Phenyl_AceticAcid,138
35.75,H3_m-Hydroxy_Phenyl_AceticAcid,136
36.0,H3_m-Hydroxy_Phenyl_AceticAcid,133
36.25,H3_m-Hydroxy_Phenyl_AceticAcid,135
36.5,H3_m-Hydroxy_Phenyl_AceticAcid,132
36.75,H3_m-Hydroxy_Phenyl_AceticAcid,135
37.0,H3_m-Hydroxy_Phenyl_AceticAcid,134
37.25,H3_m-Hydroxy_Phenyl_AceticAcid,129
37.5,H3_m-Hydroxy_Phenyl_AceticAcid,132
37.75,H3_m-Hydroxy_Phenyl_AceticAcid,134
38.0,H3_m-Hydroxy_Phenyl_AceticAcid,141
38.25,H3_m-Hydroxy_Phenyl_AceticAcid,131
38.5,H3_m-Hydroxy_Phenyl_AceticAcid,136
38.75,H3_m-Hydroxy_Phenyl_AceticAcid,134
39.0,H3_m-Hydroxy_Phenyl_AceticAcid,140
39.25,H3_m-Hydroxy_Phenyl_AceticAcid,138
39.5,H3_m-Hydroxy_Phenyl_AceticAcid,136
39.75,H3_m-Hydroxy_Phenyl_AceticAcid,136
40.0,H3_m-Hydroxy_Phenyl_AceticAcid,137
40.25,H3_m-Hydroxy_Phenyl_AceticAcid,134
40.5,H3_m-Hydroxy_Phenyl_AceticAcid,139
40.75,H3_m-Hydroxy_Phenyl_AceticAcid,139
41.0,H3_m-Hydroxy_Phenyl_AceticAcid,139
41.25,H3_m-Hydroxy_Phenyl_AceticAcid,142
41.5,H3_m-Hydroxy_Phenyl_AceticAcid,138
41.75,H3_m-Hydroxy_Phenyl_AceticAcid,138
42.0,H3_m-Hydroxy_Phenyl_AceticAcid,136
42.25,H3_m-Hydroxy_Phenyl_AceticAcid,140
42.5,H3_m-Hydroxy_Phenyl_AceticAcid,137
42.75,H3_m-Hydroxy_Phenyl_AceticAcid,139
43.0,H3_m-Hydroxy_Phenyl_AceticAcid,144
43.25,H3_m-Hydroxy_Phenyl_AceticAcid,142
43.5,H3_m-Hydroxy_Phenyl_AceticAcid,140
43.75,H3_m-Hydroxy_Phenyl_AceticAcid,140
44.0,H3_m-Hydroxy_Phenyl_AceticAcid,143
44.25,H3_m-Hydroxy_Phenyl_AceticAcid,139
44.5,H3_m-Hydroxy_Phenyl_AceticAcid,142
44.75,H3_m-Hydroxy_Phenyl_AceticAcid,143
45.0,H3_m-Hydroxy_Phenyl_AceticAcid,141
45.25,H3_m-Hydroxy_Phenyl_AceticAcid,144
45.5,H3_m-Hydroxy_Phenyl_AceticAcid,141
45.75,H3_m-Hydroxy_Phenyl_AceticAcid,144
46.0,H3_m-Hydroxy_Phenyl_AceticAcid,142
46.25,H3_m-Hydroxy_Phenyl_AceticAcid,140
46.5,H3_m-Hydroxy_Phenyl_AceticAcid,148
46.75,H3_m-Hydroxy_Phenyl_AceticAcid,144
47.0,H3_m-Hydroxy_Phenyl_AceticAcid,143
47.25,H3_m-Hydroxy_Phenyl_AceticAcid,146
47.5,H3_m-Hydroxy_Phenyl_AceticAcid,0
0.0,H4_Tyramine,14
0.25,H4_Tyramine,11
0.5,H4_Tyramine,11
0.75,H4_Tyramine,13
1.0,H4_Tyramine,13
1.25,H4_Tyramine,11
1.5,H4_Tyramine,14
1.75,H4_Tyramine,16
2.0,H4_Tyramine,15
2.25,H4_Tyramine,17
2.5,H4_Tyramine,11
2.75,H4_Tyramine,13
3.0,H4_Tyramine,15
3.25,H4_Tyramine,13
3.5,H4_Tyramine,15
3.75,H4_Tyramine,15
4.0,H4_Tyramine,16
4.25,H4_Tyramine,13
4.5,H4_Tyramine,14
4.75,H4_Tyramine,19
5.0,H4_Tyramine,23
5.25,H4_Tyramine,21
5.5,H4_Tyramine,20
5.75,H4_Tyramine,21
6.0,H4_Tyramine,21
6.25,H4_Tyramine,23
6.5,H4_Tyramine,22
6.75,H4_Tyramine,25
7.0,H4_Tyramine,27
7.25,H4_Tyramine,24
7.5,H4_Tyramine,28
7.75,H4_Tyramine,30
8.0,H4_Tyramine,31
8.25,H4_Tyramine,34
8.5,H4_Tyramine,35
8.75,H4_Tyramine,34
9.0,H4_Tyramine,36
9.25,H4_Tyramine,32
9.5,H4_Tyramine,30
9.75,H4_Tyramine,36
10.0,H4_Tyramine,36
10.25,H4_Tyramine,32
10.5,H4_Tyramine,32
10.75,H4_Tyramine,35
11.0,H4_Tyramine,32
11.25,H4_Tyramine,34
11.5,H4_Tyramine,31
11.75,H4_Tyramine,37
12.0,H4_Tyramine,34
12.25,H4_Tyramine,35
12.5,H4_Tyramine,38
12.75,H4_Tyramine,38
13.0,H4_Tyramine,35
13.25,H4_Tyramine,40
13.5,H4_Tyramine,39
13.75,H4_Tyramine,34
14.0,H4_Tyramine,38
14.25,H4_Tyramine,37
14.5,H4_Tyramine,39
14.75,H4_Tyramine,40
15.0,H4_Tyramine,40
15.25,H4_Tyramine,41
15.5,H4_Tyramine,36
15.75,H4_Tyramine,39
16.0,H4_Tyramine,40
16.25,H4_Tyramine,35
16.5,H4_Tyramine,40
16.75,H4_Tyramine,37
17.0,H4_Tyramine,37
17.25,H4_Tyramine,38
17.5,H4_Tyramine,39
17.75,H4_Tyramine,39
18.0,H4_Tyramine,37
18.25,H4_Tyramine,38
18.5,H4_Tyramine,40
18.75,H4_Tyramine,39
19.0,H4_Tyramine,37
19.25,H4_Tyramine,38
19.5,H4_Tyramine,36
19.75,H4_Tyramine,39
20.0,H4_Tyramine,39
20.25,H4_Tyramine,39
20.5,H4_Tyramine,41
20.75,H4_Tyramine,42
21.0,H4_Tyramine,42
21.25,H4_Tyramine,37
21.5,H4_Tyramine,39
21.75,H4_Tyramine,39
22.0,H4_Tyramine,41
22.25,H4_Tyramine,38
22.5,H4_Tyramine,39
22.75,H4_Tyramine,37
23.0,H4_Tyramine,39
23.25,H4_Tyramine,37
23.5,H4_Tyramine,36
23.75,H4_Tyramine,37
24.0,H4_Tyramine,41
24.25,H4_Tyramine,37
24.5,H4_Tyramine,40
24.75,H4_Tyramine,38
25.0,H4_Tyramine,41
25.25,H4_Tyramine,37
25.5,H4_Tyramine,36
25.75,H4_Tyramine,39
26.0,H4_Tyramine,41
26.25,H4_Tyramine,40
26.5,H4_Tyramine,40
26.75,H4_Tyramine,36
27.0,H4_Tyramine,44
27.25,H4_Tyramine,41
27.5,H4_Tyramine,40
27.75,H4_Tyramine,38
28.0,H4_Tyramine,39
28.25,H4_Tyramine,41
28.5,H4_Tyramine,39
28.75,H4_Tyramine,42
29.0,H4_Tyramine,39
29.25,H4_Tyramine,40
29.5,H4_Tyramine,39
29.75,H4_Tyramine,42
30.0,H4_Tyramine,37
30.25,H4_Tyramine,38
30.5,H4_Tyramine,37
30.75,H4_Tyramine,39
31.0,H4_Tyramine,40
31.25,H4_Tyramine,40
31.5,H4_Tyramine,41
31.75,H4_Tyramine,39
32.0,H4_Tyramine,44
32.25,H4_Tyramine,40
32.5,H4_Tyramine,42
32.75,H4_Tyramine,39
33.0,H4_Tyramine,35
33.25,H4_Tyramine,42
33.5,H4_Tyramine,38
33.75,H4_Tyramine,40
34.0,H4_Tyramine,38
34.25,H4_Tyramine,38
34.5,H4_Tyramine,40
34.75,H4_Tyramine,38
35.0,H4_Tyramine,38
35.25,H4_Tyramine,40
35.5,H4_Tyramine,42
35.75,H4_Tyramine,38
36.0,H4_Tyramine,40
36.25,H4_Tyramine,38
36.5,H4_Tyramine,35
36.75,H4_Tyramine,38
37.0,H4_Tyramine,35
37.25,H4_Tyramine,37
37.5,H4_Tyramine,37
37.75,H4_Tyramine,37
38.0,H4_Tyramine,39
38.25,H4_Tyramine,37
38.5,H4_Tyramine,40
38.75,H4_Tyramine,38
39.0,H4_Tyramine,37
39.25,H4_Tyramine,40
39.5,H4_Tyramine,34
39.75,H4_Tyramine,36
40.0,H4_Tyramine,42
40.25,H4_Tyramine,40
40.5,H4_Tyramine,40
40.75,H4_Tyramine,35
41.0,H4_Tyramine,41
41.25,H4_Tyramine,43
41.5,H4_Tyramine,39
41.75,H4_Tyramine,41
42.0,H4_Tyramine,37
42.25,H4_Tyramine,39
42.5,H4_Tyramine,39
42.75,H4_Tyramine,40
43.0,H4_Tyramine,42
43.25,H4_Tyramine,41
43.5,H4_Tyramine,41
43.75,H4_Tyramine,37
44.0,H4_Tyramine,44
44.25,H4_Tyramine,36
44.5,H4_Tyramine,38
44.75,H4_Tyramine,38
45.0,H4_Tyramine,33
45.25,H4_Tyramine,39
45.5,H4_Tyramine,37
45.75,H4_Tyramine,39
46.0,H4_Tyramine,41
46.25,H4_Tyramine,36
46.5,H4_Tyramine,42
46.75,H4_Tyramine,40
47.0,H4_Tyramine,36
47.25,H4_Tyramine,41
47.5,H4_Tyramine,0
0.0,H5_D-Psicose,23
0.25,H5_D-Psicose,21
0.5,H5_D-Psicose,21
0.75,H5_D-Psicose,26
1.0,H5_D-Psicose,23
1.25,H5_D-Psicose,18
1.5,H5_D-Psicose,24
1.75,H5_D-Psicose,21
2.0,H5_D-Psicose,24
2.25,H5_D-Psicose,25
2.5,H5_D-Psicose,21
2.75,H5_D-Psicose,20
3.0,H5_D-Psicose,21
3.25,H5_D-Psicose,21
3.5,H5_D-Psicose,23
3.75,H5_D-Psicose,21
4.0,H5_D-Psicose,18
4.25,H5_D-Psicose,22
4.5,H5_D-Psicose,22
4.75,H5_D-Psicose,18
5.0,H5_D-Psicose,22
5.25,H5_D-Psicose,24
5.5,H5_D-Psicose,23
5.75,H5_D-Psicose,22
6.0,H5_D-Psicose,21
6.25,H5_D-Psicose,26
6.5,H5_D-Psicose,21
6.75,H5_D-Psicose,22
7.0,H5_D-Psicose,25
7.25,H5_D-Psicose,20
7.5,H5_D-Psicose,24
7.75,H5_D-Psicose,24
8.0,H5_D-Psicose,29
8.25,H5_D-Psicose,27
8.5,H5_D-Psicose,29
8.75,H5_D-Psicose,28
9.0,H5_D-Psicose,27
9.25,H5_D-Psicose,26
9.5,H5_D-Psicose,30
9.75,H5_D-Psicose,30
10.0,H5_D-Psicose,35
10.25,H5_D-Psicose,35
10.5,H5_D-Psicose,40
10.75,H5_D-Psicose,41
11.0,H5_D-Psicose,38
11.25,H5_D-Psicose,40
11.5,H5_D-Psicose,43
11.75,H5_D-Psicose,46
12.0,H5_D-Psicose,49
12.25,H5_D-Psicose,49
12.5,H5_D-Psicose,49
12.75,H5_D-Psicose,47
13.0,H5_D-Psicose,49
13.25,H5_D-Psicose,47
13.5,H5_D-Psicose,51
13.75,H5_D-Psicose,51
14.0,H5_D-Psicose,50
14.25,H5_D-Psicose,50
14.5,H5_D-Psicose,52
14.75,H5_D-Psicose,53
15.0,H5_D-Psicose,50
15.25,H5_D-Psicose,50
15.5,H5_D-Psicose,50
15.75,H5_D-Psicose,57
16.0,H5_D-Psicose,58
16.25,H5_D-Psicose,54
16.5,H5_D-Psicose,51
16.75,H5_D-Psicose,50
17.0,H5_D-Psicose,56
17.25,H5_D-Psicose,51
17.5,H5_D-Psicose,55
17.75,H5_D-Psicose,58
18.0,H5_D-Psicose,58
18.25,H5_D-Psicose,55
18.5,H5_D-Psicose,58
18.75,H5_D-Psicose,54
19.0,H5_D-Psicose,55
19.25,H5_D-Psicose,59
19.5,H5_D-Psicose,52
19.75,H5_D-Psicose,58
20.0,H5_D-Psicose,52
20.25,H5_D-Psicose,55
20.5,H5_D-Psicose,55
20.75,H5_D-Psicose,59
21.0,H5_D-Psicose,51
21.25,H5_D-Psicose,56
21.5,H5_D-Psicose,57
21.75,H5_D-Psicose,52
22.0,H5_D-Psicose,59
22.25,H5_D-Psicose,59
22.5,H5_D-Psicose,54
22.75,H5_D-Psicose,49
23.0,H5_D-Psicose,51
23.25,H5_D-Psicose,53
23.5,H5_D-Psicose,55
23.75,H5_D-Psicose,60
24.0,H5_D-Psicose,62
24.25,H5_D-Psicose,52
24.5,H5_D-Psicose,51
24.75,H5_D-Psicose,56
25.0,H5_D-Psicose,56
25.25,H5_D-Psicose,53
25.5,H5_D-Psicose,59
25.75,H5_D-Psicose,50
26.0,H5_D-Psicose,52
26.25,H5_D-Psicose,61
26.5,H5_D-Psicose,54
26.75,H5_D-Psicose,59
27.0,H5_D-Psicose,60
27.25,H5_D-Psicose,56
27.5,H5_D-Psicose,57
27.75,H5_D-Psicose,55
28.0,H5_D-Psicose,56
28.25,H5_D-Psicose,59
28.5,H5_D-Psicose,55
28.75,H5_D-Psicose,54
29.0,H5_D-Psicose,55
29.25,H5_D-Psicose,58
29.5,H5_D-Psicose,60
29.75,H5_D-Psicose,57
30.0,H5_D-Psicose,62
30.25,H5_D-Psicose,59
30.5,H5_D-Psicose,63
30.75,H5_D-Psicose,60
31.0,H5_D-Psicose,60
31.25,H5_D-Psicose,53
31.5,H5_D-Psicose,55
31.75,H5_D-Psicose,54
32.0,H5_D-Psicose,58
32.25,H5_D-Psicose,58
32.5,H5_D-Psicose,61
32.75,H5_D-Psicose,56
33.0,H5_D-Psicose,57
33.25,H5_D-Psicose,61
33.5,H5_D-Psicose,59
33.75,H5_D-Psicose,53
34.0,H5_D-Psicose,53
34.25,H5_D-Psicose,52
34.5,H5_D-Psicose,56
34.75,H5_D-Psicose,55
35.0,H5_D-Psicose,52
35.25,H5_D-Psicose,51
35.5,H5_D-Psicose,57
35.75,H5_D-Psicose,54
36.0,H5_D-Psicose,55
36.25,H5_D-Psicose,58
36.5,H5_D-Psicose,50
36.75,H5_D-Psicose,54
37.0,H5_D-Psicose,55
37.25,H5_D-Psicose,53
37.5,H5_D-Psicose,50
37.75,H5_D-Psicose,59
38.0,H5_D-Psicose,59
38.25,H5_D-Psicose,53
38.5,H5_D-Psicose,55
38.75,H5_D-Psicose,50
39.0,H5_D-Psicose,55
39.25,H5_D-Psicose,55
39.5,H5_D-Psicose,54
39.75,H5_D-Psicose,56
40.0,H5_D-Psicose,56
40.25,H5_D-Psicose,55
40.5,H5_D-Psicose,52
40.75,H5_D-Psicose,57
41.0,H5_D-Psicose,60
41.25,H5_D-Psicose,59
41.5,H5_D-Psicose,54
41.75,H5_D-Psicose,56
42.0,H5_D-Psicose,55
42.25,H5_D-Psicose,56
42.5,H5_D-Psicose,56
42.75,H5_D-Psicose,56
43.0,H5_D-Psicose,55
43.25,H5_D-Psicose,56
43.5,H5_D-Psicose,49
43.75,H5_D-Psicose,55
44.0,H5_D-Psicose,58
44.25,H5_D-Psicose,56
44.5,H5_D-Psicose,57
44.75,H5_D-Psicose,55
45.0,H5_D-Psicose,53
45.25,H5_D-Psicose,54
45.5,H5_D-Psicose,56
45.75,H5_D-Psicose,54
46.0,H5_D-Psicose,58
46.25,H5_D-Psicose,52
46.5,H5_D-Psicose,53
46.75,H5_D-Psicose,56
47.0,H5_D-Psicose,57
47.25,H5_D-Psicose,55
47.5,H5_D-Psicose,0
0.0,H6_L-Lyxose,125
0.25,H6_L-Lyxose,130
0.5,H6_L-Lyxose,138
0.75,H6_L-Lyxose,140
1.0,H6_L-Lyxose,143
1.25,H6_L-Lyxose,146
1.5,H6_L-Lyxose,146
1.75,H6_L-Lyxose,147
2.0,H6_L-Lyxose,147
2.25,H6_L-Lyxose,148
2.5,H6_L-Lyxose,150
2.75,H6_L-Lyxose,145
3.0,H6_L-Lyxose,153
3.25,H6_L-Lyxose,151
3.5,H6_L-Lyxose,156
3.75,H6_L-Lyxose,154
4.0,H6_L-Lyxose,151
4.25,H6_L-Lyxose,153
4.5,H6_L-Lyxose,155
4.75,H6_L-Lyxose,155
5.0,H6_L-Lyxose,158
5.25,H6_L-Lyxose,157
5.5,H6_L-Lyxose,156
5.75,H6_L-Lyxose,159
6.0,H6_L-Lyxose,158
6.25,H6_L-Lyxose,158
6.5,H6_L-Lyxose,160
6.75,H6_L-Lyxose,162
7.0,H6_L-Lyxose,163
7.25,H6_L-Lyxose,163
7.5,H6_L-Lyxose,166
7.75,H6_L-Lyxose,164
8.0,H6_L-Lyxose,162
8.25,H6_L-Lyxose,167
8.5,H6_L-Lyxose,166
8.75,H6_L-Lyxose,167
9.0,H6_L-Lyxose,168
9.25,H6_L-Lyxose,167
9.5,H6_L-Lyxose,168
9.75,H6_L-Lyxose,167
10.0,H6_L-Lyxose,166
10.25,H6_L-Lyxose,168
10.5,H6_L-Lyxose,171
10.75,H6_L-Lyxose,173
11.0,H6_L-Lyxose,170
11.25,H6_L-Lyxose,171
11.5,H6_L-Lyxose,171
11.75,H6_L-Lyxose,171
12.0,H6_L-Lyxose,170
12.25,H6_L-Lyxose,171
12.5,H6_L-Lyxose,176
12.75,H6_L-Lyxose,171
13.0,H6_L-Lyxose,174
13.25,H6_L-Lyxose,176
13.5,H6_L-Lyxose,175
13.75,H6_L-Lyxose,174
14.0,H6_L-Lyxose,177
14.25,H6_L-Lyxose,178
14.5,H6_L-Lyxose,180
14.75,H6_L-Lyxose,182
15.0,H6_L-Lyxose,177
15.25,H6_L-Lyxose,181
15.5,H6_L-Lyxose,182
15.75,H6_L-Lyxose,183
16.0,H6_L-Lyxose,179
16.25,H6_L-Lyxose,182
16.5,H6_L-Lyxose,180
16.75,H6_L-Lyxose,181
17.0,H6_L-Lyxose,182
17.25,H6_L-Lyxose,183
17.5,H6_L-Lyxose,181
17.75,H6_L-Lyxose,186
18.0,H6_L-Lyxose,189
18.25,H6_L-Lyxose,181
18.5,H6_L-Lyxose,186
18.75,H6_L-Lyxose,186
19.0,H6_L-Lyxose,185
19.25,H6_L-Lyxose,185
19.5,H6_L-Lyxose,182
19.75,H6_L-Lyxose,184
20.0,H6_L-Lyxose,189
20.25,H6_L-Lyxose,187
20.5,H6_L-Lyxose,190
20.75,H6_L-Lyxose,189
21.0,H6_L-Lyxose,187
21.25,H6_L-Lyxose,190
21.5,H6_L-Lyxose,189
21.75,H6_L-Lyxose,189
22.0,H6_L-Lyxose,190
22.25,H6_L-Lyxose,192
22.5,H6_L-Lyxose,192
22.75,H6_L-Lyxose,188
23.0,H6_L-Lyxose,190
23.25,H6_L-Lyxose,189
23.5,H6_L-Lyxose,189
23.75,H6_L-Lyxose,193
24.0,H6_L-Lyxose,194
24.25,H6_L-Lyxose,187
24.5,H6_L-Lyxose,193
24.75,H6_L-Lyxose,192
25.0,H6_L-Lyxose,191
25.25,H6_L-Lyxose,191
25.5,H6_L-Lyxose,192
25.75,H6_L-Lyxose,193
26.0,H6_L-Lyxose,191
26.25,H6_L-Lyxose,194
26.5,H6_L-Lyxose,193
26.75,H6_L-Lyxose,193
27.0,H6_L-Lyxose,201
27.25,H6_L-Lyxose,197
27.5,H6_L-Lyxose,197
27.75,H6_L-Lyxose,198
28.0,H6_L-Lyxose,195
28.25,H6_L-Lyxose,199
28.5,H6_L-Lyxose,196
28.75,H6_L-Lyxose,194
29.0,H6_L-Lyxose,196
29.25,H6_L-Lyxose,194
29.5,H6_L-Lyxose,197
29.75,H6_L-Lyxose,199
30.0,H6_L-Lyxose,199
30.25,H6_L-Lyxose,198
30.5,H6_L-Lyxose,200
30.75,H6_L-Lyxose,198
31.0,H6_L-Lyxose,192
31.25,H6_L-Lyxose,200
31.5,H6_L-Lyxose,197
31.75,H6_L-Lyxose,197
32.0,H6_L-Lyxose,199
32.25,H6_L-Lyxose,199
32.5,H6_L-Lyxose,196
32.75,H6_L-Lyxose,196
33.0,H6_L-Lyxose,199
33.25,H6_L-Lyxose,198
33.5,H6_L-Lyxose,198
33.75,H6_L-Lyxose,194
34.0,H6_L-Lyxose,201
34.25,H6_L-Lyxose,198
34.5,H6_L-Lyxose,201
34.75,H6_L-Lyxose,199
35.0,H6_L-Lyxose,201
35.25,H6_L-Lyxose,197
35.5,H6_L-Lyxose,201
35.75,H6_L-Lyxose,201
36.0,H6_L-Lyxose,202
36.25,H6_L-Lyxose,200
36.5,H6_L-Lyxose,199
36.75,H6_L-Lyxose,197
37.0,H6_L-Lyxose,199
37.25,H6_L-Lyxose,200
37.5,H6_L-Lyxose,200
37.75,H6_L-Lyxose,204
38.0,H6_L-Lyxose,201
38.25,H6_L-Lyxose,198
38.5,H6_L-Lyxose,200
38.75,H6_L-Lyxose,199
39.0,H6_L-Lyxose,201
39.25,H6_L-Lyxose,202
39.5,H6_L-Lyxose,202
39.75,H6_L-Lyxose,202
40.0,H6_L-Lyxose,202
40.25,H6_L-Lyxose,201
40.5,H6_L-Lyxose,202
40.75,H6_L-Lyxose,205
41.0,H6_L-Lyxose,207
41.25,H6_L-Lyxose,203
41.5,H6_L-Lyxose,201
41.75,H6_L-Lyxose,202
42.0,H6_L-Lyxose,201
42.25,H6_L-Lyxose,206
42.5,H6_L-Lyxose,205
42.75,H6_L-Lyxose,203
43.0,H6_L-Lyxose,205
43.25,H6_L-Lyxose,204
43.5,H6_L-Lyxose,204
43.75,H6_L-Lyxose,207
44.0,H6_L-Lyxose,202
44.25,H6_L-Lyxose,206
44.5,H6_L-Lyxose,205
44.75,H6_L-Lyxose,205
45.0,H6_L-Lyxose,206
45.25,H6_L-Lyxose,203
45.5,H6_L-Lyxose,205
45.75,H6_L-Lyxose,206
46.0,H6_L-Lyxose,209
46.25,H6_L-Lyxose,209
46.5,H6_L-Lyxose,205
46.75,H6_L-Lyxose,205
47.0,H6_L-Lyxose,207
47.25,H6_L-Lyxose,208
47.5,H6_L-Lyxose,0
0.0,H7_Glucuronamide,15
0.25,H7_Glucuronamide,17
0.5,H7_Glucuronamide,15
0.75,H7_Glucuronamide,21
1.0,H7_Glucuronamide,18
1.25,H7_Glucuronamide,16
1.5,H7_Glucuronamide,11
1.75,H7_Glucuronamide,18
2.0,H7_Glucuronamide,19
2.25,H7_Glucuronamide,21
2.5,H7_Glucuronamide,17
2.75,H7_Glucuronamide,22
3.0,H7_Glucuronamide,18
3.25,H7_Glucuronamide,18
3.5,H7_Glucuronamide,16
3.75,H7_Glucuronamide,19
4.0,H7_Glucuronamide,16
4.25,H7_Glucuronamide,22
4.5,H7_Glucuronamide,22
4.75,H7_Glucuronamide,20
5.0,H7_Glucuronamide,22
5.25,H7_Glucuronamide,24
5.5,H7_Glucuronamide,22
5.75,H7_Glucuronamide,21
6.0,H7_Glucuronamide,25
6.25,H7_Glucuronamide,27
6.5,H7_Glucuronamide,25
6.75,H7_Glucuronamide,29
7.0,H7_Glucuronamide,28
7.25,H7_Glucuronamide,26
7.5,H7_Glucuronamide,29
7.75,H7_Glucuronamide,37
8.0,H7_Glucuronamide,39
8.25,H7_Glucuronamide,37
8.5,H7_Glucuronamide,40
8.75,H7_Glucuronamide,33
9.0,H7_Glucuronamide,37
9.25,H7_Glucuronamide,33
9.5,H7_Glucuronamide,35
9.75,H7_Glucuronamide,35
10.0,H7_Glucuronamide,38
10.25,H7_Glucuronamide,38
10.5,H7_Glucuronamide,39
10.75,H7_Glucuronamide,39
11.0,H7_Glucuronamide,38
11.25,H7_Glucuronamide,37
11.5,H7_Glucuronamide,42
11.75,H7_Glucuronamide,40
12.0,H7_Glucuronamide,40
12.25,H7_Glucuronamide,40
12.5,H7_Glucuronamide,39
12.75,H7_Glucuronamide,42
13.0,H7_Glucuronamide,41
13.25,H7_Glucuronamide,41
13.5,H7_Glucuronamide,41
13.75,H7_Glucuronamide,43
14.0,H7_Glucuronamide,39
14.25,H7_Glucuronamide,44
14.5,H7_Glucuronamide,46
14.75,H7_Glucuronamide,45
15.0,H7_Glucuronamide,43
15.25,H7_Glucuronamide,45
15.5,H7_Glucuronamide,42
15.75,H7_Glucuronamide,46
16.0,H7_Glucuronamide,47
16.25,H7_Glucuronamide,45
16.5,H7_Glucuronamide,44
16.75,H7_Glucuronamide,44
17.0,H7_Glucuronamide,47
17.25,H7_Glucuronamide,45
17.5,H7_Glucuronamide,44
17.75,H7_Glucuronamide,46
18.0,H7_Glucuronamide,44
18.25,H7_Glucuronamide,45
18.5,H7_Glucuronamide,46
18.75,H7_Glucuronamide,48
19.0,H7_Glucuronamide,48
19.25,H7_Glucuronamide,44
19.5,H7_Glucuronamide,50
19.75,H7_Glucuronamide,46
20.0,H7_Glucuronamide,47
20.25,H7_Glucuronamide,47
20.5,H7_Glucuronamide,49
20.75,H7_Glucuronamide,52
21.0,H7_Glucuronamide,49
21.25,H7_Glucuronamide,47
21.5,H7_Glucuronamide,49
21.75,H7_Glucuronamide,48
22.0,H7_Glucuronamide,53
22.25,H7_Glucuronamide,50
22.5,H7_Glucuronamide,56
22.75,H7_Glucuronamide,49
23.0,H7_Glucuronamide,48
23.25,H7_Glucuronamide,46
23.5,H7_Glucuronamide,47
23.75,H7_Glucuronamide,51
24.0,H7_Glucuronamide,51
24.25,H7_Glucuronamide,50
24.5,H7_Glucuronamide,49
24.75,H7_Glucuronamide,45
25.0,H7_Glucuronamide,51
25.25,H7_Glucuronamide,47
25.5,H7_Glucuronamide,47
25.75,H7_Glucuronamide,53
26.0,H7_Glucuronamide,51
26.25,H7_Glucuronamide,50
26.5,H7_Glucuronamide,52
26.75,H7_Glucuronamide,46
27.0,H7_Glucuronamide,52
27.25,H7_Glucuronamide,53
27.5,H7_Glucuronamide,49
27.75,H7_Glucuronamide,54
28.0,H7_Glucuronamide,49
28.25,H7_Glucuronamide,49
28.5,H7_Glucuronamide,54
28.75,H7_Glucuronamide,51
29.0,H7_Glucuronamide,55
29.25,H7_Glucuronamide,50
29.5,H7_Glucuronamide,53
29.75,H7_Glucuronamide,52
30.0,H7_Glucuronamide,55
30.25,H7_Glucuronamide,54
30.5,H7_Glucuronamide,53
30.75,H7_Glucuronamide,50
31.0,H7_Glucuronamide,52
31.25,H7_Glucuronamide,53
31.5,H7_Glucuronamide,53
31.75,H7_Glucuronamide,51
32.0,H7_Glucuronamide,52
32.25,H7_Glucuronamide,53
32.5,H7_Glucuronamide,48
32.75,H7_Glucuronamide,51
33.0,H7_Glucuronamide,52
33.25,H7_Glucuronamide,53
33.5,H7_Glucuronamide,57
33.75,H7_Glucuronamide,57
34.0,H7_Glucuronamide,49
34.25,H7_Glucuronamide,51
34.5,H7_Glucuronamide,48
34.75,H7_Glucuronamide,53
35.0,H7_Glucuronamide,53
35.25,H7_Glucuronamide,52
35.5,H7_Glucuronamide,55
35.75,H7_Glucuronamide,54
36.0,H7_Glucuronamide,53
36.25,H7_Glucuronamide,49
36.5,H7_Glucuronamide,51
36.75,H7_Glucuronamide,54
37.0,H7_Glucuronamide,51
37.25,H7_Glucuronamide,53
37.5,H7_Glucuronamide,51
37.75,H7_Glucuronamide,54
38.0,H7_Glucuronamide,54
38.25,H7_Glucuronamide,51
38.5,H7_Glucuronamide,53
38.75,H7_Glucuronamide,53
39.0,H7_Glucuronamide,55
39.25,H7_Glucuronamide,55
39.5,H7_Glucuronamide,53
39.75,H7_Glucuronamide,55
40.0,H7_Glucuronamide,53
40.25,H7_Glucuronamide,56
40.5,H7_Glucuronamide,53
40.75,H7_Glucuronamide,53
41.0,H7_Glucuronamide,61
41.25,H7_Glucuronamide,57
41.5,H7_Glucuronamide,56
41.75,H7_Glucuronamide,56
42.0,H7_Glucuronamide,54
42.25,H7_Glucuronamide,58
42.5,H7_Glucuronamide,56
42.75,H7_Glucuronamide,53
43.0,H7_Glucuronamide,57
43.25,H7_Glucuronamide,51
43.5,H7_Glucuronamide,54
43.75,H7_Glucuronamide,60
44.0,H7_Glucuronamide,59
44.25,H7_Glucuronamide,52
44.5,H7_Glucuronamide,56
44.75,H7_Glucuronamide,56
45.0,H7_Glucuronamide,55
45.25,H7_Glucuronamide,55
45.5,H7_Glucuronamide,53
45.75,H7_Glucuronamide,54
46.0,H7_Glucuronamide,63
46.25,H7_Glucuronamide,59
46.5,H7_Glucuronamide,54
46.75,H7_Glucuronamide,62
47.0,H7_Glucuronamide,57
47.25,H7_Glucuronamide,56
47.5,H7_Glucuronamide,0
0.0,H8_Pyruvic_Acid,14
0.25,H8_Pyruvic_Acid,11
0.5,H8_Pyruvic_Acid,12
0.75,H8_Pyruvic_Acid,12
1.0,H8_Pyruvic_Acid,14
1.25,H8_Pyruvic_Acid,11
1.5,H8_Pyruvic_Acid,11
1.75,H8_Pyruvic_Acid,11
2.0,H8_Pyruvic_Acid,14
2.25,H8_Pyruvic_Acid,13
2.5,H8_Pyruvic_Acid,14
2.75,H8_Pyruvic_Acid,11
3.0,H8_Pyruvic_Acid,11
3.25,H8_Pyruvic_Acid,11
3.5,H8_Pyruvic_Acid,11
3.75,H8_Pyruvic_Acid,15
4.0,H8_Pyruvic_Acid,12
4.25,H8_Pyruvic_Acid,12
4.5,H8_Pyruvic_Acid,14
4.75,H8_Pyruvic_Acid,12
5.0,H8_Pyruvic_Acid,17
5.25,H8_Pyruvic_Acid,20
5.5,H8_Pyruvic_Acid,21
5.75,H8_Pyruvic_Acid,23
6.0,H8_Pyruvic_Acid,16
6.25,H8_Pyruvic_Acid,24
6.5,H8_Pyruvic_Acid,24
6.75,H8_Pyruvic_Acid,27
7.0,H8_Pyruvic_Acid,22
7.25,H8_Pyruvic_Acid,26
7.5,H8_Pyruvic_Acid,30
7.75,H8_Pyruvic_Acid,36
8.0,H8_Pyruvic_Acid,38
8.25,H8_Pyruvic_Acid,36
8.5,H8_Pyruvic_Acid,37
8.75,H8_Pyruvic_Acid,39
9.0,H8_Pyruvic_Acid,37
9.25,H8_Pyruvic_Acid,34
9.5,H8_Pyruvic_Acid,41
9.75,H8_Pyruvic_Acid,44
10.0,H8_Pyruvic_Acid,41
10.25,H8_Pyruvic_Acid,39
10.5,H8_Pyruvic_Acid,45
10.75,H8_Pyruvic_Acid,49
11.0,H8_Pyruvic_Acid,51
11.25,H8_Pyruvic_Acid,50
11.5,H8_Pyruvic_Acid,51
11.75,H8_Pyruvic_Acid,61
12.0,H8_Pyruvic_Acid,62
12.25,H8_Pyruvic_Acid,70
12.5,H8_Pyruvic_Acid,69
12.75,H8_Pyruvic_Acid,72
13.0,H8_Pyruvic_Acid,79
13.25,H8_Pyruvic_Acid,83
13.5,H8_Pyruvic_Acid,87
13.75,H8_Pyruvic_Acid,90
14.0,H8_Pyruvic_Acid,97
14.25,H8_Pyruvic_Acid,100
14.5,H8_Pyruvic_Acid,105
14.75,H8_Pyruvic_Acid,113
15.0,H8_Pyruvic_Acid,115
15.25,H8_Pyruvic_Acid,122
15.5,H8_Pyruvic_Acid,127
15.75,H8_Pyruvic_Acid,131
16.0,H8_Pyruvic_Acid,134
16.25,H8_Pyruvic_Acid,141
16.5,H8_Pyruvic_Acid,144
16.75,H8_Pyruvic_Acid,150
17.0,H8_Pyruvic_Acid,157
17.25,H8_Pyruvic_Acid,161
17.5,H8_Pyruvic_Acid,163
17.75,H8_Pyruvic_Acid,169
18.0,H8_Pyruvic_Acid,175
18.25,H8_Pyruvic_Acid,177
18.5,H8_Pyruvic_Acid,184
18.75,H8_Pyruvic_Acid,186
19.0,H8_Pyruvic_Acid,190
19.25,H8_Pyruvic_Acid,195
19.5,H8_Pyruvic_Acid,197
19.75,H8_Pyruvic_Acid,201
20.0,H8_Pyruvic_Acid,207
20.25,H8_Pyruvic_Acid,210
20.5,H8_Pyruvic_Acid,214
20.75,H8_Pyruvic_Acid,216
21.0,H8_Pyruvic_Acid,218
21.25,H8_Pyruvic_Acid,224
21.5,H8_Pyruvic_Acid,225
21.75,H8_Pyruvic_Acid,227
22.0,H8_Pyruvic_Acid,233
22.25,H8_Pyruvic_Acid,237
22.5,H8_Pyruvic_Acid,242
22.75,H8_Pyruvic_Acid,239
23.0,H8_Pyruvic_Acid,243
23.25,H8_Pyruvic_Acid,246
23.5,H8_Pyruvic_Acid,246
23.75,H8_Pyruvic_Acid,251
24.0,H8_Pyruvic_Acid,251
24.25,H8_Pyruvic_Acid,254
24.5,H8_Pyruvic_Acid,257
24.75,H8_Pyruvic_Acid,256
25.0,H8_Pyruvic_Acid,261
25.25,H8_Pyruvic_Acid,260
25.5,H8_Pyruvic_Acid,262
25.75,H8_Pyruvic_Acid,266
26.0,H8_Pyruvic_Acid,265
26.25,H8_Pyruvic_Acid,269
26.5,H8_Pyruvic_Acid,266
26.75,H8_Pyruvic_Acid,270
27.0,H8_Pyruvic_Acid,271
27.25,H8_Pyruvic_Acid,270
27.5,H8_Pyruvic_Acid,274
27.75,H8_Pyruvic_Acid,272
28.0,H8_Pyruvic_Acid,272
28.25,H8_Pyruvic_Acid,277
28.5,H8_Pyruvic_Acid,276
28.75,H8_Pyruvic_Acid,277
29.0,H8_Pyruvic_Acid,276
29.25,H8_Pyruvic_Acid,279
29.5,H8_Pyruvic_Acid,280
29.75,H8_Pyruvic_Acid,278
30.0,H8_Pyruvic_Acid,278
30.25,H8_Pyruvic_Acid,280
30.5,H8_Pyruvic_Acid,280
30.75,H8_Pyruvic_Acid,278
31.0,H8_Pyruvic_Acid,279
31.25,H8_Pyruvic_Acid,281
31.5,H8_Pyruvic_Acid,280
31.75,H8_Pyruvic_Acid,281
32.0,H8_Pyruvic_Acid,286
32.25,H8_Pyruvic_Acid,286
32.5,H8_Pyruvic_Acid,283
32.75,H8_Pyruvic_Acid,282
33.0,H8_Pyruvic_Acid,283
33.25,H8_Pyruvic_Acid,288
33.5,H8_Pyruvic_Acid,287
33.75,H8_Pyruvic_Acid,284
34.0,H8_Pyruvic_Acid,285
34.25,H8_Pyruvic_Acid,285
34.5,H8_Pyruvic_Acid,290
34.75,H8_Pyruvic_Acid,285
35.0,H8_Pyruvic_Acid,286
35.25,H8_Pyruvic_Acid,287
35.5,H8_Pyruvic_Acid,290
35.75,H8_Pyruvic_Acid,290
36.0,H8_Pyruvic_Acid,289
36.25,H8_Pyruvic_Acid,288
36.5,H8_Pyruvic_Acid,283
36.75,H8_Pyruvic_Acid,287
37.0,H8_Pyruvic_Acid,285
37.25,H8_Pyruvic_Acid,281
37.5,H8_Pyruvic_Acid,279
37.75,H8_Pyruvic_Acid,283
38.0,H8_Pyruvic_Acid,281
38.25,H8_Pyruvic_Acid,278
38.5,H8_Pyruvic_Acid,277
38.75,H8_Pyruvic_Acid,275
39.0,H8_Pyruvic_Acid,279
39.25,H8_Pyruvic_Acid,276
39.5,H8_Pyruvic_Acid,275
39.75,H8_Pyruvic_Acid,277
40.0,H8_Pyruvic_Acid,276
40.25,H8_Pyruvic_Acid,279
40.5,H8_Pyruvic_Acid,277
40.75,H8_Pyruvic_Acid,279
41.0,H8_Pyruvic_Acid,275
41.25,H8_Pyruvic_Acid,275
41.5,H8_Pyruvic_Acid,274
41.75,H8_Pyruvic_Acid,278
42.0,H8_Pyruvic_Acid,276
42.25,H8_Pyruvic_Acid,276
42.5,H8_Pyruvic_Acid,275
42.75,H8_Pyruvic_Acid,274
43.0,H8_Pyruvic_Acid,279
43.25,H8_Pyruvic_Acid,275
43.5,H8_Pyruvic_Acid,272
43.75,H8_Pyruvic_Acid,274
44.0,H8_Pyruvic_Acid,273
44.25,H8_Pyruvic_Acid,273
44.5,H8_Pyruvic_Acid,276
44.75,H8_Pyruvic_Acid,275
45.0,H8_Pyruvic_Acid,274
45.25,H8_Pyruvic_Acid,274
45.5,H8_Pyruvic_Acid,273
45.75,H8_Pyruvic_Acid,274
46.0,H8_Pyruvic_Acid,277
46.25,H8_Pyruvic_Acid,270
46.5,H8_Pyruvic_Acid,273
46.75,H8_Pyruvic_Acid,271
47.0,H8_Pyruvic_Acid,274
47.25,H8_Pyruvic_Acid,274
47.5,H8_Pyruvic_Acid,0
0.0,H9_L-Galactonic_Acid-g-Lactone,21
0.25,H9_L-Galactonic_Acid-g-Lactone,13
0.5,H9_L-Galactonic_Acid-g-Lactone,18
0.75,H9_L-Galactonic_Acid-g-Lactone,17
1.0,H9_L-Galactonic_Acid-g-Lactone,16
1.25,H9_L-Galactonic_Acid-g-Lactone,14
1.5,H9_L-Galactonic_Acid-g-Lactone,18
1.75,H9_L-Galactonic_Acid-g-Lactone,14
2.0,H9_L-Galactonic_Acid-g-Lactone,17
2.25,H9_L-Galactonic_Acid-g-Lactone,17
2.5,H9_L-Galactonic_Acid-g-Lactone,15
2.75,H9_L-Galactonic_Acid-g-Lactone,19
3.0,H9_L-Galactonic_Acid-g-Lactone,13
3.25,H9_L-Galactonic_Acid-g-Lactone,14
3.5,H9_L-Galactonic_Acid-g-Lactone,13
3.75,H9_L-Galactonic_Acid-g-Lactone,19
4.0,H9_L-Galactonic_Acid-g-Lactone,13
4.25,H9_L-Galactonic_Acid-g-Lactone,18
4.5,H9_L-Galactonic_Acid-g-Lactone,18
4.75,H9_L-Galactonic_Acid-g-Lactone,18
5.0,H9_L-Galactonic_Acid-g-Lactone,21
5.25,H9_L-Galactonic_Acid-g-Lactone,21
5.5,H9_L-Galactonic_Acid-g-Lactone,26
5.75,H9_L-Galactonic_Acid-g-Lactone,30
6.0,H9_L-Galactonic_Acid-g-Lactone,24
6.25,H9_L-Galactonic_Acid-g-Lactone,25
6.5,H9_L-Galactonic_Acid-g-Lactone,31
6.75,H9_L-Galactonic_Acid-g-Lactone,29
7.0,H9_L-Galactonic_Acid-g-Lactone,35
7.25,H9_L-Galactonic_Acid-g-Lactone,33
7.5,H9_L-Galactonic_Acid-g-Lactone,33
7.75,H9_L-Galactonic_Acid-g-Lactone,37
8.0,H9_L-Galactonic_Acid-g-Lactone,41
8.25,H9_L-Galactonic_Acid-g-Lactone,38
8.5,H9_L-Galactonic_Acid-g-Lactone,42
8.75,H9_L-Galactonic_Acid-g-Lactone,39
9.0,H9_L-Galactonic_Acid-g-Lactone,33
9.25,H9_L-Galactonic_Acid-g-Lactone,35
9.5,H9_L-Galactonic_Acid-g-Lactone,38
9.75,H9_L-Galactonic_Acid-g-Lactone,37
10.0,H9_L-Galactonic_Acid-g-Lactone,40
10.25,H9_L-Galactonic_Acid-g-Lactone,39
10.5,H9_L-Galactonic_Acid-g-Lactone,41
10.75,H9_L-Galactonic_Acid-g-Lactone,37
11.0,H9_L-Galactonic_Acid-g-Lactone,40
11.25,H9_L-Galactonic_Acid-g-Lactone,37
11.5,H9_L-Galactonic_Acid-g-Lactone,38
11.75,H9_L-Galactonic_Acid-g-Lactone,40
12.0,H9_L-Galactonic_Acid-g-Lactone,41
12.25,H9_L-Galactonic_Acid-g-Lactone,39
12.5,H9_L-Galactonic_Acid-g-Lactone,41
12.75,H9_L-Galactonic_Acid-g-Lactone,39
13.0,H9_L-Galactonic_Acid-g-Lactone,44
13.25,H9_L-Galactonic_Acid-g-Lactone,39
13.5,H9_L-Galactonic_Acid-g-Lactone,40
13.75,H9_L-Galactonic_Acid-g-Lactone,44
14.0,H9_L-Galactonic_Acid-g-Lactone,42
14.25,H9_L-Galactonic_Acid-g-Lactone,46
14.5,H9_L-Galactonic_Acid-g-Lactone,42
14.75,H9_L-Galactonic_Acid-g-Lactone,42
15.0,H9_L-Galactonic_Acid-g-Lactone,42
15.25,H9_L-Galactonic_Acid-g-Lactone,40
15.5,H9_L-Galactonic_Acid-g-Lactone,43
15.75,H9_L-Galactonic_Acid-g-Lactone,38
16.0,H9_L-Galactonic_Acid-g-Lactone,42
16.25,H9_L-Galactonic_Acid-g-Lactone,44
16.5,H9_L-Galactonic_Acid-g-Lactone,40
16.75,H9_L-Galactonic_Acid-g-Lactone,45
17.0,H9_L-Galactonic_Acid-g-Lactone,46
17.25,H9_L-Galactonic_Acid-g-Lactone,46
17.5,H9_L-Galactonic_Acid-g-Lactone,42
17.75,H9_L-Galactonic_Acid-g-Lactone,41
18.0,H9_L-Galactonic_Acid-g-Lactone,45
18.25,H9_L-Galactonic_Acid-g-Lactone,46
18.5,H9_L-Galactonic_Acid-g-Lactone,46
18.75,H9_L-Galactonic_Acid-g-Lactone,46
19.0,H9_L-Galactonic_Acid-g-Lactone,45
19.25,H9_L-Galactonic_Acid-g-Lactone,45
19.5,H9_L-Galactonic_Acid-g-Lactone,49
19.75,H9_L-Galactonic_Acid-g-Lactone,44
20.0,H9_L-Galactonic_Acid-g-Lactone,43
20.25,H9_L-Galactonic_Acid-g-Lactone,44
20.5,H9_L-Galactonic_Acid-g-Lactone,46
20.75,H9_L-Galactonic_Acid-g-Lactone,45
21.0,H9_L-Galactonic_Acid-g-Lactone,45
21.25,H9_L-Galactonic_Acid-g-Lactone,47
21.5,H9_L-Galactonic_Acid-g-Lactone,46
21.75,H9_L-Galactonic_Acid-g-Lactone,45
22.0,H9_L-Galactonic_Acid-g-Lactone,46
22.25,H9_L-Galactonic_Acid-g-Lactone,49
22.5,H9_L-Galactonic_Acid-g-Lactone,50
22.75,H9_L-Galactonic_Acid-g-Lactone,48
23.0,H9_L-Galactonic_Acid-g-Lactone,47
23.25,H9_L-Galactonic_Acid-g-Lactone,50
23.5,H9_L-Galactonic_Acid-g-Lactone,48
23.75,H9_L-Galactonic_Acid-g-Lactone,46
24.0,H9_L-Galactonic_Acid-g-Lactone,51
24.25,H9_L-Galactonic_Acid-g-Lactone,48
24.5,H9_L-Galactonic_Acid-g-Lactone,47
24.75,H9_L-Galactonic_Acid-g-Lactone,49
25.0,H9_L-Galactonic_Acid-g-Lactone,48
25.25,H9_L-Galactonic_Acid-g-Lactone,50
25.5,H9_L-Galactonic_Acid-g-Lactone,46
25.75,H9_L-Galactonic_Acid-g-Lactone,52
26.0,H9_L-Galactonic_Acid-g-Lactone,51
26.25,H9_L-Galactonic_Acid-g-Lactone,53
26.5,H9_L-Galactonic_Acid-g-Lactone,47
26.75,H9_L-Galactonic_Acid-g-Lactone,52
27.0,H9_L-Galactonic_Acid-g-Lactone,52
27.25,H9_L-Galactonic_Acid-g-Lactone,51
27.5,H9_L-Galactonic_Acid-g-Lactone,48
27.75,H9_L-Galactonic_Acid-g-Lactone,55
28.0,H9_L-Galactonic_Acid-g-Lactone,52
28.25,H9_L-Galactonic_Acid-g-Lactone,53
28.5,H9_L-Galactonic_Acid-g-Lactone,50
28.75,H9_L-Galactonic_Acid-g-Lactone,48
29.0,H9_L-Galactonic_Acid-g-Lactone,55
29.25,H9_L-Galactonic_Acid-g-Lactone,55
29.5,H9_L-Galactonic_Acid-g-Lactone,53
29.75,H9_L-Galactonic_Acid-g-Lactone,53
30.0,H9_L-Galactonic_Acid-g-Lactone,53
30.25,H9_L-Galactonic_Acid-g-Lactone,50
30.5,H9_L-Galactonic_Acid-g-Lactone,48
30.75,H9_L-Galactonic_Acid-g-Lactone,54
31.0,H9_L-Galactonic_Acid-g-Lactone,50
31.25,H9_L-Galactonic_Acid-g-Lactone,54
31.5,H9_L-Galactonic_Acid-g-Lactone,54
31.75,H9_L-Galactonic_Acid-g-Lactone,51
32.0,H9_L-Galactonic_Acid-g-Lactone,53
32.25,H9_L-Galactonic_Acid-g-Lactone,53
32.5,H9_L-Galactonic_Acid-g-Lactone,52
32.75,H9_L-Galactonic_Acid-g-Lactone,54
33.0,H9_L-Galactonic_Acid-g-Lactone,49
33.25,H9_L-Galactonic_Acid-g-Lactone,51
33.5,H9_L-Galactonic_Acid-g-Lactone,54
33.75,H9_L-Galactonic_Acid-g-Lactone,52
34.0,H9_L-Galactonic_Acid-g-Lactone,50
34.25,H9_L-Galactonic_Acid-g-Lactone,49
34.5,H9_L-Galactonic_Acid-g-Lactone,51
34.75,H9_L-Galactonic_Acid-g-Lactone,51
35.0,H9_L-Galactonic_Acid-g-Lactone,51
35.25,H9_L-Galactonic_Acid-g-Lactone,49
35.5,H9_L-Galactonic_Acid-g-Lactone,48
35.75,H9_L-Galactonic_Acid-g-Lactone,50
36.0,H9_L-Galactonic_Acid-g-Lactone,51
36.25,H9_L-Galactonic_Acid-g-Lactone,57
36.5,H9_L-Galactonic_Acid-g-Lactone,50
36.75,H9_L-Galactonic_Acid-g-Lactone,50
37.0,H9_L-Galactonic_Acid-g-Lactone,53
37.25,H9_L-Galactonic_Acid-g-Lactone,50
37.5,H9_L-Galactonic_Acid-g-Lactone,49
37.75,H9_L-Galactonic_Acid-g-Lactone,55
38.0,H9_L-Galactonic_Acid-g-Lactone,55
38.25,H9_L-Galactonic_Acid-g-Lactone,48
38.5,H9_L-Galactonic_Acid-g-Lactone,48
38.75,H9_L-Galactonic_Acid-g-Lactone,52
39.0,H9_L-Galactonic_Acid-g-Lactone,54
39.25,H9_L-Galactonic_Acid-g-Lactone,55
39.5,H9_L-Galactonic_Acid-g-Lactone,51
39.75,H9_L-Galactonic_Acid-g-Lactone,51
40.0,H9_L-Galactonic_Acid-g-Lactone,48
40.25,H9_L-Galactonic_Acid-g-Lactone,51
40.5,H9_L-Galactonic_Acid-g-Lactone,51
40.75,H9_L-Galactonic_Acid-g-Lactone,49
41.0,H9_L-Galactonic_Acid-g-Lactone,54
41.25,H9_L-Galactonic_Acid-g-Lactone,55
41.5,H9_L-Galactonic_Acid-g-Lactone,51
41.75,H9_L-Galactonic_Acid-g-Lactone,56
42.0,H9_L-Galactonic_Acid-g-Lactone,54
42.25,H9_L-Galactonic_Acid-g-Lactone,55
42.5,H9_L-Galactonic_Acid-g-Lactone,55
42.75,H9_L-Galactonic_Acid-g-Lactone,55
43.0,H9_L-Galactonic_Acid-g-Lactone,54
43.25,H9_L-Galactonic_Acid-g-Lactone,52
43.5,H9_L-Galactonic_Acid-g-Lactone,53
43.75,H9_L-Galactonic_Acid-g-Lactone,52
44.0,H9_L-Galactonic_Acid-g-Lactone,56
44.25,H9_L-Galactonic_Acid-g-Lactone,48
44.5,H9_L-Galactonic_Acid-g-Lactone,54
44.75,H9_L-Galactonic_Acid-g-Lactone,53
45.0,H9_L-Galactonic_Acid-g-Lactone,55
45.25,H9_L-Galactonic_Acid-g-Lactone,54
45.5,H9_L-Galactonic_Acid-g-Lactone,55
45.75,H9_L-Galactonic_Acid-g-Lactone,55
46.0,H9_L-Galactonic_Acid-g-Lactone,56
46.25,H9_L-Galactonic_Acid-g-Lactone,56
46.5,H9_L-Galactonic_Acid-g-Lactone,52
46.75,H9_L-Galactonic_Acid-g-Lactone,54
47.0,H9_L-Galactonic_Acid-g-Lactone,53
47.25,H9_L-Galactonic_Acid-g-Lactone,57
47.5,H9_L-Galactonic_Acid-g-Lactone,0
0.0,H10_D-GalacturonicAcid,31
0.25,H10_D-GalacturonicAcid,15
0.5,H10_D-GalacturonicAcid,16
0.75,H10_D-GalacturonicAcid,15
1.0,H10_D-GalacturonicAcid,17
1.25,H10_D-GalacturonicAcid,16
1.5,H10_D-GalacturonicAcid,21
1.75,H10_D-GalacturonicAcid,18
2.0,H10_D-GalacturonicAcid,19
2.25,H10_D-GalacturonicAcid,19
2.5,H10_D-GalacturonicAcid,17
2.75,H10_D-GalacturonicAcid,18
3.0,H10_D-GalacturonicAcid,16
3.25,H10_D-GalacturonicAcid,17
3.5,H10_D-GalacturonicAcid,14
3.75,H10_D-GalacturonicAcid,19
4.0,H10_D-GalacturonicAcid,17
4.25,H10_D-GalacturonicAcid,22
4.5,H10_D-GalacturonicAcid,23
4.75,H10_D-GalacturonicAcid,21
5.0,H10_D-GalacturonicAcid,23
5.25,H10_D-GalacturonicAcid,25
5.5,H10_D-GalacturonicAcid,22
5.75,H10_D-GalacturonicAcid,28
6.0,H10_D-GalacturonicAcid,29
6.25,H10_D-GalacturonicAcid,30
6.5,H10_D-GalacturonicAcid,30
6.75,H10_D-GalacturonicAcid,34
7.0,H10_D-GalacturonicAcid,31
7.25,H10_D-GalacturonicAcid,34
7.5,H10_D-GalacturonicAcid,33
7.75,H10_D-GalacturonicAcid,37
8.0,H10_D-GalacturonicAcid,41
8.25,H10_D-GalacturonicAcid,44
8.5,H10_D-GalacturonicAcid,39
8.75,H10_D-GalacturonicAcid,39
9.0,H10_D-GalacturonicAcid,37
9.25,H10_D-GalacturonicAcid,33
9.5,H10_D-GalacturonicAcid,38
9.75,H10_D-GalacturonicAcid,37
10.0,H10_D-GalacturonicAcid,37
10.25,H10_D-GalacturonicAcid,38
10.5,H10_D-GalacturonicAcid,38
10.75,H10_D-GalacturonicAcid,35
11.0,H10_D-GalacturonicAcid,36
11.25,H10_D-GalacturonicAcid,35
11.5,H10_D-GalacturonicAcid,38
11.75,H10_D-GalacturonicAcid,39
12.0,H10_D-GalacturonicAcid,38
12.25,H10_D-GalacturonicAcid,40
12.5,H10_D-GalacturonicAcid,39
12.75,H10_D-GalacturonicAcid,40
13.0,H10_D-GalacturonicAcid,36
13.25,H10_D-GalacturonicAcid,38
13.5,H10_D-GalacturonicAcid,39
13.75,H10_D-GalacturonicAcid,39
14.0,H10_D-GalacturonicAcid,40
14.25,H10_D-GalacturonicAcid,41
14.5,H10_D-GalacturonicAcid,45
14.75,H10_D-GalacturonicAcid,41
15.0,H10_D-GalacturonicAcid,40
15.25,H10_D-GalacturonicAcid,38
15.5,H10_D-GalacturonicAcid,41
15.75,H10_D-GalacturonicAcid,46
16.0,H10_D-GalacturonicAcid,45
16.25,H10_D-GalacturonicAcid,43
16.5,H10_D-GalacturonicAcid,41
16.75,H10_D-GalacturonicAcid,44
17.0,H10_D-GalacturonicAcid,45
17.25,H10_D-GalacturonicAcid,45
17.5,H10_D-GalacturonicAcid,44
17.75,H10_D-GalacturonicAcid,43
18.0,H10_D-GalacturonicAcid,43
18.25,H10_D-GalacturonicAcid,46
18.5,H10_D-GalacturonicAcid,46
18.75,H10_D-GalacturonicAcid,45
19.0,H10_D-GalacturonicAcid,43
19.25,H10_D-GalacturonicAcid,43
19.5,H10_D-GalacturonicAcid,48
19.75,H10_D-GalacturonicAcid,43
20.0,H10_D-GalacturonicAcid,45
20.25,H10_D-GalacturonicAcid,45
20.5,H10_D-GalacturonicAcid,48
20.75,H10_D-GalacturonicAcid,49
21.0,H10_D-GalacturonicAcid,45
21.25,H10_D-GalacturonicAcid,45
21.5,H10_D-GalacturonicAcid,41
21.75,H10_D-GalacturonicAcid,46
22.0,H10_D-GalacturonicAcid,48
22.25,H10_D-GalacturonicAcid,46
22.5,H10_D-GalacturonicAcid,53
22.75,H10_D-GalacturonicAcid,42
23.0,H10_D-GalacturonicAcid,47
23.25,H10_D-GalacturonicAcid,47
23.5,H10_D-GalacturonicAcid,48
23.75,H10_D-GalacturonicAcid,49
24.0,H10_D-GalacturonicAcid,53
24.25,H10_D-GalacturonicAcid,44
24.5,H10_D-GalacturonicAcid,47
24.75,H10_D-GalacturonicAcid,47
25.0,H10_D-GalacturonicAcid,48
25.25,H10_D-GalacturonicAcid,48
25.5,H10_D-GalacturonicAcid,47
25.75,H10_D-GalacturonicAcid,48
26.0,H10_D-GalacturonicAcid,49
26.25,H10_D-GalacturonicAcid,48
26.5,H10_D-GalacturonicAcid,49
26.75,H10_D-GalacturonicAcid,47
27.0,H10_D-GalacturonicAcid,50
27.25,H10_D-GalacturonicAcid,55
27.5,H10_D-GalacturonicAcid,46
27.75,H10_D-GalacturonicAcid,51
28.0,H10_D-GalacturonicAcid,47
28.25,H10_D-GalacturonicAcid,46
28.5,H10_D-GalacturonicAcid,49
28.75,H10_D-GalacturonicAcid,51
29.0,H10_D-GalacturonicAcid,52
29.25,H10_D-GalacturonicAcid,50
29.5,H10_D-GalacturonicAcid,50
29.75,H10_D-GalacturonicAcid,50
30.0,H10_D-GalacturonicAcid,53
30.25,H10_D-GalacturonicAcid,53
30.5,H10_D-GalacturonicAcid,54
30.75,H10_D-GalacturonicAcid,51
31.0,H10_D-GalacturonicAcid,48
31.25,H10_D-GalacturonicAcid,52
31.5,H10_D-GalacturonicAcid,54
31.75,H10_D-GalacturonicAcid,54
32.0,H10_D-GalacturonicAcid,50
32.25,H10_D-GalacturonicAcid,50
32.5,H10_D-GalacturonicAcid,51
32.75,H10_D-GalacturonicAcid,47
33.0,H10_D-GalacturonicAcid,48
33.25,H10_D-GalacturonicAcid,50
33.5,H10_D-GalacturonicAcid,49
33.75,H10_D-GalacturonicAcid,48
34.0,H10_D-GalacturonicAcid,47
34.25,H10_D-GalacturonicAcid,47
34.5,H10_D-GalacturonicAcid,51
34.75,H10_D-GalacturonicAcid,46
35.0,H10_D-GalacturonicAcid,47
35.25,H10_D-GalacturonicAcid,52
35.5,H10_D-GalacturonicAcid,46
35.75,H10_D-GalacturonicAcid,50
36.0,H10_D-GalacturonicAcid,49
36.25,H10_D-GalacturonicAcid,49
36.5,H10_D-GalacturonicAcid,49
36.75,H10_D-GalacturonicAcid,51
37.0,H10_D-GalacturonicAcid,51
37.25,H10_D-GalacturonicAcid,49
37.5,H10_D-GalacturonicAcid,48
37.75,H10_D-GalacturonicAcid,50
38.0,H10_D-GalacturonicAcid,53
38.25,H10_D-GalacturonicAcid,48
38.5,H10_D-GalacturonicAcid,52
38.75,H10_D-GalacturonicAcid,54
39.0,H10_D-GalacturonicAcid,48
39.25,H10_D-GalacturonicAcid,48
39.5,H10_D-GalacturonicAcid,48
39.75,H10_D-GalacturonicAcid,52
40.0,H10_D-GalacturonicAcid,49
40.25,H10_D-GalacturonicAcid,47
40.5,H10_D-GalacturonicAcid,51
40.75,H10_D-GalacturonicAcid,49
41.0,H10_D-GalacturonicAcid,51
41.25,H10_D-GalacturonicAcid,49
41.5,H10_D-GalacturonicAcid,48
41.75,H10_D-GalacturonicAcid,52
42.0,H10_D-GalacturonicAcid,53
42.25,H10_D-GalacturonicAcid,53
42.5,H10_D-GalacturonicAcid,51
42.75,H10_D-GalacturonicAcid,51
43.0,H10_D-GalacturonicAcid,52
43.25,H10_D-GalacturonicAcid,52
43.5,H10_D-GalacturonicAcid,52
43.75,H10_D-GalacturonicAcid,51
44.0,H10_D-GalacturonicAcid,52
44.25,H10_D-GalacturonicAcid,47
44.5,H10_D-GalacturonicAcid,51
44.75,H10_D-GalacturonicAcid,49
45.0,H10_D-GalacturonicAcid,52
45.25,H10_D-GalacturonicAcid,55
45.5,H10_D-GalacturonicAcid,50
45.75,H10_D-GalacturonicAcid,55
46.0,H10_D-GalacturonicAcid,56
46.25,H10_D-GalacturonicAcid,55
46.5,H10_D-GalacturonicAcid,51
46.75,H10_D-GalacturonicAcid,56
47.0,H10_D-GalacturonicAcid,52
47.25,H10_D-GalacturonicAcid,52
47.5,H10_D-GalacturonicAcid,0
0.0,H11_Phenylethylamine,25
0.25,H11_Phenylethylamine,11
0.5,H11_Phenylethylamine,16
0.75,H11_Phenylethylamine,11
1.0,H11_Phenylethylamine,13
1.25,H11_Phenylethylamine,11
1.5,H11_Phenylethylamine,16
1.75,H11_Phenylethylamine,11
2.0,H11_Phenylethylamine,17
2.25,H11_Phenylethylamine,13
2.5,H11_Phenylethylamine,11
2.75,H11_Phenylethylamine,14
3.0,H11_Phenylethylamine,11
3.25,H11_Phenylethylamine,11
3.5,H11_Phenylethylamine,11
3.75,H11_Phenylethylamine,16
4.0,H11_Phenylethylamine,12
4.25,H11_Phenylethylamine,11
4.5,H11_Phenylethylamine,13
4.75,H11_Phenylethylamine,12
5.0,H11_Phenylethylamine,15
5.25,H11_Phenylethylamine,16
5.5,H11_Phenylethylamine,14
5.75,H11_Phenylethylamine,14
6.0,H11_Phenylethylamine,19
6.25,H11_Phenylethylamine,19
6.5,H11_Phenylethylamine,19
6.75,H11_Phenylethylamine,20
7.0,H11_Phenylethylamine,18
7.25,H11_Phenylethylamine,22
7.5,H11_Phenylethylamine,18
7.75,H11_Phenylethylamine,20
8.0,H11_Phenylethylamine,20
8.25,H11_Phenylethylamine,24
8.5,H11_Phenylethylamine,24
8.75,H11_Phenylethylamine,24
9.0,H11_Phenylethylamine,29
9.25,H11_Phenylethylamine,20
9.5,H11_Phenylethylamine,28
9.75,H11_Phenylethylamine,28
10.0,H11_Phenylethylamine,28
10.25,H11_Phenylethylamine,31
10.5,H11_Phenylethylamine,29
10.75,H11_Phenylethylamine,36
11.0,H11_Phenylethylamine,30
11.25,H11_Phenylethylamine,33
11.5,H11_Phenylethylamine,32
11.75,H11_Phenylethylamine,32
12.0,H11_Phenylethylamine,33
12.25,H11_Phenylethylamine,34
12.5,H11_Phenylethylamine,33
12.75,H11_Phenylethylamine,31
13.0,H11_Phenylethylamine,31
13.25,H11_Phenylethylamine,32
13.5,H11_Phenylethylamine,32
13.75,H11_Phenylethylamine,32
14.0,H11_Phenylethylamine,33
14.25,H11_Phenylethylamine,36
14.5,H11_Phenylethylamine,36
14.75,H11_Phenylethylamine,38
15.0,H11_Phenylethylamine,32
15.25,H11_Phenylethylamine,36
15.5,H11_Phenylethylamine,36
15.75,H11_Phenylethylamine,31
16.0,H11_Phenylethylamine,35
16.25,H11_Phenylethylamine,35
16.5,H11_Phenylethylamine,34
16.75,H11_Phenylethylamine,36
17.0,H11_Phenylethylamine,37
17.25,H11_Phenylethylamine,36
17.5,H11_Phenylethylamine,36
17.75,H11_Phenylethylamine,34
18.0,H11_Phenylethylamine,35
18.25,H11_Phenylethylamine,36
18.5,H11_Phenylethylamine,37
18.75,H11_Phenylethylamine,40
19.0,H11_Phenylethylamine,39
19.25,H11_Phenylethylamine,37
19.5,H11_Phenylethylamine,35
19.75,H11_Phenylethylamine,36
20.0,H11_Phenylethylamine,40
20.25,H11_Phenylethylamine,35
20.5,H11_Phenylethylamine,37
20.75,H11_Phenylethylamine,41
21.0,H11_Phenylethylamine,40
21.25,H11_Phenylethylamine,38
21.5,H11_Phenylethylamine,39
21.75,H11_Phenylethylamine,35
22.0,H11_Phenylethylamine,40
22.25,H11_Phenylethylamine,41
22.5,H11_Phenylethylamine,39
22.75,H11_Phenylethylamine,40
23.0,H11_Phenylethylamine,42
23.25,H11_Phenylethylamine,39
23.5,H11_Phenylethylamine,42
23.75,H11_Phenylethylamine,41
24.0,H11_Phenylethylamine,40
24.25,H11_Phenylethylamine,43
24.5,H11_Phenylethylamine,39
24.75,H11_Phenylethylamine,42
25.0,H11_Phenylethylamine,41
25.25,H11_Phenylethylamine,46
25.5,H11_Phenylethylamine,39
25.75,H11_Phenylethylamine,48
26.0,H11_Phenylethylamine,46
26.25,H11_Phenylethylamine,41
26.5,H11_Phenylethylamine,48
26.75,H11_Phenylethylamine,44
27.0,H11_Phenylethylamine,46
27.25,H11_Phenylethylamine,42
27.5,H11_Phenylethylamine,43
27.75,H11_Phenylethylamine,49
28.0,H11_Phenylethylamine,47
28.25,H11_Phenylethylamine,48
28.5,H11_Phenylethylamine,46
28.75,H11_Phenylethylamine,48
29.0,H11_Phenylethylamine,56
29.25,H11_Phenylethylamine,46
29.5,H11_Phenylethylamine,44
29.75,H11_Phenylethylamine,49
30.0,H11_Phenylethylamine,43
30.25,H11_Phenylethylamine,49
30.5,H11_Phenylethylamine,48
30.75,H11_Phenylethylamine,48
31.0,H11_Phenylethylamine,46
31.25,H11_Phenylethylamine,50
31.5,H11_Phenylethylamine,52
31.75,H11_Phenylethylamine,46
32.0,H11_Phenylethylamine,44
32.25,H11_Phenylethylamine,48
32.5,H11_Phenylethylamine,50
32.75,H11_Phenylethylamine,52
33.0,H11_Phenylethylamine,44
33.25,H11_Phenylethylamine,48
33.5,H11_Phenylethylamine,49
33.75,H11_Phenylethylamine,48
34.0,H11_Phenylethylamine,47
34.25,H11_Phenylethylamine,49
34.5,H11_Phenylethylamine,52
34.75,H11_Phenylethylamine,53
35.0,H11_Phenylethylamine,50
35.25,H11_Phenylethylamine,54
35.5,H11_Phenylethylamine,47
35.75,H11_Phenylethylamine,46
36.0,H11_Phenylethylamine,49
36.25,H11_Phenylethylamine,45
36.5,H11_Phenylethylamine,49
36.75,H11_Phenylethylamine,46
37.0,H11_Phenylethylamine,48
37.25,H11_Phenylethylamine,46
37.5,H11_Phenylethylamine,53
37.75,H11_Phenylethylamine,43
38.0,H11_Phenylethylamine,46
38.25,H11_Phenylethylamine,53
38.5,H11_Phenylethylamine,57
38.75,H11_Phenylethylamine,51
39.0,H11_Phenylethylamine,44
39.25,H11_Phenylethylamine,50
39.5,H11_Phenylethylamine,48
39.75,H11_Phenylethylamine,50
40.0,H11_Phenylethylamine,46
40.25,H11_Phenylethylamine,42
40.5,H11_Phenylethylamine,49
40.75,H11_Phenylethylamine,46
41.0,H11_Phenylethylamine,53
41.25,H11_Phenylethylamine,47
41.5,H11_Phenylethylamine,43
41.75,H11_Phenylethylamine,46
42.0,H11_Phenylethylamine,46
42.25,H11_Phenylethylamine,55
42.5,H11_Phenylethylamine,49
42.75,H11_Phenylethylamine,45
43.0,H11_Phenylethylamine,44
43.25,H11_Phenylethylamine,49
43.5,H11_Phenylethylamine,54
43.75,H11_Phenylethylamine,51
44.0,H11_Phenylethylamine,53
44.25,H11_Phenylethylamine,43
44.5,H11_Phenylethylamine,49
44.75,H11_Phenylethylamine,42
45.0,H11_Phenylethylamine,56
45.25,H11_Phenylethylamine,54
45.5,H11_Phenylethylamine,53
45.75,H11_Phenylethylamine,50
46.0,H11_Phenylethylamine,45
46.25,H11_Phenylethylamine,52
46.5,H11_Phenylethylamine,49
46.75,H11_Phenylethylamine,53
47.0,H11_Phenylethylamine,46
47.25,H11_Phenylethylamine,49
47.5,H11_Phenylethylamine,0
0.0,H12_2-Aminoethanol,56
0.25,H12_2-Aminoethanol,37
0.5,H12_2-Aminoethanol,27
0.75,H12_2-Aminoethanol,14
1.0,H12_2-Aminoethanol,24
1.25,H12_2-Aminoethanol,16
1.5,H12_2-Aminoethanol,21
1.75,H12_2-Aminoethanol,18
2.0,H12_2-Aminoethanol,25
2.25,H12_2-Aminoethanol,24
2.5,H12_2-Aminoethanol,18
2.75,H12_2-Aminoethanol,20
3.0,H12_2-Aminoethanol,16
3.25,H12_2-Aminoethanol,17
3.5,H12_2-Aminoethanol,16
3.75,H12_2-Aminoethanol,20
4.0,H12_2-Aminoethanol,18
4.25,H12_2-Aminoethanol,21
4.5,H12_2-Aminoethanol,25
4.75,H12_2-Aminoethanol,26
5.0,H12_2-Aminoethanol,24
5.25,H12_2-Aminoethanol,21
5.5,H12_2-Aminoethanol,26
5.75,H12_2-Aminoethanol,24
6.0,H12_2-Aminoethanol,29
6.25,H12_2-Aminoethanol,29
6.5,H12_2-Aminoethanol,32
6.75,H12_2-Aminoethanol,34
7.0,H12_2-Aminoethanol,41
7.25,H12_2-Aminoethanol,39
7.5,H12_2-Aminoethanol,37
7.75,H12_2-Aminoethanol,43
8.0,H12_2-Aminoethanol,44
8.25,H12_2-Aminoethanol,51
8.5,H12_2-Aminoethanol,43
8.75,H12_2-Aminoethanol,46
9.0,H12_2-Aminoethanol,45
9.25,H12_2-Aminoethanol,47
9.5,H12_2-Aminoethanol,45
9.75,H12_2-Aminoethanol,44
10.0,H12_2-Aminoethanol,48
10.25,H12_2-Aminoethanol,47
10.5,H12_2-Aminoethanol,49
10.75,H12_2-Aminoethanol,46
11.0,H12_2-Aminoethanol,49
11.25,H12_2-Aminoethanol,46
11.5,H12_2-Aminoethanol,44
11.75,H12_2-Aminoethanol,47
12.0,H12_2-Aminoethanol,46
12.25,H12_2-Aminoethanol,47
12.5,H12_2-Aminoethanol,48
12.75,H12_2-Aminoethanol,48
13.0,H12_2-Aminoethanol,51
13.25,H12_2-Aminoethanol,47
13.5,H12_2-Aminoethanol,45
13.75,H12_2-Aminoethanol,45
14.0,H12_2-Aminoethanol,44
14.25,H12_2-Aminoethanol,47
14.5,H12_2-Aminoethanol,46
14.75,H12_2-Aminoethanol,45
15.0,H12_2-Aminoethanol,52
15.25,H12_2-Aminoethanol,48
15.5,H12_2-Aminoethanol,54
15.75,H12_2-Aminoethanol,52
16.0,H12_2-Aminoethanol,52
16.25,H12_2-Aminoethanol,53
16.5,H12_2-Aminoethanol,55
16.75,H12_2-Aminoethanol,53
17.0,H12_2-Aminoethanol,49
17.25,H12_2-Aminoethanol,49
17.5,H12_2-Aminoethanol,55
17.75,H12_2-Aminoethanol,50
18.0,H12_2-Aminoethanol,52
18.25,H12_2-Aminoethanol,57
18.5,H12_2-Aminoethanol,54
18.75,H12_2-Aminoethanol,57
19.0,H12_2-Aminoethanol,55
19.25,H12_2-Aminoethanol,55
19.5,H12_2-Aminoethanol,53
19.75,H12_2-Aminoethanol,49
20.0,H12_2-Aminoethanol,53
20.25,H12_2-Aminoethanol,51
20.5,H12_2-Aminoethanol,51
20.75,H12_2-Aminoethanol,55
21.0,H12_2-Aminoethanol,57
21.25,H12_2-Aminoethanol,53
21.5,H12_2-Aminoethanol,52
21.75,H12_2-Aminoethanol,54
22.0,H12_2-Aminoethanol,54
22.25,H12_2-Aminoethanol,57
22.5,H12_2-Aminoethanol,50
22.75,H12_2-Aminoethanol,54
23.0,H12_2-Aminoethanol,51
23.25,H12_2-Aminoethanol,55
23.5,H12_2-Aminoethanol,53
23.75,H12_2-Aminoethanol,52
24.0,H12_2-Aminoethanol,56
24.25,H12_2-Aminoethanol,58
24.5,H12_2-Aminoethanol,54
24.75,H12_2-Aminoethanol,54
25.0,H12_2-Aminoethanol,50
25.25,H12_2-Aminoethanol,55
25.5,H12_2-Aminoethanol,56
25.75,H12_2-Aminoethanol,59
26.0,H12_2-Aminoethanol,57
26.25,H12_2-Aminoethanol,51
26.5,H12_2-Aminoethanol,54
26.75,H12_2-Aminoethanol,52
27.0,H12_2-Aminoethanol,54
27.25,H12_2-Aminoethanol,56
27.5,H12_2-Aminoethanol,57
27.75,H12_2-Aminoethanol,59
28.0,H12_2-Aminoethanol,52
28.25,H12_2-Aminoethanol,55
28.5,H12_2-Aminoethanol,51
28.75,H12_2-Aminoethanol,55
29.0,H12_2-Aminoethanol,60
29.25,H12_2-Aminoethanol,56
29.5,H12_2-Aminoethanol,51
29.75,H12_2-Aminoethanol,56
30.0,H12_2-Aminoethanol,49
30.25,H12_2-Aminoethanol,56
30.5,H12_2-Aminoethanol,53
30.75,H12_2-Aminoethanol,54
31.0,H12_2-Aminoethanol,53
31.25,H12_2-Aminoethanol,56
31.5,H12_2-Aminoethanol,54
31.75,H12_2-Aminoethanol,57
32.0,H12_2-Aminoethanol,58
32.25,H12_2-Aminoethanol,53
32.5,H12_2-Aminoethanol,56
32.75,H12_2-Aminoethanol,58
33.0,H12_2-Aminoethanol,52
33.25,H12_2-Aminoethanol,57
33.5,H12_2-Aminoethanol,53
33.75,H12_2-Aminoethanol,55
34.0,H12_2-Aminoethanol,55
34.25,H12_2-Aminoethanol,54
34.5,H12_2-Aminoethanol,53
34.75,H12_2-Aminoethanol,55
35.0,H12_2-Aminoethanol,57
35.25,H12_2-Aminoethanol,57
35.5,H12_2-Aminoethanol,52
35.75,H12_2-Aminoethanol,51
36.0,H12_2-Aminoethanol,56
36.25,H12_2-Aminoethanol,54
36.5,H12_2-Aminoethanol,58
36.75,H12_2-Aminoethanol,52
37.0,H12_2-Aminoethanol,48
37.25,H12_2-Aminoethanol,55
37.5,H12_2-Aminoethanol,53
37.75,H12_2-Aminoethanol,55
38.0,H12_2-Aminoethanol,54
38.25,H12_2-Aminoethanol,52
38.5,H12_2-Aminoethanol,55
38.75,H12_2-Aminoethanol,56
39.0,H12_2-Aminoethanol,52
39.25,H12_2-Aminoethanol,53
39.5,H12_2-Aminoethanol,52
39.75,H12_2-Aminoethanol,50
40.0,H12_2-Aminoethanol,47
40.25,H12_2-Aminoethanol,48
40.5,H12_2-Aminoethanol,53
40.75,H12_2-Aminoethanol,53
41.0,H12_2-Aminoethanol,52
41.25,H12_2-Aminoethanol,48
41.5,H12_2-Aminoethanol,45
41.75,H12_2-Aminoethanol,50
42.0,H12_2-Aminoethanol,47
42.25,H12_2-Aminoethanol,54
42.5,H12_2-Aminoethanol,53
42.75,H12_2-Aminoethanol,54
43.0,H12_2-Aminoethanol,50
43.25,H12_2-Aminoethanol,51
43.5,H12_2-Aminoethanol,55
43.75,H12_2-Aminoethanol,49
44.0,H12_2-Aminoethanol,55
44.25,H12_2-Aminoethanol,48
44.5,H12_2-Aminoethanol,51
44.75,H12_2-Aminoethanol,50
45.0,H12_2-Aminoethanol,53
45.25,H12_2-Aminoethanol,48
45.5,H12_2-Aminoethanol,47
45.75,H12_2-Aminoethanol,52
46.0,H12_2-Aminoethanol,45
46.25,H12_2-Aminoethanol,48
46.5,H12_2-Aminoethanol,49
46.75,H12_2-Aminoethanol,48
47.0,H12_2-Aminoethanol,47
47.25,H12_2-Aminoethanol,52
47.5,H12_2-Aminoethanol,0
