Hour,Type,Value
0.0,A1_Negative_Control,14
0.25,A1_Negative_Control,29
0.5,A1_Negative_Control,25
0.75,A1_Negative_Control,28
1.0,A1_Negative_Control,24
1.25,A1_Negative_Control,22
1.5,A1_Negative_Control,23
1.75,A1_Negative_Control,22
2.0,A1_Negative_Control,22
2.25,A1_Negative_Control,22
2.5,A1_Negative_Control,22
2.75,A1_Negative_Control,21
3.0,A1_Negative_Control,22
3.25,A1_Negative_Control,20
3.5,A1_Negative_Control,25
3.75,A1_Negative_Control,22
4.0,A1_Negative_Control,20
4.25,A1_Negative_Control,28
4.5,A1_Negative_Control,27
4.75,A1_Negative_Control,24
5.0,A1_Negative_Control,29
5.25,A1_Negative_Control,29
5.5,A1_Negative_Control,35
5.75,A1_Negative_Control,30
6.0,A1_Negative_Control,24
6.25,A1_Negative_Control,34
6.5,A1_Negative_Control,30
6.75,A1_Negative_Control,37
7.0,A1_Negative_Control,37
7.25,A1_Negative_Control,37
7.5,A1_Negative_Control,36
7.75,A1_Negative_Control,38
8.0,A1_Negative_Control,40
8.25,A1_Negative_Control,37
8.5,A1_Negative_Control,38
8.75,A1_Negative_Control,37
9.0,A1_Negative_Control,42
9.25,A1_Negative_Control,37
9.5,A1_Negative_Control,36
9.75,A1_Negative_Control,36
10.0,A1_Negative_Control,37
10.25,A1_Negative_Control,36
10.5,A1_Negative_Control,42
10.75,A1_Negative_Control,42
11.0,A1_Negative_Control,37
11.25,A1_Negative_Control,43
11.5,A1_Negative_Control,42
11.75,A1_Negative_Control,39
12.0,A1_Negative_Control,41
12.25,A1_Negative_Control,43
12.5,A1_Negative_Control,38
12.75,A1_Negative_Control,43
13.0,A1_Negative_Control,37
13.25,A1_Negative_Control,41
13.5,A1_Negative_Control,45
13.75,A1_Negative_Control,40
14.0,A1_Negative_Control,40
14.25,A1_Negative_Control,40
14.5,A1_Negative_Control,42
14.75,A1_Negative_Control,37
15.0,A1_Negative_Control,41
15.25,A1_Negative_Control,45
15.5,A1_Negative_Control,41
15.75,A1_Negative_Control,44
16.0,A1_Negative_Control,41
16.25,A1_Negative_Control,41
16.5,A1_Negative_Control,43
16.75,A1_Negative_Control,41
17.0,A1_Negative_Control,42
17.25,A1_Negative_Control,48
17.5,A1_Negative_Control,41
17.75,A1_Negative_Control,42
18.0,A1_Negative_Control,42
18.25,A1_Negative_Control,44
18.5,A1_Negative_Control,49
18.75,A1_Negative_Control,42
19.0,A1_Negative_Control,40
19.25,A1_Negative_Control,44
19.5,A1_Negative_Control,44
19.75,A1_Negative_Control,46
20.0,A1_Negative_Control,43
20.25,A1_Negative_Control,44
20.5,A1_Negative_Control,48
20.75,A1_Negative_Control,44
21.0,A1_Negative_Control,43
21.25,A1_Negative_Control,45
21.5,A1_Negative_Control,40
21.75,A1_Negative_Control,43
22.0,A1_Negative_Control,44
22.25,A1_Negative_Control,48
22.5,A1_Negative_Control,42
22.75,A1_Negative_Control,48
23.0,A1_Negative_Control,44
23.25,A1_Negative_Control,43
23.5,A1_Negative_Control,49
23.75,A1_Negative_Control,51
24.0,A1_Negative_Control,45
24.25,A1_Negative_Control,45
24.5,A1_Negative_Control,48
24.75,A1_Negative_Control,44
25.0,A1_Negative_Control,43
25.25,A1_Negative_Control,42
25.5,A1_Negative_Control,43
25.75,A1_Negative_Control,45
26.0,A1_Negative_Control,44
26.25,A1_Negative_Control,47
26.5,A1_Negative_Control,42
26.75,A1_Negative_Control,47
27.0,A1_Negative_Control,46
27.25,A1_Negative_Control,51
27.5,A1_Negative_Control,45
27.75,A1_Negative_Control,44
28.0,A1_Negative_Control,43
28.25,A1_Negative_Control,47
28.5,A1_Negative_Control,47
28.75,A1_Negative_Control,43
29.0,A1_Negative_Control,44
29.25,A1_Negative_Control,42
29.5,A1_Negative_Control,50
29.75,A1_Negative_Control,48
30.0,A1_Negative_Control,45
30.25,A1_Negative_Control,43
30.5,A1_Negative_Control,46
30.75,A1_Negative_Control,48
31.0,A1_Negative_Control,47
31.25,A1_Negative_Control,48
31.5,A1_Negative_Control,49
31.75,A1_Negative_Control,48
32.0,A1_Negative_Control,50
32.25,A1_Negative_Control,48
32.5,A1_Negative_Control,52
32.75,A1_Negative_Control,50
33.0,A1_Negative_Control,48
33.25,A1_Negative_Control,48
33.5,A1_Negative_Control,44
33.75,A1_Negative_Control,48
34.0,A1_Negative_Control,53
34.25,A1_Negative_Control,48
34.5,A1_Negative_Control,53
34.75,A1_Negative_Control,48
35.0,A1_Negative_Control,45
35.25,A1_Negative_Control,49
35.5,A1_Negative_Control,45
35.75,A1_Negative_Control,47
36.0,A1_Negative_Control,50
36.25,A1_Negative_Control,53
36.5,A1_Negative_Control,46
36.75,A1_Negative_Control,51
37.0,A1_Negative_Control,51
37.25,A1_Negative_Control,48
37.5,A1_Negative_Control,48
37.75,A1_Negative_Control,48
38.0,A1_Negative_Control,51
38.25,A1_Negative_Control,49
38.5,A1_Negative_Control,53
38.75,A1_Negative_Control,48
39.0,A1_Negative_Control,46
39.25,A1_Negative_Control,50
39.5,A1_Negative_Control,49
39.75,A1_Negative_Control,44
40.0,A1_Negative_Control,47
40.25,A1_Negative_Control,51
40.5,A1_Negative_Control,45
40.75,A1_Negative_Control,44
41.0,A1_Negative_Control,46
41.25,A1_Negative_Control,43
41.5,A1_Negative_Control,43
41.75,A1_Negative_Control,50
42.0,A1_Negative_Control,52
42.25,A1_Negative_Control,47
42.5,A1_Negative_Control,42
42.75,A1_Negative_Control,50
43.0,A1_Negative_Control,48
43.25,A1_Negative_Control,44
43.5,A1_Negative_Control,46
43.75,A1_Negative_Control,47
44.0,A1_Negative_Control,47
44.25,A1_Negative_Control,49
44.5,A1_Negative_Control,51
44.75,A1_Negative_Control,48
45.0,A1_Negative_Control,50
45.25,A1_Negative_Control,53
45.5,A1_Negative_Control,49
45.75,A1_Negative_Control,51
46.0,A1_Negative_Control,45
46.25,A1_Negative_Control,49
46.5,A1_Negative_Control,52
46.75,A1_Negative_Control,47
47.0,A1_Negative_Control,50
47.25,A1_Negative_Control,47
47.5,A1_Negative_Control,0
0.0,A2_L-Arabinose,46
0.25,A2_L-Arabinose,46
0.5,A2_L-Arabinose,52
0.75,A2_L-Arabinose,56
1.0,A2_L-Arabinose,55
1.25,A2_L-Arabinose,57
1.5,A2_L-Arabinose,56
1.75,A2_L-Arabinose,55
2.0,A2_L-Arabinose,58
2.25,A2_L-Arabinose,56
2.5,A2_L-Arabinose,56
2.75,A2_L-Arabinose,58
3.0,A2_L-Arabinose,60
3.25,A2_L-Arabinose,59
3.5,A2_L-Arabinose,59
3.75,A2_L-Arabinose,58
4.0,A2_L-Arabinose,59
4.25,A2_L-Arabinose,64
4.5,A2_L-Arabinose,62
4.75,A2_L-Arabinose,62
5.0,A2_L-Arabinose,63
5.25,A2_L-Arabinose,62
5.5,A2_L-Arabinose,61
5.75,A2_L-Arabinose,63
6.0,A2_L-Arabinose,68
6.25,A2_L-Arabinose,69
6.5,A2_L-Arabinose,66
6.75,A2_L-Arabinose,70
7.0,A2_L-Arabinose,71
7.25,A2_L-Arabinose,74
7.5,A2_L-Arabinose,76
7.75,A2_L-Arabinose,80
8.0,A2_L-Arabinose,86
8.25,A2_L-Arabinose,90
8.5,A2_L-Arabinose,96
8.75,A2_L-Arabinose,98
9.0,A2_L-Arabinose,109
9.25,A2_L-Arabinose,115
9.5,A2_L-Arabinose,121
9.75,A2_L-Arabinose,127
10.0,A2_L-Arabinose,140
10.25,A2_L-Arabinose,145
10.5,A2_L-Arabinose,152
10.75,A2_L-Arabinose,157
11.0,A2_L-Arabinose,165
11.25,A2_L-Arabinose,169
11.5,A2_L-Arabinose,178
11.75,A2_L-Arabinose,184
12.0,A2_L-Arabinose,184
12.25,A2_L-Arabinose,197
12.5,A2_L-Arabinose,201
12.75,A2_L-Arabinose,203
13.0,A2_L-Arabinose,210
13.25,A2_L-Arabinose,219
13.5,A2_L-Arabinose,227
13.75,A2_L-Arabinose,228
14.0,A2_L-Arabinose,233
14.25,A2_L-Arabinose,235
14.5,A2_L-Arabinose,236
14.75,A2_L-Arabinose,240
15.0,A2_L-Arabinose,245
15.25,A2_L-Arabinose,245
15.5,A2_L-Arabinose,248
15.75,A2_L-Arabinose,254
16.0,A2_L-Arabinose,256
16.25,A2_L-Arabinose,259
16.5,A2_L-Arabinose,256
16.75,A2_L-Arabinose,266
17.0,A2_L-Arabinose,264
17.25,A2_L-Arabinose,268
17.5,A2_L-Arabinose,268
17.75,A2_L-Arabinose,270
18.0,A2_L-Arabinose,270
18.25,A2_L-Arabinose,271
18.5,A2_L-Arabinose,269
18.75,A2_L-Arabinose,269
19.0,A2_L-Arabinose,268
19.25,A2_L-Arabinose,275
19.5,A2_L-Arabinose,273
19.75,A2_L-Arabinose,277
20.0,A2_L-Arabinose,274
20.25,A2_L-Arabinose,278
20.5,A2_L-Arabinose,280
20.75,A2_L-Arabinose,276
21.0,A2_L-Arabinose,278
21.25,A2_L-Arabinose,279
21.5,A2_L-Arabinose,278
21.75,A2_L-Arabinose,280
22.0,A2_L-Arabinose,278
22.25,A2_L-Arabinose,280
22.5,A2_L-Arabinose,280
22.75,A2_L-Arabinose,278
23.0,A2_L-Arabinose,282
23.25,A2_L-Arabinose,278
23.5,A2_L-Arabinose,283
23.75,A2_L-Arabinose,286
24.0,A2_L-Arabinose,281
24.25,A2_L-Arabinose,283
24.5,A2_L-Arabinose,283
24.75,A2_L-Arabinose,282
25.0,A2_L-Arabinose,276
25.25,A2_L-Arabinose,284
25.5,A2_L-Arabinose,282
25.75,A2_L-Arabinose,284
26.0,A2_L-Arabinose,284
26.25,A2_L-Arabinose,285
26.5,A2_L-Arabinose,284
26.75,A2_L-Arabinose,286
27.0,A2_L-Arabinose,282
27.25,A2_L-Arabinose,286
27.5,A2_L-Arabinose,282
27.75,A2_L-Arabinose,284
28.0,A2_L-Arabinose,286
28.25,A2_L-Arabinose,283
28.5,A2_L-Arabinose,285
28.75,A2_L-Arabinose,286
29.0,A2_L-Arabinose,286
29.25,A2_L-Arabinose,281
29.5,A2_L-Arabinose,289
29.75,A2_L-Arabinose,287
30.0,A2_L-Arabinose,286
30.25,A2_L-Arabinose,290
30.5,A2_L-Arabinose,294
30.75,A2_L-Arabinose,296
31.0,A2_L-Arabinose,291
31.25,A2_L-Arabinose,295
31.5,A2_L-Arabinose,296
31.75,A2_L-Arabinose,293
32.0,A2_L-Arabinose,291
32.25,A2_L-Arabinose,288
32.5,A2_L-Arabinose,290
32.75,A2_L-Arabinose,285
33.0,A2_L-Arabinose,287
33.25,A2_L-Arabinose,289
33.5,A2_L-Arabinose,285
33.75,A2_L-Arabinose,289
34.0,A2_L-Arabinose,292
34.25,A2_L-Arabinose,288
34.5,A2_L-Arabinose,288
34.75,A2_L-Arabinose,287
35.0,A2_L-Arabinose,282
35.25,A2_L-Arabinose,281
35.5,A2_L-Arabinose,286
35.75,A2_L-Arabinose,284
36.0,A2_L-Arabinose,283
36.25,A2_L-Arabinose,287
36.5,A2_L-Arabinose,287
36.75,A2_L-Arabinose,286
37.0,A2_L-Arabinose,289
37.25,A2_L-Arabinose,284
37.5,A2_L-Arabinose,283
37.75,A2_L-Arabinose,283
38.0,A2_L-Arabinose,285
38.25,A2_L-Arabinose,281
38.5,A2_L-Arabinose,286
38.75,A2_L-Arabinose,279
39.0,A2_L-Arabinose,277
39.25,A2_L-Arabinose,282
39.5,A2_L-Arabinose,282
39.75,A2_L-Arabinose,282
40.0,A2_L-Arabinose,280
40.25,A2_L-Arabinose,284
40.5,A2_L-Arabinose,277
40.75,A2_L-Arabinose,278
41.0,A2_L-Arabinose,280
41.25,A2_L-Arabinose,273
41.5,A2_L-Arabinose,277
41.75,A2_L-Arabinose,276
42.0,A2_L-Arabinose,282
42.25,A2_L-Arabinose,274
42.5,A2_L-Arabinose,271
42.75,A2_L-Arabinose,282
43.0,A2_L-Arabinose,279
43.25,A2_L-Arabinose,276
43.5,A2_L-Arabinose,274
43.75,A2_L-Arabinose,273
44.0,A2_L-Arabinose,279
44.25,A2_L-Arabinose,279
44.5,A2_L-Arabinose,280
44.75,A2_L-Arabinose,275
45.0,A2_L-Arabinose,279
45.25,A2_L-Arabinose,277
45.5,A2_L-Arabinose,276
45.75,A2_L-Arabinose,278
46.0,A2_L-Arabinose,275
46.25,A2_L-Arabinose,278
46.5,A2_L-Arabinose,280
46.75,A2_L-Arabinose,272
47.0,A2_L-Arabinose,271
47.25,A2_L-Arabinose,274
47.5,A2_L-Arabinose,0
0.0,A3_N-Acetyl-D_Glucosamine,32
0.25,A3_N-Acetyl-D_Glucosamine,12
0.5,A3_N-Acetyl-D_Glucosamine,16
0.75,A3_N-Acetyl-D_Glucosamine,17
1.0,A3_N-Acetyl-D_Glucosamine,15
1.25,A3_N-Acetyl-D_Glucosamine,11
1.5,A3_N-Acetyl-D_Glucosamine,13
1.75,A3_N-Acetyl-D_Glucosamine,12
2.0,A3_N-Acetyl-D_Glucosamine,12
2.25,A3_N-Acetyl-D_Glucosamine,12
2.5,A3_N-Acetyl-D_Glucosamine,12
2.75,A3_N-Acetyl-D_Glucosamine,11
3.0,A3_N-Acetyl-D_Glucosamine,11
3.25,A3_N-Acetyl-D_Glucosamine,11
3.5,A3_N-Acetyl-D_Glucosamine,13
3.75,A3_N-Acetyl-D_Glucosamine,11
4.0,A3_N-Acetyl-D_Glucosamine,13
4.25,A3_N-Acetyl-D_Glucosamine,13
4.5,A3_N-Acetyl-D_Glucosamine,13
4.75,A3_N-Acetyl-D_Glucosamine,18
5.0,A3_N-Acetyl-D_Glucosamine,17
5.25,A3_N-Acetyl-D_Glucosamine,19
5.5,A3_N-Acetyl-D_Glucosamine,23
5.75,A3_N-Acetyl-D_Glucosamine,23
6.0,A3_N-Acetyl-D_Glucosamine,26
6.25,A3_N-Acetyl-D_Glucosamine,29
6.5,A3_N-Acetyl-D_Glucosamine,32
6.75,A3_N-Acetyl-D_Glucosamine,36
7.0,A3_N-Acetyl-D_Glucosamine,40
7.25,A3_N-Acetyl-D_Glucosamine,42
7.5,A3_N-Acetyl-D_Glucosamine,47
7.75,A3_N-Acetyl-D_Glucosamine,52
8.0,A3_N-Acetyl-D_Glucosamine,56
8.25,A3_N-Acetyl-D_Glucosamine,58
8.5,A3_N-Acetyl-D_Glucosamine,64
8.75,A3_N-Acetyl-D_Glucosamine,67
9.0,A3_N-Acetyl-D_Glucosamine,70
9.25,A3_N-Acetyl-D_Glucosamine,73
9.5,A3_N-Acetyl-D_Glucosamine,80
9.75,A3_N-Acetyl-D_Glucosamine,84
10.0,A3_N-Acetyl-D_Glucosamine,87
10.25,A3_N-Acetyl-D_Glucosamine,92
10.5,A3_N-Acetyl-D_Glucosamine,95
10.75,A3_N-Acetyl-D_Glucosamine,106
11.0,A3_N-Acetyl-D_Glucosamine,107
11.25,A3_N-Acetyl-D_Glucosamine,115
11.5,A3_N-Acetyl-D_Glucosamine,116
11.75,A3_N-Acetyl-D_Glucosamine,123
12.0,A3_N-Acetyl-D_Glucosamine,122
12.25,A3_N-Acetyl-D_Glucosamine,134
12.5,A3_N-Acetyl-D_Glucosamine,133
12.75,A3_N-Acetyl-D_Glucosamine,139
13.0,A3_N-Acetyl-D_Glucosamine,142
13.25,A3_N-Acetyl-D_Glucosamine,149
13.5,A3_N-Acetyl-D_Glucosamine,158
13.75,A3_N-Acetyl-D_Glucosamine,159
14.0,A3_N-Acetyl-D_Glucosamine,164
14.25,A3_N-Acetyl-D_Glucosamine,163
14.5,A3_N-Acetyl-D_Glucosamine,168
14.75,A3_N-Acetyl-D_Glucosamine,174
15.0,A3_N-Acetyl-D_Glucosamine,178
15.25,A3_N-Acetyl-D_Glucosamine,183
15.5,A3_N-Acetyl-D_Glucosamine,189
15.75,A3_N-Acetyl-D_Glucosamine,187
16.0,A3_N-Acetyl-D_Glucosamine,194
16.25,A3_N-Acetyl-D_Glucosamine,196
16.5,A3_N-Acetyl-D_Glucosamine,203
16.75,A3_N-Acetyl-D_Glucosamine,206
17.0,A3_N-Acetyl-D_Glucosamine,207
17.25,A3_N-Acetyl-D_Glucosamine,213
17.5,A3_N-Acetyl-D_Glucosamine,216
17.75,A3_N-Acetyl-D_Glucosamine,220
18.0,A3_N-Acetyl-D_Glucosamine,223
18.25,A3_N-Acetyl-D_Glucosamine,227
18.5,A3_N-Acetyl-D_Glucosamine,231
18.75,A3_N-Acetyl-D_Glucosamine,229
19.0,A3_N-Acetyl-D_Glucosamine,233
19.25,A3_N-Acetyl-D_Glucosamine,238
19.5,A3_N-Acetyl-D_Glucosamine,242
19.75,A3_N-Acetyl-D_Glucosamine,242
20.0,A3_N-Acetyl-D_Glucosamine,243
20.25,A3_N-Acetyl-D_Glucosamine,247
20.5,A3_N-Acetyl-D_Glucosamine,251
20.75,A3_N-Acetyl-D_Glucosamine,253
21.0,A3_N-Acetyl-D_Glucosamine,252
21.25,A3_N-Acetyl-D_Glucosamine,257
21.5,A3_N-Acetyl-D_Glucosamine,260
21.75,A3_N-Acetyl-D_Glucosamine,258
22.0,A3_N-Acetyl-D_Glucosamine,261
22.25,A3_N-Acetyl-D_Glucosamine,265
22.5,A3_N-Acetyl-D_Glucosamine,266
22.75,A3_N-Acetyl-D_Glucosamine,267
23.0,A3_N-Acetyl-D_Glucosamine,269
23.25,A3_N-Acetyl-D_Glucosamine,268
23.5,A3_N-Acetyl-D_Glucosamine,280
23.75,A3_N-Acetyl-D_Glucosamine,278
24.0,A3_N-Acetyl-D_Glucosamine,275
24.25,A3_N-Acetyl-D_Glucosamine,278
24.5,A3_N-Acetyl-D_Glucosamine,279
24.75,A3_N-Acetyl-D_Glucosamine,277
25.0,A3_N-Acetyl-D_Glucosamine,281
25.25,A3_N-Acetyl-D_Glucosamine,281
25.5,A3_N-Acetyl-D_Glucosamine,282
25.75,A3_N-Acetyl-D_Glucosamine,284
26.0,A3_N-Acetyl-D_Glucosamine,282
26.25,A3_N-Acetyl-D_Glucosamine,287
26.5,A3_N-Acetyl-D_Glucosamine,286
26.75,A3_N-Acetyl-D_Glucosamine,285
27.0,A3_N-Acetyl-D_Glucosamine,283
27.25,A3_N-Acetyl-D_Glucosamine,287
27.5,A3_N-Acetyl-D_Glucosamine,286
27.75,A3_N-Acetyl-D_Glucosamine,286
28.0,A3_N-Acetyl-D_Glucosamine,286
28.25,A3_N-Acetyl-D_Glucosamine,287
28.5,A3_N-Acetyl-D_Glucosamine,287
28.75,A3_N-Acetyl-D_Glucosamine,287
29.0,A3_N-Acetyl-D_Glucosamine,291
29.25,A3_N-Acetyl-D_Glucosamine,289
29.5,A3_N-Acetyl-D_Glucosamine,292
29.75,A3_N-Acetyl-D_Glucosamine,293
30.0,A3_N-Acetyl-D_Glucosamine,291
30.25,A3_N-Acetyl-D_Glucosamine,291
30.5,A3_N-Acetyl-D_Glucosamine,290
30.75,A3_N-Acetyl-D_Glucosamine,294
31.0,A3_N-Acetyl-D_Glucosamine,294
31.25,A3_N-Acetyl-D_Glucosamine,297
31.5,A3_N-Acetyl-D_Glucosamine,297
31.75,A3_N-Acetyl-D_Glucosamine,294
32.0,A3_N-Acetyl-D_Glucosamine,297
32.25,A3_N-Acetyl-D_Glucosamine,293
32.5,A3_N-Acetyl-D_Glucosamine,299
32.75,A3_N-Acetyl-D_Glucosamine,299
33.0,A3_N-Acetyl-D_Glucosamine,294
33.25,A3_N-Acetyl-D_Glucosamine,300
33.5,A3_N-Acetyl-D_Glucosamine,295
33.75,A3_N-Acetyl-D_Glucosamine,297
34.0,A3_N-Acetyl-D_Glucosamine,304
34.25,A3_N-Acetyl-D_Glucosamine,298
34.5,A3_N-Acetyl-D_Glucosamine,302
34.75,A3_N-Acetyl-D_Glucosamine,300
35.0,A3_N-Acetyl-D_Glucosamine,297
35.25,A3_N-Acetyl-D_Glucosamine,297
35.5,A3_N-Acetyl-D_Glucosamine,300
35.75,A3_N-Acetyl-D_Glucosamine,298
36.0,A3_N-Acetyl-D_Glucosamine,302
36.25,A3_N-Acetyl-D_Glucosamine,301
36.5,A3_N-Acetyl-D_Glucosamine,299
36.75,A3_N-Acetyl-D_Glucosamine,301
37.0,A3_N-Acetyl-D_Glucosamine,302
37.25,A3_N-Acetyl-D_Glucosamine,301
37.5,A3_N-Acetyl-D_Glucosamine,299
37.75,A3_N-Acetyl-D_Glucosamine,299
38.0,A3_N-Acetyl-D_Glucosamine,304
38.25,A3_N-Acetyl-D_Glucosamine,304
38.5,A3_N-Acetyl-D_Glucosamine,303
38.75,A3_N-Acetyl-D_Glucosamine,302
39.0,A3_N-Acetyl-D_Glucosamine,302
39.25,A3_N-Acetyl-D_Glucosamine,301
39.5,A3_N-Acetyl-D_Glucosamine,305
39.75,A3_N-Acetyl-D_Glucosamine,301
40.0,A3_N-Acetyl-D_Glucosamine,301
40.25,A3_N-Acetyl-D_Glucosamine,304
40.5,A3_N-Acetyl-D_Glucosamine,301
40.75,A3_N-Acetyl-D_Glucosamine,301
41.0,A3_N-Acetyl-D_Glucosamine,305
41.25,A3_N-Acetyl-D_Glucosamine,303
41.5,A3_N-Acetyl-D_Glucosamine,305
41.75,A3_N-Acetyl-D_Glucosamine,306
42.0,A3_N-Acetyl-D_Glucosamine,307
42.25,A3_N-Acetyl-D_Glucosamine,302
42.5,A3_N-Acetyl-D_Glucosamine,302
42.75,A3_N-Acetyl-D_Glucosamine,307
43.0,A3_N-Acetyl-D_Glucosamine,310
43.25,A3_N-Acetyl-D_Glucosamine,308
43.5,A3_N-Acetyl-D_Glucosamine,306
43.75,A3_N-Acetyl-D_Glucosamine,309
44.0,A3_N-Acetyl-D_Glucosamine,306
44.25,A3_N-Acetyl-D_Glucosamine,307
44.5,A3_N-Acetyl-D_Glucosamine,309
44.75,A3_N-Acetyl-D_Glucosamine,310
45.0,A3_N-Acetyl-D_Glucosamine,306
45.25,A3_N-Acetyl-D_Glucosamine,306
45.5,A3_N-Acetyl-D_Glucosamine,308
45.75,A3_N-Acetyl-D_Glucosamine,305
46.0,A3_N-Acetyl-D_Glucosamine,299
46.25,A3_N-Acetyl-D_Glucosamine,303
46.5,A3_N-Acetyl-D_Glucosamine,302
46.75,A3_N-Acetyl-D_Glucosamine,300
47.0,A3_N-Acetyl-D_Glucosamine,298
47.25,A3_N-Acetyl-D_Glucosamine,300
47.5,A3_N-Acetyl-D_Glucosamine,0
0.0,A4_D-Saccharic_Acid,19
0.25,A4_D-Saccharic_Acid,37
0.5,A4_D-Saccharic_Acid,38
0.75,A4_D-Saccharic_Acid,35
1.0,A4_D-Saccharic_Acid,28
1.25,A4_D-Saccharic_Acid,15
1.5,A4_D-Saccharic_Acid,15
1.75,A4_D-Saccharic_Acid,12
2.0,A4_D-Saccharic_Acid,11
2.25,A4_D-Saccharic_Acid,11
2.5,A4_D-Saccharic_Acid,11
2.75,A4_D-Saccharic_Acid,11
3.0,A4_D-Saccharic_Acid,11
3.25,A4_D-Saccharic_Acid,11
3.5,A4_D-Saccharic_Acid,11
3.75,A4_D-Saccharic_Acid,11
4.0,A4_D-Saccharic_Acid,11
4.25,A4_D-Saccharic_Acid,17
4.5,A4_D-Saccharic_Acid,11
4.75,A4_D-Saccharic_Acid,11
5.0,A4_D-Saccharic_Acid,11
5.25,A4_D-Saccharic_Acid,15
5.5,A4_D-Saccharic_Acid,13
5.75,A4_D-Saccharic_Acid,12
6.0,A4_D-Saccharic_Acid,16
6.25,A4_D-Saccharic_Acid,15
6.5,A4_D-Saccharic_Acid,17
6.75,A4_D-Saccharic_Acid,16
7.0,A4_D-Saccharic_Acid,16
7.25,A4_D-Saccharic_Acid,23
7.5,A4_D-Saccharic_Acid,18
7.75,A4_D-Saccharic_Acid,22
8.0,A4_D-Saccharic_Acid,23
8.25,A4_D-Saccharic_Acid,26
8.5,A4_D-Saccharic_Acid,20
8.75,A4_D-Saccharic_Acid,19
9.0,A4_D-Saccharic_Acid,22
9.25,A4_D-Saccharic_Acid,20
9.5,A4_D-Saccharic_Acid,18
9.75,A4_D-Saccharic_Acid,22
10.0,A4_D-Saccharic_Acid,20
10.25,A4_D-Saccharic_Acid,17
10.5,A4_D-Saccharic_Acid,21
10.75,A4_D-Saccharic_Acid,20
11.0,A4_D-Saccharic_Acid,16
11.25,A4_D-Saccharic_Acid,18
11.5,A4_D-Saccharic_Acid,20
11.75,A4_D-Saccharic_Acid,22
12.0,A4_D-Saccharic_Acid,19
12.25,A4_D-Saccharic_Acid,22
12.5,A4_D-Saccharic_Acid,24
12.75,A4_D-Saccharic_Acid,24
13.0,A4_D-Saccharic_Acid,21
13.25,A4_D-Saccharic_Acid,23
13.5,A4_D-Saccharic_Acid,25
13.75,A4_D-Saccharic_Acid,24
14.0,A4_D-Saccharic_Acid,20
14.25,A4_D-Saccharic_Acid,21
14.5,A4_D-Saccharic_Acid,23
14.75,A4_D-Saccharic_Acid,23
15.0,A4_D-Saccharic_Acid,23
15.25,A4_D-Saccharic_Acid,22
15.5,A4_D-Saccharic_Acid,23
15.75,A4_D-Saccharic_Acid,21
16.0,A4_D-Saccharic_Acid,25
16.25,A4_D-Saccharic_Acid,22
16.5,A4_D-Saccharic_Acid,27
16.75,A4_D-Saccharic_Acid,26
17.0,A4_D-Saccharic_Acid,25
17.25,A4_D-Saccharic_Acid,26
17.5,A4_D-Saccharic_Acid,28
17.75,A4_D-Saccharic_Acid,25
18.0,A4_D-Saccharic_Acid,24
18.25,A4_D-Saccharic_Acid,29
18.5,A4_D-Saccharic_Acid,25
18.75,A4_D-Saccharic_Acid,25
19.0,A4_D-Saccharic_Acid,25
19.25,A4_D-Saccharic_Acid,25
19.5,A4_D-Saccharic_Acid,25
19.75,A4_D-Saccharic_Acid,27
20.0,A4_D-Saccharic_Acid,28
20.25,A4_D-Saccharic_Acid,25
20.5,A4_D-Saccharic_Acid,26
20.75,A4_D-Saccharic_Acid,30
21.0,A4_D-Saccharic_Acid,24
21.25,A4_D-Saccharic_Acid,27
21.5,A4_D-Saccharic_Acid,28
21.75,A4_D-Saccharic_Acid,26
22.0,A4_D-Saccharic_Acid,27
22.25,A4_D-Saccharic_Acid,25
22.5,A4_D-Saccharic_Acid,28
22.75,A4_D-Saccharic_Acid,24
23.0,A4_D-Saccharic_Acid,27
23.25,A4_D-Saccharic_Acid,28
23.5,A4_D-Saccharic_Acid,33
23.75,A4_D-Saccharic_Acid,32
24.0,A4_D-Saccharic_Acid,27
24.25,A4_D-Saccharic_Acid,28
24.5,A4_D-Saccharic_Acid,29
24.75,A4_D-Saccharic_Acid,28
25.0,A4_D-Saccharic_Acid,29
25.25,A4_D-Saccharic_Acid,24
25.5,A4_D-Saccharic_Acid,27
25.75,A4_D-Saccharic_Acid,28
26.0,A4_D-Saccharic_Acid,28
26.25,A4_D-Saccharic_Acid,27
26.5,A4_D-Saccharic_Acid,25
26.75,A4_D-Saccharic_Acid,25
27.0,A4_D-Saccharic_Acid,29
27.25,A4_D-Saccharic_Acid,30
27.5,A4_D-Saccharic_Acid,29
27.75,A4_D-Saccharic_Acid,28
28.0,A4_D-Saccharic_Acid,28
28.25,A4_D-Saccharic_Acid,28
28.5,A4_D-Saccharic_Acid,25
28.75,A4_D-Saccharic_Acid,28
29.0,A4_D-Saccharic_Acid,29
29.25,A4_D-Saccharic_Acid,26
29.5,A4_D-Saccharic_Acid,31
29.75,A4_D-Saccharic_Acid,28
30.0,A4_D-Saccharic_Acid,27
30.25,A4_D-Saccharic_Acid,25
30.5,A4_D-Saccharic_Acid,23
30.75,A4_D-Saccharic_Acid,30
31.0,A4_D-Saccharic_Acid,26
31.25,A4_D-Saccharic_Acid,36
31.5,A4_D-Saccharic_Acid,39
31.75,A4_D-Saccharic_Acid,37
32.0,A4_D-Saccharic_Acid,33
32.25,A4_D-Saccharic_Acid,29
32.5,A4_D-Saccharic_Acid,32
32.75,A4_D-Saccharic_Acid,30
33.0,A4_D-Saccharic_Acid,30
33.25,A4_D-Saccharic_Acid,28
33.5,A4_D-Saccharic_Acid,31
33.75,A4_D-Saccharic_Acid,32
34.0,A4_D-Saccharic_Acid,37
34.25,A4_D-Saccharic_Acid,33
34.5,A4_D-Saccharic_Acid,33
34.75,A4_D-Saccharic_Acid,31
35.0,A4_D-Saccharic_Acid,29
35.25,A4_D-Saccharic_Acid,26
35.5,A4_D-Saccharic_Acid,33
35.75,A4_D-Saccharic_Acid,31
36.0,A4_D-Saccharic_Acid,34
36.25,A4_D-Saccharic_Acid,32
36.5,A4_D-Saccharic_Acid,29
36.75,A4_D-Saccharic_Acid,30
37.0,A4_D-Saccharic_Acid,29
37.25,A4_D-Saccharic_Acid,31
37.5,A4_D-Saccharic_Acid,30
37.75,A4_D-Saccharic_Acid,32
38.0,A4_D-Saccharic_Acid,34
38.25,A4_D-Saccharic_Acid,32
38.5,A4_D-Saccharic_Acid,35
38.75,A4_D-Saccharic_Acid,26
39.0,A4_D-Saccharic_Acid,25
39.25,A4_D-Saccharic_Acid,32
39.5,A4_D-Saccharic_Acid,33
39.75,A4_D-Saccharic_Acid,29
40.0,A4_D-Saccharic_Acid,30
40.25,A4_D-Saccharic_Acid,40
40.5,A4_D-Saccharic_Acid,27
40.75,A4_D-Saccharic_Acid,28
41.0,A4_D-Saccharic_Acid,32
41.25,A4_D-Saccharic_Acid,27
41.5,A4_D-Saccharic_Acid,29
41.75,A4_D-Saccharic_Acid,28
42.0,A4_D-Saccharic_Acid,34
42.25,A4_D-Saccharic_Acid,29
42.5,A4_D-Saccharic_Acid,27
42.75,A4_D-Saccharic_Acid,31
43.0,A4_D-Saccharic_Acid,30
43.25,A4_D-Saccharic_Acid,27
43.5,A4_D-Saccharic_Acid,29
43.75,A4_D-Saccharic_Acid,29
44.0,A4_D-Saccharic_Acid,32
44.25,A4_D-Saccharic_Acid,35
44.5,A4_D-Saccharic_Acid,31
44.75,A4_D-Saccharic_Acid,31
45.0,A4_D-Saccharic_Acid,33
45.25,A4_D-Saccharic_Acid,31
45.5,A4_D-Saccharic_Acid,27
45.75,A4_D-Saccharic_Acid,34
46.0,A4_D-Saccharic_Acid,26
46.25,A4_D-Saccharic_Acid,31
46.5,A4_D-Saccharic_Acid,29
46.75,A4_D-Saccharic_Acid,27
47.0,A4_D-Saccharic_Acid,31
47.25,A4_D-Saccharic_Acid,27
47.5,A4_D-Saccharic_Acid,0
0.0,A5_Succinic_Acid,11
0.25,A5_Succinic_Acid,12
0.5,A5_Succinic_Acid,11
0.75,A5_Succinic_Acid,11
1.0,A5_Succinic_Acid,11
1.25,A5_Succinic_Acid,11
1.5,A5_Succinic_Acid,11
1.75,A5_Succinic_Acid,11
2.0,A5_Succinic_Acid,11
2.25,A5_Succinic_Acid,11
2.5,A5_Succinic_Acid,11
2.75,A5_Succinic_Acid,11
3.0,A5_Succinic_Acid,11
3.25,A5_Succinic_Acid,11
3.5,A5_Succinic_Acid,11
3.75,A5_Succinic_Acid,11
4.0,A5_Succinic_Acid,11
4.25,A5_Succinic_Acid,11
4.5,A5_Succinic_Acid,13
4.75,A5_Succinic_Acid,11
5.0,A5_Succinic_Acid,13
5.25,A5_Succinic_Acid,12
5.5,A5_Succinic_Acid,16
5.75,A5_Succinic_Acid,17
6.0,A5_Succinic_Acid,17
6.25,A5_Succinic_Acid,21
6.5,A5_Succinic_Acid,20
6.75,A5_Succinic_Acid,25
7.0,A5_Succinic_Acid,24
7.25,A5_Succinic_Acid,30
7.5,A5_Succinic_Acid,31
7.75,A5_Succinic_Acid,42
8.0,A5_Succinic_Acid,43
8.25,A5_Succinic_Acid,46
8.5,A5_Succinic_Acid,46
8.75,A5_Succinic_Acid,50
9.0,A5_Succinic_Acid,51
9.25,A5_Succinic_Acid,57
9.5,A5_Succinic_Acid,57
9.75,A5_Succinic_Acid,61
10.0,A5_Succinic_Acid,66
10.25,A5_Succinic_Acid,68
10.5,A5_Succinic_Acid,71
10.75,A5_Succinic_Acid,76
11.0,A5_Succinic_Acid,79
11.25,A5_Succinic_Acid,84
11.5,A5_Succinic_Acid,83
11.75,A5_Succinic_Acid,90
12.0,A5_Succinic_Acid,91
12.25,A5_Succinic_Acid,100
12.5,A5_Succinic_Acid,97
12.75,A5_Succinic_Acid,100
13.0,A5_Succinic_Acid,99
13.25,A5_Succinic_Acid,109
13.5,A5_Succinic_Acid,112
13.75,A5_Succinic_Acid,114
14.0,A5_Succinic_Acid,118
14.25,A5_Succinic_Acid,117
14.5,A5_Succinic_Acid,118
14.75,A5_Succinic_Acid,120
15.0,A5_Succinic_Acid,121
15.25,A5_Succinic_Acid,119
15.5,A5_Succinic_Acid,124
15.75,A5_Succinic_Acid,120
16.0,A5_Succinic_Acid,125
16.25,A5_Succinic_Acid,124
16.5,A5_Succinic_Acid,118
16.75,A5_Succinic_Acid,126
17.0,A5_Succinic_Acid,123
17.25,A5_Succinic_Acid,124
17.5,A5_Succinic_Acid,120
17.75,A5_Succinic_Acid,121
18.0,A5_Succinic_Acid,122
18.25,A5_Succinic_Acid,116
18.5,A5_Succinic_Acid,121
18.75,A5_Succinic_Acid,116
19.0,A5_Succinic_Acid,117
19.25,A5_Succinic_Acid,120
19.5,A5_Succinic_Acid,117
19.75,A5_Succinic_Acid,121
20.0,A5_Succinic_Acid,120
20.25,A5_Succinic_Acid,120
20.5,A5_Succinic_Acid,121
20.75,A5_Succinic_Acid,119
21.0,A5_Succinic_Acid,119
21.25,A5_Succinic_Acid,118
21.5,A5_Succinic_Acid,121
21.75,A5_Succinic_Acid,117
22.0,A5_Succinic_Acid,118
22.25,A5_Succinic_Acid,123
22.5,A5_Succinic_Acid,118
22.75,A5_Succinic_Acid,121
23.0,A5_Succinic_Acid,119
23.25,A5_Succinic_Acid,117
23.5,A5_Succinic_Acid,123
23.75,A5_Succinic_Acid,122
24.0,A5_Succinic_Acid,120
24.25,A5_Succinic_Acid,121
24.5,A5_Succinic_Acid,121
24.75,A5_Succinic_Acid,125
25.0,A5_Succinic_Acid,119
25.25,A5_Succinic_Acid,116
25.5,A5_Succinic_Acid,115
25.75,A5_Succinic_Acid,114
26.0,A5_Succinic_Acid,116
26.25,A5_Succinic_Acid,120
26.5,A5_Succinic_Acid,117
26.75,A5_Succinic_Acid,115
27.0,A5_Succinic_Acid,118
27.25,A5_Succinic_Acid,120
27.5,A5_Succinic_Acid,119
27.75,A5_Succinic_Acid,116
28.0,A5_Succinic_Acid,117
28.25,A5_Succinic_Acid,120
28.5,A5_Succinic_Acid,117
28.75,A5_Succinic_Acid,119
29.0,A5_Succinic_Acid,115
29.25,A5_Succinic_Acid,115
29.5,A5_Succinic_Acid,126
29.75,A5_Succinic_Acid,118
30.0,A5_Succinic_Acid,114
30.25,A5_Succinic_Acid,111
30.5,A5_Succinic_Acid,116
30.75,A5_Succinic_Acid,121
31.0,A5_Succinic_Acid,117
31.25,A5_Succinic_Acid,121
31.5,A5_Succinic_Acid,119
31.75,A5_Succinic_Acid,119
32.0,A5_Succinic_Acid,120
32.25,A5_Succinic_Acid,117
32.5,A5_Succinic_Acid,123
32.75,A5_Succinic_Acid,115
33.0,A5_Succinic_Acid,117
33.25,A5_Succinic_Acid,122
33.5,A5_Succinic_Acid,115
33.75,A5_Succinic_Acid,118
34.0,A5_Succinic_Acid,121
34.25,A5_Succinic_Acid,119
34.5,A5_Succinic_Acid,117
34.75,A5_Succinic_Acid,117
35.0,A5_Succinic_Acid,119
35.25,A5_Succinic_Acid,117
35.5,A5_Succinic_Acid,116
35.75,A5_Succinic_Acid,113
36.0,A5_Succinic_Acid,121
36.25,A5_Succinic_Acid,123
36.5,A5_Succinic_Acid,120
36.75,A5_Succinic_Acid,120
37.0,A5_Succinic_Acid,120
37.25,A5_Succinic_Acid,117
37.5,A5_Succinic_Acid,116
37.75,A5_Succinic_Acid,122
38.0,A5_Succinic_Acid,123
38.25,A5_Succinic_Acid,121
38.5,A5_Succinic_Acid,119
38.75,A5_Succinic_Acid,116
39.0,A5_Succinic_Acid,118
39.25,A5_Succinic_Acid,123
39.5,A5_Succinic_Acid,118
39.75,A5_Succinic_Acid,111
40.0,A5_Succinic_Acid,121
40.25,A5_Succinic_Acid,119
40.5,A5_Succinic_Acid,115
40.75,A5_Succinic_Acid,116
41.0,A5_Succinic_Acid,118
41.25,A5_Succinic_Acid,117
41.5,A5_Succinic_Acid,117
41.75,A5_Succinic_Acid,117
42.0,A5_Succinic_Acid,124
42.25,A5_Succinic_Acid,116
42.5,A5_Succinic_Acid,113
42.75,A5_Succinic_Acid,116
43.0,A5_Succinic_Acid,114
43.25,A5_Succinic_Acid,115
43.5,A5_Succinic_Acid,115
43.75,A5_Succinic_Acid,114
44.0,A5_Succinic_Acid,115
44.25,A5_Succinic_Acid,122
44.5,A5_Succinic_Acid,120
44.75,A5_Succinic_Acid,117
45.0,A5_Succinic_Acid,118
45.25,A5_Succinic_Acid,115
45.5,A5_Succinic_Acid,118
45.75,A5_Succinic_Acid,120
46.0,A5_Succinic_Acid,114
46.25,A5_Succinic_Acid,121
46.5,A5_Succinic_Acid,120
46.75,A5_Succinic_Acid,118
47.0,A5_Succinic_Acid,117
47.25,A5_Succinic_Acid,119
47.5,A5_Succinic_Acid,0
0.0,A6_D-Galactose,11
0.25,A6_D-Galactose,11
0.5,A6_D-Galactose,11
0.75,A6_D-Galactose,11
1.0,A6_D-Galactose,11
1.25,A6_D-Galactose,11
1.5,A6_D-Galactose,11
1.75,A6_D-Galactose,11
2.0,A6_D-Galactose,11
2.25,A6_D-Galactose,11
2.5,A6_D-Galactose,11
2.75,A6_D-Galactose,11
3.0,A6_D-Galactose,11
3.25,A6_D-Galactose,11
3.5,A6_D-Galactose,11
3.75,A6_D-Galactose,11
4.0,A6_D-Galactose,11
4.25,A6_D-Galactose,11
4.5,A6_D-Galactose,11
4.75,A6_D-Galactose,11
5.0,A6_D-Galactose,11
5.25,A6_D-Galactose,13
5.5,A6_D-Galactose,13
5.75,A6_D-Galactose,14
6.0,A6_D-Galactose,14
6.25,A6_D-Galactose,17
6.5,A6_D-Galactose,17
6.75,A6_D-Galactose,17
7.0,A6_D-Galactose,22
7.25,A6_D-Galactose,26
7.5,A6_D-Galactose,27
7.75,A6_D-Galactose,31
8.0,A6_D-Galactose,33
8.25,A6_D-Galactose,31
8.5,A6_D-Galactose,36
8.75,A6_D-Galactose,40
9.0,A6_D-Galactose,37
9.25,A6_D-Galactose,37
9.5,A6_D-Galactose,43
9.75,A6_D-Galactose,40
10.0,A6_D-Galactose,48
10.25,A6_D-Galactose,49
10.5,A6_D-Galactose,52
10.75,A6_D-Galactose,54
11.0,A6_D-Galactose,57
11.25,A6_D-Galactose,60
11.5,A6_D-Galactose,61
11.75,A6_D-Galactose,57
12.0,A6_D-Galactose,64
12.25,A6_D-Galactose,72
12.5,A6_D-Galactose,71
12.75,A6_D-Galactose,65
13.0,A6_D-Galactose,75
13.25,A6_D-Galactose,73
13.5,A6_D-Galactose,80
13.75,A6_D-Galactose,80
14.0,A6_D-Galactose,87
14.25,A6_D-Galactose,85
14.5,A6_D-Galactose,88
14.75,A6_D-Galactose,91
15.0,A6_D-Galactose,95
15.25,A6_D-Galactose,94
15.5,A6_D-Galactose,92
15.75,A6_D-Galactose,99
16.0,A6_D-Galactose,106
16.25,A6_D-Galactose,105
16.5,A6_D-Galactose,106
16.75,A6_D-Galactose,118
17.0,A6_D-Galactose,114
17.25,A6_D-Galactose,115
17.5,A6_D-Galactose,119
17.75,A6_D-Galactose,120
18.0,A6_D-Galactose,126
18.25,A6_D-Galactose,125
18.5,A6_D-Galactose,128
18.75,A6_D-Galactose,128
19.0,A6_D-Galactose,137
19.25,A6_D-Galactose,138
19.5,A6_D-Galactose,140
19.75,A6_D-Galactose,143
20.0,A6_D-Galactose,140
20.25,A6_D-Galactose,154
20.5,A6_D-Galactose,150
20.75,A6_D-Galactose,152
21.0,A6_D-Galactose,156
21.25,A6_D-Galactose,159
21.5,A6_D-Galactose,160
21.75,A6_D-Galactose,162
22.0,A6_D-Galactose,167
22.25,A6_D-Galactose,181
22.5,A6_D-Galactose,178
22.75,A6_D-Galactose,177
23.0,A6_D-Galactose,178
23.25,A6_D-Galactose,183
23.5,A6_D-Galactose,201
23.75,A6_D-Galactose,200
24.0,A6_D-Galactose,194
24.25,A6_D-Galactose,198
24.5,A6_D-Galactose,201
24.75,A6_D-Galactose,205
25.0,A6_D-Galactose,206
25.25,A6_D-Galactose,211
25.5,A6_D-Galactose,214
25.75,A6_D-Galactose,218
26.0,A6_D-Galactose,220
26.25,A6_D-Galactose,232
26.5,A6_D-Galactose,231
26.75,A6_D-Galactose,238
27.0,A6_D-Galactose,233
27.25,A6_D-Galactose,242
27.5,A6_D-Galactose,239
27.75,A6_D-Galactose,242
28.0,A6_D-Galactose,245
28.25,A6_D-Galactose,250
28.5,A6_D-Galactose,251
28.75,A6_D-Galactose,250
29.0,A6_D-Galactose,254
29.25,A6_D-Galactose,252
29.5,A6_D-Galactose,264
29.75,A6_D-Galactose,263
30.0,A6_D-Galactose,262
30.25,A6_D-Galactose,260
30.5,A6_D-Galactose,265
30.75,A6_D-Galactose,274
31.0,A6_D-Galactose,270
31.25,A6_D-Galactose,273
31.5,A6_D-Galactose,277
31.75,A6_D-Galactose,274
32.0,A6_D-Galactose,281
32.25,A6_D-Galactose,277
32.5,A6_D-Galactose,282
32.75,A6_D-Galactose,274
33.0,A6_D-Galactose,275
33.25,A6_D-Galactose,282
33.5,A6_D-Galactose,277
33.75,A6_D-Galactose,283
34.0,A6_D-Galactose,287
34.25,A6_D-Galactose,287
34.5,A6_D-Galactose,288
34.75,A6_D-Galactose,283
35.0,A6_D-Galactose,285
35.25,A6_D-Galactose,281
35.5,A6_D-Galactose,287
35.75,A6_D-Galactose,285
36.0,A6_D-Galactose,289
36.25,A6_D-Galactose,289
36.5,A6_D-Galactose,290
36.75,A6_D-Galactose,292
37.0,A6_D-Galactose,294
37.25,A6_D-Galactose,289
37.5,A6_D-Galactose,289
37.75,A6_D-Galactose,291
38.0,A6_D-Galactose,294
38.25,A6_D-Galactose,292
38.5,A6_D-Galactose,290
38.75,A6_D-Galactose,287
39.0,A6_D-Galactose,289
39.25,A6_D-Galactose,293
39.5,A6_D-Galactose,292
39.75,A6_D-Galactose,291
40.0,A6_D-Galactose,292
40.25,A6_D-Galactose,296
40.5,A6_D-Galactose,289
40.75,A6_D-Galactose,287
41.0,A6_D-Galactose,294
41.25,A6_D-Galactose,288
41.5,A6_D-Galactose,294
41.75,A6_D-Galactose,295
42.0,A6_D-Galactose,298
42.25,A6_D-Galactose,289
42.5,A6_D-Galactose,291
42.75,A6_D-Galactose,296
43.0,A6_D-Galactose,298
43.25,A6_D-Galactose,291
43.5,A6_D-Galactose,293
43.75,A6_D-Galactose,297
44.0,A6_D-Galactose,298
44.25,A6_D-Galactose,301
44.5,A6_D-Galactose,299
44.75,A6_D-Galactose,300
45.0,A6_D-Galactose,295
45.25,A6_D-Galactose,298
45.5,A6_D-Galactose,297
45.75,A6_D-Galactose,305
46.0,A6_D-Galactose,295
46.25,A6_D-Galactose,305
46.5,A6_D-Galactose,301
46.75,A6_D-Galactose,299
47.0,A6_D-Galactose,300
47.25,A6_D-Galactose,301
47.5,A6_D-Galactose,0
0.0,A7_L-Aspartic_Acid,16
0.25,A7_L-Aspartic_Acid,27
0.5,A7_L-Aspartic_Acid,11
0.75,A7_L-Aspartic_Acid,11
1.0,A7_L-Aspartic_Acid,11
1.25,A7_L-Aspartic_Acid,11
1.5,A7_L-Aspartic_Acid,11
1.75,A7_L-Aspartic_Acid,11
2.0,A7_L-Aspartic_Acid,11
2.25,A7_L-Aspartic_Acid,11
2.5,A7_L-Aspartic_Acid,11
2.75,A7_L-Aspartic_Acid,11
3.0,A7_L-Aspartic_Acid,11
3.25,A7_L-Aspartic_Acid,11
3.5,A7_L-Aspartic_Acid,11
3.75,A7_L-Aspartic_Acid,11
4.0,A7_L-Aspartic_Acid,11
4.25,A7_L-Aspartic_Acid,11
4.5,A7_L-Aspartic_Acid,11
4.75,A7_L-Aspartic_Acid,11
5.0,A7_L-Aspartic_Acid,11
5.25,A7_L-Aspartic_Acid,11
5.5,A7_L-Aspartic_Acid,11
5.75,A7_L-Aspartic_Acid,16
6.0,A7_L-Aspartic_Acid,15
6.25,A7_L-Aspartic_Acid,14
6.5,A7_L-Aspartic_Acid,19
6.75,A7_L-Aspartic_Acid,18
7.0,A7_L-Aspartic_Acid,21
7.25,A7_L-Aspartic_Acid,19
7.5,A7_L-Aspartic_Acid,20
7.75,A7_L-Aspartic_Acid,27
8.0,A7_L-Aspartic_Acid,27
8.25,A7_L-Aspartic_Acid,30
8.5,A7_L-Aspartic_Acid,25
8.75,A7_L-Aspartic_Acid,22
9.0,A7_L-Aspartic_Acid,25
9.25,A7_L-Aspartic_Acid,27
9.5,A7_L-Aspartic_Acid,28
9.75,A7_L-Aspartic_Acid,30
10.0,A7_L-Aspartic_Acid,27
10.25,A7_L-Aspartic_Acid,32
10.5,A7_L-Aspartic_Acid,34
10.75,A7_L-Aspartic_Acid,35
11.0,A7_L-Aspartic_Acid,33
11.25,A7_L-Aspartic_Acid,35
11.5,A7_L-Aspartic_Acid,35
11.75,A7_L-Aspartic_Acid,36
12.0,A7_L-Aspartic_Acid,41
12.25,A7_L-Aspartic_Acid,43
12.5,A7_L-Aspartic_Acid,40
12.75,A7_L-Aspartic_Acid,40
13.0,A7_L-Aspartic_Acid,39
13.25,A7_L-Aspartic_Acid,45
13.5,A7_L-Aspartic_Acid,46
13.75,A7_L-Aspartic_Acid,44
14.0,A7_L-Aspartic_Acid,49
14.25,A7_L-Aspartic_Acid,45
14.5,A7_L-Aspartic_Acid,46
14.75,A7_L-Aspartic_Acid,50
15.0,A7_L-Aspartic_Acid,47
15.25,A7_L-Aspartic_Acid,57
15.5,A7_L-Aspartic_Acid,51
15.75,A7_L-Aspartic_Acid,56
16.0,A7_L-Aspartic_Acid,58
16.25,A7_L-Aspartic_Acid,58
16.5,A7_L-Aspartic_Acid,64
16.75,A7_L-Aspartic_Acid,63
17.0,A7_L-Aspartic_Acid,63
17.25,A7_L-Aspartic_Acid,71
17.5,A7_L-Aspartic_Acid,69
17.75,A7_L-Aspartic_Acid,71
18.0,A7_L-Aspartic_Acid,73
18.25,A7_L-Aspartic_Acid,75
18.5,A7_L-Aspartic_Acid,76
18.75,A7_L-Aspartic_Acid,78
19.0,A7_L-Aspartic_Acid,82
19.25,A7_L-Aspartic_Acid,83
19.5,A7_L-Aspartic_Acid,83
19.75,A7_L-Aspartic_Acid,82
20.0,A7_L-Aspartic_Acid,85
20.25,A7_L-Aspartic_Acid,90
20.5,A7_L-Aspartic_Acid,91
20.75,A7_L-Aspartic_Acid,97
21.0,A7_L-Aspartic_Acid,94
21.25,A7_L-Aspartic_Acid,99
21.5,A7_L-Aspartic_Acid,98
21.75,A7_L-Aspartic_Acid,104
22.0,A7_L-Aspartic_Acid,104
22.25,A7_L-Aspartic_Acid,110
22.5,A7_L-Aspartic_Acid,111
22.75,A7_L-Aspartic_Acid,106
23.0,A7_L-Aspartic_Acid,114
23.25,A7_L-Aspartic_Acid,112
23.5,A7_L-Aspartic_Acid,122
23.75,A7_L-Aspartic_Acid,126
24.0,A7_L-Aspartic_Acid,125
24.25,A7_L-Aspartic_Acid,131
24.5,A7_L-Aspartic_Acid,127
24.75,A7_L-Aspartic_Acid,136
25.0,A7_L-Aspartic_Acid,132
25.25,A7_L-Aspartic_Acid,137
25.5,A7_L-Aspartic_Acid,139
25.75,A7_L-Aspartic_Acid,144
26.0,A7_L-Aspartic_Acid,144
26.25,A7_L-Aspartic_Acid,150
26.5,A7_L-Aspartic_Acid,152
26.75,A7_L-Aspartic_Acid,151
27.0,A7_L-Aspartic_Acid,156
27.25,A7_L-Aspartic_Acid,159
27.5,A7_L-Aspartic_Acid,161
27.75,A7_L-Aspartic_Acid,164
28.0,A7_L-Aspartic_Acid,161
28.25,A7_L-Aspartic_Acid,167
28.5,A7_L-Aspartic_Acid,171
28.75,A7_L-Aspartic_Acid,170
29.0,A7_L-Aspartic_Acid,175
29.25,A7_L-Aspartic_Acid,173
29.5,A7_L-Aspartic_Acid,174
29.75,A7_L-Aspartic_Acid,181
30.0,A7_L-Aspartic_Acid,183
30.25,A7_L-Aspartic_Acid,184
30.5,A7_L-Aspartic_Acid,185
30.75,A7_L-Aspartic_Acid,191
31.0,A7_L-Aspartic_Acid,190
31.25,A7_L-Aspartic_Acid,195
31.5,A7_L-Aspartic_Acid,198
31.75,A7_L-Aspartic_Acid,200
32.0,A7_L-Aspartic_Acid,202
32.25,A7_L-Aspartic_Acid,201
32.5,A7_L-Aspartic_Acid,204
32.75,A7_L-Aspartic_Acid,202
33.0,A7_L-Aspartic_Acid,206
33.25,A7_L-Aspartic_Acid,209
33.5,A7_L-Aspartic_Acid,206
33.75,A7_L-Aspartic_Acid,212
34.0,A7_L-Aspartic_Acid,215
34.25,A7_L-Aspartic_Acid,214
34.5,A7_L-Aspartic_Acid,212
34.75,A7_L-Aspartic_Acid,210
35.0,A7_L-Aspartic_Acid,214
35.25,A7_L-Aspartic_Acid,209
35.5,A7_L-Aspartic_Acid,206
35.75,A7_L-Aspartic_Acid,209
36.0,A7_L-Aspartic_Acid,210
36.25,A7_L-Aspartic_Acid,210
36.5,A7_L-Aspartic_Acid,206
36.75,A7_L-Aspartic_Acid,209
37.0,A7_L-Aspartic_Acid,207
37.25,A7_L-Aspartic_Acid,210
37.5,A7_L-Aspartic_Acid,206
37.75,A7_L-Aspartic_Acid,209
38.0,A7_L-Aspartic_Acid,209
38.25,A7_L-Aspartic_Acid,207
38.5,A7_L-Aspartic_Acid,208
38.75,A7_L-Aspartic_Acid,206
39.0,A7_L-Aspartic_Acid,206
39.25,A7_L-Aspartic_Acid,209
39.5,A7_L-Aspartic_Acid,208
39.75,A7_L-Aspartic_Acid,207
40.0,A7_L-Aspartic_Acid,207
40.25,A7_L-Aspartic_Acid,210
40.5,A7_L-Aspartic_Acid,202
40.75,A7_L-Aspartic_Acid,201
41.0,A7_L-Aspartic_Acid,206
41.25,A7_L-Aspartic_Acid,205
41.5,A7_L-Aspartic_Acid,205
41.75,A7_L-Aspartic_Acid,202
42.0,A7_L-Aspartic_Acid,207
42.25,A7_L-Aspartic_Acid,203
42.5,A7_L-Aspartic_Acid,203
42.75,A7_L-Aspartic_Acid,208
43.0,A7_L-Aspartic_Acid,203
43.25,A7_L-Aspartic_Acid,203
43.5,A7_L-Aspartic_Acid,201
43.75,A7_L-Aspartic_Acid,200
44.0,A7_L-Aspartic_Acid,204
44.25,A7_L-Aspartic_Acid,205
44.5,A7_L-Aspartic_Acid,202
44.75,A7_L-Aspartic_Acid,203
45.0,A7_L-Aspartic_Acid,202
45.25,A7_L-Aspartic_Acid,203
45.5,A7_L-Aspartic_Acid,203
45.75,A7_L-Aspartic_Acid,207
46.0,A7_L-Aspartic_Acid,200
46.25,A7_L-Aspartic_Acid,201
46.5,A7_L-Aspartic_Acid,202
46.75,A7_L-Aspartic_Acid,198
47.0,A7_L-Aspartic_Acid,198
47.25,A7_L-Aspartic_Acid,200
47.5,A7_L-Aspartic_Acid,0
0.0,A8_L-Proline,39
0.25,A8_L-Proline,11
0.5,A8_L-Proline,11
0.75,A8_L-Proline,11
1.0,A8_L-Proline,11
1.25,A8_L-Proline,11
1.5,A8_L-Proline,11
1.75,A8_L-Proline,11
2.0,A8_L-Proline,12
2.25,A8_L-Proline,11
2.5,A8_L-Proline,11
2.75,A8_L-Proline,11
3.0,A8_L-Proline,11
3.25,A8_L-Proline,11
3.5,A8_L-Proline,11
3.75,A8_L-Proline,11
4.0,A8_L-Proline,11
4.25,A8_L-Proline,13
4.5,A8_L-Proline,11
4.75,A8_L-Proline,14
5.0,A8_L-Proline,11
5.25,A8_L-Proline,16
5.5,A8_L-Proline,16
5.75,A8_L-Proline,17
6.0,A8_L-Proline,17
6.25,A8_L-Proline,18
6.5,A8_L-Proline,24
6.75,A8_L-Proline,19
7.0,A8_L-Proline,22
7.25,A8_L-Proline,27
7.5,A8_L-Proline,29
7.75,A8_L-Proline,32
8.0,A8_L-Proline,33
8.25,A8_L-Proline,31
8.5,A8_L-Proline,37
8.75,A8_L-Proline,39
9.0,A8_L-Proline,46
9.25,A8_L-Proline,44
9.5,A8_L-Proline,45
9.75,A8_L-Proline,46
10.0,A8_L-Proline,45
10.25,A8_L-Proline,50
10.5,A8_L-Proline,54
10.75,A8_L-Proline,58
11.0,A8_L-Proline,58
11.25,A8_L-Proline,59
11.5,A8_L-Proline,67
11.75,A8_L-Proline,65
12.0,A8_L-Proline,69
12.25,A8_L-Proline,69
12.5,A8_L-Proline,68
12.75,A8_L-Proline,77
13.0,A8_L-Proline,80
13.25,A8_L-Proline,81
13.5,A8_L-Proline,85
13.75,A8_L-Proline,90
14.0,A8_L-Proline,89
14.25,A8_L-Proline,91
14.5,A8_L-Proline,96
14.75,A8_L-Proline,101
15.0,A8_L-Proline,104
15.25,A8_L-Proline,108
15.5,A8_L-Proline,110
15.75,A8_L-Proline,113
16.0,A8_L-Proline,119
16.25,A8_L-Proline,123
16.5,A8_L-Proline,126
16.75,A8_L-Proline,125
17.0,A8_L-Proline,134
17.25,A8_L-Proline,140
17.5,A8_L-Proline,143
17.75,A8_L-Proline,146
18.0,A8_L-Proline,149
18.25,A8_L-Proline,153
18.5,A8_L-Proline,154
18.75,A8_L-Proline,159
19.0,A8_L-Proline,165
19.25,A8_L-Proline,166
19.5,A8_L-Proline,170
19.75,A8_L-Proline,167
20.0,A8_L-Proline,177
20.25,A8_L-Proline,180
20.5,A8_L-Proline,181
20.75,A8_L-Proline,182
21.0,A8_L-Proline,190
21.25,A8_L-Proline,187
21.5,A8_L-Proline,190
21.75,A8_L-Proline,192
22.0,A8_L-Proline,197
22.25,A8_L-Proline,197
22.5,A8_L-Proline,198
22.75,A8_L-Proline,205
23.0,A8_L-Proline,207
23.25,A8_L-Proline,208
23.5,A8_L-Proline,213
23.75,A8_L-Proline,211
24.0,A8_L-Proline,216
24.25,A8_L-Proline,220
24.5,A8_L-Proline,220
24.75,A8_L-Proline,224
25.0,A8_L-Proline,226
25.25,A8_L-Proline,228
25.5,A8_L-Proline,229
25.75,A8_L-Proline,231
26.0,A8_L-Proline,234
26.25,A8_L-Proline,230
26.5,A8_L-Proline,234
26.75,A8_L-Proline,235
27.0,A8_L-Proline,237
27.25,A8_L-Proline,238
27.5,A8_L-Proline,241
27.75,A8_L-Proline,244
28.0,A8_L-Proline,244
28.25,A8_L-Proline,243
28.5,A8_L-Proline,242
28.75,A8_L-Proline,250
29.0,A8_L-Proline,247
29.25,A8_L-Proline,252
29.5,A8_L-Proline,249
29.75,A8_L-Proline,249
30.0,A8_L-Proline,255
30.25,A8_L-Proline,252
30.5,A8_L-Proline,260
30.75,A8_L-Proline,255
31.0,A8_L-Proline,258
31.25,A8_L-Proline,259
31.5,A8_L-Proline,255
31.75,A8_L-Proline,258
32.0,A8_L-Proline,262
32.25,A8_L-Proline,261
32.5,A8_L-Proline,261
32.75,A8_L-Proline,262
33.0,A8_L-Proline,266
33.25,A8_L-Proline,264
33.5,A8_L-Proline,265
33.75,A8_L-Proline,265
34.0,A8_L-Proline,264
34.25,A8_L-Proline,266
34.5,A8_L-Proline,268
34.75,A8_L-Proline,265
35.0,A8_L-Proline,270
35.25,A8_L-Proline,269
35.5,A8_L-Proline,267
35.75,A8_L-Proline,272
36.0,A8_L-Proline,268
36.25,A8_L-Proline,272
36.5,A8_L-Proline,269
36.75,A8_L-Proline,272
37.0,A8_L-Proline,269
37.25,A8_L-Proline,269
37.5,A8_L-Proline,272
37.75,A8_L-Proline,270
38.0,A8_L-Proline,270
38.25,A8_L-Proline,269
38.5,A8_L-Proline,274
38.75,A8_L-Proline,277
39.0,A8_L-Proline,276
39.25,A8_L-Proline,276
39.5,A8_L-Proline,275
39.75,A8_L-Proline,273
40.0,A8_L-Proline,277
40.25,A8_L-Proline,274
40.5,A8_L-Proline,277
40.75,A8_L-Proline,275
41.0,A8_L-Proline,273
41.25,A8_L-Proline,276
41.5,A8_L-Proline,277
41.75,A8_L-Proline,273
42.0,A8_L-Proline,277
42.25,A8_L-Proline,279
42.5,A8_L-Proline,276
42.75,A8_L-Proline,277
43.0,A8_L-Proline,276
43.25,A8_L-Proline,278
43.5,A8_L-Proline,277
43.75,A8_L-Proline,280
44.0,A8_L-Proline,276
44.25,A8_L-Proline,276
44.5,A8_L-Proline,276
44.75,A8_L-Proline,275
45.0,A8_L-Proline,278
45.25,A8_L-Proline,279
45.5,A8_L-Proline,274
45.75,A8_L-Proline,276
46.0,A8_L-Proline,279
46.25,A8_L-Proline,278
46.5,A8_L-Proline,278
46.75,A8_L-Proline,281
47.0,A8_L-Proline,282
47.25,A8_L-Proline,279
47.5,A8_L-Proline,0
0.0,A9_D-Alanine,14
0.25,A9_D-Alanine,11
0.5,A9_D-Alanine,11
0.75,A9_D-Alanine,11
1.0,A9_D-Alanine,12
1.25,A9_D-Alanine,11
1.5,A9_D-Alanine,15
1.75,A9_D-Alanine,11
2.0,A9_D-Alanine,11
2.25,A9_D-Alanine,11
2.5,A9_D-Alanine,11
2.75,A9_D-Alanine,11
3.0,A9_D-Alanine,11
3.25,A9_D-Alanine,11
3.5,A9_D-Alanine,11
3.75,A9_D-Alanine,11
4.0,A9_D-Alanine,11
4.25,A9_D-Alanine,13
4.5,A9_D-Alanine,14
4.75,A9_D-Alanine,11
5.0,A9_D-Alanine,11
5.25,A9_D-Alanine,17
5.5,A9_D-Alanine,14
5.75,A9_D-Alanine,19
6.0,A9_D-Alanine,12
6.25,A9_D-Alanine,11
6.5,A9_D-Alanine,17
6.75,A9_D-Alanine,15
7.0,A9_D-Alanine,15
7.25,A9_D-Alanine,16
7.5,A9_D-Alanine,16
7.75,A9_D-Alanine,19
8.0,A9_D-Alanine,22
8.25,A9_D-Alanine,20
8.5,A9_D-Alanine,18
8.75,A9_D-Alanine,16
9.0,A9_D-Alanine,18
9.25,A9_D-Alanine,18
9.5,A9_D-Alanine,17
9.75,A9_D-Alanine,19
10.0,A9_D-Alanine,15
10.25,A9_D-Alanine,16
10.5,A9_D-Alanine,18
10.75,A9_D-Alanine,22
11.0,A9_D-Alanine,23
11.25,A9_D-Alanine,22
11.5,A9_D-Alanine,23
11.75,A9_D-Alanine,24
12.0,A9_D-Alanine,19
12.25,A9_D-Alanine,22
12.5,A9_D-Alanine,21
12.75,A9_D-Alanine,21
13.0,A9_D-Alanine,26
13.25,A9_D-Alanine,23
13.5,A9_D-Alanine,24
13.75,A9_D-Alanine,25
14.0,A9_D-Alanine,21
14.25,A9_D-Alanine,23
14.5,A9_D-Alanine,25
14.75,A9_D-Alanine,22
15.0,A9_D-Alanine,19
15.25,A9_D-Alanine,21
15.5,A9_D-Alanine,25
15.75,A9_D-Alanine,23
16.0,A9_D-Alanine,23
16.25,A9_D-Alanine,27
16.5,A9_D-Alanine,25
16.75,A9_D-Alanine,24
17.0,A9_D-Alanine,21
17.25,A9_D-Alanine,25
17.5,A9_D-Alanine,26
17.75,A9_D-Alanine,25
18.0,A9_D-Alanine,24
18.25,A9_D-Alanine,25
18.5,A9_D-Alanine,28
18.75,A9_D-Alanine,25
19.0,A9_D-Alanine,26
19.25,A9_D-Alanine,26
19.5,A9_D-Alanine,29
19.75,A9_D-Alanine,21
20.0,A9_D-Alanine,26
20.25,A9_D-Alanine,29
20.5,A9_D-Alanine,31
20.75,A9_D-Alanine,31
21.0,A9_D-Alanine,27
21.25,A9_D-Alanine,25
21.5,A9_D-Alanine,29
21.75,A9_D-Alanine,30
22.0,A9_D-Alanine,26
22.25,A9_D-Alanine,32
22.5,A9_D-Alanine,27
22.75,A9_D-Alanine,27
23.0,A9_D-Alanine,28
23.25,A9_D-Alanine,23
23.5,A9_D-Alanine,29
23.75,A9_D-Alanine,26
24.0,A9_D-Alanine,28
24.25,A9_D-Alanine,27
24.5,A9_D-Alanine,30
24.75,A9_D-Alanine,26
25.0,A9_D-Alanine,28
25.25,A9_D-Alanine,33
25.5,A9_D-Alanine,29
25.75,A9_D-Alanine,31
26.0,A9_D-Alanine,28
26.25,A9_D-Alanine,28
26.5,A9_D-Alanine,26
26.75,A9_D-Alanine,30
27.0,A9_D-Alanine,32
27.25,A9_D-Alanine,30
27.5,A9_D-Alanine,27
27.75,A9_D-Alanine,31
28.0,A9_D-Alanine,27
28.25,A9_D-Alanine,26
28.5,A9_D-Alanine,30
28.75,A9_D-Alanine,25
29.0,A9_D-Alanine,31
29.25,A9_D-Alanine,29
29.5,A9_D-Alanine,30
29.75,A9_D-Alanine,35
30.0,A9_D-Alanine,27
30.25,A9_D-Alanine,30
30.5,A9_D-Alanine,28
30.75,A9_D-Alanine,27
31.0,A9_D-Alanine,30
31.25,A9_D-Alanine,33
31.5,A9_D-Alanine,28
31.75,A9_D-Alanine,33
32.0,A9_D-Alanine,28
32.25,A9_D-Alanine,31
32.5,A9_D-Alanine,29
32.75,A9_D-Alanine,32
33.0,A9_D-Alanine,32
33.25,A9_D-Alanine,30
33.5,A9_D-Alanine,30
33.75,A9_D-Alanine,27
34.0,A9_D-Alanine,30
34.25,A9_D-Alanine,29
34.5,A9_D-Alanine,35
34.75,A9_D-Alanine,32
35.0,A9_D-Alanine,31
35.25,A9_D-Alanine,30
35.5,A9_D-Alanine,33
35.75,A9_D-Alanine,32
36.0,A9_D-Alanine,28
36.25,A9_D-Alanine,35
36.5,A9_D-Alanine,32
36.75,A9_D-Alanine,35
37.0,A9_D-Alanine,35
37.25,A9_D-Alanine,31
37.5,A9_D-Alanine,29
37.75,A9_D-Alanine,31
38.0,A9_D-Alanine,30
38.25,A9_D-Alanine,32
38.5,A9_D-Alanine,33
38.75,A9_D-Alanine,32
39.0,A9_D-Alanine,35
39.25,A9_D-Alanine,29
39.5,A9_D-Alanine,30
39.75,A9_D-Alanine,30
40.0,A9_D-Alanine,28
40.25,A9_D-Alanine,33
40.5,A9_D-Alanine,29
40.75,A9_D-Alanine,32
41.0,A9_D-Alanine,32
41.25,A9_D-Alanine,31
41.5,A9_D-Alanine,34
41.75,A9_D-Alanine,27
42.0,A9_D-Alanine,30
42.25,A9_D-Alanine,29
42.5,A9_D-Alanine,31
42.75,A9_D-Alanine,29
43.0,A9_D-Alanine,35
43.25,A9_D-Alanine,32
43.5,A9_D-Alanine,31
43.75,A9_D-Alanine,29
44.0,A9_D-Alanine,33
44.25,A9_D-Alanine,29
44.5,A9_D-Alanine,35
44.75,A9_D-Alanine,31
45.0,A9_D-Alanine,28
45.25,A9_D-Alanine,27
45.5,A9_D-Alanine,31
45.75,A9_D-Alanine,32
46.0,A9_D-Alanine,31
46.25,A9_D-Alanine,32
46.5,A9_D-Alanine,34
46.75,A9_D-Alanine,30
47.0,A9_D-Alanine,29
47.25,A9_D-Alanine,27
47.5,A9_D-Alanine,0
0.0,A10_D-Trehalose,32
0.25,A10_D-Trehalose,11
0.5,A10_D-Trehalose,12
0.75,A10_D-Trehalose,11
1.0,A10_D-Trehalose,11
1.25,A10_D-Trehalose,11
1.5,A10_D-Trehalose,13
1.75,A10_D-Trehalose,11
2.0,A10_D-Trehalose,13
2.25,A10_D-Trehalose,12
2.5,A10_D-Trehalose,13
2.75,A10_D-Trehalose,11
3.0,A10_D-Trehalose,12
3.25,A10_D-Trehalose,13
3.5,A10_D-Trehalose,12
3.75,A10_D-Trehalose,12
4.0,A10_D-Trehalose,14
4.25,A10_D-Trehalose,11
4.5,A10_D-Trehalose,19
4.75,A10_D-Trehalose,16
5.0,A10_D-Trehalose,11
5.25,A10_D-Trehalose,13
5.5,A10_D-Trehalose,19
5.75,A10_D-Trehalose,16
6.0,A10_D-Trehalose,18
6.25,A10_D-Trehalose,22
6.5,A10_D-Trehalose,19
6.75,A10_D-Trehalose,20
7.0,A10_D-Trehalose,19
7.25,A10_D-Trehalose,23
7.5,A10_D-Trehalose,21
7.75,A10_D-Trehalose,17
8.0,A10_D-Trehalose,17
8.25,A10_D-Trehalose,19
8.5,A10_D-Trehalose,25
8.75,A10_D-Trehalose,24
9.0,A10_D-Trehalose,22
9.25,A10_D-Trehalose,26
9.5,A10_D-Trehalose,27
9.75,A10_D-Trehalose,22
10.0,A10_D-Trehalose,22
10.25,A10_D-Trehalose,23
10.5,A10_D-Trehalose,27
10.75,A10_D-Trehalose,24
11.0,A10_D-Trehalose,23
11.25,A10_D-Trehalose,27
11.5,A10_D-Trehalose,31
11.75,A10_D-Trehalose,30
12.0,A10_D-Trehalose,31
12.25,A10_D-Trehalose,24
12.5,A10_D-Trehalose,24
12.75,A10_D-Trehalose,32
13.0,A10_D-Trehalose,31
13.25,A10_D-Trehalose,29
13.5,A10_D-Trehalose,23
13.75,A10_D-Trehalose,33
14.0,A10_D-Trehalose,27
14.25,A10_D-Trehalose,30
14.5,A10_D-Trehalose,32
14.75,A10_D-Trehalose,31
15.0,A10_D-Trehalose,31
15.25,A10_D-Trehalose,31
15.5,A10_D-Trehalose,32
15.75,A10_D-Trehalose,32
16.0,A10_D-Trehalose,36
16.25,A10_D-Trehalose,36
16.5,A10_D-Trehalose,38
16.75,A10_D-Trehalose,29
17.0,A10_D-Trehalose,38
17.25,A10_D-Trehalose,36
17.5,A10_D-Trehalose,40
17.75,A10_D-Trehalose,39
18.0,A10_D-Trehalose,41
18.25,A10_D-Trehalose,39
18.5,A10_D-Trehalose,43
18.75,A10_D-Trehalose,34
19.0,A10_D-Trehalose,36
19.25,A10_D-Trehalose,39
19.5,A10_D-Trehalose,44
19.75,A10_D-Trehalose,41
20.0,A10_D-Trehalose,44
20.25,A10_D-Trehalose,44
20.5,A10_D-Trehalose,48
20.75,A10_D-Trehalose,46
21.0,A10_D-Trehalose,45
21.25,A10_D-Trehalose,43
21.5,A10_D-Trehalose,44
21.75,A10_D-Trehalose,43
22.0,A10_D-Trehalose,48
22.25,A10_D-Trehalose,45
22.5,A10_D-Trehalose,47
22.75,A10_D-Trehalose,45
23.0,A10_D-Trehalose,47
23.25,A10_D-Trehalose,47
23.5,A10_D-Trehalose,43
23.75,A10_D-Trehalose,46
24.0,A10_D-Trehalose,53
24.25,A10_D-Trehalose,53
24.5,A10_D-Trehalose,49
24.75,A10_D-Trehalose,52
25.0,A10_D-Trehalose,53
25.25,A10_D-Trehalose,54
25.5,A10_D-Trehalose,53
25.75,A10_D-Trehalose,51
26.0,A10_D-Trehalose,55
26.25,A10_D-Trehalose,51
26.5,A10_D-Trehalose,53
26.75,A10_D-Trehalose,50
27.0,A10_D-Trehalose,59
27.25,A10_D-Trehalose,54
27.5,A10_D-Trehalose,53
27.75,A10_D-Trehalose,52
28.0,A10_D-Trehalose,56
28.25,A10_D-Trehalose,56
28.5,A10_D-Trehalose,55
28.75,A10_D-Trehalose,62
29.0,A10_D-Trehalose,59
29.25,A10_D-Trehalose,61
29.5,A10_D-Trehalose,55
29.75,A10_D-Trehalose,58
30.0,A10_D-Trehalose,61
30.25,A10_D-Trehalose,62
30.5,A10_D-Trehalose,66
30.75,A10_D-Trehalose,66
31.0,A10_D-Trehalose,69
31.25,A10_D-Trehalose,60
31.5,A10_D-Trehalose,63
31.75,A10_D-Trehalose,65
32.0,A10_D-Trehalose,64
32.25,A10_D-Trehalose,67
32.5,A10_D-Trehalose,68
32.75,A10_D-Trehalose,66
33.0,A10_D-Trehalose,75
33.25,A10_D-Trehalose,70
33.5,A10_D-Trehalose,68
33.75,A10_D-Trehalose,69
34.0,A10_D-Trehalose,71
34.25,A10_D-Trehalose,70
34.5,A10_D-Trehalose,77
34.75,A10_D-Trehalose,74
35.0,A10_D-Trehalose,74
35.25,A10_D-Trehalose,74
35.5,A10_D-Trehalose,75
35.75,A10_D-Trehalose,82
36.0,A10_D-Trehalose,81
36.25,A10_D-Trehalose,76
36.5,A10_D-Trehalose,79
36.75,A10_D-Trehalose,82
37.0,A10_D-Trehalose,79
37.25,A10_D-Trehalose,77
37.5,A10_D-Trehalose,86
37.75,A10_D-Trehalose,85
38.0,A10_D-Trehalose,82
38.25,A10_D-Trehalose,81
38.5,A10_D-Trehalose,89
38.75,A10_D-Trehalose,86
39.0,A10_D-Trehalose,90
39.25,A10_D-Trehalose,84
39.5,A10_D-Trehalose,89
39.75,A10_D-Trehalose,90
40.0,A10_D-Trehalose,90
40.25,A10_D-Trehalose,94
40.5,A10_D-Trehalose,93
40.75,A10_D-Trehalose,95
41.0,A10_D-Trehalose,91
41.25,A10_D-Trehalose,103
41.5,A10_D-Trehalose,98
41.75,A10_D-Trehalose,95
42.0,A10_D-Trehalose,96
42.25,A10_D-Trehalose,100
42.5,A10_D-Trehalose,105
42.75,A10_D-Trehalose,97
43.0,A10_D-Trehalose,103
43.25,A10_D-Trehalose,112
43.5,A10_D-Trehalose,111
43.75,A10_D-Trehalose,111
44.0,A10_D-Trehalose,114
44.25,A10_D-Trehalose,118
44.5,A10_D-Trehalose,121
44.75,A10_D-Trehalose,127
45.0,A10_D-Trehalose,131
45.25,A10_D-Trehalose,137
45.5,A10_D-Trehalose,136
45.75,A10_D-Trehalose,143
46.0,A10_D-Trehalose,150
46.25,A10_D-Trehalose,146
46.5,A10_D-Trehalose,153
46.75,A10_D-Trehalose,164
47.0,A10_D-Trehalose,166
47.25,A10_D-Trehalose,168
47.5,A10_D-Trehalose,0
0.0,A11_D-Mannose,21
0.25,A11_D-Mannose,32
0.5,A11_D-Mannose,34
0.75,A11_D-Mannose,26
1.0,A11_D-Mannose,19
1.25,A11_D-Mannose,12
1.5,A11_D-Mannose,20
1.75,A11_D-Mannose,20
2.0,A11_D-Mannose,16
2.25,A11_D-Mannose,17
2.5,A11_D-Mannose,19
2.75,A11_D-Mannose,18
3.0,A11_D-Mannose,20
3.25,A11_D-Mannose,13
3.5,A11_D-Mannose,19
3.75,A11_D-Mannose,18
4.0,A11_D-Mannose,18
4.25,A11_D-Mannose,21
4.5,A11_D-Mannose,19
4.75,A11_D-Mannose,22
5.0,A11_D-Mannose,22
5.25,A11_D-Mannose,22
5.5,A11_D-Mannose,22
5.75,A11_D-Mannose,25
6.0,A11_D-Mannose,27
6.25,A11_D-Mannose,29
6.5,A11_D-Mannose,27
6.75,A11_D-Mannose,36
7.0,A11_D-Mannose,29
7.25,A11_D-Mannose,32
7.5,A11_D-Mannose,38
7.75,A11_D-Mannose,43
8.0,A11_D-Mannose,46
8.25,A11_D-Mannose,49
8.5,A11_D-Mannose,53
8.75,A11_D-Mannose,49
9.0,A11_D-Mannose,53
9.25,A11_D-Mannose,58
9.5,A11_D-Mannose,60
9.75,A11_D-Mannose,64
10.0,A11_D-Mannose,66
10.25,A11_D-Mannose,72
10.5,A11_D-Mannose,76
10.75,A11_D-Mannose,84
11.0,A11_D-Mannose,87
11.25,A11_D-Mannose,90
11.5,A11_D-Mannose,92
11.75,A11_D-Mannose,100
12.0,A11_D-Mannose,101
12.25,A11_D-Mannose,112
12.5,A11_D-Mannose,114
12.75,A11_D-Mannose,118
13.0,A11_D-Mannose,126
13.25,A11_D-Mannose,131
13.5,A11_D-Mannose,139
13.75,A11_D-Mannose,141
14.0,A11_D-Mannose,147
14.25,A11_D-Mannose,153
14.5,A11_D-Mannose,151
14.75,A11_D-Mannose,163
15.0,A11_D-Mannose,162
15.25,A11_D-Mannose,177
15.5,A11_D-Mannose,177
15.75,A11_D-Mannose,181
16.0,A11_D-Mannose,187
16.25,A11_D-Mannose,196
16.5,A11_D-Mannose,200
16.75,A11_D-Mannose,206
17.0,A11_D-Mannose,207
17.25,A11_D-Mannose,214
17.5,A11_D-Mannose,219
17.75,A11_D-Mannose,220
18.0,A11_D-Mannose,224
18.25,A11_D-Mannose,229
18.5,A11_D-Mannose,236
18.75,A11_D-Mannose,240
19.0,A11_D-Mannose,245
19.25,A11_D-Mannose,250
19.5,A11_D-Mannose,256
19.75,A11_D-Mannose,256
20.0,A11_D-Mannose,257
20.25,A11_D-Mannose,257
20.5,A11_D-Mannose,258
20.75,A11_D-Mannose,260
21.0,A11_D-Mannose,260
21.25,A11_D-Mannose,261
21.5,A11_D-Mannose,261
21.75,A11_D-Mannose,259
22.0,A11_D-Mannose,266
22.25,A11_D-Mannose,267
22.5,A11_D-Mannose,269
22.75,A11_D-Mannose,269
23.0,A11_D-Mannose,273
23.25,A11_D-Mannose,273
23.5,A11_D-Mannose,278
23.75,A11_D-Mannose,274
24.0,A11_D-Mannose,273
24.25,A11_D-Mannose,273
24.5,A11_D-Mannose,272
24.75,A11_D-Mannose,270
25.0,A11_D-Mannose,272
25.25,A11_D-Mannose,274
25.5,A11_D-Mannose,273
25.75,A11_D-Mannose,273
26.0,A11_D-Mannose,274
26.25,A11_D-Mannose,275
26.5,A11_D-Mannose,271
26.75,A11_D-Mannose,275
27.0,A11_D-Mannose,276
27.25,A11_D-Mannose,272
27.5,A11_D-Mannose,277
27.75,A11_D-Mannose,279
28.0,A11_D-Mannose,282
28.25,A11_D-Mannose,277
28.5,A11_D-Mannose,277
28.75,A11_D-Mannose,278
29.0,A11_D-Mannose,282
29.25,A11_D-Mannose,278
29.5,A11_D-Mannose,279
29.75,A11_D-Mannose,279
30.0,A11_D-Mannose,278
30.25,A11_D-Mannose,276
30.5,A11_D-Mannose,278
30.75,A11_D-Mannose,275
31.0,A11_D-Mannose,281
31.25,A11_D-Mannose,283
31.5,A11_D-Mannose,282
31.75,A11_D-Mannose,279
32.0,A11_D-Mannose,281
32.25,A11_D-Mannose,280
32.5,A11_D-Mannose,282
32.75,A11_D-Mannose,281
33.0,A11_D-Mannose,280
33.25,A11_D-Mannose,280
33.5,A11_D-Mannose,278
33.75,A11_D-Mannose,277
34.0,A11_D-Mannose,279
34.25,A11_D-Mannose,276
34.5,A11_D-Mannose,274
34.75,A11_D-Mannose,274
35.0,A11_D-Mannose,273
35.25,A11_D-Mannose,271
35.5,A11_D-Mannose,275
35.75,A11_D-Mannose,274
36.0,A11_D-Mannose,275
36.25,A11_D-Mannose,275
36.5,A11_D-Mannose,276
36.75,A11_D-Mannose,275
37.0,A11_D-Mannose,277
37.25,A11_D-Mannose,276
37.5,A11_D-Mannose,278
37.75,A11_D-Mannose,275
38.0,A11_D-Mannose,274
38.25,A11_D-Mannose,277
38.5,A11_D-Mannose,276
38.75,A11_D-Mannose,277
39.0,A11_D-Mannose,277
39.25,A11_D-Mannose,278
39.5,A11_D-Mannose,277
39.75,A11_D-Mannose,277
40.0,A11_D-Mannose,278
40.25,A11_D-Mannose,279
40.5,A11_D-Mannose,274
40.75,A11_D-Mannose,276
41.0,A11_D-Mannose,276
41.25,A11_D-Mannose,278
41.5,A11_D-Mannose,277
41.75,A11_D-Mannose,279
42.0,A11_D-Mannose,284
42.25,A11_D-Mannose,276
42.5,A11_D-Mannose,278
42.75,A11_D-Mannose,278
43.0,A11_D-Mannose,283
43.25,A11_D-Mannose,278
43.5,A11_D-Mannose,280
43.75,A11_D-Mannose,280
44.0,A11_D-Mannose,278
44.25,A11_D-Mannose,282
44.5,A11_D-Mannose,277
44.75,A11_D-Mannose,279
45.0,A11_D-Mannose,281
45.25,A11_D-Mannose,282
45.5,A11_D-Mannose,280
45.75,A11_D-Mannose,283
46.0,A11_D-Mannose,280
46.25,A11_D-Mannose,282
46.5,A11_D-Mannose,284
46.75,A11_D-Mannose,282
47.0,A11_D-Mannose,283
47.25,A11_D-Mannose,283
47.5,A11_D-Mannose,0
0.0,A12_Dulcitol,36
0.25,A12_Dulcitol,22
0.5,A12_Dulcitol,18
0.75,A12_Dulcitol,19
1.0,A12_Dulcitol,17
1.25,A12_Dulcitol,16
1.5,A12_Dulcitol,20
1.75,A12_Dulcitol,16
2.0,A12_Dulcitol,17
2.25,A12_Dulcitol,17
2.5,A12_Dulcitol,15
2.75,A12_Dulcitol,17
3.0,A12_Dulcitol,23
3.25,A12_Dulcitol,18
3.5,A12_Dulcitol,19
3.75,A12_Dulcitol,20
4.0,A12_Dulcitol,17
4.25,A12_Dulcitol,22
4.5,A12_Dulcitol,21
4.75,A12_Dulcitol,20
5.0,A12_Dulcitol,22
5.25,A12_Dulcitol,25
5.5,A12_Dulcitol,27
5.75,A12_Dulcitol,25
6.0,A12_Dulcitol,25
6.25,A12_Dulcitol,24
6.5,A12_Dulcitol,32
6.75,A12_Dulcitol,31
7.0,A12_Dulcitol,29
7.25,A12_Dulcitol,33
7.5,A12_Dulcitol,31
7.75,A12_Dulcitol,34
8.0,A12_Dulcitol,31
8.25,A12_Dulcitol,33
8.5,A12_Dulcitol,32
8.75,A12_Dulcitol,34
9.0,A12_Dulcitol,34
9.25,A12_Dulcitol,32
9.5,A12_Dulcitol,31
9.75,A12_Dulcitol,32
10.0,A12_Dulcitol,33
10.25,A12_Dulcitol,33
10.5,A12_Dulcitol,38
10.75,A12_Dulcitol,35
11.0,A12_Dulcitol,34
11.25,A12_Dulcitol,36
11.5,A12_Dulcitol,33
11.75,A12_Dulcitol,35
12.0,A12_Dulcitol,35
12.25,A12_Dulcitol,33
12.5,A12_Dulcitol,32
12.75,A12_Dulcitol,34
13.0,A12_Dulcitol,33
13.25,A12_Dulcitol,31
13.5,A12_Dulcitol,34
13.75,A12_Dulcitol,35
14.0,A12_Dulcitol,33
14.25,A12_Dulcitol,37
14.5,A12_Dulcitol,33
14.75,A12_Dulcitol,34
15.0,A12_Dulcitol,37
15.25,A12_Dulcitol,35
15.5,A12_Dulcitol,37
15.75,A12_Dulcitol,38
16.0,A12_Dulcitol,35
16.25,A12_Dulcitol,38
16.5,A12_Dulcitol,39
16.75,A12_Dulcitol,37
17.0,A12_Dulcitol,36
17.25,A12_Dulcitol,38
17.5,A12_Dulcitol,40
17.75,A12_Dulcitol,39
18.0,A12_Dulcitol,37
18.25,A12_Dulcitol,41
18.5,A12_Dulcitol,42
18.75,A12_Dulcitol,39
19.0,A12_Dulcitol,36
19.25,A12_Dulcitol,38
19.5,A12_Dulcitol,38
19.75,A12_Dulcitol,37
20.0,A12_Dulcitol,40
20.25,A12_Dulcitol,39
20.5,A12_Dulcitol,40
20.75,A12_Dulcitol,41
21.0,A12_Dulcitol,36
21.25,A12_Dulcitol,39
21.5,A12_Dulcitol,37
21.75,A12_Dulcitol,42
22.0,A12_Dulcitol,38
22.25,A12_Dulcitol,40
22.5,A12_Dulcitol,39
22.75,A12_Dulcitol,34
23.0,A12_Dulcitol,39
23.25,A12_Dulcitol,36
23.5,A12_Dulcitol,39
23.75,A12_Dulcitol,42
24.0,A12_Dulcitol,42
24.25,A12_Dulcitol,38
24.5,A12_Dulcitol,39
24.75,A12_Dulcitol,39
25.0,A12_Dulcitol,37
25.25,A12_Dulcitol,39
25.5,A12_Dulcitol,39
25.75,A12_Dulcitol,37
26.0,A12_Dulcitol,38
26.25,A12_Dulcitol,43
26.5,A12_Dulcitol,39
26.75,A12_Dulcitol,38
27.0,A12_Dulcitol,41
27.25,A12_Dulcitol,39
27.5,A12_Dulcitol,40
27.75,A12_Dulcitol,38
28.0,A12_Dulcitol,42
28.25,A12_Dulcitol,40
28.5,A12_Dulcitol,39
28.75,A12_Dulcitol,36
29.0,A12_Dulcitol,42
29.25,A12_Dulcitol,35
29.5,A12_Dulcitol,39
29.75,A12_Dulcitol,39
30.0,A12_Dulcitol,38
30.25,A12_Dulcitol,39
30.5,A12_Dulcitol,38
30.75,A12_Dulcitol,41
31.0,A12_Dulcitol,39
31.25,A12_Dulcitol,38
31.5,A12_Dulcitol,39
31.75,A12_Dulcitol,39
32.0,A12_Dulcitol,38
32.25,A12_Dulcitol,40
32.5,A12_Dulcitol,42
32.75,A12_Dulcitol,38
33.0,A12_Dulcitol,41
33.25,A12_Dulcitol,39
33.5,A12_Dulcitol,41
33.75,A12_Dulcitol,41
34.0,A12_Dulcitol,41
34.25,A12_Dulcitol,40
34.5,A12_Dulcitol,38
34.75,A12_Dulcitol,40
35.0,A12_Dulcitol,36
35.25,A12_Dulcitol,36
35.5,A12_Dulcitol,40
35.75,A12_Dulcitol,34
36.0,A12_Dulcitol,40
36.25,A12_Dulcitol,40
36.5,A12_Dulcitol,39
36.75,A12_Dulcitol,42
37.0,A12_Dulcitol,39
37.25,A12_Dulcitol,41
37.5,A12_Dulcitol,40
37.75,A12_Dulcitol,40
38.0,A12_Dulcitol,39
38.25,A12_Dulcitol,38
38.5,A12_Dulcitol,37
38.75,A12_Dulcitol,35
39.0,A12_Dulcitol,38
39.25,A12_Dulcitol,38
39.5,A12_Dulcitol,39
39.75,A12_Dulcitol,39
40.0,A12_Dulcitol,34
40.25,A12_Dulcitol,39
40.5,A12_Dulcitol,39
40.75,A12_Dulcitol,37
41.0,A12_Dulcitol,39
41.25,A12_Dulcitol,37
41.5,A12_Dulcitol,42
41.75,A12_Dulcitol,40
42.0,A12_Dulcitol,40
42.25,A12_Dulcitol,37
42.5,A12_Dulcitol,38
42.75,A12_Dulcitol,38
43.0,A12_Dulcitol,38
43.25,A12_Dulcitol,35
43.5,A12_Dulcitol,35
43.75,A12_Dulcitol,36
44.0,A12_Dulcitol,38
44.25,A12_Dulcitol,43
44.5,A12_Dulcitol,44
44.75,A12_Dulcitol,38
45.0,A12_Dulcitol,40
45.25,A12_Dulcitol,37
45.5,A12_Dulcitol,39
45.75,A12_Dulcitol,41
46.0,A12_Dulcitol,39
46.25,A12_Dulcitol,39
46.5,A12_Dulcitol,42
46.75,A12_Dulcitol,34
47.0,A12_Dulcitol,36
47.25,A12_Dulcitol,36
47.5,A12_Dulcitol,0
0.0,B1_D-Serine,15
0.25,B1_D-Serine,12
0.5,B1_D-Serine,20
0.75,B1_D-Serine,32
1.0,B1_D-Serine,30
1.25,B1_D-Serine,18
1.5,B1_D-Serine,17
1.75,B1_D-Serine,15
2.0,B1_D-Serine,17
2.25,B1_D-Serine,20
2.5,B1_D-Serine,19
2.75,B1_D-Serine,17
3.0,B1_D-Serine,24
3.25,B1_D-Serine,15
3.5,B1_D-Serine,19
3.75,B1_D-Serine,23
4.0,B1_D-Serine,16
4.25,B1_D-Serine,20
4.5,B1_D-Serine,26
4.75,B1_D-Serine,20
5.0,B1_D-Serine,19
5.25,B1_D-Serine,21
5.5,B1_D-Serine,17
5.75,B1_D-Serine,21
6.0,B1_D-Serine,20
6.25,B1_D-Serine,14
6.5,B1_D-Serine,20
6.75,B1_D-Serine,16
7.0,B1_D-Serine,19
7.25,B1_D-Serine,19
7.5,B1_D-Serine,20
7.75,B1_D-Serine,23
8.0,B1_D-Serine,20
8.25,B1_D-Serine,23
8.5,B1_D-Serine,19
8.75,B1_D-Serine,19
9.0,B1_D-Serine,22
9.25,B1_D-Serine,18
9.5,B1_D-Serine,19
9.75,B1_D-Serine,17
10.0,B1_D-Serine,25
10.25,B1_D-Serine,24
10.5,B1_D-Serine,24
10.75,B1_D-Serine,25
11.0,B1_D-Serine,23
11.25,B1_D-Serine,19
11.5,B1_D-Serine,22
11.75,B1_D-Serine,20
12.0,B1_D-Serine,21
12.25,B1_D-Serine,23
12.5,B1_D-Serine,22
12.75,B1_D-Serine,23
13.0,B1_D-Serine,24
13.25,B1_D-Serine,22
13.5,B1_D-Serine,25
13.75,B1_D-Serine,23
14.0,B1_D-Serine,25
14.25,B1_D-Serine,23
14.5,B1_D-Serine,23
14.75,B1_D-Serine,30
15.0,B1_D-Serine,26
15.25,B1_D-Serine,22
15.5,B1_D-Serine,28
15.75,B1_D-Serine,27
16.0,B1_D-Serine,26
16.25,B1_D-Serine,27
16.5,B1_D-Serine,27
16.75,B1_D-Serine,24
17.0,B1_D-Serine,28
17.25,B1_D-Serine,28
17.5,B1_D-Serine,25
17.75,B1_D-Serine,24
18.0,B1_D-Serine,25
18.25,B1_D-Serine,23
18.5,B1_D-Serine,30
18.75,B1_D-Serine,28
19.0,B1_D-Serine,30
19.25,B1_D-Serine,29
19.5,B1_D-Serine,29
19.75,B1_D-Serine,24
20.0,B1_D-Serine,28
20.25,B1_D-Serine,25
20.5,B1_D-Serine,24
20.75,B1_D-Serine,27
21.0,B1_D-Serine,26
21.25,B1_D-Serine,27
21.5,B1_D-Serine,27
21.75,B1_D-Serine,24
22.0,B1_D-Serine,27
22.25,B1_D-Serine,30
22.5,B1_D-Serine,30
22.75,B1_D-Serine,28
23.0,B1_D-Serine,26
23.25,B1_D-Serine,23
23.5,B1_D-Serine,27
23.75,B1_D-Serine,30
24.0,B1_D-Serine,28
24.25,B1_D-Serine,29
24.5,B1_D-Serine,28
24.75,B1_D-Serine,28
25.0,B1_D-Serine,28
25.25,B1_D-Serine,30
25.5,B1_D-Serine,29
25.75,B1_D-Serine,29
26.0,B1_D-Serine,24
26.25,B1_D-Serine,28
26.5,B1_D-Serine,29
26.75,B1_D-Serine,28
27.0,B1_D-Serine,30
27.25,B1_D-Serine,27
27.5,B1_D-Serine,31
27.75,B1_D-Serine,28
28.0,B1_D-Serine,28
28.25,B1_D-Serine,31
28.5,B1_D-Serine,30
28.75,B1_D-Serine,28
29.0,B1_D-Serine,27
29.25,B1_D-Serine,25
29.5,B1_D-Serine,29
29.75,B1_D-Serine,31
30.0,B1_D-Serine,30
30.25,B1_D-Serine,29
30.5,B1_D-Serine,30
30.75,B1_D-Serine,32
31.0,B1_D-Serine,32
31.25,B1_D-Serine,31
31.5,B1_D-Serine,31
31.75,B1_D-Serine,32
32.0,B1_D-Serine,32
32.25,B1_D-Serine,30
32.5,B1_D-Serine,30
32.75,B1_D-Serine,33
33.0,B1_D-Serine,30
33.25,B1_D-Serine,32
33.5,B1_D-Serine,32
33.75,B1_D-Serine,34
34.0,B1_D-Serine,31
34.25,B1_D-Serine,31
34.5,B1_D-Serine,30
34.75,B1_D-Serine,28
35.0,B1_D-Serine,32
35.25,B1_D-Serine,29
35.5,B1_D-Serine,31
35.75,B1_D-Serine,28
36.0,B1_D-Serine,30
36.25,B1_D-Serine,30
36.5,B1_D-Serine,29
36.75,B1_D-Serine,33
37.0,B1_D-Serine,32
37.25,B1_D-Serine,33
37.5,B1_D-Serine,28
37.75,B1_D-Serine,31
38.0,B1_D-Serine,32
38.25,B1_D-Serine,35
38.5,B1_D-Serine,32
38.75,B1_D-Serine,33
39.0,B1_D-Serine,33
39.25,B1_D-Serine,34
39.5,B1_D-Serine,26
39.75,B1_D-Serine,30
40.0,B1_D-Serine,31
40.25,B1_D-Serine,31
40.5,B1_D-Serine,32
40.75,B1_D-Serine,32
41.0,B1_D-Serine,29
41.25,B1_D-Serine,28
41.5,B1_D-Serine,29
41.75,B1_D-Serine,28
42.0,B1_D-Serine,29
42.25,B1_D-Serine,27
42.5,B1_D-Serine,32
42.75,B1_D-Serine,30
43.0,B1_D-Serine,32
43.25,B1_D-Serine,29
43.5,B1_D-Serine,29
43.75,B1_D-Serine,31
44.0,B1_D-Serine,29
44.25,B1_D-Serine,32
44.5,B1_D-Serine,31
44.75,B1_D-Serine,31
45.0,B1_D-Serine,28
45.25,B1_D-Serine,32
45.5,B1_D-Serine,33
45.75,B1_D-Serine,32
46.0,B1_D-Serine,30
46.25,B1_D-Serine,33
46.5,B1_D-Serine,33
46.75,B1_D-Serine,33
47.0,B1_D-Serine,34
47.25,B1_D-Serine,36
47.5,B1_D-Serine,0
0.0,B2_D-Sorbitol,11
0.25,B2_D-Sorbitol,11
0.5,B2_D-Sorbitol,12
0.75,B2_D-Sorbitol,12
1.0,B2_D-Sorbitol,11
1.25,B2_D-Sorbitol,11
1.5,B2_D-Sorbitol,13
1.75,B2_D-Sorbitol,11
2.0,B2_D-Sorbitol,14
2.25,B2_D-Sorbitol,12
2.5,B2_D-Sorbitol,12
2.75,B2_D-Sorbitol,12
3.0,B2_D-Sorbitol,15
3.25,B2_D-Sorbitol,13
3.5,B2_D-Sorbitol,11
3.75,B2_D-Sorbitol,16
4.0,B2_D-Sorbitol,13
4.25,B2_D-Sorbitol,15
4.5,B2_D-Sorbitol,15
4.75,B2_D-Sorbitol,18
5.0,B2_D-Sorbitol,19
5.25,B2_D-Sorbitol,19
5.5,B2_D-Sorbitol,20
5.75,B2_D-Sorbitol,22
6.0,B2_D-Sorbitol,25
6.25,B2_D-Sorbitol,26
6.5,B2_D-Sorbitol,23
6.75,B2_D-Sorbitol,28
7.0,B2_D-Sorbitol,20
7.25,B2_D-Sorbitol,31
7.5,B2_D-Sorbitol,25
7.75,B2_D-Sorbitol,26
8.0,B2_D-Sorbitol,30
8.25,B2_D-Sorbitol,22
8.5,B2_D-Sorbitol,29
8.75,B2_D-Sorbitol,27
9.0,B2_D-Sorbitol,27
9.25,B2_D-Sorbitol,31
9.5,B2_D-Sorbitol,30
9.75,B2_D-Sorbitol,25
10.0,B2_D-Sorbitol,31
10.25,B2_D-Sorbitol,30
10.5,B2_D-Sorbitol,33
10.75,B2_D-Sorbitol,29
11.0,B2_D-Sorbitol,28
11.25,B2_D-Sorbitol,30
11.5,B2_D-Sorbitol,35
11.75,B2_D-Sorbitol,35
12.0,B2_D-Sorbitol,32
12.25,B2_D-Sorbitol,30
12.5,B2_D-Sorbitol,33
12.75,B2_D-Sorbitol,33
13.0,B2_D-Sorbitol,29
13.25,B2_D-Sorbitol,32
13.5,B2_D-Sorbitol,30
13.75,B2_D-Sorbitol,34
14.0,B2_D-Sorbitol,32
14.25,B2_D-Sorbitol,33
14.5,B2_D-Sorbitol,37
14.75,B2_D-Sorbitol,35
15.0,B2_D-Sorbitol,32
15.25,B2_D-Sorbitol,39
15.5,B2_D-Sorbitol,32
15.75,B2_D-Sorbitol,33
16.0,B2_D-Sorbitol,33
16.25,B2_D-Sorbitol,35
16.5,B2_D-Sorbitol,38
16.75,B2_D-Sorbitol,35
17.0,B2_D-Sorbitol,34
17.25,B2_D-Sorbitol,33
17.5,B2_D-Sorbitol,36
17.75,B2_D-Sorbitol,33
18.0,B2_D-Sorbitol,38
18.25,B2_D-Sorbitol,37
18.5,B2_D-Sorbitol,37
18.75,B2_D-Sorbitol,35
19.0,B2_D-Sorbitol,34
19.25,B2_D-Sorbitol,36
19.5,B2_D-Sorbitol,36
19.75,B2_D-Sorbitol,39
20.0,B2_D-Sorbitol,37
20.25,B2_D-Sorbitol,38
20.5,B2_D-Sorbitol,39
20.75,B2_D-Sorbitol,38
21.0,B2_D-Sorbitol,38
21.25,B2_D-Sorbitol,38
21.5,B2_D-Sorbitol,37
21.75,B2_D-Sorbitol,38
22.0,B2_D-Sorbitol,41
22.25,B2_D-Sorbitol,41
22.5,B2_D-Sorbitol,35
22.75,B2_D-Sorbitol,39
23.0,B2_D-Sorbitol,39
23.25,B2_D-Sorbitol,34
23.5,B2_D-Sorbitol,38
23.75,B2_D-Sorbitol,37
24.0,B2_D-Sorbitol,39
24.25,B2_D-Sorbitol,39
24.5,B2_D-Sorbitol,35
24.75,B2_D-Sorbitol,40
25.0,B2_D-Sorbitol,40
25.25,B2_D-Sorbitol,36
25.5,B2_D-Sorbitol,36
25.75,B2_D-Sorbitol,39
26.0,B2_D-Sorbitol,38
26.25,B2_D-Sorbitol,37
26.5,B2_D-Sorbitol,37
26.75,B2_D-Sorbitol,34
27.0,B2_D-Sorbitol,40
27.25,B2_D-Sorbitol,39
27.5,B2_D-Sorbitol,39
27.75,B2_D-Sorbitol,39
28.0,B2_D-Sorbitol,36
28.25,B2_D-Sorbitol,37
28.5,B2_D-Sorbitol,35
28.75,B2_D-Sorbitol,34
29.0,B2_D-Sorbitol,39
29.25,B2_D-Sorbitol,37
29.5,B2_D-Sorbitol,36
29.75,B2_D-Sorbitol,41
30.0,B2_D-Sorbitol,36
30.25,B2_D-Sorbitol,38
30.5,B2_D-Sorbitol,38
30.75,B2_D-Sorbitol,37
31.0,B2_D-Sorbitol,39
31.25,B2_D-Sorbitol,42
31.5,B2_D-Sorbitol,40
31.75,B2_D-Sorbitol,40
32.0,B2_D-Sorbitol,38
32.25,B2_D-Sorbitol,37
32.5,B2_D-Sorbitol,37
32.75,B2_D-Sorbitol,41
33.0,B2_D-Sorbitol,37
33.25,B2_D-Sorbitol,39
33.5,B2_D-Sorbitol,40
33.75,B2_D-Sorbitol,36
34.0,B2_D-Sorbitol,37
34.25,B2_D-Sorbitol,35
34.5,B2_D-Sorbitol,42
34.75,B2_D-Sorbitol,34
35.0,B2_D-Sorbitol,38
35.25,B2_D-Sorbitol,40
35.5,B2_D-Sorbitol,34
35.75,B2_D-Sorbitol,41
36.0,B2_D-Sorbitol,38
36.25,B2_D-Sorbitol,36
36.5,B2_D-Sorbitol,41
36.75,B2_D-Sorbitol,35
37.0,B2_D-Sorbitol,33
37.25,B2_D-Sorbitol,36
37.5,B2_D-Sorbitol,36
37.75,B2_D-Sorbitol,37
38.0,B2_D-Sorbitol,35
38.25,B2_D-Sorbitol,35
38.5,B2_D-Sorbitol,38
38.75,B2_D-Sorbitol,39
39.0,B2_D-Sorbitol,38
39.25,B2_D-Sorbitol,42
39.5,B2_D-Sorbitol,36
39.75,B2_D-Sorbitol,36
40.0,B2_D-Sorbitol,37
40.25,B2_D-Sorbitol,35
40.5,B2_D-Sorbitol,35
40.75,B2_D-Sorbitol,33
41.0,B2_D-Sorbitol,33
41.25,B2_D-Sorbitol,36
41.5,B2_D-Sorbitol,34
41.75,B2_D-Sorbitol,32
42.0,B2_D-Sorbitol,32
42.25,B2_D-Sorbitol,36
42.5,B2_D-Sorbitol,36
42.75,B2_D-Sorbitol,34
43.0,B2_D-Sorbitol,33
43.25,B2_D-Sorbitol,34
43.5,B2_D-Sorbitol,34
43.75,B2_D-Sorbitol,30
44.0,B2_D-Sorbitol,37
44.25,B2_D-Sorbitol,33
44.5,B2_D-Sorbitol,41
44.75,B2_D-Sorbitol,34
45.0,B2_D-Sorbitol,33
45.25,B2_D-Sorbitol,39
45.5,B2_D-Sorbitol,37
45.75,B2_D-Sorbitol,36
46.0,B2_D-Sorbitol,37
46.25,B2_D-Sorbitol,34
46.5,B2_D-Sorbitol,37
46.75,B2_D-Sorbitol,41
47.0,B2_D-Sorbitol,37
47.25,B2_D-Sorbitol,38
47.5,B2_D-Sorbitol,0
0.0,B3_Glycerol,29
0.25,B3_Glycerol,28
0.5,B3_Glycerol,11
0.75,B3_Glycerol,11
1.0,B3_Glycerol,11
1.25,B3_Glycerol,11
1.5,B3_Glycerol,12
1.75,B3_Glycerol,12
2.0,B3_Glycerol,11
2.25,B3_Glycerol,12
2.5,B3_Glycerol,11
2.75,B3_Glycerol,11
3.0,B3_Glycerol,13
3.25,B3_Glycerol,11
3.5,B3_Glycerol,11
3.75,B3_Glycerol,11
4.0,B3_Glycerol,11
4.25,B3_Glycerol,14
4.5,B3_Glycerol,12
4.75,B3_Glycerol,11
5.0,B3_Glycerol,11
5.25,B3_Glycerol,13
5.5,B3_Glycerol,12
5.75,B3_Glycerol,17
6.0,B3_Glycerol,17
6.25,B3_Glycerol,14
6.5,B3_Glycerol,23
6.75,B3_Glycerol,28
7.0,B3_Glycerol,22
7.25,B3_Glycerol,25
7.5,B3_Glycerol,27
7.75,B3_Glycerol,34
8.0,B3_Glycerol,37
8.25,B3_Glycerol,37
8.5,B3_Glycerol,37
8.75,B3_Glycerol,37
9.0,B3_Glycerol,42
9.25,B3_Glycerol,49
9.5,B3_Glycerol,46
9.75,B3_Glycerol,46
10.0,B3_Glycerol,63
10.25,B3_Glycerol,64
10.5,B3_Glycerol,66
10.75,B3_Glycerol,71
11.0,B3_Glycerol,76
11.25,B3_Glycerol,83
11.5,B3_Glycerol,86
11.75,B3_Glycerol,92
12.0,B3_Glycerol,93
12.25,B3_Glycerol,106
12.5,B3_Glycerol,108
12.75,B3_Glycerol,112
13.0,B3_Glycerol,116
13.25,B3_Glycerol,125
13.5,B3_Glycerol,133
13.75,B3_Glycerol,136
14.0,B3_Glycerol,142
14.25,B3_Glycerol,150
14.5,B3_Glycerol,150
14.75,B3_Glycerol,157
15.0,B3_Glycerol,163
15.25,B3_Glycerol,171
15.5,B3_Glycerol,176
15.75,B3_Glycerol,181
16.0,B3_Glycerol,184
16.25,B3_Glycerol,190
16.5,B3_Glycerol,191
16.75,B3_Glycerol,204
17.0,B3_Glycerol,202
17.25,B3_Glycerol,207
17.5,B3_Glycerol,213
17.75,B3_Glycerol,219
18.0,B3_Glycerol,219
18.25,B3_Glycerol,225
18.5,B3_Glycerol,230
18.75,B3_Glycerol,229
19.0,B3_Glycerol,234
19.25,B3_Glycerol,236
19.5,B3_Glycerol,242
19.75,B3_Glycerol,240
20.0,B3_Glycerol,245
20.25,B3_Glycerol,247
20.5,B3_Glycerol,251
20.75,B3_Glycerol,251
21.0,B3_Glycerol,254
21.25,B3_Glycerol,254
21.5,B3_Glycerol,260
21.75,B3_Glycerol,261
22.0,B3_Glycerol,264
22.25,B3_Glycerol,265
22.5,B3_Glycerol,264
22.75,B3_Glycerol,264
23.0,B3_Glycerol,269
23.25,B3_Glycerol,268
23.5,B3_Glycerol,274
23.75,B3_Glycerol,271
24.0,B3_Glycerol,273
24.25,B3_Glycerol,272
24.5,B3_Glycerol,275
24.75,B3_Glycerol,275
25.0,B3_Glycerol,273
25.25,B3_Glycerol,274
25.5,B3_Glycerol,275
25.75,B3_Glycerol,275
26.0,B3_Glycerol,276
26.25,B3_Glycerol,278
26.5,B3_Glycerol,279
26.75,B3_Glycerol,276
27.0,B3_Glycerol,277
27.25,B3_Glycerol,281
27.5,B3_Glycerol,282
27.75,B3_Glycerol,279
28.0,B3_Glycerol,282
28.25,B3_Glycerol,283
28.5,B3_Glycerol,280
28.75,B3_Glycerol,281
29.0,B3_Glycerol,282
29.25,B3_Glycerol,281
29.5,B3_Glycerol,284
29.75,B3_Glycerol,286
30.0,B3_Glycerol,284
30.25,B3_Glycerol,284
30.5,B3_Glycerol,287
30.75,B3_Glycerol,287
31.0,B3_Glycerol,286
31.25,B3_Glycerol,288
31.5,B3_Glycerol,288
31.75,B3_Glycerol,286
32.0,B3_Glycerol,285
32.25,B3_Glycerol,286
32.5,B3_Glycerol,288
32.75,B3_Glycerol,286
33.0,B3_Glycerol,290
33.25,B3_Glycerol,289
33.5,B3_Glycerol,288
33.75,B3_Glycerol,287
34.0,B3_Glycerol,289
34.25,B3_Glycerol,289
34.5,B3_Glycerol,288
34.75,B3_Glycerol,286
35.0,B3_Glycerol,290
35.25,B3_Glycerol,292
35.5,B3_Glycerol,290
35.75,B3_Glycerol,290
36.0,B3_Glycerol,290
36.25,B3_Glycerol,292
36.5,B3_Glycerol,292
36.75,B3_Glycerol,293
37.0,B3_Glycerol,295
37.25,B3_Glycerol,293
37.5,B3_Glycerol,291
37.75,B3_Glycerol,290
38.0,B3_Glycerol,294
38.25,B3_Glycerol,293
38.5,B3_Glycerol,297
38.75,B3_Glycerol,295
39.0,B3_Glycerol,291
39.25,B3_Glycerol,294
39.5,B3_Glycerol,293
39.75,B3_Glycerol,292
40.0,B3_Glycerol,294
40.25,B3_Glycerol,292
40.5,B3_Glycerol,294
40.75,B3_Glycerol,293
41.0,B3_Glycerol,295
41.25,B3_Glycerol,294
41.5,B3_Glycerol,295
41.75,B3_Glycerol,294
42.0,B3_Glycerol,297
42.25,B3_Glycerol,300
42.5,B3_Glycerol,291
42.75,B3_Glycerol,295
43.0,B3_Glycerol,296
43.25,B3_Glycerol,292
43.5,B3_Glycerol,294
43.75,B3_Glycerol,294
44.0,B3_Glycerol,293
44.25,B3_Glycerol,298
44.5,B3_Glycerol,296
44.75,B3_Glycerol,296
45.0,B3_Glycerol,300
45.25,B3_Glycerol,298
45.5,B3_Glycerol,295
45.75,B3_Glycerol,300
46.0,B3_Glycerol,296
46.25,B3_Glycerol,297
46.5,B3_Glycerol,297
46.75,B3_Glycerol,296
47.0,B3_Glycerol,299
47.25,B3_Glycerol,294
47.5,B3_Glycerol,0
0.0,B4_L-Fucose,11
0.25,B4_L-Fucose,11
0.5,B4_L-Fucose,11
0.75,B4_L-Fucose,15
1.0,B4_L-Fucose,11
1.25,B4_L-Fucose,12
1.5,B4_L-Fucose,13
1.75,B4_L-Fucose,14
2.0,B4_L-Fucose,12
2.25,B4_L-Fucose,11
2.5,B4_L-Fucose,15
2.75,B4_L-Fucose,12
3.0,B4_L-Fucose,15
3.25,B4_L-Fucose,11
3.5,B4_L-Fucose,13
3.75,B4_L-Fucose,12
4.0,B4_L-Fucose,14
4.25,B4_L-Fucose,19
4.5,B4_L-Fucose,15
4.75,B4_L-Fucose,15
5.0,B4_L-Fucose,19
5.25,B4_L-Fucose,23
5.5,B4_L-Fucose,19
5.75,B4_L-Fucose,24
6.0,B4_L-Fucose,24
6.25,B4_L-Fucose,22
6.5,B4_L-Fucose,30
6.75,B4_L-Fucose,25
7.0,B4_L-Fucose,25
7.25,B4_L-Fucose,30
7.5,B4_L-Fucose,25
7.75,B4_L-Fucose,33
8.0,B4_L-Fucose,30
8.25,B4_L-Fucose,35
8.5,B4_L-Fucose,30
8.75,B4_L-Fucose,29
9.0,B4_L-Fucose,32
9.25,B4_L-Fucose,30
9.5,B4_L-Fucose,29
9.75,B4_L-Fucose,30
10.0,B4_L-Fucose,34
10.25,B4_L-Fucose,31
10.5,B4_L-Fucose,31
10.75,B4_L-Fucose,37
11.0,B4_L-Fucose,33
11.25,B4_L-Fucose,34
11.5,B4_L-Fucose,33
11.75,B4_L-Fucose,31
12.0,B4_L-Fucose,25
12.25,B4_L-Fucose,34
12.5,B4_L-Fucose,31
12.75,B4_L-Fucose,33
13.0,B4_L-Fucose,33
13.25,B4_L-Fucose,34
13.5,B4_L-Fucose,35
13.75,B4_L-Fucose,35
14.0,B4_L-Fucose,37
14.25,B4_L-Fucose,33
14.5,B4_L-Fucose,34
14.75,B4_L-Fucose,37
15.0,B4_L-Fucose,29
15.25,B4_L-Fucose,37
15.5,B4_L-Fucose,34
15.75,B4_L-Fucose,35
16.0,B4_L-Fucose,33
16.25,B4_L-Fucose,35
16.5,B4_L-Fucose,34
16.75,B4_L-Fucose,39
17.0,B4_L-Fucose,37
17.25,B4_L-Fucose,39
17.5,B4_L-Fucose,33
17.75,B4_L-Fucose,35
18.0,B4_L-Fucose,37
18.25,B4_L-Fucose,42
18.5,B4_L-Fucose,35
18.75,B4_L-Fucose,36
19.0,B4_L-Fucose,38
19.25,B4_L-Fucose,37
19.5,B4_L-Fucose,33
19.75,B4_L-Fucose,38
20.0,B4_L-Fucose,36
20.25,B4_L-Fucose,37
20.5,B4_L-Fucose,40
20.75,B4_L-Fucose,39
21.0,B4_L-Fucose,40
21.25,B4_L-Fucose,37
21.5,B4_L-Fucose,37
21.75,B4_L-Fucose,37
22.0,B4_L-Fucose,38
22.25,B4_L-Fucose,40
22.5,B4_L-Fucose,40
22.75,B4_L-Fucose,42
23.0,B4_L-Fucose,37
23.25,B4_L-Fucose,37
23.5,B4_L-Fucose,43
23.75,B4_L-Fucose,38
24.0,B4_L-Fucose,37
24.25,B4_L-Fucose,41
24.5,B4_L-Fucose,40
24.75,B4_L-Fucose,39
25.0,B4_L-Fucose,39
25.25,B4_L-Fucose,42
25.5,B4_L-Fucose,38
25.75,B4_L-Fucose,39
26.0,B4_L-Fucose,40
26.25,B4_L-Fucose,44
26.5,B4_L-Fucose,43
26.75,B4_L-Fucose,43
27.0,B4_L-Fucose,41
27.25,B4_L-Fucose,45
27.5,B4_L-Fucose,38
27.75,B4_L-Fucose,41
28.0,B4_L-Fucose,38
28.25,B4_L-Fucose,41
28.5,B4_L-Fucose,42
28.75,B4_L-Fucose,38
29.0,B4_L-Fucose,44
29.25,B4_L-Fucose,37
29.5,B4_L-Fucose,41
29.75,B4_L-Fucose,44
30.0,B4_L-Fucose,41
30.25,B4_L-Fucose,44
30.5,B4_L-Fucose,44
30.75,B4_L-Fucose,43
31.0,B4_L-Fucose,42
31.25,B4_L-Fucose,46
31.5,B4_L-Fucose,43
31.75,B4_L-Fucose,43
32.0,B4_L-Fucose,43
32.25,B4_L-Fucose,45
32.5,B4_L-Fucose,46
32.75,B4_L-Fucose,43
33.0,B4_L-Fucose,42
33.25,B4_L-Fucose,44
33.5,B4_L-Fucose,38
33.75,B4_L-Fucose,44
34.0,B4_L-Fucose,44
34.25,B4_L-Fucose,43
34.5,B4_L-Fucose,47
34.75,B4_L-Fucose,45
35.0,B4_L-Fucose,41
35.25,B4_L-Fucose,45
35.5,B4_L-Fucose,44
35.75,B4_L-Fucose,42
36.0,B4_L-Fucose,43
36.25,B4_L-Fucose,40
36.5,B4_L-Fucose,45
36.75,B4_L-Fucose,47
37.0,B4_L-Fucose,43
37.25,B4_L-Fucose,43
37.5,B4_L-Fucose,42
37.75,B4_L-Fucose,44
38.0,B4_L-Fucose,45
38.25,B4_L-Fucose,43
38.5,B4_L-Fucose,42
38.75,B4_L-Fucose,40
39.0,B4_L-Fucose,44
39.25,B4_L-Fucose,41
39.5,B4_L-Fucose,45
39.75,B4_L-Fucose,38
40.0,B4_L-Fucose,41
40.25,B4_L-Fucose,45
40.5,B4_L-Fucose,41
40.75,B4_L-Fucose,39
41.0,B4_L-Fucose,48
41.25,B4_L-Fucose,44
41.5,B4_L-Fucose,42
41.75,B4_L-Fucose,43
42.0,B4_L-Fucose,43
42.25,B4_L-Fucose,42
42.5,B4_L-Fucose,42
42.75,B4_L-Fucose,48
43.0,B4_L-Fucose,46
43.25,B4_L-Fucose,40
43.5,B4_L-Fucose,40
43.75,B4_L-Fucose,43
44.0,B4_L-Fucose,45
44.25,B4_L-Fucose,44
44.5,B4_L-Fucose,46
44.75,B4_L-Fucose,44
45.0,B4_L-Fucose,45
45.25,B4_L-Fucose,44
45.5,B4_L-Fucose,45
45.75,B4_L-Fucose,43
46.0,B4_L-Fucose,44
46.25,B4_L-Fucose,44
46.5,B4_L-Fucose,44
46.75,B4_L-Fucose,41
47.0,B4_L-Fucose,43
47.25,B4_L-Fucose,40
47.5,B4_L-Fucose,0
0.0,B5_D-Glucuronic_Acid,19
0.25,B5_D-Glucuronic_Acid,28
0.5,B5_D-Glucuronic_Acid,13
0.75,B5_D-Glucuronic_Acid,17
1.0,B5_D-Glucuronic_Acid,12
1.25,B5_D-Glucuronic_Acid,17
1.5,B5_D-Glucuronic_Acid,18
1.75,B5_D-Glucuronic_Acid,16
2.0,B5_D-Glucuronic_Acid,17
2.25,B5_D-Glucuronic_Acid,15
2.5,B5_D-Glucuronic_Acid,12
2.75,B5_D-Glucuronic_Acid,12
3.0,B5_D-Glucuronic_Acid,16
3.25,B5_D-Glucuronic_Acid,15
3.5,B5_D-Glucuronic_Acid,14
3.75,B5_D-Glucuronic_Acid,18
4.0,B5_D-Glucuronic_Acid,11
4.25,B5_D-Glucuronic_Acid,16
4.5,B5_D-Glucuronic_Acid,19
4.75,B5_D-Glucuronic_Acid,21
5.0,B5_D-Glucuronic_Acid,21
5.25,B5_D-Glucuronic_Acid,20
5.5,B5_D-Glucuronic_Acid,22
5.75,B5_D-Glucuronic_Acid,23
6.0,B5_D-Glucuronic_Acid,23
6.25,B5_D-Glucuronic_Acid,22
6.5,B5_D-Glucuronic_Acid,23
6.75,B5_D-Glucuronic_Acid,25
7.0,B5_D-Glucuronic_Acid,29
7.25,B5_D-Glucuronic_Acid,28
7.5,B5_D-Glucuronic_Acid,26
7.75,B5_D-Glucuronic_Acid,29
8.0,B5_D-Glucuronic_Acid,29
8.25,B5_D-Glucuronic_Acid,26
8.5,B5_D-Glucuronic_Acid,30
8.75,B5_D-Glucuronic_Acid,30
9.0,B5_D-Glucuronic_Acid,29
9.25,B5_D-Glucuronic_Acid,28
9.5,B5_D-Glucuronic_Acid,31
9.75,B5_D-Glucuronic_Acid,29
10.0,B5_D-Glucuronic_Acid,23
10.25,B5_D-Glucuronic_Acid,28
10.5,B5_D-Glucuronic_Acid,35
10.75,B5_D-Glucuronic_Acid,32
11.0,B5_D-Glucuronic_Acid,30
11.25,B5_D-Glucuronic_Acid,29
11.5,B5_D-Glucuronic_Acid,33
11.75,B5_D-Glucuronic_Acid,33
12.0,B5_D-Glucuronic_Acid,33
12.25,B5_D-Glucuronic_Acid,28
12.5,B5_D-Glucuronic_Acid,32
12.75,B5_D-Glucuronic_Acid,36
13.0,B5_D-Glucuronic_Acid,32
13.25,B5_D-Glucuronic_Acid,36
13.5,B5_D-Glucuronic_Acid,33
13.75,B5_D-Glucuronic_Acid,35
14.0,B5_D-Glucuronic_Acid,34
14.25,B5_D-Glucuronic_Acid,36
14.5,B5_D-Glucuronic_Acid,39
14.75,B5_D-Glucuronic_Acid,39
15.0,B5_D-Glucuronic_Acid,41
15.25,B5_D-Glucuronic_Acid,36
15.5,B5_D-Glucuronic_Acid,47
15.75,B5_D-Glucuronic_Acid,45
16.0,B5_D-Glucuronic_Acid,47
16.25,B5_D-Glucuronic_Acid,41
16.5,B5_D-Glucuronic_Acid,44
16.75,B5_D-Glucuronic_Acid,40
17.0,B5_D-Glucuronic_Acid,44
17.25,B5_D-Glucuronic_Acid,49
17.5,B5_D-Glucuronic_Acid,47
17.75,B5_D-Glucuronic_Acid,47
18.0,B5_D-Glucuronic_Acid,53
18.25,B5_D-Glucuronic_Acid,50
18.5,B5_D-Glucuronic_Acid,47
18.75,B5_D-Glucuronic_Acid,51
19.0,B5_D-Glucuronic_Acid,49
19.25,B5_D-Glucuronic_Acid,49
19.5,B5_D-Glucuronic_Acid,50
19.75,B5_D-Glucuronic_Acid,50
20.0,B5_D-Glucuronic_Acid,54
20.25,B5_D-Glucuronic_Acid,57
20.5,B5_D-Glucuronic_Acid,57
20.75,B5_D-Glucuronic_Acid,55
21.0,B5_D-Glucuronic_Acid,55
21.25,B5_D-Glucuronic_Acid,55
21.5,B5_D-Glucuronic_Acid,59
21.75,B5_D-Glucuronic_Acid,55
22.0,B5_D-Glucuronic_Acid,56
22.25,B5_D-Glucuronic_Acid,54
22.5,B5_D-Glucuronic_Acid,55
22.75,B5_D-Glucuronic_Acid,59
23.0,B5_D-Glucuronic_Acid,60
23.25,B5_D-Glucuronic_Acid,64
23.5,B5_D-Glucuronic_Acid,64
23.75,B5_D-Glucuronic_Acid,61
24.0,B5_D-Glucuronic_Acid,66
24.25,B5_D-Glucuronic_Acid,71
24.5,B5_D-Glucuronic_Acid,74
24.75,B5_D-Glucuronic_Acid,74
25.0,B5_D-Glucuronic_Acid,79
25.25,B5_D-Glucuronic_Acid,84
25.5,B5_D-Glucuronic_Acid,86
25.75,B5_D-Glucuronic_Acid,92
26.0,B5_D-Glucuronic_Acid,97
26.25,B5_D-Glucuronic_Acid,100
26.5,B5_D-Glucuronic_Acid,101
26.75,B5_D-Glucuronic_Acid,107
27.0,B5_D-Glucuronic_Acid,111
27.25,B5_D-Glucuronic_Acid,113
27.5,B5_D-Glucuronic_Acid,116
27.75,B5_D-Glucuronic_Acid,122
28.0,B5_D-Glucuronic_Acid,128
28.25,B5_D-Glucuronic_Acid,130
28.5,B5_D-Glucuronic_Acid,135
28.75,B5_D-Glucuronic_Acid,141
29.0,B5_D-Glucuronic_Acid,142
29.25,B5_D-Glucuronic_Acid,147
29.5,B5_D-Glucuronic_Acid,148
29.75,B5_D-Glucuronic_Acid,157
30.0,B5_D-Glucuronic_Acid,156
30.25,B5_D-Glucuronic_Acid,161
30.5,B5_D-Glucuronic_Acid,168
30.75,B5_D-Glucuronic_Acid,167
31.0,B5_D-Glucuronic_Acid,179
31.25,B5_D-Glucuronic_Acid,180
31.5,B5_D-Glucuronic_Acid,185
31.75,B5_D-Glucuronic_Acid,186
32.0,B5_D-Glucuronic_Acid,191
32.25,B5_D-Glucuronic_Acid,191
32.5,B5_D-Glucuronic_Acid,198
32.75,B5_D-Glucuronic_Acid,201
33.0,B5_D-Glucuronic_Acid,202
33.25,B5_D-Glucuronic_Acid,206
33.5,B5_D-Glucuronic_Acid,209
33.75,B5_D-Glucuronic_Acid,211
34.0,B5_D-Glucuronic_Acid,215
34.25,B5_D-Glucuronic_Acid,215
34.5,B5_D-Glucuronic_Acid,222
34.75,B5_D-Glucuronic_Acid,221
35.0,B5_D-Glucuronic_Acid,222
35.25,B5_D-Glucuronic_Acid,227
35.5,B5_D-Glucuronic_Acid,236
35.75,B5_D-Glucuronic_Acid,233
36.0,B5_D-Glucuronic_Acid,233
36.25,B5_D-Glucuronic_Acid,236
36.5,B5_D-Glucuronic_Acid,240
36.75,B5_D-Glucuronic_Acid,243
37.0,B5_D-Glucuronic_Acid,243
37.25,B5_D-Glucuronic_Acid,243
37.5,B5_D-Glucuronic_Acid,246
37.75,B5_D-Glucuronic_Acid,247
38.0,B5_D-Glucuronic_Acid,248
38.25,B5_D-Glucuronic_Acid,249
38.5,B5_D-Glucuronic_Acid,252
38.75,B5_D-Glucuronic_Acid,250
39.0,B5_D-Glucuronic_Acid,253
39.25,B5_D-Glucuronic_Acid,255
39.5,B5_D-Glucuronic_Acid,254
39.75,B5_D-Glucuronic_Acid,253
40.0,B5_D-Glucuronic_Acid,257
40.25,B5_D-Glucuronic_Acid,257
40.5,B5_D-Glucuronic_Acid,258
40.75,B5_D-Glucuronic_Acid,258
41.0,B5_D-Glucuronic_Acid,264
41.25,B5_D-Glucuronic_Acid,256
41.5,B5_D-Glucuronic_Acid,258
41.75,B5_D-Glucuronic_Acid,261
42.0,B5_D-Glucuronic_Acid,267
42.25,B5_D-Glucuronic_Acid,260
42.5,B5_D-Glucuronic_Acid,259
42.75,B5_D-Glucuronic_Acid,264
43.0,B5_D-Glucuronic_Acid,259
43.25,B5_D-Glucuronic_Acid,261
43.5,B5_D-Glucuronic_Acid,259
43.75,B5_D-Glucuronic_Acid,260
44.0,B5_D-Glucuronic_Acid,262
44.25,B5_D-Glucuronic_Acid,266
44.5,B5_D-Glucuronic_Acid,263
44.75,B5_D-Glucuronic_Acid,262
45.0,B5_D-Glucuronic_Acid,263
45.25,B5_D-Glucuronic_Acid,262
45.5,B5_D-Glucuronic_Acid,265
45.75,B5_D-Glucuronic_Acid,267
46.0,B5_D-Glucuronic_Acid,261
46.25,B5_D-Glucuronic_Acid,268
46.5,B5_D-Glucuronic_Acid,266
46.75,B5_D-Glucuronic_Acid,262
47.0,B5_D-Glucuronic_Acid,260
47.25,B5_D-Glucuronic_Acid,263
47.5,B5_D-Glucuronic_Acid,0
0.0,B6_D-Gluconic_Acid,11
0.25,B6_D-Gluconic_Acid,11
0.5,B6_D-Gluconic_Acid,12
0.75,B6_D-Gluconic_Acid,11
1.0,B6_D-Gluconic_Acid,11
1.25,B6_D-Gluconic_Acid,11
1.5,B6_D-Gluconic_Acid,17
1.75,B6_D-Gluconic_Acid,13
2.0,B6_D-Gluconic_Acid,14
2.25,B6_D-Gluconic_Acid,11
2.5,B6_D-Gluconic_Acid,11
2.75,B6_D-Gluconic_Acid,11
3.0,B6_D-Gluconic_Acid,11
3.25,B6_D-Gluconic_Acid,15
3.5,B6_D-Gluconic_Acid,11
3.75,B6_D-Gluconic_Acid,12
4.0,B6_D-Gluconic_Acid,11
4.25,B6_D-Gluconic_Acid,13
4.5,B6_D-Gluconic_Acid,15
4.75,B6_D-Gluconic_Acid,14
5.0,B6_D-Gluconic_Acid,17
5.25,B6_D-Gluconic_Acid,18
5.5,B6_D-Gluconic_Acid,18
5.75,B6_D-Gluconic_Acid,17
6.0,B6_D-Gluconic_Acid,20
6.25,B6_D-Gluconic_Acid,20
6.5,B6_D-Gluconic_Acid,21
6.75,B6_D-Gluconic_Acid,21
7.0,B6_D-Gluconic_Acid,25
7.25,B6_D-Gluconic_Acid,29
7.5,B6_D-Gluconic_Acid,29
7.75,B6_D-Gluconic_Acid,37
8.0,B6_D-Gluconic_Acid,38
8.25,B6_D-Gluconic_Acid,35
8.5,B6_D-Gluconic_Acid,41
8.75,B6_D-Gluconic_Acid,42
9.0,B6_D-Gluconic_Acid,47
9.25,B6_D-Gluconic_Acid,47
9.5,B6_D-Gluconic_Acid,54
9.75,B6_D-Gluconic_Acid,59
10.0,B6_D-Gluconic_Acid,63
10.25,B6_D-Gluconic_Acid,70
10.5,B6_D-Gluconic_Acid,77
10.75,B6_D-Gluconic_Acid,84
11.0,B6_D-Gluconic_Acid,89
11.25,B6_D-Gluconic_Acid,91
11.5,B6_D-Gluconic_Acid,99
11.75,B6_D-Gluconic_Acid,103
12.0,B6_D-Gluconic_Acid,105
12.25,B6_D-Gluconic_Acid,115
12.5,B6_D-Gluconic_Acid,120
12.75,B6_D-Gluconic_Acid,122
13.0,B6_D-Gluconic_Acid,128
13.25,B6_D-Gluconic_Acid,134
13.5,B6_D-Gluconic_Acid,137
13.75,B6_D-Gluconic_Acid,145
14.0,B6_D-Gluconic_Acid,149
14.25,B6_D-Gluconic_Acid,152
14.5,B6_D-Gluconic_Acid,160
14.75,B6_D-Gluconic_Acid,162
15.0,B6_D-Gluconic_Acid,168
15.25,B6_D-Gluconic_Acid,175
15.5,B6_D-Gluconic_Acid,179
15.75,B6_D-Gluconic_Acid,186
16.0,B6_D-Gluconic_Acid,191
16.25,B6_D-Gluconic_Acid,193
16.5,B6_D-Gluconic_Acid,200
16.75,B6_D-Gluconic_Acid,198
17.0,B6_D-Gluconic_Acid,205
17.25,B6_D-Gluconic_Acid,207
17.5,B6_D-Gluconic_Acid,212
17.75,B6_D-Gluconic_Acid,212
18.0,B6_D-Gluconic_Acid,213
18.25,B6_D-Gluconic_Acid,220
18.5,B6_D-Gluconic_Acid,221
18.75,B6_D-Gluconic_Acid,219
19.0,B6_D-Gluconic_Acid,222
19.25,B6_D-Gluconic_Acid,221
19.5,B6_D-Gluconic_Acid,225
19.75,B6_D-Gluconic_Acid,223
20.0,B6_D-Gluconic_Acid,226
20.25,B6_D-Gluconic_Acid,223
20.5,B6_D-Gluconic_Acid,228
20.75,B6_D-Gluconic_Acid,224
21.0,B6_D-Gluconic_Acid,224
21.25,B6_D-Gluconic_Acid,223
21.5,B6_D-Gluconic_Acid,222
21.75,B6_D-Gluconic_Acid,221
22.0,B6_D-Gluconic_Acid,220
22.25,B6_D-Gluconic_Acid,224
22.5,B6_D-Gluconic_Acid,219
22.75,B6_D-Gluconic_Acid,220
23.0,B6_D-Gluconic_Acid,217
23.25,B6_D-Gluconic_Acid,220
23.5,B6_D-Gluconic_Acid,220
23.75,B6_D-Gluconic_Acid,218
24.0,B6_D-Gluconic_Acid,220
24.25,B6_D-Gluconic_Acid,220
24.5,B6_D-Gluconic_Acid,218
24.75,B6_D-Gluconic_Acid,219
25.0,B6_D-Gluconic_Acid,218
25.25,B6_D-Gluconic_Acid,217
25.5,B6_D-Gluconic_Acid,220
25.75,B6_D-Gluconic_Acid,218
26.0,B6_D-Gluconic_Acid,220
26.25,B6_D-Gluconic_Acid,217
26.5,B6_D-Gluconic_Acid,216
26.75,B6_D-Gluconic_Acid,218
27.0,B6_D-Gluconic_Acid,216
27.25,B6_D-Gluconic_Acid,210
27.5,B6_D-Gluconic_Acid,213
27.75,B6_D-Gluconic_Acid,214
28.0,B6_D-Gluconic_Acid,212
28.25,B6_D-Gluconic_Acid,217
28.5,B6_D-Gluconic_Acid,216
28.75,B6_D-Gluconic_Acid,220
29.0,B6_D-Gluconic_Acid,213
29.25,B6_D-Gluconic_Acid,215
29.5,B6_D-Gluconic_Acid,212
29.75,B6_D-Gluconic_Acid,215
30.0,B6_D-Gluconic_Acid,214
30.25,B6_D-Gluconic_Acid,215
30.5,B6_D-Gluconic_Acid,216
30.75,B6_D-Gluconic_Acid,214
31.0,B6_D-Gluconic_Acid,217
31.25,B6_D-Gluconic_Acid,217
31.5,B6_D-Gluconic_Acid,215
31.75,B6_D-Gluconic_Acid,216
32.0,B6_D-Gluconic_Acid,217
32.25,B6_D-Gluconic_Acid,213
32.5,B6_D-Gluconic_Acid,213
32.75,B6_D-Gluconic_Acid,212
33.0,B6_D-Gluconic_Acid,212
33.25,B6_D-Gluconic_Acid,214
33.5,B6_D-Gluconic_Acid,213
33.75,B6_D-Gluconic_Acid,214
34.0,B6_D-Gluconic_Acid,212
34.25,B6_D-Gluconic_Acid,210
34.5,B6_D-Gluconic_Acid,214
34.75,B6_D-Gluconic_Acid,212
35.0,B6_D-Gluconic_Acid,212
35.25,B6_D-Gluconic_Acid,213
35.5,B6_D-Gluconic_Acid,212
35.75,B6_D-Gluconic_Acid,211
36.0,B6_D-Gluconic_Acid,213
36.25,B6_D-Gluconic_Acid,213
36.5,B6_D-Gluconic_Acid,210
36.75,B6_D-Gluconic_Acid,209
37.0,B6_D-Gluconic_Acid,210
37.25,B6_D-Gluconic_Acid,208
37.5,B6_D-Gluconic_Acid,208
37.75,B6_D-Gluconic_Acid,211
38.0,B6_D-Gluconic_Acid,211
38.25,B6_D-Gluconic_Acid,211
38.5,B6_D-Gluconic_Acid,210
38.75,B6_D-Gluconic_Acid,211
39.0,B6_D-Gluconic_Acid,209
39.25,B6_D-Gluconic_Acid,207
39.5,B6_D-Gluconic_Acid,209
39.75,B6_D-Gluconic_Acid,209
40.0,B6_D-Gluconic_Acid,208
40.25,B6_D-Gluconic_Acid,210
40.5,B6_D-Gluconic_Acid,207
40.75,B6_D-Gluconic_Acid,212
41.0,B6_D-Gluconic_Acid,206
41.25,B6_D-Gluconic_Acid,210
41.5,B6_D-Gluconic_Acid,208
41.75,B6_D-Gluconic_Acid,209
42.0,B6_D-Gluconic_Acid,210
42.25,B6_D-Gluconic_Acid,210
42.5,B6_D-Gluconic_Acid,211
42.75,B6_D-Gluconic_Acid,208
43.0,B6_D-Gluconic_Acid,209
43.25,B6_D-Gluconic_Acid,207
43.5,B6_D-Gluconic_Acid,207
43.75,B6_D-Gluconic_Acid,206
44.0,B6_D-Gluconic_Acid,207
44.25,B6_D-Gluconic_Acid,210
44.5,B6_D-Gluconic_Acid,202
44.75,B6_D-Gluconic_Acid,207
45.0,B6_D-Gluconic_Acid,208
45.25,B6_D-Gluconic_Acid,210
45.5,B6_D-Gluconic_Acid,203
45.75,B6_D-Gluconic_Acid,207
46.0,B6_D-Gluconic_Acid,204
46.25,B6_D-Gluconic_Acid,207
46.5,B6_D-Gluconic_Acid,206
46.75,B6_D-Gluconic_Acid,210
47.0,B6_D-Gluconic_Acid,206
47.25,B6_D-Gluconic_Acid,206
47.5,B6_D-Gluconic_Acid,0
0.0,B7_D-L-a-Glycerol_Phosphate,11
0.25,B7_D-L-a-Glycerol_Phosphate,11
0.5,B7_D-L-a-Glycerol_Phosphate,11
0.75,B7_D-L-a-Glycerol_Phosphate,11
1.0,B7_D-L-a-Glycerol_Phosphate,11
1.25,B7_D-L-a-Glycerol_Phosphate,11
1.5,B7_D-L-a-Glycerol_Phosphate,11
1.75,B7_D-L-a-Glycerol_Phosphate,11
2.0,B7_D-L-a-Glycerol_Phosphate,11
2.25,B7_D-L-a-Glycerol_Phosphate,11
2.5,B7_D-L-a-Glycerol_Phosphate,13
2.75,B7_D-L-a-Glycerol_Phosphate,11
3.0,B7_D-L-a-Glycerol_Phosphate,11
3.25,B7_D-L-a-Glycerol_Phosphate,14
3.5,B7_D-L-a-Glycerol_Phosphate,11
3.75,B7_D-L-a-Glycerol_Phosphate,11
4.0,B7_D-L-a-Glycerol_Phosphate,11
4.25,B7_D-L-a-Glycerol_Phosphate,11
4.5,B7_D-L-a-Glycerol_Phosphate,11
4.75,B7_D-L-a-Glycerol_Phosphate,11
5.0,B7_D-L-a-Glycerol_Phosphate,11
5.25,B7_D-L-a-Glycerol_Phosphate,14
5.5,B7_D-L-a-Glycerol_Phosphate,12
5.75,B7_D-L-a-Glycerol_Phosphate,15
6.0,B7_D-L-a-Glycerol_Phosphate,20
6.25,B7_D-L-a-Glycerol_Phosphate,16
6.5,B7_D-L-a-Glycerol_Phosphate,12
6.75,B7_D-L-a-Glycerol_Phosphate,21
7.0,B7_D-L-a-Glycerol_Phosphate,19
7.25,B7_D-L-a-Glycerol_Phosphate,21
7.5,B7_D-L-a-Glycerol_Phosphate,21
7.75,B7_D-L-a-Glycerol_Phosphate,20
8.0,B7_D-L-a-Glycerol_Phosphate,20
8.25,B7_D-L-a-Glycerol_Phosphate,18
8.5,B7_D-L-a-Glycerol_Phosphate,22
8.75,B7_D-L-a-Glycerol_Phosphate,21
9.0,B7_D-L-a-Glycerol_Phosphate,21
9.25,B7_D-L-a-Glycerol_Phosphate,19
9.5,B7_D-L-a-Glycerol_Phosphate,20
9.75,B7_D-L-a-Glycerol_Phosphate,22
10.0,B7_D-L-a-Glycerol_Phosphate,18
10.25,B7_D-L-a-Glycerol_Phosphate,18
10.5,B7_D-L-a-Glycerol_Phosphate,22
10.75,B7_D-L-a-Glycerol_Phosphate,20
11.0,B7_D-L-a-Glycerol_Phosphate,17
11.25,B7_D-L-a-Glycerol_Phosphate,25
11.5,B7_D-L-a-Glycerol_Phosphate,25
11.75,B7_D-L-a-Glycerol_Phosphate,22
12.0,B7_D-L-a-Glycerol_Phosphate,29
12.25,B7_D-L-a-Glycerol_Phosphate,19
12.5,B7_D-L-a-Glycerol_Phosphate,24
12.75,B7_D-L-a-Glycerol_Phosphate,28
13.0,B7_D-L-a-Glycerol_Phosphate,24
13.25,B7_D-L-a-Glycerol_Phosphate,26
13.5,B7_D-L-a-Glycerol_Phosphate,25
13.75,B7_D-L-a-Glycerol_Phosphate,21
14.0,B7_D-L-a-Glycerol_Phosphate,21
14.25,B7_D-L-a-Glycerol_Phosphate,24
14.5,B7_D-L-a-Glycerol_Phosphate,23
14.75,B7_D-L-a-Glycerol_Phosphate,24
15.0,B7_D-L-a-Glycerol_Phosphate,28
15.25,B7_D-L-a-Glycerol_Phosphate,24
15.5,B7_D-L-a-Glycerol_Phosphate,32
15.75,B7_D-L-a-Glycerol_Phosphate,28
16.0,B7_D-L-a-Glycerol_Phosphate,24
16.25,B7_D-L-a-Glycerol_Phosphate,28
16.5,B7_D-L-a-Glycerol_Phosphate,31
16.75,B7_D-L-a-Glycerol_Phosphate,21
17.0,B7_D-L-a-Glycerol_Phosphate,28
17.25,B7_D-L-a-Glycerol_Phosphate,34
17.5,B7_D-L-a-Glycerol_Phosphate,29
17.75,B7_D-L-a-Glycerol_Phosphate,30
18.0,B7_D-L-a-Glycerol_Phosphate,32
18.25,B7_D-L-a-Glycerol_Phosphate,34
18.5,B7_D-L-a-Glycerol_Phosphate,28
18.75,B7_D-L-a-Glycerol_Phosphate,26
19.0,B7_D-L-a-Glycerol_Phosphate,25
19.25,B7_D-L-a-Glycerol_Phosphate,27
19.5,B7_D-L-a-Glycerol_Phosphate,29
19.75,B7_D-L-a-Glycerol_Phosphate,27
20.0,B7_D-L-a-Glycerol_Phosphate,31
20.25,B7_D-L-a-Glycerol_Phosphate,30
20.5,B7_D-L-a-Glycerol_Phosphate,37
20.75,B7_D-L-a-Glycerol_Phosphate,33
21.0,B7_D-L-a-Glycerol_Phosphate,34
21.25,B7_D-L-a-Glycerol_Phosphate,29
21.5,B7_D-L-a-Glycerol_Phosphate,33
21.75,B7_D-L-a-Glycerol_Phosphate,29
22.0,B7_D-L-a-Glycerol_Phosphate,36
22.25,B7_D-L-a-Glycerol_Phosphate,28
22.5,B7_D-L-a-Glycerol_Phosphate,27
22.75,B7_D-L-a-Glycerol_Phosphate,28
23.0,B7_D-L-a-Glycerol_Phosphate,34
23.25,B7_D-L-a-Glycerol_Phosphate,30
23.5,B7_D-L-a-Glycerol_Phosphate,30
23.75,B7_D-L-a-Glycerol_Phosphate,32
24.0,B7_D-L-a-Glycerol_Phosphate,33
24.25,B7_D-L-a-Glycerol_Phosphate,37
24.5,B7_D-L-a-Glycerol_Phosphate,35
24.75,B7_D-L-a-Glycerol_Phosphate,35
25.0,B7_D-L-a-Glycerol_Phosphate,32
25.25,B7_D-L-a-Glycerol_Phosphate,33
25.5,B7_D-L-a-Glycerol_Phosphate,32
25.75,B7_D-L-a-Glycerol_Phosphate,30
26.0,B7_D-L-a-Glycerol_Phosphate,33
26.25,B7_D-L-a-Glycerol_Phosphate,35
26.5,B7_D-L-a-Glycerol_Phosphate,29
26.75,B7_D-L-a-Glycerol_Phosphate,29
27.0,B7_D-L-a-Glycerol_Phosphate,35
27.25,B7_D-L-a-Glycerol_Phosphate,34
27.5,B7_D-L-a-Glycerol_Phosphate,35
27.75,B7_D-L-a-Glycerol_Phosphate,36
28.0,B7_D-L-a-Glycerol_Phosphate,33
28.25,B7_D-L-a-Glycerol_Phosphate,31
28.5,B7_D-L-a-Glycerol_Phosphate,30
28.75,B7_D-L-a-Glycerol_Phosphate,36
29.0,B7_D-L-a-Glycerol_Phosphate,32
29.25,B7_D-L-a-Glycerol_Phosphate,34
29.5,B7_D-L-a-Glycerol_Phosphate,32
29.75,B7_D-L-a-Glycerol_Phosphate,31
30.0,B7_D-L-a-Glycerol_Phosphate,30
30.25,B7_D-L-a-Glycerol_Phosphate,35
30.5,B7_D-L-a-Glycerol_Phosphate,35
30.75,B7_D-L-a-Glycerol_Phosphate,28
31.0,B7_D-L-a-Glycerol_Phosphate,35
31.25,B7_D-L-a-Glycerol_Phosphate,32
31.5,B7_D-L-a-Glycerol_Phosphate,33
31.75,B7_D-L-a-Glycerol_Phosphate,30
32.0,B7_D-L-a-Glycerol_Phosphate,33
32.25,B7_D-L-a-Glycerol_Phosphate,33
32.5,B7_D-L-a-Glycerol_Phosphate,29
32.75,B7_D-L-a-Glycerol_Phosphate,33
33.0,B7_D-L-a-Glycerol_Phosphate,32
33.25,B7_D-L-a-Glycerol_Phosphate,32
33.5,B7_D-L-a-Glycerol_Phosphate,38
33.75,B7_D-L-a-Glycerol_Phosphate,32
34.0,B7_D-L-a-Glycerol_Phosphate,26
34.25,B7_D-L-a-Glycerol_Phosphate,30
34.5,B7_D-L-a-Glycerol_Phosphate,29
34.75,B7_D-L-a-Glycerol_Phosphate,31
35.0,B7_D-L-a-Glycerol_Phosphate,38
35.25,B7_D-L-a-Glycerol_Phosphate,33
35.5,B7_D-L-a-Glycerol_Phosphate,34
35.75,B7_D-L-a-Glycerol_Phosphate,37
36.0,B7_D-L-a-Glycerol_Phosphate,36
36.25,B7_D-L-a-Glycerol_Phosphate,38
36.5,B7_D-L-a-Glycerol_Phosphate,33
36.75,B7_D-L-a-Glycerol_Phosphate,36
37.0,B7_D-L-a-Glycerol_Phosphate,33
37.25,B7_D-L-a-Glycerol_Phosphate,33
37.5,B7_D-L-a-Glycerol_Phosphate,31
37.75,B7_D-L-a-Glycerol_Phosphate,31
38.0,B7_D-L-a-Glycerol_Phosphate,28
38.25,B7_D-L-a-Glycerol_Phosphate,33
38.5,B7_D-L-a-Glycerol_Phosphate,30
38.75,B7_D-L-a-Glycerol_Phosphate,35
39.0,B7_D-L-a-Glycerol_Phosphate,38
39.25,B7_D-L-a-Glycerol_Phosphate,35
39.5,B7_D-L-a-Glycerol_Phosphate,33
39.75,B7_D-L-a-Glycerol_Phosphate,35
40.0,B7_D-L-a-Glycerol_Phosphate,37
40.25,B7_D-L-a-Glycerol_Phosphate,34
40.5,B7_D-L-a-Glycerol_Phosphate,39
40.75,B7_D-L-a-Glycerol_Phosphate,34
41.0,B7_D-L-a-Glycerol_Phosphate,33
41.25,B7_D-L-a-Glycerol_Phosphate,36
41.5,B7_D-L-a-Glycerol_Phosphate,32
41.75,B7_D-L-a-Glycerol_Phosphate,30
42.0,B7_D-L-a-Glycerol_Phosphate,34
42.25,B7_D-L-a-Glycerol_Phosphate,37
42.5,B7_D-L-a-Glycerol_Phosphate,35
42.75,B7_D-L-a-Glycerol_Phosphate,33
43.0,B7_D-L-a-Glycerol_Phosphate,37
43.25,B7_D-L-a-Glycerol_Phosphate,36
43.5,B7_D-L-a-Glycerol_Phosphate,34
43.75,B7_D-L-a-Glycerol_Phosphate,35
44.0,B7_D-L-a-Glycerol_Phosphate,35
44.25,B7_D-L-a-Glycerol_Phosphate,31
44.5,B7_D-L-a-Glycerol_Phosphate,37
44.75,B7_D-L-a-Glycerol_Phosphate,32
45.0,B7_D-L-a-Glycerol_Phosphate,30
45.25,B7_D-L-a-Glycerol_Phosphate,35
45.5,B7_D-L-a-Glycerol_Phosphate,35
45.75,B7_D-L-a-Glycerol_Phosphate,31
46.0,B7_D-L-a-Glycerol_Phosphate,38
46.25,B7_D-L-a-Glycerol_Phosphate,34
46.5,B7_D-L-a-Glycerol_Phosphate,35
46.75,B7_D-L-a-Glycerol_Phosphate,37
47.0,B7_D-L-a-Glycerol_Phosphate,36
47.25,B7_D-L-a-Glycerol_Phosphate,38
47.5,B7_D-L-a-Glycerol_Phosphate,0
0.0,B8_D-Xylose,63
0.25,B8_D-Xylose,68
0.5,B8_D-Xylose,71
0.75,B8_D-Xylose,72
1.0,B8_D-Xylose,72
1.25,B8_D-Xylose,77
1.5,B8_D-Xylose,77
1.75,B8_D-Xylose,74
2.0,B8_D-Xylose,78
2.25,B8_D-Xylose,80
2.5,B8_D-Xylose,81
2.75,B8_D-Xylose,79
3.0,B8_D-Xylose,79
3.25,B8_D-Xylose,86
3.5,B8_D-Xylose,82
3.75,B8_D-Xylose,80
4.0,B8_D-Xylose,82
4.25,B8_D-Xylose,82
4.5,B8_D-Xylose,81
4.75,B8_D-Xylose,83
5.0,B8_D-Xylose,80
5.25,B8_D-Xylose,83
5.5,B8_D-Xylose,82
5.75,B8_D-Xylose,87
6.0,B8_D-Xylose,83
6.25,B8_D-Xylose,84
6.5,B8_D-Xylose,84
6.75,B8_D-Xylose,85
7.0,B8_D-Xylose,81
7.25,B8_D-Xylose,88
7.5,B8_D-Xylose,86
7.75,B8_D-Xylose,88
8.0,B8_D-Xylose,89
8.25,B8_D-Xylose,86
8.5,B8_D-Xylose,85
8.75,B8_D-Xylose,87
9.0,B8_D-Xylose,88
9.25,B8_D-Xylose,85
9.5,B8_D-Xylose,89
9.75,B8_D-Xylose,87
10.0,B8_D-Xylose,90
10.25,B8_D-Xylose,90
10.5,B8_D-Xylose,93
10.75,B8_D-Xylose,93
11.0,B8_D-Xylose,94
11.25,B8_D-Xylose,93
11.5,B8_D-Xylose,98
11.75,B8_D-Xylose,93
12.0,B8_D-Xylose,93
12.25,B8_D-Xylose,94
12.5,B8_D-Xylose,94
12.75,B8_D-Xylose,96
13.0,B8_D-Xylose,96
13.25,B8_D-Xylose,97
13.5,B8_D-Xylose,97
13.75,B8_D-Xylose,99
14.0,B8_D-Xylose,96
14.25,B8_D-Xylose,97
14.5,B8_D-Xylose,99
14.75,B8_D-Xylose,100
15.0,B8_D-Xylose,95
15.25,B8_D-Xylose,103
15.5,B8_D-Xylose,100
15.75,B8_D-Xylose,105
16.0,B8_D-Xylose,99
16.25,B8_D-Xylose,107
16.5,B8_D-Xylose,105
16.75,B8_D-Xylose,103
17.0,B8_D-Xylose,107
17.25,B8_D-Xylose,108
17.5,B8_D-Xylose,109
17.75,B8_D-Xylose,109
18.0,B8_D-Xylose,111
18.25,B8_D-Xylose,110
18.5,B8_D-Xylose,107
18.75,B8_D-Xylose,112
19.0,B8_D-Xylose,112
19.25,B8_D-Xylose,112
19.5,B8_D-Xylose,112
19.75,B8_D-Xylose,112
20.0,B8_D-Xylose,115
20.25,B8_D-Xylose,115
20.5,B8_D-Xylose,113
20.75,B8_D-Xylose,120
21.0,B8_D-Xylose,117
21.25,B8_D-Xylose,118
21.5,B8_D-Xylose,117
21.75,B8_D-Xylose,120
22.0,B8_D-Xylose,117
22.25,B8_D-Xylose,121
22.5,B8_D-Xylose,118
22.75,B8_D-Xylose,118
23.0,B8_D-Xylose,119
23.25,B8_D-Xylose,119
23.5,B8_D-Xylose,121
23.75,B8_D-Xylose,126
24.0,B8_D-Xylose,121
24.25,B8_D-Xylose,126
24.5,B8_D-Xylose,123
24.75,B8_D-Xylose,123
25.0,B8_D-Xylose,120
25.25,B8_D-Xylose,127
25.5,B8_D-Xylose,124
25.75,B8_D-Xylose,127
26.0,B8_D-Xylose,121
26.25,B8_D-Xylose,126
26.5,B8_D-Xylose,126
26.75,B8_D-Xylose,124
27.0,B8_D-Xylose,126
27.25,B8_D-Xylose,133
27.5,B8_D-Xylose,128
27.75,B8_D-Xylose,133
28.0,B8_D-Xylose,127
28.25,B8_D-Xylose,133
28.5,B8_D-Xylose,131
28.75,B8_D-Xylose,127
29.0,B8_D-Xylose,134
29.25,B8_D-Xylose,130
29.5,B8_D-Xylose,131
29.75,B8_D-Xylose,137
30.0,B8_D-Xylose,131
30.25,B8_D-Xylose,135
30.5,B8_D-Xylose,136
30.75,B8_D-Xylose,136
31.0,B8_D-Xylose,139
31.25,B8_D-Xylose,141
31.5,B8_D-Xylose,141
31.75,B8_D-Xylose,142
32.0,B8_D-Xylose,141
32.25,B8_D-Xylose,142
32.5,B8_D-Xylose,150
32.75,B8_D-Xylose,150
33.0,B8_D-Xylose,146
33.25,B8_D-Xylose,144
33.5,B8_D-Xylose,146
33.75,B8_D-Xylose,147
34.0,B8_D-Xylose,151
34.25,B8_D-Xylose,153
34.5,B8_D-Xylose,148
34.75,B8_D-Xylose,147
35.0,B8_D-Xylose,150
35.25,B8_D-Xylose,151
35.5,B8_D-Xylose,156
35.75,B8_D-Xylose,152
36.0,B8_D-Xylose,158
36.25,B8_D-Xylose,152
36.5,B8_D-Xylose,155
36.75,B8_D-Xylose,157
37.0,B8_D-Xylose,158
37.25,B8_D-Xylose,158
37.5,B8_D-Xylose,156
37.75,B8_D-Xylose,159
38.0,B8_D-Xylose,160
38.25,B8_D-Xylose,163
38.5,B8_D-Xylose,165
38.75,B8_D-Xylose,159
39.0,B8_D-Xylose,162
39.25,B8_D-Xylose,163
39.5,B8_D-Xylose,159
39.75,B8_D-Xylose,166
40.0,B8_D-Xylose,164
40.25,B8_D-Xylose,168
40.5,B8_D-Xylose,165
40.75,B8_D-Xylose,168
41.0,B8_D-Xylose,171
41.25,B8_D-Xylose,174
41.5,B8_D-Xylose,178
41.75,B8_D-Xylose,179
42.0,B8_D-Xylose,176
42.25,B8_D-Xylose,175
42.5,B8_D-Xylose,176
42.75,B8_D-Xylose,181
43.0,B8_D-Xylose,183
43.25,B8_D-Xylose,176
43.5,B8_D-Xylose,177
43.75,B8_D-Xylose,175
44.0,B8_D-Xylose,185
44.25,B8_D-Xylose,189
44.5,B8_D-Xylose,186
44.75,B8_D-Xylose,185
45.0,B8_D-Xylose,186
45.25,B8_D-Xylose,180
45.5,B8_D-Xylose,187
45.75,B8_D-Xylose,192
46.0,B8_D-Xylose,185
46.25,B8_D-Xylose,192
46.5,B8_D-Xylose,191
46.75,B8_D-Xylose,184
47.0,B8_D-Xylose,188
47.25,B8_D-Xylose,190
47.5,B8_D-Xylose,0
0.0,B9_L-Lactic_Acid,11
0.25,B9_L-Lactic_Acid,11
0.5,B9_L-Lactic_Acid,11
0.75,B9_L-Lactic_Acid,11
1.0,B9_L-Lactic_Acid,11
1.25,B9_L-Lactic_Acid,11
1.5,B9_L-Lactic_Acid,11
1.75,B9_L-Lactic_Acid,11
2.0,B9_L-Lactic_Acid,11
2.25,B9_L-Lactic_Acid,11
2.5,B9_L-Lactic_Acid,11
2.75,B9_L-Lactic_Acid,11
3.0,B9_L-Lactic_Acid,11
3.25,B9_L-Lactic_Acid,11
3.5,B9_L-Lactic_Acid,11
3.75,B9_L-Lactic_Acid,11
4.0,B9_L-Lactic_Acid,11
4.25,B9_L-Lactic_Acid,12
4.5,B9_L-Lactic_Acid,11
4.75,B9_L-Lactic_Acid,14
5.0,B9_L-Lactic_Acid,14
5.25,B9_L-Lactic_Acid,16
5.5,B9_L-Lactic_Acid,13
5.75,B9_L-Lactic_Acid,15
6.0,B9_L-Lactic_Acid,12
6.25,B9_L-Lactic_Acid,17
6.5,B9_L-Lactic_Acid,15
6.75,B9_L-Lactic_Acid,16
7.0,B9_L-Lactic_Acid,14
7.25,B9_L-Lactic_Acid,21
7.5,B9_L-Lactic_Acid,18
7.75,B9_L-Lactic_Acid,21
8.0,B9_L-Lactic_Acid,22
8.25,B9_L-Lactic_Acid,23
8.5,B9_L-Lactic_Acid,21
8.75,B9_L-Lactic_Acid,23
9.0,B9_L-Lactic_Acid,19
9.25,B9_L-Lactic_Acid,24
9.5,B9_L-Lactic_Acid,20
9.75,B9_L-Lactic_Acid,25
10.0,B9_L-Lactic_Acid,26
10.25,B9_L-Lactic_Acid,19
10.5,B9_L-Lactic_Acid,25
10.75,B9_L-Lactic_Acid,26
11.0,B9_L-Lactic_Acid,22
11.25,B9_L-Lactic_Acid,23
11.5,B9_L-Lactic_Acid,25
11.75,B9_L-Lactic_Acid,25
12.0,B9_L-Lactic_Acid,27
12.25,B9_L-Lactic_Acid,27
12.5,B9_L-Lactic_Acid,28
12.75,B9_L-Lactic_Acid,22
13.0,B9_L-Lactic_Acid,22
13.25,B9_L-Lactic_Acid,24
13.5,B9_L-Lactic_Acid,26
13.75,B9_L-Lactic_Acid,26
14.0,B9_L-Lactic_Acid,25
14.25,B9_L-Lactic_Acid,24
14.5,B9_L-Lactic_Acid,27
14.75,B9_L-Lactic_Acid,30
15.0,B9_L-Lactic_Acid,26
15.25,B9_L-Lactic_Acid,27
15.5,B9_L-Lactic_Acid,28
15.75,B9_L-Lactic_Acid,28
16.0,B9_L-Lactic_Acid,29
16.25,B9_L-Lactic_Acid,29
16.5,B9_L-Lactic_Acid,28
16.75,B9_L-Lactic_Acid,29
17.0,B9_L-Lactic_Acid,32
17.25,B9_L-Lactic_Acid,32
17.5,B9_L-Lactic_Acid,33
17.75,B9_L-Lactic_Acid,31
18.0,B9_L-Lactic_Acid,29
18.25,B9_L-Lactic_Acid,30
18.5,B9_L-Lactic_Acid,28
18.75,B9_L-Lactic_Acid,25
19.0,B9_L-Lactic_Acid,28
19.25,B9_L-Lactic_Acid,26
19.5,B9_L-Lactic_Acid,31
19.75,B9_L-Lactic_Acid,28
20.0,B9_L-Lactic_Acid,33
20.25,B9_L-Lactic_Acid,35
20.5,B9_L-Lactic_Acid,39
20.75,B9_L-Lactic_Acid,30
21.0,B9_L-Lactic_Acid,32
21.25,B9_L-Lactic_Acid,36
21.5,B9_L-Lactic_Acid,29
21.75,B9_L-Lactic_Acid,28
22.0,B9_L-Lactic_Acid,31
22.25,B9_L-Lactic_Acid,35
22.5,B9_L-Lactic_Acid,29
22.75,B9_L-Lactic_Acid,32
23.0,B9_L-Lactic_Acid,30
23.25,B9_L-Lactic_Acid,27
23.5,B9_L-Lactic_Acid,35
23.75,B9_L-Lactic_Acid,38
24.0,B9_L-Lactic_Acid,29
24.25,B9_L-Lactic_Acid,35
24.5,B9_L-Lactic_Acid,36
24.75,B9_L-Lactic_Acid,34
25.0,B9_L-Lactic_Acid,30
25.25,B9_L-Lactic_Acid,34
25.5,B9_L-Lactic_Acid,33
25.75,B9_L-Lactic_Acid,32
26.0,B9_L-Lactic_Acid,33
26.25,B9_L-Lactic_Acid,37
26.5,B9_L-Lactic_Acid,36
26.75,B9_L-Lactic_Acid,37
27.0,B9_L-Lactic_Acid,33
27.25,B9_L-Lactic_Acid,35
27.5,B9_L-Lactic_Acid,33
27.75,B9_L-Lactic_Acid,35
28.0,B9_L-Lactic_Acid,39
28.25,B9_L-Lactic_Acid,37
28.5,B9_L-Lactic_Acid,33
28.75,B9_L-Lactic_Acid,32
29.0,B9_L-Lactic_Acid,36
29.25,B9_L-Lactic_Acid,35
29.5,B9_L-Lactic_Acid,34
29.75,B9_L-Lactic_Acid,40
30.0,B9_L-Lactic_Acid,34
30.25,B9_L-Lactic_Acid,37
30.5,B9_L-Lactic_Acid,35
30.75,B9_L-Lactic_Acid,39
31.0,B9_L-Lactic_Acid,38
31.25,B9_L-Lactic_Acid,36
31.5,B9_L-Lactic_Acid,38
31.75,B9_L-Lactic_Acid,36
32.0,B9_L-Lactic_Acid,36
32.25,B9_L-Lactic_Acid,37
32.5,B9_L-Lactic_Acid,39
32.75,B9_L-Lactic_Acid,37
33.0,B9_L-Lactic_Acid,36
33.25,B9_L-Lactic_Acid,38
33.5,B9_L-Lactic_Acid,41
33.75,B9_L-Lactic_Acid,40
34.0,B9_L-Lactic_Acid,41
34.25,B9_L-Lactic_Acid,41
34.5,B9_L-Lactic_Acid,38
34.75,B9_L-Lactic_Acid,37
35.0,B9_L-Lactic_Acid,39
35.25,B9_L-Lactic_Acid,38
35.5,B9_L-Lactic_Acid,37
35.75,B9_L-Lactic_Acid,39
36.0,B9_L-Lactic_Acid,40
36.25,B9_L-Lactic_Acid,38
36.5,B9_L-Lactic_Acid,38
36.75,B9_L-Lactic_Acid,41
37.0,B9_L-Lactic_Acid,40
37.25,B9_L-Lactic_Acid,34
37.5,B9_L-Lactic_Acid,40
37.75,B9_L-Lactic_Acid,37
38.0,B9_L-Lactic_Acid,39
38.25,B9_L-Lactic_Acid,36
38.5,B9_L-Lactic_Acid,36
38.75,B9_L-Lactic_Acid,40
39.0,B9_L-Lactic_Acid,39
39.25,B9_L-Lactic_Acid,36
39.5,B9_L-Lactic_Acid,38
39.75,B9_L-Lactic_Acid,42
40.0,B9_L-Lactic_Acid,42
40.25,B9_L-Lactic_Acid,40
40.5,B9_L-Lactic_Acid,33
40.75,B9_L-Lactic_Acid,39
41.0,B9_L-Lactic_Acid,37
41.25,B9_L-Lactic_Acid,39
41.5,B9_L-Lactic_Acid,41
41.75,B9_L-Lactic_Acid,37
42.0,B9_L-Lactic_Acid,41
42.25,B9_L-Lactic_Acid,41
42.5,B9_L-Lactic_Acid,38
42.75,B9_L-Lactic_Acid,39
43.0,B9_L-Lactic_Acid,41
43.25,B9_L-Lactic_Acid,39
43.5,B9_L-Lactic_Acid,39
43.75,B9_L-Lactic_Acid,39
44.0,B9_L-Lactic_Acid,40
44.25,B9_L-Lactic_Acid,41
44.5,B9_L-Lactic_Acid,39
44.75,B9_L-Lactic_Acid,38
45.0,B9_L-Lactic_Acid,38
45.25,B9_L-Lactic_Acid,38
45.5,B9_L-Lactic_Acid,37
45.75,B9_L-Lactic_Acid,42
46.0,B9_L-Lactic_Acid,40
46.25,B9_L-Lactic_Acid,41
46.5,B9_L-Lactic_Acid,40
46.75,B9_L-Lactic_Acid,37
47.0,B9_L-Lactic_Acid,38
47.25,B9_L-Lactic_Acid,37
47.5,B9_L-Lactic_Acid,0
0.0,B10_Formic_Acid,12
0.25,B10_Formic_Acid,11
0.5,B10_Formic_Acid,11
0.75,B10_Formic_Acid,14
1.0,B10_Formic_Acid,11
1.25,B10_Formic_Acid,11
1.5,B10_Formic_Acid,11
1.75,B10_Formic_Acid,11
2.0,B10_Formic_Acid,13
2.25,B10_Formic_Acid,13
2.5,B10_Formic_Acid,11
2.75,B10_Formic_Acid,11
3.0,B10_Formic_Acid,11
3.25,B10_Formic_Acid,11
3.5,B10_Formic_Acid,11
3.75,B10_Formic_Acid,12
4.0,B10_Formic_Acid,11
4.25,B10_Formic_Acid,12
4.5,B10_Formic_Acid,13
4.75,B10_Formic_Acid,12
5.0,B10_Formic_Acid,11
5.25,B10_Formic_Acid,12
5.5,B10_Formic_Acid,13
5.75,B10_Formic_Acid,14
6.0,B10_Formic_Acid,17
6.25,B10_Formic_Acid,18
6.5,B10_Formic_Acid,18
6.75,B10_Formic_Acid,14
7.0,B10_Formic_Acid,16
7.25,B10_Formic_Acid,17
7.5,B10_Formic_Acid,20
7.75,B10_Formic_Acid,21
8.0,B10_Formic_Acid,19
8.25,B10_Formic_Acid,26
8.5,B10_Formic_Acid,19
8.75,B10_Formic_Acid,23
9.0,B10_Formic_Acid,23
9.25,B10_Formic_Acid,21
9.5,B10_Formic_Acid,24
9.75,B10_Formic_Acid,26
10.0,B10_Formic_Acid,23
10.25,B10_Formic_Acid,22
10.5,B10_Formic_Acid,27
10.75,B10_Formic_Acid,28
11.0,B10_Formic_Acid,25
11.25,B10_Formic_Acid,23
11.5,B10_Formic_Acid,25
11.75,B10_Formic_Acid,23
12.0,B10_Formic_Acid,26
12.25,B10_Formic_Acid,23
12.5,B10_Formic_Acid,19
12.75,B10_Formic_Acid,23
13.0,B10_Formic_Acid,25
13.25,B10_Formic_Acid,26
13.5,B10_Formic_Acid,25
13.75,B10_Formic_Acid,24
14.0,B10_Formic_Acid,25
14.25,B10_Formic_Acid,24
14.5,B10_Formic_Acid,28
14.75,B10_Formic_Acid,24
15.0,B10_Formic_Acid,26
15.25,B10_Formic_Acid,28
15.5,B10_Formic_Acid,28
15.75,B10_Formic_Acid,29
16.0,B10_Formic_Acid,26
16.25,B10_Formic_Acid,28
16.5,B10_Formic_Acid,33
16.75,B10_Formic_Acid,28
17.0,B10_Formic_Acid,28
17.25,B10_Formic_Acid,31
17.5,B10_Formic_Acid,35
17.75,B10_Formic_Acid,33
18.0,B10_Formic_Acid,32
18.25,B10_Formic_Acid,31
18.5,B10_Formic_Acid,31
18.75,B10_Formic_Acid,24
19.0,B10_Formic_Acid,27
19.25,B10_Formic_Acid,24
19.5,B10_Formic_Acid,28
19.75,B10_Formic_Acid,27
20.0,B10_Formic_Acid,36
20.25,B10_Formic_Acid,29
20.5,B10_Formic_Acid,33
20.75,B10_Formic_Acid,32
21.0,B10_Formic_Acid,31
21.25,B10_Formic_Acid,30
21.5,B10_Formic_Acid,30
21.75,B10_Formic_Acid,27
22.0,B10_Formic_Acid,31
22.25,B10_Formic_Acid,27
22.5,B10_Formic_Acid,27
22.75,B10_Formic_Acid,30
23.0,B10_Formic_Acid,34
23.25,B10_Formic_Acid,28
23.5,B10_Formic_Acid,35
23.75,B10_Formic_Acid,34
24.0,B10_Formic_Acid,35
24.25,B10_Formic_Acid,36
24.5,B10_Formic_Acid,33
24.75,B10_Formic_Acid,34
25.0,B10_Formic_Acid,32
25.25,B10_Formic_Acid,36
25.5,B10_Formic_Acid,34
25.75,B10_Formic_Acid,34
26.0,B10_Formic_Acid,35
26.25,B10_Formic_Acid,33
26.5,B10_Formic_Acid,31
26.75,B10_Formic_Acid,31
27.0,B10_Formic_Acid,35
27.25,B10_Formic_Acid,29
27.5,B10_Formic_Acid,33
27.75,B10_Formic_Acid,32
28.0,B10_Formic_Acid,31
28.25,B10_Formic_Acid,29
28.5,B10_Formic_Acid,29
28.75,B10_Formic_Acid,35
29.0,B10_Formic_Acid,29
29.25,B10_Formic_Acid,32
29.5,B10_Formic_Acid,30
29.75,B10_Formic_Acid,36
30.0,B10_Formic_Acid,30
30.25,B10_Formic_Acid,31
30.5,B10_Formic_Acid,33
30.75,B10_Formic_Acid,32
31.0,B10_Formic_Acid,34
31.25,B10_Formic_Acid,33
31.5,B10_Formic_Acid,34
31.75,B10_Formic_Acid,34
32.0,B10_Formic_Acid,36
32.25,B10_Formic_Acid,31
32.5,B10_Formic_Acid,35
32.75,B10_Formic_Acid,37
33.0,B10_Formic_Acid,34
33.25,B10_Formic_Acid,35
33.5,B10_Formic_Acid,37
33.75,B10_Formic_Acid,34
34.0,B10_Formic_Acid,32
34.25,B10_Formic_Acid,35
34.5,B10_Formic_Acid,35
34.75,B10_Formic_Acid,30
35.0,B10_Formic_Acid,34
35.25,B10_Formic_Acid,31
35.5,B10_Formic_Acid,35
35.75,B10_Formic_Acid,33
36.0,B10_Formic_Acid,31
36.25,B10_Formic_Acid,37
36.5,B10_Formic_Acid,32
36.75,B10_Formic_Acid,34
37.0,B10_Formic_Acid,35
37.25,B10_Formic_Acid,32
37.5,B10_Formic_Acid,31
37.75,B10_Formic_Acid,36
38.0,B10_Formic_Acid,31
38.25,B10_Formic_Acid,35
38.5,B10_Formic_Acid,36
38.75,B10_Formic_Acid,33
39.0,B10_Formic_Acid,37
39.25,B10_Formic_Acid,31
39.5,B10_Formic_Acid,31
39.75,B10_Formic_Acid,34
40.0,B10_Formic_Acid,36
40.25,B10_Formic_Acid,34
40.5,B10_Formic_Acid,29
40.75,B10_Formic_Acid,32
41.0,B10_Formic_Acid,37
41.25,B10_Formic_Acid,38
41.5,B10_Formic_Acid,33
41.75,B10_Formic_Acid,29
42.0,B10_Formic_Acid,34
42.25,B10_Formic_Acid,33
42.5,B10_Formic_Acid,36
42.75,B10_Formic_Acid,32
43.0,B10_Formic_Acid,35
43.25,B10_Formic_Acid,34
43.5,B10_Formic_Acid,31
43.75,B10_Formic_Acid,36
44.0,B10_Formic_Acid,31
44.25,B10_Formic_Acid,36
44.5,B10_Formic_Acid,34
44.75,B10_Formic_Acid,34
45.0,B10_Formic_Acid,34
45.25,B10_Formic_Acid,38
45.5,B10_Formic_Acid,34
45.75,B10_Formic_Acid,35
46.0,B10_Formic_Acid,38
46.25,B10_Formic_Acid,39
46.5,B10_Formic_Acid,34
46.75,B10_Formic_Acid,36
47.0,B10_Formic_Acid,34
47.25,B10_Formic_Acid,35
47.5,B10_Formic_Acid,0
0.0,B11_D-Mannitol,15
0.25,B11_D-Mannitol,18
0.5,B11_D-Mannitol,19
0.75,B11_D-Mannitol,18
1.0,B11_D-Mannitol,21
1.25,B11_D-Mannitol,22
1.5,B11_D-Mannitol,19
1.75,B11_D-Mannitol,17
2.0,B11_D-Mannitol,21
2.25,B11_D-Mannitol,21
2.5,B11_D-Mannitol,20
2.75,B11_D-Mannitol,18
3.0,B11_D-Mannitol,21
3.25,B11_D-Mannitol,17
3.5,B11_D-Mannitol,19
3.75,B11_D-Mannitol,18
4.0,B11_D-Mannitol,16
4.25,B11_D-Mannitol,21
4.5,B11_D-Mannitol,18
4.75,B11_D-Mannitol,24
5.0,B11_D-Mannitol,20
5.25,B11_D-Mannitol,24
5.5,B11_D-Mannitol,23
5.75,B11_D-Mannitol,27
6.0,B11_D-Mannitol,25
6.25,B11_D-Mannitol,29
6.5,B11_D-Mannitol,28
6.75,B11_D-Mannitol,28
7.0,B11_D-Mannitol,33
7.25,B11_D-Mannitol,35
7.5,B11_D-Mannitol,38
7.75,B11_D-Mannitol,39
8.0,B11_D-Mannitol,39
8.25,B11_D-Mannitol,39
8.5,B11_D-Mannitol,44
8.75,B11_D-Mannitol,47
9.0,B11_D-Mannitol,47
9.25,B11_D-Mannitol,51
9.5,B11_D-Mannitol,51
9.75,B11_D-Mannitol,51
10.0,B11_D-Mannitol,54
10.25,B11_D-Mannitol,57
10.5,B11_D-Mannitol,61
10.75,B11_D-Mannitol,63
11.0,B11_D-Mannitol,65
11.25,B11_D-Mannitol,67
11.5,B11_D-Mannitol,70
11.75,B11_D-Mannitol,68
12.0,B11_D-Mannitol,72
12.25,B11_D-Mannitol,78
12.5,B11_D-Mannitol,81
12.75,B11_D-Mannitol,83
13.0,B11_D-Mannitol,83
13.25,B11_D-Mannitol,88
13.5,B11_D-Mannitol,93
13.75,B11_D-Mannitol,95
14.0,B11_D-Mannitol,98
14.25,B11_D-Mannitol,100
14.5,B11_D-Mannitol,102
14.75,B11_D-Mannitol,108
15.0,B11_D-Mannitol,107
15.25,B11_D-Mannitol,109
15.5,B11_D-Mannitol,117
15.75,B11_D-Mannitol,122
16.0,B11_D-Mannitol,121
16.25,B11_D-Mannitol,125
16.5,B11_D-Mannitol,130
16.75,B11_D-Mannitol,138
17.0,B11_D-Mannitol,137
17.25,B11_D-Mannitol,140
17.5,B11_D-Mannitol,147
17.75,B11_D-Mannitol,147
18.0,B11_D-Mannitol,151
18.25,B11_D-Mannitol,158
18.5,B11_D-Mannitol,160
18.75,B11_D-Mannitol,162
19.0,B11_D-Mannitol,167
19.25,B11_D-Mannitol,168
19.5,B11_D-Mannitol,174
19.75,B11_D-Mannitol,174
20.0,B11_D-Mannitol,179
20.25,B11_D-Mannitol,185
20.5,B11_D-Mannitol,183
20.75,B11_D-Mannitol,188
21.0,B11_D-Mannitol,190
21.25,B11_D-Mannitol,196
21.5,B11_D-Mannitol,196
21.75,B11_D-Mannitol,201
22.0,B11_D-Mannitol,201
22.25,B11_D-Mannitol,208
22.5,B11_D-Mannitol,209
22.75,B11_D-Mannitol,208
23.0,B11_D-Mannitol,211
23.25,B11_D-Mannitol,211
23.5,B11_D-Mannitol,219
23.75,B11_D-Mannitol,223
24.0,B11_D-Mannitol,219
24.25,B11_D-Mannitol,225
24.5,B11_D-Mannitol,222
24.75,B11_D-Mannitol,227
25.0,B11_D-Mannitol,227
25.25,B11_D-Mannitol,230
25.5,B11_D-Mannitol,229
25.75,B11_D-Mannitol,237
26.0,B11_D-Mannitol,237
26.25,B11_D-Mannitol,238
26.5,B11_D-Mannitol,241
26.75,B11_D-Mannitol,242
27.0,B11_D-Mannitol,241
27.25,B11_D-Mannitol,242
27.5,B11_D-Mannitol,246
27.75,B11_D-Mannitol,244
28.0,B11_D-Mannitol,247
28.25,B11_D-Mannitol,245
28.5,B11_D-Mannitol,247
28.75,B11_D-Mannitol,248
29.0,B11_D-Mannitol,250
29.25,B11_D-Mannitol,250
29.5,B11_D-Mannitol,249
29.75,B11_D-Mannitol,252
30.0,B11_D-Mannitol,253
30.25,B11_D-Mannitol,254
30.5,B11_D-Mannitol,253
30.75,B11_D-Mannitol,259
31.0,B11_D-Mannitol,258
31.25,B11_D-Mannitol,259
31.5,B11_D-Mannitol,260
31.75,B11_D-Mannitol,257
32.0,B11_D-Mannitol,259
32.25,B11_D-Mannitol,259
32.5,B11_D-Mannitol,259
32.75,B11_D-Mannitol,259
33.0,B11_D-Mannitol,261
33.25,B11_D-Mannitol,258
33.5,B11_D-Mannitol,262
33.75,B11_D-Mannitol,261
34.0,B11_D-Mannitol,261
34.25,B11_D-Mannitol,260
34.5,B11_D-Mannitol,261
34.75,B11_D-Mannitol,259
35.0,B11_D-Mannitol,261
35.25,B11_D-Mannitol,263
35.5,B11_D-Mannitol,263
35.75,B11_D-Mannitol,264
36.0,B11_D-Mannitol,264
36.25,B11_D-Mannitol,262
36.5,B11_D-Mannitol,263
36.75,B11_D-Mannitol,264
37.0,B11_D-Mannitol,264
37.25,B11_D-Mannitol,265
37.5,B11_D-Mannitol,264
37.75,B11_D-Mannitol,266
38.0,B11_D-Mannitol,265
38.25,B11_D-Mannitol,262
38.5,B11_D-Mannitol,264
38.75,B11_D-Mannitol,264
39.0,B11_D-Mannitol,267
39.25,B11_D-Mannitol,266
39.5,B11_D-Mannitol,266
39.75,B11_D-Mannitol,266
40.0,B11_D-Mannitol,266
40.25,B11_D-Mannitol,268
40.5,B11_D-Mannitol,266
40.75,B11_D-Mannitol,269
41.0,B11_D-Mannitol,266
41.25,B11_D-Mannitol,265
41.5,B11_D-Mannitol,266
41.75,B11_D-Mannitol,267
42.0,B11_D-Mannitol,269
42.25,B11_D-Mannitol,269
42.5,B11_D-Mannitol,265
42.75,B11_D-Mannitol,268
43.0,B11_D-Mannitol,269
43.25,B11_D-Mannitol,268
43.5,B11_D-Mannitol,270
43.75,B11_D-Mannitol,268
44.0,B11_D-Mannitol,267
44.25,B11_D-Mannitol,269
44.5,B11_D-Mannitol,268
44.75,B11_D-Mannitol,269
45.0,B11_D-Mannitol,270
45.25,B11_D-Mannitol,271
45.5,B11_D-Mannitol,268
45.75,B11_D-Mannitol,270
46.0,B11_D-Mannitol,268
46.25,B11_D-Mannitol,269
46.5,B11_D-Mannitol,270
46.75,B11_D-Mannitol,267
47.0,B11_D-Mannitol,271
47.25,B11_D-Mannitol,269
47.5,B11_D-Mannitol,0
0.0,B12_L-Glutamic_Acid,16
0.25,B12_L-Glutamic_Acid,16
0.5,B12_L-Glutamic_Acid,19
0.75,B12_L-Glutamic_Acid,18
1.0,B12_L-Glutamic_Acid,17
1.25,B12_L-Glutamic_Acid,19
1.5,B12_L-Glutamic_Acid,19
1.75,B12_L-Glutamic_Acid,18
2.0,B12_L-Glutamic_Acid,18
2.25,B12_L-Glutamic_Acid,20
2.5,B12_L-Glutamic_Acid,20
2.75,B12_L-Glutamic_Acid,20
3.0,B12_L-Glutamic_Acid,23
3.25,B12_L-Glutamic_Acid,19
3.5,B12_L-Glutamic_Acid,21
3.75,B12_L-Glutamic_Acid,18
4.0,B12_L-Glutamic_Acid,14
4.25,B12_L-Glutamic_Acid,22
4.5,B12_L-Glutamic_Acid,22
4.75,B12_L-Glutamic_Acid,20
5.0,B12_L-Glutamic_Acid,23
5.25,B12_L-Glutamic_Acid,26
5.5,B12_L-Glutamic_Acid,26
5.75,B12_L-Glutamic_Acid,28
6.0,B12_L-Glutamic_Acid,27
6.25,B12_L-Glutamic_Acid,24
6.5,B12_L-Glutamic_Acid,31
6.75,B12_L-Glutamic_Acid,31
7.0,B12_L-Glutamic_Acid,33
7.25,B12_L-Glutamic_Acid,35
7.5,B12_L-Glutamic_Acid,40
7.75,B12_L-Glutamic_Acid,42
8.0,B12_L-Glutamic_Acid,43
8.25,B12_L-Glutamic_Acid,47
8.5,B12_L-Glutamic_Acid,52
8.75,B12_L-Glutamic_Acid,54
9.0,B12_L-Glutamic_Acid,54
9.25,B12_L-Glutamic_Acid,63
9.5,B12_L-Glutamic_Acid,64
9.75,B12_L-Glutamic_Acid,69
10.0,B12_L-Glutamic_Acid,73
10.25,B12_L-Glutamic_Acid,77
10.5,B12_L-Glutamic_Acid,84
10.75,B12_L-Glutamic_Acid,86
11.0,B12_L-Glutamic_Acid,86
11.25,B12_L-Glutamic_Acid,91
11.5,B12_L-Glutamic_Acid,93
11.75,B12_L-Glutamic_Acid,95
12.0,B12_L-Glutamic_Acid,99
12.25,B12_L-Glutamic_Acid,107
12.5,B12_L-Glutamic_Acid,104
12.75,B12_L-Glutamic_Acid,110
13.0,B12_L-Glutamic_Acid,113
13.25,B12_L-Glutamic_Acid,118
13.5,B12_L-Glutamic_Acid,119
13.75,B12_L-Glutamic_Acid,119
14.0,B12_L-Glutamic_Acid,128
14.25,B12_L-Glutamic_Acid,129
14.5,B12_L-Glutamic_Acid,134
14.75,B12_L-Glutamic_Acid,131
15.0,B12_L-Glutamic_Acid,134
15.25,B12_L-Glutamic_Acid,141
15.5,B12_L-Glutamic_Acid,142
15.75,B12_L-Glutamic_Acid,146
16.0,B12_L-Glutamic_Acid,147
16.25,B12_L-Glutamic_Acid,153
16.5,B12_L-Glutamic_Acid,152
16.75,B12_L-Glutamic_Acid,158
17.0,B12_L-Glutamic_Acid,156
17.25,B12_L-Glutamic_Acid,159
17.5,B12_L-Glutamic_Acid,159
17.75,B12_L-Glutamic_Acid,162
18.0,B12_L-Glutamic_Acid,165
18.25,B12_L-Glutamic_Acid,168
18.5,B12_L-Glutamic_Acid,167
18.75,B12_L-Glutamic_Acid,169
19.0,B12_L-Glutamic_Acid,172
19.25,B12_L-Glutamic_Acid,176
19.5,B12_L-Glutamic_Acid,174
19.75,B12_L-Glutamic_Acid,177
20.0,B12_L-Glutamic_Acid,182
20.25,B12_L-Glutamic_Acid,183
20.5,B12_L-Glutamic_Acid,188
20.75,B12_L-Glutamic_Acid,185
21.0,B12_L-Glutamic_Acid,189
21.25,B12_L-Glutamic_Acid,188
21.5,B12_L-Glutamic_Acid,189
21.75,B12_L-Glutamic_Acid,192
22.0,B12_L-Glutamic_Acid,195
22.25,B12_L-Glutamic_Acid,203
22.5,B12_L-Glutamic_Acid,202
22.75,B12_L-Glutamic_Acid,201
23.0,B12_L-Glutamic_Acid,201
23.25,B12_L-Glutamic_Acid,204
23.5,B12_L-Glutamic_Acid,210
23.75,B12_L-Glutamic_Acid,213
24.0,B12_L-Glutamic_Acid,210
24.25,B12_L-Glutamic_Acid,214
24.5,B12_L-Glutamic_Acid,213
24.75,B12_L-Glutamic_Acid,215
25.0,B12_L-Glutamic_Acid,218
25.25,B12_L-Glutamic_Acid,220
25.5,B12_L-Glutamic_Acid,220
25.75,B12_L-Glutamic_Acid,220
26.0,B12_L-Glutamic_Acid,218
26.25,B12_L-Glutamic_Acid,219
26.5,B12_L-Glutamic_Acid,218
26.75,B12_L-Glutamic_Acid,219
27.0,B12_L-Glutamic_Acid,218
27.25,B12_L-Glutamic_Acid,219
27.5,B12_L-Glutamic_Acid,217
27.75,B12_L-Glutamic_Acid,223
28.0,B12_L-Glutamic_Acid,219
28.25,B12_L-Glutamic_Acid,221
28.5,B12_L-Glutamic_Acid,219
28.75,B12_L-Glutamic_Acid,218
29.0,B12_L-Glutamic_Acid,220
29.25,B12_L-Glutamic_Acid,216
29.5,B12_L-Glutamic_Acid,218
29.75,B12_L-Glutamic_Acid,219
30.0,B12_L-Glutamic_Acid,216
30.25,B12_L-Glutamic_Acid,215
30.5,B12_L-Glutamic_Acid,217
30.75,B12_L-Glutamic_Acid,220
31.0,B12_L-Glutamic_Acid,215
31.25,B12_L-Glutamic_Acid,217
31.5,B12_L-Glutamic_Acid,215
31.75,B12_L-Glutamic_Acid,216
32.0,B12_L-Glutamic_Acid,213
32.25,B12_L-Glutamic_Acid,216
32.5,B12_L-Glutamic_Acid,219
32.75,B12_L-Glutamic_Acid,213
33.0,B12_L-Glutamic_Acid,214
33.25,B12_L-Glutamic_Acid,215
33.5,B12_L-Glutamic_Acid,212
33.75,B12_L-Glutamic_Acid,212
34.0,B12_L-Glutamic_Acid,212
34.25,B12_L-Glutamic_Acid,211
34.5,B12_L-Glutamic_Acid,214
34.75,B12_L-Glutamic_Acid,207
35.0,B12_L-Glutamic_Acid,212
35.25,B12_L-Glutamic_Acid,210
35.5,B12_L-Glutamic_Acid,210
35.75,B12_L-Glutamic_Acid,209
36.0,B12_L-Glutamic_Acid,208
36.25,B12_L-Glutamic_Acid,210
36.5,B12_L-Glutamic_Acid,212
36.75,B12_L-Glutamic_Acid,211
37.0,B12_L-Glutamic_Acid,213
37.25,B12_L-Glutamic_Acid,215
37.5,B12_L-Glutamic_Acid,212
37.75,B12_L-Glutamic_Acid,210
38.0,B12_L-Glutamic_Acid,210
38.25,B12_L-Glutamic_Acid,212
38.5,B12_L-Glutamic_Acid,213
38.75,B12_L-Glutamic_Acid,208
39.0,B12_L-Glutamic_Acid,210
39.25,B12_L-Glutamic_Acid,209
39.5,B12_L-Glutamic_Acid,210
39.75,B12_L-Glutamic_Acid,209
40.0,B12_L-Glutamic_Acid,209
40.25,B12_L-Glutamic_Acid,210
40.5,B12_L-Glutamic_Acid,205
40.75,B12_L-Glutamic_Acid,209
41.0,B12_L-Glutamic_Acid,209
41.25,B12_L-Glutamic_Acid,206
41.5,B12_L-Glutamic_Acid,205
41.75,B12_L-Glutamic_Acid,207
42.0,B12_L-Glutamic_Acid,211
42.25,B12_L-Glutamic_Acid,208
42.5,B12_L-Glutamic_Acid,206
42.75,B12_L-Glutamic_Acid,207
43.0,B12_L-Glutamic_Acid,209
43.25,B12_L-Glutamic_Acid,206
43.5,B12_L-Glutamic_Acid,208
43.75,B12_L-Glutamic_Acid,204
44.0,B12_L-Glutamic_Acid,208
44.25,B12_L-Glutamic_Acid,205
44.5,B12_L-Glutamic_Acid,208
44.75,B12_L-Glutamic_Acid,208
45.0,B12_L-Glutamic_Acid,208
45.25,B12_L-Glutamic_Acid,205
45.5,B12_L-Glutamic_Acid,208
45.75,B12_L-Glutamic_Acid,206
46.0,B12_L-Glutamic_Acid,210
46.25,B12_L-Glutamic_Acid,207
46.5,B12_L-Glutamic_Acid,207
46.75,B12_L-Glutamic_Acid,204
47.0,B12_L-Glutamic_Acid,206
47.25,B12_L-Glutamic_Acid,206
47.5,B12_L-Glutamic_Acid,0
0.0,C1_D-Glucose-6-Phosphate,47
0.25,C1_D-Glucose-6-Phosphate,52
0.5,C1_D-Glucose-6-Phosphate,26
0.75,C1_D-Glucose-6-Phosphate,27
1.0,C1_D-Glucose-6-Phosphate,24
1.25,C1_D-Glucose-6-Phosphate,21
1.5,C1_D-Glucose-6-Phosphate,23
1.75,C1_D-Glucose-6-Phosphate,27
2.0,C1_D-Glucose-6-Phosphate,21
2.25,C1_D-Glucose-6-Phosphate,20
2.5,C1_D-Glucose-6-Phosphate,20
2.75,C1_D-Glucose-6-Phosphate,26
3.0,C1_D-Glucose-6-Phosphate,23
3.25,C1_D-Glucose-6-Phosphate,27
3.5,C1_D-Glucose-6-Phosphate,26
3.75,C1_D-Glucose-6-Phosphate,26
4.0,C1_D-Glucose-6-Phosphate,25
4.25,C1_D-Glucose-6-Phosphate,30
4.5,C1_D-Glucose-6-Phosphate,29
4.75,C1_D-Glucose-6-Phosphate,29
5.0,C1_D-Glucose-6-Phosphate,29
5.25,C1_D-Glucose-6-Phosphate,31
5.5,C1_D-Glucose-6-Phosphate,32
5.75,C1_D-Glucose-6-Phosphate,30
6.0,C1_D-Glucose-6-Phosphate,36
6.25,C1_D-Glucose-6-Phosphate,39
6.5,C1_D-Glucose-6-Phosphate,36
6.75,C1_D-Glucose-6-Phosphate,32
7.0,C1_D-Glucose-6-Phosphate,42
7.25,C1_D-Glucose-6-Phosphate,38
7.5,C1_D-Glucose-6-Phosphate,43
7.75,C1_D-Glucose-6-Phosphate,38
8.0,C1_D-Glucose-6-Phosphate,42
8.25,C1_D-Glucose-6-Phosphate,37
8.5,C1_D-Glucose-6-Phosphate,39
8.75,C1_D-Glucose-6-Phosphate,41
9.0,C1_D-Glucose-6-Phosphate,42
9.25,C1_D-Glucose-6-Phosphate,38
9.5,C1_D-Glucose-6-Phosphate,42
9.75,C1_D-Glucose-6-Phosphate,36
10.0,C1_D-Glucose-6-Phosphate,40
10.25,C1_D-Glucose-6-Phosphate,37
10.5,C1_D-Glucose-6-Phosphate,45
10.75,C1_D-Glucose-6-Phosphate,45
11.0,C1_D-Glucose-6-Phosphate,45
11.25,C1_D-Glucose-6-Phosphate,45
11.5,C1_D-Glucose-6-Phosphate,42
11.75,C1_D-Glucose-6-Phosphate,39
12.0,C1_D-Glucose-6-Phosphate,41
12.25,C1_D-Glucose-6-Phosphate,44
12.5,C1_D-Glucose-6-Phosphate,41
12.75,C1_D-Glucose-6-Phosphate,46
13.0,C1_D-Glucose-6-Phosphate,40
13.25,C1_D-Glucose-6-Phosphate,44
13.5,C1_D-Glucose-6-Phosphate,44
13.75,C1_D-Glucose-6-Phosphate,44
14.0,C1_D-Glucose-6-Phosphate,37
14.25,C1_D-Glucose-6-Phosphate,42
14.5,C1_D-Glucose-6-Phosphate,44
14.75,C1_D-Glucose-6-Phosphate,42
15.0,C1_D-Glucose-6-Phosphate,43
15.25,C1_D-Glucose-6-Phosphate,48
15.5,C1_D-Glucose-6-Phosphate,43
15.75,C1_D-Glucose-6-Phosphate,44
16.0,C1_D-Glucose-6-Phosphate,48
16.25,C1_D-Glucose-6-Phosphate,48
16.5,C1_D-Glucose-6-Phosphate,46
16.75,C1_D-Glucose-6-Phosphate,45
17.0,C1_D-Glucose-6-Phosphate,48
17.25,C1_D-Glucose-6-Phosphate,48
17.5,C1_D-Glucose-6-Phosphate,48
17.75,C1_D-Glucose-6-Phosphate,47
18.0,C1_D-Glucose-6-Phosphate,49
18.25,C1_D-Glucose-6-Phosphate,49
18.5,C1_D-Glucose-6-Phosphate,48
18.75,C1_D-Glucose-6-Phosphate,45
19.0,C1_D-Glucose-6-Phosphate,45
19.25,C1_D-Glucose-6-Phosphate,46
19.5,C1_D-Glucose-6-Phosphate,48
19.75,C1_D-Glucose-6-Phosphate,47
20.0,C1_D-Glucose-6-Phosphate,55
20.25,C1_D-Glucose-6-Phosphate,52
20.5,C1_D-Glucose-6-Phosphate,53
20.75,C1_D-Glucose-6-Phosphate,51
21.0,C1_D-Glucose-6-Phosphate,49
21.25,C1_D-Glucose-6-Phosphate,49
21.5,C1_D-Glucose-6-Phosphate,51
21.75,C1_D-Glucose-6-Phosphate,47
22.0,C1_D-Glucose-6-Phosphate,54
22.25,C1_D-Glucose-6-Phosphate,48
22.5,C1_D-Glucose-6-Phosphate,51
22.75,C1_D-Glucose-6-Phosphate,45
23.0,C1_D-Glucose-6-Phosphate,50
23.25,C1_D-Glucose-6-Phosphate,46
23.5,C1_D-Glucose-6-Phosphate,48
23.75,C1_D-Glucose-6-Phosphate,50
24.0,C1_D-Glucose-6-Phosphate,51
24.25,C1_D-Glucose-6-Phosphate,51
24.5,C1_D-Glucose-6-Phosphate,50
24.75,C1_D-Glucose-6-Phosphate,53
25.0,C1_D-Glucose-6-Phosphate,53
25.25,C1_D-Glucose-6-Phosphate,52
25.5,C1_D-Glucose-6-Phosphate,50
25.75,C1_D-Glucose-6-Phosphate,52
26.0,C1_D-Glucose-6-Phosphate,53
26.25,C1_D-Glucose-6-Phosphate,53
26.5,C1_D-Glucose-6-Phosphate,49
26.75,C1_D-Glucose-6-Phosphate,48
27.0,C1_D-Glucose-6-Phosphate,51
27.25,C1_D-Glucose-6-Phosphate,48
27.5,C1_D-Glucose-6-Phosphate,51
27.75,C1_D-Glucose-6-Phosphate,55
28.0,C1_D-Glucose-6-Phosphate,52
28.25,C1_D-Glucose-6-Phosphate,52
28.5,C1_D-Glucose-6-Phosphate,50
28.75,C1_D-Glucose-6-Phosphate,50
29.0,C1_D-Glucose-6-Phosphate,51
29.25,C1_D-Glucose-6-Phosphate,51
29.5,C1_D-Glucose-6-Phosphate,51
29.75,C1_D-Glucose-6-Phosphate,55
30.0,C1_D-Glucose-6-Phosphate,50
30.25,C1_D-Glucose-6-Phosphate,53
30.5,C1_D-Glucose-6-Phosphate,51
30.75,C1_D-Glucose-6-Phosphate,50
31.0,C1_D-Glucose-6-Phosphate,54
31.25,C1_D-Glucose-6-Phosphate,51
31.5,C1_D-Glucose-6-Phosphate,48
31.75,C1_D-Glucose-6-Phosphate,50
32.0,C1_D-Glucose-6-Phosphate,49
32.25,C1_D-Glucose-6-Phosphate,50
32.5,C1_D-Glucose-6-Phosphate,52
32.75,C1_D-Glucose-6-Phosphate,53
33.0,C1_D-Glucose-6-Phosphate,53
33.25,C1_D-Glucose-6-Phosphate,53
33.5,C1_D-Glucose-6-Phosphate,53
33.75,C1_D-Glucose-6-Phosphate,54
34.0,C1_D-Glucose-6-Phosphate,53
34.25,C1_D-Glucose-6-Phosphate,55
34.5,C1_D-Glucose-6-Phosphate,56
34.75,C1_D-Glucose-6-Phosphate,55
35.0,C1_D-Glucose-6-Phosphate,56
35.25,C1_D-Glucose-6-Phosphate,54
35.5,C1_D-Glucose-6-Phosphate,56
35.75,C1_D-Glucose-6-Phosphate,51
36.0,C1_D-Glucose-6-Phosphate,54
36.25,C1_D-Glucose-6-Phosphate,51
36.5,C1_D-Glucose-6-Phosphate,53
36.75,C1_D-Glucose-6-Phosphate,54
37.0,C1_D-Glucose-6-Phosphate,54
37.25,C1_D-Glucose-6-Phosphate,53
37.5,C1_D-Glucose-6-Phosphate,51
37.75,C1_D-Glucose-6-Phosphate,54
38.0,C1_D-Glucose-6-Phosphate,58
38.25,C1_D-Glucose-6-Phosphate,54
38.5,C1_D-Glucose-6-Phosphate,54
38.75,C1_D-Glucose-6-Phosphate,56
39.0,C1_D-Glucose-6-Phosphate,57
39.25,C1_D-Glucose-6-Phosphate,54
39.5,C1_D-Glucose-6-Phosphate,56
39.75,C1_D-Glucose-6-Phosphate,52
40.0,C1_D-Glucose-6-Phosphate,52
40.25,C1_D-Glucose-6-Phosphate,55
40.5,C1_D-Glucose-6-Phosphate,56
40.75,C1_D-Glucose-6-Phosphate,55
41.0,C1_D-Glucose-6-Phosphate,59
41.25,C1_D-Glucose-6-Phosphate,57
41.5,C1_D-Glucose-6-Phosphate,56
41.75,C1_D-Glucose-6-Phosphate,55
42.0,C1_D-Glucose-6-Phosphate,52
42.25,C1_D-Glucose-6-Phosphate,51
42.5,C1_D-Glucose-6-Phosphate,54
42.75,C1_D-Glucose-6-Phosphate,53
43.0,C1_D-Glucose-6-Phosphate,55
43.25,C1_D-Glucose-6-Phosphate,54
43.5,C1_D-Glucose-6-Phosphate,53
43.75,C1_D-Glucose-6-Phosphate,54
44.0,C1_D-Glucose-6-Phosphate,59
44.25,C1_D-Glucose-6-Phosphate,52
44.5,C1_D-Glucose-6-Phosphate,53
44.75,C1_D-Glucose-6-Phosphate,50
45.0,C1_D-Glucose-6-Phosphate,55
45.25,C1_D-Glucose-6-Phosphate,53
45.5,C1_D-Glucose-6-Phosphate,56
45.75,C1_D-Glucose-6-Phosphate,51
46.0,C1_D-Glucose-6-Phosphate,53
46.25,C1_D-Glucose-6-Phosphate,59
46.5,C1_D-Glucose-6-Phosphate,59
46.75,C1_D-Glucose-6-Phosphate,54
47.0,C1_D-Glucose-6-Phosphate,56
47.25,C1_D-Glucose-6-Phosphate,58
47.5,C1_D-Glucose-6-Phosphate,0
0.0,C2_D-GalactonicAcid-g-Lactone,12
0.25,C2_D-GalactonicAcid-g-Lactone,11
0.5,C2_D-GalactonicAcid-g-Lactone,14
0.75,C2_D-GalactonicAcid-g-Lactone,11
1.0,C2_D-GalactonicAcid-g-Lactone,15
1.25,C2_D-GalactonicAcid-g-Lactone,12
1.5,C2_D-GalactonicAcid-g-Lactone,16
1.75,C2_D-GalactonicAcid-g-Lactone,14
2.0,C2_D-GalactonicAcid-g-Lactone,14
2.25,C2_D-GalactonicAcid-g-Lactone,15
2.5,C2_D-GalactonicAcid-g-Lactone,14
2.75,C2_D-GalactonicAcid-g-Lactone,13
3.0,C2_D-GalactonicAcid-g-Lactone,15
3.25,C2_D-GalactonicAcid-g-Lactone,18
3.5,C2_D-GalactonicAcid-g-Lactone,16
3.75,C2_D-GalactonicAcid-g-Lactone,16
4.0,C2_D-GalactonicAcid-g-Lactone,13
4.25,C2_D-GalactonicAcid-g-Lactone,19
4.5,C2_D-GalactonicAcid-g-Lactone,19
4.75,C2_D-GalactonicAcid-g-Lactone,21
5.0,C2_D-GalactonicAcid-g-Lactone,17
5.25,C2_D-GalactonicAcid-g-Lactone,22
5.5,C2_D-GalactonicAcid-g-Lactone,23
5.75,C2_D-GalactonicAcid-g-Lactone,25
6.0,C2_D-GalactonicAcid-g-Lactone,24
6.25,C2_D-GalactonicAcid-g-Lactone,26
6.5,C2_D-GalactonicAcid-g-Lactone,26
6.75,C2_D-GalactonicAcid-g-Lactone,24
7.0,C2_D-GalactonicAcid-g-Lactone,25
7.25,C2_D-GalactonicAcid-g-Lactone,25
7.5,C2_D-GalactonicAcid-g-Lactone,30
7.75,C2_D-GalactonicAcid-g-Lactone,29
8.0,C2_D-GalactonicAcid-g-Lactone,28
8.25,C2_D-GalactonicAcid-g-Lactone,30
8.5,C2_D-GalactonicAcid-g-Lactone,29
8.75,C2_D-GalactonicAcid-g-Lactone,31
9.0,C2_D-GalactonicAcid-g-Lactone,32
9.25,C2_D-GalactonicAcid-g-Lactone,30
9.5,C2_D-GalactonicAcid-g-Lactone,31
9.75,C2_D-GalactonicAcid-g-Lactone,29
10.0,C2_D-GalactonicAcid-g-Lactone,35
10.25,C2_D-GalactonicAcid-g-Lactone,33
10.5,C2_D-GalactonicAcid-g-Lactone,36
10.75,C2_D-GalactonicAcid-g-Lactone,36
11.0,C2_D-GalactonicAcid-g-Lactone,27
11.25,C2_D-GalactonicAcid-g-Lactone,30
11.5,C2_D-GalactonicAcid-g-Lactone,33
11.75,C2_D-GalactonicAcid-g-Lactone,32
12.0,C2_D-GalactonicAcid-g-Lactone,32
12.25,C2_D-GalactonicAcid-g-Lactone,33
12.5,C2_D-GalactonicAcid-g-Lactone,29
12.75,C2_D-GalactonicAcid-g-Lactone,31
13.0,C2_D-GalactonicAcid-g-Lactone,29
13.25,C2_D-GalactonicAcid-g-Lactone,30
13.5,C2_D-GalactonicAcid-g-Lactone,32
13.75,C2_D-GalactonicAcid-g-Lactone,35
14.0,C2_D-GalactonicAcid-g-Lactone,32
14.25,C2_D-GalactonicAcid-g-Lactone,35
14.5,C2_D-GalactonicAcid-g-Lactone,34
14.75,C2_D-GalactonicAcid-g-Lactone,33
15.0,C2_D-GalactonicAcid-g-Lactone,32
15.25,C2_D-GalactonicAcid-g-Lactone,38
15.5,C2_D-GalactonicAcid-g-Lactone,34
15.75,C2_D-GalactonicAcid-g-Lactone,39
16.0,C2_D-GalactonicAcid-g-Lactone,35
16.25,C2_D-GalactonicAcid-g-Lactone,37
16.5,C2_D-GalactonicAcid-g-Lactone,37
16.75,C2_D-GalactonicAcid-g-Lactone,35
17.0,C2_D-GalactonicAcid-g-Lactone,34
17.25,C2_D-GalactonicAcid-g-Lactone,38
17.5,C2_D-GalactonicAcid-g-Lactone,42
17.75,C2_D-GalactonicAcid-g-Lactone,35
18.0,C2_D-GalactonicAcid-g-Lactone,36
18.25,C2_D-GalactonicAcid-g-Lactone,39
18.5,C2_D-GalactonicAcid-g-Lactone,35
18.75,C2_D-GalactonicAcid-g-Lactone,36
19.0,C2_D-GalactonicAcid-g-Lactone,40
19.25,C2_D-GalactonicAcid-g-Lactone,40
19.5,C2_D-GalactonicAcid-g-Lactone,40
19.75,C2_D-GalactonicAcid-g-Lactone,39
20.0,C2_D-GalactonicAcid-g-Lactone,35
20.25,C2_D-GalactonicAcid-g-Lactone,35
20.5,C2_D-GalactonicAcid-g-Lactone,40
20.75,C2_D-GalactonicAcid-g-Lactone,41
21.0,C2_D-GalactonicAcid-g-Lactone,39
21.25,C2_D-GalactonicAcid-g-Lactone,36
21.5,C2_D-GalactonicAcid-g-Lactone,36
21.75,C2_D-GalactonicAcid-g-Lactone,38
22.0,C2_D-GalactonicAcid-g-Lactone,38
22.25,C2_D-GalactonicAcid-g-Lactone,40
22.5,C2_D-GalactonicAcid-g-Lactone,36
22.75,C2_D-GalactonicAcid-g-Lactone,36
23.0,C2_D-GalactonicAcid-g-Lactone,36
23.25,C2_D-GalactonicAcid-g-Lactone,34
23.5,C2_D-GalactonicAcid-g-Lactone,38
23.75,C2_D-GalactonicAcid-g-Lactone,39
24.0,C2_D-GalactonicAcid-g-Lactone,35
24.25,C2_D-GalactonicAcid-g-Lactone,40
24.5,C2_D-GalactonicAcid-g-Lactone,39
24.75,C2_D-GalactonicAcid-g-Lactone,34
25.0,C2_D-GalactonicAcid-g-Lactone,40
25.25,C2_D-GalactonicAcid-g-Lactone,38
25.5,C2_D-GalactonicAcid-g-Lactone,35
25.75,C2_D-GalactonicAcid-g-Lactone,37
26.0,C2_D-GalactonicAcid-g-Lactone,40
26.25,C2_D-GalactonicAcid-g-Lactone,41
26.5,C2_D-GalactonicAcid-g-Lactone,34
26.75,C2_D-GalactonicAcid-g-Lactone,39
27.0,C2_D-GalactonicAcid-g-Lactone,41
27.25,C2_D-GalactonicAcid-g-Lactone,40
27.5,C2_D-GalactonicAcid-g-Lactone,38
27.75,C2_D-GalactonicAcid-g-Lactone,40
28.0,C2_D-GalactonicAcid-g-Lactone,43
28.25,C2_D-GalactonicAcid-g-Lactone,39
28.5,C2_D-GalactonicAcid-g-Lactone,33
28.75,C2_D-GalactonicAcid-g-Lactone,40
29.0,C2_D-GalactonicAcid-g-Lactone,40
29.25,C2_D-GalactonicAcid-g-Lactone,41
29.5,C2_D-GalactonicAcid-g-Lactone,34
29.75,C2_D-GalactonicAcid-g-Lactone,37
30.0,C2_D-GalactonicAcid-g-Lactone,38
30.25,C2_D-GalactonicAcid-g-Lactone,42
30.5,C2_D-GalactonicAcid-g-Lactone,40
30.75,C2_D-GalactonicAcid-g-Lactone,34
31.0,C2_D-GalactonicAcid-g-Lactone,42
31.25,C2_D-GalactonicAcid-g-Lactone,41
31.5,C2_D-GalactonicAcid-g-Lactone,38
31.75,C2_D-GalactonicAcid-g-Lactone,39
32.0,C2_D-GalactonicAcid-g-Lactone,39
32.25,C2_D-GalactonicAcid-g-Lactone,38
32.5,C2_D-GalactonicAcid-g-Lactone,41
32.75,C2_D-GalactonicAcid-g-Lactone,40
33.0,C2_D-GalactonicAcid-g-Lactone,38
33.25,C2_D-GalactonicAcid-g-Lactone,37
33.5,C2_D-GalactonicAcid-g-Lactone,40
33.75,C2_D-GalactonicAcid-g-Lactone,40
34.0,C2_D-GalactonicAcid-g-Lactone,40
34.25,C2_D-GalactonicAcid-g-Lactone,42
34.5,C2_D-GalactonicAcid-g-Lactone,40
34.75,C2_D-GalactonicAcid-g-Lactone,36
35.0,C2_D-GalactonicAcid-g-Lactone,41
35.25,C2_D-GalactonicAcid-g-Lactone,44
35.5,C2_D-GalactonicAcid-g-Lactone,44
35.75,C2_D-GalactonicAcid-g-Lactone,35
36.0,C2_D-GalactonicAcid-g-Lactone,38
36.25,C2_D-GalactonicAcid-g-Lactone,37
36.5,C2_D-GalactonicAcid-g-Lactone,40
36.75,C2_D-GalactonicAcid-g-Lactone,37
37.0,C2_D-GalactonicAcid-g-Lactone,38
37.25,C2_D-GalactonicAcid-g-Lactone,37
37.5,C2_D-GalactonicAcid-g-Lactone,39
37.75,C2_D-GalactonicAcid-g-Lactone,37
38.0,C2_D-GalactonicAcid-g-Lactone,39
38.25,C2_D-GalactonicAcid-g-Lactone,36
38.5,C2_D-GalactonicAcid-g-Lactone,41
38.75,C2_D-GalactonicAcid-g-Lactone,41
39.0,C2_D-GalactonicAcid-g-Lactone,42
39.25,C2_D-GalactonicAcid-g-Lactone,41
39.5,C2_D-GalactonicAcid-g-Lactone,37
39.75,C2_D-GalactonicAcid-g-Lactone,44
40.0,C2_D-GalactonicAcid-g-Lactone,43
40.25,C2_D-GalactonicAcid-g-Lactone,41
40.5,C2_D-GalactonicAcid-g-Lactone,41
40.75,C2_D-GalactonicAcid-g-Lactone,41
41.0,C2_D-GalactonicAcid-g-Lactone,39
41.25,C2_D-GalactonicAcid-g-Lactone,43
41.5,C2_D-GalactonicAcid-g-Lactone,42
41.75,C2_D-GalactonicAcid-g-Lactone,40
42.0,C2_D-GalactonicAcid-g-Lactone,42
42.25,C2_D-GalactonicAcid-g-Lactone,41
42.5,C2_D-GalactonicAcid-g-Lactone,41
42.75,C2_D-GalactonicAcid-g-Lactone,36
43.0,C2_D-GalactonicAcid-g-Lactone,39
43.25,C2_D-GalactonicAcid-g-Lactone,37
43.5,C2_D-GalactonicAcid-g-Lactone,38
43.75,C2_D-GalactonicAcid-g-Lactone,35
44.0,C2_D-GalactonicAcid-g-Lactone,40
44.25,C2_D-GalactonicAcid-g-Lactone,38
44.5,C2_D-GalactonicAcid-g-Lactone,38
44.75,C2_D-GalactonicAcid-g-Lactone,39
45.0,C2_D-GalactonicAcid-g-Lactone,36
45.25,C2_D-GalactonicAcid-g-Lactone,42
45.5,C2_D-GalactonicAcid-g-Lactone,41
45.75,C2_D-GalactonicAcid-g-Lactone,42
46.0,C2_D-GalactonicAcid-g-Lactone,39
46.25,C2_D-GalactonicAcid-g-Lactone,40
46.5,C2_D-GalactonicAcid-g-Lactone,41
46.75,C2_D-GalactonicAcid-g-Lactone,35
47.0,C2_D-GalactonicAcid-g-Lactone,37
47.25,C2_D-GalactonicAcid-g-Lactone,38
47.5,C2_D-GalactonicAcid-g-Lactone,0
0.0,C3_D-L-Malic_Acid,11
0.25,C3_D-L-Malic_Acid,11
0.5,C3_D-L-Malic_Acid,11
0.75,C3_D-L-Malic_Acid,12
1.0,C3_D-L-Malic_Acid,12
1.25,C3_D-L-Malic_Acid,12
1.5,C3_D-L-Malic_Acid,11
1.75,C3_D-L-Malic_Acid,11
2.0,C3_D-L-Malic_Acid,15
2.25,C3_D-L-Malic_Acid,12
2.5,C3_D-L-Malic_Acid,11
2.75,C3_D-L-Malic_Acid,12
3.0,C3_D-L-Malic_Acid,11
3.25,C3_D-L-Malic_Acid,11
3.5,C3_D-L-Malic_Acid,12
3.75,C3_D-L-Malic_Acid,13
4.0,C3_D-L-Malic_Acid,11
4.25,C3_D-L-Malic_Acid,20
4.5,C3_D-L-Malic_Acid,16
4.75,C3_D-L-Malic_Acid,16
5.0,C3_D-L-Malic_Acid,15
5.25,C3_D-L-Malic_Acid,21
5.5,C3_D-L-Malic_Acid,21
5.75,C3_D-L-Malic_Acid,24
6.0,C3_D-L-Malic_Acid,24
6.25,C3_D-L-Malic_Acid,23
6.5,C3_D-L-Malic_Acid,22
6.75,C3_D-L-Malic_Acid,23
7.0,C3_D-L-Malic_Acid,28
7.25,C3_D-L-Malic_Acid,28
7.5,C3_D-L-Malic_Acid,28
7.75,C3_D-L-Malic_Acid,35
8.0,C3_D-L-Malic_Acid,34
8.25,C3_D-L-Malic_Acid,38
8.5,C3_D-L-Malic_Acid,46
8.75,C3_D-L-Malic_Acid,46
9.0,C3_D-L-Malic_Acid,48
9.25,C3_D-L-Malic_Acid,54
9.5,C3_D-L-Malic_Acid,58
9.75,C3_D-L-Malic_Acid,61
10.0,C3_D-L-Malic_Acid,70
10.25,C3_D-L-Malic_Acid,75
10.5,C3_D-L-Malic_Acid,81
10.75,C3_D-L-Malic_Acid,85
11.0,C3_D-L-Malic_Acid,91
11.25,C3_D-L-Malic_Acid,95
11.5,C3_D-L-Malic_Acid,100
11.75,C3_D-L-Malic_Acid,105
12.0,C3_D-L-Malic_Acid,106
12.25,C3_D-L-Malic_Acid,120
12.5,C3_D-L-Malic_Acid,120
12.75,C3_D-L-Malic_Acid,122
13.0,C3_D-L-Malic_Acid,123
13.25,C3_D-L-Malic_Acid,127
13.5,C3_D-L-Malic_Acid,132
13.75,C3_D-L-Malic_Acid,124
14.0,C3_D-L-Malic_Acid,131
14.25,C3_D-L-Malic_Acid,125
14.5,C3_D-L-Malic_Acid,127
14.75,C3_D-L-Malic_Acid,127
15.0,C3_D-L-Malic_Acid,129
15.25,C3_D-L-Malic_Acid,135
15.5,C3_D-L-Malic_Acid,136
15.75,C3_D-L-Malic_Acid,133
16.0,C3_D-L-Malic_Acid,138
16.25,C3_D-L-Malic_Acid,135
16.5,C3_D-L-Malic_Acid,136
16.75,C3_D-L-Malic_Acid,146
17.0,C3_D-L-Malic_Acid,140
17.25,C3_D-L-Malic_Acid,141
17.5,C3_D-L-Malic_Acid,139
17.75,C3_D-L-Malic_Acid,137
18.0,C3_D-L-Malic_Acid,145
18.25,C3_D-L-Malic_Acid,144
18.5,C3_D-L-Malic_Acid,139
18.75,C3_D-L-Malic_Acid,144
19.0,C3_D-L-Malic_Acid,146
19.25,C3_D-L-Malic_Acid,148
19.5,C3_D-L-Malic_Acid,148
19.75,C3_D-L-Malic_Acid,150
20.0,C3_D-L-Malic_Acid,148
20.25,C3_D-L-Malic_Acid,152
20.5,C3_D-L-Malic_Acid,150
20.75,C3_D-L-Malic_Acid,150
21.0,C3_D-L-Malic_Acid,152
21.25,C3_D-L-Malic_Acid,155
21.5,C3_D-L-Malic_Acid,155
21.75,C3_D-L-Malic_Acid,153
22.0,C3_D-L-Malic_Acid,161
22.25,C3_D-L-Malic_Acid,159
22.5,C3_D-L-Malic_Acid,154
22.75,C3_D-L-Malic_Acid,155
23.0,C3_D-L-Malic_Acid,157
23.25,C3_D-L-Malic_Acid,157
23.5,C3_D-L-Malic_Acid,161
23.75,C3_D-L-Malic_Acid,162
24.0,C3_D-L-Malic_Acid,160
24.25,C3_D-L-Malic_Acid,160
24.5,C3_D-L-Malic_Acid,162
24.75,C3_D-L-Malic_Acid,158
25.0,C3_D-L-Malic_Acid,164
25.25,C3_D-L-Malic_Acid,159
25.5,C3_D-L-Malic_Acid,159
25.75,C3_D-L-Malic_Acid,159
26.0,C3_D-L-Malic_Acid,159
26.25,C3_D-L-Malic_Acid,160
26.5,C3_D-L-Malic_Acid,159
26.75,C3_D-L-Malic_Acid,161
27.0,C3_D-L-Malic_Acid,157
27.25,C3_D-L-Malic_Acid,163
27.5,C3_D-L-Malic_Acid,159
27.75,C3_D-L-Malic_Acid,159
28.0,C3_D-L-Malic_Acid,159
28.25,C3_D-L-Malic_Acid,158
28.5,C3_D-L-Malic_Acid,163
28.75,C3_D-L-Malic_Acid,159
29.0,C3_D-L-Malic_Acid,163
29.25,C3_D-L-Malic_Acid,158
29.5,C3_D-L-Malic_Acid,162
29.75,C3_D-L-Malic_Acid,162
30.0,C3_D-L-Malic_Acid,165
30.25,C3_D-L-Malic_Acid,161
30.5,C3_D-L-Malic_Acid,163
30.75,C3_D-L-Malic_Acid,163
31.0,C3_D-L-Malic_Acid,165
31.25,C3_D-L-Malic_Acid,168
31.5,C3_D-L-Malic_Acid,166
31.75,C3_D-L-Malic_Acid,168
32.0,C3_D-L-Malic_Acid,164
32.25,C3_D-L-Malic_Acid,162
32.5,C3_D-L-Malic_Acid,166
32.75,C3_D-L-Malic_Acid,164
33.0,C3_D-L-Malic_Acid,160
33.25,C3_D-L-Malic_Acid,166
33.5,C3_D-L-Malic_Acid,164
33.75,C3_D-L-Malic_Acid,170
34.0,C3_D-L-Malic_Acid,169
34.25,C3_D-L-Malic_Acid,167
34.5,C3_D-L-Malic_Acid,169
34.75,C3_D-L-Malic_Acid,164
35.0,C3_D-L-Malic_Acid,167
35.25,C3_D-L-Malic_Acid,166
35.5,C3_D-L-Malic_Acid,161
35.75,C3_D-L-Malic_Acid,165
36.0,C3_D-L-Malic_Acid,167
36.25,C3_D-L-Malic_Acid,166
36.5,C3_D-L-Malic_Acid,167
36.75,C3_D-L-Malic_Acid,168
37.0,C3_D-L-Malic_Acid,167
37.25,C3_D-L-Malic_Acid,163
37.5,C3_D-L-Malic_Acid,163
37.75,C3_D-L-Malic_Acid,168
38.0,C3_D-L-Malic_Acid,164
38.25,C3_D-L-Malic_Acid,165
38.5,C3_D-L-Malic_Acid,168
38.75,C3_D-L-Malic_Acid,167
39.0,C3_D-L-Malic_Acid,166
39.25,C3_D-L-Malic_Acid,167
39.5,C3_D-L-Malic_Acid,162
39.75,C3_D-L-Malic_Acid,164
40.0,C3_D-L-Malic_Acid,163
40.25,C3_D-L-Malic_Acid,168
40.5,C3_D-L-Malic_Acid,159
40.75,C3_D-L-Malic_Acid,165
41.0,C3_D-L-Malic_Acid,165
41.25,C3_D-L-Malic_Acid,163
41.5,C3_D-L-Malic_Acid,163
41.75,C3_D-L-Malic_Acid,166
42.0,C3_D-L-Malic_Acid,166
42.25,C3_D-L-Malic_Acid,166
42.5,C3_D-L-Malic_Acid,163
42.75,C3_D-L-Malic_Acid,166
43.0,C3_D-L-Malic_Acid,164
43.25,C3_D-L-Malic_Acid,168
43.5,C3_D-L-Malic_Acid,163
43.75,C3_D-L-Malic_Acid,164
44.0,C3_D-L-Malic_Acid,164
44.25,C3_D-L-Malic_Acid,164
44.5,C3_D-L-Malic_Acid,163
44.75,C3_D-L-Malic_Acid,159
45.0,C3_D-L-Malic_Acid,163
45.25,C3_D-L-Malic_Acid,164
45.5,C3_D-L-Malic_Acid,164
45.75,C3_D-L-Malic_Acid,168
46.0,C3_D-L-Malic_Acid,161
46.25,C3_D-L-Malic_Acid,160
46.5,C3_D-L-Malic_Acid,160
46.75,C3_D-L-Malic_Acid,163
47.0,C3_D-L-Malic_Acid,166
47.25,C3_D-L-Malic_Acid,165
47.5,C3_D-L-Malic_Acid,0
0.0,C4_D-Ribose,58
0.25,C4_D-Ribose,67
0.5,C4_D-Ribose,69
0.75,C4_D-Ribose,74
1.0,C4_D-Ribose,76
1.25,C4_D-Ribose,74
1.5,C4_D-Ribose,77
1.75,C4_D-Ribose,76
2.0,C4_D-Ribose,80
2.25,C4_D-Ribose,78
2.5,C4_D-Ribose,84
2.75,C4_D-Ribose,78
3.0,C4_D-Ribose,84
3.25,C4_D-Ribose,81
3.5,C4_D-Ribose,81
3.75,C4_D-Ribose,83
4.0,C4_D-Ribose,82
4.25,C4_D-Ribose,81
4.5,C4_D-Ribose,84
4.75,C4_D-Ribose,86
5.0,C4_D-Ribose,83
5.25,C4_D-Ribose,84
5.5,C4_D-Ribose,87
5.75,C4_D-Ribose,86
6.0,C4_D-Ribose,88
6.25,C4_D-Ribose,89
6.5,C4_D-Ribose,90
6.75,C4_D-Ribose,93
7.0,C4_D-Ribose,89
7.25,C4_D-Ribose,94
7.5,C4_D-Ribose,94
7.75,C4_D-Ribose,91
8.0,C4_D-Ribose,94
8.25,C4_D-Ribose,92
8.5,C4_D-Ribose,93
8.75,C4_D-Ribose,92
9.0,C4_D-Ribose,96
9.25,C4_D-Ribose,96
9.5,C4_D-Ribose,94
9.75,C4_D-Ribose,98
10.0,C4_D-Ribose,92
10.25,C4_D-Ribose,91
10.5,C4_D-Ribose,97
10.75,C4_D-Ribose,101
11.0,C4_D-Ribose,97
11.25,C4_D-Ribose,99
11.5,C4_D-Ribose,99
11.75,C4_D-Ribose,102
12.0,C4_D-Ribose,101
12.25,C4_D-Ribose,101
12.5,C4_D-Ribose,101
12.75,C4_D-Ribose,104
13.0,C4_D-Ribose,103
13.25,C4_D-Ribose,107
13.5,C4_D-Ribose,105
13.75,C4_D-Ribose,108
14.0,C4_D-Ribose,102
14.25,C4_D-Ribose,106
14.5,C4_D-Ribose,112
14.75,C4_D-Ribose,107
15.0,C4_D-Ribose,112
15.25,C4_D-Ribose,115
15.5,C4_D-Ribose,119
15.75,C4_D-Ribose,121
16.0,C4_D-Ribose,117
16.25,C4_D-Ribose,124
16.5,C4_D-Ribose,123
16.75,C4_D-Ribose,129
17.0,C4_D-Ribose,132
17.25,C4_D-Ribose,137
17.5,C4_D-Ribose,139
17.75,C4_D-Ribose,142
18.0,C4_D-Ribose,144
18.25,C4_D-Ribose,147
18.5,C4_D-Ribose,151
18.75,C4_D-Ribose,156
19.0,C4_D-Ribose,161
19.25,C4_D-Ribose,163
19.5,C4_D-Ribose,167
19.75,C4_D-Ribose,172
20.0,C4_D-Ribose,174
20.25,C4_D-Ribose,182
20.5,C4_D-Ribose,188
20.75,C4_D-Ribose,192
21.0,C4_D-Ribose,195
21.25,C4_D-Ribose,198
21.5,C4_D-Ribose,196
21.75,C4_D-Ribose,203
22.0,C4_D-Ribose,211
22.25,C4_D-Ribose,215
22.5,C4_D-Ribose,217
22.75,C4_D-Ribose,221
23.0,C4_D-Ribose,220
23.25,C4_D-Ribose,224
23.5,C4_D-Ribose,234
23.75,C4_D-Ribose,235
24.0,C4_D-Ribose,231
24.25,C4_D-Ribose,240
24.5,C4_D-Ribose,237
24.75,C4_D-Ribose,242
25.0,C4_D-Ribose,240
25.25,C4_D-Ribose,244
25.5,C4_D-Ribose,243
25.75,C4_D-Ribose,249
26.0,C4_D-Ribose,246
26.25,C4_D-Ribose,250
26.5,C4_D-Ribose,253
26.75,C4_D-Ribose,256
27.0,C4_D-Ribose,253
27.25,C4_D-Ribose,258
27.5,C4_D-Ribose,255
27.75,C4_D-Ribose,256
28.0,C4_D-Ribose,257
28.25,C4_D-Ribose,261
28.5,C4_D-Ribose,261
28.75,C4_D-Ribose,261
29.0,C4_D-Ribose,264
29.25,C4_D-Ribose,262
29.5,C4_D-Ribose,265
29.75,C4_D-Ribose,266
30.0,C4_D-Ribose,263
30.25,C4_D-Ribose,267
30.5,C4_D-Ribose,266
30.75,C4_D-Ribose,270
31.0,C4_D-Ribose,268
31.25,C4_D-Ribose,272
31.5,C4_D-Ribose,273
31.75,C4_D-Ribose,272
32.0,C4_D-Ribose,271
32.25,C4_D-Ribose,271
32.5,C4_D-Ribose,273
32.75,C4_D-Ribose,268
33.0,C4_D-Ribose,272
33.25,C4_D-Ribose,273
33.5,C4_D-Ribose,272
33.75,C4_D-Ribose,275
34.0,C4_D-Ribose,280
34.25,C4_D-Ribose,275
34.5,C4_D-Ribose,276
34.75,C4_D-Ribose,278
35.0,C4_D-Ribose,277
35.25,C4_D-Ribose,273
35.5,C4_D-Ribose,280
35.75,C4_D-Ribose,277
36.0,C4_D-Ribose,277
36.25,C4_D-Ribose,280
36.5,C4_D-Ribose,286
36.75,C4_D-Ribose,284
37.0,C4_D-Ribose,282
37.25,C4_D-Ribose,283
37.5,C4_D-Ribose,285
37.75,C4_D-Ribose,289
38.0,C4_D-Ribose,285
38.25,C4_D-Ribose,284
38.5,C4_D-Ribose,285
38.75,C4_D-Ribose,283
39.0,C4_D-Ribose,283
39.25,C4_D-Ribose,282
39.5,C4_D-Ribose,286
39.75,C4_D-Ribose,280
40.0,C4_D-Ribose,285
40.25,C4_D-Ribose,283
40.5,C4_D-Ribose,281
40.75,C4_D-Ribose,281
41.0,C4_D-Ribose,284
41.25,C4_D-Ribose,285
41.5,C4_D-Ribose,286
41.75,C4_D-Ribose,285
42.0,C4_D-Ribose,286
42.25,C4_D-Ribose,286
42.5,C4_D-Ribose,287
42.75,C4_D-Ribose,290
43.0,C4_D-Ribose,290
43.25,C4_D-Ribose,291
43.5,C4_D-Ribose,290
43.75,C4_D-Ribose,295
44.0,C4_D-Ribose,292
44.25,C4_D-Ribose,291
44.5,C4_D-Ribose,291
44.75,C4_D-Ribose,290
45.0,C4_D-Ribose,292
45.25,C4_D-Ribose,292
45.5,C4_D-Ribose,292
45.75,C4_D-Ribose,293
46.0,C4_D-Ribose,295
46.25,C4_D-Ribose,292
46.5,C4_D-Ribose,294
46.75,C4_D-Ribose,296
47.0,C4_D-Ribose,293
47.25,C4_D-Ribose,293
47.5,C4_D-Ribose,0
0.0,C5_Tween_20,11
0.25,C5_Tween_20,11
0.5,C5_Tween_20,11
0.75,C5_Tween_20,11
1.0,C5_Tween_20,11
1.25,C5_Tween_20,11
1.5,C5_Tween_20,11
1.75,C5_Tween_20,11
2.0,C5_Tween_20,11
2.25,C5_Tween_20,11
2.5,C5_Tween_20,11
2.75,C5_Tween_20,11
3.0,C5_Tween_20,12
3.25,C5_Tween_20,11
3.5,C5_Tween_20,11
3.75,C5_Tween_20,12
4.0,C5_Tween_20,11
4.25,C5_Tween_20,11
4.5,C5_Tween_20,11
4.75,C5_Tween_20,11
5.0,C5_Tween_20,11
5.25,C5_Tween_20,11
5.5,C5_Tween_20,12
5.75,C5_Tween_20,11
6.0,C5_Tween_20,11
6.25,C5_Tween_20,11
6.5,C5_Tween_20,11
6.75,C5_Tween_20,16
7.0,C5_Tween_20,13
7.25,C5_Tween_20,15
7.5,C5_Tween_20,15
7.75,C5_Tween_20,16
8.0,C5_Tween_20,18
8.25,C5_Tween_20,17
8.5,C5_Tween_20,23
8.75,C5_Tween_20,16
9.0,C5_Tween_20,21
9.25,C5_Tween_20,22
9.5,C5_Tween_20,21
9.75,C5_Tween_20,29
10.0,C5_Tween_20,28
10.25,C5_Tween_20,31
10.5,C5_Tween_20,29
10.75,C5_Tween_20,38
11.0,C5_Tween_20,36
11.25,C5_Tween_20,40
11.5,C5_Tween_20,41
11.75,C5_Tween_20,41
12.0,C5_Tween_20,43
12.25,C5_Tween_20,46
12.5,C5_Tween_20,49
12.75,C5_Tween_20,56
13.0,C5_Tween_20,52
13.25,C5_Tween_20,55
13.5,C5_Tween_20,61
13.75,C5_Tween_20,59
14.0,C5_Tween_20,64
14.25,C5_Tween_20,69
14.5,C5_Tween_20,71
14.75,C5_Tween_20,78
15.0,C5_Tween_20,80
15.25,C5_Tween_20,80
15.5,C5_Tween_20,79
15.75,C5_Tween_20,85
16.0,C5_Tween_20,88
16.25,C5_Tween_20,88
16.5,C5_Tween_20,90
16.75,C5_Tween_20,96
17.0,C5_Tween_20,98
17.25,C5_Tween_20,98
17.5,C5_Tween_20,104
17.75,C5_Tween_20,105
18.0,C5_Tween_20,107
18.25,C5_Tween_20,110
18.5,C5_Tween_20,114
18.75,C5_Tween_20,112
19.0,C5_Tween_20,111
19.25,C5_Tween_20,115
19.5,C5_Tween_20,116
19.75,C5_Tween_20,118
20.0,C5_Tween_20,123
20.25,C5_Tween_20,124
20.5,C5_Tween_20,124
20.75,C5_Tween_20,126
21.0,C5_Tween_20,129
21.25,C5_Tween_20,128
21.5,C5_Tween_20,128
21.75,C5_Tween_20,133
22.0,C5_Tween_20,134
22.25,C5_Tween_20,132
22.5,C5_Tween_20,135
22.75,C5_Tween_20,139
23.0,C5_Tween_20,134
23.25,C5_Tween_20,133
23.5,C5_Tween_20,139
23.75,C5_Tween_20,141
24.0,C5_Tween_20,139
24.25,C5_Tween_20,140
24.5,C5_Tween_20,143
24.75,C5_Tween_20,141
25.0,C5_Tween_20,142
25.25,C5_Tween_20,143
25.5,C5_Tween_20,143
25.75,C5_Tween_20,141
26.0,C5_Tween_20,138
26.25,C5_Tween_20,145
26.5,C5_Tween_20,142
26.75,C5_Tween_20,145
27.0,C5_Tween_20,146
27.25,C5_Tween_20,148
27.5,C5_Tween_20,144
27.75,C5_Tween_20,142
28.0,C5_Tween_20,142
28.25,C5_Tween_20,145
28.5,C5_Tween_20,141
28.75,C5_Tween_20,138
29.0,C5_Tween_20,147
29.25,C5_Tween_20,144
29.5,C5_Tween_20,145
29.75,C5_Tween_20,141
30.0,C5_Tween_20,139
30.25,C5_Tween_20,143
30.5,C5_Tween_20,144
30.75,C5_Tween_20,143
31.0,C5_Tween_20,143
31.25,C5_Tween_20,144
31.5,C5_Tween_20,141
31.75,C5_Tween_20,143
32.0,C5_Tween_20,145
32.25,C5_Tween_20,142
32.5,C5_Tween_20,146
32.75,C5_Tween_20,142
33.0,C5_Tween_20,142
33.25,C5_Tween_20,144
33.5,C5_Tween_20,141
33.75,C5_Tween_20,142
34.0,C5_Tween_20,143
34.25,C5_Tween_20,142
34.5,C5_Tween_20,145
34.75,C5_Tween_20,144
35.0,C5_Tween_20,142
35.25,C5_Tween_20,141
35.5,C5_Tween_20,142
35.75,C5_Tween_20,147
36.0,C5_Tween_20,142
36.25,C5_Tween_20,143
36.5,C5_Tween_20,142
36.75,C5_Tween_20,141
37.0,C5_Tween_20,140
37.25,C5_Tween_20,139
37.5,C5_Tween_20,139
37.75,C5_Tween_20,141
38.0,C5_Tween_20,138
38.25,C5_Tween_20,143
38.5,C5_Tween_20,143
38.75,C5_Tween_20,143
39.0,C5_Tween_20,141
39.25,C5_Tween_20,139
39.5,C5_Tween_20,139
39.75,C5_Tween_20,140
40.0,C5_Tween_20,141
40.25,C5_Tween_20,139
40.5,C5_Tween_20,144
40.75,C5_Tween_20,140
41.0,C5_Tween_20,136
41.25,C5_Tween_20,140
41.5,C5_Tween_20,138
41.75,C5_Tween_20,141
42.0,C5_Tween_20,143
42.25,C5_Tween_20,139
42.5,C5_Tween_20,142
42.75,C5_Tween_20,141
43.0,C5_Tween_20,139
43.25,C5_Tween_20,141
43.5,C5_Tween_20,139
43.75,C5_Tween_20,138
44.0,C5_Tween_20,139
44.25,C5_Tween_20,136
44.5,C5_Tween_20,138
44.75,C5_Tween_20,134
45.0,C5_Tween_20,137
45.25,C5_Tween_20,135
45.5,C5_Tween_20,139
45.75,C5_Tween_20,137
46.0,C5_Tween_20,136
46.25,C5_Tween_20,139
46.5,C5_Tween_20,138
46.75,C5_Tween_20,134
47.0,C5_Tween_20,138
47.25,C5_Tween_20,136
47.5,C5_Tween_20,0
0.0,C6_L-Rhamnose,14
0.25,C6_L-Rhamnose,11
0.5,C6_L-Rhamnose,16
0.75,C6_L-Rhamnose,16
1.0,C6_L-Rhamnose,13
1.25,C6_L-Rhamnose,11
1.5,C6_L-Rhamnose,15
1.75,C6_L-Rhamnose,14
2.0,C6_L-Rhamnose,14
2.25,C6_L-Rhamnose,13
2.5,C6_L-Rhamnose,11
2.75,C6_L-Rhamnose,11
3.0,C6_L-Rhamnose,11
3.25,C6_L-Rhamnose,18
3.5,C6_L-Rhamnose,13
3.75,C6_L-Rhamnose,13
4.0,C6_L-Rhamnose,12
4.25,C6_L-Rhamnose,17
4.5,C6_L-Rhamnose,17
4.75,C6_L-Rhamnose,19
5.0,C6_L-Rhamnose,18
5.25,C6_L-Rhamnose,20
5.5,C6_L-Rhamnose,21
5.75,C6_L-Rhamnose,23
6.0,C6_L-Rhamnose,25
6.25,C6_L-Rhamnose,25
6.5,C6_L-Rhamnose,28
6.75,C6_L-Rhamnose,26
7.0,C6_L-Rhamnose,30
7.25,C6_L-Rhamnose,36
7.5,C6_L-Rhamnose,39
7.75,C6_L-Rhamnose,44
8.0,C6_L-Rhamnose,46
8.25,C6_L-Rhamnose,47
8.5,C6_L-Rhamnose,46
8.75,C6_L-Rhamnose,49
9.0,C6_L-Rhamnose,55
9.25,C6_L-Rhamnose,58
9.5,C6_L-Rhamnose,63
9.75,C6_L-Rhamnose,67
10.0,C6_L-Rhamnose,73
10.25,C6_L-Rhamnose,78
10.5,C6_L-Rhamnose,83
10.75,C6_L-Rhamnose,84
11.0,C6_L-Rhamnose,88
11.25,C6_L-Rhamnose,96
11.5,C6_L-Rhamnose,100
11.75,C6_L-Rhamnose,99
12.0,C6_L-Rhamnose,102
12.25,C6_L-Rhamnose,114
12.5,C6_L-Rhamnose,119
12.75,C6_L-Rhamnose,122
13.0,C6_L-Rhamnose,121
13.25,C6_L-Rhamnose,129
13.5,C6_L-Rhamnose,139
13.75,C6_L-Rhamnose,141
14.0,C6_L-Rhamnose,148
14.25,C6_L-Rhamnose,150
14.5,C6_L-Rhamnose,155
14.75,C6_L-Rhamnose,160
15.0,C6_L-Rhamnose,169
15.25,C6_L-Rhamnose,172
15.5,C6_L-Rhamnose,178
15.75,C6_L-Rhamnose,186
16.0,C6_L-Rhamnose,187
16.25,C6_L-Rhamnose,196
16.5,C6_L-Rhamnose,195
16.75,C6_L-Rhamnose,204
17.0,C6_L-Rhamnose,207
17.25,C6_L-Rhamnose,211
17.5,C6_L-Rhamnose,215
17.75,C6_L-Rhamnose,215
18.0,C6_L-Rhamnose,222
18.25,C6_L-Rhamnose,226
18.5,C6_L-Rhamnose,228
18.75,C6_L-Rhamnose,227
19.0,C6_L-Rhamnose,232
19.25,C6_L-Rhamnose,235
19.5,C6_L-Rhamnose,241
19.75,C6_L-Rhamnose,242
20.0,C6_L-Rhamnose,248
20.25,C6_L-Rhamnose,245
20.5,C6_L-Rhamnose,250
20.75,C6_L-Rhamnose,251
21.0,C6_L-Rhamnose,254
21.25,C6_L-Rhamnose,252
21.5,C6_L-Rhamnose,255
21.75,C6_L-Rhamnose,257
22.0,C6_L-Rhamnose,260
22.25,C6_L-Rhamnose,264
22.5,C6_L-Rhamnose,264
22.75,C6_L-Rhamnose,265
23.0,C6_L-Rhamnose,260
23.25,C6_L-Rhamnose,263
23.5,C6_L-Rhamnose,272
23.75,C6_L-Rhamnose,272
24.0,C6_L-Rhamnose,268
24.25,C6_L-Rhamnose,270
24.5,C6_L-Rhamnose,272
24.75,C6_L-Rhamnose,270
25.0,C6_L-Rhamnose,273
25.25,C6_L-Rhamnose,272
25.5,C6_L-Rhamnose,274
25.75,C6_L-Rhamnose,275
26.0,C6_L-Rhamnose,274
26.25,C6_L-Rhamnose,278
26.5,C6_L-Rhamnose,274
26.75,C6_L-Rhamnose,280
27.0,C6_L-Rhamnose,274
27.25,C6_L-Rhamnose,277
27.5,C6_L-Rhamnose,283
27.75,C6_L-Rhamnose,282
28.0,C6_L-Rhamnose,281
28.25,C6_L-Rhamnose,280
28.5,C6_L-Rhamnose,280
28.75,C6_L-Rhamnose,278
29.0,C6_L-Rhamnose,281
29.25,C6_L-Rhamnose,279
29.5,C6_L-Rhamnose,283
29.75,C6_L-Rhamnose,280
30.0,C6_L-Rhamnose,279
30.25,C6_L-Rhamnose,284
30.5,C6_L-Rhamnose,286
30.75,C6_L-Rhamnose,283
31.0,C6_L-Rhamnose,286
31.25,C6_L-Rhamnose,285
31.5,C6_L-Rhamnose,285
31.75,C6_L-Rhamnose,283
32.0,C6_L-Rhamnose,285
32.25,C6_L-Rhamnose,282
32.5,C6_L-Rhamnose,285
32.75,C6_L-Rhamnose,285
33.0,C6_L-Rhamnose,287
33.25,C6_L-Rhamnose,286
33.5,C6_L-Rhamnose,287
33.75,C6_L-Rhamnose,284
34.0,C6_L-Rhamnose,287
34.25,C6_L-Rhamnose,287
34.5,C6_L-Rhamnose,288
34.75,C6_L-Rhamnose,284
35.0,C6_L-Rhamnose,289
35.25,C6_L-Rhamnose,286
35.5,C6_L-Rhamnose,287
35.75,C6_L-Rhamnose,286
36.0,C6_L-Rhamnose,287
36.25,C6_L-Rhamnose,288
36.5,C6_L-Rhamnose,290
36.75,C6_L-Rhamnose,289
37.0,C6_L-Rhamnose,292
37.25,C6_L-Rhamnose,289
37.5,C6_L-Rhamnose,292
37.75,C6_L-Rhamnose,290
38.0,C6_L-Rhamnose,293
38.25,C6_L-Rhamnose,292
38.5,C6_L-Rhamnose,292
38.75,C6_L-Rhamnose,291
39.0,C6_L-Rhamnose,291
39.25,C6_L-Rhamnose,290
39.5,C6_L-Rhamnose,294
39.75,C6_L-Rhamnose,289
40.0,C6_L-Rhamnose,291
40.25,C6_L-Rhamnose,292
40.5,C6_L-Rhamnose,291
40.75,C6_L-Rhamnose,292
41.0,C6_L-Rhamnose,290
41.25,C6_L-Rhamnose,290
41.5,C6_L-Rhamnose,291
41.75,C6_L-Rhamnose,292
42.0,C6_L-Rhamnose,294
42.25,C6_L-Rhamnose,293
42.5,C6_L-Rhamnose,291
42.75,C6_L-Rhamnose,295
43.0,C6_L-Rhamnose,294
43.25,C6_L-Rhamnose,291
43.5,C6_L-Rhamnose,294
43.75,C6_L-Rhamnose,293
44.0,C6_L-Rhamnose,293
44.25,C6_L-Rhamnose,293
44.5,C6_L-Rhamnose,295
44.75,C6_L-Rhamnose,295
45.0,C6_L-Rhamnose,294
45.25,C6_L-Rhamnose,297
45.5,C6_L-Rhamnose,291
45.75,C6_L-Rhamnose,295
46.0,C6_L-Rhamnose,293
46.25,C6_L-Rhamnose,295
46.5,C6_L-Rhamnose,294
46.75,C6_L-Rhamnose,296
47.0,C6_L-Rhamnose,294
47.25,C6_L-Rhamnose,298
47.5,C6_L-Rhamnose,0
0.0,C7_D-Fructose,11
0.25,C7_D-Fructose,11
0.5,C7_D-Fructose,11
0.75,C7_D-Fructose,13
1.0,C7_D-Fructose,11
1.25,C7_D-Fructose,11
1.5,C7_D-Fructose,13
1.75,C7_D-Fructose,11
2.0,C7_D-Fructose,11
2.25,C7_D-Fructose,11
2.5,C7_D-Fructose,11
2.75,C7_D-Fructose,11
3.0,C7_D-Fructose,13
3.25,C7_D-Fructose,11
3.5,C7_D-Fructose,11
3.75,C7_D-Fructose,13
4.0,C7_D-Fructose,11
4.25,C7_D-Fructose,11
4.5,C7_D-Fructose,17
4.75,C7_D-Fructose,13
5.0,C7_D-Fructose,12
5.25,C7_D-Fructose,14
5.5,C7_D-Fructose,13
5.75,C7_D-Fructose,15
6.0,C7_D-Fructose,19
6.25,C7_D-Fructose,17
6.5,C7_D-Fructose,15
6.75,C7_D-Fructose,18
7.0,C7_D-Fructose,20
7.25,C7_D-Fructose,26
7.5,C7_D-Fructose,24
7.75,C7_D-Fructose,26
8.0,C7_D-Fructose,24
8.25,C7_D-Fructose,28
8.5,C7_D-Fructose,32
8.75,C7_D-Fructose,30
9.0,C7_D-Fructose,36
9.25,C7_D-Fructose,35
9.5,C7_D-Fructose,34
9.75,C7_D-Fructose,37
10.0,C7_D-Fructose,32
10.25,C7_D-Fructose,36
10.5,C7_D-Fructose,41
10.75,C7_D-Fructose,40
11.0,C7_D-Fructose,44
11.25,C7_D-Fructose,45
11.5,C7_D-Fructose,47
11.75,C7_D-Fructose,49
12.0,C7_D-Fructose,52
12.25,C7_D-Fructose,55
12.5,C7_D-Fructose,58
12.75,C7_D-Fructose,62
13.0,C7_D-Fructose,64
13.25,C7_D-Fructose,69
13.5,C7_D-Fructose,73
13.75,C7_D-Fructose,76
14.0,C7_D-Fructose,77
14.25,C7_D-Fructose,82
14.5,C7_D-Fructose,86
14.75,C7_D-Fructose,89
15.0,C7_D-Fructose,94
15.25,C7_D-Fructose,98
15.5,C7_D-Fructose,107
15.75,C7_D-Fructose,113
16.0,C7_D-Fructose,112
16.25,C7_D-Fructose,118
16.5,C7_D-Fructose,122
16.75,C7_D-Fructose,133
17.0,C7_D-Fructose,132
17.25,C7_D-Fructose,145
17.5,C7_D-Fructose,144
17.75,C7_D-Fructose,148
18.0,C7_D-Fructose,155
18.25,C7_D-Fructose,158
18.5,C7_D-Fructose,161
18.75,C7_D-Fructose,168
19.0,C7_D-Fructose,177
19.25,C7_D-Fructose,180
19.5,C7_D-Fructose,182
19.75,C7_D-Fructose,185
20.0,C7_D-Fructose,194
20.25,C7_D-Fructose,196
20.5,C7_D-Fructose,198
20.75,C7_D-Fructose,204
21.0,C7_D-Fructose,208
21.25,C7_D-Fructose,214
21.5,C7_D-Fructose,220
21.75,C7_D-Fructose,219
22.0,C7_D-Fructose,221
22.25,C7_D-Fructose,228
22.5,C7_D-Fructose,225
22.75,C7_D-Fructose,229
23.0,C7_D-Fructose,231
23.25,C7_D-Fructose,237
23.5,C7_D-Fructose,241
23.75,C7_D-Fructose,240
24.0,C7_D-Fructose,242
24.25,C7_D-Fructose,243
24.5,C7_D-Fructose,244
24.75,C7_D-Fructose,248
25.0,C7_D-Fructose,247
25.25,C7_D-Fructose,249
25.5,C7_D-Fructose,251
25.75,C7_D-Fructose,252
26.0,C7_D-Fructose,255
26.25,C7_D-Fructose,256
26.5,C7_D-Fructose,255
26.75,C7_D-Fructose,257
27.0,C7_D-Fructose,257
27.25,C7_D-Fructose,256
27.5,C7_D-Fructose,257
27.75,C7_D-Fructose,257
28.0,C7_D-Fructose,260
28.25,C7_D-Fructose,260
28.5,C7_D-Fructose,258
28.75,C7_D-Fructose,263
29.0,C7_D-Fructose,261
29.25,C7_D-Fructose,263
29.5,C7_D-Fructose,262
29.75,C7_D-Fructose,263
30.0,C7_D-Fructose,264
30.25,C7_D-Fructose,263
30.5,C7_D-Fructose,267
30.75,C7_D-Fructose,266
31.0,C7_D-Fructose,266
31.25,C7_D-Fructose,267
31.5,C7_D-Fructose,267
31.75,C7_D-Fructose,269
32.0,C7_D-Fructose,266
32.25,C7_D-Fructose,268
32.5,C7_D-Fructose,268
32.75,C7_D-Fructose,268
33.0,C7_D-Fructose,268
33.25,C7_D-Fructose,268
33.5,C7_D-Fructose,268
33.75,C7_D-Fructose,270
34.0,C7_D-Fructose,270
34.25,C7_D-Fructose,267
34.5,C7_D-Fructose,269
34.75,C7_D-Fructose,271
35.0,C7_D-Fructose,272
35.25,C7_D-Fructose,271
35.5,C7_D-Fructose,271
35.75,C7_D-Fructose,270
36.0,C7_D-Fructose,270
36.25,C7_D-Fructose,272
36.5,C7_D-Fructose,272
36.75,C7_D-Fructose,272
37.0,C7_D-Fructose,272
37.25,C7_D-Fructose,272
37.5,C7_D-Fructose,274
37.75,C7_D-Fructose,273
38.0,C7_D-Fructose,271
38.25,C7_D-Fructose,272
38.5,C7_D-Fructose,273
38.75,C7_D-Fructose,273
39.0,C7_D-Fructose,274
39.25,C7_D-Fructose,274
39.5,C7_D-Fructose,271
39.75,C7_D-Fructose,274
40.0,C7_D-Fructose,278
40.25,C7_D-Fructose,274
40.5,C7_D-Fructose,273
40.75,C7_D-Fructose,275
41.0,C7_D-Fructose,270
41.25,C7_D-Fructose,274
41.5,C7_D-Fructose,273
41.75,C7_D-Fructose,270
42.0,C7_D-Fructose,276
42.25,C7_D-Fructose,275
42.5,C7_D-Fructose,274
42.75,C7_D-Fructose,273
43.0,C7_D-Fructose,276
43.25,C7_D-Fructose,275
43.5,C7_D-Fructose,275
43.75,C7_D-Fructose,274
44.0,C7_D-Fructose,274
44.25,C7_D-Fructose,276
44.5,C7_D-Fructose,276
44.75,C7_D-Fructose,274
45.0,C7_D-Fructose,273
45.25,C7_D-Fructose,279
45.5,C7_D-Fructose,276
45.75,C7_D-Fructose,276
46.0,C7_D-Fructose,278
46.25,C7_D-Fructose,276
46.5,C7_D-Fructose,277
46.75,C7_D-Fructose,278
47.0,C7_D-Fructose,278
47.25,C7_D-Fructose,281
47.5,C7_D-Fructose,0
0.0,C8_Acetic_Acid,11
0.25,C8_Acetic_Acid,11
0.5,C8_Acetic_Acid,14
0.75,C8_Acetic_Acid,11
1.0,C8_Acetic_Acid,16
1.25,C8_Acetic_Acid,14
1.5,C8_Acetic_Acid,15
1.75,C8_Acetic_Acid,14
2.0,C8_Acetic_Acid,14
2.25,C8_Acetic_Acid,14
2.5,C8_Acetic_Acid,16
2.75,C8_Acetic_Acid,16
3.0,C8_Acetic_Acid,16
3.25,C8_Acetic_Acid,20
3.5,C8_Acetic_Acid,19
3.75,C8_Acetic_Acid,15
4.0,C8_Acetic_Acid,18
4.25,C8_Acetic_Acid,20
4.5,C8_Acetic_Acid,20
4.75,C8_Acetic_Acid,18
5.0,C8_Acetic_Acid,19
5.25,C8_Acetic_Acid,23
5.5,C8_Acetic_Acid,20
5.75,C8_Acetic_Acid,24
6.0,C8_Acetic_Acid,25
6.25,C8_Acetic_Acid,26
6.5,C8_Acetic_Acid,25
6.75,C8_Acetic_Acid,24
7.0,C8_Acetic_Acid,26
7.25,C8_Acetic_Acid,31
7.5,C8_Acetic_Acid,31
7.75,C8_Acetic_Acid,34
8.0,C8_Acetic_Acid,32
8.25,C8_Acetic_Acid,33
8.5,C8_Acetic_Acid,34
8.75,C8_Acetic_Acid,35
9.0,C8_Acetic_Acid,40
9.25,C8_Acetic_Acid,44
9.5,C8_Acetic_Acid,45
9.75,C8_Acetic_Acid,43
10.0,C8_Acetic_Acid,44
10.25,C8_Acetic_Acid,50
10.5,C8_Acetic_Acid,53
10.75,C8_Acetic_Acid,54
11.0,C8_Acetic_Acid,58
11.25,C8_Acetic_Acid,55
11.5,C8_Acetic_Acid,61
11.75,C8_Acetic_Acid,63
12.0,C8_Acetic_Acid,66
12.25,C8_Acetic_Acid,72
12.5,C8_Acetic_Acid,76
12.75,C8_Acetic_Acid,76
13.0,C8_Acetic_Acid,79
13.25,C8_Acetic_Acid,85
13.5,C8_Acetic_Acid,89
13.75,C8_Acetic_Acid,92
14.0,C8_Acetic_Acid,94
14.25,C8_Acetic_Acid,99
14.5,C8_Acetic_Acid,103
14.75,C8_Acetic_Acid,106
15.0,C8_Acetic_Acid,113
15.25,C8_Acetic_Acid,115
15.5,C8_Acetic_Acid,120
15.75,C8_Acetic_Acid,127
16.0,C8_Acetic_Acid,129
16.25,C8_Acetic_Acid,134
16.5,C8_Acetic_Acid,137
16.75,C8_Acetic_Acid,142
17.0,C8_Acetic_Acid,148
17.25,C8_Acetic_Acid,154
17.5,C8_Acetic_Acid,155
17.75,C8_Acetic_Acid,162
18.0,C8_Acetic_Acid,169
18.25,C8_Acetic_Acid,175
18.5,C8_Acetic_Acid,174
18.75,C8_Acetic_Acid,182
19.0,C8_Acetic_Acid,186
19.25,C8_Acetic_Acid,190
19.5,C8_Acetic_Acid,192
19.75,C8_Acetic_Acid,197
20.0,C8_Acetic_Acid,206
20.25,C8_Acetic_Acid,205
20.5,C8_Acetic_Acid,213
20.75,C8_Acetic_Acid,215
21.0,C8_Acetic_Acid,217
21.25,C8_Acetic_Acid,221
21.5,C8_Acetic_Acid,225
21.75,C8_Acetic_Acid,227
22.0,C8_Acetic_Acid,230
22.25,C8_Acetic_Acid,230
22.5,C8_Acetic_Acid,234
22.75,C8_Acetic_Acid,237
23.0,C8_Acetic_Acid,239
23.25,C8_Acetic_Acid,240
23.5,C8_Acetic_Acid,246
23.75,C8_Acetic_Acid,245
24.0,C8_Acetic_Acid,247
24.25,C8_Acetic_Acid,252
24.5,C8_Acetic_Acid,251
24.75,C8_Acetic_Acid,250
25.0,C8_Acetic_Acid,248
25.25,C8_Acetic_Acid,246
25.5,C8_Acetic_Acid,247
25.75,C8_Acetic_Acid,243
26.0,C8_Acetic_Acid,241
26.25,C8_Acetic_Acid,245
26.5,C8_Acetic_Acid,242
26.75,C8_Acetic_Acid,244
27.0,C8_Acetic_Acid,243
27.25,C8_Acetic_Acid,242
27.5,C8_Acetic_Acid,243
27.75,C8_Acetic_Acid,241
28.0,C8_Acetic_Acid,246
28.25,C8_Acetic_Acid,241
28.5,C8_Acetic_Acid,240
28.75,C8_Acetic_Acid,240
29.0,C8_Acetic_Acid,242
29.25,C8_Acetic_Acid,237
29.5,C8_Acetic_Acid,239
29.75,C8_Acetic_Acid,242
30.0,C8_Acetic_Acid,241
30.25,C8_Acetic_Acid,240
30.5,C8_Acetic_Acid,242
30.75,C8_Acetic_Acid,241
31.0,C8_Acetic_Acid,240
31.25,C8_Acetic_Acid,240
31.5,C8_Acetic_Acid,239
31.75,C8_Acetic_Acid,238
32.0,C8_Acetic_Acid,242
32.25,C8_Acetic_Acid,242
32.5,C8_Acetic_Acid,241
32.75,C8_Acetic_Acid,241
33.0,C8_Acetic_Acid,242
33.25,C8_Acetic_Acid,241
33.5,C8_Acetic_Acid,242
33.75,C8_Acetic_Acid,240
34.0,C8_Acetic_Acid,237
34.25,C8_Acetic_Acid,239
34.5,C8_Acetic_Acid,240
34.75,C8_Acetic_Acid,240
35.0,C8_Acetic_Acid,242
35.25,C8_Acetic_Acid,238
35.5,C8_Acetic_Acid,236
35.75,C8_Acetic_Acid,240
36.0,C8_Acetic_Acid,244
36.25,C8_Acetic_Acid,239
36.5,C8_Acetic_Acid,242
36.75,C8_Acetic_Acid,238
37.0,C8_Acetic_Acid,241
37.25,C8_Acetic_Acid,239
37.5,C8_Acetic_Acid,238
37.75,C8_Acetic_Acid,241
38.0,C8_Acetic_Acid,238
38.25,C8_Acetic_Acid,240
38.5,C8_Acetic_Acid,237
38.75,C8_Acetic_Acid,237
39.0,C8_Acetic_Acid,239
39.25,C8_Acetic_Acid,236
39.5,C8_Acetic_Acid,240
39.75,C8_Acetic_Acid,234
40.0,C8_Acetic_Acid,237
40.25,C8_Acetic_Acid,236
40.5,C8_Acetic_Acid,236
40.75,C8_Acetic_Acid,238
41.0,C8_Acetic_Acid,235
41.25,C8_Acetic_Acid,236
41.5,C8_Acetic_Acid,239
41.75,C8_Acetic_Acid,235
42.0,C8_Acetic_Acid,236
42.25,C8_Acetic_Acid,235
42.5,C8_Acetic_Acid,236
42.75,C8_Acetic_Acid,235
43.0,C8_Acetic_Acid,237
43.25,C8_Acetic_Acid,233
43.5,C8_Acetic_Acid,234
43.75,C8_Acetic_Acid,231
44.0,C8_Acetic_Acid,231
44.25,C8_Acetic_Acid,235
44.5,C8_Acetic_Acid,234
44.75,C8_Acetic_Acid,233
45.0,C8_Acetic_Acid,235
45.25,C8_Acetic_Acid,232
45.5,C8_Acetic_Acid,235
45.75,C8_Acetic_Acid,236
46.0,C8_Acetic_Acid,236
46.25,C8_Acetic_Acid,234
46.5,C8_Acetic_Acid,233
46.75,C8_Acetic_Acid,233
47.0,C8_Acetic_Acid,236
47.25,C8_Acetic_Acid,232
47.5,C8_Acetic_Acid,0
0.0,C9_a-D-Glucose,11
0.25,C9_a-D-Glucose,11
0.5,C9_a-D-Glucose,11
0.75,C9_a-D-Glucose,11
1.0,C9_a-D-Glucose,11
1.25,C9_a-D-Glucose,11
1.5,C9_a-D-Glucose,11
1.75,C9_a-D-Glucose,11
2.0,C9_a-D-Glucose,13
2.25,C9_a-D-Glucose,13
2.5,C9_a-D-Glucose,11
2.75,C9_a-D-Glucose,11
3.0,C9_a-D-Glucose,11
3.25,C9_a-D-Glucose,11
3.5,C9_a-D-Glucose,11
3.75,C9_a-D-Glucose,11
4.0,C9_a-D-Glucose,11
4.25,C9_a-D-Glucose,14
4.5,C9_a-D-Glucose,13
4.75,C9_a-D-Glucose,15
5.0,C9_a-D-Glucose,15
5.25,C9_a-D-Glucose,20
5.5,C9_a-D-Glucose,13
5.75,C9_a-D-Glucose,16
6.0,C9_a-D-Glucose,16
6.25,C9_a-D-Glucose,19
6.5,C9_a-D-Glucose,26
6.75,C9_a-D-Glucose,22
7.0,C9_a-D-Glucose,24
7.25,C9_a-D-Glucose,27
7.5,C9_a-D-Glucose,30
7.75,C9_a-D-Glucose,37
8.0,C9_a-D-Glucose,39
8.25,C9_a-D-Glucose,43
8.5,C9_a-D-Glucose,38
8.75,C9_a-D-Glucose,47
9.0,C9_a-D-Glucose,51
9.25,C9_a-D-Glucose,53
9.5,C9_a-D-Glucose,60
9.75,C9_a-D-Glucose,63
10.0,C9_a-D-Glucose,67
10.25,C9_a-D-Glucose,72
10.5,C9_a-D-Glucose,80
10.75,C9_a-D-Glucose,88
11.0,C9_a-D-Glucose,92
11.25,C9_a-D-Glucose,101
11.5,C9_a-D-Glucose,109
11.75,C9_a-D-Glucose,111
12.0,C9_a-D-Glucose,117
12.25,C9_a-D-Glucose,127
12.5,C9_a-D-Glucose,127
12.75,C9_a-D-Glucose,137
13.0,C9_a-D-Glucose,140
13.25,C9_a-D-Glucose,145
13.5,C9_a-D-Glucose,158
13.75,C9_a-D-Glucose,160
14.0,C9_a-D-Glucose,165
14.25,C9_a-D-Glucose,170
14.5,C9_a-D-Glucose,179
14.75,C9_a-D-Glucose,184
15.0,C9_a-D-Glucose,188
15.25,C9_a-D-Glucose,192
15.5,C9_a-D-Glucose,201
15.75,C9_a-D-Glucose,204
16.0,C9_a-D-Glucose,209
16.25,C9_a-D-Glucose,216
16.5,C9_a-D-Glucose,215
16.75,C9_a-D-Glucose,219
17.0,C9_a-D-Glucose,222
17.25,C9_a-D-Glucose,231
17.5,C9_a-D-Glucose,234
17.75,C9_a-D-Glucose,235
18.0,C9_a-D-Glucose,239
18.25,C9_a-D-Glucose,241
18.5,C9_a-D-Glucose,240
18.75,C9_a-D-Glucose,243
19.0,C9_a-D-Glucose,245
19.25,C9_a-D-Glucose,251
19.5,C9_a-D-Glucose,252
19.75,C9_a-D-Glucose,253
20.0,C9_a-D-Glucose,257
20.25,C9_a-D-Glucose,258
20.5,C9_a-D-Glucose,262
20.75,C9_a-D-Glucose,263
21.0,C9_a-D-Glucose,263
21.25,C9_a-D-Glucose,265
21.5,C9_a-D-Glucose,267
21.75,C9_a-D-Glucose,268
22.0,C9_a-D-Glucose,269
22.25,C9_a-D-Glucose,272
22.5,C9_a-D-Glucose,273
22.75,C9_a-D-Glucose,274
23.0,C9_a-D-Glucose,275
23.25,C9_a-D-Glucose,276
23.5,C9_a-D-Glucose,277
23.75,C9_a-D-Glucose,279
24.0,C9_a-D-Glucose,281
24.25,C9_a-D-Glucose,281
24.5,C9_a-D-Glucose,279
24.75,C9_a-D-Glucose,282
25.0,C9_a-D-Glucose,287
25.25,C9_a-D-Glucose,283
25.5,C9_a-D-Glucose,284
25.75,C9_a-D-Glucose,283
26.0,C9_a-D-Glucose,281
26.25,C9_a-D-Glucose,286
26.5,C9_a-D-Glucose,280
26.75,C9_a-D-Glucose,281
27.0,C9_a-D-Glucose,284
27.25,C9_a-D-Glucose,289
27.5,C9_a-D-Glucose,283
27.75,C9_a-D-Glucose,283
28.0,C9_a-D-Glucose,286
28.25,C9_a-D-Glucose,285
28.5,C9_a-D-Glucose,284
28.75,C9_a-D-Glucose,287
29.0,C9_a-D-Glucose,286
29.25,C9_a-D-Glucose,289
29.5,C9_a-D-Glucose,288
29.75,C9_a-D-Glucose,287
30.0,C9_a-D-Glucose,286
30.25,C9_a-D-Glucose,290
30.5,C9_a-D-Glucose,292
30.75,C9_a-D-Glucose,290
31.0,C9_a-D-Glucose,293
31.25,C9_a-D-Glucose,294
31.5,C9_a-D-Glucose,293
31.75,C9_a-D-Glucose,294
32.0,C9_a-D-Glucose,293
32.25,C9_a-D-Glucose,290
32.5,C9_a-D-Glucose,293
32.75,C9_a-D-Glucose,293
33.0,C9_a-D-Glucose,294
33.25,C9_a-D-Glucose,293
33.5,C9_a-D-Glucose,297
33.75,C9_a-D-Glucose,291
34.0,C9_a-D-Glucose,291
34.25,C9_a-D-Glucose,292
34.5,C9_a-D-Glucose,289
34.75,C9_a-D-Glucose,294
35.0,C9_a-D-Glucose,289
35.25,C9_a-D-Glucose,293
35.5,C9_a-D-Glucose,288
35.75,C9_a-D-Glucose,293
36.0,C9_a-D-Glucose,289
36.25,C9_a-D-Glucose,288
36.5,C9_a-D-Glucose,285
36.75,C9_a-D-Glucose,287
37.0,C9_a-D-Glucose,289
37.25,C9_a-D-Glucose,287
37.5,C9_a-D-Glucose,286
37.75,C9_a-D-Glucose,285
38.0,C9_a-D-Glucose,284
38.25,C9_a-D-Glucose,283
38.5,C9_a-D-Glucose,283
38.75,C9_a-D-Glucose,285
39.0,C9_a-D-Glucose,285
39.25,C9_a-D-Glucose,282
39.5,C9_a-D-Glucose,284
39.75,C9_a-D-Glucose,281
40.0,C9_a-D-Glucose,281
40.25,C9_a-D-Glucose,281
40.5,C9_a-D-Glucose,278
40.75,C9_a-D-Glucose,280
41.0,C9_a-D-Glucose,280
41.25,C9_a-D-Glucose,281
41.5,C9_a-D-Glucose,275
41.75,C9_a-D-Glucose,275
42.0,C9_a-D-Glucose,278
42.25,C9_a-D-Glucose,276
42.5,C9_a-D-Glucose,277
42.75,C9_a-D-Glucose,273
43.0,C9_a-D-Glucose,278
43.25,C9_a-D-Glucose,276
43.5,C9_a-D-Glucose,276
43.75,C9_a-D-Glucose,274
44.0,C9_a-D-Glucose,274
44.25,C9_a-D-Glucose,273
44.5,C9_a-D-Glucose,276
44.75,C9_a-D-Glucose,269
45.0,C9_a-D-Glucose,274
45.25,C9_a-D-Glucose,275
45.5,C9_a-D-Glucose,271
45.75,C9_a-D-Glucose,272
46.0,C9_a-D-Glucose,275
46.25,C9_a-D-Glucose,270
46.5,C9_a-D-Glucose,270
46.75,C9_a-D-Glucose,274
47.0,C9_a-D-Glucose,271
47.25,C9_a-D-Glucose,274
47.5,C9_a-D-Glucose,0
0.0,C10_Maltose,27
0.25,C10_Maltose,11
0.5,C10_Maltose,13
0.75,C10_Maltose,11
1.0,C10_Maltose,16
1.25,C10_Maltose,11
1.5,C10_Maltose,12
1.75,C10_Maltose,16
2.0,C10_Maltose,16
2.25,C10_Maltose,17
2.5,C10_Maltose,12
2.75,C10_Maltose,13
3.0,C10_Maltose,14
3.25,C10_Maltose,16
3.5,C10_Maltose,18
3.75,C10_Maltose,14
4.0,C10_Maltose,15
4.25,C10_Maltose,13
4.5,C10_Maltose,16
4.75,C10_Maltose,19
5.0,C10_Maltose,15
5.25,C10_Maltose,15
5.5,C10_Maltose,18
5.75,C10_Maltose,17
6.0,C10_Maltose,19
6.25,C10_Maltose,18
6.5,C10_Maltose,20
6.75,C10_Maltose,18
7.0,C10_Maltose,21
7.25,C10_Maltose,29
7.5,C10_Maltose,24
7.75,C10_Maltose,24
8.0,C10_Maltose,26
8.25,C10_Maltose,20
8.5,C10_Maltose,29
8.75,C10_Maltose,28
9.0,C10_Maltose,26
9.25,C10_Maltose,25
9.5,C10_Maltose,24
9.75,C10_Maltose,26
10.0,C10_Maltose,26
10.25,C10_Maltose,22
10.5,C10_Maltose,27
10.75,C10_Maltose,27
11.0,C10_Maltose,28
11.25,C10_Maltose,27
11.5,C10_Maltose,29
11.75,C10_Maltose,32
12.0,C10_Maltose,30
12.25,C10_Maltose,26
12.5,C10_Maltose,27
12.75,C10_Maltose,24
13.0,C10_Maltose,34
13.25,C10_Maltose,30
13.5,C10_Maltose,28
13.75,C10_Maltose,32
14.0,C10_Maltose,32
14.25,C10_Maltose,29
14.5,C10_Maltose,34
14.75,C10_Maltose,34
15.0,C10_Maltose,33
15.25,C10_Maltose,37
15.5,C10_Maltose,38
15.75,C10_Maltose,38
16.0,C10_Maltose,34
16.25,C10_Maltose,35
16.5,C10_Maltose,38
16.75,C10_Maltose,38
17.0,C10_Maltose,39
17.25,C10_Maltose,44
17.5,C10_Maltose,41
17.75,C10_Maltose,42
18.0,C10_Maltose,41
18.25,C10_Maltose,41
18.5,C10_Maltose,44
18.75,C10_Maltose,44
19.0,C10_Maltose,47
19.25,C10_Maltose,46
19.5,C10_Maltose,42
19.75,C10_Maltose,43
20.0,C10_Maltose,45
20.25,C10_Maltose,51
20.5,C10_Maltose,47
20.75,C10_Maltose,49
21.0,C10_Maltose,47
21.25,C10_Maltose,43
21.5,C10_Maltose,49
21.75,C10_Maltose,46
22.0,C10_Maltose,48
22.25,C10_Maltose,47
22.5,C10_Maltose,50
22.75,C10_Maltose,47
23.0,C10_Maltose,60
23.25,C10_Maltose,56
23.5,C10_Maltose,57
23.75,C10_Maltose,58
24.0,C10_Maltose,70
24.25,C10_Maltose,70
24.5,C10_Maltose,79
24.75,C10_Maltose,80
25.0,C10_Maltose,85
25.25,C10_Maltose,89
25.5,C10_Maltose,100
25.75,C10_Maltose,98
26.0,C10_Maltose,102
26.25,C10_Maltose,105
26.5,C10_Maltose,110
26.75,C10_Maltose,110
27.0,C10_Maltose,126
27.25,C10_Maltose,122
27.5,C10_Maltose,128
27.75,C10_Maltose,130
28.0,C10_Maltose,134
28.25,C10_Maltose,131
28.5,C10_Maltose,135
28.75,C10_Maltose,148
29.0,C10_Maltose,146
29.25,C10_Maltose,150
29.5,C10_Maltose,149
29.75,C10_Maltose,154
30.0,C10_Maltose,154
30.25,C10_Maltose,160
30.5,C10_Maltose,167
30.75,C10_Maltose,161
31.0,C10_Maltose,167
31.25,C10_Maltose,173
31.5,C10_Maltose,174
31.75,C10_Maltose,181
32.0,C10_Maltose,179
32.25,C10_Maltose,181
32.5,C10_Maltose,187
32.75,C10_Maltose,191
33.0,C10_Maltose,195
33.25,C10_Maltose,194
33.5,C10_Maltose,198
33.75,C10_Maltose,200
34.0,C10_Maltose,197
34.25,C10_Maltose,200
34.5,C10_Maltose,203
34.75,C10_Maltose,202
35.0,C10_Maltose,210
35.25,C10_Maltose,209
35.5,C10_Maltose,211
35.75,C10_Maltose,214
36.0,C10_Maltose,214
36.25,C10_Maltose,215
36.5,C10_Maltose,218
36.75,C10_Maltose,218
37.0,C10_Maltose,222
37.25,C10_Maltose,222
37.5,C10_Maltose,230
37.75,C10_Maltose,225
38.0,C10_Maltose,228
38.25,C10_Maltose,232
38.5,C10_Maltose,236
38.75,C10_Maltose,232
39.0,C10_Maltose,237
39.25,C10_Maltose,240
39.5,C10_Maltose,238
39.75,C10_Maltose,240
40.0,C10_Maltose,244
40.25,C10_Maltose,238
40.5,C10_Maltose,242
40.75,C10_Maltose,242
41.0,C10_Maltose,244
41.25,C10_Maltose,245
41.5,C10_Maltose,246
41.75,C10_Maltose,245
42.0,C10_Maltose,248
42.25,C10_Maltose,246
42.5,C10_Maltose,247
42.75,C10_Maltose,246
43.0,C10_Maltose,248
43.25,C10_Maltose,249
43.5,C10_Maltose,252
43.75,C10_Maltose,251
44.0,C10_Maltose,250
44.25,C10_Maltose,252
44.5,C10_Maltose,254
44.75,C10_Maltose,250
45.0,C10_Maltose,252
45.25,C10_Maltose,254
45.5,C10_Maltose,252
45.75,C10_Maltose,254
46.0,C10_Maltose,257
46.25,C10_Maltose,256
46.5,C10_Maltose,255
46.75,C10_Maltose,257
47.0,C10_Maltose,258
47.25,C10_Maltose,255
47.5,C10_Maltose,0
0.0,C11_D-Melibiose,36
0.25,C11_D-Melibiose,12
0.5,C11_D-Melibiose,14
0.75,C11_D-Melibiose,16
1.0,C11_D-Melibiose,17
1.25,C11_D-Melibiose,15
1.5,C11_D-Melibiose,17
1.75,C11_D-Melibiose,14
2.0,C11_D-Melibiose,14
2.25,C11_D-Melibiose,16
2.5,C11_D-Melibiose,14
2.75,C11_D-Melibiose,17
3.0,C11_D-Melibiose,14
3.25,C11_D-Melibiose,18
3.5,C11_D-Melibiose,19
3.75,C11_D-Melibiose,15
4.0,C11_D-Melibiose,14
4.25,C11_D-Melibiose,19
4.5,C11_D-Melibiose,17
4.75,C11_D-Melibiose,21
5.0,C11_D-Melibiose,14
5.25,C11_D-Melibiose,19
5.5,C11_D-Melibiose,20
5.75,C11_D-Melibiose,22
6.0,C11_D-Melibiose,20
6.25,C11_D-Melibiose,23
6.5,C11_D-Melibiose,22
6.75,C11_D-Melibiose,27
7.0,C11_D-Melibiose,21
7.25,C11_D-Melibiose,25
7.5,C11_D-Melibiose,28
7.75,C11_D-Melibiose,33
8.0,C11_D-Melibiose,36
8.25,C11_D-Melibiose,29
8.5,C11_D-Melibiose,24
8.75,C11_D-Melibiose,25
9.0,C11_D-Melibiose,30
9.25,C11_D-Melibiose,30
9.5,C11_D-Melibiose,30
9.75,C11_D-Melibiose,28
10.0,C11_D-Melibiose,29
10.25,C11_D-Melibiose,26
10.5,C11_D-Melibiose,33
10.75,C11_D-Melibiose,29
11.0,C11_D-Melibiose,27
11.25,C11_D-Melibiose,29
11.5,C11_D-Melibiose,29
11.75,C11_D-Melibiose,27
12.0,C11_D-Melibiose,33
12.25,C11_D-Melibiose,32
12.5,C11_D-Melibiose,32
12.75,C11_D-Melibiose,32
13.0,C11_D-Melibiose,30
13.25,C11_D-Melibiose,31
13.5,C11_D-Melibiose,35
13.75,C11_D-Melibiose,35
14.0,C11_D-Melibiose,30
14.25,C11_D-Melibiose,31
14.5,C11_D-Melibiose,29
14.75,C11_D-Melibiose,33
15.0,C11_D-Melibiose,33
15.25,C11_D-Melibiose,34
15.5,C11_D-Melibiose,35
15.75,C11_D-Melibiose,33
16.0,C11_D-Melibiose,32
16.25,C11_D-Melibiose,38
16.5,C11_D-Melibiose,32
16.75,C11_D-Melibiose,31
17.0,C11_D-Melibiose,34
17.25,C11_D-Melibiose,37
17.5,C11_D-Melibiose,35
17.75,C11_D-Melibiose,33
18.0,C11_D-Melibiose,37
18.25,C11_D-Melibiose,38
18.5,C11_D-Melibiose,38
18.75,C11_D-Melibiose,36
19.0,C11_D-Melibiose,35
19.25,C11_D-Melibiose,38
19.5,C11_D-Melibiose,39
19.75,C11_D-Melibiose,38
20.0,C11_D-Melibiose,38
20.25,C11_D-Melibiose,37
20.5,C11_D-Melibiose,41
20.75,C11_D-Melibiose,37
21.0,C11_D-Melibiose,34
21.25,C11_D-Melibiose,34
21.5,C11_D-Melibiose,34
21.75,C11_D-Melibiose,35
22.0,C11_D-Melibiose,38
22.25,C11_D-Melibiose,38
22.5,C11_D-Melibiose,36
22.75,C11_D-Melibiose,37
23.0,C11_D-Melibiose,33
23.25,C11_D-Melibiose,38
23.5,C11_D-Melibiose,40
23.75,C11_D-Melibiose,42
24.0,C11_D-Melibiose,42
24.25,C11_D-Melibiose,44
24.5,C11_D-Melibiose,40
24.75,C11_D-Melibiose,41
25.0,C11_D-Melibiose,41
25.25,C11_D-Melibiose,40
25.5,C11_D-Melibiose,41
25.75,C11_D-Melibiose,44
26.0,C11_D-Melibiose,43
26.25,C11_D-Melibiose,43
26.5,C11_D-Melibiose,43
26.75,C11_D-Melibiose,44
27.0,C11_D-Melibiose,47
27.25,C11_D-Melibiose,43
27.5,C11_D-Melibiose,40
27.75,C11_D-Melibiose,41
28.0,C11_D-Melibiose,39
28.25,C11_D-Melibiose,41
28.5,C11_D-Melibiose,39
28.75,C11_D-Melibiose,44
29.0,C11_D-Melibiose,43
29.25,C11_D-Melibiose,41
29.5,C11_D-Melibiose,39
29.75,C11_D-Melibiose,43
30.0,C11_D-Melibiose,40
30.25,C11_D-Melibiose,46
30.5,C11_D-Melibiose,45
30.75,C11_D-Melibiose,39
31.0,C11_D-Melibiose,42
31.25,C11_D-Melibiose,41
31.5,C11_D-Melibiose,43
31.75,C11_D-Melibiose,41
32.0,C11_D-Melibiose,44
32.25,C11_D-Melibiose,45
32.5,C11_D-Melibiose,44
32.75,C11_D-Melibiose,41
33.0,C11_D-Melibiose,44
33.25,C11_D-Melibiose,40
33.5,C11_D-Melibiose,42
33.75,C11_D-Melibiose,44
34.0,C11_D-Melibiose,43
34.25,C11_D-Melibiose,41
34.5,C11_D-Melibiose,45
34.75,C11_D-Melibiose,43
35.0,C11_D-Melibiose,43
35.25,C11_D-Melibiose,44
35.5,C11_D-Melibiose,41
35.75,C11_D-Melibiose,42
36.0,C11_D-Melibiose,42
36.25,C11_D-Melibiose,43
36.5,C11_D-Melibiose,41
36.75,C11_D-Melibiose,46
37.0,C11_D-Melibiose,45
37.25,C11_D-Melibiose,40
37.5,C11_D-Melibiose,41
37.75,C11_D-Melibiose,45
38.0,C11_D-Melibiose,41
38.25,C11_D-Melibiose,43
38.5,C11_D-Melibiose,45
38.75,C11_D-Melibiose,41
39.0,C11_D-Melibiose,41
39.25,C11_D-Melibiose,46
39.5,C11_D-Melibiose,42
39.75,C11_D-Melibiose,46
40.0,C11_D-Melibiose,42
40.25,C11_D-Melibiose,46
40.5,C11_D-Melibiose,39
40.75,C11_D-Melibiose,42
41.0,C11_D-Melibiose,41
41.25,C11_D-Melibiose,41
41.5,C11_D-Melibiose,43
41.75,C11_D-Melibiose,41
42.0,C11_D-Melibiose,40
42.25,C11_D-Melibiose,38
42.5,C11_D-Melibiose,43
42.75,C11_D-Melibiose,43
43.0,C11_D-Melibiose,43
43.25,C11_D-Melibiose,40
43.5,C11_D-Melibiose,45
43.75,C11_D-Melibiose,40
44.0,C11_D-Melibiose,42
44.25,C11_D-Melibiose,43
44.5,C11_D-Melibiose,41
44.75,C11_D-Melibiose,43
45.0,C11_D-Melibiose,39
45.25,C11_D-Melibiose,44
45.5,C11_D-Melibiose,45
45.75,C11_D-Melibiose,43
46.0,C11_D-Melibiose,43
46.25,C11_D-Melibiose,44
46.5,C11_D-Melibiose,45
46.75,C11_D-Melibiose,45
47.0,C11_D-Melibiose,45
47.25,C11_D-Melibiose,45
47.5,C11_D-Melibiose,0
0.0,C12_Thymidine,67
0.25,C12_Thymidine,23
0.5,C12_Thymidine,21
0.75,C12_Thymidine,20
1.0,C12_Thymidine,19
1.25,C12_Thymidine,18
1.5,C12_Thymidine,20
1.75,C12_Thymidine,20
2.0,C12_Thymidine,21
2.25,C12_Thymidine,21
2.5,C12_Thymidine,16
2.75,C12_Thymidine,22
3.0,C12_Thymidine,23
3.25,C12_Thymidine,23
3.5,C12_Thymidine,19
3.75,C12_Thymidine,17
4.0,C12_Thymidine,19
4.25,C12_Thymidine,23
4.5,C12_Thymidine,22
4.75,C12_Thymidine,23
5.0,C12_Thymidine,23
5.25,C12_Thymidine,24
5.5,C12_Thymidine,27
5.75,C12_Thymidine,27
6.0,C12_Thymidine,27
6.25,C12_Thymidine,28
6.5,C12_Thymidine,30
6.75,C12_Thymidine,31
7.0,C12_Thymidine,31
7.25,C12_Thymidine,35
7.5,C12_Thymidine,33
7.75,C12_Thymidine,34
8.0,C12_Thymidine,34
8.25,C12_Thymidine,36
8.5,C12_Thymidine,36
8.75,C12_Thymidine,34
9.0,C12_Thymidine,41
9.25,C12_Thymidine,33
9.5,C12_Thymidine,37
9.75,C12_Thymidine,35
10.0,C12_Thymidine,38
10.25,C12_Thymidine,39
10.5,C12_Thymidine,43
10.75,C12_Thymidine,44
11.0,C12_Thymidine,44
11.25,C12_Thymidine,41
11.5,C12_Thymidine,43
11.75,C12_Thymidine,41
12.0,C12_Thymidine,41
12.25,C12_Thymidine,40
12.5,C12_Thymidine,41
12.75,C12_Thymidine,40
13.0,C12_Thymidine,41
13.25,C12_Thymidine,43
13.5,C12_Thymidine,44
13.75,C12_Thymidine,45
14.0,C12_Thymidine,45
14.25,C12_Thymidine,47
14.5,C12_Thymidine,48
14.75,C12_Thymidine,48
15.0,C12_Thymidine,46
15.25,C12_Thymidine,49
15.5,C12_Thymidine,50
15.75,C12_Thymidine,49
16.0,C12_Thymidine,48
16.25,C12_Thymidine,52
16.5,C12_Thymidine,51
16.75,C12_Thymidine,50
17.0,C12_Thymidine,51
17.25,C12_Thymidine,52
17.5,C12_Thymidine,55
17.75,C12_Thymidine,55
18.0,C12_Thymidine,55
18.25,C12_Thymidine,54
18.5,C12_Thymidine,54
18.75,C12_Thymidine,53
19.0,C12_Thymidine,54
19.25,C12_Thymidine,56
19.5,C12_Thymidine,55
19.75,C12_Thymidine,58
20.0,C12_Thymidine,55
20.25,C12_Thymidine,54
20.5,C12_Thymidine,55
20.75,C12_Thymidine,57
21.0,C12_Thymidine,54
21.25,C12_Thymidine,57
21.5,C12_Thymidine,59
21.75,C12_Thymidine,60
22.0,C12_Thymidine,63
22.25,C12_Thymidine,59
22.5,C12_Thymidine,57
22.75,C12_Thymidine,57
23.0,C12_Thymidine,58
23.25,C12_Thymidine,60
23.5,C12_Thymidine,63
23.75,C12_Thymidine,60
24.0,C12_Thymidine,63
24.25,C12_Thymidine,60
24.5,C12_Thymidine,60
24.75,C12_Thymidine,62
25.0,C12_Thymidine,60
25.25,C12_Thymidine,60
25.5,C12_Thymidine,57
25.75,C12_Thymidine,59
26.0,C12_Thymidine,60
26.25,C12_Thymidine,60
26.5,C12_Thymidine,62
26.75,C12_Thymidine,59
27.0,C12_Thymidine,65
27.25,C12_Thymidine,64
27.5,C12_Thymidine,62
27.75,C12_Thymidine,64
28.0,C12_Thymidine,57
28.25,C12_Thymidine,58
28.5,C12_Thymidine,59
28.75,C12_Thymidine,62
29.0,C12_Thymidine,61
29.25,C12_Thymidine,61
29.5,C12_Thymidine,59
29.75,C12_Thymidine,63
30.0,C12_Thymidine,59
30.25,C12_Thymidine,61
30.5,C12_Thymidine,63
30.75,C12_Thymidine,62
31.0,C12_Thymidine,67
31.25,C12_Thymidine,62
31.5,C12_Thymidine,66
31.75,C12_Thymidine,62
32.0,C12_Thymidine,67
32.25,C12_Thymidine,62
32.5,C12_Thymidine,69
32.75,C12_Thymidine,62
33.0,C12_Thymidine,62
33.25,C12_Thymidine,67
33.5,C12_Thymidine,64
33.75,C12_Thymidine,61
34.0,C12_Thymidine,66
34.25,C12_Thymidine,66
34.5,C12_Thymidine,68
34.75,C12_Thymidine,66
35.0,C12_Thymidine,68
35.25,C12_Thymidine,66
35.5,C12_Thymidine,65
35.75,C12_Thymidine,65
36.0,C12_Thymidine,67
36.25,C12_Thymidine,65
36.5,C12_Thymidine,65
36.75,C12_Thymidine,63
37.0,C12_Thymidine,68
37.25,C12_Thymidine,64
37.5,C12_Thymidine,66
37.75,C12_Thymidine,67
38.0,C12_Thymidine,65
38.25,C12_Thymidine,61
38.5,C12_Thymidine,68
38.75,C12_Thymidine,67
39.0,C12_Thymidine,65
39.25,C12_Thymidine,62
39.5,C12_Thymidine,67
39.75,C12_Thymidine,65
40.0,C12_Thymidine,66
40.25,C12_Thymidine,68
40.5,C12_Thymidine,65
40.75,C12_Thymidine,66
41.0,C12_Thymidine,66
41.25,C12_Thymidine,67
41.5,C12_Thymidine,66
41.75,C12_Thymidine,67
42.0,C12_Thymidine,64
42.25,C12_Thymidine,69
42.5,C12_Thymidine,67
42.75,C12_Thymidine,67
43.0,C12_Thymidine,65
43.25,C12_Thymidine,63
43.5,C12_Thymidine,66
43.75,C12_Thymidine,63
44.0,C12_Thymidine,66
44.25,C12_Thymidine,70
44.5,C12_Thymidine,66
44.75,C12_Thymidine,64
45.0,C12_Thymidine,67
45.25,C12_Thymidine,67
45.5,C12_Thymidine,63
45.75,C12_Thymidine,66
46.0,C12_Thymidine,65
46.25,C12_Thymidine,64
46.5,C12_Thymidine,69
46.75,C12_Thymidine,66
47.0,C12_Thymidine,65
47.25,C12_Thymidine,70
47.5,C12_Thymidine,0
0.0,D-1_L-Asparagine,17
0.25,D-1_L-Asparagine,29
0.5,D-1_L-Asparagine,14
0.75,D-1_L-Asparagine,14
1.0,D-1_L-Asparagine,18
1.25,D-1_L-Asparagine,20
1.5,D-1_L-Asparagine,24
1.75,D-1_L-Asparagine,17
2.0,D-1_L-Asparagine,20
2.25,D-1_L-Asparagine,20
2.5,D-1_L-Asparagine,20
2.75,D-1_L-Asparagine,18
3.0,D-1_L-Asparagine,27
3.25,D-1_L-Asparagine,22
3.5,D-1_L-Asparagine,21
3.75,D-1_L-Asparagine,23
4.0,D-1_L-Asparagine,23
4.25,D-1_L-Asparagine,27
4.5,D-1_L-Asparagine,32
4.75,D-1_L-Asparagine,30
5.0,D-1_L-Asparagine,30
5.25,D-1_L-Asparagine,34
5.5,D-1_L-Asparagine,38
5.75,D-1_L-Asparagine,37
6.0,D-1_L-Asparagine,39
6.25,D-1_L-Asparagine,35
6.5,D-1_L-Asparagine,42
6.75,D-1_L-Asparagine,36
7.0,D-1_L-Asparagine,37
7.25,D-1_L-Asparagine,40
7.5,D-1_L-Asparagine,40
7.75,D-1_L-Asparagine,45
8.0,D-1_L-Asparagine,44
8.25,D-1_L-Asparagine,47
8.5,D-1_L-Asparagine,43
8.75,D-1_L-Asparagine,46
9.0,D-1_L-Asparagine,48
9.25,D-1_L-Asparagine,46
9.5,D-1_L-Asparagine,45
9.75,D-1_L-Asparagine,45
10.0,D-1_L-Asparagine,51
10.25,D-1_L-Asparagine,51
10.5,D-1_L-Asparagine,53
10.75,D-1_L-Asparagine,54
11.0,D-1_L-Asparagine,56
11.25,D-1_L-Asparagine,59
11.5,D-1_L-Asparagine,58
11.75,D-1_L-Asparagine,50
12.0,D-1_L-Asparagine,54
12.25,D-1_L-Asparagine,58
12.5,D-1_L-Asparagine,58
12.75,D-1_L-Asparagine,65
13.0,D-1_L-Asparagine,61
13.25,D-1_L-Asparagine,59
13.5,D-1_L-Asparagine,67
13.75,D-1_L-Asparagine,61
14.0,D-1_L-Asparagine,67
14.25,D-1_L-Asparagine,64
14.5,D-1_L-Asparagine,65
14.75,D-1_L-Asparagine,69
15.0,D-1_L-Asparagine,69
15.25,D-1_L-Asparagine,70
15.5,D-1_L-Asparagine,72
15.75,D-1_L-Asparagine,68
16.0,D-1_L-Asparagine,73
16.25,D-1_L-Asparagine,78
16.5,D-1_L-Asparagine,72
16.75,D-1_L-Asparagine,78
17.0,D-1_L-Asparagine,75
17.25,D-1_L-Asparagine,75
17.5,D-1_L-Asparagine,79
17.75,D-1_L-Asparagine,73
18.0,D-1_L-Asparagine,77
18.25,D-1_L-Asparagine,78
18.5,D-1_L-Asparagine,79
18.75,D-1_L-Asparagine,81
19.0,D-1_L-Asparagine,79
19.25,D-1_L-Asparagine,81
19.5,D-1_L-Asparagine,83
19.75,D-1_L-Asparagine,79
20.0,D-1_L-Asparagine,86
20.25,D-1_L-Asparagine,87
20.5,D-1_L-Asparagine,88
20.75,D-1_L-Asparagine,89
21.0,D-1_L-Asparagine,85
21.25,D-1_L-Asparagine,83
21.5,D-1_L-Asparagine,85
21.75,D-1_L-Asparagine,87
22.0,D-1_L-Asparagine,87
22.25,D-1_L-Asparagine,88
22.5,D-1_L-Asparagine,91
22.75,D-1_L-Asparagine,90
23.0,D-1_L-Asparagine,91
23.25,D-1_L-Asparagine,91
23.5,D-1_L-Asparagine,96
23.75,D-1_L-Asparagine,93
24.0,D-1_L-Asparagine,98
24.25,D-1_L-Asparagine,98
24.5,D-1_L-Asparagine,94
24.75,D-1_L-Asparagine,96
25.0,D-1_L-Asparagine,100
25.25,D-1_L-Asparagine,99
25.5,D-1_L-Asparagine,102
25.75,D-1_L-Asparagine,102
26.0,D-1_L-Asparagine,101
26.25,D-1_L-Asparagine,106
26.5,D-1_L-Asparagine,103
26.75,D-1_L-Asparagine,108
27.0,D-1_L-Asparagine,114
27.25,D-1_L-Asparagine,110
27.5,D-1_L-Asparagine,107
27.75,D-1_L-Asparagine,107
28.0,D-1_L-Asparagine,110
28.25,D-1_L-Asparagine,112
28.5,D-1_L-Asparagine,111
28.75,D-1_L-Asparagine,113
29.0,D-1_L-Asparagine,117
29.25,D-1_L-Asparagine,111
29.5,D-1_L-Asparagine,111
29.75,D-1_L-Asparagine,117
30.0,D-1_L-Asparagine,117
30.25,D-1_L-Asparagine,123
30.5,D-1_L-Asparagine,121
30.75,D-1_L-Asparagine,119
31.0,D-1_L-Asparagine,121
31.25,D-1_L-Asparagine,125
31.5,D-1_L-Asparagine,124
31.75,D-1_L-Asparagine,124
32.0,D-1_L-Asparagine,122
32.25,D-1_L-Asparagine,125
32.5,D-1_L-Asparagine,131
32.75,D-1_L-Asparagine,131
33.0,D-1_L-Asparagine,125
33.25,D-1_L-Asparagine,126
33.5,D-1_L-Asparagine,127
33.75,D-1_L-Asparagine,129
34.0,D-1_L-Asparagine,134
34.25,D-1_L-Asparagine,129
34.5,D-1_L-Asparagine,132
34.75,D-1_L-Asparagine,133
35.0,D-1_L-Asparagine,137
35.25,D-1_L-Asparagine,134
35.5,D-1_L-Asparagine,139
35.75,D-1_L-Asparagine,133
36.0,D-1_L-Asparagine,139
36.25,D-1_L-Asparagine,144
36.5,D-1_L-Asparagine,142
36.75,D-1_L-Asparagine,146
37.0,D-1_L-Asparagine,143
37.25,D-1_L-Asparagine,147
37.5,D-1_L-Asparagine,145
37.75,D-1_L-Asparagine,149
38.0,D-1_L-Asparagine,150
38.25,D-1_L-Asparagine,152
38.5,D-1_L-Asparagine,149
38.75,D-1_L-Asparagine,151
39.0,D-1_L-Asparagine,152
39.25,D-1_L-Asparagine,154
39.5,D-1_L-Asparagine,152
39.75,D-1_L-Asparagine,154
40.0,D-1_L-Asparagine,152
40.25,D-1_L-Asparagine,160
40.5,D-1_L-Asparagine,156
40.75,D-1_L-Asparagine,155
41.0,D-1_L-Asparagine,161
41.25,D-1_L-Asparagine,160
41.5,D-1_L-Asparagine,161
41.75,D-1_L-Asparagine,163
42.0,D-1_L-Asparagine,161
42.25,D-1_L-Asparagine,164
42.5,D-1_L-Asparagine,164
42.75,D-1_L-Asparagine,169
43.0,D-1_L-Asparagine,164
43.25,D-1_L-Asparagine,161
43.5,D-1_L-Asparagine,160
43.75,D-1_L-Asparagine,163
44.0,D-1_L-Asparagine,168
44.25,D-1_L-Asparagine,167
44.5,D-1_L-Asparagine,166
44.75,D-1_L-Asparagine,165
45.0,D-1_L-Asparagine,167
45.25,D-1_L-Asparagine,163
45.5,D-1_L-Asparagine,163
45.75,D-1_L-Asparagine,164
46.0,D-1_L-Asparagine,165
46.25,D-1_L-Asparagine,162
46.5,D-1_L-Asparagine,163
46.75,D-1_L-Asparagine,162
47.0,D-1_L-Asparagine,162
47.25,D-1_L-Asparagine,162
47.5,D-1_L-Asparagine,0
0.0,D2_D-Aspartic_Acid,14
0.25,D2_D-Aspartic_Acid,16
0.5,D2_D-Aspartic_Acid,17
0.75,D2_D-Aspartic_Acid,15
1.0,D2_D-Aspartic_Acid,20
1.25,D2_D-Aspartic_Acid,17
1.5,D2_D-Aspartic_Acid,19
1.75,D2_D-Aspartic_Acid,14
2.0,D2_D-Aspartic_Acid,18
2.25,D2_D-Aspartic_Acid,20
2.5,D2_D-Aspartic_Acid,17
2.75,D2_D-Aspartic_Acid,15
3.0,D2_D-Aspartic_Acid,21
3.25,D2_D-Aspartic_Acid,19
3.5,D2_D-Aspartic_Acid,15
3.75,D2_D-Aspartic_Acid,20
4.0,D2_D-Aspartic_Acid,13
4.25,D2_D-Aspartic_Acid,26
4.5,D2_D-Aspartic_Acid,21
4.75,D2_D-Aspartic_Acid,24
5.0,D2_D-Aspartic_Acid,22
5.25,D2_D-Aspartic_Acid,21
5.5,D2_D-Aspartic_Acid,29
5.75,D2_D-Aspartic_Acid,25
6.0,D2_D-Aspartic_Acid,26
6.25,D2_D-Aspartic_Acid,30
6.5,D2_D-Aspartic_Acid,28
6.75,D2_D-Aspartic_Acid,30
7.0,D2_D-Aspartic_Acid,27
7.25,D2_D-Aspartic_Acid,31
7.5,D2_D-Aspartic_Acid,29
7.75,D2_D-Aspartic_Acid,26
8.0,D2_D-Aspartic_Acid,29
8.25,D2_D-Aspartic_Acid,27
8.5,D2_D-Aspartic_Acid,30
8.75,D2_D-Aspartic_Acid,29
9.0,D2_D-Aspartic_Acid,30
9.25,D2_D-Aspartic_Acid,27
9.5,D2_D-Aspartic_Acid,31
9.75,D2_D-Aspartic_Acid,27
10.0,D2_D-Aspartic_Acid,26
10.25,D2_D-Aspartic_Acid,28
10.5,D2_D-Aspartic_Acid,32
10.75,D2_D-Aspartic_Acid,34
11.0,D2_D-Aspartic_Acid,30
11.25,D2_D-Aspartic_Acid,32
11.5,D2_D-Aspartic_Acid,34
11.75,D2_D-Aspartic_Acid,32
12.0,D2_D-Aspartic_Acid,30
12.25,D2_D-Aspartic_Acid,22
12.5,D2_D-Aspartic_Acid,30
12.75,D2_D-Aspartic_Acid,32
13.0,D2_D-Aspartic_Acid,28
13.25,D2_D-Aspartic_Acid,33
13.5,D2_D-Aspartic_Acid,28
13.75,D2_D-Aspartic_Acid,32
14.0,D2_D-Aspartic_Acid,28
14.25,D2_D-Aspartic_Acid,32
14.5,D2_D-Aspartic_Acid,32
14.75,D2_D-Aspartic_Acid,31
15.0,D2_D-Aspartic_Acid,35
15.25,D2_D-Aspartic_Acid,29
15.5,D2_D-Aspartic_Acid,35
15.75,D2_D-Aspartic_Acid,35
16.0,D2_D-Aspartic_Acid,33
16.25,D2_D-Aspartic_Acid,35
16.5,D2_D-Aspartic_Acid,31
16.75,D2_D-Aspartic_Acid,28
17.0,D2_D-Aspartic_Acid,34
17.25,D2_D-Aspartic_Acid,35
17.5,D2_D-Aspartic_Acid,35
17.75,D2_D-Aspartic_Acid,33
18.0,D2_D-Aspartic_Acid,33
18.25,D2_D-Aspartic_Acid,34
18.5,D2_D-Aspartic_Acid,36
18.75,D2_D-Aspartic_Acid,31
19.0,D2_D-Aspartic_Acid,31
19.25,D2_D-Aspartic_Acid,29
19.5,D2_D-Aspartic_Acid,35
19.75,D2_D-Aspartic_Acid,39
20.0,D2_D-Aspartic_Acid,37
20.25,D2_D-Aspartic_Acid,40
20.5,D2_D-Aspartic_Acid,37
20.75,D2_D-Aspartic_Acid,33
21.0,D2_D-Aspartic_Acid,37
21.25,D2_D-Aspartic_Acid,33
21.5,D2_D-Aspartic_Acid,36
21.75,D2_D-Aspartic_Acid,41
22.0,D2_D-Aspartic_Acid,37
22.25,D2_D-Aspartic_Acid,34
22.5,D2_D-Aspartic_Acid,35
22.75,D2_D-Aspartic_Acid,35
23.0,D2_D-Aspartic_Acid,36
23.25,D2_D-Aspartic_Acid,35
23.5,D2_D-Aspartic_Acid,28
23.75,D2_D-Aspartic_Acid,31
24.0,D2_D-Aspartic_Acid,38
24.25,D2_D-Aspartic_Acid,36
24.5,D2_D-Aspartic_Acid,39
24.75,D2_D-Aspartic_Acid,36
25.0,D2_D-Aspartic_Acid,38
25.25,D2_D-Aspartic_Acid,36
25.5,D2_D-Aspartic_Acid,34
25.75,D2_D-Aspartic_Acid,37
26.0,D2_D-Aspartic_Acid,37
26.25,D2_D-Aspartic_Acid,34
26.5,D2_D-Aspartic_Acid,33
26.75,D2_D-Aspartic_Acid,35
27.0,D2_D-Aspartic_Acid,37
27.25,D2_D-Aspartic_Acid,35
27.5,D2_D-Aspartic_Acid,39
27.75,D2_D-Aspartic_Acid,35
28.0,D2_D-Aspartic_Acid,36
28.25,D2_D-Aspartic_Acid,34
28.5,D2_D-Aspartic_Acid,31
28.75,D2_D-Aspartic_Acid,38
29.0,D2_D-Aspartic_Acid,33
29.25,D2_D-Aspartic_Acid,34
29.5,D2_D-Aspartic_Acid,31
29.75,D2_D-Aspartic_Acid,34
30.0,D2_D-Aspartic_Acid,38
30.25,D2_D-Aspartic_Acid,39
30.5,D2_D-Aspartic_Acid,35
30.75,D2_D-Aspartic_Acid,35
31.0,D2_D-Aspartic_Acid,40
31.25,D2_D-Aspartic_Acid,35
31.5,D2_D-Aspartic_Acid,32
31.75,D2_D-Aspartic_Acid,35
32.0,D2_D-Aspartic_Acid,35
32.25,D2_D-Aspartic_Acid,34
32.5,D2_D-Aspartic_Acid,33
32.75,D2_D-Aspartic_Acid,42
33.0,D2_D-Aspartic_Acid,38
33.25,D2_D-Aspartic_Acid,35
33.5,D2_D-Aspartic_Acid,38
33.75,D2_D-Aspartic_Acid,36
34.0,D2_D-Aspartic_Acid,32
34.25,D2_D-Aspartic_Acid,35
34.5,D2_D-Aspartic_Acid,37
34.75,D2_D-Aspartic_Acid,37
35.0,D2_D-Aspartic_Acid,38
35.25,D2_D-Aspartic_Acid,37
35.5,D2_D-Aspartic_Acid,35
35.75,D2_D-Aspartic_Acid,38
36.0,D2_D-Aspartic_Acid,34
36.25,D2_D-Aspartic_Acid,33
36.5,D2_D-Aspartic_Acid,33
36.75,D2_D-Aspartic_Acid,31
37.0,D2_D-Aspartic_Acid,34
37.25,D2_D-Aspartic_Acid,34
37.5,D2_D-Aspartic_Acid,35
37.75,D2_D-Aspartic_Acid,33
38.0,D2_D-Aspartic_Acid,33
38.25,D2_D-Aspartic_Acid,37
38.5,D2_D-Aspartic_Acid,32
38.75,D2_D-Aspartic_Acid,40
39.0,D2_D-Aspartic_Acid,38
39.25,D2_D-Aspartic_Acid,36
39.5,D2_D-Aspartic_Acid,33
39.75,D2_D-Aspartic_Acid,37
40.0,D2_D-Aspartic_Acid,40
40.25,D2_D-Aspartic_Acid,31
40.5,D2_D-Aspartic_Acid,36
40.75,D2_D-Aspartic_Acid,35
41.0,D2_D-Aspartic_Acid,34
41.25,D2_D-Aspartic_Acid,38
41.5,D2_D-Aspartic_Acid,34
41.75,D2_D-Aspartic_Acid,38
42.0,D2_D-Aspartic_Acid,35
42.25,D2_D-Aspartic_Acid,39
42.5,D2_D-Aspartic_Acid,40
42.75,D2_D-Aspartic_Acid,32
43.0,D2_D-Aspartic_Acid,36
43.25,D2_D-Aspartic_Acid,37
43.5,D2_D-Aspartic_Acid,37
43.75,D2_D-Aspartic_Acid,36
44.0,D2_D-Aspartic_Acid,32
44.25,D2_D-Aspartic_Acid,34
44.5,D2_D-Aspartic_Acid,33
44.75,D2_D-Aspartic_Acid,32
45.0,D2_D-Aspartic_Acid,32
45.25,D2_D-Aspartic_Acid,38
45.5,D2_D-Aspartic_Acid,34
45.75,D2_D-Aspartic_Acid,31
46.0,D2_D-Aspartic_Acid,39
46.25,D2_D-Aspartic_Acid,33
46.5,D2_D-Aspartic_Acid,35
46.75,D2_D-Aspartic_Acid,38
47.0,D2_D-Aspartic_Acid,34
47.25,D2_D-Aspartic_Acid,34
47.5,D2_D-Aspartic_Acid,0
0.0,D3_D-Glucosaminic_Acid,13
0.25,D3_D-Glucosaminic_Acid,30
0.5,D3_D-Glucosaminic_Acid,20
0.75,D3_D-Glucosaminic_Acid,11
1.0,D3_D-Glucosaminic_Acid,17
1.25,D3_D-Glucosaminic_Acid,16
1.5,D3_D-Glucosaminic_Acid,18
1.75,D3_D-Glucosaminic_Acid,16
2.0,D3_D-Glucosaminic_Acid,15
2.25,D3_D-Glucosaminic_Acid,14
2.5,D3_D-Glucosaminic_Acid,14
2.75,D3_D-Glucosaminic_Acid,15
3.0,D3_D-Glucosaminic_Acid,20
3.25,D3_D-Glucosaminic_Acid,18
3.5,D3_D-Glucosaminic_Acid,19
3.75,D3_D-Glucosaminic_Acid,18
4.0,D3_D-Glucosaminic_Acid,16
4.25,D3_D-Glucosaminic_Acid,23
4.5,D3_D-Glucosaminic_Acid,22
4.75,D3_D-Glucosaminic_Acid,27
5.0,D3_D-Glucosaminic_Acid,24
5.25,D3_D-Glucosaminic_Acid,26
5.5,D3_D-Glucosaminic_Acid,28
5.75,D3_D-Glucosaminic_Acid,30
6.0,D3_D-Glucosaminic_Acid,32
6.25,D3_D-Glucosaminic_Acid,35
6.5,D3_D-Glucosaminic_Acid,37
6.75,D3_D-Glucosaminic_Acid,35
7.0,D3_D-Glucosaminic_Acid,38
7.25,D3_D-Glucosaminic_Acid,39
7.5,D3_D-Glucosaminic_Acid,47
7.75,D3_D-Glucosaminic_Acid,47
8.0,D3_D-Glucosaminic_Acid,49
8.25,D3_D-Glucosaminic_Acid,50
8.5,D3_D-Glucosaminic_Acid,52
8.75,D3_D-Glucosaminic_Acid,55
9.0,D3_D-Glucosaminic_Acid,54
9.25,D3_D-Glucosaminic_Acid,59
9.5,D3_D-Glucosaminic_Acid,66
9.75,D3_D-Glucosaminic_Acid,65
10.0,D3_D-Glucosaminic_Acid,73
10.25,D3_D-Glucosaminic_Acid,75
10.5,D3_D-Glucosaminic_Acid,78
10.75,D3_D-Glucosaminic_Acid,81
11.0,D3_D-Glucosaminic_Acid,84
11.25,D3_D-Glucosaminic_Acid,84
11.5,D3_D-Glucosaminic_Acid,93
11.75,D3_D-Glucosaminic_Acid,96
12.0,D3_D-Glucosaminic_Acid,99
12.25,D3_D-Glucosaminic_Acid,102
12.5,D3_D-Glucosaminic_Acid,109
12.75,D3_D-Glucosaminic_Acid,113
13.0,D3_D-Glucosaminic_Acid,116
13.25,D3_D-Glucosaminic_Acid,124
13.5,D3_D-Glucosaminic_Acid,128
13.75,D3_D-Glucosaminic_Acid,132
14.0,D3_D-Glucosaminic_Acid,137
14.25,D3_D-Glucosaminic_Acid,137
14.5,D3_D-Glucosaminic_Acid,141
14.75,D3_D-Glucosaminic_Acid,151
15.0,D3_D-Glucosaminic_Acid,147
15.25,D3_D-Glucosaminic_Acid,159
15.5,D3_D-Glucosaminic_Acid,160
15.75,D3_D-Glucosaminic_Acid,166
16.0,D3_D-Glucosaminic_Acid,166
16.25,D3_D-Glucosaminic_Acid,176
16.5,D3_D-Glucosaminic_Acid,180
16.75,D3_D-Glucosaminic_Acid,180
17.0,D3_D-Glucosaminic_Acid,183
17.25,D3_D-Glucosaminic_Acid,188
17.5,D3_D-Glucosaminic_Acid,187
17.75,D3_D-Glucosaminic_Acid,193
18.0,D3_D-Glucosaminic_Acid,197
18.25,D3_D-Glucosaminic_Acid,204
18.5,D3_D-Glucosaminic_Acid,208
18.75,D3_D-Glucosaminic_Acid,208
19.0,D3_D-Glucosaminic_Acid,214
19.25,D3_D-Glucosaminic_Acid,213
19.5,D3_D-Glucosaminic_Acid,221
19.75,D3_D-Glucosaminic_Acid,219
20.0,D3_D-Glucosaminic_Acid,225
20.25,D3_D-Glucosaminic_Acid,231
20.5,D3_D-Glucosaminic_Acid,232
20.75,D3_D-Glucosaminic_Acid,232
21.0,D3_D-Glucosaminic_Acid,233
21.25,D3_D-Glucosaminic_Acid,232
21.5,D3_D-Glucosaminic_Acid,238
21.75,D3_D-Glucosaminic_Acid,237
22.0,D3_D-Glucosaminic_Acid,240
22.25,D3_D-Glucosaminic_Acid,241
22.5,D3_D-Glucosaminic_Acid,239
22.75,D3_D-Glucosaminic_Acid,239
23.0,D3_D-Glucosaminic_Acid,245
23.25,D3_D-Glucosaminic_Acid,248
23.5,D3_D-Glucosaminic_Acid,246
23.75,D3_D-Glucosaminic_Acid,246
24.0,D3_D-Glucosaminic_Acid,251
24.25,D3_D-Glucosaminic_Acid,249
24.5,D3_D-Glucosaminic_Acid,249
24.75,D3_D-Glucosaminic_Acid,249
25.0,D3_D-Glucosaminic_Acid,251
25.25,D3_D-Glucosaminic_Acid,250
25.5,D3_D-Glucosaminic_Acid,251
25.75,D3_D-Glucosaminic_Acid,251
26.0,D3_D-Glucosaminic_Acid,254
26.25,D3_D-Glucosaminic_Acid,250
26.5,D3_D-Glucosaminic_Acid,250
26.75,D3_D-Glucosaminic_Acid,250
27.0,D3_D-Glucosaminic_Acid,250
27.25,D3_D-Glucosaminic_Acid,250
27.5,D3_D-Glucosaminic_Acid,249
27.75,D3_D-Glucosaminic_Acid,250
28.0,D3_D-Glucosaminic_Acid,253
28.25,D3_D-Glucosaminic_Acid,252
28.5,D3_D-Glucosaminic_Acid,250
28.75,D3_D-Glucosaminic_Acid,249
29.0,D3_D-Glucosaminic_Acid,251
29.25,D3_D-Glucosaminic_Acid,249
29.5,D3_D-Glucosaminic_Acid,248
29.75,D3_D-Glucosaminic_Acid,247
30.0,D3_D-Glucosaminic_Acid,249
30.25,D3_D-Glucosaminic_Acid,245
30.5,D3_D-Glucosaminic_Acid,250
30.75,D3_D-Glucosaminic_Acid,247
31.0,D3_D-Glucosaminic_Acid,246
31.25,D3_D-Glucosaminic_Acid,249
31.5,D3_D-Glucosaminic_Acid,248
31.75,D3_D-Glucosaminic_Acid,247
32.0,D3_D-Glucosaminic_Acid,248
32.25,D3_D-Glucosaminic_Acid,247
32.5,D3_D-Glucosaminic_Acid,248
32.75,D3_D-Glucosaminic_Acid,243
33.0,D3_D-Glucosaminic_Acid,246
33.25,D3_D-Glucosaminic_Acid,246
33.5,D3_D-Glucosaminic_Acid,245
33.75,D3_D-Glucosaminic_Acid,248
34.0,D3_D-Glucosaminic_Acid,249
34.25,D3_D-Glucosaminic_Acid,247
34.5,D3_D-Glucosaminic_Acid,247
34.75,D3_D-Glucosaminic_Acid,246
35.0,D3_D-Glucosaminic_Acid,246
35.25,D3_D-Glucosaminic_Acid,243
35.5,D3_D-Glucosaminic_Acid,249
35.75,D3_D-Glucosaminic_Acid,241
36.0,D3_D-Glucosaminic_Acid,244
36.25,D3_D-Glucosaminic_Acid,245
36.5,D3_D-Glucosaminic_Acid,247
36.75,D3_D-Glucosaminic_Acid,246
37.0,D3_D-Glucosaminic_Acid,244
37.25,D3_D-Glucosaminic_Acid,244
37.5,D3_D-Glucosaminic_Acid,243
37.75,D3_D-Glucosaminic_Acid,244
38.0,D3_D-Glucosaminic_Acid,244
38.25,D3_D-Glucosaminic_Acid,245
38.5,D3_D-Glucosaminic_Acid,245
38.75,D3_D-Glucosaminic_Acid,238
39.0,D3_D-Glucosaminic_Acid,241
39.25,D3_D-Glucosaminic_Acid,244
39.5,D3_D-Glucosaminic_Acid,246
39.75,D3_D-Glucosaminic_Acid,239
40.0,D3_D-Glucosaminic_Acid,239
40.25,D3_D-Glucosaminic_Acid,242
40.5,D3_D-Glucosaminic_Acid,238
40.75,D3_D-Glucosaminic_Acid,237
41.0,D3_D-Glucosaminic_Acid,241
41.25,D3_D-Glucosaminic_Acid,239
41.5,D3_D-Glucosaminic_Acid,242
41.75,D3_D-Glucosaminic_Acid,240
42.0,D3_D-Glucosaminic_Acid,245
42.25,D3_D-Glucosaminic_Acid,236
42.5,D3_D-Glucosaminic_Acid,237
42.75,D3_D-Glucosaminic_Acid,239
43.0,D3_D-Glucosaminic_Acid,237
43.25,D3_D-Glucosaminic_Acid,234
43.5,D3_D-Glucosaminic_Acid,238
43.75,D3_D-Glucosaminic_Acid,232
44.0,D3_D-Glucosaminic_Acid,238
44.25,D3_D-Glucosaminic_Acid,239
44.5,D3_D-Glucosaminic_Acid,238
44.75,D3_D-Glucosaminic_Acid,236
45.0,D3_D-Glucosaminic_Acid,239
45.25,D3_D-Glucosaminic_Acid,237
45.5,D3_D-Glucosaminic_Acid,241
45.75,D3_D-Glucosaminic_Acid,236
46.0,D3_D-Glucosaminic_Acid,238
46.25,D3_D-Glucosaminic_Acid,238
46.5,D3_D-Glucosaminic_Acid,237
46.75,D3_D-Glucosaminic_Acid,234
47.0,D3_D-Glucosaminic_Acid,232
47.25,D3_D-Glucosaminic_Acid,234
47.5,D3_D-Glucosaminic_Acid,0
0.0,D4_1-2-Propanediol,11
0.25,D4_1-2-Propanediol,11
0.5,D4_1-2-Propanediol,11
0.75,D4_1-2-Propanediol,13
1.0,D4_1-2-Propanediol,11
1.25,D4_1-2-Propanediol,13
1.5,D4_1-2-Propanediol,13
1.75,D4_1-2-Propanediol,11
2.0,D4_1-2-Propanediol,11
2.25,D4_1-2-Propanediol,11
2.5,D4_1-2-Propanediol,11
2.75,D4_1-2-Propanediol,13
3.0,D4_1-2-Propanediol,11
3.25,D4_1-2-Propanediol,11
3.5,D4_1-2-Propanediol,12
3.75,D4_1-2-Propanediol,12
4.0,D4_1-2-Propanediol,11
4.25,D4_1-2-Propanediol,14
4.5,D4_1-2-Propanediol,13
4.75,D4_1-2-Propanediol,14
5.0,D4_1-2-Propanediol,14
5.25,D4_1-2-Propanediol,22
5.5,D4_1-2-Propanediol,19
5.75,D4_1-2-Propanediol,19
6.0,D4_1-2-Propanediol,16
6.25,D4_1-2-Propanediol,19
6.5,D4_1-2-Propanediol,23
6.75,D4_1-2-Propanediol,25
7.0,D4_1-2-Propanediol,22
7.25,D4_1-2-Propanediol,27
7.5,D4_1-2-Propanediol,29
7.75,D4_1-2-Propanediol,30
8.0,D4_1-2-Propanediol,35
8.25,D4_1-2-Propanediol,31
8.5,D4_1-2-Propanediol,30
8.75,D4_1-2-Propanediol,25
9.0,D4_1-2-Propanediol,26
9.25,D4_1-2-Propanediol,27
9.5,D4_1-2-Propanediol,27
9.75,D4_1-2-Propanediol,26
10.0,D4_1-2-Propanediol,31
10.25,D4_1-2-Propanediol,33
10.5,D4_1-2-Propanediol,33
10.75,D4_1-2-Propanediol,30
11.0,D4_1-2-Propanediol,30
11.25,D4_1-2-Propanediol,33
11.5,D4_1-2-Propanediol,36
11.75,D4_1-2-Propanediol,34
12.0,D4_1-2-Propanediol,29
12.25,D4_1-2-Propanediol,30
12.5,D4_1-2-Propanediol,30
12.75,D4_1-2-Propanediol,32
13.0,D4_1-2-Propanediol,31
13.25,D4_1-2-Propanediol,34
13.5,D4_1-2-Propanediol,37
13.75,D4_1-2-Propanediol,28
14.0,D4_1-2-Propanediol,31
14.25,D4_1-2-Propanediol,33
14.5,D4_1-2-Propanediol,32
14.75,D4_1-2-Propanediol,36
15.0,D4_1-2-Propanediol,35
15.25,D4_1-2-Propanediol,32
15.5,D4_1-2-Propanediol,34
15.75,D4_1-2-Propanediol,35
16.0,D4_1-2-Propanediol,37
16.25,D4_1-2-Propanediol,41
16.5,D4_1-2-Propanediol,36
16.75,D4_1-2-Propanediol,36
17.0,D4_1-2-Propanediol,37
17.25,D4_1-2-Propanediol,40
17.5,D4_1-2-Propanediol,35
17.75,D4_1-2-Propanediol,37
18.0,D4_1-2-Propanediol,37
18.25,D4_1-2-Propanediol,39
18.5,D4_1-2-Propanediol,39
18.75,D4_1-2-Propanediol,34
19.0,D4_1-2-Propanediol,40
19.25,D4_1-2-Propanediol,39
19.5,D4_1-2-Propanediol,37
19.75,D4_1-2-Propanediol,38
20.0,D4_1-2-Propanediol,38
20.25,D4_1-2-Propanediol,41
20.5,D4_1-2-Propanediol,42
20.75,D4_1-2-Propanediol,37
21.0,D4_1-2-Propanediol,41
21.25,D4_1-2-Propanediol,36
21.5,D4_1-2-Propanediol,36
21.75,D4_1-2-Propanediol,41
22.0,D4_1-2-Propanediol,41
22.25,D4_1-2-Propanediol,36
22.5,D4_1-2-Propanediol,37
22.75,D4_1-2-Propanediol,37
23.0,D4_1-2-Propanediol,40
23.25,D4_1-2-Propanediol,36
23.5,D4_1-2-Propanediol,41
23.75,D4_1-2-Propanediol,41
24.0,D4_1-2-Propanediol,39
24.25,D4_1-2-Propanediol,44
24.5,D4_1-2-Propanediol,37
24.75,D4_1-2-Propanediol,37
25.0,D4_1-2-Propanediol,39
25.25,D4_1-2-Propanediol,41
25.5,D4_1-2-Propanediol,39
25.75,D4_1-2-Propanediol,41
26.0,D4_1-2-Propanediol,37
26.25,D4_1-2-Propanediol,43
26.5,D4_1-2-Propanediol,40
26.75,D4_1-2-Propanediol,41
27.0,D4_1-2-Propanediol,39
27.25,D4_1-2-Propanediol,44
27.5,D4_1-2-Propanediol,40
27.75,D4_1-2-Propanediol,41
28.0,D4_1-2-Propanediol,38
28.25,D4_1-2-Propanediol,36
28.5,D4_1-2-Propanediol,45
28.75,D4_1-2-Propanediol,42
29.0,D4_1-2-Propanediol,44
29.25,D4_1-2-Propanediol,41
29.5,D4_1-2-Propanediol,41
29.75,D4_1-2-Propanediol,43
30.0,D4_1-2-Propanediol,37
30.25,D4_1-2-Propanediol,45
30.5,D4_1-2-Propanediol,40
30.75,D4_1-2-Propanediol,41
31.0,D4_1-2-Propanediol,45
31.25,D4_1-2-Propanediol,42
31.5,D4_1-2-Propanediol,40
31.75,D4_1-2-Propanediol,40
32.0,D4_1-2-Propanediol,42
32.25,D4_1-2-Propanediol,39
32.5,D4_1-2-Propanediol,41
32.75,D4_1-2-Propanediol,44
33.0,D4_1-2-Propanediol,41
33.25,D4_1-2-Propanediol,44
33.5,D4_1-2-Propanediol,40
33.75,D4_1-2-Propanediol,44
34.0,D4_1-2-Propanediol,43
34.25,D4_1-2-Propanediol,42
34.5,D4_1-2-Propanediol,44
34.75,D4_1-2-Propanediol,41
35.0,D4_1-2-Propanediol,44
35.25,D4_1-2-Propanediol,38
35.5,D4_1-2-Propanediol,45
35.75,D4_1-2-Propanediol,41
36.0,D4_1-2-Propanediol,42
36.25,D4_1-2-Propanediol,38
36.5,D4_1-2-Propanediol,45
36.75,D4_1-2-Propanediol,40
37.0,D4_1-2-Propanediol,43
37.25,D4_1-2-Propanediol,38
37.5,D4_1-2-Propanediol,38
37.75,D4_1-2-Propanediol,40
38.0,D4_1-2-Propanediol,41
38.25,D4_1-2-Propanediol,41
38.5,D4_1-2-Propanediol,45
38.75,D4_1-2-Propanediol,41
39.0,D4_1-2-Propanediol,42
39.25,D4_1-2-Propanediol,41
39.5,D4_1-2-Propanediol,40
39.75,D4_1-2-Propanediol,38
40.0,D4_1-2-Propanediol,38
40.25,D4_1-2-Propanediol,40
40.5,D4_1-2-Propanediol,42
40.75,D4_1-2-Propanediol,42
41.0,D4_1-2-Propanediol,38
41.25,D4_1-2-Propanediol,41
41.5,D4_1-2-Propanediol,41
41.75,D4_1-2-Propanediol,41
42.0,D4_1-2-Propanediol,43
42.25,D4_1-2-Propanediol,39
42.5,D4_1-2-Propanediol,40
42.75,D4_1-2-Propanediol,40
43.0,D4_1-2-Propanediol,38
43.25,D4_1-2-Propanediol,38
43.5,D4_1-2-Propanediol,40
43.75,D4_1-2-Propanediol,41
44.0,D4_1-2-Propanediol,42
44.25,D4_1-2-Propanediol,39
44.5,D4_1-2-Propanediol,41
44.75,D4_1-2-Propanediol,41
45.0,D4_1-2-Propanediol,39
45.25,D4_1-2-Propanediol,40
45.5,D4_1-2-Propanediol,39
45.75,D4_1-2-Propanediol,41
46.0,D4_1-2-Propanediol,40
46.25,D4_1-2-Propanediol,39
46.5,D4_1-2-Propanediol,38
46.75,D4_1-2-Propanediol,35
47.0,D4_1-2-Propanediol,40
47.25,D4_1-2-Propanediol,40
47.5,D4_1-2-Propanediol,0
0.0,D5_Tween_40,11
0.25,D5_Tween_40,11
0.5,D5_Tween_40,11
0.75,D5_Tween_40,11
1.0,D5_Tween_40,11
1.25,D5_Tween_40,11
1.5,D5_Tween_40,11
1.75,D5_Tween_40,11
2.0,D5_Tween_40,11
2.25,D5_Tween_40,12
2.5,D5_Tween_40,11
2.75,D5_Tween_40,11
3.0,D5_Tween_40,11
3.25,D5_Tween_40,11
3.5,D5_Tween_40,11
3.75,D5_Tween_40,11
4.0,D5_Tween_40,11
4.25,D5_Tween_40,11
4.5,D5_Tween_40,11
4.75,D5_Tween_40,11
5.0,D5_Tween_40,11
5.25,D5_Tween_40,14
5.5,D5_Tween_40,14
5.75,D5_Tween_40,16
6.0,D5_Tween_40,20
6.25,D5_Tween_40,13
6.5,D5_Tween_40,18
6.75,D5_Tween_40,23
7.0,D5_Tween_40,25
7.25,D5_Tween_40,28
7.5,D5_Tween_40,27
7.75,D5_Tween_40,30
8.0,D5_Tween_40,34
8.25,D5_Tween_40,35
8.5,D5_Tween_40,36
8.75,D5_Tween_40,38
9.0,D5_Tween_40,42
9.25,D5_Tween_40,42
9.5,D5_Tween_40,44
9.75,D5_Tween_40,53
10.0,D5_Tween_40,48
10.25,D5_Tween_40,51
10.5,D5_Tween_40,55
10.75,D5_Tween_40,59
11.0,D5_Tween_40,58
11.25,D5_Tween_40,61
11.5,D5_Tween_40,63
11.75,D5_Tween_40,66
12.0,D5_Tween_40,68
12.25,D5_Tween_40,69
12.5,D5_Tween_40,75
12.75,D5_Tween_40,78
13.0,D5_Tween_40,76
13.25,D5_Tween_40,79
13.5,D5_Tween_40,80
13.75,D5_Tween_40,89
14.0,D5_Tween_40,85
14.25,D5_Tween_40,94
14.5,D5_Tween_40,102
14.75,D5_Tween_40,100
15.0,D5_Tween_40,102
15.25,D5_Tween_40,103
15.5,D5_Tween_40,109
15.75,D5_Tween_40,111
16.0,D5_Tween_40,114
16.25,D5_Tween_40,118
16.5,D5_Tween_40,119
16.75,D5_Tween_40,121
17.0,D5_Tween_40,124
17.25,D5_Tween_40,128
17.5,D5_Tween_40,125
17.75,D5_Tween_40,128
18.0,D5_Tween_40,133
18.25,D5_Tween_40,137
18.5,D5_Tween_40,141
18.75,D5_Tween_40,142
19.0,D5_Tween_40,144
19.25,D5_Tween_40,146
19.5,D5_Tween_40,145
19.75,D5_Tween_40,149
20.0,D5_Tween_40,149
20.25,D5_Tween_40,153
20.5,D5_Tween_40,155
20.75,D5_Tween_40,159
21.0,D5_Tween_40,155
21.25,D5_Tween_40,159
21.5,D5_Tween_40,161
21.75,D5_Tween_40,165
22.0,D5_Tween_40,165
22.25,D5_Tween_40,163
22.5,D5_Tween_40,163
22.75,D5_Tween_40,165
23.0,D5_Tween_40,169
23.25,D5_Tween_40,169
23.5,D5_Tween_40,170
23.75,D5_Tween_40,172
24.0,D5_Tween_40,177
24.25,D5_Tween_40,173
24.5,D5_Tween_40,175
24.75,D5_Tween_40,170
25.0,D5_Tween_40,173
25.25,D5_Tween_40,174
25.5,D5_Tween_40,177
25.75,D5_Tween_40,176
26.0,D5_Tween_40,177
26.25,D5_Tween_40,182
26.5,D5_Tween_40,172
26.75,D5_Tween_40,177
27.0,D5_Tween_40,177
27.25,D5_Tween_40,179
27.5,D5_Tween_40,180
27.75,D5_Tween_40,182
28.0,D5_Tween_40,181
28.25,D5_Tween_40,178
28.5,D5_Tween_40,179
28.75,D5_Tween_40,179
29.0,D5_Tween_40,182
29.25,D5_Tween_40,178
29.5,D5_Tween_40,177
29.75,D5_Tween_40,181
30.0,D5_Tween_40,180
30.25,D5_Tween_40,182
30.5,D5_Tween_40,183
30.75,D5_Tween_40,185
31.0,D5_Tween_40,186
31.25,D5_Tween_40,181
31.5,D5_Tween_40,182
31.75,D5_Tween_40,183
32.0,D5_Tween_40,184
32.25,D5_Tween_40,186
32.5,D5_Tween_40,182
32.75,D5_Tween_40,184
33.0,D5_Tween_40,183
33.25,D5_Tween_40,184
33.5,D5_Tween_40,185
33.75,D5_Tween_40,189
34.0,D5_Tween_40,183
34.25,D5_Tween_40,185
34.5,D5_Tween_40,187
34.75,D5_Tween_40,185
35.0,D5_Tween_40,188
35.25,D5_Tween_40,185
35.5,D5_Tween_40,186
35.75,D5_Tween_40,186
36.0,D5_Tween_40,186
36.25,D5_Tween_40,185
36.5,D5_Tween_40,188
36.75,D5_Tween_40,187
37.0,D5_Tween_40,186
37.25,D5_Tween_40,187
37.5,D5_Tween_40,187
37.75,D5_Tween_40,187
38.0,D5_Tween_40,188
38.25,D5_Tween_40,185
38.5,D5_Tween_40,183
38.75,D5_Tween_40,188
39.0,D5_Tween_40,187
39.25,D5_Tween_40,185
39.5,D5_Tween_40,184
39.75,D5_Tween_40,185
40.0,D5_Tween_40,188
40.25,D5_Tween_40,187
40.5,D5_Tween_40,185
40.75,D5_Tween_40,186
41.0,D5_Tween_40,187
41.25,D5_Tween_40,185
41.5,D5_Tween_40,185
41.75,D5_Tween_40,187
42.0,D5_Tween_40,188
42.25,D5_Tween_40,187
42.5,D5_Tween_40,185
42.75,D5_Tween_40,185
43.0,D5_Tween_40,188
43.25,D5_Tween_40,184
43.5,D5_Tween_40,181
43.75,D5_Tween_40,186
44.0,D5_Tween_40,183
44.25,D5_Tween_40,184
44.5,D5_Tween_40,186
44.75,D5_Tween_40,187
45.0,D5_Tween_40,183
45.25,D5_Tween_40,185
45.5,D5_Tween_40,183
45.75,D5_Tween_40,183
46.0,D5_Tween_40,187
46.25,D5_Tween_40,183
46.5,D5_Tween_40,181
46.75,D5_Tween_40,184
47.0,D5_Tween_40,185
47.25,D5_Tween_40,186
47.5,D5_Tween_40,0
0.0,D6_a-Keto-Glutaric_Acid,11
0.25,D6_a-Keto-Glutaric_Acid,11
0.5,D6_a-Keto-Glutaric_Acid,11
0.75,D6_a-Keto-Glutaric_Acid,11
1.0,D6_a-Keto-Glutaric_Acid,11
1.25,D6_a-Keto-Glutaric_Acid,11
1.5,D6_a-Keto-Glutaric_Acid,13
1.75,D6_a-Keto-Glutaric_Acid,13
2.0,D6_a-Keto-Glutaric_Acid,11
2.25,D6_a-Keto-Glutaric_Acid,11
2.5,D6_a-Keto-Glutaric_Acid,11
2.75,D6_a-Keto-Glutaric_Acid,11
3.0,D6_a-Keto-Glutaric_Acid,12
3.25,D6_a-Keto-Glutaric_Acid,12
3.5,D6_a-Keto-Glutaric_Acid,11
3.75,D6_a-Keto-Glutaric_Acid,11
4.0,D6_a-Keto-Glutaric_Acid,11
4.25,D6_a-Keto-Glutaric_Acid,11
4.5,D6_a-Keto-Glutaric_Acid,11
4.75,D6_a-Keto-Glutaric_Acid,15
5.0,D6_a-Keto-Glutaric_Acid,16
5.25,D6_a-Keto-Glutaric_Acid,14
5.5,D6_a-Keto-Glutaric_Acid,16
5.75,D6_a-Keto-Glutaric_Acid,15
6.0,D6_a-Keto-Glutaric_Acid,17
6.25,D6_a-Keto-Glutaric_Acid,22
6.5,D6_a-Keto-Glutaric_Acid,17
6.75,D6_a-Keto-Glutaric_Acid,15
7.0,D6_a-Keto-Glutaric_Acid,21
7.25,D6_a-Keto-Glutaric_Acid,22
7.5,D6_a-Keto-Glutaric_Acid,22
7.75,D6_a-Keto-Glutaric_Acid,25
8.0,D6_a-Keto-Glutaric_Acid,23
8.25,D6_a-Keto-Glutaric_Acid,19
8.5,D6_a-Keto-Glutaric_Acid,21
8.75,D6_a-Keto-Glutaric_Acid,23
9.0,D6_a-Keto-Glutaric_Acid,19
9.25,D6_a-Keto-Glutaric_Acid,20
9.5,D6_a-Keto-Glutaric_Acid,23
9.75,D6_a-Keto-Glutaric_Acid,23
10.0,D6_a-Keto-Glutaric_Acid,24
10.25,D6_a-Keto-Glutaric_Acid,24
10.5,D6_a-Keto-Glutaric_Acid,29
10.75,D6_a-Keto-Glutaric_Acid,28
11.0,D6_a-Keto-Glutaric_Acid,20
11.25,D6_a-Keto-Glutaric_Acid,30
11.5,D6_a-Keto-Glutaric_Acid,26
11.75,D6_a-Keto-Glutaric_Acid,29
12.0,D6_a-Keto-Glutaric_Acid,34
12.25,D6_a-Keto-Glutaric_Acid,26
12.5,D6_a-Keto-Glutaric_Acid,27
12.75,D6_a-Keto-Glutaric_Acid,27
13.0,D6_a-Keto-Glutaric_Acid,27
13.25,D6_a-Keto-Glutaric_Acid,32
13.5,D6_a-Keto-Glutaric_Acid,29
13.75,D6_a-Keto-Glutaric_Acid,28
14.0,D6_a-Keto-Glutaric_Acid,30
14.25,D6_a-Keto-Glutaric_Acid,34
14.5,D6_a-Keto-Glutaric_Acid,32
14.75,D6_a-Keto-Glutaric_Acid,33
15.0,D6_a-Keto-Glutaric_Acid,35
15.25,D6_a-Keto-Glutaric_Acid,34
15.5,D6_a-Keto-Glutaric_Acid,33
15.75,D6_a-Keto-Glutaric_Acid,35
16.0,D6_a-Keto-Glutaric_Acid,34
16.25,D6_a-Keto-Glutaric_Acid,35
16.5,D6_a-Keto-Glutaric_Acid,41
16.75,D6_a-Keto-Glutaric_Acid,37
17.0,D6_a-Keto-Glutaric_Acid,39
17.25,D6_a-Keto-Glutaric_Acid,43
17.5,D6_a-Keto-Glutaric_Acid,39
17.75,D6_a-Keto-Glutaric_Acid,41
18.0,D6_a-Keto-Glutaric_Acid,44
18.25,D6_a-Keto-Glutaric_Acid,40
18.5,D6_a-Keto-Glutaric_Acid,43
18.75,D6_a-Keto-Glutaric_Acid,40
19.0,D6_a-Keto-Glutaric_Acid,38
19.25,D6_a-Keto-Glutaric_Acid,41
19.5,D6_a-Keto-Glutaric_Acid,43
19.75,D6_a-Keto-Glutaric_Acid,42
20.0,D6_a-Keto-Glutaric_Acid,45
20.25,D6_a-Keto-Glutaric_Acid,46
20.5,D6_a-Keto-Glutaric_Acid,46
20.75,D6_a-Keto-Glutaric_Acid,45
21.0,D6_a-Keto-Glutaric_Acid,48
21.25,D6_a-Keto-Glutaric_Acid,48
21.5,D6_a-Keto-Glutaric_Acid,45
21.75,D6_a-Keto-Glutaric_Acid,46
22.0,D6_a-Keto-Glutaric_Acid,50
22.25,D6_a-Keto-Glutaric_Acid,48
22.5,D6_a-Keto-Glutaric_Acid,49
22.75,D6_a-Keto-Glutaric_Acid,50
23.0,D6_a-Keto-Glutaric_Acid,51
23.25,D6_a-Keto-Glutaric_Acid,49
23.5,D6_a-Keto-Glutaric_Acid,51
23.75,D6_a-Keto-Glutaric_Acid,49
24.0,D6_a-Keto-Glutaric_Acid,51
24.25,D6_a-Keto-Glutaric_Acid,50
24.5,D6_a-Keto-Glutaric_Acid,57
24.75,D6_a-Keto-Glutaric_Acid,50
25.0,D6_a-Keto-Glutaric_Acid,54
25.25,D6_a-Keto-Glutaric_Acid,53
25.5,D6_a-Keto-Glutaric_Acid,55
25.75,D6_a-Keto-Glutaric_Acid,50
26.0,D6_a-Keto-Glutaric_Acid,54
26.25,D6_a-Keto-Glutaric_Acid,56
26.5,D6_a-Keto-Glutaric_Acid,57
26.75,D6_a-Keto-Glutaric_Acid,51
27.0,D6_a-Keto-Glutaric_Acid,56
27.25,D6_a-Keto-Glutaric_Acid,55
27.5,D6_a-Keto-Glutaric_Acid,57
27.75,D6_a-Keto-Glutaric_Acid,51
28.0,D6_a-Keto-Glutaric_Acid,58
28.25,D6_a-Keto-Glutaric_Acid,57
28.5,D6_a-Keto-Glutaric_Acid,59
28.75,D6_a-Keto-Glutaric_Acid,61
29.0,D6_a-Keto-Glutaric_Acid,61
29.25,D6_a-Keto-Glutaric_Acid,56
29.5,D6_a-Keto-Glutaric_Acid,53
29.75,D6_a-Keto-Glutaric_Acid,56
30.0,D6_a-Keto-Glutaric_Acid,59
30.25,D6_a-Keto-Glutaric_Acid,58
30.5,D6_a-Keto-Glutaric_Acid,62
30.75,D6_a-Keto-Glutaric_Acid,64
31.0,D6_a-Keto-Glutaric_Acid,65
31.25,D6_a-Keto-Glutaric_Acid,60
31.5,D6_a-Keto-Glutaric_Acid,61
31.75,D6_a-Keto-Glutaric_Acid,63
32.0,D6_a-Keto-Glutaric_Acid,65
32.25,D6_a-Keto-Glutaric_Acid,63
32.5,D6_a-Keto-Glutaric_Acid,61
32.75,D6_a-Keto-Glutaric_Acid,64
33.0,D6_a-Keto-Glutaric_Acid,63
33.25,D6_a-Keto-Glutaric_Acid,64
33.5,D6_a-Keto-Glutaric_Acid,66
33.75,D6_a-Keto-Glutaric_Acid,68
34.0,D6_a-Keto-Glutaric_Acid,62
34.25,D6_a-Keto-Glutaric_Acid,66
34.5,D6_a-Keto-Glutaric_Acid,63
34.75,D6_a-Keto-Glutaric_Acid,60
35.0,D6_a-Keto-Glutaric_Acid,68
35.25,D6_a-Keto-Glutaric_Acid,67
35.5,D6_a-Keto-Glutaric_Acid,67
35.75,D6_a-Keto-Glutaric_Acid,67
36.0,D6_a-Keto-Glutaric_Acid,67
36.25,D6_a-Keto-Glutaric_Acid,66
36.5,D6_a-Keto-Glutaric_Acid,63
36.75,D6_a-Keto-Glutaric_Acid,67
37.0,D6_a-Keto-Glutaric_Acid,65
37.25,D6_a-Keto-Glutaric_Acid,69
37.5,D6_a-Keto-Glutaric_Acid,69
37.75,D6_a-Keto-Glutaric_Acid,67
38.0,D6_a-Keto-Glutaric_Acid,73
38.25,D6_a-Keto-Glutaric_Acid,71
38.5,D6_a-Keto-Glutaric_Acid,71
38.75,D6_a-Keto-Glutaric_Acid,68
39.0,D6_a-Keto-Glutaric_Acid,66
39.25,D6_a-Keto-Glutaric_Acid,69
39.5,D6_a-Keto-Glutaric_Acid,71
39.75,D6_a-Keto-Glutaric_Acid,70
40.0,D6_a-Keto-Glutaric_Acid,69
40.25,D6_a-Keto-Glutaric_Acid,74
40.5,D6_a-Keto-Glutaric_Acid,70
40.75,D6_a-Keto-Glutaric_Acid,70
41.0,D6_a-Keto-Glutaric_Acid,71
41.25,D6_a-Keto-Glutaric_Acid,72
41.5,D6_a-Keto-Glutaric_Acid,72
41.75,D6_a-Keto-Glutaric_Acid,72
42.0,D6_a-Keto-Glutaric_Acid,73
42.25,D6_a-Keto-Glutaric_Acid,72
42.5,D6_a-Keto-Glutaric_Acid,70
42.75,D6_a-Keto-Glutaric_Acid,76
43.0,D6_a-Keto-Glutaric_Acid,73
43.25,D6_a-Keto-Glutaric_Acid,73
43.5,D6_a-Keto-Glutaric_Acid,72
43.75,D6_a-Keto-Glutaric_Acid,72
44.0,D6_a-Keto-Glutaric_Acid,72
44.25,D6_a-Keto-Glutaric_Acid,71
44.5,D6_a-Keto-Glutaric_Acid,71
44.75,D6_a-Keto-Glutaric_Acid,73
45.0,D6_a-Keto-Glutaric_Acid,75
45.25,D6_a-Keto-Glutaric_Acid,73
45.5,D6_a-Keto-Glutaric_Acid,75
45.75,D6_a-Keto-Glutaric_Acid,74
46.0,D6_a-Keto-Glutaric_Acid,78
46.25,D6_a-Keto-Glutaric_Acid,74
46.5,D6_a-Keto-Glutaric_Acid,82
46.75,D6_a-Keto-Glutaric_Acid,78
47.0,D6_a-Keto-Glutaric_Acid,78
47.25,D6_a-Keto-Glutaric_Acid,77
47.5,D6_a-Keto-Glutaric_Acid,0
0.0,D7_a-Keto-Butyric_Acid,19
0.25,D7_a-Keto-Butyric_Acid,12
0.5,D7_a-Keto-Butyric_Acid,11
0.75,D7_a-Keto-Butyric_Acid,11
1.0,D7_a-Keto-Butyric_Acid,11
1.25,D7_a-Keto-Butyric_Acid,11
1.5,D7_a-Keto-Butyric_Acid,11
1.75,D7_a-Keto-Butyric_Acid,11
2.0,D7_a-Keto-Butyric_Acid,11
2.25,D7_a-Keto-Butyric_Acid,12
2.5,D7_a-Keto-Butyric_Acid,11
2.75,D7_a-Keto-Butyric_Acid,11
3.0,D7_a-Keto-Butyric_Acid,14
3.25,D7_a-Keto-Butyric_Acid,11
3.5,D7_a-Keto-Butyric_Acid,16
3.75,D7_a-Keto-Butyric_Acid,11
4.0,D7_a-Keto-Butyric_Acid,11
4.25,D7_a-Keto-Butyric_Acid,14
4.5,D7_a-Keto-Butyric_Acid,13
4.75,D7_a-Keto-Butyric_Acid,12
5.0,D7_a-Keto-Butyric_Acid,14
5.25,D7_a-Keto-Butyric_Acid,14
5.5,D7_a-Keto-Butyric_Acid,18
5.75,D7_a-Keto-Butyric_Acid,15
6.0,D7_a-Keto-Butyric_Acid,17
6.25,D7_a-Keto-Butyric_Acid,19
6.5,D7_a-Keto-Butyric_Acid,22
6.75,D7_a-Keto-Butyric_Acid,20
7.0,D7_a-Keto-Butyric_Acid,23
7.25,D7_a-Keto-Butyric_Acid,25
7.5,D7_a-Keto-Butyric_Acid,26
7.75,D7_a-Keto-Butyric_Acid,25
8.0,D7_a-Keto-Butyric_Acid,28
8.25,D7_a-Keto-Butyric_Acid,31
8.5,D7_a-Keto-Butyric_Acid,30
8.75,D7_a-Keto-Butyric_Acid,33
9.0,D7_a-Keto-Butyric_Acid,34
9.25,D7_a-Keto-Butyric_Acid,38
9.5,D7_a-Keto-Butyric_Acid,36
9.75,D7_a-Keto-Butyric_Acid,35
10.0,D7_a-Keto-Butyric_Acid,37
10.25,D7_a-Keto-Butyric_Acid,36
10.5,D7_a-Keto-Butyric_Acid,38
10.75,D7_a-Keto-Butyric_Acid,39
11.0,D7_a-Keto-Butyric_Acid,37
11.25,D7_a-Keto-Butyric_Acid,41
11.5,D7_a-Keto-Butyric_Acid,39
11.75,D7_a-Keto-Butyric_Acid,42
12.0,D7_a-Keto-Butyric_Acid,42
12.25,D7_a-Keto-Butyric_Acid,41
12.5,D7_a-Keto-Butyric_Acid,45
12.75,D7_a-Keto-Butyric_Acid,45
13.0,D7_a-Keto-Butyric_Acid,46
13.25,D7_a-Keto-Butyric_Acid,50
13.5,D7_a-Keto-Butyric_Acid,48
13.75,D7_a-Keto-Butyric_Acid,49
14.0,D7_a-Keto-Butyric_Acid,48
14.25,D7_a-Keto-Butyric_Acid,50
14.5,D7_a-Keto-Butyric_Acid,46
14.75,D7_a-Keto-Butyric_Acid,52
15.0,D7_a-Keto-Butyric_Acid,48
15.25,D7_a-Keto-Butyric_Acid,54
15.5,D7_a-Keto-Butyric_Acid,49
15.75,D7_a-Keto-Butyric_Acid,54
16.0,D7_a-Keto-Butyric_Acid,51
16.25,D7_a-Keto-Butyric_Acid,52
16.5,D7_a-Keto-Butyric_Acid,55
16.75,D7_a-Keto-Butyric_Acid,54
17.0,D7_a-Keto-Butyric_Acid,52
17.25,D7_a-Keto-Butyric_Acid,54
17.5,D7_a-Keto-Butyric_Acid,51
17.75,D7_a-Keto-Butyric_Acid,51
18.0,D7_a-Keto-Butyric_Acid,57
18.25,D7_a-Keto-Butyric_Acid,57
18.5,D7_a-Keto-Butyric_Acid,54
18.75,D7_a-Keto-Butyric_Acid,51
19.0,D7_a-Keto-Butyric_Acid,56
19.25,D7_a-Keto-Butyric_Acid,52
19.5,D7_a-Keto-Butyric_Acid,51
19.75,D7_a-Keto-Butyric_Acid,57
20.0,D7_a-Keto-Butyric_Acid,59
20.25,D7_a-Keto-Butyric_Acid,59
20.5,D7_a-Keto-Butyric_Acid,58
20.75,D7_a-Keto-Butyric_Acid,59
21.0,D7_a-Keto-Butyric_Acid,52
21.25,D7_a-Keto-Butyric_Acid,58
21.5,D7_a-Keto-Butyric_Acid,56
21.75,D7_a-Keto-Butyric_Acid,56
22.0,D7_a-Keto-Butyric_Acid,61
22.25,D7_a-Keto-Butyric_Acid,61
22.5,D7_a-Keto-Butyric_Acid,61
22.75,D7_a-Keto-Butyric_Acid,62
23.0,D7_a-Keto-Butyric_Acid,57
23.25,D7_a-Keto-Butyric_Acid,62
23.5,D7_a-Keto-Butyric_Acid,66
23.75,D7_a-Keto-Butyric_Acid,67
24.0,D7_a-Keto-Butyric_Acid,66
24.25,D7_a-Keto-Butyric_Acid,69
24.5,D7_a-Keto-Butyric_Acid,68
24.75,D7_a-Keto-Butyric_Acid,67
25.0,D7_a-Keto-Butyric_Acid,68
25.25,D7_a-Keto-Butyric_Acid,66
25.5,D7_a-Keto-Butyric_Acid,66
25.75,D7_a-Keto-Butyric_Acid,69
26.0,D7_a-Keto-Butyric_Acid,69
26.25,D7_a-Keto-Butyric_Acid,69
26.5,D7_a-Keto-Butyric_Acid,69
26.75,D7_a-Keto-Butyric_Acid,69
27.0,D7_a-Keto-Butyric_Acid,71
27.25,D7_a-Keto-Butyric_Acid,75
27.5,D7_a-Keto-Butyric_Acid,70
27.75,D7_a-Keto-Butyric_Acid,75
28.0,D7_a-Keto-Butyric_Acid,71
28.25,D7_a-Keto-Butyric_Acid,73
28.5,D7_a-Keto-Butyric_Acid,70
28.75,D7_a-Keto-Butyric_Acid,76
29.0,D7_a-Keto-Butyric_Acid,73
29.25,D7_a-Keto-Butyric_Acid,72
29.5,D7_a-Keto-Butyric_Acid,74
29.75,D7_a-Keto-Butyric_Acid,77
30.0,D7_a-Keto-Butyric_Acid,73
30.25,D7_a-Keto-Butyric_Acid,78
30.5,D7_a-Keto-Butyric_Acid,76
30.75,D7_a-Keto-Butyric_Acid,79
31.0,D7_a-Keto-Butyric_Acid,81
31.25,D7_a-Keto-Butyric_Acid,81
31.5,D7_a-Keto-Butyric_Acid,79
31.75,D7_a-Keto-Butyric_Acid,81
32.0,D7_a-Keto-Butyric_Acid,83
32.25,D7_a-Keto-Butyric_Acid,81
32.5,D7_a-Keto-Butyric_Acid,84
32.75,D7_a-Keto-Butyric_Acid,81
33.0,D7_a-Keto-Butyric_Acid,85
33.25,D7_a-Keto-Butyric_Acid,84
33.5,D7_a-Keto-Butyric_Acid,84
33.75,D7_a-Keto-Butyric_Acid,86
34.0,D7_a-Keto-Butyric_Acid,81
34.25,D7_a-Keto-Butyric_Acid,83
34.5,D7_a-Keto-Butyric_Acid,82
34.75,D7_a-Keto-Butyric_Acid,87
35.0,D7_a-Keto-Butyric_Acid,90
35.25,D7_a-Keto-Butyric_Acid,83
35.5,D7_a-Keto-Butyric_Acid,85
35.75,D7_a-Keto-Butyric_Acid,89
36.0,D7_a-Keto-Butyric_Acid,88
36.25,D7_a-Keto-Butyric_Acid,85
36.5,D7_a-Keto-Butyric_Acid,91
36.75,D7_a-Keto-Butyric_Acid,90
37.0,D7_a-Keto-Butyric_Acid,92
37.25,D7_a-Keto-Butyric_Acid,86
37.5,D7_a-Keto-Butyric_Acid,90
37.75,D7_a-Keto-Butyric_Acid,91
38.0,D7_a-Keto-Butyric_Acid,91
38.25,D7_a-Keto-Butyric_Acid,91
38.5,D7_a-Keto-Butyric_Acid,91
38.75,D7_a-Keto-Butyric_Acid,90
39.0,D7_a-Keto-Butyric_Acid,89
39.25,D7_a-Keto-Butyric_Acid,92
39.5,D7_a-Keto-Butyric_Acid,90
39.75,D7_a-Keto-Butyric_Acid,93
40.0,D7_a-Keto-Butyric_Acid,91
40.25,D7_a-Keto-Butyric_Acid,96
40.5,D7_a-Keto-Butyric_Acid,94
40.75,D7_a-Keto-Butyric_Acid,91
41.0,D7_a-Keto-Butyric_Acid,94
41.25,D7_a-Keto-Butyric_Acid,94
41.5,D7_a-Keto-Butyric_Acid,94
41.75,D7_a-Keto-Butyric_Acid,100
42.0,D7_a-Keto-Butyric_Acid,96
42.25,D7_a-Keto-Butyric_Acid,95
42.5,D7_a-Keto-Butyric_Acid,99
42.75,D7_a-Keto-Butyric_Acid,99
43.0,D7_a-Keto-Butyric_Acid,99
43.25,D7_a-Keto-Butyric_Acid,94
43.5,D7_a-Keto-Butyric_Acid,96
43.75,D7_a-Keto-Butyric_Acid,95
44.0,D7_a-Keto-Butyric_Acid,96
44.25,D7_a-Keto-Butyric_Acid,101
44.5,D7_a-Keto-Butyric_Acid,98
44.75,D7_a-Keto-Butyric_Acid,103
45.0,D7_a-Keto-Butyric_Acid,100
45.25,D7_a-Keto-Butyric_Acid,100
45.5,D7_a-Keto-Butyric_Acid,103
45.75,D7_a-Keto-Butyric_Acid,101
46.0,D7_a-Keto-Butyric_Acid,98
46.25,D7_a-Keto-Butyric_Acid,103
46.5,D7_a-Keto-Butyric_Acid,101
46.75,D7_a-Keto-Butyric_Acid,105
47.0,D7_a-Keto-Butyric_Acid,104
47.25,D7_a-Keto-Butyric_Acid,102
47.5,D7_a-Keto-Butyric_Acid,0
0.0,D8_a-Methyl-D_Galactoside,11
0.25,D8_a-Methyl-D_Galactoside,13
0.5,D8_a-Methyl-D_Galactoside,11
0.75,D8_a-Methyl-D_Galactoside,13
1.0,D8_a-Methyl-D_Galactoside,15
1.25,D8_a-Methyl-D_Galactoside,13
1.5,D8_a-Methyl-D_Galactoside,12
1.75,D8_a-Methyl-D_Galactoside,11
2.0,D8_a-Methyl-D_Galactoside,13
2.25,D8_a-Methyl-D_Galactoside,13
2.5,D8_a-Methyl-D_Galactoside,11
2.75,D8_a-Methyl-D_Galactoside,11
3.0,D8_a-Methyl-D_Galactoside,14
3.25,D8_a-Methyl-D_Galactoside,11
3.5,D8_a-Methyl-D_Galactoside,11
3.75,D8_a-Methyl-D_Galactoside,17
4.0,D8_a-Methyl-D_Galactoside,11
4.25,D8_a-Methyl-D_Galactoside,11
4.5,D8_a-Methyl-D_Galactoside,16
4.75,D8_a-Methyl-D_Galactoside,18
5.0,D8_a-Methyl-D_Galactoside,14
5.25,D8_a-Methyl-D_Galactoside,15
5.5,D8_a-Methyl-D_Galactoside,19
5.75,D8_a-Methyl-D_Galactoside,16
6.0,D8_a-Methyl-D_Galactoside,22
6.25,D8_a-Methyl-D_Galactoside,22
6.5,D8_a-Methyl-D_Galactoside,20
6.75,D8_a-Methyl-D_Galactoside,20
7.0,D8_a-Methyl-D_Galactoside,23
7.25,D8_a-Methyl-D_Galactoside,25
7.5,D8_a-Methyl-D_Galactoside,24
7.75,D8_a-Methyl-D_Galactoside,22
8.0,D8_a-Methyl-D_Galactoside,24
8.25,D8_a-Methyl-D_Galactoside,23
8.5,D8_a-Methyl-D_Galactoside,26
8.75,D8_a-Methyl-D_Galactoside,26
9.0,D8_a-Methyl-D_Galactoside,25
9.25,D8_a-Methyl-D_Galactoside,23
9.5,D8_a-Methyl-D_Galactoside,28
9.75,D8_a-Methyl-D_Galactoside,27
10.0,D8_a-Methyl-D_Galactoside,24
10.25,D8_a-Methyl-D_Galactoside,27
10.5,D8_a-Methyl-D_Galactoside,34
10.75,D8_a-Methyl-D_Galactoside,30
11.0,D8_a-Methyl-D_Galactoside,28
11.25,D8_a-Methyl-D_Galactoside,25
11.5,D8_a-Methyl-D_Galactoside,25
11.75,D8_a-Methyl-D_Galactoside,28
12.0,D8_a-Methyl-D_Galactoside,26
12.25,D8_a-Methyl-D_Galactoside,22
12.5,D8_a-Methyl-D_Galactoside,24
12.75,D8_a-Methyl-D_Galactoside,27
13.0,D8_a-Methyl-D_Galactoside,28
13.25,D8_a-Methyl-D_Galactoside,28
13.5,D8_a-Methyl-D_Galactoside,25
13.75,D8_a-Methyl-D_Galactoside,27
14.0,D8_a-Methyl-D_Galactoside,27
14.25,D8_a-Methyl-D_Galactoside,29
14.5,D8_a-Methyl-D_Galactoside,31
14.75,D8_a-Methyl-D_Galactoside,27
15.0,D8_a-Methyl-D_Galactoside,29
15.25,D8_a-Methyl-D_Galactoside,30
15.5,D8_a-Methyl-D_Galactoside,35
15.75,D8_a-Methyl-D_Galactoside,29
16.0,D8_a-Methyl-D_Galactoside,34
16.25,D8_a-Methyl-D_Galactoside,32
16.5,D8_a-Methyl-D_Galactoside,34
16.75,D8_a-Methyl-D_Galactoside,28
17.0,D8_a-Methyl-D_Galactoside,34
17.25,D8_a-Methyl-D_Galactoside,31
17.5,D8_a-Methyl-D_Galactoside,32
17.75,D8_a-Methyl-D_Galactoside,31
18.0,D8_a-Methyl-D_Galactoside,35
18.25,D8_a-Methyl-D_Galactoside,35
18.5,D8_a-Methyl-D_Galactoside,37
18.75,D8_a-Methyl-D_Galactoside,38
19.0,D8_a-Methyl-D_Galactoside,35
19.25,D8_a-Methyl-D_Galactoside,34
19.5,D8_a-Methyl-D_Galactoside,27
19.75,D8_a-Methyl-D_Galactoside,35
20.0,D8_a-Methyl-D_Galactoside,32
20.25,D8_a-Methyl-D_Galactoside,32
20.5,D8_a-Methyl-D_Galactoside,33
20.75,D8_a-Methyl-D_Galactoside,36
21.0,D8_a-Methyl-D_Galactoside,35
21.25,D8_a-Methyl-D_Galactoside,35
21.5,D8_a-Methyl-D_Galactoside,36
21.75,D8_a-Methyl-D_Galactoside,35
22.0,D8_a-Methyl-D_Galactoside,34
22.25,D8_a-Methyl-D_Galactoside,32
22.5,D8_a-Methyl-D_Galactoside,28
22.75,D8_a-Methyl-D_Galactoside,30
23.0,D8_a-Methyl-D_Galactoside,38
23.25,D8_a-Methyl-D_Galactoside,36
23.5,D8_a-Methyl-D_Galactoside,29
23.75,D8_a-Methyl-D_Galactoside,33
24.0,D8_a-Methyl-D_Galactoside,41
24.25,D8_a-Methyl-D_Galactoside,35
24.5,D8_a-Methyl-D_Galactoside,37
24.75,D8_a-Methyl-D_Galactoside,39
25.0,D8_a-Methyl-D_Galactoside,39
25.25,D8_a-Methyl-D_Galactoside,40
25.5,D8_a-Methyl-D_Galactoside,35
25.75,D8_a-Methyl-D_Galactoside,35
26.0,D8_a-Methyl-D_Galactoside,37
26.25,D8_a-Methyl-D_Galactoside,33
26.5,D8_a-Methyl-D_Galactoside,27
26.75,D8_a-Methyl-D_Galactoside,30
27.0,D8_a-Methyl-D_Galactoside,36
27.25,D8_a-Methyl-D_Galactoside,33
27.5,D8_a-Methyl-D_Galactoside,36
27.75,D8_a-Methyl-D_Galactoside,37
28.0,D8_a-Methyl-D_Galactoside,32
28.25,D8_a-Methyl-D_Galactoside,33
28.5,D8_a-Methyl-D_Galactoside,30
28.75,D8_a-Methyl-D_Galactoside,34
29.0,D8_a-Methyl-D_Galactoside,34
29.25,D8_a-Methyl-D_Galactoside,34
29.5,D8_a-Methyl-D_Galactoside,30
29.75,D8_a-Methyl-D_Galactoside,32
30.0,D8_a-Methyl-D_Galactoside,31
30.25,D8_a-Methyl-D_Galactoside,33
30.5,D8_a-Methyl-D_Galactoside,36
30.75,D8_a-Methyl-D_Galactoside,34
31.0,D8_a-Methyl-D_Galactoside,35
31.25,D8_a-Methyl-D_Galactoside,36
31.5,D8_a-Methyl-D_Galactoside,33
31.75,D8_a-Methyl-D_Galactoside,34
32.0,D8_a-Methyl-D_Galactoside,35
32.25,D8_a-Methyl-D_Galactoside,36
32.5,D8_a-Methyl-D_Galactoside,34
32.75,D8_a-Methyl-D_Galactoside,37
33.0,D8_a-Methyl-D_Galactoside,32
33.25,D8_a-Methyl-D_Galactoside,31
33.5,D8_a-Methyl-D_Galactoside,35
33.75,D8_a-Methyl-D_Galactoside,30
34.0,D8_a-Methyl-D_Galactoside,34
34.25,D8_a-Methyl-D_Galactoside,34
34.5,D8_a-Methyl-D_Galactoside,36
34.75,D8_a-Methyl-D_Galactoside,35
35.0,D8_a-Methyl-D_Galactoside,39
35.25,D8_a-Methyl-D_Galactoside,38
35.5,D8_a-Methyl-D_Galactoside,36
35.75,D8_a-Methyl-D_Galactoside,37
36.0,D8_a-Methyl-D_Galactoside,34
36.25,D8_a-Methyl-D_Galactoside,37
36.5,D8_a-Methyl-D_Galactoside,33
36.75,D8_a-Methyl-D_Galactoside,37
37.0,D8_a-Methyl-D_Galactoside,33
37.25,D8_a-Methyl-D_Galactoside,33
37.5,D8_a-Methyl-D_Galactoside,34
37.75,D8_a-Methyl-D_Galactoside,33
38.0,D8_a-Methyl-D_Galactoside,31
38.25,D8_a-Methyl-D_Galactoside,33
38.5,D8_a-Methyl-D_Galactoside,33
38.75,D8_a-Methyl-D_Galactoside,37
39.0,D8_a-Methyl-D_Galactoside,40
39.25,D8_a-Methyl-D_Galactoside,36
39.5,D8_a-Methyl-D_Galactoside,33
39.75,D8_a-Methyl-D_Galactoside,35
40.0,D8_a-Methyl-D_Galactoside,40
40.25,D8_a-Methyl-D_Galactoside,34
40.5,D8_a-Methyl-D_Galactoside,34
40.75,D8_a-Methyl-D_Galactoside,36
41.0,D8_a-Methyl-D_Galactoside,35
41.25,D8_a-Methyl-D_Galactoside,35
41.5,D8_a-Methyl-D_Galactoside,33
41.75,D8_a-Methyl-D_Galactoside,35
42.0,D8_a-Methyl-D_Galactoside,37
42.25,D8_a-Methyl-D_Galactoside,37
42.5,D8_a-Methyl-D_Galactoside,39
42.75,D8_a-Methyl-D_Galactoside,30
43.0,D8_a-Methyl-D_Galactoside,35
43.25,D8_a-Methyl-D_Galactoside,36
43.5,D8_a-Methyl-D_Galactoside,39
43.75,D8_a-Methyl-D_Galactoside,39
44.0,D8_a-Methyl-D_Galactoside,35
44.25,D8_a-Methyl-D_Galactoside,33
44.5,D8_a-Methyl-D_Galactoside,33
44.75,D8_a-Methyl-D_Galactoside,31
45.0,D8_a-Methyl-D_Galactoside,30
45.25,D8_a-Methyl-D_Galactoside,39
45.5,D8_a-Methyl-D_Galactoside,32
45.75,D8_a-Methyl-D_Galactoside,31
46.0,D8_a-Methyl-D_Galactoside,38
46.25,D8_a-Methyl-D_Galactoside,34
46.5,D8_a-Methyl-D_Galactoside,32
46.75,D8_a-Methyl-D_Galactoside,39
47.0,D8_a-Methyl-D_Galactoside,35
47.25,D8_a-Methyl-D_Galactoside,38
47.5,D8_a-Methyl-D_Galactoside,0
0.0,D9_a-D-Lactose,41
0.25,D9_a-D-Lactose,28
0.5,D9_a-D-Lactose,18
0.75,D9_a-D-Lactose,11
1.0,D9_a-D-Lactose,11
1.25,D9_a-D-Lactose,11
1.5,D9_a-D-Lactose,11
1.75,D9_a-D-Lactose,11
2.0,D9_a-D-Lactose,12
2.25,D9_a-D-Lactose,12
2.5,D9_a-D-Lactose,12
2.75,D9_a-D-Lactose,11
3.0,D9_a-D-Lactose,12
3.25,D9_a-D-Lactose,12
3.5,D9_a-D-Lactose,12
3.75,D9_a-D-Lactose,12
4.0,D9_a-D-Lactose,14
4.25,D9_a-D-Lactose,12
4.5,D9_a-D-Lactose,16
4.75,D9_a-D-Lactose,12
5.0,D9_a-D-Lactose,11
5.25,D9_a-D-Lactose,14
5.5,D9_a-D-Lactose,14
5.75,D9_a-D-Lactose,20
6.0,D9_a-D-Lactose,17
6.25,D9_a-D-Lactose,17
6.5,D9_a-D-Lactose,22
6.75,D9_a-D-Lactose,21
7.0,D9_a-D-Lactose,17
7.25,D9_a-D-Lactose,25
7.5,D9_a-D-Lactose,26
7.75,D9_a-D-Lactose,25
8.0,D9_a-D-Lactose,25
8.25,D9_a-D-Lactose,28
8.5,D9_a-D-Lactose,28
8.75,D9_a-D-Lactose,31
9.0,D9_a-D-Lactose,31
9.25,D9_a-D-Lactose,36
9.5,D9_a-D-Lactose,40
9.75,D9_a-D-Lactose,40
10.0,D9_a-D-Lactose,47
10.25,D9_a-D-Lactose,49
10.5,D9_a-D-Lactose,58
10.75,D9_a-D-Lactose,59
11.0,D9_a-D-Lactose,63
11.25,D9_a-D-Lactose,64
11.5,D9_a-D-Lactose,78
11.75,D9_a-D-Lactose,80
12.0,D9_a-D-Lactose,85
12.25,D9_a-D-Lactose,84
12.5,D9_a-D-Lactose,94
12.75,D9_a-D-Lactose,103
13.0,D9_a-D-Lactose,107
13.25,D9_a-D-Lactose,114
13.5,D9_a-D-Lactose,118
13.75,D9_a-D-Lactose,127
14.0,D9_a-D-Lactose,128
14.25,D9_a-D-Lactose,139
14.5,D9_a-D-Lactose,147
14.75,D9_a-D-Lactose,148
15.0,D9_a-D-Lactose,158
15.25,D9_a-D-Lactose,165
15.5,D9_a-D-Lactose,171
15.75,D9_a-D-Lactose,179
16.0,D9_a-D-Lactose,181
16.25,D9_a-D-Lactose,185
16.5,D9_a-D-Lactose,193
16.75,D9_a-D-Lactose,194
17.0,D9_a-D-Lactose,201
17.25,D9_a-D-Lactose,207
17.5,D9_a-D-Lactose,212
17.75,D9_a-D-Lactose,216
18.0,D9_a-D-Lactose,219
18.25,D9_a-D-Lactose,220
18.5,D9_a-D-Lactose,228
18.75,D9_a-D-Lactose,230
19.0,D9_a-D-Lactose,231
19.25,D9_a-D-Lactose,237
19.5,D9_a-D-Lactose,237
19.75,D9_a-D-Lactose,237
20.0,D9_a-D-Lactose,244
20.25,D9_a-D-Lactose,245
20.5,D9_a-D-Lactose,244
20.75,D9_a-D-Lactose,249
21.0,D9_a-D-Lactose,249
21.25,D9_a-D-Lactose,252
21.5,D9_a-D-Lactose,253
21.75,D9_a-D-Lactose,255
22.0,D9_a-D-Lactose,256
22.25,D9_a-D-Lactose,259
22.5,D9_a-D-Lactose,259
22.75,D9_a-D-Lactose,258
23.0,D9_a-D-Lactose,261
23.25,D9_a-D-Lactose,261
23.5,D9_a-D-Lactose,266
23.75,D9_a-D-Lactose,267
24.0,D9_a-D-Lactose,270
24.25,D9_a-D-Lactose,269
24.5,D9_a-D-Lactose,272
24.75,D9_a-D-Lactose,270
25.0,D9_a-D-Lactose,275
25.25,D9_a-D-Lactose,273
25.5,D9_a-D-Lactose,273
25.75,D9_a-D-Lactose,272
26.0,D9_a-D-Lactose,271
26.25,D9_a-D-Lactose,273
26.5,D9_a-D-Lactose,273
26.75,D9_a-D-Lactose,275
27.0,D9_a-D-Lactose,274
27.25,D9_a-D-Lactose,273
27.5,D9_a-D-Lactose,277
27.75,D9_a-D-Lactose,274
28.0,D9_a-D-Lactose,278
28.25,D9_a-D-Lactose,276
28.5,D9_a-D-Lactose,275
28.75,D9_a-D-Lactose,278
29.0,D9_a-D-Lactose,274
29.25,D9_a-D-Lactose,278
29.5,D9_a-D-Lactose,276
29.75,D9_a-D-Lactose,277
30.0,D9_a-D-Lactose,279
30.25,D9_a-D-Lactose,278
30.5,D9_a-D-Lactose,279
30.75,D9_a-D-Lactose,278
31.0,D9_a-D-Lactose,284
31.25,D9_a-D-Lactose,281
31.5,D9_a-D-Lactose,281
31.75,D9_a-D-Lactose,279
32.0,D9_a-D-Lactose,280
32.25,D9_a-D-Lactose,280
32.5,D9_a-D-Lactose,280
32.75,D9_a-D-Lactose,281
33.0,D9_a-D-Lactose,282
33.25,D9_a-D-Lactose,283
33.5,D9_a-D-Lactose,282
33.75,D9_a-D-Lactose,282
34.0,D9_a-D-Lactose,279
34.25,D9_a-D-Lactose,282
34.5,D9_a-D-Lactose,282
34.75,D9_a-D-Lactose,281
35.0,D9_a-D-Lactose,283
35.25,D9_a-D-Lactose,283
35.5,D9_a-D-Lactose,284
35.75,D9_a-D-Lactose,286
36.0,D9_a-D-Lactose,284
36.25,D9_a-D-Lactose,284
36.5,D9_a-D-Lactose,281
36.75,D9_a-D-Lactose,284
37.0,D9_a-D-Lactose,281
37.25,D9_a-D-Lactose,283
37.5,D9_a-D-Lactose,282
37.75,D9_a-D-Lactose,281
38.0,D9_a-D-Lactose,285
38.25,D9_a-D-Lactose,286
38.5,D9_a-D-Lactose,285
38.75,D9_a-D-Lactose,287
39.0,D9_a-D-Lactose,285
39.25,D9_a-D-Lactose,283
39.5,D9_a-D-Lactose,284
39.75,D9_a-D-Lactose,289
40.0,D9_a-D-Lactose,288
40.25,D9_a-D-Lactose,285
40.5,D9_a-D-Lactose,285
40.75,D9_a-D-Lactose,288
41.0,D9_a-D-Lactose,284
41.25,D9_a-D-Lactose,288
41.5,D9_a-D-Lactose,283
41.75,D9_a-D-Lactose,283
42.0,D9_a-D-Lactose,285
42.25,D9_a-D-Lactose,288
42.5,D9_a-D-Lactose,285
42.75,D9_a-D-Lactose,282
43.0,D9_a-D-Lactose,283
43.25,D9_a-D-Lactose,287
43.5,D9_a-D-Lactose,284
43.75,D9_a-D-Lactose,285
44.0,D9_a-D-Lactose,286
44.25,D9_a-D-Lactose,287
44.5,D9_a-D-Lactose,287
44.75,D9_a-D-Lactose,285
45.0,D9_a-D-Lactose,288
45.25,D9_a-D-Lactose,289
45.5,D9_a-D-Lactose,286
45.75,D9_a-D-Lactose,291
46.0,D9_a-D-Lactose,288
46.25,D9_a-D-Lactose,288
46.5,D9_a-D-Lactose,288
46.75,D9_a-D-Lactose,291
47.0,D9_a-D-Lactose,288
47.25,D9_a-D-Lactose,291
47.5,D9_a-D-Lactose,0
0.0,D10_Lactulose,18
0.25,D10_Lactulose,11
0.5,D10_Lactulose,11
0.75,D10_Lactulose,12
1.0,D10_Lactulose,11
1.25,D10_Lactulose,11
1.5,D10_Lactulose,11
1.75,D10_Lactulose,11
2.0,D10_Lactulose,14
2.25,D10_Lactulose,11
2.5,D10_Lactulose,11
2.75,D10_Lactulose,11
3.0,D10_Lactulose,11
3.25,D10_Lactulose,11
3.5,D10_Lactulose,11
3.75,D10_Lactulose,11
4.0,D10_Lactulose,11
4.25,D10_Lactulose,11
4.5,D10_Lactulose,11
4.75,D10_Lactulose,11
5.0,D10_Lactulose,11
5.25,D10_Lactulose,11
5.5,D10_Lactulose,15
5.75,D10_Lactulose,11
6.0,D10_Lactulose,15
6.25,D10_Lactulose,14
6.5,D10_Lactulose,16
6.75,D10_Lactulose,15
7.0,D10_Lactulose,18
7.25,D10_Lactulose,17
7.5,D10_Lactulose,21
7.75,D10_Lactulose,23
8.0,D10_Lactulose,24
8.25,D10_Lactulose,23
8.5,D10_Lactulose,22
8.75,D10_Lactulose,21
9.0,D10_Lactulose,24
9.25,D10_Lactulose,21
9.5,D10_Lactulose,21
9.75,D10_Lactulose,25
10.0,D10_Lactulose,24
10.25,D10_Lactulose,27
10.5,D10_Lactulose,27
10.75,D10_Lactulose,28
11.0,D10_Lactulose,26
11.25,D10_Lactulose,31
11.5,D10_Lactulose,29
11.75,D10_Lactulose,31
12.0,D10_Lactulose,31
12.25,D10_Lactulose,31
12.5,D10_Lactulose,35
12.75,D10_Lactulose,36
13.0,D10_Lactulose,38
13.25,D10_Lactulose,38
13.5,D10_Lactulose,43
13.75,D10_Lactulose,49
14.0,D10_Lactulose,53
14.25,D10_Lactulose,55
14.5,D10_Lactulose,56
14.75,D10_Lactulose,63
15.0,D10_Lactulose,71
15.25,D10_Lactulose,74
15.5,D10_Lactulose,80
15.75,D10_Lactulose,86
16.0,D10_Lactulose,89
16.25,D10_Lactulose,99
16.5,D10_Lactulose,100
16.75,D10_Lactulose,107
17.0,D10_Lactulose,110
17.25,D10_Lactulose,118
17.5,D10_Lactulose,122
17.75,D10_Lactulose,124
18.0,D10_Lactulose,132
18.25,D10_Lactulose,134
18.5,D10_Lactulose,143
18.75,D10_Lactulose,148
19.0,D10_Lactulose,154
19.25,D10_Lactulose,159
19.5,D10_Lactulose,159
19.75,D10_Lactulose,166
20.0,D10_Lactulose,174
20.25,D10_Lactulose,177
20.5,D10_Lactulose,182
20.75,D10_Lactulose,182
21.0,D10_Lactulose,186
21.25,D10_Lactulose,192
21.5,D10_Lactulose,200
21.75,D10_Lactulose,201
22.0,D10_Lactulose,206
22.25,D10_Lactulose,214
22.5,D10_Lactulose,212
22.75,D10_Lactulose,211
23.0,D10_Lactulose,213
23.25,D10_Lactulose,220
23.5,D10_Lactulose,231
23.75,D10_Lactulose,232
24.0,D10_Lactulose,229
24.25,D10_Lactulose,237
24.5,D10_Lactulose,234
24.75,D10_Lactulose,237
25.0,D10_Lactulose,241
25.25,D10_Lactulose,242
25.5,D10_Lactulose,244
25.75,D10_Lactulose,246
26.0,D10_Lactulose,250
26.25,D10_Lactulose,256
26.5,D10_Lactulose,253
26.75,D10_Lactulose,254
27.0,D10_Lactulose,255
27.25,D10_Lactulose,256
27.5,D10_Lactulose,260
27.75,D10_Lactulose,257
28.0,D10_Lactulose,258
28.25,D10_Lactulose,263
28.5,D10_Lactulose,263
28.75,D10_Lactulose,264
29.0,D10_Lactulose,266
29.25,D10_Lactulose,265
29.5,D10_Lactulose,267
29.75,D10_Lactulose,269
30.0,D10_Lactulose,271
30.25,D10_Lactulose,267
30.5,D10_Lactulose,274
30.75,D10_Lactulose,276
31.0,D10_Lactulose,272
31.25,D10_Lactulose,277
31.5,D10_Lactulose,277
31.75,D10_Lactulose,277
32.0,D10_Lactulose,280
32.25,D10_Lactulose,280
32.5,D10_Lactulose,278
32.75,D10_Lactulose,278
33.0,D10_Lactulose,281
33.25,D10_Lactulose,284
33.5,D10_Lactulose,284
33.75,D10_Lactulose,284
34.0,D10_Lactulose,284
34.25,D10_Lactulose,284
34.5,D10_Lactulose,283
34.75,D10_Lactulose,279
35.0,D10_Lactulose,283
35.25,D10_Lactulose,285
35.5,D10_Lactulose,285
35.75,D10_Lactulose,287
36.0,D10_Lactulose,287
36.25,D10_Lactulose,285
36.5,D10_Lactulose,287
36.75,D10_Lactulose,286
37.0,D10_Lactulose,290
37.25,D10_Lactulose,290
37.5,D10_Lactulose,288
37.75,D10_Lactulose,287
38.0,D10_Lactulose,292
38.25,D10_Lactulose,290
38.5,D10_Lactulose,291
38.75,D10_Lactulose,294
39.0,D10_Lactulose,292
39.25,D10_Lactulose,288
39.5,D10_Lactulose,292
39.75,D10_Lactulose,291
40.0,D10_Lactulose,293
40.25,D10_Lactulose,290
40.5,D10_Lactulose,293
40.75,D10_Lactulose,293
41.0,D10_Lactulose,296
41.25,D10_Lactulose,295
41.5,D10_Lactulose,291
41.75,D10_Lactulose,296
42.0,D10_Lactulose,297
42.25,D10_Lactulose,297
42.5,D10_Lactulose,296
42.75,D10_Lactulose,294
43.0,D10_Lactulose,294
43.25,D10_Lactulose,297
43.5,D10_Lactulose,296
43.75,D10_Lactulose,299
44.0,D10_Lactulose,295
44.25,D10_Lactulose,298
44.5,D10_Lactulose,297
44.75,D10_Lactulose,297
45.0,D10_Lactulose,300
45.25,D10_Lactulose,301
45.5,D10_Lactulose,296
45.75,D10_Lactulose,300
46.0,D10_Lactulose,298
46.25,D10_Lactulose,300
46.5,D10_Lactulose,300
46.75,D10_Lactulose,306
47.0,D10_Lactulose,304
47.25,D10_Lactulose,303
47.5,D10_Lactulose,0
0.0,D11_Sucrose,11
0.25,D11_Sucrose,20
0.5,D11_Sucrose,18
0.75,D11_Sucrose,13
1.0,D11_Sucrose,13
1.25,D11_Sucrose,16
1.5,D11_Sucrose,15
1.75,D11_Sucrose,11
2.0,D11_Sucrose,19
2.25,D11_Sucrose,17
2.5,D11_Sucrose,13
2.75,D11_Sucrose,11
3.0,D11_Sucrose,17
3.25,D11_Sucrose,16
3.5,D11_Sucrose,13
3.75,D11_Sucrose,16
4.0,D11_Sucrose,13
4.25,D11_Sucrose,16
4.5,D11_Sucrose,18
4.75,D11_Sucrose,17
5.0,D11_Sucrose,15
5.25,D11_Sucrose,17
5.5,D11_Sucrose,19
5.75,D11_Sucrose,20
6.0,D11_Sucrose,24
6.25,D11_Sucrose,25
6.5,D11_Sucrose,24
6.75,D11_Sucrose,20
7.0,D11_Sucrose,24
7.25,D11_Sucrose,27
7.5,D11_Sucrose,31
7.75,D11_Sucrose,30
8.0,D11_Sucrose,27
8.25,D11_Sucrose,23
8.5,D11_Sucrose,31
8.75,D11_Sucrose,31
9.0,D11_Sucrose,28
9.25,D11_Sucrose,28
9.5,D11_Sucrose,31
9.75,D11_Sucrose,31
10.0,D11_Sucrose,20
10.25,D11_Sucrose,28
10.5,D11_Sucrose,31
10.75,D11_Sucrose,31
11.0,D11_Sucrose,26
11.25,D11_Sucrose,30
11.5,D11_Sucrose,34
11.75,D11_Sucrose,32
12.0,D11_Sucrose,33
12.25,D11_Sucrose,24
12.5,D11_Sucrose,29
12.75,D11_Sucrose,35
13.0,D11_Sucrose,34
13.25,D11_Sucrose,36
13.5,D11_Sucrose,31
13.75,D11_Sucrose,35
14.0,D11_Sucrose,32
14.25,D11_Sucrose,29
14.5,D11_Sucrose,32
14.75,D11_Sucrose,30
15.0,D11_Sucrose,32
15.25,D11_Sucrose,34
15.5,D11_Sucrose,34
15.75,D11_Sucrose,35
16.0,D11_Sucrose,38
16.25,D11_Sucrose,36
16.5,D11_Sucrose,36
16.75,D11_Sucrose,31
17.0,D11_Sucrose,36
17.25,D11_Sucrose,37
17.5,D11_Sucrose,37
17.75,D11_Sucrose,32
18.0,D11_Sucrose,41
18.25,D11_Sucrose,35
18.5,D11_Sucrose,40
18.75,D11_Sucrose,34
19.0,D11_Sucrose,36
19.25,D11_Sucrose,34
19.5,D11_Sucrose,34
19.75,D11_Sucrose,36
20.0,D11_Sucrose,44
20.25,D11_Sucrose,41
20.5,D11_Sucrose,38
20.75,D11_Sucrose,44
21.0,D11_Sucrose,35
21.25,D11_Sucrose,41
21.5,D11_Sucrose,37
21.75,D11_Sucrose,39
22.0,D11_Sucrose,37
22.25,D11_Sucrose,35
22.5,D11_Sucrose,38
22.75,D11_Sucrose,37
23.0,D11_Sucrose,42
23.25,D11_Sucrose,37
23.5,D11_Sucrose,37
23.75,D11_Sucrose,35
24.0,D11_Sucrose,36
24.25,D11_Sucrose,37
24.5,D11_Sucrose,43
24.75,D11_Sucrose,40
25.0,D11_Sucrose,38
25.25,D11_Sucrose,43
25.5,D11_Sucrose,42
25.75,D11_Sucrose,41
26.0,D11_Sucrose,42
26.25,D11_Sucrose,40
26.5,D11_Sucrose,37
26.75,D11_Sucrose,37
27.0,D11_Sucrose,42
27.25,D11_Sucrose,33
27.5,D11_Sucrose,38
27.75,D11_Sucrose,39
28.0,D11_Sucrose,42
28.25,D11_Sucrose,37
28.5,D11_Sucrose,32
28.75,D11_Sucrose,39
29.0,D11_Sucrose,40
29.25,D11_Sucrose,35
29.5,D11_Sucrose,32
29.75,D11_Sucrose,37
30.0,D11_Sucrose,36
30.25,D11_Sucrose,42
30.5,D11_Sucrose,43
30.75,D11_Sucrose,35
31.0,D11_Sucrose,42
31.25,D11_Sucrose,35
31.5,D11_Sucrose,32
31.75,D11_Sucrose,34
32.0,D11_Sucrose,35
32.25,D11_Sucrose,38
32.5,D11_Sucrose,35
32.75,D11_Sucrose,42
33.0,D11_Sucrose,43
33.25,D11_Sucrose,36
33.5,D11_Sucrose,41
33.75,D11_Sucrose,38
34.0,D11_Sucrose,37
34.25,D11_Sucrose,35
34.5,D11_Sucrose,40
34.75,D11_Sucrose,37
35.0,D11_Sucrose,38
35.25,D11_Sucrose,39
35.5,D11_Sucrose,45
35.75,D11_Sucrose,42
36.0,D11_Sucrose,38
36.25,D11_Sucrose,39
36.5,D11_Sucrose,37
36.75,D11_Sucrose,40
37.0,D11_Sucrose,38
37.25,D11_Sucrose,39
37.5,D11_Sucrose,37
37.75,D11_Sucrose,38
38.0,D11_Sucrose,40
38.25,D11_Sucrose,40
38.5,D11_Sucrose,44
38.75,D11_Sucrose,40
39.0,D11_Sucrose,41
39.25,D11_Sucrose,38
39.5,D11_Sucrose,37
39.75,D11_Sucrose,39
40.0,D11_Sucrose,42
40.25,D11_Sucrose,33
40.5,D11_Sucrose,45
40.75,D11_Sucrose,43
41.0,D11_Sucrose,37
41.25,D11_Sucrose,39
41.5,D11_Sucrose,39
41.75,D11_Sucrose,37
42.0,D11_Sucrose,37
42.25,D11_Sucrose,41
42.5,D11_Sucrose,39
42.75,D11_Sucrose,39
43.0,D11_Sucrose,39
43.25,D11_Sucrose,40
43.5,D11_Sucrose,41
43.75,D11_Sucrose,43
44.0,D11_Sucrose,39
44.25,D11_Sucrose,33
44.5,D11_Sucrose,39
44.75,D11_Sucrose,39
45.0,D11_Sucrose,38
45.25,D11_Sucrose,38
45.5,D11_Sucrose,35
45.75,D11_Sucrose,37
46.0,D11_Sucrose,40
46.25,D11_Sucrose,39
46.5,D11_Sucrose,40
46.75,D11_Sucrose,45
47.0,D11_Sucrose,40
47.25,D11_Sucrose,39
47.5,D11_Sucrose,0
0.0,D12_Uridine,38
0.25,D12_Uridine,17
0.5,D12_Uridine,22
0.75,D12_Uridine,23
1.0,D12_Uridine,23
1.25,D12_Uridine,21
1.5,D12_Uridine,23
1.75,D12_Uridine,21
2.0,D12_Uridine,24
2.25,D12_Uridine,25
2.5,D12_Uridine,20
2.75,D12_Uridine,20
3.0,D12_Uridine,25
3.25,D12_Uridine,21
3.5,D12_Uridine,28
3.75,D12_Uridine,22
4.0,D12_Uridine,24
4.25,D12_Uridine,27
4.5,D12_Uridine,22
4.75,D12_Uridine,29
5.0,D12_Uridine,25
5.25,D12_Uridine,28
5.5,D12_Uridine,28
5.75,D12_Uridine,33
6.0,D12_Uridine,36
6.25,D12_Uridine,32
6.5,D12_Uridine,35
6.75,D12_Uridine,35
7.0,D12_Uridine,37
7.25,D12_Uridine,35
7.5,D12_Uridine,40
7.75,D12_Uridine,40
8.0,D12_Uridine,38
8.25,D12_Uridine,37
8.5,D12_Uridine,42
8.75,D12_Uridine,39
9.0,D12_Uridine,41
9.25,D12_Uridine,45
9.5,D12_Uridine,41
9.75,D12_Uridine,36
10.0,D12_Uridine,38
10.25,D12_Uridine,41
10.5,D12_Uridine,42
10.75,D12_Uridine,43
11.0,D12_Uridine,38
11.25,D12_Uridine,40
11.5,D12_Uridine,41
11.75,D12_Uridine,42
12.0,D12_Uridine,40
12.25,D12_Uridine,41
12.5,D12_Uridine,43
12.75,D12_Uridine,43
13.0,D12_Uridine,41
13.25,D12_Uridine,43
13.5,D12_Uridine,41
13.75,D12_Uridine,42
14.0,D12_Uridine,39
14.25,D12_Uridine,43
14.5,D12_Uridine,45
14.75,D12_Uridine,44
15.0,D12_Uridine,41
15.25,D12_Uridine,44
15.5,D12_Uridine,47
15.75,D12_Uridine,44
16.0,D12_Uridine,47
16.25,D12_Uridine,48
16.5,D12_Uridine,45
16.75,D12_Uridine,42
17.0,D12_Uridine,48
17.25,D12_Uridine,48
17.5,D12_Uridine,48
17.75,D12_Uridine,48
18.0,D12_Uridine,48
18.25,D12_Uridine,45
18.5,D12_Uridine,52
18.75,D12_Uridine,51
19.0,D12_Uridine,49
19.25,D12_Uridine,50
19.5,D12_Uridine,53
19.75,D12_Uridine,51
20.0,D12_Uridine,50
20.25,D12_Uridine,49
20.5,D12_Uridine,50
20.75,D12_Uridine,53
21.0,D12_Uridine,52
21.25,D12_Uridine,48
21.5,D12_Uridine,51
21.75,D12_Uridine,52
22.0,D12_Uridine,54
22.25,D12_Uridine,48
22.5,D12_Uridine,49
22.75,D12_Uridine,51
23.0,D12_Uridine,50
23.25,D12_Uridine,48
23.5,D12_Uridine,54
23.75,D12_Uridine,52
24.0,D12_Uridine,50
24.25,D12_Uridine,52
24.5,D12_Uridine,53
24.75,D12_Uridine,52
25.0,D12_Uridine,53
25.25,D12_Uridine,51
25.5,D12_Uridine,53
25.75,D12_Uridine,54
26.0,D12_Uridine,59
26.25,D12_Uridine,51
26.5,D12_Uridine,52
26.75,D12_Uridine,52
27.0,D12_Uridine,59
27.25,D12_Uridine,49
27.5,D12_Uridine,53
27.75,D12_Uridine,53
28.0,D12_Uridine,54
28.25,D12_Uridine,52
28.5,D12_Uridine,50
28.75,D12_Uridine,57
29.0,D12_Uridine,56
29.25,D12_Uridine,58
29.5,D12_Uridine,56
29.75,D12_Uridine,55
30.0,D12_Uridine,52
30.25,D12_Uridine,56
30.5,D12_Uridine,56
30.75,D12_Uridine,52
31.0,D12_Uridine,62
31.25,D12_Uridine,55
31.5,D12_Uridine,56
31.75,D12_Uridine,55
32.0,D12_Uridine,54
32.25,D12_Uridine,57
32.5,D12_Uridine,56
32.75,D12_Uridine,57
33.0,D12_Uridine,53
33.25,D12_Uridine,56
33.5,D12_Uridine,57
33.75,D12_Uridine,53
34.0,D12_Uridine,57
34.25,D12_Uridine,54
34.5,D12_Uridine,58
34.75,D12_Uridine,53
35.0,D12_Uridine,59
35.25,D12_Uridine,62
35.5,D12_Uridine,60
35.75,D12_Uridine,60
36.0,D12_Uridine,58
36.25,D12_Uridine,56
36.5,D12_Uridine,58
36.75,D12_Uridine,57
37.0,D12_Uridine,59
37.25,D12_Uridine,56
37.5,D12_Uridine,54
37.75,D12_Uridine,57
38.0,D12_Uridine,59
38.25,D12_Uridine,57
38.5,D12_Uridine,61
38.75,D12_Uridine,57
39.0,D12_Uridine,59
39.25,D12_Uridine,59
39.5,D12_Uridine,60
39.75,D12_Uridine,58
40.0,D12_Uridine,60
40.25,D12_Uridine,56
40.5,D12_Uridine,57
40.75,D12_Uridine,63
41.0,D12_Uridine,60
41.25,D12_Uridine,62
41.5,D12_Uridine,59
41.75,D12_Uridine,58
42.0,D12_Uridine,59
42.25,D12_Uridine,63
42.5,D12_Uridine,59
42.75,D12_Uridine,60
43.0,D12_Uridine,58
43.25,D12_Uridine,61
43.5,D12_Uridine,64
43.75,D12_Uridine,62
44.0,D12_Uridine,63
44.25,D12_Uridine,58
44.5,D12_Uridine,60
44.75,D12_Uridine,56
45.0,D12_Uridine,61
45.25,D12_Uridine,61
45.5,D12_Uridine,60
45.75,D12_Uridine,59
46.0,D12_Uridine,64
46.25,D12_Uridine,61
46.5,D12_Uridine,63
46.75,D12_Uridine,65
47.0,D12_Uridine,62
47.25,D12_Uridine,64
47.5,D12_Uridine,0
0.0,E1_L-Glutamine,11
0.25,E1_L-Glutamine,11
0.5,E1_L-Glutamine,12
0.75,E1_L-Glutamine,16
1.0,E1_L-Glutamine,11
1.25,E1_L-Glutamine,13
1.5,E1_L-Glutamine,13
1.75,E1_L-Glutamine,12
2.0,E1_L-Glutamine,17
2.25,E1_L-Glutamine,14
2.5,E1_L-Glutamine,11
2.75,E1_L-Glutamine,13
3.0,E1_L-Glutamine,15
3.25,E1_L-Glutamine,17
3.5,E1_L-Glutamine,13
3.75,E1_L-Glutamine,13
4.0,E1_L-Glutamine,14
4.25,E1_L-Glutamine,19
4.5,E1_L-Glutamine,15
4.75,E1_L-Glutamine,21
5.0,E1_L-Glutamine,22
5.25,E1_L-Glutamine,27
5.5,E1_L-Glutamine,25
5.75,E1_L-Glutamine,26
6.0,E1_L-Glutamine,36
6.25,E1_L-Glutamine,36
6.5,E1_L-Glutamine,28
6.75,E1_L-Glutamine,34
7.0,E1_L-Glutamine,37
7.25,E1_L-Glutamine,43
7.5,E1_L-Glutamine,41
7.75,E1_L-Glutamine,42
8.0,E1_L-Glutamine,41
8.25,E1_L-Glutamine,43
8.5,E1_L-Glutamine,50
8.75,E1_L-Glutamine,49
9.0,E1_L-Glutamine,50
9.25,E1_L-Glutamine,47
9.5,E1_L-Glutamine,54
9.75,E1_L-Glutamine,54
10.0,E1_L-Glutamine,52
10.25,E1_L-Glutamine,55
10.5,E1_L-Glutamine,58
10.75,E1_L-Glutamine,59
11.0,E1_L-Glutamine,56
11.25,E1_L-Glutamine,57
11.5,E1_L-Glutamine,59
11.75,E1_L-Glutamine,63
12.0,E1_L-Glutamine,65
12.25,E1_L-Glutamine,65
12.5,E1_L-Glutamine,66
12.75,E1_L-Glutamine,68
13.0,E1_L-Glutamine,69
13.25,E1_L-Glutamine,72
13.5,E1_L-Glutamine,75
13.75,E1_L-Glutamine,73
14.0,E1_L-Glutamine,74
14.25,E1_L-Glutamine,80
14.5,E1_L-Glutamine,79
14.75,E1_L-Glutamine,73
15.0,E1_L-Glutamine,83
15.25,E1_L-Glutamine,88
15.5,E1_L-Glutamine,88
15.75,E1_L-Glutamine,94
16.0,E1_L-Glutamine,95
16.25,E1_L-Glutamine,96
16.5,E1_L-Glutamine,99
16.75,E1_L-Glutamine,99
17.0,E1_L-Glutamine,104
17.25,E1_L-Glutamine,105
17.5,E1_L-Glutamine,112
17.75,E1_L-Glutamine,110
18.0,E1_L-Glutamine,116
18.25,E1_L-Glutamine,114
18.5,E1_L-Glutamine,117
18.75,E1_L-Glutamine,116
19.0,E1_L-Glutamine,125
19.25,E1_L-Glutamine,129
19.5,E1_L-Glutamine,128
19.75,E1_L-Glutamine,129
20.0,E1_L-Glutamine,139
20.25,E1_L-Glutamine,140
20.5,E1_L-Glutamine,144
20.75,E1_L-Glutamine,147
21.0,E1_L-Glutamine,147
21.25,E1_L-Glutamine,152
21.5,E1_L-Glutamine,152
21.75,E1_L-Glutamine,160
22.0,E1_L-Glutamine,166
22.25,E1_L-Glutamine,162
22.5,E1_L-Glutamine,165
22.75,E1_L-Glutamine,173
23.0,E1_L-Glutamine,178
23.25,E1_L-Glutamine,180
23.5,E1_L-Glutamine,184
23.75,E1_L-Glutamine,189
24.0,E1_L-Glutamine,189
24.25,E1_L-Glutamine,199
24.5,E1_L-Glutamine,198
24.75,E1_L-Glutamine,203
25.0,E1_L-Glutamine,203
25.25,E1_L-Glutamine,208
25.5,E1_L-Glutamine,213
25.75,E1_L-Glutamine,216
26.0,E1_L-Glutamine,218
26.25,E1_L-Glutamine,220
26.5,E1_L-Glutamine,220
26.75,E1_L-Glutamine,226
27.0,E1_L-Glutamine,227
27.25,E1_L-Glutamine,233
27.5,E1_L-Glutamine,233
27.75,E1_L-Glutamine,232
28.0,E1_L-Glutamine,237
28.25,E1_L-Glutamine,240
28.5,E1_L-Glutamine,238
28.75,E1_L-Glutamine,243
29.0,E1_L-Glutamine,244
29.25,E1_L-Glutamine,245
29.5,E1_L-Glutamine,249
29.75,E1_L-Glutamine,248
30.0,E1_L-Glutamine,249
30.25,E1_L-Glutamine,250
30.5,E1_L-Glutamine,255
30.75,E1_L-Glutamine,253
31.0,E1_L-Glutamine,255
31.25,E1_L-Glutamine,257
31.5,E1_L-Glutamine,259
31.75,E1_L-Glutamine,260
32.0,E1_L-Glutamine,261
32.25,E1_L-Glutamine,258
32.5,E1_L-Glutamine,263
32.75,E1_L-Glutamine,261
33.0,E1_L-Glutamine,265
33.25,E1_L-Glutamine,264
33.5,E1_L-Glutamine,264
33.75,E1_L-Glutamine,265
34.0,E1_L-Glutamine,268
34.25,E1_L-Glutamine,266
34.5,E1_L-Glutamine,269
34.75,E1_L-Glutamine,265
35.0,E1_L-Glutamine,266
35.25,E1_L-Glutamine,266
35.5,E1_L-Glutamine,267
35.75,E1_L-Glutamine,269
36.0,E1_L-Glutamine,268
36.25,E1_L-Glutamine,268
36.5,E1_L-Glutamine,269
36.75,E1_L-Glutamine,269
37.0,E1_L-Glutamine,269
37.25,E1_L-Glutamine,271
37.5,E1_L-Glutamine,268
37.75,E1_L-Glutamine,269
38.0,E1_L-Glutamine,268
38.25,E1_L-Glutamine,269
38.5,E1_L-Glutamine,271
38.75,E1_L-Glutamine,267
39.0,E1_L-Glutamine,269
39.25,E1_L-Glutamine,271
39.5,E1_L-Glutamine,270
39.75,E1_L-Glutamine,270
40.0,E1_L-Glutamine,272
40.25,E1_L-Glutamine,272
40.5,E1_L-Glutamine,267
40.75,E1_L-Glutamine,271
41.0,E1_L-Glutamine,272
41.25,E1_L-Glutamine,270
41.5,E1_L-Glutamine,269
41.75,E1_L-Glutamine,271
42.0,E1_L-Glutamine,273
42.25,E1_L-Glutamine,272
42.5,E1_L-Glutamine,269
42.75,E1_L-Glutamine,272
43.0,E1_L-Glutamine,269
43.25,E1_L-Glutamine,271
43.5,E1_L-Glutamine,274
43.75,E1_L-Glutamine,271
44.0,E1_L-Glutamine,273
44.25,E1_L-Glutamine,269
44.5,E1_L-Glutamine,272
44.75,E1_L-Glutamine,269
45.0,E1_L-Glutamine,274
45.25,E1_L-Glutamine,274
45.5,E1_L-Glutamine,271
45.75,E1_L-Glutamine,271
46.0,E1_L-Glutamine,271
46.25,E1_L-Glutamine,270
46.5,E1_L-Glutamine,270
46.75,E1_L-Glutamine,270
47.0,E1_L-Glutamine,268
47.25,E1_L-Glutamine,265
47.5,E1_L-Glutamine,0
0.0,E2_m-Tartaric_Acid,27
0.25,E2_m-Tartaric_Acid,32
0.5,E2_m-Tartaric_Acid,31
0.75,E2_m-Tartaric_Acid,37
1.0,E2_m-Tartaric_Acid,19
1.25,E2_m-Tartaric_Acid,15
1.5,E2_m-Tartaric_Acid,18
1.75,E2_m-Tartaric_Acid,18
2.0,E2_m-Tartaric_Acid,14
2.25,E2_m-Tartaric_Acid,12
2.5,E2_m-Tartaric_Acid,15
2.75,E2_m-Tartaric_Acid,12
3.0,E2_m-Tartaric_Acid,18
3.25,E2_m-Tartaric_Acid,16
3.5,E2_m-Tartaric_Acid,15
3.75,E2_m-Tartaric_Acid,21
4.0,E2_m-Tartaric_Acid,16
4.25,E2_m-Tartaric_Acid,18
4.5,E2_m-Tartaric_Acid,21
4.75,E2_m-Tartaric_Acid,19
5.0,E2_m-Tartaric_Acid,17
5.25,E2_m-Tartaric_Acid,16
5.5,E2_m-Tartaric_Acid,17
5.75,E2_m-Tartaric_Acid,18
6.0,E2_m-Tartaric_Acid,20
6.25,E2_m-Tartaric_Acid,20
6.5,E2_m-Tartaric_Acid,20
6.75,E2_m-Tartaric_Acid,16
7.0,E2_m-Tartaric_Acid,22
7.25,E2_m-Tartaric_Acid,19
7.5,E2_m-Tartaric_Acid,21
7.75,E2_m-Tartaric_Acid,21
8.0,E2_m-Tartaric_Acid,19
8.25,E2_m-Tartaric_Acid,16
8.5,E2_m-Tartaric_Acid,22
8.75,E2_m-Tartaric_Acid,20
9.0,E2_m-Tartaric_Acid,21
9.25,E2_m-Tartaric_Acid,21
9.5,E2_m-Tartaric_Acid,26
9.75,E2_m-Tartaric_Acid,23
10.0,E2_m-Tartaric_Acid,15
10.25,E2_m-Tartaric_Acid,19
10.5,E2_m-Tartaric_Acid,22
10.75,E2_m-Tartaric_Acid,23
11.0,E2_m-Tartaric_Acid,21
11.25,E2_m-Tartaric_Acid,28
11.5,E2_m-Tartaric_Acid,23
11.75,E2_m-Tartaric_Acid,27
12.0,E2_m-Tartaric_Acid,23
12.25,E2_m-Tartaric_Acid,20
12.5,E2_m-Tartaric_Acid,22
12.75,E2_m-Tartaric_Acid,25
13.0,E2_m-Tartaric_Acid,24
13.25,E2_m-Tartaric_Acid,26
13.5,E2_m-Tartaric_Acid,22
13.75,E2_m-Tartaric_Acid,24
14.0,E2_m-Tartaric_Acid,23
14.25,E2_m-Tartaric_Acid,23
14.5,E2_m-Tartaric_Acid,27
14.75,E2_m-Tartaric_Acid,26
15.0,E2_m-Tartaric_Acid,26
15.25,E2_m-Tartaric_Acid,23
15.5,E2_m-Tartaric_Acid,29
15.75,E2_m-Tartaric_Acid,28
16.0,E2_m-Tartaric_Acid,27
16.25,E2_m-Tartaric_Acid,28
16.5,E2_m-Tartaric_Acid,28
16.75,E2_m-Tartaric_Acid,26
17.0,E2_m-Tartaric_Acid,26
17.25,E2_m-Tartaric_Acid,31
17.5,E2_m-Tartaric_Acid,31
17.75,E2_m-Tartaric_Acid,32
18.0,E2_m-Tartaric_Acid,30
18.25,E2_m-Tartaric_Acid,30
18.5,E2_m-Tartaric_Acid,29
18.75,E2_m-Tartaric_Acid,31
19.0,E2_m-Tartaric_Acid,30
19.25,E2_m-Tartaric_Acid,30
19.5,E2_m-Tartaric_Acid,33
19.75,E2_m-Tartaric_Acid,30
20.0,E2_m-Tartaric_Acid,32
20.25,E2_m-Tartaric_Acid,36
20.5,E2_m-Tartaric_Acid,27
20.75,E2_m-Tartaric_Acid,33
21.0,E2_m-Tartaric_Acid,29
21.25,E2_m-Tartaric_Acid,32
21.5,E2_m-Tartaric_Acid,30
21.75,E2_m-Tartaric_Acid,30
22.0,E2_m-Tartaric_Acid,35
22.25,E2_m-Tartaric_Acid,26
22.5,E2_m-Tartaric_Acid,31
22.75,E2_m-Tartaric_Acid,29
23.0,E2_m-Tartaric_Acid,34
23.25,E2_m-Tartaric_Acid,33
23.5,E2_m-Tartaric_Acid,34
23.75,E2_m-Tartaric_Acid,29
24.0,E2_m-Tartaric_Acid,39
24.25,E2_m-Tartaric_Acid,31
24.5,E2_m-Tartaric_Acid,35
24.75,E2_m-Tartaric_Acid,35
25.0,E2_m-Tartaric_Acid,31
25.25,E2_m-Tartaric_Acid,30
25.5,E2_m-Tartaric_Acid,32
25.75,E2_m-Tartaric_Acid,37
26.0,E2_m-Tartaric_Acid,32
26.25,E2_m-Tartaric_Acid,33
26.5,E2_m-Tartaric_Acid,30
26.75,E2_m-Tartaric_Acid,31
27.0,E2_m-Tartaric_Acid,39
27.25,E2_m-Tartaric_Acid,32
27.5,E2_m-Tartaric_Acid,35
27.75,E2_m-Tartaric_Acid,28
28.0,E2_m-Tartaric_Acid,34
28.25,E2_m-Tartaric_Acid,31
28.5,E2_m-Tartaric_Acid,29
28.75,E2_m-Tartaric_Acid,34
29.0,E2_m-Tartaric_Acid,28
29.25,E2_m-Tartaric_Acid,35
29.5,E2_m-Tartaric_Acid,32
29.75,E2_m-Tartaric_Acid,29
30.0,E2_m-Tartaric_Acid,26
30.25,E2_m-Tartaric_Acid,31
30.5,E2_m-Tartaric_Acid,34
30.75,E2_m-Tartaric_Acid,31
31.0,E2_m-Tartaric_Acid,35
31.25,E2_m-Tartaric_Acid,33
31.5,E2_m-Tartaric_Acid,33
31.75,E2_m-Tartaric_Acid,34
32.0,E2_m-Tartaric_Acid,32
32.25,E2_m-Tartaric_Acid,34
32.5,E2_m-Tartaric_Acid,34
32.75,E2_m-Tartaric_Acid,35
33.0,E2_m-Tartaric_Acid,31
33.25,E2_m-Tartaric_Acid,32
33.5,E2_m-Tartaric_Acid,31
33.75,E2_m-Tartaric_Acid,28
34.0,E2_m-Tartaric_Acid,32
34.25,E2_m-Tartaric_Acid,36
34.5,E2_m-Tartaric_Acid,36
34.75,E2_m-Tartaric_Acid,33
35.0,E2_m-Tartaric_Acid,34
35.25,E2_m-Tartaric_Acid,35
35.5,E2_m-Tartaric_Acid,36
35.75,E2_m-Tartaric_Acid,33
36.0,E2_m-Tartaric_Acid,35
36.25,E2_m-Tartaric_Acid,33
36.5,E2_m-Tartaric_Acid,36
36.75,E2_m-Tartaric_Acid,32
37.0,E2_m-Tartaric_Acid,33
37.25,E2_m-Tartaric_Acid,35
37.5,E2_m-Tartaric_Acid,32
37.75,E2_m-Tartaric_Acid,34
38.0,E2_m-Tartaric_Acid,37
38.25,E2_m-Tartaric_Acid,32
38.5,E2_m-Tartaric_Acid,35
38.75,E2_m-Tartaric_Acid,39
39.0,E2_m-Tartaric_Acid,40
39.25,E2_m-Tartaric_Acid,32
39.5,E2_m-Tartaric_Acid,33
39.75,E2_m-Tartaric_Acid,32
40.0,E2_m-Tartaric_Acid,39
40.25,E2_m-Tartaric_Acid,38
40.5,E2_m-Tartaric_Acid,36
40.75,E2_m-Tartaric_Acid,38
41.0,E2_m-Tartaric_Acid,29
41.25,E2_m-Tartaric_Acid,36
41.5,E2_m-Tartaric_Acid,33
41.75,E2_m-Tartaric_Acid,31
42.0,E2_m-Tartaric_Acid,36
42.25,E2_m-Tartaric_Acid,38
42.5,E2_m-Tartaric_Acid,37
42.75,E2_m-Tartaric_Acid,32
43.0,E2_m-Tartaric_Acid,37
43.25,E2_m-Tartaric_Acid,37
43.5,E2_m-Tartaric_Acid,35
43.75,E2_m-Tartaric_Acid,37
44.0,E2_m-Tartaric_Acid,30
44.25,E2_m-Tartaric_Acid,35
44.5,E2_m-Tartaric_Acid,34
44.75,E2_m-Tartaric_Acid,34
45.0,E2_m-Tartaric_Acid,35
45.25,E2_m-Tartaric_Acid,35
45.5,E2_m-Tartaric_Acid,34
45.75,E2_m-Tartaric_Acid,31
46.0,E2_m-Tartaric_Acid,39
46.25,E2_m-Tartaric_Acid,33
46.5,E2_m-Tartaric_Acid,33
46.75,E2_m-Tartaric_Acid,36
47.0,E2_m-Tartaric_Acid,38
47.25,E2_m-Tartaric_Acid,38
47.5,E2_m-Tartaric_Acid,0
0.0,E3_D-Glucose-1-Phosphate,14
0.25,E3_D-Glucose-1-Phosphate,11
0.5,E3_D-Glucose-1-Phosphate,11
0.75,E3_D-Glucose-1-Phosphate,11
1.0,E3_D-Glucose-1-Phosphate,11
1.25,E3_D-Glucose-1-Phosphate,11
1.5,E3_D-Glucose-1-Phosphate,14
1.75,E3_D-Glucose-1-Phosphate,11
2.0,E3_D-Glucose-1-Phosphate,11
2.25,E3_D-Glucose-1-Phosphate,11
2.5,E3_D-Glucose-1-Phosphate,12
2.75,E3_D-Glucose-1-Phosphate,11
3.0,E3_D-Glucose-1-Phosphate,14
3.25,E3_D-Glucose-1-Phosphate,11
3.5,E3_D-Glucose-1-Phosphate,12
3.75,E3_D-Glucose-1-Phosphate,11
4.0,E3_D-Glucose-1-Phosphate,11
4.25,E3_D-Glucose-1-Phosphate,22
4.5,E3_D-Glucose-1-Phosphate,14
4.75,E3_D-Glucose-1-Phosphate,18
5.0,E3_D-Glucose-1-Phosphate,17
5.25,E3_D-Glucose-1-Phosphate,21
5.5,E3_D-Glucose-1-Phosphate,15
5.75,E3_D-Glucose-1-Phosphate,20
6.0,E3_D-Glucose-1-Phosphate,12
6.25,E3_D-Glucose-1-Phosphate,16
6.5,E3_D-Glucose-1-Phosphate,19
6.75,E3_D-Glucose-1-Phosphate,22
7.0,E3_D-Glucose-1-Phosphate,26
7.25,E3_D-Glucose-1-Phosphate,21
7.5,E3_D-Glucose-1-Phosphate,27
7.75,E3_D-Glucose-1-Phosphate,31
8.0,E3_D-Glucose-1-Phosphate,30
8.25,E3_D-Glucose-1-Phosphate,33
8.5,E3_D-Glucose-1-Phosphate,24
8.75,E3_D-Glucose-1-Phosphate,28
9.0,E3_D-Glucose-1-Phosphate,25
9.25,E3_D-Glucose-1-Phosphate,26
9.5,E3_D-Glucose-1-Phosphate,24
9.75,E3_D-Glucose-1-Phosphate,25
10.0,E3_D-Glucose-1-Phosphate,34
10.25,E3_D-Glucose-1-Phosphate,29
10.5,E3_D-Glucose-1-Phosphate,30
10.75,E3_D-Glucose-1-Phosphate,29
11.0,E3_D-Glucose-1-Phosphate,27
11.25,E3_D-Glucose-1-Phosphate,28
11.5,E3_D-Glucose-1-Phosphate,27
11.75,E3_D-Glucose-1-Phosphate,26
12.0,E3_D-Glucose-1-Phosphate,28
12.25,E3_D-Glucose-1-Phosphate,31
12.5,E3_D-Glucose-1-Phosphate,35
12.75,E3_D-Glucose-1-Phosphate,28
13.0,E3_D-Glucose-1-Phosphate,29
13.25,E3_D-Glucose-1-Phosphate,28
13.5,E3_D-Glucose-1-Phosphate,30
13.75,E3_D-Glucose-1-Phosphate,32
14.0,E3_D-Glucose-1-Phosphate,33
14.25,E3_D-Glucose-1-Phosphate,29
14.5,E3_D-Glucose-1-Phosphate,29
14.75,E3_D-Glucose-1-Phosphate,33
15.0,E3_D-Glucose-1-Phosphate,29
15.25,E3_D-Glucose-1-Phosphate,32
15.5,E3_D-Glucose-1-Phosphate,35
15.75,E3_D-Glucose-1-Phosphate,33
16.0,E3_D-Glucose-1-Phosphate,32
16.25,E3_D-Glucose-1-Phosphate,34
16.5,E3_D-Glucose-1-Phosphate,36
16.75,E3_D-Glucose-1-Phosphate,35
17.0,E3_D-Glucose-1-Phosphate,34
17.25,E3_D-Glucose-1-Phosphate,37
17.5,E3_D-Glucose-1-Phosphate,32
17.75,E3_D-Glucose-1-Phosphate,32
18.0,E3_D-Glucose-1-Phosphate,38
18.25,E3_D-Glucose-1-Phosphate,37
18.5,E3_D-Glucose-1-Phosphate,35
18.75,E3_D-Glucose-1-Phosphate,35
19.0,E3_D-Glucose-1-Phosphate,39
19.25,E3_D-Glucose-1-Phosphate,38
19.5,E3_D-Glucose-1-Phosphate,35
19.75,E3_D-Glucose-1-Phosphate,35
20.0,E3_D-Glucose-1-Phosphate,40
20.25,E3_D-Glucose-1-Phosphate,39
20.5,E3_D-Glucose-1-Phosphate,41
20.75,E3_D-Glucose-1-Phosphate,36
21.0,E3_D-Glucose-1-Phosphate,38
21.25,E3_D-Glucose-1-Phosphate,39
21.5,E3_D-Glucose-1-Phosphate,38
21.75,E3_D-Glucose-1-Phosphate,35
22.0,E3_D-Glucose-1-Phosphate,39
22.25,E3_D-Glucose-1-Phosphate,44
22.5,E3_D-Glucose-1-Phosphate,41
22.75,E3_D-Glucose-1-Phosphate,39
23.0,E3_D-Glucose-1-Phosphate,38
23.25,E3_D-Glucose-1-Phosphate,33
23.5,E3_D-Glucose-1-Phosphate,44
23.75,E3_D-Glucose-1-Phosphate,46
24.0,E3_D-Glucose-1-Phosphate,40
24.25,E3_D-Glucose-1-Phosphate,41
24.5,E3_D-Glucose-1-Phosphate,41
24.75,E3_D-Glucose-1-Phosphate,41
25.0,E3_D-Glucose-1-Phosphate,40
25.25,E3_D-Glucose-1-Phosphate,37
25.5,E3_D-Glucose-1-Phosphate,36
25.75,E3_D-Glucose-1-Phosphate,42
26.0,E3_D-Glucose-1-Phosphate,39
26.25,E3_D-Glucose-1-Phosphate,47
26.5,E3_D-Glucose-1-Phosphate,40
26.75,E3_D-Glucose-1-Phosphate,46
27.0,E3_D-Glucose-1-Phosphate,45
27.25,E3_D-Glucose-1-Phosphate,44
27.5,E3_D-Glucose-1-Phosphate,41
27.75,E3_D-Glucose-1-Phosphate,45
28.0,E3_D-Glucose-1-Phosphate,40
28.25,E3_D-Glucose-1-Phosphate,42
28.5,E3_D-Glucose-1-Phosphate,41
28.75,E3_D-Glucose-1-Phosphate,37
29.0,E3_D-Glucose-1-Phosphate,47
29.25,E3_D-Glucose-1-Phosphate,39
29.5,E3_D-Glucose-1-Phosphate,42
29.75,E3_D-Glucose-1-Phosphate,43
30.0,E3_D-Glucose-1-Phosphate,47
30.25,E3_D-Glucose-1-Phosphate,42
30.5,E3_D-Glucose-1-Phosphate,43
30.75,E3_D-Glucose-1-Phosphate,45
31.0,E3_D-Glucose-1-Phosphate,46
31.25,E3_D-Glucose-1-Phosphate,48
31.5,E3_D-Glucose-1-Phosphate,45
31.75,E3_D-Glucose-1-Phosphate,45
32.0,E3_D-Glucose-1-Phosphate,48
32.25,E3_D-Glucose-1-Phosphate,46
32.5,E3_D-Glucose-1-Phosphate,43
32.75,E3_D-Glucose-1-Phosphate,43
33.0,E3_D-Glucose-1-Phosphate,45
33.25,E3_D-Glucose-1-Phosphate,45
33.5,E3_D-Glucose-1-Phosphate,45
33.75,E3_D-Glucose-1-Phosphate,48
34.0,E3_D-Glucose-1-Phosphate,46
34.25,E3_D-Glucose-1-Phosphate,46
34.5,E3_D-Glucose-1-Phosphate,47
34.75,E3_D-Glucose-1-Phosphate,47
35.0,E3_D-Glucose-1-Phosphate,45
35.25,E3_D-Glucose-1-Phosphate,41
35.5,E3_D-Glucose-1-Phosphate,48
35.75,E3_D-Glucose-1-Phosphate,41
36.0,E3_D-Glucose-1-Phosphate,44
36.25,E3_D-Glucose-1-Phosphate,44
36.5,E3_D-Glucose-1-Phosphate,50
36.75,E3_D-Glucose-1-Phosphate,47
37.0,E3_D-Glucose-1-Phosphate,45
37.25,E3_D-Glucose-1-Phosphate,46
37.5,E3_D-Glucose-1-Phosphate,44
37.75,E3_D-Glucose-1-Phosphate,47
38.0,E3_D-Glucose-1-Phosphate,47
38.25,E3_D-Glucose-1-Phosphate,49
38.5,E3_D-Glucose-1-Phosphate,44
38.75,E3_D-Glucose-1-Phosphate,46
39.0,E3_D-Glucose-1-Phosphate,45
39.25,E3_D-Glucose-1-Phosphate,48
39.5,E3_D-Glucose-1-Phosphate,45
39.75,E3_D-Glucose-1-Phosphate,43
40.0,E3_D-Glucose-1-Phosphate,41
40.25,E3_D-Glucose-1-Phosphate,49
40.5,E3_D-Glucose-1-Phosphate,44
40.75,E3_D-Glucose-1-Phosphate,42
41.0,E3_D-Glucose-1-Phosphate,50
41.25,E3_D-Glucose-1-Phosphate,45
41.5,E3_D-Glucose-1-Phosphate,48
41.75,E3_D-Glucose-1-Phosphate,44
42.0,E3_D-Glucose-1-Phosphate,46
42.25,E3_D-Glucose-1-Phosphate,42
42.5,E3_D-Glucose-1-Phosphate,42
42.75,E3_D-Glucose-1-Phosphate,47
43.0,E3_D-Glucose-1-Phosphate,49
43.25,E3_D-Glucose-1-Phosphate,37
43.5,E3_D-Glucose-1-Phosphate,44
43.75,E3_D-Glucose-1-Phosphate,44
44.0,E3_D-Glucose-1-Phosphate,49
44.25,E3_D-Glucose-1-Phosphate,48
44.5,E3_D-Glucose-1-Phosphate,48
44.75,E3_D-Glucose-1-Phosphate,50
45.0,E3_D-Glucose-1-Phosphate,51
45.25,E3_D-Glucose-1-Phosphate,43
45.5,E3_D-Glucose-1-Phosphate,46
45.75,E3_D-Glucose-1-Phosphate,47
46.0,E3_D-Glucose-1-Phosphate,44
46.25,E3_D-Glucose-1-Phosphate,50
46.5,E3_D-Glucose-1-Phosphate,44
46.75,E3_D-Glucose-1-Phosphate,42
47.0,E3_D-Glucose-1-Phosphate,41
47.25,E3_D-Glucose-1-Phosphate,47
47.5,E3_D-Glucose-1-Phosphate,0
0.0,E4_D-Fructose-6-Phosphate,40
0.25,E4_D-Fructose-6-Phosphate,46
0.5,E4_D-Fructose-6-Phosphate,39
0.75,E4_D-Fructose-6-Phosphate,15
1.0,E4_D-Fructose-6-Phosphate,18
1.25,E4_D-Fructose-6-Phosphate,19
1.5,E4_D-Fructose-6-Phosphate,17
1.75,E4_D-Fructose-6-Phosphate,20
2.0,E4_D-Fructose-6-Phosphate,15
2.25,E4_D-Fructose-6-Phosphate,18
2.5,E4_D-Fructose-6-Phosphate,17
2.75,E4_D-Fructose-6-Phosphate,13
3.0,E4_D-Fructose-6-Phosphate,18
3.25,E4_D-Fructose-6-Phosphate,17
3.5,E4_D-Fructose-6-Phosphate,15
3.75,E4_D-Fructose-6-Phosphate,16
4.0,E4_D-Fructose-6-Phosphate,19
4.25,E4_D-Fructose-6-Phosphate,21
4.5,E4_D-Fructose-6-Phosphate,14
4.75,E4_D-Fructose-6-Phosphate,15
5.0,E4_D-Fructose-6-Phosphate,18
5.25,E4_D-Fructose-6-Phosphate,18
5.5,E4_D-Fructose-6-Phosphate,19
5.75,E4_D-Fructose-6-Phosphate,22
6.0,E4_D-Fructose-6-Phosphate,14
6.25,E4_D-Fructose-6-Phosphate,22
6.5,E4_D-Fructose-6-Phosphate,20
6.75,E4_D-Fructose-6-Phosphate,25
7.0,E4_D-Fructose-6-Phosphate,22
7.25,E4_D-Fructose-6-Phosphate,26
7.5,E4_D-Fructose-6-Phosphate,25
7.75,E4_D-Fructose-6-Phosphate,27
8.0,E4_D-Fructose-6-Phosphate,32
8.25,E4_D-Fructose-6-Phosphate,30
8.5,E4_D-Fructose-6-Phosphate,30
8.75,E4_D-Fructose-6-Phosphate,29
9.0,E4_D-Fructose-6-Phosphate,30
9.25,E4_D-Fructose-6-Phosphate,34
9.5,E4_D-Fructose-6-Phosphate,35
9.75,E4_D-Fructose-6-Phosphate,30
10.0,E4_D-Fructose-6-Phosphate,39
10.25,E4_D-Fructose-6-Phosphate,41
10.5,E4_D-Fructose-6-Phosphate,41
10.75,E4_D-Fructose-6-Phosphate,36
11.0,E4_D-Fructose-6-Phosphate,36
11.25,E4_D-Fructose-6-Phosphate,37
11.5,E4_D-Fructose-6-Phosphate,39
11.75,E4_D-Fructose-6-Phosphate,41
12.0,E4_D-Fructose-6-Phosphate,34
12.25,E4_D-Fructose-6-Phosphate,38
12.5,E4_D-Fructose-6-Phosphate,37
12.75,E4_D-Fructose-6-Phosphate,37
13.0,E4_D-Fructose-6-Phosphate,38
13.25,E4_D-Fructose-6-Phosphate,40
13.5,E4_D-Fructose-6-Phosphate,39
13.75,E4_D-Fructose-6-Phosphate,40
14.0,E4_D-Fructose-6-Phosphate,40
14.25,E4_D-Fructose-6-Phosphate,38
14.5,E4_D-Fructose-6-Phosphate,39
14.75,E4_D-Fructose-6-Phosphate,39
15.0,E4_D-Fructose-6-Phosphate,40
15.25,E4_D-Fructose-6-Phosphate,39
15.5,E4_D-Fructose-6-Phosphate,41
15.75,E4_D-Fructose-6-Phosphate,42
16.0,E4_D-Fructose-6-Phosphate,42
16.25,E4_D-Fructose-6-Phosphate,42
16.5,E4_D-Fructose-6-Phosphate,42
16.75,E4_D-Fructose-6-Phosphate,41
17.0,E4_D-Fructose-6-Phosphate,42
17.25,E4_D-Fructose-6-Phosphate,44
17.5,E4_D-Fructose-6-Phosphate,44
17.75,E4_D-Fructose-6-Phosphate,40
18.0,E4_D-Fructose-6-Phosphate,43
18.25,E4_D-Fructose-6-Phosphate,42
18.5,E4_D-Fructose-6-Phosphate,42
18.75,E4_D-Fructose-6-Phosphate,40
19.0,E4_D-Fructose-6-Phosphate,45
19.25,E4_D-Fructose-6-Phosphate,41
19.5,E4_D-Fructose-6-Phosphate,42
19.75,E4_D-Fructose-6-Phosphate,46
20.0,E4_D-Fructose-6-Phosphate,46
20.25,E4_D-Fructose-6-Phosphate,46
20.5,E4_D-Fructose-6-Phosphate,46
20.75,E4_D-Fructose-6-Phosphate,49
21.0,E4_D-Fructose-6-Phosphate,45
21.25,E4_D-Fructose-6-Phosphate,46
21.5,E4_D-Fructose-6-Phosphate,45
21.75,E4_D-Fructose-6-Phosphate,46
22.0,E4_D-Fructose-6-Phosphate,46
22.25,E4_D-Fructose-6-Phosphate,45
22.5,E4_D-Fructose-6-Phosphate,43
22.75,E4_D-Fructose-6-Phosphate,46
23.0,E4_D-Fructose-6-Phosphate,46
23.25,E4_D-Fructose-6-Phosphate,45
23.5,E4_D-Fructose-6-Phosphate,49
23.75,E4_D-Fructose-6-Phosphate,47
24.0,E4_D-Fructose-6-Phosphate,49
24.25,E4_D-Fructose-6-Phosphate,50
24.5,E4_D-Fructose-6-Phosphate,48
24.75,E4_D-Fructose-6-Phosphate,51
25.0,E4_D-Fructose-6-Phosphate,43
25.25,E4_D-Fructose-6-Phosphate,47
25.5,E4_D-Fructose-6-Phosphate,44
25.75,E4_D-Fructose-6-Phosphate,49
26.0,E4_D-Fructose-6-Phosphate,47
26.25,E4_D-Fructose-6-Phosphate,50
26.5,E4_D-Fructose-6-Phosphate,47
26.75,E4_D-Fructose-6-Phosphate,49
27.0,E4_D-Fructose-6-Phosphate,52
27.25,E4_D-Fructose-6-Phosphate,50
27.5,E4_D-Fructose-6-Phosphate,52
27.75,E4_D-Fructose-6-Phosphate,49
28.0,E4_D-Fructose-6-Phosphate,46
28.25,E4_D-Fructose-6-Phosphate,46
28.5,E4_D-Fructose-6-Phosphate,47
28.75,E4_D-Fructose-6-Phosphate,47
29.0,E4_D-Fructose-6-Phosphate,51
29.25,E4_D-Fructose-6-Phosphate,49
29.5,E4_D-Fructose-6-Phosphate,46
29.75,E4_D-Fructose-6-Phosphate,50
30.0,E4_D-Fructose-6-Phosphate,44
30.25,E4_D-Fructose-6-Phosphate,52
30.5,E4_D-Fructose-6-Phosphate,50
30.75,E4_D-Fructose-6-Phosphate,50
31.0,E4_D-Fructose-6-Phosphate,53
31.25,E4_D-Fructose-6-Phosphate,49
31.5,E4_D-Fructose-6-Phosphate,48
31.75,E4_D-Fructose-6-Phosphate,50
32.0,E4_D-Fructose-6-Phosphate,55
32.25,E4_D-Fructose-6-Phosphate,49
32.5,E4_D-Fructose-6-Phosphate,52
32.75,E4_D-Fructose-6-Phosphate,50
33.0,E4_D-Fructose-6-Phosphate,56
33.25,E4_D-Fructose-6-Phosphate,49
33.5,E4_D-Fructose-6-Phosphate,53
33.75,E4_D-Fructose-6-Phosphate,54
34.0,E4_D-Fructose-6-Phosphate,48
34.25,E4_D-Fructose-6-Phosphate,55
34.5,E4_D-Fructose-6-Phosphate,56
34.75,E4_D-Fructose-6-Phosphate,56
35.0,E4_D-Fructose-6-Phosphate,52
35.25,E4_D-Fructose-6-Phosphate,53
35.5,E4_D-Fructose-6-Phosphate,55
35.75,E4_D-Fructose-6-Phosphate,51
36.0,E4_D-Fructose-6-Phosphate,55
36.25,E4_D-Fructose-6-Phosphate,49
36.5,E4_D-Fructose-6-Phosphate,49
36.75,E4_D-Fructose-6-Phosphate,53
37.0,E4_D-Fructose-6-Phosphate,52
37.25,E4_D-Fructose-6-Phosphate,54
37.5,E4_D-Fructose-6-Phosphate,53
37.75,E4_D-Fructose-6-Phosphate,52
38.0,E4_D-Fructose-6-Phosphate,53
38.25,E4_D-Fructose-6-Phosphate,48
38.5,E4_D-Fructose-6-Phosphate,56
38.75,E4_D-Fructose-6-Phosphate,51
39.0,E4_D-Fructose-6-Phosphate,52
39.25,E4_D-Fructose-6-Phosphate,54
39.5,E4_D-Fructose-6-Phosphate,57
39.75,E4_D-Fructose-6-Phosphate,50
40.0,E4_D-Fructose-6-Phosphate,53
40.25,E4_D-Fructose-6-Phosphate,55
40.5,E4_D-Fructose-6-Phosphate,48
40.75,E4_D-Fructose-6-Phosphate,54
41.0,E4_D-Fructose-6-Phosphate,52
41.25,E4_D-Fructose-6-Phosphate,52
41.5,E4_D-Fructose-6-Phosphate,56
41.75,E4_D-Fructose-6-Phosphate,49
42.0,E4_D-Fructose-6-Phosphate,51
42.25,E4_D-Fructose-6-Phosphate,50
42.5,E4_D-Fructose-6-Phosphate,52
42.75,E4_D-Fructose-6-Phosphate,53
43.0,E4_D-Fructose-6-Phosphate,54
43.25,E4_D-Fructose-6-Phosphate,56
43.5,E4_D-Fructose-6-Phosphate,56
43.75,E4_D-Fructose-6-Phosphate,51
44.0,E4_D-Fructose-6-Phosphate,56
44.25,E4_D-Fructose-6-Phosphate,52
44.5,E4_D-Fructose-6-Phosphate,54
44.75,E4_D-Fructose-6-Phosphate,53
45.0,E4_D-Fructose-6-Phosphate,52
45.25,E4_D-Fructose-6-Phosphate,51
45.5,E4_D-Fructose-6-Phosphate,52
45.75,E4_D-Fructose-6-Phosphate,53
46.0,E4_D-Fructose-6-Phosphate,59
46.25,E4_D-Fructose-6-Phosphate,54
46.5,E4_D-Fructose-6-Phosphate,55
46.75,E4_D-Fructose-6-Phosphate,55
47.0,E4_D-Fructose-6-Phosphate,49
47.25,E4_D-Fructose-6-Phosphate,55
47.5,E4_D-Fructose-6-Phosphate,0
0.0,E5_Tween_80,11
0.25,E5_Tween_80,18
0.5,E5_Tween_80,11
0.75,E5_Tween_80,11
1.0,E5_Tween_80,12
1.25,E5_Tween_80,11
1.5,E5_Tween_80,13
1.75,E5_Tween_80,14
2.0,E5_Tween_80,12
2.25,E5_Tween_80,11
2.5,E5_Tween_80,11
2.75,E5_Tween_80,12
3.0,E5_Tween_80,11
3.25,E5_Tween_80,13
3.5,E5_Tween_80,15
3.75,E5_Tween_80,14
4.0,E5_Tween_80,13
4.25,E5_Tween_80,19
4.5,E5_Tween_80,17
4.75,E5_Tween_80,17
5.0,E5_Tween_80,21
5.25,E5_Tween_80,20
5.5,E5_Tween_80,21
5.75,E5_Tween_80,23
6.0,E5_Tween_80,25
6.25,E5_Tween_80,25
6.5,E5_Tween_80,26
6.75,E5_Tween_80,27
7.0,E5_Tween_80,28
7.25,E5_Tween_80,31
7.5,E5_Tween_80,36
7.75,E5_Tween_80,35
8.0,E5_Tween_80,36
8.25,E5_Tween_80,31
8.5,E5_Tween_80,41
8.75,E5_Tween_80,39
9.0,E5_Tween_80,39
9.25,E5_Tween_80,41
9.5,E5_Tween_80,43
9.75,E5_Tween_80,43
10.0,E5_Tween_80,42
10.25,E5_Tween_80,46
10.5,E5_Tween_80,50
10.75,E5_Tween_80,52
11.0,E5_Tween_80,55
11.25,E5_Tween_80,52
11.5,E5_Tween_80,58
11.75,E5_Tween_80,60
12.0,E5_Tween_80,64
12.25,E5_Tween_80,58
12.5,E5_Tween_80,65
12.75,E5_Tween_80,65
13.0,E5_Tween_80,70
13.25,E5_Tween_80,72
13.5,E5_Tween_80,73
13.75,E5_Tween_80,76
14.0,E5_Tween_80,73
14.25,E5_Tween_80,81
14.5,E5_Tween_80,81
14.75,E5_Tween_80,85
15.0,E5_Tween_80,88
15.25,E5_Tween_80,91
15.5,E5_Tween_80,98
15.75,E5_Tween_80,98
16.0,E5_Tween_80,96
16.25,E5_Tween_80,99
16.5,E5_Tween_80,105
16.75,E5_Tween_80,104
17.0,E5_Tween_80,105
17.25,E5_Tween_80,114
17.5,E5_Tween_80,113
17.75,E5_Tween_80,114
18.0,E5_Tween_80,117
18.25,E5_Tween_80,119
18.5,E5_Tween_80,122
18.75,E5_Tween_80,123
19.0,E5_Tween_80,126
19.25,E5_Tween_80,126
19.5,E5_Tween_80,125
19.75,E5_Tween_80,129
20.0,E5_Tween_80,131
20.25,E5_Tween_80,134
20.5,E5_Tween_80,138
20.75,E5_Tween_80,137
21.0,E5_Tween_80,139
21.25,E5_Tween_80,140
21.5,E5_Tween_80,145
21.75,E5_Tween_80,145
22.0,E5_Tween_80,148
22.25,E5_Tween_80,144
22.5,E5_Tween_80,144
22.75,E5_Tween_80,147
23.0,E5_Tween_80,150
23.25,E5_Tween_80,150
23.5,E5_Tween_80,150
23.75,E5_Tween_80,152
24.0,E5_Tween_80,154
24.25,E5_Tween_80,157
24.5,E5_Tween_80,154
24.75,E5_Tween_80,155
25.0,E5_Tween_80,158
25.25,E5_Tween_80,158
25.5,E5_Tween_80,153
25.75,E5_Tween_80,157
26.0,E5_Tween_80,158
26.25,E5_Tween_80,157
26.5,E5_Tween_80,157
26.75,E5_Tween_80,161
27.0,E5_Tween_80,160
27.25,E5_Tween_80,162
27.5,E5_Tween_80,162
27.75,E5_Tween_80,161
28.0,E5_Tween_80,163
28.25,E5_Tween_80,163
28.5,E5_Tween_80,161
28.75,E5_Tween_80,161
29.0,E5_Tween_80,165
29.25,E5_Tween_80,165
29.5,E5_Tween_80,164
29.75,E5_Tween_80,164
30.0,E5_Tween_80,161
30.25,E5_Tween_80,167
30.5,E5_Tween_80,164
30.75,E5_Tween_80,164
31.0,E5_Tween_80,165
31.25,E5_Tween_80,165
31.5,E5_Tween_80,166
31.75,E5_Tween_80,165
32.0,E5_Tween_80,167
32.25,E5_Tween_80,165
32.5,E5_Tween_80,167
32.75,E5_Tween_80,166
33.0,E5_Tween_80,162
33.25,E5_Tween_80,165
33.5,E5_Tween_80,167
33.75,E5_Tween_80,167
34.0,E5_Tween_80,166
34.25,E5_Tween_80,167
34.5,E5_Tween_80,165
34.75,E5_Tween_80,166
35.0,E5_Tween_80,168
35.25,E5_Tween_80,167
35.5,E5_Tween_80,168
35.75,E5_Tween_80,167
36.0,E5_Tween_80,164
36.25,E5_Tween_80,164
36.5,E5_Tween_80,165
36.75,E5_Tween_80,165
37.0,E5_Tween_80,170
37.25,E5_Tween_80,167
37.5,E5_Tween_80,163
37.75,E5_Tween_80,166
38.0,E5_Tween_80,168
38.25,E5_Tween_80,166
38.5,E5_Tween_80,169
38.75,E5_Tween_80,170
39.0,E5_Tween_80,165
39.25,E5_Tween_80,167
39.5,E5_Tween_80,167
39.75,E5_Tween_80,163
40.0,E5_Tween_80,169
40.25,E5_Tween_80,169
40.5,E5_Tween_80,169
40.75,E5_Tween_80,166
41.0,E5_Tween_80,166
41.25,E5_Tween_80,165
41.5,E5_Tween_80,166
41.75,E5_Tween_80,169
42.0,E5_Tween_80,167
42.25,E5_Tween_80,167
42.5,E5_Tween_80,168
42.75,E5_Tween_80,167
43.0,E5_Tween_80,165
43.25,E5_Tween_80,167
43.5,E5_Tween_80,168
43.75,E5_Tween_80,164
44.0,E5_Tween_80,166
44.25,E5_Tween_80,167
44.5,E5_Tween_80,167
44.75,E5_Tween_80,163
45.0,E5_Tween_80,165
45.25,E5_Tween_80,164
45.5,E5_Tween_80,164
45.75,E5_Tween_80,169
46.0,E5_Tween_80,164
46.25,E5_Tween_80,164
46.5,E5_Tween_80,168
46.75,E5_Tween_80,165
47.0,E5_Tween_80,165
47.25,E5_Tween_80,165
47.5,E5_Tween_80,0
0.0,E6_a-Hydroxy_Glutaric_Acid-g_Lactone,11
0.25,E6_a-Hydroxy_Glutaric_Acid-g_Lactone,16
0.5,E6_a-Hydroxy_Glutaric_Acid-g_Lactone,23
0.75,E6_a-Hydroxy_Glutaric_Acid-g_Lactone,27
1.0,E6_a-Hydroxy_Glutaric_Acid-g_Lactone,25
1.25,E6_a-Hydroxy_Glutaric_Acid-g_Lactone,22
1.5,E6_a-Hydroxy_Glutaric_Acid-g_Lactone,24
1.75,E6_a-Hydroxy_Glutaric_Acid-g_Lactone,25
2.0,E6_a-Hydroxy_Glutaric_Acid-g_Lactone,26
2.25,E6_a-Hydroxy_Glutaric_Acid-g_Lactone,24
2.5,E6_a-Hydroxy_Glutaric_Acid-g_Lactone,20
2.75,E6_a-Hydroxy_Glutaric_Acid-g_Lactone,21
3.0,E6_a-Hydroxy_Glutaric_Acid-g_Lactone,21
3.25,E6_a-Hydroxy_Glutaric_Acid-g_Lactone,21
3.5,E6_a-Hydroxy_Glutaric_Acid-g_Lactone,21
3.75,E6_a-Hydroxy_Glutaric_Acid-g_Lactone,23
4.0,E6_a-Hydroxy_Glutaric_Acid-g_Lactone,18
4.25,E6_a-Hydroxy_Glutaric_Acid-g_Lactone,21
4.5,E6_a-Hydroxy_Glutaric_Acid-g_Lactone,17
4.75,E6_a-Hydroxy_Glutaric_Acid-g_Lactone,18
5.0,E6_a-Hydroxy_Glutaric_Acid-g_Lactone,15
5.25,E6_a-Hydroxy_Glutaric_Acid-g_Lactone,16
5.5,E6_a-Hydroxy_Glutaric_Acid-g_Lactone,20
5.75,E6_a-Hydroxy_Glutaric_Acid-g_Lactone,22
6.0,E6_a-Hydroxy_Glutaric_Acid-g_Lactone,15
6.25,E6_a-Hydroxy_Glutaric_Acid-g_Lactone,20
6.5,E6_a-Hydroxy_Glutaric_Acid-g_Lactone,25
6.75,E6_a-Hydroxy_Glutaric_Acid-g_Lactone,23
7.0,E6_a-Hydroxy_Glutaric_Acid-g_Lactone,23
7.25,E6_a-Hydroxy_Glutaric_Acid-g_Lactone,27
7.5,E6_a-Hydroxy_Glutaric_Acid-g_Lactone,23
7.75,E6_a-Hydroxy_Glutaric_Acid-g_Lactone,29
8.0,E6_a-Hydroxy_Glutaric_Acid-g_Lactone,28
8.25,E6_a-Hydroxy_Glutaric_Acid-g_Lactone,24
8.5,E6_a-Hydroxy_Glutaric_Acid-g_Lactone,27
8.75,E6_a-Hydroxy_Glutaric_Acid-g_Lactone,26
9.0,E6_a-Hydroxy_Glutaric_Acid-g_Lactone,26
9.25,E6_a-Hydroxy_Glutaric_Acid-g_Lactone,31
9.5,E6_a-Hydroxy_Glutaric_Acid-g_Lactone,27
9.75,E6_a-Hydroxy_Glutaric_Acid-g_Lactone,28
10.0,E6_a-Hydroxy_Glutaric_Acid-g_Lactone,27
10.25,E6_a-Hydroxy_Glutaric_Acid-g_Lactone,28
10.5,E6_a-Hydroxy_Glutaric_Acid-g_Lactone,30
10.75,E6_a-Hydroxy_Glutaric_Acid-g_Lactone,28
11.0,E6_a-Hydroxy_Glutaric_Acid-g_Lactone,23
11.25,E6_a-Hydroxy_Glutaric_Acid-g_Lactone,28
11.5,E6_a-Hydroxy_Glutaric_Acid-g_Lactone,31
11.75,E6_a-Hydroxy_Glutaric_Acid-g_Lactone,28
12.0,E6_a-Hydroxy_Glutaric_Acid-g_Lactone,28
12.25,E6_a-Hydroxy_Glutaric_Acid-g_Lactone,26
12.5,E6_a-Hydroxy_Glutaric_Acid-g_Lactone,29
12.75,E6_a-Hydroxy_Glutaric_Acid-g_Lactone,31
13.0,E6_a-Hydroxy_Glutaric_Acid-g_Lactone,29
13.25,E6_a-Hydroxy_Glutaric_Acid-g_Lactone,30
13.5,E6_a-Hydroxy_Glutaric_Acid-g_Lactone,26
13.75,E6_a-Hydroxy_Glutaric_Acid-g_Lactone,30
14.0,E6_a-Hydroxy_Glutaric_Acid-g_Lactone,27
14.25,E6_a-Hydroxy_Glutaric_Acid-g_Lactone,29
14.5,E6_a-Hydroxy_Glutaric_Acid-g_Lactone,29
14.75,E6_a-Hydroxy_Glutaric_Acid-g_Lactone,30
15.0,E6_a-Hydroxy_Glutaric_Acid-g_Lactone,30
15.25,E6_a-Hydroxy_Glutaric_Acid-g_Lactone,33
15.5,E6_a-Hydroxy_Glutaric_Acid-g_Lactone,30
15.75,E6_a-Hydroxy_Glutaric_Acid-g_Lactone,33
16.0,E6_a-Hydroxy_Glutaric_Acid-g_Lactone,32
16.25,E6_a-Hydroxy_Glutaric_Acid-g_Lactone,30
16.5,E6_a-Hydroxy_Glutaric_Acid-g_Lactone,30
16.75,E6_a-Hydroxy_Glutaric_Acid-g_Lactone,29
17.0,E6_a-Hydroxy_Glutaric_Acid-g_Lactone,34
17.25,E6_a-Hydroxy_Glutaric_Acid-g_Lactone,31
17.5,E6_a-Hydroxy_Glutaric_Acid-g_Lactone,35
17.75,E6_a-Hydroxy_Glutaric_Acid-g_Lactone,33
18.0,E6_a-Hydroxy_Glutaric_Acid-g_Lactone,39
18.25,E6_a-Hydroxy_Glutaric_Acid-g_Lactone,37
18.5,E6_a-Hydroxy_Glutaric_Acid-g_Lactone,30
18.75,E6_a-Hydroxy_Glutaric_Acid-g_Lactone,36
19.0,E6_a-Hydroxy_Glutaric_Acid-g_Lactone,37
19.25,E6_a-Hydroxy_Glutaric_Acid-g_Lactone,38
19.5,E6_a-Hydroxy_Glutaric_Acid-g_Lactone,38
19.75,E6_a-Hydroxy_Glutaric_Acid-g_Lactone,34
20.0,E6_a-Hydroxy_Glutaric_Acid-g_Lactone,34
20.25,E6_a-Hydroxy_Glutaric_Acid-g_Lactone,38
20.5,E6_a-Hydroxy_Glutaric_Acid-g_Lactone,36
20.75,E6_a-Hydroxy_Glutaric_Acid-g_Lactone,36
21.0,E6_a-Hydroxy_Glutaric_Acid-g_Lactone,32
21.25,E6_a-Hydroxy_Glutaric_Acid-g_Lactone,33
21.5,E6_a-Hydroxy_Glutaric_Acid-g_Lactone,34
21.75,E6_a-Hydroxy_Glutaric_Acid-g_Lactone,35
22.0,E6_a-Hydroxy_Glutaric_Acid-g_Lactone,34
22.25,E6_a-Hydroxy_Glutaric_Acid-g_Lactone,34
22.5,E6_a-Hydroxy_Glutaric_Acid-g_Lactone,35
22.75,E6_a-Hydroxy_Glutaric_Acid-g_Lactone,39
23.0,E6_a-Hydroxy_Glutaric_Acid-g_Lactone,32
23.25,E6_a-Hydroxy_Glutaric_Acid-g_Lactone,32
23.5,E6_a-Hydroxy_Glutaric_Acid-g_Lactone,33
23.75,E6_a-Hydroxy_Glutaric_Acid-g_Lactone,33
24.0,E6_a-Hydroxy_Glutaric_Acid-g_Lactone,36
24.25,E6_a-Hydroxy_Glutaric_Acid-g_Lactone,36
24.5,E6_a-Hydroxy_Glutaric_Acid-g_Lactone,36
24.75,E6_a-Hydroxy_Glutaric_Acid-g_Lactone,35
25.0,E6_a-Hydroxy_Glutaric_Acid-g_Lactone,38
25.25,E6_a-Hydroxy_Glutaric_Acid-g_Lactone,36
25.5,E6_a-Hydroxy_Glutaric_Acid-g_Lactone,39
25.75,E6_a-Hydroxy_Glutaric_Acid-g_Lactone,34
26.0,E6_a-Hydroxy_Glutaric_Acid-g_Lactone,34
26.25,E6_a-Hydroxy_Glutaric_Acid-g_Lactone,38
26.5,E6_a-Hydroxy_Glutaric_Acid-g_Lactone,36
26.75,E6_a-Hydroxy_Glutaric_Acid-g_Lactone,36
27.0,E6_a-Hydroxy_Glutaric_Acid-g_Lactone,38
27.25,E6_a-Hydroxy_Glutaric_Acid-g_Lactone,38
27.5,E6_a-Hydroxy_Glutaric_Acid-g_Lactone,38
27.75,E6_a-Hydroxy_Glutaric_Acid-g_Lactone,31
28.0,E6_a-Hydroxy_Glutaric_Acid-g_Lactone,37
28.25,E6_a-Hydroxy_Glutaric_Acid-g_Lactone,34
28.5,E6_a-Hydroxy_Glutaric_Acid-g_Lactone,38
28.75,E6_a-Hydroxy_Glutaric_Acid-g_Lactone,38
29.0,E6_a-Hydroxy_Glutaric_Acid-g_Lactone,33
29.25,E6_a-Hydroxy_Glutaric_Acid-g_Lactone,37
29.5,E6_a-Hydroxy_Glutaric_Acid-g_Lactone,39
29.75,E6_a-Hydroxy_Glutaric_Acid-g_Lactone,31
30.0,E6_a-Hydroxy_Glutaric_Acid-g_Lactone,33
30.25,E6_a-Hydroxy_Glutaric_Acid-g_Lactone,34
30.5,E6_a-Hydroxy_Glutaric_Acid-g_Lactone,35
30.75,E6_a-Hydroxy_Glutaric_Acid-g_Lactone,32
31.0,E6_a-Hydroxy_Glutaric_Acid-g_Lactone,40
31.25,E6_a-Hydroxy_Glutaric_Acid-g_Lactone,35
31.5,E6_a-Hydroxy_Glutaric_Acid-g_Lactone,34
31.75,E6_a-Hydroxy_Glutaric_Acid-g_Lactone,36
32.0,E6_a-Hydroxy_Glutaric_Acid-g_Lactone,34
32.25,E6_a-Hydroxy_Glutaric_Acid-g_Lactone,31
32.5,E6_a-Hydroxy_Glutaric_Acid-g_Lactone,30
32.75,E6_a-Hydroxy_Glutaric_Acid-g_Lactone,37
33.0,E6_a-Hydroxy_Glutaric_Acid-g_Lactone,35
33.25,E6_a-Hydroxy_Glutaric_Acid-g_Lactone,33
33.5,E6_a-Hydroxy_Glutaric_Acid-g_Lactone,39
33.75,E6_a-Hydroxy_Glutaric_Acid-g_Lactone,35
34.0,E6_a-Hydroxy_Glutaric_Acid-g_Lactone,34
34.25,E6_a-Hydroxy_Glutaric_Acid-g_Lactone,37
34.5,E6_a-Hydroxy_Glutaric_Acid-g_Lactone,37
34.75,E6_a-Hydroxy_Glutaric_Acid-g_Lactone,39
35.0,E6_a-Hydroxy_Glutaric_Acid-g_Lactone,36
35.25,E6_a-Hydroxy_Glutaric_Acid-g_Lactone,40
35.5,E6_a-Hydroxy_Glutaric_Acid-g_Lactone,31
35.75,E6_a-Hydroxy_Glutaric_Acid-g_Lactone,39
36.0,E6_a-Hydroxy_Glutaric_Acid-g_Lactone,37
36.25,E6_a-Hydroxy_Glutaric_Acid-g_Lactone,41
36.5,E6_a-Hydroxy_Glutaric_Acid-g_Lactone,35
36.75,E6_a-Hydroxy_Glutaric_Acid-g_Lactone,29
37.0,E6_a-Hydroxy_Glutaric_Acid-g_Lactone,37
37.25,E6_a-Hydroxy_Glutaric_Acid-g_Lactone,36
37.5,E6_a-Hydroxy_Glutaric_Acid-g_Lactone,36
37.75,E6_a-Hydroxy_Glutaric_Acid-g_Lactone,38
38.0,E6_a-Hydroxy_Glutaric_Acid-g_Lactone,31
38.25,E6_a-Hydroxy_Glutaric_Acid-g_Lactone,35
38.5,E6_a-Hydroxy_Glutaric_Acid-g_Lactone,37
38.75,E6_a-Hydroxy_Glutaric_Acid-g_Lactone,39
39.0,E6_a-Hydroxy_Glutaric_Acid-g_Lactone,37
39.25,E6_a-Hydroxy_Glutaric_Acid-g_Lactone,37
39.5,E6_a-Hydroxy_Glutaric_Acid-g_Lactone,37
39.75,E6_a-Hydroxy_Glutaric_Acid-g_Lactone,39
40.0,E6_a-Hydroxy_Glutaric_Acid-g_Lactone,36
40.25,E6_a-Hydroxy_Glutaric_Acid-g_Lactone,36
40.5,E6_a-Hydroxy_Glutaric_Acid-g_Lactone,38
40.75,E6_a-Hydroxy_Glutaric_Acid-g_Lactone,38
41.0,E6_a-Hydroxy_Glutaric_Acid-g_Lactone,34
41.25,E6_a-Hydroxy_Glutaric_Acid-g_Lactone,38
41.5,E6_a-Hydroxy_Glutaric_Acid-g_Lactone,33
41.75,E6_a-Hydroxy_Glutaric_Acid-g_Lactone,33
42.0,E6_a-Hydroxy_Glutaric_Acid-g_Lactone,34
42.25,E6_a-Hydroxy_Glutaric_Acid-g_Lactone,37
42.5,E6_a-Hydroxy_Glutaric_Acid-g_Lactone,33
42.75,E6_a-Hydroxy_Glutaric_Acid-g_Lactone,29
43.0,E6_a-Hydroxy_Glutaric_Acid-g_Lactone,35
43.25,E6_a-Hydroxy_Glutaric_Acid-g_Lactone,34
43.5,E6_a-Hydroxy_Glutaric_Acid-g_Lactone,36
43.75,E6_a-Hydroxy_Glutaric_Acid-g_Lactone,38
44.0,E6_a-Hydroxy_Glutaric_Acid-g_Lactone,34
44.25,E6_a-Hydroxy_Glutaric_Acid-g_Lactone,36
44.5,E6_a-Hydroxy_Glutaric_Acid-g_Lactone,35
44.75,E6_a-Hydroxy_Glutaric_Acid-g_Lactone,31
45.0,E6_a-Hydroxy_Glutaric_Acid-g_Lactone,36
45.25,E6_a-Hydroxy_Glutaric_Acid-g_Lactone,36
45.5,E6_a-Hydroxy_Glutaric_Acid-g_Lactone,37
45.75,E6_a-Hydroxy_Glutaric_Acid-g_Lactone,33
46.0,E6_a-Hydroxy_Glutaric_Acid-g_Lactone,35
46.25,E6_a-Hydroxy_Glutaric_Acid-g_Lactone,34
46.5,E6_a-Hydroxy_Glutaric_Acid-g_Lactone,35
46.75,E6_a-Hydroxy_Glutaric_Acid-g_Lactone,40
47.0,E6_a-Hydroxy_Glutaric_Acid-g_Lactone,39
47.25,E6_a-Hydroxy_Glutaric_Acid-g_Lactone,36
47.5,E6_a-Hydroxy_Glutaric_Acid-g_Lactone,0
0.0,E7_a-Hydroxy_Butyric_Acid,31
0.25,E7_a-Hydroxy_Butyric_Acid,11
0.5,E7_a-Hydroxy_Butyric_Acid,11
0.75,E7_a-Hydroxy_Butyric_Acid,11
1.0,E7_a-Hydroxy_Butyric_Acid,11
1.25,E7_a-Hydroxy_Butyric_Acid,11
1.5,E7_a-Hydroxy_Butyric_Acid,11
1.75,E7_a-Hydroxy_Butyric_Acid,11
2.0,E7_a-Hydroxy_Butyric_Acid,17
2.25,E7_a-Hydroxy_Butyric_Acid,11
2.5,E7_a-Hydroxy_Butyric_Acid,11
2.75,E7_a-Hydroxy_Butyric_Acid,15
3.0,E7_a-Hydroxy_Butyric_Acid,13
3.25,E7_a-Hydroxy_Butyric_Acid,11
3.5,E7_a-Hydroxy_Butyric_Acid,13
3.75,E7_a-Hydroxy_Butyric_Acid,17
4.0,E7_a-Hydroxy_Butyric_Acid,11
4.25,E7_a-Hydroxy_Butyric_Acid,13
4.5,E7_a-Hydroxy_Butyric_Acid,15
4.75,E7_a-Hydroxy_Butyric_Acid,14
5.0,E7_a-Hydroxy_Butyric_Acid,18
5.25,E7_a-Hydroxy_Butyric_Acid,21
5.5,E7_a-Hydroxy_Butyric_Acid,13
5.75,E7_a-Hydroxy_Butyric_Acid,17
6.0,E7_a-Hydroxy_Butyric_Acid,16
6.25,E7_a-Hydroxy_Butyric_Acid,15
6.5,E7_a-Hydroxy_Butyric_Acid,22
6.75,E7_a-Hydroxy_Butyric_Acid,21
7.0,E7_a-Hydroxy_Butyric_Acid,23
7.25,E7_a-Hydroxy_Butyric_Acid,22
7.5,E7_a-Hydroxy_Butyric_Acid,25
7.75,E7_a-Hydroxy_Butyric_Acid,29
8.0,E7_a-Hydroxy_Butyric_Acid,27
8.25,E7_a-Hydroxy_Butyric_Acid,27
8.5,E7_a-Hydroxy_Butyric_Acid,28
8.75,E7_a-Hydroxy_Butyric_Acid,23
9.0,E7_a-Hydroxy_Butyric_Acid,25
9.25,E7_a-Hydroxy_Butyric_Acid,24
9.5,E7_a-Hydroxy_Butyric_Acid,25
9.75,E7_a-Hydroxy_Butyric_Acid,25
10.0,E7_a-Hydroxy_Butyric_Acid,28
10.25,E7_a-Hydroxy_Butyric_Acid,26
10.5,E7_a-Hydroxy_Butyric_Acid,29
10.75,E7_a-Hydroxy_Butyric_Acid,32
11.0,E7_a-Hydroxy_Butyric_Acid,28
11.25,E7_a-Hydroxy_Butyric_Acid,30
11.5,E7_a-Hydroxy_Butyric_Acid,30
11.75,E7_a-Hydroxy_Butyric_Acid,30
12.0,E7_a-Hydroxy_Butyric_Acid,28
12.25,E7_a-Hydroxy_Butyric_Acid,31
12.5,E7_a-Hydroxy_Butyric_Acid,27
12.75,E7_a-Hydroxy_Butyric_Acid,30
13.0,E7_a-Hydroxy_Butyric_Acid,34
13.25,E7_a-Hydroxy_Butyric_Acid,31
13.5,E7_a-Hydroxy_Butyric_Acid,36
13.75,E7_a-Hydroxy_Butyric_Acid,37
14.0,E7_a-Hydroxy_Butyric_Acid,34
14.25,E7_a-Hydroxy_Butyric_Acid,26
14.5,E7_a-Hydroxy_Butyric_Acid,30
14.75,E7_a-Hydroxy_Butyric_Acid,37
15.0,E7_a-Hydroxy_Butyric_Acid,28
15.25,E7_a-Hydroxy_Butyric_Acid,35
15.5,E7_a-Hydroxy_Butyric_Acid,35
15.75,E7_a-Hydroxy_Butyric_Acid,30
16.0,E7_a-Hydroxy_Butyric_Acid,32
16.25,E7_a-Hydroxy_Butyric_Acid,32
16.5,E7_a-Hydroxy_Butyric_Acid,34
16.75,E7_a-Hydroxy_Butyric_Acid,33
17.0,E7_a-Hydroxy_Butyric_Acid,36
17.25,E7_a-Hydroxy_Butyric_Acid,40
17.5,E7_a-Hydroxy_Butyric_Acid,40
17.75,E7_a-Hydroxy_Butyric_Acid,37
18.0,E7_a-Hydroxy_Butyric_Acid,41
18.25,E7_a-Hydroxy_Butyric_Acid,39
18.5,E7_a-Hydroxy_Butyric_Acid,38
18.75,E7_a-Hydroxy_Butyric_Acid,36
19.0,E7_a-Hydroxy_Butyric_Acid,34
19.25,E7_a-Hydroxy_Butyric_Acid,37
19.5,E7_a-Hydroxy_Butyric_Acid,39
19.75,E7_a-Hydroxy_Butyric_Acid,37
20.0,E7_a-Hydroxy_Butyric_Acid,39
20.25,E7_a-Hydroxy_Butyric_Acid,40
20.5,E7_a-Hydroxy_Butyric_Acid,38
20.75,E7_a-Hydroxy_Butyric_Acid,37
21.0,E7_a-Hydroxy_Butyric_Acid,38
21.25,E7_a-Hydroxy_Butyric_Acid,39
21.5,E7_a-Hydroxy_Butyric_Acid,39
21.75,E7_a-Hydroxy_Butyric_Acid,39
22.0,E7_a-Hydroxy_Butyric_Acid,39
22.25,E7_a-Hydroxy_Butyric_Acid,36
22.5,E7_a-Hydroxy_Butyric_Acid,41
22.75,E7_a-Hydroxy_Butyric_Acid,41
23.0,E7_a-Hydroxy_Butyric_Acid,37
23.25,E7_a-Hydroxy_Butyric_Acid,38
23.5,E7_a-Hydroxy_Butyric_Acid,43
23.75,E7_a-Hydroxy_Butyric_Acid,41
24.0,E7_a-Hydroxy_Butyric_Acid,43
24.25,E7_a-Hydroxy_Butyric_Acid,41
24.5,E7_a-Hydroxy_Butyric_Acid,42
24.75,E7_a-Hydroxy_Butyric_Acid,41
25.0,E7_a-Hydroxy_Butyric_Acid,43
25.25,E7_a-Hydroxy_Butyric_Acid,41
25.5,E7_a-Hydroxy_Butyric_Acid,39
25.75,E7_a-Hydroxy_Butyric_Acid,37
26.0,E7_a-Hydroxy_Butyric_Acid,41
26.25,E7_a-Hydroxy_Butyric_Acid,44
26.5,E7_a-Hydroxy_Butyric_Acid,41
26.75,E7_a-Hydroxy_Butyric_Acid,37
27.0,E7_a-Hydroxy_Butyric_Acid,43
27.25,E7_a-Hydroxy_Butyric_Acid,41
27.5,E7_a-Hydroxy_Butyric_Acid,45
27.75,E7_a-Hydroxy_Butyric_Acid,44
28.0,E7_a-Hydroxy_Butyric_Acid,40
28.25,E7_a-Hydroxy_Butyric_Acid,43
28.5,E7_a-Hydroxy_Butyric_Acid,43
28.75,E7_a-Hydroxy_Butyric_Acid,37
29.0,E7_a-Hydroxy_Butyric_Acid,39
29.25,E7_a-Hydroxy_Butyric_Acid,41
29.5,E7_a-Hydroxy_Butyric_Acid,44
29.75,E7_a-Hydroxy_Butyric_Acid,42
30.0,E7_a-Hydroxy_Butyric_Acid,44
30.25,E7_a-Hydroxy_Butyric_Acid,43
30.5,E7_a-Hydroxy_Butyric_Acid,42
30.75,E7_a-Hydroxy_Butyric_Acid,39
31.0,E7_a-Hydroxy_Butyric_Acid,43
31.25,E7_a-Hydroxy_Butyric_Acid,45
31.5,E7_a-Hydroxy_Butyric_Acid,45
31.75,E7_a-Hydroxy_Butyric_Acid,45
32.0,E7_a-Hydroxy_Butyric_Acid,45
32.25,E7_a-Hydroxy_Butyric_Acid,48
32.5,E7_a-Hydroxy_Butyric_Acid,44
32.75,E7_a-Hydroxy_Butyric_Acid,45
33.0,E7_a-Hydroxy_Butyric_Acid,46
33.25,E7_a-Hydroxy_Butyric_Acid,47
33.5,E7_a-Hydroxy_Butyric_Acid,50
33.75,E7_a-Hydroxy_Butyric_Acid,50
34.0,E7_a-Hydroxy_Butyric_Acid,47
34.25,E7_a-Hydroxy_Butyric_Acid,46
34.5,E7_a-Hydroxy_Butyric_Acid,41
34.75,E7_a-Hydroxy_Butyric_Acid,41
35.0,E7_a-Hydroxy_Butyric_Acid,42
35.25,E7_a-Hydroxy_Butyric_Acid,40
35.5,E7_a-Hydroxy_Butyric_Acid,49
35.75,E7_a-Hydroxy_Butyric_Acid,43
36.0,E7_a-Hydroxy_Butyric_Acid,45
36.25,E7_a-Hydroxy_Butyric_Acid,45
36.5,E7_a-Hydroxy_Butyric_Acid,46
36.75,E7_a-Hydroxy_Butyric_Acid,44
37.0,E7_a-Hydroxy_Butyric_Acid,45
37.25,E7_a-Hydroxy_Butyric_Acid,43
37.5,E7_a-Hydroxy_Butyric_Acid,46
37.75,E7_a-Hydroxy_Butyric_Acid,47
38.0,E7_a-Hydroxy_Butyric_Acid,42
38.25,E7_a-Hydroxy_Butyric_Acid,48
38.5,E7_a-Hydroxy_Butyric_Acid,48
38.75,E7_a-Hydroxy_Butyric_Acid,47
39.0,E7_a-Hydroxy_Butyric_Acid,46
39.25,E7_a-Hydroxy_Butyric_Acid,45
39.5,E7_a-Hydroxy_Butyric_Acid,47
39.75,E7_a-Hydroxy_Butyric_Acid,43
40.0,E7_a-Hydroxy_Butyric_Acid,46
40.25,E7_a-Hydroxy_Butyric_Acid,46
40.5,E7_a-Hydroxy_Butyric_Acid,45
40.75,E7_a-Hydroxy_Butyric_Acid,46
41.0,E7_a-Hydroxy_Butyric_Acid,47
41.25,E7_a-Hydroxy_Butyric_Acid,47
41.5,E7_a-Hydroxy_Butyric_Acid,46
41.75,E7_a-Hydroxy_Butyric_Acid,47
42.0,E7_a-Hydroxy_Butyric_Acid,46
42.25,E7_a-Hydroxy_Butyric_Acid,48
42.5,E7_a-Hydroxy_Butyric_Acid,41
42.75,E7_a-Hydroxy_Butyric_Acid,41
43.0,E7_a-Hydroxy_Butyric_Acid,46
43.25,E7_a-Hydroxy_Butyric_Acid,48
43.5,E7_a-Hydroxy_Butyric_Acid,46
43.75,E7_a-Hydroxy_Butyric_Acid,46
44.0,E7_a-Hydroxy_Butyric_Acid,46
44.25,E7_a-Hydroxy_Butyric_Acid,47
44.5,E7_a-Hydroxy_Butyric_Acid,49
44.75,E7_a-Hydroxy_Butyric_Acid,42
45.0,E7_a-Hydroxy_Butyric_Acid,46
45.25,E7_a-Hydroxy_Butyric_Acid,46
45.5,E7_a-Hydroxy_Butyric_Acid,49
45.75,E7_a-Hydroxy_Butyric_Acid,47
46.0,E7_a-Hydroxy_Butyric_Acid,47
46.25,E7_a-Hydroxy_Butyric_Acid,50
46.5,E7_a-Hydroxy_Butyric_Acid,44
46.75,E7_a-Hydroxy_Butyric_Acid,47
47.0,E7_a-Hydroxy_Butyric_Acid,49
47.25,E7_a-Hydroxy_Butyric_Acid,46
47.5,E7_a-Hydroxy_Butyric_Acid,0
0.0,E8_B-Methyl-D_Glucoside,14
0.25,E8_B-Methyl-D_Glucoside,11
0.5,E8_B-Methyl-D_Glucoside,11
0.75,E8_B-Methyl-D_Glucoside,11
1.0,E8_B-Methyl-D_Glucoside,15
1.25,E8_B-Methyl-D_Glucoside,11
1.5,E8_B-Methyl-D_Glucoside,12
1.75,E8_B-Methyl-D_Glucoside,11
2.0,E8_B-Methyl-D_Glucoside,11
2.25,E8_B-Methyl-D_Glucoside,11
2.5,E8_B-Methyl-D_Glucoside,12
2.75,E8_B-Methyl-D_Glucoside,11
3.0,E8_B-Methyl-D_Glucoside,11
3.25,E8_B-Methyl-D_Glucoside,13
3.5,E8_B-Methyl-D_Glucoside,12
3.75,E8_B-Methyl-D_Glucoside,13
4.0,E8_B-Methyl-D_Glucoside,12
4.25,E8_B-Methyl-D_Glucoside,14
4.5,E8_B-Methyl-D_Glucoside,13
4.75,E8_B-Methyl-D_Glucoside,15
5.0,E8_B-Methyl-D_Glucoside,18
5.25,E8_B-Methyl-D_Glucoside,19
5.5,E8_B-Methyl-D_Glucoside,20
5.75,E8_B-Methyl-D_Glucoside,24
6.0,E8_B-Methyl-D_Glucoside,22
6.25,E8_B-Methyl-D_Glucoside,20
6.5,E8_B-Methyl-D_Glucoside,23
6.75,E8_B-Methyl-D_Glucoside,27
7.0,E8_B-Methyl-D_Glucoside,27
7.25,E8_B-Methyl-D_Glucoside,27
7.5,E8_B-Methyl-D_Glucoside,26
7.75,E8_B-Methyl-D_Glucoside,29
8.0,E8_B-Methyl-D_Glucoside,28
8.25,E8_B-Methyl-D_Glucoside,28
8.5,E8_B-Methyl-D_Glucoside,29
8.75,E8_B-Methyl-D_Glucoside,30
9.0,E8_B-Methyl-D_Glucoside,30
9.25,E8_B-Methyl-D_Glucoside,29
9.5,E8_B-Methyl-D_Glucoside,30
9.75,E8_B-Methyl-D_Glucoside,28
10.0,E8_B-Methyl-D_Glucoside,28
10.25,E8_B-Methyl-D_Glucoside,30
10.5,E8_B-Methyl-D_Glucoside,32
10.75,E8_B-Methyl-D_Glucoside,32
11.0,E8_B-Methyl-D_Glucoside,29
11.25,E8_B-Methyl-D_Glucoside,31
11.5,E8_B-Methyl-D_Glucoside,34
11.75,E8_B-Methyl-D_Glucoside,34
12.0,E8_B-Methyl-D_Glucoside,29
12.25,E8_B-Methyl-D_Glucoside,31
12.5,E8_B-Methyl-D_Glucoside,33
12.75,E8_B-Methyl-D_Glucoside,34
13.0,E8_B-Methyl-D_Glucoside,28
13.25,E8_B-Methyl-D_Glucoside,33
13.5,E8_B-Methyl-D_Glucoside,35
13.75,E8_B-Methyl-D_Glucoside,33
14.0,E8_B-Methyl-D_Glucoside,34
14.25,E8_B-Methyl-D_Glucoside,36
14.5,E8_B-Methyl-D_Glucoside,35
14.75,E8_B-Methyl-D_Glucoside,34
15.0,E8_B-Methyl-D_Glucoside,33
15.25,E8_B-Methyl-D_Glucoside,36
15.5,E8_B-Methyl-D_Glucoside,35
15.75,E8_B-Methyl-D_Glucoside,35
16.0,E8_B-Methyl-D_Glucoside,38
16.25,E8_B-Methyl-D_Glucoside,37
16.5,E8_B-Methyl-D_Glucoside,33
16.75,E8_B-Methyl-D_Glucoside,33
17.0,E8_B-Methyl-D_Glucoside,34
17.25,E8_B-Methyl-D_Glucoside,39
17.5,E8_B-Methyl-D_Glucoside,37
17.75,E8_B-Methyl-D_Glucoside,34
18.0,E8_B-Methyl-D_Glucoside,38
18.25,E8_B-Methyl-D_Glucoside,39
18.5,E8_B-Methyl-D_Glucoside,37
18.75,E8_B-Methyl-D_Glucoside,34
19.0,E8_B-Methyl-D_Glucoside,34
19.25,E8_B-Methyl-D_Glucoside,32
19.5,E8_B-Methyl-D_Glucoside,39
19.75,E8_B-Methyl-D_Glucoside,38
20.0,E8_B-Methyl-D_Glucoside,39
20.25,E8_B-Methyl-D_Glucoside,35
20.5,E8_B-Methyl-D_Glucoside,36
20.75,E8_B-Methyl-D_Glucoside,40
21.0,E8_B-Methyl-D_Glucoside,38
21.25,E8_B-Methyl-D_Glucoside,39
21.5,E8_B-Methyl-D_Glucoside,38
21.75,E8_B-Methyl-D_Glucoside,40
22.0,E8_B-Methyl-D_Glucoside,39
22.25,E8_B-Methyl-D_Glucoside,40
22.5,E8_B-Methyl-D_Glucoside,39
22.75,E8_B-Methyl-D_Glucoside,37
23.0,E8_B-Methyl-D_Glucoside,35
23.25,E8_B-Methyl-D_Glucoside,35
23.5,E8_B-Methyl-D_Glucoside,41
23.75,E8_B-Methyl-D_Glucoside,40
24.0,E8_B-Methyl-D_Glucoside,37
24.25,E8_B-Methyl-D_Glucoside,41
24.5,E8_B-Methyl-D_Glucoside,43
24.75,E8_B-Methyl-D_Glucoside,38
25.0,E8_B-Methyl-D_Glucoside,37
25.25,E8_B-Methyl-D_Glucoside,45
25.5,E8_B-Methyl-D_Glucoside,38
25.75,E8_B-Methyl-D_Glucoside,38
26.0,E8_B-Methyl-D_Glucoside,39
26.25,E8_B-Methyl-D_Glucoside,41
26.5,E8_B-Methyl-D_Glucoside,38
26.75,E8_B-Methyl-D_Glucoside,41
27.0,E8_B-Methyl-D_Glucoside,39
27.25,E8_B-Methyl-D_Glucoside,44
27.5,E8_B-Methyl-D_Glucoside,38
27.75,E8_B-Methyl-D_Glucoside,41
28.0,E8_B-Methyl-D_Glucoside,42
28.25,E8_B-Methyl-D_Glucoside,38
28.5,E8_B-Methyl-D_Glucoside,42
28.75,E8_B-Methyl-D_Glucoside,40
29.0,E8_B-Methyl-D_Glucoside,39
29.25,E8_B-Methyl-D_Glucoside,42
29.5,E8_B-Methyl-D_Glucoside,40
29.75,E8_B-Methyl-D_Glucoside,43
30.0,E8_B-Methyl-D_Glucoside,39
30.25,E8_B-Methyl-D_Glucoside,39
30.5,E8_B-Methyl-D_Glucoside,40
30.75,E8_B-Methyl-D_Glucoside,40
31.0,E8_B-Methyl-D_Glucoside,46
31.25,E8_B-Methyl-D_Glucoside,39
31.5,E8_B-Methyl-D_Glucoside,41
31.75,E8_B-Methyl-D_Glucoside,44
32.0,E8_B-Methyl-D_Glucoside,46
32.25,E8_B-Methyl-D_Glucoside,49
32.5,E8_B-Methyl-D_Glucoside,44
32.75,E8_B-Methyl-D_Glucoside,45
33.0,E8_B-Methyl-D_Glucoside,50
33.25,E8_B-Methyl-D_Glucoside,43
33.5,E8_B-Methyl-D_Glucoside,44
33.75,E8_B-Methyl-D_Glucoside,45
34.0,E8_B-Methyl-D_Glucoside,43
34.25,E8_B-Methyl-D_Glucoside,46
34.5,E8_B-Methyl-D_Glucoside,48
34.75,E8_B-Methyl-D_Glucoside,48
35.0,E8_B-Methyl-D_Glucoside,50
35.25,E8_B-Methyl-D_Glucoside,48
35.5,E8_B-Methyl-D_Glucoside,53
35.75,E8_B-Methyl-D_Glucoside,50
36.0,E8_B-Methyl-D_Glucoside,49
36.25,E8_B-Methyl-D_Glucoside,51
36.5,E8_B-Methyl-D_Glucoside,47
36.75,E8_B-Methyl-D_Glucoside,50
37.0,E8_B-Methyl-D_Glucoside,48
37.25,E8_B-Methyl-D_Glucoside,53
37.5,E8_B-Methyl-D_Glucoside,51
37.75,E8_B-Methyl-D_Glucoside,50
38.0,E8_B-Methyl-D_Glucoside,50
38.25,E8_B-Methyl-D_Glucoside,49
38.5,E8_B-Methyl-D_Glucoside,56
38.75,E8_B-Methyl-D_Glucoside,55
39.0,E8_B-Methyl-D_Glucoside,52
39.25,E8_B-Methyl-D_Glucoside,58
39.5,E8_B-Methyl-D_Glucoside,55
39.75,E8_B-Methyl-D_Glucoside,53
40.0,E8_B-Methyl-D_Glucoside,55
40.25,E8_B-Methyl-D_Glucoside,54
40.5,E8_B-Methyl-D_Glucoside,58
40.75,E8_B-Methyl-D_Glucoside,55
41.0,E8_B-Methyl-D_Glucoside,56
41.25,E8_B-Methyl-D_Glucoside,57
41.5,E8_B-Methyl-D_Glucoside,58
41.75,E8_B-Methyl-D_Glucoside,58
42.0,E8_B-Methyl-D_Glucoside,62
42.25,E8_B-Methyl-D_Glucoside,61
42.5,E8_B-Methyl-D_Glucoside,57
42.75,E8_B-Methyl-D_Glucoside,57
43.0,E8_B-Methyl-D_Glucoside,63
43.25,E8_B-Methyl-D_Glucoside,58
43.5,E8_B-Methyl-D_Glucoside,59
43.75,E8_B-Methyl-D_Glucoside,60
44.0,E8_B-Methyl-D_Glucoside,64
44.25,E8_B-Methyl-D_Glucoside,64
44.5,E8_B-Methyl-D_Glucoside,64
44.75,E8_B-Methyl-D_Glucoside,66
45.0,E8_B-Methyl-D_Glucoside,64
45.25,E8_B-Methyl-D_Glucoside,63
45.5,E8_B-Methyl-D_Glucoside,65
45.75,E8_B-Methyl-D_Glucoside,65
46.0,E8_B-Methyl-D_Glucoside,69
46.25,E8_B-Methyl-D_Glucoside,66
46.5,E8_B-Methyl-D_Glucoside,65
46.75,E8_B-Methyl-D_Glucoside,70
47.0,E8_B-Methyl-D_Glucoside,68
47.25,E8_B-Methyl-D_Glucoside,66
47.5,E8_B-Methyl-D_Glucoside,0
0.0,E9_Adonitol,22
0.25,E9_Adonitol,11
0.5,E9_Adonitol,14
0.75,E9_Adonitol,18
1.0,E9_Adonitol,17
1.25,E9_Adonitol,19
1.5,E9_Adonitol,19
1.75,E9_Adonitol,20
2.0,E9_Adonitol,18
2.25,E9_Adonitol,20
2.5,E9_Adonitol,18
2.75,E9_Adonitol,18
3.0,E9_Adonitol,21
3.25,E9_Adonitol,21
3.5,E9_Adonitol,18
3.75,E9_Adonitol,21
4.0,E9_Adonitol,16
4.25,E9_Adonitol,26
4.5,E9_Adonitol,22
4.75,E9_Adonitol,25
5.0,E9_Adonitol,24
5.25,E9_Adonitol,29
5.5,E9_Adonitol,24
5.75,E9_Adonitol,30
6.0,E9_Adonitol,26
6.25,E9_Adonitol,27
6.5,E9_Adonitol,34
6.75,E9_Adonitol,33
7.0,E9_Adonitol,32
7.25,E9_Adonitol,28
7.5,E9_Adonitol,33
7.75,E9_Adonitol,38
8.0,E9_Adonitol,38
8.25,E9_Adonitol,33
8.5,E9_Adonitol,34
8.75,E9_Adonitol,30
9.0,E9_Adonitol,33
9.25,E9_Adonitol,36
9.5,E9_Adonitol,36
9.75,E9_Adonitol,36
10.0,E9_Adonitol,34
10.25,E9_Adonitol,34
10.5,E9_Adonitol,35
10.75,E9_Adonitol,37
11.0,E9_Adonitol,37
11.25,E9_Adonitol,41
11.5,E9_Adonitol,34
11.75,E9_Adonitol,38
12.0,E9_Adonitol,35
12.25,E9_Adonitol,35
12.5,E9_Adonitol,39
12.75,E9_Adonitol,39
13.0,E9_Adonitol,38
13.25,E9_Adonitol,41
13.5,E9_Adonitol,40
13.75,E9_Adonitol,42
14.0,E9_Adonitol,43
14.25,E9_Adonitol,40
14.5,E9_Adonitol,38
14.75,E9_Adonitol,38
15.0,E9_Adonitol,37
15.25,E9_Adonitol,40
15.5,E9_Adonitol,41
15.75,E9_Adonitol,42
16.0,E9_Adonitol,39
16.25,E9_Adonitol,43
16.5,E9_Adonitol,44
16.75,E9_Adonitol,43
17.0,E9_Adonitol,43
17.25,E9_Adonitol,44
17.5,E9_Adonitol,42
17.75,E9_Adonitol,42
18.0,E9_Adonitol,42
18.25,E9_Adonitol,45
18.5,E9_Adonitol,46
18.75,E9_Adonitol,40
19.0,E9_Adonitol,44
19.25,E9_Adonitol,43
19.5,E9_Adonitol,36
19.75,E9_Adonitol,45
20.0,E9_Adonitol,47
20.25,E9_Adonitol,49
20.5,E9_Adonitol,45
20.75,E9_Adonitol,46
21.0,E9_Adonitol,44
21.25,E9_Adonitol,45
21.5,E9_Adonitol,45
21.75,E9_Adonitol,45
22.0,E9_Adonitol,47
22.25,E9_Adonitol,46
22.5,E9_Adonitol,49
22.75,E9_Adonitol,46
23.0,E9_Adonitol,45
23.25,E9_Adonitol,41
23.5,E9_Adonitol,47
23.75,E9_Adonitol,47
24.0,E9_Adonitol,48
24.25,E9_Adonitol,48
24.5,E9_Adonitol,47
24.75,E9_Adonitol,43
25.0,E9_Adonitol,49
25.25,E9_Adonitol,48
25.5,E9_Adonitol,48
25.75,E9_Adonitol,47
26.0,E9_Adonitol,45
26.25,E9_Adonitol,51
26.5,E9_Adonitol,47
26.75,E9_Adonitol,48
27.0,E9_Adonitol,48
27.25,E9_Adonitol,53
27.5,E9_Adonitol,44
27.75,E9_Adonitol,45
28.0,E9_Adonitol,47
28.25,E9_Adonitol,48
28.5,E9_Adonitol,44
28.75,E9_Adonitol,45
29.0,E9_Adonitol,48
29.25,E9_Adonitol,46
29.5,E9_Adonitol,46
29.75,E9_Adonitol,46
30.0,E9_Adonitol,49
30.25,E9_Adonitol,50
30.5,E9_Adonitol,51
30.75,E9_Adonitol,50
31.0,E9_Adonitol,51
31.25,E9_Adonitol,52
31.5,E9_Adonitol,52
31.75,E9_Adonitol,52
32.0,E9_Adonitol,48
32.25,E9_Adonitol,51
32.5,E9_Adonitol,48
32.75,E9_Adonitol,51
33.0,E9_Adonitol,51
33.25,E9_Adonitol,49
33.5,E9_Adonitol,49
33.75,E9_Adonitol,46
34.0,E9_Adonitol,50
34.25,E9_Adonitol,48
34.5,E9_Adonitol,50
34.75,E9_Adonitol,49
35.0,E9_Adonitol,50
35.25,E9_Adonitol,49
35.5,E9_Adonitol,53
35.75,E9_Adonitol,51
36.0,E9_Adonitol,50
36.25,E9_Adonitol,48
36.5,E9_Adonitol,52
36.75,E9_Adonitol,48
37.0,E9_Adonitol,49
37.25,E9_Adonitol,49
37.5,E9_Adonitol,47
37.75,E9_Adonitol,50
38.0,E9_Adonitol,47
38.25,E9_Adonitol,49
38.5,E9_Adonitol,50
38.75,E9_Adonitol,51
39.0,E9_Adonitol,51
39.25,E9_Adonitol,52
39.5,E9_Adonitol,52
39.75,E9_Adonitol,51
40.0,E9_Adonitol,48
40.25,E9_Adonitol,49
40.5,E9_Adonitol,49
40.75,E9_Adonitol,48
41.0,E9_Adonitol,50
41.25,E9_Adonitol,47
41.5,E9_Adonitol,50
41.75,E9_Adonitol,42
42.0,E9_Adonitol,44
42.25,E9_Adonitol,42
42.5,E9_Adonitol,50
42.75,E9_Adonitol,43
43.0,E9_Adonitol,53
43.25,E9_Adonitol,47
43.5,E9_Adonitol,51
43.75,E9_Adonitol,46
44.0,E9_Adonitol,48
44.25,E9_Adonitol,45
44.5,E9_Adonitol,49
44.75,E9_Adonitol,49
45.0,E9_Adonitol,50
45.25,E9_Adonitol,45
45.5,E9_Adonitol,49
45.75,E9_Adonitol,50
46.0,E9_Adonitol,48
46.25,E9_Adonitol,47
46.5,E9_Adonitol,48
46.75,E9_Adonitol,48
47.0,E9_Adonitol,48
47.25,E9_Adonitol,48
47.5,E9_Adonitol,0
0.0,E10_Maltotriose,42
0.25,E10_Maltotriose,45
0.5,E10_Maltotriose,27
0.75,E10_Maltotriose,26
1.0,E10_Maltotriose,24
1.25,E10_Maltotriose,22
1.5,E10_Maltotriose,28
1.75,E10_Maltotriose,24
2.0,E10_Maltotriose,17
2.25,E10_Maltotriose,17
2.5,E10_Maltotriose,19
2.75,E10_Maltotriose,22
3.0,E10_Maltotriose,17
3.25,E10_Maltotriose,17
3.5,E10_Maltotriose,20
3.75,E10_Maltotriose,19
4.0,E10_Maltotriose,23
4.25,E10_Maltotriose,14
4.5,E10_Maltotriose,27
4.75,E10_Maltotriose,26
5.0,E10_Maltotriose,30
5.25,E10_Maltotriose,23
5.5,E10_Maltotriose,24
5.75,E10_Maltotriose,26
6.0,E10_Maltotriose,31
6.25,E10_Maltotriose,31
6.5,E10_Maltotriose,35
6.75,E10_Maltotriose,29
7.0,E10_Maltotriose,40
7.25,E10_Maltotriose,40
7.5,E10_Maltotriose,46
7.75,E10_Maltotriose,48
8.0,E10_Maltotriose,47
8.25,E10_Maltotriose,52
8.5,E10_Maltotriose,64
8.75,E10_Maltotriose,68
9.0,E10_Maltotriose,71
9.25,E10_Maltotriose,75
9.5,E10_Maltotriose,86
9.75,E10_Maltotriose,88
10.0,E10_Maltotriose,85
10.25,E10_Maltotriose,92
10.5,E10_Maltotriose,98
10.75,E10_Maltotriose,94
11.0,E10_Maltotriose,103
11.25,E10_Maltotriose,107
11.5,E10_Maltotriose,118
11.75,E10_Maltotriose,119
12.0,E10_Maltotriose,130
12.25,E10_Maltotriose,130
12.5,E10_Maltotriose,136
12.75,E10_Maltotriose,140
13.0,E10_Maltotriose,150
13.25,E10_Maltotriose,153
13.5,E10_Maltotriose,162
13.75,E10_Maltotriose,170
14.0,E10_Maltotriose,174
14.25,E10_Maltotriose,176
14.5,E10_Maltotriose,183
14.75,E10_Maltotriose,185
15.0,E10_Maltotriose,191
15.25,E10_Maltotriose,196
15.5,E10_Maltotriose,199
15.75,E10_Maltotriose,201
16.0,E10_Maltotriose,204
16.25,E10_Maltotriose,208
16.5,E10_Maltotriose,209
16.75,E10_Maltotriose,208
17.0,E10_Maltotriose,214
17.25,E10_Maltotriose,218
17.5,E10_Maltotriose,223
17.75,E10_Maltotriose,223
18.0,E10_Maltotriose,225
18.25,E10_Maltotriose,227
18.5,E10_Maltotriose,233
18.75,E10_Maltotriose,227
19.0,E10_Maltotriose,232
19.25,E10_Maltotriose,232
19.5,E10_Maltotriose,237
19.75,E10_Maltotriose,238
20.0,E10_Maltotriose,239
20.25,E10_Maltotriose,240
20.5,E10_Maltotriose,242
20.75,E10_Maltotriose,246
21.0,E10_Maltotriose,246
21.25,E10_Maltotriose,250
21.5,E10_Maltotriose,248
21.75,E10_Maltotriose,248
22.0,E10_Maltotriose,251
22.25,E10_Maltotriose,246
22.5,E10_Maltotriose,250
22.75,E10_Maltotriose,249
23.0,E10_Maltotriose,254
23.25,E10_Maltotriose,256
23.5,E10_Maltotriose,253
23.75,E10_Maltotriose,253
24.0,E10_Maltotriose,256
24.25,E10_Maltotriose,258
24.5,E10_Maltotriose,260
24.75,E10_Maltotriose,258
25.0,E10_Maltotriose,260
25.25,E10_Maltotriose,260
25.5,E10_Maltotriose,261
25.75,E10_Maltotriose,258
26.0,E10_Maltotriose,262
26.25,E10_Maltotriose,262
26.5,E10_Maltotriose,261
26.75,E10_Maltotriose,260
27.0,E10_Maltotriose,263
27.25,E10_Maltotriose,264
27.5,E10_Maltotriose,260
27.75,E10_Maltotriose,262
28.0,E10_Maltotriose,264
28.25,E10_Maltotriose,261
28.5,E10_Maltotriose,262
28.75,E10_Maltotriose,267
29.0,E10_Maltotriose,265
29.25,E10_Maltotriose,266
29.5,E10_Maltotriose,265
29.75,E10_Maltotriose,265
30.0,E10_Maltotriose,264
30.25,E10_Maltotriose,267
30.5,E10_Maltotriose,269
30.75,E10_Maltotriose,267
31.0,E10_Maltotriose,267
31.25,E10_Maltotriose,268
31.5,E10_Maltotriose,267
31.75,E10_Maltotriose,266
32.0,E10_Maltotriose,271
32.25,E10_Maltotriose,266
32.5,E10_Maltotriose,266
32.75,E10_Maltotriose,269
33.0,E10_Maltotriose,269
33.25,E10_Maltotriose,270
33.5,E10_Maltotriose,269
33.75,E10_Maltotriose,268
34.0,E10_Maltotriose,268
34.25,E10_Maltotriose,269
34.5,E10_Maltotriose,269
34.75,E10_Maltotriose,270
35.0,E10_Maltotriose,269
35.25,E10_Maltotriose,268
35.5,E10_Maltotriose,268
35.75,E10_Maltotriose,271
36.0,E10_Maltotriose,271
36.25,E10_Maltotriose,269
36.5,E10_Maltotriose,270
36.75,E10_Maltotriose,268
37.0,E10_Maltotriose,271
37.25,E10_Maltotriose,267
37.5,E10_Maltotriose,269
37.75,E10_Maltotriose,269
38.0,E10_Maltotriose,267
38.25,E10_Maltotriose,269
38.5,E10_Maltotriose,274
38.75,E10_Maltotriose,273
39.0,E10_Maltotriose,276
39.25,E10_Maltotriose,271
39.5,E10_Maltotriose,270
39.75,E10_Maltotriose,272
40.0,E10_Maltotriose,275
40.25,E10_Maltotriose,273
40.5,E10_Maltotriose,272
40.75,E10_Maltotriose,270
41.0,E10_Maltotriose,271
41.25,E10_Maltotriose,273
41.5,E10_Maltotriose,272
41.75,E10_Maltotriose,269
42.0,E10_Maltotriose,272
42.25,E10_Maltotriose,271
42.5,E10_Maltotriose,274
42.75,E10_Maltotriose,271
43.0,E10_Maltotriose,271
43.25,E10_Maltotriose,270
43.5,E10_Maltotriose,273
43.75,E10_Maltotriose,273
44.0,E10_Maltotriose,272
44.25,E10_Maltotriose,271
44.5,E10_Maltotriose,273
44.75,E10_Maltotriose,272
45.0,E10_Maltotriose,272
45.25,E10_Maltotriose,276
45.5,E10_Maltotriose,271
45.75,E10_Maltotriose,275
46.0,E10_Maltotriose,273
46.25,E10_Maltotriose,273
46.5,E10_Maltotriose,272
46.75,E10_Maltotriose,274
47.0,E10_Maltotriose,273
47.25,E10_Maltotriose,276
47.5,E10_Maltotriose,0
0.0,E11_2-DeoxyAdenosine,11
0.25,E11_2-DeoxyAdenosine,11
0.5,E11_2-DeoxyAdenosine,12
0.75,E11_2-DeoxyAdenosine,13
1.0,E11_2-DeoxyAdenosine,14
1.25,E11_2-DeoxyAdenosine,11
1.5,E11_2-DeoxyAdenosine,18
1.75,E11_2-DeoxyAdenosine,13
2.0,E11_2-DeoxyAdenosine,14
2.25,E11_2-DeoxyAdenosine,15
2.5,E11_2-DeoxyAdenosine,14
2.75,E11_2-DeoxyAdenosine,13
3.0,E11_2-DeoxyAdenosine,18
3.25,E11_2-DeoxyAdenosine,18
3.5,E11_2-DeoxyAdenosine,13
3.75,E11_2-DeoxyAdenosine,14
4.0,E11_2-DeoxyAdenosine,13
4.25,E11_2-DeoxyAdenosine,16
4.5,E11_2-DeoxyAdenosine,15
4.75,E11_2-DeoxyAdenosine,14
5.0,E11_2-DeoxyAdenosine,15
5.25,E11_2-DeoxyAdenosine,18
5.5,E11_2-DeoxyAdenosine,21
5.75,E11_2-DeoxyAdenosine,21
6.0,E11_2-DeoxyAdenosine,21
6.25,E11_2-DeoxyAdenosine,20
6.5,E11_2-DeoxyAdenosine,26
6.75,E11_2-DeoxyAdenosine,26
7.0,E11_2-DeoxyAdenosine,21
7.25,E11_2-DeoxyAdenosine,28
7.5,E11_2-DeoxyAdenosine,32
7.75,E11_2-DeoxyAdenosine,30
8.0,E11_2-DeoxyAdenosine,33
8.25,E11_2-DeoxyAdenosine,31
8.5,E11_2-DeoxyAdenosine,31
8.75,E11_2-DeoxyAdenosine,33
9.0,E11_2-DeoxyAdenosine,33
9.25,E11_2-DeoxyAdenosine,35
9.5,E11_2-DeoxyAdenosine,36
9.75,E11_2-DeoxyAdenosine,37
10.0,E11_2-DeoxyAdenosine,41
10.25,E11_2-DeoxyAdenosine,38
10.5,E11_2-DeoxyAdenosine,43
10.75,E11_2-DeoxyAdenosine,44
11.0,E11_2-DeoxyAdenosine,48
11.25,E11_2-DeoxyAdenosine,50
11.5,E11_2-DeoxyAdenosine,55
11.75,E11_2-DeoxyAdenosine,53
12.0,E11_2-DeoxyAdenosine,51
12.25,E11_2-DeoxyAdenosine,59
12.5,E11_2-DeoxyAdenosine,58
12.75,E11_2-DeoxyAdenosine,56
13.0,E11_2-DeoxyAdenosine,61
13.25,E11_2-DeoxyAdenosine,66
13.5,E11_2-DeoxyAdenosine,69
13.75,E11_2-DeoxyAdenosine,71
14.0,E11_2-DeoxyAdenosine,74
14.25,E11_2-DeoxyAdenosine,73
14.5,E11_2-DeoxyAdenosine,72
14.75,E11_2-DeoxyAdenosine,82
15.0,E11_2-DeoxyAdenosine,82
15.25,E11_2-DeoxyAdenosine,84
15.5,E11_2-DeoxyAdenosine,89
15.75,E11_2-DeoxyAdenosine,93
16.0,E11_2-DeoxyAdenosine,95
16.25,E11_2-DeoxyAdenosine,98
16.5,E11_2-DeoxyAdenosine,103
16.75,E11_2-DeoxyAdenosine,106
17.0,E11_2-DeoxyAdenosine,108
17.25,E11_2-DeoxyAdenosine,109
17.5,E11_2-DeoxyAdenosine,120
17.75,E11_2-DeoxyAdenosine,120
18.0,E11_2-DeoxyAdenosine,122
18.25,E11_2-DeoxyAdenosine,126
18.5,E11_2-DeoxyAdenosine,129
18.75,E11_2-DeoxyAdenosine,131
19.0,E11_2-DeoxyAdenosine,137
19.25,E11_2-DeoxyAdenosine,138
19.5,E11_2-DeoxyAdenosine,136
19.75,E11_2-DeoxyAdenosine,145
20.0,E11_2-DeoxyAdenosine,153
20.25,E11_2-DeoxyAdenosine,152
20.5,E11_2-DeoxyAdenosine,153
20.75,E11_2-DeoxyAdenosine,156
21.0,E11_2-DeoxyAdenosine,156
21.25,E11_2-DeoxyAdenosine,163
21.5,E11_2-DeoxyAdenosine,165
21.75,E11_2-DeoxyAdenosine,173
22.0,E11_2-DeoxyAdenosine,173
22.25,E11_2-DeoxyAdenosine,177
22.5,E11_2-DeoxyAdenosine,178
22.75,E11_2-DeoxyAdenosine,181
23.0,E11_2-DeoxyAdenosine,185
23.25,E11_2-DeoxyAdenosine,185
23.5,E11_2-DeoxyAdenosine,197
23.75,E11_2-DeoxyAdenosine,193
24.0,E11_2-DeoxyAdenosine,197
24.25,E11_2-DeoxyAdenosine,197
24.5,E11_2-DeoxyAdenosine,200
24.75,E11_2-DeoxyAdenosine,203
25.0,E11_2-DeoxyAdenosine,203
25.25,E11_2-DeoxyAdenosine,205
25.5,E11_2-DeoxyAdenosine,209
25.75,E11_2-DeoxyAdenosine,211
26.0,E11_2-DeoxyAdenosine,210
26.25,E11_2-DeoxyAdenosine,217
26.5,E11_2-DeoxyAdenosine,214
26.75,E11_2-DeoxyAdenosine,217
27.0,E11_2-DeoxyAdenosine,216
27.25,E11_2-DeoxyAdenosine,220
27.5,E11_2-DeoxyAdenosine,217
27.75,E11_2-DeoxyAdenosine,223
28.0,E11_2-DeoxyAdenosine,222
28.25,E11_2-DeoxyAdenosine,226
28.5,E11_2-DeoxyAdenosine,224
28.75,E11_2-DeoxyAdenosine,226
29.0,E11_2-DeoxyAdenosine,226
29.25,E11_2-DeoxyAdenosine,228
29.5,E11_2-DeoxyAdenosine,229
29.75,E11_2-DeoxyAdenosine,230
30.0,E11_2-DeoxyAdenosine,231
30.25,E11_2-DeoxyAdenosine,232
30.5,E11_2-DeoxyAdenosine,233
30.75,E11_2-DeoxyAdenosine,234
31.0,E11_2-DeoxyAdenosine,237
31.25,E11_2-DeoxyAdenosine,237
31.5,E11_2-DeoxyAdenosine,239
31.75,E11_2-DeoxyAdenosine,236
32.0,E11_2-DeoxyAdenosine,239
32.25,E11_2-DeoxyAdenosine,242
32.5,E11_2-DeoxyAdenosine,242
32.75,E11_2-DeoxyAdenosine,242
33.0,E11_2-DeoxyAdenosine,243
33.25,E11_2-DeoxyAdenosine,243
33.5,E11_2-DeoxyAdenosine,239
33.75,E11_2-DeoxyAdenosine,244
34.0,E11_2-DeoxyAdenosine,243
34.25,E11_2-DeoxyAdenosine,245
34.5,E11_2-DeoxyAdenosine,244
34.75,E11_2-DeoxyAdenosine,243
35.0,E11_2-DeoxyAdenosine,244
35.25,E11_2-DeoxyAdenosine,242
35.5,E11_2-DeoxyAdenosine,244
35.75,E11_2-DeoxyAdenosine,247
36.0,E11_2-DeoxyAdenosine,246
36.25,E11_2-DeoxyAdenosine,245
36.5,E11_2-DeoxyAdenosine,249
36.75,E11_2-DeoxyAdenosine,249
37.0,E11_2-DeoxyAdenosine,245
37.25,E11_2-DeoxyAdenosine,245
37.5,E11_2-DeoxyAdenosine,245
37.75,E11_2-DeoxyAdenosine,251
38.0,E11_2-DeoxyAdenosine,249
38.25,E11_2-DeoxyAdenosine,249
38.5,E11_2-DeoxyAdenosine,250
38.75,E11_2-DeoxyAdenosine,251
39.0,E11_2-DeoxyAdenosine,245
39.25,E11_2-DeoxyAdenosine,247
39.5,E11_2-DeoxyAdenosine,248
39.75,E11_2-DeoxyAdenosine,247
40.0,E11_2-DeoxyAdenosine,246
40.25,E11_2-DeoxyAdenosine,248
40.5,E11_2-DeoxyAdenosine,247
40.75,E11_2-DeoxyAdenosine,246
41.0,E11_2-DeoxyAdenosine,247
41.25,E11_2-DeoxyAdenosine,247
41.5,E11_2-DeoxyAdenosine,248
41.75,E11_2-DeoxyAdenosine,249
42.0,E11_2-DeoxyAdenosine,251
42.25,E11_2-DeoxyAdenosine,248
42.5,E11_2-DeoxyAdenosine,247
42.75,E11_2-DeoxyAdenosine,250
43.0,E11_2-DeoxyAdenosine,250
43.25,E11_2-DeoxyAdenosine,249
43.5,E11_2-DeoxyAdenosine,250
43.75,E11_2-DeoxyAdenosine,248
44.0,E11_2-DeoxyAdenosine,253
44.25,E11_2-DeoxyAdenosine,252
44.5,E11_2-DeoxyAdenosine,251
44.75,E11_2-DeoxyAdenosine,254
45.0,E11_2-DeoxyAdenosine,251
45.25,E11_2-DeoxyAdenosine,251
45.5,E11_2-DeoxyAdenosine,254
45.75,E11_2-DeoxyAdenosine,254
46.0,E11_2-DeoxyAdenosine,253
46.25,E11_2-DeoxyAdenosine,256
46.5,E11_2-DeoxyAdenosine,252
46.75,E11_2-DeoxyAdenosine,250
47.0,E11_2-DeoxyAdenosine,254
47.25,E11_2-DeoxyAdenosine,252
47.5,E11_2-DeoxyAdenosine,0
0.0,E12_Adenosine,17
0.25,E12_Adenosine,17
0.5,E12_Adenosine,17
0.75,E12_Adenosine,21
1.0,E12_Adenosine,18
1.25,E12_Adenosine,22
1.5,E12_Adenosine,19
1.75,E12_Adenosine,19
2.0,E12_Adenosine,22
2.25,E12_Adenosine,23
2.5,E12_Adenosine,21
2.75,E12_Adenosine,15
3.0,E12_Adenosine,23
3.25,E12_Adenosine,22
3.5,E12_Adenosine,16
3.75,E12_Adenosine,18
4.0,E12_Adenosine,23
4.25,E12_Adenosine,19
4.5,E12_Adenosine,22
4.75,E12_Adenosine,22
5.0,E12_Adenosine,22
5.25,E12_Adenosine,23
5.5,E12_Adenosine,26
5.75,E12_Adenosine,31
6.0,E12_Adenosine,33
6.25,E12_Adenosine,33
6.5,E12_Adenosine,34
6.75,E12_Adenosine,34
7.0,E12_Adenosine,38
7.25,E12_Adenosine,40
7.5,E12_Adenosine,41
7.75,E12_Adenosine,44
8.0,E12_Adenosine,44
8.25,E12_Adenosine,45
8.5,E12_Adenosine,51
8.75,E12_Adenosine,52
9.0,E12_Adenosine,54
9.25,E12_Adenosine,51
9.5,E12_Adenosine,56
9.75,E12_Adenosine,57
10.0,E12_Adenosine,57
10.25,E12_Adenosine,61
10.5,E12_Adenosine,68
10.75,E12_Adenosine,64
11.0,E12_Adenosine,66
11.25,E12_Adenosine,66
11.5,E12_Adenosine,75
11.75,E12_Adenosine,75
12.0,E12_Adenosine,76
12.25,E12_Adenosine,74
12.5,E12_Adenosine,74
12.75,E12_Adenosine,79
13.0,E12_Adenosine,81
13.25,E12_Adenosine,84
13.5,E12_Adenosine,82
13.75,E12_Adenosine,89
14.0,E12_Adenosine,85
14.25,E12_Adenosine,87
14.5,E12_Adenosine,89
14.75,E12_Adenosine,98
15.0,E12_Adenosine,98
15.25,E12_Adenosine,103
15.5,E12_Adenosine,101
15.75,E12_Adenosine,104
16.0,E12_Adenosine,112
16.25,E12_Adenosine,107
16.5,E12_Adenosine,107
16.75,E12_Adenosine,104
17.0,E12_Adenosine,110
17.25,E12_Adenosine,116
17.5,E12_Adenosine,118
17.75,E12_Adenosine,122
18.0,E12_Adenosine,119
18.25,E12_Adenosine,118
18.5,E12_Adenosine,125
18.75,E12_Adenosine,127
19.0,E12_Adenosine,125
19.25,E12_Adenosine,127
19.5,E12_Adenosine,134
19.75,E12_Adenosine,130
20.0,E12_Adenosine,137
20.25,E12_Adenosine,138
20.5,E12_Adenosine,142
20.75,E12_Adenosine,144
21.0,E12_Adenosine,144
21.25,E12_Adenosine,152
21.5,E12_Adenosine,150
21.75,E12_Adenosine,149
22.0,E12_Adenosine,156
22.25,E12_Adenosine,152
22.5,E12_Adenosine,155
22.75,E12_Adenosine,160
23.0,E12_Adenosine,164
23.25,E12_Adenosine,167
23.5,E12_Adenosine,164
23.75,E12_Adenosine,173
24.0,E12_Adenosine,179
24.25,E12_Adenosine,179
24.5,E12_Adenosine,179
24.75,E12_Adenosine,176
25.0,E12_Adenosine,180
25.25,E12_Adenosine,175
25.5,E12_Adenosine,178
25.75,E12_Adenosine,175
26.0,E12_Adenosine,170
26.25,E12_Adenosine,169
26.5,E12_Adenosine,163
26.75,E12_Adenosine,165
27.0,E12_Adenosine,171
27.25,E12_Adenosine,166
27.5,E12_Adenosine,168
27.75,E12_Adenosine,166
28.0,E12_Adenosine,169
28.25,E12_Adenosine,163
28.5,E12_Adenosine,162
28.75,E12_Adenosine,164
29.0,E12_Adenosine,165
29.25,E12_Adenosine,163
29.5,E12_Adenosine,161
29.75,E12_Adenosine,164
30.0,E12_Adenosine,161
30.25,E12_Adenosine,163
30.5,E12_Adenosine,165
30.75,E12_Adenosine,158
31.0,E12_Adenosine,167
31.25,E12_Adenosine,165
31.5,E12_Adenosine,162
31.75,E12_Adenosine,166
32.0,E12_Adenosine,167
32.25,E12_Adenosine,164
32.5,E12_Adenosine,167
32.75,E12_Adenosine,170
33.0,E12_Adenosine,167
33.25,E12_Adenosine,164
33.5,E12_Adenosine,166
33.75,E12_Adenosine,164
34.0,E12_Adenosine,162
34.25,E12_Adenosine,160
34.5,E12_Adenosine,161
34.75,E12_Adenosine,165
35.0,E12_Adenosine,163
35.25,E12_Adenosine,166
35.5,E12_Adenosine,166
35.75,E12_Adenosine,165
36.0,E12_Adenosine,163
36.25,E12_Adenosine,163
36.5,E12_Adenosine,163
36.75,E12_Adenosine,166
37.0,E12_Adenosine,162
37.25,E12_Adenosine,162
37.5,E12_Adenosine,162
37.75,E12_Adenosine,162
38.0,E12_Adenosine,163
38.25,E12_Adenosine,163
38.5,E12_Adenosine,165
38.75,E12_Adenosine,163
39.0,E12_Adenosine,166
39.25,E12_Adenosine,160
39.5,E12_Adenosine,164
39.75,E12_Adenosine,164
40.0,E12_Adenosine,166
40.25,E12_Adenosine,163
40.5,E12_Adenosine,166
40.75,E12_Adenosine,163
41.0,E12_Adenosine,163
41.25,E12_Adenosine,162
41.5,E12_Adenosine,157
41.75,E12_Adenosine,164
42.0,E12_Adenosine,163
42.25,E12_Adenosine,164
42.5,E12_Adenosine,162
42.75,E12_Adenosine,166
43.0,E12_Adenosine,166
43.25,E12_Adenosine,163
43.5,E12_Adenosine,164
43.75,E12_Adenosine,163
44.0,E12_Adenosine,165
44.25,E12_Adenosine,161
44.5,E12_Adenosine,161
44.75,E12_Adenosine,162
45.0,E12_Adenosine,162
45.25,E12_Adenosine,169
45.5,E12_Adenosine,164
45.75,E12_Adenosine,166
46.0,E12_Adenosine,163
46.25,E12_Adenosine,164
46.5,E12_Adenosine,159
46.75,E12_Adenosine,165
47.0,E12_Adenosine,164
47.25,E12_Adenosine,164
47.5,E12_Adenosine,0
0.0,F1_Glycyl-L-Aspartic_Acid,43
0.25,F1_Glycyl-L-Aspartic_Acid,55
0.5,F1_Glycyl-L-Aspartic_Acid,28
0.75,F1_Glycyl-L-Aspartic_Acid,21
1.0,F1_Glycyl-L-Aspartic_Acid,25
1.25,F1_Glycyl-L-Aspartic_Acid,23
1.5,F1_Glycyl-L-Aspartic_Acid,24
1.75,F1_Glycyl-L-Aspartic_Acid,20
2.0,F1_Glycyl-L-Aspartic_Acid,18
2.25,F1_Glycyl-L-Aspartic_Acid,16
2.5,F1_Glycyl-L-Aspartic_Acid,18
2.75,F1_Glycyl-L-Aspartic_Acid,18
3.0,F1_Glycyl-L-Aspartic_Acid,16
3.25,F1_Glycyl-L-Aspartic_Acid,18
3.5,F1_Glycyl-L-Aspartic_Acid,23
3.75,F1_Glycyl-L-Aspartic_Acid,17
4.0,F1_Glycyl-L-Aspartic_Acid,20
4.25,F1_Glycyl-L-Aspartic_Acid,17
4.5,F1_Glycyl-L-Aspartic_Acid,21
4.75,F1_Glycyl-L-Aspartic_Acid,26
5.0,F1_Glycyl-L-Aspartic_Acid,23
5.25,F1_Glycyl-L-Aspartic_Acid,26
5.5,F1_Glycyl-L-Aspartic_Acid,27
5.75,F1_Glycyl-L-Aspartic_Acid,25
6.0,F1_Glycyl-L-Aspartic_Acid,30
6.25,F1_Glycyl-L-Aspartic_Acid,28
6.5,F1_Glycyl-L-Aspartic_Acid,34
6.75,F1_Glycyl-L-Aspartic_Acid,39
7.0,F1_Glycyl-L-Aspartic_Acid,40
7.25,F1_Glycyl-L-Aspartic_Acid,41
7.5,F1_Glycyl-L-Aspartic_Acid,40
7.75,F1_Glycyl-L-Aspartic_Acid,39
8.0,F1_Glycyl-L-Aspartic_Acid,42
8.25,F1_Glycyl-L-Aspartic_Acid,41
8.5,F1_Glycyl-L-Aspartic_Acid,46
8.75,F1_Glycyl-L-Aspartic_Acid,44
9.0,F1_Glycyl-L-Aspartic_Acid,45
9.25,F1_Glycyl-L-Aspartic_Acid,43
9.5,F1_Glycyl-L-Aspartic_Acid,46
9.75,F1_Glycyl-L-Aspartic_Acid,45
10.0,F1_Glycyl-L-Aspartic_Acid,43
10.25,F1_Glycyl-L-Aspartic_Acid,45
10.5,F1_Glycyl-L-Aspartic_Acid,48
10.75,F1_Glycyl-L-Aspartic_Acid,50
11.0,F1_Glycyl-L-Aspartic_Acid,49
11.25,F1_Glycyl-L-Aspartic_Acid,46
11.5,F1_Glycyl-L-Aspartic_Acid,49
11.75,F1_Glycyl-L-Aspartic_Acid,48
12.0,F1_Glycyl-L-Aspartic_Acid,51
12.25,F1_Glycyl-L-Aspartic_Acid,47
12.5,F1_Glycyl-L-Aspartic_Acid,49
12.75,F1_Glycyl-L-Aspartic_Acid,48
13.0,F1_Glycyl-L-Aspartic_Acid,45
13.25,F1_Glycyl-L-Aspartic_Acid,47
13.5,F1_Glycyl-L-Aspartic_Acid,54
13.75,F1_Glycyl-L-Aspartic_Acid,52
14.0,F1_Glycyl-L-Aspartic_Acid,53
14.25,F1_Glycyl-L-Aspartic_Acid,51
14.5,F1_Glycyl-L-Aspartic_Acid,48
14.75,F1_Glycyl-L-Aspartic_Acid,55
15.0,F1_Glycyl-L-Aspartic_Acid,52
15.25,F1_Glycyl-L-Aspartic_Acid,53
15.5,F1_Glycyl-L-Aspartic_Acid,57
15.75,F1_Glycyl-L-Aspartic_Acid,51
16.0,F1_Glycyl-L-Aspartic_Acid,54
16.25,F1_Glycyl-L-Aspartic_Acid,54
16.5,F1_Glycyl-L-Aspartic_Acid,54
16.75,F1_Glycyl-L-Aspartic_Acid,55
17.0,F1_Glycyl-L-Aspartic_Acid,53
17.25,F1_Glycyl-L-Aspartic_Acid,57
17.5,F1_Glycyl-L-Aspartic_Acid,57
17.75,F1_Glycyl-L-Aspartic_Acid,59
18.0,F1_Glycyl-L-Aspartic_Acid,59
18.25,F1_Glycyl-L-Aspartic_Acid,58
18.5,F1_Glycyl-L-Aspartic_Acid,60
18.75,F1_Glycyl-L-Aspartic_Acid,57
19.0,F1_Glycyl-L-Aspartic_Acid,56
19.25,F1_Glycyl-L-Aspartic_Acid,57
19.5,F1_Glycyl-L-Aspartic_Acid,54
19.75,F1_Glycyl-L-Aspartic_Acid,53
20.0,F1_Glycyl-L-Aspartic_Acid,57
20.25,F1_Glycyl-L-Aspartic_Acid,58
20.5,F1_Glycyl-L-Aspartic_Acid,60
20.75,F1_Glycyl-L-Aspartic_Acid,58
21.0,F1_Glycyl-L-Aspartic_Acid,57
21.25,F1_Glycyl-L-Aspartic_Acid,59
21.5,F1_Glycyl-L-Aspartic_Acid,60
21.75,F1_Glycyl-L-Aspartic_Acid,58
22.0,F1_Glycyl-L-Aspartic_Acid,60
22.25,F1_Glycyl-L-Aspartic_Acid,55
22.5,F1_Glycyl-L-Aspartic_Acid,59
22.75,F1_Glycyl-L-Aspartic_Acid,60
23.0,F1_Glycyl-L-Aspartic_Acid,62
23.25,F1_Glycyl-L-Aspartic_Acid,63
23.5,F1_Glycyl-L-Aspartic_Acid,63
23.75,F1_Glycyl-L-Aspartic_Acid,65
24.0,F1_Glycyl-L-Aspartic_Acid,58
24.25,F1_Glycyl-L-Aspartic_Acid,68
24.5,F1_Glycyl-L-Aspartic_Acid,65
24.75,F1_Glycyl-L-Aspartic_Acid,58
25.0,F1_Glycyl-L-Aspartic_Acid,62
25.25,F1_Glycyl-L-Aspartic_Acid,60
25.5,F1_Glycyl-L-Aspartic_Acid,65
25.75,F1_Glycyl-L-Aspartic_Acid,64
26.0,F1_Glycyl-L-Aspartic_Acid,61
26.25,F1_Glycyl-L-Aspartic_Acid,63
26.5,F1_Glycyl-L-Aspartic_Acid,63
26.75,F1_Glycyl-L-Aspartic_Acid,64
27.0,F1_Glycyl-L-Aspartic_Acid,61
27.25,F1_Glycyl-L-Aspartic_Acid,63
27.5,F1_Glycyl-L-Aspartic_Acid,61
27.75,F1_Glycyl-L-Aspartic_Acid,65
28.0,F1_Glycyl-L-Aspartic_Acid,60
28.25,F1_Glycyl-L-Aspartic_Acid,65
28.5,F1_Glycyl-L-Aspartic_Acid,65
28.75,F1_Glycyl-L-Aspartic_Acid,63
29.0,F1_Glycyl-L-Aspartic_Acid,67
29.25,F1_Glycyl-L-Aspartic_Acid,64
29.5,F1_Glycyl-L-Aspartic_Acid,64
29.75,F1_Glycyl-L-Aspartic_Acid,65
30.0,F1_Glycyl-L-Aspartic_Acid,62
30.25,F1_Glycyl-L-Aspartic_Acid,63
30.5,F1_Glycyl-L-Aspartic_Acid,66
30.75,F1_Glycyl-L-Aspartic_Acid,69
31.0,F1_Glycyl-L-Aspartic_Acid,67
31.25,F1_Glycyl-L-Aspartic_Acid,70
31.5,F1_Glycyl-L-Aspartic_Acid,68
31.75,F1_Glycyl-L-Aspartic_Acid,70
32.0,F1_Glycyl-L-Aspartic_Acid,69
32.25,F1_Glycyl-L-Aspartic_Acid,66
32.5,F1_Glycyl-L-Aspartic_Acid,72
32.75,F1_Glycyl-L-Aspartic_Acid,67
33.0,F1_Glycyl-L-Aspartic_Acid,65
33.25,F1_Glycyl-L-Aspartic_Acid,67
33.5,F1_Glycyl-L-Aspartic_Acid,67
33.75,F1_Glycyl-L-Aspartic_Acid,68
34.0,F1_Glycyl-L-Aspartic_Acid,72
34.25,F1_Glycyl-L-Aspartic_Acid,71
34.5,F1_Glycyl-L-Aspartic_Acid,73
34.75,F1_Glycyl-L-Aspartic_Acid,66
35.0,F1_Glycyl-L-Aspartic_Acid,67
35.25,F1_Glycyl-L-Aspartic_Acid,68
35.5,F1_Glycyl-L-Aspartic_Acid,71
35.75,F1_Glycyl-L-Aspartic_Acid,72
36.0,F1_Glycyl-L-Aspartic_Acid,70
36.25,F1_Glycyl-L-Aspartic_Acid,68
36.5,F1_Glycyl-L-Aspartic_Acid,74
36.75,F1_Glycyl-L-Aspartic_Acid,69
37.0,F1_Glycyl-L-Aspartic_Acid,72
37.25,F1_Glycyl-L-Aspartic_Acid,72
37.5,F1_Glycyl-L-Aspartic_Acid,71
37.75,F1_Glycyl-L-Aspartic_Acid,72
38.0,F1_Glycyl-L-Aspartic_Acid,73
38.25,F1_Glycyl-L-Aspartic_Acid,70
38.5,F1_Glycyl-L-Aspartic_Acid,75
38.75,F1_Glycyl-L-Aspartic_Acid,70
39.0,F1_Glycyl-L-Aspartic_Acid,70
39.25,F1_Glycyl-L-Aspartic_Acid,78
39.5,F1_Glycyl-L-Aspartic_Acid,73
39.75,F1_Glycyl-L-Aspartic_Acid,70
40.0,F1_Glycyl-L-Aspartic_Acid,67
40.25,F1_Glycyl-L-Aspartic_Acid,72
40.5,F1_Glycyl-L-Aspartic_Acid,75
40.75,F1_Glycyl-L-Aspartic_Acid,69
41.0,F1_Glycyl-L-Aspartic_Acid,73
41.25,F1_Glycyl-L-Aspartic_Acid,73
41.5,F1_Glycyl-L-Aspartic_Acid,71
41.75,F1_Glycyl-L-Aspartic_Acid,69
42.0,F1_Glycyl-L-Aspartic_Acid,76
42.25,F1_Glycyl-L-Aspartic_Acid,73
42.5,F1_Glycyl-L-Aspartic_Acid,68
42.75,F1_Glycyl-L-Aspartic_Acid,70
43.0,F1_Glycyl-L-Aspartic_Acid,76
43.25,F1_Glycyl-L-Aspartic_Acid,70
43.5,F1_Glycyl-L-Aspartic_Acid,70
43.75,F1_Glycyl-L-Aspartic_Acid,69
44.0,F1_Glycyl-L-Aspartic_Acid,76
44.25,F1_Glycyl-L-Aspartic_Acid,74
44.5,F1_Glycyl-L-Aspartic_Acid,76
44.75,F1_Glycyl-L-Aspartic_Acid,73
45.0,F1_Glycyl-L-Aspartic_Acid,74
45.25,F1_Glycyl-L-Aspartic_Acid,76
45.5,F1_Glycyl-L-Aspartic_Acid,75
45.75,F1_Glycyl-L-Aspartic_Acid,74
46.0,F1_Glycyl-L-Aspartic_Acid,71
46.25,F1_Glycyl-L-Aspartic_Acid,71
46.5,F1_Glycyl-L-Aspartic_Acid,76
46.75,F1_Glycyl-L-Aspartic_Acid,72
47.0,F1_Glycyl-L-Aspartic_Acid,74
47.25,F1_Glycyl-L-Aspartic_Acid,72
47.5,F1_Glycyl-L-Aspartic_Acid,0
0.0,F2_Citric_Acid,46
0.25,F2_Citric_Acid,48
0.5,F2_Citric_Acid,20
0.75,F2_Citric_Acid,18
1.0,F2_Citric_Acid,18
1.25,F2_Citric_Acid,20
1.5,F2_Citric_Acid,23
1.75,F2_Citric_Acid,23
2.0,F2_Citric_Acid,21
2.25,F2_Citric_Acid,21
2.5,F2_Citric_Acid,21
2.75,F2_Citric_Acid,19
3.0,F2_Citric_Acid,24
3.25,F2_Citric_Acid,24
3.5,F2_Citric_Acid,20
3.75,F2_Citric_Acid,22
4.0,F2_Citric_Acid,25
4.25,F2_Citric_Acid,24
4.5,F2_Citric_Acid,26
4.75,F2_Citric_Acid,25
5.0,F2_Citric_Acid,29
5.25,F2_Citric_Acid,29
5.5,F2_Citric_Acid,31
5.75,F2_Citric_Acid,32
6.0,F2_Citric_Acid,34
6.25,F2_Citric_Acid,31
6.5,F2_Citric_Acid,34
6.75,F2_Citric_Acid,35
7.0,F2_Citric_Acid,33
7.25,F2_Citric_Acid,43
7.5,F2_Citric_Acid,46
7.75,F2_Citric_Acid,48
8.0,F2_Citric_Acid,51
8.25,F2_Citric_Acid,56
8.5,F2_Citric_Acid,56
8.75,F2_Citric_Acid,60
9.0,F2_Citric_Acid,67
9.25,F2_Citric_Acid,71
9.5,F2_Citric_Acid,73
9.75,F2_Citric_Acid,77
10.0,F2_Citric_Acid,84
10.25,F2_Citric_Acid,85
10.5,F2_Citric_Acid,92
10.75,F2_Citric_Acid,95
11.0,F2_Citric_Acid,98
11.25,F2_Citric_Acid,99
11.5,F2_Citric_Acid,103
11.75,F2_Citric_Acid,108
12.0,F2_Citric_Acid,110
12.25,F2_Citric_Acid,115
12.5,F2_Citric_Acid,115
12.75,F2_Citric_Acid,120
13.0,F2_Citric_Acid,121
13.25,F2_Citric_Acid,128
13.5,F2_Citric_Acid,136
13.75,F2_Citric_Acid,137
14.0,F2_Citric_Acid,141
14.25,F2_Citric_Acid,142
14.5,F2_Citric_Acid,152
14.75,F2_Citric_Acid,157
15.0,F2_Citric_Acid,160
15.25,F2_Citric_Acid,165
15.5,F2_Citric_Acid,165
15.75,F2_Citric_Acid,176
16.0,F2_Citric_Acid,179
16.25,F2_Citric_Acid,184
16.5,F2_Citric_Acid,186
16.75,F2_Citric_Acid,189
17.0,F2_Citric_Acid,194
17.25,F2_Citric_Acid,196
17.5,F2_Citric_Acid,197
17.75,F2_Citric_Acid,200
18.0,F2_Citric_Acid,199
18.25,F2_Citric_Acid,205
18.5,F2_Citric_Acid,203
18.75,F2_Citric_Acid,206
19.0,F2_Citric_Acid,206
19.25,F2_Citric_Acid,207
19.5,F2_Citric_Acid,203
19.75,F2_Citric_Acid,200
20.0,F2_Citric_Acid,205
20.25,F2_Citric_Acid,202
20.5,F2_Citric_Acid,202
20.75,F2_Citric_Acid,204
21.0,F2_Citric_Acid,199
21.25,F2_Citric_Acid,202
21.5,F2_Citric_Acid,205
21.75,F2_Citric_Acid,205
22.0,F2_Citric_Acid,208
22.25,F2_Citric_Acid,206
22.5,F2_Citric_Acid,210
22.75,F2_Citric_Acid,203
23.0,F2_Citric_Acid,204
23.25,F2_Citric_Acid,201
23.5,F2_Citric_Acid,204
23.75,F2_Citric_Acid,209
24.0,F2_Citric_Acid,202
24.25,F2_Citric_Acid,204
24.5,F2_Citric_Acid,206
24.75,F2_Citric_Acid,202
25.0,F2_Citric_Acid,208
25.25,F2_Citric_Acid,204
25.5,F2_Citric_Acid,203
25.75,F2_Citric_Acid,204
26.0,F2_Citric_Acid,202
26.25,F2_Citric_Acid,204
26.5,F2_Citric_Acid,202
26.75,F2_Citric_Acid,205
27.0,F2_Citric_Acid,201
27.25,F2_Citric_Acid,206
27.5,F2_Citric_Acid,203
27.75,F2_Citric_Acid,205
28.0,F2_Citric_Acid,204
28.25,F2_Citric_Acid,203
28.5,F2_Citric_Acid,202
28.75,F2_Citric_Acid,203
29.0,F2_Citric_Acid,201
29.25,F2_Citric_Acid,203
29.5,F2_Citric_Acid,203
29.75,F2_Citric_Acid,205
30.0,F2_Citric_Acid,201
30.25,F2_Citric_Acid,206
30.5,F2_Citric_Acid,205
30.75,F2_Citric_Acid,204
31.0,F2_Citric_Acid,204
31.25,F2_Citric_Acid,205
31.5,F2_Citric_Acid,205
31.75,F2_Citric_Acid,206
32.0,F2_Citric_Acid,208
32.25,F2_Citric_Acid,206
32.5,F2_Citric_Acid,203
32.75,F2_Citric_Acid,201
33.0,F2_Citric_Acid,200
33.25,F2_Citric_Acid,203
33.5,F2_Citric_Acid,206
33.75,F2_Citric_Acid,202
34.0,F2_Citric_Acid,202
34.25,F2_Citric_Acid,199
34.5,F2_Citric_Acid,203
34.75,F2_Citric_Acid,202
35.0,F2_Citric_Acid,202
35.25,F2_Citric_Acid,199
35.5,F2_Citric_Acid,207
35.75,F2_Citric_Acid,201
36.0,F2_Citric_Acid,206
36.25,F2_Citric_Acid,202
36.5,F2_Citric_Acid,202
36.75,F2_Citric_Acid,203
37.0,F2_Citric_Acid,202
37.25,F2_Citric_Acid,203
37.5,F2_Citric_Acid,202
37.75,F2_Citric_Acid,204
38.0,F2_Citric_Acid,204
38.25,F2_Citric_Acid,205
38.5,F2_Citric_Acid,202
38.75,F2_Citric_Acid,200
39.0,F2_Citric_Acid,200
39.25,F2_Citric_Acid,197
39.5,F2_Citric_Acid,203
39.75,F2_Citric_Acid,199
40.0,F2_Citric_Acid,197
40.25,F2_Citric_Acid,203
40.5,F2_Citric_Acid,200
40.75,F2_Citric_Acid,199
41.0,F2_Citric_Acid,197
41.25,F2_Citric_Acid,199
41.5,F2_Citric_Acid,202
41.75,F2_Citric_Acid,198
42.0,F2_Citric_Acid,194
42.25,F2_Citric_Acid,198
42.5,F2_Citric_Acid,199
42.75,F2_Citric_Acid,203
43.0,F2_Citric_Acid,198
43.25,F2_Citric_Acid,194
43.5,F2_Citric_Acid,196
43.75,F2_Citric_Acid,198
44.0,F2_Citric_Acid,198
44.25,F2_Citric_Acid,201
44.5,F2_Citric_Acid,200
44.75,F2_Citric_Acid,201
45.0,F2_Citric_Acid,197
45.25,F2_Citric_Acid,199
45.5,F2_Citric_Acid,202
45.75,F2_Citric_Acid,200
46.0,F2_Citric_Acid,200
46.25,F2_Citric_Acid,197
46.5,F2_Citric_Acid,197
46.75,F2_Citric_Acid,197
47.0,F2_Citric_Acid,196
47.25,F2_Citric_Acid,196
47.5,F2_Citric_Acid,0
0.0,F3_myo-Inositol,14
0.25,F3_myo-Inositol,19
0.5,F3_myo-Inositol,13
0.75,F3_myo-Inositol,14
1.0,F3_myo-Inositol,16
1.25,F3_myo-Inositol,15
1.5,F3_myo-Inositol,12
1.75,F3_myo-Inositol,14
2.0,F3_myo-Inositol,17
2.25,F3_myo-Inositol,13
2.5,F3_myo-Inositol,17
2.75,F3_myo-Inositol,11
3.0,F3_myo-Inositol,19
3.25,F3_myo-Inositol,14
3.5,F3_myo-Inositol,15
3.75,F3_myo-Inositol,15
4.0,F3_myo-Inositol,15
4.25,F3_myo-Inositol,22
4.5,F3_myo-Inositol,18
4.75,F3_myo-Inositol,18
5.0,F3_myo-Inositol,18
5.25,F3_myo-Inositol,19
5.5,F3_myo-Inositol,20
5.75,F3_myo-Inositol,24
6.0,F3_myo-Inositol,20
6.25,F3_myo-Inositol,27
6.5,F3_myo-Inositol,25
6.75,F3_myo-Inositol,29
7.0,F3_myo-Inositol,29
7.25,F3_myo-Inositol,28
7.5,F3_myo-Inositol,30
7.75,F3_myo-Inositol,35
8.0,F3_myo-Inositol,37
8.25,F3_myo-Inositol,39
8.5,F3_myo-Inositol,34
8.75,F3_myo-Inositol,33
9.0,F3_myo-Inositol,32
9.25,F3_myo-Inositol,33
9.5,F3_myo-Inositol,36
9.75,F3_myo-Inositol,37
10.0,F3_myo-Inositol,37
10.25,F3_myo-Inositol,32
10.5,F3_myo-Inositol,38
10.75,F3_myo-Inositol,39
11.0,F3_myo-Inositol,39
11.25,F3_myo-Inositol,42
11.5,F3_myo-Inositol,42
11.75,F3_myo-Inositol,43
12.0,F3_myo-Inositol,44
12.25,F3_myo-Inositol,47
12.5,F3_myo-Inositol,53
12.75,F3_myo-Inositol,52
13.0,F3_myo-Inositol,57
13.25,F3_myo-Inositol,59
13.5,F3_myo-Inositol,65
13.75,F3_myo-Inositol,64
14.0,F3_myo-Inositol,74
14.25,F3_myo-Inositol,71
14.5,F3_myo-Inositol,77
14.75,F3_myo-Inositol,83
15.0,F3_myo-Inositol,83
15.25,F3_myo-Inositol,90
15.5,F3_myo-Inositol,94
15.75,F3_myo-Inositol,97
16.0,F3_myo-Inositol,103
16.25,F3_myo-Inositol,110
16.5,F3_myo-Inositol,113
16.75,F3_myo-Inositol,119
17.0,F3_myo-Inositol,119
17.25,F3_myo-Inositol,125
17.5,F3_myo-Inositol,130
17.75,F3_myo-Inositol,133
18.0,F3_myo-Inositol,136
18.25,F3_myo-Inositol,145
18.5,F3_myo-Inositol,145
18.75,F3_myo-Inositol,149
19.0,F3_myo-Inositol,154
19.25,F3_myo-Inositol,157
19.5,F3_myo-Inositol,161
19.75,F3_myo-Inositol,163
20.0,F3_myo-Inositol,170
20.25,F3_myo-Inositol,174
20.5,F3_myo-Inositol,178
20.75,F3_myo-Inositol,184
21.0,F3_myo-Inositol,184
21.25,F3_myo-Inositol,190
21.5,F3_myo-Inositol,191
21.75,F3_myo-Inositol,195
22.0,F3_myo-Inositol,201
22.25,F3_myo-Inositol,206
22.5,F3_myo-Inositol,212
22.75,F3_myo-Inositol,207
23.0,F3_myo-Inositol,209
23.25,F3_myo-Inositol,214
23.5,F3_myo-Inositol,219
23.75,F3_myo-Inositol,223
24.0,F3_myo-Inositol,223
24.25,F3_myo-Inositol,230
24.5,F3_myo-Inositol,226
24.75,F3_myo-Inositol,229
25.0,F3_myo-Inositol,234
25.25,F3_myo-Inositol,231
25.5,F3_myo-Inositol,233
25.75,F3_myo-Inositol,236
26.0,F3_myo-Inositol,238
26.25,F3_myo-Inositol,242
26.5,F3_myo-Inositol,242
26.75,F3_myo-Inositol,244
27.0,F3_myo-Inositol,244
27.25,F3_myo-Inositol,244
27.5,F3_myo-Inositol,246
27.75,F3_myo-Inositol,248
28.0,F3_myo-Inositol,249
28.25,F3_myo-Inositol,248
28.5,F3_myo-Inositol,247
28.75,F3_myo-Inositol,247
29.0,F3_myo-Inositol,251
29.25,F3_myo-Inositol,252
29.5,F3_myo-Inositol,251
29.75,F3_myo-Inositol,251
30.0,F3_myo-Inositol,253
30.25,F3_myo-Inositol,252
30.5,F3_myo-Inositol,254
30.75,F3_myo-Inositol,255
31.0,F3_myo-Inositol,254
31.25,F3_myo-Inositol,257
31.5,F3_myo-Inositol,253
31.75,F3_myo-Inositol,252
32.0,F3_myo-Inositol,255
32.25,F3_myo-Inositol,254
32.5,F3_myo-Inositol,257
32.75,F3_myo-Inositol,255
33.0,F3_myo-Inositol,258
33.25,F3_myo-Inositol,259
33.5,F3_myo-Inositol,259
33.75,F3_myo-Inositol,256
34.0,F3_myo-Inositol,259
34.25,F3_myo-Inositol,258
34.5,F3_myo-Inositol,260
34.75,F3_myo-Inositol,255
35.0,F3_myo-Inositol,256
35.25,F3_myo-Inositol,256
35.5,F3_myo-Inositol,259
35.75,F3_myo-Inositol,259
36.0,F3_myo-Inositol,262
36.25,F3_myo-Inositol,260
36.5,F3_myo-Inositol,263
36.75,F3_myo-Inositol,262
37.0,F3_myo-Inositol,260
37.25,F3_myo-Inositol,264
37.5,F3_myo-Inositol,262
37.75,F3_myo-Inositol,259
38.0,F3_myo-Inositol,260
38.25,F3_myo-Inositol,263
38.5,F3_myo-Inositol,262
38.75,F3_myo-Inositol,260
39.0,F3_myo-Inositol,263
39.25,F3_myo-Inositol,261
39.5,F3_myo-Inositol,267
39.75,F3_myo-Inositol,264
40.0,F3_myo-Inositol,264
40.25,F3_myo-Inositol,268
40.5,F3_myo-Inositol,261
40.75,F3_myo-Inositol,262
41.0,F3_myo-Inositol,263
41.25,F3_myo-Inositol,262
41.5,F3_myo-Inositol,266
41.75,F3_myo-Inositol,266
42.0,F3_myo-Inositol,269
42.25,F3_myo-Inositol,264
42.5,F3_myo-Inositol,266
42.75,F3_myo-Inositol,267
43.0,F3_myo-Inositol,265
43.25,F3_myo-Inositol,263
43.5,F3_myo-Inositol,266
43.75,F3_myo-Inositol,268
44.0,F3_myo-Inositol,268
44.25,F3_myo-Inositol,269
44.5,F3_myo-Inositol,270
44.75,F3_myo-Inositol,269
45.0,F3_myo-Inositol,268
45.25,F3_myo-Inositol,268
45.5,F3_myo-Inositol,268
45.75,F3_myo-Inositol,270
46.0,F3_myo-Inositol,272
46.25,F3_myo-Inositol,273
46.5,F3_myo-Inositol,272
46.75,F3_myo-Inositol,267
47.0,F3_myo-Inositol,272
47.25,F3_myo-Inositol,272
47.5,F3_myo-Inositol,0
0.0,F4_D-Threonine,31
0.25,F4_D-Threonine,12
0.5,F4_D-Threonine,23
0.75,F4_D-Threonine,20
1.0,F4_D-Threonine,19
1.25,F4_D-Threonine,16
1.5,F4_D-Threonine,16
1.75,F4_D-Threonine,18
2.0,F4_D-Threonine,18
2.25,F4_D-Threonine,20
2.5,F4_D-Threonine,21
2.75,F4_D-Threonine,18
3.0,F4_D-Threonine,21
3.25,F4_D-Threonine,19
3.5,F4_D-Threonine,21
3.75,F4_D-Threonine,25
4.0,F4_D-Threonine,20
4.25,F4_D-Threonine,19
4.5,F4_D-Threonine,21
4.75,F4_D-Threonine,20
5.0,F4_D-Threonine,24
5.25,F4_D-Threonine,24
5.5,F4_D-Threonine,24
5.75,F4_D-Threonine,22
6.0,F4_D-Threonine,27
6.25,F4_D-Threonine,24
6.5,F4_D-Threonine,19
6.75,F4_D-Threonine,23
7.0,F4_D-Threonine,25
7.25,F4_D-Threonine,29
7.5,F4_D-Threonine,28
7.75,F4_D-Threonine,24
8.0,F4_D-Threonine,21
8.25,F4_D-Threonine,21
8.5,F4_D-Threonine,35
8.75,F4_D-Threonine,29
9.0,F4_D-Threonine,33
9.25,F4_D-Threonine,30
9.5,F4_D-Threonine,34
9.75,F4_D-Threonine,28
10.0,F4_D-Threonine,24
10.25,F4_D-Threonine,30
10.5,F4_D-Threonine,30
10.75,F4_D-Threonine,30
11.0,F4_D-Threonine,31
11.25,F4_D-Threonine,31
11.5,F4_D-Threonine,34
11.75,F4_D-Threonine,29
12.0,F4_D-Threonine,35
12.25,F4_D-Threonine,29
12.5,F4_D-Threonine,30
12.75,F4_D-Threonine,36
13.0,F4_D-Threonine,34
13.25,F4_D-Threonine,35
13.5,F4_D-Threonine,34
13.75,F4_D-Threonine,37
14.0,F4_D-Threonine,36
14.25,F4_D-Threonine,40
14.5,F4_D-Threonine,40
14.75,F4_D-Threonine,37
15.0,F4_D-Threonine,38
15.25,F4_D-Threonine,41
15.5,F4_D-Threonine,41
15.75,F4_D-Threonine,39
16.0,F4_D-Threonine,41
16.25,F4_D-Threonine,44
16.5,F4_D-Threonine,40
16.75,F4_D-Threonine,33
17.0,F4_D-Threonine,42
17.25,F4_D-Threonine,44
17.5,F4_D-Threonine,47
17.75,F4_D-Threonine,46
18.0,F4_D-Threonine,47
18.25,F4_D-Threonine,48
18.5,F4_D-Threonine,46
18.75,F4_D-Threonine,39
19.0,F4_D-Threonine,43
19.25,F4_D-Threonine,45
19.5,F4_D-Threonine,51
19.75,F4_D-Threonine,45
20.0,F4_D-Threonine,48
20.25,F4_D-Threonine,47
20.5,F4_D-Threonine,48
20.75,F4_D-Threonine,49
21.0,F4_D-Threonine,49
21.25,F4_D-Threonine,47
21.5,F4_D-Threonine,47
21.75,F4_D-Threonine,46
22.0,F4_D-Threonine,50
22.25,F4_D-Threonine,42
22.5,F4_D-Threonine,45
22.75,F4_D-Threonine,48
23.0,F4_D-Threonine,47
23.25,F4_D-Threonine,51
23.5,F4_D-Threonine,49
23.75,F4_D-Threonine,44
24.0,F4_D-Threonine,57
24.25,F4_D-Threonine,53
24.5,F4_D-Threonine,51
24.75,F4_D-Threonine,58
25.0,F4_D-Threonine,52
25.25,F4_D-Threonine,48
25.5,F4_D-Threonine,51
25.75,F4_D-Threonine,58
26.0,F4_D-Threonine,57
26.25,F4_D-Threonine,50
26.5,F4_D-Threonine,53
26.75,F4_D-Threonine,46
27.0,F4_D-Threonine,56
27.25,F4_D-Threonine,53
27.5,F4_D-Threonine,50
27.75,F4_D-Threonine,49
28.0,F4_D-Threonine,53
28.25,F4_D-Threonine,50
28.5,F4_D-Threonine,53
28.75,F4_D-Threonine,58
29.0,F4_D-Threonine,53
29.25,F4_D-Threonine,54
29.5,F4_D-Threonine,46
29.75,F4_D-Threonine,55
30.0,F4_D-Threonine,47
30.25,F4_D-Threonine,55
30.5,F4_D-Threonine,58
30.75,F4_D-Threonine,50
31.0,F4_D-Threonine,57
31.25,F4_D-Threonine,52
31.5,F4_D-Threonine,56
31.75,F4_D-Threonine,53
32.0,F4_D-Threonine,55
32.25,F4_D-Threonine,51
32.5,F4_D-Threonine,53
32.75,F4_D-Threonine,52
33.0,F4_D-Threonine,57
33.25,F4_D-Threonine,57
33.5,F4_D-Threonine,61
33.75,F4_D-Threonine,59
34.0,F4_D-Threonine,55
34.25,F4_D-Threonine,55
34.5,F4_D-Threonine,57
34.75,F4_D-Threonine,55
35.0,F4_D-Threonine,62
35.25,F4_D-Threonine,64
35.5,F4_D-Threonine,56
35.75,F4_D-Threonine,59
36.0,F4_D-Threonine,55
36.25,F4_D-Threonine,60
36.5,F4_D-Threonine,53
36.75,F4_D-Threonine,55
37.0,F4_D-Threonine,58
37.25,F4_D-Threonine,59
37.5,F4_D-Threonine,57
37.75,F4_D-Threonine,59
38.0,F4_D-Threonine,58
38.25,F4_D-Threonine,58
38.5,F4_D-Threonine,64
38.75,F4_D-Threonine,62
39.0,F4_D-Threonine,62
39.25,F4_D-Threonine,63
39.5,F4_D-Threonine,62
39.75,F4_D-Threonine,62
40.0,F4_D-Threonine,62
40.25,F4_D-Threonine,56
40.5,F4_D-Threonine,60
40.75,F4_D-Threonine,65
41.0,F4_D-Threonine,62
41.25,F4_D-Threonine,63
41.5,F4_D-Threonine,61
41.75,F4_D-Threonine,59
42.0,F4_D-Threonine,58
42.25,F4_D-Threonine,65
42.5,F4_D-Threonine,63
42.75,F4_D-Threonine,54
43.0,F4_D-Threonine,61
43.25,F4_D-Threonine,66
43.5,F4_D-Threonine,62
43.75,F4_D-Threonine,64
44.0,F4_D-Threonine,62
44.25,F4_D-Threonine,62
44.5,F4_D-Threonine,59
44.75,F4_D-Threonine,59
45.0,F4_D-Threonine,64
45.25,F4_D-Threonine,69
45.5,F4_D-Threonine,64
45.75,F4_D-Threonine,63
46.0,F4_D-Threonine,63
46.25,F4_D-Threonine,62
46.5,F4_D-Threonine,70
46.75,F4_D-Threonine,67
47.0,F4_D-Threonine,69
47.25,F4_D-Threonine,68
47.5,F4_D-Threonine,0
0.0,F5_Fumaric_Acid,12
0.25,F5_Fumaric_Acid,11
0.5,F5_Fumaric_Acid,15
0.75,F5_Fumaric_Acid,12
1.0,F5_Fumaric_Acid,16
1.25,F5_Fumaric_Acid,11
1.5,F5_Fumaric_Acid,11
1.75,F5_Fumaric_Acid,11
2.0,F5_Fumaric_Acid,13
2.25,F5_Fumaric_Acid,11
2.5,F5_Fumaric_Acid,12
2.75,F5_Fumaric_Acid,11
3.0,F5_Fumaric_Acid,12
3.25,F5_Fumaric_Acid,12
3.5,F5_Fumaric_Acid,16
3.75,F5_Fumaric_Acid,11
4.0,F5_Fumaric_Acid,11
4.25,F5_Fumaric_Acid,16
4.5,F5_Fumaric_Acid,12
4.75,F5_Fumaric_Acid,16
5.0,F5_Fumaric_Acid,15
5.25,F5_Fumaric_Acid,23
5.5,F5_Fumaric_Acid,19
5.75,F5_Fumaric_Acid,21
6.0,F5_Fumaric_Acid,20
6.25,F5_Fumaric_Acid,28
6.5,F5_Fumaric_Acid,28
6.75,F5_Fumaric_Acid,35
7.0,F5_Fumaric_Acid,37
7.25,F5_Fumaric_Acid,40
7.5,F5_Fumaric_Acid,42
7.75,F5_Fumaric_Acid,49
8.0,F5_Fumaric_Acid,53
8.25,F5_Fumaric_Acid,61
8.5,F5_Fumaric_Acid,59
8.75,F5_Fumaric_Acid,61
9.0,F5_Fumaric_Acid,67
9.25,F5_Fumaric_Acid,76
9.5,F5_Fumaric_Acid,81
9.75,F5_Fumaric_Acid,84
10.0,F5_Fumaric_Acid,91
10.25,F5_Fumaric_Acid,93
10.5,F5_Fumaric_Acid,98
10.75,F5_Fumaric_Acid,103
11.0,F5_Fumaric_Acid,107
11.25,F5_Fumaric_Acid,114
11.5,F5_Fumaric_Acid,113
11.75,F5_Fumaric_Acid,117
12.0,F5_Fumaric_Acid,115
12.25,F5_Fumaric_Acid,126
12.5,F5_Fumaric_Acid,127
12.75,F5_Fumaric_Acid,127
13.0,F5_Fumaric_Acid,132
13.25,F5_Fumaric_Acid,138
13.5,F5_Fumaric_Acid,142
13.75,F5_Fumaric_Acid,146
14.0,F5_Fumaric_Acid,145
14.25,F5_Fumaric_Acid,149
14.5,F5_Fumaric_Acid,152
14.75,F5_Fumaric_Acid,157
15.0,F5_Fumaric_Acid,161
15.25,F5_Fumaric_Acid,168
15.5,F5_Fumaric_Acid,170
15.75,F5_Fumaric_Acid,173
16.0,F5_Fumaric_Acid,173
16.25,F5_Fumaric_Acid,180
16.5,F5_Fumaric_Acid,182
16.75,F5_Fumaric_Acid,180
17.0,F5_Fumaric_Acid,189
17.25,F5_Fumaric_Acid,192
17.5,F5_Fumaric_Acid,191
17.75,F5_Fumaric_Acid,188
18.0,F5_Fumaric_Acid,190
18.25,F5_Fumaric_Acid,193
18.5,F5_Fumaric_Acid,192
18.75,F5_Fumaric_Acid,197
19.0,F5_Fumaric_Acid,197
19.25,F5_Fumaric_Acid,203
19.5,F5_Fumaric_Acid,207
19.75,F5_Fumaric_Acid,207
20.0,F5_Fumaric_Acid,214
20.25,F5_Fumaric_Acid,215
20.5,F5_Fumaric_Acid,217
20.75,F5_Fumaric_Acid,215
21.0,F5_Fumaric_Acid,218
21.25,F5_Fumaric_Acid,216
21.5,F5_Fumaric_Acid,217
21.75,F5_Fumaric_Acid,218
22.0,F5_Fumaric_Acid,221
22.25,F5_Fumaric_Acid,222
22.5,F5_Fumaric_Acid,225
22.75,F5_Fumaric_Acid,222
23.0,F5_Fumaric_Acid,226
23.25,F5_Fumaric_Acid,228
23.5,F5_Fumaric_Acid,227
23.75,F5_Fumaric_Acid,227
24.0,F5_Fumaric_Acid,231
24.25,F5_Fumaric_Acid,236
24.5,F5_Fumaric_Acid,238
24.75,F5_Fumaric_Acid,229
25.0,F5_Fumaric_Acid,234
25.25,F5_Fumaric_Acid,236
25.5,F5_Fumaric_Acid,234
25.75,F5_Fumaric_Acid,237
26.0,F5_Fumaric_Acid,238
26.25,F5_Fumaric_Acid,242
26.5,F5_Fumaric_Acid,239
26.75,F5_Fumaric_Acid,242
27.0,F5_Fumaric_Acid,244
27.25,F5_Fumaric_Acid,246
27.5,F5_Fumaric_Acid,250
27.75,F5_Fumaric_Acid,248
28.0,F5_Fumaric_Acid,251
28.25,F5_Fumaric_Acid,251
28.5,F5_Fumaric_Acid,253
28.75,F5_Fumaric_Acid,253
29.0,F5_Fumaric_Acid,252
29.25,F5_Fumaric_Acid,249
29.5,F5_Fumaric_Acid,249
29.75,F5_Fumaric_Acid,253
30.0,F5_Fumaric_Acid,255
30.25,F5_Fumaric_Acid,250
30.5,F5_Fumaric_Acid,254
30.75,F5_Fumaric_Acid,252
31.0,F5_Fumaric_Acid,257
31.25,F5_Fumaric_Acid,259
31.5,F5_Fumaric_Acid,257
31.75,F5_Fumaric_Acid,256
32.0,F5_Fumaric_Acid,261
32.25,F5_Fumaric_Acid,259
32.5,F5_Fumaric_Acid,258
32.75,F5_Fumaric_Acid,257
33.0,F5_Fumaric_Acid,259
33.25,F5_Fumaric_Acid,253
33.5,F5_Fumaric_Acid,261
33.75,F5_Fumaric_Acid,260
34.0,F5_Fumaric_Acid,261
34.25,F5_Fumaric_Acid,259
34.5,F5_Fumaric_Acid,260
34.75,F5_Fumaric_Acid,259
35.0,F5_Fumaric_Acid,257
35.25,F5_Fumaric_Acid,253
35.5,F5_Fumaric_Acid,260
35.75,F5_Fumaric_Acid,257
36.0,F5_Fumaric_Acid,254
36.25,F5_Fumaric_Acid,255
36.5,F5_Fumaric_Acid,257
36.75,F5_Fumaric_Acid,253
37.0,F5_Fumaric_Acid,253
37.25,F5_Fumaric_Acid,253
37.5,F5_Fumaric_Acid,255
37.75,F5_Fumaric_Acid,255
38.0,F5_Fumaric_Acid,257
38.25,F5_Fumaric_Acid,252
38.5,F5_Fumaric_Acid,256
38.75,F5_Fumaric_Acid,253
39.0,F5_Fumaric_Acid,252
39.25,F5_Fumaric_Acid,249
39.5,F5_Fumaric_Acid,248
39.75,F5_Fumaric_Acid,247
40.0,F5_Fumaric_Acid,245
40.25,F5_Fumaric_Acid,251
40.5,F5_Fumaric_Acid,247
40.75,F5_Fumaric_Acid,245
41.0,F5_Fumaric_Acid,247
41.25,F5_Fumaric_Acid,248
41.5,F5_Fumaric_Acid,248
41.75,F5_Fumaric_Acid,244
42.0,F5_Fumaric_Acid,245
42.25,F5_Fumaric_Acid,246
42.5,F5_Fumaric_Acid,245
42.75,F5_Fumaric_Acid,247
43.0,F5_Fumaric_Acid,246
43.25,F5_Fumaric_Acid,245
43.5,F5_Fumaric_Acid,245
43.75,F5_Fumaric_Acid,242
44.0,F5_Fumaric_Acid,247
44.25,F5_Fumaric_Acid,246
44.5,F5_Fumaric_Acid,244
44.75,F5_Fumaric_Acid,246
45.0,F5_Fumaric_Acid,242
45.25,F5_Fumaric_Acid,245
45.5,F5_Fumaric_Acid,245
45.75,F5_Fumaric_Acid,245
46.0,F5_Fumaric_Acid,245
46.25,F5_Fumaric_Acid,249
46.5,F5_Fumaric_Acid,245
46.75,F5_Fumaric_Acid,240
47.0,F5_Fumaric_Acid,243
47.25,F5_Fumaric_Acid,241
47.5,F5_Fumaric_Acid,0
0.0,F6_Bromo_Succinic_Acid,11
0.25,F6_Bromo_Succinic_Acid,11
0.5,F6_Bromo_Succinic_Acid,11
0.75,F6_Bromo_Succinic_Acid,15
1.0,F6_Bromo_Succinic_Acid,21
1.25,F6_Bromo_Succinic_Acid,16
1.5,F6_Bromo_Succinic_Acid,20
1.75,F6_Bromo_Succinic_Acid,19
2.0,F6_Bromo_Succinic_Acid,19
2.25,F6_Bromo_Succinic_Acid,18
2.5,F6_Bromo_Succinic_Acid,14
2.75,F6_Bromo_Succinic_Acid,20
3.0,F6_Bromo_Succinic_Acid,17
3.25,F6_Bromo_Succinic_Acid,16
3.5,F6_Bromo_Succinic_Acid,19
3.75,F6_Bromo_Succinic_Acid,15
4.0,F6_Bromo_Succinic_Acid,14
4.25,F6_Bromo_Succinic_Acid,13
4.5,F6_Bromo_Succinic_Acid,21
4.75,F6_Bromo_Succinic_Acid,21
5.0,F6_Bromo_Succinic_Acid,22
5.25,F6_Bromo_Succinic_Acid,25
5.5,F6_Bromo_Succinic_Acid,21
5.75,F6_Bromo_Succinic_Acid,29
6.0,F6_Bromo_Succinic_Acid,26
6.25,F6_Bromo_Succinic_Acid,29
6.5,F6_Bromo_Succinic_Acid,28
6.75,F6_Bromo_Succinic_Acid,31
7.0,F6_Bromo_Succinic_Acid,34
7.25,F6_Bromo_Succinic_Acid,35
7.5,F6_Bromo_Succinic_Acid,40
7.75,F6_Bromo_Succinic_Acid,42
8.0,F6_Bromo_Succinic_Acid,46
8.25,F6_Bromo_Succinic_Acid,51
8.5,F6_Bromo_Succinic_Acid,57
8.75,F6_Bromo_Succinic_Acid,61
9.0,F6_Bromo_Succinic_Acid,63
9.25,F6_Bromo_Succinic_Acid,69
9.5,F6_Bromo_Succinic_Acid,75
9.75,F6_Bromo_Succinic_Acid,84
10.0,F6_Bromo_Succinic_Acid,83
10.25,F6_Bromo_Succinic_Acid,85
10.5,F6_Bromo_Succinic_Acid,93
10.75,F6_Bromo_Succinic_Acid,91
11.0,F6_Bromo_Succinic_Acid,96
11.25,F6_Bromo_Succinic_Acid,99
11.5,F6_Bromo_Succinic_Acid,97
11.75,F6_Bromo_Succinic_Acid,99
12.0,F6_Bromo_Succinic_Acid,106
12.25,F6_Bromo_Succinic_Acid,103
12.5,F6_Bromo_Succinic_Acid,104
12.75,F6_Bromo_Succinic_Acid,108
13.0,F6_Bromo_Succinic_Acid,107
13.25,F6_Bromo_Succinic_Acid,110
13.5,F6_Bromo_Succinic_Acid,112
13.75,F6_Bromo_Succinic_Acid,111
14.0,F6_Bromo_Succinic_Acid,109
14.25,F6_Bromo_Succinic_Acid,114
14.5,F6_Bromo_Succinic_Acid,112
14.75,F6_Bromo_Succinic_Acid,112
15.0,F6_Bromo_Succinic_Acid,113
15.25,F6_Bromo_Succinic_Acid,115
15.5,F6_Bromo_Succinic_Acid,116
15.75,F6_Bromo_Succinic_Acid,118
16.0,F6_Bromo_Succinic_Acid,114
16.25,F6_Bromo_Succinic_Acid,115
16.5,F6_Bromo_Succinic_Acid,119
16.75,F6_Bromo_Succinic_Acid,115
17.0,F6_Bromo_Succinic_Acid,114
17.25,F6_Bromo_Succinic_Acid,118
17.5,F6_Bromo_Succinic_Acid,119
17.75,F6_Bromo_Succinic_Acid,118
18.0,F6_Bromo_Succinic_Acid,121
18.25,F6_Bromo_Succinic_Acid,118
18.5,F6_Bromo_Succinic_Acid,117
18.75,F6_Bromo_Succinic_Acid,119
19.0,F6_Bromo_Succinic_Acid,120
19.25,F6_Bromo_Succinic_Acid,120
19.5,F6_Bromo_Succinic_Acid,126
19.75,F6_Bromo_Succinic_Acid,119
20.0,F6_Bromo_Succinic_Acid,120
20.25,F6_Bromo_Succinic_Acid,121
20.5,F6_Bromo_Succinic_Acid,126
20.75,F6_Bromo_Succinic_Acid,121
21.0,F6_Bromo_Succinic_Acid,122
21.25,F6_Bromo_Succinic_Acid,128
21.5,F6_Bromo_Succinic_Acid,123
21.75,F6_Bromo_Succinic_Acid,123
22.0,F6_Bromo_Succinic_Acid,122
22.25,F6_Bromo_Succinic_Acid,126
22.5,F6_Bromo_Succinic_Acid,118
22.75,F6_Bromo_Succinic_Acid,120
23.0,F6_Bromo_Succinic_Acid,124
23.25,F6_Bromo_Succinic_Acid,127
23.5,F6_Bromo_Succinic_Acid,129
23.75,F6_Bromo_Succinic_Acid,122
24.0,F6_Bromo_Succinic_Acid,126
24.25,F6_Bromo_Succinic_Acid,125
24.5,F6_Bromo_Succinic_Acid,128
24.75,F6_Bromo_Succinic_Acid,126
25.0,F6_Bromo_Succinic_Acid,118
25.25,F6_Bromo_Succinic_Acid,125
25.5,F6_Bromo_Succinic_Acid,127
25.75,F6_Bromo_Succinic_Acid,119
26.0,F6_Bromo_Succinic_Acid,124
26.25,F6_Bromo_Succinic_Acid,126
26.5,F6_Bromo_Succinic_Acid,125
26.75,F6_Bromo_Succinic_Acid,123
27.0,F6_Bromo_Succinic_Acid,123
27.25,F6_Bromo_Succinic_Acid,122
27.5,F6_Bromo_Succinic_Acid,121
27.75,F6_Bromo_Succinic_Acid,125
28.0,F6_Bromo_Succinic_Acid,121
28.25,F6_Bromo_Succinic_Acid,122
28.5,F6_Bromo_Succinic_Acid,121
28.75,F6_Bromo_Succinic_Acid,121
29.0,F6_Bromo_Succinic_Acid,122
29.25,F6_Bromo_Succinic_Acid,120
29.5,F6_Bromo_Succinic_Acid,122
29.75,F6_Bromo_Succinic_Acid,121
30.0,F6_Bromo_Succinic_Acid,123
30.25,F6_Bromo_Succinic_Acid,123
30.5,F6_Bromo_Succinic_Acid,128
30.75,F6_Bromo_Succinic_Acid,121
31.0,F6_Bromo_Succinic_Acid,125
31.25,F6_Bromo_Succinic_Acid,124
31.5,F6_Bromo_Succinic_Acid,122
31.75,F6_Bromo_Succinic_Acid,123
32.0,F6_Bromo_Succinic_Acid,125
32.25,F6_Bromo_Succinic_Acid,126
32.5,F6_Bromo_Succinic_Acid,124
32.75,F6_Bromo_Succinic_Acid,122
33.0,F6_Bromo_Succinic_Acid,119
33.25,F6_Bromo_Succinic_Acid,124
33.5,F6_Bromo_Succinic_Acid,123
33.75,F6_Bromo_Succinic_Acid,121
34.0,F6_Bromo_Succinic_Acid,122
34.25,F6_Bromo_Succinic_Acid,120
34.5,F6_Bromo_Succinic_Acid,124
34.75,F6_Bromo_Succinic_Acid,123
35.0,F6_Bromo_Succinic_Acid,127
35.25,F6_Bromo_Succinic_Acid,123
35.5,F6_Bromo_Succinic_Acid,122
35.75,F6_Bromo_Succinic_Acid,123
36.0,F6_Bromo_Succinic_Acid,122
36.25,F6_Bromo_Succinic_Acid,122
36.5,F6_Bromo_Succinic_Acid,128
36.75,F6_Bromo_Succinic_Acid,123
37.0,F6_Bromo_Succinic_Acid,124
37.25,F6_Bromo_Succinic_Acid,121
37.5,F6_Bromo_Succinic_Acid,122
37.75,F6_Bromo_Succinic_Acid,122
38.0,F6_Bromo_Succinic_Acid,122
38.25,F6_Bromo_Succinic_Acid,123
38.5,F6_Bromo_Succinic_Acid,125
38.75,F6_Bromo_Succinic_Acid,126
39.0,F6_Bromo_Succinic_Acid,125
39.25,F6_Bromo_Succinic_Acid,124
39.5,F6_Bromo_Succinic_Acid,121
39.75,F6_Bromo_Succinic_Acid,122
40.0,F6_Bromo_Succinic_Acid,122
40.25,F6_Bromo_Succinic_Acid,124
40.5,F6_Bromo_Succinic_Acid,121
40.75,F6_Bromo_Succinic_Acid,125
41.0,F6_Bromo_Succinic_Acid,119
41.25,F6_Bromo_Succinic_Acid,123
41.5,F6_Bromo_Succinic_Acid,122
41.75,F6_Bromo_Succinic_Acid,120
42.0,F6_Bromo_Succinic_Acid,125
42.25,F6_Bromo_Succinic_Acid,122
42.5,F6_Bromo_Succinic_Acid,122
42.75,F6_Bromo_Succinic_Acid,118
43.0,F6_Bromo_Succinic_Acid,120
43.25,F6_Bromo_Succinic_Acid,121
43.5,F6_Bromo_Succinic_Acid,122
43.75,F6_Bromo_Succinic_Acid,120
44.0,F6_Bromo_Succinic_Acid,120
44.25,F6_Bromo_Succinic_Acid,124
44.5,F6_Bromo_Succinic_Acid,123
44.75,F6_Bromo_Succinic_Acid,118
45.0,F6_Bromo_Succinic_Acid,124
45.25,F6_Bromo_Succinic_Acid,123
45.5,F6_Bromo_Succinic_Acid,125
45.75,F6_Bromo_Succinic_Acid,119
46.0,F6_Bromo_Succinic_Acid,123
46.25,F6_Bromo_Succinic_Acid,121
46.5,F6_Bromo_Succinic_Acid,122
46.75,F6_Bromo_Succinic_Acid,124
47.0,F6_Bromo_Succinic_Acid,124
47.25,F6_Bromo_Succinic_Acid,120
47.5,F6_Bromo_Succinic_Acid,0
0.0,F7_Propionic_Acid,30
0.25,F7_Propionic_Acid,23
0.5,F7_Propionic_Acid,14
0.75,F7_Propionic_Acid,12
1.0,F7_Propionic_Acid,14
1.25,F7_Propionic_Acid,13
1.5,F7_Propionic_Acid,12
1.75,F7_Propionic_Acid,13
2.0,F7_Propionic_Acid,16
2.25,F7_Propionic_Acid,16
2.5,F7_Propionic_Acid,18
2.75,F7_Propionic_Acid,14
3.0,F7_Propionic_Acid,17
3.25,F7_Propionic_Acid,17
3.5,F7_Propionic_Acid,15
3.75,F7_Propionic_Acid,14
4.0,F7_Propionic_Acid,12
4.25,F7_Propionic_Acid,16
4.5,F7_Propionic_Acid,16
4.75,F7_Propionic_Acid,22
5.0,F7_Propionic_Acid,18
5.25,F7_Propionic_Acid,20
5.5,F7_Propionic_Acid,18
5.75,F7_Propionic_Acid,20
6.0,F7_Propionic_Acid,24
6.25,F7_Propionic_Acid,17
6.5,F7_Propionic_Acid,26
6.75,F7_Propionic_Acid,27
7.0,F7_Propionic_Acid,28
7.25,F7_Propionic_Acid,31
7.5,F7_Propionic_Acid,31
7.75,F7_Propionic_Acid,38
8.0,F7_Propionic_Acid,40
8.25,F7_Propionic_Acid,38
8.5,F7_Propionic_Acid,43
8.75,F7_Propionic_Acid,44
9.0,F7_Propionic_Acid,48
9.25,F7_Propionic_Acid,54
9.5,F7_Propionic_Acid,57
9.75,F7_Propionic_Acid,60
10.0,F7_Propionic_Acid,62
10.25,F7_Propionic_Acid,64
10.5,F7_Propionic_Acid,73
10.75,F7_Propionic_Acid,71
11.0,F7_Propionic_Acid,71
11.25,F7_Propionic_Acid,82
11.5,F7_Propionic_Acid,85
11.75,F7_Propionic_Acid,88
12.0,F7_Propionic_Acid,92
12.25,F7_Propionic_Acid,96
12.5,F7_Propionic_Acid,98
12.75,F7_Propionic_Acid,107
13.0,F7_Propionic_Acid,109
13.25,F7_Propionic_Acid,115
13.5,F7_Propionic_Acid,114
13.75,F7_Propionic_Acid,123
14.0,F7_Propionic_Acid,126
14.25,F7_Propionic_Acid,126
14.5,F7_Propionic_Acid,133
14.75,F7_Propionic_Acid,137
15.0,F7_Propionic_Acid,141
15.25,F7_Propionic_Acid,144
15.5,F7_Propionic_Acid,152
15.75,F7_Propionic_Acid,154
16.0,F7_Propionic_Acid,158
16.25,F7_Propionic_Acid,162
16.5,F7_Propionic_Acid,163
16.75,F7_Propionic_Acid,163
17.0,F7_Propionic_Acid,171
17.25,F7_Propionic_Acid,179
17.5,F7_Propionic_Acid,181
17.75,F7_Propionic_Acid,186
18.0,F7_Propionic_Acid,190
18.25,F7_Propionic_Acid,189
18.5,F7_Propionic_Acid,195
18.75,F7_Propionic_Acid,192
19.0,F7_Propionic_Acid,198
19.25,F7_Propionic_Acid,201
19.5,F7_Propionic_Acid,205
19.75,F7_Propionic_Acid,205
20.0,F7_Propionic_Acid,212
20.25,F7_Propionic_Acid,212
20.5,F7_Propionic_Acid,214
20.75,F7_Propionic_Acid,219
21.0,F7_Propionic_Acid,219
21.25,F7_Propionic_Acid,218
21.5,F7_Propionic_Acid,223
21.75,F7_Propionic_Acid,225
22.0,F7_Propionic_Acid,224
22.25,F7_Propionic_Acid,222
22.5,F7_Propionic_Acid,227
22.75,F7_Propionic_Acid,229
23.0,F7_Propionic_Acid,235
23.25,F7_Propionic_Acid,233
23.5,F7_Propionic_Acid,234
23.75,F7_Propionic_Acid,233
24.0,F7_Propionic_Acid,238
24.25,F7_Propionic_Acid,241
24.5,F7_Propionic_Acid,242
24.75,F7_Propionic_Acid,241
25.0,F7_Propionic_Acid,239
25.25,F7_Propionic_Acid,241
25.5,F7_Propionic_Acid,244
25.75,F7_Propionic_Acid,243
26.0,F7_Propionic_Acid,245
26.25,F7_Propionic_Acid,242
26.5,F7_Propionic_Acid,244
26.75,F7_Propionic_Acid,242
27.0,F7_Propionic_Acid,245
27.25,F7_Propionic_Acid,247
27.5,F7_Propionic_Acid,245
27.75,F7_Propionic_Acid,241
28.0,F7_Propionic_Acid,247
28.25,F7_Propionic_Acid,244
28.5,F7_Propionic_Acid,246
28.75,F7_Propionic_Acid,245
29.0,F7_Propionic_Acid,245
29.25,F7_Propionic_Acid,247
29.5,F7_Propionic_Acid,248
29.75,F7_Propionic_Acid,246
30.0,F7_Propionic_Acid,248
30.25,F7_Propionic_Acid,248
30.5,F7_Propionic_Acid,250
30.75,F7_Propionic_Acid,247
31.0,F7_Propionic_Acid,250
31.25,F7_Propionic_Acid,249
31.5,F7_Propionic_Acid,247
31.75,F7_Propionic_Acid,249
32.0,F7_Propionic_Acid,249
32.25,F7_Propionic_Acid,250
32.5,F7_Propionic_Acid,253
32.75,F7_Propionic_Acid,250
33.0,F7_Propionic_Acid,251
33.25,F7_Propionic_Acid,251
33.5,F7_Propionic_Acid,251
33.75,F7_Propionic_Acid,248
34.0,F7_Propionic_Acid,249
34.25,F7_Propionic_Acid,254
34.5,F7_Propionic_Acid,253
34.75,F7_Propionic_Acid,252
35.0,F7_Propionic_Acid,255
35.25,F7_Propionic_Acid,251
35.5,F7_Propionic_Acid,251
35.75,F7_Propionic_Acid,252
36.0,F7_Propionic_Acid,252
36.25,F7_Propionic_Acid,251
36.5,F7_Propionic_Acid,252
36.75,F7_Propionic_Acid,251
37.0,F7_Propionic_Acid,254
37.25,F7_Propionic_Acid,251
37.5,F7_Propionic_Acid,252
37.75,F7_Propionic_Acid,253
38.0,F7_Propionic_Acid,251
38.25,F7_Propionic_Acid,253
38.5,F7_Propionic_Acid,251
38.75,F7_Propionic_Acid,255
39.0,F7_Propionic_Acid,252
39.25,F7_Propionic_Acid,251
39.5,F7_Propionic_Acid,254
39.75,F7_Propionic_Acid,253
40.0,F7_Propionic_Acid,255
40.25,F7_Propionic_Acid,251
40.5,F7_Propionic_Acid,253
40.75,F7_Propionic_Acid,253
41.0,F7_Propionic_Acid,250
41.25,F7_Propionic_Acid,256
41.5,F7_Propionic_Acid,254
41.75,F7_Propionic_Acid,253
42.0,F7_Propionic_Acid,255
42.25,F7_Propionic_Acid,256
42.5,F7_Propionic_Acid,252
42.75,F7_Propionic_Acid,255
43.0,F7_Propionic_Acid,254
43.25,F7_Propionic_Acid,257
43.5,F7_Propionic_Acid,258
43.75,F7_Propionic_Acid,255
44.0,F7_Propionic_Acid,254
44.25,F7_Propionic_Acid,254
44.5,F7_Propionic_Acid,258
44.75,F7_Propionic_Acid,253
45.0,F7_Propionic_Acid,256
45.25,F7_Propionic_Acid,257
45.5,F7_Propionic_Acid,255
45.75,F7_Propionic_Acid,257
46.0,F7_Propionic_Acid,259
46.25,F7_Propionic_Acid,253
46.5,F7_Propionic_Acid,255
46.75,F7_Propionic_Acid,258
47.0,F7_Propionic_Acid,258
47.25,F7_Propionic_Acid,257
47.5,F7_Propionic_Acid,0
0.0,F8_Mucic_Acid,11
0.25,F8_Mucic_Acid,11
0.5,F8_Mucic_Acid,11
0.75,F8_Mucic_Acid,11
1.0,F8_Mucic_Acid,11
1.25,F8_Mucic_Acid,12
1.5,F8_Mucic_Acid,14
1.75,F8_Mucic_Acid,12
2.0,F8_Mucic_Acid,13
2.25,F8_Mucic_Acid,11
2.5,F8_Mucic_Acid,12
2.75,F8_Mucic_Acid,12
3.0,F8_Mucic_Acid,11
3.25,F8_Mucic_Acid,15
3.5,F8_Mucic_Acid,13
3.75,F8_Mucic_Acid,11
4.0,F8_Mucic_Acid,11
4.25,F8_Mucic_Acid,16
4.5,F8_Mucic_Acid,16
4.75,F8_Mucic_Acid,17
5.0,F8_Mucic_Acid,14
5.25,F8_Mucic_Acid,20
5.5,F8_Mucic_Acid,14
5.75,F8_Mucic_Acid,21
6.0,F8_Mucic_Acid,22
6.25,F8_Mucic_Acid,19
6.5,F8_Mucic_Acid,19
6.75,F8_Mucic_Acid,24
7.0,F8_Mucic_Acid,24
7.25,F8_Mucic_Acid,28
7.5,F8_Mucic_Acid,26
7.75,F8_Mucic_Acid,28
8.0,F8_Mucic_Acid,26
8.25,F8_Mucic_Acid,25
8.5,F8_Mucic_Acid,29
8.75,F8_Mucic_Acid,28
9.0,F8_Mucic_Acid,28
9.25,F8_Mucic_Acid,27
9.5,F8_Mucic_Acid,28
9.75,F8_Mucic_Acid,26
10.0,F8_Mucic_Acid,28
10.25,F8_Mucic_Acid,29
10.5,F8_Mucic_Acid,32
10.75,F8_Mucic_Acid,33
11.0,F8_Mucic_Acid,28
11.25,F8_Mucic_Acid,33
11.5,F8_Mucic_Acid,28
11.75,F8_Mucic_Acid,26
12.0,F8_Mucic_Acid,25
12.25,F8_Mucic_Acid,30
12.5,F8_Mucic_Acid,33
12.75,F8_Mucic_Acid,29
13.0,F8_Mucic_Acid,26
13.25,F8_Mucic_Acid,34
13.5,F8_Mucic_Acid,35
13.75,F8_Mucic_Acid,32
14.0,F8_Mucic_Acid,28
14.25,F8_Mucic_Acid,31
14.5,F8_Mucic_Acid,29
14.75,F8_Mucic_Acid,32
15.0,F8_Mucic_Acid,32
15.25,F8_Mucic_Acid,29
15.5,F8_Mucic_Acid,34
15.75,F8_Mucic_Acid,35
16.0,F8_Mucic_Acid,35
16.25,F8_Mucic_Acid,32
16.5,F8_Mucic_Acid,33
16.75,F8_Mucic_Acid,35
17.0,F8_Mucic_Acid,37
17.25,F8_Mucic_Acid,33
17.5,F8_Mucic_Acid,33
17.75,F8_Mucic_Acid,33
18.0,F8_Mucic_Acid,36
18.25,F8_Mucic_Acid,35
18.5,F8_Mucic_Acid,36
18.75,F8_Mucic_Acid,37
19.0,F8_Mucic_Acid,38
19.25,F8_Mucic_Acid,35
19.5,F8_Mucic_Acid,36
19.75,F8_Mucic_Acid,36
20.0,F8_Mucic_Acid,37
20.25,F8_Mucic_Acid,39
20.5,F8_Mucic_Acid,37
20.75,F8_Mucic_Acid,37
21.0,F8_Mucic_Acid,35
21.25,F8_Mucic_Acid,37
21.5,F8_Mucic_Acid,38
21.75,F8_Mucic_Acid,36
22.0,F8_Mucic_Acid,36
22.25,F8_Mucic_Acid,36
22.5,F8_Mucic_Acid,34
22.75,F8_Mucic_Acid,40
23.0,F8_Mucic_Acid,39
23.25,F8_Mucic_Acid,34
23.5,F8_Mucic_Acid,37
23.75,F8_Mucic_Acid,38
24.0,F8_Mucic_Acid,38
24.25,F8_Mucic_Acid,38
24.5,F8_Mucic_Acid,40
24.75,F8_Mucic_Acid,37
25.0,F8_Mucic_Acid,39
25.25,F8_Mucic_Acid,40
25.5,F8_Mucic_Acid,35
25.75,F8_Mucic_Acid,38
26.0,F8_Mucic_Acid,33
26.25,F8_Mucic_Acid,41
26.5,F8_Mucic_Acid,37
26.75,F8_Mucic_Acid,36
27.0,F8_Mucic_Acid,38
27.25,F8_Mucic_Acid,43
27.5,F8_Mucic_Acid,37
27.75,F8_Mucic_Acid,35
28.0,F8_Mucic_Acid,36
28.25,F8_Mucic_Acid,38
28.5,F8_Mucic_Acid,38
28.75,F8_Mucic_Acid,38
29.0,F8_Mucic_Acid,39
29.25,F8_Mucic_Acid,39
29.5,F8_Mucic_Acid,38
29.75,F8_Mucic_Acid,37
30.0,F8_Mucic_Acid,38
30.25,F8_Mucic_Acid,38
30.5,F8_Mucic_Acid,41
30.75,F8_Mucic_Acid,33
31.0,F8_Mucic_Acid,38
31.25,F8_Mucic_Acid,37
31.5,F8_Mucic_Acid,35
31.75,F8_Mucic_Acid,37
32.0,F8_Mucic_Acid,39
32.25,F8_Mucic_Acid,40
32.5,F8_Mucic_Acid,39
32.75,F8_Mucic_Acid,40
33.0,F8_Mucic_Acid,41
33.25,F8_Mucic_Acid,41
33.5,F8_Mucic_Acid,37
33.75,F8_Mucic_Acid,39
34.0,F8_Mucic_Acid,37
34.25,F8_Mucic_Acid,42
34.5,F8_Mucic_Acid,40
34.75,F8_Mucic_Acid,38
35.0,F8_Mucic_Acid,42
35.25,F8_Mucic_Acid,35
35.5,F8_Mucic_Acid,42
35.75,F8_Mucic_Acid,40
36.0,F8_Mucic_Acid,36
36.25,F8_Mucic_Acid,38
36.5,F8_Mucic_Acid,37
36.75,F8_Mucic_Acid,41
37.0,F8_Mucic_Acid,37
37.25,F8_Mucic_Acid,38
37.5,F8_Mucic_Acid,37
37.75,F8_Mucic_Acid,38
38.0,F8_Mucic_Acid,37
38.25,F8_Mucic_Acid,34
38.5,F8_Mucic_Acid,44
38.75,F8_Mucic_Acid,41
39.0,F8_Mucic_Acid,43
39.25,F8_Mucic_Acid,38
39.5,F8_Mucic_Acid,34
39.75,F8_Mucic_Acid,39
40.0,F8_Mucic_Acid,41
40.25,F8_Mucic_Acid,38
40.5,F8_Mucic_Acid,39
40.75,F8_Mucic_Acid,40
41.0,F8_Mucic_Acid,39
41.25,F8_Mucic_Acid,38
41.5,F8_Mucic_Acid,36
41.75,F8_Mucic_Acid,37
42.0,F8_Mucic_Acid,37
42.25,F8_Mucic_Acid,37
42.5,F8_Mucic_Acid,42
42.75,F8_Mucic_Acid,33
43.0,F8_Mucic_Acid,39
43.25,F8_Mucic_Acid,35
43.5,F8_Mucic_Acid,36
43.75,F8_Mucic_Acid,39
44.0,F8_Mucic_Acid,38
44.25,F8_Mucic_Acid,38
44.5,F8_Mucic_Acid,37
44.75,F8_Mucic_Acid,34
45.0,F8_Mucic_Acid,33
45.25,F8_Mucic_Acid,36
45.5,F8_Mucic_Acid,36
45.75,F8_Mucic_Acid,35
46.0,F8_Mucic_Acid,37
46.25,F8_Mucic_Acid,37
46.5,F8_Mucic_Acid,40
46.75,F8_Mucic_Acid,39
47.0,F8_Mucic_Acid,40
47.25,F8_Mucic_Acid,42
47.5,F8_Mucic_Acid,0
0.0,F9_Glycolic_Acid,25
0.25,F9_Glycolic_Acid,15
0.5,F9_Glycolic_Acid,16
0.75,F9_Glycolic_Acid,12
1.0,F9_Glycolic_Acid,13
1.25,F9_Glycolic_Acid,11
1.5,F9_Glycolic_Acid,12
1.75,F9_Glycolic_Acid,19
2.0,F9_Glycolic_Acid,16
2.25,F9_Glycolic_Acid,15
2.5,F9_Glycolic_Acid,14
2.75,F9_Glycolic_Acid,13
3.0,F9_Glycolic_Acid,16
3.25,F9_Glycolic_Acid,17
3.5,F9_Glycolic_Acid,14
3.75,F9_Glycolic_Acid,15
4.0,F9_Glycolic_Acid,17
4.25,F9_Glycolic_Acid,17
4.5,F9_Glycolic_Acid,17
4.75,F9_Glycolic_Acid,18
5.0,F9_Glycolic_Acid,16
5.25,F9_Glycolic_Acid,21
5.5,F9_Glycolic_Acid,22
5.75,F9_Glycolic_Acid,21
6.0,F9_Glycolic_Acid,23
6.25,F9_Glycolic_Acid,22
6.5,F9_Glycolic_Acid,21
6.75,F9_Glycolic_Acid,26
7.0,F9_Glycolic_Acid,28
7.25,F9_Glycolic_Acid,30
7.5,F9_Glycolic_Acid,29
7.75,F9_Glycolic_Acid,34
8.0,F9_Glycolic_Acid,34
8.25,F9_Glycolic_Acid,31
8.5,F9_Glycolic_Acid,28
8.75,F9_Glycolic_Acid,30
9.0,F9_Glycolic_Acid,34
9.25,F9_Glycolic_Acid,31
9.5,F9_Glycolic_Acid,31
9.75,F9_Glycolic_Acid,31
10.0,F9_Glycolic_Acid,29
10.25,F9_Glycolic_Acid,28
10.5,F9_Glycolic_Acid,31
10.75,F9_Glycolic_Acid,36
11.0,F9_Glycolic_Acid,33
11.25,F9_Glycolic_Acid,35
11.5,F9_Glycolic_Acid,31
11.75,F9_Glycolic_Acid,33
12.0,F9_Glycolic_Acid,32
12.25,F9_Glycolic_Acid,31
12.5,F9_Glycolic_Acid,36
12.75,F9_Glycolic_Acid,34
13.0,F9_Glycolic_Acid,31
13.25,F9_Glycolic_Acid,35
13.5,F9_Glycolic_Acid,36
13.75,F9_Glycolic_Acid,34
14.0,F9_Glycolic_Acid,33
14.25,F9_Glycolic_Acid,33
14.5,F9_Glycolic_Acid,36
14.75,F9_Glycolic_Acid,35
15.0,F9_Glycolic_Acid,34
15.25,F9_Glycolic_Acid,35
15.5,F9_Glycolic_Acid,34
15.75,F9_Glycolic_Acid,35
16.0,F9_Glycolic_Acid,35
16.25,F9_Glycolic_Acid,35
16.5,F9_Glycolic_Acid,33
16.75,F9_Glycolic_Acid,34
17.0,F9_Glycolic_Acid,34
17.25,F9_Glycolic_Acid,37
17.5,F9_Glycolic_Acid,35
17.75,F9_Glycolic_Acid,33
18.0,F9_Glycolic_Acid,36
18.25,F9_Glycolic_Acid,37
18.5,F9_Glycolic_Acid,36
18.75,F9_Glycolic_Acid,34
19.0,F9_Glycolic_Acid,35
19.25,F9_Glycolic_Acid,36
19.5,F9_Glycolic_Acid,37
19.75,F9_Glycolic_Acid,35
20.0,F9_Glycolic_Acid,35
20.25,F9_Glycolic_Acid,35
20.5,F9_Glycolic_Acid,37
20.75,F9_Glycolic_Acid,39
21.0,F9_Glycolic_Acid,34
21.25,F9_Glycolic_Acid,35
21.5,F9_Glycolic_Acid,37
21.75,F9_Glycolic_Acid,33
22.0,F9_Glycolic_Acid,37
22.25,F9_Glycolic_Acid,32
22.5,F9_Glycolic_Acid,40
22.75,F9_Glycolic_Acid,34
23.0,F9_Glycolic_Acid,34
23.25,F9_Glycolic_Acid,32
23.5,F9_Glycolic_Acid,37
23.75,F9_Glycolic_Acid,38
24.0,F9_Glycolic_Acid,34
24.25,F9_Glycolic_Acid,34
24.5,F9_Glycolic_Acid,35
24.75,F9_Glycolic_Acid,37
25.0,F9_Glycolic_Acid,34
25.25,F9_Glycolic_Acid,38
25.5,F9_Glycolic_Acid,35
25.75,F9_Glycolic_Acid,38
26.0,F9_Glycolic_Acid,32
26.25,F9_Glycolic_Acid,37
26.5,F9_Glycolic_Acid,35
26.75,F9_Glycolic_Acid,34
27.0,F9_Glycolic_Acid,36
27.25,F9_Glycolic_Acid,35
27.5,F9_Glycolic_Acid,35
27.75,F9_Glycolic_Acid,39
28.0,F9_Glycolic_Acid,39
28.25,F9_Glycolic_Acid,41
28.5,F9_Glycolic_Acid,36
28.75,F9_Glycolic_Acid,35
29.0,F9_Glycolic_Acid,38
29.25,F9_Glycolic_Acid,31
29.5,F9_Glycolic_Acid,33
29.75,F9_Glycolic_Acid,37
30.0,F9_Glycolic_Acid,35
30.25,F9_Glycolic_Acid,34
30.5,F9_Glycolic_Acid,32
30.75,F9_Glycolic_Acid,32
31.0,F9_Glycolic_Acid,35
31.25,F9_Glycolic_Acid,35
31.5,F9_Glycolic_Acid,36
31.75,F9_Glycolic_Acid,35
32.0,F9_Glycolic_Acid,36
32.25,F9_Glycolic_Acid,34
32.5,F9_Glycolic_Acid,36
32.75,F9_Glycolic_Acid,35
33.0,F9_Glycolic_Acid,34
33.25,F9_Glycolic_Acid,36
33.5,F9_Glycolic_Acid,36
33.75,F9_Glycolic_Acid,35
34.0,F9_Glycolic_Acid,33
34.25,F9_Glycolic_Acid,38
34.5,F9_Glycolic_Acid,37
34.75,F9_Glycolic_Acid,35
35.0,F9_Glycolic_Acid,34
35.25,F9_Glycolic_Acid,35
35.5,F9_Glycolic_Acid,40
35.75,F9_Glycolic_Acid,36
36.0,F9_Glycolic_Acid,36
36.25,F9_Glycolic_Acid,37
36.5,F9_Glycolic_Acid,36
36.75,F9_Glycolic_Acid,33
37.0,F9_Glycolic_Acid,36
37.25,F9_Glycolic_Acid,36
37.5,F9_Glycolic_Acid,33
37.75,F9_Glycolic_Acid,35
38.0,F9_Glycolic_Acid,35
38.25,F9_Glycolic_Acid,37
38.5,F9_Glycolic_Acid,37
38.75,F9_Glycolic_Acid,39
39.0,F9_Glycolic_Acid,36
39.25,F9_Glycolic_Acid,36
39.5,F9_Glycolic_Acid,35
39.75,F9_Glycolic_Acid,30
40.0,F9_Glycolic_Acid,34
40.25,F9_Glycolic_Acid,36
40.5,F9_Glycolic_Acid,32
40.75,F9_Glycolic_Acid,36
41.0,F9_Glycolic_Acid,34
41.25,F9_Glycolic_Acid,32
41.5,F9_Glycolic_Acid,32
41.75,F9_Glycolic_Acid,33
42.0,F9_Glycolic_Acid,34
42.25,F9_Glycolic_Acid,32
42.5,F9_Glycolic_Acid,32
42.75,F9_Glycolic_Acid,35
43.0,F9_Glycolic_Acid,36
43.25,F9_Glycolic_Acid,33
43.5,F9_Glycolic_Acid,35
43.75,F9_Glycolic_Acid,35
44.0,F9_Glycolic_Acid,37
44.25,F9_Glycolic_Acid,35
44.5,F9_Glycolic_Acid,38
44.75,F9_Glycolic_Acid,34
45.0,F9_Glycolic_Acid,39
45.25,F9_Glycolic_Acid,36
45.5,F9_Glycolic_Acid,38
45.75,F9_Glycolic_Acid,38
46.0,F9_Glycolic_Acid,36
46.25,F9_Glycolic_Acid,40
46.5,F9_Glycolic_Acid,38
46.75,F9_Glycolic_Acid,34
47.0,F9_Glycolic_Acid,35
47.25,F9_Glycolic_Acid,36
47.5,F9_Glycolic_Acid,0
0.0,F10_Glyoxylic_Acid,12
0.25,F10_Glyoxylic_Acid,15
0.5,F10_Glyoxylic_Acid,18
0.75,F10_Glyoxylic_Acid,19
1.0,F10_Glyoxylic_Acid,21
1.25,F10_Glyoxylic_Acid,19
1.5,F10_Glyoxylic_Acid,15
1.75,F10_Glyoxylic_Acid,14
2.0,F10_Glyoxylic_Acid,19
2.25,F10_Glyoxylic_Acid,21
2.5,F10_Glyoxylic_Acid,16
2.75,F10_Glyoxylic_Acid,18
3.0,F10_Glyoxylic_Acid,18
3.25,F10_Glyoxylic_Acid,19
3.5,F10_Glyoxylic_Acid,19
3.75,F10_Glyoxylic_Acid,18
4.0,F10_Glyoxylic_Acid,17
4.25,F10_Glyoxylic_Acid,21
4.5,F10_Glyoxylic_Acid,17
4.75,F10_Glyoxylic_Acid,16
5.0,F10_Glyoxylic_Acid,20
5.25,F10_Glyoxylic_Acid,19
5.5,F10_Glyoxylic_Acid,16
5.75,F10_Glyoxylic_Acid,18
6.0,F10_Glyoxylic_Acid,16
6.25,F10_Glyoxylic_Acid,20
6.5,F10_Glyoxylic_Acid,27
6.75,F10_Glyoxylic_Acid,25
7.0,F10_Glyoxylic_Acid,19
7.25,F10_Glyoxylic_Acid,22
7.5,F10_Glyoxylic_Acid,22
7.75,F10_Glyoxylic_Acid,28
8.0,F10_Glyoxylic_Acid,26
8.25,F10_Glyoxylic_Acid,23
8.5,F10_Glyoxylic_Acid,25
8.75,F10_Glyoxylic_Acid,25
9.0,F10_Glyoxylic_Acid,26
9.25,F10_Glyoxylic_Acid,29
9.5,F10_Glyoxylic_Acid,27
9.75,F10_Glyoxylic_Acid,24
10.0,F10_Glyoxylic_Acid,27
10.25,F10_Glyoxylic_Acid,27
10.5,F10_Glyoxylic_Acid,29
10.75,F10_Glyoxylic_Acid,31
11.0,F10_Glyoxylic_Acid,30
11.25,F10_Glyoxylic_Acid,34
11.5,F10_Glyoxylic_Acid,32
11.75,F10_Glyoxylic_Acid,30
12.0,F10_Glyoxylic_Acid,29
12.25,F10_Glyoxylic_Acid,34
12.5,F10_Glyoxylic_Acid,30
12.75,F10_Glyoxylic_Acid,33
13.0,F10_Glyoxylic_Acid,30
13.25,F10_Glyoxylic_Acid,36
13.5,F10_Glyoxylic_Acid,33
13.75,F10_Glyoxylic_Acid,36
14.0,F10_Glyoxylic_Acid,32
14.25,F10_Glyoxylic_Acid,34
14.5,F10_Glyoxylic_Acid,36
14.75,F10_Glyoxylic_Acid,34
15.0,F10_Glyoxylic_Acid,35
15.25,F10_Glyoxylic_Acid,37
15.5,F10_Glyoxylic_Acid,35
15.75,F10_Glyoxylic_Acid,32
16.0,F10_Glyoxylic_Acid,34
16.25,F10_Glyoxylic_Acid,38
16.5,F10_Glyoxylic_Acid,34
16.75,F10_Glyoxylic_Acid,33
17.0,F10_Glyoxylic_Acid,41
17.25,F10_Glyoxylic_Acid,37
17.5,F10_Glyoxylic_Acid,37
17.75,F10_Glyoxylic_Acid,35
18.0,F10_Glyoxylic_Acid,40
18.25,F10_Glyoxylic_Acid,39
18.5,F10_Glyoxylic_Acid,41
18.75,F10_Glyoxylic_Acid,36
19.0,F10_Glyoxylic_Acid,40
19.25,F10_Glyoxylic_Acid,38
19.5,F10_Glyoxylic_Acid,36
19.75,F10_Glyoxylic_Acid,43
20.0,F10_Glyoxylic_Acid,40
20.25,F10_Glyoxylic_Acid,37
20.5,F10_Glyoxylic_Acid,41
20.75,F10_Glyoxylic_Acid,40
21.0,F10_Glyoxylic_Acid,45
21.25,F10_Glyoxylic_Acid,45
21.5,F10_Glyoxylic_Acid,44
21.75,F10_Glyoxylic_Acid,41
22.0,F10_Glyoxylic_Acid,39
22.25,F10_Glyoxylic_Acid,42
22.5,F10_Glyoxylic_Acid,48
22.75,F10_Glyoxylic_Acid,44
23.0,F10_Glyoxylic_Acid,43
23.25,F10_Glyoxylic_Acid,43
23.5,F10_Glyoxylic_Acid,50
23.75,F10_Glyoxylic_Acid,50
24.0,F10_Glyoxylic_Acid,48
24.25,F10_Glyoxylic_Acid,47
24.5,F10_Glyoxylic_Acid,48
24.75,F10_Glyoxylic_Acid,44
25.0,F10_Glyoxylic_Acid,48
25.25,F10_Glyoxylic_Acid,47
25.5,F10_Glyoxylic_Acid,42
25.75,F10_Glyoxylic_Acid,45
26.0,F10_Glyoxylic_Acid,46
26.25,F10_Glyoxylic_Acid,49
26.5,F10_Glyoxylic_Acid,47
26.75,F10_Glyoxylic_Acid,50
27.0,F10_Glyoxylic_Acid,43
27.25,F10_Glyoxylic_Acid,47
27.5,F10_Glyoxylic_Acid,51
27.75,F10_Glyoxylic_Acid,44
28.0,F10_Glyoxylic_Acid,48
28.25,F10_Glyoxylic_Acid,51
28.5,F10_Glyoxylic_Acid,50
28.75,F10_Glyoxylic_Acid,50
29.0,F10_Glyoxylic_Acid,49
29.25,F10_Glyoxylic_Acid,46
29.5,F10_Glyoxylic_Acid,48
29.75,F10_Glyoxylic_Acid,51
30.0,F10_Glyoxylic_Acid,47
30.25,F10_Glyoxylic_Acid,56
30.5,F10_Glyoxylic_Acid,59
30.75,F10_Glyoxylic_Acid,51
31.0,F10_Glyoxylic_Acid,48
31.25,F10_Glyoxylic_Acid,51
31.5,F10_Glyoxylic_Acid,51
31.75,F10_Glyoxylic_Acid,51
32.0,F10_Glyoxylic_Acid,57
32.25,F10_Glyoxylic_Acid,53
32.5,F10_Glyoxylic_Acid,55
32.75,F10_Glyoxylic_Acid,55
33.0,F10_Glyoxylic_Acid,52
33.25,F10_Glyoxylic_Acid,56
33.5,F10_Glyoxylic_Acid,61
33.75,F10_Glyoxylic_Acid,59
34.0,F10_Glyoxylic_Acid,61
34.25,F10_Glyoxylic_Acid,57
34.5,F10_Glyoxylic_Acid,58
34.75,F10_Glyoxylic_Acid,55
35.0,F10_Glyoxylic_Acid,57
35.25,F10_Glyoxylic_Acid,58
35.5,F10_Glyoxylic_Acid,60
35.75,F10_Glyoxylic_Acid,61
36.0,F10_Glyoxylic_Acid,62
36.25,F10_Glyoxylic_Acid,62
36.5,F10_Glyoxylic_Acid,60
36.75,F10_Glyoxylic_Acid,63
37.0,F10_Glyoxylic_Acid,64
37.25,F10_Glyoxylic_Acid,61
37.5,F10_Glyoxylic_Acid,63
37.75,F10_Glyoxylic_Acid,62
38.0,F10_Glyoxylic_Acid,62
38.25,F10_Glyoxylic_Acid,65
38.5,F10_Glyoxylic_Acid,66
38.75,F10_Glyoxylic_Acid,67
39.0,F10_Glyoxylic_Acid,65
39.25,F10_Glyoxylic_Acid,66
39.5,F10_Glyoxylic_Acid,65
39.75,F10_Glyoxylic_Acid,61
40.0,F10_Glyoxylic_Acid,66
40.25,F10_Glyoxylic_Acid,71
40.5,F10_Glyoxylic_Acid,65
40.75,F10_Glyoxylic_Acid,61
41.0,F10_Glyoxylic_Acid,71
41.25,F10_Glyoxylic_Acid,67
41.5,F10_Glyoxylic_Acid,66
41.75,F10_Glyoxylic_Acid,70
42.0,F10_Glyoxylic_Acid,73
42.25,F10_Glyoxylic_Acid,69
42.5,F10_Glyoxylic_Acid,68
42.75,F10_Glyoxylic_Acid,69
43.0,F10_Glyoxylic_Acid,69
43.25,F10_Glyoxylic_Acid,70
43.5,F10_Glyoxylic_Acid,69
43.75,F10_Glyoxylic_Acid,72
44.0,F10_Glyoxylic_Acid,74
44.25,F10_Glyoxylic_Acid,72
44.5,F10_Glyoxylic_Acid,75
44.75,F10_Glyoxylic_Acid,73
45.0,F10_Glyoxylic_Acid,75
45.25,F10_Glyoxylic_Acid,70
45.5,F10_Glyoxylic_Acid,74
45.75,F10_Glyoxylic_Acid,72
46.0,F10_Glyoxylic_Acid,73
46.25,F10_Glyoxylic_Acid,80
46.5,F10_Glyoxylic_Acid,72
46.75,F10_Glyoxylic_Acid,76
47.0,F10_Glyoxylic_Acid,79
47.25,F10_Glyoxylic_Acid,72
47.5,F10_Glyoxylic_Acid,0
0.0,F11_D-Cellobiose,53
0.25,F11_D-Cellobiose,62
0.5,F11_D-Cellobiose,31
0.75,F11_D-Cellobiose,17
1.0,F11_D-Cellobiose,16
1.25,F11_D-Cellobiose,13
1.5,F11_D-Cellobiose,20
1.75,F11_D-Cellobiose,21
2.0,F11_D-Cellobiose,18
2.25,F11_D-Cellobiose,18
2.5,F11_D-Cellobiose,20
2.75,F11_D-Cellobiose,17
3.0,F11_D-Cellobiose,19
3.25,F11_D-Cellobiose,19
3.5,F11_D-Cellobiose,20
3.75,F11_D-Cellobiose,20
4.0,F11_D-Cellobiose,20
4.25,F11_D-Cellobiose,24
4.5,F11_D-Cellobiose,19
4.75,F11_D-Cellobiose,20
5.0,F11_D-Cellobiose,21
5.25,F11_D-Cellobiose,29
5.5,F11_D-Cellobiose,27
5.75,F11_D-Cellobiose,31
6.0,F11_D-Cellobiose,30
6.25,F11_D-Cellobiose,31
6.5,F11_D-Cellobiose,36
6.75,F11_D-Cellobiose,34
7.0,F11_D-Cellobiose,38
7.25,F11_D-Cellobiose,46
7.5,F11_D-Cellobiose,45
7.75,F11_D-Cellobiose,50
8.0,F11_D-Cellobiose,60
8.25,F11_D-Cellobiose,62
8.5,F11_D-Cellobiose,61
8.75,F11_D-Cellobiose,64
9.0,F11_D-Cellobiose,69
9.25,F11_D-Cellobiose,75
9.5,F11_D-Cellobiose,77
9.75,F11_D-Cellobiose,82
10.0,F11_D-Cellobiose,88
10.25,F11_D-Cellobiose,89
10.5,F11_D-Cellobiose,96
10.75,F11_D-Cellobiose,101
11.0,F11_D-Cellobiose,102
11.25,F11_D-Cellobiose,108
11.5,F11_D-Cellobiose,112
11.75,F11_D-Cellobiose,116
12.0,F11_D-Cellobiose,119
12.25,F11_D-Cellobiose,129
12.5,F11_D-Cellobiose,133
12.75,F11_D-Cellobiose,133
13.0,F11_D-Cellobiose,140
13.25,F11_D-Cellobiose,144
13.5,F11_D-Cellobiose,153
13.75,F11_D-Cellobiose,156
14.0,F11_D-Cellobiose,156
14.25,F11_D-Cellobiose,160
14.5,F11_D-Cellobiose,164
14.75,F11_D-Cellobiose,168
15.0,F11_D-Cellobiose,172
15.25,F11_D-Cellobiose,177
15.5,F11_D-Cellobiose,183
15.75,F11_D-Cellobiose,183
16.0,F11_D-Cellobiose,185
16.25,F11_D-Cellobiose,191
16.5,F11_D-Cellobiose,191
16.75,F11_D-Cellobiose,194
17.0,F11_D-Cellobiose,194
17.25,F11_D-Cellobiose,200
17.5,F11_D-Cellobiose,200
17.75,F11_D-Cellobiose,206
18.0,F11_D-Cellobiose,205
18.25,F11_D-Cellobiose,209
18.5,F11_D-Cellobiose,216
18.75,F11_D-Cellobiose,213
19.0,F11_D-Cellobiose,215
19.25,F11_D-Cellobiose,214
19.5,F11_D-Cellobiose,219
19.75,F11_D-Cellobiose,220
20.0,F11_D-Cellobiose,220
20.25,F11_D-Cellobiose,225
20.5,F11_D-Cellobiose,228
20.75,F11_D-Cellobiose,228
21.0,F11_D-Cellobiose,225
21.25,F11_D-Cellobiose,228
21.5,F11_D-Cellobiose,234
21.75,F11_D-Cellobiose,231
22.0,F11_D-Cellobiose,237
22.25,F11_D-Cellobiose,235
22.5,F11_D-Cellobiose,238
22.75,F11_D-Cellobiose,235
23.0,F11_D-Cellobiose,239
23.25,F11_D-Cellobiose,236
23.5,F11_D-Cellobiose,243
23.75,F11_D-Cellobiose,243
24.0,F11_D-Cellobiose,244
24.25,F11_D-Cellobiose,247
24.5,F11_D-Cellobiose,245
24.75,F11_D-Cellobiose,245
25.0,F11_D-Cellobiose,248
25.25,F11_D-Cellobiose,250
25.5,F11_D-Cellobiose,246
25.75,F11_D-Cellobiose,249
26.0,F11_D-Cellobiose,247
26.25,F11_D-Cellobiose,249
26.5,F11_D-Cellobiose,248
26.75,F11_D-Cellobiose,253
27.0,F11_D-Cellobiose,255
27.25,F11_D-Cellobiose,252
27.5,F11_D-Cellobiose,249
27.75,F11_D-Cellobiose,254
28.0,F11_D-Cellobiose,254
28.25,F11_D-Cellobiose,254
28.5,F11_D-Cellobiose,255
28.75,F11_D-Cellobiose,257
29.0,F11_D-Cellobiose,257
29.25,F11_D-Cellobiose,253
29.5,F11_D-Cellobiose,258
29.75,F11_D-Cellobiose,257
30.0,F11_D-Cellobiose,255
30.25,F11_D-Cellobiose,258
30.5,F11_D-Cellobiose,260
30.75,F11_D-Cellobiose,258
31.0,F11_D-Cellobiose,260
31.25,F11_D-Cellobiose,259
31.5,F11_D-Cellobiose,260
31.75,F11_D-Cellobiose,259
32.0,F11_D-Cellobiose,262
32.25,F11_D-Cellobiose,262
32.5,F11_D-Cellobiose,260
32.75,F11_D-Cellobiose,262
33.0,F11_D-Cellobiose,258
33.25,F11_D-Cellobiose,261
33.5,F11_D-Cellobiose,261
33.75,F11_D-Cellobiose,262
34.0,F11_D-Cellobiose,264
34.25,F11_D-Cellobiose,260
34.5,F11_D-Cellobiose,262
34.75,F11_D-Cellobiose,263
35.0,F11_D-Cellobiose,266
35.25,F11_D-Cellobiose,265
35.5,F11_D-Cellobiose,264
35.75,F11_D-Cellobiose,264
36.0,F11_D-Cellobiose,267
36.25,F11_D-Cellobiose,263
36.5,F11_D-Cellobiose,263
36.75,F11_D-Cellobiose,266
37.0,F11_D-Cellobiose,263
37.25,F11_D-Cellobiose,264
37.5,F11_D-Cellobiose,265
37.75,F11_D-Cellobiose,263
38.0,F11_D-Cellobiose,263
38.25,F11_D-Cellobiose,265
38.5,F11_D-Cellobiose,264
38.75,F11_D-Cellobiose,263
39.0,F11_D-Cellobiose,267
39.25,F11_D-Cellobiose,266
39.5,F11_D-Cellobiose,265
39.75,F11_D-Cellobiose,262
40.0,F11_D-Cellobiose,265
40.25,F11_D-Cellobiose,270
40.5,F11_D-Cellobiose,266
40.75,F11_D-Cellobiose,266
41.0,F11_D-Cellobiose,263
41.25,F11_D-Cellobiose,266
41.5,F11_D-Cellobiose,263
41.75,F11_D-Cellobiose,266
42.0,F11_D-Cellobiose,266
42.25,F11_D-Cellobiose,267
42.5,F11_D-Cellobiose,263
42.75,F11_D-Cellobiose,264
43.0,F11_D-Cellobiose,265
43.25,F11_D-Cellobiose,267
43.5,F11_D-Cellobiose,267
43.75,F11_D-Cellobiose,265
44.0,F11_D-Cellobiose,265
44.25,F11_D-Cellobiose,267
44.5,F11_D-Cellobiose,268
44.75,F11_D-Cellobiose,267
45.0,F11_D-Cellobiose,266
45.25,F11_D-Cellobiose,265
45.5,F11_D-Cellobiose,265
45.75,F11_D-Cellobiose,266
46.0,F11_D-Cellobiose,267
46.25,F11_D-Cellobiose,267
46.5,F11_D-Cellobiose,267
46.75,F11_D-Cellobiose,266
47.0,F11_D-Cellobiose,267
47.25,F11_D-Cellobiose,267
47.5,F11_D-Cellobiose,0
0.0,F12_Inosine,37
0.25,F12_Inosine,23
0.5,F12_Inosine,21
0.75,F12_Inosine,22
1.0,F12_Inosine,20
1.25,F12_Inosine,23
1.5,F12_Inosine,23
1.75,F12_Inosine,23
2.0,F12_Inosine,27
2.25,F12_Inosine,24
2.5,F12_Inosine,27
2.75,F12_Inosine,28
3.0,F12_Inosine,29
3.25,F12_Inosine,24
3.5,F12_Inosine,27
3.75,F12_Inosine,27
4.0,F12_Inosine,25
4.25,F12_Inosine,35
4.5,F12_Inosine,29
4.75,F12_Inosine,33
5.0,F12_Inosine,34
5.25,F12_Inosine,35
5.5,F12_Inosine,36
5.75,F12_Inosine,39
6.0,F12_Inosine,41
6.25,F12_Inosine,42
6.5,F12_Inosine,44
6.75,F12_Inosine,44
7.0,F12_Inosine,42
7.25,F12_Inosine,49
7.5,F12_Inosine,52
7.75,F12_Inosine,59
8.0,F12_Inosine,59
8.25,F12_Inosine,54
8.5,F12_Inosine,57
8.75,F12_Inosine,58
9.0,F12_Inosine,60
9.25,F12_Inosine,55
9.5,F12_Inosine,57
9.75,F12_Inosine,56
10.0,F12_Inosine,59
10.25,F12_Inosine,63
10.5,F12_Inosine,64
10.75,F12_Inosine,64
11.0,F12_Inosine,61
11.25,F12_Inosine,65
11.5,F12_Inosine,69
11.75,F12_Inosine,68
12.0,F12_Inosine,68
12.25,F12_Inosine,74
12.5,F12_Inosine,73
12.75,F12_Inosine,79
13.0,F12_Inosine,77
13.25,F12_Inosine,82
13.5,F12_Inosine,86
13.75,F12_Inosine,87
14.0,F12_Inosine,88
14.25,F12_Inosine,90
14.5,F12_Inosine,92
14.75,F12_Inosine,96
15.0,F12_Inosine,98
15.25,F12_Inosine,104
15.5,F12_Inosine,109
15.75,F12_Inosine,106
16.0,F12_Inosine,108
16.25,F12_Inosine,111
16.5,F12_Inosine,115
16.75,F12_Inosine,115
17.0,F12_Inosine,121
17.25,F12_Inosine,126
17.5,F12_Inosine,124
17.75,F12_Inosine,126
18.0,F12_Inosine,134
18.25,F12_Inosine,133
18.5,F12_Inosine,136
18.75,F12_Inosine,137
19.0,F12_Inosine,138
19.25,F12_Inosine,140
19.5,F12_Inosine,143
19.75,F12_Inosine,151
20.0,F12_Inosine,153
20.25,F12_Inosine,149
20.5,F12_Inosine,156
20.75,F12_Inosine,158
21.0,F12_Inosine,158
21.25,F12_Inosine,166
21.5,F12_Inosine,165
21.75,F12_Inosine,167
22.0,F12_Inosine,170
22.25,F12_Inosine,171
22.5,F12_Inosine,175
22.75,F12_Inosine,178
23.0,F12_Inosine,183
23.25,F12_Inosine,180
23.5,F12_Inosine,184
23.75,F12_Inosine,189
24.0,F12_Inosine,190
24.25,F12_Inosine,193
24.5,F12_Inosine,196
24.75,F12_Inosine,201
25.0,F12_Inosine,200
25.25,F12_Inosine,203
25.5,F12_Inosine,209
25.75,F12_Inosine,209
26.0,F12_Inosine,210
26.25,F12_Inosine,211
26.5,F12_Inosine,211
26.75,F12_Inosine,216
27.0,F12_Inosine,217
27.25,F12_Inosine,218
27.5,F12_Inosine,222
27.75,F12_Inosine,223
28.0,F12_Inosine,224
28.25,F12_Inosine,229
28.5,F12_Inosine,231
28.75,F12_Inosine,239
29.0,F12_Inosine,232
29.25,F12_Inosine,234
29.5,F12_Inosine,239
29.75,F12_Inosine,242
30.0,F12_Inosine,242
30.25,F12_Inosine,243
30.5,F12_Inosine,248
30.75,F12_Inosine,246
31.0,F12_Inosine,250
31.25,F12_Inosine,250
31.5,F12_Inosine,254
31.75,F12_Inosine,250
32.0,F12_Inosine,254
32.25,F12_Inosine,254
32.5,F12_Inosine,257
32.75,F12_Inosine,255
33.0,F12_Inosine,254
33.25,F12_Inosine,258
33.5,F12_Inosine,258
33.75,F12_Inosine,260
34.0,F12_Inosine,263
34.25,F12_Inosine,258
34.5,F12_Inosine,264
34.75,F12_Inosine,264
35.0,F12_Inosine,264
35.25,F12_Inosine,263
35.5,F12_Inosine,264
35.75,F12_Inosine,266
36.0,F12_Inosine,266
36.25,F12_Inosine,267
36.5,F12_Inosine,270
36.75,F12_Inosine,271
37.0,F12_Inosine,268
37.25,F12_Inosine,268
37.5,F12_Inosine,266
37.75,F12_Inosine,267
38.0,F12_Inosine,271
38.25,F12_Inosine,269
38.5,F12_Inosine,269
38.75,F12_Inosine,270
39.0,F12_Inosine,268
39.25,F12_Inosine,270
39.5,F12_Inosine,267
39.75,F12_Inosine,270
40.0,F12_Inosine,273
40.25,F12_Inosine,273
40.5,F12_Inosine,271
40.75,F12_Inosine,273
41.0,F12_Inosine,272
41.25,F12_Inosine,273
41.5,F12_Inosine,273
41.75,F12_Inosine,274
42.0,F12_Inosine,274
42.25,F12_Inosine,274
42.5,F12_Inosine,275
42.75,F12_Inosine,274
43.0,F12_Inosine,274
43.25,F12_Inosine,276
43.5,F12_Inosine,275
43.75,F12_Inosine,278
44.0,F12_Inosine,280
44.25,F12_Inosine,279
44.5,F12_Inosine,280
44.75,F12_Inosine,279
45.0,F12_Inosine,276
45.25,F12_Inosine,280
45.5,F12_Inosine,277
45.75,F12_Inosine,280
46.0,F12_Inosine,275
46.25,F12_Inosine,279
46.5,F12_Inosine,275
46.75,F12_Inosine,276
47.0,F12_Inosine,274
47.25,F12_Inosine,267
47.5,F12_Inosine,0
0.0,G1_Glycyl-L-Glutamic_Acid,60
0.25,G1_Glycyl-L-Glutamic_Acid,54
0.5,G1_Glycyl-L-Glutamic_Acid,30
0.75,G1_Glycyl-L-Glutamic_Acid,29
1.0,G1_Glycyl-L-Glutamic_Acid,28
1.25,G1_Glycyl-L-Glutamic_Acid,30
1.5,G1_Glycyl-L-Glutamic_Acid,24
1.75,G1_Glycyl-L-Glutamic_Acid,30
2.0,G1_Glycyl-L-Glutamic_Acid,25
2.25,G1_Glycyl-L-Glutamic_Acid,25
2.5,G1_Glycyl-L-Glutamic_Acid,24
2.75,G1_Glycyl-L-Glutamic_Acid,20
3.0,G1_Glycyl-L-Glutamic_Acid,27
3.25,G1_Glycyl-L-Glutamic_Acid,25
3.5,G1_Glycyl-L-Glutamic_Acid,24
3.75,G1_Glycyl-L-Glutamic_Acid,22
4.0,G1_Glycyl-L-Glutamic_Acid,22
4.25,G1_Glycyl-L-Glutamic_Acid,27
4.5,G1_Glycyl-L-Glutamic_Acid,26
4.75,G1_Glycyl-L-Glutamic_Acid,29
5.0,G1_Glycyl-L-Glutamic_Acid,26
5.25,G1_Glycyl-L-Glutamic_Acid,29
5.5,G1_Glycyl-L-Glutamic_Acid,29
5.75,G1_Glycyl-L-Glutamic_Acid,36
6.0,G1_Glycyl-L-Glutamic_Acid,33
6.25,G1_Glycyl-L-Glutamic_Acid,37
6.5,G1_Glycyl-L-Glutamic_Acid,42
6.75,G1_Glycyl-L-Glutamic_Acid,42
7.0,G1_Glycyl-L-Glutamic_Acid,44
7.25,G1_Glycyl-L-Glutamic_Acid,45
7.5,G1_Glycyl-L-Glutamic_Acid,47
7.75,G1_Glycyl-L-Glutamic_Acid,48
8.0,G1_Glycyl-L-Glutamic_Acid,55
8.25,G1_Glycyl-L-Glutamic_Acid,58
8.5,G1_Glycyl-L-Glutamic_Acid,55
8.75,G1_Glycyl-L-Glutamic_Acid,58
9.0,G1_Glycyl-L-Glutamic_Acid,56
9.25,G1_Glycyl-L-Glutamic_Acid,61
9.5,G1_Glycyl-L-Glutamic_Acid,59
9.75,G1_Glycyl-L-Glutamic_Acid,56
10.0,G1_Glycyl-L-Glutamic_Acid,65
10.25,G1_Glycyl-L-Glutamic_Acid,62
10.5,G1_Glycyl-L-Glutamic_Acid,64
10.75,G1_Glycyl-L-Glutamic_Acid,64
11.0,G1_Glycyl-L-Glutamic_Acid,62
11.25,G1_Glycyl-L-Glutamic_Acid,64
11.5,G1_Glycyl-L-Glutamic_Acid,61
11.75,G1_Glycyl-L-Glutamic_Acid,65
12.0,G1_Glycyl-L-Glutamic_Acid,65
12.25,G1_Glycyl-L-Glutamic_Acid,71
12.5,G1_Glycyl-L-Glutamic_Acid,67
12.75,G1_Glycyl-L-Glutamic_Acid,65
13.0,G1_Glycyl-L-Glutamic_Acid,69
13.25,G1_Glycyl-L-Glutamic_Acid,66
13.5,G1_Glycyl-L-Glutamic_Acid,74
13.75,G1_Glycyl-L-Glutamic_Acid,72
14.0,G1_Glycyl-L-Glutamic_Acid,71
14.25,G1_Glycyl-L-Glutamic_Acid,72
14.5,G1_Glycyl-L-Glutamic_Acid,73
14.75,G1_Glycyl-L-Glutamic_Acid,73
15.0,G1_Glycyl-L-Glutamic_Acid,72
15.25,G1_Glycyl-L-Glutamic_Acid,78
15.5,G1_Glycyl-L-Glutamic_Acid,79
15.75,G1_Glycyl-L-Glutamic_Acid,77
16.0,G1_Glycyl-L-Glutamic_Acid,81
16.25,G1_Glycyl-L-Glutamic_Acid,81
16.5,G1_Glycyl-L-Glutamic_Acid,79
16.75,G1_Glycyl-L-Glutamic_Acid,87
17.0,G1_Glycyl-L-Glutamic_Acid,86
17.25,G1_Glycyl-L-Glutamic_Acid,82
17.5,G1_Glycyl-L-Glutamic_Acid,87
17.75,G1_Glycyl-L-Glutamic_Acid,89
18.0,G1_Glycyl-L-Glutamic_Acid,87
18.25,G1_Glycyl-L-Glutamic_Acid,92
18.5,G1_Glycyl-L-Glutamic_Acid,89
18.75,G1_Glycyl-L-Glutamic_Acid,86
19.0,G1_Glycyl-L-Glutamic_Acid,93
19.25,G1_Glycyl-L-Glutamic_Acid,95
19.5,G1_Glycyl-L-Glutamic_Acid,87
19.75,G1_Glycyl-L-Glutamic_Acid,94
20.0,G1_Glycyl-L-Glutamic_Acid,98
20.25,G1_Glycyl-L-Glutamic_Acid,94
20.5,G1_Glycyl-L-Glutamic_Acid,93
20.75,G1_Glycyl-L-Glutamic_Acid,96
21.0,G1_Glycyl-L-Glutamic_Acid,102
21.25,G1_Glycyl-L-Glutamic_Acid,100
21.5,G1_Glycyl-L-Glutamic_Acid,102
21.75,G1_Glycyl-L-Glutamic_Acid,100
22.0,G1_Glycyl-L-Glutamic_Acid,99
22.25,G1_Glycyl-L-Glutamic_Acid,104
22.5,G1_Glycyl-L-Glutamic_Acid,105
22.75,G1_Glycyl-L-Glutamic_Acid,105
23.0,G1_Glycyl-L-Glutamic_Acid,105
23.25,G1_Glycyl-L-Glutamic_Acid,105
23.5,G1_Glycyl-L-Glutamic_Acid,115
23.75,G1_Glycyl-L-Glutamic_Acid,113
24.0,G1_Glycyl-L-Glutamic_Acid,111
24.25,G1_Glycyl-L-Glutamic_Acid,113
24.5,G1_Glycyl-L-Glutamic_Acid,118
24.75,G1_Glycyl-L-Glutamic_Acid,112
25.0,G1_Glycyl-L-Glutamic_Acid,112
25.25,G1_Glycyl-L-Glutamic_Acid,116
25.5,G1_Glycyl-L-Glutamic_Acid,110
25.75,G1_Glycyl-L-Glutamic_Acid,119
26.0,G1_Glycyl-L-Glutamic_Acid,118
26.25,G1_Glycyl-L-Glutamic_Acid,121
26.5,G1_Glycyl-L-Glutamic_Acid,124
26.75,G1_Glycyl-L-Glutamic_Acid,121
27.0,G1_Glycyl-L-Glutamic_Acid,124
27.25,G1_Glycyl-L-Glutamic_Acid,125
27.5,G1_Glycyl-L-Glutamic_Acid,122
27.75,G1_Glycyl-L-Glutamic_Acid,127
28.0,G1_Glycyl-L-Glutamic_Acid,126
28.25,G1_Glycyl-L-Glutamic_Acid,130
28.5,G1_Glycyl-L-Glutamic_Acid,131
28.75,G1_Glycyl-L-Glutamic_Acid,131
29.0,G1_Glycyl-L-Glutamic_Acid,132
29.25,G1_Glycyl-L-Glutamic_Acid,128
29.5,G1_Glycyl-L-Glutamic_Acid,134
29.75,G1_Glycyl-L-Glutamic_Acid,137
30.0,G1_Glycyl-L-Glutamic_Acid,136
30.25,G1_Glycyl-L-Glutamic_Acid,135
30.5,G1_Glycyl-L-Glutamic_Acid,139
30.75,G1_Glycyl-L-Glutamic_Acid,143
31.0,G1_Glycyl-L-Glutamic_Acid,141
31.25,G1_Glycyl-L-Glutamic_Acid,146
31.5,G1_Glycyl-L-Glutamic_Acid,144
31.75,G1_Glycyl-L-Glutamic_Acid,145
32.0,G1_Glycyl-L-Glutamic_Acid,150
32.25,G1_Glycyl-L-Glutamic_Acid,142
32.5,G1_Glycyl-L-Glutamic_Acid,149
32.75,G1_Glycyl-L-Glutamic_Acid,148
33.0,G1_Glycyl-L-Glutamic_Acid,147
33.25,G1_Glycyl-L-Glutamic_Acid,151
33.5,G1_Glycyl-L-Glutamic_Acid,151
33.75,G1_Glycyl-L-Glutamic_Acid,155
34.0,G1_Glycyl-L-Glutamic_Acid,159
34.25,G1_Glycyl-L-Glutamic_Acid,157
34.5,G1_Glycyl-L-Glutamic_Acid,160
34.75,G1_Glycyl-L-Glutamic_Acid,159
35.0,G1_Glycyl-L-Glutamic_Acid,157
35.25,G1_Glycyl-L-Glutamic_Acid,155
35.5,G1_Glycyl-L-Glutamic_Acid,161
35.75,G1_Glycyl-L-Glutamic_Acid,162
36.0,G1_Glycyl-L-Glutamic_Acid,163
36.25,G1_Glycyl-L-Glutamic_Acid,165
36.5,G1_Glycyl-L-Glutamic_Acid,167
36.75,G1_Glycyl-L-Glutamic_Acid,168
37.0,G1_Glycyl-L-Glutamic_Acid,172
37.25,G1_Glycyl-L-Glutamic_Acid,176
37.5,G1_Glycyl-L-Glutamic_Acid,173
37.75,G1_Glycyl-L-Glutamic_Acid,181
38.0,G1_Glycyl-L-Glutamic_Acid,181
38.25,G1_Glycyl-L-Glutamic_Acid,182
38.5,G1_Glycyl-L-Glutamic_Acid,181
38.75,G1_Glycyl-L-Glutamic_Acid,180
39.0,G1_Glycyl-L-Glutamic_Acid,184
39.25,G1_Glycyl-L-Glutamic_Acid,187
39.5,G1_Glycyl-L-Glutamic_Acid,185
39.75,G1_Glycyl-L-Glutamic_Acid,186
40.0,G1_Glycyl-L-Glutamic_Acid,189
40.25,G1_Glycyl-L-Glutamic_Acid,197
40.5,G1_Glycyl-L-Glutamic_Acid,189
40.75,G1_Glycyl-L-Glutamic_Acid,193
41.0,G1_Glycyl-L-Glutamic_Acid,197
41.25,G1_Glycyl-L-Glutamic_Acid,195
41.5,G1_Glycyl-L-Glutamic_Acid,199
41.75,G1_Glycyl-L-Glutamic_Acid,202
42.0,G1_Glycyl-L-Glutamic_Acid,204
42.25,G1_Glycyl-L-Glutamic_Acid,201
42.5,G1_Glycyl-L-Glutamic_Acid,198
42.75,G1_Glycyl-L-Glutamic_Acid,205
43.0,G1_Glycyl-L-Glutamic_Acid,208
43.25,G1_Glycyl-L-Glutamic_Acid,206
43.5,G1_Glycyl-L-Glutamic_Acid,207
43.75,G1_Glycyl-L-Glutamic_Acid,208
44.0,G1_Glycyl-L-Glutamic_Acid,209
44.25,G1_Glycyl-L-Glutamic_Acid,214
44.5,G1_Glycyl-L-Glutamic_Acid,216
44.75,G1_Glycyl-L-Glutamic_Acid,215
45.0,G1_Glycyl-L-Glutamic_Acid,217
45.25,G1_Glycyl-L-Glutamic_Acid,217
45.5,G1_Glycyl-L-Glutamic_Acid,219
45.75,G1_Glycyl-L-Glutamic_Acid,223
46.0,G1_Glycyl-L-Glutamic_Acid,223
46.25,G1_Glycyl-L-Glutamic_Acid,226
46.5,G1_Glycyl-L-Glutamic_Acid,226
46.75,G1_Glycyl-L-Glutamic_Acid,224
47.0,G1_Glycyl-L-Glutamic_Acid,222
47.25,G1_Glycyl-L-Glutamic_Acid,226
47.5,G1_Glycyl-L-Glutamic_Acid,0
0.0,G2_Tricarballylic_Acid,53
0.25,G2_Tricarballylic_Acid,27
0.5,G2_Tricarballylic_Acid,18
0.75,G2_Tricarballylic_Acid,20
1.0,G2_Tricarballylic_Acid,25
1.25,G2_Tricarballylic_Acid,19
1.5,G2_Tricarballylic_Acid,18
1.75,G2_Tricarballylic_Acid,19
2.0,G2_Tricarballylic_Acid,21
2.25,G2_Tricarballylic_Acid,25
2.5,G2_Tricarballylic_Acid,22
2.75,G2_Tricarballylic_Acid,22
3.0,G2_Tricarballylic_Acid,24
3.25,G2_Tricarballylic_Acid,20
3.5,G2_Tricarballylic_Acid,21
3.75,G2_Tricarballylic_Acid,21
4.0,G2_Tricarballylic_Acid,19
4.25,G2_Tricarballylic_Acid,25
4.5,G2_Tricarballylic_Acid,27
4.75,G2_Tricarballylic_Acid,24
5.0,G2_Tricarballylic_Acid,25
5.25,G2_Tricarballylic_Acid,23
5.5,G2_Tricarballylic_Acid,27
5.75,G2_Tricarballylic_Acid,29
6.0,G2_Tricarballylic_Acid,32
6.25,G2_Tricarballylic_Acid,27
6.5,G2_Tricarballylic_Acid,30
6.75,G2_Tricarballylic_Acid,37
7.0,G2_Tricarballylic_Acid,32
7.25,G2_Tricarballylic_Acid,30
7.5,G2_Tricarballylic_Acid,31
7.75,G2_Tricarballylic_Acid,36
8.0,G2_Tricarballylic_Acid,40
8.25,G2_Tricarballylic_Acid,41
8.5,G2_Tricarballylic_Acid,37
8.75,G2_Tricarballylic_Acid,39
9.0,G2_Tricarballylic_Acid,36
9.25,G2_Tricarballylic_Acid,40
9.5,G2_Tricarballylic_Acid,38
9.75,G2_Tricarballylic_Acid,37
10.0,G2_Tricarballylic_Acid,41
10.25,G2_Tricarballylic_Acid,37
10.5,G2_Tricarballylic_Acid,38
10.75,G2_Tricarballylic_Acid,41
11.0,G2_Tricarballylic_Acid,40
11.25,G2_Tricarballylic_Acid,39
11.5,G2_Tricarballylic_Acid,41
11.75,G2_Tricarballylic_Acid,41
12.0,G2_Tricarballylic_Acid,41
12.25,G2_Tricarballylic_Acid,44
12.5,G2_Tricarballylic_Acid,38
12.75,G2_Tricarballylic_Acid,38
13.0,G2_Tricarballylic_Acid,41
13.25,G2_Tricarballylic_Acid,43
13.5,G2_Tricarballylic_Acid,46
13.75,G2_Tricarballylic_Acid,40
14.0,G2_Tricarballylic_Acid,37
14.25,G2_Tricarballylic_Acid,39
14.5,G2_Tricarballylic_Acid,40
14.75,G2_Tricarballylic_Acid,43
15.0,G2_Tricarballylic_Acid,43
15.25,G2_Tricarballylic_Acid,43
15.5,G2_Tricarballylic_Acid,44
15.75,G2_Tricarballylic_Acid,42
16.0,G2_Tricarballylic_Acid,41
16.25,G2_Tricarballylic_Acid,47
16.5,G2_Tricarballylic_Acid,46
16.75,G2_Tricarballylic_Acid,44
17.0,G2_Tricarballylic_Acid,45
17.25,G2_Tricarballylic_Acid,48
17.5,G2_Tricarballylic_Acid,46
17.75,G2_Tricarballylic_Acid,42
18.0,G2_Tricarballylic_Acid,46
18.25,G2_Tricarballylic_Acid,46
18.5,G2_Tricarballylic_Acid,47
18.75,G2_Tricarballylic_Acid,47
19.0,G2_Tricarballylic_Acid,44
19.25,G2_Tricarballylic_Acid,43
19.5,G2_Tricarballylic_Acid,45
19.75,G2_Tricarballylic_Acid,43
20.0,G2_Tricarballylic_Acid,46
20.25,G2_Tricarballylic_Acid,47
20.5,G2_Tricarballylic_Acid,50
20.75,G2_Tricarballylic_Acid,48
21.0,G2_Tricarballylic_Acid,46
21.25,G2_Tricarballylic_Acid,50
21.5,G2_Tricarballylic_Acid,42
21.75,G2_Tricarballylic_Acid,43
22.0,G2_Tricarballylic_Acid,49
22.25,G2_Tricarballylic_Acid,47
22.5,G2_Tricarballylic_Acid,50
22.75,G2_Tricarballylic_Acid,45
23.0,G2_Tricarballylic_Acid,48
23.25,G2_Tricarballylic_Acid,48
23.5,G2_Tricarballylic_Acid,51
23.75,G2_Tricarballylic_Acid,50
24.0,G2_Tricarballylic_Acid,50
24.25,G2_Tricarballylic_Acid,50
24.5,G2_Tricarballylic_Acid,47
24.75,G2_Tricarballylic_Acid,50
25.0,G2_Tricarballylic_Acid,51
25.25,G2_Tricarballylic_Acid,49
25.5,G2_Tricarballylic_Acid,42
25.75,G2_Tricarballylic_Acid,46
26.0,G2_Tricarballylic_Acid,48
26.25,G2_Tricarballylic_Acid,54
26.5,G2_Tricarballylic_Acid,51
26.75,G2_Tricarballylic_Acid,50
27.0,G2_Tricarballylic_Acid,50
27.25,G2_Tricarballylic_Acid,48
27.5,G2_Tricarballylic_Acid,55
27.75,G2_Tricarballylic_Acid,48
28.0,G2_Tricarballylic_Acid,47
28.25,G2_Tricarballylic_Acid,51
28.5,G2_Tricarballylic_Acid,46
28.75,G2_Tricarballylic_Acid,50
29.0,G2_Tricarballylic_Acid,46
29.25,G2_Tricarballylic_Acid,49
29.5,G2_Tricarballylic_Acid,47
29.75,G2_Tricarballylic_Acid,50
30.0,G2_Tricarballylic_Acid,48
30.25,G2_Tricarballylic_Acid,49
30.5,G2_Tricarballylic_Acid,50
30.75,G2_Tricarballylic_Acid,51
31.0,G2_Tricarballylic_Acid,54
31.25,G2_Tricarballylic_Acid,52
31.5,G2_Tricarballylic_Acid,51
31.75,G2_Tricarballylic_Acid,50
32.0,G2_Tricarballylic_Acid,53
32.25,G2_Tricarballylic_Acid,54
32.5,G2_Tricarballylic_Acid,52
32.75,G2_Tricarballylic_Acid,53
33.0,G2_Tricarballylic_Acid,51
33.25,G2_Tricarballylic_Acid,53
33.5,G2_Tricarballylic_Acid,51
33.75,G2_Tricarballylic_Acid,49
34.0,G2_Tricarballylic_Acid,46
34.25,G2_Tricarballylic_Acid,50
34.5,G2_Tricarballylic_Acid,57
34.75,G2_Tricarballylic_Acid,53
35.0,G2_Tricarballylic_Acid,54
35.25,G2_Tricarballylic_Acid,50
35.5,G2_Tricarballylic_Acid,51
35.75,G2_Tricarballylic_Acid,52
36.0,G2_Tricarballylic_Acid,53
36.25,G2_Tricarballylic_Acid,53
36.5,G2_Tricarballylic_Acid,51
36.75,G2_Tricarballylic_Acid,48
37.0,G2_Tricarballylic_Acid,49
37.25,G2_Tricarballylic_Acid,47
37.5,G2_Tricarballylic_Acid,52
37.75,G2_Tricarballylic_Acid,52
38.0,G2_Tricarballylic_Acid,53
38.25,G2_Tricarballylic_Acid,54
38.5,G2_Tricarballylic_Acid,54
38.75,G2_Tricarballylic_Acid,49
39.0,G2_Tricarballylic_Acid,50
39.25,G2_Tricarballylic_Acid,52
39.5,G2_Tricarballylic_Acid,50
39.75,G2_Tricarballylic_Acid,49
40.0,G2_Tricarballylic_Acid,50
40.25,G2_Tricarballylic_Acid,51
40.5,G2_Tricarballylic_Acid,48
40.75,G2_Tricarballylic_Acid,49
41.0,G2_Tricarballylic_Acid,48
41.25,G2_Tricarballylic_Acid,52
41.5,G2_Tricarballylic_Acid,51
41.75,G2_Tricarballylic_Acid,52
42.0,G2_Tricarballylic_Acid,51
42.25,G2_Tricarballylic_Acid,49
42.5,G2_Tricarballylic_Acid,45
42.75,G2_Tricarballylic_Acid,49
43.0,G2_Tricarballylic_Acid,50
43.25,G2_Tricarballylic_Acid,48
43.5,G2_Tricarballylic_Acid,49
43.75,G2_Tricarballylic_Acid,50
44.0,G2_Tricarballylic_Acid,51
44.25,G2_Tricarballylic_Acid,52
44.5,G2_Tricarballylic_Acid,51
44.75,G2_Tricarballylic_Acid,53
45.0,G2_Tricarballylic_Acid,49
45.25,G2_Tricarballylic_Acid,49
45.5,G2_Tricarballylic_Acid,47
45.75,G2_Tricarballylic_Acid,52
46.0,G2_Tricarballylic_Acid,50
46.25,G2_Tricarballylic_Acid,51
46.5,G2_Tricarballylic_Acid,49
46.75,G2_Tricarballylic_Acid,50
47.0,G2_Tricarballylic_Acid,48
47.25,G2_Tricarballylic_Acid,46
47.5,G2_Tricarballylic_Acid,0
0.0,G3_L-Serine,25
0.25,G3_L-Serine,33
0.5,G3_L-Serine,39
0.75,G3_L-Serine,51
1.0,G3_L-Serine,44
1.25,G3_L-Serine,41
1.5,G3_L-Serine,36
1.75,G3_L-Serine,33
2.0,G3_L-Serine,31
2.25,G3_L-Serine,32
2.5,G3_L-Serine,28
2.75,G3_L-Serine,19
3.0,G3_L-Serine,29
3.25,G3_L-Serine,25
3.5,G3_L-Serine,23
3.75,G3_L-Serine,23
4.0,G3_L-Serine,24
4.25,G3_L-Serine,35
4.5,G3_L-Serine,22
4.75,G3_L-Serine,23
5.0,G3_L-Serine,28
5.25,G3_L-Serine,38
5.5,G3_L-Serine,29
5.75,G3_L-Serine,35
6.0,G3_L-Serine,24
6.25,G3_L-Serine,31
6.5,G3_L-Serine,35
6.75,G3_L-Serine,41
7.0,G3_L-Serine,31
7.25,G3_L-Serine,35
7.5,G3_L-Serine,34
7.75,G3_L-Serine,39
8.0,G3_L-Serine,42
8.25,G3_L-Serine,47
8.5,G3_L-Serine,36
8.75,G3_L-Serine,43
9.0,G3_L-Serine,41
9.25,G3_L-Serine,47
9.5,G3_L-Serine,41
9.75,G3_L-Serine,41
10.0,G3_L-Serine,51
10.25,G3_L-Serine,48
10.5,G3_L-Serine,52
10.75,G3_L-Serine,46
11.0,G3_L-Serine,50
11.25,G3_L-Serine,54
11.5,G3_L-Serine,56
11.75,G3_L-Serine,56
12.0,G3_L-Serine,56
12.25,G3_L-Serine,58
12.5,G3_L-Serine,59
12.75,G3_L-Serine,60
13.0,G3_L-Serine,61
13.25,G3_L-Serine,60
13.5,G3_L-Serine,65
13.75,G3_L-Serine,68
14.0,G3_L-Serine,67
14.25,G3_L-Serine,75
14.5,G3_L-Serine,76
14.75,G3_L-Serine,80
15.0,G3_L-Serine,78
15.25,G3_L-Serine,82
15.5,G3_L-Serine,85
15.75,G3_L-Serine,89
16.0,G3_L-Serine,89
16.25,G3_L-Serine,92
16.5,G3_L-Serine,98
16.75,G3_L-Serine,94
17.0,G3_L-Serine,99
17.25,G3_L-Serine,104
17.5,G3_L-Serine,106
17.75,G3_L-Serine,108
18.0,G3_L-Serine,116
18.25,G3_L-Serine,113
18.5,G3_L-Serine,116
18.75,G3_L-Serine,120
19.0,G3_L-Serine,120
19.25,G3_L-Serine,124
19.5,G3_L-Serine,126
19.75,G3_L-Serine,130
20.0,G3_L-Serine,139
20.25,G3_L-Serine,137
20.5,G3_L-Serine,146
20.75,G3_L-Serine,147
21.0,G3_L-Serine,148
21.25,G3_L-Serine,150
21.5,G3_L-Serine,154
21.75,G3_L-Serine,160
22.0,G3_L-Serine,161
22.25,G3_L-Serine,163
22.5,G3_L-Serine,165
22.75,G3_L-Serine,167
23.0,G3_L-Serine,174
23.25,G3_L-Serine,179
23.5,G3_L-Serine,180
23.75,G3_L-Serine,179
24.0,G3_L-Serine,189
24.25,G3_L-Serine,192
24.5,G3_L-Serine,193
24.75,G3_L-Serine,196
25.0,G3_L-Serine,200
25.25,G3_L-Serine,204
25.5,G3_L-Serine,207
25.75,G3_L-Serine,211
26.0,G3_L-Serine,211
26.25,G3_L-Serine,215
26.5,G3_L-Serine,219
26.75,G3_L-Serine,219
27.0,G3_L-Serine,228
27.25,G3_L-Serine,226
27.5,G3_L-Serine,229
27.75,G3_L-Serine,231
28.0,G3_L-Serine,234
28.25,G3_L-Serine,233
28.5,G3_L-Serine,237
28.75,G3_L-Serine,241
29.0,G3_L-Serine,240
29.25,G3_L-Serine,240
29.5,G3_L-Serine,243
29.75,G3_L-Serine,243
30.0,G3_L-Serine,245
30.25,G3_L-Serine,247
30.5,G3_L-Serine,251
30.75,G3_L-Serine,249
31.0,G3_L-Serine,254
31.25,G3_L-Serine,251
31.5,G3_L-Serine,252
31.75,G3_L-Serine,253
32.0,G3_L-Serine,256
32.25,G3_L-Serine,258
32.5,G3_L-Serine,261
32.75,G3_L-Serine,261
33.0,G3_L-Serine,263
33.25,G3_L-Serine,265
33.5,G3_L-Serine,265
33.75,G3_L-Serine,264
34.0,G3_L-Serine,265
34.25,G3_L-Serine,264
34.5,G3_L-Serine,265
34.75,G3_L-Serine,263
35.0,G3_L-Serine,268
35.25,G3_L-Serine,269
35.5,G3_L-Serine,263
35.75,G3_L-Serine,267
36.0,G3_L-Serine,268
36.25,G3_L-Serine,268
36.5,G3_L-Serine,268
36.75,G3_L-Serine,267
37.0,G3_L-Serine,269
37.25,G3_L-Serine,267
37.5,G3_L-Serine,270
37.75,G3_L-Serine,268
38.0,G3_L-Serine,270
38.25,G3_L-Serine,267
38.5,G3_L-Serine,273
38.75,G3_L-Serine,270
39.0,G3_L-Serine,271
39.25,G3_L-Serine,270
39.5,G3_L-Serine,272
39.75,G3_L-Serine,271
40.0,G3_L-Serine,272
40.25,G3_L-Serine,270
40.5,G3_L-Serine,271
40.75,G3_L-Serine,272
41.0,G3_L-Serine,270
41.25,G3_L-Serine,274
41.5,G3_L-Serine,272
41.75,G3_L-Serine,274
42.0,G3_L-Serine,275
42.25,G3_L-Serine,276
42.5,G3_L-Serine,273
42.75,G3_L-Serine,274
43.0,G3_L-Serine,271
43.25,G3_L-Serine,273
43.5,G3_L-Serine,275
43.75,G3_L-Serine,273
44.0,G3_L-Serine,274
44.25,G3_L-Serine,278
44.5,G3_L-Serine,276
44.75,G3_L-Serine,274
45.0,G3_L-Serine,273
45.25,G3_L-Serine,276
45.5,G3_L-Serine,274
45.75,G3_L-Serine,274
46.0,G3_L-Serine,276
46.25,G3_L-Serine,275
46.5,G3_L-Serine,275
46.75,G3_L-Serine,276
47.0,G3_L-Serine,277
47.25,G3_L-Serine,278
47.5,G3_L-Serine,0
0.0,G4_L-Threonine,37
0.25,G4_L-Threonine,42
0.5,G4_L-Threonine,20
0.75,G4_L-Threonine,18
1.0,G4_L-Threonine,21
1.25,G4_L-Threonine,18
1.5,G4_L-Threonine,19
1.75,G4_L-Threonine,16
2.0,G4_L-Threonine,15
2.25,G4_L-Threonine,15
2.5,G4_L-Threonine,22
2.75,G4_L-Threonine,18
3.0,G4_L-Threonine,18
3.25,G4_L-Threonine,17
3.5,G4_L-Threonine,21
3.75,G4_L-Threonine,21
4.0,G4_L-Threonine,18
4.25,G4_L-Threonine,19
4.5,G4_L-Threonine,24
4.75,G4_L-Threonine,25
5.0,G4_L-Threonine,20
5.25,G4_L-Threonine,23
5.5,G4_L-Threonine,21
5.75,G4_L-Threonine,24
6.0,G4_L-Threonine,26
6.25,G4_L-Threonine,29
6.5,G4_L-Threonine,22
6.75,G4_L-Threonine,26
7.0,G4_L-Threonine,29
7.25,G4_L-Threonine,28
7.5,G4_L-Threonine,30
7.75,G4_L-Threonine,32
8.0,G4_L-Threonine,31
8.25,G4_L-Threonine,32
8.5,G4_L-Threonine,35
8.75,G4_L-Threonine,35
9.0,G4_L-Threonine,37
9.25,G4_L-Threonine,38
9.5,G4_L-Threonine,39
9.75,G4_L-Threonine,40
10.0,G4_L-Threonine,41
10.25,G4_L-Threonine,40
10.5,G4_L-Threonine,47
10.75,G4_L-Threonine,42
11.0,G4_L-Threonine,47
11.25,G4_L-Threonine,48
11.5,G4_L-Threonine,53
11.75,G4_L-Threonine,55
12.0,G4_L-Threonine,53
12.25,G4_L-Threonine,51
12.5,G4_L-Threonine,54
12.75,G4_L-Threonine,59
13.0,G4_L-Threonine,59
13.25,G4_L-Threonine,65
13.5,G4_L-Threonine,65
13.75,G4_L-Threonine,68
14.0,G4_L-Threonine,67
14.25,G4_L-Threonine,72
14.5,G4_L-Threonine,75
14.75,G4_L-Threonine,71
15.0,G4_L-Threonine,75
15.25,G4_L-Threonine,82
15.5,G4_L-Threonine,89
15.75,G4_L-Threonine,87
16.0,G4_L-Threonine,91
16.25,G4_L-Threonine,97
16.5,G4_L-Threonine,98
16.75,G4_L-Threonine,97
17.0,G4_L-Threonine,105
17.25,G4_L-Threonine,109
17.5,G4_L-Threonine,112
17.75,G4_L-Threonine,114
18.0,G4_L-Threonine,119
18.25,G4_L-Threonine,118
18.5,G4_L-Threonine,129
18.75,G4_L-Threonine,125
19.0,G4_L-Threonine,134
19.25,G4_L-Threonine,138
19.5,G4_L-Threonine,141
19.75,G4_L-Threonine,143
20.0,G4_L-Threonine,151
20.25,G4_L-Threonine,150
20.5,G4_L-Threonine,157
20.75,G4_L-Threonine,158
21.0,G4_L-Threonine,166
21.25,G4_L-Threonine,171
21.5,G4_L-Threonine,171
21.75,G4_L-Threonine,172
22.0,G4_L-Threonine,180
22.25,G4_L-Threonine,178
22.5,G4_L-Threonine,179
22.75,G4_L-Threonine,187
23.0,G4_L-Threonine,195
23.25,G4_L-Threonine,194
23.5,G4_L-Threonine,201
23.75,G4_L-Threonine,207
24.0,G4_L-Threonine,207
24.25,G4_L-Threonine,210
24.5,G4_L-Threonine,216
24.75,G4_L-Threonine,220
25.0,G4_L-Threonine,217
25.25,G4_L-Threonine,221
25.5,G4_L-Threonine,225
25.75,G4_L-Threonine,228
26.0,G4_L-Threonine,234
26.25,G4_L-Threonine,233
26.5,G4_L-Threonine,233
26.75,G4_L-Threonine,233
27.0,G4_L-Threonine,239
27.25,G4_L-Threonine,243
27.5,G4_L-Threonine,245
27.75,G4_L-Threonine,242
28.0,G4_L-Threonine,248
28.25,G4_L-Threonine,247
28.5,G4_L-Threonine,246
28.75,G4_L-Threonine,253
29.0,G4_L-Threonine,254
29.25,G4_L-Threonine,253
29.5,G4_L-Threonine,252
29.75,G4_L-Threonine,255
30.0,G4_L-Threonine,255
30.25,G4_L-Threonine,257
30.5,G4_L-Threonine,264
30.75,G4_L-Threonine,263
31.0,G4_L-Threonine,264
31.25,G4_L-Threonine,262
31.5,G4_L-Threonine,268
31.75,G4_L-Threonine,267
32.0,G4_L-Threonine,270
32.25,G4_L-Threonine,267
32.5,G4_L-Threonine,271
32.75,G4_L-Threonine,270
33.0,G4_L-Threonine,274
33.25,G4_L-Threonine,269
33.5,G4_L-Threonine,273
33.75,G4_L-Threonine,273
34.0,G4_L-Threonine,275
34.25,G4_L-Threonine,276
34.5,G4_L-Threonine,277
34.75,G4_L-Threonine,275
35.0,G4_L-Threonine,276
35.25,G4_L-Threonine,278
35.5,G4_L-Threonine,273
35.75,G4_L-Threonine,280
36.0,G4_L-Threonine,277
36.25,G4_L-Threonine,276
36.5,G4_L-Threonine,275
36.75,G4_L-Threonine,278
37.0,G4_L-Threonine,283
37.25,G4_L-Threonine,278
37.5,G4_L-Threonine,278
37.75,G4_L-Threonine,277
38.0,G4_L-Threonine,278
38.25,G4_L-Threonine,279
38.5,G4_L-Threonine,283
38.75,G4_L-Threonine,280
39.0,G4_L-Threonine,280
39.25,G4_L-Threonine,279
39.5,G4_L-Threonine,281
39.75,G4_L-Threonine,283
40.0,G4_L-Threonine,281
40.25,G4_L-Threonine,277
40.5,G4_L-Threonine,278
40.75,G4_L-Threonine,276
41.0,G4_L-Threonine,273
41.25,G4_L-Threonine,273
41.5,G4_L-Threonine,272
41.75,G4_L-Threonine,271
42.0,G4_L-Threonine,271
42.25,G4_L-Threonine,272
42.5,G4_L-Threonine,269
42.75,G4_L-Threonine,268
43.0,G4_L-Threonine,268
43.25,G4_L-Threonine,271
43.5,G4_L-Threonine,267
43.75,G4_L-Threonine,269
44.0,G4_L-Threonine,269
44.25,G4_L-Threonine,264
44.5,G4_L-Threonine,266
44.75,G4_L-Threonine,267
45.0,G4_L-Threonine,267
45.25,G4_L-Threonine,272
45.5,G4_L-Threonine,265
45.75,G4_L-Threonine,267
46.0,G4_L-Threonine,266
46.25,G4_L-Threonine,263
46.5,G4_L-Threonine,267
46.75,G4_L-Threonine,266
47.0,G4_L-Threonine,271
47.25,G4_L-Threonine,269
47.5,G4_L-Threonine,0
0.0,G5_L-Alanine,16
0.25,G5_L-Alanine,30
0.5,G5_L-Alanine,15
0.75,G5_L-Alanine,16
1.0,G5_L-Alanine,13
1.25,G5_L-Alanine,15
1.5,G5_L-Alanine,16
1.75,G5_L-Alanine,16
2.0,G5_L-Alanine,18
2.25,G5_L-Alanine,17
2.5,G5_L-Alanine,18
2.75,G5_L-Alanine,15
3.0,G5_L-Alanine,17
3.25,G5_L-Alanine,18
3.5,G5_L-Alanine,19
3.75,G5_L-Alanine,20
4.0,G5_L-Alanine,15
4.25,G5_L-Alanine,22
4.5,G5_L-Alanine,21
4.75,G5_L-Alanine,21
5.0,G5_L-Alanine,22
5.25,G5_L-Alanine,27
5.5,G5_L-Alanine,29
5.75,G5_L-Alanine,25
6.0,G5_L-Alanine,27
6.25,G5_L-Alanine,27
6.5,G5_L-Alanine,28
6.75,G5_L-Alanine,31
7.0,G5_L-Alanine,31
7.25,G5_L-Alanine,34
7.5,G5_L-Alanine,32
7.75,G5_L-Alanine,41
8.0,G5_L-Alanine,41
8.25,G5_L-Alanine,42
8.5,G5_L-Alanine,45
8.75,G5_L-Alanine,48
9.0,G5_L-Alanine,49
9.25,G5_L-Alanine,53
9.5,G5_L-Alanine,55
9.75,G5_L-Alanine,56
10.0,G5_L-Alanine,62
10.25,G5_L-Alanine,64
10.5,G5_L-Alanine,72
10.75,G5_L-Alanine,71
11.0,G5_L-Alanine,72
11.25,G5_L-Alanine,80
11.5,G5_L-Alanine,83
11.75,G5_L-Alanine,85
12.0,G5_L-Alanine,86
12.25,G5_L-Alanine,89
12.5,G5_L-Alanine,93
12.75,G5_L-Alanine,98
13.0,G5_L-Alanine,100
13.25,G5_L-Alanine,102
13.5,G5_L-Alanine,101
13.75,G5_L-Alanine,111
14.0,G5_L-Alanine,113
14.25,G5_L-Alanine,115
14.5,G5_L-Alanine,120
14.75,G5_L-Alanine,120
15.0,G5_L-Alanine,124
15.25,G5_L-Alanine,129
15.5,G5_L-Alanine,134
15.75,G5_L-Alanine,132
16.0,G5_L-Alanine,135
16.25,G5_L-Alanine,141
16.5,G5_L-Alanine,139
16.75,G5_L-Alanine,143
17.0,G5_L-Alanine,148
17.25,G5_L-Alanine,150
17.5,G5_L-Alanine,153
17.75,G5_L-Alanine,154
18.0,G5_L-Alanine,156
18.25,G5_L-Alanine,166
18.5,G5_L-Alanine,165
18.75,G5_L-Alanine,166
19.0,G5_L-Alanine,171
19.25,G5_L-Alanine,174
19.5,G5_L-Alanine,175
19.75,G5_L-Alanine,179
20.0,G5_L-Alanine,179
20.25,G5_L-Alanine,184
20.5,G5_L-Alanine,184
20.75,G5_L-Alanine,186
21.0,G5_L-Alanine,190
21.25,G5_L-Alanine,193
21.5,G5_L-Alanine,190
21.75,G5_L-Alanine,193
22.0,G5_L-Alanine,194
22.25,G5_L-Alanine,199
22.5,G5_L-Alanine,200
22.75,G5_L-Alanine,201
23.0,G5_L-Alanine,204
23.25,G5_L-Alanine,206
23.5,G5_L-Alanine,212
23.75,G5_L-Alanine,211
24.0,G5_L-Alanine,210
24.25,G5_L-Alanine,208
24.5,G5_L-Alanine,212
24.75,G5_L-Alanine,211
25.0,G5_L-Alanine,213
25.25,G5_L-Alanine,216
25.5,G5_L-Alanine,215
25.75,G5_L-Alanine,221
26.0,G5_L-Alanine,219
26.25,G5_L-Alanine,223
26.5,G5_L-Alanine,221
26.75,G5_L-Alanine,224
27.0,G5_L-Alanine,228
27.25,G5_L-Alanine,227
27.5,G5_L-Alanine,233
27.75,G5_L-Alanine,229
28.0,G5_L-Alanine,231
28.25,G5_L-Alanine,231
28.5,G5_L-Alanine,236
28.75,G5_L-Alanine,233
29.0,G5_L-Alanine,238
29.25,G5_L-Alanine,238
29.5,G5_L-Alanine,243
29.75,G5_L-Alanine,240
30.0,G5_L-Alanine,242
30.25,G5_L-Alanine,242
30.5,G5_L-Alanine,246
30.75,G5_L-Alanine,246
31.0,G5_L-Alanine,246
31.25,G5_L-Alanine,247
31.5,G5_L-Alanine,248
31.75,G5_L-Alanine,246
32.0,G5_L-Alanine,248
32.25,G5_L-Alanine,247
32.5,G5_L-Alanine,250
32.75,G5_L-Alanine,248
33.0,G5_L-Alanine,252
33.25,G5_L-Alanine,255
33.5,G5_L-Alanine,251
33.75,G5_L-Alanine,253
34.0,G5_L-Alanine,258
34.25,G5_L-Alanine,253
34.5,G5_L-Alanine,254
34.75,G5_L-Alanine,254
35.0,G5_L-Alanine,255
35.25,G5_L-Alanine,254
35.5,G5_L-Alanine,255
35.75,G5_L-Alanine,256
36.0,G5_L-Alanine,255
36.25,G5_L-Alanine,258
36.5,G5_L-Alanine,258
36.75,G5_L-Alanine,259
37.0,G5_L-Alanine,259
37.25,G5_L-Alanine,260
37.5,G5_L-Alanine,260
37.75,G5_L-Alanine,262
38.0,G5_L-Alanine,261
38.25,G5_L-Alanine,263
38.5,G5_L-Alanine,262
38.75,G5_L-Alanine,263
39.0,G5_L-Alanine,261
39.25,G5_L-Alanine,261
39.5,G5_L-Alanine,261
39.75,G5_L-Alanine,260
40.0,G5_L-Alanine,262
40.25,G5_L-Alanine,263
40.5,G5_L-Alanine,261
40.75,G5_L-Alanine,260
41.0,G5_L-Alanine,259
41.25,G5_L-Alanine,260
41.5,G5_L-Alanine,263
41.75,G5_L-Alanine,265
42.0,G5_L-Alanine,262
42.25,G5_L-Alanine,263
42.5,G5_L-Alanine,261
42.75,G5_L-Alanine,260
43.0,G5_L-Alanine,267
43.25,G5_L-Alanine,264
43.5,G5_L-Alanine,259
43.75,G5_L-Alanine,264
44.0,G5_L-Alanine,263
44.25,G5_L-Alanine,267
44.5,G5_L-Alanine,261
44.75,G5_L-Alanine,262
45.0,G5_L-Alanine,260
45.25,G5_L-Alanine,260
45.5,G5_L-Alanine,264
45.75,G5_L-Alanine,264
46.0,G5_L-Alanine,261
46.25,G5_L-Alanine,264
46.5,G5_L-Alanine,266
46.75,G5_L-Alanine,262
47.0,G5_L-Alanine,265
47.25,G5_L-Alanine,259
47.5,G5_L-Alanine,0
0.0,G6_L-Alanyl-Glycine,11
0.25,G6_L-Alanyl-Glycine,11
0.5,G6_L-Alanyl-Glycine,11
0.75,G6_L-Alanyl-Glycine,14
1.0,G6_L-Alanyl-Glycine,12
1.25,G6_L-Alanyl-Glycine,13
1.5,G6_L-Alanyl-Glycine,14
1.75,G6_L-Alanyl-Glycine,11
2.0,G6_L-Alanyl-Glycine,15
2.25,G6_L-Alanyl-Glycine,11
2.5,G6_L-Alanyl-Glycine,11
2.75,G6_L-Alanyl-Glycine,11
3.0,G6_L-Alanyl-Glycine,12
3.25,G6_L-Alanyl-Glycine,11
3.5,G6_L-Alanyl-Glycine,11
3.75,G6_L-Alanyl-Glycine,12
4.0,G6_L-Alanyl-Glycine,11
4.25,G6_L-Alanyl-Glycine,20
4.5,G6_L-Alanyl-Glycine,16
4.75,G6_L-Alanyl-Glycine,18
5.0,G6_L-Alanyl-Glycine,13
5.25,G6_L-Alanyl-Glycine,21
5.5,G6_L-Alanyl-Glycine,19
5.75,G6_L-Alanyl-Glycine,21
6.0,G6_L-Alanyl-Glycine,29
6.25,G6_L-Alanyl-Glycine,21
6.5,G6_L-Alanyl-Glycine,28
6.75,G6_L-Alanyl-Glycine,35
7.0,G6_L-Alanyl-Glycine,32
7.25,G6_L-Alanyl-Glycine,33
7.5,G6_L-Alanyl-Glycine,38
7.75,G6_L-Alanyl-Glycine,45
8.0,G6_L-Alanyl-Glycine,50
8.25,G6_L-Alanyl-Glycine,51
8.5,G6_L-Alanyl-Glycine,46
8.75,G6_L-Alanyl-Glycine,48
9.0,G6_L-Alanyl-Glycine,53
9.25,G6_L-Alanyl-Glycine,52
9.5,G6_L-Alanyl-Glycine,54
9.75,G6_L-Alanyl-Glycine,55
10.0,G6_L-Alanyl-Glycine,61
10.25,G6_L-Alanyl-Glycine,58
10.5,G6_L-Alanyl-Glycine,66
10.75,G6_L-Alanyl-Glycine,68
11.0,G6_L-Alanyl-Glycine,72
11.25,G6_L-Alanyl-Glycine,72
11.5,G6_L-Alanyl-Glycine,75
11.75,G6_L-Alanyl-Glycine,78
12.0,G6_L-Alanyl-Glycine,81
12.25,G6_L-Alanyl-Glycine,88
12.5,G6_L-Alanyl-Glycine,89
12.75,G6_L-Alanyl-Glycine,91
13.0,G6_L-Alanyl-Glycine,92
13.25,G6_L-Alanyl-Glycine,97
13.5,G6_L-Alanyl-Glycine,103
13.75,G6_L-Alanyl-Glycine,109
14.0,G6_L-Alanyl-Glycine,112
14.25,G6_L-Alanyl-Glycine,112
14.5,G6_L-Alanyl-Glycine,117
14.75,G6_L-Alanyl-Glycine,123
15.0,G6_L-Alanyl-Glycine,121
15.25,G6_L-Alanyl-Glycine,129
15.5,G6_L-Alanyl-Glycine,131
15.75,G6_L-Alanyl-Glycine,139
16.0,G6_L-Alanyl-Glycine,143
16.25,G6_L-Alanyl-Glycine,146
16.5,G6_L-Alanyl-Glycine,148
16.75,G6_L-Alanyl-Glycine,159
17.0,G6_L-Alanyl-Glycine,155
17.25,G6_L-Alanyl-Glycine,160
17.5,G6_L-Alanyl-Glycine,167
17.75,G6_L-Alanyl-Glycine,174
18.0,G6_L-Alanyl-Glycine,174
18.25,G6_L-Alanyl-Glycine,180
18.5,G6_L-Alanyl-Glycine,182
18.75,G6_L-Alanyl-Glycine,185
19.0,G6_L-Alanyl-Glycine,187
19.25,G6_L-Alanyl-Glycine,194
19.5,G6_L-Alanyl-Glycine,196
19.75,G6_L-Alanyl-Glycine,200
20.0,G6_L-Alanyl-Glycine,201
20.25,G6_L-Alanyl-Glycine,204
20.5,G6_L-Alanyl-Glycine,211
20.75,G6_L-Alanyl-Glycine,215
21.0,G6_L-Alanyl-Glycine,216
21.25,G6_L-Alanyl-Glycine,219
21.5,G6_L-Alanyl-Glycine,222
21.75,G6_L-Alanyl-Glycine,227
22.0,G6_L-Alanyl-Glycine,225
22.25,G6_L-Alanyl-Glycine,228
22.5,G6_L-Alanyl-Glycine,235
22.75,G6_L-Alanyl-Glycine,233
23.0,G6_L-Alanyl-Glycine,238
23.25,G6_L-Alanyl-Glycine,238
23.5,G6_L-Alanyl-Glycine,243
23.75,G6_L-Alanyl-Glycine,243
24.0,G6_L-Alanyl-Glycine,243
24.25,G6_L-Alanyl-Glycine,247
24.5,G6_L-Alanyl-Glycine,248
24.75,G6_L-Alanyl-Glycine,252
25.0,G6_L-Alanyl-Glycine,249
25.25,G6_L-Alanyl-Glycine,252
25.5,G6_L-Alanyl-Glycine,250
25.75,G6_L-Alanyl-Glycine,254
26.0,G6_L-Alanyl-Glycine,256
26.25,G6_L-Alanyl-Glycine,258
26.5,G6_L-Alanyl-Glycine,259
26.75,G6_L-Alanyl-Glycine,261
27.0,G6_L-Alanyl-Glycine,262
27.25,G6_L-Alanyl-Glycine,264
27.5,G6_L-Alanyl-Glycine,267
27.75,G6_L-Alanyl-Glycine,263
28.0,G6_L-Alanyl-Glycine,263
28.25,G6_L-Alanyl-Glycine,264
28.5,G6_L-Alanyl-Glycine,265
28.75,G6_L-Alanyl-Glycine,264
29.0,G6_L-Alanyl-Glycine,269
29.25,G6_L-Alanyl-Glycine,268
29.5,G6_L-Alanyl-Glycine,271
29.75,G6_L-Alanyl-Glycine,269
30.0,G6_L-Alanyl-Glycine,267
30.25,G6_L-Alanyl-Glycine,269
30.5,G6_L-Alanyl-Glycine,269
30.75,G6_L-Alanyl-Glycine,275
31.0,G6_L-Alanyl-Glycine,272
31.25,G6_L-Alanyl-Glycine,276
31.5,G6_L-Alanyl-Glycine,274
31.75,G6_L-Alanyl-Glycine,277
32.0,G6_L-Alanyl-Glycine,276
32.25,G6_L-Alanyl-Glycine,274
32.5,G6_L-Alanyl-Glycine,275
32.75,G6_L-Alanyl-Glycine,274
33.0,G6_L-Alanyl-Glycine,275
33.25,G6_L-Alanyl-Glycine,279
33.5,G6_L-Alanyl-Glycine,274
33.75,G6_L-Alanyl-Glycine,278
34.0,G6_L-Alanyl-Glycine,277
34.25,G6_L-Alanyl-Glycine,272
34.5,G6_L-Alanyl-Glycine,277
34.75,G6_L-Alanyl-Glycine,276
35.0,G6_L-Alanyl-Glycine,276
35.25,G6_L-Alanyl-Glycine,278
35.5,G6_L-Alanyl-Glycine,278
35.75,G6_L-Alanyl-Glycine,277
36.0,G6_L-Alanyl-Glycine,277
36.25,G6_L-Alanyl-Glycine,277
36.5,G6_L-Alanyl-Glycine,277
36.75,G6_L-Alanyl-Glycine,280
37.0,G6_L-Alanyl-Glycine,276
37.25,G6_L-Alanyl-Glycine,279
37.5,G6_L-Alanyl-Glycine,275
37.75,G6_L-Alanyl-Glycine,277
38.0,G6_L-Alanyl-Glycine,280
38.25,G6_L-Alanyl-Glycine,278
38.5,G6_L-Alanyl-Glycine,279
38.75,G6_L-Alanyl-Glycine,278
39.0,G6_L-Alanyl-Glycine,280
39.25,G6_L-Alanyl-Glycine,281
39.5,G6_L-Alanyl-Glycine,278
39.75,G6_L-Alanyl-Glycine,278
40.0,G6_L-Alanyl-Glycine,280
40.25,G6_L-Alanyl-Glycine,281
40.5,G6_L-Alanyl-Glycine,279
40.75,G6_L-Alanyl-Glycine,280
41.0,G6_L-Alanyl-Glycine,282
41.25,G6_L-Alanyl-Glycine,279
41.5,G6_L-Alanyl-Glycine,281
41.75,G6_L-Alanyl-Glycine,278
42.0,G6_L-Alanyl-Glycine,281
42.25,G6_L-Alanyl-Glycine,279
42.5,G6_L-Alanyl-Glycine,281
42.75,G6_L-Alanyl-Glycine,282
43.0,G6_L-Alanyl-Glycine,282
43.25,G6_L-Alanyl-Glycine,281
43.5,G6_L-Alanyl-Glycine,285
43.75,G6_L-Alanyl-Glycine,286
44.0,G6_L-Alanyl-Glycine,284
44.25,G6_L-Alanyl-Glycine,284
44.5,G6_L-Alanyl-Glycine,285
44.75,G6_L-Alanyl-Glycine,282
45.0,G6_L-Alanyl-Glycine,283
45.25,G6_L-Alanyl-Glycine,286
45.5,G6_L-Alanyl-Glycine,281
45.75,G6_L-Alanyl-Glycine,282
46.0,G6_L-Alanyl-Glycine,283
46.25,G6_L-Alanyl-Glycine,279
46.5,G6_L-Alanyl-Glycine,282
46.75,G6_L-Alanyl-Glycine,283
47.0,G6_L-Alanyl-Glycine,282
47.25,G6_L-Alanyl-Glycine,283
47.5,G6_L-Alanyl-Glycine,0
0.0,G7_Acetoacetic_Acid,14
0.25,G7_Acetoacetic_Acid,21
0.5,G7_Acetoacetic_Acid,14
0.75,G7_Acetoacetic_Acid,18
1.0,G7_Acetoacetic_Acid,18
1.25,G7_Acetoacetic_Acid,13
1.5,G7_Acetoacetic_Acid,16
1.75,G7_Acetoacetic_Acid,14
2.0,G7_Acetoacetic_Acid,18
2.25,G7_Acetoacetic_Acid,15
2.5,G7_Acetoacetic_Acid,18
2.75,G7_Acetoacetic_Acid,15
3.0,G7_Acetoacetic_Acid,18
3.25,G7_Acetoacetic_Acid,16
3.5,G7_Acetoacetic_Acid,13
3.75,G7_Acetoacetic_Acid,18
4.0,G7_Acetoacetic_Acid,17
4.25,G7_Acetoacetic_Acid,25
4.5,G7_Acetoacetic_Acid,18
4.75,G7_Acetoacetic_Acid,23
5.0,G7_Acetoacetic_Acid,17
5.25,G7_Acetoacetic_Acid,20
5.5,G7_Acetoacetic_Acid,22
5.75,G7_Acetoacetic_Acid,21
6.0,G7_Acetoacetic_Acid,26
6.25,G7_Acetoacetic_Acid,26
6.5,G7_Acetoacetic_Acid,28
6.75,G7_Acetoacetic_Acid,30
7.0,G7_Acetoacetic_Acid,28
7.25,G7_Acetoacetic_Acid,29
7.5,G7_Acetoacetic_Acid,36
7.75,G7_Acetoacetic_Acid,39
8.0,G7_Acetoacetic_Acid,46
8.25,G7_Acetoacetic_Acid,44
8.5,G7_Acetoacetic_Acid,48
8.75,G7_Acetoacetic_Acid,45
9.0,G7_Acetoacetic_Acid,48
9.25,G7_Acetoacetic_Acid,49
9.5,G7_Acetoacetic_Acid,48
9.75,G7_Acetoacetic_Acid,45
10.0,G7_Acetoacetic_Acid,55
10.25,G7_Acetoacetic_Acid,47
10.5,G7_Acetoacetic_Acid,50
10.75,G7_Acetoacetic_Acid,50
11.0,G7_Acetoacetic_Acid,50
11.25,G7_Acetoacetic_Acid,45
11.5,G7_Acetoacetic_Acid,55
11.75,G7_Acetoacetic_Acid,51
12.0,G7_Acetoacetic_Acid,53
12.25,G7_Acetoacetic_Acid,51
12.5,G7_Acetoacetic_Acid,49
12.75,G7_Acetoacetic_Acid,51
13.0,G7_Acetoacetic_Acid,47
13.25,G7_Acetoacetic_Acid,49
13.5,G7_Acetoacetic_Acid,54
13.75,G7_Acetoacetic_Acid,53
14.0,G7_Acetoacetic_Acid,52
14.25,G7_Acetoacetic_Acid,52
14.5,G7_Acetoacetic_Acid,55
14.75,G7_Acetoacetic_Acid,55
15.0,G7_Acetoacetic_Acid,55
15.25,G7_Acetoacetic_Acid,53
15.5,G7_Acetoacetic_Acid,49
15.75,G7_Acetoacetic_Acid,55
16.0,G7_Acetoacetic_Acid,54
16.25,G7_Acetoacetic_Acid,48
16.5,G7_Acetoacetic_Acid,56
16.75,G7_Acetoacetic_Acid,55
17.0,G7_Acetoacetic_Acid,55
17.25,G7_Acetoacetic_Acid,52
17.5,G7_Acetoacetic_Acid,55
17.75,G7_Acetoacetic_Acid,53
18.0,G7_Acetoacetic_Acid,57
18.25,G7_Acetoacetic_Acid,57
18.5,G7_Acetoacetic_Acid,57
18.75,G7_Acetoacetic_Acid,55
19.0,G7_Acetoacetic_Acid,56
19.25,G7_Acetoacetic_Acid,55
19.5,G7_Acetoacetic_Acid,52
19.75,G7_Acetoacetic_Acid,52
20.0,G7_Acetoacetic_Acid,58
20.25,G7_Acetoacetic_Acid,60
20.5,G7_Acetoacetic_Acid,55
20.75,G7_Acetoacetic_Acid,60
21.0,G7_Acetoacetic_Acid,54
21.25,G7_Acetoacetic_Acid,54
21.5,G7_Acetoacetic_Acid,56
21.75,G7_Acetoacetic_Acid,55
22.0,G7_Acetoacetic_Acid,57
22.25,G7_Acetoacetic_Acid,55
22.5,G7_Acetoacetic_Acid,58
22.75,G7_Acetoacetic_Acid,53
23.0,G7_Acetoacetic_Acid,62
23.25,G7_Acetoacetic_Acid,51
23.5,G7_Acetoacetic_Acid,58
23.75,G7_Acetoacetic_Acid,57
24.0,G7_Acetoacetic_Acid,56
24.25,G7_Acetoacetic_Acid,56
24.5,G7_Acetoacetic_Acid,58
24.75,G7_Acetoacetic_Acid,57
25.0,G7_Acetoacetic_Acid,58
25.25,G7_Acetoacetic_Acid,57
25.5,G7_Acetoacetic_Acid,54
25.75,G7_Acetoacetic_Acid,58
26.0,G7_Acetoacetic_Acid,55
26.25,G7_Acetoacetic_Acid,59
26.5,G7_Acetoacetic_Acid,58
26.75,G7_Acetoacetic_Acid,57
27.0,G7_Acetoacetic_Acid,59
27.25,G7_Acetoacetic_Acid,56
27.5,G7_Acetoacetic_Acid,56
27.75,G7_Acetoacetic_Acid,59
28.0,G7_Acetoacetic_Acid,54
28.25,G7_Acetoacetic_Acid,58
28.5,G7_Acetoacetic_Acid,53
28.75,G7_Acetoacetic_Acid,60
29.0,G7_Acetoacetic_Acid,58
29.25,G7_Acetoacetic_Acid,57
29.5,G7_Acetoacetic_Acid,58
29.75,G7_Acetoacetic_Acid,60
30.0,G7_Acetoacetic_Acid,54
30.25,G7_Acetoacetic_Acid,56
30.5,G7_Acetoacetic_Acid,59
30.75,G7_Acetoacetic_Acid,56
31.0,G7_Acetoacetic_Acid,58
31.25,G7_Acetoacetic_Acid,60
31.5,G7_Acetoacetic_Acid,61
31.75,G7_Acetoacetic_Acid,61
32.0,G7_Acetoacetic_Acid,58
32.25,G7_Acetoacetic_Acid,56
32.5,G7_Acetoacetic_Acid,57
32.75,G7_Acetoacetic_Acid,57
33.0,G7_Acetoacetic_Acid,59
33.25,G7_Acetoacetic_Acid,60
33.5,G7_Acetoacetic_Acid,60
33.75,G7_Acetoacetic_Acid,60
34.0,G7_Acetoacetic_Acid,60
34.25,G7_Acetoacetic_Acid,58
34.5,G7_Acetoacetic_Acid,60
34.75,G7_Acetoacetic_Acid,59
35.0,G7_Acetoacetic_Acid,58
35.25,G7_Acetoacetic_Acid,63
35.5,G7_Acetoacetic_Acid,59
35.75,G7_Acetoacetic_Acid,59
36.0,G7_Acetoacetic_Acid,59
36.25,G7_Acetoacetic_Acid,59
36.5,G7_Acetoacetic_Acid,55
36.75,G7_Acetoacetic_Acid,59
37.0,G7_Acetoacetic_Acid,59
37.25,G7_Acetoacetic_Acid,58
37.5,G7_Acetoacetic_Acid,61
37.75,G7_Acetoacetic_Acid,57
38.0,G7_Acetoacetic_Acid,59
38.25,G7_Acetoacetic_Acid,56
38.5,G7_Acetoacetic_Acid,59
38.75,G7_Acetoacetic_Acid,57
39.0,G7_Acetoacetic_Acid,57
39.25,G7_Acetoacetic_Acid,59
39.5,G7_Acetoacetic_Acid,61
39.75,G7_Acetoacetic_Acid,56
40.0,G7_Acetoacetic_Acid,56
40.25,G7_Acetoacetic_Acid,61
40.5,G7_Acetoacetic_Acid,58
40.75,G7_Acetoacetic_Acid,58
41.0,G7_Acetoacetic_Acid,57
41.25,G7_Acetoacetic_Acid,58
41.5,G7_Acetoacetic_Acid,56
41.75,G7_Acetoacetic_Acid,58
42.0,G7_Acetoacetic_Acid,58
42.25,G7_Acetoacetic_Acid,56
42.5,G7_Acetoacetic_Acid,55
42.75,G7_Acetoacetic_Acid,60
43.0,G7_Acetoacetic_Acid,60
43.25,G7_Acetoacetic_Acid,57
43.5,G7_Acetoacetic_Acid,53
43.75,G7_Acetoacetic_Acid,58
44.0,G7_Acetoacetic_Acid,57
44.25,G7_Acetoacetic_Acid,55
44.5,G7_Acetoacetic_Acid,59
44.75,G7_Acetoacetic_Acid,58
45.0,G7_Acetoacetic_Acid,58
45.25,G7_Acetoacetic_Acid,53
45.5,G7_Acetoacetic_Acid,56
45.75,G7_Acetoacetic_Acid,56
46.0,G7_Acetoacetic_Acid,56
46.25,G7_Acetoacetic_Acid,56
46.5,G7_Acetoacetic_Acid,60
46.75,G7_Acetoacetic_Acid,59
47.0,G7_Acetoacetic_Acid,51
47.25,G7_Acetoacetic_Acid,58
47.5,G7_Acetoacetic_Acid,0
0.0,G8_N-Acetyl-B-D_Mannosamine,14
0.25,G8_N-Acetyl-B-D_Mannosamine,11
0.5,G8_N-Acetyl-B-D_Mannosamine,12
0.75,G8_N-Acetyl-B-D_Mannosamine,12
1.0,G8_N-Acetyl-B-D_Mannosamine,15
1.25,G8_N-Acetyl-B-D_Mannosamine,13
1.5,G8_N-Acetyl-B-D_Mannosamine,16
1.75,G8_N-Acetyl-B-D_Mannosamine,13
2.0,G8_N-Acetyl-B-D_Mannosamine,13
2.25,G8_N-Acetyl-B-D_Mannosamine,15
2.5,G8_N-Acetyl-B-D_Mannosamine,11
2.75,G8_N-Acetyl-B-D_Mannosamine,17
3.0,G8_N-Acetyl-B-D_Mannosamine,15
3.25,G8_N-Acetyl-B-D_Mannosamine,17
3.5,G8_N-Acetyl-B-D_Mannosamine,13
3.75,G8_N-Acetyl-B-D_Mannosamine,14
4.0,G8_N-Acetyl-B-D_Mannosamine,11
4.25,G8_N-Acetyl-B-D_Mannosamine,17
4.5,G8_N-Acetyl-B-D_Mannosamine,14
4.75,G8_N-Acetyl-B-D_Mannosamine,17
5.0,G8_N-Acetyl-B-D_Mannosamine,19
5.25,G8_N-Acetyl-B-D_Mannosamine,22
5.5,G8_N-Acetyl-B-D_Mannosamine,22
5.75,G8_N-Acetyl-B-D_Mannosamine,27
6.0,G8_N-Acetyl-B-D_Mannosamine,23
6.25,G8_N-Acetyl-B-D_Mannosamine,21
6.5,G8_N-Acetyl-B-D_Mannosamine,27
6.75,G8_N-Acetyl-B-D_Mannosamine,24
7.0,G8_N-Acetyl-B-D_Mannosamine,22
7.25,G8_N-Acetyl-B-D_Mannosamine,31
7.5,G8_N-Acetyl-B-D_Mannosamine,29
7.75,G8_N-Acetyl-B-D_Mannosamine,32
8.0,G8_N-Acetyl-B-D_Mannosamine,32
8.25,G8_N-Acetyl-B-D_Mannosamine,34
8.5,G8_N-Acetyl-B-D_Mannosamine,28
8.75,G8_N-Acetyl-B-D_Mannosamine,25
9.0,G8_N-Acetyl-B-D_Mannosamine,31
9.25,G8_N-Acetyl-B-D_Mannosamine,37
9.5,G8_N-Acetyl-B-D_Mannosamine,33
9.75,G8_N-Acetyl-B-D_Mannosamine,32
10.0,G8_N-Acetyl-B-D_Mannosamine,35
10.25,G8_N-Acetyl-B-D_Mannosamine,32
10.5,G8_N-Acetyl-B-D_Mannosamine,33
10.75,G8_N-Acetyl-B-D_Mannosamine,35
11.0,G8_N-Acetyl-B-D_Mannosamine,33
11.25,G8_N-Acetyl-B-D_Mannosamine,33
11.5,G8_N-Acetyl-B-D_Mannosamine,35
11.75,G8_N-Acetyl-B-D_Mannosamine,31
12.0,G8_N-Acetyl-B-D_Mannosamine,33
12.25,G8_N-Acetyl-B-D_Mannosamine,35
12.5,G8_N-Acetyl-B-D_Mannosamine,35
12.75,G8_N-Acetyl-B-D_Mannosamine,35
13.0,G8_N-Acetyl-B-D_Mannosamine,30
13.25,G8_N-Acetyl-B-D_Mannosamine,35
13.5,G8_N-Acetyl-B-D_Mannosamine,34
13.75,G8_N-Acetyl-B-D_Mannosamine,33
14.0,G8_N-Acetyl-B-D_Mannosamine,31
14.25,G8_N-Acetyl-B-D_Mannosamine,37
14.5,G8_N-Acetyl-B-D_Mannosamine,38
14.75,G8_N-Acetyl-B-D_Mannosamine,31
15.0,G8_N-Acetyl-B-D_Mannosamine,34
15.25,G8_N-Acetyl-B-D_Mannosamine,32
15.5,G8_N-Acetyl-B-D_Mannosamine,34
15.75,G8_N-Acetyl-B-D_Mannosamine,32
16.0,G8_N-Acetyl-B-D_Mannosamine,36
16.25,G8_N-Acetyl-B-D_Mannosamine,36
16.5,G8_N-Acetyl-B-D_Mannosamine,33
16.75,G8_N-Acetyl-B-D_Mannosamine,36
17.0,G8_N-Acetyl-B-D_Mannosamine,42
17.25,G8_N-Acetyl-B-D_Mannosamine,38
17.5,G8_N-Acetyl-B-D_Mannosamine,36
17.75,G8_N-Acetyl-B-D_Mannosamine,36
18.0,G8_N-Acetyl-B-D_Mannosamine,40
18.25,G8_N-Acetyl-B-D_Mannosamine,43
18.5,G8_N-Acetyl-B-D_Mannosamine,35
18.75,G8_N-Acetyl-B-D_Mannosamine,39
19.0,G8_N-Acetyl-B-D_Mannosamine,40
19.25,G8_N-Acetyl-B-D_Mannosamine,40
19.5,G8_N-Acetyl-B-D_Mannosamine,38
19.75,G8_N-Acetyl-B-D_Mannosamine,36
20.0,G8_N-Acetyl-B-D_Mannosamine,41
20.25,G8_N-Acetyl-B-D_Mannosamine,42
20.5,G8_N-Acetyl-B-D_Mannosamine,40
20.75,G8_N-Acetyl-B-D_Mannosamine,39
21.0,G8_N-Acetyl-B-D_Mannosamine,41
21.25,G8_N-Acetyl-B-D_Mannosamine,39
21.5,G8_N-Acetyl-B-D_Mannosamine,36
21.75,G8_N-Acetyl-B-D_Mannosamine,40
22.0,G8_N-Acetyl-B-D_Mannosamine,36
22.25,G8_N-Acetyl-B-D_Mannosamine,40
22.5,G8_N-Acetyl-B-D_Mannosamine,38
22.75,G8_N-Acetyl-B-D_Mannosamine,40
23.0,G8_N-Acetyl-B-D_Mannosamine,41
23.25,G8_N-Acetyl-B-D_Mannosamine,34
23.5,G8_N-Acetyl-B-D_Mannosamine,40
23.75,G8_N-Acetyl-B-D_Mannosamine,42
24.0,G8_N-Acetyl-B-D_Mannosamine,39
24.25,G8_N-Acetyl-B-D_Mannosamine,40
24.5,G8_N-Acetyl-B-D_Mannosamine,39
24.75,G8_N-Acetyl-B-D_Mannosamine,40
25.0,G8_N-Acetyl-B-D_Mannosamine,38
25.25,G8_N-Acetyl-B-D_Mannosamine,41
25.5,G8_N-Acetyl-B-D_Mannosamine,41
25.75,G8_N-Acetyl-B-D_Mannosamine,38
26.0,G8_N-Acetyl-B-D_Mannosamine,40
26.25,G8_N-Acetyl-B-D_Mannosamine,42
26.5,G8_N-Acetyl-B-D_Mannosamine,37
26.75,G8_N-Acetyl-B-D_Mannosamine,45
27.0,G8_N-Acetyl-B-D_Mannosamine,44
27.25,G8_N-Acetyl-B-D_Mannosamine,40
27.5,G8_N-Acetyl-B-D_Mannosamine,38
27.75,G8_N-Acetyl-B-D_Mannosamine,39
28.0,G8_N-Acetyl-B-D_Mannosamine,38
28.25,G8_N-Acetyl-B-D_Mannosamine,40
28.5,G8_N-Acetyl-B-D_Mannosamine,43
28.75,G8_N-Acetyl-B-D_Mannosamine,37
29.0,G8_N-Acetyl-B-D_Mannosamine,41
29.25,G8_N-Acetyl-B-D_Mannosamine,40
29.5,G8_N-Acetyl-B-D_Mannosamine,36
29.75,G8_N-Acetyl-B-D_Mannosamine,38
30.0,G8_N-Acetyl-B-D_Mannosamine,40
30.25,G8_N-Acetyl-B-D_Mannosamine,42
30.5,G8_N-Acetyl-B-D_Mannosamine,41
30.75,G8_N-Acetyl-B-D_Mannosamine,39
31.0,G8_N-Acetyl-B-D_Mannosamine,43
31.25,G8_N-Acetyl-B-D_Mannosamine,37
31.5,G8_N-Acetyl-B-D_Mannosamine,39
31.75,G8_N-Acetyl-B-D_Mannosamine,40
32.0,G8_N-Acetyl-B-D_Mannosamine,39
32.25,G8_N-Acetyl-B-D_Mannosamine,40
32.5,G8_N-Acetyl-B-D_Mannosamine,42
32.75,G8_N-Acetyl-B-D_Mannosamine,39
33.0,G8_N-Acetyl-B-D_Mannosamine,38
33.25,G8_N-Acetyl-B-D_Mannosamine,38
33.5,G8_N-Acetyl-B-D_Mannosamine,37
33.75,G8_N-Acetyl-B-D_Mannosamine,39
34.0,G8_N-Acetyl-B-D_Mannosamine,36
34.25,G8_N-Acetyl-B-D_Mannosamine,39
34.5,G8_N-Acetyl-B-D_Mannosamine,38
34.75,G8_N-Acetyl-B-D_Mannosamine,44
35.0,G8_N-Acetyl-B-D_Mannosamine,38
35.25,G8_N-Acetyl-B-D_Mannosamine,36
35.5,G8_N-Acetyl-B-D_Mannosamine,40
35.75,G8_N-Acetyl-B-D_Mannosamine,40
36.0,G8_N-Acetyl-B-D_Mannosamine,39
36.25,G8_N-Acetyl-B-D_Mannosamine,42
36.5,G8_N-Acetyl-B-D_Mannosamine,41
36.75,G8_N-Acetyl-B-D_Mannosamine,38
37.0,G8_N-Acetyl-B-D_Mannosamine,40
37.25,G8_N-Acetyl-B-D_Mannosamine,41
37.5,G8_N-Acetyl-B-D_Mannosamine,36
37.75,G8_N-Acetyl-B-D_Mannosamine,42
38.0,G8_N-Acetyl-B-D_Mannosamine,42
38.25,G8_N-Acetyl-B-D_Mannosamine,40
38.5,G8_N-Acetyl-B-D_Mannosamine,43
38.75,G8_N-Acetyl-B-D_Mannosamine,42
39.0,G8_N-Acetyl-B-D_Mannosamine,43
39.25,G8_N-Acetyl-B-D_Mannosamine,39
39.5,G8_N-Acetyl-B-D_Mannosamine,40
39.75,G8_N-Acetyl-B-D_Mannosamine,41
40.0,G8_N-Acetyl-B-D_Mannosamine,39
40.25,G8_N-Acetyl-B-D_Mannosamine,44
40.5,G8_N-Acetyl-B-D_Mannosamine,40
40.75,G8_N-Acetyl-B-D_Mannosamine,40
41.0,G8_N-Acetyl-B-D_Mannosamine,37
41.25,G8_N-Acetyl-B-D_Mannosamine,38
41.5,G8_N-Acetyl-B-D_Mannosamine,38
41.75,G8_N-Acetyl-B-D_Mannosamine,37
42.0,G8_N-Acetyl-B-D_Mannosamine,39
42.25,G8_N-Acetyl-B-D_Mannosamine,38
42.5,G8_N-Acetyl-B-D_Mannosamine,41
42.75,G8_N-Acetyl-B-D_Mannosamine,40
43.0,G8_N-Acetyl-B-D_Mannosamine,42
43.25,G8_N-Acetyl-B-D_Mannosamine,43
43.5,G8_N-Acetyl-B-D_Mannosamine,39
43.75,G8_N-Acetyl-B-D_Mannosamine,42
44.0,G8_N-Acetyl-B-D_Mannosamine,42
44.25,G8_N-Acetyl-B-D_Mannosamine,42
44.5,G8_N-Acetyl-B-D_Mannosamine,42
44.75,G8_N-Acetyl-B-D_Mannosamine,40
45.0,G8_N-Acetyl-B-D_Mannosamine,40
45.25,G8_N-Acetyl-B-D_Mannosamine,43
45.5,G8_N-Acetyl-B-D_Mannosamine,37
45.75,G8_N-Acetyl-B-D_Mannosamine,44
46.0,G8_N-Acetyl-B-D_Mannosamine,39
46.25,G8_N-Acetyl-B-D_Mannosamine,39
46.5,G8_N-Acetyl-B-D_Mannosamine,41
46.75,G8_N-Acetyl-B-D_Mannosamine,44
47.0,G8_N-Acetyl-B-D_Mannosamine,42
47.25,G8_N-Acetyl-B-D_Mannosamine,42
47.5,G8_N-Acetyl-B-D_Mannosamine,0
0.0,G9_Mono_Methyl_Succinate,11
0.25,G9_Mono_Methyl_Succinate,25
0.5,G9_Mono_Methyl_Succinate,32
0.75,G9_Mono_Methyl_Succinate,31
1.0,G9_Mono_Methyl_Succinate,31
1.25,G9_Mono_Methyl_Succinate,29
1.5,G9_Mono_Methyl_Succinate,27
1.75,G9_Mono_Methyl_Succinate,28
2.0,G9_Mono_Methyl_Succinate,30
2.25,G9_Mono_Methyl_Succinate,24
2.5,G9_Mono_Methyl_Succinate,24
2.75,G9_Mono_Methyl_Succinate,19
3.0,G9_Mono_Methyl_Succinate,21
3.25,G9_Mono_Methyl_Succinate,21
3.5,G9_Mono_Methyl_Succinate,17
3.75,G9_Mono_Methyl_Succinate,21
4.0,G9_Mono_Methyl_Succinate,17
4.25,G9_Mono_Methyl_Succinate,24
4.5,G9_Mono_Methyl_Succinate,20
4.75,G9_Mono_Methyl_Succinate,18
5.0,G9_Mono_Methyl_Succinate,20
5.25,G9_Mono_Methyl_Succinate,21
5.5,G9_Mono_Methyl_Succinate,22
5.75,G9_Mono_Methyl_Succinate,23
6.0,G9_Mono_Methyl_Succinate,26
6.25,G9_Mono_Methyl_Succinate,28
6.5,G9_Mono_Methyl_Succinate,33
6.75,G9_Mono_Methyl_Succinate,32
7.0,G9_Mono_Methyl_Succinate,34
7.25,G9_Mono_Methyl_Succinate,37
7.5,G9_Mono_Methyl_Succinate,42
7.75,G9_Mono_Methyl_Succinate,49
8.0,G9_Mono_Methyl_Succinate,55
8.25,G9_Mono_Methyl_Succinate,52
8.5,G9_Mono_Methyl_Succinate,54
8.75,G9_Mono_Methyl_Succinate,57
9.0,G9_Mono_Methyl_Succinate,57
9.25,G9_Mono_Methyl_Succinate,63
9.5,G9_Mono_Methyl_Succinate,62
9.75,G9_Mono_Methyl_Succinate,64
10.0,G9_Mono_Methyl_Succinate,64
10.25,G9_Mono_Methyl_Succinate,64
10.5,G9_Mono_Methyl_Succinate,67
10.75,G9_Mono_Methyl_Succinate,72
11.0,G9_Mono_Methyl_Succinate,68
11.25,G9_Mono_Methyl_Succinate,68
11.5,G9_Mono_Methyl_Succinate,70
11.75,G9_Mono_Methyl_Succinate,74
12.0,G9_Mono_Methyl_Succinate,71
12.25,G9_Mono_Methyl_Succinate,71
12.5,G9_Mono_Methyl_Succinate,68
12.75,G9_Mono_Methyl_Succinate,71
13.0,G9_Mono_Methyl_Succinate,69
13.25,G9_Mono_Methyl_Succinate,67
13.5,G9_Mono_Methyl_Succinate,68
13.75,G9_Mono_Methyl_Succinate,72
14.0,G9_Mono_Methyl_Succinate,76
14.25,G9_Mono_Methyl_Succinate,69
14.5,G9_Mono_Methyl_Succinate,68
14.75,G9_Mono_Methyl_Succinate,69
15.0,G9_Mono_Methyl_Succinate,71
15.25,G9_Mono_Methyl_Succinate,72
15.5,G9_Mono_Methyl_Succinate,71
15.75,G9_Mono_Methyl_Succinate,71
16.0,G9_Mono_Methyl_Succinate,73
16.25,G9_Mono_Methyl_Succinate,73
16.5,G9_Mono_Methyl_Succinate,74
16.75,G9_Mono_Methyl_Succinate,71
17.0,G9_Mono_Methyl_Succinate,74
17.25,G9_Mono_Methyl_Succinate,82
17.5,G9_Mono_Methyl_Succinate,80
17.75,G9_Mono_Methyl_Succinate,76
18.0,G9_Mono_Methyl_Succinate,76
18.25,G9_Mono_Methyl_Succinate,74
18.5,G9_Mono_Methyl_Succinate,77
18.75,G9_Mono_Methyl_Succinate,78
19.0,G9_Mono_Methyl_Succinate,78
19.25,G9_Mono_Methyl_Succinate,79
19.5,G9_Mono_Methyl_Succinate,77
19.75,G9_Mono_Methyl_Succinate,74
20.0,G9_Mono_Methyl_Succinate,78
20.25,G9_Mono_Methyl_Succinate,79
20.5,G9_Mono_Methyl_Succinate,82
20.75,G9_Mono_Methyl_Succinate,78
21.0,G9_Mono_Methyl_Succinate,79
21.25,G9_Mono_Methyl_Succinate,80
21.5,G9_Mono_Methyl_Succinate,76
21.75,G9_Mono_Methyl_Succinate,79
22.0,G9_Mono_Methyl_Succinate,81
22.25,G9_Mono_Methyl_Succinate,78
22.5,G9_Mono_Methyl_Succinate,80
22.75,G9_Mono_Methyl_Succinate,80
23.0,G9_Mono_Methyl_Succinate,81
23.25,G9_Mono_Methyl_Succinate,80
23.5,G9_Mono_Methyl_Succinate,84
23.75,G9_Mono_Methyl_Succinate,84
24.0,G9_Mono_Methyl_Succinate,80
24.25,G9_Mono_Methyl_Succinate,92
24.5,G9_Mono_Methyl_Succinate,77
24.75,G9_Mono_Methyl_Succinate,84
25.0,G9_Mono_Methyl_Succinate,81
25.25,G9_Mono_Methyl_Succinate,83
25.5,G9_Mono_Methyl_Succinate,84
25.75,G9_Mono_Methyl_Succinate,87
26.0,G9_Mono_Methyl_Succinate,84
26.25,G9_Mono_Methyl_Succinate,85
26.5,G9_Mono_Methyl_Succinate,81
26.75,G9_Mono_Methyl_Succinate,81
27.0,G9_Mono_Methyl_Succinate,80
27.25,G9_Mono_Methyl_Succinate,85
27.5,G9_Mono_Methyl_Succinate,84
27.75,G9_Mono_Methyl_Succinate,86
28.0,G9_Mono_Methyl_Succinate,87
28.25,G9_Mono_Methyl_Succinate,87
28.5,G9_Mono_Methyl_Succinate,87
28.75,G9_Mono_Methyl_Succinate,83
29.0,G9_Mono_Methyl_Succinate,89
29.25,G9_Mono_Methyl_Succinate,83
29.5,G9_Mono_Methyl_Succinate,86
29.75,G9_Mono_Methyl_Succinate,89
30.0,G9_Mono_Methyl_Succinate,87
30.25,G9_Mono_Methyl_Succinate,90
30.5,G9_Mono_Methyl_Succinate,92
30.75,G9_Mono_Methyl_Succinate,89
31.0,G9_Mono_Methyl_Succinate,88
31.25,G9_Mono_Methyl_Succinate,86
31.5,G9_Mono_Methyl_Succinate,88
31.75,G9_Mono_Methyl_Succinate,88
32.0,G9_Mono_Methyl_Succinate,91
32.25,G9_Mono_Methyl_Succinate,92
32.5,G9_Mono_Methyl_Succinate,93
32.75,G9_Mono_Methyl_Succinate,89
33.0,G9_Mono_Methyl_Succinate,91
33.25,G9_Mono_Methyl_Succinate,89
33.5,G9_Mono_Methyl_Succinate,90
33.75,G9_Mono_Methyl_Succinate,91
34.0,G9_Mono_Methyl_Succinate,90
34.25,G9_Mono_Methyl_Succinate,89
34.5,G9_Mono_Methyl_Succinate,94
34.75,G9_Mono_Methyl_Succinate,94
35.0,G9_Mono_Methyl_Succinate,90
35.25,G9_Mono_Methyl_Succinate,95
35.5,G9_Mono_Methyl_Succinate,95
35.75,G9_Mono_Methyl_Succinate,95
36.0,G9_Mono_Methyl_Succinate,98
36.25,G9_Mono_Methyl_Succinate,97
36.5,G9_Mono_Methyl_Succinate,97
36.75,G9_Mono_Methyl_Succinate,98
37.0,G9_Mono_Methyl_Succinate,106
37.25,G9_Mono_Methyl_Succinate,105
37.5,G9_Mono_Methyl_Succinate,109
37.75,G9_Mono_Methyl_Succinate,113
38.0,G9_Mono_Methyl_Succinate,109
38.25,G9_Mono_Methyl_Succinate,115
38.5,G9_Mono_Methyl_Succinate,115
38.75,G9_Mono_Methyl_Succinate,118
39.0,G9_Mono_Methyl_Succinate,116
39.25,G9_Mono_Methyl_Succinate,121
39.5,G9_Mono_Methyl_Succinate,124
39.75,G9_Mono_Methyl_Succinate,124
40.0,G9_Mono_Methyl_Succinate,124
40.25,G9_Mono_Methyl_Succinate,127
40.5,G9_Mono_Methyl_Succinate,133
40.75,G9_Mono_Methyl_Succinate,131
41.0,G9_Mono_Methyl_Succinate,139
41.25,G9_Mono_Methyl_Succinate,136
41.5,G9_Mono_Methyl_Succinate,143
41.75,G9_Mono_Methyl_Succinate,142
42.0,G9_Mono_Methyl_Succinate,145
42.25,G9_Mono_Methyl_Succinate,146
42.5,G9_Mono_Methyl_Succinate,145
42.75,G9_Mono_Methyl_Succinate,152
43.0,G9_Mono_Methyl_Succinate,152
43.25,G9_Mono_Methyl_Succinate,159
43.5,G9_Mono_Methyl_Succinate,159
43.75,G9_Mono_Methyl_Succinate,163
44.0,G9_Mono_Methyl_Succinate,165
44.25,G9_Mono_Methyl_Succinate,168
44.5,G9_Mono_Methyl_Succinate,171
44.75,G9_Mono_Methyl_Succinate,174
45.0,G9_Mono_Methyl_Succinate,176
45.25,G9_Mono_Methyl_Succinate,180
45.5,G9_Mono_Methyl_Succinate,183
45.75,G9_Mono_Methyl_Succinate,191
46.0,G9_Mono_Methyl_Succinate,188
46.25,G9_Mono_Methyl_Succinate,189
46.5,G9_Mono_Methyl_Succinate,197
46.75,G9_Mono_Methyl_Succinate,199
47.0,G9_Mono_Methyl_Succinate,204
47.25,G9_Mono_Methyl_Succinate,204
47.5,G9_Mono_Methyl_Succinate,0
0.0,G10_Methyl_Pyruvate,18
0.25,G10_Methyl_Pyruvate,13
0.5,G10_Methyl_Pyruvate,11
0.75,G10_Methyl_Pyruvate,13
1.0,G10_Methyl_Pyruvate,15
1.25,G10_Methyl_Pyruvate,13
1.5,G10_Methyl_Pyruvate,11
1.75,G10_Methyl_Pyruvate,11
2.0,G10_Methyl_Pyruvate,18
2.25,G10_Methyl_Pyruvate,17
2.5,G10_Methyl_Pyruvate,18
2.75,G10_Methyl_Pyruvate,14
3.0,G10_Methyl_Pyruvate,18
3.25,G10_Methyl_Pyruvate,18
3.5,G10_Methyl_Pyruvate,13
3.75,G10_Methyl_Pyruvate,16
4.0,G10_Methyl_Pyruvate,14
4.25,G10_Methyl_Pyruvate,21
4.5,G10_Methyl_Pyruvate,20
4.75,G10_Methyl_Pyruvate,19
5.0,G10_Methyl_Pyruvate,23
5.25,G10_Methyl_Pyruvate,26
5.5,G10_Methyl_Pyruvate,25
5.75,G10_Methyl_Pyruvate,22
6.0,G10_Methyl_Pyruvate,27
6.25,G10_Methyl_Pyruvate,29
6.5,G10_Methyl_Pyruvate,28
6.75,G10_Methyl_Pyruvate,38
7.0,G10_Methyl_Pyruvate,32
7.25,G10_Methyl_Pyruvate,31
7.5,G10_Methyl_Pyruvate,34
7.75,G10_Methyl_Pyruvate,40
8.0,G10_Methyl_Pyruvate,42
8.25,G10_Methyl_Pyruvate,42
8.5,G10_Methyl_Pyruvate,39
8.75,G10_Methyl_Pyruvate,33
9.0,G10_Methyl_Pyruvate,38
9.25,G10_Methyl_Pyruvate,40
9.5,G10_Methyl_Pyruvate,38
9.75,G10_Methyl_Pyruvate,36
10.0,G10_Methyl_Pyruvate,42
10.25,G10_Methyl_Pyruvate,42
10.5,G10_Methyl_Pyruvate,46
10.75,G10_Methyl_Pyruvate,44
11.0,G10_Methyl_Pyruvate,40
11.25,G10_Methyl_Pyruvate,46
11.5,G10_Methyl_Pyruvate,45
11.75,G10_Methyl_Pyruvate,48
12.0,G10_Methyl_Pyruvate,45
12.25,G10_Methyl_Pyruvate,50
12.5,G10_Methyl_Pyruvate,48
12.75,G10_Methyl_Pyruvate,54
13.0,G10_Methyl_Pyruvate,51
13.25,G10_Methyl_Pyruvate,54
13.5,G10_Methyl_Pyruvate,61
13.75,G10_Methyl_Pyruvate,59
14.0,G10_Methyl_Pyruvate,59
14.25,G10_Methyl_Pyruvate,63
14.5,G10_Methyl_Pyruvate,64
14.75,G10_Methyl_Pyruvate,62
15.0,G10_Methyl_Pyruvate,68
15.25,G10_Methyl_Pyruvate,70
15.5,G10_Methyl_Pyruvate,78
15.75,G10_Methyl_Pyruvate,75
16.0,G10_Methyl_Pyruvate,77
16.25,G10_Methyl_Pyruvate,81
16.5,G10_Methyl_Pyruvate,85
16.75,G10_Methyl_Pyruvate,83
17.0,G10_Methyl_Pyruvate,86
17.25,G10_Methyl_Pyruvate,87
17.5,G10_Methyl_Pyruvate,95
17.75,G10_Methyl_Pyruvate,98
18.0,G10_Methyl_Pyruvate,99
18.25,G10_Methyl_Pyruvate,100
18.5,G10_Methyl_Pyruvate,100
18.75,G10_Methyl_Pyruvate,105
19.0,G10_Methyl_Pyruvate,105
19.25,G10_Methyl_Pyruvate,109
19.5,G10_Methyl_Pyruvate,110
19.75,G10_Methyl_Pyruvate,113
20.0,G10_Methyl_Pyruvate,117
20.25,G10_Methyl_Pyruvate,119
20.5,G10_Methyl_Pyruvate,125
20.75,G10_Methyl_Pyruvate,124
21.0,G10_Methyl_Pyruvate,125
21.25,G10_Methyl_Pyruvate,128
21.5,G10_Methyl_Pyruvate,131
21.75,G10_Methyl_Pyruvate,128
22.0,G10_Methyl_Pyruvate,134
22.25,G10_Methyl_Pyruvate,138
22.5,G10_Methyl_Pyruvate,137
22.75,G10_Methyl_Pyruvate,140
23.0,G10_Methyl_Pyruvate,144
23.25,G10_Methyl_Pyruvate,144
23.5,G10_Methyl_Pyruvate,148
23.75,G10_Methyl_Pyruvate,150
24.0,G10_Methyl_Pyruvate,154
24.25,G10_Methyl_Pyruvate,157
24.5,G10_Methyl_Pyruvate,158
24.75,G10_Methyl_Pyruvate,159
25.0,G10_Methyl_Pyruvate,158
25.25,G10_Methyl_Pyruvate,162
25.5,G10_Methyl_Pyruvate,165
25.75,G10_Methyl_Pyruvate,158
26.0,G10_Methyl_Pyruvate,163
26.25,G10_Methyl_Pyruvate,162
26.5,G10_Methyl_Pyruvate,157
26.75,G10_Methyl_Pyruvate,153
27.0,G10_Methyl_Pyruvate,149
27.25,G10_Methyl_Pyruvate,154
27.5,G10_Methyl_Pyruvate,156
27.75,G10_Methyl_Pyruvate,151
28.0,G10_Methyl_Pyruvate,154
28.25,G10_Methyl_Pyruvate,154
28.5,G10_Methyl_Pyruvate,152
28.75,G10_Methyl_Pyruvate,150
29.0,G10_Methyl_Pyruvate,153
29.25,G10_Methyl_Pyruvate,150
29.5,G10_Methyl_Pyruvate,150
29.75,G10_Methyl_Pyruvate,153
30.0,G10_Methyl_Pyruvate,151
30.25,G10_Methyl_Pyruvate,153
30.5,G10_Methyl_Pyruvate,154
30.75,G10_Methyl_Pyruvate,148
31.0,G10_Methyl_Pyruvate,150
31.25,G10_Methyl_Pyruvate,152
31.5,G10_Methyl_Pyruvate,148
31.75,G10_Methyl_Pyruvate,153
32.0,G10_Methyl_Pyruvate,151
32.25,G10_Methyl_Pyruvate,149
32.5,G10_Methyl_Pyruvate,150
32.75,G10_Methyl_Pyruvate,151
33.0,G10_Methyl_Pyruvate,152
33.25,G10_Methyl_Pyruvate,149
33.5,G10_Methyl_Pyruvate,154
33.75,G10_Methyl_Pyruvate,151
34.0,G10_Methyl_Pyruvate,152
34.25,G10_Methyl_Pyruvate,150
34.5,G10_Methyl_Pyruvate,149
34.75,G10_Methyl_Pyruvate,147
35.0,G10_Methyl_Pyruvate,152
35.25,G10_Methyl_Pyruvate,152
35.5,G10_Methyl_Pyruvate,149
35.75,G10_Methyl_Pyruvate,147
36.0,G10_Methyl_Pyruvate,149
36.25,G10_Methyl_Pyruvate,150
36.5,G10_Methyl_Pyruvate,153
36.75,G10_Methyl_Pyruvate,151
37.0,G10_Methyl_Pyruvate,148
37.25,G10_Methyl_Pyruvate,150
37.5,G10_Methyl_Pyruvate,150
37.75,G10_Methyl_Pyruvate,151
38.0,G10_Methyl_Pyruvate,149
38.25,G10_Methyl_Pyruvate,150
38.5,G10_Methyl_Pyruvate,151
38.75,G10_Methyl_Pyruvate,150
39.0,G10_Methyl_Pyruvate,148
39.25,G10_Methyl_Pyruvate,147
39.5,G10_Methyl_Pyruvate,152
39.75,G10_Methyl_Pyruvate,154
40.0,G10_Methyl_Pyruvate,154
40.25,G10_Methyl_Pyruvate,153
40.5,G10_Methyl_Pyruvate,151
40.75,G10_Methyl_Pyruvate,152
41.0,G10_Methyl_Pyruvate,148
41.25,G10_Methyl_Pyruvate,154
41.5,G10_Methyl_Pyruvate,152
41.75,G10_Methyl_Pyruvate,153
42.0,G10_Methyl_Pyruvate,153
42.25,G10_Methyl_Pyruvate,154
42.5,G10_Methyl_Pyruvate,149
42.75,G10_Methyl_Pyruvate,153
43.0,G10_Methyl_Pyruvate,152
43.25,G10_Methyl_Pyruvate,153
43.5,G10_Methyl_Pyruvate,150
43.75,G10_Methyl_Pyruvate,152
44.0,G10_Methyl_Pyruvate,154
44.25,G10_Methyl_Pyruvate,151
44.5,G10_Methyl_Pyruvate,153
44.75,G10_Methyl_Pyruvate,151
45.0,G10_Methyl_Pyruvate,153
45.25,G10_Methyl_Pyruvate,150
45.5,G10_Methyl_Pyruvate,150
45.75,G10_Methyl_Pyruvate,153
46.0,G10_Methyl_Pyruvate,154
46.25,G10_Methyl_Pyruvate,153
46.5,G10_Methyl_Pyruvate,154
46.75,G10_Methyl_Pyruvate,154
47.0,G10_Methyl_Pyruvate,155
47.25,G10_Methyl_Pyruvate,151
47.5,G10_Methyl_Pyruvate,0
0.0,G11_D-Malic_Acid,19
0.25,G11_D-Malic_Acid,20
0.5,G11_D-Malic_Acid,22
0.75,G11_D-Malic_Acid,21
1.0,G11_D-Malic_Acid,19
1.25,G11_D-Malic_Acid,16
1.5,G11_D-Malic_Acid,18
1.75,G11_D-Malic_Acid,23
2.0,G11_D-Malic_Acid,23
2.25,G11_D-Malic_Acid,20
2.5,G11_D-Malic_Acid,22
2.75,G11_D-Malic_Acid,18
3.0,G11_D-Malic_Acid,20
3.25,G11_D-Malic_Acid,22
3.5,G11_D-Malic_Acid,20
3.75,G11_D-Malic_Acid,19
4.0,G11_D-Malic_Acid,15
4.25,G11_D-Malic_Acid,25
4.5,G11_D-Malic_Acid,20
4.75,G11_D-Malic_Acid,21
5.0,G11_D-Malic_Acid,17
5.25,G11_D-Malic_Acid,23
5.5,G11_D-Malic_Acid,24
5.75,G11_D-Malic_Acid,27
6.0,G11_D-Malic_Acid,26
6.25,G11_D-Malic_Acid,26
6.5,G11_D-Malic_Acid,32
6.75,G11_D-Malic_Acid,28
7.0,G11_D-Malic_Acid,26
7.25,G11_D-Malic_Acid,29
7.5,G11_D-Malic_Acid,29
7.75,G11_D-Malic_Acid,37
8.0,G11_D-Malic_Acid,35
8.25,G11_D-Malic_Acid,35
8.5,G11_D-Malic_Acid,29
8.75,G11_D-Malic_Acid,30
9.0,G11_D-Malic_Acid,29
9.25,G11_D-Malic_Acid,32
9.5,G11_D-Malic_Acid,34
9.75,G11_D-Malic_Acid,33
10.0,G11_D-Malic_Acid,35
10.25,G11_D-Malic_Acid,36
10.5,G11_D-Malic_Acid,43
10.75,G11_D-Malic_Acid,38
11.0,G11_D-Malic_Acid,38
11.25,G11_D-Malic_Acid,42
11.5,G11_D-Malic_Acid,39
11.75,G11_D-Malic_Acid,41
12.0,G11_D-Malic_Acid,36
12.25,G11_D-Malic_Acid,42
12.5,G11_D-Malic_Acid,41
12.75,G11_D-Malic_Acid,42
13.0,G11_D-Malic_Acid,41
13.25,G11_D-Malic_Acid,43
13.5,G11_D-Malic_Acid,48
13.75,G11_D-Malic_Acid,43
14.0,G11_D-Malic_Acid,41
14.25,G11_D-Malic_Acid,42
14.5,G11_D-Malic_Acid,42
14.75,G11_D-Malic_Acid,51
15.0,G11_D-Malic_Acid,46
15.25,G11_D-Malic_Acid,45
15.5,G11_D-Malic_Acid,47
15.75,G11_D-Malic_Acid,44
16.0,G11_D-Malic_Acid,44
16.25,G11_D-Malic_Acid,48
16.5,G11_D-Malic_Acid,47
16.75,G11_D-Malic_Acid,51
17.0,G11_D-Malic_Acid,46
17.25,G11_D-Malic_Acid,54
17.5,G11_D-Malic_Acid,47
17.75,G11_D-Malic_Acid,49
18.0,G11_D-Malic_Acid,53
18.25,G11_D-Malic_Acid,50
18.5,G11_D-Malic_Acid,55
18.75,G11_D-Malic_Acid,51
19.0,G11_D-Malic_Acid,57
19.25,G11_D-Malic_Acid,55
19.5,G11_D-Malic_Acid,51
19.75,G11_D-Malic_Acid,56
20.0,G11_D-Malic_Acid,57
20.25,G11_D-Malic_Acid,57
20.5,G11_D-Malic_Acid,56
20.75,G11_D-Malic_Acid,57
21.0,G11_D-Malic_Acid,56
21.25,G11_D-Malic_Acid,56
21.5,G11_D-Malic_Acid,56
21.75,G11_D-Malic_Acid,55
22.0,G11_D-Malic_Acid,62
22.25,G11_D-Malic_Acid,57
22.5,G11_D-Malic_Acid,63
22.75,G11_D-Malic_Acid,58
23.0,G11_D-Malic_Acid,58
23.25,G11_D-Malic_Acid,59
23.5,G11_D-Malic_Acid,63
23.75,G11_D-Malic_Acid,65
24.0,G11_D-Malic_Acid,63
24.25,G11_D-Malic_Acid,65
24.5,G11_D-Malic_Acid,60
24.75,G11_D-Malic_Acid,66
25.0,G11_D-Malic_Acid,64
25.25,G11_D-Malic_Acid,69
25.5,G11_D-Malic_Acid,66
25.75,G11_D-Malic_Acid,68
26.0,G11_D-Malic_Acid,67
26.25,G11_D-Malic_Acid,69
26.5,G11_D-Malic_Acid,65
26.75,G11_D-Malic_Acid,67
27.0,G11_D-Malic_Acid,66
27.25,G11_D-Malic_Acid,71
27.5,G11_D-Malic_Acid,70
27.75,G11_D-Malic_Acid,69
28.0,G11_D-Malic_Acid,71
28.25,G11_D-Malic_Acid,70
28.5,G11_D-Malic_Acid,73
28.75,G11_D-Malic_Acid,73
29.0,G11_D-Malic_Acid,72
29.25,G11_D-Malic_Acid,76
29.5,G11_D-Malic_Acid,74
29.75,G11_D-Malic_Acid,74
30.0,G11_D-Malic_Acid,75
30.25,G11_D-Malic_Acid,75
30.5,G11_D-Malic_Acid,74
30.75,G11_D-Malic_Acid,76
31.0,G11_D-Malic_Acid,79
31.25,G11_D-Malic_Acid,76
31.5,G11_D-Malic_Acid,76
31.75,G11_D-Malic_Acid,73
32.0,G11_D-Malic_Acid,81
32.25,G11_D-Malic_Acid,81
32.5,G11_D-Malic_Acid,83
32.75,G11_D-Malic_Acid,81
33.0,G11_D-Malic_Acid,80
33.25,G11_D-Malic_Acid,83
33.5,G11_D-Malic_Acid,79
33.75,G11_D-Malic_Acid,78
34.0,G11_D-Malic_Acid,82
34.25,G11_D-Malic_Acid,82
34.5,G11_D-Malic_Acid,82
34.75,G11_D-Malic_Acid,80
35.0,G11_D-Malic_Acid,86
35.25,G11_D-Malic_Acid,85
35.5,G11_D-Malic_Acid,88
35.75,G11_D-Malic_Acid,86
36.0,G11_D-Malic_Acid,85
36.25,G11_D-Malic_Acid,83
36.5,G11_D-Malic_Acid,89
36.75,G11_D-Malic_Acid,88
37.0,G11_D-Malic_Acid,87
37.25,G11_D-Malic_Acid,88
37.5,G11_D-Malic_Acid,88
37.75,G11_D-Malic_Acid,90
38.0,G11_D-Malic_Acid,90
38.25,G11_D-Malic_Acid,90
38.5,G11_D-Malic_Acid,93
38.75,G11_D-Malic_Acid,92
39.0,G11_D-Malic_Acid,87
39.25,G11_D-Malic_Acid,94
39.5,G11_D-Malic_Acid,91
39.75,G11_D-Malic_Acid,96
40.0,G11_D-Malic_Acid,93
40.25,G11_D-Malic_Acid,95
40.5,G11_D-Malic_Acid,94
40.75,G11_D-Malic_Acid,95
41.0,G11_D-Malic_Acid,94
41.25,G11_D-Malic_Acid,94
41.5,G11_D-Malic_Acid,99
41.75,G11_D-Malic_Acid,93
42.0,G11_D-Malic_Acid,94
42.25,G11_D-Malic_Acid,96
42.5,G11_D-Malic_Acid,98
42.75,G11_D-Malic_Acid,97
43.0,G11_D-Malic_Acid,98
43.25,G11_D-Malic_Acid,98
43.5,G11_D-Malic_Acid,99
43.75,G11_D-Malic_Acid,97
44.0,G11_D-Malic_Acid,102
44.25,G11_D-Malic_Acid,103
44.5,G11_D-Malic_Acid,98
44.75,G11_D-Malic_Acid,98
45.0,G11_D-Malic_Acid,98
45.25,G11_D-Malic_Acid,105
45.5,G11_D-Malic_Acid,103
45.75,G11_D-Malic_Acid,100
46.0,G11_D-Malic_Acid,106
46.25,G11_D-Malic_Acid,107
46.5,G11_D-Malic_Acid,104
46.75,G11_D-Malic_Acid,108
47.0,G11_D-Malic_Acid,110
47.25,G11_D-Malic_Acid,107
47.5,G11_D-Malic_Acid,0
0.0,G12_L-Malic_Acid,63
0.25,G12_L-Malic_Acid,38
0.5,G12_L-Malic_Acid,23
0.75,G12_L-Malic_Acid,28
1.0,G12_L-Malic_Acid,28
1.25,G12_L-Malic_Acid,27
1.5,G12_L-Malic_Acid,30
1.75,G12_L-Malic_Acid,28
2.0,G12_L-Malic_Acid,29
2.25,G12_L-Malic_Acid,28
2.5,G12_L-Malic_Acid,28
2.75,G12_L-Malic_Acid,25
3.0,G12_L-Malic_Acid,29
3.25,G12_L-Malic_Acid,30
3.5,G12_L-Malic_Acid,29
3.75,G12_L-Malic_Acid,33
4.0,G12_L-Malic_Acid,29
4.25,G12_L-Malic_Acid,34
4.5,G12_L-Malic_Acid,33
4.75,G12_L-Malic_Acid,33
5.0,G12_L-Malic_Acid,37
5.25,G12_L-Malic_Acid,38
5.5,G12_L-Malic_Acid,39
5.75,G12_L-Malic_Acid,39
6.0,G12_L-Malic_Acid,49
6.25,G12_L-Malic_Acid,49
6.5,G12_L-Malic_Acid,49
6.75,G12_L-Malic_Acid,49
7.0,G12_L-Malic_Acid,52
7.25,G12_L-Malic_Acid,61
7.5,G12_L-Malic_Acid,61
7.75,G12_L-Malic_Acid,67
8.0,G12_L-Malic_Acid,67
8.25,G12_L-Malic_Acid,73
8.5,G12_L-Malic_Acid,88
8.75,G12_L-Malic_Acid,93
9.0,G12_L-Malic_Acid,101
9.25,G12_L-Malic_Acid,110
9.5,G12_L-Malic_Acid,116
9.75,G12_L-Malic_Acid,127
10.0,G12_L-Malic_Acid,126
10.25,G12_L-Malic_Acid,139
10.5,G12_L-Malic_Acid,155
10.75,G12_L-Malic_Acid,156
11.0,G12_L-Malic_Acid,160
11.25,G12_L-Malic_Acid,177
11.5,G12_L-Malic_Acid,186
11.75,G12_L-Malic_Acid,189
12.0,G12_L-Malic_Acid,200
12.25,G12_L-Malic_Acid,201
12.5,G12_L-Malic_Acid,204
12.75,G12_L-Malic_Acid,209
13.0,G12_L-Malic_Acid,217
13.25,G12_L-Malic_Acid,222
13.5,G12_L-Malic_Acid,221
13.75,G12_L-Malic_Acid,218
14.0,G12_L-Malic_Acid,217
14.25,G12_L-Malic_Acid,224
14.5,G12_L-Malic_Acid,218
14.75,G12_L-Malic_Acid,218
15.0,G12_L-Malic_Acid,224
15.25,G12_L-Malic_Acid,224
15.5,G12_L-Malic_Acid,224
15.75,G12_L-Malic_Acid,222
16.0,G12_L-Malic_Acid,220
16.25,G12_L-Malic_Acid,223
16.5,G12_L-Malic_Acid,225
16.75,G12_L-Malic_Acid,218
17.0,G12_L-Malic_Acid,221
17.25,G12_L-Malic_Acid,226
17.5,G12_L-Malic_Acid,225
17.75,G12_L-Malic_Acid,222
18.0,G12_L-Malic_Acid,226
18.25,G12_L-Malic_Acid,223
18.5,G12_L-Malic_Acid,227
18.75,G12_L-Malic_Acid,222
19.0,G12_L-Malic_Acid,222
19.25,G12_L-Malic_Acid,222
19.5,G12_L-Malic_Acid,225
19.75,G12_L-Malic_Acid,224
20.0,G12_L-Malic_Acid,224
20.25,G12_L-Malic_Acid,220
20.5,G12_L-Malic_Acid,221
20.75,G12_L-Malic_Acid,225
21.0,G12_L-Malic_Acid,224
21.25,G12_L-Malic_Acid,224
21.5,G12_L-Malic_Acid,221
21.75,G12_L-Malic_Acid,218
22.0,G12_L-Malic_Acid,222
22.25,G12_L-Malic_Acid,221
22.5,G12_L-Malic_Acid,223
22.75,G12_L-Malic_Acid,219
23.0,G12_L-Malic_Acid,226
23.25,G12_L-Malic_Acid,221
23.5,G12_L-Malic_Acid,220
23.75,G12_L-Malic_Acid,217
24.0,G12_L-Malic_Acid,223
24.25,G12_L-Malic_Acid,217
24.5,G12_L-Malic_Acid,219
24.75,G12_L-Malic_Acid,218
25.0,G12_L-Malic_Acid,220
25.25,G12_L-Malic_Acid,218
25.5,G12_L-Malic_Acid,223
25.75,G12_L-Malic_Acid,224
26.0,G12_L-Malic_Acid,221
26.25,G12_L-Malic_Acid,220
26.5,G12_L-Malic_Acid,221
26.75,G12_L-Malic_Acid,219
27.0,G12_L-Malic_Acid,218
27.25,G12_L-Malic_Acid,217
27.5,G12_L-Malic_Acid,218
27.75,G12_L-Malic_Acid,219
28.0,G12_L-Malic_Acid,219
28.25,G12_L-Malic_Acid,220
28.5,G12_L-Malic_Acid,218
28.75,G12_L-Malic_Acid,222
29.0,G12_L-Malic_Acid,214
29.25,G12_L-Malic_Acid,219
29.5,G12_L-Malic_Acid,218
29.75,G12_L-Malic_Acid,219
30.0,G12_L-Malic_Acid,217
30.25,G12_L-Malic_Acid,217
30.5,G12_L-Malic_Acid,218
30.75,G12_L-Malic_Acid,219
31.0,G12_L-Malic_Acid,219
31.25,G12_L-Malic_Acid,217
31.5,G12_L-Malic_Acid,218
31.75,G12_L-Malic_Acid,218
32.0,G12_L-Malic_Acid,220
32.25,G12_L-Malic_Acid,221
32.5,G12_L-Malic_Acid,216
32.75,G12_L-Malic_Acid,215
33.0,G12_L-Malic_Acid,217
33.25,G12_L-Malic_Acid,215
33.5,G12_L-Malic_Acid,216
33.75,G12_L-Malic_Acid,212
34.0,G12_L-Malic_Acid,215
34.25,G12_L-Malic_Acid,218
34.5,G12_L-Malic_Acid,218
34.75,G12_L-Malic_Acid,217
35.0,G12_L-Malic_Acid,217
35.25,G12_L-Malic_Acid,216
35.5,G12_L-Malic_Acid,215
35.75,G12_L-Malic_Acid,218
36.0,G12_L-Malic_Acid,213
36.25,G12_L-Malic_Acid,215
36.5,G12_L-Malic_Acid,218
36.75,G12_L-Malic_Acid,215
37.0,G12_L-Malic_Acid,216
37.25,G12_L-Malic_Acid,214
37.5,G12_L-Malic_Acid,215
37.75,G12_L-Malic_Acid,218
38.0,G12_L-Malic_Acid,216
38.25,G12_L-Malic_Acid,214
38.5,G12_L-Malic_Acid,216
38.75,G12_L-Malic_Acid,212
39.0,G12_L-Malic_Acid,215
39.25,G12_L-Malic_Acid,218
39.5,G12_L-Malic_Acid,217
39.75,G12_L-Malic_Acid,214
40.0,G12_L-Malic_Acid,215
40.25,G12_L-Malic_Acid,219
40.5,G12_L-Malic_Acid,211
40.75,G12_L-Malic_Acid,213
41.0,G12_L-Malic_Acid,214
41.25,G12_L-Malic_Acid,215
41.5,G12_L-Malic_Acid,214
41.75,G12_L-Malic_Acid,217
42.0,G12_L-Malic_Acid,211
42.25,G12_L-Malic_Acid,214
42.5,G12_L-Malic_Acid,212
42.75,G12_L-Malic_Acid,216
43.0,G12_L-Malic_Acid,216
43.25,G12_L-Malic_Acid,213
43.5,G12_L-Malic_Acid,213
43.75,G12_L-Malic_Acid,212
44.0,G12_L-Malic_Acid,214
44.25,G12_L-Malic_Acid,215
44.5,G12_L-Malic_Acid,209
44.75,G12_L-Malic_Acid,215
45.0,G12_L-Malic_Acid,215
45.25,G12_L-Malic_Acid,212
45.5,G12_L-Malic_Acid,211
45.75,G12_L-Malic_Acid,211
46.0,G12_L-Malic_Acid,213
46.25,G12_L-Malic_Acid,212
46.5,G12_L-Malic_Acid,212
46.75,G12_L-Malic_Acid,213
47.0,G12_L-Malic_Acid,211
47.25,G12_L-Malic_Acid,211
47.5,G12_L-Malic_Acid,0
0.0,H1_Glycyl-L-Proline,34
0.25,H1_Glycyl-L-Proline,51
0.5,H1_Glycyl-L-Proline,42
0.75,H1_Glycyl-L-Proline,44
1.0,H1_Glycyl-L-Proline,40
1.25,H1_Glycyl-L-Proline,27
1.5,H1_Glycyl-L-Proline,31
1.75,H1_Glycyl-L-Proline,29
2.0,H1_Glycyl-L-Proline,25
2.25,H1_Glycyl-L-Proline,23
2.5,H1_Glycyl-L-Proline,25
2.75,H1_Glycyl-L-Proline,25
3.0,H1_Glycyl-L-Proline,30
3.25,H1_Glycyl-L-Proline,30
3.5,H1_Glycyl-L-Proline,26
3.75,H1_Glycyl-L-Proline,28
4.0,H1_Glycyl-L-Proline,28
4.25,H1_Glycyl-L-Proline,26
4.5,H1_Glycyl-L-Proline,33
4.75,H1_Glycyl-L-Proline,27
5.0,H1_Glycyl-L-Proline,33
5.25,H1_Glycyl-L-Proline,41
5.5,H1_Glycyl-L-Proline,37
5.75,H1_Glycyl-L-Proline,43
6.0,H1_Glycyl-L-Proline,43
6.25,H1_Glycyl-L-Proline,43
6.5,H1_Glycyl-L-Proline,48
6.75,H1_Glycyl-L-Proline,54
7.0,H1_Glycyl-L-Proline,53
7.25,H1_Glycyl-L-Proline,57
7.5,H1_Glycyl-L-Proline,62
7.75,H1_Glycyl-L-Proline,68
8.0,H1_Glycyl-L-Proline,69
8.25,H1_Glycyl-L-Proline,75
8.5,H1_Glycyl-L-Proline,79
8.75,H1_Glycyl-L-Proline,79
9.0,H1_Glycyl-L-Proline,84
9.25,H1_Glycyl-L-Proline,87
9.5,H1_Glycyl-L-Proline,96
9.75,H1_Glycyl-L-Proline,98
10.0,H1_Glycyl-L-Proline,96
10.25,H1_Glycyl-L-Proline,106
10.5,H1_Glycyl-L-Proline,112
10.75,H1_Glycyl-L-Proline,114
11.0,H1_Glycyl-L-Proline,121
11.25,H1_Glycyl-L-Proline,122
11.5,H1_Glycyl-L-Proline,127
11.75,H1_Glycyl-L-Proline,131
12.0,H1_Glycyl-L-Proline,135
12.25,H1_Glycyl-L-Proline,142
12.5,H1_Glycyl-L-Proline,146
12.75,H1_Glycyl-L-Proline,152
13.0,H1_Glycyl-L-Proline,154
13.25,H1_Glycyl-L-Proline,159
13.5,H1_Glycyl-L-Proline,165
13.75,H1_Glycyl-L-Proline,170
14.0,H1_Glycyl-L-Proline,173
14.25,H1_Glycyl-L-Proline,181
14.5,H1_Glycyl-L-Proline,185
14.75,H1_Glycyl-L-Proline,182
15.0,H1_Glycyl-L-Proline,187
15.25,H1_Glycyl-L-Proline,194
15.5,H1_Glycyl-L-Proline,202
15.75,H1_Glycyl-L-Proline,201
16.0,H1_Glycyl-L-Proline,208
16.25,H1_Glycyl-L-Proline,213
16.5,H1_Glycyl-L-Proline,213
16.75,H1_Glycyl-L-Proline,220
17.0,H1_Glycyl-L-Proline,220
17.25,H1_Glycyl-L-Proline,227
17.5,H1_Glycyl-L-Proline,233
17.75,H1_Glycyl-L-Proline,235
18.0,H1_Glycyl-L-Proline,241
18.25,H1_Glycyl-L-Proline,236
18.5,H1_Glycyl-L-Proline,239
18.75,H1_Glycyl-L-Proline,243
19.0,H1_Glycyl-L-Proline,250
19.25,H1_Glycyl-L-Proline,249
19.5,H1_Glycyl-L-Proline,251
19.75,H1_Glycyl-L-Proline,251
20.0,H1_Glycyl-L-Proline,256
20.25,H1_Glycyl-L-Proline,260
20.5,H1_Glycyl-L-Proline,260
20.75,H1_Glycyl-L-Proline,260
21.0,H1_Glycyl-L-Proline,263
21.25,H1_Glycyl-L-Proline,268
21.5,H1_Glycyl-L-Proline,265
21.75,H1_Glycyl-L-Proline,268
22.0,H1_Glycyl-L-Proline,275
22.25,H1_Glycyl-L-Proline,273
22.5,H1_Glycyl-L-Proline,273
22.75,H1_Glycyl-L-Proline,271
23.0,H1_Glycyl-L-Proline,273
23.25,H1_Glycyl-L-Proline,274
23.5,H1_Glycyl-L-Proline,280
23.75,H1_Glycyl-L-Proline,280
24.0,H1_Glycyl-L-Proline,277
24.25,H1_Glycyl-L-Proline,281
24.5,H1_Glycyl-L-Proline,280
24.75,H1_Glycyl-L-Proline,280
25.0,H1_Glycyl-L-Proline,280
25.25,H1_Glycyl-L-Proline,280
25.5,H1_Glycyl-L-Proline,277
25.75,H1_Glycyl-L-Proline,280
26.0,H1_Glycyl-L-Proline,280
26.25,H1_Glycyl-L-Proline,283
26.5,H1_Glycyl-L-Proline,281
26.75,H1_Glycyl-L-Proline,281
27.0,H1_Glycyl-L-Proline,279
27.25,H1_Glycyl-L-Proline,282
27.5,H1_Glycyl-L-Proline,281
27.75,H1_Glycyl-L-Proline,279
28.0,H1_Glycyl-L-Proline,280
28.25,H1_Glycyl-L-Proline,284
28.5,H1_Glycyl-L-Proline,280
28.75,H1_Glycyl-L-Proline,279
29.0,H1_Glycyl-L-Proline,282
29.25,H1_Glycyl-L-Proline,280
29.5,H1_Glycyl-L-Proline,283
29.75,H1_Glycyl-L-Proline,284
30.0,H1_Glycyl-L-Proline,284
30.25,H1_Glycyl-L-Proline,282
30.5,H1_Glycyl-L-Proline,281
30.75,H1_Glycyl-L-Proline,283
31.0,H1_Glycyl-L-Proline,284
31.25,H1_Glycyl-L-Proline,286
31.5,H1_Glycyl-L-Proline,285
31.75,H1_Glycyl-L-Proline,285
32.0,H1_Glycyl-L-Proline,288
32.25,H1_Glycyl-L-Proline,285
32.5,H1_Glycyl-L-Proline,287
32.75,H1_Glycyl-L-Proline,286
33.0,H1_Glycyl-L-Proline,285
33.25,H1_Glycyl-L-Proline,287
33.5,H1_Glycyl-L-Proline,287
33.75,H1_Glycyl-L-Proline,287
34.0,H1_Glycyl-L-Proline,285
34.25,H1_Glycyl-L-Proline,287
34.5,H1_Glycyl-L-Proline,287
34.75,H1_Glycyl-L-Proline,289
35.0,H1_Glycyl-L-Proline,285
35.25,H1_Glycyl-L-Proline,284
35.5,H1_Glycyl-L-Proline,289
35.75,H1_Glycyl-L-Proline,284
36.0,H1_Glycyl-L-Proline,287
36.25,H1_Glycyl-L-Proline,284
36.5,H1_Glycyl-L-Proline,286
36.75,H1_Glycyl-L-Proline,285
37.0,H1_Glycyl-L-Proline,286
37.25,H1_Glycyl-L-Proline,286
37.5,H1_Glycyl-L-Proline,284
37.75,H1_Glycyl-L-Proline,286
38.0,H1_Glycyl-L-Proline,288
38.25,H1_Glycyl-L-Proline,286
38.5,H1_Glycyl-L-Proline,286
38.75,H1_Glycyl-L-Proline,285
39.0,H1_Glycyl-L-Proline,286
39.25,H1_Glycyl-L-Proline,285
39.5,H1_Glycyl-L-Proline,286
39.75,H1_Glycyl-L-Proline,284
40.0,H1_Glycyl-L-Proline,287
40.25,H1_Glycyl-L-Proline,287
40.5,H1_Glycyl-L-Proline,285
40.75,H1_Glycyl-L-Proline,286
41.0,H1_Glycyl-L-Proline,285
41.25,H1_Glycyl-L-Proline,286
41.5,H1_Glycyl-L-Proline,283
41.75,H1_Glycyl-L-Proline,286
42.0,H1_Glycyl-L-Proline,287
42.25,H1_Glycyl-L-Proline,283
42.5,H1_Glycyl-L-Proline,286
42.75,H1_Glycyl-L-Proline,286
43.0,H1_Glycyl-L-Proline,286
43.25,H1_Glycyl-L-Proline,282
43.5,H1_Glycyl-L-Proline,279
43.75,H1_Glycyl-L-Proline,283
44.0,H1_Glycyl-L-Proline,282
44.25,H1_Glycyl-L-Proline,281
44.5,H1_Glycyl-L-Proline,280
44.75,H1_Glycyl-L-Proline,278
45.0,H1_Glycyl-L-Proline,275
45.25,H1_Glycyl-L-Proline,272
45.5,H1_Glycyl-L-Proline,272
45.75,H1_Glycyl-L-Proline,272
46.0,H1_Glycyl-L-Proline,271
46.25,H1_Glycyl-L-Proline,272
46.5,H1_Glycyl-L-Proline,269
46.75,H1_Glycyl-L-Proline,270
47.0,H1_Glycyl-L-Proline,268
47.25,H1_Glycyl-L-Proline,267
47.5,H1_Glycyl-L-Proline,0
0.0,H2_p-Hydroxy_Phenyl_AceticAcid,57
0.25,H2_p-Hydroxy_Phenyl_AceticAcid,44
0.5,H2_p-Hydroxy_Phenyl_AceticAcid,28
0.75,H2_p-Hydroxy_Phenyl_AceticAcid,31
1.0,H2_p-Hydroxy_Phenyl_AceticAcid,28
1.25,H2_p-Hydroxy_Phenyl_AceticAcid,26
1.5,H2_p-Hydroxy_Phenyl_AceticAcid,29
1.75,H2_p-Hydroxy_Phenyl_AceticAcid,29
2.0,H2_p-Hydroxy_Phenyl_AceticAcid,25
2.25,H2_p-Hydroxy_Phenyl_AceticAcid,25
2.5,H2_p-Hydroxy_Phenyl_AceticAcid,28
2.75,H2_p-Hydroxy_Phenyl_AceticAcid,26
3.0,H2_p-Hydroxy_Phenyl_AceticAcid,31
3.25,H2_p-Hydroxy_Phenyl_AceticAcid,31
3.5,H2_p-Hydroxy_Phenyl_AceticAcid,27
3.75,H2_p-Hydroxy_Phenyl_AceticAcid,31
4.0,H2_p-Hydroxy_Phenyl_AceticAcid,32
4.25,H2_p-Hydroxy_Phenyl_AceticAcid,34
4.5,H2_p-Hydroxy_Phenyl_AceticAcid,30
4.75,H2_p-Hydroxy_Phenyl_AceticAcid,31
5.0,H2_p-Hydroxy_Phenyl_AceticAcid,36
5.25,H2_p-Hydroxy_Phenyl_AceticAcid,37
5.5,H2_p-Hydroxy_Phenyl_AceticAcid,39
5.75,H2_p-Hydroxy_Phenyl_AceticAcid,37
6.0,H2_p-Hydroxy_Phenyl_AceticAcid,40
6.25,H2_p-Hydroxy_Phenyl_AceticAcid,43
6.5,H2_p-Hydroxy_Phenyl_AceticAcid,39
6.75,H2_p-Hydroxy_Phenyl_AceticAcid,45
7.0,H2_p-Hydroxy_Phenyl_AceticAcid,46
7.25,H2_p-Hydroxy_Phenyl_AceticAcid,49
7.5,H2_p-Hydroxy_Phenyl_AceticAcid,52
7.75,H2_p-Hydroxy_Phenyl_AceticAcid,46
8.0,H2_p-Hydroxy_Phenyl_AceticAcid,43
8.25,H2_p-Hydroxy_Phenyl_AceticAcid,47
8.5,H2_p-Hydroxy_Phenyl_AceticAcid,50
8.75,H2_p-Hydroxy_Phenyl_AceticAcid,47
9.0,H2_p-Hydroxy_Phenyl_AceticAcid,51
9.25,H2_p-Hydroxy_Phenyl_AceticAcid,48
9.5,H2_p-Hydroxy_Phenyl_AceticAcid,48
9.75,H2_p-Hydroxy_Phenyl_AceticAcid,46
10.0,H2_p-Hydroxy_Phenyl_AceticAcid,46
10.25,H2_p-Hydroxy_Phenyl_AceticAcid,47
10.5,H2_p-Hydroxy_Phenyl_AceticAcid,53
10.75,H2_p-Hydroxy_Phenyl_AceticAcid,50
11.0,H2_p-Hydroxy_Phenyl_AceticAcid,48
11.25,H2_p-Hydroxy_Phenyl_AceticAcid,49
11.5,H2_p-Hydroxy_Phenyl_AceticAcid,54
11.75,H2_p-Hydroxy_Phenyl_AceticAcid,50
12.0,H2_p-Hydroxy_Phenyl_AceticAcid,47
12.25,H2_p-Hydroxy_Phenyl_AceticAcid,44
12.5,H2_p-Hydroxy_Phenyl_AceticAcid,50
12.75,H2_p-Hydroxy_Phenyl_AceticAcid,51
13.0,H2_p-Hydroxy_Phenyl_AceticAcid,50
13.25,H2_p-Hydroxy_Phenyl_AceticAcid,52
13.5,H2_p-Hydroxy_Phenyl_AceticAcid,52
13.75,H2_p-Hydroxy_Phenyl_AceticAcid,52
14.0,H2_p-Hydroxy_Phenyl_AceticAcid,51
14.25,H2_p-Hydroxy_Phenyl_AceticAcid,48
14.5,H2_p-Hydroxy_Phenyl_AceticAcid,56
14.75,H2_p-Hydroxy_Phenyl_AceticAcid,49
15.0,H2_p-Hydroxy_Phenyl_AceticAcid,50
15.25,H2_p-Hydroxy_Phenyl_AceticAcid,52
15.5,H2_p-Hydroxy_Phenyl_AceticAcid,50
15.75,H2_p-Hydroxy_Phenyl_AceticAcid,51
16.0,H2_p-Hydroxy_Phenyl_AceticAcid,51
16.25,H2_p-Hydroxy_Phenyl_AceticAcid,55
16.5,H2_p-Hydroxy_Phenyl_AceticAcid,52
16.75,H2_p-Hydroxy_Phenyl_AceticAcid,46
17.0,H2_p-Hydroxy_Phenyl_AceticAcid,51
17.25,H2_p-Hydroxy_Phenyl_AceticAcid,55
17.5,H2_p-Hydroxy_Phenyl_AceticAcid,52
17.75,H2_p-Hydroxy_Phenyl_AceticAcid,54
18.0,H2_p-Hydroxy_Phenyl_AceticAcid,55
18.25,H2_p-Hydroxy_Phenyl_AceticAcid,55
18.5,H2_p-Hydroxy_Phenyl_AceticAcid,53
18.75,H2_p-Hydroxy_Phenyl_AceticAcid,49
19.0,H2_p-Hydroxy_Phenyl_AceticAcid,53
19.25,H2_p-Hydroxy_Phenyl_AceticAcid,52
19.5,H2_p-Hydroxy_Phenyl_AceticAcid,54
19.75,H2_p-Hydroxy_Phenyl_AceticAcid,54
20.0,H2_p-Hydroxy_Phenyl_AceticAcid,52
20.25,H2_p-Hydroxy_Phenyl_AceticAcid,55
20.5,H2_p-Hydroxy_Phenyl_AceticAcid,52
20.75,H2_p-Hydroxy_Phenyl_AceticAcid,55
21.0,H2_p-Hydroxy_Phenyl_AceticAcid,53
21.25,H2_p-Hydroxy_Phenyl_AceticAcid,52
21.5,H2_p-Hydroxy_Phenyl_AceticAcid,54
21.75,H2_p-Hydroxy_Phenyl_AceticAcid,52
22.0,H2_p-Hydroxy_Phenyl_AceticAcid,53
22.25,H2_p-Hydroxy_Phenyl_AceticAcid,53
22.5,H2_p-Hydroxy_Phenyl_AceticAcid,48
22.75,H2_p-Hydroxy_Phenyl_AceticAcid,53
23.0,H2_p-Hydroxy_Phenyl_AceticAcid,48
23.25,H2_p-Hydroxy_Phenyl_AceticAcid,52
23.5,H2_p-Hydroxy_Phenyl_AceticAcid,53
23.75,H2_p-Hydroxy_Phenyl_AceticAcid,51
24.0,H2_p-Hydroxy_Phenyl_AceticAcid,55
24.25,H2_p-Hydroxy_Phenyl_AceticAcid,54
24.5,H2_p-Hydroxy_Phenyl_AceticAcid,52
24.75,H2_p-Hydroxy_Phenyl_AceticAcid,52
25.0,H2_p-Hydroxy_Phenyl_AceticAcid,55
25.25,H2_p-Hydroxy_Phenyl_AceticAcid,56
25.5,H2_p-Hydroxy_Phenyl_AceticAcid,53
25.75,H2_p-Hydroxy_Phenyl_AceticAcid,55
26.0,H2_p-Hydroxy_Phenyl_AceticAcid,56
26.25,H2_p-Hydroxy_Phenyl_AceticAcid,56
26.5,H2_p-Hydroxy_Phenyl_AceticAcid,53
26.75,H2_p-Hydroxy_Phenyl_AceticAcid,50
27.0,H2_p-Hydroxy_Phenyl_AceticAcid,51
27.25,H2_p-Hydroxy_Phenyl_AceticAcid,58
27.5,H2_p-Hydroxy_Phenyl_AceticAcid,54
27.75,H2_p-Hydroxy_Phenyl_AceticAcid,50
28.0,H2_p-Hydroxy_Phenyl_AceticAcid,54
28.25,H2_p-Hydroxy_Phenyl_AceticAcid,49
28.5,H2_p-Hydroxy_Phenyl_AceticAcid,52
28.75,H2_p-Hydroxy_Phenyl_AceticAcid,51
29.0,H2_p-Hydroxy_Phenyl_AceticAcid,53
29.25,H2_p-Hydroxy_Phenyl_AceticAcid,51
29.5,H2_p-Hydroxy_Phenyl_AceticAcid,47
29.75,H2_p-Hydroxy_Phenyl_AceticAcid,52
30.0,H2_p-Hydroxy_Phenyl_AceticAcid,52
30.25,H2_p-Hydroxy_Phenyl_AceticAcid,50
30.5,H2_p-Hydroxy_Phenyl_AceticAcid,54
30.75,H2_p-Hydroxy_Phenyl_AceticAcid,49
31.0,H2_p-Hydroxy_Phenyl_AceticAcid,53
31.25,H2_p-Hydroxy_Phenyl_AceticAcid,54
31.5,H2_p-Hydroxy_Phenyl_AceticAcid,52
31.75,H2_p-Hydroxy_Phenyl_AceticAcid,50
32.0,H2_p-Hydroxy_Phenyl_AceticAcid,51
32.25,H2_p-Hydroxy_Phenyl_AceticAcid,51
32.5,H2_p-Hydroxy_Phenyl_AceticAcid,54
32.75,H2_p-Hydroxy_Phenyl_AceticAcid,53
33.0,H2_p-Hydroxy_Phenyl_AceticAcid,55
33.25,H2_p-Hydroxy_Phenyl_AceticAcid,51
33.5,H2_p-Hydroxy_Phenyl_AceticAcid,53
33.75,H2_p-Hydroxy_Phenyl_AceticAcid,49
34.0,H2_p-Hydroxy_Phenyl_AceticAcid,55
34.25,H2_p-Hydroxy_Phenyl_AceticAcid,56
34.5,H2_p-Hydroxy_Phenyl_AceticAcid,55
34.75,H2_p-Hydroxy_Phenyl_AceticAcid,49
35.0,H2_p-Hydroxy_Phenyl_AceticAcid,52
35.25,H2_p-Hydroxy_Phenyl_AceticAcid,52
35.5,H2_p-Hydroxy_Phenyl_AceticAcid,53
35.75,H2_p-Hydroxy_Phenyl_AceticAcid,54
36.0,H2_p-Hydroxy_Phenyl_AceticAcid,55
36.25,H2_p-Hydroxy_Phenyl_AceticAcid,53
36.5,H2_p-Hydroxy_Phenyl_AceticAcid,48
36.75,H2_p-Hydroxy_Phenyl_AceticAcid,50
37.0,H2_p-Hydroxy_Phenyl_AceticAcid,58
37.25,H2_p-Hydroxy_Phenyl_AceticAcid,51
37.5,H2_p-Hydroxy_Phenyl_AceticAcid,54
37.75,H2_p-Hydroxy_Phenyl_AceticAcid,50
38.0,H2_p-Hydroxy_Phenyl_AceticAcid,55
38.25,H2_p-Hydroxy_Phenyl_AceticAcid,55
38.5,H2_p-Hydroxy_Phenyl_AceticAcid,57
38.75,H2_p-Hydroxy_Phenyl_AceticAcid,54
39.0,H2_p-Hydroxy_Phenyl_AceticAcid,54
39.25,H2_p-Hydroxy_Phenyl_AceticAcid,57
39.5,H2_p-Hydroxy_Phenyl_AceticAcid,55
39.75,H2_p-Hydroxy_Phenyl_AceticAcid,51
40.0,H2_p-Hydroxy_Phenyl_AceticAcid,53
40.25,H2_p-Hydroxy_Phenyl_AceticAcid,55
40.5,H2_p-Hydroxy_Phenyl_AceticAcid,55
40.75,H2_p-Hydroxy_Phenyl_AceticAcid,51
41.0,H2_p-Hydroxy_Phenyl_AceticAcid,48
41.25,H2_p-Hydroxy_Phenyl_AceticAcid,51
41.5,H2_p-Hydroxy_Phenyl_AceticAcid,57
41.75,H2_p-Hydroxy_Phenyl_AceticAcid,51
42.0,H2_p-Hydroxy_Phenyl_AceticAcid,55
42.25,H2_p-Hydroxy_Phenyl_AceticAcid,56
42.5,H2_p-Hydroxy_Phenyl_AceticAcid,52
42.75,H2_p-Hydroxy_Phenyl_AceticAcid,53
43.0,H2_p-Hydroxy_Phenyl_AceticAcid,53
43.25,H2_p-Hydroxy_Phenyl_AceticAcid,52
43.5,H2_p-Hydroxy_Phenyl_AceticAcid,48
43.75,H2_p-Hydroxy_Phenyl_AceticAcid,53
44.0,H2_p-Hydroxy_Phenyl_AceticAcid,52
44.25,H2_p-Hydroxy_Phenyl_AceticAcid,53
44.5,H2_p-Hydroxy_Phenyl_AceticAcid,52
44.75,H2_p-Hydroxy_Phenyl_AceticAcid,50
45.0,H2_p-Hydroxy_Phenyl_AceticAcid,54
45.25,H2_p-Hydroxy_Phenyl_AceticAcid,55
45.5,H2_p-Hydroxy_Phenyl_AceticAcid,53
45.75,H2_p-Hydroxy_Phenyl_AceticAcid,54
46.0,H2_p-Hydroxy_Phenyl_AceticAcid,51
46.25,H2_p-Hydroxy_Phenyl_AceticAcid,52
46.5,H2_p-Hydroxy_Phenyl_AceticAcid,54
46.75,H2_p-Hydroxy_Phenyl_AceticAcid,53
47.0,H2_p-Hydroxy_Phenyl_AceticAcid,54
47.25,H2_p-Hydroxy_Phenyl_AceticAcid,50
47.5,H2_p-Hydroxy_Phenyl_AceticAcid,0
0.0,H3_m-Hydroxy_Phenyl_AceticAcid,54
0.25,H3_m-Hydroxy_Phenyl_AceticAcid,49
0.5,H3_m-Hydroxy_Phenyl_AceticAcid,29
0.75,H3_m-Hydroxy_Phenyl_AceticAcid,27
1.0,H3_m-Hydroxy_Phenyl_AceticAcid,27
1.25,H3_m-Hydroxy_Phenyl_AceticAcid,23
1.5,H3_m-Hydroxy_Phenyl_AceticAcid,22
1.75,H3_m-Hydroxy_Phenyl_AceticAcid,26
2.0,H3_m-Hydroxy_Phenyl_AceticAcid,21
2.25,H3_m-Hydroxy_Phenyl_AceticAcid,23
2.5,H3_m-Hydroxy_Phenyl_AceticAcid,25
2.75,H3_m-Hydroxy_Phenyl_AceticAcid,23
3.0,H3_m-Hydroxy_Phenyl_AceticAcid,25
3.25,H3_m-Hydroxy_Phenyl_AceticAcid,23
3.5,H3_m-Hydroxy_Phenyl_AceticAcid,23
3.75,H3_m-Hydroxy_Phenyl_AceticAcid,25
4.0,H3_m-Hydroxy_Phenyl_AceticAcid,23
4.25,H3_m-Hydroxy_Phenyl_AceticAcid,28
4.5,H3_m-Hydroxy_Phenyl_AceticAcid,30
4.75,H3_m-Hydroxy_Phenyl_AceticAcid,28
5.0,H3_m-Hydroxy_Phenyl_AceticAcid,31
5.25,H3_m-Hydroxy_Phenyl_AceticAcid,33
5.5,H3_m-Hydroxy_Phenyl_AceticAcid,31
5.75,H3_m-Hydroxy_Phenyl_AceticAcid,35
6.0,H3_m-Hydroxy_Phenyl_AceticAcid,36
6.25,H3_m-Hydroxy_Phenyl_AceticAcid,33
6.5,H3_m-Hydroxy_Phenyl_AceticAcid,34
6.75,H3_m-Hydroxy_Phenyl_AceticAcid,36
7.0,H3_m-Hydroxy_Phenyl_AceticAcid,40
7.25,H3_m-Hydroxy_Phenyl_AceticAcid,41
7.5,H3_m-Hydroxy_Phenyl_AceticAcid,44
7.75,H3_m-Hydroxy_Phenyl_AceticAcid,42
8.0,H3_m-Hydroxy_Phenyl_AceticAcid,42
8.25,H3_m-Hydroxy_Phenyl_AceticAcid,42
8.5,H3_m-Hydroxy_Phenyl_AceticAcid,44
8.75,H3_m-Hydroxy_Phenyl_AceticAcid,45
9.0,H3_m-Hydroxy_Phenyl_AceticAcid,46
9.25,H3_m-Hydroxy_Phenyl_AceticAcid,45
9.5,H3_m-Hydroxy_Phenyl_AceticAcid,46
9.75,H3_m-Hydroxy_Phenyl_AceticAcid,42
10.0,H3_m-Hydroxy_Phenyl_AceticAcid,45
10.25,H3_m-Hydroxy_Phenyl_AceticAcid,52
10.5,H3_m-Hydroxy_Phenyl_AceticAcid,57
10.75,H3_m-Hydroxy_Phenyl_AceticAcid,56
11.0,H3_m-Hydroxy_Phenyl_AceticAcid,54
11.25,H3_m-Hydroxy_Phenyl_AceticAcid,57
11.5,H3_m-Hydroxy_Phenyl_AceticAcid,65
11.75,H3_m-Hydroxy_Phenyl_AceticAcid,67
12.0,H3_m-Hydroxy_Phenyl_AceticAcid,64
12.25,H3_m-Hydroxy_Phenyl_AceticAcid,67
12.5,H3_m-Hydroxy_Phenyl_AceticAcid,69
12.75,H3_m-Hydroxy_Phenyl_AceticAcid,71
13.0,H3_m-Hydroxy_Phenyl_AceticAcid,76
13.25,H3_m-Hydroxy_Phenyl_AceticAcid,78
13.5,H3_m-Hydroxy_Phenyl_AceticAcid,83
13.75,H3_m-Hydroxy_Phenyl_AceticAcid,83
14.0,H3_m-Hydroxy_Phenyl_AceticAcid,82
14.25,H3_m-Hydroxy_Phenyl_AceticAcid,86
14.5,H3_m-Hydroxy_Phenyl_AceticAcid,88
14.75,H3_m-Hydroxy_Phenyl_AceticAcid,90
15.0,H3_m-Hydroxy_Phenyl_AceticAcid,91
15.25,H3_m-Hydroxy_Phenyl_AceticAcid,94
15.5,H3_m-Hydroxy_Phenyl_AceticAcid,95
15.75,H3_m-Hydroxy_Phenyl_AceticAcid,96
16.0,H3_m-Hydroxy_Phenyl_AceticAcid,99
16.25,H3_m-Hydroxy_Phenyl_AceticAcid,104
16.5,H3_m-Hydroxy_Phenyl_AceticAcid,98
16.75,H3_m-Hydroxy_Phenyl_AceticAcid,99
17.0,H3_m-Hydroxy_Phenyl_AceticAcid,105
17.25,H3_m-Hydroxy_Phenyl_AceticAcid,104
17.5,H3_m-Hydroxy_Phenyl_AceticAcid,108
17.75,H3_m-Hydroxy_Phenyl_AceticAcid,104
18.0,H3_m-Hydroxy_Phenyl_AceticAcid,108
18.25,H3_m-Hydroxy_Phenyl_AceticAcid,115
18.5,H3_m-Hydroxy_Phenyl_AceticAcid,108
18.75,H3_m-Hydroxy_Phenyl_AceticAcid,114
19.0,H3_m-Hydroxy_Phenyl_AceticAcid,114
19.25,H3_m-Hydroxy_Phenyl_AceticAcid,110
19.5,H3_m-Hydroxy_Phenyl_AceticAcid,113
19.75,H3_m-Hydroxy_Phenyl_AceticAcid,115
20.0,H3_m-Hydroxy_Phenyl_AceticAcid,111
20.25,H3_m-Hydroxy_Phenyl_AceticAcid,115
20.5,H3_m-Hydroxy_Phenyl_AceticAcid,120
20.75,H3_m-Hydroxy_Phenyl_AceticAcid,115
21.0,H3_m-Hydroxy_Phenyl_AceticAcid,121
21.25,H3_m-Hydroxy_Phenyl_AceticAcid,123
21.5,H3_m-Hydroxy_Phenyl_AceticAcid,124
21.75,H3_m-Hydroxy_Phenyl_AceticAcid,122
22.0,H3_m-Hydroxy_Phenyl_AceticAcid,125
22.25,H3_m-Hydroxy_Phenyl_AceticAcid,126
22.5,H3_m-Hydroxy_Phenyl_AceticAcid,122
22.75,H3_m-Hydroxy_Phenyl_AceticAcid,122
23.0,H3_m-Hydroxy_Phenyl_AceticAcid,122
23.25,H3_m-Hydroxy_Phenyl_AceticAcid,126
23.5,H3_m-Hydroxy_Phenyl_AceticAcid,130
23.75,H3_m-Hydroxy_Phenyl_AceticAcid,129
24.0,H3_m-Hydroxy_Phenyl_AceticAcid,129
24.25,H3_m-Hydroxy_Phenyl_AceticAcid,128
24.5,H3_m-Hydroxy_Phenyl_AceticAcid,132
24.75,H3_m-Hydroxy_Phenyl_AceticAcid,131
25.0,H3_m-Hydroxy_Phenyl_AceticAcid,134
25.25,H3_m-Hydroxy_Phenyl_AceticAcid,132
25.5,H3_m-Hydroxy_Phenyl_AceticAcid,134
25.75,H3_m-Hydroxy_Phenyl_AceticAcid,134
26.0,H3_m-Hydroxy_Phenyl_AceticAcid,132
26.25,H3_m-Hydroxy_Phenyl_AceticAcid,139
26.5,H3_m-Hydroxy_Phenyl_AceticAcid,133
26.75,H3_m-Hydroxy_Phenyl_AceticAcid,135
27.0,H3_m-Hydroxy_Phenyl_AceticAcid,136
27.25,H3_m-Hydroxy_Phenyl_AceticAcid,137
27.5,H3_m-Hydroxy_Phenyl_AceticAcid,133
27.75,H3_m-Hydroxy_Phenyl_AceticAcid,137
28.0,H3_m-Hydroxy_Phenyl_AceticAcid,141
28.25,H3_m-Hydroxy_Phenyl_AceticAcid,137
28.5,H3_m-Hydroxy_Phenyl_AceticAcid,136
28.75,H3_m-Hydroxy_Phenyl_AceticAcid,140
29.0,H3_m-Hydroxy_Phenyl_AceticAcid,141
29.25,H3_m-Hydroxy_Phenyl_AceticAcid,139
29.5,H3_m-Hydroxy_Phenyl_AceticAcid,140
29.75,H3_m-Hydroxy_Phenyl_AceticAcid,141
30.0,H3_m-Hydroxy_Phenyl_AceticAcid,140
30.25,H3_m-Hydroxy_Phenyl_AceticAcid,138
30.5,H3_m-Hydroxy_Phenyl_AceticAcid,143
30.75,H3_m-Hydroxy_Phenyl_AceticAcid,141
31.0,H3_m-Hydroxy_Phenyl_AceticAcid,144
31.25,H3_m-Hydroxy_Phenyl_AceticAcid,146
31.5,H3_m-Hydroxy_Phenyl_AceticAcid,147
31.75,H3_m-Hydroxy_Phenyl_AceticAcid,144
32.0,H3_m-Hydroxy_Phenyl_AceticAcid,149
32.25,H3_m-Hydroxy_Phenyl_AceticAcid,147
32.5,H3_m-Hydroxy_Phenyl_AceticAcid,152
32.75,H3_m-Hydroxy_Phenyl_AceticAcid,146
33.0,H3_m-Hydroxy_Phenyl_AceticAcid,145
33.25,H3_m-Hydroxy_Phenyl_AceticAcid,148
33.5,H3_m-Hydroxy_Phenyl_AceticAcid,147
33.75,H3_m-Hydroxy_Phenyl_AceticAcid,150
34.0,H3_m-Hydroxy_Phenyl_AceticAcid,150
34.25,H3_m-Hydroxy_Phenyl_AceticAcid,151
34.5,H3_m-Hydroxy_Phenyl_AceticAcid,149
34.75,H3_m-Hydroxy_Phenyl_AceticAcid,150
35.0,H3_m-Hydroxy_Phenyl_AceticAcid,153
35.25,H3_m-Hydroxy_Phenyl_AceticAcid,148
35.5,H3_m-Hydroxy_Phenyl_AceticAcid,150
35.75,H3_m-Hydroxy_Phenyl_AceticAcid,152
36.0,H3_m-Hydroxy_Phenyl_AceticAcid,156
36.25,H3_m-Hydroxy_Phenyl_AceticAcid,153
36.5,H3_m-Hydroxy_Phenyl_AceticAcid,153
36.75,H3_m-Hydroxy_Phenyl_AceticAcid,153
37.0,H3_m-Hydroxy_Phenyl_AceticAcid,153
37.25,H3_m-Hydroxy_Phenyl_AceticAcid,156
37.5,H3_m-Hydroxy_Phenyl_AceticAcid,151
37.75,H3_m-Hydroxy_Phenyl_AceticAcid,156
38.0,H3_m-Hydroxy_Phenyl_AceticAcid,153
38.25,H3_m-Hydroxy_Phenyl_AceticAcid,153
38.5,H3_m-Hydroxy_Phenyl_AceticAcid,153
38.75,H3_m-Hydroxy_Phenyl_AceticAcid,153
39.0,H3_m-Hydroxy_Phenyl_AceticAcid,157
39.25,H3_m-Hydroxy_Phenyl_AceticAcid,155
39.5,H3_m-Hydroxy_Phenyl_AceticAcid,155
39.75,H3_m-Hydroxy_Phenyl_AceticAcid,155
40.0,H3_m-Hydroxy_Phenyl_AceticAcid,156
40.25,H3_m-Hydroxy_Phenyl_AceticAcid,159
40.5,H3_m-Hydroxy_Phenyl_AceticAcid,158
40.75,H3_m-Hydroxy_Phenyl_AceticAcid,157
41.0,H3_m-Hydroxy_Phenyl_AceticAcid,158
41.25,H3_m-Hydroxy_Phenyl_AceticAcid,151
41.5,H3_m-Hydroxy_Phenyl_AceticAcid,161
41.75,H3_m-Hydroxy_Phenyl_AceticAcid,159
42.0,H3_m-Hydroxy_Phenyl_AceticAcid,160
42.25,H3_m-Hydroxy_Phenyl_AceticAcid,157
42.5,H3_m-Hydroxy_Phenyl_AceticAcid,162
42.75,H3_m-Hydroxy_Phenyl_AceticAcid,162
43.0,H3_m-Hydroxy_Phenyl_AceticAcid,161
43.25,H3_m-Hydroxy_Phenyl_AceticAcid,162
43.5,H3_m-Hydroxy_Phenyl_AceticAcid,156
43.75,H3_m-Hydroxy_Phenyl_AceticAcid,157
44.0,H3_m-Hydroxy_Phenyl_AceticAcid,167
44.25,H3_m-Hydroxy_Phenyl_AceticAcid,160
44.5,H3_m-Hydroxy_Phenyl_AceticAcid,162
44.75,H3_m-Hydroxy_Phenyl_AceticAcid,163
45.0,H3_m-Hydroxy_Phenyl_AceticAcid,164
45.25,H3_m-Hydroxy_Phenyl_AceticAcid,163
45.5,H3_m-Hydroxy_Phenyl_AceticAcid,164
45.75,H3_m-Hydroxy_Phenyl_AceticAcid,162
46.0,H3_m-Hydroxy_Phenyl_AceticAcid,162
46.25,H3_m-Hydroxy_Phenyl_AceticAcid,166
46.5,H3_m-Hydroxy_Phenyl_AceticAcid,166
46.75,H3_m-Hydroxy_Phenyl_AceticAcid,168
47.0,H3_m-Hydroxy_Phenyl_AceticAcid,164
47.25,H3_m-Hydroxy_Phenyl_AceticAcid,161
47.5,H3_m-Hydroxy_Phenyl_AceticAcid,0
0.0,H4_Tyramine,13
0.25,H4_Tyramine,16
0.5,H4_Tyramine,22
0.75,H4_Tyramine,22
1.0,H4_Tyramine,23
1.25,H4_Tyramine,21
1.5,H4_Tyramine,22
1.75,H4_Tyramine,18
2.0,H4_Tyramine,21
2.25,H4_Tyramine,22
2.5,H4_Tyramine,19
2.75,H4_Tyramine,17
3.0,H4_Tyramine,23
3.25,H4_Tyramine,20
3.5,H4_Tyramine,23
3.75,H4_Tyramine,22
4.0,H4_Tyramine,24
4.25,H4_Tyramine,23
4.5,H4_Tyramine,23
4.75,H4_Tyramine,22
5.0,H4_Tyramine,24
5.25,H4_Tyramine,25
5.5,H4_Tyramine,29
5.75,H4_Tyramine,28
6.0,H4_Tyramine,28
6.25,H4_Tyramine,32
6.5,H4_Tyramine,31
6.75,H4_Tyramine,27
7.0,H4_Tyramine,27
7.25,H4_Tyramine,36
7.5,H4_Tyramine,37
7.75,H4_Tyramine,36
8.0,H4_Tyramine,37
8.25,H4_Tyramine,35
8.5,H4_Tyramine,40
8.75,H4_Tyramine,35
9.0,H4_Tyramine,41
9.25,H4_Tyramine,35
9.5,H4_Tyramine,38
9.75,H4_Tyramine,37
10.0,H4_Tyramine,34
10.25,H4_Tyramine,36
10.5,H4_Tyramine,40
10.75,H4_Tyramine,41
11.0,H4_Tyramine,41
11.25,H4_Tyramine,40
11.5,H4_Tyramine,37
11.75,H4_Tyramine,40
12.0,H4_Tyramine,39
12.25,H4_Tyramine,34
12.5,H4_Tyramine,39
12.75,H4_Tyramine,40
13.0,H4_Tyramine,39
13.25,H4_Tyramine,41
13.5,H4_Tyramine,39
13.75,H4_Tyramine,45
14.0,H4_Tyramine,38
14.25,H4_Tyramine,37
14.5,H4_Tyramine,37
14.75,H4_Tyramine,42
15.0,H4_Tyramine,44
15.25,H4_Tyramine,37
15.5,H4_Tyramine,41
15.75,H4_Tyramine,41
16.0,H4_Tyramine,42
16.25,H4_Tyramine,40
16.5,H4_Tyramine,41
16.75,H4_Tyramine,40
17.0,H4_Tyramine,44
17.25,H4_Tyramine,47
17.5,H4_Tyramine,44
17.75,H4_Tyramine,42
18.0,H4_Tyramine,46
18.25,H4_Tyramine,50
18.5,H4_Tyramine,47
18.75,H4_Tyramine,45
19.0,H4_Tyramine,43
19.25,H4_Tyramine,42
19.5,H4_Tyramine,44
19.75,H4_Tyramine,42
20.0,H4_Tyramine,45
20.25,H4_Tyramine,43
20.5,H4_Tyramine,44
20.75,H4_Tyramine,46
21.0,H4_Tyramine,45
21.25,H4_Tyramine,45
21.5,H4_Tyramine,40
21.75,H4_Tyramine,45
22.0,H4_Tyramine,46
22.25,H4_Tyramine,42
22.5,H4_Tyramine,41
22.75,H4_Tyramine,42
23.0,H4_Tyramine,47
23.25,H4_Tyramine,44
23.5,H4_Tyramine,45
23.75,H4_Tyramine,43
24.0,H4_Tyramine,49
24.25,H4_Tyramine,42
24.5,H4_Tyramine,44
24.75,H4_Tyramine,45
25.0,H4_Tyramine,46
25.25,H4_Tyramine,40
25.5,H4_Tyramine,42
25.75,H4_Tyramine,45
26.0,H4_Tyramine,47
26.25,H4_Tyramine,48
26.5,H4_Tyramine,41
26.75,H4_Tyramine,46
27.0,H4_Tyramine,45
27.25,H4_Tyramine,46
27.5,H4_Tyramine,47
27.75,H4_Tyramine,47
28.0,H4_Tyramine,43
28.25,H4_Tyramine,45
28.5,H4_Tyramine,42
28.75,H4_Tyramine,47
29.0,H4_Tyramine,44
29.25,H4_Tyramine,44
29.5,H4_Tyramine,43
29.75,H4_Tyramine,46
30.0,H4_Tyramine,42
30.25,H4_Tyramine,46
30.5,H4_Tyramine,48
30.75,H4_Tyramine,45
31.0,H4_Tyramine,46
31.25,H4_Tyramine,46
31.5,H4_Tyramine,47
31.75,H4_Tyramine,46
32.0,H4_Tyramine,50
32.25,H4_Tyramine,46
32.5,H4_Tyramine,46
32.75,H4_Tyramine,46
33.0,H4_Tyramine,44
33.25,H4_Tyramine,44
33.5,H4_Tyramine,49
33.75,H4_Tyramine,45
34.0,H4_Tyramine,47
34.25,H4_Tyramine,47
34.5,H4_Tyramine,42
34.75,H4_Tyramine,44
35.0,H4_Tyramine,48
35.25,H4_Tyramine,45
35.5,H4_Tyramine,48
35.75,H4_Tyramine,49
36.0,H4_Tyramine,45
36.25,H4_Tyramine,46
36.5,H4_Tyramine,43
36.75,H4_Tyramine,43
37.0,H4_Tyramine,46
37.25,H4_Tyramine,42
37.5,H4_Tyramine,47
37.75,H4_Tyramine,49
38.0,H4_Tyramine,46
38.25,H4_Tyramine,46
38.5,H4_Tyramine,48
38.75,H4_Tyramine,44
39.0,H4_Tyramine,45
39.25,H4_Tyramine,46
39.5,H4_Tyramine,45
39.75,H4_Tyramine,42
40.0,H4_Tyramine,47
40.25,H4_Tyramine,46
40.5,H4_Tyramine,47
40.75,H4_Tyramine,47
41.0,H4_Tyramine,51
41.25,H4_Tyramine,47
41.5,H4_Tyramine,44
41.75,H4_Tyramine,50
42.0,H4_Tyramine,48
42.25,H4_Tyramine,51
42.5,H4_Tyramine,47
42.75,H4_Tyramine,44
43.0,H4_Tyramine,44
43.25,H4_Tyramine,46
43.5,H4_Tyramine,47
43.75,H4_Tyramine,45
44.0,H4_Tyramine,43
44.25,H4_Tyramine,44
44.5,H4_Tyramine,49
44.75,H4_Tyramine,42
45.0,H4_Tyramine,42
45.25,H4_Tyramine,46
45.5,H4_Tyramine,40
45.75,H4_Tyramine,49
46.0,H4_Tyramine,45
46.25,H4_Tyramine,45
46.5,H4_Tyramine,47
46.75,H4_Tyramine,49
47.0,H4_Tyramine,49
47.25,H4_Tyramine,48
47.5,H4_Tyramine,0
0.0,H5_D-Psicose,35
0.25,H5_D-Psicose,22
0.5,H5_D-Psicose,22
0.75,H5_D-Psicose,27
1.0,H5_D-Psicose,27
1.25,H5_D-Psicose,25
1.5,H5_D-Psicose,28
1.75,H5_D-Psicose,28
2.0,H5_D-Psicose,28
2.25,H5_D-Psicose,28
2.5,H5_D-Psicose,29
2.75,H5_D-Psicose,27
3.0,H5_D-Psicose,28
3.25,H5_D-Psicose,28
3.5,H5_D-Psicose,27
3.75,H5_D-Psicose,25
4.0,H5_D-Psicose,25
4.25,H5_D-Psicose,34
4.5,H5_D-Psicose,27
4.75,H5_D-Psicose,30
5.0,H5_D-Psicose,25
5.25,H5_D-Psicose,29
5.5,H5_D-Psicose,35
5.75,H5_D-Psicose,32
6.0,H5_D-Psicose,34
6.25,H5_D-Psicose,34
6.5,H5_D-Psicose,37
6.75,H5_D-Psicose,39
7.0,H5_D-Psicose,35
7.25,H5_D-Psicose,43
7.5,H5_D-Psicose,47
7.75,H5_D-Psicose,50
8.0,H5_D-Psicose,56
8.25,H5_D-Psicose,58
8.5,H5_D-Psicose,59
8.75,H5_D-Psicose,63
9.0,H5_D-Psicose,63
9.25,H5_D-Psicose,63
9.5,H5_D-Psicose,69
9.75,H5_D-Psicose,70
10.0,H5_D-Psicose,68
10.25,H5_D-Psicose,69
10.5,H5_D-Psicose,71
10.75,H5_D-Psicose,71
11.0,H5_D-Psicose,65
11.25,H5_D-Psicose,71
11.5,H5_D-Psicose,71
11.75,H5_D-Psicose,72
12.0,H5_D-Psicose,72
12.25,H5_D-Psicose,71
12.5,H5_D-Psicose,71
12.75,H5_D-Psicose,77
13.0,H5_D-Psicose,74
13.25,H5_D-Psicose,77
13.5,H5_D-Psicose,79
13.75,H5_D-Psicose,78
14.0,H5_D-Psicose,78
14.25,H5_D-Psicose,76
14.5,H5_D-Psicose,75
14.75,H5_D-Psicose,76
15.0,H5_D-Psicose,81
15.25,H5_D-Psicose,77
15.5,H5_D-Psicose,76
15.75,H5_D-Psicose,77
16.0,H5_D-Psicose,76
16.25,H5_D-Psicose,78
16.5,H5_D-Psicose,76
16.75,H5_D-Psicose,82
17.0,H5_D-Psicose,80
17.25,H5_D-Psicose,80
17.5,H5_D-Psicose,84
17.75,H5_D-Psicose,82
18.0,H5_D-Psicose,81
18.25,H5_D-Psicose,80
18.5,H5_D-Psicose,81
18.75,H5_D-Psicose,79
19.0,H5_D-Psicose,79
19.25,H5_D-Psicose,74
19.5,H5_D-Psicose,81
19.75,H5_D-Psicose,79
20.0,H5_D-Psicose,83
20.25,H5_D-Psicose,82
20.5,H5_D-Psicose,82
20.75,H5_D-Psicose,81
21.0,H5_D-Psicose,77
21.25,H5_D-Psicose,79
21.5,H5_D-Psicose,78
21.75,H5_D-Psicose,79
22.0,H5_D-Psicose,79
22.25,H5_D-Psicose,82
22.5,H5_D-Psicose,82
22.75,H5_D-Psicose,81
23.0,H5_D-Psicose,78
23.25,H5_D-Psicose,79
23.5,H5_D-Psicose,85
23.75,H5_D-Psicose,79
24.0,H5_D-Psicose,76
24.25,H5_D-Psicose,80
24.5,H5_D-Psicose,81
24.75,H5_D-Psicose,80
25.0,H5_D-Psicose,80
25.25,H5_D-Psicose,79
25.5,H5_D-Psicose,78
25.75,H5_D-Psicose,81
26.0,H5_D-Psicose,82
26.25,H5_D-Psicose,80
26.5,H5_D-Psicose,78
26.75,H5_D-Psicose,77
27.0,H5_D-Psicose,81
27.25,H5_D-Psicose,81
27.5,H5_D-Psicose,78
27.75,H5_D-Psicose,82
28.0,H5_D-Psicose,81
28.25,H5_D-Psicose,77
28.5,H5_D-Psicose,78
28.75,H5_D-Psicose,77
29.0,H5_D-Psicose,82
29.25,H5_D-Psicose,74
29.5,H5_D-Psicose,76
29.75,H5_D-Psicose,86
30.0,H5_D-Psicose,80
30.25,H5_D-Psicose,85
30.5,H5_D-Psicose,82
30.75,H5_D-Psicose,84
31.0,H5_D-Psicose,81
31.25,H5_D-Psicose,85
31.5,H5_D-Psicose,79
31.75,H5_D-Psicose,78
32.0,H5_D-Psicose,81
32.25,H5_D-Psicose,79
32.5,H5_D-Psicose,82
32.75,H5_D-Psicose,82
33.0,H5_D-Psicose,78
33.25,H5_D-Psicose,78
33.5,H5_D-Psicose,82
33.75,H5_D-Psicose,81
34.0,H5_D-Psicose,80
34.25,H5_D-Psicose,78
34.5,H5_D-Psicose,80
34.75,H5_D-Psicose,81
35.0,H5_D-Psicose,78
35.25,H5_D-Psicose,82
35.5,H5_D-Psicose,82
35.75,H5_D-Psicose,78
36.0,H5_D-Psicose,82
36.25,H5_D-Psicose,81
36.5,H5_D-Psicose,84
36.75,H5_D-Psicose,81
37.0,H5_D-Psicose,78
37.25,H5_D-Psicose,80
37.5,H5_D-Psicose,79
37.75,H5_D-Psicose,83
38.0,H5_D-Psicose,81
38.25,H5_D-Psicose,81
38.5,H5_D-Psicose,82
38.75,H5_D-Psicose,78
39.0,H5_D-Psicose,78
39.25,H5_D-Psicose,77
39.5,H5_D-Psicose,80
39.75,H5_D-Psicose,78
40.0,H5_D-Psicose,79
40.25,H5_D-Psicose,77
40.5,H5_D-Psicose,78
40.75,H5_D-Psicose,75
41.0,H5_D-Psicose,80
41.25,H5_D-Psicose,81
41.5,H5_D-Psicose,79
41.75,H5_D-Psicose,83
42.0,H5_D-Psicose,78
42.25,H5_D-Psicose,80
42.5,H5_D-Psicose,80
42.75,H5_D-Psicose,79
43.0,H5_D-Psicose,84
43.25,H5_D-Psicose,79
43.5,H5_D-Psicose,76
43.75,H5_D-Psicose,75
44.0,H5_D-Psicose,78
44.25,H5_D-Psicose,79
44.5,H5_D-Psicose,79
44.75,H5_D-Psicose,79
45.0,H5_D-Psicose,78
45.25,H5_D-Psicose,77
45.5,H5_D-Psicose,80
45.75,H5_D-Psicose,79
46.0,H5_D-Psicose,77
46.25,H5_D-Psicose,77
46.5,H5_D-Psicose,81
46.75,H5_D-Psicose,81
47.0,H5_D-Psicose,73
47.25,H5_D-Psicose,81
47.5,H5_D-Psicose,0
0.0,H6_L-Lyxose,104
0.25,H6_L-Lyxose,108
0.5,H6_L-Lyxose,116
0.75,H6_L-Lyxose,118
1.0,H6_L-Lyxose,117
1.25,H6_L-Lyxose,119
1.5,H6_L-Lyxose,125
1.75,H6_L-Lyxose,121
2.0,H6_L-Lyxose,123
2.25,H6_L-Lyxose,124
2.5,H6_L-Lyxose,120
2.75,H6_L-Lyxose,127
3.0,H6_L-Lyxose,128
3.25,H6_L-Lyxose,127
3.5,H6_L-Lyxose,126
3.75,H6_L-Lyxose,127
4.0,H6_L-Lyxose,127
4.25,H6_L-Lyxose,133
4.5,H6_L-Lyxose,134
4.75,H6_L-Lyxose,129
5.0,H6_L-Lyxose,133
5.25,H6_L-Lyxose,135
5.5,H6_L-Lyxose,133
5.75,H6_L-Lyxose,132
6.0,H6_L-Lyxose,139
6.25,H6_L-Lyxose,137
6.5,H6_L-Lyxose,138
6.75,H6_L-Lyxose,138
7.0,H6_L-Lyxose,136
7.25,H6_L-Lyxose,137
7.5,H6_L-Lyxose,137
7.75,H6_L-Lyxose,141
8.0,H6_L-Lyxose,142
8.25,H6_L-Lyxose,143
8.5,H6_L-Lyxose,140
8.75,H6_L-Lyxose,143
9.0,H6_L-Lyxose,142
9.25,H6_L-Lyxose,141
9.5,H6_L-Lyxose,142
9.75,H6_L-Lyxose,143
10.0,H6_L-Lyxose,141
10.25,H6_L-Lyxose,143
10.5,H6_L-Lyxose,146
10.75,H6_L-Lyxose,146
11.0,H6_L-Lyxose,147
11.25,H6_L-Lyxose,146
11.5,H6_L-Lyxose,146
11.75,H6_L-Lyxose,146
12.0,H6_L-Lyxose,145
12.25,H6_L-Lyxose,147
12.5,H6_L-Lyxose,146
12.75,H6_L-Lyxose,146
13.0,H6_L-Lyxose,148
13.25,H6_L-Lyxose,149
13.5,H6_L-Lyxose,150
13.75,H6_L-Lyxose,153
14.0,H6_L-Lyxose,150
14.25,H6_L-Lyxose,148
14.5,H6_L-Lyxose,151
14.75,H6_L-Lyxose,149
15.0,H6_L-Lyxose,152
15.25,H6_L-Lyxose,149
15.5,H6_L-Lyxose,154
15.75,H6_L-Lyxose,152
16.0,H6_L-Lyxose,155
16.25,H6_L-Lyxose,156
16.5,H6_L-Lyxose,156
16.75,H6_L-Lyxose,153
17.0,H6_L-Lyxose,151
17.25,H6_L-Lyxose,156
17.5,H6_L-Lyxose,159
17.75,H6_L-Lyxose,156
18.0,H6_L-Lyxose,159
18.25,H6_L-Lyxose,157
18.5,H6_L-Lyxose,164
18.75,H6_L-Lyxose,158
19.0,H6_L-Lyxose,155
19.25,H6_L-Lyxose,157
19.5,H6_L-Lyxose,161
19.75,H6_L-Lyxose,160
20.0,H6_L-Lyxose,158
20.25,H6_L-Lyxose,155
20.5,H6_L-Lyxose,161
20.75,H6_L-Lyxose,159
21.0,H6_L-Lyxose,160
21.25,H6_L-Lyxose,163
21.5,H6_L-Lyxose,164
21.75,H6_L-Lyxose,160
22.0,H6_L-Lyxose,163
22.25,H6_L-Lyxose,161
22.5,H6_L-Lyxose,160
22.75,H6_L-Lyxose,164
23.0,H6_L-Lyxose,161
23.25,H6_L-Lyxose,159
23.5,H6_L-Lyxose,164
23.75,H6_L-Lyxose,165
24.0,H6_L-Lyxose,163
24.25,H6_L-Lyxose,164
24.5,H6_L-Lyxose,163
24.75,H6_L-Lyxose,165
25.0,H6_L-Lyxose,165
25.25,H6_L-Lyxose,164
25.5,H6_L-Lyxose,165
25.75,H6_L-Lyxose,164
26.0,H6_L-Lyxose,165
26.25,H6_L-Lyxose,164
26.5,H6_L-Lyxose,164
26.75,H6_L-Lyxose,168
27.0,H6_L-Lyxose,166
27.25,H6_L-Lyxose,166
27.5,H6_L-Lyxose,166
27.75,H6_L-Lyxose,167
28.0,H6_L-Lyxose,168
28.25,H6_L-Lyxose,166
28.5,H6_L-Lyxose,166
28.75,H6_L-Lyxose,166
29.0,H6_L-Lyxose,168
29.25,H6_L-Lyxose,166
29.5,H6_L-Lyxose,165
29.75,H6_L-Lyxose,167
30.0,H6_L-Lyxose,172
30.25,H6_L-Lyxose,167
30.5,H6_L-Lyxose,169
30.75,H6_L-Lyxose,168
31.0,H6_L-Lyxose,168
31.25,H6_L-Lyxose,168
31.5,H6_L-Lyxose,170
31.75,H6_L-Lyxose,169
32.0,H6_L-Lyxose,172
32.25,H6_L-Lyxose,170
32.5,H6_L-Lyxose,168
32.75,H6_L-Lyxose,174
33.0,H6_L-Lyxose,172
33.25,H6_L-Lyxose,171
33.5,H6_L-Lyxose,167
33.75,H6_L-Lyxose,174
34.0,H6_L-Lyxose,170
34.25,H6_L-Lyxose,171
34.5,H6_L-Lyxose,172
34.75,H6_L-Lyxose,170
35.0,H6_L-Lyxose,172
35.25,H6_L-Lyxose,171
35.5,H6_L-Lyxose,175
35.75,H6_L-Lyxose,173
36.0,H6_L-Lyxose,176
36.25,H6_L-Lyxose,172
36.5,H6_L-Lyxose,173
36.75,H6_L-Lyxose,170
37.0,H6_L-Lyxose,169
37.25,H6_L-Lyxose,174
37.5,H6_L-Lyxose,173
37.75,H6_L-Lyxose,177
38.0,H6_L-Lyxose,174
38.25,H6_L-Lyxose,179
38.5,H6_L-Lyxose,174
38.75,H6_L-Lyxose,171
39.0,H6_L-Lyxose,173
39.25,H6_L-Lyxose,173
39.5,H6_L-Lyxose,176
39.75,H6_L-Lyxose,171
40.0,H6_L-Lyxose,175
40.25,H6_L-Lyxose,181
40.5,H6_L-Lyxose,175
40.75,H6_L-Lyxose,174
41.0,H6_L-Lyxose,172
41.25,H6_L-Lyxose,176
41.5,H6_L-Lyxose,178
41.75,H6_L-Lyxose,176
42.0,H6_L-Lyxose,176
42.25,H6_L-Lyxose,174
42.5,H6_L-Lyxose,174
42.75,H6_L-Lyxose,175
43.0,H6_L-Lyxose,178
43.25,H6_L-Lyxose,176
43.5,H6_L-Lyxose,173
43.75,H6_L-Lyxose,175
44.0,H6_L-Lyxose,177
44.25,H6_L-Lyxose,176
44.5,H6_L-Lyxose,179
44.75,H6_L-Lyxose,176
45.0,H6_L-Lyxose,176
45.25,H6_L-Lyxose,179
45.5,H6_L-Lyxose,180
45.75,H6_L-Lyxose,181
46.0,H6_L-Lyxose,178
46.25,H6_L-Lyxose,179
46.5,H6_L-Lyxose,176
46.75,H6_L-Lyxose,178
47.0,H6_L-Lyxose,179
47.25,H6_L-Lyxose,178
47.5,H6_L-Lyxose,0
0.0,H7_Glucuronamide,24
0.25,H7_Glucuronamide,23
0.5,H7_Glucuronamide,15
0.75,H7_Glucuronamide,19
1.0,H7_Glucuronamide,18
1.25,H7_Glucuronamide,17
1.5,H7_Glucuronamide,21
1.75,H7_Glucuronamide,22
2.0,H7_Glucuronamide,20
2.25,H7_Glucuronamide,20
2.5,H7_Glucuronamide,21
2.75,H7_Glucuronamide,16
3.0,H7_Glucuronamide,23
3.25,H7_Glucuronamide,23
3.5,H7_Glucuronamide,17
3.75,H7_Glucuronamide,22
4.0,H7_Glucuronamide,16
4.25,H7_Glucuronamide,22
4.5,H7_Glucuronamide,17
4.75,H7_Glucuronamide,21
5.0,H7_Glucuronamide,25
5.25,H7_Glucuronamide,27
5.5,H7_Glucuronamide,23
5.75,H7_Glucuronamide,26
6.0,H7_Glucuronamide,24
6.25,H7_Glucuronamide,31
6.5,H7_Glucuronamide,32
6.75,H7_Glucuronamide,30
7.0,H7_Glucuronamide,30
7.25,H7_Glucuronamide,34
7.5,H7_Glucuronamide,37
7.75,H7_Glucuronamide,38
8.0,H7_Glucuronamide,40
8.25,H7_Glucuronamide,41
8.5,H7_Glucuronamide,37
8.75,H7_Glucuronamide,43
9.0,H7_Glucuronamide,44
9.25,H7_Glucuronamide,34
9.5,H7_Glucuronamide,40
9.75,H7_Glucuronamide,41
10.0,H7_Glucuronamide,41
10.25,H7_Glucuronamide,38
10.5,H7_Glucuronamide,44
10.75,H7_Glucuronamide,46
11.0,H7_Glucuronamide,44
11.25,H7_Glucuronamide,47
11.5,H7_Glucuronamide,45
11.75,H7_Glucuronamide,45
12.0,H7_Glucuronamide,46
12.25,H7_Glucuronamide,44
12.5,H7_Glucuronamide,45
12.75,H7_Glucuronamide,47
13.0,H7_Glucuronamide,48
13.25,H7_Glucuronamide,44
13.5,H7_Glucuronamide,48
13.75,H7_Glucuronamide,46
14.0,H7_Glucuronamide,49
14.25,H7_Glucuronamide,45
14.5,H7_Glucuronamide,47
14.75,H7_Glucuronamide,49
15.0,H7_Glucuronamide,45
15.25,H7_Glucuronamide,52
15.5,H7_Glucuronamide,47
15.75,H7_Glucuronamide,50
16.0,H7_Glucuronamide,50
16.25,H7_Glucuronamide,53
16.5,H7_Glucuronamide,49
16.75,H7_Glucuronamide,52
17.0,H7_Glucuronamide,49
17.25,H7_Glucuronamide,50
17.5,H7_Glucuronamide,50
17.75,H7_Glucuronamide,50
18.0,H7_Glucuronamide,57
18.25,H7_Glucuronamide,53
18.5,H7_Glucuronamide,54
18.75,H7_Glucuronamide,52
19.0,H7_Glucuronamide,54
19.25,H7_Glucuronamide,52
19.5,H7_Glucuronamide,48
19.75,H7_Glucuronamide,50
20.0,H7_Glucuronamide,53
20.25,H7_Glucuronamide,59
20.5,H7_Glucuronamide,56
20.75,H7_Glucuronamide,56
21.0,H7_Glucuronamide,52
21.25,H7_Glucuronamide,55
21.5,H7_Glucuronamide,54
21.75,H7_Glucuronamide,52
22.0,H7_Glucuronamide,57
22.25,H7_Glucuronamide,56
22.5,H7_Glucuronamide,53
22.75,H7_Glucuronamide,54
23.0,H7_Glucuronamide,54
23.25,H7_Glucuronamide,54
23.5,H7_Glucuronamide,58
23.75,H7_Glucuronamide,60
24.0,H7_Glucuronamide,57
24.25,H7_Glucuronamide,62
24.5,H7_Glucuronamide,60
24.75,H7_Glucuronamide,60
25.0,H7_Glucuronamide,57
25.25,H7_Glucuronamide,60
25.5,H7_Glucuronamide,56
25.75,H7_Glucuronamide,59
26.0,H7_Glucuronamide,55
26.25,H7_Glucuronamide,63
26.5,H7_Glucuronamide,58
26.75,H7_Glucuronamide,61
27.0,H7_Glucuronamide,59
27.25,H7_Glucuronamide,60
27.5,H7_Glucuronamide,62
27.75,H7_Glucuronamide,57
28.0,H7_Glucuronamide,60
28.25,H7_Glucuronamide,59
28.5,H7_Glucuronamide,54
28.75,H7_Glucuronamide,59
29.0,H7_Glucuronamide,63
29.25,H7_Glucuronamide,60
29.5,H7_Glucuronamide,61
29.75,H7_Glucuronamide,63
30.0,H7_Glucuronamide,61
30.25,H7_Glucuronamide,59
30.5,H7_Glucuronamide,64
30.75,H7_Glucuronamide,61
31.0,H7_Glucuronamide,64
31.25,H7_Glucuronamide,64
31.5,H7_Glucuronamide,64
31.75,H7_Glucuronamide,60
32.0,H7_Glucuronamide,66
32.25,H7_Glucuronamide,64
32.5,H7_Glucuronamide,63
32.75,H7_Glucuronamide,63
33.0,H7_Glucuronamide,64
33.25,H7_Glucuronamide,62
33.5,H7_Glucuronamide,66
33.75,H7_Glucuronamide,65
34.0,H7_Glucuronamide,66
34.25,H7_Glucuronamide,62
34.5,H7_Glucuronamide,64
34.75,H7_Glucuronamide,62
35.0,H7_Glucuronamide,63
35.25,H7_Glucuronamide,64
35.5,H7_Glucuronamide,65
35.75,H7_Glucuronamide,63
36.0,H7_Glucuronamide,62
36.25,H7_Glucuronamide,60
36.5,H7_Glucuronamide,69
36.75,H7_Glucuronamide,63
37.0,H7_Glucuronamide,68
37.25,H7_Glucuronamide,65
37.5,H7_Glucuronamide,65
37.75,H7_Glucuronamide,69
38.0,H7_Glucuronamide,63
38.25,H7_Glucuronamide,68
38.5,H7_Glucuronamide,65
38.75,H7_Glucuronamide,67
39.0,H7_Glucuronamide,61
39.25,H7_Glucuronamide,65
39.5,H7_Glucuronamide,66
39.75,H7_Glucuronamide,65
40.0,H7_Glucuronamide,64
40.25,H7_Glucuronamide,70
40.5,H7_Glucuronamide,63
40.75,H7_Glucuronamide,64
41.0,H7_Glucuronamide,68
41.25,H7_Glucuronamide,64
41.5,H7_Glucuronamide,67
41.75,H7_Glucuronamide,69
42.0,H7_Glucuronamide,70
42.25,H7_Glucuronamide,65
42.5,H7_Glucuronamide,64
42.75,H7_Glucuronamide,71
43.0,H7_Glucuronamide,72
43.25,H7_Glucuronamide,66
43.5,H7_Glucuronamide,67
43.75,H7_Glucuronamide,64
44.0,H7_Glucuronamide,67
44.25,H7_Glucuronamide,66
44.5,H7_Glucuronamide,63
44.75,H7_Glucuronamide,67
45.0,H7_Glucuronamide,68
45.25,H7_Glucuronamide,66
45.5,H7_Glucuronamide,68
45.75,H7_Glucuronamide,70
46.0,H7_Glucuronamide,66
46.25,H7_Glucuronamide,68
46.5,H7_Glucuronamide,68
46.75,H7_Glucuronamide,64
47.0,H7_Glucuronamide,65
47.25,H7_Glucuronamide,71
47.5,H7_Glucuronamide,0
0.0,H8_Pyruvic_Acid,12
0.25,H8_Pyruvic_Acid,12
0.5,H8_Pyruvic_Acid,17
0.75,H8_Pyruvic_Acid,20
1.0,H8_Pyruvic_Acid,20
1.25,H8_Pyruvic_Acid,19
1.5,H8_Pyruvic_Acid,24
1.75,H8_Pyruvic_Acid,20
2.0,H8_Pyruvic_Acid,19
2.25,H8_Pyruvic_Acid,22
2.5,H8_Pyruvic_Acid,17
2.75,H8_Pyruvic_Acid,19
3.0,H8_Pyruvic_Acid,25
3.25,H8_Pyruvic_Acid,24
3.5,H8_Pyruvic_Acid,23
3.75,H8_Pyruvic_Acid,26
4.0,H8_Pyruvic_Acid,26
4.25,H8_Pyruvic_Acid,28
4.5,H8_Pyruvic_Acid,30
4.75,H8_Pyruvic_Acid,27
5.0,H8_Pyruvic_Acid,29
5.25,H8_Pyruvic_Acid,34
5.5,H8_Pyruvic_Acid,33
5.75,H8_Pyruvic_Acid,35
6.0,H8_Pyruvic_Acid,38
6.25,H8_Pyruvic_Acid,39
6.5,H8_Pyruvic_Acid,40
6.75,H8_Pyruvic_Acid,40
7.0,H8_Pyruvic_Acid,43
7.25,H8_Pyruvic_Acid,46
7.5,H8_Pyruvic_Acid,43
7.75,H8_Pyruvic_Acid,52
8.0,H8_Pyruvic_Acid,53
8.25,H8_Pyruvic_Acid,51
8.5,H8_Pyruvic_Acid,49
8.75,H8_Pyruvic_Acid,52
9.0,H8_Pyruvic_Acid,50
9.25,H8_Pyruvic_Acid,53
9.5,H8_Pyruvic_Acid,56
9.75,H8_Pyruvic_Acid,50
10.0,H8_Pyruvic_Acid,49
10.25,H8_Pyruvic_Acid,49
10.5,H8_Pyruvic_Acid,55
10.75,H8_Pyruvic_Acid,62
11.0,H8_Pyruvic_Acid,57
11.25,H8_Pyruvic_Acid,62
11.5,H8_Pyruvic_Acid,67
11.75,H8_Pyruvic_Acid,66
12.0,H8_Pyruvic_Acid,73
12.25,H8_Pyruvic_Acid,79
12.5,H8_Pyruvic_Acid,80
12.75,H8_Pyruvic_Acid,84
13.0,H8_Pyruvic_Acid,91
13.25,H8_Pyruvic_Acid,93
13.5,H8_Pyruvic_Acid,100
13.75,H8_Pyruvic_Acid,108
14.0,H8_Pyruvic_Acid,108
14.25,H8_Pyruvic_Acid,110
14.5,H8_Pyruvic_Acid,113
14.75,H8_Pyruvic_Acid,121
15.0,H8_Pyruvic_Acid,126
15.25,H8_Pyruvic_Acid,130
15.5,H8_Pyruvic_Acid,135
15.75,H8_Pyruvic_Acid,136
16.0,H8_Pyruvic_Acid,145
16.25,H8_Pyruvic_Acid,149
16.5,H8_Pyruvic_Acid,154
16.75,H8_Pyruvic_Acid,152
17.0,H8_Pyruvic_Acid,160
17.25,H8_Pyruvic_Acid,167
17.5,H8_Pyruvic_Acid,171
17.75,H8_Pyruvic_Acid,173
18.0,H8_Pyruvic_Acid,184
18.25,H8_Pyruvic_Acid,187
18.5,H8_Pyruvic_Acid,190
18.75,H8_Pyruvic_Acid,190
19.0,H8_Pyruvic_Acid,195
19.25,H8_Pyruvic_Acid,196
19.5,H8_Pyruvic_Acid,202
19.75,H8_Pyruvic_Acid,204
20.0,H8_Pyruvic_Acid,211
20.25,H8_Pyruvic_Acid,218
20.5,H8_Pyruvic_Acid,220
20.75,H8_Pyruvic_Acid,222
21.0,H8_Pyruvic_Acid,226
21.25,H8_Pyruvic_Acid,227
21.5,H8_Pyruvic_Acid,226
21.75,H8_Pyruvic_Acid,230
22.0,H8_Pyruvic_Acid,235
22.25,H8_Pyruvic_Acid,235
22.5,H8_Pyruvic_Acid,241
22.75,H8_Pyruvic_Acid,239
23.0,H8_Pyruvic_Acid,248
23.25,H8_Pyruvic_Acid,246
23.5,H8_Pyruvic_Acid,245
23.75,H8_Pyruvic_Acid,250
24.0,H8_Pyruvic_Acid,254
24.25,H8_Pyruvic_Acid,256
24.5,H8_Pyruvic_Acid,255
24.75,H8_Pyruvic_Acid,256
25.0,H8_Pyruvic_Acid,261
25.25,H8_Pyruvic_Acid,257
25.5,H8_Pyruvic_Acid,262
25.75,H8_Pyruvic_Acid,262
26.0,H8_Pyruvic_Acid,261
26.25,H8_Pyruvic_Acid,262
26.5,H8_Pyruvic_Acid,259
26.75,H8_Pyruvic_Acid,259
27.0,H8_Pyruvic_Acid,265
27.25,H8_Pyruvic_Acid,262
27.5,H8_Pyruvic_Acid,268
27.75,H8_Pyruvic_Acid,266
28.0,H8_Pyruvic_Acid,267
28.25,H8_Pyruvic_Acid,265
28.5,H8_Pyruvic_Acid,266
28.75,H8_Pyruvic_Acid,270
29.0,H8_Pyruvic_Acid,269
29.25,H8_Pyruvic_Acid,269
29.5,H8_Pyruvic_Acid,265
29.75,H8_Pyruvic_Acid,267
30.0,H8_Pyruvic_Acid,272
30.25,H8_Pyruvic_Acid,271
30.5,H8_Pyruvic_Acid,272
30.75,H8_Pyruvic_Acid,271
31.0,H8_Pyruvic_Acid,273
31.25,H8_Pyruvic_Acid,273
31.5,H8_Pyruvic_Acid,275
31.75,H8_Pyruvic_Acid,271
32.0,H8_Pyruvic_Acid,273
32.25,H8_Pyruvic_Acid,273
32.5,H8_Pyruvic_Acid,273
32.75,H8_Pyruvic_Acid,274
33.0,H8_Pyruvic_Acid,278
33.25,H8_Pyruvic_Acid,273
33.5,H8_Pyruvic_Acid,276
33.75,H8_Pyruvic_Acid,275
34.0,H8_Pyruvic_Acid,275
34.25,H8_Pyruvic_Acid,277
34.5,H8_Pyruvic_Acid,277
34.75,H8_Pyruvic_Acid,277
35.0,H8_Pyruvic_Acid,279
35.25,H8_Pyruvic_Acid,281
35.5,H8_Pyruvic_Acid,277
35.75,H8_Pyruvic_Acid,279
36.0,H8_Pyruvic_Acid,274
36.25,H8_Pyruvic_Acid,276
36.5,H8_Pyruvic_Acid,272
36.75,H8_Pyruvic_Acid,271
37.0,H8_Pyruvic_Acid,271
37.25,H8_Pyruvic_Acid,269
37.5,H8_Pyruvic_Acid,263
37.75,H8_Pyruvic_Acid,264
38.0,H8_Pyruvic_Acid,265
38.25,H8_Pyruvic_Acid,261
38.5,H8_Pyruvic_Acid,267
38.75,H8_Pyruvic_Acid,267
39.0,H8_Pyruvic_Acid,265
39.25,H8_Pyruvic_Acid,262
39.5,H8_Pyruvic_Acid,261
39.75,H8_Pyruvic_Acid,263
40.0,H8_Pyruvic_Acid,266
40.25,H8_Pyruvic_Acid,263
40.5,H8_Pyruvic_Acid,265
40.75,H8_Pyruvic_Acid,266
41.0,H8_Pyruvic_Acid,261
41.25,H8_Pyruvic_Acid,266
41.5,H8_Pyruvic_Acid,264
41.75,H8_Pyruvic_Acid,258
42.0,H8_Pyruvic_Acid,259
42.25,H8_Pyruvic_Acid,266
42.5,H8_Pyruvic_Acid,257
42.75,H8_Pyruvic_Acid,259
43.0,H8_Pyruvic_Acid,259
43.25,H8_Pyruvic_Acid,264
43.5,H8_Pyruvic_Acid,259
43.75,H8_Pyruvic_Acid,263
44.0,H8_Pyruvic_Acid,257
44.25,H8_Pyruvic_Acid,260
44.5,H8_Pyruvic_Acid,259
44.75,H8_Pyruvic_Acid,257
45.0,H8_Pyruvic_Acid,262
45.25,H8_Pyruvic_Acid,262
45.5,H8_Pyruvic_Acid,254
45.75,H8_Pyruvic_Acid,258
46.0,H8_Pyruvic_Acid,260
46.25,H8_Pyruvic_Acid,258
46.5,H8_Pyruvic_Acid,258
46.75,H8_Pyruvic_Acid,261
47.0,H8_Pyruvic_Acid,256
47.25,H8_Pyruvic_Acid,262
47.5,H8_Pyruvic_Acid,0
0.0,H9_L-Galactonic_Acid-g-Lactone,32
0.25,H9_L-Galactonic_Acid-g-Lactone,16
0.5,H9_L-Galactonic_Acid-g-Lactone,19
0.75,H9_L-Galactonic_Acid-g-Lactone,20
1.0,H9_L-Galactonic_Acid-g-Lactone,22
1.25,H9_L-Galactonic_Acid-g-Lactone,24
1.5,H9_L-Galactonic_Acid-g-Lactone,21
1.75,H9_L-Galactonic_Acid-g-Lactone,21
2.0,H9_L-Galactonic_Acid-g-Lactone,25
2.25,H9_L-Galactonic_Acid-g-Lactone,22
2.5,H9_L-Galactonic_Acid-g-Lactone,22
2.75,H9_L-Galactonic_Acid-g-Lactone,18
3.0,H9_L-Galactonic_Acid-g-Lactone,30
3.25,H9_L-Galactonic_Acid-g-Lactone,29
3.5,H9_L-Galactonic_Acid-g-Lactone,21
3.75,H9_L-Galactonic_Acid-g-Lactone,25
4.0,H9_L-Galactonic_Acid-g-Lactone,23
4.25,H9_L-Galactonic_Acid-g-Lactone,29
4.5,H9_L-Galactonic_Acid-g-Lactone,26
4.75,H9_L-Galactonic_Acid-g-Lactone,24
5.0,H9_L-Galactonic_Acid-g-Lactone,27
5.25,H9_L-Galactonic_Acid-g-Lactone,30
5.5,H9_L-Galactonic_Acid-g-Lactone,29
5.75,H9_L-Galactonic_Acid-g-Lactone,36
6.0,H9_L-Galactonic_Acid-g-Lactone,33
6.25,H9_L-Galactonic_Acid-g-Lactone,33
6.5,H9_L-Galactonic_Acid-g-Lactone,40
6.75,H9_L-Galactonic_Acid-g-Lactone,41
7.0,H9_L-Galactonic_Acid-g-Lactone,41
7.25,H9_L-Galactonic_Acid-g-Lactone,41
7.5,H9_L-Galactonic_Acid-g-Lactone,39
7.75,H9_L-Galactonic_Acid-g-Lactone,48
8.0,H9_L-Galactonic_Acid-g-Lactone,44
8.25,H9_L-Galactonic_Acid-g-Lactone,45
8.5,H9_L-Galactonic_Acid-g-Lactone,43
8.75,H9_L-Galactonic_Acid-g-Lactone,43
9.0,H9_L-Galactonic_Acid-g-Lactone,48
9.25,H9_L-Galactonic_Acid-g-Lactone,46
9.5,H9_L-Galactonic_Acid-g-Lactone,49
9.75,H9_L-Galactonic_Acid-g-Lactone,44
10.0,H9_L-Galactonic_Acid-g-Lactone,47
10.25,H9_L-Galactonic_Acid-g-Lactone,44
10.5,H9_L-Galactonic_Acid-g-Lactone,51
10.75,H9_L-Galactonic_Acid-g-Lactone,51
11.0,H9_L-Galactonic_Acid-g-Lactone,45
11.25,H9_L-Galactonic_Acid-g-Lactone,45
11.5,H9_L-Galactonic_Acid-g-Lactone,48
11.75,H9_L-Galactonic_Acid-g-Lactone,51
12.0,H9_L-Galactonic_Acid-g-Lactone,46
12.25,H9_L-Galactonic_Acid-g-Lactone,46
12.5,H9_L-Galactonic_Acid-g-Lactone,48
12.75,H9_L-Galactonic_Acid-g-Lactone,52
13.0,H9_L-Galactonic_Acid-g-Lactone,50
13.25,H9_L-Galactonic_Acid-g-Lactone,51
13.5,H9_L-Galactonic_Acid-g-Lactone,51
13.75,H9_L-Galactonic_Acid-g-Lactone,49
14.0,H9_L-Galactonic_Acid-g-Lactone,49
14.25,H9_L-Galactonic_Acid-g-Lactone,49
14.5,H9_L-Galactonic_Acid-g-Lactone,49
14.75,H9_L-Galactonic_Acid-g-Lactone,52
15.0,H9_L-Galactonic_Acid-g-Lactone,49
15.25,H9_L-Galactonic_Acid-g-Lactone,55
15.5,H9_L-Galactonic_Acid-g-Lactone,53
15.75,H9_L-Galactonic_Acid-g-Lactone,51
16.0,H9_L-Galactonic_Acid-g-Lactone,52
16.25,H9_L-Galactonic_Acid-g-Lactone,49
16.5,H9_L-Galactonic_Acid-g-Lactone,54
16.75,H9_L-Galactonic_Acid-g-Lactone,53
17.0,H9_L-Galactonic_Acid-g-Lactone,54
17.25,H9_L-Galactonic_Acid-g-Lactone,56
17.5,H9_L-Galactonic_Acid-g-Lactone,55
17.75,H9_L-Galactonic_Acid-g-Lactone,56
18.0,H9_L-Galactonic_Acid-g-Lactone,54
18.25,H9_L-Galactonic_Acid-g-Lactone,56
18.5,H9_L-Galactonic_Acid-g-Lactone,57
18.75,H9_L-Galactonic_Acid-g-Lactone,57
19.0,H9_L-Galactonic_Acid-g-Lactone,60
19.25,H9_L-Galactonic_Acid-g-Lactone,54
19.5,H9_L-Galactonic_Acid-g-Lactone,53
19.75,H9_L-Galactonic_Acid-g-Lactone,49
20.0,H9_L-Galactonic_Acid-g-Lactone,60
20.25,H9_L-Galactonic_Acid-g-Lactone,56
20.5,H9_L-Galactonic_Acid-g-Lactone,57
20.75,H9_L-Galactonic_Acid-g-Lactone,55
21.0,H9_L-Galactonic_Acid-g-Lactone,55
21.25,H9_L-Galactonic_Acid-g-Lactone,53
21.5,H9_L-Galactonic_Acid-g-Lactone,57
21.75,H9_L-Galactonic_Acid-g-Lactone,56
22.0,H9_L-Galactonic_Acid-g-Lactone,60
22.25,H9_L-Galactonic_Acid-g-Lactone,59
22.5,H9_L-Galactonic_Acid-g-Lactone,57
22.75,H9_L-Galactonic_Acid-g-Lactone,54
23.0,H9_L-Galactonic_Acid-g-Lactone,58
23.25,H9_L-Galactonic_Acid-g-Lactone,56
23.5,H9_L-Galactonic_Acid-g-Lactone,60
23.75,H9_L-Galactonic_Acid-g-Lactone,60
24.0,H9_L-Galactonic_Acid-g-Lactone,56
24.25,H9_L-Galactonic_Acid-g-Lactone,59
24.5,H9_L-Galactonic_Acid-g-Lactone,61
24.75,H9_L-Galactonic_Acid-g-Lactone,61
25.0,H9_L-Galactonic_Acid-g-Lactone,58
25.25,H9_L-Galactonic_Acid-g-Lactone,65
25.5,H9_L-Galactonic_Acid-g-Lactone,59
25.75,H9_L-Galactonic_Acid-g-Lactone,62
26.0,H9_L-Galactonic_Acid-g-Lactone,59
26.25,H9_L-Galactonic_Acid-g-Lactone,64
26.5,H9_L-Galactonic_Acid-g-Lactone,59
26.75,H9_L-Galactonic_Acid-g-Lactone,62
27.0,H9_L-Galactonic_Acid-g-Lactone,60
27.25,H9_L-Galactonic_Acid-g-Lactone,58
27.5,H9_L-Galactonic_Acid-g-Lactone,59
27.75,H9_L-Galactonic_Acid-g-Lactone,57
28.0,H9_L-Galactonic_Acid-g-Lactone,62
28.25,H9_L-Galactonic_Acid-g-Lactone,62
28.5,H9_L-Galactonic_Acid-g-Lactone,59
28.75,H9_L-Galactonic_Acid-g-Lactone,62
29.0,H9_L-Galactonic_Acid-g-Lactone,65
29.25,H9_L-Galactonic_Acid-g-Lactone,59
29.5,H9_L-Galactonic_Acid-g-Lactone,56
29.75,H9_L-Galactonic_Acid-g-Lactone,61
30.0,H9_L-Galactonic_Acid-g-Lactone,61
30.25,H9_L-Galactonic_Acid-g-Lactone,61
30.5,H9_L-Galactonic_Acid-g-Lactone,64
30.75,H9_L-Galactonic_Acid-g-Lactone,63
31.0,H9_L-Galactonic_Acid-g-Lactone,64
31.25,H9_L-Galactonic_Acid-g-Lactone,64
31.5,H9_L-Galactonic_Acid-g-Lactone,62
31.75,H9_L-Galactonic_Acid-g-Lactone,65
32.0,H9_L-Galactonic_Acid-g-Lactone,66
32.25,H9_L-Galactonic_Acid-g-Lactone,68
32.5,H9_L-Galactonic_Acid-g-Lactone,63
32.75,H9_L-Galactonic_Acid-g-Lactone,61
33.0,H9_L-Galactonic_Acid-g-Lactone,63
33.25,H9_L-Galactonic_Acid-g-Lactone,57
33.5,H9_L-Galactonic_Acid-g-Lactone,64
33.75,H9_L-Galactonic_Acid-g-Lactone,64
34.0,H9_L-Galactonic_Acid-g-Lactone,62
34.25,H9_L-Galactonic_Acid-g-Lactone,65
34.5,H9_L-Galactonic_Acid-g-Lactone,67
34.75,H9_L-Galactonic_Acid-g-Lactone,62
35.0,H9_L-Galactonic_Acid-g-Lactone,62
35.25,H9_L-Galactonic_Acid-g-Lactone,61
35.5,H9_L-Galactonic_Acid-g-Lactone,63
35.75,H9_L-Galactonic_Acid-g-Lactone,59
36.0,H9_L-Galactonic_Acid-g-Lactone,65
36.25,H9_L-Galactonic_Acid-g-Lactone,67
36.5,H9_L-Galactonic_Acid-g-Lactone,64
36.75,H9_L-Galactonic_Acid-g-Lactone,62
37.0,H9_L-Galactonic_Acid-g-Lactone,67
37.25,H9_L-Galactonic_Acid-g-Lactone,66
37.5,H9_L-Galactonic_Acid-g-Lactone,65
37.75,H9_L-Galactonic_Acid-g-Lactone,68
38.0,H9_L-Galactonic_Acid-g-Lactone,68
38.25,H9_L-Galactonic_Acid-g-Lactone,66
38.5,H9_L-Galactonic_Acid-g-Lactone,70
38.75,H9_L-Galactonic_Acid-g-Lactone,69
39.0,H9_L-Galactonic_Acid-g-Lactone,67
39.25,H9_L-Galactonic_Acid-g-Lactone,69
39.5,H9_L-Galactonic_Acid-g-Lactone,68
39.75,H9_L-Galactonic_Acid-g-Lactone,68
40.0,H9_L-Galactonic_Acid-g-Lactone,68
40.25,H9_L-Galactonic_Acid-g-Lactone,70
40.5,H9_L-Galactonic_Acid-g-Lactone,70
40.75,H9_L-Galactonic_Acid-g-Lactone,68
41.0,H9_L-Galactonic_Acid-g-Lactone,69
41.25,H9_L-Galactonic_Acid-g-Lactone,71
41.5,H9_L-Galactonic_Acid-g-Lactone,72
41.75,H9_L-Galactonic_Acid-g-Lactone,72
42.0,H9_L-Galactonic_Acid-g-Lactone,74
42.25,H9_L-Galactonic_Acid-g-Lactone,73
42.5,H9_L-Galactonic_Acid-g-Lactone,70
42.75,H9_L-Galactonic_Acid-g-Lactone,76
43.0,H9_L-Galactonic_Acid-g-Lactone,75
43.25,H9_L-Galactonic_Acid-g-Lactone,78
43.5,H9_L-Galactonic_Acid-g-Lactone,76
43.75,H9_L-Galactonic_Acid-g-Lactone,76
44.0,H9_L-Galactonic_Acid-g-Lactone,78
44.25,H9_L-Galactonic_Acid-g-Lactone,79
44.5,H9_L-Galactonic_Acid-g-Lactone,75
44.75,H9_L-Galactonic_Acid-g-Lactone,82
45.0,H9_L-Galactonic_Acid-g-Lactone,84
45.25,H9_L-Galactonic_Acid-g-Lactone,85
45.5,H9_L-Galactonic_Acid-g-Lactone,82
45.75,H9_L-Galactonic_Acid-g-Lactone,87
46.0,H9_L-Galactonic_Acid-g-Lactone,83
46.25,H9_L-Galactonic_Acid-g-Lactone,87
46.5,H9_L-Galactonic_Acid-g-Lactone,90
46.75,H9_L-Galactonic_Acid-g-Lactone,93
47.0,H9_L-Galactonic_Acid-g-Lactone,87
47.25,H9_L-Galactonic_Acid-g-Lactone,89
47.5,H9_L-Galactonic_Acid-g-Lactone,0
0.0,H10_D-GalacturonicAcid,52
0.25,H10_D-GalacturonicAcid,42
0.5,H10_D-GalacturonicAcid,51
0.75,H10_D-GalacturonicAcid,28
1.0,H10_D-GalacturonicAcid,21
1.25,H10_D-GalacturonicAcid,15
1.5,H10_D-GalacturonicAcid,17
1.75,H10_D-GalacturonicAcid,23
2.0,H10_D-GalacturonicAcid,25
2.25,H10_D-GalacturonicAcid,23
2.5,H10_D-GalacturonicAcid,17
2.75,H10_D-GalacturonicAcid,21
3.0,H10_D-GalacturonicAcid,27
3.25,H10_D-GalacturonicAcid,22
3.5,H10_D-GalacturonicAcid,28
3.75,H10_D-GalacturonicAcid,25
4.0,H10_D-GalacturonicAcid,24
4.25,H10_D-GalacturonicAcid,31
4.5,H10_D-GalacturonicAcid,28
4.75,H10_D-GalacturonicAcid,36
5.0,H10_D-GalacturonicAcid,33
5.25,H10_D-GalacturonicAcid,32
5.5,H10_D-GalacturonicAcid,30
5.75,H10_D-GalacturonicAcid,37
6.0,H10_D-GalacturonicAcid,40
6.25,H10_D-GalacturonicAcid,37
6.5,H10_D-GalacturonicAcid,44
6.75,H10_D-GalacturonicAcid,34
7.0,H10_D-GalacturonicAcid,44
7.25,H10_D-GalacturonicAcid,47
7.5,H10_D-GalacturonicAcid,47
7.75,H10_D-GalacturonicAcid,41
8.0,H10_D-GalacturonicAcid,44
8.25,H10_D-GalacturonicAcid,46
8.5,H10_D-GalacturonicAcid,46
8.75,H10_D-GalacturonicAcid,48
9.0,H10_D-GalacturonicAcid,49
9.25,H10_D-GalacturonicAcid,44
9.5,H10_D-GalacturonicAcid,43
9.75,H10_D-GalacturonicAcid,51
10.0,H10_D-GalacturonicAcid,45
10.25,H10_D-GalacturonicAcid,42
10.5,H10_D-GalacturonicAcid,51
10.75,H10_D-GalacturonicAcid,50
11.0,H10_D-GalacturonicAcid,41
11.25,H10_D-GalacturonicAcid,46
11.5,H10_D-GalacturonicAcid,47
11.75,H10_D-GalacturonicAcid,45
12.0,H10_D-GalacturonicAcid,49
12.25,H10_D-GalacturonicAcid,48
12.5,H10_D-GalacturonicAcid,47
12.75,H10_D-GalacturonicAcid,49
13.0,H10_D-GalacturonicAcid,49
13.25,H10_D-GalacturonicAcid,54
13.5,H10_D-GalacturonicAcid,53
13.75,H10_D-GalacturonicAcid,49
14.0,H10_D-GalacturonicAcid,45
14.25,H10_D-GalacturonicAcid,49
14.5,H10_D-GalacturonicAcid,56
14.75,H10_D-GalacturonicAcid,51
15.0,H10_D-GalacturonicAcid,52
15.25,H10_D-GalacturonicAcid,52
15.5,H10_D-GalacturonicAcid,49
15.75,H10_D-GalacturonicAcid,51
16.0,H10_D-GalacturonicAcid,53
16.25,H10_D-GalacturonicAcid,57
16.5,H10_D-GalacturonicAcid,57
16.75,H10_D-GalacturonicAcid,49
17.0,H10_D-GalacturonicAcid,55
17.25,H10_D-GalacturonicAcid,52
17.5,H10_D-GalacturonicAcid,56
17.75,H10_D-GalacturonicAcid,54
18.0,H10_D-GalacturonicAcid,61
18.25,H10_D-GalacturonicAcid,59
18.5,H10_D-GalacturonicAcid,57
18.75,H10_D-GalacturonicAcid,55
19.0,H10_D-GalacturonicAcid,52
19.25,H10_D-GalacturonicAcid,55
19.5,H10_D-GalacturonicAcid,54
19.75,H10_D-GalacturonicAcid,53
20.0,H10_D-GalacturonicAcid,60
20.25,H10_D-GalacturonicAcid,60
20.5,H10_D-GalacturonicAcid,60
20.75,H10_D-GalacturonicAcid,59
21.0,H10_D-GalacturonicAcid,59
21.25,H10_D-GalacturonicAcid,57
21.5,H10_D-GalacturonicAcid,55
21.75,H10_D-GalacturonicAcid,57
22.0,H10_D-GalacturonicAcid,59
22.25,H10_D-GalacturonicAcid,53
22.5,H10_D-GalacturonicAcid,56
22.75,H10_D-GalacturonicAcid,55
23.0,H10_D-GalacturonicAcid,55
23.25,H10_D-GalacturonicAcid,58
23.5,H10_D-GalacturonicAcid,61
23.75,H10_D-GalacturonicAcid,54
24.0,H10_D-GalacturonicAcid,59
24.25,H10_D-GalacturonicAcid,61
24.5,H10_D-GalacturonicAcid,59
24.75,H10_D-GalacturonicAcid,58
25.0,H10_D-GalacturonicAcid,63
25.25,H10_D-GalacturonicAcid,62
25.5,H10_D-GalacturonicAcid,60
25.75,H10_D-GalacturonicAcid,61
26.0,H10_D-GalacturonicAcid,59
26.25,H10_D-GalacturonicAcid,58
26.5,H10_D-GalacturonicAcid,53
26.75,H10_D-GalacturonicAcid,56
27.0,H10_D-GalacturonicAcid,58
27.25,H10_D-GalacturonicAcid,58
27.5,H10_D-GalacturonicAcid,60
27.75,H10_D-GalacturonicAcid,56
28.0,H10_D-GalacturonicAcid,60
28.25,H10_D-GalacturonicAcid,60
28.5,H10_D-GalacturonicAcid,57
28.75,H10_D-GalacturonicAcid,65
29.0,H10_D-GalacturonicAcid,59
29.25,H10_D-GalacturonicAcid,57
29.5,H10_D-GalacturonicAcid,60
29.75,H10_D-GalacturonicAcid,61
30.0,H10_D-GalacturonicAcid,59
30.25,H10_D-GalacturonicAcid,63
30.5,H10_D-GalacturonicAcid,63
30.75,H10_D-GalacturonicAcid,60
31.0,H10_D-GalacturonicAcid,62
31.25,H10_D-GalacturonicAcid,64
31.5,H10_D-GalacturonicAcid,64
31.75,H10_D-GalacturonicAcid,64
32.0,H10_D-GalacturonicAcid,61
32.25,H10_D-GalacturonicAcid,66
32.5,H10_D-GalacturonicAcid,65
32.75,H10_D-GalacturonicAcid,64
33.0,H10_D-GalacturonicAcid,63
33.25,H10_D-GalacturonicAcid,58
33.5,H10_D-GalacturonicAcid,59
33.75,H10_D-GalacturonicAcid,57
34.0,H10_D-GalacturonicAcid,61
34.25,H10_D-GalacturonicAcid,60
34.5,H10_D-GalacturonicAcid,63
34.75,H10_D-GalacturonicAcid,61
35.0,H10_D-GalacturonicAcid,66
35.25,H10_D-GalacturonicAcid,65
35.5,H10_D-GalacturonicAcid,65
35.75,H10_D-GalacturonicAcid,67
36.0,H10_D-GalacturonicAcid,62
36.25,H10_D-GalacturonicAcid,62
36.5,H10_D-GalacturonicAcid,66
36.75,H10_D-GalacturonicAcid,64
37.0,H10_D-GalacturonicAcid,65
37.25,H10_D-GalacturonicAcid,65
37.5,H10_D-GalacturonicAcid,65
37.75,H10_D-GalacturonicAcid,63
38.0,H10_D-GalacturonicAcid,63
38.25,H10_D-GalacturonicAcid,65
38.5,H10_D-GalacturonicAcid,70
38.75,H10_D-GalacturonicAcid,70
39.0,H10_D-GalacturonicAcid,71
39.25,H10_D-GalacturonicAcid,67
39.5,H10_D-GalacturonicAcid,71
39.75,H10_D-GalacturonicAcid,78
40.0,H10_D-GalacturonicAcid,75
40.25,H10_D-GalacturonicAcid,70
40.5,H10_D-GalacturonicAcid,74
40.75,H10_D-GalacturonicAcid,78
41.0,H10_D-GalacturonicAcid,72
41.25,H10_D-GalacturonicAcid,77
41.5,H10_D-GalacturonicAcid,72
41.75,H10_D-GalacturonicAcid,75
42.0,H10_D-GalacturonicAcid,77
42.25,H10_D-GalacturonicAcid,83
42.5,H10_D-GalacturonicAcid,79
42.75,H10_D-GalacturonicAcid,71
43.0,H10_D-GalacturonicAcid,80
43.25,H10_D-GalacturonicAcid,89
43.5,H10_D-GalacturonicAcid,87
43.75,H10_D-GalacturonicAcid,85
44.0,H10_D-GalacturonicAcid,83
44.25,H10_D-GalacturonicAcid,81
44.5,H10_D-GalacturonicAcid,84
44.75,H10_D-GalacturonicAcid,84
45.0,H10_D-GalacturonicAcid,85
45.25,H10_D-GalacturonicAcid,97
45.5,H10_D-GalacturonicAcid,89
45.75,H10_D-GalacturonicAcid,91
46.0,H10_D-GalacturonicAcid,97
46.25,H10_D-GalacturonicAcid,91
46.5,H10_D-GalacturonicAcid,97
46.75,H10_D-GalacturonicAcid,108
47.0,H10_D-GalacturonicAcid,108
47.25,H10_D-GalacturonicAcid,111
47.5,H10_D-GalacturonicAcid,0
0.0,H11_Phenylethylamine,22
0.25,H11_Phenylethylamine,28
0.5,H11_Phenylethylamine,31
0.75,H11_Phenylethylamine,34
1.0,H11_Phenylethylamine,34
1.25,H11_Phenylethylamine,34
1.5,H11_Phenylethylamine,31
1.75,H11_Phenylethylamine,32
2.0,H11_Phenylethylamine,37
2.25,H11_Phenylethylamine,35
2.5,H11_Phenylethylamine,30
2.75,H11_Phenylethylamine,30
3.0,H11_Phenylethylamine,33
3.25,H11_Phenylethylamine,30
3.5,H11_Phenylethylamine,31
3.75,H11_Phenylethylamine,31
4.0,H11_Phenylethylamine,25
4.25,H11_Phenylethylamine,33
4.5,H11_Phenylethylamine,25
4.75,H11_Phenylethylamine,30
5.0,H11_Phenylethylamine,29
5.25,H11_Phenylethylamine,34
5.5,H11_Phenylethylamine,32
5.75,H11_Phenylethylamine,31
6.0,H11_Phenylethylamine,31
6.25,H11_Phenylethylamine,32
6.5,H11_Phenylethylamine,36
6.75,H11_Phenylethylamine,32
7.0,H11_Phenylethylamine,34
7.25,H11_Phenylethylamine,38
7.5,H11_Phenylethylamine,40
7.75,H11_Phenylethylamine,38
8.0,H11_Phenylethylamine,40
8.25,H11_Phenylethylamine,43
8.5,H11_Phenylethylamine,42
8.75,H11_Phenylethylamine,37
9.0,H11_Phenylethylamine,42
9.25,H11_Phenylethylamine,43
9.5,H11_Phenylethylamine,50
9.75,H11_Phenylethylamine,42
10.0,H11_Phenylethylamine,43
10.25,H11_Phenylethylamine,40
10.5,H11_Phenylethylamine,46
10.75,H11_Phenylethylamine,49
11.0,H11_Phenylethylamine,46
11.25,H11_Phenylethylamine,48
11.5,H11_Phenylethylamine,51
11.75,H11_Phenylethylamine,46
12.0,H11_Phenylethylamine,48
12.25,H11_Phenylethylamine,47
12.5,H11_Phenylethylamine,47
12.75,H11_Phenylethylamine,45
13.0,H11_Phenylethylamine,46
13.25,H11_Phenylethylamine,44
13.5,H11_Phenylethylamine,49
13.75,H11_Phenylethylamine,47
14.0,H11_Phenylethylamine,52
14.25,H11_Phenylethylamine,45
14.5,H11_Phenylethylamine,42
14.75,H11_Phenylethylamine,47
15.0,H11_Phenylethylamine,45
15.25,H11_Phenylethylamine,48
15.5,H11_Phenylethylamine,53
15.75,H11_Phenylethylamine,50
16.0,H11_Phenylethylamine,46
16.25,H11_Phenylethylamine,50
16.5,H11_Phenylethylamine,50
16.75,H11_Phenylethylamine,50
17.0,H11_Phenylethylamine,50
17.25,H11_Phenylethylamine,48
17.5,H11_Phenylethylamine,52
17.75,H11_Phenylethylamine,51
18.0,H11_Phenylethylamine,54
18.25,H11_Phenylethylamine,52
18.5,H11_Phenylethylamine,49
18.75,H11_Phenylethylamine,52
19.0,H11_Phenylethylamine,58
19.25,H11_Phenylethylamine,52
19.5,H11_Phenylethylamine,50
19.75,H11_Phenylethylamine,46
20.0,H11_Phenylethylamine,51
20.25,H11_Phenylethylamine,52
20.5,H11_Phenylethylamine,51
20.75,H11_Phenylethylamine,52
21.0,H11_Phenylethylamine,55
21.25,H11_Phenylethylamine,50
21.5,H11_Phenylethylamine,51
21.75,H11_Phenylethylamine,49
22.0,H11_Phenylethylamine,51
22.25,H11_Phenylethylamine,48
22.5,H11_Phenylethylamine,48
22.75,H11_Phenylethylamine,47
23.0,H11_Phenylethylamine,47
23.25,H11_Phenylethylamine,50
23.5,H11_Phenylethylamine,50
23.75,H11_Phenylethylamine,56
24.0,H11_Phenylethylamine,52
24.25,H11_Phenylethylamine,54
24.5,H11_Phenylethylamine,51
24.75,H11_Phenylethylamine,48
25.0,H11_Phenylethylamine,52
25.25,H11_Phenylethylamine,51
25.5,H11_Phenylethylamine,50
25.75,H11_Phenylethylamine,51
26.0,H11_Phenylethylamine,54
26.25,H11_Phenylethylamine,54
26.5,H11_Phenylethylamine,49
26.75,H11_Phenylethylamine,48
27.0,H11_Phenylethylamine,54
27.25,H11_Phenylethylamine,51
27.5,H11_Phenylethylamine,52
27.75,H11_Phenylethylamine,47
28.0,H11_Phenylethylamine,50
28.25,H11_Phenylethylamine,52
28.5,H11_Phenylethylamine,47
28.75,H11_Phenylethylamine,47
29.0,H11_Phenylethylamine,51
29.25,H11_Phenylethylamine,53
29.5,H11_Phenylethylamine,52
29.75,H11_Phenylethylamine,52
30.0,H11_Phenylethylamine,50
30.25,H11_Phenylethylamine,53
30.5,H11_Phenylethylamine,54
30.75,H11_Phenylethylamine,51
31.0,H11_Phenylethylamine,53
31.25,H11_Phenylethylamine,51
31.5,H11_Phenylethylamine,51
31.75,H11_Phenylethylamine,51
32.0,H11_Phenylethylamine,55
32.25,H11_Phenylethylamine,49
32.5,H11_Phenylethylamine,53
32.75,H11_Phenylethylamine,52
33.0,H11_Phenylethylamine,50
33.25,H11_Phenylethylamine,48
33.5,H11_Phenylethylamine,57
33.75,H11_Phenylethylamine,51
34.0,H11_Phenylethylamine,53
34.25,H11_Phenylethylamine,51
34.5,H11_Phenylethylamine,56
34.75,H11_Phenylethylamine,53
35.0,H11_Phenylethylamine,55
35.25,H11_Phenylethylamine,55
35.5,H11_Phenylethylamine,55
35.75,H11_Phenylethylamine,55
36.0,H11_Phenylethylamine,55
36.25,H11_Phenylethylamine,50
36.5,H11_Phenylethylamine,50
36.75,H11_Phenylethylamine,51
37.0,H11_Phenylethylamine,51
37.25,H11_Phenylethylamine,53
37.5,H11_Phenylethylamine,57
37.75,H11_Phenylethylamine,50
38.0,H11_Phenylethylamine,54
38.25,H11_Phenylethylamine,53
38.5,H11_Phenylethylamine,55
38.75,H11_Phenylethylamine,51
39.0,H11_Phenylethylamine,48
39.25,H11_Phenylethylamine,54
39.5,H11_Phenylethylamine,47
39.75,H11_Phenylethylamine,51
40.0,H11_Phenylethylamine,53
40.25,H11_Phenylethylamine,56
40.5,H11_Phenylethylamine,47
40.75,H11_Phenylethylamine,51
41.0,H11_Phenylethylamine,49
41.25,H11_Phenylethylamine,53
41.5,H11_Phenylethylamine,50
41.75,H11_Phenylethylamine,47
42.0,H11_Phenylethylamine,45
42.25,H11_Phenylethylamine,51
42.5,H11_Phenylethylamine,47
42.75,H11_Phenylethylamine,52
43.0,H11_Phenylethylamine,50
43.25,H11_Phenylethylamine,50
43.5,H11_Phenylethylamine,50
43.75,H11_Phenylethylamine,52
44.0,H11_Phenylethylamine,49
44.25,H11_Phenylethylamine,54
44.5,H11_Phenylethylamine,54
44.75,H11_Phenylethylamine,51
45.0,H11_Phenylethylamine,50
45.25,H11_Phenylethylamine,50
45.5,H11_Phenylethylamine,49
45.75,H11_Phenylethylamine,49
46.0,H11_Phenylethylamine,55
46.25,H11_Phenylethylamine,50
46.5,H11_Phenylethylamine,51
46.75,H11_Phenylethylamine,54
47.0,H11_Phenylethylamine,52
47.25,H11_Phenylethylamine,50
47.5,H11_Phenylethylamine,0
0.0,H12_2-Aminoethanol,44
0.25,H12_2-Aminoethanol,22
0.5,H12_2-Aminoethanol,24
0.75,H12_2-Aminoethanol,28
1.0,H12_2-Aminoethanol,26
1.25,H12_2-Aminoethanol,28
1.5,H12_2-Aminoethanol,28
1.75,H12_2-Aminoethanol,25
2.0,H12_2-Aminoethanol,25
2.25,H12_2-Aminoethanol,27
2.5,H12_2-Aminoethanol,29
2.75,H12_2-Aminoethanol,28
3.0,H12_2-Aminoethanol,30
3.25,H12_2-Aminoethanol,26
3.5,H12_2-Aminoethanol,33
3.75,H12_2-Aminoethanol,29
4.0,H12_2-Aminoethanol,26
4.25,H12_2-Aminoethanol,37
4.5,H12_2-Aminoethanol,32
4.75,H12_2-Aminoethanol,35
5.0,H12_2-Aminoethanol,35
5.25,H12_2-Aminoethanol,36
5.5,H12_2-Aminoethanol,35
5.75,H12_2-Aminoethanol,39
6.0,H12_2-Aminoethanol,45
6.25,H12_2-Aminoethanol,43
6.5,H12_2-Aminoethanol,43
6.75,H12_2-Aminoethanol,43
7.0,H12_2-Aminoethanol,47
7.25,H12_2-Aminoethanol,49
7.5,H12_2-Aminoethanol,50
7.75,H12_2-Aminoethanol,49
8.0,H12_2-Aminoethanol,52
8.25,H12_2-Aminoethanol,52
8.5,H12_2-Aminoethanol,55
8.75,H12_2-Aminoethanol,49
9.0,H12_2-Aminoethanol,50
9.25,H12_2-Aminoethanol,48
9.5,H12_2-Aminoethanol,50
9.75,H12_2-Aminoethanol,55
10.0,H12_2-Aminoethanol,46
10.25,H12_2-Aminoethanol,46
10.5,H12_2-Aminoethanol,51
10.75,H12_2-Aminoethanol,51
11.0,H12_2-Aminoethanol,51
11.25,H12_2-Aminoethanol,49
11.5,H12_2-Aminoethanol,54
11.75,H12_2-Aminoethanol,46
12.0,H12_2-Aminoethanol,53
12.25,H12_2-Aminoethanol,52
12.5,H12_2-Aminoethanol,52
12.75,H12_2-Aminoethanol,51
13.0,H12_2-Aminoethanol,49
13.25,H12_2-Aminoethanol,52
13.5,H12_2-Aminoethanol,56
13.75,H12_2-Aminoethanol,55
14.0,H12_2-Aminoethanol,51
14.25,H12_2-Aminoethanol,56
14.5,H12_2-Aminoethanol,54
14.75,H12_2-Aminoethanol,55
15.0,H12_2-Aminoethanol,54
15.25,H12_2-Aminoethanol,54
15.5,H12_2-Aminoethanol,53
15.75,H12_2-Aminoethanol,56
16.0,H12_2-Aminoethanol,57
16.25,H12_2-Aminoethanol,55
16.5,H12_2-Aminoethanol,55
16.75,H12_2-Aminoethanol,53
17.0,H12_2-Aminoethanol,55
17.25,H12_2-Aminoethanol,60
17.5,H12_2-Aminoethanol,59
17.75,H12_2-Aminoethanol,60
18.0,H12_2-Aminoethanol,59
18.25,H12_2-Aminoethanol,61
18.5,H12_2-Aminoethanol,59
18.75,H12_2-Aminoethanol,55
19.0,H12_2-Aminoethanol,57
19.25,H12_2-Aminoethanol,59
19.5,H12_2-Aminoethanol,56
19.75,H12_2-Aminoethanol,58
20.0,H12_2-Aminoethanol,62
20.25,H12_2-Aminoethanol,61
20.5,H12_2-Aminoethanol,63
20.75,H12_2-Aminoethanol,60
21.0,H12_2-Aminoethanol,61
21.25,H12_2-Aminoethanol,66
21.5,H12_2-Aminoethanol,59
21.75,H12_2-Aminoethanol,56
22.0,H12_2-Aminoethanol,62
22.25,H12_2-Aminoethanol,59
22.5,H12_2-Aminoethanol,54
22.75,H12_2-Aminoethanol,61
23.0,H12_2-Aminoethanol,62
23.25,H12_2-Aminoethanol,59
23.5,H12_2-Aminoethanol,58
23.75,H12_2-Aminoethanol,61
24.0,H12_2-Aminoethanol,62
24.25,H12_2-Aminoethanol,60
24.5,H12_2-Aminoethanol,66
24.75,H12_2-Aminoethanol,65
25.0,H12_2-Aminoethanol,65
25.25,H12_2-Aminoethanol,60
25.5,H12_2-Aminoethanol,66
25.75,H12_2-Aminoethanol,64
26.0,H12_2-Aminoethanol,61
26.25,H12_2-Aminoethanol,65
26.5,H12_2-Aminoethanol,64
26.75,H12_2-Aminoethanol,58
27.0,H12_2-Aminoethanol,60
27.25,H12_2-Aminoethanol,61
27.5,H12_2-Aminoethanol,61
27.75,H12_2-Aminoethanol,60
28.0,H12_2-Aminoethanol,59
28.25,H12_2-Aminoethanol,63
28.5,H12_2-Aminoethanol,62
28.75,H12_2-Aminoethanol,65
29.0,H12_2-Aminoethanol,64
29.25,H12_2-Aminoethanol,60
29.5,H12_2-Aminoethanol,59
29.75,H12_2-Aminoethanol,63
30.0,H12_2-Aminoethanol,60
30.25,H12_2-Aminoethanol,61
30.5,H12_2-Aminoethanol,59
30.75,H12_2-Aminoethanol,64
31.0,H12_2-Aminoethanol,64
31.25,H12_2-Aminoethanol,65
31.5,H12_2-Aminoethanol,64
31.75,H12_2-Aminoethanol,62
32.0,H12_2-Aminoethanol,67
32.25,H12_2-Aminoethanol,67
32.5,H12_2-Aminoethanol,67
32.75,H12_2-Aminoethanol,62
33.0,H12_2-Aminoethanol,70
33.25,H12_2-Aminoethanol,61
33.5,H12_2-Aminoethanol,66
33.75,H12_2-Aminoethanol,64
34.0,H12_2-Aminoethanol,67
34.25,H12_2-Aminoethanol,66
34.5,H12_2-Aminoethanol,65
34.75,H12_2-Aminoethanol,63
35.0,H12_2-Aminoethanol,66
35.25,H12_2-Aminoethanol,66
35.5,H12_2-Aminoethanol,68
35.75,H12_2-Aminoethanol,62
36.0,H12_2-Aminoethanol,67
36.25,H12_2-Aminoethanol,65
36.5,H12_2-Aminoethanol,69
36.75,H12_2-Aminoethanol,67
37.0,H12_2-Aminoethanol,67
37.25,H12_2-Aminoethanol,67
37.5,H12_2-Aminoethanol,72
37.75,H12_2-Aminoethanol,67
38.0,H12_2-Aminoethanol,68
38.25,H12_2-Aminoethanol,68
38.5,H12_2-Aminoethanol,71
38.75,H12_2-Aminoethanol,69
39.0,H12_2-Aminoethanol,67
39.25,H12_2-Aminoethanol,68
39.5,H12_2-Aminoethanol,69
39.75,H12_2-Aminoethanol,68
40.0,H12_2-Aminoethanol,72
40.25,H12_2-Aminoethanol,71
40.5,H12_2-Aminoethanol,66
40.75,H12_2-Aminoethanol,68
41.0,H12_2-Aminoethanol,73
41.25,H12_2-Aminoethanol,67
41.5,H12_2-Aminoethanol,68
41.75,H12_2-Aminoethanol,69
42.0,H12_2-Aminoethanol,69
42.25,H12_2-Aminoethanol,68
42.5,H12_2-Aminoethanol,67
42.75,H12_2-Aminoethanol,66
43.0,H12_2-Aminoethanol,68
43.25,H12_2-Aminoethanol,66
43.5,H12_2-Aminoethanol,65
43.75,H12_2-Aminoethanol,69
44.0,H12_2-Aminoethanol,68
44.25,H12_2-Aminoethanol,73
44.5,H12_2-Aminoethanol,66
44.75,H12_2-Aminoethanol,68
45.0,H12_2-Aminoethanol,70
45.25,H12_2-Aminoethanol,69
45.5,H12_2-Aminoethanol,70
45.75,H12_2-Aminoethanol,68
46.0,H12_2-Aminoethanol,68
46.25,H12_2-Aminoethanol,70
46.5,H12_2-Aminoethanol,69
46.75,H12_2-Aminoethanol,71
47.0,H12_2-Aminoethanol,72
47.25,H12_2-Aminoethanol,72
47.5,H12_2-Aminoethanol,0
