Hour,A1_Negative_Control,A2_L-Arabinose,A3_N-Acetyl-D_Glucosamine,A4_D-Saccharic_Acid,A5_Succinic_Acid,A6_D-Galactose,A7_L-Aspartic_Acid,A8_L-Proline,A9_D-Alanine,A10_D-Trehalose,A11_D-Mannose,A12_Dulcitol,B1_D-Serine,B2_D-Sorbitol,B3_Glycerol,B4_L-Fucose,B5_D-Glucuronic_Acid,B6_D-Gluconic_Acid,B7_D-L-a-Glycerol_Phosphate,B8_D-Xylose,B9_L-Lactic_Acid,B10_Formic_Acid,B11_D-Mannitol,B12_L-Glutamic_Acid,C1_D-Glucose-6-Phosphate,C2_D-GalactonicAcid-g-Lactone,C3_D-L-Malic_Acid,C4_D-Ribose,C5_Tween_20,C6_L-Rhamnose,C7_D-Fructose,C8_Acetic_Acid,C9_a-D-Glucose,C10_Maltose,C11_D-Melibiose,C12_Thymidine,D-1_L-Asparagine,D2_D-Aspartic_Acid,D3_D-Glucosaminic_Acid,D4_1-2-Propanediol,D5_Tween_40,D6_a-Keto-Glutaric_Acid,D7_a-Keto-Butyric_Acid,D8_a-Methyl-D_Galactoside,D9_a-D-Lactose,D10_Lactulose,D11_Sucrose,D12_Uridine,E1_L-Glutamine,E2_m-Tartaric_Acid,E3_D-Glucose-1-Phosphate,E4_D-Fructose-6-Phosphate,E5_Tween_80,E6_a-Hydroxy_Glutaric_Acid-g_Lactone,E7_a-Hydroxy_Butyric_Acid,E8_B-Methyl-D_Glucoside,E9_Adonitol,E10_Maltotriose,E11_2-DeoxyAdenosine,E12_Adenosine,F1_Glycyl-L-Aspartic_Acid,F2_Citric_Acid,F3_myo-Inositol,F4_D-Threonine,F5_Fumaric_Acid,F6_Bromo_Succinic_Acid,F7_Propionic_Acid,F8_Mucic_Acid,F9_Glycolic_Acid,F10_Glyoxylic_Acid,F11_D-Cellobiose,F12_Inosine,G1_Glycyl-L-Glutamic_Acid,G2_Tricarballylic_Acid,G3_L-Serine,G4_L-Threonine,G5_L-Alanine,G6_L-Alanyl-Glycine,G7_Acetoacetic_Acid,G8_N-Acetyl-B-D_Mannosamine,G9_Mono_Methyl_Succinate,G10_Methyl_Pyruvate,G11_D-Malic_Acid,G12_L-Malic_Acid,H1_Glycyl-L-Proline,H2_p-Hydroxy_Phenyl_AceticAcid,H3_m-Hydroxy_Phenyl_AceticAcid,H4_Tyramine,H5_D-Psicose,H6_L-Lyxose,H7_Glucuronamide,H8_Pyruvic_Acid,H9_L-Galactonic_Acid-g-Lactone,H10_D-GalacturonicAcid,H11_Phenylethylamine,H12_2-Aminoethanol
0.0,23.0,54.333333333333336,13.666666666666666,14.0,12.666666666666666,15.0,14.0,13.333333333333334,14.333333333333334,15.666666666666666,17.666666666666668,22.333333333333332,20.333333333333332,12.666666666666666,12.666666666666666,11.333333333333334,11.0,11.333333333333334,11.0,55.333333333333336,11.333333333333334,11.666666666666666,13.0,22.333333333333332,25.333333333333332,13.333333333333334,11.666666666666666,51.666666666666664,11.333333333333334,11.0,11.0,12.0,11.666666666666666,13.0,14.333333333333334,19.0,14.666666666666666,15.333333333333334,11.0,11.0,11.0,11.333333333333334,11.0,11.0,11.0,11.0,12.0,19.333333333333332,19.0,11.666666666666666,11.0,11.333333333333334,11.0,11.0,11.0,11.0,11.0,11.333333333333334,11.666666666666666,20.666666666666668,22.0,11.666666666666666,12.0,11.0,12.0,11.0,11.0,11.333333333333334,11.666666666666666,12.333333333333334,16.0,30.333333333333332,28.666666666666668,12.666666666666666,13.0,13.0,11.333333333333334,11.0,11.666666666666666,11.666666666666666,13.333333333333334,20.0,14.333333333333334,24.333333333333332,21.333333333333332,20.0,13.666666666666666,13.333333333333334,15.666666666666666,80.33333333333333,12.333333333333334,16.666666666666668,17.666666666666668,18.666666666666668,19.0,24.666666666666668
0.25,20.333333333333332,62.333333333333336,14.333333333333334,12.0,12.333333333333334,15.0,14.0,13.333333333333334,14.0,13.666666666666666,19.666666666666668,25.0,16.666666666666668,13.333333333333334,13.666666666666666,11.333333333333334,12.333333333333334,12.0,11.0,60.0,12.666666666666666,12.333333333333334,15.333333333333334,21.666666666666668,20.666666666666668,12.0,11.666666666666666,56.0,11.333333333333334,11.0,11.666666666666666,12.0,11.666666666666666,12.0,13.333333333333334,17.333333333333332,13.333333333333334,16.666666666666668,11.0,11.0,11.0,11.0,11.0,11.0,11.0,11.666666666666666,12.666666666666666,20.333333333333332,18.333333333333332,11.0,12.0,14.666666666666666,11.0,11.0,11.0,11.0,11.0,11.0,11.666666666666666,20.0,22.333333333333332,12.666666666666666,15.0,11.0,12.0,11.333333333333334,11.0,12.0,11.0,11.0,15.0,27.0,27.333333333333332,14.333333333333334,11.333333333333334,11.0,11.0,12.666666666666666,11.666666666666666,12.333333333333334,13.0,16.666666666666668,17.666666666666668,22.0,22.666666666666668,18.666666666666668,14.0,15.0,17.666666666666668,84.33333333333333,13.333333333333334,16.333333333333332,16.333333333333332,21.333333333333332,19.0,23.666666666666668
0.5,21.333333333333332,63.0,12.0,12.666666666666666,12.666666666666666,15.666666666666666,13.333333333333334,12.333333333333334,13.0,13.666666666666666,16.333333333333332,20.0,19.333333333333332,12.0,12.0,11.333333333333334,11.0,11.333333333333334,11.0,62.666666666666664,12.0,11.0,12.333333333333334,20.0,17.0,14.0,11.333333333333334,62.0,11.0,11.0,11.0,12.333333333333334,11.0,11.666666666666666,14.0,16.0,13.666666666666666,13.333333333333334,11.0,11.0,11.0,11.0,11.0,11.0,11.0,11.0,11.0,18.666666666666668,16.666666666666668,12.0,11.0,12.333333333333334,11.0,11.0,11.0,11.0,11.0,11.0,11.0,17.333333333333332,21.333333333333332,12.333333333333334,12.333333333333334,11.666666666666666,11.0,11.0,11.0,11.0,11.0,11.0,14.666666666666666,23.666666666666668,24.666666666666668,13.666666666666666,12.0,12.0,13.666666666666666,11.666666666666666,11.666666666666666,12.0,11.0,12.333333333333334,18.0,21.0,21.333333333333332,22.0,12.0,14.0,17.0,84.0,12.666666666666666,15.333333333333334,16.0,16.333333333333332,17.666666666666668,22.0
0.75,21.0,66.0,13.666666666666666,12.666666666666666,12.666666666666666,15.333333333333334,12.333333333333334,13.0,12.333333333333334,12.666666666666666,16.0,20.333333333333332,17.666666666666668,12.333333333333334,11.666666666666666,11.333333333333334,11.666666666666666,11.0,11.0,65.0,11.333333333333334,12.333333333333334,13.666666666666666,20.333333333333332,18.666666666666668,13.0,11.333333333333334,66.33333333333333,11.0,11.0,11.0,12.666666666666666,12.666666666666666,12.0,12.333333333333334,20.333333333333332,14.0,15.666666666666666,11.0,11.333333333333334,11.0,11.0,11.0,11.0,11.0,11.666666666666666,13.333333333333334,19.333333333333332,15.333333333333334,11.333333333333334,11.0,13.0,11.333333333333334,11.0,11.0,11.0,11.0,11.0,11.666666666666666,18.666666666666668,21.333333333333332,12.0,13.0,11.0,11.0,11.333333333333334,11.0,12.666666666666666,12.333333333333334,11.0,14.0,29.0,26.0,13.666666666666666,12.666666666666666,13.0,11.0,13.666666666666666,11.0,13.0,11.666666666666666,16.333333333333332,18.666666666666668,23.333333333333332,22.0,17.666666666666668,13.333333333333334,16.666666666666668,16.0,89.66666666666667,14.333333333333334,17.0,15.0,16.0,20.666666666666668,22.666666666666668
1.0,22.333333333333332,66.0,11.666666666666666,13.0,12.0,14.333333333333334,14.333333333333334,12.333333333333334,12.666666666666666,14.666666666666666,13.0,20.333333333333332,18.666666666666668,12.333333333333334,12.0,11.0,11.0,11.333333333333334,11.0,67.0,12.0,11.0,14.0,21.666666666666668,18.333333333333332,12.666666666666666,12.0,70.0,11.0,11.0,11.0,13.666666666666666,11.0,11.666666666666666,13.0,19.0,14.333333333333334,14.0,11.0,11.0,11.0,11.0,11.0,11.0,11.0,11.0,13.333333333333334,19.0,16.0,11.0,11.0,12.0,12.0,11.0,11.0,11.0,11.0,11.0,11.0,15.666666666666666,20.0,11.666666666666666,13.666666666666666,11.0,11.0,11.0,11.0,11.666666666666666,11.0,11.0,13.333333333333334,26.0,22.333333333333332,15.333333333333334,11.0,11.666666666666666,13.666666666666666,11.0,11.0,12.333333333333334,11.0,14.0,13.666666666666666,21.0,21.0,18.0,16.0,18.333333333333332,15.0,90.33333333333333,12.333333333333334,16.0,18.333333333333332,19.333333333333332,20.0,22.0
1.25,20.333333333333332,67.33333333333333,14.0,13.666666666666666,12.666666666666666,15.0,13.333333333333334,12.333333333333334,12.0,13.666666666666666,16.666666666666668,22.333333333333332,16.666666666666668,13.0,12.0,11.0,11.666666666666666,11.0,11.0,67.66666666666667,12.333333333333334,11.0,12.333333333333334,19.666666666666668,17.333333333333332,14.0,11.0,70.66666666666667,11.0,11.0,11.0,12.333333333333334,11.0,11.0,12.666666666666666,19.333333333333332,13.666666666666666,15.666666666666666,11.0,12.0,11.0,11.0,11.0,11.0,11.0,11.0,11.666666666666666,20.0,14.666666666666666,11.0,11.0,12.666666666666666,12.333333333333334,11.0,11.0,11.0,11.0,11.0,11.0,16.333333333333332,18.666666666666668,11.0,12.0,11.333333333333334,11.333333333333334,11.0,11.0,12.333333333333334,11.0,11.0,13.333333333333334,26.333333333333332,24.0,14.0,12.333333333333334,12.0,13.0,12.666666666666666,11.0,11.333333333333334,12.0,15.666666666666666,15.0,21.0,18.666666666666668,17.333333333333332,13.666666666666666,17.666666666666668,13.666666666666666,92.66666666666667,14.0,19.666666666666668,17.666666666666668,17.666666666666668,20.333333333333332,20.0
1.5,23.0,68.0,12.666666666666666,13.333333333333334,12.333333333333334,16.333333333333332,12.666666666666666,11.666666666666666,12.666666666666666,14.333333333333334,16.0,20.333333333333332,20.0,11.666666666666666,13.666666666666666,11.0,11.0,11.333333333333334,11.0,66.0,11.0,11.333333333333334,12.666666666666666,19.0,17.333333333333332,13.333333333333334,12.0,73.0,11.0,11.666666666666666,11.0,13.0,11.0,11.666666666666666,11.333333333333334,17.666666666666668,13.333333333333334,16.0,11.0,11.0,11.0,11.0,11.0,11.0,11.0,13.0,12.333333333333334,22.0,13.333333333333334,11.666666666666666,11.0,14.0,12.666666666666666,11.0,11.0,11.0,11.0,11.0,11.333333333333334,18.0,20.0,11.333333333333334,12.333333333333334,11.0,12.666666666666666,12.666666666666666,11.0,13.0,12.0,11.666666666666666,12.333333333333334,24.666666666666668,24.0,12.333333333333334,12.333333333333334,11.666666666666666,13.0,13.333333333333334,11.0,11.0,11.0,14.0,14.666666666666666,20.666666666666668,22.0,20.0,12.666666666666666,16.0,15.666666666666666,93.0,11.666666666666666,18.333333333333332,16.0,18.0,18.0,19.0
1.75,22.333333333333332,68.33333333333333,12.0,12.0,14.0,14.666666666666666,12.333333333333334,12.666666666666666,12.666666666666666,12.333333333333334,14.0,23.0,16.333333333333332,12.0,11.333333333333334,11.0,11.0,11.0,11.0,69.0,11.0,11.0,12.0,19.666666666666668,18.333333333333332,13.666666666666666,12.666666666666666,70.33333333333333,11.0,11.0,11.0,13.333333333333334,11.0,11.666666666666666,14.0,18.666666666666668,15.0,16.0,11.0,11.0,11.0,11.0,11.0,11.0,11.333333333333334,11.666666666666666,15.333333333333334,19.666666666666668,14.0,11.0,11.0,11.0,13.333333333333334,11.0,11.0,11.0,11.0,11.0,11.333333333333334,18.666666666666668,21.666666666666668,11.333333333333334,12.333333333333334,11.0,11.0,11.0,11.0,11.0,11.333333333333334,11.0,13.333333333333334,28.666666666666668,23.666666666666668,14.666666666666666,11.0,11.666666666666666,12.666666666666666,11.0,11.0,11.666666666666666,11.666666666666666,15.333333333333334,14.666666666666666,23.666666666666668,21.333333333333332,19.0,15.0,14.0,16.666666666666668,95.0,11.0,19.666666666666668,15.666666666666666,18.0,17.0,20.0
2.0,22.0,71.0,12.0,12.333333333333334,13.0,15.666666666666666,12.0,13.666666666666666,13.666666666666666,13.666666666666666,15.0,20.333333333333332,16.333333333333332,12.333333333333334,12.333333333333334,12.0,11.333333333333334,12.666666666666666,11.0,68.66666666666667,11.0,11.0,15.0,21.0,21.0,13.0,11.0,74.66666666666667,11.0,11.0,11.0,14.666666666666666,11.0,12.333333333333334,15.0,18.0,16.0,16.666666666666668,11.0,11.0,11.0,11.0,11.0,11.0,11.333333333333334,11.0,11.0,19.666666666666668,15.333333333333334,11.0,11.0,12.333333333333334,15.333333333333334,11.0,11.333333333333334,11.0,11.0,11.0,11.0,18.333333333333332,22.666666666666668,11.0,13.333333333333334,12.0,11.0,11.0,11.0,12.333333333333334,11.333333333333334,11.0,13.0,26.333333333333332,25.666666666666668,12.333333333333334,11.666666666666666,13.0,13.333333333333334,11.333333333333334,11.666666666666666,12.666666666666666,12.0,17.333333333333332,16.0,20.0,21.333333333333332,19.0,13.666666666666666,15.0,14.0,96.33333333333333,12.0,19.333333333333332,14.333333333333334,18.0,19.666666666666668,22.0
2.25,22.0,71.0,11.666666666666666,12.0,12.333333333333334,15.333333333333334,11.333333333333334,11.666666666666666,13.0,13.0,16.666666666666668,21.666666666666668,16.666666666666668,13.333333333333334,13.333333333333334,11.333333333333334,11.0,11.333333333333334,11.0,70.33333333333333,11.0,11.333333333333334,15.333333333333334,21.0,20.0,14.0,12.333333333333334,77.66666666666667,11.0,11.0,11.333333333333334,14.666666666666666,11.666666666666666,11.333333333333334,14.0,19.333333333333332,17.333333333333332,18.0,11.333333333333334,11.333333333333334,11.0,11.0,11.0,11.0,11.333333333333334,11.0,11.0,22.0,14.0,11.0,11.0,13.0,13.333333333333334,11.0,12.666666666666666,11.0,11.0,11.0,11.333333333333334,20.0,21.666666666666668,11.0,14.666666666666666,12.0,11.0,12.0,11.0,14.0,11.0,11.333333333333334,13.0,26.666666666666668,24.333333333333332,13.333333333333334,13.0,13.666666666666666,13.333333333333334,11.666666666666666,11.666666666666666,13.333333333333334,11.333333333333334,16.333333333333332,16.0,20.666666666666668,22.0,19.666666666666668,14.0,15.666666666666666,15.333333333333334,96.66666666666667,12.333333333333334,18.333333333333332,15.0,20.666666666666668,18.333333333333332,20.666666666666668
2.5,21.666666666666668,73.66666666666667,13.0,13.333333333333334,16.666666666666668,15.666666666666666,13.333333333333334,12.333333333333334,14.0,13.333333333333334,14.666666666666666,21.333333333333332,17.666666666666668,11.0,12.666666666666666,11.0,11.333333333333334,11.666666666666666,11.0,71.0,11.666666666666666,11.666666666666666,13.0,19.333333333333332,18.0,14.333333333333334,12.666666666666666,76.0,11.0,11.0,11.0,13.333333333333334,12.0,12.666666666666666,15.0,18.0,14.333333333333334,16.666666666666668,11.0,11.0,11.0,11.0,11.0,11.0,11.0,11.666666666666666,12.0,21.666666666666668,13.666666666666666,11.0,11.0,12.666666666666666,12.666666666666666,11.0,11.666666666666666,11.0,11.0,11.0,11.333333333333334,18.333333333333332,24.0,12.0,14.333333333333334,11.0,11.0,11.333333333333334,11.0,11.333333333333334,11.666666666666666,11.0,13.666666666666666,28.0,25.333333333333332,11.666666666666666,12.0,12.666666666666666,13.333333333333334,12.666666666666666,11.0,11.666666666666666,11.0,16.333333333333332,12.666666666666666,22.333333333333332,21.666666666666668,18.333333333333332,15.0,15.666666666666666,14.666666666666666,98.0,12.0,18.333333333333332,20.0,16.333333333333332,19.0,21.666666666666668
2.75,21.666666666666668,74.66666666666667,12.0,12.666666666666666,15.0,15.0,12.666666666666666,12.666666666666666,12.666666666666666,12.333333333333334,14.333333333333334,20.333333333333332,17.0,11.333333333333334,14.0,11.333333333333334,11.0,12.0,11.0,69.0,11.0,11.0,12.0,17.666666666666668,16.0,15.0,11.666666666666666,74.66666666666667,11.0,11.0,11.0,13.666666666666666,11.333333333333334,12.666666666666666,13.333333333333334,17.333333333333332,15.333333333333334,16.0,11.0,11.0,11.0,11.0,11.666666666666666,11.0,11.0,12.0,11.333333333333334,20.0,13.0,11.0,11.0,11.333333333333334,11.666666666666666,11.0,12.333333333333334,11.0,11.0,11.0,11.333333333333334,16.666666666666668,22.0,12.333333333333334,14.666666666666666,11.0,11.0,12.666666666666666,11.0,11.666666666666666,11.0,11.0,14.0,25.0,25.0,12.666666666666666,12.333333333333334,11.666666666666666,13.0,11.0,12.333333333333334,12.0,11.0,15.666666666666666,15.666666666666666,24.0,22.0,20.0,13.0,19.333333333333332,15.0,98.66666666666667,12.666666666666666,19.0,18.0,17.666666666666668,18.666666666666668,22.0
3.0,24.0,73.0,11.333333333333334,11.333333333333334,12.666666666666666,16.333333333333332,12.666666666666666,13.0,13.0,13.666666666666666,15.333333333333334,19.0,16.0,13.666666666666666,13.333333333333334,11.0,11.333333333333334,11.0,11.0,69.66666666666667,12.0,11.333333333333334,12.333333333333334,20.666666666666668,20.666666666666668,13.333333333333334,11.333333333333334,76.33333333333333,11.0,11.0,11.0,13.0,11.666666666666666,11.0,13.666666666666666,18.0,15.666666666666666,17.666666666666668,11.0,11.333333333333334,11.0,11.0,11.0,11.0,11.0,12.0,11.0,22.0,15.666666666666666,11.0,11.0,12.666666666666666,12.0,11.0,12.0,11.0,11.0,11.0,11.666666666666666,16.666666666666668,24.666666666666668,11.0,13.333333333333334,11.0,12.0,11.0,11.0,11.333333333333334,11.0,11.0,14.666666666666666,26.333333333333332,25.333333333333332,12.666666666666666,11.333333333333334,12.333333333333334,15.333333333333334,12.333333333333334,11.0,12.333333333333334,11.333333333333334,13.666666666666666,13.0,23.333333333333332,20.333333333333332,21.0,12.0,16.0,14.666666666666666,97.66666666666667,16.0,21.666666666666668,12.666666666666666,18.666666666666668,18.666666666666668,19.0
3.25,23.333333333333332,73.0,12.0,12.0,18.0,17.0,12.333333333333334,14.0,11.666666666666666,12.333333333333334,14.666666666666666,21.333333333333332,17.666666666666668,13.333333333333334,14.333333333333334,11.666666666666666,12.666666666666666,12.666666666666666,11.0,70.33333333333333,12.666666666666666,11.666666666666666,14.0,19.333333333333332,23.0,15.333333333333334,11.333333333333334,78.33333333333333,11.0,12.333333333333334,12.666666666666666,15.333333333333334,12.0,13.666666666666666,15.333333333333334,17.333333333333332,17.0,16.333333333333332,11.0,12.333333333333334,12.666666666666666,11.0,11.0,11.0,11.0,11.666666666666666,11.0,23.666666666666668,16.0,11.0,11.666666666666666,11.666666666666666,14.333333333333334,11.0,12.666666666666666,11.0,11.0,11.0,12.0,15.0,27.333333333333332,11.0,17.0,11.0,12.666666666666666,11.666666666666666,11.0,12.333333333333334,12.0,12.333333333333334,14.0,29.0,26.0,14.666666666666666,14.333333333333334,13.666666666666666,14.666666666666666,13.0,11.0,11.333333333333334,11.666666666666666,16.666666666666668,14.666666666666666,24.333333333333332,20.333333333333332,19.666666666666668,17.0,17.666666666666668,15.0,98.66666666666667,11.666666666666666,21.0,16.666666666666668,18.333333333333332,18.333333333333332,20.333333333333332
3.5,24.333333333333332,75.66666666666667,13.333333333333334,13.333333333333334,14.333333333333334,18.333333333333332,13.333333333333334,13.666666666666666,13.666666666666666,13.0,16.333333333333332,22.333333333333332,17.666666666666668,13.333333333333334,15.333333333333334,11.333333333333334,11.333333333333334,12.666666666666666,11.0,71.0,11.0,12.333333333333334,13.333333333333334,19.666666666666668,21.0,15.0,11.666666666666666,79.0,11.666666666666666,11.0,11.666666666666666,14.333333333333334,11.0,11.0,15.333333333333334,17.666666666666668,18.666666666666668,17.333333333333332,11.333333333333334,13.0,11.0,11.0,11.0,11.0,11.0,11.333333333333334,11.0,21.0,15.333333333333334,11.0,11.333333333333334,11.333333333333334,12.666666666666666,11.0,13.0,11.0,11.0,11.0,11.666666666666666,17.0,25.333333333333332,11.0,14.333333333333334,11.0,11.0,13.0,11.0,13.666666666666666,11.333333333333334,11.0,12.666666666666666,22.666666666666668,27.666666666666668,12.666666666666666,11.333333333333334,13.333333333333334,14.666666666666666,12.666666666666666,12.333333333333334,12.333333333333334,11.0,15.666666666666666,13.333333333333334,23.666666666666668,19.0,20.666666666666668,12.666666666666666,16.666666666666668,14.333333333333334,99.0,12.333333333333334,22.333333333333332,15.666666666666666,19.333333333333332,21.0,20.666666666666668
3.75,25.333333333333332,72.66666666666667,12.666666666666666,13.333333333333334,17.666666666666668,18.0,12.666666666666666,13.333333333333334,11.666666666666666,11.0,13.0,22.0,17.0,11.0,17.666666666666668,11.0,12.333333333333334,11.0,11.0,72.33333333333333,11.0,11.0,14.666666666666666,18.0,18.666666666666668,14.333333333333334,13.333333333333334,79.66666666666667,11.0,11.0,11.333333333333334,17.0,11.0,13.0,15.666666666666666,18.333333333333332,15.333333333333334,23.0,11.0,12.333333333333334,11.0,11.0,11.0,11.0,11.333333333333334,11.333333333333334,12.0,23.0,14.666666666666666,11.0,11.0,11.666666666666666,17.333333333333332,11.0,13.666666666666666,11.0,11.0,11.0,11.0,17.0,25.0,11.0,15.0,11.333333333333334,11.333333333333334,11.0,11.0,14.333333333333334,11.0,11.333333333333334,14.333333333333334,30.333333333333332,25.0,12.0,13.333333333333334,13.0,15.333333333333334,12.666666666666666,11.0,12.0,11.0,12.0,15.666666666666666,22.333333333333332,20.666666666666668,20.0,15.666666666666666,19.666666666666668,15.666666666666666,101.33333333333333,11.666666666666666,23.333333333333332,17.333333333333332,21.666666666666668,18.333333333333332,20.666666666666668
4.0,24.666666666666668,75.0,11.333333333333334,12.666666666666666,17.0,17.333333333333332,12.666666666666666,11.0,13.666666666666666,13.0,16.666666666666668,21.0,20.0,13.0,17.333333333333332,11.666666666666666,11.0,12.666666666666666,11.0,73.66666666666667,11.333333333333334,11.0,13.333333333333334,21.666666666666668,22.333333333333332,15.333333333333334,11.0,80.33333333333333,11.0,11.0,11.666666666666666,18.333333333333332,11.0,15.0,16.666666666666668,17.666666666666668,16.666666666666668,18.333333333333332,11.0,12.666666666666666,11.0,11.0,12.0,11.0,11.0,13.0,11.0,24.333333333333332,16.666666666666668,11.666666666666666,12.0,11.0,15.0,11.0,13.333333333333334,11.0,11.0,11.0,11.666666666666666,20.333333333333332,28.333333333333332,11.666666666666666,16.0,11.666666666666666,11.0,12.0,11.0,13.333333333333334,12.0,11.0,15.0,29.333333333333332,27.0,16.333333333333332,12.0,14.333333333333334,16.0,11.0,12.0,13.333333333333334,11.333333333333334,19.333333333333332,13.333333333333334,24.0,22.0,19.666666666666668,15.333333333333334,18.0,15.0,99.0,13.333333333333334,25.0,14.666666666666666,20.666666666666668,17.333333333333332,22.0
4.25,25.666666666666668,71.66666666666667,11.0,11.0,17.666666666666668,19.0,13.333333333333334,12.666666666666666,12.0,12.0,15.333333333333334,21.0,16.666666666666668,12.333333333333334,15.666666666666666,11.0,11.333333333333334,11.666666666666666,11.0,72.0,11.0,12.666666666666666,12.0,18.333333333333332,20.333333333333332,14.0,13.333333333333334,79.66666666666667,11.333333333333334,11.666666666666666,11.0,18.666666666666668,11.666666666666666,12.0,15.0,17.0,15.666666666666666,21.0,11.0,13.0,11.0,11.333333333333334,11.666666666666666,11.0,11.0,12.0,13.0,23.0,15.0,11.0,12.0,13.0,16.333333333333332,11.0,12.333333333333334,11.0,11.0,11.0,11.0,15.333333333333334,25.333333333333332,11.0,16.333333333333332,11.0,11.0,14.0,11.0,14.0,11.0,11.0,13.0,28.666666666666668,25.333333333333332,11.333333333333334,12.666666666666666,14.666666666666666,17.333333333333332,12.333333333333334,11.0,11.0,11.666666666666666,16.0,14.333333333333334,23.0,19.666666666666668,20.333333333333332,17.333333333333332,15.666666666666666,14.666666666666666,101.0,11.333333333333334,22.0,13.333333333333334,24.333333333333332,16.333333333333332,20.666666666666668
4.5,22.0,71.33333333333333,13.0,13.0,18.666666666666668,20.0,12.333333333333334,12.333333333333334,12.0,12.0,12.666666666666666,19.666666666666668,17.0,13.333333333333334,13.666666666666666,12.0,12.0,13.0,11.0,73.0,11.333333333333334,12.0,12.333333333333334,19.666666666666668,25.666666666666668,16.666666666666668,13.333333333333334,77.0,11.0,11.0,13.333333333333334,17.666666666666668,11.333333333333334,12.0,15.666666666666666,18.666666666666668,17.0,20.0,11.333333333333334,13.0,11.0,11.0,11.0,11.0,11.0,12.0,12.333333333333334,20.333333333333332,14.666666666666666,11.0,11.0,12.333333333333334,15.0,11.0,13.333333333333334,11.0,11.0,11.0,12.0,17.333333333333332,28.333333333333332,11.333333333333334,17.666666666666668,11.0,11.0,12.0,11.0,14.333333333333334,11.0,11.333333333333334,12.333333333333334,25.0,27.0,13.0,12.0,15.333333333333334,17.0,12.333333333333334,11.0,11.0,12.0,17.0,14.666666666666666,23.333333333333332,21.0,21.333333333333332,17.0,16.333333333333332,14.0,101.0,11.333333333333334,22.333333333333332,13.0,21.333333333333332,16.333333333333332,21.0
4.75,24.666666666666668,74.0,13.666666666666666,12.666666666666666,18.333333333333332,18.666666666666668,12.666666666666666,13.0,12.333333333333334,14.0,14.666666666666666,18.333333333333332,15.333333333333334,13.333333333333334,18.666666666666668,12.0,11.0,12.666666666666666,11.0,76.0,11.333333333333334,11.0,12.333333333333334,20.0,23.666666666666668,16.333333333333332,13.333333333333334,83.0,11.0,11.0,13.333333333333334,21.666666666666668,11.666666666666666,13.333333333333334,16.0,19.666666666666668,17.666666666666668,22.0,12.666666666666666,15.333333333333334,11.0,11.666666666666666,12.0,11.0,11.0,14.0,11.0,21.666666666666668,17.0,11.0,11.0,14.333333333333334,15.333333333333334,11.0,16.333333333333332,11.0,11.0,11.0,12.0,18.333333333333332,28.0,13.0,20.0,11.0,11.0,13.666666666666666,11.0,14.333333333333334,11.0,11.0,14.0,28.333333333333332,28.0,14.333333333333334,12.666666666666666,19.333333333333332,16.666666666666668,11.666666666666666,13.666666666666666,13.666666666666666,13.0,16.666666666666668,15.0,24.0,22.666666666666668,24.333333333333332,20.666666666666668,20.333333333333332,16.0,101.66666666666667,12.0,25.666666666666668,17.0,18.0,17.666666666666668,22.333333333333332
5.0,27.333333333333332,73.0,12.0,12.666666666666666,20.666666666666668,22.666666666666668,12.666666666666666,13.0,14.0,13.0,14.666666666666666,22.333333333333332,17.666666666666668,13.0,22.0,11.0,12.0,13.333333333333334,11.0,73.66666666666667,11.333333333333334,12.0,12.666666666666666,22.666666666666668,24.333333333333332,17.0,13.0,82.66666666666667,11.0,11.0,13.333333333333334,21.333333333333332,11.333333333333334,14.0,17.333333333333332,17.333333333333332,19.0,22.0,11.0,14.666666666666666,11.0,11.333333333333334,12.0,11.0,11.0,14.666666666666666,11.0,25.333333333333332,17.0,11.0,11.333333333333334,13.666666666666666,18.333333333333332,11.0,15.666666666666666,11.0,11.0,11.0,12.333333333333334,17.333333333333332,28.666666666666668,13.0,20.0,11.0,11.666666666666666,13.666666666666666,12.0,12.666666666666666,12.333333333333334,11.333333333333334,16.0,26.333333333333332,27.333333333333332,16.666666666666668,14.333333333333334,16.0,17.333333333333332,11.333333333333334,11.666666666666666,13.666666666666666,12.0,17.0,14.666666666666666,24.0,20.333333333333332,21.333333333333332,17.0,22.333333333333332,18.333333333333332,101.33333333333333,11.333333333333334,27.666666666666668,17.333333333333332,23.0,17.666666666666668,21.333333333333332
5.25,24.0,75.66666666666667,12.0,13.333333333333334,19.666666666666668,23.666666666666668,13.333333333333334,11.666666666666666,12.333333333333334,13.333333333333334,14.666666666666666,20.333333333333332,16.0,12.0,17.666666666666668,11.333333333333334,11.666666666666666,14.333333333333334,11.0,72.66666666666667,11.0,12.666666666666666,12.0,20.333333333333332,25.0,17.666666666666668,12.666666666666666,82.33333333333333,11.0,11.0,11.333333333333334,22.0,11.0,14.666666666666666,19.333333333333332,17.333333333333332,17.666666666666668,23.666666666666668,12.0,14.333333333333334,11.0,11.0,13.666666666666666,11.0,13.0,12.333333333333334,14.0,25.333333333333332,16.0,11.0,12.666666666666666,13.333333333333334,20.333333333333332,11.0,14.666666666666666,11.0,11.0,11.0,13.0,16.666666666666668,29.666666666666668,11.0,18.333333333333332,11.0,11.0,12.666666666666666,11.0,15.0,11.0,12.666666666666666,13.0,25.333333333333332,30.0,12.333333333333334,14.666666666666666,16.333333333333332,18.0,13.0,11.0,11.0,11.0,18.666666666666668,14.666666666666666,22.333333333333332,21.666666666666668,22.0,18.666666666666668,22.333333333333332,12.666666666666666,101.33333333333333,11.0,24.0,15.666666666666666,24.333333333333332,15.666666666666666,21.333333333333332
5.5,28.0,77.66666666666667,13.0,12.666666666666666,22.0,24.666666666666668,13.333333333333334,13.0,12.0,13.666666666666666,15.333333333333334,19.666666666666668,19.666666666666668,13.0,25.666666666666668,11.0,11.333333333333334,13.666666666666666,11.0,74.0,11.0,11.0,12.333333333333334,21.666666666666668,25.333333333333332,17.666666666666668,13.333333333333334,83.33333333333333,11.0,11.0,12.333333333333334,24.333333333333332,12.0,15.333333333333334,18.666666666666668,18.0,21.0,21.666666666666668,12.0,15.333333333333334,11.0,14.0,14.333333333333334,11.0,11.0,14.666666666666666,11.333333333333334,26.666666666666668,16.666666666666668,11.0,13.0,14.333333333333334,21.666666666666668,13.333333333333334,18.666666666666668,11.0,11.0,11.0,14.0,18.0,32.666666666666664,13.0,20.333333333333332,11.0,11.0,13.333333333333334,11.666666666666666,17.333333333333332,11.333333333333334,12.333333333333334,13.333333333333334,26.666666666666668,31.0,16.0,13.666666666666666,15.666666666666666,19.0,12.666666666666666,11.0,14.0,12.0,17.0,15.333333333333334,24.333333333333332,21.333333333333332,23.333333333333332,21.0,25.666666666666668,12.666666666666666,101.66666666666667,13.0,29.0,17.0,21.0,18.333333333333332,21.0
5.75,29.666666666666668,75.66666666666667,12.333333333333334,13.0,24.0,26.0,13.666666666666666,13.666666666666666,11.666666666666666,12.0,16.0,20.0,19.666666666666668,12.0,24.666666666666668,11.0,12.0,13.333333333333334,11.0,72.33333333333333,11.666666666666666,11.666666666666666,13.333333333333334,21.0,25.666666666666668,17.666666666666668,14.333333333333334,81.66666666666667,11.0,11.0,13.666666666666666,26.0,11.666666666666666,16.333333333333332,20.0,20.0,21.0,22.0,12.666666666666666,16.0,11.0,14.666666666666666,14.666666666666666,11.0,11.333333333333334,17.0,11.0,25.0,17.666666666666668,11.0,13.0,14.666666666666666,21.0,13.0,18.0,11.0,11.0,11.0,13.333333333333334,17.333333333333332,34.0,11.333333333333334,21.0,11.0,11.0,13.0,11.0,16.333333333333332,12.0,11.666666666666666,14.0,25.0,30.0,14.333333333333334,13.333333333333334,19.0,20.0,13.333333333333334,11.0,13.333333333333334,13.333333333333334,20.0,13.333333333333334,24.666666666666668,21.333333333333332,24.0,21.333333333333332,24.333333333333332,12.0,101.66666666666667,12.0,29.666666666666668,15.666666666666666,22.333333333333332,14.666666666666666,20.333333333333332
6.0,31.333333333333332,79.0,14.333333333333334,13.0,24.0,23.666666666666668,14.333333333333334,13.333333333333334,11.666666666666666,12.333333333333334,16.333333333333332,22.666666666666668,19.666666666666668,13.0,25.0,11.0,12.333333333333334,14.666666666666666,11.0,75.0,11.0,11.666666666666666,15.0,21.333333333333332,25.666666666666668,17.666666666666668,14.0,84.0,11.0,11.666666666666666,15.0,27.0,12.333333333333334,16.666666666666668,20.0,22.0,21.0,21.333333333333332,13.666666666666666,16.333333333333332,11.0,15.666666666666666,13.666666666666666,11.0,11.0,16.333333333333332,11.0,24.0,18.333333333333332,11.0,13.333333333333334,15.666666666666666,21.666666666666668,14.333333333333334,21.0,11.0,11.0,11.0,12.333333333333334,21.333333333333332,34.333333333333336,12.666666666666666,22.333333333333332,11.0,11.0,14.666666666666666,12.0,19.666666666666668,12.666666666666666,11.666666666666666,13.333333333333334,28.0,33.666666666666664,16.666666666666668,16.0,19.666666666666668,21.666666666666668,14.333333333333334,11.333333333333334,13.666666666666666,13.666666666666666,19.0,15.0,26.0,22.0,24.666666666666668,21.666666666666668,29.666666666666668,14.0,103.66666666666667,11.333333333333334,34.333333333333336,16.666666666666668,23.666666666666668,19.333333333333332,21.0
6.25,31.333333333333332,76.33333333333333,13.0,13.666666666666666,24.333333333333332,26.0,15.666666666666666,12.333333333333334,12.666666666666666,12.333333333333334,17.0,21.333333333333332,19.666666666666668,13.666666666666666,29.333333333333332,12.333333333333334,12.0,13.666666666666666,11.0,73.33333333333333,11.0,13.333333333333334,13.333333333333334,24.0,29.333333333333332,17.0,13.666666666666666,82.66666666666667,11.0,11.0,14.333333333333334,29.0,11.0,16.0,21.0,20.0,19.333333333333332,22.666666666666668,11.666666666666666,16.666666666666668,11.0,14.0,13.666666666666666,11.0,13.333333333333334,16.666666666666668,12.666666666666666,27.333333333333332,18.333333333333332,11.0,12.666666666666666,13.333333333333334,23.666666666666668,12.0,20.0,11.0,11.0,11.0,12.666666666666666,19.333333333333332,36.0,12.0,21.333333333333332,11.0,12.333333333333334,15.0,12.0,19.333333333333332,11.666666666666666,12.333333333333334,16.0,27.666666666666668,34.0,15.333333333333334,16.333333333333332,19.333333333333332,18.333333333333332,13.666666666666666,12.0,13.666666666666666,11.0,21.333333333333332,17.666666666666668,28.0,22.0,27.666666666666668,19.333333333333332,27.333333333333332,16.333333333333332,101.66666666666667,11.666666666666666,32.666666666666664,16.0,26.333333333333332,18.666666666666668,21.666666666666668
6.5,28.0,79.0,12.0,12.666666666666666,23.333333333333332,26.333333333333332,15.666666666666666,13.0,12.0,13.333333333333334,15.666666666666666,22.666666666666668,16.0,12.666666666666666,28.0,11.0,12.0,15.666666666666666,11.0,77.0,11.0,13.0,14.0,21.333333333333332,30.0,18.333333333333332,14.0,82.66666666666667,11.333333333333334,11.0,13.333333333333334,30.666666666666668,11.0,15.0,20.0,21.0,21.0,24.666666666666668,14.666666666666666,16.666666666666668,11.0,13.0,17.0,11.0,12.0,16.333333333333332,14.333333333333334,27.0,20.0,11.0,14.333333333333334,15.333333333333334,23.333333333333332,12.0,20.0,11.0,11.0,11.0,13.0,18.666666666666668,36.0,12.666666666666666,23.333333333333332,11.0,11.666666666666666,13.666666666666666,11.666666666666666,18.333333333333332,12.0,12.666666666666666,13.666666666666666,31.333333333333332,33.333333333333336,19.333333333333332,17.666666666666668,20.0,20.666666666666668,13.666666666666666,11.0,15.333333333333334,11.333333333333334,19.666666666666668,14.666666666666666,29.0,23.0,28.333333333333332,22.0,26.333333333333332,14.666666666666666,104.0,12.333333333333334,35.333333333333336,19.666666666666668,22.666666666666668,15.333333333333334,23.0
6.75,35.0,80.66666666666667,15.0,13.333333333333334,27.0,29.666666666666668,16.333333333333332,12.0,14.333333333333334,15.0,19.666666666666668,24.666666666666668,19.333333333333332,14.666666666666666,32.0,11.666666666666666,13.0,15.333333333333334,11.0,77.66666666666667,11.0,13.333333333333334,17.333333333333332,26.333333333333332,31.333333333333332,19.0,15.333333333333334,84.66666666666667,12.0,11.666666666666666,15.333333333333334,33.666666666666664,11.666666666666666,20.666666666666668,22.333333333333332,23.0,22.666666666666668,26.666666666666668,15.0,17.666666666666668,12.0,17.333333333333332,18.666666666666668,12.666666666666666,19.0,17.666666666666668,14.0,30.666666666666668,22.666666666666668,11.0,15.333333333333334,17.0,26.333333333333332,13.333333333333334,23.0,11.0,11.0,11.0,13.333333333333334,21.0,36.666666666666664,15.0,26.333333333333332,11.333333333333334,14.0,14.333333333333334,14.0,20.666666666666668,11.666666666666666,12.666666666666666,19.333333333333332,32.666666666666664,34.666666666666664,17.333333333333332,18.333333333333332,24.0,24.666666666666668,16.333333333333332,11.0,17.333333333333332,11.666666666666666,21.666666666666668,19.333333333333332,29.666666666666668,25.666666666666668,28.666666666666668,29.666666666666668,26.0,15.333333333333334,104.66666666666667,13.333333333333334,35.666666666666664,21.666666666666668,29.0,20.666666666666668,23.333333333333332
7.0,31.0,78.0,12.333333333333334,13.333333333333334,25.333333333333332,29.0,17.0,13.666666666666666,12.333333333333334,13.333333333333334,17.0,22.666666666666668,16.666666666666668,14.333333333333334,29.0,11.0,12.333333333333334,16.333333333333332,11.0,78.0,11.0,12.666666666666666,13.333333333333334,25.333333333333332,34.333333333333336,18.0,14.333333333333334,84.0,11.0,11.333333333333334,16.0,33.666666666666664,11.666666666666666,18.0,23.666666666666668,21.666666666666668,22.333333333333332,23.333333333333332,14.666666666666666,17.666666666666668,11.0,15.666666666666666,16.333333333333332,11.0,14.333333333333334,21.666666666666668,12.666666666666666,27.666666666666668,21.0,11.0,14.333333333333334,13.666666666666666,26.333333333333332,13.666666666666666,24.0,11.0,11.0,11.0,13.666666666666666,19.0,41.0,11.0,24.0,11.0,13.0,13.333333333333334,13.0,20.666666666666668,11.0,12.666666666666666,18.0,26.0,37.333333333333336,15.0,18.0,22.333333333333332,21.333333333333332,15.0,11.666666666666666,16.333333333333332,11.333333333333334,22.0,15.333333333333334,28.666666666666668,25.666666666666668,26.0,23.0,29.0,12.666666666666666,105.33333333333333,14.333333333333334,35.333333333333336,18.666666666666668,30.333333333333332,18.333333333333332,21.0
7.25,33.0,81.0,17.333333333333332,15.666666666666666,25.666666666666668,32.333333333333336,17.666666666666668,13.333333333333334,13.666666666666666,13.666666666666666,19.666666666666668,24.0,16.333333333333332,16.666666666666668,35.0,14.0,13.666666666666666,16.333333333333332,11.0,77.66666666666667,12.0,14.0,13.666666666666666,26.666666666666668,37.0,20.333333333333332,16.333333333333332,84.66666666666667,12.0,11.666666666666666,16.666666666666668,39.0,13.333333333333334,21.333333333333332,25.333333333333332,24.0,22.333333333333332,26.666666666666668,17.666666666666668,21.333333333333332,11.333333333333334,19.0,22.0,11.333333333333334,17.666666666666668,20.0,15.0,35.0,26.0,11.333333333333334,17.333333333333332,17.666666666666668,29.333333333333332,14.0,25.333333333333332,11.0,11.0,11.0,16.333333333333332,22.666666666666668,42.333333333333336,15.0,27.0,11.0,12.0,19.666666666666668,13.666666666666666,21.0,14.666666666666666,17.666666666666668,20.333333333333332,32.333333333333336,36.666666666666664,23.333333333333332,21.666666666666668,25.666666666666668,25.0,19.0,11.333333333333334,19.0,13.0,23.0,21.666666666666668,30.333333333333332,30.0,34.666666666666664,28.0,27.333333333333332,15.666666666666666,107.33333333333333,16.0,39.333333333333336,21.333333333333332,27.333333333333332,21.333333333333332,23.666666666666668
7.5,35.333333333333336,83.0,14.666666666666666,14.333333333333334,26.666666666666668,31.666666666666668,17.0,13.333333333333334,13.666666666666666,18.333333333333332,18.333333333333332,26.333333333333332,18.666666666666668,15.333333333333334,27.0,11.666666666666666,13.0,16.0,11.0,74.66666666666667,11.333333333333334,13.0,17.333333333333332,25.0,35.333333333333336,18.0,15.0,83.33333333333333,12.0,12.333333333333334,16.0,38.0,11.0,18.666666666666668,24.333333333333332,23.333333333333332,26.0,24.333333333333332,16.333333333333332,22.666666666666668,11.0,15.0,19.0,11.333333333333334,17.333333333333332,19.666666666666668,15.666666666666666,30.0,22.333333333333332,11.666666666666666,15.0,16.666666666666668,31.0,11.333333333333334,23.333333333333332,11.0,11.0,11.0,15.333333333333334,19.666666666666668,40.333333333333336,14.0,29.0,11.0,14.0,16.666666666666668,14.333333333333334,19.666666666666668,11.666666666666666,12.666666666666666,14.333333333333334,32.0,36.333333333333336,22.666666666666668,18.0,25.666666666666668,24.333333333333332,15.666666666666666,11.0,14.0,11.0,25.333333333333332,17.0,30.0,26.0,36.333333333333336,25.333333333333332,28.0,12.333333333333334,102.66666666666667,14.0,35.333333333333336,17.666666666666668,29.666666666666668,19.0,24.0
7.75,33.333333333333336,81.33333333333333,14.333333333333334,14.0,27.333333333333332,31.0,18.0,11.333333333333334,14.333333333333334,18.333333333333332,18.333333333333332,23.333333333333332,17.333333333333332,16.333333333333332,32.333333333333336,11.0,12.0,16.666666666666668,11.0,76.66666666666667,12.0,14.0,15.333333333333334,24.666666666666668,34.666666666666664,19.666666666666668,15.0,86.66666666666667,11.0,12.666666666666666,17.0,41.666666666666664,12.333333333333334,23.333333333333332,26.666666666666668,25.0,25.0,26.666666666666668,16.666666666666668,23.0,11.0,17.666666666666668,19.333333333333332,11.333333333333334,19.666666666666668,22.333333333333332,16.666666666666668,32.0,25.333333333333332,11.0,16.333333333333332,16.666666666666668,31.333333333333332,14.0,30.0,11.0,11.0,11.0,15.666666666666666,19.666666666666668,43.666666666666664,15.0,30.666666666666668,11.333333333333334,15.0,21.0,15.666666666666666,24.0,13.666666666666666,14.0,18.666666666666668,32.333333333333336,39.0,20.666666666666668,20.333333333333332,26.0,24.333333333333332,17.0,11.666666666666666,15.0,12.666666666666666,25.333333333333332,17.0,31.666666666666668,26.0,32.0,28.0,30.666666666666668,15.0,106.33333333333333,13.0,43.666666666666664,18.666666666666668,30.666666666666668,18.333333333333332,23.333333333333332
8.0,34.333333333333336,85.66666666666667,17.666666666666668,16.333333333333332,28.0,32.0,23.0,15.0,14.666666666666666,14.666666666666666,21.666666666666668,22.0,20.666666666666668,17.333333333333332,33.333333333333336,11.666666666666666,14.0,19.333333333333332,11.666666666666666,80.66666666666667,12.333333333333334,16.333333333333332,17.666666666666668,27.666666666666668,38.333333333333336,20.666666666666668,16.0,85.33333333333333,11.666666666666666,12.666666666666666,21.666666666666668,46.333333333333336,13.0,23.666666666666668,28.666666666666668,24.666666666666668,26.333333333333332,23.666666666666668,18.666666666666668,24.333333333333332,12.333333333333334,19.666666666666668,20.0,13.666666666666666,18.0,25.0,14.666666666666666,31.333333333333332,27.666666666666668,11.333333333333334,21.333333333333332,21.666666666666668,29.666666666666668,15.666666666666666,30.333333333333332,11.0,11.333333333333334,11.0,16.666666666666668,27.333333333333332,43.0,18.333333333333332,30.0,12.333333333333334,16.0,21.333333333333332,16.0,27.0,15.333333333333334,17.666666666666668,20.0,29.0,43.0,26.0,24.333333333333332,30.333333333333332,24.0,19.666666666666668,11.0,22.333333333333332,13.333333333333334,27.0,21.333333333333332,33.333333333333336,33.0,38.0,24.666666666666668,34.666666666666664,18.0,108.0,15.0,41.666666666666664,19.0,34.333333333333336,22.0,24.0
8.25,41.0,83.66666666666667,18.666666666666668,14.0,30.333333333333332,36.0,21.333333333333332,13.333333333333334,15.0,13.0,19.0,25.0,18.666666666666668,14.666666666666666,37.0,12.333333333333334,13.333333333333334,16.333333333333332,11.333333333333334,78.66666666666667,12.0,15.0,17.0,27.333333333333332,39.333333333333336,20.666666666666668,15.666666666666666,86.66666666666667,11.0,12.666666666666666,21.666666666666668,45.0,12.666666666666666,24.666666666666668,29.333333333333332,26.0,26.333333333333332,25.0,16.333333333333332,22.666666666666668,12.666666666666666,19.666666666666668,18.333333333333332,13.666666666666666,18.666666666666668,26.333333333333332,13.333333333333334,33.666666666666664,27.0,11.0,19.666666666666668,22.666666666666668,29.0,18.0,31.666666666666668,11.0,11.0,11.0,15.666666666666666,25.666666666666668,43.333333333333336,15.666666666666666,30.666666666666668,11.333333333333334,16.666666666666668,21.0,17.333333333333332,29.666666666666668,11.666666666666666,20.333333333333332,21.0,31.666666666666668,42.0,25.0,22.0,30.0,22.666666666666668,19.666666666666668,13.333333333333334,24.0,12.333333333333334,26.0,18.333333333333332,33.333333333333336,27.666666666666668,37.333333333333336,23.666666666666668,38.333333333333336,18.333333333333332,106.0,15.0,44.333333333333336,19.0,35.0,21.666666666666668,26.333333333333332
8.5,38.0,84.33333333333333,16.666666666666668,13.333333333333334,30.666666666666668,33.666666666666664,21.333333333333332,12.666666666666666,15.666666666666666,17.0,19.0,24.666666666666668,18.0,14.333333333333334,34.666666666666664,11.333333333333334,12.666666666666666,15.666666666666666,11.666666666666666,78.66666666666667,11.666666666666666,13.333333333333334,16.333333333333332,27.333333333333332,38.333333333333336,19.0,15.666666666666666,85.33333333333333,11.0,12.666666666666666,22.666666666666668,46.666666666666664,14.0,24.0,27.0,24.666666666666668,27.666666666666668,24.0,16.333333333333332,22.666666666666668,13.0,21.666666666666668,18.666666666666668,13.666666666666666,19.666666666666668,26.333333333333332,12.0,32.666666666666664,28.333333333333332,11.666666666666666,16.666666666666668,22.333333333333332,31.0,17.0,34.0,11.0,11.0,11.0,13.333333333333334,25.333333333333332,44.666666666666664,16.0,30.666666666666668,11.0,18.0,23.0,16.666666666666668,30.333333333333332,15.0,19.0,18.333333333333332,31.666666666666668,41.0,23.333333333333332,22.666666666666668,31.0,24.0,19.0,13.0,20.666666666666668,12.333333333333334,27.0,17.0,32.666666666666664,28.333333333333332,37.666666666666664,26.0,37.333333333333336,17.0,105.33333333333333,13.333333333333334,42.0,20.666666666666668,36.333333333333336,21.333333333333332,24.333333333333332
8.75,41.333333333333336,83.66666666666667,20.666666666666668,13.666666666666666,32.666666666666664,37.0,20.333333333333332,13.0,14.666666666666666,15.333333333333334,21.0,24.0,19.0,18.333333333333332,39.333333333333336,14.0,14.0,16.666666666666668,11.0,79.0,12.666666666666666,12.666666666666666,15.333333333333334,28.666666666666668,37.333333333333336,19.666666666666668,20.0,87.0,12.333333333333334,13.666666666666666,23.0,46.0,12.666666666666666,25.666666666666668,30.666666666666668,27.666666666666668,28.0,24.666666666666668,19.0,27.0,12.333333333333334,22.666666666666668,19.0,13.0,20.0,27.333333333333332,11.666666666666666,36.0,29.666666666666668,11.333333333333334,18.666666666666668,23.333333333333332,31.666666666666668,18.333333333333332,35.333333333333336,11.0,11.0,11.0,13.0,25.666666666666668,49.666666666666664,22.0,30.333333333333332,11.0,19.0,23.0,20.0,29.0,14.0,15.666666666666666,18.666666666666668,33.0,44.0,24.0,22.0,30.333333333333332,25.0,19.0,13.0,22.0,14.0,27.666666666666668,20.0,32.666666666666664,27.0,33.666666666666664,28.333333333333332,40.333333333333336,16.0,103.66666666666667,15.666666666666666,45.333333333333336,20.0,34.333333333333336,21.333333333333332,23.333333333333332
9.0,41.666666666666664,86.0,20.666666666666668,13.666666666666666,32.666666666666664,38.333333333333336,20.333333333333332,14.0,14.666666666666666,18.666666666666668,18.666666666666668,26.0,15.666666666666666,19.333333333333332,38.0,12.666666666666666,14.666666666666666,18.333333333333332,11.0,81.66666666666667,11.666666666666666,14.666666666666666,17.333333333333332,29.0,39.666666666666664,20.0,17.666666666666668,86.33333333333333,12.0,14.333333333333334,21.0,53.333333333333336,14.333333333333334,27.666666666666668,32.0,28.333333333333332,26.666666666666668,25.666666666666668,19.666666666666668,25.666666666666668,11.666666666666666,24.666666666666668,24.0,15.0,25.0,29.666666666666668,14.666666666666666,35.333333333333336,28.333333333333332,11.0,22.666666666666668,24.0,34.666666666666664,17.0,36.666666666666664,11.0,11.333333333333334,13.666666666666666,16.333333333333332,27.0,48.333333333333336,18.0,32.666666666666664,11.333333333333334,22.0,22.333333333333332,19.333333333333332,32.333333333333336,17.666666666666668,17.666666666666668,21.333333333333332,35.666666666666664,46.333333333333336,24.666666666666668,25.666666666666668,34.0,26.333333333333332,19.0,13.666666666666666,23.0,14.333333333333334,30.666666666666668,19.333333333333332,34.333333333333336,29.333333333333332,36.333333333333336,32.666666666666664,37.0,16.666666666666668,105.66666666666667,18.333333333333332,46.0,22.0,34.0,22.0,24.666666666666668
9.25,40.0,88.0,22.666666666666668,14.333333333333334,35.333333333333336,39.0,20.666666666666668,14.333333333333334,17.0,16.0,18.666666666666668,24.333333333333332,19.333333333333332,17.333333333333332,41.333333333333336,17.666666666666668,16.333333333333332,16.666666666666668,12.666666666666666,82.33333333333333,12.666666666666666,15.333333333333334,18.666666666666668,30.333333333333332,39.333333333333336,20.0,18.666666666666668,88.0,12.0,13.333333333333334,24.0,52.666666666666664,13.0,26.666666666666668,33.0,28.0,31.333333333333332,26.0,20.333333333333332,29.0,12.0,26.0,22.0,16.0,26.666666666666668,33.0,14.333333333333334,36.333333333333336,30.666666666666668,12.666666666666666,25.0,28.333333333333332,36.666666666666664,19.666666666666668,39.333333333333336,11.0,13.666666666666666,12.0,17.666666666666668,29.0,51.333333333333336,19.333333333333332,32.0,11.0,22.0,24.0,22.666666666666668,32.666666666666664,19.333333333333332,17.666666666666668,18.666666666666668,33.666666666666664,48.333333333333336,26.0,25.0,33.333333333333336,26.666666666666668,21.333333333333332,13.333333333333334,23.666666666666668,18.0,30.333333333333332,20.666666666666668,37.0,32.666666666666664,38.333333333333336,29.333333333333332,41.666666666666664,19.0,107.33333333333333,19.0,49.0,22.0,37.0,20.333333333333332,26.333333333333332
9.5,42.333333333333336,88.66666666666667,21.666666666666668,14.333333333333334,37.666666666666664,41.333333333333336,24.333333333333332,14.0,16.333333333333332,20.0,22.0,28.333333333333332,20.666666666666668,17.666666666666668,45.666666666666664,17.666666666666668,15.0,19.0,13.333333333333334,82.0,12.333333333333334,15.333333333333334,16.333333333333332,28.0,42.333333333333336,23.333333333333332,19.0,86.0,12.333333333333334,15.0,28.666666666666668,58.0,14.666666666666666,28.0,31.666666666666668,27.0,34.0,25.0,23.333333333333332,29.666666666666668,13.333333333333334,25.0,24.666666666666668,16.333333333333332,25.666666666666668,30.666666666666668,16.0,37.666666666666664,31.0,11.333333333333334,21.333333333333332,27.0,38.666666666666664,22.666666666666668,42.333333333333336,11.0,11.0,13.666666666666666,16.666666666666668,29.666666666666668,54.0,23.666666666666668,34.333333333333336,11.0,22.0,26.0,20.666666666666668,31.0,18.666666666666668,20.666666666666668,22.333333333333332,35.0,49.0,28.0,25.0,35.333333333333336,30.666666666666668,24.666666666666668,17.333333333333332,27.666666666666668,15.333333333333334,26.0,18.333333333333332,39.333333333333336,32.0,41.666666666666664,34.0,42.0,18.333333333333332,108.0,17.333333333333332,50.0,21.0,39.333333333333336,21.666666666666668,26.666666666666668
9.75,39.0,87.66666666666667,25.333333333333332,14.333333333333334,34.666666666666664,46.666666666666664,23.666666666666668,14.333333333333334,13.333333333333334,18.333333333333332,22.0,27.666666666666668,16.666666666666668,20.0,45.333333333333336,14.0,17.666666666666668,19.0,13.333333333333334,79.33333333333333,12.666666666666666,16.666666666666668,19.333333333333332,28.666666666666668,41.333333333333336,21.666666666666668,19.0,86.66666666666667,13.0,13.0,26.666666666666668,57.666666666666664,13.333333333333334,27.333333333333332,32.0,28.333333333333332,32.0,25.0,20.0,27.666666666666668,13.333333333333334,25.333333333333332,22.333333333333332,17.0,26.666666666666668,34.0,15.0,39.0,32.333333333333336,11.0,26.666666666666668,26.333333333333332,36.333333333333336,20.666666666666668,42.0,11.0,12.333333333333334,11.0,17.333333333333332,30.333333333333332,53.333333333333336,23.333333333333332,33.666666666666664,12.666666666666666,23.666666666666668,24.333333333333332,22.0,32.666666666666664,15.666666666666666,20.666666666666668,20.666666666666668,33.0,51.0,29.666666666666668,25.666666666666668,34.0,28.666666666666668,25.0,15.333333333333334,31.333333333333332,15.666666666666666,27.333333333333332,21.333333333333332,37.333333333333336,34.666666666666664,41.333333333333336,30.333333333333332,42.666666666666664,18.0,105.66666666666667,15.0,48.333333333333336,21.666666666666668,39.333333333333336,21.0,25.0
10.0,41.333333333333336,86.66666666666667,26.0,14.666666666666666,35.333333333333336,41.333333333333336,22.666666666666668,15.0,15.666666666666666,18.666666666666668,22.0,26.333333333333332,21.666666666666668,22.0,46.333333333333336,15.333333333333334,15.666666666666666,18.0,13.333333333333334,80.33333333333333,13.0,15.0,18.333333333333332,29.333333333333332,43.333333333333336,24.666666666666668,18.666666666666668,85.66666666666667,12.333333333333334,14.666666666666666,29.333333333333332,61.666666666666664,14.333333333333334,29.333333333333332,30.0,28.333333333333332,30.666666666666668,26.0,23.333333333333332,30.666666666666668,11.333333333333334,26.0,22.666666666666668,16.0,25.333333333333332,33.333333333333336,16.666666666666668,37.0,33.0,12.333333333333334,25.333333333333332,26.0,38.333333333333336,21.0,46.0,11.0,11.333333333333334,11.0,17.333333333333332,30.666666666666668,54.333333333333336,27.0,37.666666666666664,11.666666666666666,24.333333333333332,26.0,26.0,37.333333333333336,18.0,16.0,24.333333333333332,34.0,50.0,26.0,27.0,37.0,28.333333333333332,20.666666666666668,19.0,29.666666666666668,17.666666666666668,27.666666666666668,22.666666666666668,39.666666666666664,34.666666666666664,44.333333333333336,31.333333333333332,43.333333333333336,20.666666666666668,109.0,16.666666666666668,50.0,22.333333333333332,35.666666666666664,20.0,25.666666666666668
10.25,40.666666666666664,89.0,27.333333333333332,16.0,37.333333333333336,45.333333333333336,26.0,14.333333333333334,17.666666666666668,18.666666666666668,22.0,25.0,20.333333333333332,24.333333333333332,48.666666666666664,17.0,17.0,20.333333333333332,15.333333333333334,83.66666666666667,14.666666666666666,16.666666666666668,21.333333333333332,33.0,45.666666666666664,27.666666666666668,20.333333333333332,89.66666666666667,14.0,17.333333333333332,30.0,62.333333333333336,16.0,30.666666666666668,34.333333333333336,32.0,30.333333333333332,25.0,24.333333333333332,32.666666666666664,12.333333333333334,29.0,27.333333333333332,17.666666666666668,30.0,35.333333333333336,15.0,43.0,35.666666666666664,12.333333333333334,28.0,29.0,40.333333333333336,23.666666666666668,46.0,11.0,15.0,11.666666666666666,18.333333333333332,34.666666666666664,56.0,25.666666666666668,38.0,13.333333333333334,28.0,30.0,25.333333333333332,38.666666666666664,22.0,23.0,26.0,39.333333333333336,53.0,31.333333333333332,26.0,38.666666666666664,30.666666666666668,26.0,20.0,33.666666666666664,21.0,33.666666666666664,21.333333333333332,37.333333333333336,38.666666666666664,48.0,32.333333333333336,47.333333333333336,18.333333333333332,109.33333333333333,18.666666666666668,51.333333333333336,23.0,41.666666666666664,23.0,29.0
10.5,46.0,90.33333333333333,30.333333333333332,17.333333333333332,42.0,48.0,27.333333333333332,15.0,17.333333333333332,20.0,23.666666666666668,26.666666666666668,19.0,24.0,51.666666666666664,17.333333333333332,17.333333333333332,21.666666666666668,16.333333333333332,81.33333333333333,13.0,19.666666666666668,21.0,31.666666666666668,47.0,25.666666666666668,20.0,86.0,13.666666666666666,17.0,31.666666666666668,67.0,15.333333333333334,31.333333333333332,36.333333333333336,30.333333333333332,31.0,27.666666666666668,23.333333333333332,30.666666666666668,14.666666666666666,27.333333333333332,24.0,18.0,27.333333333333332,36.666666666666664,15.0,41.666666666666664,37.333333333333336,11.0,26.666666666666668,32.333333333333336,43.666666666666664,22.0,46.0,12.333333333333334,14.0,11.666666666666666,19.333333333333332,37.666666666666664,60.666666666666664,27.0,40.666666666666664,12.0,27.333333333333332,26.0,26.333333333333332,34.333333333333336,22.0,21.333333333333332,25.0,35.666666666666664,54.333333333333336,31.666666666666668,27.0,40.0,31.0,28.333333333333332,22.333333333333332,35.0,18.0,32.0,21.0,40.666666666666664,38.666666666666664,44.333333333333336,36.666666666666664,47.333333333333336,17.666666666666668,106.0,18.0,54.0,27.666666666666668,38.333333333333336,23.333333333333332,29.0
10.75,44.333333333333336,87.0,29.333333333333332,17.333333333333332,44.0,51.333333333333336,25.0,13.333333333333334,17.666666666666668,20.0,24.666666666666668,27.333333333333332,18.0,21.666666666666668,49.0,19.0,16.333333333333332,20.0,14.333333333333334,82.0,15.333333333333334,19.333333333333332,23.666666666666668,29.666666666666668,46.333333333333336,24.333333333333332,20.333333333333332,87.33333333333333,12.0,16.0,29.0,66.33333333333333,14.333333333333334,32.333333333333336,35.666666666666664,32.0,33.333333333333336,26.0,25.0,31.0,16.666666666666668,32.0,27.333333333333332,17.666666666666668,33.666666666666664,35.333333333333336,16.666666666666668,41.333333333333336,39.0,11.0,26.333333333333332,31.666666666666668,43.333333333333336,27.333333333333332,50.0,12.0,16.333333333333332,15.0,17.666666666666668,38.0,62.666666666666664,26.666666666666668,38.0,12.0,26.333333333333332,27.0,28.666666666666668,38.0,18.0,21.333333333333332,24.333333333333332,39.333333333333336,55.0,31.0,28.666666666666668,37.333333333333336,33.333333333333336,24.333333333333332,20.0,32.333333333333336,17.333333333333332,30.666666666666668,22.0,39.0,37.666666666666664,43.333333333333336,37.333333333333336,48.0,17.666666666666668,109.33333333333333,21.666666666666668,52.0,24.666666666666668,36.333333333333336,21.333333333333332,27.333333333333332
11.0,43.666666666666664,91.66666666666667,28.666666666666668,15.333333333333334,43.0,48.333333333333336,26.666666666666668,14.333333333333334,15.333333333333334,21.666666666666668,25.666666666666668,27.0,16.666666666666668,22.0,51.333333333333336,18.0,17.333333333333332,20.0,16.0,81.66666666666667,14.666666666666666,18.0,23.333333333333332,32.333333333333336,46.666666666666664,25.0,18.333333333333332,86.33333333333333,12.0,19.0,31.0,71.33333333333333,14.666666666666666,32.333333333333336,34.333333333333336,33.0,31.333333333333332,23.333333333333332,25.333333333333332,33.333333333333336,13.666666666666666,29.0,28.666666666666668,19.666666666666668,30.666666666666668,36.333333333333336,17.666666666666668,40.666666666666664,37.666666666666664,11.0,27.666666666666668,28.333333333333332,46.666666666666664,23.666666666666668,50.666666666666664,11.333333333333334,16.0,11.333333333333334,18.0,36.333333333333336,61.333333333333336,27.0,39.666666666666664,12.666666666666666,28.0,31.333333333333332,27.666666666666668,38.666666666666664,20.0,17.0,25.666666666666668,38.0,53.666666666666664,31.0,28.0,38.666666666666664,36.0,27.666666666666668,23.333333333333332,31.666666666666668,19.0,32.333333333333336,20.333333333333332,42.0,41.0,48.0,39.0,46.666666666666664,19.0,108.33333333333333,18.333333333333332,52.0,23.666666666666668,40.333333333333336,19.0,28.666666666666668
11.25,46.666666666666664,95.33333333333333,35.0,16.666666666666668,43.0,54.333333333333336,30.0,17.0,17.666666666666668,22.0,26.333333333333332,31.0,18.0,24.0,55.0,22.0,21.0,23.0,17.333333333333332,83.66666666666667,16.666666666666668,20.666666666666668,26.333333333333332,34.0,48.666666666666664,27.0,24.0,87.33333333333333,15.333333333333334,20.666666666666668,36.333333333333336,75.66666666666667,16.666666666666668,32.0,36.666666666666664,34.333333333333336,33.666666666666664,24.666666666666668,27.0,37.666666666666664,17.333333333333332,32.333333333333336,31.666666666666668,22.666666666666668,33.0,39.0,18.666666666666668,44.666666666666664,40.666666666666664,12.333333333333334,29.0,35.0,45.666666666666664,26.0,48.0,13.333333333333334,15.333333333333334,13.666666666666666,21.0,40.666666666666664,63.333333333333336,30.333333333333332,41.333333333333336,13.333333333333334,29.0,33.0,30.666666666666668,41.0,22.666666666666668,26.333333333333332,30.666666666666668,40.666666666666664,59.0,35.333333333333336,28.666666666666668,42.0,32.666666666666664,32.333333333333336,27.666666666666668,36.666666666666664,21.0,33.0,23.333333333333332,45.0,43.666666666666664,51.333333333333336,38.333333333333336,47.333333333333336,21.333333333333332,108.33333333333333,20.333333333333332,53.666666666666664,27.333333333333332,46.333333333333336,21.666666666666668,30.0
11.5,45.0,94.33333333333333,30.666666666666668,15.666666666666666,45.0,54.0,29.0,16.666666666666668,19.333333333333332,24.0,27.0,31.666666666666668,19.666666666666668,26.666666666666668,56.333333333333336,21.0,21.0,23.333333333333332,18.0,85.66666666666667,19.333333333333332,19.666666666666668,24.666666666666668,32.333333333333336,49.666666666666664,25.666666666666668,24.333333333333332,87.33333333333333,15.0,22.333333333333332,34.333333333333336,76.33333333333333,18.0,33.0,37.0,35.333333333333336,34.333333333333336,25.666666666666668,28.666666666666668,34.333333333333336,18.333333333333332,32.666666666666664,34.666666666666664,23.0,33.333333333333336,38.0,19.666666666666668,44.333333333333336,41.666666666666664,12.333333333333334,30.333333333333332,35.0,47.333333333333336,26.666666666666668,50.0,14.0,16.0,12.333333333333334,18.666666666666668,41.0,63.333333333333336,32.666666666666664,42.0,14.333333333333334,30.333333333333332,32.333333333333336,31.333333333333332,41.0,22.333333333333332,24.666666666666668,30.0,41.666666666666664,57.666666666666664,35.666666666666664,29.666666666666668,41.333333333333336,35.0,31.0,27.666666666666668,38.0,20.0,34.333333333333336,24.333333333333332,43.666666666666664,43.666666666666664,48.666666666666664,44.666666666666664,49.0,20.333333333333332,108.33333333333333,22.666666666666668,58.333333333333336,26.666666666666668,44.333333333333336,23.0,30.0
11.75,50.666666666666664,96.0,36.666666666666664,19.333333333333332,48.666666666666664,53.666666666666664,31.333333333333332,17.666666666666668,20.333333333333332,24.333333333333332,28.333333333333332,31.666666666666668,20.333333333333332,28.666666666666668,56.666666666666664,22.666666666666668,21.666666666666668,23.333333333333332,20.333333333333332,84.66666666666667,20.0,19.666666666666668,29.666666666666668,33.666666666666664,50.0,27.666666666666668,26.333333333333332,90.0,12.666666666666666,23.333333333333332,38.666666666666664,81.33333333333333,18.333333333333332,39.0,38.333333333333336,34.333333333333336,37.333333333333336,27.0,26.666666666666668,36.333333333333336,18.333333333333332,37.0,34.333333333333336,21.666666666666668,36.666666666666664,39.666666666666664,20.0,47.333333333333336,41.666666666666664,12.666666666666666,30.666666666666668,35.666666666666664,50.333333333333336,32.0,58.0,18.0,19.333333333333332,15.0,20.666666666666668,45.333333333333336,64.33333333333333,33.666666666666664,43.333333333333336,14.0,32.666666666666664,32.666666666666664,34.0,45.666666666666664,23.0,24.666666666666668,31.0,42.0,63.0,37.666666666666664,33.666666666666664,45.666666666666664,34.333333333333336,31.333333333333332,28.333333333333332,35.333333333333336,25.0,37.0,26.0,48.333333333333336,44.0,51.0,38.333333333333336,52.666666666666664,20.666666666666668,111.33333333333333,21.333333333333332,57.333333333333336,27.0,47.666666666666664,24.333333333333332,31.666666666666668
12.0,49.333333333333336,98.0,38.333333333333336,18.666666666666668,50.0,56.0,32.333333333333336,17.333333333333332,20.666666666666668,26.333333333333332,31.333333333333332,33.333333333333336,22.333333333333332,28.666666666666668,59.333333333333336,24.666666666666668,21.0,24.0,21.0,85.33333333333333,19.666666666666668,22.666666666666668,30.333333333333332,35.0,53.666666666666664,29.333333333333332,27.0,88.66666666666667,16.0,25.333333333333332,38.0,81.0,20.333333333333332,40.666666666666664,42.0,37.333333333333336,38.333333333333336,27.333333333333332,32.0,42.333333333333336,19.0,38.333333333333336,35.666666666666664,23.0,40.666666666666664,43.0,22.333333333333332,47.0,45.0,14.333333333333334,36.0,38.333333333333336,52.0,34.333333333333336,54.666666666666664,18.0,21.666666666666668,17.0,21.0,47.0,71.66666666666667,33.0,43.666666666666664,15.333333333333334,32.666666666666664,35.333333333333336,38.666666666666664,41.333333333333336,24.666666666666668,25.666666666666668,34.0,43.333333333333336,60.333333333333336,37.333333333333336,31.0,44.666666666666664,39.666666666666664,32.333333333333336,29.333333333333332,42.0,27.0,40.666666666666664,25.0,48.333333333333336,47.333333333333336,51.333333333333336,45.666666666666664,52.333333333333336,18.0,110.66666666666667,25.0,58.0,27.666666666666668,47.666666666666664,23.333333333333332,32.0
12.25,50.0,98.33333333333333,41.0,18.333333333333332,51.0,54.0,35.0,19.0,19.666666666666668,25.666666666666668,29.666666666666668,32.666666666666664,23.666666666666668,28.666666666666668,59.0,22.666666666666668,23.666666666666668,25.0,20.666666666666668,84.66666666666667,22.666666666666668,23.0,30.666666666666668,32.666666666666664,54.0,31.666666666666668,26.333333333333332,90.66666666666667,17.0,25.0,38.333333333333336,84.66666666666667,19.0,39.0,41.0,33.333333333333336,38.333333333333336,26.333333333333332,30.666666666666668,42.0,21.333333333333332,37.333333333333336,34.0,25.333333333333332,41.666666666666664,44.666666666666664,24.0,47.333333333333336,45.333333333333336,13.333333333333334,37.666666666666664,41.0,51.0,33.333333333333336,52.0,16.0,22.666666666666668,17.0,20.666666666666668,48.0,69.66666666666667,33.333333333333336,44.666666666666664,15.666666666666666,35.333333333333336,36.333333333333336,36.333333333333336,42.666666666666664,25.666666666666668,27.333333333333332,34.333333333333336,37.666666666666664,62.666666666666664,39.333333333333336,34.0,48.0,37.0,35.333333333333336,32.666666666666664,44.0,25.666666666666668,35.333333333333336,26.666666666666668,48.666666666666664,50.333333333333336,54.0,43.0,53.333333333333336,20.666666666666668,112.0,22.666666666666668,57.666666666666664,29.666666666666668,48.0,21.0,31.666666666666668
12.5,51.0,96.33333333333333,39.333333333333336,21.333333333333332,52.666666666666664,58.333333333333336,32.0,18.333333333333332,18.0,25.666666666666668,30.333333333333332,33.0,20.0,28.666666666666668,60.0,26.333333333333332,21.666666666666668,24.0,21.333333333333332,83.33333333333333,21.333333333333332,20.333333333333332,31.0,36.666666666666664,51.0,28.666666666666668,26.666666666666668,87.66666666666667,15.333333333333334,27.333333333333332,40.666666666666664,85.66666666666667,21.666666666666668,40.666666666666664,41.666666666666664,34.333333333333336,38.666666666666664,25.333333333333332,30.0,40.666666666666664,22.0,36.333333333333336,38.666666666666664,23.333333333333332,38.666666666666664,40.333333333333336,22.0,50.0,44.666666666666664,12.0,33.0,38.333333333333336,50.666666666666664,36.333333333333336,54.666666666666664,18.666666666666668,20.0,18.666666666666668,21.0,45.666666666666664,71.33333333333333,35.333333333333336,46.333333333333336,14.0,34.333333333333336,37.666666666666664,38.333333333333336,39.666666666666664,23.666666666666668,26.333333333333332,33.666666666666664,41.666666666666664,60.0,35.0,32.333333333333336,45.666666666666664,38.333333333333336,33.666666666666664,32.333333333333336,42.0,24.666666666666668,33.333333333333336,24.333333333333332,49.666666666666664,49.0,51.666666666666664,46.333333333333336,54.333333333333336,21.666666666666668,110.0,23.0,56.666666666666664,28.333333333333332,46.333333333333336,23.0,32.333333333333336
12.75,55.0,102.0,41.333333333333336,22.0,51.666666666666664,57.333333333333336,39.0,17.0,22.0,29.0,32.333333333333336,32.666666666666664,20.0,30.333333333333332,61.666666666666664,24.666666666666668,27.0,29.0,22.0,88.0,25.0,26.333333333333332,32.666666666666664,36.0,57.666666666666664,28.666666666666668,29.0,91.0,16.333333333333332,31.333333333333332,44.333333333333336,91.66666666666667,21.666666666666668,38.0,43.666666666666664,37.666666666666664,38.0,27.666666666666668,31.333333333333332,43.0,22.333333333333332,40.0,37.333333333333336,29.0,40.333333333333336,44.666666666666664,25.0,48.666666666666664,48.666666666666664,14.333333333333334,40.0,43.0,54.333333333333336,34.0,56.333333333333336,21.0,23.333333333333332,17.666666666666668,23.0,48.0,72.0,40.333333333333336,46.666666666666664,16.0,38.333333333333336,39.666666666666664,36.0,46.333333333333336,28.0,28.666666666666668,37.0,43.666666666666664,66.33333333333333,38.666666666666664,36.333333333333336,49.0,40.666666666666664,35.333333333333336,38.0,45.333333333333336,27.333333333333332,39.666666666666664,24.0,52.0,56.666666666666664,55.333333333333336,44.666666666666664,55.333333333333336,22.0,114.0,21.666666666666668,59.333333333333336,28.666666666666668,52.333333333333336,26.666666666666668,33.0
13.0,55.666666666666664,102.33333333333333,44.0,22.333333333333332,56.0,58.666666666666664,38.0,16.666666666666668,18.666666666666668,28.0,32.666666666666664,36.666666666666664,21.666666666666668,31.333333333333332,62.0,25.666666666666668,26.666666666666668,27.0,22.0,88.66666666666667,23.333333333333332,24.0,32.333333333333336,36.666666666666664,58.333333333333336,31.666666666666668,30.666666666666668,89.33333333333333,14.333333333333334,33.333333333333336,46.333333333333336,88.66666666666667,22.333333333333332,39.666666666666664,45.666666666666664,38.0,42.333333333333336,25.333333333333332,32.333333333333336,46.666666666666664,21.0,45.333333333333336,39.333333333333336,24.666666666666668,44.0,45.666666666666664,24.666666666666668,54.333333333333336,45.666666666666664,13.333333333333334,36.666666666666664,43.0,55.0,36.0,58.666666666666664,23.666666666666668,24.666666666666668,18.666666666666668,23.0,50.0,73.66666666666667,37.0,47.333333333333336,16.0,40.666666666666664,38.0,41.333333333333336,46.333333333333336,28.0,25.666666666666668,35.0,46.0,69.0,37.666666666666664,32.333333333333336,49.333333333333336,40.0,38.0,39.666666666666664,43.333333333333336,32.666666666666664,44.666666666666664,24.666666666666668,55.0,53.666666666666664,52.666666666666664,46.0,59.666666666666664,23.0,110.66666666666667,23.0,61.666666666666664,29.666666666666668,51.666666666666664,25.0,35.666666666666664
13.25,57.333333333333336,103.33333333333333,44.666666666666664,24.666666666666668,61.666666666666664,63.0,42.333333333333336,20.666666666666668,21.666666666666668,32.666666666666664,33.0,38.333333333333336,21.666666666666668,34.333333333333336,65.0,26.666666666666668,27.333333333333332,31.666666666666668,25.666666666666668,88.33333333333333,25.0,30.333333333333332,34.0,36.0,58.666666666666664,31.333333333333332,32.666666666666664,91.33333333333333,16.0,31.0,47.0,95.66666666666667,22.666666666666668,42.0,46.0,36.0,40.333333333333336,25.0,36.666666666666664,44.333333333333336,26.0,42.0,39.333333333333336,26.666666666666668,48.666666666666664,47.0,27.0,54.333333333333336,51.333333333333336,14.333333333333334,39.666666666666664,44.333333333333336,62.666666666666664,37.0,59.666666666666664,22.666666666666668,27.666666666666668,22.0,26.333333333333332,52.333333333333336,79.0,40.333333333333336,49.0,17.666666666666668,40.666666666666664,37.333333333333336,43.666666666666664,47.0,32.0,31.333333333333332,39.333333333333336,44.333333333333336,72.33333333333333,42.333333333333336,36.333333333333336,51.666666666666664,40.333333333333336,41.0,39.666666666666664,45.0,31.333333333333332,40.0,26.333333333333332,57.333333333333336,59.333333333333336,57.0,49.333333333333336,59.666666666666664,25.333333333333332,111.0,24.333333333333332,62.0,30.0,50.0,24.666666666666668,37.333333333333336
13.5,56.333333333333336,102.33333333333333,42.666666666666664,24.666666666666668,60.333333333333336,66.66666666666667,37.333333333333336,22.333333333333332,22.0,26.333333333333332,35.666666666666664,33.666666666666664,20.0,30.0,64.33333333333333,26.0,23.666666666666668,32.0,21.0,87.66666666666667,28.333333333333332,26.0,37.0,36.666666666666664,57.0,31.0,32.666666666666664,89.66666666666667,18.333333333333332,34.666666666666664,48.333333333333336,94.0,25.0,40.666666666666664,45.333333333333336,39.333333333333336,43.0,25.666666666666668,38.333333333333336,45.333333333333336,25.0,43.666666666666664,40.666666666666664,27.0,43.666666666666664,47.0,32.333333333333336,54.0,47.666666666666664,13.0,42.0,44.333333333333336,60.0,38.666666666666664,59.333333333333336,23.666666666666668,24.0,18.0,26.333333333333332,55.333333333333336,80.66666666666667,40.0,50.0,15.0,43.666666666666664,38.666666666666664,44.666666666666664,46.333333333333336,24.0,29.666666666666668,41.333333333333336,46.666666666666664,72.0,40.333333333333336,33.666666666666664,47.333333333333336,43.0,42.0,40.0,46.333333333333336,33.333333333333336,38.666666666666664,27.333333333333332,57.333333333333336,57.666666666666664,60.666666666666664,49.666666666666664,62.0,22.0,114.0,24.333333333333332,63.0,29.333333333333332,51.333333333333336,23.333333333333332,37.0
13.75,55.333333333333336,103.33333333333333,47.333333333333336,24.666666666666668,60.666666666666664,65.33333333333333,39.333333333333336,21.0,18.0,30.0,34.666666666666664,37.666666666666664,19.0,33.0,68.66666666666667,30.0,28.0,32.0,24.0,88.33333333333333,28.666666666666668,27.0,36.666666666666664,39.666666666666664,57.0,34.0,34.0,91.33333333333333,16.0,37.333333333333336,47.333333333333336,96.66666666666667,23.0,42.333333333333336,44.666666666666664,41.333333333333336,42.0,26.666666666666668,38.666666666666664,46.0,26.666666666666668,42.666666666666664,42.666666666666664,28.0,46.333333333333336,48.0,30.333333333333332,55.333333333333336,49.333333333333336,13.666666666666666,37.666666666666664,45.0,61.333333333333336,37.666666666666664,60.666666666666664,25.0,27.0,22.0,20.0,56.666666666666664,79.0,42.0,54.0,17.0,43.0,43.0,43.666666666666664,46.666666666666664,28.333333333333332,30.666666666666668,40.333333333333336,47.0,69.33333333333333,42.0,37.666666666666664,50.0,43.333333333333336,42.666666666666664,43.666666666666664,46.666666666666664,33.0,44.666666666666664,25.333333333333332,57.333333333333336,58.0,59.666666666666664,52.333333333333336,59.333333333333336,24.666666666666668,113.0,25.0,62.0,27.333333333333332,48.333333333333336,26.0,38.666666666666664
14.0,52.666666666666664,103.33333333333333,46.666666666666664,29.333333333333332,63.0,62.333333333333336,39.666666666666664,18.666666666666668,21.0,36.333333333333336,30.666666666666668,40.666666666666664,18.333333333333332,35.333333333333336,62.333333333333336,25.333333333333332,26.333333333333332,29.666666666666668,20.666666666666668,89.66666666666667,27.666666666666668,25.666666666666668,36.666666666666664,36.666666666666664,58.333333333333336,28.333333333333332,33.0,88.33333333333333,17.333333333333332,36.333333333333336,45.0,100.0,25.666666666666668,44.666666666666664,42.666666666666664,39.0,39.333333333333336,24.333333333333332,36.666666666666664,46.333333333333336,23.0,43.333333333333336,44.666666666666664,27.666666666666668,50.333333333333336,45.666666666666664,31.666666666666668,55.666666666666664,55.333333333333336,12.0,38.666666666666664,49.333333333333336,60.0,34.333333333333336,59.0,24.666666666666668,28.666666666666668,22.333333333333332,24.0,55.333333333333336,76.33333333333333,38.666666666666664,51.333333333333336,15.333333333333334,46.0,41.0,44.666666666666664,46.0,28.0,29.666666666666668,40.0,45.666666666666664,72.33333333333333,39.666666666666664,35.666666666666664,51.666666666666664,42.333333333333336,42.333333333333336,43.666666666666664,43.666666666666664,35.0,44.333333333333336,27.0,56.333333333333336,62.666666666666664,59.666666666666664,53.333333333333336,54.333333333333336,21.666666666666668,111.66666666666667,22.0,61.333333333333336,30.333333333333332,48.333333333333336,23.333333333333332,38.0
14.25,60.333333333333336,109.0,50.333333333333336,27.333333333333332,69.33333333333333,66.33333333333333,42.333333333333336,23.0,21.333333333333332,34.333333333333336,35.666666666666664,39.333333333333336,22.0,35.666666666666664,69.66666666666667,32.666666666666664,28.666666666666668,33.666666666666664,28.0,92.0,32.333333333333336,28.333333333333332,38.333333333333336,41.333333333333336,61.666666666666664,31.0,38.666666666666664,91.0,17.0,41.666666666666664,52.0,101.66666666666667,26.333333333333332,44.666666666666664,51.0,40.333333333333336,44.333333333333336,26.333333333333332,39.0,50.333333333333336,27.666666666666668,45.666666666666664,48.666666666666664,33.666666666666664,51.333333333333336,54.0,32.333333333333336,58.0,53.333333333333336,14.333333333333334,41.333333333333336,50.0,66.33333333333333,41.0,62.333333333333336,28.0,31.333333333333332,23.666666666666668,27.666666666666668,60.333333333333336,85.0,47.666666666666664,49.666666666666664,18.0,47.333333333333336,47.666666666666664,50.0,51.0,33.333333333333336,30.666666666666668,45.333333333333336,48.0,79.33333333333333,39.0,39.666666666666664,52.333333333333336,42.333333333333336,45.666666666666664,50.0,49.0,35.666666666666664,46.0,29.0,62.0,65.66666666666667,61.0,53.333333333333336,60.666666666666664,25.666666666666668,113.66666666666667,26.0,62.333333333333336,32.0,54.333333333333336,27.0,40.333333333333336
14.5,60.666666666666664,109.0,53.0,29.0,69.0,68.66666666666667,45.333333333333336,24.0,21.666666666666668,32.0,36.666666666666664,42.333333333333336,20.333333333333332,35.666666666666664,68.0,33.0,32.333333333333336,37.0,26.666666666666668,89.33333333333333,31.0,30.0,41.0,41.333333333333336,63.666666666666664,31.666666666666668,37.333333333333336,89.0,17.0,39.333333333333336,51.0,101.0,26.333333333333332,45.0,48.666666666666664,37.666666666666664,44.666666666666664,25.666666666666668,40.0,48.666666666666664,28.0,48.0,41.666666666666664,30.0,50.333333333333336,55.333333333333336,32.0,59.666666666666664,50.333333333333336,15.666666666666666,44.666666666666664,45.666666666666664,66.0,41.333333333333336,63.666666666666664,26.333333333333332,28.0,23.0,27.666666666666668,58.0,86.66666666666667,42.333333333333336,51.666666666666664,18.0,48.0,43.0,49.333333333333336,48.666666666666664,31.666666666666668,31.0,44.666666666666664,47.333333333333336,82.33333333333333,40.333333333333336,37.666666666666664,49.0,45.0,44.333333333333336,50.333333333333336,44.666666666666664,36.666666666666664,45.0,27.333333333333332,63.666666666666664,66.0,61.333333333333336,56.666666666666664,66.33333333333333,26.0,111.33333333333333,25.0,65.0,30.333333333333332,53.666666666666664,28.333333333333332,41.333333333333336
14.75,59.0,108.33333333333333,53.333333333333336,28.0,69.0,66.33333333333333,45.333333333333336,25.0,21.0,34.333333333333336,35.0,40.333333333333336,20.666666666666668,35.0,75.0,33.666666666666664,27.333333333333332,38.666666666666664,25.333333333333332,90.66666666666667,34.666666666666664,29.333333333333332,42.666666666666664,41.666666666666664,60.333333333333336,33.666666666666664,41.333333333333336,91.33333333333333,17.333333333333332,41.333333333333336,52.0,104.0,28.666666666666668,46.333333333333336,47.333333333333336,41.666666666666664,43.0,28.666666666666668,41.333333333333336,51.666666666666664,28.0,51.0,43.333333333333336,29.0,51.0,53.333333333333336,31.666666666666668,60.0,54.333333333333336,15.333333333333334,44.666666666666664,49.0,65.33333333333333,41.0,66.0,27.666666666666668,31.0,25.666666666666668,25.0,64.33333333333333,87.0,48.0,51.333333333333336,18.0,47.333333333333336,44.666666666666664,54.0,49.0,33.0,30.666666666666668,46.0,50.0,77.66666666666667,40.666666666666664,38.0,49.333333333333336,44.666666666666664,45.333333333333336,51.666666666666664,46.333333333333336,39.666666666666664,45.333333333333336,26.666666666666668,64.0,64.66666666666667,60.333333333333336,59.333333333333336,66.0,26.0,111.66666666666667,27.666666666666668,63.0,31.0,52.0,26.0,38.333333333333336
15.0,59.0,111.33333333333333,54.333333333333336,29.333333333333332,72.33333333333333,71.33333333333333,45.666666666666664,25.0,20.0,35.0,38.0,41.666666666666664,24.666666666666668,37.666666666666664,72.0,32.666666666666664,30.666666666666668,37.333333333333336,27.0,89.0,36.0,30.0,40.666666666666664,43.0,64.0,30.0,39.0,91.0,18.666666666666668,43.666666666666664,55.0,106.0,28.666666666666668,44.0,48.333333333333336,41.666666666666664,45.666666666666664,27.0,44.0,51.333333333333336,29.666666666666668,48.666666666666664,45.333333333333336,31.666666666666668,52.333333333333336,54.666666666666664,32.0,63.0,57.666666666666664,16.666666666666668,45.666666666666664,52.333333333333336,67.0,40.333333333333336,65.33333333333333,31.666666666666668,31.666666666666668,26.333333333333332,26.0,64.33333333333333,87.0,49.0,54.0,20.0,50.0,46.666666666666664,53.666666666666664,51.666666666666664,31.0,32.666666666666664,45.333333333333336,50.0,80.0,43.666666666666664,37.0,55.0,48.0,50.333333333333336,56.333333333333336,48.0,40.666666666666664,46.333333333333336,30.666666666666668,65.0,68.0,60.0,59.0,64.33333333333333,27.0,116.33333333333333,27.0,65.33333333333333,30.0,50.666666666666664,25.333333333333332,38.333333333333336
15.25,61.0,110.33333333333333,57.666666666666664,32.666666666666664,73.33333333333333,72.33333333333333,42.666666666666664,26.333333333333332,21.0,37.666666666666664,37.333333333333336,42.666666666666664,19.333333333333332,37.666666666666664,73.33333333333333,33.666666666666664,30.666666666666668,38.666666666666664,25.333333333333332,91.66666666666667,34.333333333333336,29.333333333333332,43.666666666666664,38.333333333333336,62.0,32.0,42.333333333333336,90.66666666666667,18.666666666666668,48.0,50.666666666666664,109.33333333333333,27.333333333333332,48.0,49.666666666666664,42.666666666666664,44.666666666666664,27.0,48.0,50.0,30.0,50.333333333333336,49.666666666666664,28.666666666666668,58.333333333333336,47.0,37.0,63.0,62.0,17.666666666666668,44.0,50.333333333333336,68.66666666666667,40.0,64.0,35.333333333333336,34.333333333333336,28.0,30.0,64.66666666666667,84.66666666666667,48.0,59.0,18.333333333333332,51.0,48.666666666666664,53.333333333333336,50.333333333333336,36.666666666666664,30.666666666666668,46.666666666666664,49.666666666666664,82.0,45.333333333333336,40.333333333333336,56.0,48.666666666666664,49.333333333333336,55.333333333333336,45.0,41.666666666666664,51.666666666666664,28.333333333333332,63.666666666666664,75.0,65.0,64.0,59.666666666666664,28.0,115.66666666666667,27.666666666666668,64.33333333333333,35.0,53.333333333333336,24.333333333333332,41.666666666666664
15.5,62.666666666666664,115.0,59.666666666666664,33.666666666666664,75.66666666666667,72.33333333333333,43.0,28.666666666666668,18.333333333333332,39.0,38.666666666666664,43.0,25.0,40.333333333333336,73.0,34.0,32.0,44.666666666666664,25.666666666666668,95.33333333333333,34.666666666666664,32.0,44.333333333333336,44.333333333333336,64.66666666666667,36.666666666666664,45.333333333333336,91.0,19.333333333333332,51.666666666666664,52.333333333333336,112.0,32.333333333333336,50.666666666666664,49.333333333333336,45.0,48.333333333333336,30.333333333333332,45.0,48.0,29.666666666666668,52.333333333333336,53.0,34.666666666666664,61.0,50.333333333333336,41.333333333333336,60.333333333333336,67.66666666666667,13.666666666666666,43.0,59.0,69.0,40.666666666666664,67.0,33.666666666666664,35.0,32.666666666666664,30.0,67.33333333333333,87.66666666666667,51.0,56.666666666666664,18.666666666666668,55.666666666666664,48.0,52.666666666666664,52.666666666666664,38.666666666666664,35.666666666666664,48.0,52.333333333333336,84.33333333333333,48.0,41.666666666666664,58.0,48.333333333333336,48.333333333333336,58.666666666666664,48.0,45.0,50.333333333333336,28.333333333333332,66.0,79.0,64.33333333333333,66.33333333333333,58.666666666666664,29.666666666666668,112.66666666666667,27.333333333333332,65.0,36.666666666666664,55.0,27.0,41.666666666666664
15.75,64.0,120.0,62.333333333333336,36.0,80.0,74.33333333333333,44.0,28.666666666666668,22.666666666666668,44.0,42.333333333333336,46.0,25.333333333333332,43.666666666666664,77.66666666666667,36.333333333333336,31.333333333333332,45.666666666666664,29.666666666666668,93.66666666666667,39.0,32.666666666666664,50.333333333333336,44.0,66.33333333333333,36.333333333333336,51.666666666666664,92.33333333333333,23.0,52.666666666666664,56.333333333333336,115.66666666666667,35.666666666666664,53.666666666666664,54.666666666666664,48.0,48.333333333333336,31.333333333333332,51.0,54.333333333333336,32.666666666666664,56.666666666666664,58.0,35.666666666666664,65.33333333333333,54.333333333333336,43.333333333333336,68.33333333333333,66.66666666666667,20.666666666666668,46.0,60.666666666666664,72.0,46.0,68.33333333333333,38.0,37.0,32.666666666666664,31.666666666666668,69.33333333333333,94.0,53.333333333333336,61.666666666666664,22.0,56.0,51.0,59.666666666666664,52.666666666666664,39.666666666666664,35.666666666666664,51.0,58.333333333333336,87.33333333333333,47.666666666666664,47.0,60.0,51.333333333333336,56.333333333333336,62.333333333333336,48.666666666666664,51.666666666666664,56.0,33.666666666666664,70.0,81.33333333333333,66.0,69.33333333333333,58.333333333333336,32.333333333333336,117.33333333333333,28.666666666666668,66.33333333333333,39.0,56.333333333333336,27.333333333333332,44.0
16.0,62.0,116.66666666666667,62.0,34.0,79.33333333333333,74.0,50.666666666666664,32.0,22.666666666666668,44.333333333333336,39.666666666666664,44.0,23.333333333333332,41.0,77.0,36.0,32.0,48.333333333333336,29.0,95.66666666666667,39.666666666666664,33.0,50.333333333333336,45.333333333333336,66.66666666666667,35.666666666666664,47.333333333333336,91.33333333333333,24.666666666666668,56.666666666666664,57.333333333333336,117.0,32.333333333333336,49.333333333333336,51.666666666666664,44.666666666666664,45.666666666666664,29.666666666666668,48.666666666666664,55.0,34.333333333333336,51.666666666666664,56.0,36.333333333333336,62.333333333333336,54.333333333333336,42.0,62.666666666666664,64.33333333333333,18.333333333333332,47.666666666666664,59.666666666666664,72.0,44.0,67.0,39.333333333333336,37.333333333333336,33.333333333333336,32.0,71.33333333333333,92.0,53.666666666666664,63.333333333333336,20.0,55.333333333333336,51.666666666666664,60.333333333333336,51.666666666666664,36.0,38.0,55.333333333333336,54.666666666666664,83.33333333333333,45.0,44.0,56.666666666666664,51.333333333333336,55.333333333333336,67.33333333333333,49.333333333333336,53.0,51.0,32.666666666666664,68.0,81.33333333333333,67.66666666666667,68.66666666666667,63.333333333333336,30.666666666666668,118.0,29.0,66.0,34.0,55.333333333333336,27.333333333333332,42.0
16.25,63.0,117.33333333333333,65.66666666666667,32.666666666666664,82.0,74.33333333333333,47.333333333333336,30.333333333333332,20.333333333333332,42.666666666666664,43.666666666666664,45.333333333333336,25.0,44.333333333333336,80.66666666666667,39.333333333333336,35.333333333333336,48.666666666666664,31.333333333333332,99.0,41.666666666666664,33.666666666666664,53.666666666666664,46.333333333333336,64.0,38.0,49.666666666666664,92.33333333333333,21.333333333333332,56.666666666666664,56.333333333333336,117.33333333333333,34.0,51.666666666666664,56.666666666666664,46.666666666666664,48.0,28.666666666666668,52.0,54.666666666666664,34.333333333333336,56.0,54.0,39.0,64.33333333333333,56.333333333333336,43.666666666666664,67.0,68.33333333333333,16.333333333333332,48.333333333333336,59.0,76.33333333333333,45.0,68.66666666666667,42.666666666666664,40.0,32.333333333333336,32.666666666666664,76.33333333333333,96.33333333333333,59.333333333333336,62.333333333333336,22.0,57.333333333333336,53.0,65.33333333333333,50.666666666666664,35.0,37.0,53.0,58.0,82.66666666666667,49.333333333333336,42.333333333333336,59.666666666666664,52.666666666666664,56.333333333333336,68.0,50.666666666666664,52.0,55.0,31.666666666666668,71.33333333333333,84.33333333333333,69.66666666666667,70.66666666666667,60.666666666666664,33.0,116.66666666666667,30.0,65.33333333333333,36.666666666666664,56.333333333333336,26.333333333333332,41.333333333333336
16.5,68.33333333333333,120.0,64.33333333333333,35.0,85.66666666666667,78.33333333333333,51.0,32.0,20.666666666666668,45.333333333333336,45.666666666666664,46.666666666666664,26.333333333333332,42.333333333333336,81.66666666666667,39.0,34.666666666666664,47.333333333333336,31.333333333333332,97.33333333333333,43.333333333333336,34.0,52.333333333333336,46.0,68.0,34.666666666666664,52.0,90.33333333333333,20.333333333333332,56.0,60.333333333333336,117.0,35.333333333333336,47.0,58.0,45.0,49.666666666666664,27.0,50.0,55.333333333333336,37.666666666666664,58.333333333333336,52.666666666666664,39.666666666666664,63.0,61.333333333333336,41.666666666666664,70.66666666666667,62.666666666666664,17.666666666666668,49.0,59.666666666666664,80.66666666666667,43.666666666666664,69.66666666666667,41.666666666666664,40.333333333333336,31.666666666666668,31.333333333333332,78.0,99.33333333333333,57.666666666666664,59.333333333333336,22.0,57.333333333333336,54.0,62.0,50.666666666666664,34.0,36.333333333333336,56.0,53.0,89.33333333333333,47.333333333333336,42.333333333333336,61.333333333333336,49.666666666666664,57.666666666666664,71.0,47.666666666666664,54.0,55.0,31.333333333333332,72.33333333333333,82.66666666666667,70.0,64.66666666666667,67.33333333333333,35.333333333333336,118.0,27.0,66.33333333333333,32.333333333333336,58.666666666666664,26.333333333333332,42.333333333333336
16.75,62.0,123.33333333333333,66.0,35.333333333333336,85.0,80.33333333333333,50.666666666666664,35.666666666666664,22.333333333333332,49.333333333333336,45.0,49.0,21.0,44.0,78.66666666666667,36.666666666666664,37.333333333333336,52.0,30.0,98.33333333333333,43.333333333333336,33.333333333333336,56.666666666666664,44.666666666666664,70.66666666666667,33.0,48.666666666666664,94.66666666666667,24.333333333333332,60.333333333333336,62.0,120.66666666666667,39.333333333333336,53.0,57.333333333333336,47.666666666666664,50.0,29.333333333333332,49.666666666666664,61.0,36.0,53.333333333333336,57.333333333333336,37.666666666666664,67.66666666666667,59.333333333333336,45.0,69.33333333333333,63.666666666666664,19.0,52.666666666666664,63.666666666666664,76.66666666666667,43.0,66.66666666666667,46.666666666666664,42.666666666666664,34.333333333333336,32.0,74.66666666666667,95.66666666666667,58.666666666666664,63.0,21.333333333333332,61.0,56.333333333333336,64.0,49.0,41.0,39.666666666666664,55.0,56.666666666666664,91.0,52.333333333333336,44.666666666666664,59.666666666666664,54.333333333333336,61.0,75.33333333333333,49.333333333333336,57.333333333333336,55.666666666666664,31.333333333333332,70.66666666666667,86.33333333333333,69.0,69.66666666666667,58.333333333333336,37.666666666666664,117.33333333333333,26.0,62.666666666666664,33.666666666666664,56.666666666666664,27.666666666666668,41.666666666666664
17.0,64.66666666666667,122.33333333333333,65.66666666666667,32.0,89.0,76.66666666666667,53.0,34.333333333333336,25.0,44.333333333333336,49.333333333333336,49.0,22.0,42.333333333333336,81.33333333333333,38.333333333333336,38.0,53.0,32.333333333333336,97.66666666666667,44.666666666666664,34.666666666666664,54.0,46.0,71.0,34.0,54.333333333333336,93.33333333333333,23.0,59.0,66.0,120.66666666666667,39.666666666666664,49.0,56.666666666666664,47.666666666666664,47.0,30.666666666666668,51.666666666666664,61.333333333333336,38.0,59.333333333333336,54.666666666666664,37.666666666666664,61.666666666666664,68.0,40.333333333333336,68.33333333333333,63.0,17.333333333333332,52.666666666666664,63.333333333333336,81.0,47.333333333333336,71.33333333333333,42.0,40.666666666666664,33.333333333333336,27.666666666666668,83.33333333333333,98.0,63.666666666666664,64.66666666666667,19.333333333333332,60.333333333333336,56.0,66.66666666666667,54.0,35.333333333333336,38.333333333333336,57.333333333333336,57.0,89.33333333333333,46.0,44.0,59.0,54.0,59.333333333333336,78.66666666666667,49.333333333333336,59.666666666666664,57.666666666666664,35.333333333333336,74.66666666666667,88.33333333333333,65.0,65.0,72.33333333333333,39.0,116.33333333333333,28.333333333333332,67.0,31.666666666666668,57.0,28.666666666666668,42.333333333333336
17.25,67.33333333333333,123.33333333333333,64.66666666666667,35.0,95.0,81.33333333333333,55.0,36.333333333333336,22.333333333333332,47.333333333333336,49.333333333333336,46.0,21.333333333333332,44.0,84.66666666666667,42.0,35.0,49.333333333333336,32.0,98.33333333333333,45.666666666666664,34.333333333333336,56.666666666666664,49.333333333333336,66.66666666666667,36.0,54.666666666666664,92.66666666666667,25.0,63.666666666666664,67.33333333333333,120.66666666666667,38.333333333333336,52.0,57.666666666666664,48.666666666666664,51.666666666666664,31.0,56.0,63.333333333333336,42.0,60.666666666666664,57.0,36.0,68.0,65.66666666666667,43.333333333333336,73.33333333333333,63.666666666666664,18.666666666666668,51.666666666666664,62.0,85.33333333333333,49.0,74.0,46.0,43.333333333333336,33.333333333333336,27.333333333333332,82.0,99.33333333333333,64.33333333333333,64.33333333333333,21.666666666666668,62.0,55.0,74.33333333333333,55.0,35.333333333333336,36.666666666666664,60.666666666666664,60.0,88.0,45.666666666666664,41.0,57.666666666666664,54.666666666666664,61.666666666666664,78.66666666666667,47.666666666666664,60.333333333333336,53.0,31.0,76.33333333333333,84.66666666666667,64.66666666666667,69.33333333333333,68.66666666666667,33.666666666666664,116.66666666666667,28.0,64.0,32.333333333333336,54.333333333333336,27.333333333333332,45.0
17.5,67.66666666666667,125.0,69.66666666666667,36.333333333333336,96.66666666666667,78.33333333333333,49.0,36.333333333333336,23.666666666666668,48.333333333333336,47.0,46.0,23.333333333333332,48.333333333333336,84.33333333333333,43.333333333333336,35.333333333333336,53.0,32.333333333333336,99.66666666666667,44.333333333333336,35.333333333333336,58.666666666666664,48.0,66.66666666666667,35.666666666666664,56.333333333333336,91.33333333333333,24.333333333333332,66.0,64.33333333333333,125.0,38.333333333333336,54.666666666666664,58.333333333333336,49.333333333333336,51.0,28.333333333333332,56.333333333333336,63.333333333333336,38.666666666666664,61.666666666666664,56.666666666666664,38.666666666666664,71.33333333333333,59.333333333333336,46.0,71.0,69.0,20.333333333333332,48.666666666666664,64.66666666666667,81.33333333333333,45.0,72.66666666666667,46.666666666666664,46.0,38.0,33.666666666666664,82.0,96.33333333333333,61.0,63.0,23.333333333333332,66.33333333333333,55.666666666666664,73.33333333333333,55.0,41.0,35.666666666666664,59.0,58.333333333333336,91.0,48.666666666666664,43.666666666666664,59.0,52.333333333333336,62.666666666666664,79.33333333333333,47.0,59.0,58.333333333333336,32.666666666666664,76.33333333333333,94.66666666666667,64.66666666666667,73.66666666666667,62.666666666666664,36.0,115.66666666666667,27.333333333333332,67.0,37.0,54.666666666666664,28.333333333333332,44.0
17.75,69.33333333333333,125.33333333333333,70.0,34.666666666666664,95.33333333333333,80.33333333333333,50.0,32.0,24.666666666666668,49.666666666666664,47.333333333333336,50.333333333333336,22.333333333333332,47.333333333333336,87.66666666666667,42.0,35.333333333333336,56.333333333333336,31.666666666666668,98.0,49.666666666666664,36.0,61.666666666666664,48.0,66.66666666666667,35.333333333333336,59.666666666666664,95.33333333333333,25.0,65.33333333333333,64.66666666666667,127.66666666666667,40.666666666666664,56.0,58.333333333333336,52.333333333333336,52.666666666666664,31.666666666666668,58.333333333333336,63.0,37.666666666666664,62.0,59.0,40.0,70.66666666666667,62.666666666666664,47.666666666666664,73.33333333333333,66.66666666666667,20.666666666666668,52.0,64.66666666666667,84.66666666666667,47.333333333333336,73.66666666666667,47.333333333333336,42.0,37.666666666666664,31.333333333333332,83.33333333333333,101.33333333333333,65.66666666666667,66.0,23.333333333333332,65.33333333333333,58.666666666666664,74.66666666666667,54.333333333333336,39.333333333333336,37.333333333333336,61.666666666666664,61.333333333333336,92.66666666666667,45.333333333333336,43.666666666666664,60.0,52.666666666666664,64.0,81.33333333333333,48.0,61.666666666666664,60.666666666666664,34.0,77.66666666666667,94.0,69.33333333333333,72.66666666666667,64.0,41.0,116.33333333333333,28.666666666666668,64.33333333333333,32.666666666666664,54.0,26.666666666666668,40.0
18.0,66.0,129.33333333333334,73.33333333333333,39.666666666666664,95.0,81.0,51.333333333333336,37.666666666666664,21.0,49.0,49.0,47.0,22.0,47.666666666666664,85.33333333333333,42.333333333333336,37.666666666666664,58.333333333333336,31.0,97.0,45.666666666666664,34.666666666666664,60.666666666666664,48.333333333333336,70.33333333333333,34.333333333333336,58.666666666666664,91.33333333333333,25.333333333333332,70.33333333333333,65.66666666666667,128.33333333333334,41.666666666666664,52.333333333333336,55.666666666666664,49.0,48.666666666666664,30.333333333333332,56.666666666666664,61.666666666666664,36.333333333333336,58.666666666666664,59.666666666666664,39.666666666666664,75.33333333333333,63.0,50.666666666666664,73.66666666666667,69.33333333333333,22.0,51.666666666666664,68.33333333333333,81.33333333333333,45.333333333333336,69.33333333333333,48.333333333333336,43.333333333333336,40.666666666666664,36.0,82.33333333333333,99.33333333333333,62.333333333333336,65.0,21.333333333333332,65.0,60.333333333333336,74.0,50.666666666666664,39.0,40.333333333333336,63.666666666666664,58.0,93.33333333333333,49.0,44.333333333333336,60.333333333333336,51.0,63.666666666666664,85.66666666666667,48.666666666666664,61.666666666666664,58.333333333333336,32.666666666666664,77.33333333333333,99.33333333333333,69.0,75.66666666666667,58.0,40.0,117.33333333333333,29.0,62.333333333333336,35.666666666666664,53.333333333333336,28.0,39.666666666666664
18.25,71.33333333333333,130.0,73.33333333333333,36.333333333333336,101.33333333333333,83.33333333333333,59.0,37.0,22.333333333333332,49.333333333333336,50.0,47.333333333333336,23.0,47.0,88.66666666666667,42.666666666666664,38.666666666666664,54.0,35.0,98.66666666666667,49.333333333333336,37.0,59.666666666666664,48.666666666666664,72.66666666666667,34.666666666666664,57.0,94.33333333333333,23.333333333333332,67.66666666666667,70.0,125.0,43.333333333333336,50.333333333333336,60.666666666666664,49.0,51.666666666666664,31.0,60.666666666666664,66.66666666666667,43.0,64.33333333333333,59.666666666666664,39.0,75.33333333333333,74.66666666666667,47.0,77.33333333333333,64.33333333333333,20.666666666666668,54.666666666666664,65.33333333333333,91.66666666666667,48.666666666666664,75.0,46.666666666666664,48.666666666666664,39.666666666666664,35.0,89.33333333333333,103.0,66.33333333333333,68.0,20.666666666666668,64.0,59.333333333333336,74.33333333333333,53.333333333333336,38.0,38.666666666666664,66.33333333333333,60.666666666666664,94.33333333333333,48.333333333333336,45.666666666666664,59.0,54.333333333333336,68.66666666666667,88.66666666666667,50.0,66.0,60.666666666666664,36.333333333333336,81.0,93.33333333333333,70.0,68.0,69.33333333333333,39.666666666666664,118.0,28.666666666666668,66.33333333333333,31.666666666666668,59.0,29.0,45.333333333333336
18.5,67.0,133.33333333333334,76.33333333333333,34.0,96.33333333333333,81.0,54.666666666666664,37.0,23.666666666666668,46.0,49.666666666666664,45.333333333333336,23.0,45.333333333333336,87.33333333333333,43.333333333333336,36.0,61.333333333333336,31.666666666666668,100.0,49.0,37.0,64.66666666666667,49.0,70.33333333333333,37.333333333333336,60.666666666666664,94.33333333333333,25.333333333333332,73.33333333333333,72.66666666666667,128.33333333333334,44.333333333333336,50.333333333333336,57.0,49.666666666666664,49.333333333333336,30.333333333333332,61.666666666666664,65.0,43.0,63.666666666666664,58.0,38.666666666666664,70.0,71.66666666666667,48.666666666666664,76.33333333333333,67.66666666666667,19.0,54.0,64.66666666666667,91.0,48.666666666666664,75.33333333333333,47.666666666666664,45.333333333333336,43.333333333333336,32.666666666666664,88.66666666666667,100.66666666666667,69.66666666666667,64.0,23.0,64.66666666666667,59.333333333333336,80.33333333333333,52.333333333333336,36.333333333333336,38.666666666666664,68.0,58.333333333333336,95.33333333333333,47.333333333333336,45.666666666666664,60.333333333333336,55.333333333333336,67.33333333333333,89.0,47.666666666666664,67.33333333333333,57.333333333333336,36.333333333333336,83.33333333333333,101.66666666666667,68.66666666666667,67.66666666666667,67.66666666666667,39.666666666666664,118.0,28.0,66.66666666666667,30.333333333333332,54.666666666666664,29.666666666666668,44.666666666666664
18.75,69.33333333333333,137.66666666666666,81.0,38.666666666666664,101.66666666666667,85.66666666666667,53.0,37.666666666666664,22.333333333333332,50.333333333333336,50.0,48.333333333333336,24.0,48.666666666666664,88.66666666666667,44.666666666666664,37.333333333333336,65.0,31.666666666666668,100.0,49.333333333333336,38.0,67.33333333333333,51.0,72.66666666666667,35.333333333333336,62.333333333333336,94.33333333333333,29.666666666666668,78.0,71.33333333333333,132.0,44.0,53.0,61.0,50.666666666666664,52.0,33.666666666666664,64.0,66.33333333333333,42.666666666666664,61.333333333333336,63.0,40.333333333333336,78.33333333333333,67.33333333333333,52.0,77.33333333333333,72.0,23.333333333333332,53.666666666666664,68.0,92.0,47.0,70.66666666666667,51.666666666666664,46.0,45.666666666666664,38.0,88.33333333333333,100.33333333333333,68.66666666666667,67.33333333333333,24.666666666666668,68.66666666666667,65.66666666666667,83.66666666666667,50.333333333333336,40.666666666666664,40.666666666666664,68.0,61.0,96.33333333333333,49.0,46.0,61.666666666666664,55.333333333333336,71.0,91.66666666666667,47.666666666666664,69.66666666666667,61.666666666666664,35.333333333333336,81.0,105.33333333333333,73.66666666666667,79.33333333333333,60.333333333333336,43.333333333333336,118.33333333333333,27.0,65.66666666666667,32.333333333333336,57.333333333333336,30.0,43.333333333333336
19.0,69.0,138.33333333333334,77.0,42.0,103.0,83.33333333333333,57.0,40.666666666666664,24.666666666666668,54.0,52.666666666666664,50.666666666666664,27.333333333333332,52.0,89.33333333333333,44.0,40.666666666666664,65.66666666666667,34.666666666666664,103.66666666666667,53.0,39.666666666666664,69.66666666666667,53.0,71.66666666666667,38.333333333333336,63.333333333333336,93.0,30.666666666666668,77.33333333333333,73.33333333333333,132.66666666666666,49.666666666666664,51.0,59.333333333333336,51.0,50.666666666666664,32.666666666666664,62.666666666666664,66.0,42.666666666666664,65.0,64.33333333333333,41.333333333333336,81.33333333333333,72.33333333333333,49.666666666666664,75.66666666666667,69.33333333333333,25.333333333333332,52.0,70.33333333333333,89.66666666666667,51.333333333333336,71.66666666666667,52.0,48.333333333333336,43.666666666666664,36.333333333333336,92.66666666666667,100.0,70.33333333333333,73.66666666666667,26.0,72.33333333333333,66.0,84.33333333333333,56.666666666666664,41.333333333333336,43.0,71.0,65.66666666666667,99.33333333333333,52.0,51.333333333333336,63.333333333333336,57.333333333333336,72.0,92.66666666666667,50.333333333333336,73.0,59.333333333333336,38.333333333333336,83.0,109.66666666666667,71.0,81.66666666666667,67.66666666666667,41.666666666666664,119.33333333333333,31.0,67.33333333333333,37.333333333333336,57.666666666666664,30.0,43.333333333333336
19.25,66.33333333333333,139.33333333333334,80.66666666666667,42.0,106.0,84.66666666666667,56.333333333333336,42.666666666666664,25.333333333333332,52.666666666666664,55.333333333333336,49.333333333333336,25.0,49.333333333333336,92.66666666666667,47.0,41.0,66.0,31.333333333333332,104.33333333333333,50.0,37.666666666666664,70.33333333333333,52.333333333333336,73.0,36.0,61.0,95.66666666666667,28.333333333333332,79.33333333333333,74.0,134.0,46.666666666666664,51.0,58.333333333333336,53.333333333333336,52.666666666666664,38.0,65.66666666666667,70.66666666666667,45.666666666666664,62.0,64.0,42.666666666666664,77.0,69.0,53.0,79.33333333333333,72.0,25.666666666666668,54.666666666666664,72.66666666666667,92.33333333333333,46.0,70.66666666666667,54.0,44.666666666666664,48.666666666666664,39.333333333333336,92.0,103.0,70.33333333333333,74.0,25.333333333333332,69.66666666666667,69.0,85.66666666666667,48.666666666666664,40.666666666666664,40.666666666666664,70.66666666666667,63.0,95.66666666666667,53.0,49.0,62.666666666666664,56.666666666666664,75.66666666666667,94.66666666666667,51.333333333333336,74.66666666666667,61.666666666666664,38.666666666666664,84.66666666666667,109.0,75.0,81.0,60.0,44.333333333333336,122.0,27.333333333333332,64.33333333333333,34.0,55.333333333333336,27.666666666666668,44.666666666666664
19.5,72.33333333333333,138.33333333333334,81.66666666666667,32.666666666666664,106.66666666666667,83.66666666666667,58.0,40.333333333333336,23.666666666666668,49.333333333333336,55.0,52.0,25.0,48.0,98.33333333333333,46.0,43.666666666666664,68.33333333333333,35.666666666666664,106.66666666666667,52.333333333333336,40.0,72.0,53.666666666666664,74.0,38.333333333333336,67.33333333333333,95.66666666666667,30.666666666666668,79.33333333333333,78.66666666666667,132.33333333333334,49.0,53.0,63.0,54.333333333333336,54.666666666666664,33.666666666666664,66.33333333333333,74.33333333333333,48.666666666666664,69.66666666666667,63.0,40.666666666666664,75.33333333333333,78.66666666666667,50.333333333333336,81.66666666666667,70.0,25.0,57.333333333333336,70.66666666666667,95.66666666666667,53.0,76.66666666666667,53.666666666666664,46.666666666666664,44.0,34.0,100.0,104.33333333333333,76.33333333333333,71.66666666666667,26.0,69.0,67.66666666666667,93.0,56.0,38.666666666666664,42.333333333333336,75.0,65.66666666666667,97.66666666666667,50.666666666666664,46.666666666666664,63.333333333333336,59.0,74.66666666666667,94.66666666666667,46.666666666666664,78.66666666666667,61.333333333333336,37.333333333333336,89.0,109.0,70.33333333333333,75.0,67.0,46.333333333333336,119.66666666666667,30.666666666666668,67.0,32.666666666666664,60.333333333333336,32.333333333333336,44.666666666666664
19.75,70.33333333333333,140.66666666666666,85.66666666666667,44.333333333333336,109.66666666666667,86.66666666666667,59.0,41.666666666666664,23.666666666666668,55.666666666666664,51.666666666666664,51.333333333333336,26.333333333333332,51.0,95.0,46.0,41.666666666666664,70.33333333333333,35.666666666666664,104.33333333333333,50.0,38.333333333333336,74.0,53.666666666666664,73.33333333333333,36.0,68.0,97.66666666666667,29.666666666666668,84.0,75.0,136.0,53.666666666666664,52.0,58.666666666666664,52.333333333333336,55.333333333333336,37.333333333333336,71.66666666666667,66.0,46.666666666666664,65.33333333333333,68.0,42.666666666666664,82.0,73.66666666666667,54.0,82.0,72.0,26.0,55.666666666666664,69.66666666666667,97.0,47.666666666666664,72.33333333333333,53.666666666666664,47.333333333333336,50.0,40.0,96.66666666666667,104.66666666666667,77.66666666666667,74.0,27.0,73.0,65.33333333333333,91.33333333333333,53.0,42.0,43.0,74.33333333333333,65.33333333333333,102.33333333333333,52.333333333333336,50.333333333333336,65.33333333333333,57.0,76.66666666666667,99.0,50.333333333333336,76.33333333333333,59.333333333333336,42.0,86.66666666666667,111.33333333333333,71.33333333333333,81.33333333333333,62.333333333333336,47.0,122.66666666666667,29.666666666666668,64.66666666666667,34.666666666666664,54.666666666666664,31.666666666666668,44.666666666666664
20.0,68.0,144.0,88.33333333333333,40.333333333333336,110.33333333333333,87.33333333333333,58.333333333333336,43.0,23.333333333333332,52.666666666666664,55.0,50.666666666666664,24.0,52.333333333333336,98.33333333333333,47.333333333333336,41.333333333333336,75.33333333333333,32.666666666666664,106.0,55.0,40.0,75.0,55.666666666666664,72.33333333333333,38.0,68.33333333333333,96.66666666666667,33.333333333333336,86.33333333333333,76.66666666666667,138.0,49.333333333333336,54.666666666666664,60.0,52.333333333333336,52.666666666666664,35.333333333333336,73.0,71.33333333333333,47.666666666666664,65.0,67.0,41.333333333333336,83.66666666666667,74.66666666666667,52.0,78.33333333333333,77.0,24.666666666666668,58.0,73.33333333333333,95.33333333333333,47.0,72.33333333333333,55.0,47.0,51.333333333333336,38.666666666666664,96.66666666666667,106.33333333333333,76.33333333333333,74.66666666666667,24.333333333333332,71.66666666666667,68.66666666666667,95.66666666666667,51.0,42.666666666666664,42.333333333333336,74.66666666666667,66.0,99.66666666666667,52.0,49.0,64.66666666666667,56.666666666666664,79.33333333333333,98.66666666666667,48.666666666666664,77.66666666666667,61.0,39.0,88.66666666666667,115.0,72.33333333333333,82.33333333333333,59.0,45.333333333333336,121.66666666666667,30.666666666666668,65.0,35.333333333333336,59.333333333333336,32.333333333333336,43.0
20.25,73.66666666666667,143.33333333333334,87.33333333333333,44.0,114.33333333333333,86.66666666666667,56.666666666666664,43.333333333333336,26.0,57.666666666666664,56.0,53.0,26.666666666666668,54.666666666666664,103.0,46.666666666666664,39.333333333333336,72.0,34.0,104.66666666666667,54.666666666666664,38.0,79.0,57.0,74.66666666666667,36.0,69.66666666666667,96.66666666666667,33.0,84.0,75.0,139.0,52.666666666666664,53.333333333333336,60.333333333333336,56.0,54.0,36.0,70.66666666666667,74.33333333333333,51.666666666666664,68.33333333333333,69.0,40.666666666666664,86.33333333333333,71.66666666666667,54.0,83.66666666666667,76.0,28.666666666666668,55.666666666666664,70.66666666666667,96.66666666666667,46.0,71.0,57.0,47.0,51.0,37.666666666666664,102.66666666666667,103.66666666666667,79.66666666666667,78.0,29.333333333333332,73.33333333333333,71.0,99.33333333333333,53.666666666666664,42.666666666666664,41.0,76.0,68.66666666666667,97.66666666666667,52.0,51.0,64.66666666666667,56.0,78.66666666666667,98.0,46.0,79.66666666666667,63.333333333333336,41.333333333333336,91.33333333333333,116.66666666666667,73.33333333333333,81.0,58.666666666666664,48.0,123.0,29.0,70.0,37.333333333333336,56.0,33.0,45.0
20.5,70.33333333333333,143.66666666666666,90.0,44.333333333333336,114.0,87.66666666666667,60.333333333333336,43.333333333333336,23.0,55.666666666666664,54.0,48.666666666666664,23.333333333333332,53.666666666666664,98.66666666666667,45.666666666666664,39.0,74.66666666666667,34.333333333333336,107.0,53.333333333333336,40.666666666666664,76.33333333333333,56.0,74.33333333333333,36.0,71.33333333333333,95.66666666666667,33.333333333333336,90.0,78.0,139.33333333333334,54.0,53.0,62.0,51.666666666666664,52.666666666666664,36.666666666666664,71.33333333333333,73.33333333333333,50.333333333333336,67.33333333333333,66.0,42.0,86.66666666666667,75.66666666666667,52.0,81.66666666666667,77.0,24.666666666666668,56.333333333333336,71.0,100.0,48.666666666666664,72.0,56.333333333333336,47.666666666666664,55.666666666666664,41.333333333333336,102.33333333333333,102.33333333333333,78.33333333333333,74.0,22.666666666666668,76.66666666666667,70.33333333333333,97.0,54.0,42.0,41.333333333333336,78.0,67.66666666666667,99.0,51.333333333333336,50.0,65.0,58.333333333333336,82.0,99.33333333333333,50.333333333333336,80.33333333333333,58.666666666666664,43.0,89.0,119.33333333333333,72.66666666666667,83.0,59.0,47.666666666666664,122.0,27.0,65.0,34.0,55.333333333333336,29.0,42.666666666666664
20.75,75.0,147.33333333333334,91.66666666666667,42.666666666666664,113.66666666666667,87.66666666666667,60.666666666666664,43.0,20.333333333333332,56.333333333333336,57.333333333333336,51.333333333333336,23.0,56.0,103.33333333333333,47.333333333333336,42.333333333333336,77.66666666666667,33.333333333333336,107.66666666666667,53.666666666666664,42.333333333333336,80.33333333333333,56.666666666666664,77.0,36.0,73.33333333333333,96.33333333333333,33.0,92.33333333333333,79.0,142.0,53.666666666666664,52.0,59.666666666666664,53.333333333333336,57.0,35.333333333333336,75.66666666666667,76.0,50.333333333333336,69.66666666666667,67.0,43.333333333333336,88.66666666666667,77.66666666666667,53.666666666666664,82.66666666666667,80.0,27.333333333333332,57.666666666666664,72.0,103.33333333333333,49.666666666666664,74.0,59.0,45.666666666666664,52.0,41.0,104.33333333333333,105.0,80.66666666666667,74.66666666666667,26.0,75.0,71.33333333333333,100.33333333333333,54.0,42.0,41.333333333333336,79.33333333333333,65.66666666666667,100.66666666666667,53.333333333333336,50.333333333333336,66.33333333333333,56.0,82.66666666666667,100.0,49.0,82.33333333333333,61.0,43.0,93.33333333333333,121.0,71.33333333333333,83.0,63.666666666666664,44.666666666666664,122.66666666666667,29.666666666666668,67.0,37.0,56.0,32.666666666666664,43.0
21.0,74.0,149.0,91.33333333333333,40.333333333333336,117.0,90.66666666666667,65.66666666666667,42.666666666666664,30.333333333333332,56.333333333333336,60.333333333333336,52.666666666666664,24.0,52.666666666666664,104.33333333333333,47.333333333333336,44.666666666666664,78.33333333333333,35.333333333333336,107.0,54.333333333333336,42.0,77.0,56.666666666666664,78.33333333333333,38.666666666666664,74.0,96.0,33.666666666666664,94.33333333333333,81.66666666666667,140.33333333333334,55.333333333333336,49.333333333333336,67.33333333333333,54.666666666666664,57.333333333333336,37.0,78.0,76.0,53.666666666666664,69.66666666666667,65.66666666666667,41.333333333333336,84.0,86.33333333333333,53.333333333333336,84.66666666666667,75.0,25.666666666666668,59.666666666666664,72.0,108.33333333333333,50.666666666666664,75.66666666666667,54.0,49.333333333333336,56.0,41.0,108.66666666666667,106.66666666666667,87.66666666666667,76.66666666666667,27.0,75.66666666666667,71.0,104.0,53.666666666666664,39.333333333333336,42.666666666666664,84.33333333333333,68.0,106.0,54.333333333333336,49.333333333333336,63.333333333333336,57.666666666666664,83.0,101.33333333333333,49.333333333333336,87.66666666666667,63.666666666666664,43.0,93.33333333333333,120.33333333333333,70.66666666666667,79.33333333333333,65.33333333333333,47.666666666666664,120.66666666666667,28.666666666666668,68.66666666666667,33.333333333333336,60.333333333333336,32.333333333333336,45.0
21.25,72.33333333333333,152.0,95.0,42.0,117.0,88.66666666666667,60.333333333333336,44.0,23.666666666666668,53.333333333333336,56.666666666666664,51.666666666666664,23.333333333333332,54.0,104.0,47.0,42.0,84.66666666666667,35.0,111.33333333333333,53.333333333333336,41.0,84.66666666666667,57.333333333333336,74.66666666666667,38.333333333333336,71.33333333333333,95.66666666666667,34.0,95.33333333333333,82.66666666666667,145.0,59.666666666666664,52.666666666666664,60.333333333333336,53.666666666666664,52.666666666666664,37.333333333333336,79.0,76.33333333333333,53.0,67.0,70.33333333333333,45.333333333333336,90.0,78.66666666666667,56.0,79.33333333333333,76.66666666666667,27.666666666666668,60.333333333333336,76.33333333333333,104.0,50.333333333333336,72.0,58.333333333333336,48.0,57.0,41.666666666666664,107.0,102.66666666666667,85.0,78.33333333333333,27.0,75.0,74.0,106.33333333333333,51.333333333333336,40.333333333333336,44.0,85.0,71.0,100.0,54.0,49.666666666666664,62.0,59.333333333333336,89.66666666666667,104.66666666666667,49.666666666666664,85.66666666666667,61.0,44.333333333333336,89.33333333333333,121.66666666666667,75.0,85.0,59.666666666666664,48.333333333333336,120.33333333333333,28.0,66.33333333333333,33.0,57.0,35.666666666666664,43.666666666666664
21.5,71.66666666666667,153.0,96.33333333333333,42.333333333333336,116.33333333333333,90.0,60.333333333333336,46.333333333333336,23.666666666666668,56.333333333333336,56.333333333333336,51.333333333333336,24.333333333333332,53.333333333333336,104.0,45.666666666666664,41.666666666666664,83.0,33.0,108.66666666666667,53.333333333333336,42.333333333333336,85.33333333333333,60.0,73.33333333333333,36.666666666666664,75.66666666666667,94.33333333333333,37.333333333333336,95.66666666666667,81.33333333333333,145.0,57.666666666666664,51.666666666666664,63.666666666666664,52.0,52.666666666666664,35.333333333333336,78.0,78.0,52.0,67.33333333333333,69.66666666666667,42.0,91.33333333333333,80.0,52.333333333333336,80.66666666666667,78.33333333333333,27.666666666666668,60.333333333333336,73.66666666666667,109.0,49.0,73.0,57.666666666666664,46.0,57.333333333333336,40.666666666666664,108.33333333333333,105.33333333333333,84.33333333333333,75.66666666666667,28.0,77.33333333333333,71.66666666666667,107.0,51.333333333333336,41.666666666666664,44.0,85.0,67.33333333333333,100.33333333333333,51.666666666666664,50.0,66.0,56.666666666666664,87.66666666666667,103.0,48.333333333333336,85.33333333333333,59.333333333333336,44.333333333333336,93.33333333333333,124.33333333333333,71.66666666666667,83.33333333333333,59.333333333333336,48.0,124.33333333333333,31.0,66.66666666666667,35.333333333333336,56.0,33.0,46.0
21.75,70.0,155.33333333333334,98.0,40.0,116.66666666666667,85.0,61.0,45.666666666666664,22.0,55.0,56.666666666666664,49.666666666666664,24.333333333333332,54.333333333333336,105.33333333333333,45.666666666666664,41.333333333333336,85.33333333333333,35.0,110.33333333333333,53.333333333333336,41.333333333333336,85.66666666666667,57.333333333333336,72.0,37.666666666666664,76.0,96.33333333333333,36.0,99.33333333333333,83.0,147.0,58.333333333333336,52.666666666666664,60.666666666666664,50.333333333333336,50.333333333333336,35.666666666666664,78.0,77.0,51.666666666666664,67.0,70.33333333333333,43.333333333333336,93.66666666666667,80.66666666666667,53.333333333333336,80.0,83.0,28.333333333333332,57.333333333333336,75.0,107.0,47.333333333333336,72.66666666666667,59.0,47.333333333333336,57.666666666666664,41.666666666666664,110.33333333333333,102.66666666666667,86.0,77.33333333333333,30.666666666666668,76.33333333333333,72.66666666666667,110.33333333333333,52.333333333333336,42.666666666666664,42.0,87.66666666666667,67.0,99.66666666666667,52.333333333333336,51.333333333333336,65.66666666666667,56.0,88.66666666666667,104.0,50.666666666666664,88.33333333333333,58.0,44.0,97.0,130.0,72.0,81.33333333333333,58.666666666666664,49.0,123.66666666666667,30.333333333333332,68.0,37.0,55.0,32.333333333333336,43.0
22.0,72.33333333333333,156.0,97.66666666666667,40.666666666666664,120.33333333333333,90.0,60.666666666666664,47.666666666666664,24.666666666666668,55.0,57.333333333333336,53.333333333333336,22.333333333333332,54.666666666666664,109.0,48.0,41.0,86.66666666666667,32.666666666666664,109.33333333333333,55.0,42.0,87.66666666666667,63.0,77.33333333333333,37.666666666666664,75.33333333333333,97.33333333333333,35.333333333333336,99.33333333333333,87.33333333333333,148.0,59.0,52.333333333333336,62.333333333333336,53.0,55.0,39.333333333333336,81.0,79.33333333333333,55.666666666666664,67.66666666666667,72.0,42.0,95.33333333333333,84.66666666666667,55.666666666666664,80.66666666666667,79.33333333333333,27.666666666666668,61.0,75.0,109.33333333333333,46.666666666666664,73.66666666666667,57.333333333333336,47.0,61.333333333333336,41.666666666666664,111.33333333333333,106.33333333333333,87.66666666666667,78.0,27.0,76.33333333333333,76.33333333333333,114.0,51.0,43.0,41.333333333333336,90.0,72.0,102.33333333333333,54.333333333333336,51.0,67.33333333333333,54.666666666666664,89.0,107.0,47.0,91.66666666666667,62.0,45.666666666666664,96.66666666666667,130.33333333333334,74.33333333333333,83.33333333333333,60.333333333333336,48.333333333333336,123.66666666666667,27.666666666666668,66.66666666666667,33.333333333333336,57.666666666666664,35.0,46.666666666666664
22.25,70.33333333333333,159.0,100.66666666666667,43.333333333333336,120.33333333333333,91.33333333333333,60.666666666666664,48.0,23.666666666666668,54.666666666666664,57.333333333333336,51.333333333333336,24.0,56.333333333333336,110.0,47.0,40.333333333333336,89.0,32.333333333333336,111.0,54.333333333333336,40.666666666666664,87.33333333333333,60.666666666666664,78.0,37.666666666666664,75.33333333333333,96.66666666666667,37.333333333333336,102.0,85.66666666666667,148.0,60.0,50.666666666666664,60.666666666666664,52.333333333333336,54.666666666666664,39.333333333333336,84.0,77.66666666666667,56.0,66.66666666666667,71.66666666666667,42.0,97.66666666666667,81.33333333333333,56.666666666666664,82.66666666666667,84.0,27.333333333333332,62.333333333333336,74.0,111.0,48.0,72.0,58.0,46.0,64.33333333333333,43.333333333333336,113.33333333333333,108.0,89.66666666666667,77.0,28.666666666666668,77.66666666666667,73.66666666666667,115.66666666666667,51.0,42.666666666666664,41.0,89.0,71.0,104.33333333333333,56.333333333333336,51.666666666666664,66.33333333333333,57.333333333333336,93.33333333333333,107.0,47.0,87.66666666666667,60.666666666666664,46.666666666666664,99.0,130.66666666666666,73.66666666666667,86.33333333333333,60.666666666666664,47.0,123.33333333333333,28.333333333333332,66.33333333333333,37.666666666666664,54.666666666666664,32.666666666666664,45.666666666666664
22.5,76.66666666666667,155.0,96.66666666666667,43.666666666666664,123.66666666666667,91.66666666666667,62.0,49.333333333333336,25.333333333333332,58.666666666666664,60.333333333333336,49.666666666666664,24.666666666666668,54.666666666666664,112.66666666666667,49.333333333333336,43.0,90.33333333333333,35.333333333333336,116.33333333333333,51.333333333333336,42.0,90.0,63.333333333333336,73.0,36.333333333333336,79.0,96.66666666666667,38.333333333333336,104.33333333333333,84.33333333333333,148.33333333333334,62.333333333333336,54.666666666666664,60.0,55.333333333333336,58.0,36.666666666666664,85.33333333333333,77.33333333333333,56.666666666666664,70.0,73.66666666666667,43.0,97.0,80.33333333333333,57.666666666666664,82.0,81.66666666666667,28.666666666666668,59.0,73.33333333333333,114.0,51.666666666666664,74.33333333333333,60.666666666666664,45.0,65.33333333333333,41.333333333333336,114.33333333333333,107.0,94.0,78.0,28.333333333333332,80.0,77.0,123.0,55.666666666666664,43.333333333333336,43.666666666666664,91.66666666666667,75.33333333333333,101.66666666666667,53.333333333333336,50.666666666666664,68.0,61.666666666666664,91.33333333333333,106.66666666666667,51.666666666666664,91.66666666666667,59.333333333333336,45.0,96.33333333333333,131.66666666666666,71.66666666666667,88.66666666666667,61.333333333333336,49.0,123.66666666666667,29.666666666666668,67.33333333333333,35.333333333333336,56.0,36.333333333333336,44.666666666666664
22.75,75.33333333333333,156.0,96.66666666666667,40.333333333333336,123.66666666666667,85.66666666666667,63.333333333333336,49.666666666666664,24.333333333333332,56.666666666666664,59.0,53.666666666666664,21.666666666666668,53.0,114.0,49.666666666666664,41.666666666666664,92.33333333333333,34.666666666666664,112.66666666666667,52.0,43.0,92.33333333333333,62.0,72.66666666666667,38.0,78.0,96.66666666666667,39.0,105.66666666666667,86.33333333333333,151.33333333333334,63.333333333333336,55.0,60.666666666666664,54.666666666666664,59.333333333333336,37.0,85.33333333333333,78.0,58.333333333333336,71.0,73.66666666666667,40.666666666666664,98.66666666666667,82.0,56.0,81.66666666666667,80.0,29.666666666666668,58.333333333333336,72.0,114.0,47.0,74.0,61.666666666666664,47.0,66.33333333333333,42.333333333333336,114.33333333333333,107.66666666666667,91.66666666666667,77.33333333333333,28.333333333333332,79.66666666666667,78.66666666666667,124.33333333333333,52.666666666666664,41.0,42.333333333333336,92.66666666666667,74.0,104.33333333333333,52.666666666666664,53.333333333333336,68.33333333333333,58.666666666666664,92.0,106.33333333333333,50.0,94.66666666666667,61.0,47.0,98.0,131.0,72.66666666666667,86.0,61.0,49.666666666666664,123.66666666666667,31.333333333333332,67.0,36.0,57.666666666666664,35.0,43.666666666666664
23.0,74.66666666666667,160.0,103.0,41.0,124.66666666666667,90.33333333333333,64.0,50.333333333333336,24.333333333333332,56.666666666666664,62.666666666666664,54.0,23.0,56.666666666666664,113.0,47.333333333333336,41.333333333333336,92.33333333333333,33.0,112.33333333333333,53.0,39.333333333333336,93.0,63.0,74.0,36.666666666666664,80.0,98.0,36.666666666666664,107.0,88.0,150.33333333333334,66.0,55.666666666666664,62.0,55.666666666666664,56.666666666666664,36.333333333333336,89.0,83.33333333333333,60.333333333333336,71.33333333333333,74.66666666666667,42.666666666666664,101.0,82.33333333333333,57.333333333333336,82.33333333333333,85.0,31.333333333333332,58.0,72.66666666666667,113.0,49.0,73.66666666666667,61.333333333333336,47.0,66.0,42.333333333333336,116.0,107.66666666666667,92.33333333333333,79.66666666666667,29.333333333333332,81.33333333333333,78.66666666666667,125.0,53.333333333333336,42.333333333333336,41.666666666666664,94.0,74.0,103.0,55.666666666666664,55.0,68.0,57.0,94.66666666666667,105.33333333333333,48.333333333333336,94.66666666666667,64.33333333333333,45.0,97.33333333333333,133.66666666666666,70.66666666666667,87.66666666666667,61.666666666666664,48.333333333333336,124.33333333333333,28.333333333333332,68.0,34.666666666666664,56.0,36.0,43.333333333333336
23.25,72.33333333333333,163.33333333333334,106.66666666666667,41.666666666666664,125.66666666666667,91.33333333333333,67.66666666666667,50.333333333333336,25.0,55.333333333333336,65.33333333333333,53.666666666666664,21.333333333333332,54.666666666666664,113.33333333333333,48.0,41.666666666666664,97.66666666666667,34.0,115.0,55.666666666666664,41.666666666666664,95.66666666666667,62.0,75.66666666666667,39.333333333333336,80.33333333333333,98.66666666666667,41.0,113.0,87.33333333333333,155.0,69.33333333333333,55.666666666666664,62.666666666666664,50.666666666666664,54.0,37.0,90.0,85.0,60.666666666666664,69.33333333333333,76.66666666666667,46.333333333333336,104.0,83.66666666666667,57.666666666666664,83.33333333333333,89.33333333333333,34.666666666666664,59.333333333333336,72.66666666666667,115.0,50.666666666666664,73.33333333333333,61.0,46.0,69.33333333333333,45.333333333333336,118.0,107.66666666666667,94.0,81.0,29.666666666666668,81.33333333333333,79.0,126.66666666666667,53.666666666666664,40.333333333333336,43.0,97.66666666666667,75.33333333333333,104.66666666666667,57.0,54.333333333333336,69.33333333333333,58.333333333333336,99.33333333333333,104.33333333333333,50.666666666666664,95.33333333333333,61.333333333333336,47.333333333333336,101.66666666666667,141.0,71.33333333333333,86.66666666666667,61.333333333333336,47.666666666666664,123.66666666666667,28.333333333333332,68.33333333333333,37.333333333333336,54.333333333333336,37.666666666666664,46.333333333333336
23.5,73.0,164.33333333333334,108.33333333333333,42.0,123.33333333333333,93.0,64.33333333333333,50.666666666666664,25.0,56.666666666666664,64.0,53.666666666666664,24.333333333333332,53.666666666666664,116.33333333333333,46.333333333333336,42.0,97.33333333333333,35.666666666666664,112.0,53.333333333333336,41.333333333333336,93.66666666666667,61.333333333333336,76.0,35.666666666666664,81.0,99.33333333333333,41.333333333333336,111.0,88.33333333333333,150.33333333333334,66.33333333333333,56.333333333333336,65.0,53.666666666666664,54.0,37.0,90.33333333333333,87.66666666666667,60.666666666666664,68.33333333333333,76.33333333333333,45.333333333333336,103.33333333333333,83.33333333333333,57.0,82.33333333333333,92.0,30.666666666666668,61.0,73.66666666666667,114.0,49.333333333333336,71.33333333333333,61.333333333333336,46.666666666666664,68.66666666666667,45.666666666666664,118.0,107.0,93.33333333333333,79.33333333333333,29.666666666666668,81.33333333333333,79.0,129.33333333333334,51.666666666666664,43.333333333333336,41.0,100.0,72.66666666666667,103.66666666666667,56.333333333333336,54.0,70.33333333333333,57.333333333333336,99.0,106.0,51.333333333333336,97.33333333333333,67.0,48.0,100.33333333333333,137.66666666666666,72.66666666666667,91.0,57.333333333333336,48.666666666666664,124.33333333333333,29.0,68.66666666666667,35.0,57.333333333333336,37.666666666666664,45.333333333333336
23.75,75.33333333333333,164.0,105.0,41.0,131.33333333333334,91.33333333333333,68.66666666666667,56.0,25.666666666666668,61.666666666666664,66.0,55.666666666666664,27.333333333333332,58.666666666666664,122.0,48.666666666666664,42.666666666666664,102.0,38.0,116.0,56.0,41.333333333333336,103.33333333333333,64.33333333333333,75.66666666666667,38.333333333333336,85.66666666666667,101.0,43.333333333333336,117.0,91.0,156.66666666666666,70.0,59.333333333333336,64.33333333333333,57.0,60.0,41.0,93.66666666666667,84.66666666666667,63.0,71.66666666666667,79.66666666666667,47.0,103.0,90.33333333333333,58.333333333333336,87.0,81.66666666666667,35.0,65.0,76.0,120.33333333333333,52.0,75.66666666666667,60.333333333333336,51.0,76.0,47.666666666666664,119.33333333333333,105.33333333333333,97.0,78.66666666666667,35.0,84.33333333333333,80.66666666666667,136.0,59.333333333333336,44.333333333333336,46.333333333333336,103.33333333333333,78.33333333333333,106.0,56.0,55.666666666666664,68.66666666666667,62.0,100.0,110.66666666666667,53.0,102.33333333333333,64.0,50.666666666666664,103.0,140.66666666666666,75.0,92.33333333333333,67.33333333333333,51.0,127.66666666666667,31.0,70.66666666666667,38.666666666666664,60.666666666666664,38.0,45.666666666666664
24.0,74.66666666666667,170.33333333333334,109.33333333333333,36.0,125.33333333333333,90.0,71.0,54.666666666666664,26.333333333333332,55.0,69.66666666666667,55.0,26.333333333333332,56.333333333333336,120.0,47.0,44.333333333333336,101.66666666666667,39.666666666666664,116.66666666666667,58.333333333333336,40.666666666666664,101.0,62.666666666666664,81.33333333333333,38.333333333333336,84.0,99.66666666666667,41.666666666666664,118.0,94.66666666666667,159.0,74.66666666666667,56.0,66.66666666666667,57.333333333333336,59.333333333333336,39.333333333333336,93.66666666666667,92.0,61.0,73.66666666666667,79.33333333333333,48.666666666666664,100.33333333333333,92.33333333333333,54.0,86.66666666666667,86.66666666666667,34.0,63.333333333333336,78.66666666666667,121.33333333333333,53.666666666666664,74.0,58.0,51.0,74.33333333333333,48.333333333333336,126.66666666666667,107.0,99.33333333333333,79.0,30.0,80.33333333333333,81.33333333333333,132.66666666666666,61.333333333333336,42.0,43.666666666666664,109.66666666666667,74.0,104.0,55.333333333333336,55.666666666666664,72.66666666666667,60.333333333333336,103.33333333333333,110.0,51.333333333333336,102.66666666666667,67.33333333333333,52.333333333333336,103.33333333333333,141.33333333333334,73.66666666666667,84.33333333333333,66.0,49.333333333333336,126.66666666666667,32.333333333333336,70.0,37.0,64.0,37.666666666666664,45.666666666666664
24.25,76.0,174.0,116.66666666666667,44.0,129.33333333333334,89.66666666666667,76.0,54.333333333333336,26.333333333333332,61.666666666666664,70.33333333333333,53.666666666666664,28.0,61.666666666666664,120.33333333333333,46.666666666666664,46.333333333333336,107.0,38.0,116.33333333333333,60.333333333333336,41.333333333333336,101.0,63.666666666666664,82.0,37.333333333333336,87.33333333333333,100.33333333333333,44.333333333333336,118.33333333333333,92.66666666666667,162.0,75.66666666666667,58.0,69.66666666666667,56.666666666666664,57.666666666666664,37.333333333333336,97.0,93.33333333333333,61.333333333333336,71.66666666666667,82.33333333333333,49.333333333333336,109.33333333333333,90.0,56.0,87.33333333333333,93.33333333333333,35.666666666666664,62.0,83.33333333333333,122.0,51.333333333333336,75.0,62.333333333333336,51.666666666666664,81.33333333333333,56.666666666666664,123.66666666666667,106.0,96.33333333333333,79.0,31.666666666666668,84.33333333333333,83.66666666666667,134.0,61.0,46.0,41.333333333333336,107.66666666666667,77.0,105.66666666666667,60.666666666666664,56.0,73.33333333333333,57.0,106.33333333333333,112.0,51.333333333333336,105.33333333333333,76.0,54.0,102.33333333333333,148.66666666666666,76.66666666666667,89.0,65.33333333333333,51.666666666666664,127.33333333333333,33.0,73.0,39.333333333333336,68.66666666666667,37.0,47.0
24.5,75.33333333333333,169.0,109.0,42.0,130.33333333333334,93.0,73.33333333333333,56.333333333333336,26.666666666666668,60.333333333333336,70.0,52.666666666666664,27.0,56.666666666666664,123.66666666666667,48.333333333333336,45.333333333333336,106.33333333333333,37.0,115.33333333333333,57.0,42.0,105.0,66.33333333333333,77.33333333333333,35.666666666666664,85.66666666666667,99.33333333333333,44.666666666666664,121.33333333333333,92.66666666666667,162.0,74.66666666666667,56.0,63.0,56.0,60.666666666666664,39.666666666666664,99.33333333333333,87.33333333333333,62.666666666666664,70.33333333333333,81.0,47.0,105.33333333333333,89.33333333333333,56.333333333333336,84.66666666666667,93.33333333333333,32.333333333333336,63.0,76.0,122.66666666666667,53.666666666666664,74.33333333333333,61.666666666666664,48.333333333333336,79.66666666666667,48.0,126.0,109.66666666666667,101.66666666666667,80.66666666666667,32.666666666666664,84.66666666666667,81.66666666666667,141.0,59.0,44.333333333333336,45.333333333333336,108.33333333333333,77.33333333333333,104.66666666666667,55.0,55.333333333333336,73.33333333333333,61.333333333333336,106.0,108.66666666666667,52.0,101.0,63.666666666666664,53.333333333333336,103.33333333333333,147.0,75.33333333333333,93.0,63.666666666666664,49.0,126.33333333333333,31.333333333333332,74.0,39.666666666666664,61.0,37.666666666666664,46.666666666666664
24.75,74.66666666666667,172.0,112.33333333333333,41.333333333333336,129.66666666666666,97.33333333333333,69.66666666666667,55.666666666666664,24.666666666666668,57.666666666666664,69.33333333333333,53.666666666666664,25.666666666666668,55.333333333333336,127.0,47.666666666666664,42.666666666666664,109.0,37.0,113.66666666666667,54.0,44.333333333333336,103.0,66.33333333333333,77.66666666666667,38.333333333333336,87.33333333333333,98.66666666666667,44.0,120.0,94.66666666666667,159.66666666666666,75.0,55.0,63.333333333333336,53.333333333333336,58.333333333333336,40.0,100.66666666666667,87.66666666666667,65.0,72.33333333333333,81.33333333333333,45.0,105.66666666666667,88.0,55.666666666666664,83.66666666666667,97.0,31.333333333333332,63.666666666666664,76.0,124.33333333333333,52.333333333333336,72.66666666666667,60.333333333333336,50.0,76.66666666666667,49.666666666666664,127.0,110.33333333333333,100.0,80.66666666666667,34.666666666666664,83.0,81.66666666666667,140.33333333333334,58.333333333333336,44.0,43.666666666666664,110.33333333333333,78.33333333333333,105.33333333333333,54.666666666666664,54.0,72.66666666666667,62.0,104.66666666666667,107.33333333333333,51.666666666666664,100.0,63.333333333333336,52.333333333333336,101.66666666666667,149.0,73.66666666666667,91.66666666666667,60.0,50.333333333333336,125.0,34.0,71.66666666666667,36.0,56.666666666666664,38.666666666666664,45.0
25.0,76.0,174.33333333333334,113.0,41.0,128.66666666666666,94.66666666666667,70.33333333333333,54.333333333333336,25.666666666666668,59.0,71.33333333333333,53.333333333333336,24.333333333333332,58.666666666666664,126.33333333333333,49.666666666666664,43.0,111.33333333333333,34.0,116.66666666666667,54.0,43.333333333333336,105.33333333333333,64.66666666666667,76.33333333333333,37.333333333333336,90.66666666666667,99.66666666666667,44.333333333333336,122.0,92.66666666666667,162.66666666666666,74.66666666666667,54.0,63.0,55.666666666666664,58.0,40.666666666666664,102.0,90.33333333333333,66.33333333333333,71.33333333333333,80.0,46.666666666666664,111.33333333333333,87.0,58.0,83.33333333333333,100.66666666666667,34.333333333333336,61.0,74.0,126.33333333333333,50.666666666666664,76.0,62.0,47.666666666666664,81.0,48.666666666666664,127.66666666666667,109.66666666666667,99.33333333333333,77.0,34.0,80.33333333333333,83.66666666666667,145.66666666666666,55.666666666666664,46.666666666666664,42.666666666666664,111.33333333333333,76.33333333333333,104.66666666666667,58.333333333333336,56.666666666666664,73.0,61.0,106.33333333333333,105.33333333333333,51.0,100.33333333333333,67.0,56.0,103.33333333333333,150.66666666666666,72.33333333333333,93.0,58.0,49.666666666666664,125.33333333333333,32.0,71.33333333333333,35.666666666666664,58.666666666666664,36.333333333333336,44.666666666666664
25.25,71.33333333333333,174.0,110.0,38.666666666666664,127.33333333333333,92.33333333333333,71.0,56.333333333333336,25.0,61.0,68.33333333333333,51.333333333333336,24.333333333333332,58.333333333333336,123.66666666666667,49.0,41.333333333333336,109.66666666666667,34.666666666666664,118.66666666666667,56.0,42.666666666666664,108.66666666666667,64.66666666666667,75.33333333333333,37.333333333333336,90.33333333333333,100.66666666666667,42.666666666666664,125.0,95.66666666666667,165.33333333333334,75.66666666666667,54.333333333333336,62.0,53.666666666666664,58.666666666666664,40.333333333333336,101.66666666666667,88.66666666666667,65.33333333333333,71.0,83.0,47.666666666666664,112.0,88.66666666666667,60.0,82.33333333333333,93.66666666666667,36.333333333333336,61.333333333333336,73.0,127.33333333333333,52.666666666666664,75.33333333333333,64.66666666666667,49.333333333333336,81.33333333333333,49.333333333333336,128.0,108.0,101.66666666666667,78.0,34.666666666666664,84.66666666666667,84.0,144.33333333333334,57.666666666666664,47.0,41.666666666666664,110.66666666666667,79.33333333333333,106.33333333333333,58.666666666666664,59.0,73.66666666666667,63.0,107.0,108.0,50.666666666666664,103.0,67.0,55.0,104.0,149.66666666666666,73.66666666666667,91.66666666666667,60.0,52.0,124.66666666666667,31.0,72.0,34.666666666666664,60.0,37.333333333333336,45.0
25.5,73.33333333333333,178.0,114.66666666666667,43.666666666666664,133.33333333333334,97.66666666666667,73.33333333333333,57.333333333333336,23.0,64.0,73.66666666666667,52.666666666666664,25.666666666666668,58.0,126.0,51.333333333333336,43.333333333333336,111.33333333333333,34.0,118.33333333333333,54.0,44.0,107.66666666666667,66.33333333333333,80.0,37.666666666666664,91.33333333333333,97.66666666666667,43.666666666666664,123.66666666666667,93.0,164.33333333333334,78.33333333333333,52.333333333333336,61.666666666666664,53.333333333333336,59.0,40.333333333333336,102.66666666666667,86.33333333333333,70.0,69.33333333333333,81.0,47.666666666666664,113.66666666666667,88.33333333333333,57.666666666666664,84.66666666666667,100.0,34.333333333333336,63.0,74.66666666666667,127.66666666666667,50.333333333333336,73.66666666666667,64.0,48.0,85.0,47.333333333333336,130.0,108.0,98.66666666666667,79.66666666666667,34.666666666666664,82.66666666666667,82.0,148.33333333333334,58.666666666666664,45.666666666666664,47.0,112.0,76.33333333333333,108.0,58.666666666666664,57.333333333333336,75.66666666666667,62.333333333333336,109.0,108.33333333333333,49.333333333333336,102.66666666666667,66.0,56.666666666666664,103.66666666666667,153.0,72.66666666666667,93.0,61.0,51.666666666666664,126.0,32.666666666666664,71.33333333333333,33.666666666666664,59.0,39.0,46.333333333333336
25.75,75.0,178.0,117.33333333333333,41.333333333333336,134.0,99.0,75.0,59.333333333333336,25.666666666666668,62.333333333333336,76.66666666666667,56.333333333333336,29.333333333333332,60.0,127.0,48.666666666666664,44.0,117.66666666666667,37.0,119.33333333333333,59.0,44.0,115.66666666666667,72.0,79.33333333333333,41.333333333333336,93.33333333333333,101.66666666666667,46.666666666666664,130.66666666666666,97.66666666666667,168.33333333333334,78.66666666666667,57.0,62.333333333333336,58.333333333333336,59.333333333333336,42.333333333333336,109.33333333333333,92.66666666666667,67.66666666666667,70.66666666666667,85.33333333333333,48.666666666666664,115.0,90.0,61.0,86.66666666666667,103.0,37.666666666666664,64.66666666666667,76.33333333333333,131.33333333333334,52.333333333333336,77.0,63.0,53.333333333333336,86.0,51.666666666666664,134.66666666666666,107.66666666666667,103.33333333333333,81.0,38.333333333333336,86.33333333333333,87.66666666666667,151.66666666666666,59.666666666666664,45.333333333333336,46.666666666666664,118.66666666666667,82.66666666666667,108.0,60.666666666666664,57.666666666666664,77.0,64.0,113.33333333333333,109.0,54.333333333333336,101.66666666666667,68.0,59.0,104.66666666666667,158.66666666666666,74.66666666666667,94.33333333333333,63.0,51.0,129.33333333333334,32.666666666666664,76.33333333333333,38.333333333333336,61.333333333333336,41.333333333333336,48.0
26.0,78.66666666666667,179.33333333333334,119.0,44.333333333333336,139.0,102.0,75.66666666666667,61.333333333333336,27.0,65.0,79.33333333333333,59.666666666666664,30.333333333333332,60.0,135.66666666666666,52.0,45.666666666666664,118.33333333333333,38.0,120.66666666666667,55.666666666666664,45.333333333333336,118.66666666666667,74.33333333333333,79.33333333333333,41.0,93.33333333333333,102.33333333333333,49.0,131.66666666666666,98.33333333333333,168.33333333333334,80.0,58.0,63.0,60.0,63.333333333333336,43.333333333333336,111.66666666666667,91.0,71.33333333333333,73.0,84.66666666666667,48.0,115.33333333333333,90.33333333333333,61.0,87.33333333333333,103.0,37.333333333333336,68.0,73.66666666666667,135.33333333333334,54.666666666666664,78.66666666666667,63.0,52.333333333333336,88.0,51.0,135.33333333333334,111.0,104.66666666666667,84.66666666666667,38.666666666666664,89.33333333333333,87.0,158.0,56.666666666666664,44.666666666666664,47.0,118.66666666666667,83.33333333333333,110.33333333333333,58.333333333333336,60.0,77.0,66.33333333333333,116.0,108.66666666666667,54.0,103.33333333333333,68.33333333333333,60.666666666666664,106.33333333333333,153.66666666666666,74.0,97.33333333333333,66.0,52.666666666666664,130.33333333333334,33.333333333333336,75.66666666666667,37.333333333333336,62.333333333333336,41.333333333333336,51.333333333333336
26.25,77.0,180.33333333333334,116.33333333333333,43.666666666666664,141.66666666666666,96.66666666666667,74.66666666666667,59.0,27.333333333333332,66.33333333333333,78.33333333333333,55.0,26.666666666666668,56.666666666666664,134.33333333333334,49.0,44.333333333333336,117.0,34.333333333333336,117.33333333333333,59.666666666666664,44.333333333333336,116.0,70.66666666666667,78.66666666666667,38.0,95.33333333333333,101.66666666666667,45.0,132.33333333333334,94.66666666666667,168.0,81.66666666666667,57.666666666666664,62.0,55.0,65.66666666666667,44.333333333333336,110.0,90.0,71.33333333333333,72.33333333333333,85.0,46.666666666666664,117.66666666666667,90.0,60.333333333333336,87.0,100.0,37.666666666666664,64.33333333333333,73.66666666666667,135.0,51.666666666666664,74.33333333333333,62.666666666666664,48.333333333333336,90.33333333333333,53.0,134.0,112.0,104.66666666666667,82.33333333333333,39.666666666666664,88.0,88.0,157.0,58.0,46.0,45.0,119.0,80.66666666666667,111.66666666666667,56.0,59.333333333333336,77.33333333333333,64.66666666666667,113.0,107.66666666666667,51.333333333333336,103.66666666666667,68.33333333333333,60.0,105.33333333333333,155.0,73.33333333333333,96.66666666666667,61.333333333333336,51.0,126.33333333333333,31.0,72.66666666666667,37.666666666666664,59.0,40.333333333333336,45.666666666666664
26.5,77.33333333333333,182.0,122.66666666666667,44.666666666666664,139.66666666666666,103.33333333333333,76.0,64.33333333333333,26.666666666666668,65.0,82.66666666666667,56.333333333333336,27.0,55.0,135.33333333333334,49.333333333333336,45.333333333333336,119.0,36.333333333333336,118.0,56.666666666666664,46.0,114.0,72.0,81.33333333333333,38.666666666666664,94.33333333333333,100.66666666666667,47.0,131.0,99.0,171.0,82.0,57.333333333333336,66.0,58.0,61.666666666666664,42.0,115.33333333333333,96.0,70.33333333333333,71.66666666666667,85.66666666666667,46.0,117.66666666666667,92.66666666666667,60.333333333333336,88.33333333333333,108.0,38.333333333333336,65.0,76.66666666666667,133.66666666666666,51.666666666666664,75.0,60.666666666666664,49.666666666666664,90.66666666666667,53.0,139.0,113.0,105.33333333333333,77.0,38.0,84.33333333333333,88.33333333333333,157.33333333333334,59.0,44.0,45.666666666666664,123.66666666666667,79.66666666666667,107.66666666666667,61.0,59.333333333333336,79.33333333333333,60.666666666666664,118.0,108.0,53.0,104.0,70.0,60.0,108.0,159.66666666666666,74.0,94.33333333333333,60.666666666666664,49.333333333333336,127.66666666666667,32.666666666666664,75.33333333333333,36.0,64.33333333333333,38.333333333333336,47.666666666666664
26.75,78.0,182.66666666666666,121.66666666666667,42.0,139.0,99.33333333333333,73.66666666666667,62.333333333333336,26.666666666666668,62.666666666666664,80.0,55.0,26.333333333333332,55.0,134.0,47.333333333333336,43.666666666666664,118.66666666666667,36.666666666666664,118.66666666666667,55.666666666666664,44.0,116.33333333333333,71.0,79.66666666666667,39.666666666666664,96.0,101.33333333333333,47.666666666666664,132.33333333333334,98.33333333333333,170.0,83.0,57.0,65.0,56.0,60.0,40.666666666666664,116.33333333333333,92.66666666666667,72.33333333333333,72.0,85.66666666666667,44.666666666666664,120.33333333333333,92.33333333333333,58.333333333333336,87.0,103.0,39.333333333333336,64.0,76.33333333333333,136.33333333333334,52.666666666666664,75.66666666666667,61.666666666666664,49.666666666666664,92.33333333333333,52.666666666666664,138.0,112.33333333333333,105.33333333333333,78.66666666666667,40.0,86.33333333333333,88.66666666666667,162.0,58.666666666666664,44.666666666666664,43.333333333333336,123.66666666666667,80.33333333333333,105.66666666666667,59.666666666666664,61.333333333333336,79.33333333333333,64.0,116.0,108.33333333333333,51.0,104.33333333333333,71.0,58.333333333333336,107.0,159.0,71.66666666666667,96.66666666666667,61.333333333333336,50.0,128.33333333333334,31.0,76.33333333333333,37.0,61.333333333333336,39.333333333333336,46.0
27.0,76.66666666666667,187.0,123.33333333333333,42.0,141.33333333333334,98.0,80.66666666666667,65.33333333333333,24.333333333333332,65.33333333333333,83.0,55.666666666666664,26.666666666666668,57.333333333333336,138.0,50.333333333333336,46.333333333333336,126.66666666666667,36.333333333333336,118.33333333333333,55.666666666666664,48.333333333333336,121.0,73.33333333333333,80.33333333333333,39.0,95.66666666666667,103.33333333333333,49.666666666666664,139.0,100.33333333333333,173.66666666666666,90.33333333333333,56.666666666666664,62.666666666666664,57.333333333333336,62.0,42.0,117.0,93.66666666666667,73.66666666666667,72.66666666666667,88.0,47.0,123.0,91.66666666666667,58.666666666666664,87.33333333333333,114.66666666666667,39.666666666666664,67.33333333333333,78.66666666666667,137.33333333333334,53.0,76.0,59.333333333333336,49.666666666666664,93.33333333333333,53.333333333333336,142.33333333333334,112.33333333333333,102.66666666666667,81.0,39.0,87.33333333333333,90.0,162.0,62.0,47.0,45.666666666666664,127.0,79.33333333333333,109.33333333333333,56.0,59.666666666666664,83.0,63.666666666666664,120.33333333333333,110.0,52.666666666666664,102.33333333333333,69.66666666666667,60.666666666666664,110.0,163.66666666666666,74.0,96.33333333333333,62.333333333333336,50.333333333333336,126.66666666666667,31.666666666666668,77.0,38.333333333333336,62.0,38.333333333333336,49.333333333333336
27.25,81.0,185.66666666666666,121.33333333333333,38.666666666666664,145.66666666666666,100.33333333333333,79.66666666666667,64.66666666666667,26.0,60.666666666666664,86.33333333333333,57.333333333333336,25.666666666666668,54.666666666666664,145.66666666666666,52.333333333333336,46.666666666666664,124.0,37.333333333333336,120.66666666666667,57.333333333333336,46.666666666666664,122.0,75.33333333333333,79.33333333333333,40.0,96.33333333333333,105.0,49.0,139.66666666666666,103.0,172.33333333333334,89.66666666666667,56.333333333333336,63.0,60.666666666666664,65.33333333333333,43.333333333333336,118.66666666666667,95.33333333333333,78.33333333333333,73.66666666666667,86.0,47.666666666666664,119.33333333333333,97.0,61.666666666666664,90.33333333333333,105.66666666666667,40.0,67.66666666666667,75.33333333333333,141.66666666666666,56.333333333333336,78.66666666666667,58.0,52.333333333333336,94.0,50.666666666666664,144.66666666666666,113.66666666666667,110.66666666666667,82.33333333333333,40.333333333333336,86.33333333333333,91.66666666666667,167.33333333333334,61.666666666666664,43.0,47.666666666666664,131.33333333333334,82.33333333333333,110.33333333333333,52.666666666666664,59.0,79.33333333333333,67.0,121.0,112.33333333333333,51.666666666666664,104.66666666666667,67.0,63.333333333333336,112.33333333333333,160.33333333333334,71.33333333333333,97.33333333333333,66.0,51.0,128.0,32.666666666666664,76.33333333333333,39.333333333333336,62.333333333333336,40.333333333333336,50.333333333333336
27.5,80.0,184.66666666666666,123.33333333333333,44.666666666666664,147.0,100.66666666666667,77.66666666666667,68.66666666666667,28.666666666666668,66.66666666666667,84.0,56.666666666666664,29.333333333333332,58.0,143.33333333333334,51.333333333333336,45.0,127.66666666666667,38.0,118.66666666666667,58.666666666666664,45.333333333333336,124.66666666666667,74.66666666666667,77.33333333333333,39.0,102.33333333333333,105.33333333333333,50.333333333333336,142.33333333333334,101.33333333333333,173.33333333333334,91.0,61.333333333333336,65.0,60.333333333333336,67.0,44.666666666666664,119.33333333333333,91.0,74.0,74.66666666666667,91.33333333333333,45.666666666666664,125.0,91.0,61.333333333333336,88.33333333333333,110.66666666666667,42.333333333333336,61.333333333333336,76.0,140.0,55.666666666666664,81.33333333333333,62.666666666666664,51.333333333333336,98.0,53.333333333333336,142.33333333333334,112.66666666666667,110.0,82.66666666666667,42.666666666666664,95.0,90.0,169.66666666666666,60.0,46.0,47.333333333333336,129.0,82.33333333333333,111.33333333333333,60.666666666666664,63.666666666666664,81.0,67.66666666666667,122.66666666666667,107.0,51.666666666666664,104.0,70.0,62.666666666666664,112.0,165.0,70.66666666666667,103.33333333333333,64.66666666666667,52.0,128.0,33.0,78.0,40.0,61.333333333333336,41.0,48.333333333333336
27.75,78.66666666666667,190.33333333333334,126.0,43.0,145.66666666666666,100.66666666666667,82.66666666666667,69.66666666666667,30.333333333333332,68.33333333333333,87.0,56.0,30.0,56.666666666666664,143.0,49.666666666666664,47.0,130.0,39.0,118.66666666666667,59.666666666666664,46.0,124.33333333333333,73.66666666666667,80.66666666666667,39.333333333333336,102.33333333333333,104.66666666666667,50.666666666666664,143.33333333333334,103.0,175.0,91.33333333333333,64.0,69.33333333333333,57.333333333333336,68.0,47.0,120.0,98.0,75.33333333333333,77.0,91.66666666666667,49.0,126.33333333333333,95.66666666666667,61.666666666666664,90.33333333333333,114.0,42.666666666666664,65.33333333333333,78.66666666666667,143.0,56.0,78.0,64.0,53.0,98.66666666666667,56.333333333333336,145.33333333333334,112.0,108.33333333333333,82.66666666666667,44.0,93.0,92.33333333333333,169.66666666666666,61.333333333333336,45.333333333333336,47.0,132.33333333333334,81.66666666666667,112.33333333333333,61.0,62.666666666666664,87.66666666666667,65.33333333333333,124.0,109.33333333333333,50.666666666666664,105.0,74.0,65.0,113.66666666666667,164.33333333333334,75.66666666666667,100.0,64.0,54.0,129.0,34.333333333333336,79.0,39.666666666666664,63.666666666666664,40.0,49.0
28.0,77.66666666666667,192.0,127.0,43.666666666666664,146.66666666666666,102.0,84.66666666666667,65.33333333333333,27.0,70.33333333333333,87.0,57.0,23.666666666666668,58.333333333333336,141.33333333333334,51.0,44.666666666666664,135.33333333333334,35.666666666666664,123.66666666666667,58.333333333333336,48.666666666666664,127.33333333333333,76.0,82.0,37.333333333333336,100.66666666666667,104.0,50.333333333333336,144.0,103.66666666666667,177.0,95.0,60.0,62.666666666666664,56.333333333333336,65.33333333333333,42.0,124.66666666666667,96.66666666666667,78.66666666666667,71.66666666666667,90.0,49.0,126.33333333333333,96.33333333333333,63.0,86.33333333333333,117.0,41.0,63.333333333333336,75.66666666666667,144.0,54.333333333333336,77.66666666666667,64.0,53.666666666666664,102.66666666666667,57.0,146.66666666666666,110.33333333333333,108.0,81.0,40.666666666666664,92.66666666666667,91.66666666666667,170.0,61.333333333333336,47.666666666666664,43.666666666666664,134.0,80.66666666666667,111.33333333333333,61.0,65.33333333333333,86.33333333333333,68.33333333333333,127.0,107.33333333333333,50.333333333333336,103.66666666666667,70.0,64.66666666666667,109.0,167.33333333333334,73.0,96.0,63.333333333333336,49.666666666666664,127.66666666666667,33.666666666666664,80.0,37.0,61.666666666666664,40.0,52.333333333333336
28.25,77.0,191.66666666666666,130.66666666666666,40.666666666666664,145.0,100.33333333333333,81.66666666666667,70.66666666666667,26.0,67.33333333333333,87.0,57.0,26.333333333333332,58.333333333333336,146.66666666666666,50.0,47.0,136.33333333333334,37.666666666666664,121.0,59.0,48.666666666666664,128.66666666666666,72.66666666666667,81.0,37.666666666666664,103.0,105.0,57.333333333333336,145.0,103.0,177.0,92.0,62.666666666666664,64.66666666666667,58.0,64.66666666666667,40.666666666666664,123.66666666666667,94.66666666666667,77.66666666666667,76.0,88.0,50.666666666666664,129.33333333333334,96.33333333333333,61.333333333333336,86.33333333333333,117.0,40.333333333333336,62.0,77.66666666666667,145.66666666666666,58.333333333333336,79.66666666666667,59.333333333333336,52.333333333333336,103.0,56.666666666666664,149.66666666666666,108.33333333333333,106.66666666666667,79.0,47.333333333333336,92.66666666666667,95.66666666666667,171.66666666666666,65.0,48.0,43.333333333333336,135.66666666666666,82.33333333333333,113.33333333333333,59.666666666666664,65.66666666666667,87.66666666666667,66.0,125.66666666666667,106.33333333333333,52.333333333333336,103.0,76.66666666666667,63.0,115.0,171.66666666666666,73.33333333333333,97.66666666666667,63.333333333333336,56.0,128.33333333333334,35.333333333333336,78.0,38.666666666666664,64.0,42.0,51.333333333333336
28.5,78.33333333333333,195.0,131.66666666666666,43.0,146.33333333333334,103.0,85.66666666666667,68.66666666666667,26.333333333333332,69.33333333333333,89.66666666666667,58.0,27.666666666666668,55.666666666666664,145.0,48.666666666666664,45.333333333333336,134.66666666666666,38.0,120.0,58.666666666666664,47.666666666666664,129.33333333333334,74.0,82.0,35.666666666666664,101.0,105.33333333333333,52.333333333333336,146.66666666666666,103.66666666666667,179.66666666666666,97.66666666666667,61.0,66.33333333333333,57.666666666666664,67.33333333333333,45.333333333333336,125.33333333333333,99.33333333333333,79.33333333333333,74.66666666666667,94.0,47.0,127.66666666666667,96.66666666666667,63.666666666666664,86.33333333333333,120.66666666666667,38.0,64.66666666666667,76.66666666666667,145.66666666666666,52.666666666666664,78.66666666666667,61.0,51.0,104.0,56.333333333333336,147.0,111.0,106.66666666666667,81.33333333333333,44.666666666666664,92.33333333333333,93.66666666666667,175.66666666666666,62.0,46.333333333333336,47.0,138.0,81.66666666666667,110.66666666666667,57.333333333333336,65.0,88.66666666666667,69.0,131.33333333333334,108.33333333333333,52.333333333333336,104.66666666666667,70.33333333333333,63.333333333333336,111.33333333333333,171.66666666666666,72.0,96.0,61.0,53.333333333333336,127.0,33.666666666666664,78.0,36.333333333333336,62.666666666666664,39.333333333333336,49.333333333333336
28.75,78.66666666666667,194.33333333333334,134.66666666666666,47.0,152.0,106.0,85.66666666666667,73.66666666666667,26.0,71.33333333333333,91.0,53.666666666666664,26.333333333333332,57.666666666666664,148.66666666666666,50.0,46.333333333333336,136.0,35.333333333333336,121.0,56.333333333333336,45.666666666666664,132.0,76.66666666666667,83.33333333333333,37.666666666666664,103.66666666666667,103.0,54.0,147.0,103.33333333333333,181.33333333333334,95.33333333333333,58.666666666666664,65.0,54.666666666666664,64.0,42.666666666666664,129.33333333333334,95.0,76.66666666666667,72.0,90.66666666666667,50.333333333333336,128.66666666666666,97.33333333333333,60.333333333333336,86.66666666666667,124.0,38.0,65.66666666666667,76.33333333333333,146.0,54.333333333333336,74.66666666666667,62.0,52.666666666666664,107.33333333333333,57.666666666666664,149.66666666666666,113.33333333333333,108.66666666666667,80.0,43.666666666666664,94.33333333333333,94.33333333333333,174.0,60.0,47.666666666666664,46.666666666666664,139.66666666666666,77.66666666666667,114.66666666666667,62.0,66.0,89.33333333333333,65.0,132.66666666666666,108.66666666666667,49.0,102.66666666666667,70.0,66.0,112.66666666666667,172.66666666666666,75.0,97.0,62.333333333333336,50.0,127.66666666666667,33.0,75.0,37.0,61.333333333333336,36.333333333333336,48.666666666666664
29.0,74.66666666666667,196.66666666666666,134.66666666666666,41.333333333333336,148.66666666666666,103.33333333333333,86.0,74.66666666666667,27.333333333333332,66.33333333333333,91.0,56.333333333333336,24.333333333333332,57.666666666666664,144.66666666666666,49.0,46.333333333333336,139.0,36.0,122.66666666666667,59.333333333333336,47.333333333333336,133.66666666666666,75.66666666666667,80.33333333333333,40.333333333333336,102.33333333333333,104.0,55.0,149.33333333333334,106.33333333333333,182.33333333333334,98.66666666666667,59.333333333333336,65.66666666666667,58.0,65.0,44.666666666666664,126.33333333333333,100.66666666666667,75.0,73.0,95.33333333333333,51.666666666666664,129.0,96.66666666666667,61.0,86.66666666666667,124.33333333333333,39.333333333333336,67.33333333333333,79.33333333333333,145.0,57.333333333333336,75.66666666666667,63.333333333333336,53.0,109.33333333333333,60.0,151.33333333333334,109.33333333333333,109.0,82.33333333333333,45.333333333333336,94.0,94.0,176.33333333333334,59.666666666666664,45.0,45.333333333333336,140.0,78.66666666666667,112.33333333333333,60.0,66.66666666666667,89.66666666666667,67.0,133.0,109.66666666666667,51.0,104.33333333333333,72.66666666666667,65.0,115.66666666666667,172.66666666666666,73.0,99.33333333333333,60.666666666666664,48.0,128.0,34.333333333333336,77.33333333333333,37.666666666666664,63.0,39.666666666666664,51.0
29.25,80.0,195.66666666666666,133.0,42.0,155.33333333333334,106.0,87.33333333333333,72.33333333333333,27.0,70.33333333333333,93.66666666666667,54.0,26.333333333333332,56.0,150.66666666666666,46.333333333333336,46.333333333333336,136.66666666666666,34.666666666666664,118.66666666666667,54.666666666666664,43.0,134.0,78.33333333333333,79.33333333333333,40.666666666666664,103.66666666666667,102.33333333333333,51.666666666666664,150.66666666666666,103.33333333333333,181.33333333333334,100.0,58.333333333333336,65.66666666666667,57.666666666666664,68.66666666666667,42.333333333333336,131.33333333333334,97.0,79.33333333333333,73.33333333333333,94.0,45.666666666666664,131.33333333333334,95.66666666666667,61.333333333333336,87.66666666666667,123.33333333333333,38.0,64.33333333333333,74.0,149.33333333333334,51.666666666666664,76.0,61.333333333333336,51.333333333333336,109.33333333333333,54.333333333333336,150.33333333333334,114.0,112.0,81.66666666666667,43.333333333333336,97.66666666666667,94.66666666666667,182.0,58.333333333333336,42.0,43.666666666666664,142.0,82.33333333333333,113.33333333333333,55.333333333333336,66.0,88.66666666666667,68.66666666666667,133.33333333333334,106.0,52.666666666666664,103.0,73.0,65.0,116.33333333333333,173.33333333333334,70.33333333333333,99.0,63.0,49.333333333333336,126.0,34.0,80.0,37.666666666666664,61.0,37.333333333333336,46.333333333333336
29.5,75.33333333333333,199.66666666666666,136.0,41.666666666666664,152.33333333333334,100.66666666666667,86.66666666666667,75.33333333333333,27.333333333333332,68.33333333333333,94.0,59.0,25.333333333333332,55.333333333333336,148.66666666666666,49.666666666666664,42.666666666666664,143.66666666666666,36.666666666666664,120.66666666666667,60.333333333333336,46.333333333333336,136.0,79.0,78.0,37.333333333333336,102.66666666666667,105.33333333333333,54.0,152.66666666666666,107.0,182.33333333333334,103.66666666666667,60.666666666666664,66.33333333333333,58.666666666666664,66.66666666666667,43.0,131.66666666666666,102.33333333333333,78.0,75.0,98.0,48.666666666666664,128.66666666666666,100.0,63.0,84.33333333333333,123.66666666666667,39.0,65.0,79.0,148.33333333333334,53.666666666666664,76.0,62.0,52.666666666666664,109.66666666666667,59.333333333333336,148.66666666666666,110.66666666666667,112.0,82.66666666666667,46.666666666666664,94.0,99.33333333333333,181.0,58.0,44.333333333333336,44.0,142.33333333333334,82.0,109.66666666666667,58.0,69.0,91.0,69.33333333333333,133.33333333333334,107.0,52.0,104.66666666666667,77.33333333333333,65.33333333333333,113.66666666666667,176.0,72.66666666666667,100.66666666666667,59.0,49.333333333333336,130.0,28.0,77.0,36.0,62.0,39.333333333333336,49.0
29.75,79.66666666666667,203.33333333333334,137.66666666666666,42.333333333333336,158.33333333333334,105.0,88.0,77.33333333333333,25.666666666666668,72.33333333333333,95.66666666666667,57.333333333333336,29.333333333333332,57.0,151.66666666666666,48.666666666666664,44.666666666666664,144.66666666666666,36.0,122.33333333333333,59.666666666666664,47.333333333333336,137.66666666666666,78.66666666666667,80.33333333333333,40.0,108.0,105.66666666666667,56.666666666666664,154.0,108.33333333333333,184.0,102.33333333333333,60.333333333333336,63.0,57.666666666666664,70.0,42.333333333333336,137.66666666666666,98.0,81.0,74.66666666666667,96.66666666666667,48.333333333333336,136.66666666666666,100.0,64.0,88.33333333333333,126.66666666666667,41.333333333333336,64.33333333333333,76.33333333333333,151.66666666666666,55.666666666666664,76.0,59.333333333333336,52.666666666666664,113.33333333333333,59.0,155.0,111.66666666666667,114.33333333333333,82.33333333333333,47.0,101.0,100.66666666666667,183.33333333333334,61.0,46.666666666666664,46.333333333333336,147.66666666666666,84.33333333333333,114.0,59.666666666666664,68.33333333333333,94.66666666666667,71.66666666666667,137.0,107.66666666666667,51.333333333333336,106.0,77.33333333333333,65.0,122.33333333333333,177.0,73.33333333333333,103.33333333333333,63.333333333333336,49.666666666666664,127.0,34.0,82.33333333333333,35.0,63.333333333333336,43.0,46.333333333333336
30.0,76.33333333333333,200.33333333333334,140.33333333333334,45.333333333333336,158.0,109.66666666666667,90.33333333333333,79.0,26.666666666666668,73.66666666666667,99.0,58.333333333333336,26.666666666666668,59.333333333333336,159.33333333333334,50.333333333333336,48.666666666666664,145.66666666666666,38.0,124.0,60.333333333333336,46.333333333333336,138.66666666666666,77.33333333333333,84.33333333333333,40.333333333333336,106.33333333333333,103.0,56.333333333333336,157.0,110.0,187.66666666666666,106.0,61.333333333333336,67.66666666666667,60.0,71.66666666666667,45.333333333333336,137.66666666666666,98.66666666666667,80.33333333333333,75.66666666666667,97.0,49.333333333333336,137.66666666666666,98.66666666666667,64.33333333333333,88.66666666666667,132.66666666666666,41.333333333333336,66.33333333333333,78.0,152.0,54.333333333333336,78.33333333333333,64.33333333333333,51.0,114.66666666666667,60.666666666666664,151.66666666666666,116.66666666666667,115.66666666666667,84.33333333333333,47.333333333333336,99.66666666666667,99.66666666666667,187.33333333333334,60.666666666666664,48.333333333333336,48.0,148.66666666666666,81.0,115.0,58.333333333333336,68.66666666666667,94.66666666666667,72.66666666666667,140.33333333333334,108.0,51.666666666666664,105.0,73.66666666666667,69.0,122.33333333333333,176.33333333333334,74.0,101.66666666666667,61.0,51.333333333333336,129.0,32.333333333333336,80.0,39.666666666666664,65.0,37.333333333333336,49.666666666666664
30.25,81.66666666666667,201.33333333333334,139.0,46.666666666666664,161.33333333333334,110.33333333333333,89.33333333333333,82.33333333333333,27.666666666666668,78.33333333333333,100.33333333333333,59.333333333333336,29.0,62.0,159.33333333333334,51.333333333333336,48.666666666666664,149.33333333333334,38.666666666666664,125.0,60.333333333333336,48.666666666666664,141.33333333333334,85.0,84.33333333333333,43.333333333333336,108.33333333333333,106.33333333333333,59.666666666666664,157.33333333333334,111.0,188.66666666666666,107.33333333333333,64.33333333333333,65.0,60.666666666666664,73.33333333333333,45.333333333333336,138.33333333333334,99.0,85.33333333333333,76.66666666666667,97.33333333333333,47.666666666666664,141.66666666666666,100.33333333333333,64.66666666666667,90.66666666666667,136.0,44.333333333333336,68.66666666666667,76.33333333333333,155.66666666666666,56.666666666666664,80.0,64.66666666666667,54.333333333333336,115.66666666666667,60.0,158.0,114.33333333333333,117.66666666666667,85.66666666666667,49.0,105.66666666666667,102.66666666666667,190.66666666666666,61.333333333333336,46.666666666666664,47.0,150.33333333333334,82.33333333333333,115.66666666666667,60.333333333333336,69.33333333333333,98.0,74.33333333333333,142.0,106.0,53.333333333333336,106.0,75.0,68.0,125.0,181.33333333333334,71.66666666666667,104.33333333333333,64.66666666666667,51.0,128.0,36.0,84.33333333333333,39.333333333333336,64.66666666666667,42.333333333333336,50.666666666666664
30.5,82.66666666666667,204.66666666666666,145.0,48.666666666666664,163.33333333333334,113.66666666666667,92.33333333333333,87.0,28.333333333333332,77.33333333333333,100.66666666666667,59.666666666666664,32.666666666666664,64.33333333333333,159.66666666666666,52.666666666666664,47.0,153.0,35.333333333333336,125.0,57.333333333333336,47.0,147.66666666666666,79.33333333333333,85.66666666666667,42.333333333333336,114.33333333333333,105.66666666666667,60.333333333333336,162.66666666666666,107.0,182.33333333333334,112.0,63.666666666666664,62.333333333333336,60.333333333333336,71.66666666666667,46.0,139.0,97.33333333333333,81.66666666666667,72.66666666666667,97.33333333333333,47.0,142.33333333333334,97.33333333333333,62.333333333333336,85.33333333333333,145.66666666666666,42.666666666666664,64.66666666666667,80.33333333333333,152.66666666666666,57.333333333333336,75.0,64.33333333333333,52.333333333333336,119.0,61.666666666666664,157.33333333333334,119.0,118.0,85.33333333333333,51.0,107.33333333333333,103.33333333333333,193.0,60.333333333333336,54.333333333333336,47.666666666666664,149.66666666666666,88.33333333333333,118.66666666666667,63.666666666666664,71.0,100.66666666666667,72.66666666666667,141.0,106.66666666666667,51.666666666666664,103.0,76.66666666666667,75.33333333333333,123.0,183.0,75.0,110.66666666666667,63.666666666666664,51.666666666666664,131.33333333333334,33.666666666666664,82.33333333333333,42.666666666666664,62.666666666666664,42.0,51.666666666666664
30.75,81.0,203.0,142.66666666666666,46.0,164.0,110.66666666666667,94.33333333333333,85.33333333333333,27.0,74.33333333333333,102.0,59.666666666666664,30.0,59.0,159.0,51.333333333333336,46.0,149.33333333333334,36.0,125.66666666666667,63.333333333333336,49.666666666666664,143.0,80.0,84.66666666666667,40.666666666666664,111.0,107.33333333333333,60.666666666666664,162.0,111.33333333333333,188.66666666666666,109.0,64.0,66.0,61.666666666666664,72.66666666666667,46.333333333333336,141.0,101.33333333333333,83.33333333333333,76.66666666666667,101.0,50.333333333333336,142.66666666666666,104.0,65.33333333333333,88.33333333333333,137.33333333333334,43.666666666666664,65.66666666666667,80.0,157.0,56.666666666666664,80.0,65.33333333333333,54.333333333333336,121.66666666666667,63.333333333333336,157.66666666666666,113.66666666666667,116.33333333333333,83.33333333333333,50.333333333333336,104.33333333333333,107.33333333333333,189.66666666666666,61.666666666666664,50.333333333333336,48.0,155.0,86.0,119.0,61.333333333333336,72.33333333333333,100.66666666666667,73.0,144.0,108.33333333333333,53.0,106.33333333333333,79.33333333333333,70.66666666666667,125.66666666666667,185.66666666666666,74.0,103.0,63.666666666666664,51.0,128.33333333333334,33.666666666666664,84.66666666666667,42.0,64.33333333333333,42.0,49.333333333333336
31.0,78.66666666666667,207.0,142.33333333333334,47.666666666666664,166.66666666666666,113.0,94.0,85.0,28.0,78.0,100.33333333333333,57.666666666666664,27.0,57.333333333333336,159.66666666666666,53.333333333333336,48.333333333333336,148.66666666666666,36.333333333333336,122.66666666666667,60.0,47.0,145.66666666666666,82.66666666666667,83.33333333333333,38.0,110.66666666666667,107.0,60.333333333333336,161.0,109.66666666666667,188.66666666666666,110.33333333333333,60.0,64.66666666666667,58.0,74.66666666666667,46.0,143.66666666666666,102.66666666666667,87.0,74.66666666666667,100.33333333333333,52.0,140.33333333333334,102.0,64.33333333333333,90.33333333333333,143.0,39.666666666666664,66.33333333333333,78.66666666666667,156.0,54.666666666666664,75.66666666666667,65.33333333333333,52.333333333333336,122.33333333333333,62.333333333333336,158.33333333333334,114.0,115.66666666666667,84.33333333333333,49.333333333333336,107.0,104.66666666666667,191.0,60.333333333333336,44.666666666666664,44.333333333333336,151.0,85.33333333333333,117.33333333333333,56.333333333333336,71.66666666666667,101.66666666666667,74.0,145.33333333333334,107.33333333333333,52.666666666666664,106.0,76.66666666666667,68.33333333333333,126.33333333333333,182.33333333333334,73.33333333333333,104.0,59.333333333333336,47.0,130.66666666666666,34.666666666666664,83.66666666666667,40.333333333333336,64.33333333333333,38.666666666666664,48.666666666666664
31.25,81.33333333333333,206.33333333333334,143.0,44.0,169.0,112.33333333333333,97.0,88.0,26.666666666666668,69.33333333333333,106.33333333333333,56.333333333333336,27.666666666666668,58.0,164.33333333333334,52.0,50.666666666666664,149.33333333333334,40.0,125.0,60.333333333333336,46.666666666666664,145.0,82.66666666666667,85.0,41.666666666666664,115.0,107.66666666666667,59.333333333333336,163.0,116.0,187.33333333333334,114.33333333333333,59.666666666666664,66.66666666666667,61.666666666666664,73.66666666666667,43.0,145.33333333333334,104.0,90.33333333333333,78.33333333333333,100.0,48.666666666666664,141.33333333333334,110.66666666666667,63.666666666666664,91.66666666666667,132.33333333333334,37.666666666666664,65.0,78.66666666666667,162.33333333333334,56.0,80.66666666666667,57.666666666666664,53.333333333333336,121.66666666666667,59.333333333333336,162.66666666666666,112.0,118.33333333333333,81.33333333333333,50.0,107.66666666666667,107.66666666666667,193.33333333333334,65.33333333333333,42.666666666666664,46.333333333333336,162.0,80.33333333333333,119.66666666666667,58.666666666666664,75.0,101.66666666666667,73.33333333333333,145.66666666666666,107.33333333333333,53.0,105.33333333333333,76.66666666666667,70.66666666666667,134.66666666666666,185.0,68.66666666666667,94.66666666666667,68.66666666666667,51.666666666666664,131.0,34.0,88.0,36.666666666666664,65.66666666666667,38.0,47.666666666666664
31.5,80.66666666666667,208.33333333333334,145.66666666666666,42.0,169.33333333333334,111.33333333333333,94.66666666666667,89.0,24.0,79.66666666666667,102.0,56.0,28.333333333333332,59.666666666666664,163.33333333333334,49.333333333333336,49.0,154.0,37.0,125.0,62.0,46.0,152.66666666666666,85.33333333333333,82.66666666666667,41.0,115.33333333333333,108.0,60.666666666666664,164.0,112.0,191.0,113.33333333333333,63.333333333333336,67.33333333333333,60.0,72.33333333333333,45.0,146.66666666666666,102.0,89.33333333333333,75.0,102.66666666666667,50.0,148.0,104.33333333333333,64.66666666666667,90.33333333333333,140.0,39.666666666666664,63.0,78.0,159.0,54.333333333333336,78.66666666666667,63.0,56.0,126.33333333333333,60.0,163.33333333333334,112.0,118.33333333333333,83.33333333333333,49.0,111.0,109.66666666666667,195.33333333333334,63.333333333333336,44.666666666666664,43.333333333333336,161.66666666666666,88.66666666666667,116.33333333333333,57.0,73.66666666666667,101.0,75.33333333333333,151.0,103.33333333333333,50.666666666666664,108.0,82.66666666666667,69.66666666666667,132.66666666666666,188.66666666666666,72.66666666666667,103.33333333333333,64.66666666666667,53.333333333333336,128.33333333333334,35.0,90.0,38.333333333333336,63.0,43.666666666666664,49.666666666666664
31.75,78.66666666666667,209.66666666666666,143.66666666666666,42.666666666666664,170.33333333333334,109.66666666666667,96.33333333333333,88.33333333333333,27.0,70.66666666666667,108.0,58.333333333333336,25.666666666666668,56.0,162.66666666666666,51.0,46.333333333333336,155.66666666666666,38.0,124.0,63.666666666666664,48.0,148.0,83.33333333333333,85.33333333333333,40.333333333333336,116.0,107.66666666666667,61.666666666666664,168.33333333333334,117.33333333333333,190.66666666666666,118.66666666666667,59.666666666666664,65.0,62.666666666666664,71.0,43.0,147.0,103.0,90.66666666666667,77.66666666666667,100.0,48.0,143.33333333333334,112.33333333333333,64.0,91.33333333333333,137.33333333333334,42.0,65.33333333333333,79.33333333333333,162.33333333333334,56.0,78.66666666666667,56.333333333333336,52.333333333333336,126.33333333333333,60.0,163.33333333333334,111.66666666666667,120.66666666666667,81.33333333333333,52.0,109.33333333333333,110.33333333333333,195.66666666666666,66.33333333333333,43.0,46.333333333333336,164.33333333333334,84.0,117.33333333333333,55.666666666666664,73.33333333333333,102.66666666666667,76.0,148.66666666666666,105.0,52.0,105.66666666666667,77.66666666666667,66.0,134.33333333333334,189.0,70.33333333333333,97.66666666666667,68.66666666666667,49.0,125.66666666666667,33.666666666666664,89.66666666666667,33.666666666666664,64.66666666666667,40.666666666666664,49.333333333333336
32.0,84.66666666666667,207.66666666666666,146.33333333333334,42.0,174.33333333333334,110.33333333333333,97.0,90.66666666666667,28.0,72.0,110.33333333333333,59.0,28.333333333333332,55.333333333333336,166.66666666666666,52.666666666666664,49.0,154.0,39.333333333333336,124.66666666666667,62.0,47.0,154.66666666666666,84.66666666666667,81.0,40.333333333333336,119.33333333333333,109.66666666666667,60.0,168.66666666666666,119.33333333333333,192.0,116.0,62.0,68.0,62.666666666666664,78.66666666666667,45.666666666666664,150.0,101.66666666666667,93.66666666666667,79.66666666666667,103.66666666666667,46.0,142.33333333333334,110.66666666666667,64.0,94.33333333333333,134.33333333333334,40.333333333333336,68.0,79.33333333333333,166.33333333333334,57.333333333333336,81.33333333333333,61.0,51.666666666666664,126.66666666666667,59.333333333333336,163.66666666666666,115.0,120.66666666666667,86.0,51.0,114.66666666666667,111.0,198.33333333333334,65.0,42.0,47.666666666666664,163.66666666666666,86.0,118.66666666666667,57.333333333333336,75.33333333333333,102.66666666666667,79.33333333333333,152.0,109.0,53.333333333333336,108.33333333333333,80.33333333333333,68.66666666666667,139.33333333333334,188.0,70.66666666666667,100.66666666666667,67.33333333333333,50.666666666666664,129.0,36.333333333333336,92.0,35.333333333333336,67.66666666666667,43.666666666666664,49.0
32.25,79.66666666666667,210.0,149.0,46.0,172.66666666666666,109.66666666666667,96.66666666666667,93.33333333333333,27.666666666666668,79.66666666666667,109.0,57.666666666666664,28.0,61.333333333333336,166.0,52.333333333333336,47.333333333333336,160.66666666666666,36.333333333333336,127.33333333333333,62.666666666666664,47.333333333333336,157.0,86.66666666666667,82.66666666666667,39.666666666666664,121.33333333333333,109.66666666666667,61.333333333333336,169.33333333333334,115.66666666666667,196.33333333333334,121.0,61.666666666666664,66.0,60.666666666666664,76.66666666666667,44.0,153.33333333333334,105.33333333333333,91.33333333333333,77.66666666666667,104.66666666666667,50.0,147.33333333333334,109.33333333333333,65.33333333333333,89.33333333333333,151.0,45.666666666666664,67.66666666666667,81.66666666666667,163.0,55.666666666666664,78.33333333333333,62.333333333333336,53.666666666666664,130.0,64.33333333333333,165.66666666666666,113.0,118.33333333333333,86.66666666666667,51.333333333333336,115.0,111.66666666666667,200.0,66.0,46.333333333333336,48.0,164.0,86.33333333333333,118.33333333333333,59.666666666666664,81.66666666666667,109.66666666666667,75.66666666666667,155.0,108.0,52.333333333333336,109.33333333333333,83.66666666666667,71.0,137.0,193.66666666666666,70.66666666666667,102.66666666666667,58.666666666666664,50.333333333333336,131.0,32.666666666666664,90.33333333333333,39.0,65.0,41.666666666666664,50.666666666666664
32.5,82.0,212.0,151.33333333333334,46.0,177.33333333333334,115.66666666666667,102.33333333333333,95.66666666666667,28.0,75.66666666666667,117.0,59.666666666666664,25.666666666666668,56.333333333333336,170.0,52.666666666666664,50.666666666666664,158.0,39.666666666666664,127.0,64.0,47.0,153.66666666666666,87.33333333333333,86.33333333333333,42.333333333333336,119.66666666666667,110.66666666666667,61.666666666666664,171.0,119.66666666666667,193.66666666666666,121.33333333333333,61.0,67.33333333333333,65.0,79.66666666666667,45.0,151.66666666666666,108.66666666666667,94.66666666666667,80.0,103.0,49.333333333333336,144.66666666666666,115.33333333333333,66.33333333333333,95.66666666666667,145.0,40.666666666666664,68.66666666666667,79.0,168.0,57.666666666666664,79.66666666666667,58.666666666666664,55.333333333333336,130.33333333333334,62.666666666666664,165.66666666666666,116.0,120.66666666666667,84.33333333333333,51.0,115.0,115.66666666666667,201.0,63.333333333333336,43.0,47.0,169.0,84.0,118.33333333333333,55.666666666666664,77.33333333333333,105.33333333333333,78.66666666666667,155.66666666666666,109.33333333333333,53.0,110.0,83.0,75.0,139.33333333333334,190.33333333333334,71.0,100.66666666666667,65.66666666666667,51.333333333333336,129.33333333333334,33.333333333333336,92.33333333333333,33.333333333333336,68.66666666666667,45.0,49.333333333333336
32.75,81.66666666666667,210.33333333333334,147.66666666666666,41.0,180.0,112.33333333333333,100.66666666666667,95.66666666666667,28.333333333333332,74.0,114.33333333333333,62.333333333333336,24.333333333333332,55.333333333333336,173.0,54.0,51.0,160.33333333333334,38.0,129.0,64.66666666666667,48.333333333333336,157.33333333333334,91.33333333333333,82.0,40.0,120.33333333333333,112.0,65.0,173.66666666666666,121.66666666666667,194.66666666666666,125.0,62.333333333333336,67.33333333333333,64.0,82.0,45.666666666666664,156.66666666666666,107.0,95.0,80.0,106.33333333333333,50.0,147.0,114.0,66.0,93.33333333333333,144.33333333333334,44.666666666666664,70.0,78.66666666666667,169.66666666666666,60.0,79.66666666666667,59.666666666666664,51.666666666666664,136.0,56.0,164.66666666666666,116.66666666666667,125.66666666666667,87.33333333333333,51.666666666666664,119.0,117.66666666666667,204.33333333333334,63.0,42.333333333333336,48.333333333333336,169.0,93.33333333333333,115.0,57.0,75.66666666666667,105.33333333333333,81.66666666666667,156.33333333333334,108.33333333333333,54.333333333333336,109.0,79.33333333333333,70.66666666666667,144.0,191.66666666666666,70.0,102.33333333333333,67.66666666666667,52.333333333333336,128.33333333333334,36.333333333333336,93.66666666666667,36.333333333333336,63.0,42.0,52.0
33.0,85.0,214.0,154.0,44.333333333333336,181.66666666666666,117.33333333333333,103.33333333333333,99.33333333333333,27.666666666666668,85.66666666666667,113.66666666666667,59.0,26.666666666666668,58.666666666666664,172.0,52.0,51.666666666666664,164.0,40.0,125.0,61.666666666666664,48.666666666666664,161.0,89.66666666666667,83.33333333333333,40.333333333333336,119.0,109.66666666666667,64.33333333333333,175.66666666666666,116.66666666666667,198.33333333333334,125.0,64.33333333333333,64.66666666666667,61.333333333333336,81.66666666666667,48.0,159.0,103.33333333333333,95.0,75.0,107.0,48.333333333333336,151.66666666666666,110.33333333333333,68.66666666666667,91.0,153.66666666666666,43.333333333333336,69.0,76.33333333333333,168.33333333333334,53.333333333333336,76.33333333333333,62.333333333333336,54.333333333333336,136.66666666666666,65.33333333333333,165.66666666666666,116.66666666666667,122.66666666666667,86.0,53.0,122.0,116.66666666666667,203.33333333333334,60.0,47.0,45.0,166.0,84.66666666666667,120.66666666666667,60.333333333333336,80.33333333333333,110.0,82.66666666666667,160.33333333333334,107.0,52.666666666666664,106.33333333333333,81.0,69.33333333333333,142.66666666666666,193.0,71.33333333333333,106.0,60.0,49.666666666666664,130.66666666666666,35.0,94.0,36.333333333333336,64.0,43.0,47.333333333333336
33.25,80.33333333333333,216.0,156.66666666666666,47.0,179.66666666666666,116.33333333333333,105.0,100.66666666666667,28.333333333333332,81.66666666666667,115.0,60.333333333333336,26.666666666666668,61.666666666666664,173.66666666666666,51.666666666666664,50.333333333333336,167.33333333333334,38.0,127.0,64.0,49.666666666666664,160.0,86.66666666666667,85.0,41.666666666666664,120.0,109.66666666666667,65.66666666666667,176.33333333333334,118.66666666666667,199.66666666666666,128.0,65.0,66.0,61.666666666666664,79.0,47.0,157.66666666666666,106.0,93.33333333333333,76.0,109.33333333333333,48.666666666666664,153.0,110.33333333333333,69.33333333333333,90.33333333333333,159.33333333333334,43.333333333333336,67.33333333333333,79.66666666666667,168.0,54.333333333333336,79.33333333333333,64.66666666666667,56.333333333333336,134.66666666666666,67.33333333333333,166.33333333333334,115.0,122.66666666666667,84.66666666666667,54.666666666666664,120.66666666666667,117.66666666666667,201.66666666666666,61.0,47.0,44.666666666666664,169.33333333333334,85.33333333333333,119.0,61.0,81.33333333333333,113.33333333333333,83.33333333333333,161.66666666666666,106.0,52.333333333333336,104.0,84.66666666666667,72.66666666666667,146.0,197.0,73.0,103.0,59.333333333333336,52.333333333333336,130.0,36.333333333333336,95.33333333333333,38.666666666666664,64.66666666666667,44.0,49.333333333333336
33.5,82.0,215.0,153.33333333333334,45.666666666666664,187.33333333333334,116.33333333333333,101.33333333333333,99.33333333333333,26.333333333333332,87.66666666666667,112.33333333333333,60.333333333333336,27.0,56.666666666666664,174.0,53.666666666666664,48.0,168.66666666666666,34.666666666666664,128.66666666666666,63.0,47.0,164.33333333333334,89.66666666666667,80.66666666666667,39.0,126.0,111.66666666666667,64.66666666666667,178.33333333333334,118.0,199.33333333333334,129.0,65.0,64.0,65.33333333333333,83.33333333333333,45.0,161.33333333333334,103.66666666666667,95.66666666666667,78.0,107.66666666666667,48.666666666666664,153.33333333333334,110.33333333333333,67.33333333333333,93.33333333333333,160.0,41.0,66.0,77.33333333333333,171.66666666666666,53.333333333333336,82.33333333333333,60.666666666666664,54.666666666666664,140.66666666666666,62.0,166.0,118.33333333333333,126.33333333333333,86.33333333333333,55.0,127.0,121.66666666666667,208.0,63.0,45.0,44.666666666666664,169.66666666666666,91.0,119.0,59.333333333333336,81.66666666666667,113.66666666666667,83.33333333333333,161.33333333333334,107.33333333333333,54.333333333333336,109.33333333333333,82.66666666666667,70.33333333333333,147.33333333333334,195.33333333333334,70.33333333333333,111.0,64.0,49.666666666666664,130.33333333333334,33.666666666666664,95.0,37.666666666666664,62.666666666666664,44.333333333333336,48.333333333333336
33.75,78.33333333333333,217.0,155.0,44.666666666666664,181.33333333333334,115.0,103.33333333333333,105.66666666666667,30.666666666666668,81.0,113.66666666666667,59.0,25.333333333333332,59.666666666666664,174.33333333333334,50.0,49.666666666666664,172.33333333333334,38.333333333333336,128.66666666666666,63.333333333333336,48.333333333333336,167.33333333333334,89.33333333333333,85.0,39.0,125.0,111.66666666666667,67.0,180.0,119.66666666666667,203.0,132.66666666666666,63.666666666666664,66.0,64.66666666666667,83.0,46.333333333333336,160.33333333333334,108.0,98.0,76.33333333333333,114.66666666666667,50.666666666666664,156.33333333333334,113.66666666666667,69.0,89.33333333333333,165.0,46.0,66.66666666666667,82.66666666666667,167.66666666666666,56.666666666666664,78.66666666666667,66.66666666666667,54.0,142.33333333333334,70.0,168.66666666666666,114.0,125.0,88.0,53.666666666666664,126.33333333333333,125.66666666666667,207.0,63.333333333333336,46.333333333333336,47.666666666666664,172.0,87.66666666666667,117.66666666666667,61.666666666666664,87.0,118.33333333333333,84.66666666666667,165.0,106.33333333333333,56.333333333333336,110.0,84.66666666666667,73.66666666666667,148.33333333333334,198.0,72.0,111.33333333333333,60.333333333333336,53.0,130.66666666666666,35.0,98.0,40.333333333333336,66.33333333333333,45.0,49.666666666666664
34.0,82.66666666666667,217.66666666666666,154.66666666666666,48.333333333333336,189.66666666666666,119.66666666666667,106.0,106.66666666666667,27.666666666666668,87.0,116.66666666666667,60.333333333333336,26.0,57.0,179.33333333333334,51.333333333333336,49.333333333333336,171.0,39.0,128.33333333333334,62.333333333333336,50.333333333333336,167.33333333333334,91.33333333333333,81.66666666666667,40.666666666666664,126.0,111.0,64.0,179.0,119.33333333333333,201.0,134.0,65.33333333333333,62.666666666666664,61.666666666666664,86.0,46.0,167.0,105.33333333333333,98.66666666666667,77.66666666666667,109.66666666666667,47.333333333333336,161.0,112.33333333333333,70.0,91.33333333333333,159.33333333333334,42.0,65.33333333333333,74.0,173.66666666666666,54.666666666666664,79.33333333333333,60.666666666666664,54.666666666666664,143.33333333333334,67.66666666666667,167.33333333333334,115.66666666666667,124.66666666666667,88.33333333333333,54.666666666666664,127.66666666666667,122.33333333333333,208.0,62.666666666666664,45.0,49.333333333333336,171.33333333333334,89.33333333333333,121.0,57.333333333333336,84.66666666666667,118.33333333333333,86.0,166.66666666666666,107.33333333333333,53.333333333333336,109.0,85.66666666666667,71.33333333333333,154.66666666666666,198.33333333333334,71.33333333333333,107.0,60.333333333333336,55.666666666666664,128.33333333333334,34.666666666666664,99.33333333333333,36.666666666666664,65.33333333333333,41.333333333333336,48.0
34.25,80.33333333333333,219.0,159.0,44.333333333333336,189.66666666666666,119.33333333333333,108.33333333333333,105.66666666666667,27.333333333333332,78.0,120.66666666666667,64.0,28.0,56.333333333333336,179.33333333333334,53.666666666666664,54.333333333333336,169.33333333333334,40.666666666666664,132.0,65.0,49.333333333333336,165.0,90.66666666666667,87.33333333333333,40.0,127.33333333333333,110.0,64.0,180.66666666666666,125.33333333333333,199.66666666666666,134.66666666666666,66.66666666666667,70.0,64.66666666666667,86.66666666666667,47.333333333333336,164.0,113.33333333333333,100.0,80.66666666666667,112.0,50.333333333333336,153.33333333333334,120.0,68.0,96.0,165.0,43.333333333333336,70.33333333333333,78.66666666666667,176.33333333333334,58.333333333333336,80.33333333333333,64.0,54.333333333333336,141.0,64.0,174.0,115.0,124.66666666666667,85.66666666666667,53.0,125.0,128.0,209.0,65.66666666666667,42.666666666666664,47.333333333333336,179.0,87.0,121.66666666666667,58.333333333333336,87.0,118.33333333333333,84.33333333333333,167.33333333333334,105.66666666666667,51.333333333333336,110.66666666666667,88.0,74.66666666666667,157.66666666666666,200.0,70.66666666666667,102.66666666666667,63.0,51.666666666666664,131.0,36.333333333333336,101.33333333333333,38.333333333333336,67.0,44.666666666666664,50.666666666666664
34.5,81.0,220.0,160.33333333333334,47.333333333333336,190.33333333333334,122.66666666666667,106.33333333333333,109.66666666666667,26.666666666666668,91.0,118.0,62.333333333333336,30.0,59.666666666666664,181.66666666666666,54.666666666666664,50.333333333333336,174.0,37.666666666666664,131.33333333333334,63.666666666666664,50.666666666666664,170.66666666666666,93.0,84.33333333333333,39.0,131.0,111.33333333333333,68.33333333333333,182.66666666666666,120.0,206.0,137.66666666666666,71.66666666666667,69.33333333333333,63.666666666666664,87.66666666666667,47.333333333333336,165.33333333333334,109.33333333333333,100.0,78.66666666666667,113.0,48.666666666666664,160.0,112.0,68.0,92.33333333333333,171.0,44.0,67.66666666666667,77.66666666666667,174.66666666666666,55.333333333333336,79.0,65.66666666666667,55.0,145.66666666666666,68.66666666666667,172.66666666666666,116.0,126.0,86.66666666666667,58.333333333333336,131.0,129.66666666666666,211.33333333333334,65.0,47.666666666666664,47.333333333333336,176.0,91.66666666666667,123.0,58.333333333333336,87.33333333333333,122.0,85.66666666666667,166.66666666666666,104.33333333333333,51.666666666666664,109.66666666666667,88.66666666666667,75.0,157.0,202.33333333333334,73.66666666666667,108.33333333333333,62.0,52.0,130.0,35.666666666666664,103.33333333333333,40.666666666666664,65.33333333333333,46.666666666666664,48.666666666666664
34.75,82.33333333333333,222.33333333333334,160.0,47.666666666666664,193.33333333333334,124.33333333333333,109.0,113.0,30.0,91.66666666666667,121.0,61.333333333333336,29.666666666666668,60.666666666666664,180.33333333333334,55.0,49.333333333333336,177.0,40.333333333333336,133.66666666666666,64.66666666666667,50.0,170.33333333333334,94.66666666666667,85.33333333333333,39.333333333333336,132.0,113.66666666666667,69.66666666666667,186.0,125.0,205.0,139.66666666666666,67.0,65.66666666666667,66.33333333333333,87.0,46.666666666666664,167.66666666666666,109.33333333333333,100.66666666666667,81.33333333333333,117.0,50.666666666666664,163.33333333333334,116.33333333333333,72.33333333333333,91.66666666666667,173.33333333333334,45.0,66.33333333333333,82.0,178.0,56.666666666666664,80.0,63.333333333333336,56.666666666666664,148.66666666666666,71.33333333333333,172.0,116.0,128.66666666666666,87.0,58.666666666666664,136.0,130.0,212.0,63.666666666666664,50.0,49.333333333333336,177.66666666666666,92.0,123.66666666666667,61.0,90.0,125.0,88.0,170.66666666666666,109.66666666666667,57.0,111.66666666666667,89.0,73.33333333333333,162.66666666666666,204.33333333333334,74.66666666666667,108.33333333333333,65.66666666666667,54.0,131.33333333333334,37.333333333333336,105.66666666666667,40.333333333333336,68.66666666666667,44.333333333333336,50.333333333333336
35.0,85.0,225.0,168.66666666666666,53.0,194.33333333333334,126.66666666666667,108.66666666666667,116.66666666666667,28.333333333333332,95.0,120.66666666666667,60.666666666666664,36.666666666666664,66.66666666666667,180.66666666666666,55.333333333333336,52.333333333333336,183.0,42.0,132.0,65.33333333333333,47.666666666666664,173.33333333333334,92.66666666666667,89.66666666666667,42.666666666666664,139.33333333333334,112.0,74.0,185.33333333333334,124.66666666666667,205.0,142.33333333333334,73.33333333333333,70.33333333333333,62.0,85.0,47.666666666666664,170.33333333333334,107.66666666666667,99.33333333333333,79.33333333333333,114.33333333333333,50.0,166.66666666666666,111.66666666666667,65.33333333333333,89.66666666666667,184.0,46.333333333333336,68.66666666666667,84.66666666666667,171.66666666666666,54.333333333333336,78.66666666666667,62.0,57.0,149.33333333333334,73.33333333333333,174.66666666666666,119.0,128.66666666666666,87.66666666666667,59.666666666666664,138.0,131.66666666666666,211.33333333333334,66.33333333333333,51.666666666666664,46.666666666666664,177.33333333333334,93.0,127.66666666666667,66.33333333333333,90.33333333333333,129.33333333333334,88.33333333333333,174.33333333333334,105.33333333333333,54.666666666666664,109.33333333333333,96.0,78.0,163.33333333333334,211.0,78.33333333333333,111.33333333333333,60.333333333333336,54.0,134.33333333333334,36.0,106.33333333333333,42.0,69.0,48.0,52.0
35.25,83.66666666666667,221.33333333333334,161.66666666666666,51.333333333333336,199.0,124.66666666666667,108.66666666666667,116.33333333333333,24.666666666666668,96.33333333333333,122.33333333333333,61.0,27.666666666666668,59.333333333333336,184.66666666666666,55.0,51.333333333333336,178.33333333333334,37.666666666666664,130.33333333333334,61.333333333333336,50.0,176.0,93.33333333333333,83.66666666666667,42.333333333333336,134.66666666666666,111.66666666666667,68.66666666666667,188.0,126.0,205.0,142.33333333333334,70.66666666666667,65.0,62.0,91.66666666666667,48.0,172.33333333333334,105.0,100.33333333333333,79.0,113.66666666666667,50.0,167.33333333333334,117.0,71.66666666666667,91.33333333333333,171.66666666666666,43.0,64.66666666666667,79.33333333333333,178.0,57.333333333333336,80.0,64.0,57.333333333333336,154.66666666666666,71.0,174.66666666666666,116.66666666666667,130.0,87.33333333333333,58.666666666666664,142.66666666666666,132.0,215.0,64.0,45.333333333333336,47.0,179.66666666666666,94.66666666666667,128.0,60.666666666666664,93.33333333333333,127.0,90.33333333333333,175.66666666666666,110.0,53.333333333333336,111.0,89.66666666666667,75.0,168.0,208.0,73.33333333333333,110.0,64.0,52.666666666666664,132.33333333333334,34.666666666666664,109.66666666666667,39.0,70.0,43.333333333333336,49.333333333333336
35.5,76.33333333333333,224.33333333333334,164.66666666666666,46.333333333333336,194.66666666666666,121.0,112.66666666666667,121.33333333333333,26.666666666666668,86.33333333333333,121.0,59.0,28.666666666666668,60.333333333333336,182.66666666666666,53.0,48.666666666666664,182.0,38.333333333333336,133.66666666666666,67.0,49.333333333333336,176.33333333333334,95.33333333333333,84.0,41.0,136.0,115.33333333333333,66.0,190.0,130.33333333333334,210.33333333333334,145.33333333333334,68.0,60.666666666666664,63.666666666666664,87.66666666666667,46.333333333333336,174.0,109.66666666666667,101.0,79.33333333333333,118.0,51.0,165.66666666666666,116.66666666666667,71.0,87.66666666666667,180.0,45.666666666666664,68.66666666666667,82.66666666666667,176.0,59.0,80.33333333333333,64.0,56.0,154.0,73.0,175.0,114.33333333333333,132.0,88.0,57.333333333333336,142.33333333333334,139.0,213.66666666666666,63.666666666666664,46.0,47.333333333333336,183.66666666666666,91.33333333333333,126.33333333333333,58.666666666666664,97.0,132.33333333333334,91.0,178.0,108.0,53.333333333333336,110.33333333333333,91.33333333333333,73.66666666666667,172.0,211.0,73.66666666666667,104.66666666666667,65.66666666666667,52.0,131.0,35.0,113.66666666666667,36.333333333333336,71.66666666666667,44.333333333333336,50.0
35.75,84.66666666666667,221.66666666666666,164.66666666666666,46.333333333333336,199.33333333333334,126.0,112.66666666666667,123.66666666666667,28.0,96.0,125.0,58.666666666666664,26.0,60.666666666666664,185.33333333333334,53.666666666666664,50.666666666666664,183.0,38.0,132.66666666666666,66.33333333333333,51.333333333333336,179.33333333333334,94.66666666666667,84.66666666666667,40.0,142.0,113.66666666666667,71.33333333333333,188.66666666666666,126.0,209.33333333333334,146.33333333333334,67.66666666666667,67.0,62.333333333333336,92.66666666666667,43.333333333333336,174.66666666666666,109.0,104.66666666666667,81.33333333333333,119.66666666666667,50.0,169.66666666666666,117.66666666666667,70.0,88.33333333333333,180.66666666666666,43.0,68.33333333333333,81.33333333333333,181.33333333333334,57.666666666666664,80.33333333333333,63.0,54.666666666666664,158.33333333333334,75.0,176.0,113.0,131.0,88.66666666666667,58.0,145.33333333333334,137.33333333333334,212.66666666666666,66.66666666666667,48.333333333333336,49.666666666666664,181.66666666666666,92.66666666666667,129.33333333333334,62.0,99.33333333333333,136.0,91.0,181.0,108.0,51.666666666666664,111.0,93.33333333333333,77.33333333333333,177.0,214.66666666666666,75.33333333333333,105.66666666666667,64.0,55.0,128.66666666666666,36.333333333333336,117.66666666666667,39.0,71.0,44.666666666666664,52.0
36.0,80.33333333333333,225.0,168.0,49.333333333333336,197.66666666666666,129.0,112.0,124.0,27.0,92.0,124.66666666666667,58.666666666666664,27.0,60.333333333333336,186.0,51.0,52.333333333333336,184.0,37.333333333333336,132.66666666666666,65.0,48.0,178.66666666666666,96.33333333333333,84.66666666666667,37.666666666666664,138.33333333333334,113.0,70.0,190.66666666666666,129.66666666666666,210.0,148.0,73.33333333333333,66.0,63.666666666666664,93.33333333333333,46.0,175.33333333333334,112.33333333333333,106.66666666666667,79.33333333333333,115.66666666666667,52.666666666666664,170.0,119.66666666666667,69.66666666666667,92.33333333333333,185.66666666666666,43.666666666666664,66.33333333333333,83.33333333333333,181.0,55.666666666666664,77.33333333333333,62.0,55.666666666666664,157.0,74.66666666666667,177.0,114.33333333333333,131.33333333333334,88.66666666666667,58.0,141.0,140.0,215.0,65.66666666666667,48.666666666666664,46.0,184.33333333333334,93.66666666666667,127.0,60.666666666666664,97.66666666666667,135.66666666666666,89.33333333333333,181.66666666666666,108.0,52.666666666666664,109.33333333333333,93.66666666666667,77.66666666666667,178.0,212.33333333333334,74.33333333333333,106.33333333333333,63.0,53.0,132.0,36.333333333333336,117.0,37.0,73.66666666666667,45.333333333333336,49.666666666666664
36.25,84.0,226.33333333333334,167.33333333333334,46.666666666666664,202.66666666666666,133.0,115.33333333333333,125.33333333333333,28.666666666666668,94.0,128.0,59.666666666666664,32.0,59.666666666666664,189.33333333333334,54.0,53.333333333333336,186.0,38.0,134.33333333333334,67.33333333333333,52.0,179.33333333333334,100.0,88.33333333333333,42.666666666666664,140.33333333333334,115.66666666666667,72.33333333333333,192.33333333333334,130.66666666666666,211.66666666666666,150.0,69.66666666666667,66.66666666666667,64.33333333333333,95.66666666666667,43.333333333333336,178.66666666666666,110.0,105.33333333333333,79.0,120.0,54.0,169.0,121.66666666666667,74.0,90.33333333333333,188.66666666666666,46.0,66.66666666666667,83.33333333333333,180.33333333333334,56.333333333333336,81.33333333333333,63.333333333333336,57.666666666666664,160.66666666666666,73.33333333333333,178.0,116.33333333333333,134.66666666666666,88.33333333333333,60.0,147.0,143.66666666666666,220.33333333333334,64.33333333333333,48.666666666666664,49.0,186.66666666666666,94.66666666666667,129.0,60.666666666666664,98.66666666666667,134.33333333333334,94.0,185.0,107.0,56.333333333333336,112.33333333333333,95.0,76.66666666666667,178.66666666666666,213.33333333333334,75.33333333333333,108.66666666666667,66.0,56.333333333333336,132.0,38.333333333333336,117.66666666666667,41.0,72.33333333333333,45.0,50.333333333333336
36.5,83.66666666666667,226.33333333333334,164.0,43.0,203.66666666666666,128.66666666666666,117.0,127.33333333333333,27.666666666666668,88.0,132.33333333333334,62.0,25.666666666666668,59.0,188.66666666666666,52.333333333333336,50.333333333333336,185.33333333333334,40.0,135.66666666666666,70.0,52.0,180.33333333333334,99.66666666666667,83.66666666666667,42.0,140.33333333333334,115.33333333333333,70.66666666666667,193.66666666666666,137.0,210.0,151.0,71.33333333333333,70.33333333333333,64.66666666666667,95.66666666666667,46.333333333333336,176.66666666666666,113.66666666666667,109.0,81.66666666666667,119.0,54.666666666666664,168.66666666666666,127.0,73.33333333333333,94.0,177.66666666666666,44.333333333333336,70.0,83.33333333333333,183.66666666666666,60.0,83.66666666666667,62.666666666666664,56.0,158.66666666666666,69.33333333333333,178.33333333333334,112.0,135.66666666666666,88.0,57.0,148.33333333333334,145.33333333333334,216.33333333333334,66.33333333333333,44.333333333333336,50.666666666666664,190.0,91.0,126.0,59.0,100.33333333333333,133.33333333333334,95.33333333333333,184.33333333333334,109.66666666666667,53.666666666666664,114.0,94.66666666666667,74.0,187.0,216.33333333333334,71.33333333333333,101.66666666666667,67.33333333333333,53.333333333333336,129.66666666666666,39.0,120.33333333333333,36.333333333333336,80.0,43.666666666666664,52.333333333333336
36.75,83.66666666666667,227.33333333333334,172.0,46.666666666666664,205.0,130.66666666666666,116.33333333333333,129.33333333333334,30.0,96.33333333333333,131.0,63.666666666666664,26.0,60.333333333333336,188.66666666666666,55.333333333333336,51.333333333333336,190.66666666666666,37.666666666666664,134.66666666666666,67.33333333333333,50.333333333333336,181.66666666666666,101.33333333333333,85.33333333333333,40.666666666666664,142.0,115.66666666666667,71.0,192.66666666666666,131.66666666666666,213.33333333333334,151.66666666666666,72.0,68.33333333333333,64.33333333333333,98.66666666666667,45.333333333333336,180.66666666666666,111.0,106.66666666666667,81.0,122.0,49.666666666666664,171.66666666666666,123.66666666666667,74.0,92.33333333333333,188.66666666666666,43.0,65.0,84.0,182.33333333333334,57.333333333333336,78.33333333333333,64.0,53.333333333333336,163.33333333333334,75.33333333333333,177.33333333333334,112.66666666666667,133.66666666666666,89.33333333333333,58.666666666666664,151.0,145.66666666666666,216.33333333333334,64.33333333333333,49.666666666666664,47.333333333333336,186.66666666666666,91.0,129.0,61.0,103.0,140.33333333333334,93.0,186.0,110.66666666666667,52.0,112.33333333333333,95.0,75.33333333333333,183.0,218.33333333333334,77.0,109.0,63.0,53.333333333333336,131.0,37.666666666666664,121.33333333333333,37.666666666666664,73.0,46.0,52.0
37.0,82.0,228.0,172.66666666666666,49.666666666666664,204.66666666666666,132.0,117.0,131.33333333333334,29.333333333333332,98.33333333333333,133.33333333333334,60.333333333333336,26.666666666666668,62.0,190.66666666666666,52.333333333333336,52.333333333333336,189.66666666666666,38.666666666666664,133.66666666666666,65.66666666666667,48.666666666666664,183.33333333333334,99.0,87.0,39.0,143.66666666666666,117.0,75.0,194.33333333333334,134.0,213.33333333333334,155.0,73.0,69.0,63.666666666666664,98.0,43.666666666666664,181.66666666666666,112.0,105.33333333333333,81.66666666666667,120.66666666666667,51.333333333333336,171.66666666666666,121.33333333333333,72.66666666666667,90.33333333333333,190.66666666666666,46.0,64.66666666666667,82.66666666666667,186.0,56.333333333333336,79.66666666666667,65.0,55.0,161.66666666666666,76.0,179.66666666666666,117.33333333333333,135.33333333333334,89.33333333333333,58.333333333333336,157.33333333333334,148.0,218.0,64.66666666666667,48.0,45.0,188.66666666666666,94.33333333333333,129.0,61.333333333333336,104.0,140.0,96.33333333333333,188.0,106.66666666666667,54.666666666666664,111.33333333333333,99.66666666666667,78.0,189.0,218.66666666666666,76.33333333333333,107.33333333333333,63.666666666666664,54.666666666666664,132.33333333333334,35.0,120.33333333333333,39.0,77.0,45.333333333333336,52.333333333333336
37.25,84.33333333333333,228.33333333333334,168.33333333333334,50.0,209.66666666666666,135.33333333333334,117.0,136.33333333333334,28.333333333333332,101.0,133.33333333333334,62.666666666666664,29.666666666666668,61.333333333333336,193.0,55.333333333333336,51.0,192.33333333333334,40.0,138.66666666666666,67.66666666666667,50.333333333333336,187.33333333333334,100.66666666666667,84.33333333333333,41.0,147.33333333333334,116.0,73.66666666666667,197.66666666666666,135.66666666666666,215.33333333333334,157.33333333333334,74.66666666666667,66.33333333333333,65.66666666666667,102.0,47.333333333333336,185.0,108.0,108.66666666666667,83.0,122.0,52.666666666666664,176.0,124.0,77.0,92.66666666666667,194.33333333333334,49.333333333333336,65.66666666666667,83.0,186.0,59.333333333333336,82.33333333333333,65.0,56.666666666666664,165.66666666666666,75.0,181.33333333333334,115.66666666666667,137.0,90.33333333333333,61.666666666666664,157.33333333333334,150.33333333333334,223.33333333333334,66.33333333333333,48.333333333333336,49.666666666666664,194.66666666666666,98.66666666666667,128.0,60.666666666666664,106.0,143.33333333333334,100.66666666666667,188.0,109.0,54.0,111.0,96.66666666666667,76.66666666666667,192.0,219.33333333333334,75.33333333333333,112.33333333333333,64.33333333333333,55.333333333333336,133.66666666666666,35.666666666666664,125.33333333333333,41.0,76.33333333333333,45.666666666666664,51.333333333333336
37.5,83.33333333333333,228.0,169.0,47.666666666666664,211.66666666666666,133.33333333333334,119.33333333333333,134.33333333333334,27.666666666666668,99.66666666666667,136.0,60.333333333333336,29.0,62.0,194.66666666666666,56.666666666666664,52.0,193.0,35.0,134.0,67.0,51.333333333333336,189.0,105.0,84.0,41.0,147.33333333333334,115.0,75.0,198.33333333333334,132.66666666666666,215.33333333333334,157.66666666666666,75.66666666666667,66.66666666666667,64.0,101.66666666666667,45.333333333333336,186.66666666666666,107.0,109.0,80.0,123.33333333333333,50.666666666666664,177.66666666666666,124.0,74.66666666666667,93.66666666666667,199.0,43.666666666666664,66.0,78.66666666666667,187.66666666666666,58.0,79.33333333333333,64.66666666666667,56.333333333333336,169.66666666666666,74.33333333333333,180.66666666666666,116.33333333333333,139.0,87.33333333333333,60.333333333333336,159.0,152.66666666666666,223.66666666666666,65.66666666666667,47.333333333333336,47.333333333333336,194.33333333333334,95.66666666666667,129.0,59.0,105.66666666666667,147.33333333333334,99.66666666666667,190.33333333333334,106.33333333333333,54.0,112.0,95.33333333333333,75.66666666666667,196.33333333333334,219.66666666666666,73.66666666666667,107.33333333333333,64.0,54.0,131.33333333333334,39.333333333333336,125.0,40.0,76.33333333333333,45.666666666666664,50.333333333333336
37.75,79.66666666666667,229.0,170.0,47.666666666666664,208.0,134.0,119.0,136.33333333333334,25.666666666666668,95.66666666666667,135.0,59.0,22.666666666666668,58.333333333333336,192.66666666666666,51.333333333333336,49.0,195.33333333333334,37.0,135.33333333333334,66.33333333333333,48.333333333333336,189.66666666666666,102.66666666666667,83.66666666666667,37.333333333333336,145.33333333333334,116.33333333333333,72.33333333333333,198.66666666666666,135.0,215.66666666666666,159.66666666666666,71.33333333333333,66.0,65.66666666666667,97.66666666666667,45.0,185.0,109.33333333333333,106.0,79.0,124.66666666666667,50.666666666666664,173.66666666666666,126.0,72.66666666666667,91.66666666666667,198.33333333333334,45.666666666666664,64.0,81.0,185.66666666666666,56.0,79.0,63.333333333333336,54.333333333333336,169.33333333333334,73.0,179.0,112.66666666666667,136.0,88.33333333333333,58.0,158.66666666666666,156.33333333333334,221.0,64.0,48.666666666666664,47.0,195.33333333333334,98.33333333333333,124.0,59.333333333333336,107.33333333333333,145.33333333333334,98.66666666666667,189.66666666666666,105.33333333333333,51.0,112.33333333333333,100.66666666666667,73.0,195.33333333333334,220.33333333333334,72.66666666666667,106.66666666666667,64.0,53.666666666666664,129.33333333333334,36.333333333333336,125.66666666666667,39.0,76.66666666666667,46.333333333333336,49.666666666666664
38.0,80.0,230.33333333333334,176.0,47.666666666666664,213.0,136.33333333333334,120.66666666666667,140.33333333333334,28.333333333333332,102.66666666666667,137.66666666666666,60.0,27.666666666666668,59.0,196.33333333333334,52.333333333333336,52.666666666666664,195.33333333333334,39.0,136.33333333333334,69.0,50.333333333333336,187.66666666666666,105.33333333333333,84.66666666666667,39.0,148.0,118.0,77.66666666666667,199.0,141.33333333333334,218.0,159.33333333333334,77.0,66.33333333333333,65.0,101.33333333333333,45.333333333333336,189.33333333333334,112.0,112.0,83.66666666666667,126.33333333333333,50.666666666666664,177.66666666666666,129.33333333333334,75.0,91.66666666666667,194.66666666666666,45.333333333333336,68.33333333333333,82.66666666666667,188.33333333333334,56.333333333333336,79.33333333333333,65.33333333333333,57.0,169.0,80.0,180.33333333333334,112.33333333333333,138.33333333333334,88.33333333333333,59.333333333333336,163.66666666666666,157.0,222.66666666666666,66.33333333333333,48.333333333333336,47.666666666666664,197.66666666666666,95.66666666666667,130.0,59.0,110.66666666666667,148.0,98.66666666666667,194.66666666666666,109.66666666666667,51.333333333333336,111.66666666666667,98.66666666666667,75.66666666666667,197.0,221.33333333333334,75.66666666666667,107.66666666666667,62.333333333333336,54.0,130.0,34.666666666666664,127.0,37.333333333333336,80.0,47.0,51.666666666666664
38.25,84.0,230.33333333333334,175.33333333333334,45.333333333333336,215.66666666666666,136.33333333333334,125.33333333333333,143.33333333333334,28.333333333333332,95.66666666666667,143.0,61.0,28.666666666666668,59.333333333333336,200.66666666666666,54.0,53.666666666666664,196.33333333333334,45.0,140.66666666666666,70.66666666666667,53.666666666666664,189.0,105.66666666666667,88.66666666666667,43.666666666666664,155.33333333333334,117.33333333333333,75.33333333333333,202.66666666666666,148.33333333333334,219.0,167.0,75.33333333333333,72.0,64.33333333333333,103.33333333333333,44.666666666666664,188.0,109.66666666666667,114.66666666666667,88.0,124.33333333333333,53.666666666666664,176.66666666666666,141.66666666666666,75.33333333333333,97.0,192.0,45.0,69.33333333333333,82.33333333333333,193.66666666666666,62.333333333333336,85.66666666666667,62.0,55.0,171.66666666666666,76.66666666666667,185.0,112.66666666666667,142.33333333333334,90.66666666666667,60.666666666666664,166.0,160.33333333333334,225.0,71.0,43.666666666666664,52.0,199.0,96.0,133.0,59.666666666666664,112.0,146.66666666666666,103.0,195.66666666666666,109.66666666666667,55.333333333333336,115.66666666666667,99.0,75.0,206.0,223.33333333333334,75.66666666666667,104.66666666666667,69.66666666666667,56.666666666666664,132.66666666666666,40.666666666666664,133.66666666666666,36.333333333333336,84.66666666666667,49.333333333333336,56.333333333333336
38.5,83.66666666666667,230.66666666666666,175.66666666666666,51.666666666666664,213.66666666666666,139.0,124.66666666666667,143.66666666666666,28.333333333333332,101.33333333333333,142.0,59.666666666666664,28.333333333333332,62.0,198.66666666666666,55.666666666666664,51.666666666666664,198.33333333333334,41.0,137.66666666666666,67.33333333333333,52.666666666666664,192.0,105.33333333333333,86.66666666666667,42.666666666666664,155.0,117.66666666666667,78.0,203.0,141.0,218.0,167.33333333333334,74.33333333333333,68.66666666666667,64.0,103.0,45.333333333333336,191.0,107.33333333333333,110.66666666666667,82.66666666666667,125.33333333333333,50.333333333333336,180.33333333333334,132.33333333333334,75.33333333333333,93.0,205.33333333333334,46.333333333333336,67.33333333333333,78.33333333333333,192.66666666666666,57.666666666666664,81.66666666666667,65.33333333333333,55.666666666666664,170.66666666666666,78.0,182.0,115.0,136.66666666666666,87.33333333333333,62.0,167.33333333333334,160.66666666666666,223.0,68.66666666666667,46.0,50.666666666666664,196.33333333333334,94.33333333333333,131.0,60.333333333333336,111.66666666666667,153.33333333333334,105.66666666666667,197.66666666666666,110.33333333333333,53.333333333333336,109.66666666666667,98.66666666666667,75.33333333333333,202.0,225.66666666666666,75.66666666666667,109.33333333333333,62.666666666666664,53.0,132.66666666666666,39.666666666666664,132.66666666666666,35.0,78.66666666666667,46.333333333333336,54.0
38.75,81.66666666666667,232.66666666666666,177.33333333333334,48.666666666666664,216.0,142.0,125.0,148.66666666666666,29.333333333333332,104.0,140.33333333333334,62.333333333333336,30.333333333333332,60.333333333333336,199.0,57.333333333333336,53.333333333333336,201.66666666666666,41.0,137.0,69.66666666666667,51.333333333333336,193.33333333333334,107.33333333333333,87.33333333333333,41.333333333333336,153.0,121.0,78.33333333333333,205.66666666666666,145.0,223.66666666666666,169.66666666666666,77.66666666666667,65.33333333333333,65.33333333333333,105.66666666666667,49.0,191.66666666666666,110.66666666666667,113.33333333333333,83.0,129.66666666666666,51.666666666666664,182.66666666666666,132.33333333333334,74.0,95.66666666666667,208.0,46.333333333333336,68.0,82.66666666666667,194.66666666666666,56.666666666666664,81.33333333333333,63.333333333333336,56.333333333333336,174.33333333333334,79.66666666666667,184.66666666666666,118.0,141.33333333333334,92.0,62.0,169.0,162.0,224.0,67.33333333333333,49.0,53.666666666666664,200.66666666666666,100.33333333333333,132.0,61.666666666666664,112.33333333333333,155.0,106.33333333333333,200.33333333333334,109.0,55.666666666666664,111.66666666666667,100.33333333333333,77.66666666666667,206.66666666666666,224.33333333333334,78.0,109.33333333333333,62.666666666666664,56.0,134.66666666666666,39.333333333333336,132.66666666666666,40.0,78.0,44.0,54.333333333333336
39.0,86.66666666666667,233.33333333333334,177.0,47.666666666666664,221.0,141.0,129.33333333333334,148.66666666666666,29.0,105.33333333333333,145.66666666666666,64.66666666666667,30.333333333333332,62.333333333333336,201.66666666666666,56.333333333333336,53.666666666666664,200.33333333333334,44.0,140.0,71.66666666666667,54.333333333333336,195.0,111.33333333333333,88.66666666666667,43.666666666666664,156.66666666666666,120.66666666666667,81.66666666666667,207.0,145.66666666666666,223.66666666666666,167.66666666666666,82.0,70.33333333333333,66.66666666666667,106.33333333333333,49.0,197.33333333333334,110.33333333333333,118.33333333333333,88.0,130.0,53.333333333333336,184.0,139.0,79.33333333333333,95.33333333333333,202.66666666666666,48.333333333333336,70.0,84.66666666666667,194.66666666666666,59.666666666666664,85.33333333333333,64.66666666666667,55.0,178.0,81.66666666666667,181.66666666666666,117.0,146.0,90.66666666666667,62.0,174.33333333333334,168.33333333333334,227.0,71.33333333333333,46.666666666666664,53.666666666666664,202.33333333333334,106.0,132.33333333333334,63.0,117.66666666666667,157.66666666666666,108.66666666666667,200.33333333333334,111.33333333333333,56.666666666666664,116.66666666666667,106.0,77.0,208.66666666666666,228.66666666666666,78.0,112.33333333333333,70.0,57.333333333333336,134.66666666666666,40.0,139.0,38.666666666666664,83.0,49.333333333333336,55.333333333333336
39.25,84.0,236.33333333333334,185.66666666666666,53.333333333333336,218.0,135.66666666666666,133.66666666666666,152.66666666666666,27.666666666666668,103.0,147.0,59.333333333333336,31.333333333333332,62.0,198.33333333333334,59.666666666666664,57.333333333333336,207.33333333333334,43.0,137.66666666666666,72.33333333333333,52.666666666666664,194.0,107.66666666666667,90.33333333333333,42.333333333333336,159.0,121.66666666666667,78.0,206.33333333333334,147.33333333333334,222.66666666666666,173.33333333333334,81.33333333333333,72.0,63.0,103.33333333333333,46.333333333333336,195.66666666666666,111.0,114.33333333333333,83.0,131.66666666666666,57.0,183.66666666666666,140.33333333333334,76.33333333333333,93.33333333333333,208.33333333333334,47.0,71.0,90.33333333333333,197.0,57.666666666666664,79.66666666666667,64.0,54.666666666666664,178.0,88.33333333333333,182.66666666666666,114.66666666666667,140.66666666666666,86.66666666666667,59.0,172.33333333333334,169.0,223.0,66.33333333333333,46.333333333333336,48.666666666666664,200.0,97.0,133.0,64.33333333333333,121.33333333333333,159.66666666666666,104.33333333333333,205.0,114.0,54.333333333333336,116.33333333333333,107.0,76.66666666666667,205.66666666666666,229.0,78.0,106.0,64.0,60.0,133.66666666666666,41.666666666666664,136.33333333333334,36.666666666666664,88.66666666666667,47.333333333333336,54.333333333333336
39.5,82.66666666666667,232.0,178.66666666666666,46.666666666666664,220.33333333333334,142.33333333333334,125.0,150.0,28.666666666666668,103.0,148.66666666666666,61.0,29.666666666666668,59.666666666666664,204.66666666666666,56.666666666666664,53.666666666666664,204.33333333333334,39.333333333333336,140.33333333333334,69.0,54.333333333333336,197.66666666666666,110.33333333333333,83.66666666666667,41.333333333333336,160.0,117.33333333333333,78.33333333333333,208.0,146.33333333333334,226.0,174.33333333333334,82.66666666666667,68.0,66.66666666666667,109.66666666666667,46.0,195.66666666666666,110.0,116.66666666666667,83.0,129.66666666666666,53.0,184.0,138.33333333333334,76.33333333333333,92.0,203.0,48.0,68.0,81.66666666666667,197.66666666666666,60.666666666666664,83.66666666666667,63.0,57.333333333333336,179.66666666666666,78.66666666666667,183.0,114.66666666666667,146.0,91.0,62.333333333333336,175.66666666666666,169.33333333333334,226.33333333333334,67.66666666666667,48.0,50.666666666666664,201.33333333333334,98.66666666666667,132.33333333333334,58.666666666666664,119.0,161.33333333333334,107.0,205.33333333333334,108.0,54.666666666666664,113.33333333333333,105.33333333333333,79.66666666666667,209.66666666666666,230.66666666666666,74.33333333333333,108.66666666666667,66.33333333333333,55.0,133.33333333333334,36.666666666666664,139.33333333333334,37.333333333333336,83.0,45.666666666666664,58.333333333333336
39.75,82.33333333333333,234.66666666666666,177.0,43.666666666666664,224.0,143.0,129.0,152.33333333333334,28.333333333333332,96.33333333333333,149.0,64.0,30.333333333333332,58.666666666666664,205.0,57.0,56.333333333333336,203.0,42.333333333333336,142.66666666666666,76.66666666666667,52.333333333333336,198.66666666666666,112.66666666666667,86.66666666666667,42.0,162.0,120.33333333333333,78.66666666666667,209.0,156.33333333333334,224.0,175.0,81.66666666666667,70.33333333333333,69.33333333333333,108.33333333333333,47.666666666666664,196.66666666666666,110.0,119.66666666666667,87.66666666666667,130.66666666666666,55.333333333333336,184.66666666666666,149.33333333333334,76.66666666666667,96.0,203.0,48.666666666666664,68.0,83.0,200.0,61.333333333333336,87.33333333333333,62.0,57.0,178.66666666666666,77.66666666666667,183.66666666666666,112.33333333333333,146.33333333333334,91.66666666666667,62.0,175.0,173.0,230.33333333333334,72.66666666666667,44.0,51.333333333333336,207.66666666666666,106.0,130.0,60.666666666666664,119.33333333333333,158.33333333333334,112.33333333333333,204.0,108.66666666666667,57.0,116.66666666666667,107.0,74.66666666666667,216.33333333333334,230.0,73.0,108.33333333333333,69.66666666666667,55.666666666666664,136.0,39.666666666666664,142.33333333333334,43.0,88.0,50.666666666666664,54.0
40.0,85.0,233.66666666666666,181.33333333333334,44.666666666666664,225.0,141.66666666666666,130.0,156.33333333333334,30.666666666666668,100.0,151.33333333333334,61.666666666666664,31.666666666666668,58.0,205.33333333333334,56.0,56.0,206.33333333333334,40.0,143.33333333333334,74.33333333333333,53.0,197.0,114.0,88.0,44.333333333333336,164.66666666666666,122.33333333333333,77.66666666666667,211.0,154.0,224.33333333333334,175.33333333333334,82.0,70.66666666666667,69.66666666666667,110.0,47.0,199.66666666666666,109.66666666666667,120.33333333333333,89.33333333333333,132.0,54.666666666666664,186.0,151.0,77.0,97.66666666666667,201.33333333333334,46.0,69.33333333333333,85.0,199.66666666666666,64.0,84.0,62.666666666666664,58.666666666666664,180.33333333333334,77.33333333333333,186.66666666666666,113.0,149.33333333333334,91.66666666666667,61.0,176.0,170.66666666666666,230.66666666666666,72.66666666666667,45.0,51.666666666666664,208.33333333333334,103.0,132.33333333333334,61.666666666666664,117.33333333333333,158.0,113.66666666666667,206.66666666666666,109.0,55.0,116.66666666666667,104.66666666666667,77.33333333333333,219.33333333333334,228.66666666666666,75.33333333333333,107.0,69.66666666666667,54.666666666666664,135.0,39.0,142.0,37.333333333333336,90.0,50.0,55.666666666666664
40.25,81.66666666666667,235.66666666666666,183.66666666666666,49.333333333333336,226.33333333333334,149.0,131.66666666666666,159.0,29.0,112.0,153.66666666666666,63.666666666666664,32.333333333333336,64.0,208.33333333333334,59.333333333333336,55.333333333333336,210.33333333333334,43.0,141.0,74.0,56.0,203.0,116.33333333333333,87.66666666666667,41.333333333333336,163.33333333333334,123.66666666666667,83.0,213.33333333333334,154.66666666666666,228.33333333333334,177.66666666666666,90.0,70.66666666666667,69.0,116.66666666666667,48.666666666666664,202.33333333333334,111.0,123.0,86.66666666666667,135.0,53.666666666666664,191.0,142.66666666666666,80.0,96.66666666666667,212.66666666666666,50.0,70.33333333333333,87.0,201.0,61.333333333333336,82.66666666666667,66.66666666666667,59.333333333333336,186.0,85.0,184.66666666666666,117.33333333333333,150.33333333333334,96.0,64.33333333333333,183.0,176.66666666666666,229.33333333333334,68.66666666666667,48.333333333333336,52.666666666666664,208.66666666666666,105.33333333333333,136.0,61.666666666666664,124.66666666666667,165.66666666666666,115.33333333333333,210.66666666666666,108.0,56.333333333333336,116.0,110.33333333333333,79.0,218.33333333333334,231.66666666666666,76.66666666666667,111.33333333333333,67.0,60.666666666666664,136.0,39.0,144.33333333333334,41.0,87.33333333333333,49.333333333333336,54.0
40.5,84.0,239.33333333333334,189.33333333333334,55.0,225.33333333333334,153.66666666666666,131.66666666666666,162.66666666666666,30.0,111.33333333333333,153.66666666666666,63.333333333333336,33.666666666666664,67.66666666666667,207.66666666666666,55.0,58.333333333333336,216.0,43.0,141.0,69.33333333333333,56.333333333333336,207.0,114.66666666666667,89.0,43.333333333333336,165.33333333333334,123.0,83.66666666666667,214.0,150.0,224.66666666666666,182.66666666666666,90.0,69.66666666666667,67.0,111.0,51.333333333333336,203.33333333333334,111.33333333333333,118.66666666666667,81.66666666666667,135.0,54.666666666666664,191.0,132.0,73.0,91.66666666666667,223.33333333333334,46.333333333333336,70.33333333333333,88.33333333333333,196.0,58.333333333333336,77.66666666666667,68.33333333333333,57.333333333333336,187.33333333333334,86.33333333333333,187.66666666666666,120.66666666666667,145.0,98.33333333333333,64.66666666666667,187.66666666666666,177.33333333333334,230.66666666666666,63.666666666666664,55.333333333333336,53.333333333333336,206.0,107.33333333333333,133.33333333333334,65.66666666666667,122.66666666666667,170.66666666666666,116.66666666666667,210.33333333333334,107.33333333333333,55.666666666666664,111.66666666666667,111.33333333333333,81.0,214.33333333333334,233.0,80.0,119.33333333333333,61.666666666666664,56.0,135.33333333333334,38.666666666666664,137.66666666666666,45.0,82.66666666666667,49.333333333333336,56.0
40.75,84.66666666666667,239.33333333333334,186.0,52.0,227.33333333333334,156.33333333333334,135.0,164.0,31.0,114.66666666666667,154.0,62.0,34.0,66.0,210.0,59.666666666666664,54.666666666666664,215.66666666666666,41.666666666666664,143.0,70.66666666666667,53.0,208.66666666666666,117.0,86.33333333333333,43.666666666666664,171.0,122.33333333333333,84.0,216.0,154.66666666666666,225.0,185.66666666666666,90.66666666666667,68.33333333333333,65.66666666666667,112.33333333333333,50.333333333333336,205.66666666666666,107.66666666666667,118.66666666666667,85.0,136.0,50.333333333333336,193.33333333333334,136.33333333333334,73.66666666666667,91.0,224.66666666666666,51.666666666666664,68.0,85.33333333333333,198.33333333333334,56.666666666666664,80.33333333333333,64.66666666666667,57.333333333333336,189.0,87.33333333333333,185.33333333333334,117.66666666666667,150.66666666666666,94.0,64.0,191.0,177.66666666666666,231.33333333333334,68.33333333333333,52.0,51.333333333333336,205.33333333333334,107.66666666666667,135.0,63.0,126.33333333333333,173.33333333333334,119.0,212.33333333333334,106.0,55.0,110.66666666666667,113.66666666666667,80.66666666666667,217.66666666666666,234.33333333333334,77.33333333333333,117.66666666666667,64.33333333333333,57.666666666666664,134.0,39.0,146.33333333333334,41.0,83.33333333333333,53.666666666666664,58.333333333333336
41.0,86.0,238.33333333333334,188.0,49.0,229.66666666666666,150.66666666666666,132.33333333333334,164.66666666666666,30.0,112.33333333333333,156.33333333333334,62.666666666666664,31.0,60.666666666666664,211.33333333333334,59.666666666666664,57.333333333333336,212.0,42.333333333333336,143.66666666666666,73.0,51.666666666666664,204.66666666666666,116.33333333333333,87.33333333333333,41.0,170.66666666666666,123.33333333333333,82.33333333333333,216.0,157.0,230.0,182.33333333333334,91.33333333333333,68.0,68.33333333333333,113.66666666666667,46.333333333333336,207.0,107.0,124.33333333333333,85.0,135.33333333333334,55.0,193.66666666666666,147.66666666666666,78.66666666666667,95.0,215.66666666666666,47.333333333333336,67.33333333333333,83.0,205.66666666666666,63.333333333333336,85.0,65.66666666666667,58.333333333333336,189.66666666666666,84.0,186.33333333333334,117.66666666666667,153.0,95.66666666666667,66.0,189.66666666666666,180.33333333333334,232.0,68.66666666666667,49.333333333333336,52.666666666666664,209.66666666666666,104.33333333333333,136.66666666666666,61.333333333333336,129.66666666666666,172.0,122.0,213.33333333333334,110.66666666666667,56.333333333333336,115.66666666666667,108.0,79.66666666666667,222.33333333333334,233.33333333333334,75.66666666666667,112.66666666666667,68.66666666666667,55.0,136.33333333333334,41.0,150.33333333333334,40.666666666666664,90.0,50.0,53.666666666666664
41.25,86.33333333333333,238.66666666666666,189.33333333333334,52.333333333333336,232.0,153.66666666666666,133.66666666666666,165.66666666666666,29.666666666666668,119.66666666666667,154.0,65.0,30.666666666666668,62.333333333333336,212.0,57.333333333333336,57.333333333333336,216.0,43.333333333333336,141.66666666666666,77.0,53.333333333333336,205.33333333333334,117.33333333333333,87.0,43.666666666666664,172.0,123.33333333333333,83.66666666666667,213.33333333333334,158.33333333333334,229.0,183.66666666666666,94.0,72.33333333333333,67.33333333333333,115.66666666666667,46.0,207.0,111.66666666666667,126.33333333333333,88.66666666666667,136.33333333333334,54.666666666666664,196.0,150.33333333333334,77.66666666666667,98.66666666666667,217.66666666666666,48.666666666666664,68.66666666666667,88.33333333333333,203.0,60.0,84.0,64.0,59.666666666666664,190.0,87.33333333333333,187.33333333333334,117.33333333333333,149.66666666666666,92.66666666666667,64.66666666666667,191.66666666666666,185.66666666666666,232.33333333333334,71.33333333333333,50.0,51.333333333333336,210.0,106.33333333333333,136.33333333333334,64.66666666666667,130.66666666666666,173.33333333333334,121.33333333333333,212.66666666666666,111.0,54.0,117.33333333333333,114.0,81.66666666666667,222.66666666666666,236.33333333333334,76.33333333333333,113.33333333333333,62.666666666666664,56.666666666666664,135.33333333333334,39.0,149.33333333333334,41.333333333333336,92.33333333333333,50.333333333333336,54.333333333333336
41.5,83.66666666666667,237.66666666666666,186.66666666666666,45.666666666666664,235.0,149.66666666666666,136.33333333333334,164.66666666666666,31.0,104.66666666666667,162.0,63.333333333333336,26.666666666666668,57.0,211.33333333333334,57.333333333333336,57.333333333333336,213.33333333333334,44.0,143.33333333333334,75.66666666666667,52.333333333333336,204.33333333333334,118.66666666666667,86.0,44.0,173.0,125.33333333333333,83.0,216.0,164.33333333333334,226.0,186.0,88.0,70.33333333333333,70.33333333333333,117.33333333333333,46.0,206.0,113.0,126.66666666666667,90.33333333333333,137.33333333333334,55.0,192.66666666666666,160.0,79.66666666666667,99.0,210.0,45.333333333333336,70.0,87.0,206.0,62.0,86.66666666666667,61.333333333333336,62.0,189.33333333333334,82.66666666666667,187.0,114.33333333333333,154.33333333333334,94.33333333333333,61.333333333333336,186.66666666666666,187.33333333333334,233.0,74.33333333333333,46.666666666666664,52.0,213.0,105.0,134.33333333333334,59.333333333333336,128.33333333333334,168.0,119.0,211.33333333333334,111.66666666666667,54.333333333333336,116.66666666666667,111.0,80.0,225.0,236.66666666666666,75.66666666666667,107.33333333333333,67.33333333333333,55.666666666666664,136.0,39.666666666666664,153.33333333333334,39.666666666666664,96.33333333333333,47.666666666666664,54.333333333333336
41.75,83.66666666666667,236.0,187.66666666666666,49.666666666666664,234.66666666666666,152.0,135.66666666666666,170.0,29.666666666666668,116.66666666666667,156.33333333333334,64.66666666666667,29.666666666666668,65.33333333333333,211.0,55.0,54.0,217.0,40.0,146.0,74.0,52.666666666666664,210.0,118.0,86.33333333333333,42.0,173.66666666666666,122.33333333333333,84.66666666666667,217.33333333333334,163.66666666666666,231.33333333333334,188.33333333333334,96.0,69.33333333333333,70.0,118.33333333333333,48.666666666666664,210.33333333333334,108.33333333333333,124.0,87.33333333333333,140.0,54.666666666666664,197.33333333333334,156.0,79.0,99.0,218.33333333333334,50.0,69.0,84.66666666666667,205.33333333333334,59.666666666666664,84.33333333333333,65.66666666666667,60.666666666666664,193.0,84.33333333333333,186.0,116.66666666666667,154.0,94.66666666666667,67.33333333333333,194.0,190.66666666666666,232.0,71.33333333333333,49.666666666666664,50.333333333333336,213.66666666666666,109.33333333333333,133.33333333333334,60.666666666666664,135.33333333333334,174.33333333333334,123.66666666666667,215.33333333333334,105.66666666666667,54.666666666666664,119.0,115.33333333333333,76.0,225.33333333333334,239.0,74.0,114.66666666666667,65.66666666666667,56.0,135.66666666666666,38.666666666666664,157.33333333333334,39.0,90.0,49.0,57.0
42.0,82.0,238.0,191.0,51.666666666666664,232.66666666666666,156.33333333333334,139.0,172.0,30.0,115.0,161.33333333333334,65.66666666666667,29.666666666666668,64.0,212.66666666666666,58.0,56.333333333333336,217.66666666666666,40.666666666666664,143.66666666666666,75.0,54.333333333333336,208.66666666666666,121.33333333333333,89.0,43.666666666666664,171.66666666666666,122.0,87.66666666666667,218.33333333333334,161.33333333333334,233.33333333333334,189.33333333333334,95.33333333333333,68.66666666666667,68.66666666666667,118.66666666666667,49.666666666666664,211.33333333333334,110.0,125.33333333333333,86.0,141.33333333333334,54.666666666666664,195.33333333333334,154.33333333333334,80.33333333333333,96.66666666666667,224.0,48.333333333333336,70.33333333333333,83.66666666666667,207.33333333333334,59.0,82.33333333333333,65.33333333333333,59.0,194.0,86.33333333333333,188.0,119.0,154.0,96.33333333333333,64.66666666666667,194.0,191.0,230.0,64.66666666666667,52.0,54.0,212.66666666666666,104.0,135.33333333333334,63.333333333333336,135.66666666666666,179.0,125.33333333333333,218.66666666666666,108.33333333333333,55.0,114.66666666666667,116.0,81.0,225.0,239.0,78.33333333333333,114.66666666666667,64.0,53.333333333333336,136.0,43.0,154.66666666666666,40.333333333333336,92.0,47.666666666666664,59.0
42.25,81.33333333333333,237.66666666666666,191.66666666666666,49.333333333333336,233.33333333333334,153.66666666666666,134.66666666666666,170.33333333333334,26.0,117.66666666666667,159.33333333333334,63.0,27.666666666666668,60.666666666666664,212.0,54.333333333333336,56.333333333333336,216.66666666666666,40.0,141.33333333333334,72.0,52.0,207.0,118.0,87.0,38.0,174.33333333333334,122.33333333333333,84.66666666666667,217.33333333333334,162.33333333333334,232.0,187.0,94.66666666666667,71.0,65.33333333333333,115.66666666666667,46.333333333333336,209.0,107.66666666666667,125.33333333333333,85.0,136.66666666666666,54.0,194.33333333333334,154.66666666666666,78.66666666666667,97.0,219.0,50.666666666666664,68.0,87.66666666666667,206.0,58.333333333333336,81.33333333333333,62.0,58.0,192.66666666666666,86.33333333333333,185.66666666666666,113.66666666666667,149.33333333333334,91.66666666666667,61.0,195.0,191.66666666666666,232.66666666666666,66.66666666666667,47.333333333333336,51.0,214.0,105.66666666666667,132.0,59.0,132.0,178.0,126.66666666666667,217.33333333333334,106.66666666666667,52.666666666666664,116.33333333333333,118.33333333333333,79.0,226.33333333333334,240.0,76.0,111.66666666666667,60.666666666666664,54.333333333333336,133.0,37.666666666666664,154.33333333333334,37.333333333333336,95.0,46.333333333333336,53.333333333333336
42.5,83.0,237.33333333333334,191.33333333333334,51.333333333333336,236.0,158.0,137.66666666666666,170.66666666666666,31.333333333333332,115.66666666666667,163.0,66.0,29.333333333333332,62.333333333333336,215.0,55.666666666666664,58.0,223.0,43.0,145.0,72.66666666666667,53.666666666666664,211.0,122.66666666666667,86.33333333333333,42.0,173.33333333333334,124.66666666666667,86.0,218.66666666666666,165.66666666666666,232.0,191.33333333333334,94.33333333333333,68.0,71.0,119.0,49.333333333333336,212.33333333333334,112.33333333333333,125.66666666666667,87.66666666666667,140.33333333333334,54.666666666666664,194.33333333333334,157.66666666666666,79.66666666666667,99.66666666666667,224.66666666666666,48.333333333333336,67.0,87.66666666666667,206.66666666666666,58.666666666666664,82.33333333333333,68.66666666666667,59.333333333333336,195.66666666666666,88.66666666666667,187.66666666666666,116.66666666666667,153.0,94.33333333333333,61.333333333333336,197.0,195.66666666666666,232.33333333333334,68.0,49.666666666666664,53.0,214.66666666666666,103.33333333333333,132.0,64.33333333333333,134.0,182.33333333333334,125.33333333333333,219.0,108.0,56.0,116.0,115.66666666666667,80.0,230.0,239.66666666666666,78.33333333333333,114.66666666666667,62.666666666666664,56.0,136.66666666666666,42.666666666666664,158.33333333333334,42.0,92.33333333333333,46.333333333333336,56.333333333333336
42.75,85.0,238.66666666666666,189.0,44.0,241.33333333333334,154.33333333333334,140.33333333333334,173.33333333333334,31.0,110.66666666666667,168.66666666666666,68.0,28.666666666666668,61.0,218.66666666666666,55.666666666666664,56.0,220.0,41.666666666666664,147.33333333333334,79.66666666666667,53.333333333333336,213.33333333333334,128.0,86.0,42.0,182.33333333333334,127.0,85.33333333333333,221.0,172.0,234.33333333333334,191.66666666666666,97.33333333333333,71.33333333333333,73.0,122.0,49.0,213.0,114.0,133.0,93.33333333333333,144.0,56.0,196.0,168.0,80.66666666666667,101.33333333333333,210.0,49.333333333333336,68.66666666666667,87.0,212.66666666666666,61.0,85.33333333333333,64.66666666666667,59.333333333333336,200.33333333333334,85.0,185.66666666666666,115.33333333333333,161.66666666666666,96.0,65.0,201.0,199.66666666666666,236.66666666666666,72.33333333333333,49.0,54.666666666666664,221.33333333333334,116.0,132.33333333333334,60.0,139.33333333333334,177.33333333333334,132.66666666666666,220.0,112.33333333333333,56.333333333333336,122.33333333333333,124.0,79.33333333333333,237.0,244.33333333333334,71.66666666666667,109.66666666666667,71.66666666666667,54.666666666666664,135.66666666666666,39.666666666666664,161.0,38.333333333333336,99.0,51.333333333333336,54.333333333333336
43.0,84.66666666666667,244.0,194.0,51.0,240.0,163.0,142.66666666666666,177.33333333333334,29.333333333333332,122.66666666666667,167.33333333333334,65.33333333333333,35.333333333333336,66.0,216.33333333333334,58.333333333333336,56.666666666666664,222.33333333333334,42.333333333333336,145.66666666666666,76.33333333333333,52.333333333333336,213.0,123.33333333333333,90.33333333333333,43.666666666666664,183.66666666666666,126.66666666666667,87.0,223.66666666666666,169.66666666666666,235.66666666666666,195.33333333333334,100.0,71.33333333333333,72.0,123.33333333333333,49.0,218.66666666666666,108.66666666666667,128.66666666666666,89.0,142.33333333333334,55.333333333333336,202.0,162.33333333333334,79.33333333333333,101.33333333333333,227.0,49.333333333333336,67.0,87.33333333333333,211.66666666666666,61.0,83.33333333333333,65.33333333333333,57.333333333333336,200.33333333333334,88.0,189.66666666666666,118.0,159.33333333333334,95.33333333333333,67.33333333333333,203.0,201.0,237.66666666666666,71.33333333333333,50.0,56.333333333333336,220.33333333333334,113.0,138.66666666666666,64.33333333333333,142.33333333333334,183.33333333333334,133.66666666666666,221.66666666666666,110.66666666666667,56.333333333333336,117.0,120.66666666666667,78.66666666666667,238.0,245.33333333333334,76.33333333333333,117.0,68.33333333333333,56.0,136.66666666666666,42.666666666666664,164.0,43.0,97.0,49.0,55.666666666666664
43.25,83.66666666666667,242.33333333333334,195.33333333333334,48.666666666666664,241.33333333333334,163.33333333333334,140.33333333333334,177.33333333333334,27.666666666666668,122.33333333333333,166.66666666666666,66.33333333333333,29.0,63.333333333333336,217.0,57.666666666666664,56.666666666666664,225.33333333333334,44.0,145.66666666666666,77.0,55.666666666666664,215.66666666666666,126.66666666666667,89.0,42.0,185.0,127.33333333333333,88.0,225.33333333333334,171.66666666666666,235.66666666666666,196.0,103.0,71.66666666666667,70.0,123.66666666666667,49.333333333333336,215.66666666666666,110.0,130.0,90.66666666666667,143.66666666666666,56.0,201.33333333333334,164.66666666666666,79.66666666666667,97.33333333333333,221.33333333333334,52.333333333333336,70.66666666666667,90.0,210.66666666666666,58.666666666666664,83.33333333333333,66.0,58.666666666666664,200.66666666666666,89.66666666666667,187.0,116.33333333333333,156.66666666666666,95.33333333333333,66.33333333333333,205.0,201.66666666666666,235.33333333333334,72.0,50.666666666666664,54.0,218.0,110.0,135.0,62.666666666666664,143.0,187.33333333333334,132.33333333333334,225.66666666666666,112.33333333333333,55.0,118.66666666666667,121.33333333333333,79.33333333333333,235.0,245.33333333333334,79.33333333333333,112.33333333333333,66.0,55.666666666666664,136.33333333333334,42.0,163.66666666666666,40.333333333333336,98.66666666666667,49.0,58.0
43.5,84.33333333333333,244.0,199.0,52.0,242.0,166.33333333333334,145.0,181.0,29.333333333333332,120.66666666666667,173.0,66.66666666666667,32.666666666666664,66.0,218.33333333333334,58.333333333333336,58.0,227.66666666666666,43.0,148.66666666666666,77.0,55.666666666666664,214.0,128.66666666666666,89.0,44.333333333333336,184.66666666666666,127.33333333333333,92.33333333333333,225.33333333333334,173.0,238.0,198.66666666666666,104.33333333333333,73.33333333333333,69.0,125.66666666666667,51.666666666666664,218.33333333333334,110.33333333333333,131.66666666666666,89.0,146.66666666666666,57.0,202.0,163.66666666666666,81.0,96.0,229.33333333333334,52.333333333333336,71.33333333333333,90.66666666666667,209.33333333333334,60.666666666666664,86.0,68.0,60.666666666666664,206.0,90.0,187.0,117.66666666666667,160.0,97.66666666666667,69.0,207.0,207.66666666666666,239.0,71.66666666666667,51.0,56.666666666666664,220.0,109.33333333333333,135.66666666666666,61.666666666666664,144.66666666666666,188.33333333333334,139.33333333333334,226.0,111.33333333333333,57.0,119.33333333333333,126.0,80.66666666666667,242.0,247.0,78.66666666666667,116.0,68.0,57.666666666666664,138.0,44.666666666666664,167.0,43.333333333333336,99.0,49.666666666666664,58.0
43.75,84.33333333333333,242.0,197.66666666666666,50.0,240.0,166.0,142.33333333333334,180.0,33.0,125.33333333333333,169.0,66.33333333333333,30.0,65.33333333333333,217.33333333333334,57.333333333333336,57.333333333333336,226.33333333333334,43.333333333333336,145.0,76.33333333333333,54.0,218.0,126.66666666666667,87.66666666666667,40.666666666666664,186.33333333333334,125.33333333333333,88.33333333333333,223.33333333333334,171.0,236.66666666666666,194.66666666666666,105.66666666666667,73.0,67.66666666666667,124.66666666666667,48.666666666666664,217.66666666666666,109.0,130.66666666666666,91.33333333333333,147.0,58.0,201.33333333333334,160.33333333333334,80.0,99.0,227.33333333333334,48.0,69.33333333333333,88.66666666666667,212.66666666666666,60.0,81.66666666666667,65.33333333333333,59.666666666666664,202.0,90.0,188.33333333333334,117.0,159.66666666666666,94.33333333333333,69.0,205.0,202.0,237.0,71.0,51.0,51.666666666666664,220.0,112.33333333333333,134.66666666666666,64.0,144.33333333333334,188.33333333333334,136.0,225.33333333333334,107.66666666666667,56.0,118.0,123.33333333333333,80.66666666666667,241.0,247.0,75.66666666666667,114.33333333333333,63.666666666666664,56.666666666666664,135.66666666666666,43.0,167.0,43.333333333333336,97.66666666666667,51.0,55.333333333333336
44.0,84.66666666666667,245.0,199.0,54.0,245.0,170.0,144.33333333333334,184.0,31.666666666666668,128.0,172.33333333333334,67.0,33.0,64.33333333333333,220.0,59.333333333333336,59.333333333333336,228.33333333333334,43.333333333333336,149.66666666666666,80.33333333333333,53.0,217.33333333333334,129.33333333333334,90.66666666666667,45.666666666666664,187.0,126.66666666666667,91.33333333333333,225.0,175.66666666666666,237.33333333333334,200.0,108.66666666666667,74.66666666666667,69.33333333333333,128.66666666666666,51.333333333333336,221.0,111.33333333333333,133.66666666666666,89.66666666666667,147.33333333333334,55.333333333333336,207.33333333333334,168.66666666666666,85.33333333333333,97.33333333333333,228.0,50.666666666666664,73.66666666666667,89.33333333333333,214.66666666666666,62.666666666666664,84.0,67.33333333333333,62.333333333333336,205.33333333333334,91.33333333333333,190.33333333333334,119.66666666666667,159.0,100.66666666666667,65.66666666666667,214.33333333333334,205.66666666666666,238.66666666666666,71.66666666666667,50.666666666666664,57.0,222.0,111.66666666666667,140.33333333333334,62.333333333333336,147.0,191.66666666666666,138.66666666666666,228.33333333333334,111.33333333333333,56.333333333333336,120.66666666666667,124.0,81.0,241.0,248.0,78.66666666666667,117.66666666666667,66.0,56.666666666666664,138.33333333333334,43.666666666666664,169.66666666666666,38.0,98.66666666666667,49.333333333333336,58.666666666666664
44.25,84.66666666666667,242.33333333333334,200.33333333333334,54.333333333333336,243.33333333333334,175.66666666666666,148.66666666666666,184.66666666666666,32.333333333333336,128.0,177.0,67.0,30.333333333333332,64.0,222.66666666666666,61.0,61.333333333333336,227.66666666666666,45.333333333333336,148.0,79.33333333333333,54.666666666666664,216.0,134.0,90.33333333333333,44.666666666666664,188.0,131.0,92.66666666666667,226.33333333333334,175.66666666666666,238.66666666666666,198.66666666666666,109.0,70.66666666666667,69.0,132.33333333333334,52.0,224.66666666666666,109.33333333333333,133.33333333333334,91.66666666666667,146.0,56.0,207.66666666666666,167.66666666666666,83.66666666666667,101.33333333333333,234.33333333333334,51.666666666666664,71.33333333333333,86.66666666666667,216.0,60.0,85.33333333333333,67.33333333333333,59.333333333333336,207.33333333333334,92.33333333333333,188.66666666666666,121.33333333333333,163.0,97.33333333333333,66.33333333333333,212.33333333333334,209.0,239.0,69.66666666666667,49.666666666666664,58.0,223.66666666666666,115.0,136.66666666666666,63.0,148.66666666666666,194.66666666666666,143.0,229.66666666666666,111.0,56.333333333333336,116.66666666666667,124.66666666666667,80.66666666666667,245.0,247.0,75.33333333333333,118.66666666666667,63.333333333333336,57.666666666666664,139.0,44.0,173.33333333333334,43.0,101.33333333333333,48.333333333333336,56.666666666666664
44.5,82.66666666666667,243.33333333333334,199.66666666666666,51.333333333333336,242.33333333333334,169.0,146.0,184.33333333333334,27.333333333333332,122.66666666666667,172.66666666666666,63.0,31.333333333333332,62.333333333333336,222.0,55.0,55.333333333333336,229.0,41.666666666666664,146.66666666666666,79.33333333333333,52.666666666666664,216.66666666666666,132.0,89.0,42.0,188.33333333333334,129.33333333333334,90.33333333333333,226.0,177.66666666666666,240.66666666666666,200.66666666666666,109.0,69.0,70.0,128.33333333333334,50.0,221.0,110.66666666666667,132.33333333333334,86.66666666666667,146.0,56.0,202.33333333333334,167.0,81.0,99.33333333333333,233.33333333333334,50.333333333333336,69.0,89.0,213.33333333333334,60.333333333333336,81.66666666666667,65.33333333333333,60.0,205.0,89.66666666666667,187.33333333333334,115.66666666666667,159.66666666666666,96.33333333333333,65.0,211.33333333333334,210.33333333333334,236.66666666666666,67.33333333333333,49.666666666666664,57.666666666666664,222.33333333333334,111.0,135.33333333333334,64.66666666666667,147.0,194.33333333333334,141.66666666666666,227.0,109.33333333333333,55.0,115.66666666666667,125.0,78.0,243.33333333333334,249.0,77.33333333333333,116.0,62.666666666666664,56.0,136.33333333333334,43.666666666666664,173.66666666666666,40.0,99.33333333333333,45.333333333333336,54.0
44.75,81.0,245.33333333333334,202.66666666666666,49.333333333333336,241.66666666666666,165.33333333333334,148.66666666666666,185.33333333333334,30.666666666666668,126.0,174.0,64.66666666666667,29.333333333333332,63.333333333333336,223.66666666666666,59.666666666666664,59.0,231.0,45.333333333333336,149.66666666666666,78.33333333333333,54.0,219.33333333333334,134.33333333333334,90.66666666666667,43.666666666666664,191.33333333333334,130.66666666666666,92.0,227.0,180.33333333333334,240.33333333333334,202.66666666666666,109.33333333333333,69.33333333333333,71.33333333333333,128.33333333333334,50.333333333333336,225.0,110.66666666666667,136.33333333333334,91.33333333333333,152.33333333333334,55.0,205.0,168.33333333333334,82.66666666666667,95.0,229.0,49.333333333333336,70.33333333333333,90.66666666666667,214.33333333333334,60.666666666666664,82.66666666666667,66.66666666666667,58.666666666666664,208.66666666666666,93.66666666666667,188.0,116.0,162.66666666666666,97.66666666666667,65.0,213.0,212.33333333333334,239.0,70.33333333333333,49.666666666666664,56.333333333333336,223.33333333333334,117.33333333333333,136.66666666666666,63.333333333333336,152.66666666666666,195.0,145.66666666666666,230.66666666666666,112.33333333333333,57.666666666666664,122.66666666666667,126.66666666666667,80.33333333333333,244.0,247.0,78.33333333333333,115.66666666666667,65.0,55.0,136.66666666666666,41.333333333333336,174.33333333333334,41.333333333333336,101.33333333333333,50.0,58.333333333333336
45.0,85.0,243.0,200.0,50.0,248.0,171.66666666666666,151.33333333333334,186.33333333333334,31.0,119.0,180.33333333333334,64.33333333333333,28.333333333333332,61.333333333333336,224.33333333333334,57.333333333333336,58.0,225.66666666666666,42.666666666666664,148.0,79.66666666666667,53.666666666666664,217.0,135.0,88.66666666666667,43.666666666666664,193.66666666666666,127.66666666666667,90.0,225.33333333333334,182.33333333333334,236.33333333333334,202.0,107.33333333333333,71.66666666666667,73.0,133.0,49.666666666666664,225.33333333333334,109.0,139.66666666666666,93.66666666666667,147.0,53.333333333333336,205.0,181.0,81.33333333333333,100.33333333333333,226.0,47.333333333333336,68.33333333333333,86.33333333333333,216.0,62.0,84.66666666666667,63.0,61.0,206.0,91.0,187.66666666666666,115.33333333333333,165.66666666666666,93.33333333333333,64.33333333333333,212.33333333333334,209.66666666666666,240.0,75.33333333333333,44.0,56.333333333333336,225.66666666666666,113.66666666666667,139.33333333333334,58.666666666666664,148.66666666666666,190.33333333333334,143.66666666666666,227.33333333333334,109.33333333333333,55.666666666666664,121.33333333333333,122.33333333333333,80.66666666666667,247.0,248.33333333333334,73.66666666666667,112.66666666666667,70.0,54.333333333333336,135.33333333333334,42.333333333333336,178.66666666666666,38.666666666666664,103.0,49.333333333333336,57.0
45.25,87.33333333333333,245.0,200.66666666666666,48.333333333333336,250.33333333333334,177.66666666666666,152.0,188.66666666666666,31.666666666666668,120.66666666666667,183.33333333333334,65.33333333333333,30.666666666666668,60.333333333333336,227.33333333333334,61.0,58.666666666666664,227.33333333333334,45.666666666666664,150.66666666666666,80.0,56.333333333333336,222.0,137.33333333333334,91.33333333333333,43.666666666666664,193.33333333333334,129.0,93.0,228.66666666666666,183.33333333333334,239.66666666666666,203.0,110.66666666666667,70.66666666666667,75.66666666666667,137.66666666666666,48.666666666666664,225.33333333333334,110.0,142.33333333333334,91.33333333333333,148.66666666666666,55.666666666666664,208.0,181.33333333333334,83.66666666666667,105.33333333333333,227.0,49.333333333333336,73.0,82.66666666666667,220.33333333333334,65.33333333333333,89.66666666666667,62.666666666666664,60.666666666666664,209.0,91.66666666666667,190.33333333333334,119.33333333333333,170.33333333333334,100.66666666666667,66.0,217.66666666666666,211.66666666666666,242.33333333333334,73.0,47.0,60.333333333333336,226.33333333333334,116.0,138.33333333333334,62.333333333333336,151.0,191.66666666666666,150.33333333333334,228.66666666666666,110.66666666666667,57.0,118.33333333333333,121.0,78.66666666666667,247.0,248.66666666666666,75.66666666666667,115.33333333333333,69.0,53.333333333333336,137.33333333333334,46.0,178.66666666666666,40.0,105.0,51.666666666666664,57.333333333333336
45.5,86.66666666666667,244.0,205.0,51.666666666666664,248.33333333333334,174.0,151.33333333333334,190.33333333333334,31.333333333333332,132.0,178.33333333333334,65.0,31.333333333333332,64.0,224.33333333333334,59.0,58.333333333333336,231.66666666666666,44.333333333333336,147.66666666666666,81.33333333333333,55.333333333333336,221.0,136.66666666666666,91.33333333333333,43.333333333333336,197.0,129.0,94.0,229.33333333333334,182.0,243.33333333333334,206.0,116.33333333333333,73.66666666666667,72.66666666666667,135.66666666666666,48.333333333333336,225.33333333333334,109.33333333333333,137.66666666666666,91.33333333333333,152.0,57.333333333333336,209.66666666666666,174.0,83.66666666666667,100.66666666666667,231.66666666666666,50.0,70.0,89.0,217.33333333333334,61.333333333333336,86.66666666666667,65.0,61.333333333333336,208.33333333333334,97.33333333333333,191.66666666666666,118.0,164.0,97.33333333333333,64.66666666666667,216.66666666666666,214.0,239.0,73.0,50.333333333333336,57.333333333333336,225.33333333333334,116.66666666666667,141.0,64.66666666666667,155.33333333333334,200.66666666666666,149.33333333333334,230.66666666666666,111.66666666666667,54.333333333333336,119.33333333333333,131.33333333333334,79.33333333333333,243.0,251.0,76.33333333333333,118.0,67.0,57.333333333333336,139.0,41.666666666666664,180.66666666666666,40.333333333333336,106.0,50.666666666666664,59.0
45.75,87.33333333333333,245.0,207.33333333333334,55.0,248.33333333333334,178.33333333333334,153.33333333333334,191.0,32.0,134.0,183.33333333333334,67.33333333333333,33.333333333333336,66.33333333333333,226.0,58.333333333333336,58.666666666666664,233.0,45.333333333333336,147.33333333333334,82.0,54.666666666666664,220.33333333333334,137.33333333333334,91.33333333333333,43.0,198.33333333333334,128.66666666666666,92.33333333333333,229.33333333333334,185.33333333333334,243.33333333333334,206.0,118.33333333333333,71.33333333333333,72.0,135.33333333333334,50.333333333333336,228.0,109.66666666666667,140.0,89.33333333333333,152.0,56.666666666666664,208.0,176.33333333333334,84.66666666666667,99.0,235.0,49.0,70.33333333333333,88.33333333333333,217.33333333333334,59.333333333333336,84.33333333333333,66.33333333333333,62.666666666666664,210.66666666666666,93.0,190.33333333333334,120.0,166.66666666666666,102.33333333333333,66.66666666666667,219.66666666666666,215.66666666666666,238.33333333333334,71.33333333333333,50.666666666666664,60.0,225.66666666666666,116.33333333333333,140.66666666666666,65.0,155.33333333333334,200.0,150.0,231.33333333333334,110.33333333333333,55.666666666666664,121.0,131.66666666666666,80.0,246.33333333333334,248.33333333333334,76.0,117.66666666666667,66.0,56.333333333333336,138.66666666666666,45.333333333333336,183.66666666666666,42.333333333333336,105.66666666666667,48.666666666666664,58.0
46.0,87.33333333333333,245.33333333333334,207.66666666666666,53.333333333333336,248.0,180.33333333333334,151.33333333333334,193.33333333333334,32.333333333333336,135.0,183.33333333333334,69.33333333333333,32.333333333333336,65.66666666666667,224.66666666666666,60.333333333333336,58.333333333333336,235.0,43.666666666666664,146.33333333333334,80.33333333333333,55.333333333333336,224.33333333333334,139.0,88.66666666666667,43.0,202.33333333333334,130.0,93.66666666666667,229.66666666666666,185.66666666666666,242.66666666666666,207.0,121.66666666666667,73.66666666666667,73.0,135.33333333333334,51.333333333333336,228.0,110.33333333333333,141.0,91.33333333333333,153.0,58.0,212.66666666666666,175.33333333333334,85.0,101.33333333333333,235.0,51.0,67.33333333333333,89.33333333333333,220.0,62.0,87.0,66.66666666666667,62.0,213.33333333333334,96.0,189.66666666666666,117.66666666666667,169.33333333333334,97.33333333333333,69.0,222.33333333333334,219.33333333333334,241.33333333333334,71.33333333333333,52.0,58.333333333333336,228.33333333333334,122.0,140.66666666666666,64.0,160.66666666666666,202.33333333333334,153.0,232.0,108.33333333333333,57.0,120.66666666666667,135.0,80.66666666666667,245.33333333333334,249.0,78.33333333333333,120.33333333333333,67.0,56.333333333333336,137.66666666666666,44.333333333333336,186.33333333333334,44.0,106.0,52.0,57.333333333333336
46.25,86.0,245.0,204.33333333333334,48.666666666666664,251.0,176.33333333333334,151.66666666666666,193.0,31.0,121.0,185.33333333333334,65.66666666666667,30.0,60.666666666666664,224.66666666666666,58.0,61.0,233.0,43.333333333333336,149.33333333333334,85.0,56.666666666666664,220.66666666666666,141.0,90.66666666666667,46.666666666666664,199.33333333333334,130.33333333333334,93.33333333333333,231.0,192.66666666666666,239.33333333333334,208.66666666666666,114.0,73.66666666666667,72.33333333333333,133.33333333333334,48.0,228.0,115.0,141.0,96.66666666666667,150.66666666666666,56.0,208.33333333333334,189.0,83.0,102.66666666666667,227.66666666666666,49.0,67.33333333333333,88.66666666666667,221.0,62.666666666666664,86.66666666666667,63.333333333333336,63.666666666666664,213.33333333333334,93.0,191.33333333333334,114.0,168.33333333333334,95.66666666666667,61.666666666666664,219.33333333333334,221.0,241.0,75.33333333333333,49.333333333333336,59.333333333333336,232.0,117.0,136.33333333333334,61.0,154.66666666666666,198.33333333333334,149.66666666666666,230.33333333333334,110.33333333333333,54.333333333333336,121.33333333333333,130.66666666666666,80.0,250.0,250.33333333333334,75.33333333333333,111.66666666666667,68.0,55.0,135.33333333333334,44.0,184.0,40.333333333333336,109.33333333333333,49.333333333333336,55.333333333333336
46.5,87.33333333333333,245.33333333333334,206.66666666666666,49.333333333333336,252.66666666666666,184.33333333333334,155.0,191.33333333333334,32.0,125.0,187.33333333333334,66.33333333333333,29.666666666666668,61.0,228.0,58.666666666666664,62.333333333333336,231.66666666666666,46.666666666666664,149.33333333333334,81.66666666666667,57.666666666666664,220.66666666666666,141.0,90.33333333333333,45.0,202.0,130.66666666666666,94.66666666666667,230.0,190.0,241.0,209.0,120.66666666666667,75.33333333333333,73.66666666666667,137.0,47.333333333333336,228.33333333333334,109.0,143.0,95.0,152.0,56.333333333333336,210.66666666666666,189.66666666666666,86.66666666666667,105.66666666666667,227.33333333333334,49.0,72.33333333333333,86.0,221.33333333333334,62.0,86.0,62.666666666666664,61.666666666666664,213.66666666666666,97.0,190.33333333333334,115.66666666666667,173.0,99.33333333333333,63.666666666666664,220.33333333333334,221.66666666666666,240.0,72.0,44.0,59.666666666666664,228.33333333333334,119.66666666666667,137.0,57.666666666666664,156.0,197.66666666666666,153.66666666666666,232.33333333333334,112.0,55.0,123.33333333333333,130.66666666666666,80.66666666666667,247.0,250.66666666666666,76.66666666666667,114.33333333333333,65.66666666666667,56.333333333333336,138.33333333333334,45.0,186.33333333333334,41.666666666666664,110.33333333333333,47.0,55.333333333333336
46.75,85.0,243.66666666666666,207.0,51.333333333333336,255.33333333333334,184.66666666666666,155.33333333333334,194.33333333333334,30.666666666666668,126.66666666666667,191.0,68.33333333333333,30.333333333333332,62.0,227.33333333333334,60.333333333333336,59.666666666666664,231.66666666666666,45.0,145.66666666666666,81.66666666666667,54.0,220.33333333333334,140.33333333333334,91.66666666666667,44.333333333333336,203.66666666666666,130.33333333333334,92.0,229.66666666666666,193.66666666666666,239.66666666666666,205.0,121.0,72.66666666666667,70.0,136.33333333333334,47.666666666666664,228.33333333333334,107.33333333333333,145.33333333333334,94.66666666666667,151.33333333333334,52.666666666666664,210.66666666666666,189.66666666666666,83.33333333333333,108.66666666666667,228.0,48.666666666666664,69.33333333333333,84.33333333333333,222.66666666666666,63.333333333333336,88.0,60.0,59.666666666666664,211.0,95.0,190.33333333333334,118.0,171.66666666666666,97.33333333333333,64.66666666666667,222.33333333333334,219.66666666666666,239.66666666666666,75.0,43.0,60.333333333333336,231.66666666666666,120.66666666666667,140.66666666666666,60.0,156.0,198.66666666666666,155.0,231.66666666666666,113.0,55.333333333333336,123.0,131.33333333333334,78.33333333333333,249.66666666666666,251.66666666666666,73.0,115.33333333333333,68.66666666666667,53.333333333333336,136.66666666666666,46.0,191.0,39.666666666666664,107.33333333333333,46.666666666666664,59.333333333333336
47.0,82.66666666666667,247.0,210.66666666666666,52.0,252.66666666666666,183.66666666666666,155.66666666666666,198.66666666666666,31.0,138.33333333333334,187.33333333333334,66.66666666666667,30.333333333333332,64.66666666666667,228.33333333333334,62.0,58.666666666666664,237.0,42.0,150.66666666666666,82.66666666666667,56.333333333333336,223.66666666666666,142.0,86.66666666666667,43.666666666666664,207.0,131.66666666666666,97.33333333333333,234.0,193.0,244.33333333333334,209.66666666666666,128.33333333333334,71.66666666666667,73.33333333333333,138.33333333333334,52.666666666666664,231.66666666666666,112.0,142.66666666666666,94.66666666666667,156.66666666666666,57.0,214.66666666666666,184.66666666666666,87.33333333333333,101.0,237.66666666666666,51.333333333333336,69.66666666666667,89.0,224.33333333333334,60.666666666666664,88.66666666666667,65.66666666666667,62.666666666666664,216.66666666666666,101.0,192.66666666666666,117.66666666666667,171.0,101.33333333333333,69.33333333333333,226.0,226.66666666666666,240.33333333333334,75.66666666666667,51.333333333333336,62.0,229.33333333333334,122.0,138.0,63.0,166.33333333333334,206.66666666666666,158.33333333333334,234.66666666666666,110.66666666666667,55.666666666666664,123.0,139.0,81.0,247.33333333333334,251.66666666666666,79.33333333333333,120.33333333333333,67.33333333333333,57.333333333333336,136.0,45.666666666666664,192.33333333333334,43.0,109.0,50.0,59.666666666666664
47.25,82.66666666666667,247.66666666666666,211.66666666666666,54.666666666666664,251.66666666666666,188.33333333333334,154.66666666666666,198.0,29.0,138.33333333333334,187.0,64.33333333333333,27.666666666666668,64.33333333333333,228.33333333333334,61.666666666666664,58.666666666666664,238.0,44.0,148.0,81.0,56.0,223.33333333333334,141.66666666666666,91.0,44.666666666666664,205.33333333333334,130.0,94.33333333333333,234.0,192.33333333333334,245.66666666666666,209.0,125.33333333333333,71.0,71.66666666666667,134.33333333333334,51.0,228.66666666666666,110.0,143.33333333333334,91.33333333333333,153.0,55.333333333333336,211.66666666666666,182.66666666666666,83.66666666666667,99.66666666666667,238.33333333333334,49.666666666666664,69.0,89.0,221.66666666666666,60.0,83.66666666666667,67.33333333333333,61.333333333333336,216.0,99.66666666666667,190.0,117.66666666666667,168.33333333333334,99.33333333333333,68.0,224.0,226.33333333333334,241.0,72.33333333333333,51.333333333333336,62.333333333333336,230.33333333333334,119.33333333333333,138.66666666666666,64.66666666666667,164.0,208.33333333333334,158.33333333333334,233.66666666666666,110.0,58.333333333333336,117.66666666666667,138.66666666666666,82.0,246.33333333333334,250.66666666666666,80.0,119.66666666666667,63.333333333333336,55.666666666666664,134.66666666666666,43.0,190.66666666666666,41.666666666666664,107.0,48.333333333333336,57.333333333333336
47.5,85.0,248.66666666666666,215.0,60.333333333333336,251.66666666666666,191.0,156.33333333333334,200.66666666666666,31.333333333333332,142.33333333333334,190.0,69.33333333333333,36.0,67.66666666666667,230.0,59.666666666666664,60.666666666666664,240.66666666666666,44.333333333333336,148.66666666666666,83.0,56.0,228.33333333333334,144.33333333333334,90.33333333333333,45.0,210.0,131.66666666666666,97.66666666666667,233.66666666666666,192.33333333333334,244.0,214.0,134.0,72.33333333333333,72.33333333333333,136.66666666666666,53.0,233.66666666666666,109.66666666666667,142.33333333333334,92.0,159.33333333333334,57.333333333333336,213.66666666666666,175.66666666666666,83.33333333333333,97.33333333333333,244.33333333333334,53.333333333333336,69.0,90.66666666666667,218.66666666666666,61.666666666666664,82.0,70.33333333333333,61.0,217.66666666666666,100.33333333333333,193.66666666666666,120.0,174.33333333333334,102.33333333333333,69.0,227.33333333333334,226.66666666666666,241.0,69.33333333333333,54.333333333333336,56.666666666666664,229.0,127.33333333333333,140.33333333333334,68.66666666666667,165.66666666666666,210.33333333333334,164.0,234.66666666666666,111.66666666666667,54.333333333333336,118.66666666666667,145.66666666666666,83.33333333333333,247.0,250.33333333333334,81.0,123.66666666666667,65.0,56.333333333333336,139.33333333333334,41.666666666666664,189.0,45.333333333333336,107.0,52.666666666666664,62.0
47.75,83.33333333333333,250.66666666666666,214.66666666666666,62.0,251.33333333333334,195.33333333333334,159.33333333333334,204.33333333333334,34.666666666666664,145.0,190.66666666666666,69.66666666666667,34.333333333333336,73.66666666666667,232.0,63.333333333333336,62.0,244.0,45.333333333333336,150.66666666666666,81.66666666666667,54.666666666666664,229.33333333333334,147.66666666666666,91.0,47.0,213.66666666666666,132.0,99.66666666666667,237.0,194.33333333333334,245.33333333333334,214.66666666666666,135.66666666666666,72.33333333333333,71.66666666666667,137.66666666666666,55.0,235.66666666666666,109.33333333333333,145.33333333333334,93.66666666666667,158.66666666666666,56.333333333333336,217.33333333333334,180.66666666666666,83.33333333333333,97.33333333333333,247.33333333333334,51.333333333333336,70.33333333333333,92.0,222.33333333333334,63.333333333333336,82.66666666666667,66.66666666666667,62.333333333333336,217.33333333333334,104.0,193.66666666666666,122.66666666666667,173.66666666666666,104.0,71.0,232.66666666666666,229.0,243.33333333333334,73.0,57.0,58.666666666666664,230.33333333333334,130.0,144.33333333333334,68.33333333333333,167.66666666666666,211.66666666666666,168.66666666666666,236.66666666666666,112.33333333333333,57.333333333333336,119.66666666666667,145.33333333333334,83.66666666666667,246.33333333333334,251.33333333333334,83.66666666666667,129.0,68.33333333333333,57.666666666666664,141.66666666666666,44.0,195.33333333333334,44.333333333333336,107.66666666666667,52.333333333333336,65.33333333333333
48.0,86.66666666666667,253.0,216.33333333333334,58.0,252.0,198.33333333333334,161.66666666666666,200.33333333333334,31.333333333333332,142.66666666666666,193.0,68.0,37.0,71.66666666666667,230.33333333333334,63.0,64.33333333333333,245.66666666666666,44.666666666666664,151.66666666666666,81.66666666666667,52.0,229.66666666666666,147.66666666666666,92.66666666666667,44.666666666666664,214.33333333333334,131.66666666666666,100.66666666666667,236.33333333333334,195.0,246.0,214.33333333333334,134.66666666666666,71.66666666666667,69.66666666666667,135.66666666666666,52.333333333333336,234.66666666666666,109.66666666666667,144.0,90.33333333333333,158.0,55.666666666666664,216.33333333333334,181.33333333333334,82.0,94.33333333333333,249.0,49.0,71.33333333333333,96.33333333333333,219.66666666666666,61.666666666666664,80.66666666666667,67.0,61.0,217.66666666666666,104.66666666666667,192.66666666666666,123.0,174.0,103.66666666666667,70.33333333333333,231.33333333333334,231.0,242.0,68.0,56.666666666666664,60.333333333333336,231.0,125.33333333333333,143.0,70.66666666666667,165.0,213.66666666666666,166.0,238.0,107.33333333333333,59.0,117.66666666666667,143.66666666666666,82.0,248.0,251.33333333333334,80.33333333333333,126.0,65.33333333333333,56.333333333333336,140.33333333333334,44.333333333333336,194.0,43.666666666666664,103.66666666666667,49.666666666666664,66.0
48.25,85.66666666666667,246.33333333333334,210.33333333333334,53.666666666666664,257.0,193.33333333333334,160.0,202.0,30.333333333333332,144.33333333333334,191.66666666666666,67.33333333333333,33.666666666666664,66.0,229.66666666666666,58.0,60.333333333333336,242.33333333333334,45.0,150.0,81.33333333333333,56.333333333333336,227.33333333333334,149.33333333333334,87.66666666666667,42.666666666666664,213.66666666666666,133.0,97.66666666666667,235.33333333333334,198.66666666666666,245.66666666666666,214.0,135.0,70.66666666666667,72.33333333333333,143.33333333333334,50.666666666666664,236.0,107.33333333333333,147.33333333333334,94.66666666666667,159.33333333333334,55.0,217.0,189.0,86.66666666666667,101.0,236.0,49.666666666666664,69.66666666666667,89.66666666666667,224.0,62.666666666666664,85.0,65.66666666666667,65.0,220.0,103.0,190.66666666666666,119.66666666666667,175.33333333333334,102.0,71.0,231.33333333333334,233.33333333333334,243.0,73.0,49.666666666666664,62.0,231.66666666666666,125.33333333333333,143.0,63.666666666666664,170.33333333333334,213.66666666666666,169.66666666666666,238.66666666666666,108.33333333333333,55.0,122.66666666666667,143.0,81.66666666666667,245.66666666666666,250.66666666666666,78.33333333333333,123.33333333333333,64.0,55.0,139.33333333333334,46.333333333333336,199.0,40.666666666666664,110.66666666666667,47.666666666666664,60.333333333333336
48.5,85.66666666666667,251.33333333333334,217.33333333333334,57.333333333333336,252.0,198.0,162.0,205.66666666666666,31.333333333333332,145.33333333333334,194.33333333333334,66.66666666666667,36.666666666666664,72.33333333333333,232.0,58.666666666666664,60.0,246.33333333333334,43.666666666666664,152.0,84.66666666666667,53.666666666666664,230.33333333333334,150.0,93.66666666666667,44.333333333333336,214.33333333333334,135.0,100.0,239.0,197.66666666666666,247.33333333333334,217.33333333333334,140.33333333333334,73.66666666666667,72.33333333333333,140.66666666666666,54.0,236.66666666666666,114.33333333333333,146.0,91.66666666666667,161.33333333333334,58.0,217.0,183.0,86.33333333333333,94.33333333333333,249.33333333333334,47.666666666666664,71.66666666666667,96.66666666666667,223.0,60.333333333333336,84.33333333333333,67.33333333333333,62.666666666666664,221.33333333333334,104.66666666666667,194.0,119.66666666666667,175.33333333333334,105.33333333333333,66.33333333333333,231.33333333333334,235.33333333333334,241.66666666666666,65.33333333333333,55.333333333333336,62.0,231.0,130.33333333333334,142.33333333333334,69.0,171.33333333333334,214.33333333333334,172.0,239.33333333333334,109.0,58.333333333333336,122.0,149.33333333333334,85.0,245.66666666666666,251.0,82.0,126.0,61.333333333333336,58.0,141.0,45.333333333333336,196.0,46.0,107.66666666666667,50.666666666666664,65.33333333333333
48.75,82.0,249.66666666666666,211.66666666666666,54.0,254.66666666666666,191.66666666666666,160.0,203.66666666666666,32.0,141.66666666666666,195.0,66.33333333333333,30.666666666666668,65.66666666666667,230.66666666666666,63.333333333333336,61.0,246.0,45.333333333333336,151.0,85.0,56.666666666666664,230.0,152.0,89.33333333333333,46.0,212.66666666666666,133.0,102.0,237.66666666666666,200.0,252.0,216.66666666666666,138.33333333333334,71.0,74.0,141.0,53.666666666666664,236.0,113.66666666666667,148.33333333333334,95.0,162.33333333333334,56.333333333333336,216.66666666666666,191.66666666666666,88.66666666666667,102.0,239.66666666666666,47.666666666666664,70.66666666666667,91.0,227.66666666666666,60.666666666666664,88.0,70.0,61.333333333333336,221.0,104.33333333333333,189.66666666666666,117.33333333333333,179.0,103.0,66.66666666666667,231.66666666666666,234.33333333333334,243.0,71.0,50.666666666666664,63.333333333333336,233.66666666666666,128.0,137.66666666666666,64.33333333333333,171.66666666666666,213.66666666666666,170.66666666666666,239.33333333333334,112.66666666666667,56.0,123.33333333333333,145.66666666666666,80.33333333333333,249.0,252.33333333333334,81.66666666666667,121.0,65.0,56.333333333333336,137.66666666666666,45.333333333333336,199.33333333333334,41.666666666666664,110.0,47.0,63.0
49.0,87.33333333333333,251.66666666666666,219.0,62.0,256.3333333333333,202.66666666666666,160.0,205.0,33.333333333333336,149.33333333333334,196.33333333333334,65.33333333333333,34.333333333333336,70.33333333333333,232.33333333333334,63.333333333333336,63.333333333333336,245.33333333333334,44.0,150.0,83.0,54.333333333333336,231.66666666666666,150.66666666666666,92.33333333333333,42.666666666666664,217.33333333333334,135.0,103.33333333333333,237.33333333333334,199.33333333333334,247.33333333333334,216.66666666666666,142.66666666666666,74.33333333333333,71.33333333333333,140.33333333333334,52.666666666666664,236.33333333333334,109.66666666666667,148.0,93.66666666666667,159.66666666666666,56.666666666666664,219.0,189.0,88.66666666666667,100.33333333333333,247.0,50.0,69.66666666666667,92.33333333333333,225.33333333333334,58.333333333333336,82.33333333333333,67.0,61.0,220.66666666666666,107.66666666666667,192.33333333333334,120.0,176.66666666666666,103.33333333333333,70.0,234.66666666666666,234.0,244.33333333333334,70.33333333333333,53.666666666666664,60.0,232.66666666666666,128.66666666666666,143.0,67.66666666666667,171.66666666666666,217.0,172.0,237.33333333333334,110.33333333333333,56.666666666666664,121.66666666666667,148.33333333333334,83.33333333333333,244.66666666666666,250.33333333333334,83.33333333333333,126.33333333333333,61.666666666666664,56.666666666666664,139.66666666666666,44.333333333333336,199.33333333333334,42.333333333333336,107.33333333333333,48.333333333333336,63.666666666666664
49.25,84.0,254.33333333333334,220.66666666666666,60.0,254.33333333333334,201.33333333333334,164.66666666666666,210.33333333333334,33.666666666666664,148.66666666666666,198.33333333333334,67.66666666666667,35.666666666666664,73.0,235.66666666666666,62.0,63.666666666666664,249.0,47.0,155.66666666666666,85.0,59.666666666666664,233.33333333333334,153.0,93.66666666666667,45.666666666666664,218.66666666666666,136.33333333333334,102.66666666666667,240.66666666666666,200.33333333333334,250.66666666666666,220.66666666666666,142.33333333333334,73.66666666666667,72.66666666666667,138.33333333333334,55.666666666666664,238.33333333333334,113.66666666666667,148.0,93.0,165.0,58.333333333333336,219.33333333333334,190.33333333333334,88.66666666666667,96.66666666666667,247.33333333333334,52.666666666666664,73.0,99.33333333333333,224.66666666666666,63.666666666666664,83.66666666666667,69.0,65.33333333333333,223.66666666666666,110.33333333333333,193.66666666666666,122.0,175.33333333333334,104.33333333333333,72.66666666666667,236.0,239.33333333333334,243.66666666666666,69.0,57.0,64.0,234.0,128.0,143.0,73.0,174.66666666666666,222.33333333333334,174.0,242.0,111.33333333333333,61.0,120.66666666666667,151.33333333333334,86.0,248.0,253.66666666666666,83.66666666666667,126.33333333333333,63.666666666666664,61.666666666666664,143.33333333333334,47.333333333333336,203.0,43.0,111.0,51.333333333333336,63.333333333333336
49.5,84.0,247.66666666666666,216.33333333333334,52.0,256.0,199.66666666666666,166.66666666666666,205.0,32.333333333333336,145.0,199.33333333333334,65.33333333333333,33.666666666666664,64.66666666666667,234.66666666666666,64.33333333333333,63.0,246.33333333333334,44.666666666666664,151.0,85.33333333333333,56.0,230.33333333333334,155.0,91.66666666666667,45.333333333333336,216.33333333333334,134.66666666666666,102.33333333333333,240.33333333333334,202.0,252.0,220.0,142.33333333333334,71.33333333333333,75.33333333333333,142.0,52.666666666666664,239.0,110.66666666666667,150.66666666666666,93.66666666666667,163.66666666666666,57.666666666666664,218.66666666666666,198.33333333333334,89.33333333333333,99.33333333333333,243.0,50.333333333333336,71.66666666666667,90.0,228.33333333333334,63.333333333333336,85.0,70.66666666666667,63.333333333333336,223.66666666666666,103.66666666666667,191.66666666666666,119.33333333333333,178.0,102.66666666666667,67.0,235.0,238.0,242.33333333333334,73.66666666666667,52.0,64.33333333333333,232.66666666666666,126.0,140.0,65.66666666666667,176.33333333333334,217.0,174.0,241.0,110.66666666666667,61.0,119.0,148.66666666666666,82.0,248.66666666666666,253.0,80.66666666666667,121.66666666666667,67.0,57.666666666666664,138.66666666666666,46.333333333333336,205.66666666666666,42.666666666666664,113.0,47.666666666666664,62.333333333333336
49.75,82.0,253.0,221.0,56.666666666666664,254.33333333333334,202.0,165.0,207.0,29.666666666666668,149.0,199.0,63.0,32.333333333333336,69.0,232.0,60.0,60.666666666666664,249.66666666666666,43.666666666666664,150.0,84.66666666666667,48.0,231.66666666666666,153.33333333333334,91.0,43.666666666666664,220.0,134.0,100.0,239.0,199.66666666666666,247.66666666666666,220.0,147.66666666666666,71.0,72.0,138.33333333333334,50.333333333333336,237.0,108.66666666666667,148.33333333333334,92.66666666666667,161.33333333333334,56.333333333333336,220.66666666666666,191.0,83.33333333333333,94.66666666666667,248.66666666666666,49.666666666666664,67.66666666666667,92.33333333333333,225.33333333333334,57.0,81.33333333333333,65.0,65.0,223.33333333333334,106.0,192.0,118.33333333333333,180.33333333333334,105.66666666666667,69.0,236.66666666666666,237.66666666666666,243.66666666666666,67.0,54.666666666666664,60.0,231.66666666666666,138.33333333333334,140.33333333333334,66.66666666666667,174.66666666666666,219.0,177.66666666666666,239.66666666666666,108.66666666666667,53.0,119.33333333333333,154.66666666666666,82.33333333333333,246.66666666666666,250.66666666666666,83.33333333333333,129.0,63.666666666666664,55.666666666666664,140.0,40.333333333333336,203.33333333333334,43.0,106.33333333333333,50.333333333333336,63.333333333333336
50.0,84.0,248.66666666666666,218.0,52.333333333333336,256.6666666666667,204.66666666666666,165.33333333333334,206.33333333333334,31.0,149.33333333333334,199.66666666666666,67.33333333333333,30.0,64.66666666666667,233.33333333333334,58.333333333333336,62.666666666666664,243.66666666666666,43.333333333333336,149.66666666666666,86.66666666666667,56.0,227.66666666666666,155.33333333333334,89.0,44.0,220.33333333333334,133.0,101.33333333333333,238.66666666666666,206.33333333333334,249.33333333333334,215.0,143.66666666666666,74.66666666666667,75.33333333333333,140.33333333333334,51.333333333333336,238.33333333333334,109.66666666666667,153.66666666666666,95.0,164.66666666666666,56.333333333333336,218.66666666666666,203.66666666666666,91.33333333333333,100.66666666666667,239.0,50.0,69.0,90.0,231.33333333333334,60.666666666666664,84.33333333333333,66.66666666666667,64.66666666666667,225.0,112.66666666666667,190.33333333333334,116.0,182.33333333333334,101.33333333333333,66.0,236.0,238.33333333333334,243.0,73.33333333333333,49.666666666666664,61.0,235.66666666666666,130.33333333333334,141.66666666666666,64.33333333333333,177.0,219.0,176.66666666666666,240.0,110.33333333333333,54.666666666666664,124.33333333333333,151.0,81.33333333333333,247.66666666666666,252.66666666666666,77.0,121.0,63.333333333333336,56.0,138.66666666666666,46.333333333333336,208.33333333333334,43.666666666666664,115.33333333333333,46.333333333333336,58.0
50.25,80.0,250.33333333333334,219.66666666666666,56.0,253.33333333333334,206.33333333333334,166.0,209.33333333333334,31.0,149.0,202.33333333333334,66.0,34.333333333333336,70.66666666666667,234.0,61.0,61.333333333333336,250.0,45.0,150.33333333333334,83.0,56.0,233.66666666666666,155.0,86.33333333333333,43.666666666666664,223.33333333333334,135.33333333333334,102.33333333333333,239.66666666666666,203.0,247.66666666666666,222.0,150.66666666666666,69.33333333333333,71.66666666666667,142.0,53.666666666666664,238.33333333333334,109.66666666666667,151.0,94.33333333333333,165.33333333333334,57.0,222.66666666666666,196.66666666666666,89.0,91.0,247.0,49.333333333333336,70.66666666666667,93.33333333333333,226.66666666666666,59.666666666666664,85.0,66.0,64.66666666666667,226.0,109.0,195.0,120.33333333333333,179.66666666666666,105.0,70.0,239.33333333333334,242.66666666666666,240.33333333333334,69.33333333333333,54.0,65.0,232.66666666666666,136.0,140.0,65.0,177.33333333333334,221.33333333333334,180.66666666666666,240.33333333333334,107.66666666666667,56.333333333333336,117.33333333333333,152.33333333333334,82.66666666666667,244.66666666666666,251.33333333333334,83.33333333333333,124.0,64.0,58.333333333333336,140.33333333333334,46.0,207.33333333333334,44.333333333333336,109.0,49.0,64.0
50.5,85.66666666666667,250.66666666666666,222.66666666666666,60.0,254.0,211.0,170.33333333333334,209.33333333333334,35.333333333333336,152.0,203.66666666666666,68.66666666666667,33.666666666666664,71.33333333333333,235.0,63.666666666666664,65.33333333333333,250.33333333333334,47.0,152.33333333333334,86.33333333333333,55.666666666666664,232.33333333333334,156.0,90.0,44.333333333333336,223.0,135.0,105.66666666666667,239.33333333333334,206.33333333333334,249.0,220.0,155.0,73.0,72.66666666666667,144.66666666666666,52.0,238.66666666666666,111.33333333333333,152.33333333333334,95.33333333333333,166.66666666666666,58.666666666666664,223.0,197.0,85.66666666666667,93.66666666666667,247.0,51.666666666666664,72.0,95.33333333333333,226.66666666666666,63.0,83.0,68.33333333333333,65.33333333333333,226.0,111.0,192.0,121.33333333333333,182.66666666666666,106.0,71.66666666666667,236.0,240.66666666666666,245.66666666666666,70.33333333333333,55.333333333333336,64.0,232.33333333333334,136.66666666666666,145.0,68.66666666666667,180.33333333333334,223.0,180.0,242.33333333333334,110.0,56.666666666666664,123.33333333333333,158.33333333333334,86.33333333333333,246.33333333333334,251.66666666666666,83.33333333333333,128.0,63.333333333333336,57.666666666666664,141.33333333333334,44.0,208.33333333333334,43.333333333333336,110.0,52.0,65.66666666666667
50.75,85.33333333333333,250.33333333333334,219.66666666666666,57.333333333333336,257.3333333333333,209.66666666666666,167.66666666666666,206.0,29.333333333333332,150.66666666666666,203.66666666666666,66.33333333333333,32.666666666666664,66.66666666666667,234.33333333333334,62.0,64.66666666666667,245.66666666666666,45.333333333333336,151.0,85.66666666666667,59.0,231.66666666666666,160.33333333333334,92.66666666666667,47.0,222.66666666666666,136.33333333333334,103.33333333333333,239.33333333333334,207.66666666666666,250.66666666666666,219.66666666666666,149.33333333333334,72.0,71.66666666666667,146.33333333333334,51.333333333333336,239.66666666666666,108.0,155.0,93.33333333333333,164.66666666666666,58.0,220.33333333333334,204.33333333333334,90.0,96.0,243.0,53.0,70.33333333333333,92.0,230.0,60.0,82.66666666666667,66.66666666666667,61.333333333333336,227.0,113.0,190.33333333333334,119.0,181.66666666666666,105.0,65.66666666666667,236.33333333333334,240.0,241.33333333333334,68.0,49.333333333333336,65.33333333333333,234.33333333333334,129.33333333333334,145.0,61.333333333333336,181.0,221.0,181.66666666666666,239.0,111.66666666666667,56.0,119.33333333333333,149.66666666666666,82.0,245.33333333333334,252.66666666666666,80.66666666666667,122.66666666666667,62.666666666666664,56.0,138.0,45.333333333333336,209.33333333333334,39.333333333333336,113.33333333333333,45.666666666666664,60.333333333333336
51.0,87.66666666666667,252.66666666666666,224.66666666666666,60.0,257.6666666666667,214.0,170.66666666666666,212.33333333333334,34.333333333333336,158.33333333333334,207.66666666666666,70.33333333333333,36.666666666666664,70.66666666666667,236.66666666666666,63.0,64.66666666666667,249.33333333333334,44.333333333333336,150.66666666666666,87.0,55.333333333333336,235.66666666666666,159.33333333333334,91.33333333333333,44.666666666666664,228.33333333333334,135.33333333333334,103.33333333333333,240.33333333333334,208.33333333333334,252.0,221.33333333333334,158.0,73.33333333333333,76.0,144.0,54.0,241.33333333333334,110.0,154.0,98.66666666666667,168.0,60.0,224.0,201.66666666666666,90.66666666666667,94.66666666666667,249.66666666666666,51.0,71.0,92.33333333333333,227.66666666666666,63.0,85.33333333333333,68.0,67.33333333333333,226.0,114.33333333333333,194.33333333333334,123.33333333333333,184.66666666666666,107.33333333333333,72.66666666666667,241.66666666666666,242.66666666666666,244.0,71.66666666666667,55.333333333333336,64.66666666666667,235.0,137.0,146.33333333333334,67.33333333333333,181.33333333333334,223.0,185.0,242.33333333333334,110.0,57.333333333333336,123.0,159.33333333333334,86.66666666666667,247.66666666666666,252.0,81.66666666666667,128.33333333333334,64.33333333333333,58.666666666666664,138.33333333333334,45.666666666666664,211.0,48.666666666666664,113.66666666666667,49.0,63.0
51.25,84.66666666666667,253.66666666666666,225.66666666666666,61.666666666666664,257.0,218.66666666666666,172.33333333333334,214.0,31.0,156.66666666666666,207.33333333333334,69.66666666666667,33.333333333333336,70.33333333333333,237.0,61.333333333333336,65.33333333333333,251.33333333333334,47.333333333333336,154.0,87.66666666666667,55.666666666666664,234.33333333333334,163.0,92.0,47.0,227.33333333333334,136.66666666666666,108.0,241.66666666666666,209.66666666666666,250.33333333333334,222.33333333333334,156.66666666666666,73.0,71.66666666666667,142.33333333333334,52.0,240.66666666666666,111.0,152.0,92.33333333333333,167.66666666666666,59.333333333333336,222.33333333333334,205.0,90.0,93.66666666666667,250.66666666666666,50.0,71.0,92.0,230.33333333333334,59.0,80.66666666666667,66.66666666666667,65.66666666666667,229.0,116.33333333333333,193.33333333333334,124.0,184.33333333333334,108.0,70.66666666666667,242.0,244.0,243.66666666666666,68.33333333333333,52.333333333333336,63.666666666666664,235.66666666666666,135.33333333333334,145.33333333333334,69.33333333333333,182.33333333333334,226.33333333333334,186.0,242.66666666666666,110.33333333333333,55.666666666666664,119.0,158.33333333333334,81.66666666666667,243.66666666666666,251.33333333333334,83.0,127.66666666666667,63.333333333333336,59.333333333333336,140.66666666666666,44.0,213.0,42.666666666666664,113.33333333333333,45.666666666666664,66.33333333333333
51.5,87.0,250.0,220.0,54.333333333333336,263.0,214.0,172.33333333333334,210.66666666666666,33.0,144.66666666666666,210.0,69.66666666666667,30.333333333333332,63.666666666666664,235.0,61.0,66.0,245.33333333333334,49.333333333333336,150.66666666666666,90.33333333333333,57.0,230.33333333333334,161.33333333333334,91.66666666666667,45.0,224.66666666666666,136.33333333333334,104.33333333333333,242.33333333333334,216.0,247.0,219.66666666666666,151.66666666666666,73.66666666666667,74.33333333333333,148.66666666666666,51.666666666666664,240.66666666666666,111.66666666666667,163.0,97.33333333333333,164.0,55.333333333333336,221.33333333333334,217.66666666666666,90.0,105.66666666666667,236.0,49.333333333333336,70.66666666666667,89.66666666666667,233.0,62.666666666666664,90.0,64.33333333333333,67.33333333333333,224.66666666666666,110.0,194.33333333333334,117.0,187.66666666666666,104.66666666666667,69.0,239.0,242.33333333333334,245.0,76.66666666666667,46.0,65.33333333333333,238.66666666666666,136.0,141.66666666666666,61.333333333333336,178.33333333333334,219.0,181.0,240.66666666666666,112.0,54.666666666666664,123.0,150.33333333333334,83.0,252.0,255.0,79.33333333333333,119.66666666666667,69.0,57.333333333333336,138.33333333333334,49.0,217.33333333333334,41.666666666666664,119.33333333333333,48.0,60.666666666666664
51.75,88.66666666666667,255.66666666666666,224.66666666666666,61.0,259.6666666666667,221.33333333333334,173.33333333333334,214.66666666666666,34.666666666666664,156.33333333333334,212.0,66.66666666666667,37.0,74.66666666666667,237.0,64.33333333333333,67.0,253.66666666666666,46.0,153.33333333333334,85.66666666666667,56.333333333333336,236.66666666666666,165.0,93.33333333333333,44.666666666666664,229.66666666666666,136.66666666666666,109.0,242.66666666666666,212.66666666666666,251.33333333333334,223.66666666666666,161.33333333333334,73.0,73.33333333333333,147.66666666666666,54.666666666666664,244.66666666666666,110.0,156.33333333333334,96.33333333333333,168.0,58.666666666666664,224.66666666666666,206.0,90.0,94.66666666666667,252.0,50.0,72.66666666666667,94.0,230.66666666666666,61.333333333333336,83.33333333333333,71.0,65.66666666666667,228.33333333333334,117.0,194.0,123.33333333333333,185.0,109.66666666666667,70.33333333333333,244.66666666666666,244.66666666666666,243.33333333333334,70.0,55.666666666666664,69.0,234.33333333333334,134.66666666666666,145.66666666666666,69.66666666666667,182.66666666666666,230.0,189.0,241.66666666666666,111.0,56.0,116.66666666666667,159.33333333333334,86.66666666666667,247.33333333333334,256.0,86.33333333333333,128.66666666666666,63.0,60.666666666666664,141.66666666666666,50.666666666666664,214.33333333333334,46.666666666666664,113.0,48.333333333333336,67.33333333333333
52.0,84.33333333333333,251.33333333333334,222.66666666666666,54.0,261.0,216.0,173.33333333333334,212.66666666666666,33.0,154.66666666666666,208.0,66.33333333333333,31.0,64.66666666666667,235.66666666666666,61.333333333333336,62.666666666666664,250.0,46.333333333333336,153.0,90.33333333333333,60.0,234.0,166.0,89.0,44.333333333333336,228.66666666666666,136.33333333333334,106.66666666666667,241.66666666666666,213.66666666666666,255.33333333333334,221.66666666666666,159.0,72.0,74.33333333333333,147.66666666666666,51.666666666666664,242.0,111.66666666666667,157.33333333333334,95.0,169.66666666666666,57.666666666666664,223.33333333333334,214.66666666666666,92.0,98.66666666666667,244.0,52.666666666666664,70.33333333333333,89.33333333333333,233.33333333333334,61.0,85.0,67.0,65.0,228.66666666666666,115.33333333333333,190.66666666666666,118.0,189.33333333333334,108.0,69.33333333333333,241.0,246.0,244.33333333333334,72.33333333333333,51.0,65.33333333333333,235.33333333333334,135.66666666666666,142.0,64.0,186.33333333333334,223.66666666666666,190.0,243.0,109.66666666666667,53.333333333333336,121.0,156.0,81.66666666666667,247.66666666666666,253.33333333333334,80.33333333333333,122.33333333333333,63.0,55.0,137.66666666666666,46.333333333333336,217.0,40.0,113.33333333333333,44.0,59.666666666666664
52.25,81.0,253.33333333333334,225.33333333333334,55.666666666666664,255.0,221.33333333333334,172.66666666666666,216.0,31.666666666666668,158.33333333333334,207.33333333333334,63.666666666666664,33.666666666666664,70.33333333333333,237.66666666666666,60.0,63.0,252.66666666666666,44.0,151.66666666666666,86.0,53.333333333333336,235.0,164.0,92.0,41.333333333333336,229.33333333333334,137.33333333333334,107.0,241.33333333333334,211.0,251.0,223.66666666666666,166.33333333333334,69.33333333333333,70.0,143.66666666666666,53.333333333333336,241.33333333333334,111.66666666666667,157.66666666666666,94.33333333333333,168.66666666666666,57.0,224.66666666666666,210.33333333333334,87.66666666666667,95.33333333333333,253.66666666666666,50.666666666666664,69.33333333333333,92.66666666666667,231.66666666666666,58.0,81.0,66.0,65.33333333333333,229.0,117.33333333333333,190.0,121.66666666666667,186.0,110.66666666666667,68.66666666666667,240.66666666666666,245.66666666666666,243.66666666666666,68.66666666666667,53.666666666666664,64.0,235.0,139.66666666666666,141.66666666666666,64.33333333333333,184.33333333333334,228.66666666666666,191.33333333333334,242.0,107.0,54.333333333333336,119.0,157.33333333333334,86.33333333333333,245.33333333333334,254.33333333333334,82.0,129.33333333333334,59.0,53.333333333333336,139.66666666666666,44.666666666666664,213.66666666666666,43.666666666666664,111.33333333333333,44.0,62.333333333333336
52.5,86.66666666666667,249.66666666666666,223.0,51.0,266.6666666666667,217.0,175.66666666666666,212.0,33.0,149.33333333333334,213.33333333333334,65.33333333333333,30.0,65.33333333333333,236.66666666666666,56.0,66.0,245.66666666666666,46.333333333333336,152.33333333333334,94.0,56.0,230.66666666666666,165.66666666666666,90.66666666666667,43.666666666666664,233.33333333333334,137.0,105.66666666666667,239.33333333333334,218.66666666666666,250.66666666666666,223.33333333333334,157.33333333333334,75.0,76.0,150.33333333333334,45.666666666666664,242.0,111.0,165.0,100.0,164.66666666666666,56.666666666666664,224.66666666666666,223.66666666666666,91.0,105.66666666666667,234.33333333333334,48.333333333333336,71.0,88.66666666666667,239.0,64.0,91.0,62.333333333333336,64.66666666666667,227.66666666666666,114.0,193.66666666666666,115.33333333333333,190.33333333333334,106.66666666666667,66.33333333333333,239.0,244.66666666666666,245.33333333333334,77.0,44.666666666666664,68.66666666666667,239.33333333333334,137.0,145.0,61.666666666666664,186.0,221.0,184.33333333333334,241.66666666666666,113.0,54.666666666666664,123.0,155.33333333333334,79.0,251.33333333333334,256.0,79.33333333333333,119.66666666666667,70.0,54.0,138.66666666666666,46.0,223.0,41.0,121.33333333333333,46.0,57.666666666666664
52.75,86.33333333333333,247.33333333333334,221.66666666666666,52.333333333333336,266.0,220.33333333333334,176.0,214.66666666666666,34.333333333333336,147.33333333333334,216.0,68.33333333333333,31.0,63.333333333333336,238.33333333333334,60.0,66.33333333333333,246.0,47.333333333333336,150.66666666666666,92.66666666666667,56.333333333333336,232.0,168.0,90.66666666666667,42.0,230.33333333333334,136.33333333333334,104.33333333333333,240.66666666666666,219.33333333333334,250.33333333333334,223.0,160.0,77.0,77.66666666666667,151.66666666666666,50.333333333333336,241.0,110.0,163.33333333333334,100.66666666666667,169.33333333333334,56.0,222.0,225.0,93.0,106.66666666666667,232.33333333333334,48.0,69.66666666666667,87.66666666666667,235.33333333333334,63.333333333333336,90.0,62.666666666666664,63.0,226.66666666666666,111.66666666666667,191.0,118.0,193.33333333333334,110.66666666666667,65.0,242.0,245.0,244.33333333333334,74.33333333333333,46.333333333333336,69.66666666666667,239.0,136.66666666666666,142.66666666666666,60.333333333333336,185.66666666666666,220.0,187.33333333333334,239.0,112.0,55.666666666666664,120.66666666666667,156.33333333333334,81.0,252.0,254.66666666666666,77.0,120.66666666666667,71.0,53.333333333333336,139.0,48.666666666666664,221.0,40.666666666666664,121.66666666666667,43.666666666666664,60.666666666666664
53.0,79.33333333333333,250.66666666666666,223.0,53.666666666666664,259.6666666666667,217.0,174.66666666666666,215.66666666666666,33.333333333333336,154.0,209.33333333333334,62.0,31.333333333333332,67.0,237.0,56.666666666666664,64.0,251.33333333333334,44.666666666666664,155.0,91.0,58.666666666666664,236.0,167.66666666666666,89.0,45.666666666666664,228.0,138.66666666666666,104.33333333333333,242.66666666666666,215.66666666666666,256.3333333333333,225.66666666666666,161.66666666666666,72.33333333333333,72.0,146.0,53.333333333333336,242.66666666666666,111.33333333333333,157.33333333333334,94.0,174.33333333333334,57.0,223.0,216.66666666666666,94.66666666666667,95.0,242.66666666666666,51.0,69.33333333333333,93.0,234.33333333333334,63.333333333333336,85.0,69.66666666666667,61.0,229.66666666666666,118.33333333333333,191.0,119.0,189.0,109.66666666666667,67.0,242.33333333333334,248.66666666666666,243.33333333333334,71.33333333333333,50.0,70.33333333333333,238.33333333333334,138.33333333333334,141.33333333333334,68.0,189.66666666666666,227.0,194.66666666666666,242.33333333333334,110.66666666666667,58.333333333333336,121.0,159.66666666666666,80.33333333333333,246.66666666666666,253.0,79.66666666666667,123.33333333333333,62.333333333333336,57.333333333333336,140.0,49.333333333333336,220.0,42.333333333333336,116.0,45.333333333333336,61.333333333333336
53.25,79.0,253.33333333333334,223.0,55.0,260.6666666666667,220.33333333333334,177.0,214.66666666666666,29.333333333333332,152.66666666666666,211.33333333333334,63.666666666666664,33.666666666666664,66.0,237.66666666666666,61.333333333333336,63.333333333333336,252.0,45.333333333333336,152.33333333333334,91.0,58.0,234.66666666666666,169.66666666666666,89.0,46.333333333333336,229.33333333333334,136.0,107.0,242.0,216.0,254.0,222.66666666666666,164.33333333333334,72.0,73.66666666666667,146.66666666666666,53.333333333333336,243.66666666666666,110.66666666666667,161.0,93.66666666666667,173.66666666666666,58.666666666666664,223.0,222.66666666666666,95.66666666666667,96.66666666666667,244.33333333333334,49.666666666666664,72.66666666666667,94.0,234.0,60.666666666666664,86.33333333333333,67.0,65.33333333333333,230.0,117.66666666666667,190.33333333333334,118.66666666666667,192.66666666666666,111.66666666666667,67.66666666666667,244.33333333333334,250.66666666666666,244.33333333333334,71.66666666666667,51.333333333333336,73.66666666666667,237.66666666666666,143.0,141.0,64.66666666666667,193.66666666666666,227.33333333333334,194.33333333333334,245.0,109.66666666666667,56.333333333333336,119.66666666666667,162.33333333333334,80.66666666666667,250.33333333333334,252.66666666666666,82.0,124.66666666666667,68.0,55.666666666666664,141.66666666666666,48.666666666666664,224.66666666666666,42.666666666666664,117.33333333333333,45.0,59.0
53.5,80.0,251.0,222.33333333333334,53.0,262.0,220.66666666666666,175.66666666666666,215.0,30.666666666666668,158.66666666666666,210.66666666666666,64.0,32.666666666666664,67.66666666666667,238.33333333333334,60.0,63.333333333333336,249.33333333333334,46.666666666666664,153.0,92.0,57.0,235.66666666666666,168.33333333333334,89.0,44.0,230.0,137.66666666666666,107.33333333333333,243.0,216.66666666666666,253.66666666666666,221.66666666666666,168.0,71.66666666666667,74.0,151.0,54.666666666666664,244.0,111.33333333333333,163.0,95.66666666666667,172.33333333333334,58.333333333333336,224.0,220.0,97.33333333333333,98.33333333333333,244.33333333333334,49.333333333333336,73.33333333333333,92.33333333333333,236.33333333333334,60.333333333333336,88.33333333333333,66.0,66.33333333333333,231.66666666666666,120.33333333333333,193.66666666666666,115.33333333333333,191.33333333333334,110.0,70.66666666666667,243.0,249.0,243.66666666666666,71.66666666666667,50.0,71.0,238.0,143.33333333333334,141.33333333333334,64.66666666666667,191.66666666666666,227.66666666666666,196.33333333333334,244.0,111.33333333333333,56.666666666666664,122.0,164.33333333333334,82.66666666666667,249.66666666666666,253.33333333333334,82.66666666666667,126.0,63.333333333333336,55.333333333333336,139.66666666666666,48.666666666666664,223.0,43.333333333333336,116.0,46.666666666666664,58.666666666666664
53.75,81.0,249.0,224.66666666666666,54.666666666666664,263.0,225.0,174.33333333333334,215.0,29.333333333333332,160.33333333333334,211.33333333333334,62.666666666666664,32.333333333333336,66.33333333333333,237.33333333333334,61.666666666666664,65.33333333333333,250.33333333333334,43.666666666666664,152.66666666666666,90.33333333333333,54.0,235.33333333333334,168.66666666666666,88.0,39.666666666666664,230.33333333333334,136.33333333333334,107.33333333333333,242.33333333333334,217.66666666666666,254.66666666666666,221.66666666666666,169.66666666666666,68.33333333333333,72.66666666666667,151.33333333333334,48.333333333333336,243.0,106.0,163.0,94.0,171.33333333333334,54.0,227.0,220.0,92.33333333333333,97.66666666666667,243.66666666666666,50.0,68.33333333333333,89.33333333333333,234.33333333333334,59.0,88.0,62.666666666666664,64.33333333333333,232.66666666666666,120.33333333333333,192.33333333333334,119.33333333333333,197.0,110.66666666666667,67.0,245.33333333333334,248.66666666666666,244.33333333333334,72.33333333333333,49.666666666666664,69.0,237.33333333333334,140.66666666666666,146.0,62.0,190.66666666666666,226.66666666666666,198.66666666666666,243.33333333333334,109.33333333333333,57.333333333333336,121.33333333333333,159.33333333333334,78.66666666666667,247.66666666666666,253.66666666666666,79.33333333333333,123.33333333333333,66.33333333333333,54.333333333333336,136.33333333333334,45.333333333333336,224.33333333333334,39.666666666666664,111.66666666666667,45.666666666666664,59.333333333333336
54.0,86.33333333333333,253.33333333333334,227.66666666666666,54.666666666666664,263.6666666666667,225.66666666666666,179.33333333333334,215.66666666666666,33.333333333333336,161.66666666666666,212.66666666666666,67.66666666666667,34.333333333333336,68.33333333333333,237.66666666666666,62.333333333333336,67.0,253.66666666666666,46.333333333333336,153.33333333333334,92.0,57.0,237.0,170.66666666666666,90.33333333333333,44.333333333333336,237.33333333333334,138.66666666666666,107.0,243.33333333333334,218.0,253.66666666666666,223.33333333333334,169.66666666666666,76.33333333333333,75.0,151.0,52.0,245.33333333333334,110.33333333333333,165.66666666666666,98.0,173.33333333333334,56.333333333333336,227.0,224.0,94.33333333333333,100.66666666666667,244.33333333333334,50.0,68.0,92.66666666666667,238.33333333333334,61.666666666666664,88.66666666666667,65.66666666666667,66.33333333333333,229.66666666666666,124.0,192.66666666666666,116.66666666666667,194.66666666666666,109.66666666666667,68.66666666666667,244.33333333333334,249.0,244.66666666666666,74.0,51.333333333333336,70.33333333333333,237.33333333333334,141.66666666666666,148.33333333333334,66.33333333333333,193.66666666666666,228.0,198.66666666666666,243.0,112.66666666666667,55.666666666666664,126.0,166.66666666666666,81.0,248.33333333333334,255.33333333333334,80.0,124.0,69.33333333333333,58.333333333333336,140.66666666666666,48.333333333333336,228.0,44.333333333333336,118.33333333333333,46.333333333333336,60.0
54.25,82.66666666666667,252.0,226.66666666666666,55.0,264.6666666666667,223.66666666666666,182.0,216.33333333333334,32.333333333333336,162.33333333333334,216.0,64.66666666666667,34.333333333333336,67.66666666666667,240.66666666666666,59.333333333333336,68.33333333333333,254.33333333333334,47.333333333333336,156.0,94.66666666666667,58.333333333333336,236.66666666666666,171.0,92.0,47.0,235.33333333333334,138.0,108.66666666666667,244.66666666666666,221.66666666666666,257.3333333333333,226.0,174.0,74.66666666666667,77.66666666666667,150.33333333333334,54.0,243.66666666666666,111.33333333333333,163.33333333333334,98.0,176.33333333333334,60.333333333333336,225.0,225.0,92.66666666666667,100.33333333333333,243.33333333333334,51.0,70.33333333333333,94.66666666666667,239.33333333333334,65.66666666666667,88.66666666666667,66.33333333333333,65.66666666666667,232.66666666666666,120.0,195.0,116.66666666666667,198.0,113.33333333333333,71.66666666666667,248.33333333333334,252.66666666666666,245.0,76.0,50.333333333333336,71.0,241.33333333333334,150.0,143.0,66.0,194.0,228.66666666666666,201.66666666666666,245.33333333333334,112.66666666666667,60.333333333333336,127.33333333333333,167.0,81.0,248.66666666666666,255.0,82.33333333333333,124.66666666666667,68.66666666666667,58.0,141.0,51.666666666666664,230.33333333333334,45.666666666666664,120.0,47.333333333333336,61.0
54.5,84.33333333333333,250.33333333333334,224.0,49.333333333333336,266.6666666666667,231.0,181.0,216.33333333333334,34.0,157.33333333333334,220.33333333333334,66.33333333333333,32.333333333333336,62.333333333333336,242.66666666666666,61.0,71.0,247.0,45.666666666666664,154.33333333333334,93.0,59.0,235.66666666666666,175.66666666666666,93.66666666666667,46.0,234.66666666666666,138.66666666666666,109.0,245.0,224.66666666666666,252.0,225.33333333333334,174.0,69.66666666666667,77.0,154.0,48.666666666666664,244.33333333333334,112.33333333333333,170.33333333333334,100.33333333333333,172.33333333333334,57.0,225.0,228.0,99.0,104.33333333333333,236.33333333333334,48.0,71.33333333333333,87.33333333333333,240.33333333333334,64.0,89.33333333333333,62.333333333333336,65.0,231.33333333333334,121.66666666666667,194.33333333333334,118.0,199.33333333333334,112.66666666666667,67.66666666666667,245.66666666666666,247.33333333333334,246.0,71.33333333333333,45.666666666666664,77.33333333333333,239.66666666666666,141.0,144.66666666666666,59.0,190.0,226.66666666666666,198.66666666666666,244.33333333333334,111.66666666666667,58.333333333333336,124.0,158.66666666666666,82.0,251.33333333333334,257.6666666666667,76.0,117.0,70.66666666666667,57.0,139.66666666666666,55.333333333333336,230.0,40.333333333333336,120.66666666666667,44.333333333333336,59.0
54.75,79.0,254.66666666666666,228.33333333333334,56.333333333333336,257.6666666666667,230.33333333333334,180.66666666666666,219.66666666666666,31.666666666666668,162.66666666666666,217.0,64.33333333333333,35.333333333333336,69.0,240.0,60.666666666666664,68.66666666666667,257.3333333333333,42.333333333333336,157.33333333333334,91.0,57.333333333333336,239.33333333333334,177.66666666666666,91.66666666666667,42.0,236.66666666666666,138.66666666666666,109.0,246.33333333333334,221.33333333333334,255.0,228.33333333333334,180.0,71.0,74.33333333333333,150.0,52.666666666666664,245.0,110.0,161.0,97.66666666666667,177.66666666666666,56.666666666666664,227.33333333333334,220.33333333333334,92.0,92.33333333333333,248.66666666666666,50.666666666666664,67.66666666666667,97.0,236.0,61.0,86.33333333333333,69.0,65.33333333333333,233.66666666666666,126.0,194.66666666666666,117.0,198.0,114.33333333333333,71.0,247.33333333333334,252.33333333333334,245.33333333333334,69.33333333333333,55.333333333333336,74.33333333333333,238.66666666666666,147.33333333333334,139.66666666666666,67.33333333333333,196.0,233.66666666666666,203.66666666666666,244.66666666666666,107.0,58.333333333333336,123.0,172.66666666666666,84.66666666666667,246.33333333333334,253.66666666666666,84.33333333333333,124.0,63.0,58.666666666666664,143.66666666666666,48.333333333333336,227.0,42.666666666666664,114.33333333333333,46.0,63.666666666666664
55.0,83.0,254.33333333333334,231.33333333333334,60.333333333333336,261.0,235.33333333333334,182.33333333333334,219.33333333333334,33.0,167.66666666666666,216.66666666666666,64.0,35.666666666666664,70.66666666666667,241.0,61.333333333333336,71.33333333333333,256.3333333333333,44.666666666666664,156.0,92.0,56.0,238.33333333333334,174.66666666666666,91.0,43.666666666666664,240.33333333333334,138.66666666666666,112.33333333333333,244.66666666666666,221.66666666666666,254.33333333333334,228.0,182.66666666666666,72.0,74.33333333333333,151.33333333333334,50.666666666666664,248.0,111.66666666666667,164.66666666666666,97.33333333333333,175.33333333333334,57.666666666666664,229.66666666666666,223.0,92.66666666666667,95.33333333333333,253.0,51.0,71.66666666666667,94.66666666666667,237.0,60.666666666666664,85.66666666666667,69.66666666666667,65.66666666666667,234.66666666666666,128.0,198.33333333333334,122.0,194.0,116.0,72.33333333333333,247.66666666666666,251.0,246.33333333333334,71.0,56.0,72.33333333333333,240.33333333333334,148.66666666666666,146.33333333333334,67.0,196.66666666666666,235.0,205.33333333333334,245.66666666666666,110.0,58.666666666666664,121.0,171.66666666666666,84.66666666666667,247.0,255.0,85.66666666666667,128.33333333333334,63.333333333333336,58.333333333333336,143.66666666666666,49.333333333333336,227.66666666666666,42.0,113.66666666666667,46.666666666666664,66.33333333333333
55.25,87.0,253.66666666666666,231.33333333333334,58.0,264.0,233.0,185.33333333333334,217.66666666666666,30.333333333333332,168.0,217.0,66.0,32.666666666666664,70.33333333333333,240.66666666666666,62.0,71.33333333333333,255.0,44.0,155.0,95.0,58.333333333333336,238.66666666666666,175.66666666666666,93.0,47.333333333333336,237.66666666666666,139.66666666666666,115.0,249.0,222.0,255.66666666666666,225.66666666666666,180.0,72.33333333333333,76.33333333333333,155.33333333333334,52.666666666666664,245.0,109.66666666666667,168.66666666666666,101.0,176.66666666666666,61.0,230.0,229.66666666666666,96.66666666666667,101.0,247.33333333333334,52.666666666666664,71.33333333333333,92.33333333333333,238.33333333333334,64.66666666666667,87.33333333333333,67.33333333333333,67.66666666666667,236.33333333333334,128.33333333333334,194.66666666666666,121.0,201.0,116.0,71.66666666666667,248.33333333333334,253.0,245.66666666666666,75.66666666666667,50.333333333333336,74.33333333333333,240.66666666666666,148.66666666666666,145.66666666666666,66.33333333333333,198.33333333333334,232.0,209.33333333333334,245.33333333333334,110.66666666666667,56.666666666666664,124.0,168.66666666666666,82.0,249.0,256.0,84.0,125.33333333333333,68.66666666666667,56.666666666666664,140.33333333333334,53.333333333333336,232.0,42.666666666666664,117.66666666666667,46.333333333333336,59.0
55.5,85.0,253.66666666666666,232.66666666666666,57.0,260.0,234.33333333333334,182.66666666666666,220.33333333333334,31.333333333333332,170.0,219.0,64.66666666666667,32.666666666666664,71.33333333333333,241.0,59.0,68.33333333333333,257.0,44.333333333333336,154.0,90.0,54.333333333333336,240.0,175.33333333333334,90.33333333333333,43.0,240.0,140.0,113.0,248.33333333333334,222.0,253.33333333333334,227.33333333333334,185.66666666666666,75.33333333333333,76.0,151.66666666666666,52.666666666666664,246.66666666666666,110.0,168.0,99.0,177.33333333333334,58.0,230.33333333333334,222.66666666666666,93.0,93.33333333333333,250.33333333333334,50.666666666666664,70.0,93.66666666666667,236.0,59.0,82.66666666666667,68.0,66.0,234.0,132.0,195.0,119.66666666666667,197.0,115.0,71.66666666666667,247.66666666666666,252.33333333333334,244.33333333333334,69.33333333333333,54.666666666666664,71.0,238.0,153.33333333333334,146.0,66.66666666666667,196.0,234.33333333333334,207.33333333333334,243.0,109.66666666666667,54.333333333333336,121.0,176.66666666666666,85.33333333333333,246.0,256.0,85.33333333333333,124.66666666666667,65.0,59.333333333333336,139.66666666666666,49.666666666666664,227.66666666666666,44.666666666666664,119.66666666666667,49.0,64.33333333333333
55.75,85.0,253.0,230.66666666666666,56.666666666666664,264.0,234.33333333333334,185.33333333333334,218.33333333333334,28.666666666666668,169.0,216.66666666666666,64.33333333333333,31.666666666666668,68.0,239.66666666666666,60.0,68.66666666666667,253.0,45.0,153.66666666666666,94.33333333333333,55.333333333333336,237.0,177.66666666666666,90.66666666666667,44.333333333333336,237.66666666666666,140.0,113.0,247.0,222.33333333333334,256.6666666666667,225.66666666666666,183.0,74.66666666666667,76.33333333333333,156.33333333333334,50.0,244.66666666666666,109.0,170.0,101.33333333333333,177.33333333333334,59.0,229.66666666666666,229.66666666666666,97.33333333333333,99.0,245.0,51.0,70.33333333333333,91.33333333333333,239.0,60.333333333333336,86.0,66.33333333333333,66.66666666666667,232.66666666666666,130.0,193.0,120.0,198.66666666666666,114.66666666666667,70.0,247.66666666666666,253.0,245.0,72.0,49.0,73.33333333333333,238.33333333333334,151.0,144.0,64.33333333333333,198.33333333333334,232.0,207.33333333333334,241.66666666666666,111.33333333333333,56.333333333333336,124.66666666666667,170.33333333333334,82.0,247.33333333333334,254.66666666666666,83.66666666666667,123.33333333333333,65.66666666666667,56.666666666666664,141.0,50.0,230.0,42.666666666666664,119.33333333333333,46.0,58.666666666666664
56.0,81.0,252.0,230.66666666666666,53.333333333333336,263.6666666666667,236.33333333333334,186.0,217.66666666666666,31.666666666666668,169.33333333333334,220.0,64.33333333333333,31.666666666666668,68.33333333333333,240.33333333333334,61.0,68.0,255.0,48.333333333333336,154.0,93.33333333333333,56.666666666666664,235.33333333333334,180.33333333333334,91.0,44.333333333333336,238.0,140.0,112.66666666666667,245.33333333333334,224.0,256.0,226.0,181.33333333333334,70.33333333333333,75.0,154.66666666666666,52.666666666666664,246.0,111.33333333333333,169.33333333333334,97.66666666666667,179.0,57.666666666666664,227.0,229.66666666666666,98.33333333333333,98.0,248.33333333333334,48.666666666666664,71.66666666666667,90.66666666666667,240.0,59.666666666666664,87.33333333333333,65.33333333333333,67.33333333333333,234.0,129.33333333333334,193.0,117.66666666666667,201.0,116.33333333333333,68.66666666666667,248.66666666666666,252.0,246.33333333333334,72.0,52.333333333333336,75.33333333333333,240.33333333333334,151.0,144.0,63.0,199.66666666666666,232.66666666666666,207.0,244.66666666666666,112.0,55.333333333333336,124.66666666666667,167.0,83.33333333333333,247.33333333333334,254.66666666666666,84.0,121.66666666666667,65.66666666666667,57.0,139.66666666666666,49.0,233.33333333333334,41.333333333333336,118.0,44.0,59.333333333333336
56.25,85.66666666666667,255.0,235.66666666666666,57.666666666666664,264.3333333333333,238.33333333333334,189.66666666666666,219.0,32.666666666666664,172.0,221.0,66.0,35.666666666666664,69.33333333333333,240.66666666666666,61.333333333333336,72.66666666666667,255.0,47.666666666666664,156.0,98.33333333333333,58.0,239.0,181.0,92.33333333333333,46.666666666666664,241.33333333333334,141.66666666666666,113.33333333333333,248.66666666666666,225.33333333333334,257.6666666666667,227.66666666666666,185.0,75.0,77.33333333333333,154.66666666666666,54.0,248.0,112.0,170.0,100.33333333333333,180.0,59.666666666666664,230.33333333333334,233.33333333333334,96.33333333333333,102.0,249.0,51.333333333333336,72.66666666666667,93.33333333333333,240.66666666666666,60.666666666666664,90.0,66.0,69.66666666666667,235.66666666666666,131.66666666666666,193.33333333333334,120.66666666666667,204.33333333333334,117.66666666666667,69.33333333333333,250.33333333333334,253.33333333333334,247.66666666666666,74.0,53.666666666666664,73.66666666666667,243.33333333333334,154.33333333333334,145.0,62.333333333333336,203.0,233.66666666666666,211.0,247.0,113.33333333333333,56.333333333333336,127.33333333333333,173.0,84.66666666666667,249.0,256.6666666666667,83.0,124.66666666666667,67.0,59.666666666666664,141.33333333333334,51.333333333333336,236.33333333333334,43.666666666666664,121.33333333333333,47.333333333333336,60.333333333333336
56.5,85.0,254.33333333333334,237.66666666666666,61.0,262.3333333333333,240.0,186.66666666666666,224.0,34.333333333333336,177.0,225.66666666666666,64.33333333333333,38.666666666666664,77.0,241.66666666666666,62.0,70.66666666666667,258.6666666666667,45.333333333333336,157.33333333333334,94.66666666666667,56.333333333333336,241.0,182.66666666666666,90.66666666666667,45.0,243.66666666666666,142.0,116.33333333333333,249.0,224.66666666666666,255.66666666666666,229.66666666666666,194.66666666666666,78.33333333333333,76.33333333333333,154.66666666666666,52.333333333333336,247.33333333333334,108.66666666666667,171.33333333333334,99.66666666666667,180.66666666666666,60.0,231.33333333333334,229.66666666666666,94.33333333333333,99.0,254.0,50.666666666666664,69.66666666666667,96.66666666666667,239.33333333333334,61.0,85.33333333333333,70.33333333333333,68.0,237.66666666666666,136.66666666666666,198.0,124.0,202.0,120.33333333333333,72.33333333333333,249.33333333333334,253.33333333333334,245.33333333333334,70.0,57.333333333333336,73.33333333333333,243.0,157.0,148.33333333333334,68.66666666666667,201.0,236.66666666666666,212.33333333333334,244.33333333333334,112.33333333333333,55.0,124.0,177.66666666666666,85.0,245.66666666666666,257.0,86.66666666666667,132.66666666666666,64.66666666666667,60.333333333333336,142.0,50.666666666666664,234.33333333333334,47.0,120.66666666666667,51.0,65.33333333333333
56.75,85.0,254.66666666666666,234.0,54.666666666666664,261.6666666666667,237.0,189.0,218.33333333333334,33.0,171.33333333333334,223.66666666666666,65.0,35.0,69.33333333333333,242.0,60.0,71.33333333333333,256.3333333333333,45.333333333333336,158.33333333333334,97.33333333333333,57.333333333333336,240.66666666666666,182.66666666666666,90.66666666666667,46.666666666666664,241.66666666666666,142.33333333333334,116.33333333333333,247.0,228.66666666666666,257.6666666666667,228.0,190.0,76.33333333333333,78.33333333333333,156.66666666666666,54.666666666666664,246.0,111.66666666666667,174.0,101.33333333333333,180.33333333333334,61.0,232.66666666666666,234.0,100.0,100.0,245.66666666666666,51.666666666666664,73.0,93.66666666666667,241.33333333333334,61.666666666666664,89.0,68.0,69.66666666666667,236.33333333333334,134.0,196.0,118.0,203.0,118.66666666666667,70.0,250.33333333333334,254.0,246.0,72.33333333333333,51.666666666666664,75.66666666666667,241.0,155.0,147.0,65.0,204.0,233.66666666666666,210.66666666666666,247.66666666666666,114.0,57.0,129.0,176.66666666666666,84.33333333333333,250.0,256.6666666666667,84.0,125.66666666666667,66.33333333333333,58.333333333333336,141.0,53.666666666666664,235.33333333333334,43.666666666666664,124.0,50.0,60.666666666666664
57.0,82.66666666666667,258.0,237.66666666666666,58.666666666666664,258.6666666666667,241.0,191.66666666666666,222.66666666666666,31.0,173.66666666666666,220.66666666666666,64.0,37.0,76.0,242.0,62.666666666666664,71.66666666666667,259.3333333333333,46.666666666666664,156.0,94.0,57.666666666666664,241.33333333333334,181.33333333333334,92.33333333333333,47.666666666666664,244.0,144.0,115.66666666666667,248.33333333333334,227.66666666666666,257.0,229.0,190.33333333333334,71.66666666666667,73.0,156.0,52.666666666666664,248.0,111.0,170.0,100.33333333333333,181.0,56.0,232.33333333333334,230.33333333333334,95.66666666666667,96.0,255.66666666666666,48.666666666666664,70.0,96.33333333333333,237.66666666666666,64.33333333333333,84.0,67.0,69.66666666666667,236.0,136.0,198.0,122.33333333333333,202.33333333333334,120.66666666666667,71.0,251.33333333333334,253.33333333333334,244.66666666666666,71.0,57.0,77.33333333333333,242.33333333333334,159.0,150.33333333333334,67.0,203.66666666666666,238.33333333333334,215.33333333333334,245.66666666666666,110.66666666666667,58.333333333333336,122.0,179.66666666666666,86.66666666666667,246.66666666666666,256.0,86.33333333333333,128.0,66.66666666666667,60.0,141.66666666666666,49.333333333333336,234.33333333333334,45.0,118.33333333333333,49.333333333333336,64.66666666666667
57.25,87.0,251.66666666666666,231.0,52.0,270.0,240.66666666666666,191.33333333333334,222.33333333333334,31.333333333333332,169.66666666666666,222.0,63.333333333333336,32.333333333333336,65.33333333333333,241.33333333333334,65.66666666666667,72.66666666666667,250.33333333333334,47.333333333333336,156.0,98.0,54.333333333333336,238.0,182.0,91.66666666666667,45.666666666666664,242.0,139.0,116.0,248.66666666666666,230.33333333333334,252.66666666666666,227.33333333333334,190.0,69.33333333333333,78.33333333333333,164.33333333333334,50.0,244.66666666666666,104.66666666666667,180.33333333333334,103.0,176.0,58.0,235.33333333333334,238.0,97.66666666666667,105.33333333333333,237.33333333333334,50.333333333333336,70.33333333333333,83.33333333333333,244.33333333333334,68.0,96.0,63.666666666666664,71.33333333333333,236.33333333333334,124.66666666666667,195.33333333333334,118.0,208.0,119.66666666666667,72.0,251.0,247.66666666666666,249.33333333333334,78.33333333333333,46.333333333333336,77.33333333333333,244.0,162.66666666666666,147.66666666666666,58.333333333333336,202.0,227.66666666666666,212.0,246.0,111.33333333333333,56.666666666666664,126.0,166.0,80.33333333333333,250.66666666666666,258.3333333333333,77.33333333333333,120.33333333333333,76.66666666666667,55.333333333333336,140.66666666666666,51.333333333333336,241.33333333333334,43.0,120.66666666666667,48.666666666666664,62.0
57.5,82.66666666666667,253.66666666666666,234.0,52.666666666666664,260.3333333333333,239.33333333333334,191.33333333333334,218.0,30.0,170.33333333333334,226.33333333333334,64.0,31.333333333333332,68.33333333333333,240.33333333333334,63.333333333333336,73.0,255.66666666666666,44.333333333333336,155.33333333333334,98.33333333333333,56.0,238.66666666666666,185.0,87.0,45.333333333333336,240.66666666666666,140.0,114.0,247.33333333333334,227.66666666666666,259.3333333333333,228.33333333333334,188.0,71.33333333333333,76.66666666666667,156.0,50.666666666666664,245.33333333333334,108.0,173.66666666666666,101.0,180.66666666666666,59.0,231.0,235.0,98.33333333333333,98.0,248.33333333333334,49.666666666666664,67.0,91.66666666666667,241.0,63.333333333333336,89.66666666666667,66.0,67.33333333333333,235.33333333333334,131.33333333333334,194.0,116.0,204.66666666666666,118.66666666666667,69.66666666666667,249.0,253.0,243.0,75.33333333333333,49.666666666666664,79.0,241.66666666666666,154.66666666666666,145.33333333333334,63.333333333333336,204.0,234.0,213.33333333333334,245.33333333333334,111.66666666666667,57.0,124.33333333333333,172.33333333333334,82.66666666666667,250.33333333333334,258.0,81.0,121.33333333333333,69.33333333333333,58.0,141.0,51.0,239.33333333333334,43.333333333333336,119.66666666666667,44.666666666666664,60.0
57.75,85.33333333333333,257.0,236.66666666666666,61.333333333333336,259.0,246.33333333333334,191.33333333333334,224.0,33.0,181.33333333333334,224.33333333333334,66.0,38.0,71.66666666666667,243.33333333333334,63.0,72.33333333333333,260.0,46.0,155.66666666666666,94.66666666666667,57.333333333333336,244.66666666666666,187.0,91.33333333333333,45.0,242.33333333333334,143.33333333333334,121.66666666666667,249.66666666666666,227.0,256.6666666666667,231.33333333333334,202.66666666666666,75.0,75.66666666666667,160.33333333333334,55.0,247.33333333333334,111.0,172.66666666666666,98.33333333333333,184.66666666666666,59.666666666666664,233.33333333333334,231.66666666666666,100.66666666666667,96.66666666666667,253.0,52.666666666666664,73.0,96.33333333333333,242.33333333333334,62.333333333333336,85.33333333333333,69.33333333333333,71.0,237.0,138.66666666666666,197.66666666666666,121.33333333333333,206.0,127.33333333333333,73.66666666666667,251.0,251.33333333333334,248.66666666666666,69.33333333333333,55.666666666666664,77.0,241.0,168.66666666666666,147.66666666666666,65.66666666666667,205.33333333333334,235.0,220.33333333333334,245.33333333333334,109.0,58.0,123.66666666666667,181.0,86.66666666666667,247.66666666666666,255.0,84.0,131.66666666666666,64.0,60.333333333333336,145.33333333333334,49.0,234.0,42.666666666666664,118.66666666666667,48.333333333333336,67.33333333333333
58.0,85.33333333333333,255.33333333333334,234.66666666666666,56.0,259.6666666666667,242.66666666666666,193.66666666666666,220.33333333333334,31.666666666666668,177.0,222.33333333333334,64.33333333333333,33.333333333333336,70.0,241.66666666666666,63.0,72.66666666666667,257.3333333333333,44.333333333333336,157.0,98.66666666666667,60.666666666666664,239.33333333333334,186.0,90.66666666666667,44.0,243.66666666666666,143.0,119.66666666666667,249.33333333333334,231.33333333333334,259.6666666666667,228.66666666666666,196.33333333333334,74.0,76.66666666666667,159.33333333333334,51.333333333333336,249.66666666666666,108.66666666666667,177.66666666666666,101.66666666666667,183.33333333333334,58.0,233.66666666666666,236.33333333333334,101.33333333333333,100.0,246.66666666666666,52.333333333333336,73.0,93.33333333333333,243.0,61.333333333333336,90.66666666666667,65.0,70.33333333333333,237.0,138.0,195.66666666666666,118.0,208.0,125.66666666666667,70.0,250.33333333333334,252.33333333333334,246.66666666666666,75.33333333333333,52.666666666666664,77.33333333333333,244.66666666666666,163.33333333333334,148.33333333333334,63.666666666666664,208.66666666666666,233.66666666666666,218.66666666666666,246.66666666666666,110.66666666666667,57.333333333333336,126.66666666666667,180.33333333333334,84.33333333333333,247.66666666666666,254.33333333333334,86.0,125.0,66.0,58.666666666666664,141.66666666666666,53.0,241.0,40.0,119.33333333333333,45.0,59.0
58.25,81.33333333333333,252.66666666666666,234.66666666666666,54.0,258.3333333333333,241.0,188.66666666666666,224.0,34.0,176.66666666666666,223.33333333333334,65.0,31.0,68.66666666666667,243.33333333333334,61.666666666666664,73.33333333333333,257.3333333333333,46.0,156.33333333333334,96.66666666666667,56.666666666666664,241.66666666666666,187.33333333333334,91.33333333333333,45.333333333333336,240.66666666666666,143.0,116.0,249.66666666666666,230.0,259.6666666666667,229.33333333333334,196.66666666666666,73.33333333333333,82.66666666666667,161.0,53.333333333333336,248.0,110.33333333333333,176.33333333333334,102.66666666666667,185.33333333333334,58.666666666666664,231.66666666666666,237.33333333333334,101.33333333333333,100.66666666666667,246.66666666666666,51.666666666666664,68.66666666666667,93.33333333333333,244.33333333333334,63.666666666666664,91.0,69.66666666666667,70.33333333333333,238.33333333333334,136.66666666666666,191.33333333333334,121.0,210.0,126.33333333333333,70.33333333333333,251.33333333333334,251.33333333333334,247.33333333333334,75.0,52.666666666666664,80.66666666666667,242.33333333333334,167.0,143.66666666666666,63.333333333333336,207.66666666666666,232.0,218.66666666666666,246.33333333333334,111.0,56.333333333333336,128.0,179.66666666666666,82.0,247.33333333333334,256.3333333333333,80.66666666666667,124.33333333333333,65.33333333333333,59.0,142.0,52.0,242.33333333333334,42.666666666666664,121.0,46.0,60.666666666666664
58.5,90.33333333333333,252.0,238.33333333333334,57.666666666666664,266.3333333333333,244.33333333333334,193.0,225.0,32.666666666666664,177.33333333333334,226.0,64.66666666666667,37.666666666666664,67.66666666666667,244.33333333333334,64.66666666666667,77.66666666666667,255.0,47.0,157.0,99.33333333333333,58.333333333333336,238.0,183.33333333333334,96.0,43.333333333333336,246.0,139.66666666666666,116.66666666666667,249.66666666666666,232.0,255.33333333333334,229.33333333333334,196.0,71.0,77.66666666666667,163.66666666666666,50.666666666666664,249.0,103.33333333333333,183.33333333333334,108.33333333333333,179.0,59.0,238.0,244.33333333333334,101.33333333333333,106.66666666666667,238.33333333333334,51.333333333333336,70.66666666666667,88.33333333333333,248.33333333333334,65.66666666666667,94.66666666666667,65.66666666666667,72.33333333333333,237.0,135.33333333333334,199.0,115.66666666666667,210.33333333333334,122.33333333333333,69.66666666666667,253.66666666666666,247.33333333333334,249.0,82.33333333333333,49.333333333333336,78.66666666666667,246.0,167.0,154.0,61.666666666666664,206.66666666666666,231.0,215.66666666666666,244.66666666666666,115.66666666666667,54.666666666666664,129.0,172.0,81.0,249.0,261.0,80.0,121.0,75.66666666666667,57.666666666666664,141.0,54.333333333333336,246.33333333333334,43.666666666666664,122.66666666666667,47.333333333333336,62.0
58.75,81.66666666666667,254.33333333333334,234.33333333333334,52.333333333333336,262.6666666666667,243.66666666666666,194.0,218.0,33.333333333333336,169.66666666666666,228.0,64.0,32.666666666666664,67.0,242.66666666666666,61.333333333333336,75.33333333333333,254.66666666666666,46.333333333333336,154.0,99.66666666666667,60.0,238.66666666666666,189.33333333333334,92.33333333333333,45.666666666666664,242.66666666666666,143.66666666666666,114.66666666666667,247.33333333333334,234.33333333333334,256.3333333333333,228.33333333333334,195.66666666666666,77.0,79.66666666666667,160.33333333333334,53.666666666666664,249.0,112.66666666666667,181.0,103.0,183.33333333333334,57.666666666666664,233.0,242.33333333333334,101.66666666666667,106.33333333333333,238.66666666666666,45.666666666666664,70.66666666666667,90.66666666666667,242.33333333333334,63.333333333333336,91.66666666666667,63.666666666666664,69.33333333333333,236.0,139.0,193.33333333333334,117.33333333333333,210.33333333333334,123.66666666666667,69.66666666666667,252.33333333333334,252.0,247.33333333333334,77.33333333333333,46.0,80.66666666666667,244.0,165.0,146.66666666666666,59.666666666666664,202.66666666666666,231.66666666666666,214.33333333333334,243.33333333333334,110.0,55.666666666666664,125.66666666666667,180.33333333333334,82.33333333333333,250.33333333333334,257.3333333333333,81.0,121.33333333333333,72.0,57.333333333333336,140.33333333333334,52.0,242.0,39.666666666666664,124.33333333333333,48.0,57.333333333333336
59.0,86.33333333333333,256.6666666666667,238.66666666666666,61.666666666666664,255.0,250.66666666666666,195.33333333333334,224.66666666666666,33.0,182.33333333333334,227.66666666666666,66.0,37.666666666666664,72.66666666666667,245.0,63.0,77.66666666666667,261.6666666666667,47.333333333333336,154.0,98.66666666666667,60.333333333333336,242.33333333333334,190.66666666666666,92.33333333333333,48.333333333333336,246.33333333333334,143.66666666666666,120.0,249.33333333333334,231.33333333333334,259.6666666666667,234.0,202.33333333333334,72.33333333333333,78.0,159.0,54.0,248.66666666666666,111.66666666666667,176.33333333333334,101.0,185.33333333333334,58.0,234.66666666666666,235.66666666666666,98.0,95.0,257.6666666666667,49.333333333333336,72.66666666666667,95.66666666666667,242.33333333333334,61.333333333333336,81.33333333333333,69.66666666666667,69.66666666666667,237.0,145.33333333333334,195.0,123.66666666666667,207.66666666666666,131.0,71.66666666666667,253.66666666666666,250.66666666666666,247.33333333333334,71.0,57.0,80.66666666666667,243.33333333333334,162.33333333333334,149.33333333333334,68.0,207.33333333333334,241.0,220.66666666666666,247.33333333333334,110.66666666666667,56.333333333333336,122.0,187.33333333333334,83.66666666666667,245.66666666666666,255.0,86.66666666666667,131.66666666666666,63.666666666666664,58.0,140.0,54.666666666666664,238.33333333333334,47.0,118.66666666666667,47.666666666666664,64.66666666666667
59.25,84.33333333333333,251.33333333333334,232.33333333333334,55.0,259.6666666666667,244.33333333333334,194.66666666666666,219.66666666666666,33.666666666666664,181.0,226.66666666666666,66.66666666666667,34.333333333333336,68.0,243.0,63.0,76.66666666666667,256.6666666666667,46.0,155.66666666666666,100.66666666666667,58.0,240.33333333333334,190.0,88.0,41.666666666666664,243.33333333333334,143.0,120.0,247.33333333333334,230.0,257.6666666666667,226.0,203.0,71.0,80.0,162.66666666666666,52.666666666666664,245.66666666666666,108.66666666666667,182.0,105.0,186.66666666666666,58.333333333333336,232.66666666666666,238.66666666666666,103.66666666666667,103.66666666666667,242.33333333333334,52.0,68.66666666666667,91.0,244.33333333333334,62.333333333333336,91.0,67.66666666666667,73.66666666666667,238.33333333333334,140.0,193.66666666666666,119.33333333333333,213.0,128.33333333333334,72.66666666666667,253.0,252.0,251.0,75.0,49.333333333333336,81.0,243.0,168.33333333333334,145.0,64.0,209.33333333333334,231.33333333333334,219.0,246.66666666666666,111.66666666666667,55.0,127.33333333333333,184.0,82.33333333333333,248.66666666666666,257.6666666666667,84.33333333333333,125.33333333333333,66.0,58.0,141.0,51.666666666666664,241.66666666666666,43.666666666666664,121.66666666666667,49.0,60.0
59.5,83.66666666666667,255.66666666666666,237.0,56.333333333333336,258.3333333333333,247.0,197.0,221.33333333333334,34.666666666666664,180.0,228.0,65.66666666666667,33.333333333333336,69.66666666666667,245.33333333333334,62.333333333333336,79.33333333333333,259.3333333333333,51.0,158.33333333333334,104.66666666666667,60.666666666666664,241.66666666666666,193.33333333333334,93.0,47.666666666666664,244.33333333333334,142.33333333333334,120.66666666666667,252.0,235.33333333333334,260.6666666666667,230.33333333333334,201.0,77.66666666666667,80.33333333333333,160.66666666666666,53.333333333333336,249.66666666666666,114.0,181.66666666666666,105.0,190.66666666666666,64.0,234.66666666666666,243.0,104.0,101.66666666666667,249.0,52.333333333333336,74.0,97.66666666666667,247.0,66.0,90.0,71.0,69.0,240.66666666666666,144.33333333333334,194.0,118.33333333333333,211.0,130.0,70.33333333333333,250.66666666666666,254.66666666666666,246.33333333333334,77.33333333333333,51.0,87.66666666666667,244.33333333333334,164.0,148.66666666666666,65.66666666666667,211.33333333333334,237.66666666666666,218.66666666666666,248.33333333333334,113.0,59.0,129.33333333333334,181.33333333333334,86.0,247.33333333333334,258.3333333333333,86.33333333333333,127.66666666666667,64.33333333333333,61.333333333333336,143.66666666666666,58.666666666666664,243.33333333333334,44.666666666666664,125.66666666666667,47.666666666666664,60.666666666666664
59.75,85.33333333333333,255.33333333333334,238.0,56.333333333333336,259.0,248.66666666666666,196.66666666666666,221.33333333333334,37.333333333333336,179.0,227.33333333333334,66.0,34.0,69.66666666666667,245.0,66.66666666666667,81.33333333333333,257.3333333333333,49.0,158.0,101.66666666666667,60.666666666666664,242.33333333333334,194.66666666666666,92.33333333333333,45.666666666666664,244.66666666666666,143.33333333333334,121.33333333333333,251.66666666666666,232.0,259.6666666666667,228.66666666666666,202.33333333333334,76.33333333333333,80.33333333333333,161.66666666666666,53.0,248.33333333333334,112.0,182.66666666666666,107.66666666666667,187.66666666666666,61.666666666666664,233.0,241.33333333333334,104.33333333333333,102.0,248.0,56.0,71.0,93.66666666666667,247.66666666666666,62.666666666666664,90.33333333333333,67.66666666666667,72.66666666666667,240.33333333333334,143.0,193.66666666666666,119.0,213.0,133.0,73.0,252.0,251.33333333333334,251.0,75.66666666666667,54.0,86.66666666666667,245.66666666666666,164.0,149.66666666666666,65.33333333333333,210.0,235.33333333333334,222.33333333333334,248.33333333333334,113.66666666666667,57.666666666666664,126.33333333333333,184.66666666666666,84.0,248.66666666666666,258.6666666666667,84.0,128.0,66.0,59.666666666666664,141.33333333333334,55.0,243.0,47.0,123.0,48.333333333333336,59.0
60.0,84.66666666666667,253.0,238.66666666666666,53.666666666666664,256.6666666666667,248.66666666666666,198.0,219.66666666666666,33.666666666666664,179.66666666666666,227.66666666666666,63.333333333333336,34.333333333333336,68.66666666666667,242.66666666666666,67.0,80.0,257.0,46.333333333333336,155.66666666666666,99.66666666666667,60.666666666666664,241.33333333333334,195.0,92.66666666666667,46.666666666666664,245.33333333333334,144.66666666666666,123.66666666666667,251.66666666666666,233.33333333333334,260.0,229.0,202.33333333333334,73.0,78.33333333333333,160.33333333333334,58.0,247.33333333333334,111.66666666666667,185.0,102.33333333333333,188.0,59.0,233.66666666666666,240.66666666666666,103.33333333333333,101.0,249.66666666666666,53.0,72.0,95.0,245.0,63.666666666666664,90.0,68.0,70.33333333333333,238.0,142.66666666666666,194.66666666666666,116.33333333333333,212.33333333333334,130.66666666666666,68.33333333333333,251.33333333333334,252.0,246.33333333333334,74.66666666666667,51.333333333333336,84.33333333333333,244.0,165.66666666666666,148.0,63.666666666666664,210.0,238.33333333333334,222.33333333333334,249.33333333333334,112.0,58.333333333333336,125.66666666666667,184.0,81.0,247.66666666666666,258.0,84.66666666666667,127.33333333333333,67.33333333333333,57.333333333333336,141.0,55.333333333333336,244.33333333333334,43.0,125.33333333333333,45.333333333333336,62.333333333333336
60.25,83.66666666666667,255.33333333333334,239.33333333333334,54.0,256.3333333333333,250.33333333333334,200.33333333333334,218.0,33.333333333333336,180.66666666666666,229.0,64.0,33.666666666666664,70.33333333333333,242.33333333333334,60.333333333333336,79.33333333333333,256.3333333333333,45.666666666666664,156.33333333333334,102.33333333333333,61.666666666666664,240.0,193.33333333333334,94.0,45.0,244.66666666666666,143.0,123.66666666666667,248.33333333333334,233.66666666666666,258.3333333333333,230.66666666666666,204.33333333333334,73.33333333333333,76.0,162.66666666666666,54.666666666666664,248.66666666666666,108.66666666666667,182.0,103.0,190.33333333333334,58.333333333333336,233.33333333333334,239.66666666666666,102.0,98.66666666666667,252.33333333333334,51.333333333333336,69.33333333333333,93.66666666666667,244.66666666666666,64.0,91.66666666666667,66.0,69.66666666666667,238.0,145.33333333333334,191.0,120.0,211.66666666666666,132.33333333333334,70.33333333333333,249.66666666666666,253.0,245.0,77.66666666666667,51.0,85.66666666666667,244.66666666666666,164.33333333333334,149.0,65.0,211.33333333333334,237.66666666666666,221.0,247.66666666666666,109.66666666666667,56.666666666666664,123.33333333333333,183.33333333333334,84.0,247.33333333333334,259.6666666666667,84.33333333333333,127.33333333333333,63.333333333333336,58.0,140.33333333333334,58.0,242.66666666666666,42.333333333333336,123.33333333333333,44.0,58.666666666666664
60.5,86.33333333333333,255.33333333333334,239.0,54.666666666666664,262.0,252.66666666666666,203.66666666666666,218.66666666666666,35.0,176.33333333333334,233.0,62.666666666666664,35.0,67.33333333333333,243.0,64.33333333333333,84.66666666666667,257.0,48.0,157.0,106.0,60.666666666666664,240.33333333333334,196.33333333333334,97.0,44.333333333333336,247.66666666666666,146.0,123.0,250.66666666666666,238.66666666666666,259.3333333333333,233.33333333333334,202.66666666666666,74.33333333333333,79.33333333333333,163.66666666666666,52.666666666666664,249.66666666666666,109.66666666666667,188.33333333333334,104.33333333333333,188.0,58.666666666666664,235.66666666666666,246.33333333333334,103.0,104.66666666666667,243.0,50.333333333333336,69.33333333333333,92.33333333333333,247.33333333333334,65.0,93.66666666666667,63.333333333333336,72.66666666666667,238.33333333333334,145.66666666666666,194.33333333333334,119.33333333333333,216.0,132.33333333333334,70.66666666666667,252.33333333333334,251.0,246.66666666666666,84.0,51.0,87.66666666666667,246.66666666666666,165.33333333333334,150.66666666666666,64.66666666666667,210.66666666666666,235.0,219.66666666666666,247.33333333333334,113.33333333333333,58.0,126.66666666666667,178.33333333333334,84.0,249.66666666666666,263.6666666666667,84.66666666666667,124.33333333333333,71.33333333333333,59.0,139.33333333333334,59.0,246.0,44.333333333333336,127.0,47.0,59.0
60.75,84.66666666666667,256.3333333333333,239.33333333333334,57.0,254.0,246.33333333333334,203.33333333333334,220.33333333333334,32.333333333333336,181.0,227.33333333333334,63.333333333333336,35.333333333333336,73.66666666666667,242.33333333333334,64.0,80.66666666666667,259.3333333333333,49.333333333333336,158.0,106.33333333333333,61.666666666666664,241.66666666666666,196.33333333333334,91.66666666666667,45.666666666666664,246.33333333333334,143.33333333333334,123.66666666666667,251.33333333333334,235.66666666666666,261.3333333333333,233.66666666666666,204.66666666666666,75.33333333333333,79.0,160.33333333333334,52.666666666666664,249.33333333333334,113.33333333333333,180.0,104.66666666666667,191.66666666666666,61.0,236.0,242.33333333333334,103.66666666666667,98.0,245.0,55.333333333333336,71.66666666666667,97.0,246.66666666666666,65.33333333333333,93.33333333333333,68.66666666666667,70.33333333333333,239.66666666666666,149.66666666666666,194.0,118.33333333333333,215.33333333333334,133.33333333333334,71.66666666666667,253.33333333333334,254.66666666666666,245.66666666666666,78.66666666666667,53.666666666666664,86.0,248.33333333333334,174.66666666666666,150.0,66.33333333333333,214.33333333333334,237.66666666666666,225.0,245.0,112.33333333333333,59.333333333333336,128.33333333333334,186.33333333333334,87.33333333333333,243.0,259.6666666666667,83.66666666666667,125.66666666666667,68.66666666666667,59.0,142.66666666666666,58.333333333333336,247.66666666666666,46.0,124.0,47.333333333333336,62.0
61.0,88.33333333333333,255.33333333333334,242.66666666666666,58.666666666666664,259.0,252.33333333333334,201.66666666666666,221.33333333333334,30.333333333333332,187.0,228.66666666666666,65.0,36.666666666666664,72.33333333333333,245.33333333333334,65.0,82.0,259.6666666666667,45.0,155.33333333333334,104.0,58.333333333333336,241.33333333333334,196.33333333333334,93.0,45.333333333333336,249.0,143.33333333333334,126.0,251.66666666666666,235.0,260.0,231.33333333333334,208.66666666666666,76.33333333333333,77.66666666666667,163.66666666666666,53.0,249.66666666666666,110.33333333333333,186.33333333333334,107.0,189.66666666666666,60.666666666666664,237.0,242.66666666666666,109.0,101.66666666666667,251.33333333333334,53.666666666666664,72.0,95.0,246.33333333333334,63.666666666666664,89.0,66.33333333333333,72.33333333333333,239.66666666666666,151.0,198.0,119.33333333333333,213.0,137.33333333333334,71.66666666666667,251.0,251.66666666666666,247.66666666666666,78.66666666666667,51.333333333333336,84.33333333333333,244.66666666666666,170.66666666666666,150.66666666666666,65.66666666666667,215.66666666666666,238.66666666666666,225.33333333333334,248.33333333333334,112.0,55.666666666666664,129.33333333333334,189.33333333333334,84.66666666666667,244.66666666666666,261.3333333333333,84.66666666666667,128.66666666666666,63.666666666666664,59.666666666666664,142.33333333333334,57.0,248.33333333333334,46.666666666666664,124.33333333333333,45.666666666666664,58.666666666666664
61.25,86.33333333333333,254.0,237.0,53.333333333333336,262.6666666666667,252.33333333333334,203.33333333333334,221.0,33.666666666666664,181.0,233.66666666666666,66.66666666666667,34.333333333333336,64.66666666666667,247.0,64.33333333333333,85.66666666666667,257.3333333333333,50.333333333333336,155.33333333333334,103.66666666666667,59.666666666666664,242.0,198.0,90.33333333333333,45.0,244.33333333333334,142.0,126.0,250.0,236.0,257.3333333333333,230.0,208.66666666666666,77.66666666666667,84.66666666666667,167.66666666666666,55.333333333333336,249.33333333333334,111.66666666666667,188.66666666666666,107.33333333333333,191.33333333333334,59.0,235.66666666666666,247.0,108.33333333333333,107.0,242.0,52.0,70.66666666666667,93.33333333333333,249.0,66.0,93.66666666666667,67.0,73.66666666666667,239.66666666666666,146.66666666666666,194.0,120.66666666666667,216.0,138.0,68.33333333333333,251.66666666666666,250.33333333333334,250.66666666666666,75.0,46.333333333333336,88.33333333333333,246.66666666666666,173.66666666666666,148.0,61.333333333333336,209.66666666666666,233.0,222.0,245.33333333333334,112.66666666666667,56.333333333333336,128.66666666666666,184.0,85.0,249.33333333333334,262.0,81.0,124.0,68.33333333333333,55.666666666666664,140.33333333333334,57.0,247.0,44.333333333333336,129.0,44.666666666666664,54.666666666666664
61.5,84.33333333333333,257.0,240.66666666666666,54.0,254.0,250.66666666666666,202.0,216.66666666666666,32.666666666666664,186.0,227.33333333333334,61.0,33.666666666666664,66.66666666666667,242.33333333333334,63.333333333333336,84.0,258.0,46.0,156.66666666666666,104.33333333333333,59.666666666666664,241.66666666666666,197.0,91.0,42.666666666666664,247.33333333333334,143.0,123.0,250.0,237.0,261.0,231.33333333333334,208.0,78.0,78.66666666666667,161.33333333333334,54.0,251.0,109.0,184.66666666666666,103.66666666666667,190.0,61.0,236.0,240.66666666666666,103.0,98.33333333333333,252.0,51.333333333333336,68.33333333333333,94.0,245.66666666666666,61.0,88.66666666666667,64.33333333333333,71.66666666666667,240.0,149.33333333333334,191.0,118.0,214.0,139.66666666666666,69.33333333333333,251.33333333333334,254.33333333333334,247.0,75.33333333333333,50.666666666666664,86.33333333333333,243.66666666666666,169.0,149.0,63.666666666666664,215.0,239.33333333333334,223.66666666666666,246.66666666666666,113.0,55.666666666666664,127.0,189.33333333333334,85.33333333333333,242.33333333333334,260.0,86.66666666666667,126.33333333333333,64.33333333333333,58.333333333333336,141.66666666666666,55.666666666666664,243.0,44.0,123.0,43.666666666666664,57.666666666666664
61.75,82.66666666666667,253.33333333333334,234.33333333333334,51.0,259.6666666666667,250.33333333333334,200.66666666666666,222.33333333333334,34.666666666666664,179.66666666666666,230.33333333333334,63.0,32.333333333333336,66.66666666666667,246.66666666666666,61.0,85.66666666666667,257.6666666666667,46.333333333333336,158.0,106.33333333333333,59.0,242.66666666666666,198.66666666666666,88.33333333333333,42.0,243.33333333333334,144.66666666666666,124.33333333333333,252.33333333333334,236.33333333333334,255.66666666666666,229.33333333333334,206.0,73.33333333333333,82.33333333333333,166.0,51.666666666666664,248.33333333333334,111.33333333333333,188.66666666666666,108.0,191.0,58.333333333333336,237.0,244.66666666666666,104.33333333333333,104.0,237.66666666666666,50.333333333333336,69.33333333333333,92.0,248.33333333333334,66.33333333333333,91.33333333333333,66.33333333333333,71.66666666666667,238.66666666666666,143.0,190.33333333333334,118.33333333333333,218.0,137.33333333333334,69.66666666666667,252.66666666666666,252.0,251.0,75.0,45.333333333333336,90.33333333333333,244.33333333333334,176.66666666666666,145.0,59.333333333333336,212.66666666666666,229.66666666666666,225.0,243.66666666666666,111.0,59.0,127.0,183.0,84.33333333333333,249.0,261.3333333333333,78.0,124.33333333333333,70.66666666666667,56.666666666666664,140.66666666666666,58.0,246.0,40.333333333333336,125.66666666666667,47.666666666666664,58.666666666666664
62.0,83.66666666666667,252.33333333333334,241.33333333333334,58.666666666666664,259.6666666666667,253.0,204.0,218.66666666666666,31.666666666666668,188.66666666666666,226.66666666666666,59.333333333333336,33.0,68.33333333333333,245.33333333333334,62.333333333333336,87.66666666666667,257.6666666666667,46.666666666666664,156.66666666666666,108.0,58.0,241.33333333333334,197.0,90.33333333333333,43.666666666666664,247.66666666666666,143.66666666666666,127.0,249.66666666666666,236.0,259.0,229.0,212.0,73.66666666666667,76.33333333333333,162.33333333333334,51.0,248.33333333333334,111.33333333333333,187.66666666666666,106.33333333333333,191.0,59.0,236.66666666666666,244.0,106.0,103.66666666666667,247.33333333333334,49.333333333333336,69.0,92.0,246.66666666666666,65.33333333333333,89.66666666666667,63.333333333333336,72.0,238.0,152.33333333333334,194.33333333333334,118.0,216.0,142.33333333333334,71.66666666666667,253.33333333333334,250.0,245.33333333333334,76.66666666666667,49.0,86.66666666666667,246.0,177.33333333333334,149.33333333333334,62.0,215.66666666666666,237.33333333333334,225.33333333333334,246.33333333333334,113.66666666666667,56.0,128.66666666666666,188.66666666666666,83.66666666666667,243.0,260.3333333333333,81.0,128.0,64.0,59.666666666666664,141.66666666666666,54.666666666666664,248.0,42.333333333333336,125.33333333333333,45.333333333333336,57.0
62.25,85.33333333333333,254.66666666666666,242.33333333333334,58.333333333333336,258.6666666666667,251.33333333333334,207.0,220.0,31.666666666666668,190.0,225.66666666666666,58.0,34.666666666666664,69.0,243.33333333333334,63.0,87.0,258.3333333333333,46.333333333333336,159.33333333333334,107.0,57.333333333333336,244.0,197.66666666666666,95.0,44.666666666666664,247.66666666666666,143.66666666666666,125.33333333333333,252.0,235.33333333333334,255.66666666666666,233.0,210.0,67.0,73.0,164.33333333333334,49.666666666666664,250.0,105.66666666666667,188.0,104.0,189.33333333333334,59.0,243.66666666666666,246.33333333333334,103.0,103.33333333333333,244.66666666666666,51.333333333333336,71.33333333333333,91.0,250.33333333333334,63.666666666666664,89.33333333333333,64.66666666666667,71.66666666666667,240.66666666666666,152.33333333333334,196.0,119.0,215.33333333333334,138.0,72.66666666666667,255.33333333333334,248.0,247.33333333333334,79.66666666666667,49.666666666666664,87.66666666666667,244.0,175.66666666666666,155.66666666666666,65.66666666666667,218.0,237.33333333333334,227.33333333333334,246.33333333333334,114.66666666666667,56.0,127.33333333333333,182.0,82.33333333333333,238.66666666666666,263.0,83.33333333333333,128.33333333333334,69.0,58.666666666666664,141.66666666666666,55.666666666666664,249.33333333333334,42.333333333333336,123.33333333333333,45.0,59.333333333333336
62.5,89.0,258.3333333333333,246.0,62.333333333333336,255.66666666666666,257.0,206.66666666666666,223.0,35.333333333333336,198.33333333333334,230.66666666666666,63.333333333333336,38.666666666666664,78.0,247.0,64.66666666666667,86.33333333333333,263.6666666666667,49.333333333333336,156.33333333333334,106.33333333333333,56.666666666666664,244.66666666666666,198.0,93.33333333333333,43.0,252.0,145.66666666666666,128.33333333333334,252.66666666666666,236.33333333333334,261.3333333333333,235.0,220.0,78.66666666666667,79.0,165.33333333333334,57.333333333333336,251.0,110.66666666666667,187.33333333333334,106.0,193.66666666666666,59.666666666666664,238.66666666666666,240.66666666666666,102.66666666666667,101.33333333333333,259.3333333333333,54.0,71.0,98.66666666666667,245.33333333333334,63.333333333333336,85.66666666666667,69.66666666666667,74.33333333333333,240.66666666666666,159.0,199.0,123.66666666666667,216.33333333333334,144.33333333333334,75.33333333333333,253.66666666666666,252.0,247.66666666666666,76.0,57.0,88.66666666666667,247.33333333333334,179.33333333333334,152.66666666666666,68.66666666666667,218.33333333333334,244.33333333333334,228.0,248.66666666666666,114.0,57.333333333333336,127.33333333333333,195.0,88.0,241.33333333333334,263.3333333333333,88.66666666666667,135.33333333333334,67.33333333333333,60.333333333333336,144.33333333333334,58.666666666666664,246.66666666666666,47.333333333333336,123.33333333333333,48.333333333333336,61.666666666666664
62.75,83.33333333333333,252.0,239.0,52.0,256.6666666666667,251.66666666666666,204.66666666666666,219.33333333333334,32.666666666666664,194.0,227.66666666666666,62.0,31.333333333333332,68.0,241.66666666666666,61.666666666666664,82.33333333333333,259.6666666666667,43.666666666666664,154.0,107.0,57.666666666666664,242.0,199.0,89.33333333333333,41.333333333333336,246.33333333333334,143.33333333333334,127.0,249.33333333333334,236.33333333333334,256.6666666666667,228.33333333333334,215.33333333333334,71.33333333333333,78.33333333333333,166.0,48.333333333333336,246.66666666666666,107.33333333333333,188.66666666666666,106.0,192.33333333333334,59.666666666666664,235.66666666666666,242.33333333333334,106.33333333333333,102.33333333333333,248.0,49.333333333333336,68.33333333333333,93.0,246.66666666666666,62.666666666666664,90.66666666666667,67.0,73.33333333333333,239.33333333333334,154.0,191.33333333333334,114.66666666666667,215.33333333333334,145.0,71.0,251.0,252.0,248.0,77.0,49.666666666666664,87.66666666666667,245.33333333333334,178.0,149.66666666666666,61.666666666666664,213.0,237.0,225.33333333333334,244.66666666666666,109.33333333333333,53.0,126.66666666666667,191.33333333333334,82.66666666666667,241.0,263.0,81.33333333333333,127.0,65.0,59.0,140.66666666666666,54.666666666666664,248.33333333333334,41.666666666666664,124.66666666666667,44.0,54.333333333333336
63.0,85.0,256.6666666666667,243.66666666666666,63.333333333333336,251.0,258.3333333333333,206.66666666666666,218.66666666666666,33.666666666666664,194.66666666666666,229.33333333333334,61.666666666666664,36.0,74.33333333333333,245.0,65.0,88.66666666666667,262.3333333333333,46.666666666666664,155.0,103.66666666666667,56.333333333333336,242.66666666666666,202.66666666666666,91.0,41.333333333333336,248.0,144.66666666666666,131.0,251.33333333333334,238.0,260.0,233.0,217.0,75.0,76.0,161.66666666666666,56.0,250.0,110.66666666666667,186.0,103.33333333333333,194.66666666666666,59.0,237.0,241.0,103.0,96.66666666666667,259.3333333333333,49.333333333333336,70.66666666666667,94.33333333333333,243.66666666666666,61.333333333333336,85.66666666666667,65.66666666666667,68.0,240.33333333333334,158.0,193.0,121.66666666666667,212.33333333333334,145.0,73.66666666666667,251.0,251.0,243.66666666666666,69.33333333333333,55.666666666666664,89.66666666666667,244.66666666666666,178.66666666666666,152.66666666666666,67.0,215.66666666666666,243.33333333333334,229.33333333333334,246.33333333333334,112.0,57.0,123.66666666666667,194.66666666666666,87.0,240.33333333333334,260.6666666666667,88.0,132.33333333333334,62.0,55.333333333333336,142.66666666666666,55.0,244.0,44.666666666666664,123.66666666666667,45.0,63.333333333333336
63.25,84.33333333333333,254.33333333333334,239.66666666666666,54.333333333333336,258.0,254.33333333333334,203.66666666666666,221.33333333333334,30.666666666666668,192.66666666666666,228.66666666666666,60.666666666666664,32.333333333333336,69.33333333333333,246.66666666666666,65.33333333333333,85.33333333333333,259.3333333333333,47.666666666666664,158.33333333333334,106.66666666666667,61.0,242.33333333333334,198.66666666666666,88.66666666666667,43.333333333333336,245.66666666666666,146.33333333333334,129.33333333333334,252.0,236.66666666666666,261.0,230.33333333333334,214.66666666666666,72.66666666666667,79.66666666666667,167.66666666666666,51.666666666666664,248.66666666666666,109.0,189.66666666666666,107.33333333333333,192.66666666666666,57.666666666666664,240.33333333333334,242.66666666666666,107.66666666666667,102.66666666666667,250.0,52.0,69.0,88.66666666666667,247.0,64.66666666666667,90.0,66.0,72.33333333333333,239.33333333333334,153.33333333333334,191.33333333333334,119.66666666666667,217.66666666666666,146.33333333333334,71.66666666666667,254.0,253.33333333333334,247.66666666666666,74.33333333333333,50.333333333333336,88.66666666666667,245.66666666666666,182.33333333333334,148.33333333333334,64.0,216.0,237.33333333333334,231.0,246.0,110.66666666666667,56.333333333333336,128.66666666666666,188.33333333333334,83.0,242.33333333333334,261.0,82.0,131.0,69.0,59.333333333333336,142.0,58.333333333333336,248.66666666666666,41.0,124.33333333333333,45.0,59.333333333333336
63.5,81.0,255.33333333333334,242.66666666666666,53.0,253.0,253.0,207.33333333333334,217.33333333333334,32.333333333333336,191.66666666666666,229.0,59.0,33.666666666666664,71.0,242.66666666666666,62.666666666666664,90.33333333333333,260.0,46.0,155.66666666666666,106.33333333333333,57.666666666666664,241.66666666666666,202.0,88.66666666666667,45.0,246.33333333333334,141.33333333333334,128.33333333333334,250.0,235.33333333333334,260.0,232.33333333333334,217.66666666666666,75.0,80.0,162.33333333333334,53.666666666666664,248.0,111.33333333333333,191.33333333333334,105.33333333333333,193.33333333333334,60.333333333333336,236.66666666666666,243.33333333333334,105.33333333333333,99.66666666666667,248.33333333333334,50.0,68.66666666666667,92.0,247.33333333333334,61.0,88.0,68.66666666666667,73.33333333333333,238.33333333333334,157.33333333333334,193.0,117.0,216.0,145.33333333333334,69.33333333333333,252.66666666666666,251.66666666666666,247.0,74.66666666666667,51.666666666666664,88.33333333333333,244.66666666666666,182.33333333333334,146.66666666666666,63.666666666666664,217.66666666666666,238.0,230.33333333333334,246.0,110.0,54.666666666666664,128.33333333333334,192.66666666666666,84.66666666666667,238.0,261.3333333333333,80.66666666666667,128.33333333333334,67.33333333333333,56.0,141.33333333333334,57.0,247.0,42.0,125.66666666666667,46.0,59.666666666666664
63.75,82.66666666666667,256.6666666666667,242.0,56.666666666666664,257.0,256.0,209.0,220.66666666666666,35.0,193.66666666666666,231.33333333333334,61.666666666666664,35.333333333333336,71.0,247.66666666666666,64.0,90.0,258.6666666666667,48.333333333333336,157.66666666666666,108.0,58.666666666666664,243.66666666666666,203.66666666666666,91.0,44.333333333333336,246.0,143.66666666666666,131.33333333333334,252.33333333333334,237.66666666666666,260.0,233.33333333333334,218.66666666666666,74.66666666666667,82.33333333333333,166.66666666666666,52.333333333333336,250.33333333333334,110.0,193.0,105.0,195.33333333333334,61.0,239.33333333333334,244.33333333333334,108.0,103.33333333333333,251.33333333333334,52.666666666666664,71.66666666666667,93.33333333333333,250.0,64.33333333333333,90.66666666666667,68.0,74.66666666666667,240.33333333333334,157.33333333333334,193.33333333333334,120.33333333333333,219.33333333333334,148.33333333333334,71.66666666666667,254.33333333333334,251.66666666666666,251.0,74.0,51.333333333333336,92.33333333333333,246.0,182.66666666666666,148.66666666666666,65.66666666666667,218.0,237.66666666666666,231.0,246.0,111.0,54.666666666666664,130.0,191.0,84.66666666666667,241.0,263.0,79.66666666666667,131.66666666666666,67.33333333333333,55.333333333333336,142.0,58.666666666666664,249.66666666666666,41.333333333333336,126.0,46.0,59.0
64.0,84.0,255.0,240.33333333333334,54.0,258.0,256.0,211.33333333333334,215.33333333333334,34.666666666666664,184.66666666666666,234.0,61.0,35.666666666666664,68.33333333333333,243.66666666666666,64.33333333333333,95.33333333333333,257.6666666666667,49.333333333333336,156.66666666666666,108.0,59.666666666666664,241.33333333333334,204.33333333333334,90.66666666666667,47.333333333333336,248.66666666666666,143.66666666666666,130.33333333333334,251.0,240.66666666666666,258.0,230.66666666666666,214.66666666666666,75.0,81.33333333333333,164.66666666666666,52.333333333333336,249.66666666666666,108.66666666666667,195.66666666666666,106.66666666666667,191.33333333333334,59.666666666666664,238.66666666666666,250.0,105.33333333333333,103.33333333333333,242.0,53.0,72.66666666666667,90.33333333333333,247.66666666666666,65.0,89.33333333333333,62.333333333333336,72.0,239.66666666666666,158.0,192.33333333333334,117.33333333333333,220.0,144.66666666666666,67.33333333333333,253.66666666666666,250.33333333333334,249.0,77.66666666666667,46.0,94.66666666666667,247.33333333333334,180.33333333333334,149.66666666666666,62.0,217.0,235.33333333333334,223.66666666666666,245.66666666666666,112.66666666666667,56.666666666666664,129.33333333333334,187.66666666666666,81.66666666666667,242.33333333333334,266.0,80.66666666666667,125.0,73.33333333333333,55.0,141.0,58.666666666666664,251.33333333333334,41.333333333333336,129.0,46.666666666666664,55.0
64.25,84.0,260.0,245.33333333333334,60.0,250.0,258.6666666666667,211.33333333333334,220.66666666666666,34.0,197.0,230.66666666666666,59.666666666666664,37.0,74.0,247.0,65.66666666666667,94.0,265.0,47.0,157.66666666666666,110.0,60.0,247.33333333333334,205.33333333333334,94.0,46.0,248.0,145.33333333333334,133.33333333333334,253.66666666666666,239.66666666666666,259.3333333333333,237.0,222.0,77.33333333333333,74.33333333333333,163.66666666666666,55.666666666666664,249.66666666666666,112.0,190.0,102.66666666666667,199.66666666666666,61.0,241.66666666666666,243.33333333333334,105.0,95.66666666666667,256.6666666666667,54.0,73.33333333333333,99.0,246.33333333333334,61.666666666666664,85.33333333333333,69.33333333333333,74.33333333333333,241.33333333333334,161.66666666666666,195.66666666666666,119.33333333333333,214.66666666666666,156.66666666666666,72.0,256.6666666666667,253.66666666666666,247.66666666666666,71.66666666666667,56.0,93.33333333333333,245.66666666666666,187.0,148.66666666666666,69.0,220.0,246.33333333333334,232.66666666666666,250.33333333333334,110.33333333333333,57.333333333333336,127.33333333333333,197.0,88.33333333333333,238.33333333333334,264.0,90.66666666666667,140.66666666666666,64.66666666666667,60.333333333333336,143.0,57.0,246.33333333333334,42.0,126.66666666666667,49.666666666666664,63.0
64.5,86.0,259.0,245.33333333333334,60.0,250.33333333333334,259.6666666666667,212.66666666666666,220.0,37.666666666666664,199.66666666666666,232.33333333333334,61.666666666666664,37.666666666666664,75.33333333333333,245.33333333333334,65.33333333333333,95.33333333333333,264.6666666666667,49.333333333333336,158.33333333333334,112.33333333333333,59.0,247.33333333333334,206.33333333333334,94.0,43.333333333333336,250.0,146.0,134.66666666666666,255.0,238.33333333333334,260.0,236.66666666666666,223.0,76.0,76.33333333333333,167.0,57.0,251.33333333333334,109.0,192.33333333333334,105.66666666666667,196.0,58.333333333333336,238.66666666666666,244.33333333333334,106.33333333333333,97.33333333333333,258.6666666666667,51.0,70.33333333333333,97.66666666666667,246.33333333333334,62.333333333333336,87.33333333333333,70.0,74.0,241.0,163.66666666666666,194.66666666666666,123.33333333333333,217.66666666666666,154.66666666666666,72.33333333333333,255.0,251.33333333333334,246.66666666666666,74.33333333333333,55.333333333333336,92.66666666666667,247.66666666666666,191.0,147.33333333333334,68.33333333333333,219.33333333333334,243.33333333333334,234.0,246.66666666666666,111.66666666666667,53.666666666666664,129.66666666666666,200.0,88.66666666666667,239.0,263.6666666666667,86.0,137.0,64.33333333333333,57.666666666666664,142.66666666666666,56.333333333333336,247.33333333333334,43.0,126.66666666666667,49.0,62.666666666666664
64.75,84.33333333333333,257.6666666666667,244.0,57.0,257.6666666666667,257.6666666666667,213.66666666666666,219.0,35.0,196.33333333333334,230.33333333333334,60.333333333333336,35.333333333333336,69.66666666666667,245.33333333333334,66.33333333333333,97.33333333333333,260.6666666666667,50.0,157.33333333333334,111.0,61.666666666666664,243.33333333333334,205.66666666666666,94.66666666666667,43.333333333333336,245.66666666666666,145.0,134.0,251.0,238.66666666666666,260.0,233.33333333333334,218.33333333333334,75.0,79.0,169.0,54.666666666666664,251.33333333333334,111.66666666666667,197.66666666666666,109.0,195.33333333333334,58.333333333333336,239.0,247.33333333333334,110.66666666666667,106.0,247.66666666666666,51.0,73.33333333333333,92.66666666666667,248.66666666666666,61.666666666666664,91.0,66.66666666666667,75.0,240.66666666666666,161.33333333333334,193.66666666666666,118.0,218.33333333333334,151.33333333333334,70.33333333333333,253.0,249.33333333333334,248.66666666666666,76.33333333333333,50.333333333333336,96.33333333333333,247.0,186.0,149.0,64.0,218.33333333333334,239.66666666666666,232.33333333333334,245.66666666666666,113.33333333333333,55.333333333333336,132.33333333333334,190.66666666666666,84.0,239.33333333333334,265.3333333333333,83.0,133.0,70.33333333333333,56.0,140.66666666666666,59.333333333333336,251.0,41.333333333333336,126.0,45.333333333333336,55.333333333333336
65.0,83.66666666666667,257.3333333333333,244.0,53.0,259.0,258.3333333333333,215.33333333333334,216.33333333333334,33.0,189.33333333333334,236.66666666666666,62.0,33.333333333333336,70.66666666666667,245.33333333333334,63.666666666666664,99.0,258.3333333333333,48.333333333333336,158.0,113.66666666666667,62.0,243.0,208.0,92.33333333333333,46.333333333333336,249.33333333333334,146.0,131.66666666666666,252.0,242.0,259.6666666666667,233.33333333333334,218.0,76.66666666666667,80.66666666666667,166.33333333333334,53.666666666666664,249.0,112.0,199.33333333333334,110.66666666666667,193.66666666666666,61.0,240.66666666666666,252.33333333333334,110.0,105.33333333333333,241.33333333333334,52.333333333333336,73.33333333333333,91.66666666666667,249.66666666666666,65.33333333333333,91.33333333333333,62.666666666666664,75.33333333333333,239.0,161.33333333333334,195.33333333333334,115.33333333333333,220.0,151.0,70.33333333333333,255.0,249.0,248.66666666666666,80.33333333333333,48.333333333333336,97.0,247.33333333333334,186.0,149.33333333333334,61.333333333333336,218.0,238.33333333333334,225.66666666666666,244.66666666666666,114.0,59.0,130.0,190.33333333333334,86.33333333333333,241.66666666666666,269.0,84.0,130.33333333333334,72.33333333333333,57.666666666666664,139.33333333333334,59.333333333333336,252.66666666666666,42.666666666666664,129.33333333333334,43.666666666666664,57.0
65.25,83.33333333333333,257.6666666666667,241.33333333333334,58.333333333333336,252.0,255.33333333333334,213.66666666666666,218.66666666666666,32.666666666666664,196.66666666666666,230.0,60.333333333333336,34.333333333333336,71.66666666666667,245.33333333333334,63.0,97.33333333333333,263.6666666666667,47.0,159.0,113.33333333333333,61.0,246.66666666666666,205.66666666666666,89.33333333333333,45.666666666666664,247.66666666666666,147.66666666666666,134.0,254.33333333333334,240.0,260.6666666666667,233.33333333333334,221.33333333333334,77.33333333333333,81.66666666666667,165.66666666666666,54.666666666666664,249.66666666666666,110.66666666666667,193.66666666666666,107.66666666666667,200.0,60.0,238.66666666666666,246.33333333333334,110.33333333333333,102.0,250.0,53.666666666666664,70.0,97.0,247.0,63.333333333333336,92.0,68.0,75.66666666666667,242.0,163.33333333333334,191.0,119.33333333333333,222.0,154.0,72.33333333333333,254.66666666666666,253.66666666666666,247.33333333333334,81.0,54.0,97.0,247.33333333333334,192.0,147.66666666666666,64.33333333333333,221.66666666666666,240.66666666666666,232.0,246.33333333333334,113.0,59.0,129.66666666666666,196.0,85.0,237.0,262.6666666666667,83.66666666666667,132.66666666666666,68.0,60.666666666666664,143.0,55.333333333333336,251.0,45.0,126.0,50.0,61.333333333333336
65.5,88.33333333333333,260.6666666666667,255.0,70.66666666666667,251.66666666666666,262.6666666666667,218.0,220.33333333333334,38.0,204.33333333333334,236.33333333333334,60.0,41.333333333333336,81.66666666666667,245.0,70.33333333333333,103.66666666666667,267.3333333333333,50.0,159.33333333333334,114.66666666666667,58.666666666666664,246.66666666666666,205.66666666666666,101.33333333333333,48.333333333333336,256.6666666666667,147.33333333333334,133.0,253.0,242.33333333333334,260.3333333333333,240.33333333333334,226.66666666666666,80.0,74.33333333333333,163.33333333333334,56.666666666666664,254.33333333333334,111.66666666666667,195.0,102.33333333333333,197.66666666666666,62.666666666666664,243.0,245.33333333333334,105.66666666666667,99.33333333333333,264.0,53.0,75.66666666666667,99.66666666666667,247.66666666666666,60.666666666666664,87.66666666666667,66.66666666666667,69.66666666666667,242.66666666666666,172.33333333333334,199.66666666666666,124.66666666666667,218.0,153.0,75.33333333333333,255.66666666666666,252.0,246.0,73.66666666666667,56.333333333333336,92.33333333333333,247.33333333333334,186.33333333333334,153.33333333333334,72.33333333333333,225.66666666666666,248.33333333333334,232.0,249.0,117.66666666666667,53.333333333333336,126.66666666666667,201.33333333333334,90.0,234.0,270.3333333333333,92.66666666666667,140.0,67.0,63.333333333333336,147.0,62.333333333333336,251.33333333333334,47.333333333333336,131.66666666666666,51.0,64.66666666666667
65.75,85.0,259.0,244.66666666666666,60.333333333333336,251.66666666666666,259.3333333333333,214.33333333333334,220.33333333333334,33.333333333333336,200.33333333333334,233.0,55.666666666666664,37.0,74.0,244.66666666666666,64.0,97.66666666666667,264.3333333333333,49.333333333333336,158.0,113.0,58.666666666666664,249.33333333333334,210.33333333333334,91.66666666666667,44.0,250.66666666666666,146.0,136.0,254.0,241.33333333333334,262.0,238.66666666666666,225.0,75.0,78.66666666666667,165.33333333333334,56.0,251.33333333333334,109.66666666666667,194.0,106.33333333333333,200.33333333333334,60.333333333333336,241.66666666666666,245.0,110.33333333333333,95.66666666666667,251.33333333333334,50.333333333333336,71.33333333333333,99.66666666666667,248.0,63.0,85.33333333333333,68.66666666666667,73.0,241.66666666666666,167.0,193.66666666666666,120.33333333333333,220.33333333333334,161.0,73.66666666666667,259.6666666666667,253.33333333333334,246.33333333333334,72.0,56.0,97.33333333333333,246.0,195.66666666666666,148.33333333333334,70.0,223.66666666666666,244.66666666666666,234.0,249.66666666666666,113.0,57.0,128.33333333333334,200.33333333333334,87.0,234.66666666666666,263.0,86.66666666666667,137.33333333333334,66.33333333333333,60.333333333333336,142.0,57.333333333333336,249.33333333333334,43.666666666666664,126.0,53.666666666666664,66.0
66.0,82.0,259.3333333333333,248.33333333333334,61.666666666666664,250.0,261.3333333333333,217.0,220.66666666666666,33.333333333333336,199.33333333333334,232.66666666666666,59.666666666666664,38.333333333333336,78.0,247.33333333333334,63.333333333333336,101.33333333333333,267.0,49.0,156.66666666666666,110.33333333333333,60.333333333333336,246.66666666666666,207.0,93.66666666666667,45.0,251.66666666666666,148.0,136.33333333333334,255.0,241.33333333333334,261.6666666666667,236.66666666666666,228.33333333333334,78.0,79.66666666666667,164.66666666666666,54.333333333333336,249.66666666666666,113.33333333333333,196.33333333333334,105.66666666666667,199.66666666666666,61.333333333333336,240.33333333333334,245.66666666666666,107.33333333333333,96.33333333333333,259.6666666666667,54.0,73.66666666666667,100.66666666666667,247.0,63.333333333333336,86.66666666666667,67.66666666666667,75.33333333333333,243.0,167.66666666666666,197.0,122.33333333333333,220.66666666666666,161.33333333333334,75.33333333333333,255.0,250.0,246.0,72.0,58.0,97.33333333333333,247.0,193.66666666666666,149.66666666666666,68.33333333333333,221.33333333333334,245.0,234.0,249.33333333333334,106.66666666666667,56.0,126.33333333333333,204.33333333333334,89.66666666666667,236.0,265.0,88.33333333333333,138.33333333333334,64.66666666666667,62.333333333333336,141.66666666666666,60.333333333333336,250.0,45.0,128.66666666666666,50.666666666666664,64.33333333333333
66.25,84.0,257.0,245.0,55.333333333333336,254.33333333333334,258.3333333333333,216.0,217.33333333333334,34.333333333333336,204.0,231.0,59.666666666666664,35.666666666666664,74.33333333333333,246.0,64.66666666666667,103.0,260.6666666666667,49.0,160.33333333333334,116.0,57.666666666666664,246.66666666666666,209.66666666666666,93.0,44.0,249.66666666666666,146.0,136.66666666666666,253.66666666666666,239.33333333333334,259.0,233.66666666666666,223.33333333333334,77.33333333333333,81.0,168.66666666666666,53.0,250.33333333333334,112.33333333333333,201.0,110.0,199.0,63.666666666666664,241.33333333333334,249.33333333333334,112.66666666666667,106.66666666666667,243.66666666666666,55.666666666666664,71.33333333333333,93.66666666666667,249.33333333333334,61.666666666666664,89.0,65.66666666666667,77.33333333333333,240.0,168.0,194.0,118.33333333333333,222.66666666666666,160.0,72.33333333333333,257.3333333333333,251.0,247.33333333333334,78.33333333333333,49.0,99.0,249.0,191.0,149.66666666666666,65.0,222.66666666666666,241.33333333333334,231.0,247.33333333333334,111.33333333333333,58.0,131.33333333333334,200.66666666666666,85.33333333333333,237.0,266.0,85.33333333333333,131.66666666666666,71.66666666666667,58.333333333333336,142.0,59.0,253.0,42.666666666666664,132.0,48.666666666666664,57.0
66.5,84.66666666666667,259.3333333333333,244.0,57.666666666666664,254.33333333333334,257.6666666666667,217.0,218.66666666666666,32.666666666666664,203.66666666666666,231.66666666666666,60.333333333333336,36.0,72.33333333333333,246.0,62.0,104.0,263.3333333333333,47.333333333333336,158.66666666666666,114.33333333333333,61.666666666666664,247.0,210.66666666666666,92.66666666666667,44.333333333333336,248.0,148.0,137.66666666666666,254.33333333333334,241.0,261.3333333333333,234.0,223.66666666666666,76.0,78.0,167.0,56.333333333333336,249.33333333333334,111.66666666666667,202.66666666666666,111.66666666666667,201.66666666666666,62.666666666666664,241.66666666666666,250.0,113.33333333333333,108.66666666666667,248.0,53.333333333333336,72.0,97.0,250.33333333333334,67.66666666666667,90.0,68.0,76.66666666666667,241.33333333333334,170.0,194.33333333333334,118.66666666666667,221.33333333333334,163.0,73.66666666666667,258.0,249.66666666666666,246.0,81.66666666666667,51.666666666666664,99.66666666666667,248.0,193.0,150.33333333333334,66.33333333333333,224.0,242.0,232.66666666666666,247.0,112.0,56.0,132.66666666666666,198.66666666666666,86.66666666666667,235.0,266.6666666666667,86.66666666666667,134.0,69.33333333333333,62.666666666666664,143.0,62.333333333333336,255.0,42.666666666666664,131.0,49.0,57.333333333333336
66.75,83.33333333333333,261.3333333333333,245.33333333333334,59.0,252.33333333333334,258.0,217.0,217.33333333333334,31.666666666666668,202.0,232.33333333333334,58.666666666666664,35.666666666666664,70.66666666666667,248.0,63.333333333333336,103.33333333333333,265.3333333333333,48.333333333333336,160.66666666666666,111.0,62.333333333333336,244.0,211.33333333333334,93.33333333333333,46.0,248.0,147.33333333333334,137.33333333333334,255.33333333333334,241.0,264.0,233.33333333333334,225.0,73.0,78.66666666666667,168.0,55.666666666666664,248.33333333333334,111.66666666666667,201.66666666666666,106.66666666666667,201.33333333333334,61.333333333333336,243.0,248.33333333333334,114.33333333333333,102.66666666666667,250.33333333333334,53.666666666666664,76.66666666666667,96.0,249.66666666666666,63.666666666666664,88.0,68.33333333333333,75.0,241.66666666666666,169.0,192.0,121.66666666666667,221.66666666666666,163.66666666666666,71.66666666666667,259.0,251.66666666666666,249.0,78.0,53.333333333333336,101.0,246.0,189.66666666666666,148.0,66.66666666666667,223.0,243.33333333333334,234.0,247.66666666666666,113.33333333333333,56.0,129.66666666666666,195.66666666666666,88.0,234.33333333333334,266.6666666666667,89.0,136.33333333333334,68.0,59.0,144.33333333333334,62.666666666666664,252.66666666666666,43.333333333333336,128.66666666666666,47.0,60.0
67.0,83.66666666666667,257.6666666666667,247.0,56.333333333333336,255.33333333333334,258.3333333333333,216.33333333333334,221.0,31.0,204.66666666666666,232.66666666666666,58.333333333333336,34.666666666666664,70.33333333333333,245.33333333333334,67.0,106.0,262.3333333333333,47.333333333333336,158.33333333333334,117.0,61.666666666666664,245.0,211.0,91.66666666666667,44.333333333333336,250.0,149.33333333333334,139.66666666666666,255.0,240.33333333333334,259.3333333333333,233.33333333333334,227.66666666666666,76.33333333333333,78.66666666666667,169.66666666666666,53.666666666666664,249.66666666666666,109.33333333333333,201.66666666666666,109.0,199.0,62.0,244.0,248.0,110.0,106.0,246.66666666666666,52.0,72.0,94.0,250.0,65.0,90.66666666666667,67.66666666666667,76.33333333333333,243.66666666666666,168.66666666666666,192.0,121.66666666666667,221.33333333333334,162.33333333333334,73.0,258.0,250.33333333333334,248.0,78.33333333333333,50.333333333333336,101.33333333333333,249.0,195.33333333333334,149.33333333333334,62.666666666666664,222.0,242.66666666666666,236.33333333333334,247.66666666666666,112.66666666666667,57.333333333333336,132.66666666666666,198.0,86.0,234.33333333333334,264.6666666666667,84.66666666666667,133.33333333333334,67.66666666666667,58.0,144.33333333333334,61.666666666666664,253.66666666666666,40.333333333333336,130.0,49.333333333333336,59.0
67.25,84.66666666666667,258.6666666666667,246.33333333333334,63.0,251.0,262.6666666666667,218.33333333333334,221.33333333333334,34.333333333333336,208.0,234.33333333333334,61.0,37.333333333333336,74.33333333333333,246.0,64.66666666666667,105.66666666666667,264.6666666666667,48.666666666666664,158.0,115.0,59.666666666666664,248.33333333333334,210.66666666666666,94.33333333333333,43.333333333333336,251.66666666666666,144.33333333333334,140.0,254.0,241.0,260.6666666666667,236.33333333333334,229.66666666666666,75.0,75.0,168.0,54.333333333333336,252.33333333333334,107.33333333333333,199.33333333333334,107.0,203.33333333333334,58.666666666666664,244.66666666666666,245.33333333333334,109.0,99.66666666666667,257.0,55.333333333333336,72.0,96.66666666666667,246.33333333333334,62.666666666666664,87.0,70.66666666666667,76.0,242.0,173.33333333333334,195.0,118.66666666666667,220.66666666666666,166.66666666666666,73.33333333333333,257.6666666666667,250.0,245.33333333333334,75.0,53.333333333333336,96.33333333333333,247.33333333333334,197.33333333333334,151.0,66.66666666666667,222.66666666666666,246.66666666666666,236.66666666666666,247.33333333333334,112.33333333333333,56.0,128.0,202.0,84.33333333333333,233.0,264.3333333333333,86.33333333333333,139.0,65.33333333333333,59.333333333333336,144.33333333333334,60.0,249.0,43.333333333333336,127.0,49.666666666666664,61.666666666666664
67.5,82.33333333333333,258.0,247.0,59.0,248.66666666666666,260.6666666666667,219.33333333333334,222.66666666666666,31.666666666666668,204.66666666666666,233.0,59.333333333333336,37.666666666666664,76.0,247.33333333333334,65.66666666666667,107.66666666666667,265.6666666666667,47.333333333333336,157.66666666666666,111.0,57.0,249.33333333333334,214.33333333333334,90.0,46.666666666666664,249.66666666666666,145.33333333333334,138.66666666666666,254.33333333333334,242.0,260.6666666666667,238.33333333333334,230.0,72.33333333333333,77.0,166.66666666666666,55.333333333333336,252.0,109.0,200.0,107.33333333333333,201.0,59.333333333333336,243.33333333333334,246.33333333333334,107.33333333333333,97.33333333333333,254.33333333333334,50.333333333333336,71.0,97.33333333333333,248.33333333333334,64.33333333333333,88.66666666666667,66.66666666666667,75.66666666666667,243.66666666666666,170.66666666666666,193.0,121.66666666666667,222.66666666666666,169.0,75.33333333333333,257.3333333333333,252.0,246.66666666666666,75.33333333333333,56.0,100.66666666666667,246.0,199.33333333333334,149.66666666666666,66.66666666666667,224.33333333333334,247.0,238.33333333333334,248.33333333333334,110.66666666666667,56.333333333333336,129.0,200.66666666666666,88.66666666666667,232.33333333333334,266.3333333333333,87.66666666666667,138.66666666666666,66.66666666666667,58.333333333333336,144.33333333333334,61.0,251.0,44.666666666666664,126.0,47.0,64.66666666666667
67.75,84.33333333333333,259.3333333333333,248.66666666666666,64.0,251.0,261.6666666666667,219.66666666666666,225.0,31.333333333333332,207.66666666666666,229.33333333333334,57.666666666666664,38.666666666666664,78.33333333333333,246.66666666666666,65.0,104.66666666666667,267.3333333333333,47.333333333333336,160.66666666666666,113.0,56.333333333333336,247.33333333333334,210.66666666666666,94.66666666666667,47.666666666666664,251.66666666666666,145.33333333333334,139.66666666666666,252.66666666666666,240.66666666666666,255.0,240.66666666666666,229.66666666666666,68.0,72.0,166.0,52.666666666666664,251.33333333333334,104.66666666666667,199.66666666666666,106.0,200.0,57.666666666666664,246.33333333333334,248.0,107.33333333333333,97.33333333333333,252.33333333333334,53.333333333333336,71.66666666666667,95.66666666666667,247.66666666666666,62.0,87.66666666666667,63.666666666666664,74.0,241.0,168.66666666666666,195.66666666666666,120.66666666666667,223.66666666666666,168.33333333333334,75.33333333333333,257.6666666666667,249.66666666666666,244.66666666666666,77.33333333333333,55.666666666666664,99.33333333333333,247.66666666666666,202.0,154.0,68.0,224.66666666666666,245.66666666666666,238.33333333333334,249.33333333333334,111.0,57.666666666666664,127.66666666666667,197.33333333333334,83.0,225.66666666666666,267.0,87.66666666666667,137.66666666666666,68.66666666666667,58.333333333333336,143.66666666666666,62.0,251.33333333333334,43.333333333333336,123.33333333333333,49.0,64.66666666666667
68.0,83.0,256.3333333333333,243.33333333333334,56.333333333333336,256.0,258.0,219.66666666666666,218.33333333333334,33.666666666666664,203.66666666666666,234.66666666666666,58.333333333333336,36.333333333333336,69.0,248.66666666666666,62.0,108.33333333333333,262.0,49.0,159.66666666666666,113.33333333333333,63.666666666666664,245.33333333333334,214.0,90.66666666666667,44.333333333333336,248.66666666666666,147.0,142.33333333333334,255.0,242.0,261.0,233.33333333333334,228.66666666666666,74.66666666666667,83.33333333333333,170.33333333333334,54.0,250.0,113.33333333333333,203.33333333333334,110.66666666666667,204.33333333333334,61.0,241.33333333333334,247.33333333333334,114.33333333333333,104.66666666666667,243.33333333333334,52.0,72.0,95.33333333333333,248.33333333333334,62.0,89.33333333333333,66.66666666666667,76.33333333333333,242.0,170.0,192.0,119.66666666666667,224.0,168.33333333333334,73.33333333333333,257.6666666666667,249.66666666666666,250.0,75.33333333333333,52.666666666666664,106.0,246.66666666666666,199.33333333333334,147.33333333333334,64.66666666666667,222.33333333333334,241.0,235.0,245.66666666666666,110.66666666666667,58.333333333333336,129.66666666666666,197.33333333333334,84.33333333333333,235.0,263.6666666666667,86.0,132.0,69.66666666666667,56.0,142.66666666666666,63.666666666666664,253.0,43.666666666666664,130.66666666666666,45.0,58.333333333333336
68.25,84.66666666666667,260.0,246.0,61.0,252.0,261.6666666666667,222.0,218.66666666666666,36.0,204.66666666666666,235.66666666666666,61.0,35.0,72.0,249.33333333333334,65.66666666666667,111.66666666666667,263.6666666666667,49.0,159.33333333333334,116.66666666666667,65.0,248.66666666666666,216.33333333333334,92.0,45.666666666666664,248.66666666666666,148.0,143.33333333333334,255.0,243.33333333333334,262.3333333333333,235.66666666666666,228.33333333333334,77.66666666666667,83.0,170.33333333333334,58.0,251.0,110.33333333333333,203.66666666666666,107.0,204.0,63.666666666666664,241.33333333333334,250.0,114.66666666666667,103.66666666666667,249.66666666666666,56.666666666666664,71.66666666666667,96.33333333333333,250.33333333333334,64.33333333333333,91.66666666666667,69.0,77.0,243.0,174.33333333333334,193.0,120.66666666666667,223.66666666666666,171.33333333333334,74.66666666666667,256.6666666666667,252.0,247.66666666666666,75.66666666666667,53.333333333333336,106.33333333333333,248.0,196.0,150.66666666666666,69.33333333333333,224.33333333333334,245.0,238.33333333333334,249.33333333333334,110.33333333333333,59.333333333333336,132.66666666666666,198.66666666666666,88.66666666666667,234.66666666666666,267.3333333333333,90.33333333333333,135.0,67.0,61.333333333333336,141.66666666666666,64.66666666666667,254.66666666666666,44.666666666666664,128.66666666666666,46.666666666666664,57.333333333333336
68.5,82.0,262.3333333333333,246.33333333333334,62.0,246.66666666666666,259.6666666666667,220.0,221.66666666666666,33.333333333333336,202.66666666666666,233.66666666666666,59.0,38.0,74.66666666666667,247.66666666666666,64.33333333333333,111.33333333333333,267.6666666666667,49.666666666666664,161.66666666666666,116.33333333333333,60.333333333333336,250.66666666666666,216.0,94.66666666666667,46.666666666666664,250.33333333333334,149.0,140.66666666666666,256.0,244.33333333333334,263.3333333333333,239.0,230.33333333333334,76.0,76.66666666666667,167.33333333333334,58.0,250.33333333333334,113.0,198.66666666666666,106.0,207.33333333333334,61.0,243.0,247.66666666666666,111.0,96.66666666666667,250.33333333333334,56.0,71.0,99.0,246.33333333333334,62.333333333333336,86.33333333333333,68.33333333333333,74.66666666666667,244.0,174.33333333333334,192.66666666666666,120.66666666666667,224.33333333333334,170.33333333333334,76.0,258.0,253.0,246.66666666666666,70.33333333333333,54.666666666666664,105.66666666666667,249.66666666666666,203.0,146.33333333333334,69.0,226.0,244.33333333333334,238.33333333333334,248.0,109.33333333333333,56.666666666666664,129.66666666666666,204.33333333333334,88.66666666666667,228.66666666666666,261.6666666666667,88.33333333333333,137.0,65.66666666666667,62.0,144.66666666666666,62.666666666666664,250.33333333333334,44.666666666666664,127.33333333333333,51.0,65.33333333333333
68.75,80.66666666666667,259.6666666666667,246.33333333333334,59.333333333333336,245.0,256.6666666666667,219.0,223.33333333333334,31.666666666666668,205.0,227.33333333333334,55.666666666666664,35.333333333333336,81.0,244.0,61.333333333333336,108.0,270.0,46.0,161.0,117.0,56.0,251.66666666666666,214.33333333333334,90.33333333333333,46.333333333333336,249.66666666666666,147.33333333333334,137.66666666666666,253.66666666666666,241.0,261.6666666666667,237.33333333333334,233.0,76.0,80.0,164.0,56.333333333333336,248.66666666666666,110.66666666666667,198.33333333333334,109.0,209.0,63.666666666666664,241.66666666666666,247.33333333333334,107.66666666666667,97.0,246.66666666666666,52.666666666666664,67.66666666666667,97.33333333333333,245.66666666666666,65.33333333333333,89.0,66.33333333333333,73.66666666666667,244.0,175.66666666666666,193.66666666666666,116.0,228.0,170.0,78.0,257.6666666666667,252.33333333333334,247.33333333333334,75.66666666666667,56.666666666666664,101.0,250.0,210.0,147.33333333333334,67.66666666666667,223.66666666666666,244.0,238.33333333333334,246.66666666666666,106.66666666666667,56.0,131.66666666666666,210.33333333333334,86.0,225.0,260.0,86.33333333333333,137.66666666666666,67.66666666666667,59.666666666666664,140.66666666666666,58.666666666666664,253.33333333333334,44.666666666666664,123.0,52.0,66.33333333333333
69.0,82.66666666666667,258.3333333333333,246.33333333333334,59.333333333333336,249.66666666666666,258.0,219.33333333333334,219.33333333333334,36.0,207.66666666666666,232.0,56.333333333333336,33.666666666666664,72.0,248.33333333333334,65.33333333333333,113.66666666666667,265.0,50.0,158.0,118.66666666666667,57.666666666666664,246.0,216.0,92.33333333333333,47.0,248.66666666666666,147.66666666666666,143.66666666666666,254.66666666666666,243.33333333333334,262.3333333333333,237.66666666666666,228.33333333333334,77.0,82.0,171.0,54.0,250.66666666666666,111.33333333333333,201.66666666666666,108.33333333333333,206.66666666666666,60.333333333333336,243.66666666666666,249.0,113.33333333333333,102.0,249.33333333333334,50.666666666666664,71.0,96.0,249.33333333333334,63.0,90.33333333333333,67.66666666666667,78.33333333333333,242.33333333333334,175.33333333333334,193.33333333333334,119.33333333333333,224.66666666666666,174.33333333333334,70.0,258.0,250.0,249.0,76.0,54.333333333333336,104.66666666666667,249.66666666666666,204.33333333333334,147.66666666666666,68.33333333333333,223.33333333333334,242.0,239.66666666666666,248.33333333333334,112.0,59.0,131.66666666666666,200.33333333333334,85.0,227.33333333333334,265.0,85.33333333333333,134.66666666666666,67.33333333333333,58.0,142.66666666666666,65.0,253.66666666666666,43.666666666666664,129.66666666666666,47.333333333333336,58.333333333333336
69.25,82.66666666666667,256.0,243.33333333333334,57.0,252.33333333333334,259.3333333333333,220.66666666666666,218.33333333333334,36.333333333333336,208.0,234.0,58.333333333333336,34.333333333333336,70.66666666666667,248.66666666666666,65.33333333333333,113.33333333333333,261.6666666666667,48.666666666666664,157.0,116.66666666666667,58.333333333333336,247.33333333333334,219.0,91.0,44.333333333333336,247.0,147.0,143.33333333333334,254.0,243.66666666666666,260.0,235.0,228.33333333333334,77.66666666666667,85.66666666666667,171.66666666666666,53.0,250.33333333333334,109.33333333333333,205.0,105.66666666666667,207.0,59.0,242.33333333333334,249.66666666666666,116.0,102.0,243.33333333333334,50.666666666666664,70.33333333333333,93.0,250.33333333333334,63.0,91.0,66.33333333333333,75.33333333333333,243.0,173.33333333333334,190.33333333333334,118.33333333333333,228.0,175.33333333333334,70.66666666666667,257.0,248.66666666666666,248.33333333333334,75.0,51.0,105.66666666666667,250.0,203.33333333333334,148.66666666666666,65.66666666666667,224.33333333333334,240.0,239.0,248.0,112.33333333333333,56.0,132.33333333333334,200.66666666666666,86.33333333333333,229.33333333333334,263.6666666666667,83.66666666666667,132.66666666666666,69.66666666666667,56.333333333333336,142.33333333333334,63.333333333333336,254.33333333333334,41.0,129.66666666666666,47.333333333333336,59.666666666666664
69.5,84.66666666666667,258.0,244.66666666666666,56.333333333333336,251.0,259.6666666666667,221.66666666666666,219.33333333333334,33.333333333333336,207.33333333333334,231.66666666666666,57.333333333333336,36.0,74.0,248.66666666666666,66.33333333333333,115.0,264.6666666666667,47.333333333333336,161.33333333333334,120.66666666666667,62.666666666666664,246.0,216.0,90.66666666666667,43.666666666666664,250.33333333333334,148.66666666666666,144.66666666666666,254.33333333333334,241.33333333333334,259.3333333333333,235.33333333333334,232.33333333333334,74.0,83.0,171.66666666666666,52.666666666666664,250.66666666666666,111.0,203.66666666666666,111.66666666666667,209.0,61.666666666666664,244.0,248.66666666666666,114.66666666666667,105.0,244.33333333333334,53.0,70.0,95.66666666666667,249.66666666666666,63.333333333333336,92.33333333333333,68.66666666666667,80.0,244.33333333333334,177.0,194.33333333333334,115.33333333333333,227.66666666666666,172.66666666666666,72.0,257.0,250.0,248.33333333333334,79.0,54.0,106.0,251.0,204.33333333333334,148.66666666666666,66.0,225.33333333333334,240.66666666666666,238.0,247.66666666666666,109.33333333333333,57.0,131.66666666666666,203.66666666666666,84.33333333333333,227.33333333333334,263.6666666666667,85.0,130.33333333333334,71.0,55.666666666666664,143.33333333333334,63.666666666666664,255.33333333333334,45.0,130.33333333333334,49.666666666666664,61.0
69.75,82.33333333333333,257.6666666666667,247.66666666666666,57.333333333333336,251.33333333333334,258.0,225.66666666666666,220.0,35.0,211.0,234.0,59.666666666666664,35.666666666666664,76.66666666666667,247.0,64.0,117.0,267.0,50.0,156.0,124.33333333333333,61.0,245.66666666666666,216.0,89.33333333333333,43.666666666666664,251.33333333333334,149.0,145.33333333333334,255.0,245.0,261.3333333333333,237.0,234.33333333333334,78.33333333333333,83.33333333333333,169.66666666666666,53.333333333333336,253.66666666666666,112.66666666666667,205.33333333333334,111.66666666666667,208.0,62.0,244.0,249.66666666666666,114.0,106.66666666666667,244.66666666666666,51.0,71.66666666666667,98.0,252.0,66.66666666666667,92.66666666666667,67.33333333333333,78.33333333333333,241.33333333333334,180.0,195.0,117.33333333333333,226.66666666666666,173.66666666666666,72.66666666666667,258.6666666666667,251.33333333333334,250.0,78.66666666666667,54.0,105.66666666666667,251.33333333333334,204.0,148.66666666666666,64.33333333333333,227.66666666666666,242.0,236.66666666666666,245.33333333333334,112.33333333333333,56.333333333333336,133.33333333333334,204.66666666666666,87.0,227.33333333333334,263.6666666666667,86.66666666666667,132.33333333333334,68.66666666666667,58.0,143.0,64.66666666666667,255.0,43.333333333333336,132.0,49.666666666666664,58.0
70.0,81.66666666666667,257.6666666666667,246.66666666666666,58.333333333333336,251.0,261.6666666666667,224.0,218.33333333333334,31.666666666666668,210.33333333333334,234.66666666666666,58.0,35.0,75.33333333333333,246.33333333333334,63.666666666666664,120.33333333333333,266.3333333333333,50.333333333333336,155.66666666666666,121.33333333333333,62.0,247.66666666666666,215.0,90.66666666666667,43.0,249.33333333333334,147.66666666666666,144.33333333333334,253.33333333333334,243.66666666666666,264.0,236.0,232.66666666666666,78.33333333333333,83.66666666666667,171.0,53.0,250.0,111.33333333333333,206.66666666666666,109.66666666666667,207.33333333333334,60.666666666666664,243.0,250.33333333333334,113.66666666666667,104.33333333333333,246.66666666666666,52.0,71.0,97.0,248.33333333333334,63.666666666666664,91.33333333333333,65.33333333333333,77.66666666666667,241.0,178.33333333333334,193.0,116.66666666666667,226.33333333333334,174.33333333333334,71.33333333333333,256.0,250.66666666666666,248.66666666666666,76.33333333333333,51.0,107.33333333333333,250.66666666666666,202.33333333333334,147.0,64.66666666666667,224.33333333333334,244.0,235.66666666666666,248.0,111.0,55.0,133.0,205.66666666666666,86.0,228.33333333333334,264.0,87.0,131.33333333333334,66.0,58.333333333333336,142.66666666666666,66.0,254.0,41.0,132.0,47.0,58.0
70.25,79.66666666666667,257.6666666666667,246.66666666666666,57.333333333333336,248.66666666666666,261.0,224.0,218.66666666666666,30.333333333333332,207.66666666666666,233.0,55.666666666666664,34.666666666666664,74.0,248.0,64.0,117.33333333333333,266.3333333333333,48.333333333333336,157.33333333333334,119.66666666666667,59.666666666666664,245.66666666666666,217.33333333333334,91.66666666666667,44.666666666666664,249.66666666666666,147.33333333333334,145.33333333333334,253.0,243.33333333333334,262.3333333333333,237.66666666666666,232.33333333333334,73.0,79.66666666666667,168.66666666666666,54.0,249.66666666666666,110.33333333333333,204.33333333333334,106.0,207.0,60.0,244.33333333333334,248.33333333333334,113.33333333333333,103.66666666666667,246.0,50.666666666666664,70.0,93.0,248.66666666666666,63.0,89.0,66.0,76.33333333333333,240.0,175.66666666666666,190.33333333333334,117.66666666666667,225.66666666666666,176.66666666666666,72.66666666666667,257.0,250.66666666666666,247.66666666666666,77.0,53.0,109.0,248.33333333333334,202.66666666666666,148.33333333333334,64.0,224.33333333333334,243.66666666666666,237.0,247.66666666666666,111.66666666666667,55.666666666666664,129.33333333333334,197.33333333333334,84.0,224.0,263.6666666666667,87.0,130.66666666666666,67.0,59.0,141.66666666666666,66.66666666666667,253.0,41.0,126.66666666666667,44.0,57.333333333333336
70.5,80.66666666666667,258.3333333333333,248.0,56.666666666666664,246.33333333333334,260.3333333333333,223.33333333333334,221.66666666666666,35.666666666666664,208.66666666666666,232.33333333333334,57.0,34.666666666666664,75.33333333333333,246.0,65.0,117.33333333333333,269.0,45.0,158.0,116.66666666666667,56.666666666666664,251.66666666666666,219.0,90.33333333333333,40.666666666666664,251.0,149.33333333333334,145.66666666666666,254.66666666666666,240.33333333333334,260.6666666666667,238.0,235.33333333333334,72.33333333333333,78.33333333333333,167.33333333333334,56.0,250.66666666666666,109.66666666666667,204.0,108.33333333333333,209.33333333333334,57.666666666666664,246.0,245.66666666666666,112.66666666666667,97.0,247.0,49.666666666666664,72.66666666666667,97.0,247.0,64.0,88.33333333333333,69.0,75.66666666666667,241.33333333333334,179.0,194.33333333333334,117.33333333333333,225.0,180.66666666666666,75.0,257.0,250.66666666666666,246.66666666666666,75.0,53.666666666666664,106.66666666666667,248.0,208.33333333333334,150.0,67.0,225.66666666666666,245.66666666666666,235.33333333333334,245.0,109.0,56.0,132.33333333333334,205.33333333333334,86.0,223.66666666666666,262.3333333333333,89.0,136.0,63.666666666666664,54.666666666666664,143.66666666666666,62.666666666666664,251.33333333333334,42.0,129.0,48.333333333333336,67.33333333333333
70.75,82.33333333333333,258.3333333333333,246.66666666666666,59.0,251.33333333333334,261.3333333333333,226.66666666666666,217.33333333333334,35.666666666666664,211.66666666666666,235.0,56.0,37.0,70.0,247.66666666666666,65.0,122.0,264.3333333333333,46.333333333333336,157.66666666666666,117.0,59.666666666666664,246.0,219.0,93.33333333333333,46.0,248.33333333333334,146.66666666666666,147.66666666666666,254.33333333333334,243.0,259.6666666666667,237.33333333333334,232.0,75.0,79.66666666666667,169.33333333333334,53.333333333333336,250.66666666666666,108.66666666666667,206.66666666666666,108.66666666666667,207.0,58.333333333333336,245.0,250.33333333333334,118.33333333333333,102.33333333333333,247.33333333333334,52.0,73.66666666666667,95.0,249.66666666666666,63.0,90.0,68.66666666666667,74.33333333333333,243.0,180.66666666666666,189.0,119.33333333333333,226.33333333333334,181.66666666666666,71.0,255.33333333333334,251.33333333333334,247.66666666666666,73.33333333333333,51.0,110.66666666666667,249.66666666666666,202.33333333333334,150.33333333333334,64.66666666666667,226.0,244.66666666666666,238.33333333333334,246.66666666666666,109.33333333333333,58.0,129.66666666666666,199.66666666666666,85.33333333333333,227.33333333333334,261.6666666666667,87.33333333333333,133.66666666666666,66.33333333333333,54.0,143.0,64.66666666666667,252.66666666666666,42.0,128.66666666666666,44.0,57.0
71.0,80.0,257.3333333333333,247.33333333333334,55.333333333333336,249.0,258.0,227.33333333333334,217.66666666666666,33.333333333333336,209.0,235.66666666666666,54.666666666666664,30.333333333333332,71.33333333333333,247.33333333333334,64.0,126.66666666666667,263.3333333333333,47.0,157.33333333333334,122.0,61.0,246.66666666666666,220.0,92.0,46.666666666666664,246.33333333333334,147.33333333333334,145.66666666666666,254.33333333333334,242.66666666666666,263.0,237.0,231.66666666666666,76.33333333333333,81.0,169.0,55.0,251.0,114.33333333333333,208.0,108.0,210.0,60.666666666666664,241.66666666666666,251.0,117.0,103.66666666666667,242.33333333333334,50.666666666666664,73.0,99.0,249.33333333333334,62.0,88.0,65.33333333333333,77.33333333333333,244.33333333333334,181.66666666666666,190.66666666666666,117.0,225.33333333333334,180.33333333333334,72.0,258.3333333333333,249.66666666666666,248.66666666666666,73.66666666666667,49.666666666666664,109.33333333333333,250.0,205.33333333333334,147.0,65.33333333333333,226.0,242.33333333333334,235.33333333333334,248.0,108.66666666666667,56.333333333333336,133.66666666666666,201.0,84.0,228.33333333333334,264.0,90.0,134.33333333333334,67.33333333333333,53.0,141.0,67.0,251.66666666666666,45.0,130.0,45.333333333333336,59.0
71.25,81.33333333333333,258.3333333333333,248.0,57.0,246.66666666666666,259.6666666666667,226.33333333333334,218.33333333333334,32.333333333333336,211.0,233.66666666666666,55.666666666666664,32.0,71.33333333333333,246.0,64.0,123.33333333333333,265.6666666666667,47.666666666666664,157.33333333333334,120.33333333333333,59.666666666666664,248.0,218.33333333333334,91.66666666666667,45.333333333333336,248.33333333333334,146.0,146.0,254.33333333333334,243.66666666666666,261.3333333333333,236.66666666666666,231.66666666666666,73.33333333333333,78.0,170.66666666666666,55.333333333333336,250.0,113.33333333333333,207.33333333333334,109.66666666666667,209.33333333333334,58.666666666666664,244.66666666666666,248.66666666666666,114.66666666666667,103.0,248.33333333333334,52.333333333333336,72.33333333333333,95.66666666666667,247.66666666666666,63.333333333333336,88.66666666666667,66.66666666666667,79.0,243.0,180.66666666666666,190.66666666666666,116.33333333333333,226.0,183.66666666666666,72.66666666666667,258.3333333333333,248.66666666666666,248.33333333333334,77.0,52.333333333333336,108.0,249.0,204.66666666666666,145.66666666666666,65.33333333333333,223.66666666666666,243.33333333333334,240.0,248.33333333333334,113.66666666666667,54.666666666666664,130.66666666666666,203.66666666666666,83.66666666666667,223.33333333333334,260.6666666666667,89.33333333333333,135.0,68.0,55.333333333333336,141.33333333333334,64.0,251.66666666666666,44.333333333333336,130.0,44.666666666666664,58.0
71.5,82.33333333333333,256.3333333333333,244.33333333333334,55.0,253.33333333333334,257.6666666666667,224.0,220.0,32.0,214.66666666666666,233.33333333333334,56.333333333333336,34.333333333333336,73.66666666666667,246.0,61.333333333333336,127.0,266.3333333333333,47.666666666666664,158.66666666666666,120.66666666666667,59.333333333333336,247.33333333333334,218.66666666666666,88.66666666666667,42.666666666666664,251.33333333333334,145.66666666666666,144.0,256.0,242.66666666666666,260.6666666666667,236.0,233.66666666666666,76.0,80.0,169.66666666666666,50.333333333333336,250.0,109.66666666666667,210.0,114.0,207.66666666666666,59.333333333333336,246.33333333333334,253.0,115.66666666666667,104.33333333333333,241.66666666666666,53.0,69.0,95.66666666666667,251.0,65.66666666666667,90.0,66.66666666666667,82.33333333333333,242.0,184.0,191.66666666666666,114.33333333333333,227.0,182.0,71.66666666666667,259.0,247.33333333333334,248.66666666666666,81.33333333333333,51.666666666666664,110.33333333333333,249.33333333333334,204.0,147.66666666666666,64.33333333333333,227.0,240.33333333333334,234.0,247.33333333333334,113.33333333333333,54.666666666666664,135.0,202.33333333333334,85.0,225.33333333333334,268.0,87.66666666666667,133.33333333333334,72.33333333333333,54.666666666666664,140.66666666666666,68.33333333333333,256.6666666666667,41.333333333333336,134.33333333333334,46.666666666666664,57.0
71.75,80.33333333333333,258.6666666666667,247.0,60.333333333333336,247.0,262.6666666666667,226.66666666666666,221.33333333333334,35.666666666666664,214.66666666666666,234.66666666666666,58.0,35.333333333333336,75.33333333333333,246.0,65.0,125.0,266.6666666666667,46.666666666666664,158.66666666666666,118.33333333333333,57.666666666666664,249.0,220.0,91.0,45.333333333333336,249.33333333333334,147.33333333333334,148.66666666666666,256.0,241.66666666666666,261.0,239.0,235.66666666666666,72.33333333333333,76.33333333333333,171.66666666666666,56.0,249.66666666666666,109.66666666666667,206.0,107.66666666666667,207.66666666666666,59.666666666666664,244.33333333333334,246.66666666666666,113.66666666666667,98.33333333333333,255.33333333333334,54.0,72.0,94.0,247.66666666666666,65.0,86.33333333333333,68.66666666666667,79.0,242.33333333333334,183.66666666666666,191.33333333333334,122.33333333333333,226.66666666666666,186.33333333333334,74.0,260.3333333333333,247.66666666666666,248.0,72.66666666666667,55.0,111.66666666666667,249.33333333333334,207.33333333333334,147.66666666666666,66.66666666666667,226.33333333333334,246.33333333333334,241.66666666666666,248.66666666666666,109.66666666666667,55.333333333333336,130.66666666666666,201.66666666666666,89.66666666666667,223.66666666666666,261.6666666666667,90.33333333333333,139.66666666666666,65.66666666666667,54.333333333333336,141.66666666666666,66.0,250.33333333333334,41.333333333333336,126.33333333333333,48.0,63.0
72.0,81.66666666666667,259.6666666666667,248.66666666666666,57.666666666666664,249.0,262.0,226.0,219.66666666666666,32.666666666666664,214.0,236.0,56.0,34.333333333333336,73.66666666666667,246.66666666666666,65.66666666666667,128.66666666666666,266.0,46.333333333333336,159.0,121.66666666666667,59.0,247.66666666666666,220.33333333333334,92.0,44.666666666666664,249.0,147.33333333333334,146.33333333333334,256.0,242.0,263.0,238.33333333333334,231.66666666666666,74.33333333333333,80.0,170.0,55.0,251.33333333333334,112.0,210.0,109.0,210.0,60.333333333333336,246.33333333333334,251.33333333333334,118.66666666666667,103.66666666666667,243.0,53.666666666666664,69.33333333333333,95.33333333333333,249.66666666666666,65.0,88.33333333333333,68.66666666666667,80.0,242.33333333333334,183.33333333333334,191.66666666666666,117.66666666666667,229.0,187.33333333333334,73.33333333333333,260.0,250.0,248.0,76.33333333333333,52.333333333333336,114.66666666666667,249.0,209.0,147.0,64.66666666666667,227.33333333333334,243.0,240.33333333333334,247.66666666666666,111.33333333333333,58.666666666666664,134.66666666666666,201.33333333333334,86.0,223.66666666666666,262.0,90.0,134.33333333333334,68.66666666666667,54.666666666666664,142.0,68.0,255.0,41.0,131.66666666666666,45.0,61.0
72.25,83.33333333333333,259.6666666666667,247.66666666666666,60.333333333333336,245.0,264.0,227.33333333333334,222.33333333333334,34.0,215.0,235.33333333333334,57.0,37.333333333333336,77.0,247.0,64.33333333333333,128.0,270.3333333333333,48.333333333333336,161.0,122.33333333333333,58.666666666666664,252.33333333333334,222.0,92.66666666666667,44.333333333333336,250.33333333333334,150.0,149.0,257.3333333333333,244.66666666666666,262.6666666666667,240.33333333333334,235.66666666666666,74.66666666666667,79.0,172.0,55.0,249.66666666666666,111.33333333333333,208.66666666666666,107.0,214.0,60.666666666666664,246.0,250.0,116.0,99.33333333333333,249.0,53.333333333333336,73.0,95.33333333333333,246.66666666666666,61.333333333333336,84.66666666666667,67.66666666666667,77.33333333333333,243.0,187.66666666666666,192.0,117.33333333333333,227.66666666666666,187.66666666666666,74.0,260.3333333333333,249.33333333333334,249.0,73.0,56.333333333333336,111.66666666666667,249.66666666666666,211.0,148.66666666666666,66.33333333333333,227.33333333333334,246.33333333333334,239.33333333333334,249.0,110.66666666666667,56.666666666666664,133.66666666666666,205.0,87.66666666666667,221.0,258.0,91.33333333333333,138.33333333333334,64.0,56.666666666666664,142.66666666666666,64.33333333333333,250.66666666666666,40.666666666666664,128.0,46.0,65.66666666666667
72.5,82.33333333333333,258.0,245.33333333333334,62.0,251.33333333333334,262.0,227.0,220.33333333333334,33.0,219.0,234.33333333333334,57.666666666666664,36.333333333333336,73.66666666666667,247.33333333333334,65.66666666666667,131.0,265.0,51.333333333333336,158.33333333333334,124.33333333333333,65.33333333333333,252.0,223.0,91.66666666666667,44.333333333333336,250.33333333333334,149.33333333333334,148.0,254.66666666666666,244.0,260.6666666666667,237.66666666666666,236.33333333333334,77.66666666666667,83.0,175.33333333333334,55.333333333333336,251.33333333333334,110.66666666666667,209.66666666666666,111.66666666666667,213.66666666666666,62.0,245.66666666666666,251.33333333333334,118.33333333333333,108.33333333333333,238.33333333333334,53.0,70.66666666666667,96.33333333333333,248.66666666666666,63.0,92.66666666666667,67.0,82.33333333333333,244.33333333333334,185.0,190.66666666666666,117.33333333333333,229.33333333333334,189.33333333333334,74.0,261.6666666666667,250.33333333333334,249.0,80.0,51.666666666666664,111.0,251.66666666666666,214.66666666666666,150.66666666666666,65.66666666666667,227.66666666666666,242.0,240.66666666666666,248.66666666666666,112.66666666666667,57.333333333333336,141.33333333333334,205.33333333333334,86.33333333333333,220.66666666666666,257.0,84.66666666666667,136.33333333333334,71.66666666666667,56.333333333333336,143.0,64.0,255.66666666666666,42.666666666666664,132.33333333333334,52.0,60.666666666666664
72.75,82.0,258.0,248.33333333333334,58.0,250.66666666666666,262.6666666666667,229.33333333333334,219.66666666666666,35.333333333333336,216.0,234.0,55.666666666666664,35.0,72.0,248.33333333333334,67.66666666666667,130.33333333333334,268.0,49.333333333333336,160.0,124.33333333333333,59.333333333333336,250.33333333333334,224.0,91.0,45.333333333333336,249.0,149.33333333333334,149.33333333333334,254.66666666666666,245.0,260.3333333333333,238.0,235.0,75.0,83.66666666666667,176.33333333333334,52.333333333333336,251.0,109.0,210.66666666666666,112.0,213.0,60.333333333333336,248.0,250.33333333333334,121.66666666666667,105.66666666666667,244.0,53.666666666666664,73.0,94.33333333333333,250.0,64.66666666666667,93.0,67.0,81.33333333333333,245.0,185.66666666666666,190.66666666666666,120.0,231.33333333333334,190.33333333333334,73.66666666666667,260.6666666666667,250.66666666666666,248.66666666666666,78.66666666666667,52.333333333333336,117.66666666666667,249.33333333333334,210.33333333333334,148.66666666666666,67.33333333333333,228.66666666666666,244.33333333333334,243.33333333333334,249.33333333333334,113.0,57.333333333333336,134.33333333333334,202.0,85.66666666666667,223.33333333333334,261.0,88.66666666666667,137.0,67.66666666666667,55.0,143.66666666666666,66.0,255.0,46.0,129.33333333333334,46.333333333333336,60.666666666666664
73.0,82.0,262.6666666666667,249.0,58.666666666666664,243.33333333333334,263.0,226.66666666666666,224.0,34.0,217.0,232.33333333333334,56.333333333333336,36.333333333333336,78.0,248.0,66.33333333333333,128.33333333333334,271.6666666666667,48.0,158.0,124.0,56.0,252.0,223.66666666666666,91.33333333333333,44.0,250.66666666666666,148.66666666666666,149.33333333333334,255.0,243.66666666666666,260.3333333333333,240.0,238.0,78.66666666666667,81.33333333333333,171.0,55.666666666666664,248.0,110.0,205.66666666666666,111.66666666666667,213.33333333333334,63.0,246.0,247.33333333333334,118.66666666666667,96.66666666666667,245.66666666666666,52.333333333333336,71.33333333333333,101.33333333333333,247.0,63.666666666666664,89.0,69.33333333333333,80.33333333333333,242.0,187.66666666666666,191.66666666666666,119.66666666666667,225.33333333333334,188.0,74.33333333333333,259.6666666666667,250.33333333333334,247.0,75.0,57.333333333333336,113.66666666666667,251.33333333333334,215.0,146.33333333333334,69.0,226.66666666666666,244.66666666666666,242.33333333333334,247.66666666666666,109.66666666666667,57.0,133.33333333333334,208.66666666666666,86.0,217.0,251.33333333333334,88.66666666666667,138.0,63.666666666666664,57.333333333333336,142.33333333333334,61.666666666666664,252.33333333333334,46.333333333333336,128.33333333333334,48.333333333333336,64.0
73.25,82.33333333333333,258.3333333333333,247.66666666666666,58.0,248.33333333333334,259.6666666666667,229.0,219.33333333333334,32.333333333333336,216.33333333333334,231.33333333333334,57.0,34.0,73.0,249.33333333333334,62.666666666666664,132.0,267.3333333333333,47.0,156.33333333333334,121.66666666666667,61.666666666666664,247.66666666666666,223.33333333333334,91.66666666666667,41.666666666666664,250.33333333333334,149.0,148.66666666666666,255.33333333333334,243.0,261.0,236.0,236.33333333333334,74.33333333333333,81.66666666666667,176.0,51.666666666666664,251.0,107.66666666666667,212.0,111.66666666666667,212.0,58.0,247.66666666666666,252.0,117.33333333333333,104.66666666666667,239.66666666666666,50.333333333333336,70.33333333333333,93.0,250.0,62.0,91.33333333333333,66.0,82.66666666666667,244.33333333333334,186.0,192.66666666666666,117.33333333333333,229.33333333333334,189.66666666666666,73.66666666666667,258.3333333333333,247.66666666666666,248.66666666666666,79.33333333333333,51.333333333333336,114.33333333333333,250.66666666666666,211.33333333333334,148.66666666666666,65.0,227.0,242.0,241.66666666666666,247.66666666666666,110.66666666666667,55.666666666666664,133.33333333333334,202.66666666666666,84.66666666666667,219.0,258.3333333333333,85.33333333333333,135.0,70.66666666666667,53.333333333333336,142.33333333333334,67.0,254.66666666666666,45.0,129.66666666666666,45.0,57.0
73.5,78.66666666666667,259.6666666666667,245.33333333333334,56.333333333333336,248.0,258.6666666666667,229.66666666666666,223.33333333333334,35.333333333333336,212.33333333333334,234.0,54.0,36.333333333333336,75.66666666666667,247.66666666666666,63.333333333333336,133.0,266.3333333333333,51.0,161.66666666666666,128.33333333333334,61.666666666666664,250.66666666666666,223.66666666666666,91.0,46.0,247.0,150.33333333333334,148.0,257.6666666666667,245.33333333333334,263.3333333333333,237.0,234.66666666666666,75.0,85.66666666666667,172.66666666666666,54.666666666666664,249.0,112.33333333333333,211.33333333333334,110.0,215.0,61.333333333333336,243.66666666666666,253.0,119.66666666666667,101.0,237.33333333333334,52.0,71.0,97.33333333333333,250.0,67.66666666666667,92.66666666666667,67.33333333333333,80.33333333333333,245.0,187.0,188.0,114.0,229.66666666666666,187.33333333333334,71.66666666666667,261.0,251.0,249.33333333333334,77.33333333333333,51.333333333333336,117.66666666666667,252.33333333333334,211.66666666666666,145.0,63.666666666666664,228.33333333333334,242.0,240.33333333333334,247.0,110.33333333333333,58.0,134.66666666666666,203.0,84.66666666666667,217.66666666666666,253.0,90.33333333333333,132.33333333333334,68.33333333333333,56.333333333333336,143.33333333333334,68.66666666666667,253.66666666666666,44.666666666666664,132.0,50.666666666666664,55.666666666666664
73.75,82.0,260.6666666666667,252.66666666666666,64.0,246.0,265.3333333333333,229.66666666666666,223.66666666666666,36.333333333333336,218.33333333333334,237.33333333333334,56.333333333333336,38.666666666666664,78.0,251.0,65.0,136.33333333333334,268.0,48.333333333333336,160.33333333333334,123.66666666666667,58.666666666666664,252.0,226.33333333333334,95.33333333333333,46.0,249.66666666666666,149.0,152.66666666666666,255.33333333333334,245.33333333333334,262.0,242.66666666666666,238.0,74.66666666666667,81.33333333333333,174.0,56.666666666666664,252.66666666666666,110.0,208.33333333333334,108.33333333333333,218.33333333333334,61.333333333333336,245.33333333333334,249.33333333333334,119.66666666666667,97.33333333333333,251.66666666666666,54.0,71.66666666666667,96.33333333333333,248.33333333333334,63.333333333333336,87.33333333333333,68.0,79.0,244.33333333333334,190.66666666666666,191.66666666666666,122.66666666666667,227.0,194.0,76.0,260.3333333333333,249.0,251.0,74.33333333333333,55.333333333333336,116.66666666666667,250.33333333333334,215.0,147.33333333333334,70.66666666666667,226.0,247.66666666666666,244.0,248.0,109.66666666666667,55.333333333333336,132.0,204.66666666666666,86.0,217.33333333333334,254.66666666666666,89.33333333333333,139.0,65.66666666666667,57.666666666666664,145.66666666666666,67.0,251.33333333333334,41.666666666666664,129.66666666666666,43.333333333333336,63.0
74.0,79.0,259.3333333333333,246.0,52.666666666666664,249.33333333333334,258.0,230.0,220.0,31.0,211.0,235.66666666666666,51.333333333333336,34.666666666666664,72.33333333333333,246.33333333333334,63.333333333333336,142.0,264.3333333333333,48.0,158.33333333333334,128.0,60.0,248.0,224.0,89.33333333333333,43.333333333333336,247.66666666666666,150.33333333333334,143.66666666666666,255.66666666666666,248.0,261.0,238.0,234.0,78.33333333333333,81.66666666666667,172.0,52.333333333333336,248.33333333333334,115.33333333333333,213.0,111.0,213.0,61.0,244.0,256.0,119.33333333333333,106.33333333333333,230.66666666666666,49.333333333333336,70.0,96.33333333333333,251.66666666666666,63.666666666666664,92.0,65.66666666666667,82.66666666666667,244.66666666666666,188.0,190.0,111.66666666666667,227.33333333333334,190.0,66.66666666666667,259.6666666666667,247.66666666666666,250.66666666666666,79.66666666666667,47.666666666666664,118.0,253.33333333333334,209.33333333333334,145.66666666666666,62.0,223.0,238.0,233.0,245.66666666666666,112.66666666666667,56.0,137.66666666666666,203.0,84.66666666666667,221.33333333333334,257.6666666666667,86.66666666666667,127.33333333333333,70.0,57.333333333333336,141.66666666666666,68.0,252.33333333333334,41.333333333333336,136.33333333333334,43.0,54.666666666666664
74.25,75.0,256.0,240.33333333333334,52.0,247.66666666666666,254.0,227.33333333333334,223.66666666666666,31.666666666666668,216.66666666666666,231.0,52.333333333333336,32.666666666666664,73.0,245.33333333333334,62.666666666666664,135.0,268.0,47.0,159.0,125.33333333333333,58.333333333333336,251.33333333333334,224.0,84.0,40.666666666666664,245.0,149.66666666666666,148.33333333333334,256.3333333333333,243.66666666666666,261.3333333333333,236.66666666666666,236.66666666666666,71.66666666666667,86.0,172.66666666666666,50.333333333333336,248.0,112.66666666666667,210.33333333333334,110.66666666666667,218.66666666666666,59.333333333333336,245.0,251.33333333333334,119.33333333333333,99.33333333333333,227.66666666666666,51.333333333333336,67.33333333333333,93.66666666666667,249.33333333333334,66.0,91.66666666666667,65.66666666666667,80.0,244.33333333333334,184.66666666666666,184.33333333333334,110.66666666666667,231.0,192.33333333333334,72.33333333333333,261.6666666666667,248.66666666666666,250.33333333333334,74.66666666666667,48.0,118.33333333333333,252.0,216.66666666666666,142.66666666666666,63.0,227.0,239.66666666666666,240.0,244.0,108.66666666666667,55.666666666666664,136.0,201.0,83.0,214.66666666666666,247.33333333333334,81.0,130.33333333333334,70.33333333333333,53.666666666666664,140.66666666666666,65.0,254.66666666666666,40.333333333333336,128.66666666666666,47.333333333333336,59.0
74.5,81.0,256.3333333333333,248.0,58.666666666666664,250.33333333333334,263.3333333333333,229.66666666666666,219.66666666666666,33.333333333333336,217.33333333333334,237.0,54.0,34.666666666666664,74.66666666666667,245.66666666666666,62.0,142.0,267.3333333333333,47.666666666666664,156.0,129.0,59.0,248.0,227.33333333333334,89.33333333333333,41.666666666666664,249.0,147.33333333333334,150.33333333333334,255.66666666666666,243.66666666666666,261.3333333333333,238.66666666666666,237.33333333333334,76.33333333333333,83.66666666666667,176.66666666666666,53.666666666666664,249.66666666666666,110.0,213.0,111.66666666666667,216.66666666666666,60.0,248.0,251.33333333333334,121.0,105.0,242.33333333333334,51.333333333333336,68.66666666666667,95.0,249.66666666666666,61.333333333333336,90.0,67.33333333333333,81.66666666666667,243.66666666666666,187.66666666666666,190.0,116.66666666666667,228.0,195.66666666666666,74.33333333333333,260.0,248.33333333333334,248.66666666666666,77.0,50.0,119.33333333333333,250.66666666666666,211.33333333333334,147.0,61.666666666666664,226.0,242.66666666666666,240.66666666666666,245.0,111.66666666666667,54.333333333333336,134.0,200.66666666666666,84.0,218.33333333333334,255.0,89.66666666666667,132.33333333333334,65.33333333333333,58.0,142.33333333333334,68.33333333333333,252.0,44.666666666666664,131.66666666666666,43.333333333333336,55.666666666666664
74.75,81.66666666666667,259.3333333333333,252.0,59.666666666666664,251.0,262.6666666666667,232.66666666666666,222.33333333333334,37.333333333333336,218.33333333333334,236.0,53.333333333333336,34.666666666666664,75.0,249.66666666666666,65.66666666666667,142.66666666666666,267.3333333333333,50.666666666666664,158.0,128.0,60.333333333333336,248.0,226.66666666666666,91.66666666666667,46.333333333333336,251.66666666666666,148.0,152.0,256.3333333333333,245.0,261.6666666666667,239.0,238.66666666666666,77.33333333333333,83.33333333333333,175.66666666666666,55.0,252.33333333333334,109.33333333333333,215.66666666666666,114.0,215.0,61.333333333333336,249.66666666666666,255.0,123.0,110.33333333333333,234.33333333333334,54.333333333333336,72.33333333333333,95.0,249.33333333333334,65.33333333333333,89.66666666666667,66.66666666666667,80.66666666666667,244.66666666666666,191.0,189.33333333333334,116.66666666666667,232.0,196.33333333333334,71.33333333333333,263.0,248.0,250.33333333333334,76.66666666666667,51.333333333333336,118.0,251.66666666666666,212.66666666666666,149.66666666666666,66.0,226.66666666666666,241.66666666666666,239.66666666666666,247.66666666666666,113.66666666666667,58.0,137.66666666666666,204.33333333333334,85.33333333333333,218.33333333333334,256.6666666666667,88.0,130.66666666666666,70.66666666666667,55.0,144.0,68.33333333333333,255.33333333333334,41.333333333333336,133.33333333333334,43.0,60.333333333333336
75.0,81.33333333333333,259.0,251.0,58.666666666666664,248.0,260.0,229.66666666666666,223.66666666666666,35.0,221.66666666666666,235.66666666666666,55.666666666666664,37.333333333333336,75.66666666666667,248.0,63.666666666666664,145.0,269.0,47.666666666666664,160.33333333333334,131.0,62.0,249.66666666666666,226.33333333333334,92.0,41.333333333333336,250.66666666666666,150.33333333333334,151.33333333333334,255.0,245.66666666666666,262.3333333333333,239.0,237.66666666666666,77.66666666666667,84.33333333333333,174.0,54.333333333333336,249.66666666666666,112.66666666666667,214.0,114.33333333333333,216.66666666666666,64.66666666666667,247.66666666666666,254.66666666666666,122.33333333333333,106.33333333333333,241.66666666666666,53.333333333333336,70.0,98.0,249.0,65.0,92.0,68.66666666666667,81.66666666666667,245.66666666666666,192.66666666666666,191.33333333333334,116.66666666666667,229.33333333333334,196.33333333333334,73.66666666666667,260.3333333333333,248.0,250.0,80.33333333333333,48.333333333333336,116.66666666666667,255.0,212.66666666666666,148.66666666666666,68.0,227.66666666666666,243.66666666666666,240.66666666666666,246.66666666666666,112.0,58.0,138.33333333333334,204.0,87.66666666666667,217.0,252.33333333333334,87.33333333333333,136.33333333333334,70.0,57.666666666666664,143.66666666666666,70.33333333333333,253.66666666666666,45.666666666666664,133.33333333333334,47.666666666666664,58.333333333333336
75.25,76.33333333333333,258.3333333333333,244.33333333333334,53.333333333333336,244.33333333333334,258.6666666666667,229.33333333333334,224.0,33.666666666666664,220.0,229.0,53.666666666666664,32.0,69.33333333333333,247.66666666666666,62.666666666666664,140.0,267.3333333333333,46.0,158.0,127.66666666666667,59.333333333333336,251.66666666666666,225.33333333333334,87.33333333333333,45.0,247.66666666666666,148.0,150.0,253.33333333333334,245.33333333333334,262.0,239.0,238.0,76.0,87.66666666666667,176.66666666666666,53.0,248.0,108.0,210.33333333333334,109.33333333333333,218.66666666666666,60.333333333333336,245.0,251.66666666666666,122.0,103.33333333333333,234.0,51.666666666666664,71.66666666666667,95.33333333333333,247.0,63.0,89.33333333333333,66.66666666666667,79.66666666666667,243.0,191.0,188.33333333333334,117.0,229.66666666666666,196.33333333333334,71.0,262.3333333333333,249.33333333333334,252.33333333333334,74.66666666666667,49.0,118.0,252.33333333333334,218.33333333333334,142.33333333333334,61.333333333333336,226.33333333333334,237.0,242.66666666666666,247.0,110.66666666666667,54.666666666666664,137.0,204.33333333333334,85.33333333333333,211.0,244.66666666666666,85.66666666666667,130.66666666666666,66.0,53.666666666666664,142.66666666666666,68.33333333333333,253.0,39.333333333333336,129.0,48.0,62.0
75.5,78.33333333333333,256.3333333333333,250.0,58.0,246.0,261.0,230.0,223.66666666666666,33.666666666666664,222.66666666666666,233.33333333333334,53.0,38.333333333333336,77.33333333333333,249.33333333333334,64.66666666666667,143.33333333333334,270.3333333333333,50.666666666666664,160.66666666666666,129.66666666666666,60.333333333333336,249.33333333333334,228.66666666666666,87.33333333333333,43.333333333333336,250.33333333333334,147.66666666666666,151.66666666666666,258.0,244.66666666666666,260.6666666666667,239.33333333333334,238.33333333333334,74.33333333333333,85.0,177.66666666666666,52.0,249.33333333333334,111.66666666666667,213.33333333333334,113.33333333333333,218.66666666666666,61.666666666666664,248.66666666666666,252.0,120.66666666666667,102.0,242.66666666666666,50.666666666666664,69.33333333333333,96.66666666666667,248.0,66.0,92.0,69.0,82.66666666666667,245.0,193.33333333333334,189.33333333333334,117.33333333333333,230.66666666666666,197.66666666666666,74.0,260.3333333333333,250.33333333333334,248.0,78.66666666666667,53.0,121.0,254.66666666666666,214.33333333333334,147.33333333333334,67.0,226.66666666666666,243.66666666666666,242.0,248.33333333333334,110.33333333333333,54.333333333333336,133.66666666666666,205.66666666666666,85.0,214.66666666666666,247.66666666666666,87.33333333333333,133.66666666666666,69.33333333333333,58.666666666666664,143.33333333333334,67.33333333333333,252.0,44.0,133.0,45.333333333333336,57.666666666666664
75.75,77.0,259.0,251.33333333333334,57.333333333333336,245.0,259.6666666666667,231.33333333333334,221.0,33.0,218.33333333333334,234.66666666666666,52.666666666666664,35.333333333333336,75.66666666666667,248.0,64.33333333333333,145.33333333333334,268.0,50.0,160.33333333333334,129.33333333333334,60.0,248.0,227.66666666666666,92.0,44.333333333333336,247.33333333333334,147.0,153.66666666666666,256.0,244.33333333333334,260.0,239.33333333333334,237.66666666666666,71.66666666666667,81.66666666666667,177.0,53.0,250.33333333333334,109.33333333333333,214.0,112.33333333333333,216.33333333333334,61.0,249.0,252.33333333333334,123.0,102.66666666666667,244.33333333333334,49.333333333333336,71.33333333333333,93.66666666666667,247.66666666666666,64.66666666666667,90.66666666666667,67.33333333333333,81.66666666666667,240.66666666666666,194.66666666666666,190.0,117.66666666666667,230.66666666666666,199.0,72.33333333333333,262.0,248.0,248.66666666666666,78.0,50.0,121.0,253.33333333333334,211.0,149.0,65.0,227.66666666666666,241.0,241.66666666666666,246.66666666666666,108.66666666666667,54.666666666666664,133.66666666666666,201.0,85.66666666666667,212.33333333333334,250.33333333333334,89.0,134.33333333333334,68.66666666666667,55.666666666666664,145.0,68.0,251.66666666666666,42.666666666666664,131.66666666666666,44.666666666666664,58.666666666666664
76.0,77.66666666666667,256.0,248.33333333333334,54.0,249.66666666666666,258.3333333333333,229.0,223.66666666666666,36.333333333333336,222.66666666666666,233.33333333333334,52.333333333333336,33.333333333333336,71.66666666666667,246.33333333333334,63.333333333333336,146.33333333333334,267.3333333333333,48.666666666666664,158.66666666666666,128.66666666666666,59.666666666666664,250.33333333333334,228.66666666666666,89.0,43.0,251.0,151.66666666666666,152.33333333333334,256.3333333333333,246.66666666666666,260.3333333333333,238.33333333333334,239.0,75.33333333333333,86.33333333333333,174.66666666666666,52.666666666666664,250.0,110.0,216.0,115.66666666666667,219.0,63.0,247.66666666666666,253.66666666666666,122.33333333333333,108.66666666666667,235.0,54.666666666666664,74.0,96.0,250.0,64.0,91.33333333333333,68.33333333333333,84.0,246.0,194.66666666666666,189.66666666666666,115.66666666666667,228.33333333333334,199.33333333333334,72.66666666666667,261.6666666666667,248.66666666666666,252.66666666666666,78.33333333333333,50.0,118.33333333333333,253.33333333333334,213.0,145.33333333333334,65.33333333333333,227.66666666666666,243.0,238.66666666666666,247.66666666666666,116.0,56.333333333333336,137.33333333333334,203.66666666666666,85.33333333333333,213.33333333333334,254.66666666666666,90.0,130.66666666666666,67.66666666666667,54.666666666666664,141.33333333333334,70.33333333333333,254.33333333333334,44.0,135.66666666666666,49.0,57.333333333333336
76.25,75.0,256.3333333333333,246.33333333333334,56.0,246.0,262.0,232.33333333333334,224.33333333333334,38.666666666666664,222.33333333333334,234.33333333333334,56.666666666666664,36.666666666666664,74.66666666666667,249.33333333333334,65.66666666666667,150.33333333333334,268.3333333333333,49.0,162.33333333333334,128.66666666666666,62.666666666666664,253.0,230.66666666666666,88.66666666666667,48.0,246.33333333333334,150.33333333333334,156.66666666666666,256.0,244.66666666666666,261.3333333333333,240.33333333333334,238.33333333333334,76.0,89.0,181.0,55.333333333333336,249.33333333333334,112.33333333333333,213.0,112.33333333333333,221.66666666666666,62.333333333333336,248.66666666666666,252.66666666666666,125.0,105.33333333333333,237.66666666666666,53.0,73.0,96.33333333333333,248.66666666666666,63.0,91.33333333333333,70.0,84.33333333333333,245.33333333333334,195.0,189.0,118.66666666666667,232.0,203.0,74.33333333333333,261.6666666666667,248.0,252.33333333333334,76.66666666666667,50.666666666666664,122.0,253.66666666666666,219.0,147.0,64.66666666666667,228.0,241.66666666666666,245.66666666666666,248.0,112.0,56.333333333333336,139.0,205.66666666666666,87.33333333333333,213.33333333333334,247.0,87.66666666666667,137.66666666666666,67.33333333333333,58.666666666666664,143.66666666666666,70.0,252.0,41.0,131.0,44.0,60.0
76.5,77.0,258.0,252.66666666666666,57.666666666666664,247.0,260.0,231.0,220.33333333333334,33.333333333333336,222.66666666666666,233.33333333333334,52.666666666666664,35.0,76.33333333333333,248.33333333333334,65.33333333333333,149.33333333333334,269.0,50.0,162.33333333333334,132.66666666666666,59.666666666666664,250.66666666666666,230.66666666666666,89.0,44.0,251.66666666666666,148.66666666666666,152.33333333333334,255.66666666666666,248.33333333333334,261.0,239.66666666666666,237.33333333333334,76.0,83.0,174.0,55.0,251.0,112.33333333333333,214.0,112.33333333333333,219.33333333333334,62.333333333333336,249.66666666666666,253.0,123.33333333333333,105.0,235.33333333333334,54.666666666666664,71.33333333333333,97.66666666666667,249.0,62.666666666666664,91.33333333333333,67.66666666666667,83.0,244.33333333333334,195.66666666666666,189.33333333333334,114.66666666666667,231.0,202.0,73.66666666666667,263.0,249.0,250.0,81.66666666666667,51.666666666666664,120.33333333333333,255.33333333333334,215.66666666666666,146.0,66.0,230.0,243.0,240.66666666666666,247.33333333333334,111.33333333333333,57.666666666666664,138.66666666666666,200.0,83.0,206.66666666666666,243.66666666666666,86.0,130.66666666666666,72.0,57.0,141.0,72.66666666666667,255.0,44.333333333333336,133.33333333333334,48.0,59.0
76.75,80.66666666666667,259.0,256.3333333333333,62.0,243.33333333333334,266.3333333333333,232.0,224.33333333333334,35.666666666666664,225.0,238.33333333333334,57.333333333333336,36.0,77.33333333333333,249.0,66.33333333333333,148.66666666666666,272.0,50.333333333333336,158.0,127.33333333333333,59.666666666666664,254.66666666666666,228.0,93.33333333333333,45.333333333333336,252.0,152.33333333333334,155.66666666666666,257.0,245.33333333333334,260.6666666666667,243.66666666666666,243.0,75.66666666666667,84.0,175.66666666666666,57.333333333333336,251.66666666666666,108.33333333333333,211.66666666666666,112.33333333333333,218.66666666666666,62.333333333333336,250.66666666666666,251.0,119.0,100.66666666666667,247.66666666666666,54.0,72.0,97.66666666666667,247.0,62.333333333333336,86.66666666666667,69.33333333333333,83.66666666666667,243.66666666666666,201.0,191.0,118.33333333333333,230.33333333333334,203.66666666666666,75.66666666666667,261.6666666666667,248.33333333333334,248.66666666666666,77.0,56.0,123.0,254.0,218.0,148.0,68.33333333333333,226.66666666666666,248.33333333333334,243.33333333333334,250.0,110.66666666666667,57.666666666666664,132.66666666666666,207.0,90.66666666666667,212.33333333333334,245.66666666666666,89.33333333333333,138.66666666666666,68.66666666666667,60.333333333333336,142.33333333333334,67.33333333333333,248.66666666666666,44.666666666666664,133.0,50.333333333333336,60.666666666666664
77.0,81.66666666666667,258.6666666666667,257.6666666666667,62.666666666666664,243.33333333333334,266.6666666666667,234.0,224.66666666666666,39.333333333333336,227.0,236.33333333333334,57.666666666666664,41.333333333333336,80.33333333333333,251.0,68.66666666666667,155.0,271.3333333333333,51.0,159.66666666666666,131.66666666666666,57.0,253.33333333333334,228.33333333333334,93.0,47.666666666666664,253.0,151.0,157.0,258.0,246.66666666666666,262.3333333333333,244.0,243.33333333333334,78.33333333333333,85.33333333333333,176.66666666666666,60.0,250.0,110.33333333333333,212.0,111.0,222.0,60.666666666666664,251.0,252.0,120.66666666666667,103.0,253.33333333333334,53.333333333333336,68.66666666666667,100.33333333333333,245.0,62.333333333333336,90.33333333333333,69.33333333333333,83.33333333333333,245.0,202.0,191.66666666666666,122.33333333333333,231.0,205.0,78.0,262.6666666666667,250.0,252.66666666666666,74.33333333333333,55.0,121.66666666666667,254.0,221.66666666666666,148.0,68.66666666666667,227.0,248.33333333333334,245.33333333333334,250.0,110.0,56.0,134.33333333333334,208.66666666666666,91.33333333333333,210.66666666666666,241.66666666666666,90.66666666666667,137.33333333333334,65.0,57.333333333333336,143.66666666666666,70.33333333333333,249.33333333333334,47.333333333333336,134.0,52.0,60.0
77.25,84.66666666666667,260.6666666666667,261.3333333333333,68.66666666666667,246.66666666666666,266.6666666666667,236.66666666666666,226.66666666666666,38.333333333333336,231.0,237.33333333333334,58.333333333333336,44.666666666666664,83.33333333333333,251.33333333333334,69.66666666666667,153.66666666666666,271.3333333333333,53.0,160.33333333333334,131.66666666666666,58.333333333333336,252.66666666666666,229.66666666666666,97.33333333333333,50.0,254.33333333333334,150.66666666666666,156.66666666666666,259.0,245.33333333333334,258.6666666666667,244.0,243.0,71.33333333333333,77.66666666666667,178.66666666666666,55.666666666666664,251.33333333333334,103.33333333333333,214.33333333333334,110.0,220.33333333333334,59.333333333333336,255.33333333333334,250.33333333333334,120.66666666666667,101.66666666666667,252.33333333333334,55.333333333333336,71.0,94.0,247.33333333333334,64.33333333333333,93.0,70.33333333333333,82.33333333333333,246.66666666666666,200.0,195.66666666666666,123.0,231.66666666666666,204.66666666666666,79.0,264.6666666666667,248.0,252.33333333333334,78.66666666666667,55.333333333333336,120.0,255.33333333333334,218.33333333333334,155.33333333333334,72.0,231.66666666666666,249.33333333333334,246.33333333333334,251.33333333333334,112.0,57.666666666666664,130.66666666666666,201.0,87.66666666666667,208.33333333333334,243.33333333333334,88.0,137.33333333333334,71.0,57.333333333333336,147.33333333333334,71.66666666666667,252.33333333333334,47.333333333333336,127.33333333333333,53.666666666666664,59.666666666666664
77.5,79.66666666666667,260.6666666666667,256.0,61.666666666666664,239.33333333333334,264.0,234.0,224.33333333333334,36.0,223.0,236.66666666666666,55.333333333333336,38.0,78.66666666666667,250.0,65.66666666666667,153.66666666666666,274.3333333333333,49.0,160.33333333333334,131.0,60.333333333333336,255.33333333333334,230.0,93.33333333333333,44.0,249.33333333333334,149.0,156.0,258.0,247.0,264.6666666666667,244.0,240.33333333333334,74.0,83.66666666666667,175.66666666666666,54.333333333333336,249.66666666666666,111.33333333333333,213.0,111.33333333333333,221.0,62.666666666666664,250.66666666666666,250.33333333333334,123.0,100.0,251.66666666666666,50.0,70.66666666666667,99.33333333333333,246.66666666666666,62.333333333333336,87.66666666666667,68.33333333333333,82.33333333333333,244.0,201.66666666666666,192.33333333333334,120.66666666666667,229.33333333333334,205.33333333333334,77.66666666666667,262.3333333333333,250.66666666666666,250.66666666666666,76.66666666666667,59.333333333333336,125.0,253.33333333333334,215.66666666666666,147.0,68.33333333333333,226.66666666666666,247.33333333333334,246.0,249.66666666666666,111.0,55.0,134.33333333333334,202.66666666666666,88.66666666666667,207.0,241.0,91.66666666666667,138.33333333333334,65.33333333333333,59.333333333333336,144.66666666666666,72.33333333333333,248.66666666666666,47.666666666666664,133.0,48.0,57.666666666666664
77.75,83.33333333333333,258.6666666666667,259.6666666666667,62.0,242.66666666666666,265.3333333333333,232.66666666666666,226.66666666666666,39.333333333333336,231.66666666666666,235.66666666666666,58.0,37.666666666666664,81.66666666666667,249.33333333333334,65.33333333333333,156.0,273.3333333333333,50.666666666666664,159.66666666666666,131.66666666666666,62.0,256.6666666666667,229.33333333333334,91.33333333333333,44.0,253.33333333333334,150.66666666666666,156.66666666666666,259.0,249.66666666666666,260.6666666666667,245.0,245.0,80.0,85.33333333333333,174.33333333333334,55.333333333333336,250.33333333333334,112.0,215.33333333333334,110.66666666666667,221.66666666666666,64.0,251.0,253.33333333333334,122.0,101.33333333333333,248.0,53.333333333333336,72.33333333333333,98.33333333333333,244.66666666666666,63.666666666666664,87.0,66.33333333333333,82.0,245.33333333333334,207.0,193.0,121.0,230.66666666666666,207.66666666666666,78.0,263.6666666666667,246.66666666666666,249.66666666666666,79.0,56.666666666666664,120.66666666666667,253.33333333333334,219.33333333333334,149.66666666666666,70.33333333333333,229.33333333333334,250.33333333333334,244.0,249.66666666666666,110.33333333333333,54.666666666666664,136.33333333333334,211.0,93.0,209.33333333333334,241.0,91.0,136.66666666666666,67.66666666666667,59.333333333333336,145.33333333333334,70.33333333333333,250.66666666666666,48.333333333333336,132.66666666666666,54.666666666666664,60.666666666666664
78.0,79.0,257.6666666666667,254.33333333333334,55.666666666666664,243.0,259.3333333333333,235.0,222.66666666666666,33.333333333333336,226.33333333333334,232.66666666666666,55.666666666666664,34.333333333333336,77.33333333333333,246.66666666666666,64.0,156.33333333333334,271.3333333333333,49.0,159.33333333333334,137.33333333333334,61.0,256.3333333333333,230.0,90.0,44.0,249.66666666666666,148.66666666666666,153.66666666666666,257.3333333333333,247.66666666666666,263.0,240.33333333333334,240.66666666666666,78.0,88.33333333333333,172.66666666666666,56.0,248.66666666666666,113.0,213.33333333333334,116.33333333333333,224.66666666666666,62.333333333333336,248.33333333333334,255.33333333333334,122.33333333333333,106.66666666666667,234.0,51.0,72.0,98.66666666666667,249.0,66.66666666666667,92.33333333333333,67.33333333333333,85.33333333333333,247.33333333333334,200.33333333333334,188.66666666666666,116.0,234.0,202.0,72.66666666666667,262.3333333333333,249.0,250.0,79.0,52.333333333333336,123.66666666666667,255.66666666666666,217.0,144.33333333333334,65.0,231.0,241.0,242.0,248.0,111.0,56.0,141.33333333333334,207.66666666666666,87.66666666666667,207.33333333333334,233.0,87.33333333333333,130.0,68.33333333333333,58.0,143.33333333333334,71.33333333333333,252.66666666666666,42.333333333333336,134.0,47.0,60.333333333333336
78.25,80.0,259.0,256.3333333333333,59.333333333333336,239.66666666666666,265.0,235.0,225.0,37.0,227.66666666666666,234.33333333333334,56.666666666666664,35.0,79.33333333333333,251.66666666666666,65.66666666666667,155.66666666666666,273.3333333333333,49.333333333333336,159.33333333333334,132.33333333333334,58.333333333333336,256.0,230.0,89.66666666666667,46.333333333333336,250.33333333333334,149.0,157.66666666666666,258.6666666666667,246.33333333333334,262.0,244.66666666666666,243.66666666666666,74.66666666666667,85.0,173.33333333333334,54.666666666666664,251.66666666666666,106.0,213.66666666666666,111.66666666666667,222.66666666666666,61.666666666666664,251.0,249.33333333333334,122.0,97.66666666666667,250.33333333333334,54.0,71.33333333333333,99.33333333333333,246.66666666666666,63.333333333333336,88.33333333333333,68.33333333333333,84.66666666666667,247.33333333333334,203.66666666666666,190.66666666666666,120.66666666666667,232.0,207.0,76.33333333333333,262.0,248.66666666666666,250.66666666666666,76.0,56.0,121.33333333333333,254.66666666666666,219.33333333333334,148.0,65.66666666666667,227.66666666666666,248.0,244.33333333333334,249.0,109.66666666666667,55.0,139.0,208.33333333333334,87.66666666666667,203.66666666666666,235.33333333333334,88.33333333333333,133.66666666666666,64.33333333333333,60.333333333333336,142.33333333333334,71.66666666666667,249.66666666666666,44.333333333333336,133.33333333333334,48.0,59.0
78.5,77.66666666666667,260.3333333333333,258.0,60.0,238.33333333333334,264.6666666666667,236.33333333333334,224.66666666666666,34.666666666666664,225.66666666666666,236.66666666666666,55.0,39.0,81.33333333333333,248.66666666666666,65.66666666666667,159.33333333333334,273.3333333333333,48.666666666666664,162.33333333333334,134.0,57.666666666666664,257.3333333333333,232.0,92.33333333333333,46.333333333333336,250.66666666666666,149.66666666666666,157.33333333333334,257.0,246.0,264.6666666666667,247.0,242.66666666666666,75.0,82.33333333333333,171.0,56.0,249.33333333333334,110.33333333333333,211.33333333333334,111.66666666666667,223.33333333333334,61.666666666666664,247.33333333333334,251.0,119.66666666666667,97.66666666666667,248.0,52.333333333333336,69.66666666666667,99.33333333333333,245.66666666666666,62.333333333333336,85.66666666666667,69.66666666666667,83.0,244.0,206.66666666666666,192.0,117.66666666666667,230.33333333333334,207.66666666666666,72.33333333333333,263.6666666666667,250.33333333333334,249.0,74.0,55.333333333333336,124.0,252.33333333333334,218.0,146.33333333333334,70.33333333333333,229.33333333333334,248.33333333333334,242.33333333333334,251.33333333333334,108.66666666666667,56.666666666666664,134.0,206.0,88.33333333333333,205.33333333333334,237.0,89.33333333333333,137.66666666666666,65.33333333333333,58.333333333333336,143.66666666666666,74.0,246.0,40.666666666666664,135.0,50.333333333333336,60.666666666666664
78.75,81.33333333333333,259.3333333333333,256.3333333333333,56.333333333333336,243.66666666666666,259.6666666666667,234.33333333333334,223.33333333333334,35.0,227.33333333333334,236.33333333333334,52.333333333333336,36.333333333333336,80.33333333333333,248.66666666666666,66.33333333333333,159.0,271.6666666666667,50.0,163.33333333333334,136.33333333333334,60.333333333333336,254.0,231.66666666666666,89.66666666666667,47.0,251.33333333333334,149.0,155.0,258.6666666666667,247.0,262.0,241.66666666666666,240.66666666666666,77.33333333333333,87.66666666666667,173.33333333333334,53.333333333333336,251.0,111.66666666666667,215.33333333333334,113.33333333333333,225.0,62.666666666666664,251.0,256.3333333333333,125.66666666666667,106.33333333333333,237.66666666666666,54.666666666666664,70.66666666666667,100.0,250.33333333333334,63.0,94.66666666666667,66.0,85.33333333333333,247.66666666666666,205.33333333333334,189.0,115.66666666666667,233.66666666666666,209.0,74.33333333333333,265.6666666666667,250.33333333333334,251.66666666666666,83.33333333333333,54.0,127.33333333333333,256.3333333333333,215.66666666666666,146.33333333333334,66.0,231.0,242.66666666666666,241.0,246.66666666666666,112.33333333333333,57.333333333333336,139.66666666666666,203.33333333333334,86.0,201.0,236.66666666666666,87.0,131.66666666666666,70.66666666666667,56.666666666666664,141.66666666666666,75.0,252.33333333333334,46.666666666666664,135.66666666666666,46.333333333333336,59.333333333333336
79.0,79.33333333333333,257.6666666666667,257.6666666666667,55.666666666666664,242.33333333333334,263.3333333333333,234.0,222.0,37.666666666666664,229.66666666666666,234.33333333333334,55.666666666666664,38.0,80.0,251.0,68.66666666666667,161.33333333333334,271.3333333333333,49.0,158.66666666666666,135.66666666666666,60.0,254.33333333333334,230.33333333333334,90.33333333333333,46.0,248.33333333333334,151.66666666666666,158.33333333333334,257.6666666666667,248.0,262.0,242.0,241.66666666666666,80.0,90.33333333333333,175.33333333333334,55.333333333333336,252.33333333333334,110.66666666666667,214.66666666666666,112.33333333333333,223.33333333333334,62.0,251.0,255.66666666666666,127.0,106.0,240.66666666666666,53.666666666666664,71.33333333333333,99.0,249.66666666666666,62.666666666666664,91.0,68.66666666666667,89.0,248.33333333333334,206.0,188.0,117.0,235.33333333333334,208.0,75.0,263.6666666666667,247.66666666666666,251.66666666666666,80.0,52.333333333333336,126.33333333333333,256.0,217.33333333333334,150.0,62.666666666666664,228.0,244.66666666666666,244.33333333333334,247.66666666666666,111.0,55.666666666666664,140.0,204.0,87.66666666666667,205.0,238.0,88.33333333333333,130.66666666666666,69.66666666666667,57.0,142.0,73.66666666666667,251.66666666666666,46.333333333333336,136.0,45.333333333333336,59.333333333333336
79.25,79.66666666666667,258.6666666666667,257.0,58.333333333333336,243.33333333333334,263.3333333333333,235.66666666666666,222.33333333333334,38.0,226.66666666666666,237.33333333333334,54.0,37.333333333333336,79.33333333333333,251.0,69.33333333333333,162.33333333333334,271.3333333333333,51.0,160.0,133.66666666666666,64.0,254.33333333333334,232.66666666666666,90.66666666666667,46.0,250.0,150.33333333333334,159.33333333333334,258.3333333333333,248.66666666666666,263.6666666666667,243.0,240.0,76.66666666666667,88.33333333333333,173.66666666666666,54.333333333333336,250.66666666666666,112.66666666666667,215.0,114.66666666666667,225.66666666666666,61.0,251.0,256.0,127.33333333333333,103.66666666666667,242.0,54.666666666666664,71.0,100.66666666666667,250.66666666666666,61.333333333333336,89.66666666666667,67.66666666666667,86.33333333333333,248.0,205.33333333333334,187.66666666666666,116.66666666666667,233.33333333333334,207.0,73.66666666666667,263.6666666666667,250.66666666666666,251.33333333333334,78.33333333333333,55.0,129.66666666666666,254.33333333333334,211.66666666666666,148.66666666666666,63.333333333333336,230.0,245.66666666666666,243.0,248.66666666666666,115.0,57.666666666666664,138.33333333333334,200.66666666666666,88.33333333333333,205.33333333333334,239.33333333333334,88.66666666666667,133.66666666666666,70.33333333333333,57.666666666666664,142.33333333333334,76.0,250.33333333333334,44.333333333333336,136.66666666666666,45.333333333333336,56.666666666666664
79.5,77.66666666666667,260.6666666666667,258.3333333333333,60.333333333333336,236.66666666666666,262.0,234.0,228.0,36.333333333333336,227.0,232.33333333333334,52.333333333333336,38.333333333333336,84.33333333333333,249.0,66.33333333333333,160.66666666666666,275.3333333333333,49.0,164.0,136.33333333333334,59.333333333333336,258.3333333333333,232.33333333333334,90.33333333333333,46.666666666666664,247.66666666666666,151.33333333333334,158.66666666666666,258.6666666666667,246.66666666666666,263.3333333333333,244.0,241.0,76.33333333333333,86.66666666666667,171.66666666666666,58.333333333333336,250.0,110.33333333333333,209.66666666666666,111.0,229.33333333333334,63.333333333333336,250.0,253.0,123.0,96.33333333333333,244.0,55.333333333333336,69.0,104.33333333333333,245.66666666666666,61.0,87.66666666666667,68.33333333333333,86.0,247.66666666666666,206.66666666666666,188.0,119.0,232.33333333333334,210.66666666666666,76.0,263.0,250.33333333333334,251.0,76.0,57.0,129.33333333333334,257.3333333333333,221.0,145.0,68.0,228.66666666666666,246.0,245.33333333333334,250.0,108.33333333333333,57.333333333333336,139.0,205.66666666666666,89.33333333333333,196.66666666666666,228.33333333333334,91.0,138.0,63.0,59.333333333333336,142.66666666666666,71.0,247.66666666666666,47.333333333333336,136.33333333333334,50.0,60.333333333333336
79.75,79.0,259.6666666666667,259.3333333333333,62.666666666666664,239.33333333333334,265.3333333333333,236.0,224.66666666666666,36.0,228.0,237.33333333333334,55.0,35.333333333333336,83.0,249.0,64.0,163.33333333333334,273.6666666666667,48.333333333333336,162.0,134.33333333333334,61.0,258.0,231.66666666666666,92.0,46.666666666666664,250.33333333333334,150.0,158.66666666666666,258.0,246.33333333333334,260.6666666666667,244.0,242.33333333333334,78.0,84.0,174.66666666666666,59.666666666666664,252.0,111.66666666666667,214.33333333333334,112.33333333333333,226.0,61.333333333333336,251.66666666666666,252.66666666666666,127.33333333333333,99.0,248.66666666666666,52.666666666666664,74.0,100.0,247.0,64.0,88.66666666666667,70.33333333333333,86.66666666666667,248.0,209.0,190.66666666666666,119.66666666666667,231.33333333333334,212.66666666666666,77.33333333333333,262.6666666666667,249.66666666666666,249.33333333333334,79.0,54.666666666666664,126.0,254.0,215.0,149.33333333333334,68.66666666666667,229.0,248.0,243.33333333333334,250.66666666666666,111.33333333333333,57.666666666666664,136.33333333333334,201.66666666666666,89.0,200.66666666666666,233.66666666666666,91.66666666666667,135.33333333333334,67.33333333333333,61.333333333333336,144.0,73.66666666666667,247.66666666666666,45.333333333333336,133.0,51.333333333333336,57.333333333333336
80.0,83.33333333333333,259.6666666666667,260.3333333333333,64.33333333333333,241.66666666666666,266.0,237.0,227.33333333333334,38.333333333333336,232.66666666666666,239.0,56.333333333333336,38.333333333333336,82.66666666666667,249.0,66.66666666666667,165.66666666666666,275.3333333333333,50.0,162.0,137.0,60.666666666666664,260.3333333333333,234.66666666666666,93.0,48.333333333333336,252.0,152.66666666666666,161.0,261.0,247.33333333333334,260.3333333333333,247.0,243.0,79.0,84.33333333333333,175.66666666666666,58.666666666666664,252.0,111.0,215.66666666666666,114.33333333333333,227.66666666666666,63.0,254.0,252.33333333333334,124.0,101.66666666666667,252.66666666666666,55.0,73.66666666666667,99.66666666666667,246.0,66.0,89.33333333333333,70.0,85.66666666666667,247.0,210.66666666666666,191.66666666666666,120.66666666666667,230.66666666666666,215.0,78.0,264.6666666666667,247.66666666666666,248.66666666666666,78.33333333333333,57.0,125.66666666666667,255.0,216.33333333333334,149.0,68.0,229.0,249.33333333333334,245.33333333333334,251.33333333333334,114.66666666666667,56.0,136.33333333333334,206.66666666666666,92.66666666666667,201.33333333333334,234.0,94.33333333333333,139.33333333333334,66.66666666666667,62.666666666666664,145.66666666666666,76.0,248.0,47.666666666666664,133.66666666666666,50.0,56.666666666666664
80.25,84.33333333333333,261.0,261.3333333333333,66.66666666666667,242.66666666666666,269.6666666666667,236.33333333333334,227.0,36.0,235.0,236.66666666666666,56.0,41.333333333333336,84.0,250.66666666666666,68.0,164.33333333333334,275.3333333333333,51.333333333333336,163.33333333333334,135.66666666666666,58.666666666666664,255.33333333333334,230.33333333333334,96.33333333333333,48.333333333333336,252.66666666666666,152.33333333333334,162.66666666666666,259.0,245.66666666666666,257.0,248.33333333333334,244.0,70.0,81.0,177.33333333333334,58.0,251.66666666666666,104.66666666666667,214.66666666666666,111.66666666666667,224.33333333333334,62.0,256.0,251.66666666666666,124.33333333333333,101.0,251.0,54.333333333333336,72.33333333333333,94.33333333333333,247.33333333333334,66.33333333333333,90.66666666666667,68.33333333333333,85.66666666666667,246.0,207.0,192.66666666666666,121.66666666666667,234.0,213.0,77.66666666666667,264.6666666666667,243.33333333333334,249.66666666666666,82.66666666666667,58.333333333333336,127.66666666666667,255.0,218.33333333333334,155.33333333333334,68.33333333333333,228.33333333333334,248.0,248.0,253.0,110.33333333333333,57.333333333333336,137.0,195.66666666666666,88.0,199.0,232.33333333333334,91.0,139.0,69.66666666666667,61.0,145.0,74.66666666666667,250.0,48.333333333333336,128.33333333333334,51.0,56.666666666666664
80.5,82.0,257.0,260.0,64.0,240.33333333333334,267.3333333333333,234.33333333333334,230.66666666666666,35.666666666666664,231.33333333333334,240.66666666666666,55.666666666666664,39.666666666666664,82.33333333333333,249.33333333333334,66.66666666666667,167.66666666666666,275.6666666666667,50.666666666666664,159.66666666666666,136.33333333333334,58.666666666666664,256.6666666666667,234.33333333333334,91.0,44.666666666666664,253.0,152.66666666666666,160.33333333333334,258.0,247.33333333333334,261.3333333333333,246.66666666666666,245.0,73.66666666666667,84.0,177.0,57.666666666666664,248.66666666666666,111.0,215.0,115.66666666666667,225.66666666666666,60.0,252.0,250.66666666666666,122.0,99.33333333333333,248.0,52.0,70.66666666666667,102.66666666666667,244.33333333333334,58.666666666666664,87.33333333333333,66.66666666666667,86.33333333333333,245.66666666666666,210.0,189.66666666666666,119.0,231.0,213.0,78.33333333333333,261.0,246.0,249.33333333333334,75.0,57.0,123.66666666666667,255.0,217.0,146.66666666666666,69.33333333333333,227.33333333333334,251.33333333333334,245.33333333333334,248.66666666666666,109.33333333333333,53.666666666666664,135.66666666666666,207.0,90.33333333333333,201.33333333333334,235.0,91.0,136.66666666666666,65.66666666666667,59.666666666666664,144.66666666666666,72.0,245.66666666666666,47.666666666666664,133.66666666666666,50.333333333333336,57.0
80.75,79.66666666666667,261.6666666666667,262.3333333333333,64.66666666666667,240.33333333333334,268.0,236.0,228.33333333333334,40.0,229.33333333333334,243.0,58.0,39.666666666666664,81.0,249.0,66.33333333333333,170.0,275.6666666666667,51.333333333333336,161.33333333333334,137.0,59.666666666666664,259.3333333333333,233.66666666666666,95.0,47.333333333333336,250.0,151.0,162.0,260.0,246.66666666666666,261.6666666666667,245.66666666666666,243.0,77.33333333333333,84.66666666666667,175.66666666666666,59.0,250.0,109.0,215.0,113.0,228.33333333333334,60.0,251.33333333333334,252.0,126.33333333333333,97.66666666666667,250.66666666666666,54.333333333333336,74.33333333333333,98.66666666666667,246.0,61.0,87.66666666666667,70.33333333333333,84.66666666666667,246.0,212.33333333333334,187.33333333333334,119.33333333333333,232.33333333333334,216.0,77.33333333333333,261.3333333333333,250.66666666666666,250.0,73.66666666666667,54.666666666666664,127.0,255.66666666666666,214.0,149.66666666666666,66.66666666666667,228.0,248.66666666666666,246.0,250.33333333333334,111.33333333333333,59.0,137.33333333333334,206.0,90.33333333333333,202.0,233.0,90.33333333333333,138.0,68.0,60.666666666666664,145.33333333333334,73.33333333333333,242.33333333333334,44.333333333333336,133.66666666666666,45.666666666666664,58.666666666666664
81.0,79.66666666666667,262.6666666666667,259.6666666666667,60.333333333333336,239.33333333333334,266.3333333333333,234.33333333333334,227.33333333333334,34.666666666666664,230.33333333333334,238.0,53.333333333333336,44.0,85.66666666666667,249.0,68.0,165.0,278.0,49.0,164.66666666666666,135.66666666666666,55.333333333333336,256.6666666666667,233.0,91.66666666666667,45.666666666666664,249.0,147.66666666666666,159.66666666666666,258.6666666666667,246.66666666666666,259.3333333333333,247.0,242.66666666666666,69.33333333333333,79.66666666666667,171.66666666666666,54.333333333333336,250.66666666666666,105.0,212.33333333333334,112.66666666666667,226.66666666666666,59.666666666666664,256.3333333333333,251.66666666666666,120.33333333333333,96.0,245.33333333333334,56.333333333333336,68.66666666666667,97.0,244.66666666666666,65.33333333333333,90.33333333333333,67.66666666666667,84.66666666666667,246.66666666666666,207.66666666666666,192.66666666666666,120.0,236.66666666666666,211.33333333333334,77.0,262.0,247.66666666666666,249.33333333333334,81.33333333333333,59.333333333333336,126.66666666666667,257.6666666666667,221.33333333333334,153.0,68.33333333333333,230.66666666666666,245.66666666666666,248.0,251.66666666666666,109.66666666666667,59.333333333333336,136.66666666666666,201.33333333333334,83.66666666666667,194.66666666666666,226.0,87.66666666666667,135.66666666666666,71.0,61.333333333333336,143.66666666666666,68.33333333333333,251.0,42.333333333333336,127.33333333333333,52.666666666666664,54.666666666666664
81.25,86.33333333333333,259.0,262.3333333333333,65.33333333333333,243.33333333333334,266.6666666666667,234.0,230.33333333333334,37.333333333333336,233.0,239.0,56.333333333333336,43.666666666666664,86.66666666666667,251.66666666666666,71.33333333333333,170.66666666666666,274.6666666666667,48.333333333333336,162.0,136.66666666666666,60.666666666666664,258.0,231.33333333333334,91.66666666666667,46.333333333333336,249.0,153.0,162.66666666666666,259.3333333333333,244.33333333333334,257.3333333333333,246.66666666666666,245.33333333333334,71.66666666666667,85.33333333333333,180.0,56.333333333333336,251.0,101.66666666666667,214.66666666666666,112.66666666666667,229.0,59.666666666666664,257.6666666666667,250.0,123.0,99.33333333333333,247.66666666666666,57.0,71.33333333333333,95.33333333333333,246.66666666666666,66.66666666666667,93.0,67.66666666666667,87.33333333333333,247.0,208.66666666666666,192.0,122.0,236.0,216.0,80.0,264.3333333333333,243.33333333333334,252.0,82.0,56.666666666666664,127.0,257.0,222.0,153.66666666666666,69.33333333333333,229.33333333333334,247.0,252.66666666666666,253.0,109.33333333333333,59.0,134.0,199.33333333333334,87.66666666666667,198.33333333333334,229.66666666666666,87.66666666666667,137.33333333333334,72.0,59.333333333333336,146.33333333333334,70.66666666666667,250.33333333333334,44.0,127.0,49.333333333333336,57.0
81.5,83.66666666666667,262.6666666666667,261.0,65.0,242.66666666666666,267.6666666666667,234.0,228.33333333333334,34.666666666666664,233.33333333333334,236.33333333333334,54.666666666666664,40.333333333333336,83.33333333333333,252.0,69.33333333333333,170.33333333333334,276.6666666666667,48.666666666666664,162.66666666666666,137.66666666666666,56.666666666666664,255.66666666666666,232.66666666666666,94.33333333333333,44.666666666666664,252.33333333333334,152.33333333333334,163.0,260.6666666666667,244.66666666666666,259.0,248.0,245.0,72.0,80.66666666666667,177.0,57.666666666666664,254.33333333333334,103.66666666666667,214.33333333333334,114.66666666666667,228.66666666666666,59.333333333333336,256.6666666666667,253.66666666666666,124.33333333333333,100.0,245.33333333333334,57.333333333333336,70.66666666666667,95.0,245.66666666666666,62.666666666666664,91.0,68.33333333333333,90.33333333333333,247.66666666666666,210.0,193.66666666666666,119.33333333333333,232.0,217.66666666666666,78.0,262.6666666666667,246.0,249.66666666666666,81.33333333333333,57.0,126.33333333333333,258.0,218.33333333333334,153.66666666666666,70.33333333333333,230.66666666666666,248.66666666666666,249.66666666666666,254.33333333333334,115.0,59.666666666666664,137.66666666666666,199.66666666666666,88.66666666666667,196.66666666666666,230.33333333333334,89.66666666666667,137.66666666666666,72.66666666666667,63.0,145.66666666666666,72.66666666666667,249.0,48.333333333333336,131.33333333333334,51.0,57.333333333333336
81.75,0.0,0.0,0.0,0.0,0.0,0.0,0.0,0.0,0.0,0.0,0.0,0.0,0.0,0.0,0.0,0.0,0.0,0.0,0.0,0.0,0.0,0.0,0.0,0.0,0.0,0.0,0.0,0.0,0.0,0.0,0.0,0.0,0.0,0.0,0.0,0.0,0.0,0.0,0.0,0.0,0.0,0.0,0.0,0.0,0.0,0.0,0.0,0.0,0.0,0.0,0.0,0.0,0.0,0.0,0.0,0.0,0.0,0.0,0.0,0.0,0.0,0.0,0.0,0.0,0.0,0.0,0.0,0.0,0.0,0.0,0.0,0.0,0.0,0.0,0.0,0.0,0.0,0.0,0.0,0.0,0.0,0.0,0.0,0.0,0.0,0.0,0.0,0.0,0.0,0.0,0.0,0.0,0.0,0.0,0.0,0.0
