Hour,A1_Negative_Control,A2_L-Arabinose,A3_N-Acetyl-D_Glucosamine,A4_D-Saccharic_Acid,A5_Succinic_Acid,A6_D-Galactose,A7_L-Aspartic_Acid,A8_L-Proline,A9_D-Alanine,A10_D-Trehalose,A11_D-Mannose,A12_Dulcitol,B1_D-Serine,B2_D-Sorbitol,B3_Glycerol,B4_L-Fucose,B5_D-Glucuronic_Acid,B6_D-Gluconic_Acid,B7_D-L-a-Glycerol_Phosphate,B8_D-Xylose,B9_L-Lactic_Acid,B10_Formic_Acid,B11_D-Mannitol,B12_L-Glutamic_Acid,C1_D-Glucose-6-Phosphate,C2_D-GalactonicAcid-g-Lactone,C3_D-L-Malic_Acid,C4_D-Ribose,C5_Tween_20,C6_L-Rhamnose,C7_D-Fructose,C8_Acetic_Acid,C9_a-D-Glucose,C10_Maltose,C11_D-Melibiose,C12_Thymidine,D-1_L-Asparagine,D2_D-Aspartic_Acid,D3_D-Glucosaminic_Acid,D4_1-2-Propanediol,D5_Tween_40,D6_a-Keto-Glutaric_Acid,D7_a-Keto-Butyric_Acid,D8_a-Methyl-D_Galactoside,D9_a-D-Lactose,D10_Lactulose,D11_Sucrose,D12_Uridine,E1_L-Glutamine,E2_m-Tartaric_Acid,E3_D-Glucose-1-Phosphate,E4_D-Fructose-6-Phosphate,E5_Tween_80,E6_a-Hydroxy_Glutaric_Acid-g_Lactone,E7_a-Hydroxy_Butyric_Acid,E8_B-Methyl-D_Glucoside,E9_Adonitol,E10_Maltotriose,E11_2-DeoxyAdenosine,E12_Adenosine,F1_Glycyl-L-Aspartic_Acid,F2_Citric_Acid,F3_myo-Inositol,F4_D-Threonine,F5_Fumaric_Acid,F6_Bromo_Succinic_Acid,F7_Propionic_Acid,F8_Mucic_Acid,F9_Glycolic_Acid,F10_Glyoxylic_Acid,F11_D-Cellobiose,F12_Inosine,G1_Glycyl-L-Glutamic_Acid,G2_Tricarballylic_Acid,G3_L-Serine,G4_L-Threonine,G5_L-Alanine,G6_L-Alanyl-Glycine,G7_Acetoacetic_Acid,G8_N-Acetyl-B-D_Mannosamine,G9_Mono_Methyl_Succinate,G10_Methyl_Pyruvate,G11_D-Malic_Acid,G12_L-Malic_Acid,H1_Glycyl-L-Proline,H2_p-Hydroxy_Phenyl_AceticAcid,H3_m-Hydroxy_Phenyl_AceticAcid,H4_Tyramine,H5_D-Psicose,H6_L-Lyxose,H7_Glucuronamide,H8_Pyruvic_Acid,H9_L-Galactonic_Acid-g-Lactone,H10_D-GalacturonicAcid,H11_Phenylethylamine,H12_2-Aminoethanol
0,23,54.33333333,13.66666667,14,12.66666667,15,14,13.33333333,14.33333333,15.66666667,17.66666667,22.33333333,20.33333333,12.66666667,12.66666667,11.33333333,11,11.33333333,11,55.33333333,11.33333333,11.66666667,13,22.33333333,25.33333333,13.33333333,11.66666667,51.66666667,11.33333333,11,11,12,11.66666667,13,14.33333333,19,14.66666667,15.33333333,11,11,11,11.33333333,11,11,11,11,12,19.33333333,19,11.66666667,11,11.33333333,11,11,11,11,11,11.33333333,11.66666667,20.66666667,22,11.66666667,12,11,12,11,11,11.33333333,11.66666667,12.33333333,16,30.33333333,28.66666667,12.66666667,13,13,11.33333333,11,11.66666667,11.66666667,13.33333333,20,14.33333333,24.33333333,21.33333333,20,13.66666667,13.33333333,15.66666667,80.33333333,12.33333333,16.66666667,17.66666667,18.66666667,19,24.66666667
0.25,20.33333333,62.33333333,14.33333333,12,12.33333333,15,14,13.33333333,14,13.66666667,19.66666667,25,16.66666667,13.33333333,13.66666667,11.33333333,12.33333333,12,11,60,12.66666667,12.33333333,15.33333333,21.66666667,20.66666667,12,11.66666667,56,11.33333333,11,11.66666667,12,11.66666667,12,13.33333333,17.33333333,13.33333333,16.66666667,11,11,11,11,11,11,11,11.66666667,12.66666667,20.33333333,18.33333333,11,12,14.66666667,11,11,11,11,11,11,11.66666667,20,22.33333333,12.66666667,15,11,12,11.33333333,11,12,11,11,15,27,27.33333333,14.33333333,11.33333333,11,11,12.66666667,11.66666667,12.33333333,13,16.66666667,17.66666667,22,22.66666667,18.66666667,14,15,17.66666667,84.33333333,13.33333333,16.33333333,16.33333333,21.33333333,19,23.66666667
0.5,21.33333333,63,12,12.66666667,12.66666667,15.66666667,13.33333333,12.33333333,13,13.66666667,16.33333333,20,19.33333333,12,12,11.33333333,11,11.33333333,11,62.66666667,12,11,12.33333333,20,17,14,11.33333333,62,11,11,11,12.33333333,11,11.66666667,14,16,13.66666667,13.33333333,11,11,11,11,11,11,11,11,11,18.66666667,16.66666667,12,11,12.33333333,11,11,11,11,11,11,11,17.33333333,21.33333333,12.33333333,12.33333333,11.66666667,11,11,11,11,11,11,14.66666667,23.66666667,24.66666667,13.66666667,12,12,13.66666667,11.66666667,11.66666667,12,11,12.33333333,18,21,21.33333333,22,12,14,17,84,12.66666667,15.33333333,16,16.33333333,17.66666667,22
0.75,21,66,13.66666667,12.66666667,12.66666667,15.33333333,12.33333333,13,12.33333333,12.66666667,16,20.33333333,17.66666667,12.33333333,11.66666667,11.33333333,11.66666667,11,11,65,11.33333333,12.33333333,13.66666667,20.33333333,18.66666667,13,11.33333333,66.33333333,11,11,11,12.66666667,12.66666667,12,12.33333333,20.33333333,14,15.66666667,11,11.33333333,11,11,11,11,11,11.66666667,13.33333333,19.33333333,15.33333333,11.33333333,11,13,11.33333333,11,11,11,11,11,11.66666667,18.66666667,21.33333333,12,13,11,11,11.33333333,11,12.66666667,12.33333333,11,14,29,26,13.66666667,12.66666667,13,11,13.66666667,11,13,11.66666667,16.33333333,18.66666667,23.33333333,22,17.66666667,13.33333333,16.66666667,16,89.66666667,14.33333333,17,15,16,20.66666667,22.66666667
1,22.33333333,66,11.66666667,13,12,14.33333333,14.33333333,12.33333333,12.66666667,14.66666667,13,20.33333333,18.66666667,12.33333333,12,11,11,11.33333333,11,67,12,11,14,21.66666667,18.33333333,12.66666667,12,70,11,11,11,13.66666667,11,11.66666667,13,19,14.33333333,14,11,11,11,11,11,11,11,11,13.33333333,19,16,11,11,12,12,11,11,11,11,11,11,15.66666667,20,11.66666667,13.66666667,11,11,11,11,11.66666667,11,11,13.33333333,26,22.33333333,15.33333333,11,11.66666667,13.66666667,11,11,12.33333333,11,14,13.66666667,21,21,18,16,18.33333333,15,90.33333333,12.33333333,16,18.33333333,19.33333333,20,22
1.25,20.33333333,67.33333333,14,13.66666667,12.66666667,15,13.33333333,12.33333333,12,13.66666667,16.66666667,22.33333333,16.66666667,13,12,11,11.66666667,11,11,67.66666667,12.33333333,11,12.33333333,19.66666667,17.33333333,14,11,70.66666667,11,11,11,12.33333333,11,11,12.66666667,19.33333333,13.66666667,15.66666667,11,12,11,11,11,11,11,11,11.66666667,20,14.66666667,11,11,12.66666667,12.33333333,11,11,11,11,11,11,16.33333333,18.66666667,11,12,11.33333333,11.33333333,11,11,12.33333333,11,11,13.33333333,26.33333333,24,14,12.33333333,12,13,12.66666667,11,11.33333333,12,15.66666667,15,21,18.66666667,17.33333333,13.66666667,17.66666667,13.66666667,92.66666667,14,19.66666667,17.66666667,17.66666667,20.33333333,20
1.5,23,68,12.66666667,13.33333333,12.33333333,16.33333333,12.66666667,11.66666667,12.66666667,14.33333333,16,20.33333333,20,11.66666667,13.66666667,11,11,11.33333333,11,66,11,11.33333333,12.66666667,19,17.33333333,13.33333333,12,73,11,11.66666667,11,13,11,11.66666667,11.33333333,17.66666667,13.33333333,16,11,11,11,11,11,11,11,13,12.33333333,22,13.33333333,11.66666667,11,14,12.66666667,11,11,11,11,11,11.33333333,18,20,11.33333333,12.33333333,11,12.66666667,12.66666667,11,13,12,11.66666667,12.33333333,24.66666667,24,12.33333333,12.33333333,11.66666667,13,13.33333333,11,11,11,14,14.66666667,20.66666667,22,20,12.66666667,16,15.66666667,93,11.66666667,18.33333333,16,18,18,19
1.75,22.33333333,68.33333333,12,12,14,14.66666667,12.33333333,12.66666667,12.66666667,12.33333333,14,23,16.33333333,12,11.33333333,11,11,11,11,69,11,11,12,19.66666667,18.33333333,13.66666667,12.66666667,70.33333333,11,11,11,13.33333333,11,11.66666667,14,18.66666667,15,16,11,11,11,11,11,11,11.33333333,11.66666667,15.33333333,19.66666667,14,11,11,11,13.33333333,11,11,11,11,11,11.33333333,18.66666667,21.66666667,11.33333333,12.33333333,11,11,11,11,11,11.33333333,11,13.33333333,28.66666667,23.66666667,14.66666667,11,11.66666667,12.66666667,11,11,11.66666667,11.66666667,15.33333333,14.66666667,23.66666667,21.33333333,19,15,14,16.66666667,95,11,19.66666667,15.66666667,18,17,20
2,22,71,12,12.33333333,13,15.66666667,12,13.66666667,13.66666667,13.66666667,15,20.33333333,16.33333333,12.33333333,12.33333333,12,11.33333333,12.66666667,11,68.66666667,11,11,15,21,21,13,11,74.66666667,11,11,11,14.66666667,11,12.33333333,15,18,16,16.66666667,11,11,11,11,11,11,11.33333333,11,11,19.66666667,15.33333333,11,11,12.33333333,15.33333333,11,11.33333333,11,11,11,11,18.33333333,22.66666667,11,13.33333333,12,11,11,11,12.33333333,11.33333333,11,13,26.33333333,25.66666667,12.33333333,11.66666667,13,13.33333333,11.33333333,11.66666667,12.66666667,12,17.33333333,16,20,21.33333333,19,13.66666667,15,14,96.33333333,12,19.33333333,14.33333333,18,19.66666667,22
2.25,22,71,11.66666667,12,12.33333333,15.33333333,11.33333333,11.66666667,13,13,16.66666667,21.66666667,16.66666667,13.33333333,13.33333333,11.33333333,11,11.33333333,11,70.33333333,11,11.33333333,15.33333333,21,20,14,12.33333333,77.66666667,11,11,11.33333333,14.66666667,11.66666667,11.33333333,14,19.33333333,17.33333333,18,11.33333333,11.33333333,11,11,11,11,11.33333333,11,11,22,14,11,11,13,13.33333333,11,12.66666667,11,11,11,11.33333333,20,21.66666667,11,14.66666667,12,11,12,11,14,11,11.33333333,13,26.66666667,24.33333333,13.33333333,13,13.66666667,13.33333333,11.66666667,11.66666667,13.33333333,11.33333333,16.33333333,16,20.66666667,22,19.66666667,14,15.66666667,15.33333333,96.66666667,12.33333333,18.33333333,15,20.66666667,18.33333333,20.66666667
2.5,21.66666667,73.66666667,13,13.33333333,16.66666667,15.66666667,13.33333333,12.33333333,14,13.33333333,14.66666667,21.33333333,17.66666667,11,12.66666667,11,11.33333333,11.66666667,11,71,11.66666667,11.66666667,13,19.33333333,18,14.33333333,12.66666667,76,11,11,11,13.33333333,12,12.66666667,15,18,14.33333333,16.66666667,11,11,11,11,11,11,11,11.66666667,12,21.66666667,13.66666667,11,11,12.66666667,12.66666667,11,11.66666667,11,11,11,11.33333333,18.33333333,24,12,14.33333333,11,11,11.33333333,11,11.33333333,11.66666667,11,13.66666667,28,25.33333333,11.66666667,12,12.66666667,13.33333333,12.66666667,11,11.66666667,11,16.33333333,12.66666667,22.33333333,21.66666667,18.33333333,15,15.66666667,14.66666667,98,12,18.33333333,20,16.33333333,19,21.66666667
2.75,21.66666667,74.66666667,12,12.66666667,15,15,12.66666667,12.66666667,12.66666667,12.33333333,14.33333333,20.33333333,17,11.33333333,14,11.33333333,11,12,11,69,11,11,12,17.66666667,16,15,11.66666667,74.66666667,11,11,11,13.66666667,11.33333333,12.66666667,13.33333333,17.33333333,15.33333333,16,11,11,11,11,11.66666667,11,11,12,11.33333333,20,13,11,11,11.33333333,11.66666667,11,12.33333333,11,11,11,11.33333333,16.66666667,22,12.33333333,14.66666667,11,11,12.66666667,11,11.66666667,11,11,14,25,25,12.66666667,12.33333333,11.66666667,13,11,12.33333333,12,11,15.66666667,15.66666667,24,22,20,13,19.33333333,15,98.66666667,12.66666667,19,18,17.66666667,18.66666667,22
3,24,73,11.33333333,11.33333333,12.66666667,16.33333333,12.66666667,13,13,13.66666667,15.33333333,19,16,13.66666667,13.33333333,11,11.33333333,11,11,69.66666667,12,11.33333333,12.33333333,20.66666667,20.66666667,13.33333333,11.33333333,76.33333333,11,11,11,13,11.66666667,11,13.66666667,18,15.66666667,17.66666667,11,11.33333333,11,11,11,11,11,12,11,22,15.66666667,11,11,12.66666667,12,11,12,11,11,11,11.66666667,16.66666667,24.66666667,11,13.33333333,11,12,11,11,11.33333333,11,11,14.66666667,26.33333333,25.33333333,12.66666667,11.33333333,12.33333333,15.33333333,12.33333333,11,12.33333333,11.33333333,13.66666667,13,23.33333333,20.33333333,21,12,16,14.66666667,97.66666667,16,21.66666667,12.66666667,18.66666667,18.66666667,19
3.25,23.33333333,73,12,12,18,17,12.33333333,14,11.66666667,12.33333333,14.66666667,21.33333333,17.66666667,13.33333333,14.33333333,11.66666667,12.66666667,12.66666667,11,70.33333333,12.66666667,11.66666667,14,19.33333333,23,15.33333333,11.33333333,78.33333333,11,12.33333333,12.66666667,15.33333333,12,13.66666667,15.33333333,17.33333333,17,16.33333333,11,12.33333333,12.66666667,11,11,11,11,11.66666667,11,23.66666667,16,11,11.66666667,11.66666667,14.33333333,11,12.66666667,11,11,11,12,15,27.33333333,11,17,11,12.66666667,11.66666667,11,12.33333333,12,12.33333333,14,29,26,14.66666667,14.33333333,13.66666667,14.66666667,13,11,11.33333333,11.66666667,16.66666667,14.66666667,24.33333333,20.33333333,19.66666667,17,17.66666667,15,98.66666667,11.66666667,21,16.66666667,18.33333333,18.33333333,20.33333333
3.5,24.33333333,75.66666667,13.33333333,13.33333333,14.33333333,18.33333333,13.33333333,13.66666667,13.66666667,13,16.33333333,22.33333333,17.66666667,13.33333333,15.33333333,11.33333333,11.33333333,12.66666667,11,71,11,12.33333333,13.33333333,19.66666667,21,15,11.66666667,79,11.66666667,11,11.66666667,14.33333333,11,11,15.33333333,17.66666667,18.66666667,17.33333333,11.33333333,13,11,11,11,11,11,11.33333333,11,21,15.33333333,11,11.33333333,11.33333333,12.66666667,11,13,11,11,11,11.66666667,17,25.33333333,11,14.33333333,11,11,13,11,13.66666667,11.33333333,11,12.66666667,22.66666667,27.66666667,12.66666667,11.33333333,13.33333333,14.66666667,12.66666667,12.33333333,12.33333333,11,15.66666667,13.33333333,23.66666667,19,20.66666667,12.66666667,16.66666667,14.33333333,99,12.33333333,22.33333333,15.66666667,19.33333333,21,20.66666667
3.75,25.33333333,72.66666667,12.66666667,13.33333333,17.66666667,18,12.66666667,13.33333333,11.66666667,11,13,22,17,11,17.66666667,11,12.33333333,11,11,72.33333333,11,11,14.66666667,18,18.66666667,14.33333333,13.33333333,79.66666667,11,11,11.33333333,17,11,13,15.66666667,18.33333333,15.33333333,23,11,12.33333333,11,11,11,11,11.33333333,11.33333333,12,23,14.66666667,11,11,11.66666667,17.33333333,11,13.66666667,11,11,11,11,17,25,11,15,11.33333333,11.33333333,11,11,14.33333333,11,11.33333333,14.33333333,30.33333333,25,12,13.33333333,13,15.33333333,12.66666667,11,12,11,12,15.66666667,22.33333333,20.66666667,20,15.66666667,19.66666667,15.66666667,101.3333333,11.66666667,23.33333333,17.33333333,21.66666667,18.33333333,20.66666667
4,24.66666667,75,11.33333333,12.66666667,17,17.33333333,12.66666667,11,13.66666667,13,16.66666667,21,20,13,17.33333333,11.66666667,11,12.66666667,11,73.66666667,11.33333333,11,13.33333333,21.66666667,22.33333333,15.33333333,11,80.33333333,11,11,11.66666667,18.33333333,11,15,16.66666667,17.66666667,16.66666667,18.33333333,11,12.66666667,11,11,12,11,11,13,11,24.33333333,16.66666667,11.66666667,12,11,15,11,13.33333333,11,11,11,11.66666667,20.33333333,28.33333333,11.66666667,16,11.66666667,11,12,11,13.33333333,12,11,15,29.33333333,27,16.33333333,12,14.33333333,16,11,12,13.33333333,11.33333333,19.33333333,13.33333333,24,22,19.66666667,15.33333333,18,15,99,13.33333333,25,14.66666667,20.66666667,17.33333333,22
4.25,25.66666667,71.66666667,11,11,17.66666667,19,13.33333333,12.66666667,12,12,15.33333333,21,16.66666667,12.33333333,15.66666667,11,11.33333333,11.66666667,11,72,11,12.66666667,12,18.33333333,20.33333333,14,13.33333333,79.66666667,11.33333333,11.66666667,11,18.66666667,11.66666667,12,15,17,15.66666667,21,11,13,11,11.33333333,11.66666667,11,11,12,13,23,15,11,12,13,16.33333333,11,12.33333333,11,11,11,11,15.33333333,25.33333333,11,16.33333333,11,11,14,11,14,11,11,13,28.66666667,25.33333333,11.33333333,12.66666667,14.66666667,17.33333333,12.33333333,11,11,11.66666667,16,14.33333333,23,19.66666667,20.33333333,17.33333333,15.66666667,14.66666667,101,11.33333333,22,13.33333333,24.33333333,16.33333333,20.66666667
4.5,22,71.33333333,13,13,18.66666667,20,12.33333333,12.33333333,12,12,12.66666667,19.66666667,17,13.33333333,13.66666667,12,12,13,11,73,11.33333333,12,12.33333333,19.66666667,25.66666667,16.66666667,13.33333333,77,11,11,13.33333333,17.66666667,11.33333333,12,15.66666667,18.66666667,17,20,11.33333333,13,11,11,11,11,11,12,12.33333333,20.33333333,14.66666667,11,11,12.33333333,15,11,13.33333333,11,11,11,12,17.33333333,28.33333333,11.33333333,17.66666667,11,11,12,11,14.33333333,11,11.33333333,12.33333333,25,27,13,12,15.33333333,17,12.33333333,11,11,12,17,14.66666667,23.33333333,21,21.33333333,17,16.33333333,14,101,11.33333333,22.33333333,13,21.33333333,16.33333333,21
4.75,24.66666667,74,13.66666667,12.66666667,18.33333333,18.66666667,12.66666667,13,12.33333333,14,14.66666667,18.33333333,15.33333333,13.33333333,18.66666667,12,11,12.66666667,11,76,11.33333333,11,12.33333333,20,23.66666667,16.33333333,13.33333333,83,11,11,13.33333333,21.66666667,11.66666667,13.33333333,16,19.66666667,17.66666667,22,12.66666667,15.33333333,11,11.66666667,12,11,11,14,11,21.66666667,17,11,11,14.33333333,15.33333333,11,16.33333333,11,11,11,12,18.33333333,28,13,20,11,11,13.66666667,11,14.33333333,11,11,14,28.33333333,28,14.33333333,12.66666667,19.33333333,16.66666667,11.66666667,13.66666667,13.66666667,13,16.66666667,15,24,22.66666667,24.33333333,20.66666667,20.33333333,16,101.6666667,12,25.66666667,17,18,17.66666667,22.33333333
5,27.33333333,73,12,12.66666667,20.66666667,22.66666667,12.66666667,13,14,13,14.66666667,22.33333333,17.66666667,13,22,11,12,13.33333333,11,73.66666667,11.33333333,12,12.66666667,22.66666667,24.33333333,17,13,82.66666667,11,11,13.33333333,21.33333333,11.33333333,14,17.33333333,17.33333333,19,22,11,14.66666667,11,11.33333333,12,11,11,14.66666667,11,25.33333333,17,11,11.33333333,13.66666667,18.33333333,11,15.66666667,11,11,11,12.33333333,17.33333333,28.66666667,13,20,11,11.66666667,13.66666667,12,12.66666667,12.33333333,11.33333333,16,26.33333333,27.33333333,16.66666667,14.33333333,16,17.33333333,11.33333333,11.66666667,13.66666667,12,17,14.66666667,24,20.33333333,21.33333333,17,22.33333333,18.33333333,101.3333333,11.33333333,27.66666667,17.33333333,23,17.66666667,21.33333333
5.25,24,75.66666667,12,13.33333333,19.66666667,23.66666667,13.33333333,11.66666667,12.33333333,13.33333333,14.66666667,20.33333333,16,12,17.66666667,11.33333333,11.66666667,14.33333333,11,72.66666667,11,12.66666667,12,20.33333333,25,17.66666667,12.66666667,82.33333333,11,11,11.33333333,22,11,14.66666667,19.33333333,17.33333333,17.66666667,23.66666667,12,14.33333333,11,11,13.66666667,11,13,12.33333333,14,25.33333333,16,11,12.66666667,13.33333333,20.33333333,11,14.66666667,11,11,11,13,16.66666667,29.66666667,11,18.33333333,11,11,12.66666667,11,15,11,12.66666667,13,25.33333333,30,12.33333333,14.66666667,16.33333333,18,13,11,11,11,18.66666667,14.66666667,22.33333333,21.66666667,22,18.66666667,22.33333333,12.66666667,101.3333333,11,24,15.66666667,24.33333333,15.66666667,21.33333333
5.5,28,77.66666667,13,12.66666667,22,24.66666667,13.33333333,13,12,13.66666667,15.33333333,19.66666667,19.66666667,13,25.66666667,11,11.33333333,13.66666667,11,74,11,11,12.33333333,21.66666667,25.33333333,17.66666667,13.33333333,83.33333333,11,11,12.33333333,24.33333333,12,15.33333333,18.66666667,18,21,21.66666667,12,15.33333333,11,14,14.33333333,11,11,14.66666667,11.33333333,26.66666667,16.66666667,11,13,14.33333333,21.66666667,13.33333333,18.66666667,11,11,11,14,18,32.66666667,13,20.33333333,11,11,13.33333333,11.66666667,17.33333333,11.33333333,12.33333333,13.33333333,26.66666667,31,16,13.66666667,15.66666667,19,12.66666667,11,14,12,17,15.33333333,24.33333333,21.33333333,23.33333333,21,25.66666667,12.66666667,101.6666667,13,29,17,21,18.33333333,21
5.75,29.66666667,75.66666667,12.33333333,13,24,26,13.66666667,13.66666667,11.66666667,12,16,20,19.66666667,12,24.66666667,11,12,13.33333333,11,72.33333333,11.66666667,11.66666667,13.33333333,21,25.66666667,17.66666667,14.33333333,81.66666667,11,11,13.66666667,26,11.66666667,16.33333333,20,20,21,22,12.66666667,16,11,14.66666667,14.66666667,11,11.33333333,17,11,25,17.66666667,11,13,14.66666667,21,13,18,11,11,11,13.33333333,17.33333333,34,11.33333333,21,11,11,13,11,16.33333333,12,11.66666667,14,25,30,14.33333333,13.33333333,19,20,13.33333333,11,13.33333333,13.33333333,20,13.33333333,24.66666667,21.33333333,24,21.33333333,24.33333333,12,101.6666667,12,29.66666667,15.66666667,22.33333333,14.66666667,20.33333333
6,31.33333333,79,14.33333333,13,24,23.66666667,14.33333333,13.33333333,11.66666667,12.33333333,16.33333333,22.66666667,19.66666667,13,25,11,12.33333333,14.66666667,11,75,11,11.66666667,15,21.33333333,25.66666667,17.66666667,14,84,11,11.66666667,15,27,12.33333333,16.66666667,20,22,21,21.33333333,13.66666667,16.33333333,11,15.66666667,13.66666667,11,11,16.33333333,11,24,18.33333333,11,13.33333333,15.66666667,21.66666667,14.33333333,21,11,11,11,12.33333333,21.33333333,34.33333333,12.66666667,22.33333333,11,11,14.66666667,12,19.66666667,12.66666667,11.66666667,13.33333333,28,33.66666667,16.66666667,16,19.66666667,21.66666667,14.33333333,11.33333333,13.66666667,13.66666667,19,15,26,22,24.66666667,21.66666667,29.66666667,14,103.6666667,11.33333333,34.33333333,16.66666667,23.66666667,19.33333333,21
6.25,31.33333333,76.33333333,13,13.66666667,24.33333333,26,15.66666667,12.33333333,12.66666667,12.33333333,17,21.33333333,19.66666667,13.66666667,29.33333333,12.33333333,12,13.66666667,11,73.33333333,11,13.33333333,13.33333333,24,29.33333333,17,13.66666667,82.66666667,11,11,14.33333333,29,11,16,21,20,19.33333333,22.66666667,11.66666667,16.66666667,11,14,13.66666667,11,13.33333333,16.66666667,12.66666667,27.33333333,18.33333333,11,12.66666667,13.33333333,23.66666667,12,20,11,11,11,12.66666667,19.33333333,36,12,21.33333333,11,12.33333333,15,12,19.33333333,11.66666667,12.33333333,16,27.66666667,34,15.33333333,16.33333333,19.33333333,18.33333333,13.66666667,12,13.66666667,11,21.33333333,17.66666667,28,22,27.66666667,19.33333333,27.33333333,16.33333333,101.6666667,11.66666667,32.66666667,16,26.33333333,18.66666667,21.66666667
6.5,28,79,12,12.66666667,23.33333333,26.33333333,15.66666667,13,12,13.33333333,15.66666667,22.66666667,16,12.66666667,28,11,12,15.66666667,11,77,11,13,14,21.33333333,30,18.33333333,14,82.66666667,11.33333333,11,13.33333333,30.66666667,11,15,20,21,21,24.66666667,14.66666667,16.66666667,11,13,17,11,12,16.33333333,14.33333333,27,20,11,14.33333333,15.33333333,23.33333333,12,20,11,11,11,13,18.66666667,36,12.66666667,23.33333333,11,11.66666667,13.66666667,11.66666667,18.33333333,12,12.66666667,13.66666667,31.33333333,33.33333333,19.33333333,17.66666667,20,20.66666667,13.66666667,11,15.33333333,11.33333333,19.66666667,14.66666667,29,23,28.33333333,22,26.33333333,14.66666667,104,12.33333333,35.33333333,19.66666667,22.66666667,15.33333333,23
6.75,35,80.66666667,15,13.33333333,27,29.66666667,16.33333333,12,14.33333333,15,19.66666667,24.66666667,19.33333333,14.66666667,32,11.66666667,13,15.33333333,11,77.66666667,11,13.33333333,17.33333333,26.33333333,31.33333333,19,15.33333333,84.66666667,12,11.66666667,15.33333333,33.66666667,11.66666667,20.66666667,22.33333333,23,22.66666667,26.66666667,15,17.66666667,12,17.33333333,18.66666667,12.66666667,19,17.66666667,14,30.66666667,22.66666667,11,15.33333333,17,26.33333333,13.33333333,23,11,11,11,13.33333333,21,36.66666667,15,26.33333333,11.33333333,14,14.33333333,14,20.66666667,11.66666667,12.66666667,19.33333333,32.66666667,34.66666667,17.33333333,18.33333333,24,24.66666667,16.33333333,11,17.33333333,11.66666667,21.66666667,19.33333333,29.66666667,25.66666667,28.66666667,29.66666667,26,15.33333333,104.6666667,13.33333333,35.66666667,21.66666667,29,20.66666667,23.33333333
7,31,78,12.33333333,13.33333333,25.33333333,29,17,13.66666667,12.33333333,13.33333333,17,22.66666667,16.66666667,14.33333333,29,11,12.33333333,16.33333333,11,78,11,12.66666667,13.33333333,25.33333333,34.33333333,18,14.33333333,84,11,11.33333333,16,33.66666667,11.66666667,18,23.66666667,21.66666667,22.33333333,23.33333333,14.66666667,17.66666667,11,15.66666667,16.33333333,11,14.33333333,21.66666667,12.66666667,27.66666667,21,11,14.33333333,13.66666667,26.33333333,13.66666667,24,11,11,11,13.66666667,19,41,11,24,11,13,13.33333333,13,20.66666667,11,12.66666667,18,26,37.33333333,15,18,22.33333333,21.33333333,15,11.66666667,16.33333333,11.33333333,22,15.33333333,28.66666667,25.66666667,26,23,29,12.66666667,105.3333333,14.33333333,35.33333333,18.66666667,30.33333333,18.33333333,21
7.25,33,81,17.33333333,15.66666667,25.66666667,32.33333333,17.66666667,13.33333333,13.66666667,13.66666667,19.66666667,24,16.33333333,16.66666667,35,14,13.66666667,16.33333333,11,77.66666667,12,14,13.66666667,26.66666667,37,20.33333333,16.33333333,84.66666667,12,11.66666667,16.66666667,39,13.33333333,21.33333333,25.33333333,24,22.33333333,26.66666667,17.66666667,21.33333333,11.33333333,19,22,11.33333333,17.66666667,20,15,35,26,11.33333333,17.33333333,17.66666667,29.33333333,14,25.33333333,11,11,11,16.33333333,22.66666667,42.33333333,15,27,11,12,19.66666667,13.66666667,21,14.66666667,17.66666667,20.33333333,32.33333333,36.66666667,23.33333333,21.66666667,25.66666667,25,19,11.33333333,19,13,23,21.66666667,30.33333333,30,34.66666667,28,27.33333333,15.66666667,107.3333333,16,39.33333333,21.33333333,27.33333333,21.33333333,23.66666667
7.5,35.33333333,83,14.66666667,14.33333333,26.66666667,31.66666667,17,13.33333333,13.66666667,18.33333333,18.33333333,26.33333333,18.66666667,15.33333333,27,11.66666667,13,16,11,74.66666667,11.33333333,13,17.33333333,25,35.33333333,18,15,83.33333333,12,12.33333333,16,38,11,18.66666667,24.33333333,23.33333333,26,24.33333333,16.33333333,22.66666667,11,15,19,11.33333333,17.33333333,19.66666667,15.66666667,30,22.33333333,11.66666667,15,16.66666667,31,11.33333333,23.33333333,11,11,11,15.33333333,19.66666667,40.33333333,14,29,11,14,16.66666667,14.33333333,19.66666667,11.66666667,12.66666667,14.33333333,32,36.33333333,22.66666667,18,25.66666667,24.33333333,15.66666667,11,14,11,25.33333333,17,30,26,36.33333333,25.33333333,28,12.33333333,102.6666667,14,35.33333333,17.66666667,29.66666667,19,24
7.75,33.33333333,81.33333333,14.33333333,14,27.33333333,31,18,11.33333333,14.33333333,18.33333333,18.33333333,23.33333333,17.33333333,16.33333333,32.33333333,11,12,16.66666667,11,76.66666667,12,14,15.33333333,24.66666667,34.66666667,19.66666667,15,86.66666667,11,12.66666667,17,41.66666667,12.33333333,23.33333333,26.66666667,25,25,26.66666667,16.66666667,23,11,17.66666667,19.33333333,11.33333333,19.66666667,22.33333333,16.66666667,32,25.33333333,11,16.33333333,16.66666667,31.33333333,14,30,11,11,11,15.66666667,19.66666667,43.66666667,15,30.66666667,11.33333333,15,21,15.66666667,24,13.66666667,14,18.66666667,32.33333333,39,20.66666667,20.33333333,26,24.33333333,17,11.66666667,15,12.66666667,25.33333333,17,31.66666667,26,32,28,30.66666667,15,106.3333333,13,43.66666667,18.66666667,30.66666667,18.33333333,23.33333333
8,34.33333333,85.66666667,17.66666667,16.33333333,28,32,23,15,14.66666667,14.66666667,21.66666667,22,20.66666667,17.33333333,33.33333333,11.66666667,14,19.33333333,11.66666667,80.66666667,12.33333333,16.33333333,17.66666667,27.66666667,38.33333333,20.66666667,16,85.33333333,11.66666667,12.66666667,21.66666667,46.33333333,13,23.66666667,28.66666667,24.66666667,26.33333333,23.66666667,18.66666667,24.33333333,12.33333333,19.66666667,20,13.66666667,18,25,14.66666667,31.33333333,27.66666667,11.33333333,21.33333333,21.66666667,29.66666667,15.66666667,30.33333333,11,11.33333333,11,16.66666667,27.33333333,43,18.33333333,30,12.33333333,16,21.33333333,16,27,15.33333333,17.66666667,20,29,43,26,24.33333333,30.33333333,24,19.66666667,11,22.33333333,13.33333333,27,21.33333333,33.33333333,33,38,24.66666667,34.66666667,18,108,15,41.66666667,19,34.33333333,22,24
8.25,41,83.66666667,18.66666667,14,30.33333333,36,21.33333333,13.33333333,15,13,19,25,18.66666667,14.66666667,37,12.33333333,13.33333333,16.33333333,11.33333333,78.66666667,12,15,17,27.33333333,39.33333333,20.66666667,15.66666667,86.66666667,11,12.66666667,21.66666667,45,12.66666667,24.66666667,29.33333333,26,26.33333333,25,16.33333333,22.66666667,12.66666667,19.66666667,18.33333333,13.66666667,18.66666667,26.33333333,13.33333333,33.66666667,27,11,19.66666667,22.66666667,29,18,31.66666667,11,11,11,15.66666667,25.66666667,43.33333333,15.66666667,30.66666667,11.33333333,16.66666667,21,17.33333333,29.66666667,11.66666667,20.33333333,21,31.66666667,42,25,22,30,22.66666667,19.66666667,13.33333333,24,12.33333333,26,18.33333333,33.33333333,27.66666667,37.33333333,23.66666667,38.33333333,18.33333333,106,15,44.33333333,19,35,21.66666667,26.33333333
8.5,38,84.33333333,16.66666667,13.33333333,30.66666667,33.66666667,21.33333333,12.66666667,15.66666667,17,19,24.66666667,18,14.33333333,34.66666667,11.33333333,12.66666667,15.66666667,11.66666667,78.66666667,11.66666667,13.33333333,16.33333333,27.33333333,38.33333333,19,15.66666667,85.33333333,11,12.66666667,22.66666667,46.66666667,14,24,27,24.66666667,27.66666667,24,16.33333333,22.66666667,13,21.66666667,18.66666667,13.66666667,19.66666667,26.33333333,12,32.66666667,28.33333333,11.66666667,16.66666667,22.33333333,31,17,34,11,11,11,13.33333333,25.33333333,44.66666667,16,30.66666667,11,18,23,16.66666667,30.33333333,15,19,18.33333333,31.66666667,41,23.33333333,22.66666667,31,24,19,13,20.66666667,12.33333333,27,17,32.66666667,28.33333333,37.66666667,26,37.33333333,17,105.3333333,13.33333333,42,20.66666667,36.33333333,21.33333333,24.33333333
8.75,41.33333333,83.66666667,20.66666667,13.66666667,32.66666667,37,20.33333333,13,14.66666667,15.33333333,21,24,19,18.33333333,39.33333333,14,14,16.66666667,11,79,12.66666667,12.66666667,15.33333333,28.66666667,37.33333333,19.66666667,20,87,12.33333333,13.66666667,23,46,12.66666667,25.66666667,30.66666667,27.66666667,28,24.66666667,19,27,12.33333333,22.66666667,19,13,20,27.33333333,11.66666667,36,29.66666667,11.33333333,18.66666667,23.33333333,31.66666667,18.33333333,35.33333333,11,11,11,13,25.66666667,49.66666667,22,30.33333333,11,19,23,20,29,14,15.66666667,18.66666667,33,44,24,22,30.33333333,25,19,13,22,14,27.66666667,20,32.66666667,27,33.66666667,28.33333333,40.33333333,16,103.6666667,15.66666667,45.33333333,20,34.33333333,21.33333333,23.33333333
9,41.66666667,86,20.66666667,13.66666667,32.66666667,38.33333333,20.33333333,14,14.66666667,18.66666667,18.66666667,26,15.66666667,19.33333333,38,12.66666667,14.66666667,18.33333333,11,81.66666667,11.66666667,14.66666667,17.33333333,29,39.66666667,20,17.66666667,86.33333333,12,14.33333333,21,53.33333333,14.33333333,27.66666667,32,28.33333333,26.66666667,25.66666667,19.66666667,25.66666667,11.66666667,24.66666667,24,15,25,29.66666667,14.66666667,35.33333333,28.33333333,11,22.66666667,24,34.66666667,17,36.66666667,11,11.33333333,13.66666667,16.33333333,27,48.33333333,18,32.66666667,11.33333333,22,22.33333333,19.33333333,32.33333333,17.66666667,17.66666667,21.33333333,35.66666667,46.33333333,24.66666667,25.66666667,34,26.33333333,19,13.66666667,23,14.33333333,30.66666667,19.33333333,34.33333333,29.33333333,36.33333333,32.66666667,37,16.66666667,105.6666667,18.33333333,46,22,34,22,24.66666667
9.25,40,88,22.66666667,14.33333333,35.33333333,39,20.66666667,14.33333333,17,16,18.66666667,24.33333333,19.33333333,17.33333333,41.33333333,17.66666667,16.33333333,16.66666667,12.66666667,82.33333333,12.66666667,15.33333333,18.66666667,30.33333333,39.33333333,20,18.66666667,88,12,13.33333333,24,52.66666667,13,26.66666667,33,28,31.33333333,26,20.33333333,29,12,26,22,16,26.66666667,33,14.33333333,36.33333333,30.66666667,12.66666667,25,28.33333333,36.66666667,19.66666667,39.33333333,11,13.66666667,12,17.66666667,29,51.33333333,19.33333333,32,11,22,24,22.66666667,32.66666667,19.33333333,17.66666667,18.66666667,33.66666667,48.33333333,26,25,33.33333333,26.66666667,21.33333333,13.33333333,23.66666667,18,30.33333333,20.66666667,37,32.66666667,38.33333333,29.33333333,41.66666667,19,107.3333333,19,49,22,37,20.33333333,26.33333333
9.5,42.33333333,88.66666667,21.66666667,14.33333333,37.66666667,41.33333333,24.33333333,14,16.33333333,20,22,28.33333333,20.66666667,17.66666667,45.66666667,17.66666667,15,19,13.33333333,82,12.33333333,15.33333333,16.33333333,28,42.33333333,23.33333333,19,86,12.33333333,15,28.66666667,58,14.66666667,28,31.66666667,27,34,25,23.33333333,29.66666667,13.33333333,25,24.66666667,16.33333333,25.66666667,30.66666667,16,37.66666667,31,11.33333333,21.33333333,27,38.66666667,22.66666667,42.33333333,11,11,13.66666667,16.66666667,29.66666667,54,23.66666667,34.33333333,11,22,26,20.66666667,31,18.66666667,20.66666667,22.33333333,35,49,28,25,35.33333333,30.66666667,24.66666667,17.33333333,27.66666667,15.33333333,26,18.33333333,39.33333333,32,41.66666667,34,42,18.33333333,108,17.33333333,50,21,39.33333333,21.66666667,26.66666667
9.75,39,87.66666667,25.33333333,14.33333333,34.66666667,46.66666667,23.66666667,14.33333333,13.33333333,18.33333333,22,27.66666667,16.66666667,20,45.33333333,14,17.66666667,19,13.33333333,79.33333333,12.66666667,16.66666667,19.33333333,28.66666667,41.33333333,21.66666667,19,86.66666667,13,13,26.66666667,57.66666667,13.33333333,27.33333333,32,28.33333333,32,25,20,27.66666667,13.33333333,25.33333333,22.33333333,17,26.66666667,34,15,39,32.33333333,11,26.66666667,26.33333333,36.33333333,20.66666667,42,11,12.33333333,11,17.33333333,30.33333333,53.33333333,23.33333333,33.66666667,12.66666667,23.66666667,24.33333333,22,32.66666667,15.66666667,20.66666667,20.66666667,33,51,29.66666667,25.66666667,34,28.66666667,25,15.33333333,31.33333333,15.66666667,27.33333333,21.33333333,37.33333333,34.66666667,41.33333333,30.33333333,42.66666667,18,105.6666667,15,48.33333333,21.66666667,39.33333333,21,25
10,41.33333333,86.66666667,26,14.66666667,35.33333333,41.33333333,22.66666667,15,15.66666667,18.66666667,22,26.33333333,21.66666667,22,46.33333333,15.33333333,15.66666667,18,13.33333333,80.33333333,13,15,18.33333333,29.33333333,43.33333333,24.66666667,18.66666667,85.66666667,12.33333333,14.66666667,29.33333333,61.66666667,14.33333333,29.33333333,30,28.33333333,30.66666667,26,23.33333333,30.66666667,11.33333333,26,22.66666667,16,25.33333333,33.33333333,16.66666667,37,33,12.33333333,25.33333333,26,38.33333333,21,46,11,11.33333333,11,17.33333333,30.66666667,54.33333333,27,37.66666667,11.66666667,24.33333333,26,26,37.33333333,18,16,24.33333333,34,50,26,27,37,28.33333333,20.66666667,19,29.66666667,17.66666667,27.66666667,22.66666667,39.66666667,34.66666667,44.33333333,31.33333333,43.33333333,20.66666667,109,16.66666667,50,22.33333333,35.66666667,20,25.66666667
10.25,40.66666667,89,27.33333333,16,37.33333333,45.33333333,26,14.33333333,17.66666667,18.66666667,22,25,20.33333333,24.33333333,48.66666667,17,17,20.33333333,15.33333333,83.66666667,14.66666667,16.66666667,21.33333333,33,45.66666667,27.66666667,20.33333333,89.66666667,14,17.33333333,30,62.33333333,16,30.66666667,34.33333333,32,30.33333333,25,24.33333333,32.66666667,12.33333333,29,27.33333333,17.66666667,30,35.33333333,15,43,35.66666667,12.33333333,28,29,40.33333333,23.66666667,46,11,15,11.66666667,18.33333333,34.66666667,56,25.66666667,38,13.33333333,28,30,25.33333333,38.66666667,22,23,26,39.33333333,53,31.33333333,26,38.66666667,30.66666667,26,20,33.66666667,21,33.66666667,21.33333333,37.33333333,38.66666667,48,32.33333333,47.33333333,18.33333333,109.3333333,18.66666667,51.33333333,23,41.66666667,23,29
10.5,46,90.33333333,30.33333333,17.33333333,42,48,27.33333333,15,17.33333333,20,23.66666667,26.66666667,19,24,51.66666667,17.33333333,17.33333333,21.66666667,16.33333333,81.33333333,13,19.66666667,21,31.66666667,47,25.66666667,20,86,13.66666667,17,31.66666667,67,15.33333333,31.33333333,36.33333333,30.33333333,31,27.66666667,23.33333333,30.66666667,14.66666667,27.33333333,24,18,27.33333333,36.66666667,15,41.66666667,37.33333333,11,26.66666667,32.33333333,43.66666667,22,46,12.33333333,14,11.66666667,19.33333333,37.66666667,60.66666667,27,40.66666667,12,27.33333333,26,26.33333333,34.33333333,22,21.33333333,25,35.66666667,54.33333333,31.66666667,27,40,31,28.33333333,22.33333333,35,18,32,21,40.66666667,38.66666667,44.33333333,36.66666667,47.33333333,17.66666667,106,18,54,27.66666667,38.33333333,23.33333333,29
10.75,44.33333333,87,29.33333333,17.33333333,44,51.33333333,25,13.33333333,17.66666667,20,24.66666667,27.33333333,18,21.66666667,49,19,16.33333333,20,14.33333333,82,15.33333333,19.33333333,23.66666667,29.66666667,46.33333333,24.33333333,20.33333333,87.33333333,12,16,29,66.33333333,14.33333333,32.33333333,35.66666667,32,33.33333333,26,25,31,16.66666667,32,27.33333333,17.66666667,33.66666667,35.33333333,16.66666667,41.33333333,39,11,26.33333333,31.66666667,43.33333333,27.33333333,50,12,16.33333333,15,17.66666667,38,62.66666667,26.66666667,38,12,26.33333333,27,28.66666667,38,18,21.33333333,24.33333333,39.33333333,55,31,28.66666667,37.33333333,33.33333333,24.33333333,20,32.33333333,17.33333333,30.66666667,22,39,37.66666667,43.33333333,37.33333333,48,17.66666667,109.3333333,21.66666667,52,24.66666667,36.33333333,21.33333333,27.33333333
11,43.66666667,91.66666667,28.66666667,15.33333333,43,48.33333333,26.66666667,14.33333333,15.33333333,21.66666667,25.66666667,27,16.66666667,22,51.33333333,18,17.33333333,20,16,81.66666667,14.66666667,18,23.33333333,32.33333333,46.66666667,25,18.33333333,86.33333333,12,19,31,71.33333333,14.66666667,32.33333333,34.33333333,33,31.33333333,23.33333333,25.33333333,33.33333333,13.66666667,29,28.66666667,19.66666667,30.66666667,36.33333333,17.66666667,40.66666667,37.66666667,11,27.66666667,28.33333333,46.66666667,23.66666667,50.66666667,11.33333333,16,11.33333333,18,36.33333333,61.33333333,27,39.66666667,12.66666667,28,31.33333333,27.66666667,38.66666667,20,17,25.66666667,38,53.66666667,31,28,38.66666667,36,27.66666667,23.33333333,31.66666667,19,32.33333333,20.33333333,42,41,48,39,46.66666667,19,108.3333333,18.33333333,52,23.66666667,40.33333333,19,28.66666667
11.25,46.66666667,95.33333333,35,16.66666667,43,54.33333333,30,17,17.66666667,22,26.33333333,31,18,24,55,22,21,23,17.33333333,83.66666667,16.66666667,20.66666667,26.33333333,34,48.66666667,27,24,87.33333333,15.33333333,20.66666667,36.33333333,75.66666667,16.66666667,32,36.66666667,34.33333333,33.66666667,24.66666667,27,37.66666667,17.33333333,32.33333333,31.66666667,22.66666667,33,39,18.66666667,44.66666667,40.66666667,12.33333333,29,35,45.66666667,26,48,13.33333333,15.33333333,13.66666667,21,40.66666667,63.33333333,30.33333333,41.33333333,13.33333333,29,33,30.66666667,41,22.66666667,26.33333333,30.66666667,40.66666667,59,35.33333333,28.66666667,42,32.66666667,32.33333333,27.66666667,36.66666667,21,33,23.33333333,45,43.66666667,51.33333333,38.33333333,47.33333333,21.33333333,108.3333333,20.33333333,53.66666667,27.33333333,46.33333333,21.66666667,30
11.5,45,94.33333333,30.66666667,15.66666667,45,54,29,16.66666667,19.33333333,24,27,31.66666667,19.66666667,26.66666667,56.33333333,21,21,23.33333333,18,85.66666667,19.33333333,19.66666667,24.66666667,32.33333333,49.66666667,25.66666667,24.33333333,87.33333333,15,22.33333333,34.33333333,76.33333333,18,33,37,35.33333333,34.33333333,25.66666667,28.66666667,34.33333333,18.33333333,32.66666667,34.66666667,23,33.33333333,38,19.66666667,44.33333333,41.66666667,12.33333333,30.33333333,35,47.33333333,26.66666667,50,14,16,12.33333333,18.66666667,41,63.33333333,32.66666667,42,14.33333333,30.33333333,32.33333333,31.33333333,41,22.33333333,24.66666667,30,41.66666667,57.66666667,35.66666667,29.66666667,41.33333333,35,31,27.66666667,38,20,34.33333333,24.33333333,43.66666667,43.66666667,48.66666667,44.66666667,49,20.33333333,108.3333333,22.66666667,58.33333333,26.66666667,44.33333333,23,30
11.75,50.66666667,96,36.66666667,19.33333333,48.66666667,53.66666667,31.33333333,17.66666667,20.33333333,24.33333333,28.33333333,31.66666667,20.33333333,28.66666667,56.66666667,22.66666667,21.66666667,23.33333333,20.33333333,84.66666667,20,19.66666667,29.66666667,33.66666667,50,27.66666667,26.33333333,90,12.66666667,23.33333333,38.66666667,81.33333333,18.33333333,39,38.33333333,34.33333333,37.33333333,27,26.66666667,36.33333333,18.33333333,37,34.33333333,21.66666667,36.66666667,39.66666667,20,47.33333333,41.66666667,12.66666667,30.66666667,35.66666667,50.33333333,32,58,18,19.33333333,15,20.66666667,45.33333333,64.33333333,33.66666667,43.33333333,14,32.66666667,32.66666667,34,45.66666667,23,24.66666667,31,42,63,37.66666667,33.66666667,45.66666667,34.33333333,31.33333333,28.33333333,35.33333333,25,37,26,48.33333333,44,51,38.33333333,52.66666667,20.66666667,111.3333333,21.33333333,57.33333333,27,47.66666667,24.33333333,31.66666667
12,49.33333333,98,38.33333333,18.66666667,50,56,32.33333333,17.33333333,20.66666667,26.33333333,31.33333333,33.33333333,22.33333333,28.66666667,59.33333333,24.66666667,21,24,21,85.33333333,19.66666667,22.66666667,30.33333333,35,53.66666667,29.33333333,27,88.66666667,16,25.33333333,38,81,20.33333333,40.66666667,42,37.33333333,38.33333333,27.33333333,32,42.33333333,19,38.33333333,35.66666667,23,40.66666667,43,22.33333333,47,45,14.33333333,36,38.33333333,52,34.33333333,54.66666667,18,21.66666667,17,21,47,71.66666667,33,43.66666667,15.33333333,32.66666667,35.33333333,38.66666667,41.33333333,24.66666667,25.66666667,34,43.33333333,60.33333333,37.33333333,31,44.66666667,39.66666667,32.33333333,29.33333333,42,27,40.66666667,25,48.33333333,47.33333333,51.33333333,45.66666667,52.33333333,18,110.6666667,25,58,27.66666667,47.66666667,23.33333333,32
12.25,50,98.33333333,41,18.33333333,51,54,35,19,19.66666667,25.66666667,29.66666667,32.66666667,23.66666667,28.66666667,59,22.66666667,23.66666667,25,20.66666667,84.66666667,22.66666667,23,30.66666667,32.66666667,54,31.66666667,26.33333333,90.66666667,17,25,38.33333333,84.66666667,19,39,41,33.33333333,38.33333333,26.33333333,30.66666667,42,21.33333333,37.33333333,34,25.33333333,41.66666667,44.66666667,24,47.33333333,45.33333333,13.33333333,37.66666667,41,51,33.33333333,52,16,22.66666667,17,20.66666667,48,69.66666667,33.33333333,44.66666667,15.66666667,35.33333333,36.33333333,36.33333333,42.66666667,25.66666667,27.33333333,34.33333333,37.66666667,62.66666667,39.33333333,34,48,37,35.33333333,32.66666667,44,25.66666667,35.33333333,26.66666667,48.66666667,50.33333333,54,43,53.33333333,20.66666667,112,22.66666667,57.66666667,29.66666667,48,21,31.66666667
12.5,51,96.33333333,39.33333333,21.33333333,52.66666667,58.33333333,32,18.33333333,18,25.66666667,30.33333333,33,20,28.66666667,60,26.33333333,21.66666667,24,21.33333333,83.33333333,21.33333333,20.33333333,31,36.66666667,51,28.66666667,26.66666667,87.66666667,15.33333333,27.33333333,40.66666667,85.66666667,21.66666667,40.66666667,41.66666667,34.33333333,38.66666667,25.33333333,30,40.66666667,22,36.33333333,38.66666667,23.33333333,38.66666667,40.33333333,22,50,44.66666667,12,33,38.33333333,50.66666667,36.33333333,54.66666667,18.66666667,20,18.66666667,21,45.66666667,71.33333333,35.33333333,46.33333333,14,34.33333333,37.66666667,38.33333333,39.66666667,23.66666667,26.33333333,33.66666667,41.66666667,60,35,32.33333333,45.66666667,38.33333333,33.66666667,32.33333333,42,24.66666667,33.33333333,24.33333333,49.66666667,49,51.66666667,46.33333333,54.33333333,21.66666667,110,23,56.66666667,28.33333333,46.33333333,23,32.33333333
12.75,55,102,41.33333333,22,51.66666667,57.33333333,39,17,22,29,32.33333333,32.66666667,20,30.33333333,61.66666667,24.66666667,27,29,22,88,25,26.33333333,32.66666667,36,57.66666667,28.66666667,29,91,16.33333333,31.33333333,44.33333333,91.66666667,21.66666667,38,43.66666667,37.66666667,38,27.66666667,31.33333333,43,22.33333333,40,37.33333333,29,40.33333333,44.66666667,25,48.66666667,48.66666667,14.33333333,40,43,54.33333333,34,56.33333333,21,23.33333333,17.66666667,23,48,72,40.33333333,46.66666667,16,38.33333333,39.66666667,36,46.33333333,28,28.66666667,37,43.66666667,66.33333333,38.66666667,36.33333333,49,40.66666667,35.33333333,38,45.33333333,27.33333333,39.66666667,24,52,56.66666667,55.33333333,44.66666667,55.33333333,22,114,21.66666667,59.33333333,28.66666667,52.33333333,26.66666667,33
13,55.66666667,102.3333333,44,22.33333333,56,58.66666667,38,16.66666667,18.66666667,28,32.66666667,36.66666667,21.66666667,31.33333333,62,25.66666667,26.66666667,27,22,88.66666667,23.33333333,24,32.33333333,36.66666667,58.33333333,31.66666667,30.66666667,89.33333333,14.33333333,33.33333333,46.33333333,88.66666667,22.33333333,39.66666667,45.66666667,38,42.33333333,25.33333333,32.33333333,46.66666667,21,45.33333333,39.33333333,24.66666667,44,45.66666667,24.66666667,54.33333333,45.66666667,13.33333333,36.66666667,43,55,36,58.66666667,23.66666667,24.66666667,18.66666667,23,50,73.66666667,37,47.33333333,16,40.66666667,38,41.33333333,46.33333333,28,25.66666667,35,46,69,37.66666667,32.33333333,49.33333333,40,38,39.66666667,43.33333333,32.66666667,44.66666667,24.66666667,55,53.66666667,52.66666667,46,59.66666667,23,110.6666667,23,61.66666667,29.66666667,51.66666667,25,35.66666667
13.25,57.33333333,103.3333333,44.66666667,24.66666667,61.66666667,63,42.33333333,20.66666667,21.66666667,32.66666667,33,38.33333333,21.66666667,34.33333333,65,26.66666667,27.33333333,31.66666667,25.66666667,88.33333333,25,30.33333333,34,36,58.66666667,31.33333333,32.66666667,91.33333333,16,31,47,95.66666667,22.66666667,42,46,36,40.33333333,25,36.66666667,44.33333333,26,42,39.33333333,26.66666667,48.66666667,47,27,54.33333333,51.33333333,14.33333333,39.66666667,44.33333333,62.66666667,37,59.66666667,22.66666667,27.66666667,22,26.33333333,52.33333333,79,40.33333333,49,17.66666667,40.66666667,37.33333333,43.66666667,47,32,31.33333333,39.33333333,44.33333333,72.33333333,42.33333333,36.33333333,51.66666667,40.33333333,41,39.66666667,45,31.33333333,40,26.33333333,57.33333333,59.33333333,57,49.33333333,59.66666667,25.33333333,111,24.33333333,62,30,50,24.66666667,37.33333333
13.5,56.33333333,102.3333333,42.66666667,24.66666667,60.33333333,66.66666667,37.33333333,22.33333333,22,26.33333333,35.66666667,33.66666667,20,30,64.33333333,26,23.66666667,32,21,87.66666667,28.33333333,26,37,36.66666667,57,31,32.66666667,89.66666667,18.33333333,34.66666667,48.33333333,94,25,40.66666667,45.33333333,39.33333333,43,25.66666667,38.33333333,45.33333333,25,43.66666667,40.66666667,27,43.66666667,47,32.33333333,54,47.66666667,13,42,44.33333333,60,38.66666667,59.33333333,23.66666667,24,18,26.33333333,55.33333333,80.66666667,40,50,15,43.66666667,38.66666667,44.66666667,46.33333333,24,29.66666667,41.33333333,46.66666667,72,40.33333333,33.66666667,47.33333333,43,42,40,46.33333333,33.33333333,38.66666667,27.33333333,57.33333333,57.66666667,60.66666667,49.66666667,62,22,114,24.33333333,63,29.33333333,51.33333333,23.33333333,37
13.75,55.33333333,103.3333333,47.33333333,24.66666667,60.66666667,65.33333333,39.33333333,21,18,30,34.66666667,37.66666667,19,33,68.66666667,30,28,32,24,88.33333333,28.66666667,27,36.66666667,39.66666667,57,34,34,91.33333333,16,37.33333333,47.33333333,96.66666667,23,42.33333333,44.66666667,41.33333333,42,26.66666667,38.66666667,46,26.66666667,42.66666667,42.66666667,28,46.33333333,48,30.33333333,55.33333333,49.33333333,13.66666667,37.66666667,45,61.33333333,37.66666667,60.66666667,25,27,22,20,56.66666667,79,42,54,17,43,43,43.66666667,46.66666667,28.33333333,30.66666667,40.33333333,47,69.33333333,42,37.66666667,50,43.33333333,42.66666667,43.66666667,46.66666667,33,44.66666667,25.33333333,57.33333333,58,59.66666667,52.33333333,59.33333333,24.66666667,113,25,62,27.33333333,48.33333333,26,38.66666667
14,52.66666667,103.3333333,46.66666667,29.33333333,63,62.33333333,39.66666667,18.66666667,21,36.33333333,30.66666667,40.66666667,18.33333333,35.33333333,62.33333333,25.33333333,26.33333333,29.66666667,20.66666667,89.66666667,27.66666667,25.66666667,36.66666667,36.66666667,58.33333333,28.33333333,33,88.33333333,17.33333333,36.33333333,45,100,25.66666667,44.66666667,42.66666667,39,39.33333333,24.33333333,36.66666667,46.33333333,23,43.33333333,44.66666667,27.66666667,50.33333333,45.66666667,31.66666667,55.66666667,55.33333333,12,38.66666667,49.33333333,60,34.33333333,59,24.66666667,28.66666667,22.33333333,24,55.33333333,76.33333333,38.66666667,51.33333333,15.33333333,46,41,44.66666667,46,28,29.66666667,40,45.66666667,72.33333333,39.66666667,35.66666667,51.66666667,42.33333333,42.33333333,43.66666667,43.66666667,35,44.33333333,27,56.33333333,62.66666667,59.66666667,53.33333333,54.33333333,21.66666667,111.6666667,22,61.33333333,30.33333333,48.33333333,23.33333333,38
14.25,60.33333333,109,50.33333333,27.33333333,69.33333333,66.33333333,42.33333333,23,21.33333333,34.33333333,35.66666667,39.33333333,22,35.66666667,69.66666667,32.66666667,28.66666667,33.66666667,28,92,32.33333333,28.33333333,38.33333333,41.33333333,61.66666667,31,38.66666667,91,17,41.66666667,52,101.6666667,26.33333333,44.66666667,51,40.33333333,44.33333333,26.33333333,39,50.33333333,27.66666667,45.66666667,48.66666667,33.66666667,51.33333333,54,32.33333333,58,53.33333333,14.33333333,41.33333333,50,66.33333333,41,62.33333333,28,31.33333333,23.66666667,27.66666667,60.33333333,85,47.66666667,49.66666667,18,47.33333333,47.66666667,50,51,33.33333333,30.66666667,45.33333333,48,79.33333333,39,39.66666667,52.33333333,42.33333333,45.66666667,50,49,35.66666667,46,29,62,65.66666667,61,53.33333333,60.66666667,25.66666667,113.6666667,26,62.33333333,32,54.33333333,27,40.33333333
14.5,60.66666667,109,53,29,69,68.66666667,45.33333333,24,21.66666667,32,36.66666667,42.33333333,20.33333333,35.66666667,68,33,32.33333333,37,26.66666667,89.33333333,31,30,41,41.33333333,63.66666667,31.66666667,37.33333333,89,17,39.33333333,51,101,26.33333333,45,48.66666667,37.66666667,44.66666667,25.66666667,40,48.66666667,28,48,41.66666667,30,50.33333333,55.33333333,32,59.66666667,50.33333333,15.66666667,44.66666667,45.66666667,66,41.33333333,63.66666667,26.33333333,28,23,27.66666667,58,86.66666667,42.33333333,51.66666667,18,48,43,49.33333333,48.66666667,31.66666667,31,44.66666667,47.33333333,82.33333333,40.33333333,37.66666667,49,45,44.33333333,50.33333333,44.66666667,36.66666667,45,27.33333333,63.66666667,66,61.33333333,56.66666667,66.33333333,26,111.3333333,25,65,30.33333333,53.66666667,28.33333333,41.33333333
14.75,59,108.3333333,53.33333333,28,69,66.33333333,45.33333333,25,21,34.33333333,35,40.33333333,20.66666667,35,75,33.66666667,27.33333333,38.66666667,25.33333333,90.66666667,34.66666667,29.33333333,42.66666667,41.66666667,60.33333333,33.66666667,41.33333333,91.33333333,17.33333333,41.33333333,52,104,28.66666667,46.33333333,47.33333333,41.66666667,43,28.66666667,41.33333333,51.66666667,28,51,43.33333333,29,51,53.33333333,31.66666667,60,54.33333333,15.33333333,44.66666667,49,65.33333333,41,66,27.66666667,31,25.66666667,25,64.33333333,87,48,51.33333333,18,47.33333333,44.66666667,54,49,33,30.66666667,46,50,77.66666667,40.66666667,38,49.33333333,44.66666667,45.33333333,51.66666667,46.33333333,39.66666667,45.33333333,26.66666667,64,64.66666667,60.33333333,59.33333333,66,26,111.6666667,27.66666667,63,31,52,26,38.33333333
15,59,111.3333333,54.33333333,29.33333333,72.33333333,71.33333333,45.66666667,25,20,35,38,41.66666667,24.66666667,37.66666667,72,32.66666667,30.66666667,37.33333333,27,89,36,30,40.66666667,43,64,30,39,91,18.66666667,43.66666667,55,106,28.66666667,44,48.33333333,41.66666667,45.66666667,27,44,51.33333333,29.66666667,48.66666667,45.33333333,31.66666667,52.33333333,54.66666667,32,63,57.66666667,16.66666667,45.66666667,52.33333333,67,40.33333333,65.33333333,31.66666667,31.66666667,26.33333333,26,64.33333333,87,49,54,20,50,46.66666667,53.66666667,51.66666667,31,32.66666667,45.33333333,50,80,43.66666667,37,55,48,50.33333333,56.33333333,48,40.66666667,46.33333333,30.66666667,65,68,60,59,64.33333333,27,116.3333333,27,65.33333333,30,50.66666667,25.33333333,38.33333333
15.25,61,110.3333333,57.66666667,32.66666667,73.33333333,72.33333333,42.66666667,26.33333333,21,37.66666667,37.33333333,42.66666667,19.33333333,37.66666667,73.33333333,33.66666667,30.66666667,38.66666667,25.33333333,91.66666667,34.33333333,29.33333333,43.66666667,38.33333333,62,32,42.33333333,90.66666667,18.66666667,48,50.66666667,109.3333333,27.33333333,48,49.66666667,42.66666667,44.66666667,27,48,50,30,50.33333333,49.66666667,28.66666667,58.33333333,47,37,63,62,17.66666667,44,50.33333333,68.66666667,40,64,35.33333333,34.33333333,28,30,64.66666667,84.66666667,48,59,18.33333333,51,48.66666667,53.33333333,50.33333333,36.66666667,30.66666667,46.66666667,49.66666667,82,45.33333333,40.33333333,56,48.66666667,49.33333333,55.33333333,45,41.66666667,51.66666667,28.33333333,63.66666667,75,65,64,59.66666667,28,115.6666667,27.66666667,64.33333333,35,53.33333333,24.33333333,41.66666667
15.5,62.66666667,115,59.66666667,33.66666667,75.66666667,72.33333333,43,28.66666667,18.33333333,39,38.66666667,43,25,40.33333333,73,34,32,44.66666667,25.66666667,95.33333333,34.66666667,32,44.33333333,44.33333333,64.66666667,36.66666667,45.33333333,91,19.33333333,51.66666667,52.33333333,112,32.33333333,50.66666667,49.33333333,45,48.33333333,30.33333333,45,48,29.66666667,52.33333333,53,34.66666667,61,50.33333333,41.33333333,60.33333333,67.66666667,13.66666667,43,59,69,40.66666667,67,33.66666667,35,32.66666667,30,67.33333333,87.66666667,51,56.66666667,18.66666667,55.66666667,48,52.66666667,52.66666667,38.66666667,35.66666667,48,52.33333333,84.33333333,48,41.66666667,58,48.33333333,48.33333333,58.66666667,48,45,50.33333333,28.33333333,66,79,64.33333333,66.33333333,58.66666667,29.66666667,112.6666667,27.33333333,65,36.66666667,55,27,41.66666667
15.75,64,120,62.33333333,36,80,74.33333333,44,28.66666667,22.66666667,44,42.33333333,46,25.33333333,43.66666667,77.66666667,36.33333333,31.33333333,45.66666667,29.66666667,93.66666667,39,32.66666667,50.33333333,44,66.33333333,36.33333333,51.66666667,92.33333333,23,52.66666667,56.33333333,115.6666667,35.66666667,53.66666667,54.66666667,48,48.33333333,31.33333333,51,54.33333333,32.66666667,56.66666667,58,35.66666667,65.33333333,54.33333333,43.33333333,68.33333333,66.66666667,20.66666667,46,60.66666667,72,46,68.33333333,38,37,32.66666667,31.66666667,69.33333333,94,53.33333333,61.66666667,22,56,51,59.66666667,52.66666667,39.66666667,35.66666667,51,58.33333333,87.33333333,47.66666667,47,60,51.33333333,56.33333333,62.33333333,48.66666667,51.66666667,56,33.66666667,70,81.33333333,66,69.33333333,58.33333333,32.33333333,117.3333333,28.66666667,66.33333333,39,56.33333333,27.33333333,44
16,62,116.6666667,62,34,79.33333333,74,50.66666667,32,22.66666667,44.33333333,39.66666667,44,23.33333333,41,77,36,32,48.33333333,29,95.66666667,39.66666667,33,50.33333333,45.33333333,66.66666667,35.66666667,47.33333333,91.33333333,24.66666667,56.66666667,57.33333333,117,32.33333333,49.33333333,51.66666667,44.66666667,45.66666667,29.66666667,48.66666667,55,34.33333333,51.66666667,56,36.33333333,62.33333333,54.33333333,42,62.66666667,64.33333333,18.33333333,47.66666667,59.66666667,72,44,67,39.33333333,37.33333333,33.33333333,32,71.33333333,92,53.66666667,63.33333333,20,55.33333333,51.66666667,60.33333333,51.66666667,36,38,55.33333333,54.66666667,83.33333333,45,44,56.66666667,51.33333333,55.33333333,67.33333333,49.33333333,53,51,32.66666667,68,81.33333333,67.66666667,68.66666667,63.33333333,30.66666667,118,29,66,34,55.33333333,27.33333333,42
16.25,63,117.3333333,65.66666667,32.66666667,82,74.33333333,47.33333333,30.33333333,20.33333333,42.66666667,43.66666667,45.33333333,25,44.33333333,80.66666667,39.33333333,35.33333333,48.66666667,31.33333333,99,41.66666667,33.66666667,53.66666667,46.33333333,64,38,49.66666667,92.33333333,21.33333333,56.66666667,56.33333333,117.3333333,34,51.66666667,56.66666667,46.66666667,48,28.66666667,52,54.66666667,34.33333333,56,54,39,64.33333333,56.33333333,43.66666667,67,68.33333333,16.33333333,48.33333333,59,76.33333333,45,68.66666667,42.66666667,40,32.33333333,32.66666667,76.33333333,96.33333333,59.33333333,62.33333333,22,57.33333333,53,65.33333333,50.66666667,35,37,53,58,82.66666667,49.33333333,42.33333333,59.66666667,52.66666667,56.33333333,68,50.66666667,52,55,31.66666667,71.33333333,84.33333333,69.66666667,70.66666667,60.66666667,33,116.6666667,30,65.33333333,36.66666667,56.33333333,26.33333333,41.33333333
16.5,68.33333333,120,64.33333333,35,85.66666667,78.33333333,51,32,20.66666667,45.33333333,45.66666667,46.66666667,26.33333333,42.33333333,81.66666667,39,34.66666667,47.33333333,31.33333333,97.33333333,43.33333333,34,52.33333333,46,68,34.66666667,52,90.33333333,20.33333333,56,60.33333333,117,35.33333333,47,58,45,49.66666667,27,50,55.33333333,37.66666667,58.33333333,52.66666667,39.66666667,63,61.33333333,41.66666667,70.66666667,62.66666667,17.66666667,49,59.66666667,80.66666667,43.66666667,69.66666667,41.66666667,40.33333333,31.66666667,31.33333333,78,99.33333333,57.66666667,59.33333333,22,57.33333333,54,62,50.66666667,34,36.33333333,56,53,89.33333333,47.33333333,42.33333333,61.33333333,49.66666667,57.66666667,71,47.66666667,54,55,31.33333333,72.33333333,82.66666667,70,64.66666667,67.33333333,35.33333333,118,27,66.33333333,32.33333333,58.66666667,26.33333333,42.33333333
16.75,62,123.3333333,66,35.33333333,85,80.33333333,50.66666667,35.66666667,22.33333333,49.33333333,45,49,21,44,78.66666667,36.66666667,37.33333333,52,30,98.33333333,43.33333333,33.33333333,56.66666667,44.66666667,70.66666667,33,48.66666667,94.66666667,24.33333333,60.33333333,62,120.6666667,39.33333333,53,57.33333333,47.66666667,50,29.33333333,49.66666667,61,36,53.33333333,57.33333333,37.66666667,67.66666667,59.33333333,45,69.33333333,63.66666667,19,52.66666667,63.66666667,76.66666667,43,66.66666667,46.66666667,42.66666667,34.33333333,32,74.66666667,95.66666667,58.66666667,63,21.33333333,61,56.33333333,64,49,41,39.66666667,55,56.66666667,91,52.33333333,44.66666667,59.66666667,54.33333333,61,75.33333333,49.33333333,57.33333333,55.66666667,31.33333333,70.66666667,86.33333333,69,69.66666667,58.33333333,37.66666667,117.3333333,26,62.66666667,33.66666667,56.66666667,27.66666667,41.66666667
17,64.66666667,122.3333333,65.66666667,32,89,76.66666667,53,34.33333333,25,44.33333333,49.33333333,49,22,42.33333333,81.33333333,38.33333333,38,53,32.33333333,97.66666667,44.66666667,34.66666667,54,46,71,34,54.33333333,93.33333333,23,59,66,120.6666667,39.66666667,49,56.66666667,47.66666667,47,30.66666667,51.66666667,61.33333333,38,59.33333333,54.66666667,37.66666667,61.66666667,68,40.33333333,68.33333333,63,17.33333333,52.66666667,63.33333333,81,47.33333333,71.33333333,42,40.66666667,33.33333333,27.66666667,83.33333333,98,63.66666667,64.66666667,19.33333333,60.33333333,56,66.66666667,54,35.33333333,38.33333333,57.33333333,57,89.33333333,46,44,59,54,59.33333333,78.66666667,49.33333333,59.66666667,57.66666667,35.33333333,74.66666667,88.33333333,65,65,72.33333333,39,116.3333333,28.33333333,67,31.66666667,57,28.66666667,42.33333333
17.25,67.33333333,123.3333333,64.66666667,35,95,81.33333333,55,36.33333333,22.33333333,47.33333333,49.33333333,46,21.33333333,44,84.66666667,42,35,49.33333333,32,98.33333333,45.66666667,34.33333333,56.66666667,49.33333333,66.66666667,36,54.66666667,92.66666667,25,63.66666667,67.33333333,120.6666667,38.33333333,52,57.66666667,48.66666667,51.66666667,31,56,63.33333333,42,60.66666667,57,36,68,65.66666667,43.33333333,73.33333333,63.66666667,18.66666667,51.66666667,62,85.33333333,49,74,46,43.33333333,33.33333333,27.33333333,82,99.33333333,64.33333333,64.33333333,21.66666667,62,55,74.33333333,55,35.33333333,36.66666667,60.66666667,60,88,45.66666667,41,57.66666667,54.66666667,61.66666667,78.66666667,47.66666667,60.33333333,53,31,76.33333333,84.66666667,64.66666667,69.33333333,68.66666667,33.66666667,116.6666667,28,64,32.33333333,54.33333333,27.33333333,45
17.5,67.66666667,125,69.66666667,36.33333333,96.66666667,78.33333333,49,36.33333333,23.66666667,48.33333333,47,46,23.33333333,48.33333333,84.33333333,43.33333333,35.33333333,53,32.33333333,99.66666667,44.33333333,35.33333333,58.66666667,48,66.66666667,35.66666667,56.33333333,91.33333333,24.33333333,66,64.33333333,125,38.33333333,54.66666667,58.33333333,49.33333333,51,28.33333333,56.33333333,63.33333333,38.66666667,61.66666667,56.66666667,38.66666667,71.33333333,59.33333333,46,71,69,20.33333333,48.66666667,64.66666667,81.33333333,45,72.66666667,46.66666667,46,38,33.66666667,82,96.33333333,61,63,23.33333333,66.33333333,55.66666667,73.33333333,55,41,35.66666667,59,58.33333333,91,48.66666667,43.66666667,59,52.33333333,62.66666667,79.33333333,47,59,58.33333333,32.66666667,76.33333333,94.66666667,64.66666667,73.66666667,62.66666667,36,115.6666667,27.33333333,67,37,54.66666667,28.33333333,44
17.75,69.33333333,125.3333333,70,34.66666667,95.33333333,80.33333333,50,32,24.66666667,49.66666667,47.33333333,50.33333333,22.33333333,47.33333333,87.66666667,42,35.33333333,56.33333333,31.66666667,98,49.66666667,36,61.66666667,48,66.66666667,35.33333333,59.66666667,95.33333333,25,65.33333333,64.66666667,127.6666667,40.66666667,56,58.33333333,52.33333333,52.66666667,31.66666667,58.33333333,63,37.66666667,62,59,40,70.66666667,62.66666667,47.66666667,73.33333333,66.66666667,20.66666667,52,64.66666667,84.66666667,47.33333333,73.66666667,47.33333333,42,37.66666667,31.33333333,83.33333333,101.3333333,65.66666667,66,23.33333333,65.33333333,58.66666667,74.66666667,54.33333333,39.33333333,37.33333333,61.66666667,61.33333333,92.66666667,45.33333333,43.66666667,60,52.66666667,64,81.33333333,48,61.66666667,60.66666667,34,77.66666667,94,69.33333333,72.66666667,64,41,116.3333333,28.66666667,64.33333333,32.66666667,54,26.66666667,40
18,66,129.3333333,73.33333333,39.66666667,95,81,51.33333333,37.66666667,21,49,49,47,22,47.66666667,85.33333333,42.33333333,37.66666667,58.33333333,31,97,45.66666667,34.66666667,60.66666667,48.33333333,70.33333333,34.33333333,58.66666667,91.33333333,25.33333333,70.33333333,65.66666667,128.3333333,41.66666667,52.33333333,55.66666667,49,48.66666667,30.33333333,56.66666667,61.66666667,36.33333333,58.66666667,59.66666667,39.66666667,75.33333333,63,50.66666667,73.66666667,69.33333333,22,51.66666667,68.33333333,81.33333333,45.33333333,69.33333333,48.33333333,43.33333333,40.66666667,36,82.33333333,99.33333333,62.33333333,65,21.33333333,65,60.33333333,74,50.66666667,39,40.33333333,63.66666667,58,93.33333333,49,44.33333333,60.33333333,51,63.66666667,85.66666667,48.66666667,61.66666667,58.33333333,32.66666667,77.33333333,99.33333333,69,75.66666667,58,40,117.3333333,29,62.33333333,35.66666667,53.33333333,28,39.66666667
18.25,71.33333333,130,73.33333333,36.33333333,101.3333333,83.33333333,59,37,22.33333333,49.33333333,50,47.33333333,23,47,88.66666667,42.66666667,38.66666667,54,35,98.66666667,49.33333333,37,59.66666667,48.66666667,72.66666667,34.66666667,57,94.33333333,23.33333333,67.66666667,70,125,43.33333333,50.33333333,60.66666667,49,51.66666667,31,60.66666667,66.66666667,43,64.33333333,59.66666667,39,75.33333333,74.66666667,47,77.33333333,64.33333333,20.66666667,54.66666667,65.33333333,91.66666667,48.66666667,75,46.66666667,48.66666667,39.66666667,35,89.33333333,103,66.33333333,68,20.66666667,64,59.33333333,74.33333333,53.33333333,38,38.66666667,66.33333333,60.66666667,94.33333333,48.33333333,45.66666667,59,54.33333333,68.66666667,88.66666667,50,66,60.66666667,36.33333333,81,93.33333333,70,68,69.33333333,39.66666667,118,28.66666667,66.33333333,31.66666667,59,29,45.33333333
18.5,67,133.3333333,76.33333333,34,96.33333333,81,54.66666667,37,23.66666667,46,49.66666667,45.33333333,23,45.33333333,87.33333333,43.33333333,36,61.33333333,31.66666667,100,49,37,64.66666667,49,70.33333333,37.33333333,60.66666667,94.33333333,25.33333333,73.33333333,72.66666667,128.3333333,44.33333333,50.33333333,57,49.66666667,49.33333333,30.33333333,61.66666667,65,43,63.66666667,58,38.66666667,70,71.66666667,48.66666667,76.33333333,67.66666667,19,54,64.66666667,91,48.66666667,75.33333333,47.66666667,45.33333333,43.33333333,32.66666667,88.66666667,100.6666667,69.66666667,64,23,64.66666667,59.33333333,80.33333333,52.33333333,36.33333333,38.66666667,68,58.33333333,95.33333333,47.33333333,45.66666667,60.33333333,55.33333333,67.33333333,89,47.66666667,67.33333333,57.33333333,36.33333333,83.33333333,101.6666667,68.66666667,67.66666667,67.66666667,39.66666667,118,28,66.66666667,30.33333333,54.66666667,29.66666667,44.66666667
18.75,69.33333333,137.6666667,81,38.66666667,101.6666667,85.66666667,53,37.66666667,22.33333333,50.33333333,50,48.33333333,24,48.66666667,88.66666667,44.66666667,37.33333333,65,31.66666667,100,49.33333333,38,67.33333333,51,72.66666667,35.33333333,62.33333333,94.33333333,29.66666667,78,71.33333333,132,44,53,61,50.66666667,52,33.66666667,64,66.33333333,42.66666667,61.33333333,63,40.33333333,78.33333333,67.33333333,52,77.33333333,72,23.33333333,53.66666667,68,92,47,70.66666667,51.66666667,46,45.66666667,38,88.33333333,100.3333333,68.66666667,67.33333333,24.66666667,68.66666667,65.66666667,83.66666667,50.33333333,40.66666667,40.66666667,68,61,96.33333333,49,46,61.66666667,55.33333333,71,91.66666667,47.66666667,69.66666667,61.66666667,35.33333333,81,105.3333333,73.66666667,79.33333333,60.33333333,43.33333333,118.3333333,27,65.66666667,32.33333333,57.33333333,30,43.33333333
19,69,138.3333333,77,42,103,83.33333333,57,40.66666667,24.66666667,54,52.66666667,50.66666667,27.33333333,52,89.33333333,44,40.66666667,65.66666667,34.66666667,103.6666667,53,39.66666667,69.66666667,53,71.66666667,38.33333333,63.33333333,93,30.66666667,77.33333333,73.33333333,132.6666667,49.66666667,51,59.33333333,51,50.66666667,32.66666667,62.66666667,66,42.66666667,65,64.33333333,41.33333333,81.33333333,72.33333333,49.66666667,75.66666667,69.33333333,25.33333333,52,70.33333333,89.66666667,51.33333333,71.66666667,52,48.33333333,43.66666667,36.33333333,92.66666667,100,70.33333333,73.66666667,26,72.33333333,66,84.33333333,56.66666667,41.33333333,43,71,65.66666667,99.33333333,52,51.33333333,63.33333333,57.33333333,72,92.66666667,50.33333333,73,59.33333333,38.33333333,83,109.6666667,71,81.66666667,67.66666667,41.66666667,119.3333333,31,67.33333333,37.33333333,57.66666667,30,43.33333333
19.25,66.33333333,139.3333333,80.66666667,42,106,84.66666667,56.33333333,42.66666667,25.33333333,52.66666667,55.33333333,49.33333333,25,49.33333333,92.66666667,47,41,66,31.33333333,104.3333333,50,37.66666667,70.33333333,52.33333333,73,36,61,95.66666667,28.33333333,79.33333333,74,134,46.66666667,51,58.33333333,53.33333333,52.66666667,38,65.66666667,70.66666667,45.66666667,62,64,42.66666667,77,69,53,79.33333333,72,25.66666667,54.66666667,72.66666667,92.33333333,46,70.66666667,54,44.66666667,48.66666667,39.33333333,92,103,70.33333333,74,25.33333333,69.66666667,69,85.66666667,48.66666667,40.66666667,40.66666667,70.66666667,63,95.66666667,53,49,62.66666667,56.66666667,75.66666667,94.66666667,51.33333333,74.66666667,61.66666667,38.66666667,84.66666667,109,75,81,60,44.33333333,122,27.33333333,64.33333333,34,55.33333333,27.66666667,44.66666667
19.5,72.33333333,138.3333333,81.66666667,32.66666667,106.6666667,83.66666667,58,40.33333333,23.66666667,49.33333333,55,52,25,48,98.33333333,46,43.66666667,68.33333333,35.66666667,106.6666667,52.33333333,40,72,53.66666667,74,38.33333333,67.33333333,95.66666667,30.66666667,79.33333333,78.66666667,132.3333333,49,53,63,54.33333333,54.66666667,33.66666667,66.33333333,74.33333333,48.66666667,69.66666667,63,40.66666667,75.33333333,78.66666667,50.33333333,81.66666667,70,25,57.33333333,70.66666667,95.66666667,53,76.66666667,53.66666667,46.66666667,44,34,100,104.3333333,76.33333333,71.66666667,26,69,67.66666667,93,56,38.66666667,42.33333333,75,65.66666667,97.66666667,50.66666667,46.66666667,63.33333333,59,74.66666667,94.66666667,46.66666667,78.66666667,61.33333333,37.33333333,89,109,70.33333333,75,67,46.33333333,119.6666667,30.66666667,67,32.66666667,60.33333333,32.33333333,44.66666667
19.75,70.33333333,140.6666667,85.66666667,44.33333333,109.6666667,86.66666667,59,41.66666667,23.66666667,55.66666667,51.66666667,51.33333333,26.33333333,51,95,46,41.66666667,70.33333333,35.66666667,104.3333333,50,38.33333333,74,53.66666667,73.33333333,36,68,97.66666667,29.66666667,84,75,136,53.66666667,52,58.66666667,52.33333333,55.33333333,37.33333333,71.66666667,66,46.66666667,65.33333333,68,42.66666667,82,73.66666667,54,82,72,26,55.66666667,69.66666667,97,47.66666667,72.33333333,53.66666667,47.33333333,50,40,96.66666667,104.6666667,77.66666667,74,27,73,65.33333333,91.33333333,53,42,43,74.33333333,65.33333333,102.3333333,52.33333333,50.33333333,65.33333333,57,76.66666667,99,50.33333333,76.33333333,59.33333333,42,86.66666667,111.3333333,71.33333333,81.33333333,62.33333333,47,122.6666667,29.66666667,64.66666667,34.66666667,54.66666667,31.66666667,44.66666667
20,68,144,88.33333333,40.33333333,110.3333333,87.33333333,58.33333333,43,23.33333333,52.66666667,55,50.66666667,24,52.33333333,98.33333333,47.33333333,41.33333333,75.33333333,32.66666667,106,55,40,75,55.66666667,72.33333333,38,68.33333333,96.66666667,33.33333333,86.33333333,76.66666667,138,49.33333333,54.66666667,60,52.33333333,52.66666667,35.33333333,73,71.33333333,47.66666667,65,67,41.33333333,83.66666667,74.66666667,52,78.33333333,77,24.66666667,58,73.33333333,95.33333333,47,72.33333333,55,47,51.33333333,38.66666667,96.66666667,106.3333333,76.33333333,74.66666667,24.33333333,71.66666667,68.66666667,95.66666667,51,42.66666667,42.33333333,74.66666667,66,99.66666667,52,49,64.66666667,56.66666667,79.33333333,98.66666667,48.66666667,77.66666667,61,39,88.66666667,115,72.33333333,82.33333333,59,45.33333333,121.6666667,30.66666667,65,35.33333333,59.33333333,32.33333333,43
20.25,73.66666667,143.3333333,87.33333333,44,114.3333333,86.66666667,56.66666667,43.33333333,26,57.66666667,56,53,26.66666667,54.66666667,103,46.66666667,39.33333333,72,34,104.6666667,54.66666667,38,79,57,74.66666667,36,69.66666667,96.66666667,33,84,75,139,52.66666667,53.33333333,60.33333333,56,54,36,70.66666667,74.33333333,51.66666667,68.33333333,69,40.66666667,86.33333333,71.66666667,54,83.66666667,76,28.66666667,55.66666667,70.66666667,96.66666667,46,71,57,47,51,37.66666667,102.6666667,103.6666667,79.66666667,78,29.33333333,73.33333333,71,99.33333333,53.66666667,42.66666667,41,76,68.66666667,97.66666667,52,51,64.66666667,56,78.66666667,98,46,79.66666667,63.33333333,41.33333333,91.33333333,116.6666667,73.33333333,81,58.66666667,48,123,29,70,37.33333333,56,33,45
20.5,70.33333333,143.6666667,90,44.33333333,114,87.66666667,60.33333333,43.33333333,23,55.66666667,54,48.66666667,23.33333333,53.66666667,98.66666667,45.66666667,39,74.66666667,34.33333333,107,53.33333333,40.66666667,76.33333333,56,74.33333333,36,71.33333333,95.66666667,33.33333333,90,78,139.3333333,54,53,62,51.66666667,52.66666667,36.66666667,71.33333333,73.33333333,50.33333333,67.33333333,66,42,86.66666667,75.66666667,52,81.66666667,77,24.66666667,56.33333333,71,100,48.66666667,72,56.33333333,47.66666667,55.66666667,41.33333333,102.3333333,102.3333333,78.33333333,74,22.66666667,76.66666667,70.33333333,97,54,42,41.33333333,78,67.66666667,99,51.33333333,50,65,58.33333333,82,99.33333333,50.33333333,80.33333333,58.66666667,43,89,119.3333333,72.66666667,83,59,47.66666667,122,27,65,34,55.33333333,29,42.66666667
20.75,75,147.3333333,91.66666667,42.66666667,113.6666667,87.66666667,60.66666667,43,20.33333333,56.33333333,57.33333333,51.33333333,23,56,103.3333333,47.33333333,42.33333333,77.66666667,33.33333333,107.6666667,53.66666667,42.33333333,80.33333333,56.66666667,77,36,73.33333333,96.33333333,33,92.33333333,79,142,53.66666667,52,59.66666667,53.33333333,57,35.33333333,75.66666667,76,50.33333333,69.66666667,67,43.33333333,88.66666667,77.66666667,53.66666667,82.66666667,80,27.33333333,57.66666667,72,103.3333333,49.66666667,74,59,45.66666667,52,41,104.3333333,105,80.66666667,74.66666667,26,75,71.33333333,100.3333333,54,42,41.33333333,79.33333333,65.66666667,100.6666667,53.33333333,50.33333333,66.33333333,56,82.66666667,100,49,82.33333333,61,43,93.33333333,121,71.33333333,83,63.66666667,44.66666667,122.6666667,29.66666667,67,37,56,32.66666667,43
21,74,149,91.33333333,40.33333333,117,90.66666667,65.66666667,42.66666667,30.33333333,56.33333333,60.33333333,52.66666667,24,52.66666667,104.3333333,47.33333333,44.66666667,78.33333333,35.33333333,107,54.33333333,42,77,56.66666667,78.33333333,38.66666667,74,96,33.66666667,94.33333333,81.66666667,140.3333333,55.33333333,49.33333333,67.33333333,54.66666667,57.33333333,37,78,76,53.66666667,69.66666667,65.66666667,41.33333333,84,86.33333333,53.33333333,84.66666667,75,25.66666667,59.66666667,72,108.3333333,50.66666667,75.66666667,54,49.33333333,56,41,108.6666667,106.6666667,87.66666667,76.66666667,27,75.66666667,71,104,53.66666667,39.33333333,42.66666667,84.33333333,68,106,54.33333333,49.33333333,63.33333333,57.66666667,83,101.3333333,49.33333333,87.66666667,63.66666667,43,93.33333333,120.3333333,70.66666667,79.33333333,65.33333333,47.66666667,120.6666667,28.66666667,68.66666667,33.33333333,60.33333333,32.33333333,45
21.25,72.33333333,152,95,42,117,88.66666667,60.33333333,44,23.66666667,53.33333333,56.66666667,51.66666667,23.33333333,54,104,47,42,84.66666667,35,111.3333333,53.33333333,41,84.66666667,57.33333333,74.66666667,38.33333333,71.33333333,95.66666667,34,95.33333333,82.66666667,145,59.66666667,52.66666667,60.33333333,53.66666667,52.66666667,37.33333333,79,76.33333333,53,67,70.33333333,45.33333333,90,78.66666667,56,79.33333333,76.66666667,27.66666667,60.33333333,76.33333333,104,50.33333333,72,58.33333333,48,57,41.66666667,107,102.6666667,85,78.33333333,27,75,74,106.3333333,51.33333333,40.33333333,44,85,71,100,54,49.66666667,62,59.33333333,89.66666667,104.6666667,49.66666667,85.66666667,61,44.33333333,89.33333333,121.6666667,75,85,59.66666667,48.33333333,120.3333333,28,66.33333333,33,57,35.66666667,43.66666667
21.5,71.66666667,153,96.33333333,42.33333333,116.3333333,90,60.33333333,46.33333333,23.66666667,56.33333333,56.33333333,51.33333333,24.33333333,53.33333333,104,45.66666667,41.66666667,83,33,108.6666667,53.33333333,42.33333333,85.33333333,60,73.33333333,36.66666667,75.66666667,94.33333333,37.33333333,95.66666667,81.33333333,145,57.66666667,51.66666667,63.66666667,52,52.66666667,35.33333333,78,78,52,67.33333333,69.66666667,42,91.33333333,80,52.33333333,80.66666667,78.33333333,27.66666667,60.33333333,73.66666667,109,49,73,57.66666667,46,57.33333333,40.66666667,108.3333333,105.3333333,84.33333333,75.66666667,28,77.33333333,71.66666667,107,51.33333333,41.66666667,44,85,67.33333333,100.3333333,51.66666667,50,66,56.66666667,87.66666667,103,48.33333333,85.33333333,59.33333333,44.33333333,93.33333333,124.3333333,71.66666667,83.33333333,59.33333333,48,124.3333333,31,66.66666667,35.33333333,56,33,46
21.75,70,155.3333333,98,40,116.6666667,85,61,45.66666667,22,55,56.66666667,49.66666667,24.33333333,54.33333333,105.3333333,45.66666667,41.33333333,85.33333333,35,110.3333333,53.33333333,41.33333333,85.66666667,57.33333333,72,37.66666667,76,96.33333333,36,99.33333333,83,147,58.33333333,52.66666667,60.66666667,50.33333333,50.33333333,35.66666667,78,77,51.66666667,67,70.33333333,43.33333333,93.66666667,80.66666667,53.33333333,80,83,28.33333333,57.33333333,75,107,47.33333333,72.66666667,59,47.33333333,57.66666667,41.66666667,110.3333333,102.6666667,86,77.33333333,30.66666667,76.33333333,72.66666667,110.3333333,52.33333333,42.66666667,42,87.66666667,67,99.66666667,52.33333333,51.33333333,65.66666667,56,88.66666667,104,50.66666667,88.33333333,58,44,97,130,72,81.33333333,58.66666667,49,123.6666667,30.33333333,68,37,55,32.33333333,43
22,72.33333333,156,97.66666667,40.66666667,120.3333333,90,60.66666667,47.66666667,24.66666667,55,57.33333333,53.33333333,22.33333333,54.66666667,109,48,41,86.66666667,32.66666667,109.3333333,55,42,87.66666667,63,77.33333333,37.66666667,75.33333333,97.33333333,35.33333333,99.33333333,87.33333333,148,59,52.33333333,62.33333333,53,55,39.33333333,81,79.33333333,55.66666667,67.66666667,72,42,95.33333333,84.66666667,55.66666667,80.66666667,79.33333333,27.66666667,61,75,109.3333333,46.66666667,73.66666667,57.33333333,47,61.33333333,41.66666667,111.3333333,106.3333333,87.66666667,78,27,76.33333333,76.33333333,114,51,43,41.33333333,90,72,102.3333333,54.33333333,51,67.33333333,54.66666667,89,107,47,91.66666667,62,45.66666667,96.66666667,130.3333333,74.33333333,83.33333333,60.33333333,48.33333333,123.6666667,27.66666667,66.66666667,33.33333333,57.66666667,35,46.66666667
22.25,70.33333333,159,100.6666667,43.33333333,120.3333333,91.33333333,60.66666667,48,23.66666667,54.66666667,57.33333333,51.33333333,24,56.33333333,110,47,40.33333333,89,32.33333333,111,54.33333333,40.66666667,87.33333333,60.66666667,78,37.66666667,75.33333333,96.66666667,37.33333333,102,85.66666667,148,60,50.66666667,60.66666667,52.33333333,54.66666667,39.33333333,84,77.66666667,56,66.66666667,71.66666667,42,97.66666667,81.33333333,56.66666667,82.66666667,84,27.33333333,62.33333333,74,111,48,72,58,46,64.33333333,43.33333333,113.3333333,108,89.66666667,77,28.66666667,77.66666667,73.66666667,115.6666667,51,42.66666667,41,89,71,104.3333333,56.33333333,51.66666667,66.33333333,57.33333333,93.33333333,107,47,87.66666667,60.66666667,46.66666667,99,130.6666667,73.66666667,86.33333333,60.66666667,47,123.3333333,28.33333333,66.33333333,37.66666667,54.66666667,32.66666667,45.66666667
22.5,76.66666667,155,96.66666667,43.66666667,123.6666667,91.66666667,62,49.33333333,25.33333333,58.66666667,60.33333333,49.66666667,24.66666667,54.66666667,112.6666667,49.33333333,43,90.33333333,35.33333333,116.3333333,51.33333333,42,90,63.33333333,73,36.33333333,79,96.66666667,38.33333333,104.3333333,84.33333333,148.3333333,62.33333333,54.66666667,60,55.33333333,58,36.66666667,85.33333333,77.33333333,56.66666667,70,73.66666667,43,97,80.33333333,57.66666667,82,81.66666667,28.66666667,59,73.33333333,114,51.66666667,74.33333333,60.66666667,45,65.33333333,41.33333333,114.3333333,107,94,78,28.33333333,80,77,123,55.66666667,43.33333333,43.66666667,91.66666667,75.33333333,101.6666667,53.33333333,50.66666667,68,61.66666667,91.33333333,106.6666667,51.66666667,91.66666667,59.33333333,45,96.33333333,131.6666667,71.66666667,88.66666667,61.33333333,49,123.6666667,29.66666667,67.33333333,35.33333333,56,36.33333333,44.66666667
22.75,75.33333333,156,96.66666667,40.33333333,123.6666667,85.66666667,63.33333333,49.66666667,24.33333333,56.66666667,59,53.66666667,21.66666667,53,114,49.66666667,41.66666667,92.33333333,34.66666667,112.6666667,52,43,92.33333333,62,72.66666667,38,78,96.66666667,39,105.6666667,86.33333333,151.3333333,63.33333333,55,60.66666667,54.66666667,59.33333333,37,85.33333333,78,58.33333333,71,73.66666667,40.66666667,98.66666667,82,56,81.66666667,80,29.66666667,58.33333333,72,114,47,74,61.66666667,47,66.33333333,42.33333333,114.3333333,107.6666667,91.66666667,77.33333333,28.33333333,79.66666667,78.66666667,124.3333333,52.66666667,41,42.33333333,92.66666667,74,104.3333333,52.66666667,53.33333333,68.33333333,58.66666667,92,106.3333333,50,94.66666667,61,47,98,131,72.66666667,86,61,49.66666667,123.6666667,31.33333333,67,36,57.66666667,35,43.66666667
23,74.66666667,160,103,41,124.6666667,90.33333333,64,50.33333333,24.33333333,56.66666667,62.66666667,54,23,56.66666667,113,47.33333333,41.33333333,92.33333333,33,112.3333333,53,39.33333333,93,63,74,36.66666667,80,98,36.66666667,107,88,150.3333333,66,55.66666667,62,55.66666667,56.66666667,36.33333333,89,83.33333333,60.33333333,71.33333333,74.66666667,42.66666667,101,82.33333333,57.33333333,82.33333333,85,31.33333333,58,72.66666667,113,49,73.66666667,61.33333333,47,66,42.33333333,116,107.6666667,92.33333333,79.66666667,29.33333333,81.33333333,78.66666667,125,53.33333333,42.33333333,41.66666667,94,74,103,55.66666667,55,68,57,94.66666667,105.3333333,48.33333333,94.66666667,64.33333333,45,97.33333333,133.6666667,70.66666667,87.66666667,61.66666667,48.33333333,124.3333333,28.33333333,68,34.66666667,56,36,43.33333333
23.25,72.33333333,163.3333333,106.6666667,41.66666667,125.6666667,91.33333333,67.66666667,50.33333333,25,55.33333333,65.33333333,53.66666667,21.33333333,54.66666667,113.3333333,48,41.66666667,97.66666667,34,115,55.66666667,41.66666667,95.66666667,62,75.66666667,39.33333333,80.33333333,98.66666667,41,113,87.33333333,155,69.33333333,55.66666667,62.66666667,50.66666667,54,37,90,85,60.66666667,69.33333333,76.66666667,46.33333333,104,83.66666667,57.66666667,83.33333333,89.33333333,34.66666667,59.33333333,72.66666667,115,50.66666667,73.33333333,61,46,69.33333333,45.33333333,118,107.6666667,94,81,29.66666667,81.33333333,79,126.6666667,53.66666667,40.33333333,43,97.66666667,75.33333333,104.6666667,57,54.33333333,69.33333333,58.33333333,99.33333333,104.3333333,50.66666667,95.33333333,61.33333333,47.33333333,101.6666667,141,71.33333333,86.66666667,61.33333333,47.66666667,123.6666667,28.33333333,68.33333333,37.33333333,54.33333333,37.66666667,46.33333333
23.5,73,164.3333333,108.3333333,42,123.3333333,93,64.33333333,50.66666667,25,56.66666667,64,53.66666667,24.33333333,53.66666667,116.3333333,46.33333333,42,97.33333333,35.66666667,112,53.33333333,41.33333333,93.66666667,61.33333333,76,35.66666667,81,99.33333333,41.33333333,111,88.33333333,150.3333333,66.33333333,56.33333333,65,53.66666667,54,37,90.33333333,87.66666667,60.66666667,68.33333333,76.33333333,45.33333333,103.3333333,83.33333333,57,82.33333333,92,30.66666667,61,73.66666667,114,49.33333333,71.33333333,61.33333333,46.66666667,68.66666667,45.66666667,118,107,93.33333333,79.33333333,29.66666667,81.33333333,79,129.3333333,51.66666667,43.33333333,41,100,72.66666667,103.6666667,56.33333333,54,70.33333333,57.33333333,99,106,51.33333333,97.33333333,67,48,100.3333333,137.6666667,72.66666667,91,57.33333333,48.66666667,124.3333333,29,68.66666667,35,57.33333333,37.66666667,45.33333333
23.75,75.33333333,164,105,41,131.3333333,91.33333333,68.66666667,56,25.66666667,61.66666667,66,55.66666667,27.33333333,58.66666667,122,48.66666667,42.66666667,102,38,116,56,41.33333333,103.3333333,64.33333333,75.66666667,38.33333333,85.66666667,101,43.33333333,117,91,156.6666667,70,59.33333333,64.33333333,57,60,41,93.66666667,84.66666667,63,71.66666667,79.66666667,47,103,90.33333333,58.33333333,87,81.66666667,35,65,76,120.3333333,52,75.66666667,60.33333333,51,76,47.66666667,119.3333333,105.3333333,97,78.66666667,35,84.33333333,80.66666667,136,59.33333333,44.33333333,46.33333333,103.3333333,78.33333333,106,56,55.66666667,68.66666667,62,100,110.6666667,53,102.3333333,64,50.66666667,103,140.6666667,75,92.33333333,67.33333333,51,127.6666667,31,70.66666667,38.66666667,60.66666667,38,45.66666667
24,74.66666667,170.3333333,109.3333333,36,125.3333333,90,71,54.66666667,26.33333333,55,69.66666667,55,26.33333333,56.33333333,120,47,44.33333333,101.6666667,39.66666667,116.6666667,58.33333333,40.66666667,101,62.66666667,81.33333333,38.33333333,84,99.66666667,41.66666667,118,94.66666667,159,74.66666667,56,66.66666667,57.33333333,59.33333333,39.33333333,93.66666667,92,61,73.66666667,79.33333333,48.66666667,100.3333333,92.33333333,54,86.66666667,86.66666667,34,63.33333333,78.66666667,121.3333333,53.66666667,74,58,51,74.33333333,48.33333333,126.6666667,107,99.33333333,79,30,80.33333333,81.33333333,132.6666667,61.33333333,42,43.66666667,109.6666667,74,104,55.33333333,55.66666667,72.66666667,60.33333333,103.3333333,110,51.33333333,102.6666667,67.33333333,52.33333333,103.3333333,141.3333333,73.66666667,84.33333333,66,49.33333333,126.6666667,32.33333333,70,37,64,37.66666667,45.66666667
24.25,76,174,116.6666667,44,129.3333333,89.66666667,76,54.33333333,26.33333333,61.66666667,70.33333333,53.66666667,28,61.66666667,120.3333333,46.66666667,46.33333333,107,38,116.3333333,60.33333333,41.33333333,101,63.66666667,82,37.33333333,87.33333333,100.3333333,44.33333333,118.3333333,92.66666667,162,75.66666667,58,69.66666667,56.66666667,57.66666667,37.33333333,97,93.33333333,61.33333333,71.66666667,82.33333333,49.33333333,109.3333333,90,56,87.33333333,93.33333333,35.66666667,62,83.33333333,122,51.33333333,75,62.33333333,51.66666667,81.33333333,56.66666667,123.6666667,106,96.33333333,79,31.66666667,84.33333333,83.66666667,134,61,46,41.33333333,107.6666667,77,105.6666667,60.66666667,56,73.33333333,57,106.3333333,112,51.33333333,105.3333333,76,54,102.3333333,148.6666667,76.66666667,89,65.33333333,51.66666667,127.3333333,33,73,39.33333333,68.66666667,37,47
24.5,75.33333333,169,109,42,130.3333333,93,73.33333333,56.33333333,26.66666667,60.33333333,70,52.66666667,27,56.66666667,123.6666667,48.33333333,45.33333333,106.3333333,37,115.3333333,57,42,105,66.33333333,77.33333333,35.66666667,85.66666667,99.33333333,44.66666667,121.3333333,92.66666667,162,74.66666667,56,63,56,60.66666667,39.66666667,99.33333333,87.33333333,62.66666667,70.33333333,81,47,105.3333333,89.33333333,56.33333333,84.66666667,93.33333333,32.33333333,63,76,122.6666667,53.66666667,74.33333333,61.66666667,48.33333333,79.66666667,48,126,109.6666667,101.6666667,80.66666667,32.66666667,84.66666667,81.66666667,141,59,44.33333333,45.33333333,108.3333333,77.33333333,104.6666667,55,55.33333333,73.33333333,61.33333333,106,108.6666667,52,101,63.66666667,53.33333333,103.3333333,147,75.33333333,93,63.66666667,49,126.3333333,31.33333333,74,39.66666667,61,37.66666667,46.66666667
24.75,74.66666667,172,112.3333333,41.33333333,129.6666667,97.33333333,69.66666667,55.66666667,24.66666667,57.66666667,69.33333333,53.66666667,25.66666667,55.33333333,127,47.66666667,42.66666667,109,37,113.6666667,54,44.33333333,103,66.33333333,77.66666667,38.33333333,87.33333333,98.66666667,44,120,94.66666667,159.6666667,75,55,63.33333333,53.33333333,58.33333333,40,100.6666667,87.66666667,65,72.33333333,81.33333333,45,105.6666667,88,55.66666667,83.66666667,97,31.33333333,63.66666667,76,124.3333333,52.33333333,72.66666667,60.33333333,50,76.66666667,49.66666667,127,110.3333333,100,80.66666667,34.66666667,83,81.66666667,140.3333333,58.33333333,44,43.66666667,110.3333333,78.33333333,105.3333333,54.66666667,54,72.66666667,62,104.6666667,107.3333333,51.66666667,100,63.33333333,52.33333333,101.6666667,149,73.66666667,91.66666667,60,50.33333333,125,34,71.66666667,36,56.66666667,38.66666667,45
25,76,174.3333333,113,41,128.6666667,94.66666667,70.33333333,54.33333333,25.66666667,59,71.33333333,53.33333333,24.33333333,58.66666667,126.3333333,49.66666667,43,111.3333333,34,116.6666667,54,43.33333333,105.3333333,64.66666667,76.33333333,37.33333333,90.66666667,99.66666667,44.33333333,122,92.66666667,162.6666667,74.66666667,54,63,55.66666667,58,40.66666667,102,90.33333333,66.33333333,71.33333333,80,46.66666667,111.3333333,87,58,83.33333333,100.6666667,34.33333333,61,74,126.3333333,50.66666667,76,62,47.66666667,81,48.66666667,127.6666667,109.6666667,99.33333333,77,34,80.33333333,83.66666667,145.6666667,55.66666667,46.66666667,42.66666667,111.3333333,76.33333333,104.6666667,58.33333333,56.66666667,73,61,106.3333333,105.3333333,51,100.3333333,67,56,103.3333333,150.6666667,72.33333333,93,58,49.66666667,125.3333333,32,71.33333333,35.66666667,58.66666667,36.33333333,44.66666667
25.25,71.33333333,174,110,38.66666667,127.3333333,92.33333333,71,56.33333333,25,61,68.33333333,51.33333333,24.33333333,58.33333333,123.6666667,49,41.33333333,109.6666667,34.66666667,118.6666667,56,42.66666667,108.6666667,64.66666667,75.33333333,37.33333333,90.33333333,100.6666667,42.66666667,125,95.66666667,165.3333333,75.66666667,54.33333333,62,53.66666667,58.66666667,40.33333333,101.6666667,88.66666667,65.33333333,71,83,47.66666667,112,88.66666667,60,82.33333333,93.66666667,36.33333333,61.33333333,73,127.3333333,52.66666667,75.33333333,64.66666667,49.33333333,81.33333333,49.33333333,128,108,101.6666667,78,34.66666667,84.66666667,84,144.3333333,57.66666667,47,41.66666667,110.6666667,79.33333333,106.3333333,58.66666667,59,73.66666667,63,107,108,50.66666667,103,67,55,104,149.6666667,73.66666667,91.66666667,60,52,124.6666667,31,72,34.66666667,60,37.33333333,45
25.5,73.33333333,178,114.6666667,43.66666667,133.3333333,97.66666667,73.33333333,57.33333333,23,64,73.66666667,52.66666667,25.66666667,58,126,51.33333333,43.33333333,111.3333333,34,118.3333333,54,44,107.6666667,66.33333333,80,37.66666667,91.33333333,97.66666667,43.66666667,123.6666667,93,164.3333333,78.33333333,52.33333333,61.66666667,53.33333333,59,40.33333333,102.6666667,86.33333333,70,69.33333333,81,47.66666667,113.6666667,88.33333333,57.66666667,84.66666667,100,34.33333333,63,74.66666667,127.6666667,50.33333333,73.66666667,64,48,85,47.33333333,130,108,98.66666667,79.66666667,34.66666667,82.66666667,82,148.3333333,58.66666667,45.66666667,47,112,76.33333333,108,58.66666667,57.33333333,75.66666667,62.33333333,109,108.3333333,49.33333333,102.6666667,66,56.66666667,103.6666667,153,72.66666667,93,61,51.66666667,126,32.66666667,71.33333333,33.66666667,59,39,46.33333333
25.75,75,178,117.3333333,41.33333333,134,99,75,59.33333333,25.66666667,62.33333333,76.66666667,56.33333333,29.33333333,60,127,48.66666667,44,117.6666667,37,119.3333333,59,44,115.6666667,72,79.33333333,41.33333333,93.33333333,101.6666667,46.66666667,130.6666667,97.66666667,168.3333333,78.66666667,57,62.33333333,58.33333333,59.33333333,42.33333333,109.3333333,92.66666667,67.66666667,70.66666667,85.33333333,48.66666667,115,90,61,86.66666667,103,37.66666667,64.66666667,76.33333333,131.3333333,52.33333333,77,63,53.33333333,86,51.66666667,134.6666667,107.6666667,103.3333333,81,38.33333333,86.33333333,87.66666667,151.6666667,59.66666667,45.33333333,46.66666667,118.6666667,82.66666667,108,60.66666667,57.66666667,77,64,113.3333333,109,54.33333333,101.6666667,68,59,104.6666667,158.6666667,74.66666667,94.33333333,63,51,129.3333333,32.66666667,76.33333333,38.33333333,61.33333333,41.33333333,48
26,78.66666667,179.3333333,119,44.33333333,139,102,75.66666667,61.33333333,27,65,79.33333333,59.66666667,30.33333333,60,135.6666667,52,45.66666667,118.3333333,38,120.6666667,55.66666667,45.33333333,118.6666667,74.33333333,79.33333333,41,93.33333333,102.3333333,49,131.6666667,98.33333333,168.3333333,80,58,63,60,63.33333333,43.33333333,111.6666667,91,71.33333333,73,84.66666667,48,115.3333333,90.33333333,61,87.33333333,103,37.33333333,68,73.66666667,135.3333333,54.66666667,78.66666667,63,52.33333333,88,51,135.3333333,111,104.6666667,84.66666667,38.66666667,89.33333333,87,158,56.66666667,44.66666667,47,118.6666667,83.33333333,110.3333333,58.33333333,60,77,66.33333333,116,108.6666667,54,103.3333333,68.33333333,60.66666667,106.3333333,153.6666667,74,97.33333333,66,52.66666667,130.3333333,33.33333333,75.66666667,37.33333333,62.33333333,41.33333333,51.33333333
26.25,77,180.3333333,116.3333333,43.66666667,141.6666667,96.66666667,74.66666667,59,27.33333333,66.33333333,78.33333333,55,26.66666667,56.66666667,134.3333333,49,44.33333333,117,34.33333333,117.3333333,59.66666667,44.33333333,116,70.66666667,78.66666667,38,95.33333333,101.6666667,45,132.3333333,94.66666667,168,81.66666667,57.66666667,62,55,65.66666667,44.33333333,110,90,71.33333333,72.33333333,85,46.66666667,117.6666667,90,60.33333333,87,100,37.66666667,64.33333333,73.66666667,135,51.66666667,74.33333333,62.66666667,48.33333333,90.33333333,53,134,112,104.6666667,82.33333333,39.66666667,88,88,157,58,46,45,119,80.66666667,111.6666667,56,59.33333333,77.33333333,64.66666667,113,107.6666667,51.33333333,103.6666667,68.33333333,60,105.3333333,155,73.33333333,96.66666667,61.33333333,51,126.3333333,31,72.66666667,37.66666667,59,40.33333333,45.66666667
26.5,77.33333333,182,122.6666667,44.66666667,139.6666667,103.3333333,76,64.33333333,26.66666667,65,82.66666667,56.33333333,27,55,135.3333333,49.33333333,45.33333333,119,36.33333333,118,56.66666667,46,114,72,81.33333333,38.66666667,94.33333333,100.6666667,47,131,99,171,82,57.33333333,66,58,61.66666667,42,115.3333333,96,70.33333333,71.66666667,85.66666667,46,117.6666667,92.66666667,60.33333333,88.33333333,108,38.33333333,65,76.66666667,133.6666667,51.66666667,75,60.66666667,49.66666667,90.66666667,53,139,113,105.3333333,77,38,84.33333333,88.33333333,157.3333333,59,44,45.66666667,123.6666667,79.66666667,107.6666667,61,59.33333333,79.33333333,60.66666667,118,108,53,104,70,60,108,159.6666667,74,94.33333333,60.66666667,49.33333333,127.6666667,32.66666667,75.33333333,36,64.33333333,38.33333333,47.66666667
26.75,78,182.6666667,121.6666667,42,139,99.33333333,73.66666667,62.33333333,26.66666667,62.66666667,80,55,26.33333333,55,134,47.33333333,43.66666667,118.6666667,36.66666667,118.6666667,55.66666667,44,116.3333333,71,79.66666667,39.66666667,96,101.3333333,47.66666667,132.3333333,98.33333333,170,83,57,65,56,60,40.66666667,116.3333333,92.66666667,72.33333333,72,85.66666667,44.66666667,120.3333333,92.33333333,58.33333333,87,103,39.33333333,64,76.33333333,136.3333333,52.66666667,75.66666667,61.66666667,49.66666667,92.33333333,52.66666667,138,112.3333333,105.3333333,78.66666667,40,86.33333333,88.66666667,162,58.66666667,44.66666667,43.33333333,123.6666667,80.33333333,105.6666667,59.66666667,61.33333333,79.33333333,64,116,108.3333333,51,104.3333333,71,58.33333333,107,159,71.66666667,96.66666667,61.33333333,50,128.3333333,31,76.33333333,37,61.33333333,39.33333333,46
27,76.66666667,187,123.3333333,42,141.3333333,98,80.66666667,65.33333333,24.33333333,65.33333333,83,55.66666667,26.66666667,57.33333333,138,50.33333333,46.33333333,126.6666667,36.33333333,118.3333333,55.66666667,48.33333333,121,73.33333333,80.33333333,39,95.66666667,103.3333333,49.66666667,139,100.3333333,173.6666667,90.33333333,56.66666667,62.66666667,57.33333333,62,42,117,93.66666667,73.66666667,72.66666667,88,47,123,91.66666667,58.66666667,87.33333333,114.6666667,39.66666667,67.33333333,78.66666667,137.3333333,53,76,59.33333333,49.66666667,93.33333333,53.33333333,142.3333333,112.3333333,102.6666667,81,39,87.33333333,90,162,62,47,45.66666667,127,79.33333333,109.3333333,56,59.66666667,83,63.66666667,120.3333333,110,52.66666667,102.3333333,69.66666667,60.66666667,110,163.6666667,74,96.33333333,62.33333333,50.33333333,126.6666667,31.66666667,77,38.33333333,62,38.33333333,49.33333333
27.25,81,185.6666667,121.3333333,38.66666667,145.6666667,100.3333333,79.66666667,64.66666667,26,60.66666667,86.33333333,57.33333333,25.66666667,54.66666667,145.6666667,52.33333333,46.66666667,124,37.33333333,120.6666667,57.33333333,46.66666667,122,75.33333333,79.33333333,40,96.33333333,105,49,139.6666667,103,172.3333333,89.66666667,56.33333333,63,60.66666667,65.33333333,43.33333333,118.6666667,95.33333333,78.33333333,73.66666667,86,47.66666667,119.3333333,97,61.66666667,90.33333333,105.6666667,40,67.66666667,75.33333333,141.6666667,56.33333333,78.66666667,58,52.33333333,94,50.66666667,144.6666667,113.6666667,110.6666667,82.33333333,40.33333333,86.33333333,91.66666667,167.3333333,61.66666667,43,47.66666667,131.3333333,82.33333333,110.3333333,52.66666667,59,79.33333333,67,121,112.3333333,51.66666667,104.6666667,67,63.33333333,112.3333333,160.3333333,71.33333333,97.33333333,66,51,128,32.66666667,76.33333333,39.33333333,62.33333333,40.33333333,50.33333333
27.5,80,184.6666667,123.3333333,44.66666667,147,100.6666667,77.66666667,68.66666667,28.66666667,66.66666667,84,56.66666667,29.33333333,58,143.3333333,51.33333333,45,127.6666667,38,118.6666667,58.66666667,45.33333333,124.6666667,74.66666667,77.33333333,39,102.3333333,105.3333333,50.33333333,142.3333333,101.3333333,173.3333333,91,61.33333333,65,60.33333333,67,44.66666667,119.3333333,91,74,74.66666667,91.33333333,45.66666667,125,91,61.33333333,88.33333333,110.6666667,42.33333333,61.33333333,76,140,55.66666667,81.33333333,62.66666667,51.33333333,98,53.33333333,142.3333333,112.6666667,110,82.66666667,42.66666667,95,90,169.6666667,60,46,47.33333333,129,82.33333333,111.3333333,60.66666667,63.66666667,81,67.66666667,122.6666667,107,51.66666667,104,70,62.66666667,112,165,70.66666667,103.3333333,64.66666667,52,128,33,78,40,61.33333333,41,48.33333333
27.75,78.66666667,190.3333333,126,43,145.6666667,100.6666667,82.66666667,69.66666667,30.33333333,68.33333333,87,56,30,56.66666667,143,49.66666667,47,130,39,118.6666667,59.66666667,46,124.3333333,73.66666667,80.66666667,39.33333333,102.3333333,104.6666667,50.66666667,143.3333333,103,175,91.33333333,64,69.33333333,57.33333333,68,47,120,98,75.33333333,77,91.66666667,49,126.3333333,95.66666667,61.66666667,90.33333333,114,42.66666667,65.33333333,78.66666667,143,56,78,64,53,98.66666667,56.33333333,145.3333333,112,108.3333333,82.66666667,44,93,92.33333333,169.6666667,61.33333333,45.33333333,47,132.3333333,81.66666667,112.3333333,61,62.66666667,87.66666667,65.33333333,124,109.3333333,50.66666667,105,74,65,113.6666667,164.3333333,75.66666667,100,64,54,129,34.33333333,79,39.66666667,63.66666667,40,49
28,77.66666667,192,127,43.66666667,146.6666667,102,84.66666667,65.33333333,27,70.33333333,87,57,23.66666667,58.33333333,141.3333333,51,44.66666667,135.3333333,35.66666667,123.6666667,58.33333333,48.66666667,127.3333333,76,82,37.33333333,100.6666667,104,50.33333333,144,103.6666667,177,95,60,62.66666667,56.33333333,65.33333333,42,124.6666667,96.66666667,78.66666667,71.66666667,90,49,126.3333333,96.33333333,63,86.33333333,117,41,63.33333333,75.66666667,144,54.33333333,77.66666667,64,53.66666667,102.6666667,57,146.6666667,110.3333333,108,81,40.66666667,92.66666667,91.66666667,170,61.33333333,47.66666667,43.66666667,134,80.66666667,111.3333333,61,65.33333333,86.33333333,68.33333333,127,107.3333333,50.33333333,103.6666667,70,64.66666667,109,167.3333333,73,96,63.33333333,49.66666667,127.6666667,33.66666667,80,37,61.66666667,40,52.33333333
28.25,77,191.6666667,130.6666667,40.66666667,145,100.3333333,81.66666667,70.66666667,26,67.33333333,87,57,26.33333333,58.33333333,146.6666667,50,47,136.3333333,37.66666667,121,59,48.66666667,128.6666667,72.66666667,81,37.66666667,103,105,57.33333333,145,103,177,92,62.66666667,64.66666667,58,64.66666667,40.66666667,123.6666667,94.66666667,77.66666667,76,88,50.66666667,129.3333333,96.33333333,61.33333333,86.33333333,117,40.33333333,62,77.66666667,145.6666667,58.33333333,79.66666667,59.33333333,52.33333333,103,56.66666667,149.6666667,108.3333333,106.6666667,79,47.33333333,92.66666667,95.66666667,171.6666667,65,48,43.33333333,135.6666667,82.33333333,113.3333333,59.66666667,65.66666667,87.66666667,66,125.6666667,106.3333333,52.33333333,103,76.66666667,63,115,171.6666667,73.33333333,97.66666667,63.33333333,56,128.3333333,35.33333333,78,38.66666667,64,42,51.33333333
28.5,78.33333333,195,131.6666667,43,146.3333333,103,85.66666667,68.66666667,26.33333333,69.33333333,89.66666667,58,27.66666667,55.66666667,145,48.66666667,45.33333333,134.6666667,38,120,58.66666667,47.66666667,129.3333333,74,82,35.66666667,101,105.3333333,52.33333333,146.6666667,103.6666667,179.6666667,97.66666667,61,66.33333333,57.66666667,67.33333333,45.33333333,125.3333333,99.33333333,79.33333333,74.66666667,94,47,127.6666667,96.66666667,63.66666667,86.33333333,120.6666667,38,64.66666667,76.66666667,145.6666667,52.66666667,78.66666667,61,51,104,56.33333333,147,111,106.6666667,81.33333333,44.66666667,92.33333333,93.66666667,175.6666667,62,46.33333333,47,138,81.66666667,110.6666667,57.33333333,65,88.66666667,69,131.3333333,108.3333333,52.33333333,104.6666667,70.33333333,63.33333333,111.3333333,171.6666667,72,96,61,53.33333333,127,33.66666667,78,36.33333333,62.66666667,39.33333333,49.33333333
28.75,78.66666667,194.3333333,134.6666667,47,152,106,85.66666667,73.66666667,26,71.33333333,91,53.66666667,26.33333333,57.66666667,148.6666667,50,46.33333333,136,35.33333333,121,56.33333333,45.66666667,132,76.66666667,83.33333333,37.66666667,103.6666667,103,54,147,103.3333333,181.3333333,95.33333333,58.66666667,65,54.66666667,64,42.66666667,129.3333333,95,76.66666667,72,90.66666667,50.33333333,128.6666667,97.33333333,60.33333333,86.66666667,124,38,65.66666667,76.33333333,146,54.33333333,74.66666667,62,52.66666667,107.3333333,57.66666667,149.6666667,113.3333333,108.6666667,80,43.66666667,94.33333333,94.33333333,174,60,47.66666667,46.66666667,139.6666667,77.66666667,114.6666667,62,66,89.33333333,65,132.6666667,108.6666667,49,102.6666667,70,66,112.6666667,172.6666667,75,97,62.33333333,50,127.6666667,33,75,37,61.33333333,36.33333333,48.66666667
29,74.66666667,196.6666667,134.6666667,41.33333333,148.6666667,103.3333333,86,74.66666667,27.33333333,66.33333333,91,56.33333333,24.33333333,57.66666667,144.6666667,49,46.33333333,139,36,122.6666667,59.33333333,47.33333333,133.6666667,75.66666667,80.33333333,40.33333333,102.3333333,104,55,149.3333333,106.3333333,182.3333333,98.66666667,59.33333333,65.66666667,58,65,44.66666667,126.3333333,100.6666667,75,73,95.33333333,51.66666667,129,96.66666667,61,86.66666667,124.3333333,39.33333333,67.33333333,79.33333333,145,57.33333333,75.66666667,63.33333333,53,109.3333333,60,151.3333333,109.3333333,109,82.33333333,45.33333333,94,94,176.3333333,59.66666667,45,45.33333333,140,78.66666667,112.3333333,60,66.66666667,89.66666667,67,133,109.6666667,51,104.3333333,72.66666667,65,115.6666667,172.6666667,73,99.33333333,60.66666667,48,128,34.33333333,77.33333333,37.66666667,63,39.66666667,51
29.25,80,195.6666667,133,42,155.3333333,106,87.33333333,72.33333333,27,70.33333333,93.66666667,54,26.33333333,56,150.6666667,46.33333333,46.33333333,136.6666667,34.66666667,118.6666667,54.66666667,43,134,78.33333333,79.33333333,40.66666667,103.6666667,102.3333333,51.66666667,150.6666667,103.3333333,181.3333333,100,58.33333333,65.66666667,57.66666667,68.66666667,42.33333333,131.3333333,97,79.33333333,73.33333333,94,45.66666667,131.3333333,95.66666667,61.33333333,87.66666667,123.3333333,38,64.33333333,74,149.3333333,51.66666667,76,61.33333333,51.33333333,109.3333333,54.33333333,150.3333333,114,112,81.66666667,43.33333333,97.66666667,94.66666667,182,58.33333333,42,43.66666667,142,82.33333333,113.3333333,55.33333333,66,88.66666667,68.66666667,133.3333333,106,52.66666667,103,73,65,116.3333333,173.3333333,70.33333333,99,63,49.33333333,126,34,80,37.66666667,61,37.33333333,46.33333333
29.5,75.33333333,199.6666667,136,41.66666667,152.3333333,100.6666667,86.66666667,75.33333333,27.33333333,68.33333333,94,59,25.33333333,55.33333333,148.6666667,49.66666667,42.66666667,143.6666667,36.66666667,120.6666667,60.33333333,46.33333333,136,79,78,37.33333333,102.6666667,105.3333333,54,152.6666667,107,182.3333333,103.6666667,60.66666667,66.33333333,58.66666667,66.66666667,43,131.6666667,102.3333333,78,75,98,48.66666667,128.6666667,100,63,84.33333333,123.6666667,39,65,79,148.3333333,53.66666667,76,62,52.66666667,109.6666667,59.33333333,148.6666667,110.6666667,112,82.66666667,46.66666667,94,99.33333333,181,58,44.33333333,44,142.3333333,82,109.6666667,58,69,91,69.33333333,133.3333333,107,52,104.6666667,77.33333333,65.33333333,113.6666667,176,72.66666667,100.6666667,59,49.33333333,130,28,77,36,62,39.33333333,49
29.75,79.66666667,203.3333333,137.6666667,42.33333333,158.3333333,105,88,77.33333333,25.66666667,72.33333333,95.66666667,57.33333333,29.33333333,57,151.6666667,48.66666667,44.66666667,144.6666667,36,122.3333333,59.66666667,47.33333333,137.6666667,78.66666667,80.33333333,40,108,105.6666667,56.66666667,154,108.3333333,184,102.3333333,60.33333333,63,57.66666667,70,42.33333333,137.6666667,98,81,74.66666667,96.66666667,48.33333333,136.6666667,100,64,88.33333333,126.6666667,41.33333333,64.33333333,76.33333333,151.6666667,55.66666667,76,59.33333333,52.66666667,113.3333333,59,155,111.6666667,114.3333333,82.33333333,47,101,100.6666667,183.3333333,61,46.66666667,46.33333333,147.6666667,84.33333333,114,59.66666667,68.33333333,94.66666667,71.66666667,137,107.6666667,51.33333333,106,77.33333333,65,122.3333333,177,73.33333333,103.3333333,63.33333333,49.66666667,127,34,82.33333333,35,63.33333333,43,46.33333333
30,76.33333333,200.3333333,140.3333333,45.33333333,158,109.6666667,90.33333333,79,26.66666667,73.66666667,99,58.33333333,26.66666667,59.33333333,159.3333333,50.33333333,48.66666667,145.6666667,38,124,60.33333333,46.33333333,138.6666667,77.33333333,84.33333333,40.33333333,106.3333333,103,56.33333333,157,110,187.6666667,106,61.33333333,67.66666667,60,71.66666667,45.33333333,137.6666667,98.66666667,80.33333333,75.66666667,97,49.33333333,137.6666667,98.66666667,64.33333333,88.66666667,132.6666667,41.33333333,66.33333333,78,152,54.33333333,78.33333333,64.33333333,51,114.6666667,60.66666667,151.6666667,116.6666667,115.6666667,84.33333333,47.33333333,99.66666667,99.66666667,187.3333333,60.66666667,48.33333333,48,148.6666667,81,115,58.33333333,68.66666667,94.66666667,72.66666667,140.3333333,108,51.66666667,105,73.66666667,69,122.3333333,176.3333333,74,101.6666667,61,51.33333333,129,32.33333333,80,39.66666667,65,37.33333333,49.66666667
30.25,81.66666667,201.3333333,139,46.66666667,161.3333333,110.3333333,89.33333333,82.33333333,27.66666667,78.33333333,100.3333333,59.33333333,29,62,159.3333333,51.33333333,48.66666667,149.3333333,38.66666667,125,60.33333333,48.66666667,141.3333333,85,84.33333333,43.33333333,108.3333333,106.3333333,59.66666667,157.3333333,111,188.6666667,107.3333333,64.33333333,65,60.66666667,73.33333333,45.33333333,138.3333333,99,85.33333333,76.66666667,97.33333333,47.66666667,141.6666667,100.3333333,64.66666667,90.66666667,136,44.33333333,68.66666667,76.33333333,155.6666667,56.66666667,80,64.66666667,54.33333333,115.6666667,60,158,114.3333333,117.6666667,85.66666667,49,105.6666667,102.6666667,190.6666667,61.33333333,46.66666667,47,150.3333333,82.33333333,115.6666667,60.33333333,69.33333333,98,74.33333333,142,106,53.33333333,106,75,68,125,181.3333333,71.66666667,104.3333333,64.66666667,51,128,36,84.33333333,39.33333333,64.66666667,42.33333333,50.66666667
30.5,82.66666667,204.6666667,145,48.66666667,163.3333333,113.6666667,92.33333333,87,28.33333333,77.33333333,100.6666667,59.66666667,32.66666667,64.33333333,159.6666667,52.66666667,47,153,35.33333333,125,57.33333333,47,147.6666667,79.33333333,85.66666667,42.33333333,114.3333333,105.6666667,60.33333333,162.6666667,107,182.3333333,112,63.66666667,62.33333333,60.33333333,71.66666667,46,139,97.33333333,81.66666667,72.66666667,97.33333333,47,142.3333333,97.33333333,62.33333333,85.33333333,145.6666667,42.66666667,64.66666667,80.33333333,152.6666667,57.33333333,75,64.33333333,52.33333333,119,61.66666667,157.3333333,119,118,85.33333333,51,107.3333333,103.3333333,193,60.33333333,54.33333333,47.66666667,149.6666667,88.33333333,118.6666667,63.66666667,71,100.6666667,72.66666667,141,106.6666667,51.66666667,103,76.66666667,75.33333333,123,183,75,110.6666667,63.66666667,51.66666667,131.3333333,33.66666667,82.33333333,42.66666667,62.66666667,42,51.66666667
30.75,81,203,142.6666667,46,164,110.6666667,94.33333333,85.33333333,27,74.33333333,102,59.66666667,30,59,159,51.33333333,46,149.3333333,36,125.6666667,63.33333333,49.66666667,143,80,84.66666667,40.66666667,111,107.3333333,60.66666667,162,111.3333333,188.6666667,109,64,66,61.66666667,72.66666667,46.33333333,141,101.3333333,83.33333333,76.66666667,101,50.33333333,142.6666667,104,65.33333333,88.33333333,137.3333333,43.66666667,65.66666667,80,157,56.66666667,80,65.33333333,54.33333333,121.6666667,63.33333333,157.6666667,113.6666667,116.3333333,83.33333333,50.33333333,104.3333333,107.3333333,189.6666667,61.66666667,50.33333333,48,155,86,119,61.33333333,72.33333333,100.6666667,73,144,108.3333333,53,106.3333333,79.33333333,70.66666667,125.6666667,185.6666667,74,103,63.66666667,51,128.3333333,33.66666667,84.66666667,42,64.33333333,42,49.33333333
31,78.66666667,207,142.3333333,47.66666667,166.6666667,113,94,85,28,78,100.3333333,57.66666667,27,57.33333333,159.6666667,53.33333333,48.33333333,148.6666667,36.33333333,122.6666667,60,47,145.6666667,82.66666667,83.33333333,38,110.6666667,107,60.33333333,161,109.6666667,188.6666667,110.3333333,60,64.66666667,58,74.66666667,46,143.6666667,102.6666667,87,74.66666667,100.3333333,52,140.3333333,102,64.33333333,90.33333333,143,39.66666667,66.33333333,78.66666667,156,54.66666667,75.66666667,65.33333333,52.33333333,122.3333333,62.33333333,158.3333333,114,115.6666667,84.33333333,49.33333333,107,104.6666667,191,60.33333333,44.66666667,44.33333333,151,85.33333333,117.3333333,56.33333333,71.66666667,101.6666667,74,145.3333333,107.3333333,52.66666667,106,76.66666667,68.33333333,126.3333333,182.3333333,73.33333333,104,59.33333333,47,130.6666667,34.66666667,83.66666667,40.33333333,64.33333333,38.66666667,48.66666667
31.25,81.33333333,206.3333333,143,44,169,112.3333333,97,88,26.66666667,69.33333333,106.3333333,56.33333333,27.66666667,58,164.3333333,52,50.66666667,149.3333333,40,125,60.33333333,46.66666667,145,82.66666667,85,41.66666667,115,107.6666667,59.33333333,163,116,187.3333333,114.3333333,59.66666667,66.66666667,61.66666667,73.66666667,43,145.3333333,104,90.33333333,78.33333333,100,48.66666667,141.3333333,110.6666667,63.66666667,91.66666667,132.3333333,37.66666667,65,78.66666667,162.3333333,56,80.66666667,57.66666667,53.33333333,121.6666667,59.33333333,162.6666667,112,118.3333333,81.33333333,50,107.6666667,107.6666667,193.3333333,65.33333333,42.66666667,46.33333333,162,80.33333333,119.6666667,58.66666667,75,101.6666667,73.33333333,145.6666667,107.3333333,53,105.3333333,76.66666667,70.66666667,134.6666667,185,68.66666667,94.66666667,68.66666667,51.66666667,131,34,88,36.66666667,65.66666667,38,47.66666667
31.5,80.66666667,208.3333333,145.6666667,42,169.3333333,111.3333333,94.66666667,89,24,79.66666667,102,56,28.33333333,59.66666667,163.3333333,49.33333333,49,154,37,125,62,46,152.6666667,85.33333333,82.66666667,41,115.3333333,108,60.66666667,164,112,191,113.3333333,63.33333333,67.33333333,60,72.33333333,45,146.6666667,102,89.33333333,75,102.6666667,50,148,104.3333333,64.66666667,90.33333333,140,39.66666667,63,78,159,54.33333333,78.66666667,63,56,126.3333333,60,163.3333333,112,118.3333333,83.33333333,49,111,109.6666667,195.3333333,63.33333333,44.66666667,43.33333333,161.6666667,88.66666667,116.3333333,57,73.66666667,101,75.33333333,151,103.3333333,50.66666667,108,82.66666667,69.66666667,132.6666667,188.6666667,72.66666667,103.3333333,64.66666667,53.33333333,128.3333333,35,90,38.33333333,63,43.66666667,49.66666667
31.75,78.66666667,209.6666667,143.6666667,42.66666667,170.3333333,109.6666667,96.33333333,88.33333333,27,70.66666667,108,58.33333333,25.66666667,56,162.6666667,51,46.33333333,155.6666667,38,124,63.66666667,48,148,83.33333333,85.33333333,40.33333333,116,107.6666667,61.66666667,168.3333333,117.3333333,190.6666667,118.6666667,59.66666667,65,62.66666667,71,43,147,103,90.66666667,77.66666667,100,48,143.3333333,112.3333333,64,91.33333333,137.3333333,42,65.33333333,79.33333333,162.3333333,56,78.66666667,56.33333333,52.33333333,126.3333333,60,163.3333333,111.6666667,120.6666667,81.33333333,52,109.3333333,110.3333333,195.6666667,66.33333333,43,46.33333333,164.3333333,84,117.3333333,55.66666667,73.33333333,102.6666667,76,148.6666667,105,52,105.6666667,77.66666667,66,134.3333333,189,70.33333333,97.66666667,68.66666667,49,125.6666667,33.66666667,89.66666667,33.66666667,64.66666667,40.66666667,49.33333333
32,84.66666667,207.6666667,146.3333333,42,174.3333333,110.3333333,97,90.66666667,28,72,110.3333333,59,28.33333333,55.33333333,166.6666667,52.66666667,49,154,39.33333333,124.6666667,62,47,154.6666667,84.66666667,81,40.33333333,119.3333333,109.6666667,60,168.6666667,119.3333333,192,116,62,68,62.66666667,78.66666667,45.66666667,150,101.6666667,93.66666667,79.66666667,103.6666667,46,142.3333333,110.6666667,64,94.33333333,134.3333333,40.33333333,68,79.33333333,166.3333333,57.33333333,81.33333333,61,51.66666667,126.6666667,59.33333333,163.6666667,115,120.6666667,86,51,114.6666667,111,198.3333333,65,42,47.66666667,163.6666667,86,118.6666667,57.33333333,75.33333333,102.6666667,79.33333333,152,109,53.33333333,108.3333333,80.33333333,68.66666667,139.3333333,188,70.66666667,100.6666667,67.33333333,50.66666667,129,36.33333333,92,35.33333333,67.66666667,43.66666667,49
32.25,79.66666667,210,149,46,172.6666667,109.6666667,96.66666667,93.33333333,27.66666667,79.66666667,109,57.66666667,28,61.33333333,166,52.33333333,47.33333333,160.6666667,36.33333333,127.3333333,62.66666667,47.33333333,157,86.66666667,82.66666667,39.66666667,121.3333333,109.6666667,61.33333333,169.3333333,115.6666667,196.3333333,121,61.66666667,66,60.66666667,76.66666667,44,153.3333333,105.3333333,91.33333333,77.66666667,104.6666667,50,147.3333333,109.3333333,65.33333333,89.33333333,151,45.66666667,67.66666667,81.66666667,163,55.66666667,78.33333333,62.33333333,53.66666667,130,64.33333333,165.6666667,113,118.3333333,86.66666667,51.33333333,115,111.6666667,200,66,46.33333333,48,164,86.33333333,118.3333333,59.66666667,81.66666667,109.6666667,75.66666667,155,108,52.33333333,109.3333333,83.66666667,71,137,193.6666667,70.66666667,102.6666667,58.66666667,50.33333333,131,32.66666667,90.33333333,39,65,41.66666667,50.66666667
32.5,82,212,151.3333333,46,177.3333333,115.6666667,102.3333333,95.66666667,28,75.66666667,117,59.66666667,25.66666667,56.33333333,170,52.66666667,50.66666667,158,39.66666667,127,64,47,153.6666667,87.33333333,86.33333333,42.33333333,119.6666667,110.6666667,61.66666667,171,119.6666667,193.6666667,121.3333333,61,67.33333333,65,79.66666667,45,151.6666667,108.6666667,94.66666667,80,103,49.33333333,144.6666667,115.3333333,66.33333333,95.66666667,145,40.66666667,68.66666667,79,168,57.66666667,79.66666667,58.66666667,55.33333333,130.3333333,62.66666667,165.6666667,116,120.6666667,84.33333333,51,115,115.6666667,201,63.33333333,43,47,169,84,118.3333333,55.66666667,77.33333333,105.3333333,78.66666667,155.6666667,109.3333333,53,110,83,75,139.3333333,190.3333333,71,100.6666667,65.66666667,51.33333333,129.3333333,33.33333333,92.33333333,33.33333333,68.66666667,45,49.33333333
32.75,81.66666667,210.3333333,147.6666667,41,180,112.3333333,100.6666667,95.66666667,28.33333333,74,114.3333333,62.33333333,24.33333333,55.33333333,173,54,51,160.3333333,38,129,64.66666667,48.33333333,157.3333333,91.33333333,82,40,120.3333333,112,65,173.6666667,121.6666667,194.6666667,125,62.33333333,67.33333333,64,82,45.66666667,156.6666667,107,95,80,106.3333333,50,147,114,66,93.33333333,144.3333333,44.66666667,70,78.66666667,169.6666667,60,79.66666667,59.66666667,51.66666667,136,56,164.6666667,116.6666667,125.6666667,87.33333333,51.66666667,119,117.6666667,204.3333333,63,42.33333333,48.33333333,169,93.33333333,115,57,75.66666667,105.3333333,81.66666667,156.3333333,108.3333333,54.33333333,109,79.33333333,70.66666667,144,191.6666667,70,102.3333333,67.66666667,52.33333333,128.3333333,36.33333333,93.66666667,36.33333333,63,42,52
33,85,214,154,44.33333333,181.6666667,117.3333333,103.3333333,99.33333333,27.66666667,85.66666667,113.6666667,59,26.66666667,58.66666667,172,52,51.66666667,164,40,125,61.66666667,48.66666667,161,89.66666667,83.33333333,40.33333333,119,109.6666667,64.33333333,175.6666667,116.6666667,198.3333333,125,64.33333333,64.66666667,61.33333333,81.66666667,48,159,103.3333333,95,75,107,48.33333333,151.6666667,110.3333333,68.66666667,91,153.6666667,43.33333333,69,76.33333333,168.3333333,53.33333333,76.33333333,62.33333333,54.33333333,136.6666667,65.33333333,165.6666667,116.6666667,122.6666667,86,53,122,116.6666667,203.3333333,60,47,45,166,84.66666667,120.6666667,60.33333333,80.33333333,110,82.66666667,160.3333333,107,52.66666667,106.3333333,81,69.33333333,142.6666667,193,71.33333333,106,60,49.66666667,130.6666667,35,94,36.33333333,64,43,47.33333333
33.25,80.33333333,216,156.6666667,47,179.6666667,116.3333333,105,100.6666667,28.33333333,81.66666667,115,60.33333333,26.66666667,61.66666667,173.6666667,51.66666667,50.33333333,167.3333333,38,127,64,49.66666667,160,86.66666667,85,41.66666667,120,109.6666667,65.66666667,176.3333333,118.6666667,199.6666667,128,65,66,61.66666667,79,47,157.6666667,106,93.33333333,76,109.3333333,48.66666667,153,110.3333333,69.33333333,90.33333333,159.3333333,43.33333333,67.33333333,79.66666667,168,54.33333333,79.33333333,64.66666667,56.33333333,134.6666667,67.33333333,166.3333333,115,122.6666667,84.66666667,54.66666667,120.6666667,117.6666667,201.6666667,61,47,44.66666667,169.3333333,85.33333333,119,61,81.33333333,113.3333333,83.33333333,161.6666667,106,52.33333333,104,84.66666667,72.66666667,146,197,73,103,59.33333333,52.33333333,130,36.33333333,95.33333333,38.66666667,64.66666667,44,49.33333333
33.5,82,215,153.3333333,45.66666667,187.3333333,116.3333333,101.3333333,99.33333333,26.33333333,87.66666667,112.3333333,60.33333333,27,56.66666667,174,53.66666667,48,168.6666667,34.66666667,128.6666667,63,47,164.3333333,89.66666667,80.66666667,39,126,111.6666667,64.66666667,178.3333333,118,199.3333333,129,65,64,65.33333333,83.33333333,45,161.3333333,103.6666667,95.66666667,78,107.6666667,48.66666667,153.3333333,110.3333333,67.33333333,93.33333333,160,41,66,77.33333333,171.6666667,53.33333333,82.33333333,60.66666667,54.66666667,140.6666667,62,166,118.3333333,126.3333333,86.33333333,55,127,121.6666667,208,63,45,44.66666667,169.6666667,91,119,59.33333333,81.66666667,113.6666667,83.33333333,161.3333333,107.3333333,54.33333333,109.3333333,82.66666667,70.33333333,147.3333333,195.3333333,70.33333333,111,64,49.66666667,130.3333333,33.66666667,95,37.66666667,62.66666667,44.33333333,48.33333333
33.75,78.33333333,217,155,44.66666667,181.3333333,115,103.3333333,105.6666667,30.66666667,81,113.6666667,59,25.33333333,59.66666667,174.3333333,50,49.66666667,172.3333333,38.33333333,128.6666667,63.33333333,48.33333333,167.3333333,89.33333333,85,39,125,111.6666667,67,180,119.6666667,203,132.6666667,63.66666667,66,64.66666667,83,46.33333333,160.3333333,108,98,76.33333333,114.6666667,50.66666667,156.3333333,113.6666667,69,89.33333333,165,46,66.66666667,82.66666667,167.6666667,56.66666667,78.66666667,66.66666667,54,142.3333333,70,168.6666667,114,125,88,53.66666667,126.3333333,125.6666667,207,63.33333333,46.33333333,47.66666667,172,87.66666667,117.6666667,61.66666667,87,118.3333333,84.66666667,165,106.3333333,56.33333333,110,84.66666667,73.66666667,148.3333333,198,72,111.3333333,60.33333333,53,130.6666667,35,98,40.33333333,66.33333333,45,49.66666667
34,82.66666667,217.6666667,154.6666667,48.33333333,189.6666667,119.6666667,106,106.6666667,27.66666667,87,116.6666667,60.33333333,26,57,179.3333333,51.33333333,49.33333333,171,39,128.3333333,62.33333333,50.33333333,167.3333333,91.33333333,81.66666667,40.66666667,126,111,64,179,119.3333333,201,134,65.33333333,62.66666667,61.66666667,86,46,167,105.3333333,98.66666667,77.66666667,109.6666667,47.33333333,161,112.3333333,70,91.33333333,159.3333333,42,65.33333333,74,173.6666667,54.66666667,79.33333333,60.66666667,54.66666667,143.3333333,67.66666667,167.3333333,115.6666667,124.6666667,88.33333333,54.66666667,127.6666667,122.3333333,208,62.66666667,45,49.33333333,171.3333333,89.33333333,121,57.33333333,84.66666667,118.3333333,86,166.6666667,107.3333333,53.33333333,109,85.66666667,71.33333333,154.6666667,198.3333333,71.33333333,107,60.33333333,55.66666667,128.3333333,34.66666667,99.33333333,36.66666667,65.33333333,41.33333333,48
34.25,80.33333333,219,159,44.33333333,189.6666667,119.3333333,108.3333333,105.6666667,27.33333333,78,120.6666667,64,28,56.33333333,179.3333333,53.66666667,54.33333333,169.3333333,40.66666667,132,65,49.33333333,165,90.66666667,87.33333333,40,127.3333333,110,64,180.6666667,125.3333333,199.6666667,134.6666667,66.66666667,70,64.66666667,86.66666667,47.33333333,164,113.3333333,100,80.66666667,112,50.33333333,153.3333333,120,68,96,165,43.33333333,70.33333333,78.66666667,176.3333333,58.33333333,80.33333333,64,54.33333333,141,64,174,115,124.6666667,85.66666667,53,125,128,209,65.66666667,42.66666667,47.33333333,179,87,121.6666667,58.33333333,87,118.3333333,84.33333333,167.3333333,105.6666667,51.33333333,110.6666667,88,74.66666667,157.6666667,200,70.66666667,102.6666667,63,51.66666667,131,36.33333333,101.3333333,38.33333333,67,44.66666667,50.66666667
34.5,81,220,160.3333333,47.33333333,190.3333333,122.6666667,106.3333333,109.6666667,26.66666667,91,118,62.33333333,30,59.66666667,181.6666667,54.66666667,50.33333333,174,37.66666667,131.3333333,63.66666667,50.66666667,170.6666667,93,84.33333333,39,131,111.3333333,68.33333333,182.6666667,120,206,137.6666667,71.66666667,69.33333333,63.66666667,87.66666667,47.33333333,165.3333333,109.3333333,100,78.66666667,113,48.66666667,160,112,68,92.33333333,171,44,67.66666667,77.66666667,174.6666667,55.33333333,79,65.66666667,55,145.6666667,68.66666667,172.6666667,116,126,86.66666667,58.33333333,131,129.6666667,211.3333333,65,47.66666667,47.33333333,176,91.66666667,123,58.33333333,87.33333333,122,85.66666667,166.6666667,104.3333333,51.66666667,109.6666667,88.66666667,75,157,202.3333333,73.66666667,108.3333333,62,52,130,35.66666667,103.3333333,40.66666667,65.33333333,46.66666667,48.66666667
34.75,82.33333333,222.3333333,160,47.66666667,193.3333333,124.3333333,109,113,30,91.66666667,121,61.33333333,29.66666667,60.66666667,180.3333333,55,49.33333333,177,40.33333333,133.6666667,64.66666667,50,170.3333333,94.66666667,85.33333333,39.33333333,132,113.6666667,69.66666667,186,125,205,139.6666667,67,65.66666667,66.33333333,87,46.66666667,167.6666667,109.3333333,100.6666667,81.33333333,117,50.66666667,163.3333333,116.3333333,72.33333333,91.66666667,173.3333333,45,66.33333333,82,178,56.66666667,80,63.33333333,56.66666667,148.6666667,71.33333333,172,116,128.6666667,87,58.66666667,136,130,212,63.66666667,50,49.33333333,177.6666667,92,123.6666667,61,90,125,88,170.6666667,109.6666667,57,111.6666667,89,73.33333333,162.6666667,204.3333333,74.66666667,108.3333333,65.66666667,54,131.3333333,37.33333333,105.6666667,40.33333333,68.66666667,44.33333333,50.33333333
35,85,225,168.6666667,53,194.3333333,126.6666667,108.6666667,116.6666667,28.33333333,95,120.6666667,60.66666667,36.66666667,66.66666667,180.6666667,55.33333333,52.33333333,183,42,132,65.33333333,47.66666667,173.3333333,92.66666667,89.66666667,42.66666667,139.3333333,112,74,185.3333333,124.6666667,205,142.3333333,73.33333333,70.33333333,62,85,47.66666667,170.3333333,107.6666667,99.33333333,79.33333333,114.3333333,50,166.6666667,111.6666667,65.33333333,89.66666667,184,46.33333333,68.66666667,84.66666667,171.6666667,54.33333333,78.66666667,62,57,149.3333333,73.33333333,174.6666667,119,128.6666667,87.66666667,59.66666667,138,131.6666667,211.3333333,66.33333333,51.66666667,46.66666667,177.3333333,93,127.6666667,66.33333333,90.33333333,129.3333333,88.33333333,174.3333333,105.3333333,54.66666667,109.3333333,96,78,163.3333333,211,78.33333333,111.3333333,60.33333333,54,134.3333333,36,106.3333333,42,69,48,52
35.25,83.66666667,221.3333333,161.6666667,51.33333333,199,124.6666667,108.6666667,116.3333333,24.66666667,96.33333333,122.3333333,61,27.66666667,59.33333333,184.6666667,55,51.33333333,178.3333333,37.66666667,130.3333333,61.33333333,50,176,93.33333333,83.66666667,42.33333333,134.6666667,111.6666667,68.66666667,188,126,205,142.3333333,70.66666667,65,62,91.66666667,48,172.3333333,105,100.3333333,79,113.6666667,50,167.3333333,117,71.66666667,91.33333333,171.6666667,43,64.66666667,79.33333333,178,57.33333333,80,64,57.33333333,154.6666667,71,174.6666667,116.6666667,130,87.33333333,58.66666667,142.6666667,132,215,64,45.33333333,47,179.6666667,94.66666667,128,60.66666667,93.33333333,127,90.33333333,175.6666667,110,53.33333333,111,89.66666667,75,168,208,73.33333333,110,64,52.66666667,132.3333333,34.66666667,109.6666667,39,70,43.33333333,49.33333333
35.5,76.33333333,224.3333333,164.6666667,46.33333333,194.6666667,121,112.6666667,121.3333333,26.66666667,86.33333333,121,59,28.66666667,60.33333333,182.6666667,53,48.66666667,182,38.33333333,133.6666667,67,49.33333333,176.3333333,95.33333333,84,41,136,115.3333333,66,190,130.3333333,210.3333333,145.3333333,68,60.66666667,63.66666667,87.66666667,46.33333333,174,109.6666667,101,79.33333333,118,51,165.6666667,116.6666667,71,87.66666667,180,45.66666667,68.66666667,82.66666667,176,59,80.33333333,64,56,154,73,175,114.3333333,132,88,57.33333333,142.3333333,139,213.6666667,63.66666667,46,47.33333333,183.6666667,91.33333333,126.3333333,58.66666667,97,132.3333333,91,178,108,53.33333333,110.3333333,91.33333333,73.66666667,172,211,73.66666667,104.6666667,65.66666667,52,131,35,113.6666667,36.33333333,71.66666667,44.33333333,50
35.75,84.66666667,221.6666667,164.6666667,46.33333333,199.3333333,126,112.6666667,123.6666667,28,96,125,58.66666667,26,60.66666667,185.3333333,53.66666667,50.66666667,183,38,132.6666667,66.33333333,51.33333333,179.3333333,94.66666667,84.66666667,40,142,113.6666667,71.33333333,188.6666667,126,209.3333333,146.3333333,67.66666667,67,62.33333333,92.66666667,43.33333333,174.6666667,109,104.6666667,81.33333333,119.6666667,50,169.6666667,117.6666667,70,88.33333333,180.6666667,43,68.33333333,81.33333333,181.3333333,57.66666667,80.33333333,63,54.66666667,158.3333333,75,176,113,131,88.66666667,58,145.3333333,137.3333333,212.6666667,66.66666667,48.33333333,49.66666667,181.6666667,92.66666667,129.3333333,62,99.33333333,136,91,181,108,51.66666667,111,93.33333333,77.33333333,177,214.6666667,75.33333333,105.6666667,64,55,128.6666667,36.33333333,117.6666667,39,71,44.66666667,52
36,80.33333333,225,168,49.33333333,197.6666667,129,112,124,27,92,124.6666667,58.66666667,27,60.33333333,186,51,52.33333333,184,37.33333333,132.6666667,65,48,178.6666667,96.33333333,84.66666667,37.66666667,138.3333333,113,70,190.6666667,129.6666667,210,148,73.33333333,66,63.66666667,93.33333333,46,175.3333333,112.3333333,106.6666667,79.33333333,115.6666667,52.66666667,170,119.6666667,69.66666667,92.33333333,185.6666667,43.66666667,66.33333333,83.33333333,181,55.66666667,77.33333333,62,55.66666667,157,74.66666667,177,114.3333333,131.3333333,88.66666667,58,141,140,215,65.66666667,48.66666667,46,184.3333333,93.66666667,127,60.66666667,97.66666667,135.6666667,89.33333333,181.6666667,108,52.66666667,109.3333333,93.66666667,77.66666667,178,212.3333333,74.33333333,106.3333333,63,53,132,36.33333333,117,37,73.66666667,45.33333333,49.66666667
36.25,84,226.3333333,167.3333333,46.66666667,202.6666667,133,115.3333333,125.3333333,28.66666667,94,128,59.66666667,32,59.66666667,189.3333333,54,53.33333333,186,38,134.3333333,67.33333333,52,179.3333333,100,88.33333333,42.66666667,140.3333333,115.6666667,72.33333333,192.3333333,130.6666667,211.6666667,150,69.66666667,66.66666667,64.33333333,95.66666667,43.33333333,178.6666667,110,105.3333333,79,120,54,169,121.6666667,74,90.33333333,188.6666667,46,66.66666667,83.33333333,180.3333333,56.33333333,81.33333333,63.33333333,57.66666667,160.6666667,73.33333333,178,116.3333333,134.6666667,88.33333333,60,147,143.6666667,220.3333333,64.33333333,48.66666667,49,186.6666667,94.66666667,129,60.66666667,98.66666667,134.3333333,94,185,107,56.33333333,112.3333333,95,76.66666667,178.6666667,213.3333333,75.33333333,108.6666667,66,56.33333333,132,38.33333333,117.6666667,41,72.33333333,45,50.33333333
36.5,83.66666667,226.3333333,164,43,203.6666667,128.6666667,117,127.3333333,27.66666667,88,132.3333333,62,25.66666667,59,188.6666667,52.33333333,50.33333333,185.3333333,40,135.6666667,70,52,180.3333333,99.66666667,83.66666667,42,140.3333333,115.3333333,70.66666667,193.6666667,137,210,151,71.33333333,70.33333333,64.66666667,95.66666667,46.33333333,176.6666667,113.6666667,109,81.66666667,119,54.66666667,168.6666667,127,73.33333333,94,177.6666667,44.33333333,70,83.33333333,183.6666667,60,83.66666667,62.66666667,56,158.6666667,69.33333333,178.3333333,112,135.6666667,88,57,148.3333333,145.3333333,216.3333333,66.33333333,44.33333333,50.66666667,190,91,126,59,100.3333333,133.3333333,95.33333333,184.3333333,109.6666667,53.66666667,114,94.66666667,74,187,216.3333333,71.33333333,101.6666667,67.33333333,53.33333333,129.6666667,39,120.3333333,36.33333333,80,43.66666667,52.33333333
36.75,83.66666667,227.3333333,172,46.66666667,205,130.6666667,116.3333333,129.3333333,30,96.33333333,131,63.66666667,26,60.33333333,188.6666667,55.33333333,51.33333333,190.6666667,37.66666667,134.6666667,67.33333333,50.33333333,181.6666667,101.3333333,85.33333333,40.66666667,142,115.6666667,71,192.6666667,131.6666667,213.3333333,151.6666667,72,68.33333333,64.33333333,98.66666667,45.33333333,180.6666667,111,106.6666667,81,122,49.66666667,171.6666667,123.6666667,74,92.33333333,188.6666667,43,65,84,182.3333333,57.33333333,78.33333333,64,53.33333333,163.3333333,75.33333333,177.3333333,112.6666667,133.6666667,89.33333333,58.66666667,151,145.6666667,216.3333333,64.33333333,49.66666667,47.33333333,186.6666667,91,129,61,103,140.3333333,93,186,110.6666667,52,112.3333333,95,75.33333333,183,218.3333333,77,109,63,53.33333333,131,37.66666667,121.3333333,37.66666667,73,46,52
37,82,228,172.6666667,49.66666667,204.6666667,132,117,131.3333333,29.33333333,98.33333333,133.3333333,60.33333333,26.66666667,62,190.6666667,52.33333333,52.33333333,189.6666667,38.66666667,133.6666667,65.66666667,48.66666667,183.3333333,99,87,39,143.6666667,117,75,194.3333333,134,213.3333333,155,73,69,63.66666667,98,43.66666667,181.6666667,112,105.3333333,81.66666667,120.6666667,51.33333333,171.6666667,121.3333333,72.66666667,90.33333333,190.6666667,46,64.66666667,82.66666667,186,56.33333333,79.66666667,65,55,161.6666667,76,179.6666667,117.3333333,135.3333333,89.33333333,58.33333333,157.3333333,148,218,64.66666667,48,45,188.6666667,94.33333333,129,61.33333333,104,140,96.33333333,188,106.6666667,54.66666667,111.3333333,99.66666667,78,189,218.6666667,76.33333333,107.3333333,63.66666667,54.66666667,132.3333333,35,120.3333333,39,77,45.33333333,52.33333333
37.25,84.33333333,228.3333333,168.3333333,50,209.6666667,135.3333333,117,136.3333333,28.33333333,101,133.3333333,62.66666667,29.66666667,61.33333333,193,55.33333333,51,192.3333333,40,138.6666667,67.66666667,50.33333333,187.3333333,100.6666667,84.33333333,41,147.3333333,116,73.66666667,197.6666667,135.6666667,215.3333333,157.3333333,74.66666667,66.33333333,65.66666667,102,47.33333333,185,108,108.6666667,83,122,52.66666667,176,124,77,92.66666667,194.3333333,49.33333333,65.66666667,83,186,59.33333333,82.33333333,65,56.66666667,165.6666667,75,181.3333333,115.6666667,137,90.33333333,61.66666667,157.3333333,150.3333333,223.3333333,66.33333333,48.33333333,49.66666667,194.6666667,98.66666667,128,60.66666667,106,143.3333333,100.6666667,188,109,54,111,96.66666667,76.66666667,192,219.3333333,75.33333333,112.3333333,64.33333333,55.33333333,133.6666667,35.66666667,125.3333333,41,76.33333333,45.66666667,51.33333333
37.5,83.33333333,228,169,47.66666667,211.6666667,133.3333333,119.3333333,134.3333333,27.66666667,99.66666667,136,60.33333333,29,62,194.6666667,56.66666667,52,193,35,134,67,51.33333333,189,105,84,41,147.3333333,115,75,198.3333333,132.6666667,215.3333333,157.6666667,75.66666667,66.66666667,64,101.6666667,45.33333333,186.6666667,107,109,80,123.3333333,50.66666667,177.6666667,124,74.66666667,93.66666667,199,43.66666667,66,78.66666667,187.6666667,58,79.33333333,64.66666667,56.33333333,169.6666667,74.33333333,180.6666667,116.3333333,139,87.33333333,60.33333333,159,152.6666667,223.6666667,65.66666667,47.33333333,47.33333333,194.3333333,95.66666667,129,59,105.6666667,147.3333333,99.66666667,190.3333333,106.3333333,54,112,95.33333333,75.66666667,196.3333333,219.6666667,73.66666667,107.3333333,64,54,131.3333333,39.33333333,125,40,76.33333333,45.66666667,50.33333333
37.75,79.66666667,229,170,47.66666667,208,134,119,136.3333333,25.66666667,95.66666667,135,59,22.66666667,58.33333333,192.6666667,51.33333333,49,195.3333333,37,135.3333333,66.33333333,48.33333333,189.6666667,102.6666667,83.66666667,37.33333333,145.3333333,116.3333333,72.33333333,198.6666667,135,215.6666667,159.6666667,71.33333333,66,65.66666667,97.66666667,45,185,109.3333333,106,79,124.6666667,50.66666667,173.6666667,126,72.66666667,91.66666667,198.3333333,45.66666667,64,81,185.6666667,56,79,63.33333333,54.33333333,169.3333333,73,179,112.6666667,136,88.33333333,58,158.6666667,156.3333333,221,64,48.66666667,47,195.3333333,98.33333333,124,59.33333333,107.3333333,145.3333333,98.66666667,189.6666667,105.3333333,51,112.3333333,100.6666667,73,195.3333333,220.3333333,72.66666667,106.6666667,64,53.66666667,129.3333333,36.33333333,125.6666667,39,76.66666667,46.33333333,49.66666667
38,80,230.3333333,176,47.66666667,213,136.3333333,120.6666667,140.3333333,28.33333333,102.6666667,137.6666667,60,27.66666667,59,196.3333333,52.33333333,52.66666667,195.3333333,39,136.3333333,69,50.33333333,187.6666667,105.3333333,84.66666667,39,148,118,77.66666667,199,141.3333333,218,159.3333333,77,66.33333333,65,101.3333333,45.33333333,189.3333333,112,112,83.66666667,126.3333333,50.66666667,177.6666667,129.3333333,75,91.66666667,194.6666667,45.33333333,68.33333333,82.66666667,188.3333333,56.33333333,79.33333333,65.33333333,57,169,80,180.3333333,112.3333333,138.3333333,88.33333333,59.33333333,163.6666667,157,222.6666667,66.33333333,48.33333333,47.66666667,197.6666667,95.66666667,130,59,110.6666667,148,98.66666667,194.6666667,109.6666667,51.33333333,111.6666667,98.66666667,75.66666667,197,221.3333333,75.66666667,107.6666667,62.33333333,54,130,34.66666667,127,37.33333333,80,47,51.66666667
38.25,84,230.3333333,175.3333333,45.33333333,215.6666667,136.3333333,125.3333333,143.3333333,28.33333333,95.66666667,143,61,28.66666667,59.33333333,200.6666667,54,53.66666667,196.3333333,45,140.6666667,70.66666667,53.66666667,189,105.6666667,88.66666667,43.66666667,155.3333333,117.3333333,75.33333333,202.6666667,148.3333333,219,167,75.33333333,72,64.33333333,103.3333333,44.66666667,188,109.6666667,114.6666667,88,124.3333333,53.66666667,176.6666667,141.6666667,75.33333333,97,192,45,69.33333333,82.33333333,193.6666667,62.33333333,85.66666667,62,55,171.6666667,76.66666667,185,112.6666667,142.3333333,90.66666667,60.66666667,166,160.3333333,225,71,43.66666667,52,199,96,133,59.66666667,112,146.6666667,103,195.6666667,109.6666667,55.33333333,115.6666667,99,75,206,223.3333333,75.66666667,104.6666667,69.66666667,56.66666667,132.6666667,40.66666667,133.6666667,36.33333333,84.66666667,49.33333333,56.33333333
38.5,83.66666667,230.6666667,175.6666667,51.66666667,213.6666667,139,124.6666667,143.6666667,28.33333333,101.3333333,142,59.66666667,28.33333333,62,198.6666667,55.66666667,51.66666667,198.3333333,41,137.6666667,67.33333333,52.66666667,192,105.3333333,86.66666667,42.66666667,155,117.6666667,78,203,141,218,167.3333333,74.33333333,68.66666667,64,103,45.33333333,191,107.3333333,110.6666667,82.66666667,125.3333333,50.33333333,180.3333333,132.3333333,75.33333333,93,205.3333333,46.33333333,67.33333333,78.33333333,192.6666667,57.66666667,81.66666667,65.33333333,55.66666667,170.6666667,78,182,115,136.6666667,87.33333333,62,167.3333333,160.6666667,223,68.66666667,46,50.66666667,196.3333333,94.33333333,131,60.33333333,111.6666667,153.3333333,105.6666667,197.6666667,110.3333333,53.33333333,109.6666667,98.66666667,75.33333333,202,225.6666667,75.66666667,109.3333333,62.66666667,53,132.6666667,39.66666667,132.6666667,35,78.66666667,46.33333333,54
38.75,81.66666667,232.6666667,177.3333333,48.66666667,216,142,125,148.6666667,29.33333333,104,140.3333333,62.33333333,30.33333333,60.33333333,199,57.33333333,53.33333333,201.6666667,41,137,69.66666667,51.33333333,193.3333333,107.3333333,87.33333333,41.33333333,153,121,78.33333333,205.6666667,145,223.6666667,169.6666667,77.66666667,65.33333333,65.33333333,105.6666667,49,191.6666667,110.6666667,113.3333333,83,129.6666667,51.66666667,182.6666667,132.3333333,74,95.66666667,208,46.33333333,68,82.66666667,194.6666667,56.66666667,81.33333333,63.33333333,56.33333333,174.3333333,79.66666667,184.6666667,118,141.3333333,92,62,169,162,224,67.33333333,49,53.66666667,200.6666667,100.3333333,132,61.66666667,112.3333333,155,106.3333333,200.3333333,109,55.66666667,111.6666667,100.3333333,77.66666667,206.6666667,224.3333333,78,109.3333333,62.66666667,56,134.6666667,39.33333333,132.6666667,40,78,44,54.33333333
39,86.66666667,233.3333333,177,47.66666667,221,141,129.3333333,148.6666667,29,105.3333333,145.6666667,64.66666667,30.33333333,62.33333333,201.6666667,56.33333333,53.66666667,200.3333333,44,140,71.66666667,54.33333333,195,111.3333333,88.66666667,43.66666667,156.6666667,120.6666667,81.66666667,207,145.6666667,223.6666667,167.6666667,82,70.33333333,66.66666667,106.3333333,49,197.3333333,110.3333333,118.3333333,88,130,53.33333333,184,139,79.33333333,95.33333333,202.6666667,48.33333333,70,84.66666667,194.6666667,59.66666667,85.33333333,64.66666667,55,178,81.66666667,181.6666667,117,146,90.66666667,62,174.3333333,168.3333333,227,71.33333333,46.66666667,53.66666667,202.3333333,106,132.3333333,63,117.6666667,157.6666667,108.6666667,200.3333333,111.3333333,56.66666667,116.6666667,106,77,208.6666667,228.6666667,78,112.3333333,70,57.33333333,134.6666667,40,139,38.66666667,83,49.33333333,55.33333333
39.25,84,236.3333333,185.6666667,53.33333333,218,135.6666667,133.6666667,152.6666667,27.66666667,103,147,59.33333333,31.33333333,62,198.3333333,59.66666667,57.33333333,207.3333333,43,137.6666667,72.33333333,52.66666667,194,107.6666667,90.33333333,42.33333333,159,121.6666667,78,206.3333333,147.3333333,222.6666667,173.3333333,81.33333333,72,63,103.3333333,46.33333333,195.6666667,111,114.3333333,83,131.6666667,57,183.6666667,140.3333333,76.33333333,93.33333333,208.3333333,47,71,90.33333333,197,57.66666667,79.66666667,64,54.66666667,178,88.33333333,182.6666667,114.6666667,140.6666667,86.66666667,59,172.3333333,169,223,66.33333333,46.33333333,48.66666667,200,97,133,64.33333333,121.3333333,159.6666667,104.3333333,205,114,54.33333333,116.3333333,107,76.66666667,205.6666667,229,78,106,64,60,133.6666667,41.66666667,136.3333333,36.66666667,88.66666667,47.33333333,54.33333333
39.5,82.66666667,232,178.6666667,46.66666667,220.3333333,142.3333333,125,150,28.66666667,103,148.6666667,61,29.66666667,59.66666667,204.6666667,56.66666667,53.66666667,204.3333333,39.33333333,140.3333333,69,54.33333333,197.6666667,110.3333333,83.66666667,41.33333333,160,117.3333333,78.33333333,208,146.3333333,226,174.3333333,82.66666667,68,66.66666667,109.6666667,46,195.6666667,110,116.6666667,83,129.6666667,53,184,138.3333333,76.33333333,92,203,48,68,81.66666667,197.6666667,60.66666667,83.66666667,63,57.33333333,179.6666667,78.66666667,183,114.6666667,146,91,62.33333333,175.6666667,169.3333333,226.3333333,67.66666667,48,50.66666667,201.3333333,98.66666667,132.3333333,58.66666667,119,161.3333333,107,205.3333333,108,54.66666667,113.3333333,105.3333333,79.66666667,209.6666667,230.6666667,74.33333333,108.6666667,66.33333333,55,133.3333333,36.66666667,139.3333333,37.33333333,83,45.66666667,58.33333333
39.75,82.33333333,234.6666667,177,43.66666667,224,143,129,152.3333333,28.33333333,96.33333333,149,64,30.33333333,58.66666667,205,57,56.33333333,203,42.33333333,142.6666667,76.66666667,52.33333333,198.6666667,112.6666667,86.66666667,42,162,120.3333333,78.66666667,209,156.3333333,224,175,81.66666667,70.33333333,69.33333333,108.3333333,47.66666667,196.6666667,110,119.6666667,87.66666667,130.6666667,55.33333333,184.6666667,149.3333333,76.66666667,96,203,48.66666667,68,83,200,61.33333333,87.33333333,62,57,178.6666667,77.66666667,183.6666667,112.3333333,146.3333333,91.66666667,62,175,173,230.3333333,72.66666667,44,51.33333333,207.6666667,106,130,60.66666667,119.3333333,158.3333333,112.3333333,204,108.6666667,57,116.6666667,107,74.66666667,216.3333333,230,73,108.3333333,69.66666667,55.66666667,136,39.66666667,142.3333333,43,88,50.66666667,54
40,85,233.6666667,181.3333333,44.66666667,225,141.6666667,130,156.3333333,30.66666667,100,151.3333333,61.66666667,31.66666667,58,205.3333333,56,56,206.3333333,40,143.3333333,74.33333333,53,197,114,88,44.33333333,164.6666667,122.3333333,77.66666667,211,154,224.3333333,175.3333333,82,70.66666667,69.66666667,110,47,199.6666667,109.6666667,120.3333333,89.33333333,132,54.66666667,186,151,77,97.66666667,201.3333333,46,69.33333333,85,199.6666667,64,84,62.66666667,58.66666667,180.3333333,77.33333333,186.6666667,113,149.3333333,91.66666667,61,176,170.6666667,230.6666667,72.66666667,45,51.66666667,208.3333333,103,132.3333333,61.66666667,117.3333333,158,113.6666667,206.6666667,109,55,116.6666667,104.6666667,77.33333333,219.3333333,228.6666667,75.33333333,107,69.66666667,54.66666667,135,39,142,37.33333333,90,50,55.66666667
40.25,81.66666667,235.6666667,183.6666667,49.33333333,226.3333333,149,131.6666667,159,29,112,153.6666667,63.66666667,32.33333333,64,208.3333333,59.33333333,55.33333333,210.3333333,43,141,74,56,203,116.3333333,87.66666667,41.33333333,163.3333333,123.6666667,83,213.3333333,154.6666667,228.3333333,177.6666667,90,70.66666667,69,116.6666667,48.66666667,202.3333333,111,123,86.66666667,135,53.66666667,191,142.6666667,80,96.66666667,212.6666667,50,70.33333333,87,201,61.33333333,82.66666667,66.66666667,59.33333333,186,85,184.6666667,117.3333333,150.3333333,96,64.33333333,183,176.6666667,229.3333333,68.66666667,48.33333333,52.66666667,208.6666667,105.3333333,136,61.66666667,124.6666667,165.6666667,115.3333333,210.6666667,108,56.33333333,116,110.3333333,79,218.3333333,231.6666667,76.66666667,111.3333333,67,60.66666667,136,39,144.3333333,41,87.33333333,49.33333333,54
40.5,84,239.3333333,189.3333333,55,225.3333333,153.6666667,131.6666667,162.6666667,30,111.3333333,153.6666667,63.33333333,33.66666667,67.66666667,207.6666667,55,58.33333333,216,43,141,69.33333333,56.33333333,207,114.6666667,89,43.33333333,165.3333333,123,83.66666667,214,150,224.6666667,182.6666667,90,69.66666667,67,111,51.33333333,203.3333333,111.3333333,118.6666667,81.66666667,135,54.66666667,191,132,73,91.66666667,223.3333333,46.33333333,70.33333333,88.33333333,196,58.33333333,77.66666667,68.33333333,57.33333333,187.3333333,86.33333333,187.6666667,120.6666667,145,98.33333333,64.66666667,187.6666667,177.3333333,230.6666667,63.66666667,55.33333333,53.33333333,206,107.3333333,133.3333333,65.66666667,122.6666667,170.6666667,116.6666667,210.3333333,107.3333333,55.66666667,111.6666667,111.3333333,81,214.3333333,233,80,119.3333333,61.66666667,56,135.3333333,38.66666667,137.6666667,45,82.66666667,49.33333333,56
40.75,84.66666667,239.3333333,186,52,227.3333333,156.3333333,135,164,31,114.6666667,154,62,34,66,210,59.66666667,54.66666667,215.6666667,41.66666667,143,70.66666667,53,208.6666667,117,86.33333333,43.66666667,171,122.3333333,84,216,154.6666667,225,185.6666667,90.66666667,68.33333333,65.66666667,112.3333333,50.33333333,205.6666667,107.6666667,118.6666667,85,136,50.33333333,193.3333333,136.3333333,73.66666667,91,224.6666667,51.66666667,68,85.33333333,198.3333333,56.66666667,80.33333333,64.66666667,57.33333333,189,87.33333333,185.3333333,117.6666667,150.6666667,94,64,191,177.6666667,231.3333333,68.33333333,52,51.33333333,205.3333333,107.6666667,135,63,126.3333333,173.3333333,119,212.3333333,106,55,110.6666667,113.6666667,80.66666667,217.6666667,234.3333333,77.33333333,117.6666667,64.33333333,57.66666667,134,39,146.3333333,41,83.33333333,53.66666667,58.33333333
41,86,238.3333333,188,49,229.6666667,150.6666667,132.3333333,164.6666667,30,112.3333333,156.3333333,62.66666667,31,60.66666667,211.3333333,59.66666667,57.33333333,212,42.33333333,143.6666667,73,51.66666667,204.6666667,116.3333333,87.33333333,41,170.6666667,123.3333333,82.33333333,216,157,230,182.3333333,91.33333333,68,68.33333333,113.6666667,46.33333333,207,107,124.3333333,85,135.3333333,55,193.6666667,147.6666667,78.66666667,95,215.6666667,47.33333333,67.33333333,83,205.6666667,63.33333333,85,65.66666667,58.33333333,189.6666667,84,186.3333333,117.6666667,153,95.66666667,66,189.6666667,180.3333333,232,68.66666667,49.33333333,52.66666667,209.6666667,104.3333333,136.6666667,61.33333333,129.6666667,172,122,213.3333333,110.6666667,56.33333333,115.6666667,108,79.66666667,222.3333333,233.3333333,75.66666667,112.6666667,68.66666667,55,136.3333333,41,150.3333333,40.66666667,90,50,53.66666667
41.25,86.33333333,238.6666667,189.3333333,52.33333333,232,153.6666667,133.6666667,165.6666667,29.66666667,119.6666667,154,65,30.66666667,62.33333333,212,57.33333333,57.33333333,216,43.33333333,141.6666667,77,53.33333333,205.3333333,117.3333333,87,43.66666667,172,123.3333333,83.66666667,213.3333333,158.3333333,229,183.6666667,94,72.33333333,67.33333333,115.6666667,46,207,111.6666667,126.3333333,88.66666667,136.3333333,54.66666667,196,150.3333333,77.66666667,98.66666667,217.6666667,48.66666667,68.66666667,88.33333333,203,60,84,64,59.66666667,190,87.33333333,187.3333333,117.3333333,149.6666667,92.66666667,64.66666667,191.6666667,185.6666667,232.3333333,71.33333333,50,51.33333333,210,106.3333333,136.3333333,64.66666667,130.6666667,173.3333333,121.3333333,212.6666667,111,54,117.3333333,114,81.66666667,222.6666667,236.3333333,76.33333333,113.3333333,62.66666667,56.66666667,135.3333333,39,149.3333333,41.33333333,92.33333333,50.33333333,54.33333333
41.5,83.66666667,237.6666667,186.6666667,45.66666667,235,149.6666667,136.3333333,164.6666667,31,104.6666667,162,63.33333333,26.66666667,57,211.3333333,57.33333333,57.33333333,213.3333333,44,143.3333333,75.66666667,52.33333333,204.3333333,118.6666667,86,44,173,125.3333333,83,216,164.3333333,226,186,88,70.33333333,70.33333333,117.3333333,46,206,113,126.6666667,90.33333333,137.3333333,55,192.6666667,160,79.66666667,99,210,45.33333333,70,87,206,62,86.66666667,61.33333333,62,189.3333333,82.66666667,187,114.3333333,154.3333333,94.33333333,61.33333333,186.6666667,187.3333333,233,74.33333333,46.66666667,52,213,105,134.3333333,59.33333333,128.3333333,168,119,211.3333333,111.6666667,54.33333333,116.6666667,111,80,225,236.6666667,75.66666667,107.3333333,67.33333333,55.66666667,136,39.66666667,153.3333333,39.66666667,96.33333333,47.66666667,54.33333333
41.75,83.66666667,236,187.6666667,49.66666667,234.6666667,152,135.6666667,170,29.66666667,116.6666667,156.3333333,64.66666667,29.66666667,65.33333333,211,55,54,217,40,146,74,52.66666667,210,118,86.33333333,42,173.6666667,122.3333333,84.66666667,217.3333333,163.6666667,231.3333333,188.3333333,96,69.33333333,70,118.3333333,48.66666667,210.3333333,108.3333333,124,87.33333333,140,54.66666667,197.3333333,156,79,99,218.3333333,50,69,84.66666667,205.3333333,59.66666667,84.33333333,65.66666667,60.66666667,193,84.33333333,186,116.6666667,154,94.66666667,67.33333333,194,190.6666667,232,71.33333333,49.66666667,50.33333333,213.6666667,109.3333333,133.3333333,60.66666667,135.3333333,174.3333333,123.6666667,215.3333333,105.6666667,54.66666667,119,115.3333333,76,225.3333333,239,74,114.6666667,65.66666667,56,135.6666667,38.66666667,157.3333333,39,90,49,57
42,82,238,191,51.66666667,232.6666667,156.3333333,139,172,30,115,161.3333333,65.66666667,29.66666667,64,212.6666667,58,56.33333333,217.6666667,40.66666667,143.6666667,75,54.33333333,208.6666667,121.3333333,89,43.66666667,171.6666667,122,87.66666667,218.3333333,161.3333333,233.3333333,189.3333333,95.33333333,68.66666667,68.66666667,118.6666667,49.66666667,211.3333333,110,125.3333333,86,141.3333333,54.66666667,195.3333333,154.3333333,80.33333333,96.66666667,224,48.33333333,70.33333333,83.66666667,207.3333333,59,82.33333333,65.33333333,59,194,86.33333333,188,119,154,96.33333333,64.66666667,194,191,230,64.66666667,52,54,212.6666667,104,135.3333333,63.33333333,135.6666667,179,125.3333333,218.6666667,108.3333333,55,114.6666667,116,81,225,239,78.33333333,114.6666667,64,53.33333333,136,43,154.6666667,40.33333333,92,47.66666667,59
42.25,81.33333333,237.6666667,191.6666667,49.33333333,233.3333333,153.6666667,134.6666667,170.3333333,26,117.6666667,159.3333333,63,27.66666667,60.66666667,212,54.33333333,56.33333333,216.6666667,40,141.3333333,72,52,207,118,87,38,174.3333333,122.3333333,84.66666667,217.3333333,162.3333333,232,187,94.66666667,71,65.33333333,115.6666667,46.33333333,209,107.6666667,125.3333333,85,136.6666667,54,194.3333333,154.6666667,78.66666667,97,219,50.66666667,68,87.66666667,206,58.33333333,81.33333333,62,58,192.6666667,86.33333333,185.6666667,113.6666667,149.3333333,91.66666667,61,195,191.6666667,232.6666667,66.66666667,47.33333333,51,214,105.6666667,132,59,132,178,126.6666667,217.3333333,106.6666667,52.66666667,116.3333333,118.3333333,79,226.3333333,240,76,111.6666667,60.66666667,54.33333333,133,37.66666667,154.3333333,37.33333333,95,46.33333333,53.33333333
42.5,83,237.3333333,191.3333333,51.33333333,236,158,137.6666667,170.6666667,31.33333333,115.6666667,163,66,29.33333333,62.33333333,215,55.66666667,58,223,43,145,72.66666667,53.66666667,211,122.6666667,86.33333333,42,173.3333333,124.6666667,86,218.6666667,165.6666667,232,191.3333333,94.33333333,68,71,119,49.33333333,212.3333333,112.3333333,125.6666667,87.66666667,140.3333333,54.66666667,194.3333333,157.6666667,79.66666667,99.66666667,224.6666667,48.33333333,67,87.66666667,206.6666667,58.66666667,82.33333333,68.66666667,59.33333333,195.6666667,88.66666667,187.6666667,116.6666667,153,94.33333333,61.33333333,197,195.6666667,232.3333333,68,49.66666667,53,214.6666667,103.3333333,132,64.33333333,134,182.3333333,125.3333333,219,108,56,116,115.6666667,80,230,239.6666667,78.33333333,114.6666667,62.66666667,56,136.6666667,42.66666667,158.3333333,42,92.33333333,46.33333333,56.33333333
42.75,85,238.6666667,189,44,241.3333333,154.3333333,140.3333333,173.3333333,31,110.6666667,168.6666667,68,28.66666667,61,218.6666667,55.66666667,56,220,41.66666667,147.3333333,79.66666667,53.33333333,213.3333333,128,86,42,182.3333333,127,85.33333333,221,172,234.3333333,191.6666667,97.33333333,71.33333333,73,122,49,213,114,133,93.33333333,144,56,196,168,80.66666667,101.3333333,210,49.33333333,68.66666667,87,212.6666667,61,85.33333333,64.66666667,59.33333333,200.3333333,85,185.6666667,115.3333333,161.6666667,96,65,201,199.6666667,236.6666667,72.33333333,49,54.66666667,221.3333333,116,132.3333333,60,139.3333333,177.3333333,132.6666667,220,112.3333333,56.33333333,122.3333333,124,79.33333333,237,244.3333333,71.66666667,109.6666667,71.66666667,54.66666667,135.6666667,39.66666667,161,38.33333333,99,51.33333333,54.33333333
43,84.66666667,244,194,51,240,163,142.6666667,177.3333333,29.33333333,122.6666667,167.3333333,65.33333333,35.33333333,66,216.3333333,58.33333333,56.66666667,222.3333333,42.33333333,145.6666667,76.33333333,52.33333333,213,123.3333333,90.33333333,43.66666667,183.6666667,126.6666667,87,223.6666667,169.6666667,235.6666667,195.3333333,100,71.33333333,72,123.3333333,49,218.6666667,108.6666667,128.6666667,89,142.3333333,55.33333333,202,162.3333333,79.33333333,101.3333333,227,49.33333333,67,87.33333333,211.6666667,61,83.33333333,65.33333333,57.33333333,200.3333333,88,189.6666667,118,159.3333333,95.33333333,67.33333333,203,201,237.6666667,71.33333333,50,56.33333333,220.3333333,113,138.6666667,64.33333333,142.3333333,183.3333333,133.6666667,221.6666667,110.6666667,56.33333333,117,120.6666667,78.66666667,238,245.3333333,76.33333333,117,68.33333333,56,136.6666667,42.66666667,164,43,97,49,55.66666667
43.25,83.66666667,242.3333333,195.3333333,48.66666667,241.3333333,163.3333333,140.3333333,177.3333333,27.66666667,122.3333333,166.6666667,66.33333333,29,63.33333333,217,57.66666667,56.66666667,225.3333333,44,145.6666667,77,55.66666667,215.6666667,126.6666667,89,42,185,127.3333333,88,225.3333333,171.6666667,235.6666667,196,103,71.66666667,70,123.6666667,49.33333333,215.6666667,110,130,90.66666667,143.6666667,56,201.3333333,164.6666667,79.66666667,97.33333333,221.3333333,52.33333333,70.66666667,90,210.6666667,58.66666667,83.33333333,66,58.66666667,200.6666667,89.66666667,187,116.3333333,156.6666667,95.33333333,66.33333333,205,201.6666667,235.3333333,72,50.66666667,54,218,110,135,62.66666667,143,187.3333333,132.3333333,225.6666667,112.3333333,55,118.6666667,121.3333333,79.33333333,235,245.3333333,79.33333333,112.3333333,66,55.66666667,136.3333333,42,163.6666667,40.33333333,98.66666667,49,58
43.5,84.33333333,244,199,52,242,166.3333333,145,181,29.33333333,120.6666667,173,66.66666667,32.66666667,66,218.3333333,58.33333333,58,227.6666667,43,148.6666667,77,55.66666667,214,128.6666667,89,44.33333333,184.6666667,127.3333333,92.33333333,225.3333333,173,238,198.6666667,104.3333333,73.33333333,69,125.6666667,51.66666667,218.3333333,110.3333333,131.6666667,89,146.6666667,57,202,163.6666667,81,96,229.3333333,52.33333333,71.33333333,90.66666667,209.3333333,60.66666667,86,68,60.66666667,206,90,187,117.6666667,160,97.66666667,69,207,207.6666667,239,71.66666667,51,56.66666667,220,109.3333333,135.6666667,61.66666667,144.6666667,188.3333333,139.3333333,226,111.3333333,57,119.3333333,126,80.66666667,242,247,78.66666667,116,68,57.66666667,138,44.66666667,167,43.33333333,99,49.66666667,58
43.75,84.33333333,242,197.6666667,50,240,166,142.3333333,180,33,125.3333333,169,66.33333333,30,65.33333333,217.3333333,57.33333333,57.33333333,226.3333333,43.33333333,145,76.33333333,54,218,126.6666667,87.66666667,40.66666667,186.3333333,125.3333333,88.33333333,223.3333333,171,236.6666667,194.6666667,105.6666667,73,67.66666667,124.6666667,48.66666667,217.6666667,109,130.6666667,91.33333333,147,58,201.3333333,160.3333333,80,99,227.3333333,48,69.33333333,88.66666667,212.6666667,60,81.66666667,65.33333333,59.66666667,202,90,188.3333333,117,159.6666667,94.33333333,69,205,202,237,71,51,51.66666667,220,112.3333333,134.6666667,64,144.3333333,188.3333333,136,225.3333333,107.6666667,56,118,123.3333333,80.66666667,241,247,75.66666667,114.3333333,63.66666667,56.66666667,135.6666667,43,167,43.33333333,97.66666667,51,55.33333333
44,84.66666667,245,199,54,245,170,144.3333333,184,31.66666667,128,172.3333333,67,33,64.33333333,220,59.33333333,59.33333333,228.3333333,43.33333333,149.6666667,80.33333333,53,217.3333333,129.3333333,90.66666667,45.66666667,187,126.6666667,91.33333333,225,175.6666667,237.3333333,200,108.6666667,74.66666667,69.33333333,128.6666667,51.33333333,221,111.3333333,133.6666667,89.66666667,147.3333333,55.33333333,207.3333333,168.6666667,85.33333333,97.33333333,228,50.66666667,73.66666667,89.33333333,214.6666667,62.66666667,84,67.33333333,62.33333333,205.3333333,91.33333333,190.3333333,119.6666667,159,100.6666667,65.66666667,214.3333333,205.6666667,238.6666667,71.66666667,50.66666667,57,222,111.6666667,140.3333333,62.33333333,147,191.6666667,138.6666667,228.3333333,111.3333333,56.33333333,120.6666667,124,81,241,248,78.66666667,117.6666667,66,56.66666667,138.3333333,43.66666667,169.6666667,38,98.66666667,49.33333333,58.66666667
44.25,84.66666667,242.3333333,200.3333333,54.33333333,243.3333333,175.6666667,148.6666667,184.6666667,32.33333333,128,177,67,30.33333333,64,222.6666667,61,61.33333333,227.6666667,45.33333333,148,79.33333333,54.66666667,216,134,90.33333333,44.66666667,188,131,92.66666667,226.3333333,175.6666667,238.6666667,198.6666667,109,70.66666667,69,132.3333333,52,224.6666667,109.3333333,133.3333333,91.66666667,146,56,207.6666667,167.6666667,83.66666667,101.3333333,234.3333333,51.66666667,71.33333333,86.66666667,216,60,85.33333333,67.33333333,59.33333333,207.3333333,92.33333333,188.6666667,121.3333333,163,97.33333333,66.33333333,212.3333333,209,239,69.66666667,49.66666667,58,223.6666667,115,136.6666667,63,148.6666667,194.6666667,143,229.6666667,111,56.33333333,116.6666667,124.6666667,80.66666667,245,247,75.33333333,118.6666667,63.33333333,57.66666667,139,44,173.3333333,43,101.3333333,48.33333333,56.66666667
44.5,82.66666667,243.3333333,199.6666667,51.33333333,242.3333333,169,146,184.3333333,27.33333333,122.6666667,172.6666667,63,31.33333333,62.33333333,222,55,55.33333333,229,41.66666667,146.6666667,79.33333333,52.66666667,216.6666667,132,89,42,188.3333333,129.3333333,90.33333333,226,177.6666667,240.6666667,200.6666667,109,69,70,128.3333333,50,221,110.6666667,132.3333333,86.66666667,146,56,202.3333333,167,81,99.33333333,233.3333333,50.33333333,69,89,213.3333333,60.33333333,81.66666667,65.33333333,60,205,89.66666667,187.3333333,115.6666667,159.6666667,96.33333333,65,211.3333333,210.3333333,236.6666667,67.33333333,49.66666667,57.66666667,222.3333333,111,135.3333333,64.66666667,147,194.3333333,141.6666667,227,109.3333333,55,115.6666667,125,78,243.3333333,249,77.33333333,116,62.66666667,56,136.3333333,43.66666667,173.6666667,40,99.33333333,45.33333333,54
44.75,81,245.3333333,202.6666667,49.33333333,241.6666667,165.3333333,148.6666667,185.3333333,30.66666667,126,174,64.66666667,29.33333333,63.33333333,223.6666667,59.66666667,59,231,45.33333333,149.6666667,78.33333333,54,219.3333333,134.3333333,90.66666667,43.66666667,191.3333333,130.6666667,92,227,180.3333333,240.3333333,202.6666667,109.3333333,69.33333333,71.33333333,128.3333333,50.33333333,225,110.6666667,136.3333333,91.33333333,152.3333333,55,205,168.3333333,82.66666667,95,229,49.33333333,70.33333333,90.66666667,214.3333333,60.66666667,82.66666667,66.66666667,58.66666667,208.6666667,93.66666667,188,116,162.6666667,97.66666667,65,213,212.3333333,239,70.33333333,49.66666667,56.33333333,223.3333333,117.3333333,136.6666667,63.33333333,152.6666667,195,145.6666667,230.6666667,112.3333333,57.66666667,122.6666667,126.6666667,80.33333333,244,247,78.33333333,115.6666667,65,55,136.6666667,41.33333333,174.3333333,41.33333333,101.3333333,50,58.33333333
45,85,243,200,50,248,171.6666667,151.3333333,186.3333333,31,119,180.3333333,64.33333333,28.33333333,61.33333333,224.3333333,57.33333333,58,225.6666667,42.66666667,148,79.66666667,53.66666667,217,135,88.66666667,43.66666667,193.6666667,127.6666667,90,225.3333333,182.3333333,236.3333333,202,107.3333333,71.66666667,73,133,49.66666667,225.3333333,109,139.6666667,93.66666667,147,53.33333333,205,181,81.33333333,100.3333333,226,47.33333333,68.33333333,86.33333333,216,62,84.66666667,63,61,206,91,187.6666667,115.3333333,165.6666667,93.33333333,64.33333333,212.3333333,209.6666667,240,75.33333333,44,56.33333333,225.6666667,113.6666667,139.3333333,58.66666667,148.6666667,190.3333333,143.6666667,227.3333333,109.3333333,55.66666667,121.3333333,122.3333333,80.66666667,247,248.3333333,73.66666667,112.6666667,70,54.33333333,135.3333333,42.33333333,178.6666667,38.66666667,103,49.33333333,57
45.25,87.33333333,245,200.6666667,48.33333333,250.3333333,177.6666667,152,188.6666667,31.66666667,120.6666667,183.3333333,65.33333333,30.66666667,60.33333333,227.3333333,61,58.66666667,227.3333333,45.66666667,150.6666667,80,56.33333333,222,137.3333333,91.33333333,43.66666667,193.3333333,129,93,228.6666667,183.3333333,239.6666667,203,110.6666667,70.66666667,75.66666667,137.6666667,48.66666667,225.3333333,110,142.3333333,91.33333333,148.6666667,55.66666667,208,181.3333333,83.66666667,105.3333333,227,49.33333333,73,82.66666667,220.3333333,65.33333333,89.66666667,62.66666667,60.66666667,209,91.66666667,190.3333333,119.3333333,170.3333333,100.6666667,66,217.6666667,211.6666667,242.3333333,73,47,60.33333333,226.3333333,116,138.3333333,62.33333333,151,191.6666667,150.3333333,228.6666667,110.6666667,57,118.3333333,121,78.66666667,247,248.6666667,75.66666667,115.3333333,69,53.33333333,137.3333333,46,178.6666667,40,105,51.66666667,57.33333333
45.5,86.66666667,244,205,51.66666667,248.3333333,174,151.3333333,190.3333333,31.33333333,132,178.3333333,65,31.33333333,64,224.3333333,59,58.33333333,231.6666667,44.33333333,147.6666667,81.33333333,55.33333333,221,136.6666667,91.33333333,43.33333333,197,129,94,229.3333333,182,243.3333333,206,116.3333333,73.66666667,72.66666667,135.6666667,48.33333333,225.3333333,109.3333333,137.6666667,91.33333333,152,57.33333333,209.6666667,174,83.66666667,100.6666667,231.6666667,50,70,89,217.3333333,61.33333333,86.66666667,65,61.33333333,208.3333333,97.33333333,191.6666667,118,164,97.33333333,64.66666667,216.6666667,214,239,73,50.33333333,57.33333333,225.3333333,116.6666667,141,64.66666667,155.3333333,200.6666667,149.3333333,230.6666667,111.6666667,54.33333333,119.3333333,131.3333333,79.33333333,243,251,76.33333333,118,67,57.33333333,139,41.66666667,180.6666667,40.33333333,106,50.66666667,59
45.75,87.33333333,245,207.3333333,55,248.3333333,178.3333333,153.3333333,191,32,134,183.3333333,67.33333333,33.33333333,66.33333333,226,58.33333333,58.66666667,233,45.33333333,147.3333333,82,54.66666667,220.3333333,137.3333333,91.33333333,43,198.3333333,128.6666667,92.33333333,229.3333333,185.3333333,243.3333333,206,118.3333333,71.33333333,72,135.3333333,50.33333333,228,109.6666667,140,89.33333333,152,56.66666667,208,176.3333333,84.66666667,99,235,49,70.33333333,88.33333333,217.3333333,59.33333333,84.33333333,66.33333333,62.66666667,210.6666667,93,190.3333333,120,166.6666667,102.3333333,66.66666667,219.6666667,215.6666667,238.3333333,71.33333333,50.66666667,60,225.6666667,116.3333333,140.6666667,65,155.3333333,200,150,231.3333333,110.3333333,55.66666667,121,131.6666667,80,246.3333333,248.3333333,76,117.6666667,66,56.33333333,138.6666667,45.33333333,183.6666667,42.33333333,105.6666667,48.66666667,58
46,87.33333333,245.3333333,207.6666667,53.33333333,248,180.3333333,151.3333333,193.3333333,32.33333333,135,183.3333333,69.33333333,32.33333333,65.66666667,224.6666667,60.33333333,58.33333333,235,43.66666667,146.3333333,80.33333333,55.33333333,224.3333333,139,88.66666667,43,202.3333333,130,93.66666667,229.6666667,185.6666667,242.6666667,207,121.6666667,73.66666667,73,135.3333333,51.33333333,228,110.3333333,141,91.33333333,153,58,212.6666667,175.3333333,85,101.3333333,235,51,67.33333333,89.33333333,220,62,87,66.66666667,62,213.3333333,96,189.6666667,117.6666667,169.3333333,97.33333333,69,222.3333333,219.3333333,241.3333333,71.33333333,52,58.33333333,228.3333333,122,140.6666667,64,160.6666667,202.3333333,153,232,108.3333333,57,120.6666667,135,80.66666667,245.3333333,249,78.33333333,120.3333333,67,56.33333333,137.6666667,44.33333333,186.3333333,44,106,52,57.33333333
46.25,86,245,204.3333333,48.66666667,251,176.3333333,151.6666667,193,31,121,185.3333333,65.66666667,30,60.66666667,224.6666667,58,61,233,43.33333333,149.3333333,85,56.66666667,220.6666667,141,90.66666667,46.66666667,199.3333333,130.3333333,93.33333333,231,192.6666667,239.3333333,208.6666667,114,73.66666667,72.33333333,133.3333333,48,228,115,141,96.66666667,150.6666667,56,208.3333333,189,83,102.6666667,227.6666667,49,67.33333333,88.66666667,221,62.66666667,86.66666667,63.33333333,63.66666667,213.3333333,93,191.3333333,114,168.3333333,95.66666667,61.66666667,219.3333333,221,241,75.33333333,49.33333333,59.33333333,232,117,136.3333333,61,154.6666667,198.3333333,149.6666667,230.3333333,110.3333333,54.33333333,121.3333333,130.6666667,80,250,250.3333333,75.33333333,111.6666667,68,55,135.3333333,44,184,40.33333333,109.3333333,49.33333333,55.33333333
46.5,87.33333333,245.3333333,206.6666667,49.33333333,252.6666667,184.3333333,155,191.3333333,32,125,187.3333333,66.33333333,29.66666667,61,228,58.66666667,62.33333333,231.6666667,46.66666667,149.3333333,81.66666667,57.66666667,220.6666667,141,90.33333333,45,202,130.6666667,94.66666667,230,190,241,209,120.6666667,75.33333333,73.66666667,137,47.33333333,228.3333333,109,143,95,152,56.33333333,210.6666667,189.6666667,86.66666667,105.6666667,227.3333333,49,72.33333333,86,221.3333333,62,86,62.66666667,61.66666667,213.6666667,97,190.3333333,115.6666667,173,99.33333333,63.66666667,220.3333333,221.6666667,240,72,44,59.66666667,228.3333333,119.6666667,137,57.66666667,156,197.6666667,153.6666667,232.3333333,112,55,123.3333333,130.6666667,80.66666667,247,250.6666667,76.66666667,114.3333333,65.66666667,56.33333333,138.3333333,45,186.3333333,41.66666667,110.3333333,47,55.33333333
46.75,85,243.6666667,207,51.33333333,255.3333333,184.6666667,155.3333333,194.3333333,30.66666667,126.6666667,191,68.33333333,30.33333333,62,227.3333333,60.33333333,59.66666667,231.6666667,45,145.6666667,81.66666667,54,220.3333333,140.3333333,91.66666667,44.33333333,203.6666667,130.3333333,92,229.6666667,193.6666667,239.6666667,205,121,72.66666667,70,136.3333333,47.66666667,228.3333333,107.3333333,145.3333333,94.66666667,151.3333333,52.66666667,210.6666667,189.6666667,83.33333333,108.6666667,228,48.66666667,69.33333333,84.33333333,222.6666667,63.33333333,88,60,59.66666667,211,95,190.3333333,118,171.6666667,97.33333333,64.66666667,222.3333333,219.6666667,239.6666667,75,43,60.33333333,231.6666667,120.6666667,140.6666667,60,156,198.6666667,155,231.6666667,113,55.33333333,123,131.3333333,78.33333333,249.6666667,251.6666667,73,115.3333333,68.66666667,53.33333333,136.6666667,46,191,39.66666667,107.3333333,46.66666667,59.33333333
47,82.66666667,247,210.6666667,52,252.6666667,183.6666667,155.6666667,198.6666667,31,138.3333333,187.3333333,66.66666667,30.33333333,64.66666667,228.3333333,62,58.66666667,237,42,150.6666667,82.66666667,56.33333333,223.6666667,142,86.66666667,43.66666667,207,131.6666667,97.33333333,234,193,244.3333333,209.6666667,128.3333333,71.66666667,73.33333333,138.3333333,52.66666667,231.6666667,112,142.6666667,94.66666667,156.6666667,57,214.6666667,184.6666667,87.33333333,101,237.6666667,51.33333333,69.66666667,89,224.3333333,60.66666667,88.66666667,65.66666667,62.66666667,216.6666667,101,192.6666667,117.6666667,171,101.3333333,69.33333333,226,226.6666667,240.3333333,75.66666667,51.33333333,62,229.3333333,122,138,63,166.3333333,206.6666667,158.3333333,234.6666667,110.6666667,55.66666667,123,139,81,247.3333333,251.6666667,79.33333333,120.3333333,67.33333333,57.33333333,136,45.66666667,192.3333333,43,109,50,59.66666667
47.25,82.66666667,247.6666667,211.6666667,54.66666667,251.6666667,188.3333333,154.6666667,198,29,138.3333333,187,64.33333333,27.66666667,64.33333333,228.3333333,61.66666667,58.66666667,238,44,148,81,56,223.3333333,141.6666667,91,44.66666667,205.3333333,130,94.33333333,234,192.3333333,245.6666667,209,125.3333333,71,71.66666667,134.3333333,51,228.6666667,110,143.3333333,91.33333333,153,55.33333333,211.6666667,182.6666667,83.66666667,99.66666667,238.3333333,49.66666667,69,89,221.6666667,60,83.66666667,67.33333333,61.33333333,216,99.66666667,190,117.6666667,168.3333333,99.33333333,68,224,226.3333333,241,72.33333333,51.33333333,62.33333333,230.3333333,119.3333333,138.6666667,64.66666667,164,208.3333333,158.3333333,233.6666667,110,58.33333333,117.6666667,138.6666667,82,246.3333333,250.6666667,80,119.6666667,63.33333333,55.66666667,134.6666667,43,190.6666667,41.66666667,107,48.33333333,57.33333333
47.5,85,248.6666667,215,60.33333333,251.6666667,191,156.3333333,200.6666667,31.33333333,142.3333333,190,69.33333333,36,67.66666667,230,59.66666667,60.66666667,240.6666667,44.33333333,148.6666667,83,56,228.3333333,144.3333333,90.33333333,45,210,131.6666667,97.66666667,233.6666667,192.3333333,244,214,134,72.33333333,72.33333333,136.6666667,53,233.6666667,109.6666667,142.3333333,92,159.3333333,57.33333333,213.6666667,175.6666667,83.33333333,97.33333333,244.3333333,53.33333333,69,90.66666667,218.6666667,61.66666667,82,70.33333333,61,217.6666667,100.3333333,193.6666667,120,174.3333333,102.3333333,69,227.3333333,226.6666667,241,69.33333333,54.33333333,56.66666667,229,127.3333333,140.3333333,68.66666667,165.6666667,210.3333333,164,234.6666667,111.6666667,54.33333333,118.6666667,145.6666667,83.33333333,247,250.3333333,81,123.6666667,65,56.33333333,139.3333333,41.66666667,189,45.33333333,107,52.66666667,62