Hour,A1_Negative_Control,A2_L-Arabinose,A3_N-Acetyl-D_Glucosamine,A4_D-Saccharic_Acid,A5_Succinic_Acid,A6_D-Galactose,A7_L-Aspartic_Acid,A8_L-Proline,A9_D-Alanine,A10_D-Trehalose,A11_D-Mannose,A12_Dulcitol,B1_D-Serine,B2_D-Sorbitol,B3_Glycerol,B4_L-Fucose,B5_D-Glucuronic_Acid,B6_D-Gluconic_Acid,B7_D-L-a-Glycerol_Phosphate,B8_D-Xylose,B9_L-Lactic_Acid,B10_Formic_Acid,B11_D-Mannitol,B12_L-Glutamic_Acid,C1_D-Glucose-6-Phosphate,C2_D-GalactonicAcid-g-Lactone,C3_D-L-Malic_Acid,C4_D-Ribose,C5_Tween_20,C6_L-Rhamnose,C7_D-Fructose,C8_Acetic_Acid,C9_a-D-Glucose,C10_Maltose,C11_D-Melibiose,C12_Thymidine,D-1_L-Asparagine,D2_D-Aspartic_Acid,D3_D-Glucosaminic_Acid,D4_1-2-Propanediol,D5_Tween_40,D6_a-Keto-Glutaric_Acid,D7_a-Keto-Butyric_Acid,D8_a-Methyl-D_Galactoside,D9_a-D-Lactose,D10_Lactulose,D11_Sucrose,D12_Uridine,E1_L-Glutamine,E2_m-Tartaric_Acid,E3_D-Glucose-1-Phosphate,E4_D-Fructose-6-Phosphate,E5_Tween_80,E6_a-Hydroxy_Glutaric_Acid-g_Lactone,E7_a-Hydroxy_Butyric_Acid,E8_B-Methyl-D_Glucoside,E9_Adonitol,E10_Maltotriose,E11_2-DeoxyAdenosine,E12_Adenosine,F1_Glycyl-L-Aspartic_Acid,F2_Citric_Acid,F3_myo-Inositol,F4_D-Threonine,F5_Fumaric_Acid,F6_Bromo_Succinic_Acid,F7_Propionic_Acid,F8_Mucic_Acid,F9_Glycolic_Acid,F10_Glyoxylic_Acid,F11_D-Cellobiose,F12_Inosine,G1_Glycyl-L-Glutamic_Acid,G2_Tricarballylic_Acid,G3_L-Serine,G4_L-Threonine,G5_L-Alanine,G6_L-Alanyl-Glycine,G7_Acetoacetic_Acid,G8_N-Acetyl-B-D_Mannosamine,G9_Mono_Methyl_Succinate,G10_Methyl_Pyruvate,G11_D-Malic_Acid,G12_L-Malic_Acid,H1_Glycyl-L-Proline,H2_p-Hydroxy_Phenyl_AceticAcid,H3_m-Hydroxy_Phenyl_AceticAcid,H4_Tyramine,H5_D-Psicose,H6_L-Lyxose,H7_Glucuronamide,H8_Pyruvic_Acid,H9_L-Galactonic_Acid-g-Lactone,H10_D-GalacturonicAcid,H11_Phenylethylamine,H12_2-Aminoethanol
0,29,68,19,20,16,23,20,18,21,25,23,22,27,16,14,12,11,12,11,65,12,13,16,29,26,18,13,59,12,11,11,14,13,17,20,24,16,15,11,11,11,12,11,11,11,11,11,20,28,13,11,12,11,11,11,11,11,11,13,23,29,11,11,11,14,11,11,11,11,14,18,23,32,11,11,14,11,11,11,11,11,18,12,16,22,13,11,11,11,74,11,11,11,13,16,21
0.25,28,72,21,14,15,23,20,18,19,19,23,27,23,17,16,12,15,14,11,73,16,15,22,24,26,14,13,68,12,11,13,14,13,14,17,20,13,18,11,11,11,11,11,11,11,13,13,22,20,11,14,16,11,11,11,11,11,11,11,21,25,13,16,11,11,11,11,11,11,11,14,21,29,11,11,11,11,11,11,11,11,13,15,12,22,11,11,12,13,77,11,11,11,12,11,18
0.5,28,72,14,16,16,25,18,15,17,19,19,21,24,14,12,12,11,12,11,68,14,11,15,20,21,20,12,68,11,11,11,15,11,13,14,16,14,15,11,11,11,11,11,11,11,11,11,23,19,14,11,15,11,11,11,11,11,11,11,17,22,11,11,13,11,11,11,11,11,11,11,17,29,11,11,14,15,11,11,11,11,11,13,11,20,14,11,11,11,80,11,11,11,11,11,17
0.75,29,79,19,16,16,24,15,17,15,16,21,23,26,14,13,12,13,11,11,75,12,15,16,25,24,17,12,71,11,11,11,14,16,14,11,19,13,17,11,11,11,11,11,11,11,13,11,18,20,12,11,17,11,11,11,11,11,11,13,18,24,11,11,11,11,11,11,12,11,11,14,20,28,11,11,14,11,11,11,11,11,14,14,12,20,11,11,14,11,86,11,11,11,11,14,15
1,30,77,13,17,13,21,21,15,16,22,17,19,25,15,14,11,11,12,11,77,14,11,18,23,20,16,14,78,11,11,11,19,11,13,14,21,13,14,11,11,11,11,11,11,11,11,11,16,22,11,11,14,11,11,11,11,11,11,11,19,22,11,11,11,11,11,11,11,11,11,11,19,22,12,11,13,18,11,11,11,11,11,11,11,17,11,11,11,11,86,11,11,11,11,11,19
1.25,28,78,20,19,16,23,18,15,14,19,20,22,25,17,11,11,13,11,11,76,15,11,14,23,20,20,11,77,11,11,11,15,11,11,14,23,13,17,11,11,11,11,11,11,11,11,11,20,19,11,11,16,11,11,11,11,11,11,11,12,22,11,11,12,11,11,11,11,11,11,11,18,23,11,11,14,17,11,11,11,11,13,11,11,18,11,13,14,11,86,11,11,11,11,11,13
1.5,31,77,16,18,13,27,16,13,16,21,19,21,26,13,16,11,11,12,11,78,11,12,16,20,20,18,14,83,11,13,11,17,11,12,12,18,14,18,11,11,11,11,11,11,11,17,12,20,17,13,11,19,11,11,11,11,11,11,11,16,22,11,11,11,11,11,11,11,11,11,11,24,28,11,11,13,17,11,11,11,11,11,11,11,16,11,11,11,11,87,11,11,11,11,11,12
1.75,32,82,14,14,16,22,15,16,16,15,20,24,25,14,12,11,11,11,11,78,11,11,14,23,17,19,16,79,11,11,11,18,11,13,15,20,15,17,11,11,11,11,11,11,12,13,11,20,20,11,11,11,11,11,11,11,11,11,11,18,26,11,11,11,11,11,11,11,11,11,11,21,19,11,11,13,16,11,11,11,11,13,11,11,19,17,11,11,11,91,11,13,11,11,11,13
2,32,82,14,15,15,25,14,19,19,19,22,24,25,15,13,14,12,16,11,79,11,11,21,25,20,17,11,80,11,11,11,18,11,15,19,21,15,20,11,11,11,11,11,11,12,11,11,18,17,11,11,15,11,11,11,11,11,11,11,19,27,11,14,14,11,11,11,11,11,11,11,25,25,11,11,17,18,11,11,11,11,13,12,11,22,12,14,11,11,90,11,11,11,11,11,15
2.25,31,80,13,14,15,24,12,13,17,17,22,26,24,18,14,12,11,12,11,84,11,12,21,23,18,19,15,86,11,11,12,17,13,12,17,22,15,23,11,12,11,11,11,11,12,11,11,20,19,11,11,17,11,11,11,11,11,11,11,17,25,11,11,14,11,11,11,11,11,11,11,22,23,11,11,15,18,11,11,11,11,13,11,11,16,11,14,11,12,91,11,11,11,11,11,16
2.5,32,89,17,18,21,25,18,15,20,18,19,23,24,11,13,11,12,13,11,81,13,13,17,24,19,21,16,87,11,11,11,18,14,16,16,17,14,22,11,11,11,11,11,11,11,13,11,20,14,11,11,16,11,11,11,11,11,11,12,18,32,11,14,11,11,11,11,11,11,11,11,25,27,11,11,16,18,11,11,11,11,15,12,11,19,12,11,11,11,91,11,11,11,11,11,15
2.75,31,86,14,16,19,23,16,16,16,15,20,22,24,12,14,12,11,14,11,78,11,11,14,20,13,23,13,84,11,11,11,16,12,16,12,19,15,21,11,11,11,11,11,11,11,14,12,19,16,11,11,12,11,11,11,11,11,11,12,17,28,11,16,11,11,11,11,11,11,11,11,22,25,11,11,13,17,11,11,11,11,14,11,11,20,12,11,11,11,91,11,11,11,11,11,14
3,34,86,12,12,16,27,16,17,17,19,20,21,22,19,15,11,12,11,11,82,14,12,15,23,23,18,12,87,11,11,11,15,13,11,14,21,15,24,11,11,11,11,11,11,11,14,11,21,22,11,11,14,11,11,11,11,11,11,13,19,31,11,12,11,11,11,11,11,11,11,13,25,25,11,11,15,22,11,11,11,11,16,11,12,18,13,11,11,11,91,11,11,11,11,11,13
3.25,35,84,14,14,23,29,15,20,13,15,20,24,24,18,17,13,16,16,11,86,16,13,20,25,24,24,12,89,11,15,16,24,14,17,18,21,16,24,11,14,16,11,11,11,11,13,11,25,20,11,13,13,11,11,11,11,11,11,14,22,30,11,19,11,11,11,11,11,11,13,12,27,29,15,11,19,22,11,11,11,11,20,12,13,19,14,13,11,11,94,11,11,11,11,11,15
3.5,38,85,18,18,19,33,18,19,19,17,21,28,25,18,11,12,12,16,11,83,11,15,16,24,25,23,13,89,13,11,13,21,11,11,16,21,16,24,11,11,11,11,11,11,11,12,11,19,17,11,11,11,11,11,11,11,11,11,13,15,33,11,13,11,11,11,11,13,11,11,11,19,33,12,11,18,19,11,11,11,11,16,11,12,19,11,15,11,11,93,11,11,11,11,11,13
3.75,39,83,16,18,20,32,16,18,13,11,15,24,23,11,14,11,15,11,11,86,11,11,17,18,19,21,18,93,11,11,12,23,11,17,15,20,17,28,11,11,11,11,11,11,12,12,11,21,18,11,11,13,11,11,11,11,11,11,11,13,32,11,14,12,11,11,11,11,11,11,11,26,24,11,11,17,22,11,11,11,11,11,11,11,19,13,13,11,11,95,11,11,11,11,11,17
4,35,87,12,16,20,30,16,11,19,17,18,24,29,17,12,13,11,16,11,85,12,11,17,25,20,24,11,87,11,11,13,27,11,14,19,25,21,25,11,11,11,11,11,11,11,17,11,24,20,13,12,11,11,11,11,11,11,11,13,21,33,11,17,13,11,11,11,12,11,11,11,30,28,13,11,19,25,11,11,11,11,17,11,11,24,13,17,11,11,93,12,11,11,11,11,14
4.25,41,84,11,11,24,34,18,16,14,14,21,25,24,15,19,11,12,13,11,85,11,16,14,20,16,20,18,86,12,13,11,31,13,11,15,21,17,28,11,11,11,12,11,11,11,14,11,21,21,11,13,17,11,11,11,11,11,11,11,17,35,11,18,11,11,11,11,11,11,11,11,24,31,12,11,20,21,11,11,11,11,17,12,11,20,17,13,11,11,97,11,11,11,11,11,18
4.5,36,83,17,17,23,36,15,15,14,14,16,20,26,18,12,14,14,17,11,85,12,14,14,24,23,28,18,87,11,11,18,29,12,11,14,21,20,30,11,11,11,11,11,11,11,14,11,18,20,11,11,13,11,11,11,11,11,11,14,17,36,11,19,11,11,11,11,11,11,12,11,21,31,13,11,23,29,12,11,11,11,17,14,11,18,16,20,11,11,98,11,11,11,11,11,15
4.75,39,83,19,16,25,31,16,17,15,20,20,20,24,18,16,14,11,16,11,88,12,11,14,22,22,27,18,89,11,11,18,34,13,16,16,22,21,32,11,12,11,12,11,11,11,17,11,17,26,11,11,16,11,11,13,11,11,11,14,16,40,11,19,11,11,11,11,12,11,11,12,26,31,14,11,26,28,11,11,11,11,18,12,11,19,18,22,11,11,97,11,11,11,11,11,15
5,44,87,14,16,27,42,16,17,20,17,22,27,26,17,18,11,14,18,11,84,12,14,13,23,21,29,17,90,11,11,18,34,12,13,19,19,17,32,11,11,11,11,11,11,11,17,11,16,22,11,12,14,11,11,11,11,11,11,15,15,40,11,21,11,11,11,11,12,11,12,11,29,35,15,11,25,26,12,11,11,11,20,11,11,18,21,21,11,11,97,11,11,11,11,11,15
5.25,38,90,14,18,22,41,18,13,15,18,17,23,24,14,14,12,13,21,11,82,11,16,14,21,23,31,16,87,11,11,12,35,11,12,18,19,17,32,12,11,11,11,11,11,15,15,11,21,25,11,16,17,11,11,11,11,11,11,17,19,42,11,20,11,11,11,11,13,11,14,11,24,40,12,11,25,25,15,11,11,11,18,11,11,24,20,20,14,11,94,11,11,11,11,11,17
5.5,41,88,16,16,25,42,18,17,14,19,20,24,28,17,16,11,12,19,11,87,11,11,14,22,28,31,18,94,11,11,15,37,14,17,19,21,21,30,14,12,11,14,11,11,11,19,12,20,24,11,17,15,11,11,11,11,11,11,20,17,44,13,25,11,11,11,11,15,11,11,11,26,37,13,11,24,32,12,11,11,11,22,11,11,22,17,26,11,11,98,11,11,11,11,11,16
5.75,48,86,15,17,32,43,19,19,13,14,19,24,25,14,18,11,14,18,11,85,13,13,17,21,26,31,21,91,11,11,19,40,13,18,18,25,24,32,15,14,11,19,11,11,11,21,11,17,29,11,17,21,11,11,13,11,11,11,18,20,44,11,25,11,11,11,11,14,12,11,11,25,37,13,11,32,31,11,11,11,11,26,11,13,24,19,22,13,11,97,11,12,11,11,12,16
6,46,88,18,17,33,42,20,18,13,15,19,27,26,16,18,11,15,22,11,87,11,13,18,22,26,31,20,92,11,13,20,42,15,15,18,26,24,32,16,11,11,15,11,11,11,18,11,17,31,11,18,15,12,11,13,11,11,11,15,19,46,11,28,11,11,11,11,18,11,11,11,32,41,14,13,30,36,14,11,11,11,26,11,11,20,20,26,12,11,98,11,16,11,11,12,13
6.25,45,88,16,19,32,46,25,15,15,14,21,27,26,19,22,15,14,19,11,84,11,18,17,22,28,29,19,89,11,11,20,47,11,15,20,20,20,33,12,13,11,11,11,11,14,21,12,18,26,11,16,14,11,11,13,11,11,11,16,17,49,11,27,11,11,11,11,20,11,15,13,26,47,14,11,32,30,18,11,11,11,26,12,13,22,25,19,11,11,93,11,13,11,13,11,21
6.5,45,91,14,16,32,49,25,17,14,15,17,28,24,16,20,11,14,25,11,83,11,17,18,19,29,33,20,89,12,11,18,49,11,12,19,20,21,31,17,11,11,12,11,11,11,20,12,21,35,11,21,18,11,11,11,11,11,11,14,18,52,11,29,11,11,11,11,16,11,16,14,29,42,18,12,33,34,17,11,13,11,21,11,16,24,28,23,11,11,98,11,13,11,11,11,17
6.75,46,88,22,16,35,50,27,14,18,20,24,35,25,20,25,13,17,24,11,89,11,18,19,29,33,35,24,91,14,13,19,56,13,18,21,24,23,38,14,11,14,19,11,16,19,24,15,24,32,11,23,19,11,12,12,11,11,11,16,21,55,17,32,12,13,11,11,22,11,15,15,31,47,19,14,36,35,18,11,17,11,31,15,13,24,25,28,12,11,101,12,14,11,18,16,18
7,47,89,15,18,31,50,27,19,14,15,18,31,22,21,18,11,15,27,11,86,11,16,18,25,32,32,21,89,11,12,18,54,13,14,22,25,22,33,17,11,11,17,11,11,17,28,14,18,37,11,21,18,11,11,11,11,11,11,19,16,57,11,26,11,13,11,11,21,11,16,15,30,48,14,13,35,35,18,11,13,11,30,11,11,26,29,22,11,11,99,11,13,11,16,13,18
7.25,48,92,22,22,33,56,31,18,15,16,26,30,22,19,22,13,19,27,11,88,14,20,19,25,39,36,27,91,14,13,26,62,18,19,24,27,23,35,18,14,12,18,12,11,19,28,14,24,41,12,23,21,11,11,14,11,11,11,24,18,58,11,33,11,11,12,11,22,14,22,19,28,52,23,12,45,39,25,11,19,12,30,19,13,32,35,25,14,11,101,11,18,11,20,13,20
7.5,53,93,18,15,32,55,29,18,16,17,17,32,26,23,20,11,17,26,11,85,12,17,22,27,32,32,23,90,14,15,24,63,11,15,24,24,28,34,18,18,11,21,11,12,19,31,11,21,34,13,17,23,12,11,14,11,11,11,20,18,57,15,33,11,18,11,11,22,13,16,14,31,51,22,11,46,35,18,11,18,11,32,15,14,30,40,21,11,11,98,11,15,11,17,14,22
7.75,52,95,16,17,34,52,32,12,16,20,21,30,25,23,22,11,14,28,11,85,14,20,18,24,31,37,23,94,11,16,23,65,15,24,29,28,27,35,17,17,11,19,11,12,20,34,15,23,45,11,24,22,11,11,20,11,11,11,20,20,62,12,33,12,16,11,13,27,11,19,17,32,51,22,18,42,38,20,11,15,14,33,14,13,25,38,25,11,11,97,11,18,11,18,11,18
8,49,97,22,27,36,56,40,23,17,18,22,31,28,24,18,11,20,36,11,88,15,27,18,27,40,39,26,91,13,16,26,73,17,20,30,27,26,31,17,19,13,20,11,13,23,32,17,27,43,12,27,24,11,11,16,11,12,11,26,24,56,18,37,15,16,11,11,29,20,25,19,25,61,25,19,50,34,29,11,22,14,34,17,18,39,43,19,11,12,102,11,14,11,26,17,23
8.25,55,92,18,18,38,60,35,18,15,15,17,31,22,22,25,11,16,27,11,88,14,23,20,22,36,37,25,93,11,16,27,73,16,20,28,28,28,35,13,18,16,19,11,18,22,34,15,25,40,11,25,28,11,12,14,11,11,11,20,21,56,11,35,11,20,11,11,34,11,27,19,32,59,26,16,48,35,26,11,23,13,32,18,16,36,45,25,13,11,103,11,20,11,28,18,26
8.5,56,92,17,18,42,58,34,16,17,19,18,30,19,21,25,12,16,25,11,90,13,18,17,24,33,33,25,92,11,16,27,74,19,22,30,30,30,35,14,18,16,24,11,19,26,35,12,25,38,13,22,27,14,11,17,11,11,11,18,21,61,13,34,11,21,11,12,36,17,23,16,34,59,24,16,52,36,26,11,20,15,37,15,11,36,43,28,11,11,103,11,17,11,28,16,22
8.75,62,94,21,19,43,62,36,17,19,19,21,38,26,22,28,15,18,28,11,89,16,16,19,26,36,36,29,95,15,19,32,75,16,26,31,34,32,36,20,21,15,23,12,14,24,34,13,25,46,12,25,25,11,12,23,11,11,11,17,19,69,20,39,11,21,11,15,33,18,22,15,42,60,23,18,49,44,29,11,20,16,36,14,13,28,40,36,11,11,97,11,20,11,25,15,22
9,58,97,26,19,38,66,36,20,17,20,16,31,18,27,23,11,22,33,11,87,12,22,17,30,41,38,31,94,14,21,31,81,21,24,32,30,27,31,19,22,13,29,11,17,27,44,11,21,43,11,29,30,12,13,19,11,12,11,25,26,65,15,35,12,23,11,13,39,19,22,21,35,68,25,21,58,37,26,11,24,16,45,14,14,35,45,30,11,11,98,11,16,11,24,17,24
9.25,60,101,22,21,43,63,33,21,19,20,16,35,24,24,24,18,24,28,12,91,15,23,19,28,40,34,31,94,13,18,30,85,17,25,35,31,31,35,16,19,13,31,11,19,28,45,18,25,43,14,30,31,19,11,23,11,13,12,28,23,68,15,38,11,25,11,15,40,23,19,17,37,66,28,22,60,38,30,12,21,23,47,20,18,35,47,32,13,11,100,11,23,11,29,15,25
9.5,60,98,20,20,51,74,41,20,18,24,20,38,26,25,35,22,19,35,15,88,15,22,14,25,39,41,31,95,15,22,34,87,21,27,32,31,36,38,24,22,14,27,16,20,29,39,17,26,48,12,28,32,16,18,26,11,11,12,26,24,75,21,42,11,24,13,19,36,22,29,21,37,69,31,22,59,49,34,18,31,19,36,17,20,37,50,38,11,11,100,11,26,12,29,16,29
9.75,54,104,30,21,40,79,41,21,12,21,18,36,22,25,30,12,25,35,14,84,16,28,18,28,45,43,31,90,12,17,34,92,18,25,31,29,30,33,20,22,13,27,13,24,33,45,19,28,51,11,39,33,11,15,24,11,14,11,28,23,71,19,37,16,24,13,19,39,18,30,21,32,73,32,20,59,40,38,16,33,18,37,20,17,40,49,30,13,11,97,11,25,12,26,17,27
10,60,97,20,22,49,71,40,23,20,23,20,35,25,26,28,17,21,32,12,87,14,23,17,27,43,42,32,90,13,19,33,89,21,31,31,32,31,36,24,19,11,30,13,17,32,41,19,26,50,13,34,30,20,13,25,11,12,11,26,22,73,25,44,12,26,13,21,41,17,21,20,40,73,26,21,60,45,35,20,27,24,41,19,19,40,52,36,14,11,106,11,24,11,28,14,26
10.25,57,102,23,26,52,74,39,21,17,22,19,35,29,33,32,20,25,39,16,88,14,26,19,31,47,48,32,95,15,23,37,93,25,29,34,36,30,36,25,27,12,29,18,22,37,49,18,31,53,15,36,36,23,15,26,11,16,12,29,26,74,21,44,11,29,16,18,45,21,29,26,39,75,30,19,67,49,38,19,33,25,46,19,18,45,54,36,13,12,103,11,30,11,34,19,30
10.5,57,105,27,27,51,82,43,23,17,21,19,37,25,26,37,16,24,43,17,88,11,31,23,31,50,47,31,93,16,24,35,99,24,28,33,32,32,38,26,21,18,25,13,25,30,54,18,29,58,11,37,40,18,17,26,12,14,13,27,28,82,21,48,13,28,15,18,41,25,29,24,35,74,33,21,71,50,45,27,32,23,42,18,19,49,55,41,11,12,98,11,32,16,31,16,32
10.75,61,100,27,25,51,86,43,18,21,25,20,38,22,26,32,20,21,38,14,88,16,30,21,31,45,44,31,96,12,20,34,98,21,33,39,40,34,38,26,23,22,35,18,23,37,46,19,30,60,11,37,41,24,23,37,14,22,11,26,28,83,23,47,14,24,13,23,42,21,29,27,47,79,32,24,65,53,39,27,32,25,43,18,16,44,53,46,12,11,102,11,29,13,29,17,30
11,58,103,25,23,57,83,41,21,17,26,22,39,23,28,37,20,26,38,20,87,16,29,23,30,47,47,29,91,11,27,36,105,22,33,32,38,36,31,27,22,17,29,17,26,38,44,20,30,61,11,37,36,25,18,32,11,21,12,24,27,83,24,50,13,31,13,23,44,22,25,29,46,76,31,23,67,51,43,28,33,28,47,18,20,42,63,48,14,11,103,11,27,13,30,14,33
11.25,63,112,33,28,53,87,49,27,18,23,24,40,21,28,37,22,28,47,21,87,13,34,22,34,50,47,31,93,16,29,43,114,28,28,38,35,33,33,28,28,16,34,18,30,42,52,21,35,59,13,42,44,23,17,30,12,17,12,30,29,82,25,49,12,31,15,18,49,24,35,28,41,87,36,19,75,47,50,33,42,27,44,20,26,50,63,36,11,12,102,11,29,11,40,18,37
11.5,62,108,30,25,56,90,40,28,18,26,23,41,24,31,43,24,27,48,22,86,19,33,20,34,51,47,33,95,18,30,41,110,28,34,38,38,39,34,33,28,19,32,26,29,41,49,20,36,64,15,40,42,25,17,30,14,17,12,26,32,85,32,52,16,29,16,24,47,25,31,27,46,83,33,25,70,57,49,35,43,29,44,19,24,48,61,47,13,11,98,11,33,11,35,18,36
11.75,69,107,32,30,61,85,49,28,16,29,23,43,29,37,39,25,31,48,24,87,26,28,29,32,54,47,37,95,14,33,48,115,30,37,40,39,34,41,26,30,22,39,24,30,47,56,23,38,63,14,42,50,21,26,42,20,24,11,31,38,84,27,51,15,36,17,21,55,28,33,35,47,88,40,30,77,52,51,37,35,33,51,23,29,54,67,40,17,11,106,13,32,17,44,17,42
12,64,111,36,26,66,89,48,26,23,31,29,45,31,33,40,29,27,49,22,92,21,32,31,32,54,47,38,94,19,34,50,117,34,41,42,47,41,40,36,35,27,43,28,28,45,58,31,36,64,20,43,47,33,30,39,22,26,18,34,37,89,30,53,17,39,20,33,53,28,32,35,51,84,36,27,73,57,50,39,41,40,58,21,25,52,67,52,21,13,104,17,38,16,41,19,42
12.25,66,113,46,32,66,93,54,28,21,28,24,43,31,32,40,25,32,51,21,91,23,38,28,31,54,52,37,98,21,33,46,121,32,33,42,35,41,38,35,34,25,37,25,37,47,61,29,38,68,17,50,52,31,25,30,17,26,15,35,36,88,26,51,18,37,19,25,51,29,42,36,38,90,41,28,79,51,61,46,44,37,45,23,29,58,73,48,18,14,107,12,37,20,38,18,40
12.5,66,109,34,30,65,93,47,29,19,29,23,43,25,32,46,29,31,48,28,87,20,30,27,34,49,51,35,93,17,35,48,122,36,41,41,42,40,37,34,27,25,36,26,30,44,53,25,40,68,11,44,45,28,26,35,20,23,13,30,34,93,33,59,14,33,18,31,48,28,37,35,46,83,33,24,73,54,53,40,44,32,43,21,30,55,64,56,16,11,101,11,34,17,35,18,40
12.75,70,112,45,36,64,95,56,23,22,32,29,43,28,35,44,26,39,54,25,96,23,40,28,37,62,53,39,94,21,39,53,124,38,37,45,41,40,37,29,31,26,43,24,37,52,60,31,42,72,18,52,57,32,27,39,23,29,12,40,37,93,39,51,18,44,20,30,54,30,41,39,41,96,40,28,80,58,63,51,53,39,53,21,31,68,72,46,19,15,106,15,38,18,45,19,47
13,71,117,44,35,66,92,56,26,14,32,30,45,25,39,44,28,37,53,28,94,25,34,31,35,57,53,42,96,19,42,55,122,38,44,49,46,48,34,37,42,23,47,30,29,55,64,30,43,70,18,48,57,33,34,42,27,30,19,36,39,96,33,55,16,48,22,31,58,32,34,34,53,93,37,27,81,54,58,55,43,48,64,22,35,64,74,45,21,13,107,11,39,21,48,19,46
13.25,69,119,48,38,71,98,58,31,21,34,31,50,25,40,45,27,38,59,30,90,20,43,30,38,63,53,45,97,18,40,52,129,38,37,46,40,42,35,37,37,27,41,28,35,54,62,36,44,77,13,49,60,37,31,39,23,30,17,42,41,95,39,57,18,45,21,30,56,36,43,42,46,97,43,29,84,54,65,56,48,44,57,24,37,71,78,48,22,14,107,12,39,20,44,22,50
13.5,69,116,41,38,73,105,57,29,23,32,34,45,25,34,46,30,35,58,24,95,21,37,33,38,64,51,44,96,24,47,55,131,40,36,47,43,48,36,37,36,26,47,30,37,49,58,39,46,74,16,53,56,34,34,40,27,28,16,40,44,101,39,59,15,49,22,35,55,29,46,41,50,98,40,28,80,60,69,56,53,45,51,23,35,67,81,54,20,14,108,17,35,22,40,19,49
13.75,69,118,44,34,75,105,57,30,21,37,29,47,24,39,55,33,38,60,28,91,27,34,33,44,58,53,41,97,18,47,59,133,37,38,45,46,45,39,39,32,31,39,28,37,48,59,37,48,76,15,50,57,38,33,42,26,30,17,35,44,101,42,61,18,44,22,31,55,31,44,42,52,92,47,30,77,65,69,61,47,48,59,23,37,65,77,58,18,13,105,18,38,16,39,22,51
14,68,119,51,40,72,98,60,25,20,37,27,49,28,40,43,28,36,58,29,96,25,39,34,43,63,50,41,92,20,42,57,131,43,40,47,40,45,32,38,41,30,45,28,39,57,66,34,45,76,13,54,61,34,33,40,22,34,15,37,42,96,38,55,16,49,22,31,57,29,42,42,47,104,44,30,87,56,67,61,53,52,62,24,37,74,80,49,19,12,104,11,40,19,43,22,52
14.25,73,124,52,37,78,98,59,34,22,35,29,45,30,43,46,35,37,62,29,96,30,37,36,40,62,48,46,99,20,48,66,135,43,45,50,45,47,33,39,41,29,51,38,39,62,73,38,50,76,15,54,67,40,31,46,33,37,17,42,51,102,44,53,20,52,29,35,65,37,43,45,54,104,37,33,90,53,68,65,52,56,66,26,42,73,81,53,22,19,107,18,37,26,48,24,54
14.5,73,124,55,40,80,104,63,36,28,35,32,52,25,41,52,39,42,68,30,93,29,40,39,47,64,56,47,97,25,51,65,138,48,43,48,41,44,38,42,38,33,48,31,45,60,69,37,51,83,18,60,60,38,34,43,32,33,18,44,46,104,42,59,20,49,24,37,59,33,44,46,50,104,48,32,84,62,68,70,53,57,62,23,42,78,81,62,23,18,106,17,42,25,44,25,54
14.75,68,119,52,39,83,103,60,36,26,39,31,48,26,41,58,37,36,66,31,94,29,36,39,46,59,54,49,98,23,50,63,139,49,43,47,51,42,41,45,37,34,51,31,40,59,67,34,50,82,19,57,57,40,33,45,32,38,19,41,51,109,49,59,18,49,23,44,58,37,44,45,59,99,45,33,80,62,72,71,50,63,64,24,43,71,76,66,26,14,106,19,41,25,42,23,51
15,73,126,57,39,83,106,59,37,25,35,35,50,27,42,56,35,43,66,34,92,29,39,37,47,64,56,45,102,23,54,65,139,51,42,46,45,49,41,46,37,36,48,34,44,61,70,36,55,84,18,57,66,41,37,47,36,43,24,39,50,109,44,63,18,52,25,43,61,38,45,48,53,100,45,32,86,64,76,77,51,62,61,27,44,77,76,62,23,17,111,17,44,26,42,21,51
15.25,70,129,62,42,80,106,60,32,21,37,30,47,26,39,51,39,43,64,28,91,30,38,37,39,64,53,47,96,21,54,68,144,50,38,54,47,43,35,47,41,38,52,33,41,64,74,36,54,81,20,59,67,41,33,45,36,47,20,44,55,105,44,61,20,52,27,36,65,33,41,50,53,104,44,30,84,60,73,78,48,61,68,26,43,81,82,57,19,18,107,20,43,25,48,20,57
15.5,73,129,63,43,86,104,61,35,22,39,32,47,32,43,50,37,45,68,31,99,31,43,38,46,67,59,52,96,20,55,70,142,50,41,49,47,46,35,44,39,34,53,36,46,66,70,43,50,89,15,56,72,42,34,45,35,45,23,45,55,109,47,65,19,53,23,38,65,35,48,50,54,109,47,32,87,58,76,81,49,68,68,28,46,83,82,57,23,19,106,15,44,25,47,22,60
15.75,78,134,66,42,95,106,58,41,25,41,38,52,31,46,60,41,47,74,37,94,37,44,50,48,64,54,56,97,27,59,76,147,54,50,55,56,48,41,48,48,38,60,41,48,75,76,50,57,82,23,55,75,48,44,54,44,48,23,49,62,112,54,66,23,57,31,50,67,37,44,57,64,110,48,37,90,63,80,86,49,74,77,29,48,85,79,62,26,23,107,21,45,27,57,28,61
16,77,133,71,43,90,112,66,38,25,44,35,52,29,43,62,44,41,73,35,96,34,44,45,48,66,60,54,100,31,66,73,146,54,46,52,47,45,42,50,44,41,52,34,49,71,74,46,56,89,20,60,74,48,42,52,42,46,24,49,64,112,50,67,23,54,30,50,62,37,55,59,59,106,46,35,87,67,82,90,52,76,65,32,49,90,79,60,32,18,113,25,45,24,51,23,60
16.25,72,132,69,40,94,109,62,39,25,45,41,52,31,43,63,45,45,79,39,99,41,42,54,51,66,62,51,99,25,67,77,150,58,49,57,53,53,41,52,39,42,57,40,49,72,78,45,57,86,14,59,72,52,41,55,46,52,26,48,68,119,59,68,22,62,35,56,65,37,51,57,63,106,46,34,89,67,81,91,54,83,71,31,51,89,83,66,23,24,110,19,46,27,51,24,59
16.5,77,137,71,43,94,111,62,40,19,45,38,54,33,50,64,44,42,79,35,99,37,42,54,53,64,57,57,101,28,69,79,151,60,47,53,52,50,38,49,46,42,62,37,50,73,78,47,60,84,19,58,78,53,40,54,46,53,28,49,69,118,60,65,22,58,37,47,65,38,49,58,59,113,51,36,92,63,88,95,51,79,72,31,54,92,84,58,25,29,111,21,46,26,51,22,62
16.75,77,137,76,43,94,116,66,43,26,43,44,56,25,47,65,39,46,82,38,99,39,45,53,48,71,56,49,99,25,65,81,151,62,46,54,56,49,42,50,50,45,55,39,50,79,82,44,67,87,15,66,77,51,40,56,50,55,31,53,67,114,57,68,22,65,31,50,63,42,54,62,57,113,51,33,92,63,83,101,54,83,70,27,57,94,78,58,28,29,110,21,45,26,52,26,63
17,76,138,78,46,101,116,66,46,27,44,45,51,26,46,66,46,47,81,35,99,41,42,54,54,71,56,57,101,26,65,79,154,59,46,57,50,45,43,52,50,45,59,38,47,77,84,46,61,86,14,65,79,53,45,53,50,56,31,49,73,119,62,73,20,64,36,54,64,36,48,61,59,113,45,37,89,68,88,105,53,86,75,31,56,95,79,62,30,26,107,24,44,27,52,28,62
17.25,77,134,69,41,107,118,61,47,26,50,43,50,28,50,74,53,39,77,35,100,40,36,60,55,60,54,56,101,30,74,84,154,60,54,52,61,54,44,54,51,45,64,44,49,80,77,52,65,87,20,58,80,56,48,60,55,57,31,45,73,119,71,73,23,64,40,69,65,37,47,61,68,105,46,33,85,73,86,101,50,92,74,29,53,86,77,73,29,23,108,20,45,26,44,29,65
17.5,79,138,73,43,110,110,63,43,25,52,43,51,28,49,68,49,43,76,38,99,38,39,59,53,61,54,61,100,27,72,84,152,60,51,55,58,55,41,48,55,42,69,39,51,81,83,49,63,82,18,56,84,56,45,58,51,62,31,55,73,110,59,69,22,67,40,57,67,38,48,61,61,111,43,33,89,63,86,101,47,92,79,32,56,98,75,58,31,26,107,19,48,27,52,26,65
17.75,82,138,73,40,109,112,63,44,29,51,46,57,29,54,72,51,50,83,39,95,46,43,64,55,62,52,67,98,31,76,87,157,63,54,57,64,54,44,55,54,44,67,42,52,80,82,50,67,81,21,57,82,60,47,60,50,59,31,51,79,113,64,71,25,71,41,62,67,37,50,66,68,112,46,34,90,64,84,103,50,96,81,29,59,102,74,62,30,29,109,21,46,24,51,26,61
18,75,144,85,47,105,120,64,48,23,47,50,51,28,50,69,50,49,87,38,93,43,48,60,51,67,57,60,98,29,78,88,156,69,46,53,55,48,38,55,50,44,61,42,57,83,88,56,65,88,21,59,82,57,44,55,51,60,34,56,77,113,58,71,22,71,40,56,63,36,54,67,60,115,50,33,87,60,89,109,54,92,72,30,58,106,74,59,29,28,110,23,43,28,49,24,64
18.25,77,147,84,42,109,116,72,47,27,48,46,51,29,54,72,52,50,84,41,96,46,46,58,52,66,56,60,100,28,76,90,156,64,54,60,59,50,43,56,55,45,68,46,52,87,88,52,65,88,20,55,81,60,48,60,48,66,35,55,81,113,61,71,22,71,44,59,68,39,42,72,68,115,48,38,90,61,94,111,55,95,82,32,62,101,80,55,32,31,107,23,48,26,53,28,68
18.5,75,149,88,45,109,120,70,48,22,45,47,49,29,49,72,55,49,87,37,96,48,42,62,57,69,58,65,100,32,81,90,159,70,50,53,59,47,45,57,52,46,61,44,52,83,88,54,66,93,18,62,81,63,43,56,49,58,38,56,83,112,69,70,23,68,41,59,63,39,50,71,59,114,47,37,85,65,95,107,53,93,71,33,61,107,73,59,28,32,109,21,46,25,47,27,66
18.75,77,153,89,44,114,121,69,50,23,45,46,51,30,52,73,55,49,90,41,94,48,44,64,58,71,55,65,100,37,85,98,161,72,51,56,59,47,46,60,54,48,61,45,54,92,89,53,67,94,18,59,82,65,46,58,52,60,39,61,84,112,72,69,25,72,46,68,65,40,47,73,61,112,45,36,84,66,96,107,53,98,77,31,67,107,77,67,30,34,109,19,46,27,50,31,65
19,80,153,89,48,112,117,69,53,28,55,53,54,35,55,79,56,52,93,41,99,52,44,71,61,67,60,63,99,34,88,96,161,73,50,57,59,52,46,61,59,50,67,48,57,97,92,53,70,92,24,57,80,65,52,59,53,67,40,60,88,110,70,75,24,75,49,72,67,44,51,78,66,117,51,37,90,65,97,112,56,101,78,37,70,112,80,69,33,34,110,25,47,32,55,30,66
19.25,77,155,88,47,117,121,69,59,25,50,54,50,32,45,80,58,54,92,36,95,49,43,68,63,67,58,64,101,33,87,101,163,71,45,51,64,52,53,64,52,55,62,42,56,91,89,53,68,93,18,60,82,67,48,57,54,63,40,58,86,115,68,77,25,76,46,74,64,38,54,77,63,115,47,40,86,70,99,111,56,103,76,31,72,111,78,70,28,34,116,25,42,25,51,26,69
19.5,87,152,89,39,123,117,66,55,28,53,48,58,32,53,82,58,51,93,43,98,50,44,76,61,66,57,70,105,39,86,99,161,75,53,57,69,56,46,65,58,53,67,43,50,93,91,57,69,88,26,56,78,70,55,62,57,68,38,57,94,114,74,76,27,76,47,82,67,40,47,75,75,112,46,39,87,71,100,108,49,110,83,33,71,113,73,73,30,34,109,22,46,28,50,32,66
19.75,79,156,98,50,118,125,76,56,28,53,50,54,35,49,83,53,53,99,44,95,52,47,76,60,71,59,66,104,36,93,100,163,80,47,51,60,49,51,69,57,50,61,49,57,94,92,59,75,98,20,60,79,70,50,60,53,66,42,59,96,115,76,74,29,74,51,75,62,38,55,80,66,115,50,40,92,67,104,115,56,103,72,38,70,113,78,67,25,35,110,26,47,30,47,28,69
20,79,159,98,48,123,127,71,62,26,50,53,56,28,53,84,59,51,99,42,99,53,47,76,65,68,57,70,103,40,94,104,166,75,50,53,63,52,46,70,56,57,60,48,55,92,95,53,70,98,22,61,80,71,50,60,53,64,43,57,93,112,74,75,24,76,49,78,63,35,55,79,70,113,48,36,87,70,106,111,60,106,75,33,74,116,76,74,30,35,111,27,45,28,50,32,65
20.25,85,155,91,45,130,119,69,59,29,58,53,55,35,52,89,57,51,96,45,99,58,44,82,68,62,54,75,102,39,95,103,166,81,56,53,72,54,51,66,61,60,68,50,49,97,92,54,74,94,23,54,80,76,48,65,59,64,43,56,99,112,84,78,33,78,52,85,66,39,47,80,78,112,49,40,89,68,99,111,47,114,84,35,77,113,79,69,34,33,114,22,52,30,49,34,69
20.5,78,161,103,51,120,124,73,60,26,47,54,53,29,49,85,52,48,98,42,94,54,48,80,64,65,60,71,100,37,95,105,166,81,49,56,61,52,49,70,62,59,63,48,55,97,92,52,70,103,18,57,83,76,50,59,55,66,46,62,98,106,73,75,22,78,57,80,64,38,48,84,71,112,50,37,89,68,109,112,57,107,76,34,74,119,76,71,27,34,112,25,47,28,53,30,66
20.75,82,164,98,48,126,123,75,61,23,52,59,52,30,57,86,53,54,99,38,99,60,48,85,70,66,55,79,102,39,99,108,170,80,50,53,65,57,48,72,63,59,65,50,56,103,94,58,77,96,25,58,81,77,50,64,61,65,47,66,101,110,76,75,25,79,54,81,68,37,52,83,68,117,52,40,92,64,108,110,54,107,71,37,76,120,77,73,33,33,113,22,44,31,52,33,69
21,81,164,104,47,126,126,75,59,33,54,52,53,31,52,88,57,54,107,42,98,57,44,79,64,72,59,73,102,39,101,108,175,84,50,58,64,56,54,79,58,58,63,51,57,103,95,58,76,105,23,60,84,77,53,61,56,68,48,66,104,113,81,77,28,81,54,83,66,39,53,87,73,117,48,38,89,69,109,108,55,113,81,37,77,118,80,78,29,36,111,22,49,30,49,34,70
21.25,81,170,104,49,128,128,69,59,29,48,58,49,30,48,89,59,54,107,42,100,56,47,88,69,67,56,71,101,39,101,113,174,85,50,55,65,50,52,77,61,62,63,50,55,103,91,60,74,101,21,56,84,80,52,60,57,64,48,66,104,108,80,74,28,80,57,87,62,39,55,88,71,115,56,40,86,67,114,112,56,107,74,39,75,121,76,76,30,35,113,21,49,31,48,35,69
21.5,75,171,111,46,124,124,72,65,24,48,54,52,30,51,87,53,54,110,40,98,57,49,87,72,69,57,77,100,41,105,111,177,86,48,51,63,47,51,75,64,60,61,49,52,104,96,53,75,103,19,58,84,83,49,61,56,64,54,64,107,110,82,71,25,83,54,83,60,37,57,87,68,113,50,41,90,69,115,109,50,109,70,36,79,123,78,71,30,34,111,29,48,28,50,30,75
21.75,79,170,111,44,129,123,74,63,24,48,56,48,30,52,86,55,49,109,40,96,56,47,88,64,66,58,79,101,43,105,114,174,87,48,50,59,46,50,77,62,58,59,49,54,109,97,54,73,105,22,56,83,80,48,60,54,65,52,66,106,107,80,72,29,85,56,82,59,38,53,91,67,117,50,41,89,65,116,110,54,110,69,35,80,125,77,70,30,32,113,25,47,31,52,29,68
22,82,173,105,45,133,122,70,65,26,49,55,52,32,52,90,58,51,109,39,96,59,45,89,71,70,60,80,102,43,105,119,176,87,50,57,61,50,54,77,66,62,63,50,53,115,101,58,74,101,22,56,82,82,47,65,54,65,51,68,107,110,84,74,29,81,61,90,63,42,50,95,74,117,51,41,92,65,114,111,52,115,81,38,84,126,79,72,32,32,109,23,46,29,52,29,71
22.25,77,177,115,51,129,128,73,65,24,45,56,49,31,51,88,56,52,111,40,98,59,46,90,69,70,59,78,101,47,107,119,178,89,46,55,59,50,51,78,65,64,64,50,53,113,98,60,76,111,19,60,82,86,49,61,57,65,57,71,109,114,83,73,30,82,57,91,62,40,56,93,69,119,50,42,92,69,123,110,55,110,74,39,85,129,81,74,31,34,112,26,46,30,49,28,69
22.5,88,168,101,46,135,128,70,69,28,51,57,51,31,49,103,61,52,112,39,104,55,42,95,72,61,57,79,101,45,112,119,177,89,49,50,70,62,56,81,60,69,67,56,52,110,97,57,77,105,18,59,80,89,50,67,61,66,58,59,111,112,87,78,26,85,63,107,58,39,53,92,81,109,50,44,93,78,118,109,55,114,74,35,82,123,74,81,28,32,116,26,51,31,42,31,70
22.75,84,171,106,44,143,124,72,70,25,50,56,57,29,51,102,61,52,113,42,99,58,43,100,75,62,55,83,103,46,111,120,181,90,52,52,70,58,56,83,61,66,69,51,52,111,94,58,79,103,21,53,80,86,50,68,65,66,58,66,110,114,88,77,28,88,67,104,61,40,52,99,76,112,47,37,92,71,118,110,53,117,80,35,83,122,78,86,29,34,111,27,46,33,51,32,70
23,85,176,114,45,135,128,73,69,28,50,62,57,31,51,102,58,52,112,40,99,57,42,98,75,67,56,82,104,45,112,124,181,93,53,52,69,56,54,85,68,68,69,53,50,116,97,58,79,110,20,54,84,88,52,68,60,66,56,66,110,116,88,78,29,83,64,103,63,36,48,98,76,110,50,44,91,73,121,107,49,117,82,35,86,125,73,82,29,33,112,21,51,32,51,36,66
23.25,82,183,122,49,135,130,80,73,28,46,65,51,29,49,98,57,54,120,43,99,58,48,98,68,71,63,80,106,50,112,125,184,96,48,55,61,51,56,85,68,68,65,52,55,120,101,57,80,119,23,59,82,88,49,65,59,64,60,74,113,116,84,75,29,85,65,98,62,34,52,101,70,118,50,35,94,69,126,106,52,113,77,35,88,132,77,75,32,32,111,23,45,34,51,33,75
23.5,82,181,123,48,135,127,76,71,27,47,60,51,34,51,98,55,52,118,45,99,59,43,99,67,73,57,84,105,50,114,125,180,94,54,58,63,47,51,82,69,67,64,54,52,120,99,55,76,115,20,59,84,91,51,62,60,66,60,73,117,111,86,74,30,84,65,103,65,40,48,105,74,117,53,40,98,68,125,111,54,119,88,38,86,132,77,78,28,31,114,23,50,32,53,35,72
23.75,88,178,112,45,150,130,71,81,30,56,62,60,31,53,112,60,51,124,44,103,58,43,112,79,64,57,87,106,53,124,128,184,94,57,52,69,60,56,87,65,72,67,62,56,118,103,60,82,110,24,58,85,98,54,65,61,70,65,68,111,109,92,74,34,88,64,114,60,44,54,103,78,110,51,43,94,77,120,110,55,123,82,36,92,129,78,88,33,38,118,26,49,35,49,37,71
24,88,188,128,46,141,127,75,77,26,51,65,54,32,52,99,56,53,125,44,103,63,44,106,71,75,57,88,101,51,121,129,186,97,55,59,68,54,53,85,72,65,72,56,56,124,102,55,80,117,26,56,88,94,52,61,60,72,67,80,118,107,87,74,31,88,64,102,69,40,46,106,70,118,55,47,102,70,126,108,51,122,88,37,86,136,76,78,32,34,113,24,50,31,57,38,74
24.25,90,198,143,56,141,117,88,75,27,54,66,48,36,61,99,55,57,129,41,99,69,39,99,67,79,58,93,100,48,119,131,186,100,58,66,66,50,44,87,75,68,72,59,59,137,109,50,82,121,25,56,96,100,51,67,58,74,72,96,121,107,86,67,31,91,66,100,78,46,39,104,70,122,62,45,100,62,127,111,51,127,103,37,92,143,81,74,38,39,113,29,54,37,69,37,73
24.5,87,182,123,49,143,132,78,76,31,51,64,51,32,48,110,58,56,125,42,100,59,44,109,79,69,58,86,104,54,127,132,190,99,51,53,67,57,53,91,64,72,64,59,54,124,101,58,78,122,20,59,83,100,55,59,64,69,71,75,118,115,95,78,31,89,63,115,65,42,52,107,74,115,49,43,102,81,129,107,55,121,78,35,89,135,77,89,31,35,116,26,51,35,52,36,74
24.75,84,189,125,47,143,140,78,74,27,44,62,51,30,51,112,57,55,128,40,98,56,45,110,77,68,56,88,104,48,124,133,189,100,51,52,62,56,57,93,63,75,65,60,52,121,104,59,75,128,18,61,85,98,51,59,58,67,64,77,117,117,94,77,36,87,67,112,63,37,53,110,74,115,51,42,99,80,130,105,57,116,80,37,87,136,78,88,28,35,112,29,47,33,47,35,72
25,85,191,127,48,142,135,78,73,27,49,65,50,31,56,105,58,52,129,42,98,60,43,111,76,69,57,94,104,53,124,130,190,98,50,56,65,55,51,93,68,76,68,57,53,132,106,59,79,123,22,55,85,102,47,62,61,65,72,77,122,113,91,73,31,81,68,116,64,38,53,114,74,116,48,44,100,75,131,105,52,120,85,40,87,135,76,85,27,30,113,24,47,32,51,34,70
25.25,80,191,126,46,144,134,77,75,27,49,66,48,28,54,107,56,55,125,43,98,59,44,111,72,69,56,94,102,50,127,134,190,98,53,55,66,54,54,95,66,75,69,59,51,130,107,56,77,124,20,50,83,102,49,61,62,68,68,78,120,113,91,69,34,87,65,110,65,40,50,114,76,118,52,44,100,75,127,105,52,123,89,34,90,136,74,83,26,35,113,21,51,32,51,34,71
25.5,83,195,132,48,146,138,79,77,23,51,69,48,31,53,106,56,57,130,41,103,59,45,109,76,72,59,96,98,51,128,130,189,103,49,51,63,51,55,93,64,79,66,57,53,131,107,57,78,133,18,55,86,104,48,58,60,65,73,77,123,112,90,72,32,82,66,115,67,38,58,114,71,121,50,42,102,75,132,106,54,122,84,38,87,141,74,85,31,33,115,25,49,32,52,35,75
25.75,86,194,132,51,148,144,78,78,29,51,72,53,34,53,110,55,54,130,43,100,62,45,117,83,74,58,100,103,58,136,139,191,99,53,54,65,55,60,100,68,78,67,61,57,135,109,61,88,136,24,62,85,108,49,63,65,75,74,79,128,114,96,78,40,88,70,124,67,42,54,118,74,121,54,44,104,80,137,109,55,121,85,41,86,142,75,89,30,34,114,25,53,34,52,40,73
26,91,195,131,50,152,147,80,80,33,51,78,59,35,53,124,63,54,133,43,105,59,45,126,86,71,61,96,105,59,137,140,195,102,53,54,72,60,62,104,65,80,68,61,56,134,109,58,88,137,23,64,84,113,55,69,64,71,78,77,128,118,101,84,46,92,74,137,63,41,56,118,83,116,51,46,100,86,139,108,57,124,86,40,90,135,75,98,34,36,118,30,53,34,49,41,79
26.25,88,195,129,45,155,145,78,81,31,55,75,56,32,52,119,60,57,131,42,100,68,45,121,78,66,57,100,104,52,135,141,194,105,56,53,70,63,61,99,67,80,70,60,53,137,111,60,81,132,22,60,81,112,55,66,61,70,78,79,127,116,98,83,42,94,73,131,66,41,52,122,79,121,52,41,104,83,136,107,58,123,90,39,90,138,72,95,30,36,114,24,54,36,50,40,70
26.5,88,201,137,51,155,146,81,88,27,52,80,54,29,56,117,58,56,141,45,103,63,48,116,79,76,60,99,103,57,134,143,199,109,53,54,65,54,54,104,69,78,70,61,52,143,114,61,82,140,22,58,89,109,51,63,57,71,79,84,131,114,96,70,39,88,71,120,69,41,55,124,77,122,56,44,109,74,142,105,58,124,87,44,93,147,77,83,33,35,115,29,56,33,55,34,76
26.75,90,200,136,46,158,146,76,83,29,54,77,51,28,54,120,57,53,136,43,101,61,43,120,78,75,61,98,103,60,135,142,197,109,57,58,66,57,54,104,64,83,70,63,50,143,111,58,83,137,23,59,87,114,53,65,59,70,78,82,130,118,96,76,42,86,71,130,67,43,50,125,80,117,51,44,106,81,135,106,54,127,93,41,95,139,72,94,28,34,117,26,56,33,53,36,72
27,90,203,143,51,155,150,83,87,29,50,86,53,36,53,124,65,60,141,43,101,62,53,121,85,73,65,100,104,60,142,146,198,115,50,59,65,56,60,105,68,84,66,62,55,145,114,59,82,147,23,64,93,115,50,62,62,71,80,84,131,119,92,76,41,88,71,129,64,41,55,125,69,124,53,43,114,79,143,109,56,123,89,42,93,146,77,88,31,35,116,28,55,32,53,36,79
27.25,95,198,133,49,165,154,77,88,27,52,83,58,37,51,132,67,56,139,43,104,60,46,129,91,67,61,100,109,61,146,143,200,113,54,54,71,62,61,110,65,88,68,63,55,142,111,65,86,145,29,65,87,117,53,67,61,70,89,75,131,125,104,85,46,93,73,144,61,42,57,125,82,117,50,46,107,90,144,109,56,127,84,45,97,140,74,103,31,34,119,29,52,37,49,37,77
27.5,96,195,133,48,168,145,72,89,32,56,85,61,35,51,131,66,53,139,43,102,63,43,134,90,61,57,104,107,63,145,144,196,115,61,57,75,62,59,107,66,85,72,68,53,147,109,62,86,138,23,56,88,122,56,71,62,70,86,73,131,116,106,82,49,95,80,147,64,39,59,129,84,114,54,48,105,84,142,107,54,125,89,42,97,143,72,98,34,35,116,27,55,35,50,40,77
27.75,92,205,141,50,161,145,81,90,31,59,86,56,35,52,126,61,57,144,45,99,66,44,128,84,75,60,108,103,60,146,146,198,113,63,63,66,58,59,107,72,82,78,67,57,151,119,63,88,145,25,60,91,122,58,68,66,76,87,87,135,114,102,81,47,94,82,141,69,42,55,133,79,124,58,44,115,78,142,103,54,125,98,44,100,145,76,96,35,37,116,27,58,38,56,38,75
28,87,206,145,49,166,149,85,93,30,53,87,53,29,54,128,64,56,143,45,101,63,52,130,88,74,61,102,104,61,146,149,204,115,55,54,65,58,56,115,71,88,69,63,52,151,118,62,80,151,27,57,88,122,56,63,64,71,92,86,135,114,100,77,45,93,74,137,68,45,52,133,69,125,54,45,117,85,151,108,55,129,89,43,93,150,76,88,33,32,118,27,56,31,53,35,77
28.25,91,204,153,43,165,142,79,92,25,57,90,54,34,54,126,56,58,151,45,100,68,49,132,81,71,57,107,105,65,146,150,197,113,60,60,66,59,49,111,70,85,75,65,56,152,123,58,83,149,18,56,89,127,61,68,63,75,88,93,135,112,97,78,51,97,78,133,77,44,49,139,76,130,55,50,120,80,146,105,54,130,106,39,100,151,75,86,33,42,116,26,56,31,61,36,80
28.5,88,211,153,52,165,152,86,92,24,54,92,54,31,54,126,58,55,151,47,103,61,48,131,84,74,54,105,107,64,152,148,203,123,59,56,66,59,58,113,71,91,71,68,53,152,122,60,84,158,22,62,88,124,53,65,61,72,93,91,134,117,95,79,48,92,74,140,68,41,56,139,74,125,53,47,118,87,151,105,57,124,93,40,98,154,78,89,31,40,115,28,54,32,54,35,76
28.75,87,210,154,55,168,156,88,100,27,51,94,47,31,54,130,62,57,152,44,97,62,44,132,86,77,63,105,102,62,152,147,203,122,53,56,63,53,53,115,68,85,65,64,56,153,124,58,81,164,22,57,87,126,52,59,60,73,96,89,134,117,100,79,47,95,79,138,67,48,56,139,69,126,58,48,121,83,157,110,56,126,89,43,96,151,76,87,31,32,116,27,52,37,50,33,74
29,88,213,157,50,166,159,83,103,29,48,95,53,31,53,126,59,60,150,45,102,64,46,132,85,75,59,107,100,62,153,152,206,124,54,62,66,55,55,116,70,88,70,71,58,156,126,60,82,160,22,64,91,126,56,64,61,75,92,95,138,116,101,80,49,97,78,142,67,42,56,139,70,132,57,46,121,81,155,108,55,128,96,44,101,153,74,90,36,33,117,28,55,34,55,34,79
29.25,90,208,146,47,172,154,81,98,29,52,92,51,31,49,134,58,56,149,43,101,61,40,136,91,65,60,105,102,62,155,151,204,121,55,56,66,60,53,117,65,91,72,69,51,158,120,55,86,151,23,61,85,127,50,64,62,72,94,80,133,119,101,80,47,97,80,149,60,37,51,141,75,121,49,46,117,86,151,101,51,127,95,40,98,145,75,96,30,34,113,26,53,33,53,34,72
29.5,89,213,156,46,173,151,82,103,28,54,95,57,31,51,129,61,53,155,45,102,67,45,137,85,69,53,109,105,64,155,152,204,124,55,56,66,57,58,119,69,88,73,68,53,159,130,56,80,160,21,57,90,128,51,63,59,72,96,93,133,116,100,78,51,95,82,148,72,44,49,143,76,124,51,55,121,85,152,106,52,130,97,42,104,153,74,95,30,35,118,25,56,34,54,37,74
29.75,90,217,156,47,173,151,85,104,27,57,99,54,34,51,131,57,59,158,41,105,67,42,136,89,72,62,115,105,67,155,154,208,127,57,58,67,61,52,122,63,90,77,69,56,166,129,60,88,165,21,60,87,129,53,63,60,77,100,92,141,115,103,82,51,92,85,152,68,41,54,144,78,127,52,46,125,88,155,106,53,132,104,44,111,153,75,96,31,36,112,24,57,32,55,38,72
30,84,213,159,51,177,161,89,107,26,56,106,54,31,55,145,61,60,157,46,102,66,47,142,90,75,60,110,108,65,160,155,210,129,59,58,72,62,57,126,66,92,72,72,56,163,125,61,84,170,22,63,89,131,57,67,67,73,98,92,135,123,106,84,50,98,83,156,65,46,57,151,74,126,52,50,123,92,158,104,55,130,96,43,110,148,73,98,31,32,116,28,55,36,55,34,75
30.25,94,212,153,50,181,166,83,111,31,60,103,56,35,57,143,64,62,159,44,103,68,44,143,99,73,68,109,107,70,157,160,213,127,58,55,74,65,60,125,65,96,71,71,55,167,129,56,85,175,33,69,88,138,57,69,65,75,103,88,138,122,110,85,52,101,89,162,66,42,56,149,76,122,55,52,122,96,162,102,56,132,99,47,110,153,72,103,32,36,121,31,59,35,54,38,73
30.5,91,215,159,50,182,162,89,113,28,58,105,55,35,55,142,62,59,161,43,105,66,49,144,96,74,60,114,107,70,167,157,207,132,56,55,74,66,59,127,67,95,71,74,57,164,131,61,87,176,27,63,86,137,58,69,62,76,105,88,142,124,110,82,54,102,87,162,67,45,58,153,81,127,53,52,127,96,162,104,58,133,97,49,113,150,76,105,36,35,117,30,57,36,56,38,76
30.75,91,218,165,55,181,159,90,114,29,56,103,55,36,55,140,61,53,160,43,105,72,47,142,93,73,63,117,108,73,165,161,211,131,60,61,68,61,60,127,69,96,78,71,60,171,135,59,87,177,22,62,89,142,55,70,66,77,104,95,144,118,104,82,52,98,91,158,70,47,56,154,80,134,57,53,130,91,166,104,57,133,102,48,117,158,79,98,36,36,117,28,61,39,56,39,79
31,88,218,157,52,183,166,85,114,26,55,103,52,29,50,143,66,60,158,42,102,69,46,148,96,72,59,113,101,71,162,155,213,130,54,50,67,64,61,128,65,96,73,71,56,166,128,57,85,174,20,60,91,138,54,62,64,73,108,91,138,118,105,83,49,106,91,163,68,42,58,149,81,129,53,49,129,96,164,103,55,135,100,42,111,154,74,99,31,33,116,28,62,38,56,34,77
31.25,93,222,165,52,184,165,91,119,26,54,110,52,32,58,144,62,57,161,45,102,67,45,146,92,74,61,120,106,69,163,160,215,138,55,56,70,62,56,132,68,98,75,74,59,171,136,61,84,177,21,61,92,141,52,64,62,72,108,97,142,116,102,78,50,102,94,158,70,42,52,156,72,132,53,55,137,93,164,105,56,132,102,46,117,160,75,91,33,38,116,25,59,33,57,34,71
31.5,93,222,167,44,189,161,85,118,25,63,108,53,31,56,144,62,60,161,46,102,70,43,151,97,72,57,119,104,69,166,160,212,132,60,62,72,62,56,130,68,103,74,74,57,174,134,57,89,178,22,59,94,139,57,66,62,81,108,95,149,120,107,81,51,105,96,165,68,40,50,162,83,126,53,53,130,95,168,101,51,136,110,44,122,158,76,98,33,36,119,28,62,33,56,43,73
31.75,90,224,169,53,189,164,88,118,28,58,111,55,30,55,141,64,58,165,46,102,72,44,145,95,77,62,121,103,75,172,158,212,140,57,58,67,60,58,136,70,102,73,74,56,176,141,57,85,192,26,63,90,142,54,65,59,75,109,100,144,120,104,81,52,105,98,160,68,43,51,158,77,133,54,54,138,94,167,105,56,132,104,44,119,162,76,99,31,38,115,25,64,31,57,36,69
32,98,220,165,52,194,166,86,122,33,61,114,58,35,55,148,65,59,165,48,102,71,44,156,101,67,58,121,106,73,171,160,214,140,59,55,74,67,59,137,66,105,77,81,55,174,138,58,89,179,25,64,90,145,56,69,68,72,111,94,145,125,109,87,53,111,99,166,67,42,56,161,83,128,49,54,132,98,170,106,52,134,103,45,128,157,76,104,30,38,118,29,66,36,55,40,72
32.25,96,222,170,53,194,163,88,125,31,58,115,56,29,58,147,65,59,167,43,106,71,46,152,101,70,59,132,110,71,170,160,219,142,58,54,68,65,53,138,72,103,77,78,55,177,144,57,85,184,27,64,93,146,54,68,60,75,113,97,147,115,104,83,53,109,104,163,73,45,56,162,79,133,52,59,138,93,175,107,56,136,109,45,130,168,72,97,33,39,119,29,65,35,55,38,76
32.5,90,226,173,54,196,164,90,130,28,62,118,53,33,57,149,62,63,169,45,104,69,43,152,96,76,62,125,105,73,175,162,220,141,59,58,69,67,59,139,68,106,77,77,57,180,145,60,89,192,24,67,91,148,59,65,63,78,118,103,149,123,109,85,52,111,105,172,71,44,56,165,78,131,53,59,138,101,173,106,56,140,113,46,133,163,75,101,33,35,119,31,66,34,59,41,75
32.75,93,220,165,50,202,169,86,126,29,64,116,62,27,53,157,71,59,169,45,105,67,40,163,108,67,57,121,108,76,177,161,219,145,58,55,75,75,59,144,64,105,74,75,55,179,140,61,88,190,26,67,87,150,56,67,60,70,121,88,142,127,112,89,53,114,106,180,61,40,61,164,91,120,50,53,131,111,175,108,58,134,101,43,136,158,74,109,32,36,120,28,67,34,48,36,71
33,93,225,171,48,200,171,90,131,30,59,116,55,34,54,151,64,62,172,44,104,67,50,161,105,73,63,122,105,76,177,161,219,147,57,50,72,71,59,141,66,106,71,80,55,179,145,61,87,197,24,62,88,149,53,67,63,72,119,98,144,124,110,86,51,113,108,175,63,43,57,166,78,129,54,55,136,106,180,104,59,135,100,42,141,164,72,103,30,34,117,31,68,31,55,35,67
33.25,90,227,174,52,198,169,92,133,29,57,118,53,33,57,151,61,62,172,42,103,72,49,158,100,76,63,123,107,76,176,162,220,152,58,54,68,65,57,140,67,102,73,82,54,185,148,63,87,200,22,63,93,151,51,68,64,74,118,103,149,119,108,80,53,112,108,169,64,41,57,169,73,132,55,58,142,100,180,101,57,130,107,44,141,167,76,95,30,37,117,30,68,34,56,36,69
33.5,95,224,168,45,205,171,86,133,30,63,121,57,33,50,155,67,60,170,45,103,71,39,163,106,68,58,125,108,75,179,160,218,148,60,56,79,77,59,145,65,109,73,77,55,182,144,58,91,196,23,65,87,154,52,72,63,77,124,92,146,126,113,91,54,118,113,186,59,38,55,167,90,124,52,61,137,109,179,104,55,141,107,44,141,161,73,109,28,37,116,23,66,34,53,42,70
33.75,93,227,175,52,203,173,86,136,32,59,123,55,29,57,158,67,63,172,48,103,71,48,162,103,75,60,130,106,77,180,162,221,154,58,58,77,70,59,144,64,110,77,85,56,188,150,63,90,204,25,65,92,153,56,67,62,75,119,100,148,122,113,89,51,118,113,180,66,41,58,172,81,128,53,62,144,106,184,103,60,139,109,44,144,165,69,105,31,37,117,29,70,36,56,40,67
34,93,228,171,49,206,175,89,143,32,61,122,57,30,54,161,66,57,173,46,100,71,46,165,107,71,60,128,104,75,183,164,219,154,57,50,73,74,59,150,65,112,75,81,57,186,148,63,88,205,23,60,85,157,57,69,64,77,125,97,144,122,114,88,51,117,114,180,64,38,60,171,79,131,51,61,144,111,185,103,55,139,110,45,154,165,74,102,29,41,114,30,67,32,53,33,68
34.25,90,233,182,52,206,174,95,142,25,56,122,59,32,54,155,66,65,179,46,106,71,44,161,99,76,63,133,107,76,183,164,222,157,58,59,72,69,56,150,71,107,77,83,60,189,155,58,89,213,25,64,89,158,60,67,66,78,123,102,151,122,111,89,50,117,116,181,70,40,56,175,84,133,53,64,146,108,186,103,55,142,115,48,148,170,74,106,31,35,121,30,72,39,55,40,69
34.5,91,230,180,48,209,172,93,143,27,65,123,63,32,56,159,66,60,175,46,103,74,44,168,104,71,60,134,103,77,183,165,224,156,66,61,73,73,57,148,68,113,77,85,56,194,154,59,91,206,23,60,92,160,58,67,66,80,129,100,151,122,115,87,57,119,122,186,72,40,56,177,90,129,48,63,145,106,180,104,53,143,116,43,153,169,76,105,30,34,117,30,72,40,56,42,68
34.75,92,231,179,53,212,179,92,146,29,65,131,57,33,53,160,68,61,179,46,106,70,45,166,104,74,58,134,107,78,187,169,224,158,59,59,75,73,62,150,68,110,81,87,58,192,160,67,88,212,26,64,95,165,56,67,65,78,126,105,150,126,114,86,55,125,121,185,66,43,59,179,87,134,55,61,149,112,185,107,59,141,113,47,160,170,71,103,35,39,116,31,77,37,55,38,71
35,95,235,186,52,211,175,94,152,27,66,129,57,37,55,158,66,63,184,48,103,76,46,162,101,79,63,144,101,82,185,174,222,160,62,62,70,69,56,152,69,112,80,85,59,196,161,56,88,212,25,66,96,161,56,71,61,83,129,113,156,120,111,84,54,125,122,179,75,42,52,182,85,141,57,65,152,106,190,106,58,143,122,47,162,181,79,98,34,37,119,29,76,38,66,42,70
35.25,94,233,178,52,216,180,92,153,23,64,131,59,33,54,165,68,60,180,45,100,71,45,170,106,72,60,136,106,78,187,172,224,162,67,58,71,74,61,157,70,113,75,87,56,195,160,62,87,213,21,58,93,162,55,68,64,80,136,102,153,123,114,91,59,126,126,189,67,43,57,179,89,136,52,65,149,113,189,106,54,141,114,46,166,179,78,110,34,34,120,30,79,35,59,37,67
35.5,86,236,184,55,212,184,100,162,25,57,133,55,34,54,162,66,61,179,47,104,75,48,168,112,79,62,142,108,80,188,173,226,166,60,52,68,75,61,161,68,117,74,86,61,197,163,60,85,227,25,68,94,163,56,63,63,80,131,108,156,121,113,87,52,129,130,186,63,41,57,186,82,143,55,66,158,117,197,104,57,142,111,44,170,177,75,99,34,37,120,30,79,34,61,36,69
35.75,97,232,185,53,215,182,97,161,29,66,135,55,28,57,161,66,62,184,46,104,79,45,172,110,70,61,149,109,80,190,176,228,163,61,58,70,78,57,157,73,121,79,90,57,201,167,62,89,217,21,66,95,166,55,67,65,78,138,110,155,114,110,87,52,127,133,183,74,44,56,184,81,142,59,74,161,109,195,104,56,143,123,48,175,185,78,100,37,38,117,28,87,37,66,37,70
36,91,235,190,50,216,178,95,164,26,63,132,55,32,59,160,64,64,183,42,104,79,45,169,109,72,52,146,103,79,190,171,228,167,66,58,69,75,55,160,72,118,79,87,60,200,170,61,86,218,23,61,98,168,55,64,60,78,135,113,157,114,115,88,54,128,132,185,72,47,53,185,83,141,57,70,161,107,197,107,51,141,120,48,176,182,73,98,37,39,119,28,86,35,64,36,70
36.25,95,238,187,50,218,187,100,167,25,62,137,55,34,53,166,67,60,185,44,103,74,50,171,116,79,62,140,107,78,194,171,229,167,59,57,72,80,54,160,65,118,77,90,62,202,173,70,86,226,25,62,93,166,55,65,62,83,140,106,157,124,116,90,52,134,135,193,67,44,59,188,84,140,55,70,157,118,200,107,57,144,119,47,177,179,76,103,34,40,119,29,87,39,58,38,70
36.5,96,238,188,50,219,189,99,170,29,67,140,59,31,59,166,67,59,187,44,103,78,49,173,113,70,58,141,105,83,193,175,229,170,63,59,69,80,61,165,65,121,77,88,64,204,172,68,87,225,25,65,98,168,56,68,64,80,139,108,158,120,114,90,54,135,138,189,65,42,59,190,81,140,56,73,162,117,199,109,54,144,124,44,181,187,78,105,32,34,117,34,88,35,62,39,70
36.75,95,236,192,48,220,185,98,169,29,65,139,60,34,55,167,67,61,189,45,108,80,45,175,116,73,60,147,109,82,191,174,229,170,59,60,68,80,60,164,70,119,80,93,59,202,177,66,89,222,24,62,99,169,57,63,61,78,142,107,156,120,115,89,52,138,138,189,71,44,60,189,82,144,57,74,165,112,200,108,55,147,119,49,183,189,77,106,34,40,118,32,91,35,59,36,75
37,89,238,192,53,217,186,100,174,27,65,142,53,32,55,169,66,63,187,45,103,81,44,175,112,77,59,144,110,83,193,175,231,171,63,58,70,75,55,164,69,117,81,95,59,200,177,63,86,228,26,62,97,173,54,65,62,83,140,113,161,120,115,90,52,143,143,192,69,43,54,187,86,145,59,73,162,117,200,105,56,143,125,49,189,187,74,102,35,39,118,31,89,36,64,37,72
37.25,95,236,183,52,222,189,92,176,30,69,142,60,32,55,172,71,59,192,47,105,79,45,180,119,72,60,148,106,84,196,173,229,172,67,55,75,87,60,166,65,122,84,93,60,207,175,69,88,224,27,64,94,172,57,68,64,82,149,106,158,121,121,94,56,144,147,200,70,40,62,196,91,141,53,75,164,123,201,106,55,142,122,47,194,185,75,109,33,36,121,30,96,37,63,38,73
37.5,94,235,184,51,227,190,102,177,27,69,143,57,34,56,177,70,63,192,46,100,78,47,180,124,72,60,147,104,86,199,176,232,175,66,59,73,86,58,172,64,124,83,98,62,207,176,69,87,229,26,62,95,175,54,64,64,80,149,108,157,123,120,94,56,143,149,203,70,40,59,195,88,142,55,74,168,123,205,106,53,147,118,49,196,189,76,106,34,39,119,33,91,38,66,37,69
37.75,89,238,188,55,219,196,103,180,24,66,142,57,25,54,172,68,60,190,47,100,75,41,182,118,74,57,145,107,84,199,174,233,176,61,58,71,82,56,171,67,121,80,96,60,205,178,63,86,236,25,60,94,171,53,62,61,80,147,108,159,119,117,92,54,143,149,202,65,42,57,196,91,138,54,76,167,125,204,103,54,144,126,45,192,188,71,103,33,38,119,28,94,35,63,37,66
38,89,242,197,52,222,189,99,183,24,68,146,56,34,57,171,65,62,193,48,105,82,47,176,119,72,57,155,110,87,196,180,234,176,68,60,69,83,56,171,71,124,84,96,60,212,183,64,85,225,25,64,97,176,56,64,64,85,148,116,164,115,117,92,54,145,156,200,74,43,53,201,84,146,59,78,171,117,205,109,51,148,129,48,195,194,75,101,33,40,115,30,97,33,74,38,69
38.25,94,240,198,54,224,195,102,189,28,68,151,63,35,56,175,72,65,199,50,107,82,47,180,119,78,62,156,105,90,203,182,237,184,66,68,71,81,59,172,69,126,86,98,65,216,189,68,88,239,22,66,96,178,56,68,67,84,150,117,167,119,117,98,52,149,159,198,71,47,64,197,87,148,57,82,174,127,213,105,62,147,128,47,200,196,79,106,33,39,122,35,101,33,71,42,73
38.5,90,240,199,56,223,199,103,188,26,61,148,55,31,53,176,74,65,197,46,108,80,49,184,123,78,63,156,108,92,203,183,233,184,60,61,71,80,63,176,68,125,78,95,61,215,186,66,86,240,23,64,92,179,54,67,63,82,148,114,164,119,113,92,51,151,159,195,70,44,64,197,85,149,55,81,179,127,215,110,57,139,118,46,199,198,76,107,31,39,119,34,100,31,68,37,73
38.75,94,242,195,56,226,202,106,190,30,68,151,56,36,55,179,71,65,199,50,107,80,50,181,126,80,63,154,109,90,203,182,240,187,63,57,72,87,64,174,69,127,82,101,62,215,184,67,87,244,24,66,97,182,54,68,64,81,152,115,167,123,120,98,55,152,161,203,70,44,67,201,91,146,59,81,176,129,214,108,61,146,121,47,203,196,79,106,35,41,119,35,104,36,70,37,74
39,99,246,195,56,230,197,106,191,25,75,153,64,37,58,177,72,67,195,52,106,88,51,187,127,78,62,161,110,93,204,185,239,182,74,65,75,87,63,183,71,131,88,103,68,217,189,68,93,235,28,67,100,182,56,71,66,84,157,118,168,123,127,99,60,158,168,208,74,45,61,203,99,150,57,86,178,133,212,108,55,153,135,47,209,201,78,107,34,39,122,37,108,36,78,41,73
39.25,97,253,220,72,230,191,124,201,27,69,161,50,38,64,169,79,75,206,51,104,88,51,178,120,90,64,173,114,87,203,188,238,193,68,66,67,71,56,181,74,128,80,102,66,223,200,65,88,254,25,68,109,185,51,68,59,82,159,135,167,120,116,84,54,152,169,193,73,47,51,203,80,153,69,92,183,116,219,117,57,148,135,50,206,208,81,94,38,50,121,41,109,33,89,37,68
39.5,96,241,197,50,229,200,108,196,29,66,157,55,32,57,182,69,66,199,46,107,80,47,191,127,74,62,163,105,88,208,186,239,187,67,58,75,89,56,177,72,134,85,101,61,218,194,63,90,239,24,60,97,187,61,73,60,82,160,117,165,118,121,96,54,156,170,204,68,41,60,208,90,148,55,88,185,129,219,106,57,150,130,52,212,207,77,102,38,37,117,30,112,35,72,36,77
39.75,97,244,197,52,231,201,102,196,30,75,154,60,35,58,184,74,68,201,50,108,89,44,194,130,78,63,164,109,90,207,188,242,189,76,65,75,90,63,180,68,131,87,103,64,222,194,66,89,245,28,63,97,187,57,71,65,84,162,117,170,121,127,101,55,159,171,210,74,44,61,209,98,147,55,89,179,139,217,105,57,151,132,48,214,203,74,109,33,39,124,31,107,40,77,40,70
40,98,240,202,55,233,200,105,203,29,75,157,59,38,58,182,73,67,203,49,108,85,47,191,128,78,63,169,108,91,209,187,239,189,74,64,78,94,58,183,72,133,89,104,62,223,194,68,93,244,28,65,100,188,60,67,67,90,161,116,169,121,125,100,54,160,172,213,73,43,67,212,101,147,57,89,181,142,220,105,55,153,134,53,215,203,77,109,33,40,122,34,112,36,79,44,72
40.25,96,240,204,54,235,206,109,203,31,77,161,61,37,62,185,76,69,208,50,107,86,49,195,133,74,59,166,116,93,215,191,242,190,74,62,75,93,64,186,70,137,89,104,63,225,197,67,94,247,29,64,99,189,61,72,65,87,167,119,171,124,130,105,57,161,178,212,74,48,63,214,99,148,60,94,187,140,222,108,57,153,136,50,222,206,73,109,38,45,121,35,117,39,80,42,70
40.5,96,244,202,56,233,209,108,203,30,70,163,61,34,59,185,68,67,202,45,104,83,55,197,131,77,66,168,111,93,211,189,238,194,68,61,74,90,63,183,69,134,84,104,65,222,196,63,88,245,24,63,101,187,56,70,65,87,167,118,170,123,129,108,56,166,178,212,70,45,68,210,96,149,57,93,187,141,223,106,59,150,131,50,216,207,71,110,35,35,121,34,112,37,74,36,71
40.75,98,244,201,54,234,209,110,205,29,69,164,59,33,56,187,72,69,206,50,109,87,49,195,134,76,63,168,110,96,212,193,243,195,70,57,72,94,62,190,73,136,84,107,58,223,197,67,89,249,28,64,98,187,57,70,63,86,169,121,170,120,129,102,51,168,183,212,73,42,65,212,97,151,56,91,188,144,224,105,56,149,131,51,222,208,75,108,34,42,116,36,114,37,74,38,75
41,97,247,208,57,235,210,107,209,30,72,167,60,38,53,188,78,68,206,50,108,86,47,195,136,77,63,171,109,90,212,194,244,192,71,60,75,89,62,191,68,138,82,106,63,227,203,68,91,255,26,64,96,194,57,71,68,88,170,123,172,121,126,106,60,168,182,211,71,48,65,212,99,152,59,92,190,145,225,106,58,150,134,53,223,207,76,106,35,41,123,37,116,37,83,37,74
41.25,95,246,210,56,240,203,106,212,31,84,160,65,34,58,188,69,65,208,48,104,95,46,196,132,73,57,179,111,90,209,200,240,194,75,66,75,90,54,188,72,138,96,108,64,227,205,65,93,241,29,62,106,194,60,74,64,87,168,126,176,116,123,97,58,171,194,214,80,48,60,216,98,154,58,96,189,139,220,108,55,156,147,52,226,212,72,105,35,44,120,36,125,38,89,42,72
41.5,95,245,208,56,241,210,108,209,32,78,167,59,32,54,187,71,67,209,47,104,88,45,193,139,73,58,176,109,94,213,197,242,198,74,59,75,94,60,190,69,140,93,110,65,227,203,67,90,247,29,63,104,196,57,72,63,93,169,125,173,117,128,101,57,168,191,213,78,45,63,216,99,155,57,95,192,140,221,109,57,150,139,50,223,213,74,107,34,45,118,32,125,36,88,37,73
41.75,95,243,206,55,240,207,105,212,31,79,164,65,36,59,189,71,64,212,44,106,87,42,202,135,74,59,173,109,93,214,199,242,202,79,61,79,99,62,194,68,135,88,111,66,229,207,68,95,247,27,64,101,193,58,73,66,90,172,121,174,121,128,105,58,173,194,218,74,45,58,221,109,147,55,101,190,144,223,103,54,156,145,45,224,211,72,112,32,41,122,30,124,39,83,42,77
42,94,247,209,60,240,216,112,212,28,70,169,60,37,59,191,75,68,213,45,107,88,47,198,145,80,66,173,112,99,216,195,246,203,75,56,75,94,63,197,71,142,85,113,65,226,210,68,90,255,26,63,97,197,55,69,64,90,176,123,176,124,131,107,55,173,193,214,71,45,71,219,98,153,59,103,197,148,230,109,60,149,133,50,226,214,76,110,35,38,120,40,132,36,80,38,78
42.25,91,245,214,52,237,206,107,217,26,79,167,61,30,56,188,66,66,209,46,104,89,45,196,133,73,58,179,108,94,214,199,240,198,76,64,65,90,56,191,67,139,89,106,63,230,208,63,93,247,27,61,101,196,56,69,59,88,173,127,176,116,122,97,55,174,196,215,72,43,60,223,102,153,56,100,196,143,222,108,54,155,146,46,228,214,74,108,34,37,118,31,126,36,88,38,71
42.5,93,242,209,54,241,211,112,216,31,73,168,61,33,59,191,73,70,216,50,108,85,47,205,141,77,60,180,108,97,217,200,243,203,76,56,75,95,58,194,70,140,88,111,63,231,206,66,94,249,31,60,104,196,59,68,66,89,179,125,176,120,127,105,56,177,199,217,73,43,67,219,97,154,57,103,201,149,228,107,58,149,138,51,225,216,77,108,35,39,123,37,133,36,82,35,74
42.75,100,244,213,49,246,211,107,215,31,91,173,71,35,62,198,75,65,217,46,111,95,44,207,147,70,55,184,115,97,220,201,244,202,87,62,83,106,62,200,77,149,95,118,67,234,209,69,97,245,30,60,99,204,60,73,67,90,184,124,175,125,136,107,65,183,203,227,76,49,59,225,123,145,53,110,191,159,227,108,56,162,155,48,235,218,70,116,34,37,123,36,134,40,91,43,72
43,94,252,218,54,244,218,120,224,28,82,172,67,39,61,199,74,70,216,49,109,91,50,204,142,77,61,183,112,96,219,206,247,206,82,69,80,101,61,205,72,148,91,113,67,235,214,66,98,256,27,65,102,200,60,70,64,91,180,126,178,125,137,107,59,181,208,229,74,44,69,224,111,152,56,110,198,162,231,113,56,158,150,50,233,215,74,116,34,42,119,37,138,42,88,40,75
43.25,96,249,220,52,245,219,111,220,28,80,178,67,34,60,197,74,67,218,51,104,91,49,205,148,77,61,190,113,96,224,206,247,207,82,63,77,101,57,198,70,148,95,116,66,234,213,66,93,249,32,62,104,203,58,69,67,93,180,128,176,119,128,100,59,182,207,223,80,49,69,224,106,156,62,109,205,154,233,113,59,155,144,49,232,224,81,109,39,40,122,41,136,37,96,37,75
43.5,97,252,219,58,244,222,119,225,31,78,184,65,40,59,201,75,71,218,45,108,91,45,202,147,79,64,185,110,103,223,206,248,208,81,66,74,106,65,203,72,149,89,117,69,238,213,65,91,256,30,66,104,199,58,72,69,90,187,128,179,123,134,108,62,186,211,225,73,49,74,223,107,157,57,110,205,165,233,110,58,154,147,53,235,218,77,113,38,39,123,39,140,39,91,37,77
43.75,97,248,222,53,245,218,112,223,32,83,174,67,34,60,194,73,68,219,54,109,91,51,207,146,75,58,190,110,97,219,209,246,204,85,68,73,105,60,202,74,146,98,119,67,235,216,63,94,251,24,66,104,202,56,71,64,93,182,130,181,123,132,104,61,184,209,224,78,47,62,229,116,151,55,110,201,158,232,105,57,160,152,49,236,223,73,112,35,41,120,38,143,41,93,42,74
44,96,252,221,60,246,224,115,227,33,81,182,65,38,62,200,73,67,223,51,112,97,48,207,152,78,67,190,111,100,222,214,247,210,84,71,77,101,61,203,70,149,91,118,66,239,218,67,94,257,32,72,100,208,61,74,67,94,184,128,184,123,131,112,60,193,208,224,77,48,71,230,112,152,63,114,207,162,234,105,58,154,149,52,233,221,74,113,35,42,122,40,146,39,96,40,75
44.25,96,248,222,55,243,229,119,227,31,81,186,62,35,60,201,77,71,219,52,112,93,52,209,157,79,64,185,115,108,224,209,249,209,85,59,78,109,65,208,67,150,90,120,63,237,215,69,92,261,29,65,101,207,60,75,66,89,190,127,183,127,141,114,59,194,216,229,72,48,76,235,119,153,59,116,205,170,236,107,62,153,149,50,236,219,71,115,35,41,123,38,146,38,90,41,75
44.5,97,251,222,56,242,225,116,226,27,73,186,62,35,59,202,73,67,218,50,107,94,48,205,154,78,62,188,114,104,225,213,251,211,81,61,76,101,61,206,72,148,87,117,61,237,217,68,94,259,26,63,101,204,57,70,63,92,189,126,179,120,133,108,56,192,215,225,70,47,72,227,107,154,59,116,212,162,236,105,57,149,144,52,232,222,75,112,34,39,120,41,150,37,92,33,73
44.75,94,256,228,60,244,226,123,227,34,82,183,63,38,58,203,81,73,221,52,110,94,47,209,151,85,65,194,115,105,226,216,252,213,83,64,75,104,62,209,72,156,93,119,63,241,219,72,91,263,27,65,103,209,61,68,63,93,190,130,185,127,135,112,52,193,218,228,76,44,71,230,119,156,59,121,209,170,237,111,59,159,151,48,236,220,78,117,34,36,122,39,149,41,94,41,74
45,95,254,224,56,245,226,122,230,29,84,181,59,32,56,202,74,70,218,45,110,93,41,209,151,79,62,188,109,102,221,213,250,212,86,64,78,109,62,208,69,154,93,122,61,237,219,72,90,261,28,60,102,205,56,66,66,94,191,132,180,126,136,110,55,195,216,229,73,43,71,231,121,158,56,118,205,170,235,107,56,160,152,49,233,217,74,116,34,36,124,35,151,41,94,43,71
45.25,102,250,219,53,248,232,117,227,31,83,189,63,35,57,210,77,68,220,49,108,93,45,219,162,78,61,184,113,108,225,214,254,210,88,57,86,120,65,210,67,156,92,122,64,238,214,68,96,259,28,64,94,209,63,75,64,92,195,126,178,130,145,117,61,202,222,232,73,44,80,229,127,148,62,121,204,183,236,111,64,158,145,51,234,219,74,121,34,37,124,42,150,44,93,42,78
45.5,100,252,231,52,249,224,119,231,29,86,187,66,34,62,202,75,72,222,50,108,101,46,211,155,80,59,195,110,104,224,219,252,214,91,67,78,111,59,209,74,154,98,125,69,241,223,66,97,255,27,63,104,208,57,76,66,96,190,134,186,122,135,107,57,195,222,226,77,45,68,234,122,159,63,126,211,168,236,112,59,161,164,55,233,227,78,118,36,42,125,40,152,43,100,40,78
45.75,98,252,232,57,247,228,125,230,32,84,188,61,36,63,204,77,70,224,52,111,98,49,210,159,84,61,197,109,105,225,220,252,215,90,62,77,106,66,214,70,156,91,124,68,242,224,66,94,260,28,65,103,209,55,70,68,98,196,132,186,124,137,114,57,199,223,227,78,47,74,235,120,159,61,123,213,175,239,105,58,161,158,51,238,222,70,115,38,41,124,38,159,39,98,42,72
46,96,247,230,54,250,227,116,230,37,90,191,72,35,65,205,75,71,224,52,106,98,49,220,159,78,60,201,113,106,226,221,251,217,97,71,83,112,62,211,74,158,98,123,67,243,226,69,102,254,34,63,108,212,60,78,66,94,197,134,183,123,142,111,65,201,225,232,74,47,71,237,129,155,56,125,212,178,237,104,56,166,164,51,236,227,75,120,36,44,125,40,162,42,99,44,74
46.25,100,253,234,60,246,228,119,232,29,87,190,62,39,64,206,75,70,224,50,107,100,47,212,159,79,66,201,115,106,226,222,251,215,90,65,75,104,61,214,73,155,98,122,68,242,228,68,92,262,25,61,102,209,59,72,65,91,202,138,185,126,138,110,56,202,228,231,74,47,73,239,121,158,57,126,215,177,239,110,55,163,161,49,234,224,74,116,35,42,120,38,158,37,101,40,73
46.5,96,252,232,61,249,234,123,232,30,87,191,65,37,60,207,74,76,226,56,112,98,48,217,158,83,66,200,115,108,227,219,253,218,98,68,81,109,59,213,69,158,95,125,67,241,227,69,99,264,28,67,99,210,57,74,64,94,201,138,185,125,146,114,60,204,228,232,74,44,78,236,130,154,58,127,213,185,242,105,56,161,159,51,236,228,70,118,32,40,126,38,162,43,100,39,75
46.75,93,252,234,59,247,230,122,233,29,86,191,62,35,62,205,74,67,226,51,105,98,47,213,158,79,59,200,110,102,227,224,252,215,98,65,76,106,63,212,67,157,96,126,65,239,226,66,101,260,23,61,104,208,58,73,61,94,197,137,183,123,138,113,57,206,230,229,74,40,73,236,130,155,61,129,213,182,239,109,56,163,162,50,235,224,72,119,30,40,122,40,161,39,98,37,75
47,96,252,237,57,252,234,124,236,30,91,196,66,35,61,208,78,67,227,52,110,100,49,218,162,75,63,206,116,103,232,225,253,216,103,66,84,110,64,215,74,160,97,130,65,244,228,70,99,259,29,62,105,215,57,74,66,94,202,141,188,123,143,111,60,210,234,233,79,47,71,236,129,155,60,133,218,177,239,106,56,167,166,47,233,230,72,119,38,42,123,39,168,42,105,40,73
47.25,91,254,241,57,250,236,124,234,31,85,192,61,34,61,206,77,69,228,49,103,99,50,212,161,82,63,207,108,102,230,226,253,219,95,64,77,106,57,214,71,160,95,122,66,240,231,69,93,259,26,66,102,214,58,72,64,96,201,138,185,117,139,112,58,205,233,232,76,45,76,238,124,159,58,134,219,178,238,108,58,161,165,50,232,229,76,120,37,41,119,37,166,40,101,41,74
47.5,100,250,237,60,249,233,128,232,30,89,195,69,36,60,209,77,71,229,52,109,103,50,216,166,77,63,205,114,108,226,226,250,217,100,68,78,113,62,218,66,161,95,133,67,244,228,67,101,262,32,67,102,211,58,72,69,94,201,139,191,124,146,117,60,210,236,234,76,43,74,239,138,153,61,134,214,185,241,106,54,163,166,52,234,227,72,120,35,39,122,39,168,41,101,40,72
47.75,92,257,242,62,248,240,128,236,34,91,198,72,35,66,211,78,75,230,50,109,106,47,221,169,80,64,206,113,109,231,229,253,220,101,69,81,113,67,220,72,167,100,132,69,247,232,72,100,263,32,64,103,215,62,73,68,97,205,140,188,133,150,120,59,215,237,236,79,50,80,243,139,159,62,138,223,189,243,107,59,165,168,53,234,229,76,127,42,39,128,41,172,42,104,42,76
48,97,255,238,58,249,242,132,232,29,85,198,70,35,65,212,81,77,232,51,112,102,49,219,171,81,64,207,109,108,232,229,255,222,96,65,77,113,62,218,74,165,94,132,67,249,231,68,93,267,26,66,106,212,58,70,66,99,205,145,188,123,147,119,59,213,237,231,73,49,84,241,128,162,62,134,224,187,246,109,61,160,161,49,238,226,73,120,37,38,124,44,175,38,99,38,76
48.25,100,250,234,53,254,240,125,237,31,92,200,67,36,63,210,73,69,228,51,109,99,46,221,173,75,57,207,113,108,233,232,254,217,105,62,77,120,60,221,71,167,97,132,64,245,227,70,99,254,29,65,106,214,60,78,64,99,207,137,184,121,144,116,65,212,239,236,75,46,82,239,131,154,59,139,219,191,243,105,53,164,165,50,233,231,71,121,32,40,125,41,173,41,105,37,69
48.5,97,254,239,59,252,242,130,236,30,91,201,66,37,64,211,76,71,233,50,110,107,47,219,172,81,63,210,114,107,231,230,256,222,102,64,79,112,62,219,75,167,96,130,69,245,233,76,95,263,26,64,109,218,60,77,68,97,209,142,187,123,148,121,55,215,243,236,70,46,81,241,136,158,57,142,221,191,243,108,59,166,167,54,236,232,73,120,36,41,125,43,177,39,103,37,74
48.75,95,255,238,57,252,242,129,237,32,92,202,66,37,60,214,83,72,236,54,109,106,49,222,174,82,65,211,111,115,231,233,257,224,105,67,83,115,65,221,73,166,99,133,66,246,232,73,101,264,27,64,102,220,60,77,71,98,206,140,188,122,152,120,55,216,241,240,74,45,81,238,138,152,58,141,224,193,244,107,59,163,166,53,239,229,74,125,33,43,124,43,173,38,104,36,70
49,96,255,241,56,254,243,126,236,32,93,202,61,37,61,213,80,73,232,53,108,108,48,223,173,83,63,210,111,112,233,234,256,225,105,68,81,113,62,220,73,167,97,135,66,246,234,74,102,263,30,66,102,218,59,74,66,98,206,144,190,122,148,119,59,218,245,238,76,44,82,242,139,156,58,144,225,194,243,108,60,165,165,52,236,230,74,122,37,41,122,43,176,36,104,38,73
49.25,95,256,246,64,251,247,135,238,30,89,212,64,37,65,218,82,78,237,54,115,108,54,223,181,86,67,213,112,112,234,234,257,230,102,68,79,111,66,225,75,167,95,135,69,250,237,78,95,266,32,66,108,220,61,68,67,98,212,147,189,125,145,120,64,218,248,236,77,49,92,243,129,161,63,146,233,193,249,111,67,159,164,56,237,234,79,122,37,46,127,49,182,42,107,37,72
49.5,96,254,242,58,251,247,136,234,31,91,210,65,41,61,219,83,77,234,52,109,106,48,224,180,81,62,212,112,114,236,233,258,230,105,64,79,115,67,227,74,170,96,136,69,246,234,76,94,265,29,65,99,220,59,71,69,98,211,143,187,124,148,121,62,221,243,235,77,46,88,239,133,158,62,147,230,196,247,108,67,157,165,53,233,233,72,122,40,44,124,43,182,38,108,33,74
49.75,93,255,240,55,251,242,134,234,29,98,203,65,32,58,215,78,72,232,50,106,105,43,222,178,80,62,214,110,111,235,234,256,223,111,66,81,117,61,220,70,172,99,132,64,250,235,72,103,264,29,62,104,219,57,74,64,103,211,143,188,124,153,124,59,219,246,239,72,42,83,242,150,155,57,146,224,198,244,107,55,169,176,48,236,226,71,126,30,34,125,35,182,44,104,37,70
50,95,253,244,54,249,243,133,236,27,97,203,64,36,66,215,75,75,235,49,109,109,48,221,175,81,63,218,110,112,232,237,257,223,112,71,78,110,64,222,72,170,94,138,69,248,237,73,98,262,28,61,106,220,57,75,65,102,213,155,191,121,153,118,61,223,246,235,79,50,78,245,147,158,62,149,231,198,243,105,58,169,178,51,233,231,70,121,35,43,124,43,184,47,110,41,70
50.25,96,251,242,57,252,246,129,234,31,94,211,67,34,61,219,80,70,234,52,109,105,51,227,186,74,61,217,113,115,235,235,256,226,112,64,81,118,67,222,69,170,101,142,70,247,236,77,93,261,29,66,102,222,61,75,65,100,214,145,190,123,153,123,62,226,251,236,71,43,90,242,144,157,58,152,229,199,243,105,59,161,172,56,237,232,74,119,35,43,123,44,185,40,106,36,73
50.5,97,253,245,60,250,249,135,235,34,99,208,69,38,65,216,82,75,239,54,113,110,50,226,179,79,63,217,110,116,234,239,257,224,119,68,81,117,63,221,71,173,100,140,73,249,238,73,96,265,27,66,105,220,62,75,67,104,213,150,188,122,153,124,62,222,250,240,81,43,88,244,148,158,62,151,232,197,244,108,61,168,178,52,239,231,78,121,33,40,127,45,189,40,109,41,73
50.75,93,254,245,58,250,248,136,237,26,92,210,62,36,64,215,82,74,236,53,109,103,47,224,183,81,63,217,112,114,237,238,256,228,111,61,79,115,60,220,68,172,95,134,65,244,237,73,91,264,29,61,103,219,59,70,64,100,215,150,185,120,149,123,55,220,250,234,73,45,86,245,137,160,54,153,236,200,243,107,59,164,169,55,233,235,76,122,34,40,122,44,191,36,107,33,72
51,97,257,247,55,253,249,136,239,34,103,211,71,37,61,220,79,76,237,51,105,115,46,228,179,79,63,221,110,111,236,241,258,227,120,68,85,117,65,223,72,174,104,141,69,252,239,81,100,264,30,66,103,219,60,76,68,108,217,151,189,124,158,130,64,229,251,240,81,46,83,244,156,158,59,157,230,203,246,110,58,171,182,55,237,229,72,123,37,44,125,42,188,46,109,36,72
51.25,97,255,247,61,251,250,138,241,31,95,212,65,34,62,222,80,77,237,55,112,111,51,226,186,82,65,220,110,119,237,238,258,227,117,64,78,115,62,224,76,173,98,139,68,251,238,73,97,266,26,63,101,222,56,72,64,100,219,154,190,125,155,127,59,228,254,237,76,44,85,245,148,159,61,158,234,203,248,110,56,165,175,49,234,228,72,123,38,38,123,43,196,40,111,32,70
51.5,96,257,248,64,253,248,136,239,30,102,210,72,36,66,219,77,75,236,53,108,113,51,226,186,83,61,219,112,115,238,241,254,230,123,68,79,118,66,226,71,179,98,141,66,248,239,73,101,268,30,63,107,220,55,75,69,103,217,153,188,124,156,128,63,227,251,239,77,48,85,246,158,158,59,153,237,203,246,106,55,169,183,53,236,230,75,124,32,43,125,41,194,46,112,38,73
51.75,98,260,244,56,256,254,138,241,35,97,217,68,38,66,222,81,75,240,54,111,108,55,231,191,82,63,222,114,115,238,243,258,229,118,64,83,120,63,229,72,176,101,143,72,248,240,78,99,263,29,66,107,226,60,73,71,101,218,154,188,123,155,127,60,232,251,239,77,51,97,243,147,160,63,157,238,204,247,111,59,162,175,55,238,233,81,122,35,43,128,50,195,42,105,32,76
52,98,255,247,56,255,251,139,242,33,100,211,64,35,64,218,78,74,238,53,115,112,53,229,185,78,63,226,112,118,234,245,260,231,123,63,79,118,64,225,73,178,102,143,66,250,242,75,97,265,30,63,104,224,61,72,66,102,219,154,191,119,160,129,63,229,256,237,78,45,84,245,152,161,59,158,233,206,246,107,54,167,182,53,235,232,76,124,38,40,122,44,196,38,110,35,74
52.25,90,251,245,55,252,253,139,242,31,99,210,62,35,62,220,74,74,238,49,107,109,47,230,188,78,56,222,114,118,238,238,256,228,126,64,75,115,61,223,71,180,102,144,66,249,241,75,95,263,28,60,101,226,57,71,65,105,220,153,188,122,161,130,61,231,254,240,73,43,84,244,156,155,52,160,234,210,244,106,56,168,176,54,233,231,71,126,37,34,124,42,193,38,109,36,72
52.5,99,254,247,55,252,247,141,239,33,104,213,64,36,67,219,70,75,240,54,109,115,46,228,187,78,61,229,111,113,235,241,260,231,126,67,77,117,58,226,76,181,104,142,69,252,241,75,96,262,26,62,107,226,59,75,67,104,219,159,192,119,154,129,61,229,256,235,77,46,86,248,155,161,61,163,238,203,248,108,54,167,190,53,233,233,72,125,38,41,124,41,198,40,121,36,64
52.75,98,252,244,57,253,252,141,241,32,103,212,64,35,62,224,78,73,237,51,108,113,45,229,190,80,61,224,112,114,235,241,259,231,130,64,81,122,62,224,70,178,103,145,66,249,242,78,98,261,26,63,102,225,58,73,66,105,219,154,191,126,159,137,59,232,254,236,71,46,89,248,159,157,55,161,236,213,246,107,59,167,186,52,234,226,69,126,37,39,128,42,199,42,114,35,71
53,95,258,247,61,253,257,146,243,32,96,220,59,35,62,224,77,78,241,54,113,111,51,230,194,82,66,224,113,118,238,242,261,230,126,63,74,117,64,227,74,180,96,144,66,251,241,80,91,266,27,63,106,224,59,70,70,101,220,159,187,124,156,134,58,233,255,236,73,46,93,248,151,162,60,163,243,211,246,106,61,163,177,54,234,232,73,126,38,42,124,47,198,41,115,32,70
53.25,94,258,244,61,254,257,145,241,31,96,221,65,41,68,224,81,79,238,55,105,109,54,229,195,85,63,225,110,120,236,242,260,230,129,67,76,120,64,228,71,183,96,144,68,251,242,79,94,271,26,67,106,221,59,71,63,105,222,160,187,126,162,140,63,235,257,239,74,48,96,246,161,159,61,166,242,212,248,107,61,164,182,54,240,229,74,128,41,39,126,50,204,38,111,35,71
53.5,95,253,244,56,255,254,139,243,32,106,217,67,39,67,224,79,77,236,55,107,114,48,233,196,81,58,226,112,120,240,241,255,228,136,68,77,118,66,226,70,185,104,146,69,251,240,80,96,265,27,65,110,225,58,76,65,106,222,157,192,116,161,136,65,236,257,238,73,46,90,246,162,158,59,167,238,212,246,107,60,169,191,53,238,229,72,127,35,40,124,45,202,41,115,35,69
53.75,92,252,244,55,253,256,138,241,29,101,218,64,35,59,222,78,75,239,50,109,109,46,229,196,76,58,218,111,120,235,243,258,226,133,64,78,121,63,226,71,182,97,146,66,250,240,76,96,266,28,60,101,224,55,74,64,103,221,155,188,125,170,138,59,234,255,239,73,48,91,247,165,154,54,168,237,216,246,106,58,165,180,48,237,225,70,122,34,35,119,48,197,37,107,39,69
54,93,257,250,57,251,254,144,242,29,105,215,68,36,69,221,76,79,242,54,106,114,50,232,194,79,61,227,113,117,236,245,258,232,134,70,74,114,63,228,74,185,103,147,68,251,242,75,99,268,29,62,106,227,54,76,64,107,219,166,191,120,160,134,56,234,256,238,75,47,89,248,159,160,62,171,242,213,245,112,56,170,192,54,231,230,74,123,35,40,125,48,204,43,118,40,67
54.25,96,258,250,61,256,256,149,242,35,109,218,64,40,64,227,79,79,243,54,111,118,47,234,194,80,65,231,113,118,239,250,260,234,144,71,77,121,62,229,70,183,105,149,68,251,242,76,100,267,27,64,106,230,63,78,65,110,225,159,196,122,169,139,66,239,259,242,79,49,87,252,170,160,59,170,241,215,249,110,62,172,191,55,235,229,79,125,40,42,124,47,208,45,121,35,72
54.5,93,255,243,55,253,261,146,243,36,105,222,66,38,65,231,80,80,241,48,112,112,49,236,204,83,62,225,115,123,242,248,258,230,139,61,85,126,64,230,72,188,99,150,65,249,239,85,97,267,28,64,104,226,62,76,68,102,225,161,188,123,168,145,62,238,257,241,71,50,101,247,162,157,57,168,245,221,250,106,64,166,179,53,235,231,69,122,41,41,126,52,208,36,109,37,71
54.75,93,255,246,59,254,258,150,240,32,104,219,66,38,62,221,81,81,243,47,113,116,48,233,205,83,62,228,111,117,240,249,259,234,141,62,81,122,63,227,72,184,104,148,63,252,244,82,94,267,27,62,102,224,57,76,67,106,224,162,191,122,170,140,61,242,257,240,75,47,99,246,162,155,58,172,246,217,246,105,58,169,186,53,232,228,73,117,38,38,128,48,208,39,116,34,70
55,92,253,247,59,252,257,150,242,33,106,217,63,35,63,224,80,80,242,52,113,118,49,233,197,79,64,229,114,119,238,248,260,233,144,70,82,123,62,229,78,189,105,150,70,251,244,81,99,268,28,65,107,226,59,75,69,109,227,162,193,122,165,140,64,238,258,244,77,49,93,250,167,158,60,175,245,219,248,110,60,170,191,52,236,230,76,116,37,40,127,49,208,38,116,38,71
55.25,94,260,252,59,255,258,156,243,31,108,221,68,38,68,228,83,84,242,53,111,120,52,236,199,82,65,229,112,125,244,246,258,233,145,68,82,125,67,224,73,188,105,152,73,254,246,79,100,268,31,67,108,228,66,70,67,108,231,167,193,126,173,148,62,243,263,244,77,48,96,250,174,157,60,177,245,225,251,110,57,173,194,53,233,230,72,119,39,40,124,53,208,38,115,37,69
55.5,93,257,249,55,255,255,148,241,29,113,218,65,36,68,224,76,75,243,50,110,118,49,232,196,79,59,231,113,119,241,248,259,230,146,72,84,120,63,230,73,186,108,152,70,253,244,81,98,263,28,62,105,228,58,72,65,107,225,169,193,120,171,137,63,240,261,241,74,44,88,249,172,156,59,176,243,217,245,106,54,171,197,53,229,232,75,115,37,41,124,46,209,38,119,35,65
55.75,90,256,252,56,255,259,155,242,27,110,216,64,40,67,225,81,80,240,52,111,118,47,235,201,79,62,229,115,122,240,245,261,233,150,69,84,125,63,225,70,190,105,150,69,254,242,80,99,268,29,64,107,229,59,72,64,109,224,165,190,127,171,146,60,241,263,243,72,43,96,249,180,156,59,177,244,224,244,107,55,173,197,54,228,228,73,117,38,43,126,48,209,40,112,36,70
56,89,255,251,59,256,262,154,244,30,107,222,63,35,67,226,80,79,242,54,110,118,48,234,204,81,60,227,114,123,239,247,260,234,147,62,80,124,66,227,74,192,103,152,67,251,244,83,95,269,27,66,104,228,60,76,66,111,228,164,191,123,174,149,60,242,258,241,76,50,96,247,171,158,61,176,247,222,248,109,58,168,188,54,233,229,76,115,45,41,122,47,211,39,115,34,70
56.25,93,262,256,63,255,259,157,242,31,112,218,62,38,70,224,81,83,245,53,112,128,47,236,203,81,63,233,117,126,242,249,259,235,153,70,80,123,67,231,74,194,104,153,69,255,246,80,103,272,27,67,107,230,61,77,67,114,228,173,195,126,177,152,58,247,264,244,76,48,91,253,182,157,61,181,244,225,252,111,57,174,199,56,234,231,74,117,44,43,126,49,215,42,119,39,69
56.5,93,253,250,56,258,255,154,247,35,118,225,63,35,72,225,77,82,245,51,114,122,45,238,209,77,62,234,117,128,243,250,258,236,159,70,84,122,60,229,73,194,108,159,72,253,247,83,103,262,29,62,109,231,59,79,69,112,232,173,194,119,174,148,66,242,264,243,79,52,93,254,180,161,58,181,247,225,247,109,59,176,200,52,231,231,72,120,40,41,123,48,215,45,124,39,69
56.75,94,260,255,60,253,259,157,240,31,114,223,62,37,76,227,80,85,249,50,117,123,47,239,206,79,67,236,117,123,241,252,261,235,159,72,83,123,65,229,74,194,108,154,71,255,247,83,97,270,27,64,110,231,56,74,65,112,230,173,194,120,174,148,64,245,263,240,77,47,93,250,179,164,57,179,249,222,253,110,57,174,202,53,235,231,75,118,44,41,125,51,214,42,120,42,67
57,95,262,257,63,251,261,162,241,31,108,225,63,40,69,228,83,83,245,55,110,120,52,235,206,82,66,234,117,127,240,253,259,233,154,70,76,126,64,230,75,194,104,157,70,253,247,82,100,272,25,67,110,227,63,74,67,111,231,177,197,123,177,151,63,245,263,239,77,50,100,252,177,163,63,181,253,226,249,110,61,173,198,56,233,230,75,121,40,41,128,51,215,40,122,39,68
57.25,91,256,245,55,258,261,155,246,33,115,220,61,34,62,229,85,80,240,54,111,119,45,241,209,75,64,226,116,128,242,251,261,233,167,65,89,138,65,225,68,200,104,160,67,257,241,86,100,269,30,67,100,228,62,79,68,109,234,165,184,128,180,163,65,248,261,248,70,45,99,252,199,154,53,184,242,235,249,107,57,171,195,50,235,226,66,116,38,40,126,49,213,42,115,41,73
57.5,92,260,252,56,251,262,160,239,30,108,229,60,34,70,228,80,87,243,53,111,121,47,238,211,77,64,230,114,127,241,250,261,239,153,64,78,124,62,226,69,199,102,159,68,253,245,84,94,273,27,62,101,229,59,73,67,110,231,172,191,121,175,153,60,244,259,239,74,47,101,250,177,162,58,182,249,226,252,114,59,168,191,51,232,233,70,113,42,42,125,52,219,40,117,31,72
57.75,93,255,247,58,254,261,153,247,30,120,223,64,40,67,231,80,83,248,57,107,119,51,243,212,73,60,230,116,130,243,249,259,233,171,69,88,132,64,228,71,199,107,160,68,254,245,87,103,263,30,65,108,236,62,81,70,116,233,171,191,125,183,162,65,247,258,249,73,47,100,252,204,155,56,186,242,235,248,106,57,172,201,56,233,224,70,118,40,46,126,46,215,42,118,40,79
58,92,262,254,58,250,262,160,242,28,118,222,64,39,71,230,81,86,249,54,113,126,51,239,209,81,59,236,115,130,244,253,262,237,165,71,84,125,63,231,72,199,106,160,70,254,247,84,101,268,26,68,109,232,60,79,67,115,233,179,194,126,178,164,60,244,259,244,75,48,95,254,192,162,59,190,249,231,249,110,57,172,205,58,232,225,75,121,39,47,127,49,220,39,117,36,74
58.25,94,257,249,57,255,263,154,249,36,123,220,69,35,65,235,82,85,247,54,113,123,43,242,210,77,68,228,116,129,245,251,257,237,169,67,91,137,65,230,68,203,110,162,70,255,245,87,106,269,31,65,102,233,60,81,72,118,236,169,189,131,186,170,64,247,258,247,71,51,99,253,204,155,57,185,242,233,251,111,60,177,203,52,234,230,71,120,39,40,127,53,223,44,117,40,66
58.5,95,256,255,56,251,260,158,248,32,121,222,65,37,70,228,79,87,249,54,111,123,46,238,208,80,64,238,113,129,245,255,262,235,169,69,85,127,63,228,74,201,112,162,73,255,249,85,104,268,27,69,109,233,59,78,72,116,233,176,195,119,179,161,62,247,260,242,79,51,94,255,194,161,60,186,248,228,250,111,57,177,207,55,232,231,73,118,37,44,126,53,221,45,126,42,66
58.75,90,262,254,58,252,260,160,244,34,120,222,62,38,71,230,81,83,248,53,112,125,47,241,209,80,64,233,112,128,243,254,259,236,172,71,85,128,66,228,71,201,104,161,67,258,248,83,106,269,25,61,105,228,59,79,66,117,233,179,193,126,184,162,63,249,261,242,75,43,98,251,200,160,53,187,249,233,249,105,56,174,206,53,230,225,74,121,41,39,126,49,220,43,122,40,68
59,93,255,251,59,252,262,163,243,30,114,227,64,38,65,231,81,88,245,54,114,125,50,239,215,78,62,237,113,130,243,254,263,237,165,66,85,127,63,230,73,202,106,160,69,255,249,85,99,269,28,67,101,230,61,73,69,116,232,180,190,125,183,164,61,249,259,243,75,47,105,251,186,162,59,188,254,227,252,112,60,170,199,54,231,226,69,119,40,45,121,55,220,41,116,37,71
59.25,88,253,243,50,256,257,157,247,28,125,221,65,37,69,232,78,84,247,52,109,121,44,244,215,66,59,231,116,132,240,250,256,232,178,65,91,137,68,224,71,202,110,165,70,256,243,87,103,259,30,58,104,228,63,82,65,117,233,171,190,120,189,165,66,250,256,251,73,44,96,251,204,150,56,187,238,238,251,107,58,177,205,54,233,224,71,120,30,44,127,45,218,44,118,45,73
59.5,92,262,255,61,252,265,168,245,36,119,230,63,37,73,230,82,91,247,59,114,129,52,243,217,83,69,238,113,133,245,258,262,239,172,72,82,127,64,231,74,207,110,164,72,259,251,88,99,273,32,68,113,233,66,78,69,114,235,185,192,121,185,164,66,246,264,240,79,50,109,251,187,171,64,194,257,228,252,112,60,172,204,57,232,228,75,122,38,47,127,58,223,43,124,40,69
59.75,89,257,255,58,251,264,164,245,35,118,225,65,33,70,234,85,91,247,53,114,126,50,244,220,82,63,234,117,134,246,253,261,235,174,73,86,131,70,230,71,205,109,165,71,254,247,90,102,269,30,68,105,237,62,78,66,120,237,177,191,127,187,171,65,248,260,249,78,51,108,253,194,163,60,190,251,236,254,112,60,173,204,55,232,229,73,126,39,43,124,52,221,46,118,37,67
60,91,258,254,60,248,267,166,243,31,117,225,59,37,72,230,89,92,245,49,113,128,52,242,219,82,68,236,118,137,246,254,263,239,174,68,83,127,70,228,73,208,106,164,70,255,246,86,98,275,29,64,110,231,60,76,65,118,235,179,189,121,188,171,61,244,258,243,78,50,108,253,193,166,60,188,256,234,254,109,60,175,204,56,230,228,68,125,36,41,126,54,223,44,120,37,73
60.25,89,259,256,56,249,264,170,240,29,115,228,59,37,69,231,80,92,244,50,114,127,53,239,216,80,61,236,118,134,242,256,260,240,172,65,75,126,64,225,69,205,106,167,68,255,246,86,92,276,27,63,106,230,59,73,66,115,233,182,187,128,186,169,58,244,257,240,76,47,108,251,190,166,61,190,255,230,252,105,62,168,199,58,228,232,70,126,37,39,123,56,219,40,118,35,65
60.5,90,261,258,61,249,266,173,238,31,114,234,59,38,72,230,82,91,248,52,114,129,52,240,218,86,64,236,119,138,245,255,264,243,175,67,80,126,65,228,69,209,104,166,70,256,249,88,93,278,26,63,108,231,61,74,69,116,233,187,189,124,191,171,59,246,260,240,78,53,109,252,188,165,61,191,258,231,253,113,63,169,200,59,228,233,73,129,40,42,125,59,225,42,120,37,67
60.75,96,262,260,64,247,267,177,240,33,120,228,66,36,76,229,81,93,246,54,110,132,54,242,217,86,64,235,115,138,247,257,261,241,177,73,81,125,65,228,79,207,108,165,71,258,249,88,96,274,34,66,108,234,63,79,66,117,235,187,191,129,185,170,63,247,259,240,79,51,106,254,196,167,61,193,258,234,250,111,64,173,206,64,224,232,76,127,39,43,127,59,226,45,121,37,70
61,95,258,257,61,253,260,171,240,26,124,226,61,41,75,231,82,92,249,54,113,132,50,242,219,81,59,241,114,139,247,257,263,236,177,73,81,126,61,229,78,211,114,168,71,257,251,89,102,271,32,67,113,234,61,76,63,123,234,190,195,121,184,171,64,243,261,242,83,47,104,254,197,168,61,197,256,234,252,110,57,176,213,55,224,235,74,123,37,45,124,57,228,42,126,40,68
61.25,90,258,247,55,253,263,168,246,28,130,224,64,39,67,235,83,88,248,56,114,128,49,246,219,73,59,231,118,142,244,254,259,235,185,67,94,135,69,229,69,211,109,171,69,259,246,91,102,270,30,65,107,232,60,81,72,121,237,183,188,131,193,185,63,247,259,248,73,43,109,254,213,161,59,192,247,239,251,110,58,176,206,55,227,227,70,124,37,39,127,52,223,43,119,41,65
61.5,88,262,256,55,245,264,173,235,32,120,228,58,37,69,229,82,98,244,53,113,128,53,240,216,81,64,236,113,134,244,257,262,236,179,72,80,124,63,227,68,211,106,169,65,258,246,84,93,274,30,62,104,232,55,74,63,122,235,186,191,123,186,175,61,247,261,240,76,47,106,250,195,168,59,195,256,229,250,109,58,174,207,59,224,229,75,125,37,39,125,53,223,41,121,33,63
61.75,86,252,244,51,251,263,169,250,33,127,224,62,34,68,237,82,90,247,53,114,125,49,249,221,75,56,232,115,141,247,252,256,235,181,61,89,137,63,225,71,211,109,169,68,256,243,93,97,264,28,63,103,233,64,77,68,119,237,178,183,126,198,181,66,251,259,247,70,45,111,249,208,160,57,193,244,242,251,109,60,175,206,54,229,224,63,128,34,38,120,53,222,36,114,37,69
62,88,256,258,57,249,262,172,238,28,125,221,56,36,73,231,83,95,248,54,112,138,46,241,213,80,60,237,113,139,244,255,259,237,189,71,82,125,66,226,75,208,114,168,69,257,247,84,101,270,30,59,107,230,63,80,63,121,233,189,194,125,189,179,65,247,257,240,80,50,101,255,209,165,60,195,253,237,249,111,58,181,215,54,225,225,68,126,35,43,125,53,224,43,123,40,63
62.25,91,260,261,61,243,263,177,233,32,124,226,54,36,74,227,81,101,249,55,113,133,47,243,220,87,61,238,113,138,245,256,260,239,182,65,76,122,64,229,75,209,107,170,69,257,249,82,96,273,29,64,110,234,58,72,64,119,235,189,191,124,188,174,64,245,260,240,78,49,107,253,196,169,66,200,257,231,248,109,58,172,207,53,227,230,76,129,36,43,128,56,224,38,124,32,63
62.5,90,260,259,55,250,259,178,236,34,135,226,63,36,80,230,81,100,249,58,111,137,49,243,218,79,59,242,118,139,245,257,263,239,193,72,82,129,68,228,78,212,115,173,74,258,249,88,107,272,33,66,114,232,63,78,71,125,237,194,194,122,192,178,66,248,259,243,84,51,107,257,207,169,60,199,258,232,253,114,59,181,218,61,222,232,75,130,37,43,128,63,231,47,129,42,61
62.75,87,250,250,49,252,255,170,245,32,135,221,59,34,67,229,76,91,249,50,107,133,43,246,221,71,56,239,117,138,244,253,256,233,193,67,84,131,57,223,68,212,115,170,73,256,246,87,102,261,27,62,108,229,60,80,68,122,233,189,185,114,193,179,67,246,259,245,75,45,104,254,212,164,57,196,249,228,247,107,51,183,215,53,222,233,63,127,36,42,123,53,228,42,126,39,60
63,92,262,258,62,244,264,183,233,32,123,228,57,37,73,234,80,97,248,53,110,133,49,243,221,82,65,236,116,144,243,256,260,239,186,65,77,125,69,229,70,211,109,172,70,260,250,89,95,278,27,63,106,230,60,75,62,117,235,190,186,121,187,180,61,242,260,239,73,50,112,254,205,172,62,199,261,234,252,112,63,171,207,59,224,230,74,128,37,38,126,57,224,37,124,37,64
63.25,88,257,251,54,253,263,171,242,31,132,225,61,35,70,237,82,97,247,56,112,132,51,245,222,76,63,233,120,146,246,255,260,236,191,69,88,136,64,225,71,211,111,173,70,260,246,93,100,269,29,61,102,230,60,79,66,123,239,184,185,128,200,190,65,249,261,247,70,46,109,252,218,163,57,196,252,240,250,108,60,181,212,55,227,223,70,134,36,41,126,52,229,38,121,40,65
63.5,85,258,260,58,246,260,177,233,32,132,225,55,34,71,232,79,101,251,52,111,134,47,242,221,78,61,234,111,141,244,255,262,238,192,71,81,126,67,223,71,215,112,174,67,256,247,88,103,273,28,60,104,230,62,75,68,127,234,191,188,124,192,182,59,247,257,240,74,46,107,252,213,162,56,198,255,237,249,106,57,179,217,57,219,223,68,133,35,39,126,60,227,41,127,41,64
63.75,86,258,256,58,249,265,179,241,34,131,229,61,36,70,238,82,100,249,56,114,132,50,249,226,80,62,233,116,144,247,255,260,242,195,68,88,131,63,227,70,213,111,175,67,260,248,91,103,275,35,66,106,232,63,78,66,124,238,186,186,127,200,191,60,252,259,250,74,47,115,252,216,163,58,200,252,238,253,111,61,180,211,55,225,225,66,136,35,38,127,55,227,39,121,40,66
64,89,261,260,60,245,264,186,230,30,129,228,60,36,75,230,83,105,251,56,112,134,51,246,222,82,68,239,113,143,245,258,265,241,192,66,81,126,64,228,67,212,108,172,67,258,250,89,95,277,35,64,103,228,59,72,63,118,236,196,188,121,194,184,59,250,260,240,71,44,116,253,206,168,61,202,261,236,255,112,61,176,210,57,220,229,72,134,37,38,124,58,229,43,126,39,61
64.25,90,265,261,62,245,267,189,231,32,132,229,58,38,78,235,84,107,253,55,113,138,53,245,227,85,63,238,117,151,247,259,262,241,198,72,81,124,65,227,75,216,109,174,69,261,249,88,96,278,32,66,105,234,60,75,67,126,236,196,190,123,196,189,60,253,262,242,78,47,116,253,206,167,62,203,261,234,255,112,66,180,210,57,221,230,74,137,41,43,126,60,230,42,128,36,64
64.5,91,264,260,62,245,263,184,233,30,134,228,62,39,77,233,85,105,248,55,114,141,50,248,225,83,64,239,115,147,248,258,259,240,197,70,85,129,67,230,72,220,109,172,68,259,250,92,104,278,29,64,107,232,61,77,67,127,238,197,191,129,197,191,62,250,259,242,78,48,111,257,217,164,58,203,256,238,250,108,59,183,217,57,224,226,70,137,41,37,124,56,229,42,130,42,60
64.75,89,265,260,59,247,266,189,235,33,134,227,55,38,76,234,85,106,251,61,113,136,53,247,227,84,65,236,116,149,247,257,263,240,196,71,86,130,65,232,76,219,112,176,68,260,250,95,103,273,28,66,110,230,59,79,65,124,238,194,191,121,198,189,61,249,259,245,74,52,116,254,214,166,63,200,258,239,251,111,61,182,212,57,223,229,71,136,43,38,122,59,228,43,125,40,59
65,86,261,262,59,246,267,191,231,28,132,230,58,38,82,234,85,110,250,56,114,140,53,247,226,83,66,239,115,147,248,258,264,241,195,67,79,127,68,225,77,221,112,175,72,260,249,94,97,274,35,68,109,230,59,75,66,127,236,201,192,121,198,190,66,252,261,242,76,50,115,257,213,170,63,205,262,238,253,113,60,179,215,58,221,234,74,140,42,44,125,57,231,38,127,34,64
65.25,91,262,256,61,245,264,188,233,33,136,227,60,38,75,236,81,110,249,57,115,142,47,249,223,79,65,239,118,151,246,259,261,242,201,72,90,129,68,227,76,219,113,179,69,259,250,95,104,275,35,66,111,230,59,78,69,130,239,197,188,126,201,195,65,251,261,243,80,48,117,255,217,165,61,204,260,240,251,112,61,182,217,59,222,226,71,141,38,43,129,57,230,41,129,42,64
65.5,92,265,280,79,246,265,203,226,36,138,239,54,46,89,232,93,121,256,60,117,151,52,241,222,99,68,255,118,137,246,264,264,247,198,78,74,120,63,236,77,219,110,178,77,263,256,93,104,285,31,69,118,236,53,81,64,115,238,216,196,120,193,170,62,247,264,237,79,54,107,257,193,172,76,218,262,228,253,126,57,182,223,62,216,244,80,134,45,51,126,66,235,46,143,39,58
65.75,91,261,261,60,247,265,191,228,31,134,231,56,40,77,233,85,111,251,59,112,141,55,249,227,83,66,238,112,149,248,260,264,245,196,70,82,129,67,229,74,222,112,174,69,262,249,98,97,277,26,65,110,233,60,73,63,127,236,202,187,124,201,193,62,251,263,242,77,48,118,253,211,168,63,204,262,237,255,112,60,176,214,57,221,230,72,140,40,37,126,60,233,43,126,39,57
66,84,263,264,63,247,267,196,230,34,136,227,56,41,82,237,82,117,251,57,112,142,53,244,227,85,64,241,118,149,249,260,263,242,200,71,84,128,64,228,79,224,108,179,69,261,252,97,100,280,33,71,110,232,63,75,65,129,237,202,192,122,200,194,65,250,261,241,75,48,118,254,215,167,58,205,260,234,254,106,63,177,219,61,218,229,71,141,43,46,122,58,231,40,133,38,58
66.25,90,261,260,59,246,264,192,232,34,141,226,58,42,80,235,83,112,250,57,116,146,46,252,226,82,64,242,118,152,248,257,260,242,201,71,84,131,65,226,75,223,116,178,74,262,250,94,107,274,32,65,113,230,62,78,68,130,238,205,193,124,202,197,65,250,260,243,80,46,117,257,221,169,63,206,259,235,253,108,62,183,227,55,220,226,70,138,39,40,123,58,231,42,131,42,61
66.5,87,263,264,63,248,263,193,231,34,144,226,61,44,83,235,81,119,253,58,114,147,51,250,227,84,67,243,119,152,250,258,263,244,203,73,79,126,67,225,76,227,120,183,73,262,251,98,110,274,33,64,113,234,65,79,66,133,240,207,193,122,201,201,64,252,257,242,86,50,114,255,218,172,63,207,262,235,254,110,58,186,227,60,218,230,70,138,42,50,125,61,234,40,135,46,59
66.75,85,264,262,65,244,267,196,228,34,138,233,57,41,80,239,83,117,253,56,117,141,54,245,234,83,69,242,117,152,250,259,265,241,199,68,82,129,65,224,73,227,107,180,73,263,250,101,98,278,30,69,109,232,60,74,66,127,240,205,189,126,201,198,62,254,262,241,78,48,122,252,210,170,63,208,260,238,255,112,62,179,215,61,220,233,73,138,46,45,127,61,232,38,127,38,62
67,91,261,264,59,247,266,194,231,30,144,229,53,39,76,234,84,118,250,56,113,150,49,248,228,84,64,239,121,151,247,258,262,242,207,72,85,133,66,225,72,224,114,177,76,262,252,96,108,278,30,64,114,233,63,78,71,132,242,203,188,129,202,199,63,254,260,243,79,46,115,256,225,168,58,203,259,242,251,108,58,185,223,59,222,222,68,139,38,44,129,59,234,40,129,43,61
67.25,86,260,260,61,244,265,197,231,30,139,231,55,37,76,235,82,118,249,54,109,146,51,248,229,81,65,242,111,153,246,258,266,244,206,72,77,128,65,230,73,225,114,183,69,262,249,94,99,274,34,64,112,232,61,77,67,129,239,205,188,118,201,199,62,253,259,239,81,49,116,255,218,167,62,204,261,235,251,109,64,185,220,59,217,224,69,136,40,44,126,59,230,39,130,38,63
67.5,85,259,260,58,245,267,198,230,29,139,232,56,35,81,237,84,120,248,58,114,142,48,249,236,82,64,239,115,155,248,262,263,242,202,65,85,130,65,227,76,227,111,180,69,259,249,97,99,277,28,68,108,233,61,78,67,130,241,202,183,124,204,204,66,254,263,243,75,49,124,254,219,167,59,210,264,238,255,108,64,185,215,57,218,228,72,140,39,41,129,60,229,38,128,32,57
67.75,85,261,263,60,244,264,200,229,29,137,227,57,33,79,235,83,120,249,55,114,145,50,247,232,82,61,238,113,158,244,260,261,244,204,66,83,126,64,227,77,225,111,181,69,260,251,95,98,277,29,66,110,231,58,75,65,125,236,202,186,119,205,201,61,250,261,240,75,51,124,256,216,167,62,208,261,234,252,109,62,179,218,58,217,230,74,137,40,41,125,58,229,37,129,34,57
68,83,259,257,56,250,265,198,232,31,141,228,57,39,77,238,79,116,250,57,114,144,51,251,235,78,61,237,115,160,248,260,261,241,205,67,88,133,67,228,75,226,114,185,67,262,249,97,102,273,31,64,110,229,58,76,65,132,239,201,185,126,208,204,67,254,260,246,74,49,129,254,223,165,61,204,259,240,253,107,61,180,214,55,224,223,69,135,39,42,126,60,231,40,124,35,59
68.25,88,264,264,64,246,270,202,230,34,138,231,62,41,78,241,85,124,251,57,115,147,53,253,235,83,66,240,118,165,249,262,265,244,207,72,84,133,71,230,77,227,110,184,73,262,252,97,100,280,34,66,110,235,62,75,68,128,239,205,188,126,206,205,63,252,264,241,78,50,127,256,216,170,67,210,266,239,257,113,68,181,217,62,221,230,76,137,41,44,124,62,234,44,129,36,61
68.5,88,262,264,65,243,268,200,228,32,137,235,60,37,74,238,84,127,250,59,115,147,55,250,233,83,65,241,118,159,249,258,264,246,206,68,82,135,67,225,73,227,110,183,69,264,249,101,100,283,32,66,110,232,64,78,66,127,240,205,188,126,209,207,63,252,263,242,72,52,129,257,218,167,66,208,261,240,252,109,62,182,216,58,219,224,70,140,40,44,128,62,234,37,130,39,54
68.75,88,260,267,60,243,264,201,228,35,147,221,58,40,84,236,77,128,251,50,111,149,47,252,229,77,62,241,116,155,245,259,261,242,211,74,83,127,66,224,81,226,116,188,73,262,252,95,107,278,31,64,104,230,65,79,67,130,241,208,191,122,209,208,67,250,260,243,80,50,114,256,228,165,59,205,261,234,250,111,58,191,232,60,216,221,67,136,38,42,118,56,234,40,131,43,59
69,86,261,265,62,244,268,201,227,36,143,230,61,39,77,240,86,128,252,57,112,150,49,251,231,88,65,237,119,164,251,259,263,247,207,73,89,135,67,227,75,229,110,185,73,262,252,98,103,283,31,63,106,231,62,77,70,135,241,207,189,129,212,210,58,254,260,242,77,49,123,259,226,166,62,207,260,242,255,112,61,187,223,57,217,223,69,137,40,42,123,60,229,41,127,39,61
69.25,84,257,254,57,246,265,199,230,33,143,228,59,40,77,241,84,126,249,55,115,144,48,252,236,79,62,236,119,164,250,260,262,242,207,73,96,136,66,229,69,230,110,190,71,262,249,101,100,275,31,63,106,233,63,85,70,131,240,202,188,126,213,213,62,255,257,246,75,48,130,255,227,163,61,210,260,242,255,110,58,185,221,58,218,221,68,135,42,42,125,60,231,41,123,39,62
69.5,87,259,260,61,244,265,201,227,30,146,226,58,43,81,237,79,128,250,50,115,149,51,250,233,76,60,241,116,161,248,258,260,246,213,74,91,134,62,227,75,227,118,190,71,262,249,100,109,274,32,61,111,225,61,81,71,138,241,210,192,121,208,209,63,251,262,246,80,53,124,258,229,164,58,209,259,238,252,103,61,189,226,57,216,223,67,135,39,43,125,57,234,41,130,41,58
69.75,90,260,268,62,245,264,208,227,31,154,228,59,37,88,235,81,131,256,57,111,159,46,250,232,78,60,246,116,160,247,261,262,246,218,75,84,127,62,231,76,229,120,190,76,264,251,99,108,274,31,68,115,232,61,78,62,135,238,216,193,119,209,205,62,254,261,243,79,48,120,260,226,165,62,213,262,237,251,108,56,192,230,59,213,227,70,132,43,41,127,61,237,45,137,45,57
70,85,265,266,63,244,268,207,228,29,148,229,59,38,85,232,82,133,253,58,110,154,50,250,229,77,63,243,118,162,247,261,265,246,213,73,84,134,63,225,75,228,115,188,74,263,253,95,107,279,32,69,114,232,63,79,62,135,241,211,190,122,208,207,63,250,261,243,80,48,121,258,225,164,60,206,264,236,255,109,58,189,226,58,214,224,66,133,41,43,125,62,235,41,135,42,55
70.25,80,267,266,61,243,270,210,225,30,141,229,51,39,81,239,84,129,252,57,111,147,49,250,234,81,66,240,115,165,247,259,265,248,210,63,79,128,66,225,74,229,109,189,73,264,251,102,100,281,30,66,108,229,60,75,62,132,236,207,184,124,206,208,62,253,263,240,75,48,130,255,220,167,63,209,265,240,257,108,60,182,214,59,213,222,67,133,37,44,126,65,230,40,127,35,58
70.5,85,260,264,59,243,265,207,228,34,143,229,56,37,86,237,84,137,253,54,112,149,53,254,235,80,59,245,117,161,249,259,261,241,214,68,84,131,62,229,73,229,116,190,72,263,251,103,100,276,27,65,113,231,62,78,68,135,238,208,185,118,210,213,64,251,264,240,78,44,127,257,223,167,63,211,264,232,252,112,61,188,220,58,213,224,72,134,38,42,127,61,233,34,129,34,56
70.75,86,263,263,59,241,265,211,227,34,144,231,54,40,79,240,85,136,250,56,110,147,53,249,236,82,66,241,114,161,250,261,262,245,206,68,84,129,64,227,71,230,110,186,72,265,254,105,98,278,34,67,112,230,63,76,68,134,240,211,183,122,210,214,61,250,264,239,75,48,133,258,222,168,64,211,266,237,255,111,64,182,214,57,215,220,70,138,39,43,127,64,233,38,127,33,55
71,85,261,270,60,243,266,214,227,31,149,228,54,39,87,235,82,137,250,54,113,154,53,249,235,82,63,243,116,160,248,258,263,246,211,69,82,129,65,226,76,227,114,190,73,264,253,100,100,276,33,65,114,229,61,76,62,140,243,215,185,119,212,210,65,252,261,239,75,49,125,257,224,167,64,210,265,234,255,108,63,186,219,58,214,226,72,137,45,40,124,63,233,41,127,38,57
71.25,84,262,267,61,241,268,211,225,33,149,228,57,38,83,237,84,138,251,58,113,153,49,252,234,82,62,241,115,164,246,263,262,244,212,73,80,131,70,225,74,231,113,188,72,262,249,97,105,280,33,68,110,228,61,74,68,138,242,213,186,124,212,217,65,253,259,242,76,49,128,256,226,167,60,206,263,239,255,113,57,187,225,59,212,221,71,137,41,44,123,59,232,38,130,40,59
71.5,91,255,260,55,249,258,206,233,31,159,226,57,40,85,233,76,140,255,55,112,156,47,253,235,75,58,246,118,159,249,261,258,244,217,78,85,127,59,225,72,230,124,193,73,266,254,99,102,265,36,64,119,227,62,80,67,142,241,218,184,114,209,210,65,255,260,242,85,49,124,259,226,166,62,214,260,230,252,110,58,196,230,61,214,233,74,136,42,45,127,64,235,41,140,36,55
71.75,85,261,259,59,242,269,215,225,32,148,231,54,37,81,238,86,136,252,55,113,150,50,251,238,79,66,235,120,167,251,258,261,245,210,67,85,135,70,224,71,229,112,189,72,263,250,107,99,278,35,71,105,228,65,79,67,137,240,209,181,127,215,220,61,256,261,246,71,48,137,258,222,162,61,209,260,242,255,109,64,187,216,60,216,222,70,137,38,42,124,65,232,39,126,37,56
72,87,262,267,61,242,269,209,227,31,151,234,56,39,83,237,87,142,254,55,114,152,47,253,236,84,65,239,120,162,251,259,261,245,210,69,85,126,69,227,72,231,114,193,72,267,250,105,100,278,34,66,110,228,62,79,69,140,241,215,189,126,216,217,62,254,261,243,75,51,135,256,226,167,61,211,264,241,255,113,66,190,220,62,213,224,73,137,40,45,126,64,234,41,131,35,59
72.25,88,262,266,62,241,272,215,225,35,148,229,51,43,89,238,87,144,254,58,115,155,52,253,235,86,61,241,122,163,252,260,262,248,212,69,84,130,65,225,72,230,111,192,72,264,253,100,99,278,33,67,108,226,60,76,66,139,239,216,185,122,215,217,62,254,260,244,79,50,134,258,222,166,58,210,265,238,256,112,63,191,216,59,214,222,71,136,44,38,124,61,233,39,130,30,55
72.5,85,260,262,60,242,267,211,231,30,160,231,59,41,83,237,82,145,251,58,113,159,57,256,238,81,63,239,120,163,247,262,264,244,220,71,90,140,70,226,78,230,117,197,72,264,253,100,108,270,32,61,110,229,61,83,71,147,245,212,188,127,214,220,68,258,261,247,80,50,130,259,237,162,59,210,259,240,254,110,62,196,230,60,217,215,62,140,43,45,126,58,234,41,130,43,60
72.75,85,261,263,59,245,268,217,228,34,153,231,55,38,82,241,89,143,254,59,119,152,49,256,239,79,67,238,117,166,251,262,260,247,216,70,93,137,66,227,73,232,118,195,70,265,249,108,102,274,32,69,110,229,61,82,67,145,242,214,183,130,219,223,66,255,261,243,76,49,138,257,228,165,63,212,262,245,254,111,63,190,219,59,218,222,70,142,40,43,125,63,234,39,128,36,57
73,85,264,264,59,242,268,215,233,30,161,227,55,36,85,240,86,144,254,55,114,155,45,255,237,79,65,242,116,163,247,263,260,245,218,73,91,135,69,223,74,232,121,191,75,268,250,104,103,268,29,65,113,229,61,79,66,146,237,217,188,125,216,218,68,256,260,242,77,51,131,260,231,166,57,208,260,240,253,109,60,193,226,56,213,216,67,135,37,44,124,58,235,40,132,41,58
73.25,86,264,266,62,243,264,216,230,33,159,225,56,36,86,238,81,148,253,55,110,156,47,250,237,83,58,240,116,163,250,262,261,244,220,71,88,136,66,225,73,233,117,195,71,267,255,101,108,269,29,64,113,227,60,79,68,147,245,216,187,122,216,222,66,253,260,243,78,47,133,259,232,166,61,208,261,240,255,108,60,190,226,63,213,217,66,140,40,39,124,60,234,42,133,39,59
73.5,84,262,267,58,244,268,216,233,36,154,233,56,39,89,238,83,148,253,58,113,159,56,254,238,83,61,240,118,159,251,262,259,248,216,70,84,132,65,225,76,233,113,193,73,267,255,103,99,273,33,67,111,231,65,79,69,145,238,218,183,122,215,222,64,254,261,243,74,49,139,257,223,169,60,212,265,239,252,109,62,191,220,59,211,222,72,132,40,43,126,63,234,39,132,40,54
73.75,84,262,267,63,240,273,221,232,32,152,232,54,36,84,241,87,151,253,55,116,157,50,254,244,84,66,238,117,163,249,265,264,248,214,71,90,134,72,225,75,231,113,198,74,265,252,105,100,274,32,66,106,227,63,78,65,144,243,217,181,129,213,223,64,256,261,244,75,47,139,258,227,164,64,209,263,240,256,112,63,192,217,60,215,219,68,138,41,43,125,67,232,34,129,34,56
74,84,261,269,61,242,264,218,231,32,160,225,51,35,91,239,81,155,255,57,114,162,50,252,238,78,65,242,119,156,249,265,260,247,218,73,83,130,61,224,74,230,117,196,69,267,251,104,106,270,31,62,111,228,57,76,68,150,241,224,188,118,215,221,60,253,261,239,80,49,127,259,226,167,60,210,263,236,255,110,56,195,224,57,214,220,67,133,42,46,126,62,232,39,135,36,52
74.25,78,249,250,53,247,262,215,240,32,162,225,58,34,82,235,80,146,252,57,114,157,45,255,240,67,56,239,119,162,247,258,255,241,220,64,98,138,61,220,75,231,116,198,68,267,247,104,101,256,28,59,102,224,64,80,68,148,242,210,175,115,218,224,67,256,257,245,72,45,130,256,233,156,59,207,256,239,250,107,57,194,222,59,213,213,60,128,36,42,121,57,232,42,127,40,55
74.5,82,258,263,60,245,268,218,233,33,157,230,52,41,87,237,80,157,254,55,108,161,48,254,245,75,60,238,115,160,248,261,259,247,219,71,87,136,65,224,74,229,121,200,66,268,249,106,100,267,27,61,110,224,64,79,67,146,242,215,185,122,215,226,65,254,260,244,76,46,137,257,228,167,58,212,263,241,252,111,59,194,219,60,214,217,68,134,39,44,128,61,233,41,130,35,53
74.75,81,261,269,61,243,267,221,233,37,162,226,53,37,90,240,84,158,252,59,110,163,46,248,241,80,65,243,115,158,249,262,261,246,221,73,87,134,67,226,70,232,119,198,73,268,253,104,108,266,33,63,110,223,59,78,64,146,242,216,183,124,218,225,64,258,261,247,79,50,133,258,230,165,65,208,263,237,256,111,57,196,229,60,211,215,67,126,40,44,127,60,234,40,131,38,58
75,83,260,268,60,240,265,219,236,39,165,225,55,41,90,236,81,162,254,54,116,165,46,250,241,78,58,245,120,163,247,263,264,245,220,72,87,132,65,223,76,233,122,200,77,265,253,101,106,265,31,64,112,225,60,77,69,150,241,222,186,120,214,221,67,255,260,241,84,44,130,262,227,164,64,211,260,236,254,112,62,201,226,61,212,215,66,136,45,45,128,62,235,42,137,38,52
75.25,77,259,260,58,240,268,219,236,37,169,223,55,34,81,240,84,153,252,54,110,158,47,251,239,73,63,236,114,163,246,263,262,245,223,68,99,145,67,225,67,232,120,200,70,264,250,108,107,269,29,65,104,222,61,81,65,155,243,214,182,126,223,229,66,260,260,249,77,44,131,259,240,160,55,205,253,245,252,109,55,198,225,60,211,203,63,129,34,43,129,59,234,38,125,42,57
75.5,79,257,265,57,243,265,219,236,33,167,224,53,42,88,238,83,157,256,56,113,165,46,247,243,72,62,241,116,160,251,261,258,247,220,67,89,138,60,221,75,233,121,201,70,267,252,105,102,265,28,60,111,224,62,80,70,153,243,222,185,120,216,223,65,254,259,243,77,48,135,262,229,163,58,211,261,236,253,109,60,195,224,59,212,210,63,131,43,45,124,58,230,38,134,37,52
75.75,78,266,270,61,240,268,226,229,35,157,231,52,38,85,239,84,159,252,57,114,162,47,247,243,82,65,237,113,165,252,262,257,249,216,64,84,140,65,226,70,230,111,196,69,265,253,109,98,275,26,65,107,222,58,77,67,149,238,220,183,123,218,225,60,257,256,242,77,43,138,260,222,169,58,211,262,238,256,107,61,191,216,62,212,211,64,132,39,41,124,60,230,38,128,35,51
76,83,252,262,53,249,263,216,237,36,174,228,54,36,88,234,79,157,256,56,112,162,43,251,242,71,56,247,123,157,250,262,261,245,222,71,93,134,58,219,75,232,126,201,73,267,253,108,107,258,29,63,113,224,59,82,67,153,244,221,185,121,218,223,69,256,259,247,81,49,128,260,229,164,59,213,262,233,253,114,58,200,229,59,210,211,65,122,44,44,125,61,236,42,137,37,50
76.25,77,255,255,56,242,269,224,235,35,165,230,56,40,85,243,88,163,252,55,118,158,50,257,248,71,63,231,117,166,248,262,258,247,221,67,101,149,65,224,70,233,118,202,72,269,249,111,107,260,28,66,104,224,61,82,69,152,244,211,182,128,225,232,65,256,259,250,75,43,140,260,238,163,61,208,256,249,253,108,63,197,220,60,212,201,62,130,38,44,125,62,232,36,124,39,56
76.5,79,261,272,62,241,269,223,229,33,166,230,54,39,93,239,82,168,253,57,119,165,49,250,244,78,64,242,117,161,248,266,260,248,218,70,87,134,70,225,74,233,114,197,74,270,253,108,102,268,31,68,110,222,59,78,65,154,241,224,184,120,217,228,64,253,262,242,77,50,134,262,220,164,63,213,265,237,256,108,59,195,221,60,210,208,66,125,44,43,123,65,233,40,134,37,51
76.75,79,262,271,60,241,269,225,231,34,165,230,51,40,88,237,84,164,256,59,114,162,48,254,244,80,65,240,120,165,251,263,261,250,219,70,87,130,65,225,71,233,117,200,72,269,253,105,105,268,30,68,110,224,62,79,70,154,239,223,182,125,219,227,65,259,261,244,77,49,139,261,226,167,58,211,266,238,254,111,62,193,221,60,210,208,66,129,42,46,123,63,231,41,132,40,51
77,80,261,271,59,243,268,226,229,37,173,227,55,39,93,242,86,167,254,62,115,169,44,254,239,78,66,240,118,165,248,265,261,250,222,72,92,138,70,223,71,232,120,203,70,266,256,105,111,271,29,61,110,221,62,83,64,158,243,223,186,131,225,229,64,257,260,246,76,48,137,260,235,166,61,210,264,241,257,107,60,199,226,59,211,200,65,127,40,41,124,60,231,41,135,45,55
77.25,81,264,277,66,239,270,229,229,35,167,233,54,42,93,242,91,170,254,62,115,169,53,254,238,84,66,240,117,163,250,264,264,250,222,69,85,133,64,223,75,234,114,203,68,268,255,108,106,273,35,63,109,225,63,80,67,150,241,224,187,127,222,227,64,257,263,244,75,47,138,261,222,169,65,215,269,237,260,112,61,194,219,60,216,204,66,130,39,45,128,65,229,40,131,38,51
77.5,81,264,271,65,238,270,232,231,36,161,231,51,42,91,240,85,168,255,57,116,167,54,258,244,84,66,238,117,164,250,262,266,252,217,67,93,135,69,223,76,235,116,201,71,269,251,110,100,274,29,67,110,222,62,74,65,150,241,226,185,127,219,229,64,256,263,241,72,52,143,261,222,168,62,213,268,240,259,109,65,196,215,61,210,203,66,128,38,47,125,66,228,41,136,35,49
77.75,85,257,275,55,240,264,226,231,39,183,225,57,38,96,236,79,170,260,54,113,172,51,257,239,79,59,247,117,159,252,269,260,250,222,78,92,133,60,223,76,235,120,203,74,269,258,112,111,263,31,66,110,220,66,86,65,160,240,229,186,123,219,226,67,255,258,244,85,47,134,262,225,165,67,217,267,235,253,110,58,201,231,63,206,204,64,122,42,45,125,60,237,43,138,43,50
78,83,260,275,60,239,265,227,234,36,182,224,57,40,94,236,81,176,257,59,112,176,47,259,238,79,58,241,115,166,250,266,261,251,226,77,100,133,70,223,74,231,125,203,71,271,256,106,113,264,30,63,115,222,63,78,65,161,244,228,189,127,223,227,66,256,260,245,81,50,132,264,231,159,57,214,262,235,255,112,54,206,231,62,212,194,65,123,37,46,130,61,232,40,140,46,56
78.25,79,261,270,60,238,269,228,232,35,175,229,51,40,94,240,83,171,255,56,113,168,47,259,242,77,63,238,120,164,251,263,261,251,221,68,95,136,68,227,71,234,117,204,75,270,251,112,103,269,33,64,109,222,61,80,63,161,246,224,182,124,222,233,62,257,261,245,78,45,137,261,228,164,59,211,261,238,256,111,61,204,225,61,209,195,64,121,40,39,124,62,229,41,134,43,53
78.5,76,260,273,65,237,272,233,226,35,171,232,49,39,91,239,82,177,252,57,116,168,49,256,244,80,67,239,120,165,249,263,265,254,217,67,89,131,66,223,71,230,118,202,70,269,254,109,103,272,27,60,106,220,56,74,69,155,240,226,186,126,220,227,57,257,262,243,77,49,141,259,216,164,63,213,266,236,258,110,62,194,214,57,208,199,60,123,40,43,125,66,226,36,136,36,49
78.75,83,262,279,62,240,265,231,233,37,183,229,52,39,100,239,83,177,258,62,119,176,50,257,242,81,66,247,115,159,251,264,260,249,225,77,91,130,64,227,78,234,121,208,74,271,256,109,109,266,36,68,115,223,62,83,64,159,245,234,186,123,218,231,67,260,264,244,83,48,135,264,224,166,64,216,266,233,253,110,58,202,227,67,205,202,65,122,41,46,126,66,232,45,140,42,49
79,78,260,273,57,237,266,229,235,39,182,223,58,40,99,239,84,176,256,59,115,172,49,260,240,78,64,239,122,162,253,265,260,247,224,75,101,134,69,228,74,234,118,207,71,269,253,110,110,264,33,64,112,220,63,84,65,166,247,227,183,127,224,231,64,259,260,245,81,46,136,264,232,169,59,211,266,239,254,110,59,206,223,63,208,195,65,124,40,45,125,62,231,42,137,43,49
79.25,83,262,274,62,240,270,232,231,39,176,231,53,40,98,243,88,180,256,60,116,169,57,255,243,81,66,242,116,163,253,269,261,253,219,70,92,130,69,228,77,231,115,207,68,270,255,112,99,271,34,67,112,223,59,76,64,158,244,228,184,125,224,231,62,258,264,243,77,52,143,260,219,170,64,216,269,237,257,113,62,197,215,64,208,202,66,124,42,48,127,67,228,39,138,36,48
79.5,77,259,272,61,241,269,228,231,38,176,227,52,39,99,241,87,177,254,59,117,170,51,256,242,80,64,238,118,164,252,262,261,249,218,75,93,132,69,225,70,232,119,209,70,271,253,110,106,271,30,66,110,218,61,80,63,162,244,227,183,132,225,233,66,257,261,246,75,46,140,264,226,167,62,211,265,240,257,107,60,203,221,64,207,192,65,126,39,43,126,62,229,41,140,40,48
79.75,82,260,276,61,238,271,231,232,32,173,235,50,37,100,237,86,181,256,57,116,169,54,258,243,81,66,241,116,160,251,263,260,251,223,75,93,132,69,223,71,233,117,205,70,269,257,117,101,274,32,66,110,221,61,77,69,162,247,227,185,129,220,231,66,258,262,243,78,47,140,261,217,165,65,214,269,235,257,112,60,198,218,62,206,195,65,123,43,49,125,67,229,39,135,40,48
80,82,259,272,62,240,266,232,233,35,179,230,53,37,100,239,85,181,258,57,119,174,54,261,247,82,68,240,120,159,254,266,261,253,221,76,93,133,65,227,75,233,123,209,76,270,255,111,106,269,33,62,114,220,64,81,70,163,246,231,185,127,219,232,65,260,261,243,78,50,139,264,221,164,64,214,268,235,257,115,60,201,225,67,206,194,66,126,42,50,130,68,231,42,137,39,48
80.25,83,261,274,63,235,273,233,231,35,174,234,51,38,94,244,92,185,257,59,115,168,54,258,247,82,68,236,120,163,252,266,260,256,223,71,92,136,72,225,75,231,115,205,73,270,252,114,103,272,33,65,109,220,62,78,69,160,242,227,180,129,220,234,62,257,261,245,75,47,142,257,215,165,64,211,268,237,260,107,60,200,217,64,207,189,66,129,42,48,123,65,228,40,129,37,47
80.5,83,250,267,55,240,266,226,240,36,181,225,54,38,95,237,83,178,254,59,114,173,46,256,249,73,60,242,119,161,249,264,263,249,225,70,98,137,64,222,74,233,124,212,71,266,252,110,105,253,30,58,116,219,59,82,66,166,245,227,180,122,221,229,68,257,257,244,78,50,133,262,224,159,62,211,266,236,253,109,57,205,223,63,206,196,61,117,43,48,124,62,229,38,137,39,47
80.75,74,262,277,62,235,272,234,230,37,175,233,53,41,97,241,83,187,257,61,119,174,48,257,248,84,67,234,118,164,254,265,261,254,218,70,94,139,69,225,71,234,116,210,65,270,254,116,102,271,27,65,110,219,60,79,69,159,244,230,177,126,221,234,59,258,263,244,75,49,141,261,219,166,57,213,268,239,257,108,66,202,216,62,208,195,63,127,44,46,127,68,223,33,134,33,49
81,78,264,275,62,239,275,234,230,37,176,236,48,41,98,241,89,185,258,57,116,173,53,257,251,83,61,235,114,165,250,267,263,251,220,70,93,130,69,225,76,232,115,210,72,272,256,114,102,272,35,65,108,217,60,76,66,159,244,229,183,129,224,231,64,259,264,242,74,49,141,261,221,166,65,211,267,238,259,110,66,199,216,63,208,194,66,124,46,48,127,64,230,39,130,37,49
81.25,78,261,265,58,240,271,228,236,35,176,229,50,43,94,243,88,187,252,56,116,169,52,260,250,77,64,228,117,164,250,261,261,252,224,66,103,141,67,224,71,234,118,215,71,272,252,114,103,268,33,65,108,218,66,81,72,163,244,225,175,130,226,236,66,263,260,249,73,48,143,260,225,164,60,207,263,241,260,106,60,200,215,60,208,187,64,130,37,46,127,61,226,34,130,38,50
81.5,80,263,273,61,239,270,231,233,34,175,229,49,38,103,242,89,188,257,54,117,173,52,259,253,79,63,243,119,164,254,266,262,253,221,71,97,134,68,227,75,230,120,213,74,271,257,117,104,266,36,68,114,217,62,80,67,166,244,228,183,125,222,235,65,259,264,244,77,52,142,261,216,165,62,214,272,237,262,114,64,201,215,65,206,192,66,127,46,48,125,67,225,42,136,38,48
81.75,0,0,0,0,0,0,0,0,0,0,0,0,0,0,0,0,0,0,0,0,0,0,0,0,0,0,0,0,0,0,0,0,0,0,0,0,0,0,0,0,0,0,0,0,0,0,0,0,0,0,0,0,0,0,0,0,0,0,0,0,0,0,0,0,0,0,0,0,0,0,0,0,0,0,0,0,0,0,0,0,0,0,0,0,0,0,0,0,0,0,0,0,0,0,0,0